33862000,2,33865000,4,33861000,3,33866000,4,33860000,4,33867000,5,33859000,4,33868000,4,33858000,14,33869000,7,33857000,4,33870000,6,33856000,5,33871000,7,33855000,4,33872000,7,33854000,7,33873000,7,33853000,7,33874000,7
33859000,4,33862000,2,33858000,13,33863000,3,33857000,3,33864000,4,33856000,5,33865000,4,33855000,4,33866000,4,33854000,7,33867000,6,33853000,7,33868000,5,33852000,10,33869000,7,33851000,6,33870000,6,33850000,12,33871000,7
33860000,2,33863000,3,33859000,4,33864000,4,33858000,14,33865000,4,33857000,4,33866000,4,33856000,5,33867000,6,33855000,4,33868000,4,33854000,7,33869000,7,33853000,7,33870000,6,33852000,10,33871000,7,33851000,7,33872000,7
33852000,4,33854000,1,33851000,3,33855000,4,33850000,9,33856000,3,33849000,9,33857000,4,33848000,9,33858000,5,33847000,5,33859000,14,33846000,8,33860000,3,33845000,8,33861000,5,33844000,11,33862000,7,33843000,4,33863000,6
33851000,2,33854000,3,33850000,8,33855000,3,33849000,8,33856000,3,33848000,7,33857000,4,33847000,5,33858000,6,33846000,8,33859000,15,33845000,8,33860000,4,33844000,11,33861000,6,33843000,4,33862000,7,33842000,7,33863000,7
33855000,2,33857000,1,33854000,2,33858000,5,33853000,4,33859000,14,33852000,5,33860000,3,33851000,5,33861000,5,33850000,7,33862000,7,33849000,9,33863000,7,33848000,9,33864000,8,33847000,6,33865000,7,33846000,8,33866000,9
33854000,1,33856000,2,33853000,4,33857000,3,33852000,5,33858000,4,33851000,5,33859000,14,33850000,8,33860000,3,33849000,9,33861000,4,33848000,10,33862000,6,33847000,6,33863000,7,33846000,8,33864000,7,33845000,8,33865000,7
33850000,4,33852000,2,33849000,5,33853000,3,33848000,8,33854000,4,33847000,5,33855000,3,33846000,8,33856000,3,33845000,8,33857000,4,33844000,11,33858000,7,33843000,4,33859000,16,33842000,7,33860000,6,33841000,7,33861000,6
33847000,1,33848000,1,33846000,6,33849000,5,33845000,6,33850000,10,33844000,8,33851000,3,33843000,4,33852000,11,33842000,6,33853000,3,33841000,6,33854000,4,33840000,14,33855000,4,33839000,8,33856000,6,33838000,8,33857000,4
33844000,4,33847000,3,33843000,2,33848000,4,33842000,4,33849000,4,33841000,5,33850000,11,33840000,13,33851000,4,33839000,7,33852000,15,33838000,6,33853000,6,33837000,8,33854000,6,33836000,7,33855000,6,33835000,2,33856000,6
33845000,1,33847000,1,33844000,3,33848000,3,33843000,3,33849000,5,33842000,4,33850000,2,33841000,8,33851000,8,33840000,13,33852000,18,33839000,6,33853000,6,33838000,7,33854000,5,33837000,6,33855000,6,33836000,6,33856000,6
33844000,1,33845000,3,33842000,1,33846000,5,33841000,4,33847000,5,33840000,4,33848000,5,33839000,5,33849000,5,33838000,5,33850000,4,33837000,6,33851000,8,33836000,6,33852000,9,33835000,3,33853000,7,33834000,6,33854000,5
33844000,2,33846000,1,33843000,2,33847000,3,33842000,5,33848000,3,33841000,4,33849000,5,33840000,5,33850000,3,33839000,5,33851000,7,33838000,6,33852000,9,33837000,6,33853000,7,33836000,6,33854000,5,33835000,3,33855000,5
33838000,4,33841000,1,33837000,6,33842000,3,33836000,6,33843000,3,33835000,3,33844000,6,33834000,5,33845000,8,33833000,5,33846000,6,33832000,9,33847000,6,33831000,5,33848000,8,33830000,11,33849000,7,33829000,5,33850000,5
33839000,1,33841000,1,33838000,3,33842000,3,33837000,6,33843000,3,33836000,5,33844000,6,33835000,3,33845000,8,33834000,5,33846000,7,33833000,5,33847000,6,33832000,9,33848000,8,33831000,5,33849000,8,33830000,10,33850000,5
33839000,1,33842000,3,33838000,3,33843000,3,33837000,6,33844000,7,33836000,14,33845000,8,33835000,2,33846000,6,33834000,5,33847000,6,33833000,5,33848000,8,33832000,9,33849000,8,33831000,5,33850000,5,33830000,10,33851000,8
33839000,1,33841000,2,33838000,5,33842000,5,33837000,5,33843000,4,33836000,6,33844000,8,33835000,4,33845000,10,33834000,4,33846000,8,33833000,4,33847000,5,33832000,9,33848000,8,33831000,6,33849000,8,33830000,14,33850000,5
33836000,4,33838000,3,33835000,3,33839000,3,33834000,4,33840000,4,33833000,5,33841000,4,33832000,10,33842000,5,33831000,6,33843000,4,33830000,13,33844000,6,33829000,4,33845000,10,33828000,7,33846000,9,33827000,4,33847000,5
33833000,2,33835000,1,33832000,4,33836000,3,33831000,5,33837000,5,33830000,15,33838000,3,33829000,3,33839000,3,33828000,7,33840000,4,33827000,4,33841000,6,33826000,8,33842000,8,33825000,5,33843000,6,33824000,8,33844000,7
33830000,7,33832000,2,33829000,2,33833000,4,33828000,6,33834000,3,33827000,4,33835000,3,33826000,7,33836000,3,33825000,4,33837000,7,33824000,6,33838000,5,33823000,4,33839000,5,33822000,8,33840000,5,33821000,4,33841000,8
33827000,1,33830000,3,33826000,4,33831000,2,33825000,4,33832000,3,33824000,5,33833000,4,33823000,4,33834000,5,33822000,7,33835000,4,33821000,3,33836000,6,33820000,5,33837000,8,33819000,5,33838000,7,33818000,6,33839000,5
33830000,1,33832000,1,33829000,2,33833000,2,33828000,5,33834000,2,33827000,9,33835000,5,33826000,6,33836000,4,33825000,4,33837000,4,33824000,8,33838000,5,33823000,4,33839000,5,33822000,8,33840000,5,33821000,4,33841000,8
33831000,1,33833000,5,33830000,2,33834000,1,33829000,3,33835000,3,33828000,6,33836000,4,33827000,8,33837000,3,33826000,6,33838000,5,33825000,4,33839000,6,33824000,8,33840000,6,33823000,4,33841000,8,33822000,8,33842000,7
33834000,3,33837000,1,33833000,4,33838000,3,33832000,6,33839000,4,33831000,5,33840000,5,33830000,3,33841000,8,33829000,4,33842000,4,33828000,9,33843000,6,33827000,10,33844000,8,33826000,7,33845000,9,33825000,5,33846000,9
33833000,4,33836000,1,33832000,7,33837000,4,33831000,4,33838000,3,33830000,3,33839000,4,33829000,3,33840000,5,33828000,8,33841000,7,33827000,9,33842000,7,33826000,7,33843000,7,33825000,5,33844000,9,33824000,8,33845000,9
33836000,7,33839000,1,33835000,5,33840000,3,33834000,6,33841000,5,33833000,7,33842000,6,33832000,11,33843000,3,33831000,4,33844000,6,33830000,5,33845000,9,33829000,5,33846000,9,33828000,9,33847000,5,33827000,9,33848000,10
33833000,1,33835000,1,33832000,4,33836000,3,33831000,4,33837000,2,33830000,5,33838000,2,33829000,4,33839000,3,33828000,8,33840000,3,33827000,9,33841000,5,33826000,7,33842000,7,33825000,5,33843000,5,33824000,9,33844000,8
33829000,3,33830000,1,33828000,5,33832000,2,33827000,6,33833000,3,33826000,7,33834000,2,33825000,5,33835000,6,33824000,9,33836000,2,33823000,4,33837000,4,33822000,9,33838000,4,33821000,4,33839000,4,33820000,7,33840000,5
33827000,1,33829000,1,33826000,5,33830000,4,33825000,4,33831000,3,33824000,7,33832000,4,33823000,5,33833000,4,33822000,8,33834000,3,33821000,4,33835000,6,33820000,6,33836000,5,33819000,6,33837000,4,33818000,6,33838000,7
33828000,2,33830000,1,33827000,11,33831000,1,33826000,4,33832000,2,33825000,5,33833000,3,33824000,6,33834000,3,33823000,4,33835000,7,33822000,8,33836000,6,33821000,4,33837000,4,33820000,7,33838000,8,33819000,5,33839000,5
33827000,6,33829000,2,33826000,4,33830000,4,33825000,4,33831000,2,33824000,5,33832000,4,33823000,4,33833000,5,33822000,8,33834000,3,33821000,5,33835000,7,33820000,7,33836000,6,33819000,5,33837000,5,33818000,6,33838000,9
33824000,1,33826000,2,33823000,1,33827000,4,33822000,8,33828000,4,33821000,5,33829000,4,33820000,6,33830000,4,33819000,6,33831000,4,33818000,6,33832000,6,33817000,6,33833000,6,33816000,5,33834000,5,33815000,4,33835000,8
33823000,1,33825000,2,33822000,5,33826000,3,33821000,3,33827000,4,33820000,5,33828000,4,33819000,6,33829000,4,33818000,6,33830000,5,33817000,5,33831000,6,33816000,5,33832000,7,33815000,4,33833000,6,33814000,6,33834000,6
33823000,1,33825000,2,33822000,5,33826000,3,33821000,3,33827000,4,33820000,5,33828000,4,33819000,6,33829000,4,33818000,6,33830000,5,33817000,5,33831000,6,33816000,5,33832000,7,33815000,4,33833000,6,33814000,6,33834000,6
33823000,1,33825000,2,33822000,5,33826000,3,33821000,3,33827000,4,33820000,5,33828000,4,33819000,6,33829000,4,33818000,6,33830000,5,33817000,5,33831000,6,33816000,5,33832000,7,33815000,4,33833000,6,33814000,6,33834000,6
33823000,1,33825000,2,33822000,5,33826000,3,33821000,3,33827000,4,33820000,5,33828000,4,33819000,6,33829000,4,33818000,6,33830000,5,33817000,5,33831000,6,33816000,5,33832000,7,33815000,4,33833000,6,33814000,6,33834000,6
33823000,1,33825000,2,33822000,5,33826000,3,33821000,3,33827000,4,33820000,5,33828000,4,33819000,6,33829000,4,33818000,6,33830000,5,33817000,5,33831000,6,33816000,5,33832000,7,33815000,4,33833000,6,33814000,6,33834000,6
33823000,1,33825000,2,33822000,5,33826000,3,33821000,3,33827000,4,33820000,5,33828000,4,33819000,6,33829000,4,33818000,6,33830000,5,33817000,5,33831000,6,33816000,5,33832000,7,33815000,4,33833000,6,33814000,6,33834000,6
33823000,1,33825000,2,33822000,5,33826000,3,33821000,3,33827000,4,33820000,5,33828000,4,33819000,6,33829000,4,33818000,6,33830000,5,33817000,5,33831000,6,33816000,5,33832000,7,33815000,4,33833000,6,33814000,6,33834000,6
33823000,1,33825000,2,33822000,5,33826000,3,33821000,3,33827000,4,33820000,5,33828000,4,33819000,6,33829000,4,33818000,6,33830000,5,33817000,5,33831000,6,33816000,5,33832000,7,33815000,4,33833000,6,33814000,6,33834000,6
33807000,2,33809000,5,33803000,4,33810000,1,33802000,8,33811000,1,33801000,4,33812000,4,33800000,1,33813000,4,33799000,3,33814000,3,33798000,4,33815000,1,33797000,3,33816000,6,33796000,15,33817000,6,33795000,2,33818000,6
33804000,3,33810000,1,33803000,6,33811000,1,33802000,4,33812000,4,33801000,4,33813000,4,33800000,2,33814000,3,33799000,3,33815000,1,33798000,4,33816000,6,33797000,3,33817000,6,33796000,15,33818000,6,33795000,2,33819000,1
33808000,1,33811000,1,33807000,1,33812000,4,33805000,1,33813000,4,33804000,5,33814000,3,33803000,5,33815000,1,33802000,4,33816000,6,33801000,4,33817000,6,33800000,2,33818000,6,33799000,3,33819000,1,33798000,4,33820000,2
33808000,1,33811000,1,33807000,1,33812000,4,33805000,1,33813000,4,33804000,5,33814000,3,33803000,5,33815000,1,33802000,4,33816000,6,33801000,4,33817000,6,33800000,2,33818000,6,33799000,3,33819000,1,33798000,4,33820000,2
33805000,6,33810000,1,33804000,6,33811000,3,33803000,4,33812000,4,33802000,4,33813000,4,33801000,4,33814000,3,33800000,3,33815000,1,33799000,3,33816000,7,33798000,4,33817000,6,33797000,4,33818000,6,33796000,15,33819000,2
33807000,1,33809000,1,33806000,4,33810000,4,33805000,5,33811000,4,33804000,5,33812000,3,33803000,4,33813000,4,33802000,5,33814000,3,33801000,4,33815000,1,33800000,3,33816000,6,33799000,3,33817000,6,33798000,4,33818000,6
33808000,1,33810000,1,33807000,1,33811000,3,33806000,2,33812000,4,33805000,3,33813000,4,33804000,5,33814000,3,33803000,4,33815000,1,33802000,5,33816000,8,33801000,4,33817000,6,33800000,3,33818000,6,33799000,3,33819000,2
33810000,2,33813000,2,33809000,3,33814000,3,33808000,2,33815000,2,33807000,2,33816000,6,33806000,3,33817000,6,33805000,4,33818000,6,33804000,6,33819000,2,33803000,6,33820000,2,33802000,6,33821000,3,33801000,7,33822000,6
33807000,3,33810000,2,33806000,4,33811000,3,33805000,4,33812000,2,33804000,5,33813000,4,33803000,6,33814000,4,33802000,8,33815000,4,33801000,8,33816000,4,33800000,5,33817000,6,33799000,5,33818000,7,33798000,7,33819000,3
33805000,2,33807000,2,33804000,4,33808000,2,33803000,4,33809000,3,33802000,6,33810000,3,33801000,6,33811000,4,33800000,5,33812000,5,33799000,5,33813000,4,33798000,6,33814000,5,33797000,5,33815000,5,33796000,16,33816000,6
33806000,1,33808000,3,33805000,2,33809000,2,33804000,4,33810000,4,33803000,5,33811000,4,33802000,6,33812000,5,33801000,6,33813000,4,33800000,4,33814000,6,33799000,5,33815000,5,33798000,6,33816000,6,33797000,5,33817000,6
33809000,2,33811000,1,33808000,1,33812000,3,33807000,3,33813000,3,33806000,5,33814000,5,33805000,6,33815000,5,33804000,4,33816000,6,33803000,6,33817000,6,33802000,9,33818000,8,33801000,7,33819000,3,33800000,5,33820000,5
33813000,2,33814000,1,33811000,4,33815000,3,33810000,7,33816000,4,33809000,5,33817000,6,33808000,1,33818000,5,33807000,4,33819000,3,33806000,6,33820000,4,33805000,7,33821000,4,33804000,4,33822000,6,33803000,7,33823000,10
33811000,3,33814000,1,33810000,7,33815000,2,33809000,5,33816000,2,33808000,1,33817000,6,33807000,5,33818000,5,33806000,7,33819000,3,33805000,8,33820000,4,33804000,5,33821000,4,33803000,7,33822000,6,33802000,8,33823000,9
33812000,2,33815000,1,33811000,4,33816000,2,33810000,4,33817000,6,33809000,10,33818000,6,33808000,2,33819000,3,33807000,8,33820000,4,33806000,6,33821000,4,33805000,6,33822000,6,33804000,5,33823000,9,33803000,7,33824000,12
33812000,1,33814000,1,33811000,4,33815000,3,33810000,4,33816000,4,33809000,10,33817000,5,33808000,2,33818000,6,33807000,9,33819000,3,33806000,7,33820000,4,33805000,6,33821000,4,33804000,5,33822000,6,33803000,7,33823000,9
33810000,3,33813000,2,33809000,10,33814000,4,33808000,3,33815000,3,33807000,8,33816000,5,33806000,5,33817000,6,33805000,6,33818000,6,33804000,6,33819000,3,33803000,7,33820000,4,33802000,9,33821000,4,33801000,9,33822000,6
33816000,3,33818000,3,33815000,3,33819000,3,33814000,4,33820000,3,33813000,4,33821000,3,33812000,6,33822000,5,33811000,3,33823000,6,33810000,5,33824000,9,33809000,11,33825000,6,33808000,4,33826000,10,33807000,9,33827000,5
33810000,1,33813000,3,33809000,8,33814000,2,33808000,2,33815000,3,33807000,8,33816000,4,33806000,6,33817000,4,33805000,5,33818000,6,33804000,6,33819000,4,33803000,6,33820000,5,33802000,10,33821000,4,33801000,10,33822000,7
33813000,2,33816000,3,33812000,4,33817000,3,33811000,4,33818000,7,33810000,4,33819000,4,33809000,6,33820000,4,33808000,4,33821000,4,33807000,9,33822000,7,33806000,7,33823000,7,33805000,5,33824000,9,33804000,6,33825000,7
33814000,1,33816000,1,33813000,3,33817000,3,33812000,4,33818000,7,33811000,3,33819000,5,33810000,4,33820000,4,33809000,6,33821000,4,33808000,4,33822000,7,33807000,9,33823000,7,33806000,7,33824000,9,33805000,6,33825000,7
33818000,1,33820000,2,33816000,2,33821000,1,33815000,3,33822000,5,33814000,4,33823000,6,33813000,3,33824000,9,33812000,6,33825000,5,33811000,5,33826000,10,33810000,5,33827000,5,33809000,6,33828000,12,33808000,5,33829000,7
33822000,1,33824000,4,33821000,2,33825000,4,33820000,3,33826000,7,33819000,4,33827000,5,33818000,3,33828000,10,33817000,5,33829000,5,33816000,2,33830000,9,33815000,5,33831000,6,33814000,6,33832000,9,33813000,3,33833000,5
33826000,2,33828000,4,33825000,3,33829000,2,33824000,4,33830000,4,33823000,4,33831000,5,33822000,5,33832000,8,33821000,3,33833000,6,33820000,6,33834000,5,33819000,5,33835000,5,33818000,4,33836000,7,33817000,7,33837000,6
33828000,6,33831000,3,33827000,3,33832000,6,33826000,3,33833000,4,33825000,3,33834000,4,33824000,4,33835000,5,33823000,5,33836000,6,33822000,7,33837000,5,33821000,5,33838000,9,33820000,6,33839000,5,33819000,5,33840000,8
33829000,1,33832000,2,33828000,7,33833000,3,33827000,3,33834000,4,33826000,4,33835000,5,33825000,4,33836000,6,33824000,7,33837000,5,33823000,6,33838000,7,33822000,8,33839000,5,33821000,6,33840000,8,33820000,6,33841000,5
33829000,1,33832000,2,33828000,7,33833000,3,33827000,3,33834000,4,33826000,4,33835000,5,33825000,4,33836000,6,33824000,7,33837000,5,33823000,6,33838000,7,33822000,8,33839000,5,33821000,6,33840000,8,33820000,6,33841000,5
33825000,1,33828000,1,33822000,5,33829000,1,33821000,5,33830000,1,33820000,5,33831000,8,33819000,5,33832000,6,33818000,4,33833000,4,33817000,8,33834000,5,33816000,5,33835000,6,33815000,5,33836000,6,33814000,6,33837000,5
33825000,10,33826000,2,33823000,1,33827000,2,33822000,3,33828000,6,33821000,6,33829000,8,33820000,4,33830000,8,33819000,2,33831000,10,33818000,3,33832000,9,33817000,7,33833000,7,33816000,5,33834000,6,33815000,5,33835000,6
33832000,1,33834000,3,33831000,1,33835000,6,33830000,2,33836000,6,33829000,2,33837000,5,33828000,2,33838000,6,33827000,2,33839000,5,33826000,1,33840000,8,33825000,5,33841000,5,33824000,6,33842000,10,33823000,4,33843000,7
33827000,2,33830000,7,33825000,4,33831000,1,33824000,3,33832000,5,33823000,3,33833000,4,33822000,5,33834000,6,33821000,6,33835000,7,33820000,5,33836000,7,33819000,5,33837000,5,33818000,4,33838000,9,33817000,7,33839000,5
33827000,2,33830000,3,33826000,4,33831000,4,33825000,4,33832000,7,33824000,5,33833000,5,33823000,2,33834000,7,33822000,5,33835000,5,33821000,5,33836000,7,33820000,5,33837000,5,33819000,5,33838000,9,33818000,4,33839000,5
33830000,1,33832000,1,33829000,4,33833000,3,33828000,3,33834000,6,33827000,5,33835000,5,33826000,4,33836000,6,33825000,3,33837000,5,33824000,4,33838000,9,33823000,4,33839000,5,33822000,7,33840000,8,33821000,5,33841000,5
33836000,1,33839000,2,33835000,2,33840000,7,33834000,11,33841000,4,33833000,3,33842000,9,33832000,1,33843000,5,33831000,4,33844000,9,33830000,3,33845000,7,33829000,6,33846000,8,33828000,4,33847000,7,33827000,7,33848000,9
33836000,2,33839000,2,33835000,3,33840000,5,33834000,12,33841000,2,33833000,3,33842000,8,33832000,3,33843000,5,33831000,6,33844000,8,33830000,8,33845000,7,33829000,5,33846000,8,33828000,5,33847000,5,33827000,6,33848000,10
33837000,3,33840000,2,33836000,3,33841000,2,33835000,4,33842000,8,33834000,12,33843000,5,33833000,3,33844000,7,33832000,4,33845000,7,33831000,6,33846000,8,33830000,8,33847000,5,33829000,6,33848000,10,33828000,5,33849000,8
33836000,1,33838000,1,33835000,3,33839000,6,33834000,12,33840000,5,33833000,3,33841000,4,33832000,3,33842000,8,33831000,6,33843000,5,33830000,8,33844000,7,33829000,6,33845000,7,33828000,5,33846000,8,33827000,7,33847000,5
33836000,1,33837000,1,33835000,3,33838000,2,33834000,12,33839000,4,33833000,3,33840000,6,33832000,4,33841000,4,33831000,6,33842000,8,33830000,8,33843000,5,33829000,6,33844000,7,33828000,5,33845000,7,33827000,7,33846000,8
33833000,1,33834000,3,33832000,2,33835000,3,33831000,4,33836000,3,33830000,6,33837000,5,33829000,4,33838000,4,33828000,5,33839000,4,33827000,7,33840000,7,33826000,6,33841000,5,33825000,5,33842000,9,33824000,6,33843000,6
33834000,2,33836000,1,33833000,4,33837000,4,33832000,5,33838000,3,33831000,4,33839000,3,33830000,3,33840000,6,33829000,4,33841000,6,33828000,4,33842000,9,33827000,6,33843000,6,33826000,6,33844000,9,33825000,5,33845000,7
33832000,2,33833000,2,33831000,5,33834000,1,33830000,3,33835000,4,33829000,3,33836000,4,33828000,3,33837000,4,33827000,6,33838000,4,33826000,6,33839000,4,33825000,5,33840000,6,33824000,6,33841000,7,33823000,4,33842000,9
33833000,4,33836000,3,33832000,3,33837000,4,33831000,3,33838000,4,33830000,4,33839000,4,33829000,3,33840000,5,33828000,2,33841000,7,33827000,6,33842000,9,33826000,6,33843000,6,33825000,5,33844000,9,33824000,6,33845000,7
33838000,3,33840000,2,33837000,5,33841000,2,33836000,5,33842000,6,33835000,2,33843000,5,33834000,3,33844000,7,33833000,5,33845000,9,33832000,7,33846000,8,33831000,3,33847000,5,33830000,5,33848000,10,33829000,7,33849000,8
33837000,1,33838000,2,33836000,3,33839000,3,33835000,2,33840000,2,33834000,2,33841000,5,33833000,5,33842000,6,33832000,6,33843000,3,33831000,3,33844000,6,33830000,5,33845000,8,33829000,7,33846000,8,33828000,5,33847000,5
33838000,2,33840000,1,33837000,4,33841000,5,33836000,3,33842000,7,33835000,4,33843000,4,33834000,4,33844000,7,33833000,4,33845000,8,33832000,6,33846000,8,33831000,3,33847000,5,33830000,5,33848000,10,33829000,7,33849000,7
33841000,2,33844000,2,33840000,6,33845000,7,33839000,6,33846000,5,33838000,3,33847000,3,33837000,9,33848000,7,33836000,7,33849000,8,33835000,5,33850000,7,33834000,6,33851000,7,33833000,7,33852000,11,33832000,8,33853000,6
33845000,3,33847000,2,33844000,3,33848000,3,33843000,4,33849000,4,33842000,5,33850000,6,33841000,11,33851000,6,33840000,5,33852000,10,33839000,5,33853000,6,33838000,4,33854000,6,33837000,8,33855000,5,33836000,5,33856000,9
33846000,4,33849000,2,33845000,3,33850000,4,33844000,5,33851000,4,33843000,7,33852000,10,33842000,5,33853000,5,33841000,7,33854000,6,33840000,6,33855000,5,33839000,4,33856000,9,33838000,4,33857000,5,33837000,9,33858000,10
33845000,2,33848000,3,33844000,8,33849000,6,33843000,4,33850000,5,33842000,5,33851000,4,33841000,6,33852000,9,33840000,6,33853000,5,33839000,6,33854000,7,33838000,4,33855000,6,33837000,9,33856000,9,33836000,5,33857000,5
33842000,2,33844000,1,33841000,5,33845000,16,33840000,6,33846000,2,33839000,4,33847000,6,33838000,2,33848000,5,33837000,7,33849000,7,33836000,5,33850000,7,33835000,4,33851000,7,33834000,6,33852000,10,33833000,7,33853000,6
33839000,2,33840000,1,33838000,1,33841000,2,33837000,5,33842000,3,33836000,3,33843000,6,33835000,4,33844000,6,33834000,6,33845000,23,33833000,7,33846000,4,33832000,8,33847000,7,33831000,3,33848000,7,33830000,5,33849000,8
33836000,2,33837000,1,33835000,3,33838000,3,33834000,4,33839000,16,33833000,4,33840000,5,33832000,5,33841000,5,33831000,2,33842000,7,33830000,4,33843000,7,33829000,6,33844000,10,33828000,6,33845000,24,33827000,7,33846000,7
33833000,4,33836000,5,33832000,3,33837000,3,33831000,2,33838000,4,33830000,1,33839000,17,33829000,5,33840000,6,33828000,5,33841000,6,33827000,7,33842000,8,33826000,7,33843000,7,33825000,3,33844000,11,33824000,9,33845000,3
33833000,2,33835000,1,33832000,1,33836000,4,33831000,2,33837000,4,33830000,1,33838000,5,33829000,5,33839000,17,33828000,4,33840000,6,33827000,7,33841000,7,33826000,7,33842000,8,33825000,3,33843000,7,33824000,9,33844000,11
33833000,1,33834000,2,33829000,4,33835000,4,33828000,3,33836000,4,33827000,7,33837000,4,33826000,6,33838000,5,33825000,3,33839000,17,33824000,8,33840000,6,33823000,5,33841000,7,33822000,8,33842000,8,33821000,5,33843000,7
33834000,1,33836000,1,33833000,4,33837000,3,33832000,6,33838000,4,33831000,6,33839000,17,33830000,6,33840000,6,33829000,5,33841000,7,33828000,5,33842000,8,33827000,7,33843000,7,33826000,8,33844000,11,33825000,3,33845000,3
33842000,1,33844000,4,33841000,4,33845000,4,33840000,3,33846000,3,33839000,6,33847000,9,33838000,5,33848000,7,33837000,6,33849000,7,33836000,2,33850000,8,33835000,4,33851000,7,33834000,5,33852000,11,33833000,5,33853000,9
33842000,1,33844000,4,33841000,4,33845000,4,33840000,3,33846000,3,33839000,6,33847000,9,33838000,5,33848000,7,33837000,6,33849000,7,33836000,2,33850000,8,33835000,4,33851000,7,33834000,5,33852000,11,33833000,5,33853000,9
33847000,1,33849000,1,33846000,2,33850000,1,33845000,4,33851000,5,33844000,8,33852000,9,33843000,7,33853000,6,33842000,6,33854000,7,33841000,8,33855000,5,33840000,4,33856000,8,33839000,6,33857000,6,33838000,5,33858000,10
33851000,3,33854000,1,33850000,6,33855000,2,33849000,5,33856000,5,33848000,6,33857000,4,33847000,6,33858000,9,33846000,7,33859000,4,33845000,5,33860000,7,33844000,11,33861000,6,33843000,9,33862000,8,33842000,9,33863000,7
33852000,2,33855000,2,33851000,3,33856000,4,33850000,5,33857000,5,33849000,5,33858000,7,33848000,7,33859000,6,33847000,5,33860000,8,33846000,7,33861000,6,33845000,6,33862000,8,33844000,11,33863000,7,33843000,9,33864000,8
33851000,1,33853000,2,33850000,4,33854000,2,33849000,3,33855000,3,33848000,10,33856000,6,33847000,5,33857000,5,33846000,6,33858000,7,33845000,6,33859000,5,33844000,11,33860000,8,33843000,9,33861000,6,33842000,9,33862000,8
33852000,1,33855000,2,33851000,2,33856000,4,33850000,4,33857000,4,33849000,3,33858000,7,33848000,11,33859000,5,33847000,6,33860000,8,33846000,8,33861000,6,33845000,6,33862000,8,33844000,11,33863000,7,33843000,9,33864000,8
33849000,3,33852000,1,33848000,9,33853000,4,33847000,5,33854000,4,33846000,6,33855000,5,33845000,6,33856000,6,33844000,11,33857000,5,33843000,9,33858000,6,33842000,9,33859000,5,33841000,8,33860000,8,33840000,6,33861000,6
33846000,2,33847000,2,33845000,1,33849000,1,33844000,7,33850000,1,33843000,7,33851000,4,33842000,6,33852000,6,33841000,7,33853000,5,33840000,7,33854000,6,33839000,7,33855000,7,33838000,8,33856000,8,33837000,6,33857000,6
33849000,1,33851000,1,33848000,3,33852000,3,33847000,1,33853000,4,33846000,3,33854000,6,33845000,3,33855000,7,33844000,4,33856000,10,33843000,3,33857000,6,33842000,9,33858000,11,33841000,9,33859000,5,33840000,13,33860000,9
33852000,1,33854000,3,33851000,2,33855000,5,33850000,2,33856000,7,33849000,4,33857000,6,33848000,4,33858000,8,33847000,2,33859000,5,33846000,5,33860000,9,33845000,4,33861000,6,33844000,7,33862000,8,33843000,3,33863000,7
33856000,2,33858000,2,33855000,4,33859000,1,33854000,4,33860000,8,33853000,3,33861000,5,33852000,5,33862000,6,33851000,3,33863000,6,33850000,4,33864000,8,33849000,6,33865000,10,33848000,5,33866000,10,33847000,3,33867000,9
33859000,1,33861000,2,33858000,3,33862000,5,33857000,3,33863000,4,33856000,4,33864000,7,33855000,4,33865000,10,33854000,5,33866000,8,33853000,5,33867000,8,33852000,8,33868000,9,33851000,8,33869000,6,33850000,5,33870000,7
33856000,1,33858000,1,33855000,4,33859000,3,33854000,5,33860000,3,33853000,4,33861000,5,33852000,6,33862000,4,33851000,8,33863000,6,33850000,5,33864000,6,33849000,6,33865000,10,33848000,7,33866000,9,33847000,4,33867000,8
33855000,3,33856000,1,33854000,3,33857000,4,33853000,4,33858000,7,33852000,6,33859000,4,33851000,7,33860000,7,33850000,5,33861000,4,33849000,6,33862000,5,33848000,7,33863000,6,33847000,4,33864000,7,33846000,6,33865000,10
33852000,1,33853000,2,33851000,4,33854000,4,33850000,2,33855000,2,33849000,3,33856000,3,33848000,4,33857000,4,33847000,4,33858000,9,33846000,6,33859000,6,33845000,5,33860000,9,33844000,7,33861000,6,33843000,4,33862000,7
33849000,2,33852000,3,33848000,3,33853000,4,33847000,4,33854000,7,33846000,5,33855000,4,33845000,5,33856000,5,33844000,4,33857000,6,33843000,4,33858000,7,33842000,9,33859000,6,33841000,7,33860000,8,33840000,8,33861000,6
33851000,5,33852000,2,33849000,5,33853000,4,33848000,4,33854000,6,33847000,5,33855000,3,33846000,6,33856000,5,33845000,6,33857000,6,33844000,4,33858000,7,33843000,4,33859000,6,33842000,9,33860000,8,33841000,7,33861000,6
33854000,1,33855000,2,33853000,2,33856000,3,33852000,3,33857000,5,33851000,5,33858000,7,33850000,5,33859000,6,33849000,3,33860000,6,33848000,11,33861000,6,33847000,3,33862000,7,33846000,7,33863000,7,33845000,5,33864000,8
33856000,6,33858000,2,33855000,3,33859000,4,33854000,4,33860000,3,33853000,4,33861000,6,33852000,6,33862000,5,33851000,4,33863000,6,33850000,6,33864000,8,33849000,5,33865000,10,33848000,11,33866000,10,33847000,4,33867000,9
33855000,2,33858000,5,33854000,3,33859000,5,33853000,5,33860000,10,33852000,4,33861000,4,33851000,4,33862000,5,33850000,7,33863000,6,33849000,5,33864000,8,33848000,13,33865000,10,33847000,5,33866000,10,33846000,7,33867000,8
33857000,3,33859000,1,33856000,4,33860000,7,33855000,4,33861000,4,33854000,4,33862000,5,33853000,5,33863000,6,33852000,4,33864000,8,33851000,5,33865000,10,33850000,7,33866000,10,33849000,5,33867000,8,33848000,13,33868000,7
33862000,4,33865000,9,33861000,4,33866000,6,33860000,3,33867000,7,33859000,4,33868000,5,33858000,8,33869000,6,33857000,5,33870000,7,33856000,6,33871000,6,33855000,6,33872000,7,33854000,5,33873000,10,33853000,4,33874000,9
33862000,4,33865000,5,33861000,5,33866000,4,33860000,4,33867000,6,33859000,5,33868000,4,33858000,10,33869000,6,33857000,7,33870000,6,33856000,7,33871000,6,33855000,6,33872000,7,33854000,5,33873000,9,33853000,5,33874000,10
33863000,3,33865000,2,33862000,4,33866000,3,33861000,5,33867000,6,33860000,4,33868000,5,33859000,6,33869000,6,33858000,9,33870000,7,33857000,5,33871000,6,33856000,6,33872000,7,33855000,6,33873000,9,33854000,5,33874000,10
33862000,1,33864000,3,33861000,4,33865000,4,33860000,4,33866000,5,33859000,6,33867000,7,33858000,8,33868000,3,33857000,6,33869000,5,33856000,7,33870000,6,33855000,6,33871000,7,33854000,5,33872000,7,33853000,5,33873000,10
33864000,1,33865000,2,33863000,2,33866000,5,33862000,4,33867000,6,33861000,3,33868000,4,33860000,3,33869000,6,33859000,4,33870000,7,33858000,7,33871000,7,33857000,5,33872000,7,33856000,6,33873000,10,33855000,7,33874000,8
33867000,1,33869000,1,33866000,4,33870000,3,33865000,3,33871000,5,33864000,4,33872000,6,33863000,4,33873000,9,33862000,5,33874000,6,33861000,4,33875000,6,33860000,6,33876000,7,33859000,5,33877000,5,33858000,10,33878000,9
33866000,2,33868000,1,33865000,4,33869000,3,33864000,4,33870000,6,33863000,4,33871000,4,33862000,5,33872000,5,33861000,4,33873000,9,33860000,6,33874000,6,33859000,5,33875000,6,33858000,10,33876000,7,33857000,12,33877000,5
33867000,3,33870000,4,33866000,4,33871000,4,33865000,4,33872000,5,33864000,4,33873000,9,33863000,5,33874000,7,33862000,4,33875000,6,33861000,4,33876000,7,33860000,6,33877000,5,33859000,5,33878000,9,33858000,10,33879000,6
33870000,4,33873000,6,33869000,3,33874000,4,33868000,6,33875000,4,33867000,5,33876000,5,33866000,4,33877000,6,33865000,4,33878000,7,33864000,6,33879000,5,33863000,5,33880000,10,33862000,7,33881000,8,33861000,5,33882000,8
33869000,4,33870000,2,33868000,6,33872000,3,33867000,5,33873000,4,33866000,4,33874000,3,33865000,4,33875000,5,33864000,6,33876000,5,33863000,5,33877000,6,33862000,7,33878000,8,33861000,5,33879000,5,33860000,6,33880000,10
33867000,1,33869000,3,33866000,4,33870000,5,33865000,3,33871000,7,33864000,3,33872000,5,33863000,5,33873000,3,33862000,7,33874000,4,33861000,5,33875000,7,33860000,5,33876000,7,33859000,5,33877000,7,33858000,5,33878000,10
33864000,1,33865000,2,33862000,4,33866000,4,33861000,3,33867000,3,33860000,2,33868000,3,33859000,4,33869000,5,33858000,5,33870000,3,33857000,7,33871000,7,33856000,7,33872000,7,33855000,7,33873000,4,33854000,8,33874000,6
33866000,2,33867000,2,33865000,2,33868000,3,33864000,4,33869000,2,33863000,5,33870000,2,33862000,4,33871000,9,33861000,5,33872000,7,33860000,5,33873000,4,33859000,6,33874000,6,33858000,5,33875000,7,33857000,7,33876000,7
33869000,1,33870000,1,33868000,4,33871000,7,33867000,4,33872000,5,33866000,4,33873000,4,33865000,3,33874000,4,33864000,5,33875000,7,33863000,5,33876000,7,33862000,4,33877000,7,33861000,5,33878000,10,33860000,5,33879000,5
33870000,2,33872000,3,33869000,2,33873000,3,33868000,2,33874000,3,33867000,4,33875000,6,33866000,6,33876000,5,33865000,6,33877000,7,33864000,7,33878000,9,33863000,5,33879000,5,33862000,6,33880000,15,33861000,6,33881000,8
33873000,1,33875000,2,33872000,3,33876000,3,33871000,7,33877000,7,33870000,7,33878000,6,33869000,4,33879000,6,33868000,4,33880000,14,33867000,5,33881000,8,33866000,7,33882000,8,33865000,6,33883000,6,33864000,8,33884000,8
33873000,1,33875000,2,33872000,3,33876000,3,33871000,7,33877000,7,33870000,7,33878000,6,33869000,4,33879000,6,33868000,4,33880000,14,33867000,5,33881000,8,33866000,7,33882000,8,33865000,6,33883000,6,33864000,8,33884000,8
33874000,1,33875000,1,33873000,3,33876000,4,33872000,3,33877000,4,33871000,7,33878000,5,33870000,9,33879000,3,33869000,6,33880000,14,33868000,5,33881000,9,33867000,6,33882000,8,33866000,7,33883000,6,33865000,6,33884000,9
33875000,3,33878000,6,33874000,4,33879000,3,33873000,5,33880000,14,33872000,4,33881000,9,33871000,6,33882000,7,33870000,8,33883000,6,33869000,6,33884000,9,33868000,4,33885000,4,33867000,6,33886000,6,33866000,7,33887000,3
33875000,3,33878000,6,33874000,4,33879000,3,33873000,5,33880000,14,33872000,4,33881000,9,33871000,6,33882000,7,33870000,8,33883000,6,33869000,6,33884000,9,33868000,4,33885000,4,33867000,6,33886000,6,33866000,7,33887000,3
33875000,3,33878000,6,33874000,4,33879000,3,33873000,5,33880000,14,33872000,4,33881000,9,33871000,6,33882000,7,33870000,8,33883000,6,33869000,6,33884000,9,33868000,4,33885000,4,33867000,6,33886000,6,33866000,7,33887000,3
33875000,3,33878000,6,33874000,4,33879000,3,33873000,5,33880000,14,33872000,4,33881000,9,33871000,6,33882000,7,33870000,8,33883000,6,33869000,6,33884000,9,33868000,4,33885000,4,33867000,6,33886000,6,33866000,7,33887000,3
33890000,1,33891000,1,33889000,4,33892000,2,33888000,6,33893000,1,33887000,120,33894000,3,33886000,5,33895000,2,33884000,2,33896000,4,33882000,2,33897000,4,33881000,2,33898000,8,33880000,2,33899000,5,33879000,2,33900000,15
33890000,1,33891000,2,33889000,3,33892000,1,33888000,5,33893000,1,33887000,120,33894000,3,33886000,5,33895000,2,33884000,2,33896000,4,33882000,4,33897000,4,33881000,3,33898000,8,33880000,2,33899000,5,33879000,2,33900000,15
33890000,1,33891000,2,33889000,3,33892000,1,33888000,5,33893000,1,33887000,120,33894000,3,33886000,5,33895000,2,33884000,2,33896000,4,33882000,4,33897000,4,33881000,3,33898000,8,33880000,2,33899000,5,33879000,2,33900000,15
33890000,4,33891000,1,33889000,6,33895000,1,33888000,5,33896000,2,33887000,120,33897000,4,33886000,5,33898000,8,33884000,2,33899000,5,33882000,4,33900000,15,33881000,3,33901000,5,33880000,2,33902000,7,33879000,3,33903000,7
33888000,4,33889000,1,33887000,119,33890000,4,33886000,4,33891000,7,33885000,2,33892000,5,33884000,3,33893000,5,33883000,2,33894000,5,33882000,5,33895000,5,33881000,5,33896000,7,33880000,3,33897000,5,33879000,4,33898000,10
33885000,2,33888000,2,33884000,2,33889000,2,33883000,2,33890000,5,33882000,3,33891000,7,33881000,4,33892000,5,33880000,3,33893000,5,33879000,4,33894000,5,33878000,7,33895000,4,33877000,4,33896000,7,33876000,9,33897000,5
33886000,2,33888000,2,33885000,4,33889000,4,33884000,3,33890000,5,33883000,4,33891000,6,33882000,3,33892000,7,33881000,5,33893000,5,33880000,3,33894000,6,33879000,4,33895000,5,33878000,8,33896000,7,33877000,3,33897000,6
33892000,3,33895000,1,33891000,5,33896000,4,33890000,4,33897000,4,33889000,5,33898000,9,33888000,8,33899000,6,33887000,6,33900000,16,33886000,7,33901000,11,33885000,5,33902000,7,33884000,7,33903000,8,33883000,4,33904000,7
33889000,5,33891000,2,33888000,7,33892000,4,33887000,4,33893000,3,33886000,6,33894000,4,33885000,5,33895000,5,33884000,6,33896000,3,33883000,5,33897000,6,33882000,7,33898000,9,33881000,6,33899000,6,33880000,5,33900000,17
33890000,1,33892000,2,33889000,3,33893000,5,33888000,4,33894000,5,33887000,4,33895000,5,33886000,5,33896000,3,33885000,5,33897000,7,33884000,7,33898000,9,33883000,5,33899000,6,33882000,7,33900000,18,33881000,6,33901000,11
33890000,1,33891000,1,33889000,3,33892000,9,33888000,3,33894000,3,33887000,5,33895000,4,33886000,6,33896000,5,33885000,5,33897000,6,33884000,7,33898000,9,33883000,5,33899000,6,33882000,7,33900000,19,33881000,6,33901000,10
33891000,3,33893000,1,33890000,4,33894000,3,33889000,3,33895000,8,33888000,4,33896000,4,33887000,5,33897000,6,33886000,6,33898000,9,33885000,5,33899000,6,33884000,7,33900000,18,33883000,5,33901000,12,33882000,7,33902000,7
33891000,3,33893000,1,33890000,4,33894000,3,33889000,3,33895000,8,33888000,4,33896000,4,33887000,5,33897000,6,33886000,6,33898000,9,33885000,5,33899000,6,33884000,7,33900000,18,33883000,5,33901000,12,33882000,7,33902000,7
33893000,6,33894000,6,33892000,8,33897000,3,33891000,7,33898000,4,33890000,5,33899000,5,33889000,4,33900000,17,33888000,6,33901000,11,33887000,6,33902000,6,33886000,8,33903000,7,33885000,5,33904000,7,33884000,7,33905000,3
33891000,1,33892000,2,33890000,3,33893000,7,33889000,3,33894000,4,33888000,5,33895000,14,33887000,6,33896000,6,33886000,5,33897000,3,33885000,5,33898000,7,33884000,7,33899000,7,33883000,7,33900000,18,33882000,7,33901000,12
33893000,2,33895000,11,33892000,5,33896000,6,33891000,5,33897000,2,33890000,4,33898000,6,33889000,3,33899000,5,33888000,6,33900000,17,33887000,7,33901000,12,33886000,7,33902000,7,33885000,5,33903000,8,33884000,7,33904000,7
33893000,2,33895000,3,33892000,5,33896000,3,33891000,5,33897000,10,33890000,4,33898000,5,33889000,3,33899000,4,33888000,6,33900000,16,33887000,6,33901000,12,33886000,7,33902000,7,33885000,5,33903000,8,33884000,7,33904000,6
33900000,2,33901000,3,33899000,4,33902000,4,33898000,3,33903000,6,33897000,4,33904000,5,33896000,3,33905000,4,33895000,4,33906000,7,33894000,9,33907000,5,33893000,9,33908000,7,33892000,10,33909000,7,33891000,7,33910000,57
33902000,3,33904000,1,33901000,5,33905000,7,33900000,4,33906000,3,33899000,6,33907000,4,33898000,5,33908000,7,33897000,6,33909000,7,33896000,6,33910000,57,33895000,4,33911000,8,33894000,12,33912000,6,33893000,7,33913000,3
33896000,2,33898000,1,33895000,3,33899000,3,33894000,7,33900000,3,33893000,5,33901000,6,33892000,6,33902000,4,33891000,8,33903000,7,33890000,12,33904000,6,33889000,4,33905000,15,33888000,8,33906000,20,33887000,5,33907000,6
33896000,2,33898000,3,33895000,4,33899000,4,33894000,7,33900000,12,33893000,5,33901000,12,33892000,6,33902000,10,33891000,8,33903000,14,33890000,11,33904000,8,33889000,5,33905000,10,33888000,8,33906000,23,33887000,5,33907000,8
33897000,2,33898000,4,33896000,4,33899000,4,33895000,3,33900000,13,33894000,6,33901000,12,33893000,4,33902000,11,33892000,6,33903000,14,33891000,10,33904000,8,33890000,9,33905000,9,33889000,6,33906000,8,33888000,9,33907000,8
33899000,4,33901000,1,33898000,5,33902000,3,33897000,4,33903000,5,33896000,4,33904000,5,33895000,5,33905000,4,33894000,8,33906000,8,33893000,6,33907000,7,33892000,9,33908000,9,33891000,10,33909000,7,33890000,10,33910000,53
33902000,4,33904000,1,33901000,3,33906000,5,33900000,6,33907000,4,33899000,4,33908000,8,33898000,6,33909000,7,33897000,7,33910000,52,33896000,7,33911000,9,33895000,7,33912000,6,33894000,11,33913000,4,33893000,6,33914000,7
33905000,3,33907000,1,33904000,4,33908000,4,33903000,8,33909000,6,33902000,3,33910000,50,33901000,6,33911000,7,33900000,8,33912000,6,33899000,6,33913000,5,33898000,9,33914000,6,33897000,8,33915000,3,33896000,8,33916000,4
33903000,3,33904000,3,33902000,4,33906000,4,33901000,4,33907000,4,33900000,6,33908000,7,33899000,6,33909000,11,33898000,7,33910000,50,33897000,8,33911000,9,33896000,7,33912000,7,33895000,7,33913000,6,33894000,11,33914000,6
33900000,3,33902000,20,33899000,3,33903000,2,33898000,4,33904000,4,33897000,6,33905000,2,33896000,6,33906000,5,33895000,8,33907000,4,33894000,12,33908000,8,33893000,5,33909000,12,33892000,9,33910000,51,33891000,8,33911000,9
33901000,2,33903000,1,33900000,4,33904000,4,33899000,8,33905000,2,33898000,6,33906000,6,33897000,6,33907000,4,33896000,6,33908000,10,33895000,9,33909000,12,33894000,10,33910000,53,33893000,6,33911000,9,33892000,10,33912000,6
33904000,3,33906000,5,33903000,4,33907000,1,33902000,4,33908000,7,33901000,5,33909000,10,33900000,3,33910000,53,33899000,8,33911000,10,33898000,12,33912000,7,33897000,13,33913000,7,33896000,8,33914000,5,33895000,9,33915000,4
33903000,3,33904000,1,33902000,3,33905000,1,33901000,5,33906000,4,33900000,6,33907000,6,33899000,7,33908000,11,33898000,13,33909000,13,33897000,12,33910000,48,33896000,13,33911000,9,33895000,8,33912000,7,33894000,10,33913000,7
33900000,3,33902000,1,33899000,6,33903000,6,33898000,11,33904000,13,33897000,10,33905000,3,33896000,16,33906000,5,33895000,9,33907000,7,33894000,11,33908000,13,33893000,5,33909000,13,33892000,10,33910000,51,33891000,8,33911000,10
33897000,6,33898000,1,33896000,14,33899000,4,33895000,8,33900000,4,33894000,7,33901000,4,33893000,6,33902000,5,33892000,10,33903000,5,33891000,8,33904000,15,33890000,9,33905000,6,33889000,9,33906000,7,33888000,8,33907000,8
33894000,2,33896000,1,33893000,3,33897000,3,33892000,6,33898000,5,33891000,7,33899000,5,33890000,8,33900000,5,33889000,7,33901000,9,33888000,9,33902000,8,33887000,10,33903000,7,33886000,9,33904000,17,33885000,4,33905000,6
33895000,2,33898000,3,33894000,6,33899000,5,33893000,12,33900000,15,33892000,5,33901000,6,33891000,6,33902000,7,33890000,8,33903000,7,33889000,9,33904000,19,33888000,9,33905000,5,33887000,6,33906000,9,33886000,9,33907000,8
33900000,1,33901000,1,33899000,2,33902000,3,33898000,4,33903000,5,33897000,7,33904000,15,33896000,5,33905000,4,33895000,4,33906000,9,33894000,9,33907000,9,33893000,13,33908000,10,33892000,9,33909000,11,33891000,7,33910000,50
33900000,1,33902000,1,33899000,2,33903000,4,33898000,4,33904000,14,33897000,8,33905000,4,33896000,5,33906000,7,33895000,6,33907000,9,33894000,10,33908000,8,33893000,13,33909000,11,33892000,9,33910000,50,33891000,7,33911000,10
33897000,3,33900000,2,33896000,5,33901000,7,33895000,4,33902000,6,33894000,8,33903000,5,33893000,12,33904000,15,33892000,7,33905000,6,33891000,7,33906000,9,33890000,10,33907000,9,33889000,8,33908000,9,33888000,8,33909000,11
33897000,1,33899000,1,33896000,4,33900000,4,33895000,3,33901000,7,33894000,6,33902000,6,33893000,11,33903000,5,33892000,6,33904000,16,33891000,7,33905000,6,33890000,10,33906000,9,33889000,8,33907000,9,33888000,8,33908000,9
33902000,2,33904000,10,33901000,3,33905000,3,33900000,4,33906000,7,33899000,4,33907000,7,33898000,3,33908000,8,33897000,7,33909000,11,33896000,8,33910000,51,33895000,7,33911000,10,33894000,10,33912000,7,33893000,14,33913000,6
33902000,2,33904000,1,33901000,4,33905000,4,33900000,5,33906000,4,33899000,4,33907000,7,33898000,5,33908000,7,33897000,8,33909000,12,33896000,8,33910000,52,33895000,7,33911000,10,33894000,10,33912000,7,33893000,14,33913000,6
33903000,1,33905000,3,33902000,2,33906000,5,33901000,5,33907000,7,33900000,5,33908000,6,33899000,4,33909000,11,33898000,6,33910000,51,33897000,8,33911000,11,33896000,9,33912000,7,33895000,7,33913000,6,33894000,11,33914000,6
33903000,1,33905000,2,33902000,4,33906000,4,33901000,5,33907000,7,33900000,4,33908000,6,33899000,3,33909000,12,33898000,6,33910000,51,33897000,8,33911000,11,33896000,10,33912000,7,33895000,6,33913000,7,33894000,11,33914000,7
33907000,1,33908000,9,33906000,4,33909000,10,33905000,2,33910000,48,33904000,7,33911000,8,33903000,5,33912000,5,33902000,5,33913000,8,33901000,7,33914000,8,33900000,9,33915000,3,33899000,6,33916000,4,33898000,8,33917000,19
33904000,2,33906000,3,33903000,4,33907000,4,33902000,4,33908000,4,33901000,5,33909000,4,33900000,8,33910000,47,33899000,5,33911000,6,33898000,9,33912000,6,33897000,8,33913000,8,33896000,9,33914000,8,33895000,6,33915000,5
33900000,5,33901000,1,33899000,2,33902000,6,33898000,3,33903000,2,33897000,7,33904000,3,33896000,8,33905000,2,33895000,5,33906000,5,33894000,9,33907000,6,33893000,12,33908000,6,33892000,11,33909000,7,33891000,26,33910000,51
33897000,4,33898000,6,33896000,6,33900000,2,33895000,5,33901000,3,33894000,7,33902000,7,33893000,12,33903000,2,33892000,11,33904000,4,33891000,26,33905000,4,33890000,10,33906000,6,33889000,12,33907000,6,33888000,10,33908000,9
33894000,4,33897000,1,33893000,12,33898000,3,33892000,8,33899000,4,33891000,25,33900000,4,33890000,8,33901000,11,33889000,9,33902000,8,33888000,10,33903000,4,33887000,5,33904000,5,33886000,25,33905000,4,33885000,23,33906000,8
33897000,2,33900000,3,33896000,6,33901000,9,33895000,5,33902000,7,33894000,6,33903000,3,33893000,6,33904000,4,33892000,7,33905000,5,33891000,9,33906000,8,33890000,9,33907000,7,33889000,10,33908000,8,33888000,10,33909000,6
33894000,5,33897000,4,33893000,2,33898000,3,33892000,5,33899000,5,33891000,6,33900000,6,33890000,7,33901000,12,33889000,9,33902000,11,33888000,10,33903000,7,33887000,6,33904000,6,33886000,9,33905000,4,33885000,4,33906000,9
33895000,3,33897000,1,33894000,2,33898000,3,33893000,4,33899000,4,33892000,5,33900000,6,33891000,6,33901000,12,33890000,8,33902000,11,33889000,9,33903000,7,33888000,11,33904000,6,33887000,6,33905000,4,33886000,9,33906000,9
33898000,2,33900000,1,33897000,11,33901000,9,33896000,3,33902000,8,33895000,4,33903000,4,33894000,4,33904000,5,33893000,4,33905000,5,33892000,7,33906000,9,33891000,7,33907000,7,33890000,8,33908000,8,33889000,9,33909000,6
33897000,3,33899000,2,33896000,3,33900000,4,33895000,4,33901000,13,33894000,5,33902000,6,33893000,5,33903000,3,33892000,8,33904000,5,33891000,7,33905000,5,33890000,9,33906000,10,33889000,8,33907000,7,33888000,10,33908000,8
33898000,2,33901000,13,33897000,5,33902000,7,33896000,3,33903000,4,33895000,5,33904000,5,33894000,5,33905000,5,33893000,5,33906000,10,33892000,7,33907000,8,33891000,7,33908000,8,33890000,9,33909000,6,33889000,8,33910000,52
33896000,13,33899000,3,33895000,4,33900000,5,33894000,4,33901000,6,33893000,5,33902000,6,33892000,7,33903000,3,33891000,7,33904000,5,33890000,9,33905000,5,33889000,9,33906000,10,33888000,10,33907000,8,33887000,6,33908000,8
33893000,4,33896000,2,33892000,5,33897000,3,33891000,6,33898000,7,33890000,6,33899000,5,33889000,11,33900000,20,33888000,19,33901000,8,33887000,15,33902000,5,33886000,10,33903000,6,33885000,4,33904000,6,33884000,10,33905000,5
33895000,3,33898000,5,33894000,4,33899000,5,33893000,4,33900000,19,33892000,4,33901000,5,33891000,7,33902000,4,33890000,6,33903000,6,33889000,18,33904000,6,33888000,20,33905000,5,33887000,15,33906000,9,33886000,9,33907000,8
33895000,1,33897000,1,33894000,5,33898000,4,33893000,3,33899000,5,33892000,5,33900000,8,33891000,10,33901000,5,33890000,10,33902000,4,33889000,18,33903000,5,33888000,19,33904000,6,33887000,15,33905000,5,33886000,9,33906000,9
33899000,1,33900000,2,33898000,4,33901000,1,33897000,6,33902000,2,33896000,3,33903000,5,33895000,3,33904000,5,33894000,2,33905000,5,33893000,3,33906000,9,33892000,8,33907000,8,33891000,6,33908000,8,33890000,8,33909000,6
33897000,3,33899000,1,33896000,3,33900000,3,33895000,3,33901000,4,33894000,2,33902000,3,33893000,3,33903000,4,33892000,9,33904000,5,33891000,6,33905000,5,33890000,9,33906000,9,33889000,12,33907000,8,33888000,12,33908000,8
33892000,3,33894000,9,33891000,5,33895000,2,33890000,6,33896000,4,33889000,10,33897000,4,33888000,11,33898000,4,33887000,6,33899000,6,33886000,12,33900000,5,33885000,7,33901000,7,33884000,10,33902000,6,33883000,9,33903000,7
33895000,2,33896000,1,33894000,2,33897000,2,33893000,4,33898000,3,33892000,5,33899000,5,33891000,6,33900000,5,33890000,6,33901000,6,33889000,11,33902000,6,33888000,13,33903000,7,33887000,7,33904000,7,33886000,12,33905000,5
33899000,33,33900000,3,33898000,1,33901000,5,33897000,3,33902000,3,33896000,5,33903000,5,33895000,5,33904000,6,33894000,2,33905000,5,33893000,5,33906000,9,33892000,5,33907000,8,33891000,6,33908000,8,33890000,8,33909000,6
33897000,4,33898000,1,33896000,2,33899000,4,33895000,2,33900000,6,33894000,3,33901000,5,33893000,5,33902000,6,33892000,6,33903000,7,33891000,7,33904000,8,33890000,10,33905000,7,33889000,9,33906000,9,33888000,9,33907000,7
33895000,1,33897000,3,33894000,4,33898000,5,33893000,5,33899000,4,33892000,4,33900000,6,33891000,7,33901000,6,33890000,7,33902000,8,33889000,9,33903000,8,33888000,10,33904000,9,33887000,7,33905000,7,33886000,10,33906000,9
33895000,1,33897000,3,33894000,1,33898000,5,33893000,3,33899000,4,33892000,4,33900000,7,33891000,6,33901000,7,33890000,7,33902000,8,33889000,8,33903000,8,33888000,10,33904000,9,33887000,7,33905000,7,33886000,10,33906000,9
33895000,2,33897000,3,33894000,1,33898000,4,33893000,3,33899000,4,33892000,4,33900000,6,33891000,7,33901000,6,33890000,7,33902000,8,33889000,9,33903000,8,33888000,10,33904000,9,33887000,7,33905000,7,33886000,10,33906000,9
33895000,3,33898000,3,33894000,7,33899000,5,33893000,3,33900000,7,33892000,4,33901000,7,33891000,6,33902000,8,33890000,7,33903000,8,33889000,9,33904000,9,33888000,10,33905000,7,33887000,7,33906000,9,33886000,10,33907000,8
33894000,3,33896000,2,33893000,3,33897000,4,33892000,4,33898000,4,33891000,7,33899000,5,33890000,7,33900000,5,33889000,10,33901000,8,33888000,10,33902000,9,33887000,5,33903000,9,33886000,10,33904000,9,33885000,5,33905000,8
33891000,2,33892000,1,33890000,2,33893000,3,33889000,9,33894000,3,33888000,8,33895000,5,33887000,3,33896000,4,33886000,9,33897000,5,33885000,5,33898000,5,33884000,9,33899000,6,33883000,6,33900000,9,33882000,8,33901000,8
33889000,1,33891000,3,33888000,6,33892000,3,33887000,3,33893000,3,33886000,7,33894000,3,33885000,5,33895000,6,33884000,8,33896000,5,33883000,6,33897000,5,33882000,8,33898000,7,33881000,7,33899000,7,33880000,8,33900000,9
33889000,3,33892000,3,33888000,6,33893000,5,33887000,3,33894000,4,33886000,8,33895000,5,33885000,5,33896000,5,33884000,8,33897000,5,33883000,6,33898000,7,33882000,8,33899000,7,33881000,7,33900000,9,33880000,8,33901000,8
33886000,2,33888000,1,33885000,4,33889000,4,33884000,5,33890000,7,33883000,5,33891000,8,33882000,6,33892000,6,33881000,7,33893000,5,33880000,8,33894000,6,33879000,6,33895000,6,33878000,9,33896000,9,33877000,9,33897000,5
33883000,5,33884000,6,33882000,6,33888000,1,33881000,7,33889000,4,33880000,8,33890000,7,33879000,6,33891000,8,33878000,9,33892000,6,33877000,9,33893000,5,33876000,8,33894000,6,33875000,9,33895000,6,33874000,7,33896000,9
33880000,5,33882000,22,33879000,3,33883000,3,33878000,5,33884000,5,33877000,3,33885000,6,33876000,7,33886000,7,33875000,9,33887000,7,33874000,7,33888000,10,33873000,6,33889000,7,33872000,9,33890000,32,33871000,7,33891000,9
33878000,3,33881000,2,33877000,6,33882000,2,33876000,7,33883000,6,33875000,7,33884000,5,33874000,5,33885000,31,33873000,6,33886000,6,33872000,9,33887000,7,33871000,6,33888000,11,33870000,7,33889000,9,33869000,5,33890000,33
33877000,4,33880000,2,33876000,4,33881000,4,33875000,6,33882000,3,33874000,3,33883000,7,33873000,5,33884000,6,33872000,7,33885000,32,33871000,7,33886000,9,33870000,8,33887000,7,33869000,4,33888000,11,33868000,4,33889000,8
33877000,5,33879000,3,33876000,4,33880000,8,33875000,6,33881000,3,33874000,4,33882000,6,33873000,5,33883000,4,33872000,8,33884000,5,33871000,7,33885000,7,33870000,7,33886000,9,33869000,5,33887000,7,33868000,5,33888000,11
33877000,3,33878000,1,33876000,4,33879000,2,33875000,6,33880000,8,33874000,4,33881000,3,33873000,5,33882000,6,33872000,7,33883000,5,33871000,7,33884000,6,33870000,7,33885000,7,33869000,5,33886000,9,33868000,5,33887000,7
33881000,1,33883000,2,33880000,5,33884000,2,33879000,4,33885000,6,33878000,6,33886000,5,33877000,4,33887000,6,33876000,5,33888000,8,33875000,8,33889000,8,33874000,6,33890000,33,33873000,5,33891000,9,33872000,8,33892000,11
33880000,5,33881000,1,33879000,4,33882000,3,33878000,6,33883000,22,33877000,4,33884000,4,33876000,4,33885000,5,33875000,8,33886000,4,33874000,6,33887000,6,33873000,6,33888000,10,33872000,8,33889000,6,33871000,6,33890000,12
33881000,2,33883000,20,33880000,5,33884000,4,33879000,5,33885000,5,33878000,6,33886000,5,33877000,4,33887000,6,33876000,5,33888000,10,33875000,8,33889000,6,33874000,6,33890000,12,33873000,6,33891000,9,33872000,8,33892000,9
33880000,5,33881000,2,33879000,3,33882000,4,33878000,6,33883000,4,33877000,4,33884000,3,33876000,5,33885000,5,33875000,8,33886000,4,33874000,6,33887000,5,33873000,6,33888000,11,33872000,8,33889000,5,33871000,6,33890000,12
33881000,5,33883000,2,33880000,4,33884000,3,33879000,2,33885000,4,33878000,5,33886000,3,33877000,4,33887000,5,33876000,5,33888000,9,33875000,8,33889000,5,33874000,6,33890000,12,33873000,6,33891000,9,33872000,8,33892000,9
33886000,2,33887000,2,33885000,4,33888000,4,33884000,3,33889000,3,33883000,4,33890000,8,33882000,5,33891000,7,33881000,8,33892000,8,33880000,17,33893000,5,33879000,6,33894000,9,33878000,6,33895000,5,33877000,8,33896000,10
33884000,4,33885000,7,33883000,3,33887000,3,33882000,8,33888000,6,33881000,12,33889000,4,33880000,18,33890000,5,33879000,4,33891000,6,33878000,8,33892000,8,33877000,9,33893000,5,33876000,8,33894000,9,33875000,9,33895000,5
33887000,1,33888000,2,33886000,4,33889000,4,33885000,6,33890000,4,33884000,6,33891000,6,33883000,6,33892000,8,33882000,8,33893000,5,33881000,10,33894000,8,33880000,17,33895000,5,33879000,5,33896000,10,33878000,8,33897000,6
33885000,5,33887000,2,33884000,6,33888000,3,33883000,7,33889000,3,33882000,7,33890000,5,33881000,11,33891000,6,33880000,19,33892000,7,33879000,5,33893000,5,33878000,7,33894000,8,33877000,8,33895000,5,33876000,6,33896000,10
33886000,3,33888000,2,33885000,4,33889000,4,33884000,6,33890000,4,33883000,6,33891000,8,33882000,7,33892000,8,33881000,12,33893000,6,33880000,19,33894000,9,33879000,4,33895000,5,33878000,8,33896000,10,33877000,8,33897000,6
33885000,3,33887000,4,33884000,6,33888000,5,33883000,6,33889000,5,33882000,8,33890000,4,33881000,11,33891000,7,33880000,21,33892000,6,33879000,5,33893000,6,33878000,8,33894000,8,33877000,8,33895000,5,33876000,7,33896000,10
33888000,1,33889000,1,33887000,3,33890000,5,33886000,8,33891000,6,33885000,5,33892000,6,33884000,11,33893000,6,33883000,3,33894000,8,33882000,7,33895000,5,33881000,10,33896000,10,33880000,21,33897000,7,33879000,5,33898000,9
33886000,4,33889000,3,33885000,4,33890000,4,33884000,11,33891000,6,33883000,3,33892000,7,33882000,7,33893000,6,33881000,10,33894000,8,33880000,19,33895000,5,33879000,5,33896000,10,33878000,8,33897000,7,33877000,8,33898000,9
33882000,2,33883000,1,33881000,6,33884000,3,33880000,17,33885000,3,33879000,3,33886000,4,33878000,7,33887000,4,33877000,6,33888000,4,33876000,7,33889000,6,33875000,8,33890000,7,33874000,6,33891000,8,33873000,5,33892000,9
33883000,1,33884000,1,33882000,6,33885000,3,33881000,5,33886000,13,33880000,4,33887000,3,33879000,6,33888000,4,33878000,4,33889000,5,33877000,11,33890000,5,33876000,7,33891000,6,33875000,8,33892000,8,33874000,10,33893000,5
33886000,3,33888000,4,33885000,4,33889000,4,33884000,7,33890000,3,33883000,5,33891000,6,33882000,8,33892000,7,33881000,7,33893000,5,33880000,10,33894000,8,33879000,5,33895000,6,33878000,6,33896000,10,33877000,8,33897000,7
33886000,3,33889000,4,33885000,4,33890000,5,33884000,7,33891000,5,33883000,5,33892000,5,33882000,9,33893000,5,33881000,8,33894000,7,33880000,16,33895000,5,33879000,5,33896000,10,33878000,7,33897000,7,33877000,8,33898000,8
33887000,2,33889000,2,33886000,3,33890000,5,33885000,4,33891000,5,33884000,7,33892000,5,33883000,5,33893000,5,33882000,9,33894000,7,33881000,8,33895000,5,33880000,16,33896000,10,33879000,5,33897000,7,33878000,6,33898000,8
33886000,8,33888000,3,33885000,4,33889000,2,33884000,7,33890000,6,33883000,5,33891000,6,33882000,9,33892000,6,33881000,8,33893000,5,33880000,16,33894000,7,33879000,6,33895000,5,33878000,6,33896000,10,33877000,8,33897000,7
33886000,6,33888000,2,33885000,4,33889000,3,33884000,7,33890000,5,33883000,5,33891000,6,33882000,9,33892000,8,33881000,8,33893000,5,33880000,16,33894000,9,33879000,6,33895000,6,33878000,6,33896000,14,33877000,8,33897000,7
33887000,1,33889000,3,33886000,4,33890000,4,33885000,4,33891000,6,33884000,7,33892000,6,33883000,5,33893000,4,33882000,9,33894000,8,33881000,8,33895000,6,33880000,17,33896000,11,33879000,6,33897000,7,33878000,7,33898000,8
33886000,3,33889000,3,33885000,4,33890000,5,33884000,5,33891000,6,33883000,5,33892000,9,33882000,7,33893000,5,33881000,7,33894000,8,33880000,16,33895000,7,33879000,7,33896000,10,33878000,6,33897000,6,33877000,8,33898000,8
33887000,1,33889000,1,33886000,4,33890000,4,33885000,4,33891000,6,33884000,5,33892000,7,33883000,5,33893000,5,33882000,8,33894000,7,33881000,8,33895000,6,33880000,17,33896000,10,33879000,7,33897000,6,33878000,6,33898000,8
33890000,13,33892000,4,33889000,1,33893000,4,33887000,7,33894000,5,33886000,5,33895000,6,33885000,7,33896000,10,33884000,5,33897000,6,33883000,6,33898000,8,33882000,9,33899000,7,33881000,9,33900000,10,33880000,19,33901000,6
33890000,10,33892000,1,33889000,2,33893000,4,33888000,1,33894000,5,33887000,7,33895000,5,33886000,5,33896000,9,33885000,7,33897000,6,33884000,8,33898000,8,33883000,6,33899000,6,33882000,10,33900000,10,33881000,10,33901000,6
33891000,2,33894000,5,33890000,11,33895000,6,33889000,2,33896000,7,33888000,1,33897000,5,33887000,7,33898000,6,33886000,6,33899000,5,33885000,7,33900000,10,33884000,8,33901000,7,33883000,6,33902000,10,33882000,10,33903000,8
33887000,2,33889000,4,33886000,4,33890000,4,33885000,8,33891000,5,33884000,8,33892000,3,33883000,5,33893000,7,33882000,10,33894000,5,33881000,9,33895000,7,33880000,21,33896000,10,33879000,8,33897000,6,33878000,7,33898000,8
33884000,3,33885000,1,33883000,5,33886000,4,33882000,6,33887000,2,33881000,7,33888000,3,33880000,16,33889000,2,33879000,6,33890000,3,33878000,7,33891000,5,33877000,8,33892000,7,33876000,7,33893000,8,33875000,8,33894000,7
33881000,2,33883000,2,33880000,13,33884000,4,33879000,6,33885000,2,33878000,5,33886000,1,33877000,5,33887000,2,33876000,7,33888000,5,33875000,8,33889000,4,33874000,10,33890000,5,33873000,5,33891000,6,33872000,9,33892000,6
33882000,4,33884000,1,33881000,4,33885000,3,33880000,11,33886000,1,33879000,6,33887000,2,33878000,4,33888000,5,33877000,6,33889000,6,33876000,6,33890000,6,33875000,8,33891000,6,33874000,10,33892000,6,33873000,5,33893000,8
33881000,5,33884000,3,33880000,12,33885000,5,33879000,5,33886000,4,33878000,5,33887000,4,33877000,6,33888000,10,33876000,7,33889000,5,33875000,9,33890000,5,33874000,6,33891000,6,33873000,5,33892000,7,33872000,9,33893000,8
33881000,3,33884000,5,33880000,11,33885000,4,33879000,4,33886000,9,33878000,4,33887000,5,33877000,6,33888000,6,33876000,7,33889000,5,33875000,9,33890000,6,33874000,6,33891000,6,33873000,5,33892000,7,33872000,9,33893000,8
33882000,2,33884000,3,33881000,4,33885000,3,33880000,11,33886000,9,33879000,4,33887000,4,33878000,4,33888000,6,33877000,6,33889000,5,33876000,7,33890000,6,33875000,9,33891000,6,33874000,6,33892000,7,33873000,5,33893000,8
33882000,1,33884000,3,33881000,3,33885000,5,33880000,10,33886000,8,33879000,4,33887000,4,33878000,3,33888000,8,33877000,5,33889000,5,33876000,6,33890000,6,33875000,9,33891000,6,33874000,6,33892000,7,33873000,5,33893000,8
33885000,3,33887000,1,33884000,3,33888000,4,33883000,3,33889000,5,33882000,3,33890000,3,33881000,5,33891000,6,33880000,11,33892000,7,33879000,6,33893000,8,33878000,5,33894000,8,33877000,7,33895000,7,33876000,7,33896000,11
33884000,3,33887000,2,33883000,3,33888000,6,33882000,3,33889000,4,33881000,6,33890000,3,33880000,11,33891000,6,33879000,6,33892000,7,33878000,5,33893000,7,33877000,7,33894000,8,33876000,7,33895000,7,33875000,9,33896000,11
33881000,3,33883000,1,33880000,9,33884000,3,33879000,4,33885000,3,33878000,4,33886000,6,33877000,5,33887000,2,33876000,7,33888000,6,33875000,9,33889000,4,33874000,6,33890000,6,33873000,5,33891000,7,33872000,9,33892000,8
33884000,1,33885000,2,33883000,7,33886000,2,33882000,4,33887000,3,33881000,5,33888000,5,33880000,10,33889000,4,33879000,4,33890000,5,33878000,4,33891000,6,33877000,6,33892000,8,33876000,7,33893000,8,33875000,9,33894000,8
33881000,2,33883000,1,33880000,10,33884000,3,33879000,4,33885000,4,33878000,3,33886000,3,33877000,5,33887000,4,33876000,7,33888000,6,33875000,9,33889000,4,33874000,6,33890000,6,33873000,5,33891000,7,33872000,9,33892000,8
33883000,3,33885000,3,33882000,4,33886000,3,33881000,4,33887000,2,33880000,10,33888000,6,33879000,4,33889000,5,33878000,5,33890000,6,33877000,6,33891000,7,33876000,7,33892000,7,33875000,9,33893000,8,33874000,6,33894000,8
33886000,2,33888000,1,33885000,5,33889000,4,33884000,4,33890000,3,33883000,4,33891000,6,33882000,4,33892000,6,33881000,5,33893000,7,33880000,11,33894000,8,33879000,6,33895000,8,33878000,6,33896000,10,33877000,8,33897000,8
33882000,3,33885000,4,33881000,5,33886000,4,33880000,10,33887000,7,33879000,5,33888000,1,33878000,5,33889000,5,33877000,7,33890000,5,33876000,7,33891000,5,33875000,9,33892000,7,33874000,6,33893000,8,33873000,6,33894000,8
33881000,1,33882000,1,33880000,9,33883000,3,33879000,4,33884000,5,33878000,4,33885000,4,33877000,6,33886000,3,33876000,5,33887000,5,33875000,9,33888000,6,33874000,6,33889000,6,33873000,6,33890000,7,33872000,9,33891000,5
33883000,4,33885000,1,33882000,5,33886000,4,33881000,6,33887000,4,33880000,10,33888000,5,33879000,4,33889000,6,33878000,5,33890000,7,33877000,7,33891000,5,33876000,7,33892000,7,33875000,9,33893000,8,33874000,6,33894000,8
33880000,9,33881000,3,33879000,3,33882000,2,33878000,3,33883000,2,33877000,4,33884000,5,33876000,5,33885000,3,33875000,6,33886000,6,33874000,6,33887000,3,33873000,6,33888000,6,33872000,9,33889000,6,33871000,14,33890000,8
33881000,3,33884000,5,33880000,11,33885000,4,33879000,4,33886000,5,33878000,4,33887000,4,33877000,5,33888000,7,33876000,5,33889000,6,33875000,6,33890000,8,33874000,6,33891000,6,33873000,6,33892000,7,33872000,9,33893000,8
33881000,4,33883000,2,33880000,11,33884000,5,33879000,4,33885000,3,33878000,5,33886000,5,33877000,5,33887000,4,33876000,5,33888000,8,33875000,6,33889000,6,33874000,6,33890000,8,33873000,6,33891000,5,33872000,9,33892000,7
33885000,1,33886000,1,33884000,5,33887000,3,33883000,4,33888000,6,33882000,5,33889000,5,33881000,6,33890000,5,33880000,6,33891000,5,33879000,5,33892000,7,33878000,5,33893000,8,33877000,7,33894000,9,33876000,6,33895000,6
33882000,3,33885000,3,33881000,7,33886000,3,33880000,7,33887000,4,33879000,5,33888000,5,33878000,4,33889000,7,33877000,6,33890000,7,33876000,6,33891000,6,33875000,5,33892000,7,33874000,6,33893000,8,33873000,6,33894000,8
33884000,3,33885000,1,33883000,4,33886000,3,33882000,4,33887000,4,33881000,7,33888000,5,33880000,7,33889000,7,33879000,5,33890000,7,33878000,4,33891000,6,33877000,7,33892000,7,33876000,6,33893000,8,33875000,5,33894000,8
33882000,1,33884000,3,33881000,6,33885000,5,33880000,7,33886000,3,33879000,5,33887000,4,33878000,5,33888000,6,33877000,6,33889000,7,33876000,6,33890000,7,33875000,5,33891000,6,33874000,6,33892000,7,33873000,6,33893000,8
33882000,2,33884000,2,33881000,6,33885000,6,33880000,7,33886000,4,33879000,5,33887000,4,33878000,4,33888000,7,33877000,7,33889000,7,33876000,7,33890000,8,33875000,6,33891000,6,33874000,8,33892000,7,33873000,6,33893000,8
33883000,1,33885000,2,33882000,5,33886000,5,33881000,7,33887000,4,33880000,8,33888000,5,33879000,6,33889000,7,33878000,4,33890000,6,33877000,8,33891000,5,33876000,7,33892000,7,33875000,6,33893000,8,33874000,8,33894000,8
33886000,2,33888000,1,33885000,6,33889000,3,33884000,9,33890000,4,33883000,7,33891000,6,33882000,5,33892000,6,33881000,9,33893000,7,33880000,10,33894000,7,33879000,8,33895000,6,33878000,6,33896000,10,33877000,9,33897000,5
33892000,2,33894000,2,33891000,3,33895000,5,33890000,4,33896000,8,33889000,6,33897000,6,33888000,15,33898000,7,33887000,5,33899000,6,33886000,8,33900000,14,33885000,8,33901000,8,33884000,11,33902000,11,33883000,6,33903000,7
33894000,4,33896000,1,33893000,4,33897000,6,33892000,4,33898000,7,33891000,4,33899000,5,33890000,5,33900000,13,33889000,7,33901000,6,33888000,17,33902000,11,33887000,7,33903000,6,33886000,9,33904000,12,33885000,9,33905000,11
33894000,4,33896000,1,33893000,4,33897000,6,33892000,4,33898000,7,33891000,4,33899000,5,33890000,5,33900000,13,33889000,7,33901000,6,33888000,17,33902000,11,33887000,7,33903000,6,33886000,9,33904000,12,33885000,9,33905000,11
33893000,4,33894000,1,33892000,4,33895000,2,33891000,5,33896000,3,33890000,7,33897000,6,33889000,7,33898000,4,33888000,8,33899000,5,33887000,7,33900000,7,33886000,9,33901000,7,33885000,8,33902000,10,33884000,12,33903000,8
33898000,2,33899000,1,33897000,4,33900000,2,33896000,2,33901000,5,33895000,2,33902000,7,33894000,5,33903000,6,33893000,6,33904000,11,33892000,6,33905000,9,33891000,7,33906000,10,33890000,9,33907000,7,33889000,9,33908000,10
33901000,2,33902000,1,33900000,3,33903000,3,33899000,3,33904000,7,33898000,3,33905000,8,33897000,3,33906000,7,33896000,3,33907000,7,33895000,3,33908000,9,33894000,8,33909000,7,33893000,6,33910000,53,33892000,9,33911000,8
33902000,3,33905000,3,33901000,4,33906000,4,33900000,4,33907000,4,33899000,3,33908000,6,33898000,6,33909000,7,33897000,8,33910000,52,33896000,6,33911000,8,33895000,3,33912000,6,33894000,8,33913000,5,33893000,6,33914000,7
33903000,1,33905000,2,33902000,4,33906000,5,33901000,5,33907000,5,33900000,5,33908000,7,33899000,4,33909000,7,33898000,7,33910000,52,33897000,8,33911000,8,33896000,6,33912000,6,33895000,3,33913000,5,33894000,8,33914000,7
33901000,1,33903000,1,33900000,4,33904000,12,33899000,3,33905000,6,33898000,5,33906000,5,33897000,6,33907000,6,33896000,6,33908000,9,33895000,3,33909000,7,33894000,8,33910000,53,33893000,6,33911000,8,33892000,8,33912000,6
33900000,3,33903000,3,33899000,3,33904000,12,33898000,5,33905000,6,33897000,6,33906000,5,33896000,6,33907000,6,33895000,3,33908000,9,33894000,8,33909000,7,33893000,6,33910000,53,33892000,8,33911000,8,33891000,7,33912000,6
33904000,3,33906000,2,33903000,4,33907000,4,33902000,4,33908000,4,33901000,6,33909000,6,33900000,5,33910000,50,33899000,5,33911000,8,33898000,8,33912000,5,33897000,9,33913000,5,33896000,7,33914000,7,33895000,3,33915000,4
33904000,3,33906000,2,33903000,4,33907000,4,33902000,4,33908000,4,33901000,6,33909000,6,33900000,5,33910000,50,33899000,5,33911000,8,33898000,8,33912000,5,33897000,9,33913000,5,33896000,7,33914000,7,33895000,3,33915000,4
33904000,6,33910000,6,33903000,4,33911000,4,33902000,5,33912000,3,33901000,7,33913000,4,33900000,6,33914000,6,33899000,5,33915000,4,33898000,8,33916000,3,33897000,9,33917000,5,33896000,7,33918000,8,33895000,3,33919000,3
33907000,8,33908000,9,33905000,3,33909000,7,33904000,4,33910000,3,33903000,3,33911000,6,33902000,6,33912000,4,33901000,6,33913000,5,33900000,7,33914000,6,33899000,6,33915000,4,33898000,14,33916000,3,33897000,9,33917000,5
33904000,1,33906000,4,33903000,2,33907000,4,33902000,5,33908000,5,33901000,5,33909000,8,33900000,7,33910000,3,33899000,6,33911000,6,33898000,14,33912000,5,33897000,9,33913000,5,33896000,7,33914000,6,33895000,3,33915000,5
33901000,2,33904000,3,33900000,5,33905000,3,33899000,5,33906000,4,33898000,12,33907000,5,33897000,5,33908000,6,33896000,6,33909000,9,33895000,3,33910000,6,33894000,8,33911000,7,33893000,6,33912000,5,33892000,9,33913000,5
33898000,8,33900000,4,33897000,5,33901000,4,33896000,5,33902000,10,33895000,3,33903000,4,33894000,8,33904000,6,33893000,5,33905000,4,33892000,9,33906000,6,33891000,9,33907000,5,33890000,10,33908000,8,33889000,9,33909000,10
33895000,2,33898000,3,33894000,5,33899000,6,33893000,5,33900000,5,33892000,6,33901000,6,33891000,9,33902000,10,33890000,8,33903000,6,33889000,7,33904000,7,33888000,8,33905000,5,33887000,7,33906000,8,33886000,10,33907000,6
33891000,2,33894000,3,33890000,6,33895000,3,33889000,6,33896000,4,33888000,6,33897000,5,33887000,6,33898000,6,33886000,10,33899000,7,33885000,7,33900000,7,33884000,11,33901000,8,33883000,7,33902000,12,33882000,9,33903000,7
33888000,4,33891000,8,33887000,5,33892000,2,33886000,8,33893000,5,33885000,5,33894000,4,33884000,10,33895000,5,33883000,7,33896000,5,33882000,9,33897000,5,33881000,10,33898000,9,33880000,19,33899000,8,33879000,8,33900000,7
33887000,4,33890000,2,33886000,7,33891000,9,33885000,5,33892000,2,33884000,10,33893000,6,33883000,7,33894000,5,33882000,9,33895000,5,33881000,10,33896000,7,33880000,19,33897000,5,33879000,8,33898000,9,33878000,9,33899000,8
33886000,5,33888000,1,33885000,5,33889000,2,33884000,8,33890000,3,33883000,5,33891000,10,33882000,7,33892000,4,33881000,10,33893000,6,33880000,19,33894000,6,33879000,8,33895000,5,33878000,9,33896000,8,33877000,10,33897000,5
33883000,1,33885000,1,33882000,5,33886000,5,33881000,15,33887000,4,33880000,10,33888000,4,33879000,7,33889000,3,33878000,8,33890000,9,33877000,10,33891000,11,33876000,7,33892000,7,33875000,5,33893000,7,33874000,9,33894000,6
33882000,2,33884000,2,33881000,15,33885000,3,33880000,10,33886000,5,33879000,6,33887000,4,33878000,8,33888000,4,33877000,8,33889000,4,33876000,7,33890000,10,33875000,5,33891000,12,33874000,7,33892000,7,33873000,5,33893000,7
33880000,7,33881000,1,33879000,2,33882000,3,33878000,6,33883000,4,33877000,6,33884000,4,33876000,6,33885000,4,33875000,5,33886000,5,33874000,7,33887000,4,33873000,5,33888000,5,33872000,9,33889000,4,33871000,6,33890000,11
33876000,1,33877000,1,33875000,2,33878000,6,33874000,4,33879000,3,33873000,4,33880000,5,33872000,8,33881000,7,33871000,6,33882000,5,33870000,8,33883000,5,33869000,4,33884000,5,33868000,4,33885000,5,33867000,6,33886000,9
33873000,2,33875000,2,33872000,2,33876000,2,33871000,5,33877000,3,33870000,7,33878000,6,33869000,3,33879000,3,33868000,3,33880000,8,33867000,6,33881000,16,33866000,8,33882000,7,33865000,9,33883000,8,33864000,8,33884000,7
33872000,3,33875000,3,33871000,4,33876000,3,33870000,8,33877000,4,33869000,3,33878000,6,33868000,4,33879000,5,33867000,7,33880000,8,33866000,8,33881000,16,33865000,9,33882000,7,33864000,8,33883000,8,33863000,4,33884000,7
33872000,1,33873000,3,33871000,4,33874000,2,33870000,5,33875000,5,33869000,5,33876000,3,33868000,3,33877000,4,33867000,8,33878000,7,33866000,8,33879000,5,33865000,8,33880000,7,33864000,9,33881000,10,33863000,4,33882000,7
33870000,1,33872000,3,33869000,3,33873000,5,33868000,4,33874000,4,33867000,7,33875000,4,33866000,7,33876000,4,33865000,9,33877000,5,33864000,10,33878000,8,33863000,4,33879000,5,33862000,6,33880000,7,33861000,6,33881000,10
33867000,2,33869000,4,33866000,5,33870000,4,33865000,8,33871000,8,33864000,7,33872000,3,33863000,4,33873000,10,33862000,12,33874000,4,33861000,6,33875000,5,33860000,9,33876000,6,33859000,4,33877000,5,33858000,6,33878000,8
33866000,4,33869000,3,33865000,9,33870000,4,33864000,8,33871000,8,33863000,4,33872000,3,33862000,12,33873000,5,33861000,6,33874000,4,33860000,9,33875000,5,33859000,4,33876000,6,33858000,6,33877000,5,33857000,7,33878000,9
33866000,4,33869000,3,33865000,9,33870000,4,33864000,8,33871000,8,33863000,4,33872000,3,33862000,12,33873000,5,33861000,6,33874000,4,33860000,9,33875000,5,33859000,4,33876000,6,33858000,6,33877000,5,33857000,7,33878000,9
33875000,1,33876000,1,33874000,3,33877000,2,33873000,3,33878000,5,33872000,5,33879000,3,33871000,6,33880000,6,33870000,3,33881000,9,33869000,5,33882000,7,33868000,9,33883000,9,33867000,9,33884000,8,33866000,7,33885000,6
33882000,2,33885000,3,33881000,3,33886000,6,33880000,3,33887000,4,33879000,5,33888000,7,33878000,4,33889000,5,33877000,9,33890000,12,33876000,4,33891000,14,33875000,4,33892000,8,33874000,11,33893000,7,33873000,5,33894000,7
33883000,1,33885000,2,33882000,3,33886000,7,33881000,4,33887000,4,33880000,3,33888000,7,33879000,5,33889000,5,33878000,5,33890000,11,33877000,12,33891000,13,33876000,4,33892000,8,33875000,7,33893000,7,33874000,11,33894000,7
33881000,1,33882000,1,33880000,2,33883000,3,33879000,14,33884000,2,33878000,5,33885000,4,33877000,9,33886000,5,33876000,3,33887000,5,33875000,8,33888000,8,33874000,62,33889000,6,33873000,5,33890000,12,33872000,7,33891000,14
33881000,4,33884000,2,33880000,3,33885000,4,33879000,4,33886000,5,33878000,4,33887000,5,33877000,5,33888000,7,33876000,3,33889000,5,33875000,4,33890000,11,33874000,8,33891000,14,33873000,5,33892000,8,33872000,7,33893000,7
33886000,1,33887000,1,33885000,5,33888000,5,33884000,5,33889000,4,33883000,1,33890000,12,33882000,7,33891000,12,33881000,6,33892000,8,33880000,4,33893000,7,33879000,5,33894000,7,33878000,6,33895000,5,33877000,6,33896000,10
33884000,4,33886000,2,33883000,1,33887000,3,33882000,6,33888000,5,33881000,5,33889000,4,33880000,4,33890000,11,33879000,6,33891000,12,33878000,5,33892000,8,33877000,7,33893000,8,33876000,4,33894000,7,33875000,4,33895000,5
33886000,1,33888000,3,33885000,3,33889000,4,33884000,4,33890000,10,33883000,2,33891000,11,33882000,6,33892000,7,33881000,6,33893000,7,33880000,4,33894000,7,33879000,6,33895000,5,33878000,6,33896000,11,33877000,7,33897000,5
33884000,2,33886000,4,33883000,2,33887000,4,33882000,5,33888000,5,33881000,5,33889000,4,33880000,4,33890000,12,33879000,6,33891000,12,33878000,5,33892000,17,33877000,7,33893000,8,33876000,4,33894000,7,33875000,4,33895000,5
33879000,2,33880000,1,33878000,4,33881000,3,33877000,5,33882000,3,33876000,2,33883000,4,33875000,5,33884000,4,33874000,7,33885000,5,33873000,5,33886000,6,33872000,7,33887000,5,33871000,5,33888000,8,33870000,8,33889000,5
33877000,1,33879000,4,33876000,1,33880000,7,33875000,3,33881000,6,33874000,5,33882000,4,33873000,4,33883000,4,33872000,6,33884000,5,33871000,5,33885000,5,33870000,8,33886000,11,33869000,8,33887000,6,33868000,10,33888000,8
33870000,4,33872000,1,33869000,4,33873000,5,33868000,8,33874000,4,33867000,8,33875000,4,33866000,6,33876000,4,33865000,7,33877000,3,33864000,11,33878000,3,33863000,5,33879000,6,33862000,14,33880000,4,33861000,8,33881000,10
33869000,1,33871000,5,33868000,4,33872000,5,33867000,6,33873000,4,33866000,5,33874000,3,33865000,7,33875000,8,33864000,10,33876000,8,33863000,5,33877000,5,33862000,14,33878000,6,33861000,6,33879000,8,33860000,8,33880000,4
33871000,1,33872000,2,33870000,3,33873000,3,33869000,4,33874000,3,33868000,4,33875000,8,33867000,4,33876000,8,33866000,6,33877000,5,33865000,7,33878000,12,33864000,10,33879000,9,33863000,5,33880000,4,33862000,13,33881000,10
33875000,14,33877000,3,33872000,6,33878000,4,33871000,5,33879000,6,33870000,3,33880000,4,33869000,4,33881000,10,33868000,3,33882000,7,33867000,6,33883000,7,33866000,8,33884000,7,33865000,8,33885000,6,33864000,11,33886000,9
33879000,1,33880000,1,33878000,4,33881000,4,33877000,3,33882000,5,33876000,3,33883000,4,33875000,3,33884000,6,33874000,4,33885000,5,33873000,5,33886000,9,33872000,9,33887000,6,33871000,6,33888000,9,33870000,5,33889000,5
33875000,3,33878000,4,33874000,3,33879000,3,33873000,4,33880000,3,33872000,7,33881000,7,33871000,6,33882000,5,33870000,5,33883000,5,33869000,8,33884000,6,33868000,5,33885000,5,33867000,7,33886000,9,33866000,8,33887000,6
33876000,1,33878000,3,33875000,3,33879000,3,33874000,4,33880000,3,33873000,4,33881000,8,33872000,5,33882000,6,33871000,5,33883000,5,33870000,5,33884000,7,33869000,7,33885000,5,33868000,5,33886000,9,33867000,7,33887000,6
33875000,3,33878000,3,33874000,4,33879000,7,33873000,4,33880000,4,33872000,7,33881000,7,33871000,7,33882000,4,33870000,5,33883000,5,33869000,8,33884000,6,33868000,5,33885000,5,33867000,7,33886000,9,33866000,8,33887000,6
33878000,4,33881000,2,33877000,4,33882000,4,33876000,4,33883000,4,33875000,3,33884000,6,33874000,4,33885000,5,33873000,5,33886000,8,33872000,9,33887000,6,33871000,7,33888000,9,33870000,5,33889000,5,33869000,7,33890000,16
33877000,3,33879000,8,33876000,3,33880000,3,33875000,3,33881000,5,33874000,3,33882000,7,33873000,5,33883000,5,33872000,8,33884000,6,33871000,8,33885000,5,33870000,5,33886000,9,33869000,7,33887000,6,33868000,5,33888000,9
33877000,3,33879000,8,33876000,3,33880000,3,33875000,3,33881000,5,33874000,3,33882000,7,33873000,5,33883000,5,33872000,8,33884000,6,33871000,8,33885000,5,33870000,5,33886000,9,33869000,7,33887000,6,33868000,5,33888000,9
33878000,1,33880000,2,33877000,4,33881000,3,33876000,4,33882000,2,33875000,6,33883000,4,33874000,5,33884000,6,33873000,6,33885000,5,33872000,8,33886000,6,33871000,9,33887000,5,33870000,5,33888000,9,33869000,7,33889000,6
33884000,2,33886000,3,33883000,2,33887000,4,33882000,2,33888000,6,33881000,4,33889000,5,33880000,2,33890000,13,33879000,5,33891000,12,33878000,3,33892000,8,33877000,5,33893000,9,33876000,5,33894000,7,33875000,5,33895000,6
33876000,1,33878000,1,33875000,3,33879000,4,33874000,5,33880000,4,33873000,6,33881000,5,33872000,6,33882000,3,33871000,10,33883000,4,33870000,5,33884000,6,33869000,7,33885000,5,33868000,6,33886000,7,33867000,7,33887000,5
33877000,3,33879000,2,33876000,4,33880000,5,33875000,2,33881000,6,33874000,4,33882000,2,33873000,4,33883000,5,33872000,8,33884000,6,33871000,11,33885000,6,33870000,6,33886000,7,33869000,7,33887000,5,33868000,6,33888000,11
33876000,2,33878000,5,33875000,1,33879000,17,33874000,6,33880000,3,33873000,5,33881000,5,33872000,10,33882000,6,33871000,10,33883000,5,33870000,6,33884000,5,33869000,8,33885000,6,33868000,6,33886000,8,33867000,8,33887000,5
33873000,3,33875000,1,33872000,5,33876000,3,33871000,9,33877000,4,33870000,4,33878000,5,33869000,6,33879000,31,33868000,7,33880000,4,33867000,7,33881000,7,33866000,10,33882000,8,33865000,8,33883000,6,33864000,11,33884000,6
33874000,1,33876000,3,33873000,3,33877000,2,33872000,3,33878000,4,33871000,7,33879000,30,33870000,4,33880000,4,33869000,6,33881000,7,33868000,7,33882000,6,33867000,8,33883000,5,33866000,10,33884000,6,33865000,8,33885000,7
33872000,3,33873000,5,33871000,6,33874000,4,33870000,4,33875000,2,33869000,5,33876000,4,33868000,6,33877000,4,33867000,8,33878000,4,33866000,10,33879000,32,33865000,8,33880000,4,33864000,10,33881000,8,33863000,6,33882000,6
33873000,4,33876000,2,33872000,5,33877000,4,33871000,5,33878000,3,33870000,4,33879000,32,33869000,6,33880000,4,33868000,6,33881000,7,33867000,8,33882000,6,33866000,11,33883000,5,33865000,8,33884000,6,33864000,10,33885000,7
33873000,4,33875000,38,33872000,6,33877000,2,33871000,6,33878000,3,33870000,5,33879000,30,33869000,6,33880000,3,33868000,7,33881000,7,33867000,7,33882000,6,33866000,10,33883000,5,33865000,8,33884000,6,33864000,10,33885000,7
33870000,2,33872000,59,33869000,4,33873000,2,33868000,5,33874000,2,33867000,7,33875000,40,33866000,11,33876000,4,33865000,9,33877000,7,33864000,10,33878000,5,33863000,6,33879000,32,33862000,13,33880000,5,33861000,7,33881000,9
33866000,4,33868000,4,33865000,3,33869000,4,33864000,6,33870000,2,33863000,5,33871000,9,33862000,12,33872000,61,33861000,7,33873000,5,33860000,10,33874000,4,33859000,4,33875000,43,33858000,7,33876000,9,33857000,6,33877000,9
33863000,4,33866000,2,33862000,11,33867000,4,33861000,5,33868000,4,33860000,8,33869000,3,33859000,6,33870000,4,33858000,8,33871000,11,33857000,6,33872000,65,33856000,9,33873000,7,33855000,7,33874000,6,33854000,6,33875000,43
33863000,1,33866000,3,33862000,9,33867000,5,33861000,4,33868000,4,33860000,8,33869000,5,33859000,6,33870000,5,33858000,9,33871000,11,33857000,7,33872000,66,33856000,9,33873000,6,33855000,7,33874000,5,33854000,6,33875000,42
33863000,1,33865000,1,33862000,12,33866000,5,33861000,4,33867000,5,33860000,7,33868000,6,33859000,6,33869000,3,33858000,8,33870000,5,33857000,5,33871000,13,33856000,9,33872000,66,33855000,6,33873000,7,33854000,6,33874000,6
33864000,4,33866000,3,33863000,2,33867000,4,33862000,3,33868000,6,33861000,3,33869000,5,33860000,6,33870000,4,33859000,6,33871000,12,33858000,10,33872000,67,33857000,6,33873000,6,33856000,8,33874000,5,33855000,6,33875000,42
33867000,1,33869000,3,33866000,2,33870000,4,33865000,3,33871000,10,33864000,3,33872000,62,33863000,4,33873000,5,33862000,4,33874000,5,33861000,5,33875000,43,33860000,6,33876000,9,33859000,7,33877000,8,33858000,9,33878000,8
33869000,1,33871000,4,33868000,5,33872000,61,33867000,7,33873000,4,33866000,5,33874000,4,33865000,5,33875000,42,33864000,7,33876000,8,33863000,6,33877000,9,33862000,7,33878000,8,33861000,5,33879000,34,33860000,8,33880000,9
33868000,4,33869000,1,33867000,5,33870000,3,33866000,4,33871000,4,33865000,4,33872000,4,33864000,6,33873000,4,33863000,7,33874000,10,33862000,7,33875000,42,33861000,6,33876000,9,33860000,8,33877000,8,33859000,7,33878000,8
33866000,3,33869000,2,33865000,4,33870000,4,33864000,5,33871000,6,33863000,6,33872000,3,33862000,5,33873000,5,33861000,6,33874000,17,33860000,8,33875000,42,33859000,7,33876000,16,33858000,9,33877000,15,33857000,6,33878000,16
33866000,5,33869000,3,33865000,5,33870000,3,33864000,6,33871000,4,33863000,6,33872000,3,33862000,5,33873000,6,33861000,6,33874000,7,33860000,8,33875000,48,33859000,7,33876000,15,33858000,9,33877000,15,33857000,6,33878000,16
33872000,4,33874000,8,33871000,3,33875000,46,33870000,4,33876000,12,33869000,3,33877000,26,33868000,4,33878000,17,33867000,7,33879000,41,33866000,6,33880000,15,33865000,7,33881000,12,33864000,9,33882000,16,33863000,7,33883000,12
33875000,4,33877000,1,33874000,6,33878000,6,33873000,5,33879000,36,33872000,5,33880000,11,33871000,4,33881000,9,33870000,7,33882000,15,33869000,8,33883000,13,33868000,7,33884000,16,33867000,8,33885000,7,33866000,7,33886000,9
33879000,4,33880000,7,33878000,3,33881000,4,33877000,4,33882000,12,33876000,5,33883000,11,33875000,6,33884000,14,33874000,8,33885000,8,33873000,6,33886000,8,33872000,8,33887000,4,33871000,6,33888000,13,33870000,7,33889000,5
33882000,1,33883000,8,33881000,2,33884000,12,33880000,4,33885000,6,33879000,7,33886000,7,33878000,5,33887000,6,33877000,4,33888000,13,33876000,7,33889000,5,33875000,8,33890000,16,33874000,10,33891000,6,33873000,6,33892000,10
33874000,7,33876000,1,33873000,6,33877000,3,33872000,6,33878000,4,33871000,6,33879000,5,33870000,5,33880000,5,33869000,6,33881000,7,33868000,8,33882000,4,33867000,8,33883000,7,33866000,8,33884000,9,33865000,6,33885000,7
33877000,5,33879000,2,33876000,6,33880000,5,33875000,6,33881000,6,33874000,7,33882000,3,33873000,5,33883000,5,33872000,7,33884000,9,33871000,6,33885000,7,33870000,6,33886000,16,33869000,6,33887000,6,33868000,8,33888000,17
33881000,1,33882000,1,33880000,3,33883000,3,33879000,4,33884000,8,33878000,9,33885000,7,33877000,5,33886000,15,33876000,3,33887000,7,33875000,5,33888000,22,33874000,8,33889000,6,33873000,6,33890000,15,33872000,7,33891000,5
33883000,5,33885000,2,33882000,3,33886000,2,33881000,5,33887000,5,33880000,14,33888000,13,33879000,6,33889000,6,33878000,6,33890000,15,33877000,21,33891000,6,33876000,7,33892000,10,33875000,13,33893000,7,33874000,10,33894000,7
33887000,1,33888000,4,33886000,9,33889000,3,33885000,5,33890000,11,33884000,5,33891000,3,33883000,4,33892000,7,33882000,5,33893000,7,33881000,7,33894000,8,33880000,10,33895000,7,33879000,8,33896000,10,33878000,7,33897000,5
33890000,6,33892000,1,33889000,5,33893000,3,33888000,4,33894000,5,33887000,3,33895000,6,33886000,6,33896000,6,33885000,6,33897000,5,33884000,10,33898000,12,33883000,7,33899000,9,33882000,7,33900000,19,33881000,8,33901000,8
33889000,4,33891000,3,33888000,3,33892000,8,33887000,3,33893000,3,33886000,6,33894000,4,33885000,5,33895000,9,33884000,8,33896000,7,33883000,7,33897000,5,33882000,7,33898000,14,33881000,7,33899000,9,33880000,10,33900000,18
33891000,19,33892000,8,33890000,2,33893000,3,33889000,5,33894000,5,33888000,6,33895000,7,33887000,4,33896000,6,33886000,8,33897000,4,33885000,4,33898000,12,33884000,13,33899000,8,33883000,6,33900000,18,33882000,14,33901000,9
33891000,3,33892000,1,33890000,2,33893000,3,33889000,6,33894000,5,33888000,6,33895000,7,33887000,4,33896000,5,33886000,9,33897000,4,33885000,5,33898000,10,33884000,14,33899000,8,33883000,5,33900000,18,33882000,14,33901000,8
33888000,5,33890000,2,33887000,3,33891000,2,33886000,7,33892000,5,33885000,4,33893000,4,33884000,4,33894000,5,33883000,12,33895000,7,33882000,20,33896000,8,33881000,7,33897000,4,33880000,10,33898000,12,33879000,6,33899000,8
33888000,1,33889000,2,33887000,3,33890000,7,33886000,7,33891000,4,33885000,4,33892000,5,33884000,4,33893000,3,33883000,6,33894000,7,33882000,7,33895000,8,33881000,7,33896000,8,33880000,10,33897000,4,33879000,6,33898000,12
33886000,7,33888000,3,33885000,5,33889000,2,33884000,2,33890000,2,33883000,6,33891000,4,33882000,5,33892000,5,33881000,7,33893000,4,33880000,10,33894000,9,33879000,6,33895000,7,33878000,7,33896000,9,33877000,6,33897000,4
33890000,4,33892000,2,33889000,2,33893000,5,33888000,2,33894000,5,33887000,4,33895000,6,33886000,7,33896000,5,33885000,5,33897000,4,33884000,7,33898000,9,33883000,4,33899000,6,33882000,7,33900000,13,33881000,6,33901000,8
33891000,1,33893000,3,33890000,5,33894000,4,33889000,2,33895000,3,33888000,2,33896000,6,33887000,4,33897000,4,33886000,7,33898000,12,33885000,4,33899000,5,33884000,8,33900000,14,33883000,4,33901000,8,33882000,7,33902000,12
33888000,1,33889000,2,33887000,3,33890000,6,33886000,5,33891000,5,33885000,3,33892000,5,33884000,5,33893000,5,33883000,4,33894000,5,33882000,7,33895000,4,33881000,6,33896000,8,33880000,10,33897000,4,33879000,6,33898000,14
33886000,3,33888000,3,33885000,2,33889000,6,33884000,3,33890000,6,33883000,4,33891000,8,33882000,5,33892000,6,33881000,7,33893000,6,33880000,10,33894000,9,33879000,6,33895000,5,33878000,7,33896000,9,33877000,7,33897000,4
33890000,3,33893000,4,33889000,2,33894000,6,33888000,2,33895000,4,33887000,8,33896000,7,33886000,6,33897000,5,33885000,3,33898000,13,33884000,6,33899000,7,33883000,4,33900000,13,33882000,6,33901000,8,33881000,6,33902000,15
33891000,4,33893000,1,33890000,6,33894000,3,33889000,2,33895000,5,33888000,4,33896000,4,33887000,7,33897000,5,33886000,7,33898000,6,33885000,4,33899000,6,33884000,8,33900000,13,33883000,5,33901000,8,33882000,6,33902000,13
33891000,3,33894000,3,33890000,6,33895000,5,33889000,2,33896000,4,33888000,4,33897000,6,33887000,7,33898000,6,33886000,7,33899000,6,33885000,4,33900000,13,33884000,8,33901000,8,33883000,5,33902000,13,33882000,6,33903000,6
33892000,3,33895000,4,33891000,3,33896000,4,33890000,6,33897000,5,33889000,2,33898000,6,33888000,4,33899000,6,33887000,7,33900000,13,33886000,7,33901000,8,33885000,4,33902000,13,33884000,8,33903000,6,33883000,5,33904000,10
33896000,1,33898000,2,33895000,3,33899000,4,33894000,2,33900000,11,33893000,5,33901000,6,33892000,8,33902000,11,33891000,6,33903000,6,33890000,8,33904000,10,33889000,5,33905000,6,33888000,5,33906000,8,33887000,8,33907000,6
33901000,2,33903000,1,33900000,3,33904000,4,33899000,2,33905000,5,33898000,5,33906000,6,33897000,5,33907000,7,33896000,7,33908000,7,33895000,6,33909000,8,33894000,7,33910000,7,33893000,6,33911000,9,33892000,12,33912000,6
33899000,1,33900000,8,33898000,4,33902000,3,33897000,4,33903000,5,33896000,6,33904000,6,33895000,5,33905000,5,33894000,6,33906000,7,33893000,6,33907000,5,33892000,12,33908000,9,33891000,7,33909000,8,33890000,7,33910000,7
33897000,3,33899000,14,33896000,5,33900000,4,33895000,7,33902000,4,33894000,6,33903000,5,33893000,6,33904000,5,33892000,10,33905000,4,33891000,7,33906000,7,33890000,6,33907000,5,33889000,6,33908000,8,33888000,5,33909000,6
33895000,2,33898000,3,33894000,4,33899000,15,33893000,5,33900000,5,33892000,8,33901000,3,33891000,6,33902000,4,33890000,6,33903000,5,33889000,5,33904000,6,33888000,5,33905000,4,33887000,8,33906000,8,33886000,8,33907000,7
33892000,3,33895000,3,33891000,4,33896000,5,33890000,4,33897000,3,33889000,4,33898000,5,33888000,6,33899000,15,33887000,8,33900000,5,33886000,7,33901000,5,33885000,3,33902000,5,33884000,9,33903000,6,33883000,7,33904000,8
33892000,3,33895000,3,33891000,4,33896000,5,33890000,4,33897000,3,33889000,4,33898000,5,33888000,6,33899000,15,33887000,8,33900000,5,33886000,7,33901000,5,33885000,3,33902000,5,33884000,9,33903000,6,33883000,7,33904000,8
33889000,2,33892000,3,33888000,4,33893000,7,33887000,4,33894000,7,33886000,4,33895000,7,33885000,5,33896000,7,33884000,6,33897000,4,33883000,5,33898000,9,33882000,7,33899000,17,33881000,6,33900000,10,33880000,11,33901000,5
33891000,3,33894000,4,33890000,3,33895000,7,33889000,9,33896000,5,33888000,4,33897000,5,33887000,5,33898000,7,33886000,5,33899000,17,33885000,5,33900000,10,33884000,8,33901000,5,33883000,5,33902000,6,33882000,8,33903000,7
33892000,4,33894000,1,33891000,3,33895000,3,33890000,3,33896000,5,33889000,9,33897000,4,33888000,5,33898000,8,33887000,5,33899000,17,33886000,5,33900000,9,33885000,5,33901000,5,33884000,8,33902000,6,33883000,5,33903000,7
33889000,6,33890000,3,33888000,2,33892000,5,33887000,4,33893000,3,33886000,4,33894000,4,33885000,4,33895000,4,33884000,8,33896000,6,33883000,5,33897000,5,33882000,8,33898000,10,33881000,6,33899000,18,33880000,11,33900000,9
33893000,4,33895000,2,33892000,2,33896000,4,33891000,4,33897000,4,33890000,5,33898000,8,33889000,5,33899000,19,33888000,3,33900000,8,33887000,2,33901000,5,33886000,6,33902000,7,33885000,4,33903000,6,33884000,8,33904000,11
33892000,3,33895000,3,33891000,4,33896000,3,33890000,5,33897000,3,33889000,6,33898000,3,33888000,4,33899000,18,33887000,3,33900000,8,33886000,7,33901000,6,33885000,5,33902000,8,33884000,8,33903000,6,33883000,6,33904000,10
33892000,3,33894000,1,33891000,4,33895000,2,33890000,5,33896000,3,33889000,5,33897000,3,33888000,4,33898000,4,33887000,3,33899000,18,33886000,6,33900000,9,33885000,5,33901000,7,33884000,8,33902000,7,33883000,6,33903000,6
33895000,4,33898000,2,33894000,4,33899000,17,33893000,3,33900000,7,33892000,4,33901000,5,33891000,4,33902000,6,33890000,4,33903000,6,33889000,6,33904000,10,33888000,5,33905000,4,33887000,3,33906000,10,33886000,7,33907000,6
33899000,3,33901000,1,33898000,4,33902000,2,33897000,4,33903000,5,33896000,4,33904000,6,33895000,6,33905000,5,33894000,8,33906000,8,33893000,5,33907000,6,33892000,8,33908000,10,33891000,4,33909000,5,33890000,6,33910000,8
33901000,4,33903000,1,33900000,1,33904000,5,33899000,4,33905000,5,33898000,4,33906000,8,33897000,4,33907000,6,33896000,5,33908000,8,33895000,6,33909000,5,33894000,10,33910000,8,33893000,5,33911000,8,33892000,8,33912000,6
33900000,2,33903000,2,33899000,4,33904000,4,33898000,4,33905000,5,33897000,5,33906000,6,33896000,6,33907000,5,33895000,6,33908000,6,33894000,10,33909000,5,33893000,5,33910000,9,33892000,8,33911000,7,33891000,4,33912000,6
33900000,1,33902000,1,33899000,3,33903000,3,33898000,4,33904000,4,33897000,5,33905000,3,33896000,6,33906000,6,33895000,6,33907000,6,33894000,10,33908000,7,33893000,5,33909000,5,33892000,8,33910000,8,33891000,4,33911000,7
33901000,3,33904000,3,33900000,6,33905000,3,33899000,2,33906000,5,33898000,5,33907000,5,33897000,5,33908000,6,33896000,6,33909000,5,33895000,6,33910000,8,33894000,10,33911000,8,33893000,5,33912000,6,33892000,8,33913000,4
33904000,1,33906000,1,33903000,2,33907000,4,33902000,3,33908000,5,33901000,3,33909000,3,33900000,5,33910000,8,33899000,6,33911000,7,33898000,5,33912000,5,33897000,6,33913000,5,33896000,7,33914000,9,33895000,5,33915000,4
33899000,1,33901000,2,33898000,1,33902000,4,33897000,3,33903000,4,33896000,5,33904000,3,33895000,5,33905000,5,33894000,8,33906000,5,33893000,5,33907000,5,33892000,8,33908000,7,33891000,4,33909000,6,33890000,6,33910000,9
33907000,4,33909000,1,33906000,1,33910000,9,33905000,3,33911000,6,33904000,4,33912000,4,33903000,4,33913000,5,33902000,5,33914000,8,33901000,3,33915000,3,33900000,6,33916000,4,33899000,4,33917000,6,33898000,5,33918000,7
33905000,4,33908000,3,33904000,6,33909000,5,33903000,4,33910000,7,33902000,2,33911000,6,33901000,3,33912000,5,33900000,5,33913000,5,33899000,4,33914000,9,33898000,5,33915000,4,33897000,5,33916000,4,33896000,7,33917000,6
33901000,2,33903000,3,33900000,2,33904000,4,33899000,1,33905000,6,33898000,2,33906000,7,33897000,5,33907000,5,33896000,7,33908000,4,33895000,5,33909000,7,33894000,10,33910000,10,33893000,5,33911000,8,33892000,8,33912000,7
33900000,2,33903000,3,33899000,1,33904000,4,33898000,3,33905000,6,33897000,5,33906000,7,33896000,6,33907000,6,33895000,5,33908000,5,33894000,8,33909000,7,33893000,5,33910000,10,33892000,8,33911000,8,33891000,5,33912000,7
33901000,2,33904000,4,33900000,3,33905000,5,33899000,4,33906000,8,33898000,3,33907000,6,33897000,5,33908000,4,33896000,3,33909000,5,33895000,5,33910000,9,33894000,6,33911000,7,33893000,5,33912000,7,33892000,8,33913000,5
33901000,2,33904000,4,33900000,3,33905000,5,33899000,4,33906000,8,33898000,3,33907000,6,33897000,5,33908000,4,33896000,3,33909000,5,33895000,5,33910000,9,33894000,6,33911000,7,33893000,5,33912000,7,33892000,8,33913000,5
33899000,3,33901000,1,33898000,2,33902000,6,33897000,4,33903000,6,33896000,2,33904000,4,33895000,5,33905000,6,33894000,6,33906000,8,33893000,5,33907000,6,33892000,9,33908000,7,33891000,5,33909000,6,33890000,6,33910000,10
33902000,2,33904000,1,33901000,7,33905000,6,33900000,3,33906000,7,33899000,8,33907000,6,33898000,3,33908000,5,33897000,5,33909000,6,33896000,3,33910000,10,33895000,5,33911000,8,33894000,7,33912000,7,33893000,5,33913000,5
33907000,2,33909000,1,33906000,3,33910000,6,33905000,3,33911000,3,33904000,3,33912000,5,33903000,5,33913000,5,33902000,5,33914000,9,33901000,6,33915000,4,33900000,6,33916000,4,33899000,4,33917000,8,33898000,6,33918000,6
33909000,1,33910000,3,33908000,4,33911000,3,33907000,1,33912000,5,33906000,6,33913000,5,33905000,3,33914000,9,33904000,3,33915000,4,33903000,5,33916000,4,33902000,5,33917000,8,33901000,6,33918000,6,33900000,6,33919000,6
33909000,1,33910000,3,33908000,4,33911000,3,33907000,1,33912000,5,33906000,6,33913000,5,33905000,3,33914000,9,33904000,3,33915000,4,33903000,5,33916000,4,33902000,5,33917000,8,33901000,6,33918000,6,33900000,6,33919000,6
33908000,5,33909000,1,33907000,1,33913000,2,33906000,6,33914000,9,33905000,3,33915000,4,33904000,4,33916000,4,33903000,5,33917000,8,33902000,6,33918000,6,33901000,6,33919000,6,33900000,6,33920000,11,33899000,5,33921000,6
33906000,1,33909000,3,33905000,3,33910000,3,33904000,4,33911000,4,33903000,5,33912000,3,33902000,5,33913000,5,33901000,5,33914000,8,33900000,6,33915000,6,33899000,6,33916000,4,33898000,6,33917000,8,33897000,5,33918000,7
33902000,1,33903000,1,33901000,2,33904000,3,33900000,3,33905000,3,33899000,2,33906000,3,33898000,5,33907000,5,33897000,4,33908000,5,33896000,4,33909000,6,33895000,5,33910000,5,33894000,7,33911000,6,33893000,5,33912000,5
33900000,3,33903000,2,33899000,2,33904000,3,33898000,3,33905000,3,33897000,4,33906000,4,33896000,4,33907000,5,33895000,5,33908000,5,33894000,7,33909000,6,33893000,5,33910000,5,33892000,9,33911000,6,33891000,5,33912000,5
33900000,1,33902000,1,33899000,4,33903000,9,33898000,3,33904000,3,33897000,4,33905000,3,33896000,5,33906000,5,33895000,4,33907000,4,33894000,6,33908000,8,33893000,5,33909000,5,33892000,9,33910000,7,33891000,6,33911000,7
33908000,2,33910000,1,33907000,4,33911000,3,33906000,3,33912000,3,33905000,4,33913000,5,33904000,6,33914000,8,33903000,5,33915000,6,33902000,7,33916000,5,33901000,5,33917000,8,33900000,6,33918000,7,33899000,8,33919000,6
33905000,2,33907000,1,33904000,5,33908000,3,33903000,4,33909000,5,33902000,5,33910000,3,33901000,5,33911000,5,33900000,6,33912000,5,33899000,8,33913000,5,33898000,6,33914000,9,33897000,5,33915000,6,33896000,6,33916000,5
33907000,2,33909000,1,33906000,3,33910000,5,33905000,4,33911000,4,33904000,4,33912000,5,33903000,2,33913000,5,33902000,3,33914000,8,33901000,5,33915000,5,33900000,6,33916000,4,33899000,7,33917000,8,33898000,6,33918000,7
33906000,2,33908000,2,33905000,5,33909000,1,33904000,4,33910000,4,33903000,3,33911000,3,33902000,4,33912000,4,33901000,4,33913000,5,33900000,7,33914000,8,33899000,6,33915000,5,33898000,6,33916000,4,33897000,5,33917000,8
33906000,3,33908000,1,33905000,3,33909000,2,33904000,4,33910000,4,33903000,2,33911000,3,33902000,4,33912000,5,33901000,4,33913000,5,33900000,7,33914000,8,33899000,6,33915000,5,33898000,6,33916000,4,33897000,5,33917000,8
33909000,1,33912000,4,33908000,4,33913000,4,33907000,4,33914000,7,33906000,6,33915000,5,33905000,2,33916000,3,33904000,5,33917000,8,33903000,4,33918000,7,33902000,8,33919000,7,33901000,4,33920000,10,33900000,7,33921000,7
33909000,4,33912000,2,33908000,4,33913000,2,33907000,4,33914000,3,33906000,6,33915000,4,33905000,3,33916000,3,33904000,7,33917000,8,33903000,6,33918000,6,33902000,8,33919000,6,33901000,4,33920000,8,33900000,8,33921000,5
33906000,2,33908000,1,33904000,5,33909000,6,33903000,5,33910000,1,33902000,8,33911000,5,33901000,5,33912000,2,33900000,7,33913000,4,33899000,7,33914000,4,33898000,6,33915000,5,33897000,5,33916000,4,33896000,7,33917000,8
33906000,4,33909000,5,33905000,4,33910000,1,33904000,4,33911000,5,33903000,4,33912000,2,33902000,8,33913000,4,33901000,5,33914000,5,33900000,8,33915000,5,33899000,6,33916000,4,33898000,6,33917000,6,33897000,5,33918000,8
33904000,3,33905000,7,33903000,2,33907000,5,33902000,5,33908000,4,33901000,6,33909000,4,33900000,10,33910000,3,33899000,8,33911000,7,33898000,6,33912000,5,33897000,5,33913000,4,33896000,6,33914000,5,33895000,4,33915000,5
33905000,3,33908000,2,33904000,5,33909000,3,33903000,4,33910000,2,33902000,3,33911000,7,33901000,7,33912000,5,33900000,10,33913000,4,33899000,7,33914000,5,33898000,6,33915000,5,33897000,5,33916000,5,33896000,6,33917000,6
33909000,2,33911000,3,33908000,2,33912000,3,33907000,5,33913000,3,33906000,3,33914000,4,33905000,3,33915000,5,33904000,6,33916000,5,33903000,5,33917000,6,33902000,7,33918000,8,33901000,7,33919000,6,33900000,11,33920000,10
33911000,2,33914000,3,33910000,3,33915000,4,33909000,4,33916000,3,33908000,2,33917000,6,33907000,6,33918000,6,33906000,4,33919000,6,33905000,4,33920000,9,33904000,8,33921000,6,33903000,6,33922000,9,33902000,7,33923000,4
33909000,2,33911000,3,33908000,1,33912000,6,33907000,5,33913000,4,33906000,3,33914000,4,33905000,4,33915000,5,33904000,7,33916000,4,33903000,6,33917000,6,33902000,7,33918000,9,33901000,7,33919000,6,33900000,11,33920000,9
33913000,1,33915000,3,33912000,2,33916000,3,33911000,5,33917000,4,33910000,2,33918000,8,33909000,6,33919000,7,33908000,5,33920000,8,33907000,5,33921000,7,33906000,6,33922000,8,33905000,4,33923000,6,33904000,8,33924000,8
33911000,2,33914000,3,33910000,3,33915000,5,33909000,5,33916000,3,33908000,4,33917000,6,33907000,5,33918000,8,33906000,6,33919000,7,33905000,4,33920000,9,33904000,8,33921000,7,33903000,5,33922000,8,33902000,8,33923000,5
33916000,3,33919000,4,33915000,2,33920000,6,33914000,1,33921000,4,33913000,5,33922000,6,33912000,6,33923000,5,33911000,6,33924000,8,33910000,6,33925000,8,33909000,9,33926000,7,33908000,7,33927000,5,33907000,6,33928000,8
33917000,4,33920000,1,33916000,4,33921000,2,33915000,2,33922000,4,33914000,2,33923000,3,33913000,5,33924000,8,33912000,8,33925000,7,33911000,6,33926000,7,33910000,7,33927000,4,33909000,8,33928000,7,33908000,7,33929000,5
33916000,1,33918000,1,33915000,3,33919000,4,33914000,2,33920000,4,33913000,5,33921000,3,33912000,6,33922000,5,33911000,7,33923000,4,33910000,8,33924000,7,33909000,8,33925000,7,33908000,7,33926000,7,33907000,7,33927000,4
33914000,1,33915000,1,33913000,2,33916000,3,33912000,3,33917000,5,33911000,5,33918000,2,33910000,6,33919000,4,33909000,8,33920000,6,33908000,8,33921000,4,33907000,7,33922000,6,33906000,8,33923000,4,33905000,4,33924000,8
33917000,2,33920000,4,33916000,4,33921000,3,33915000,4,33922000,6,33914000,3,33923000,5,33913000,22,33924000,7,33912000,3,33925000,7,33911000,6,33926000,7,33910000,8,33927000,4,33909000,9,33928000,8,33908000,8,33929000,5
33921000,4,33924000,5,33920000,3,33925000,6,33918000,4,33926000,4,33917000,6,33927000,3,33916000,5,33928000,6,33915000,6,33929000,4,33914000,6,33930000,11,33913000,22,33931000,9,33912000,5,33932000,6,33911000,6,33933000,9
33920000,1,33921000,2,33919000,1,33922000,3,33918000,3,33923000,5,33917000,4,33924000,4,33916000,4,33925000,4,33915000,4,33926000,5,33914000,10,33927000,4,33913000,4,33928000,6,33912000,5,33929000,5,33911000,6,33930000,18
33923000,2,33925000,1,33922000,4,33926000,4,33921000,2,33927000,3,33920000,4,33928000,5,33919000,1,33929000,5,33918000,5,33930000,18,33917000,6,33931000,9,33916000,6,33932000,6,33915000,4,33933000,7,33914000,9,33934000,9
33922000,4,33925000,2,33921000,2,33926000,3,33920000,6,33927000,3,33919000,2,33928000,5,33918000,4,33929000,5,33917000,7,33930000,16,33916000,6,33931000,8,33915000,4,33932000,7,33914000,9,33933000,7,33913000,3,33934000,9
33921000,4,33923000,1,33920000,5,33924000,2,33919000,2,33925000,4,33918000,5,33926000,4,33917000,8,33927000,4,33916000,6,33928000,5,33915000,4,33929000,5,33914000,9,33930000,17,33913000,3,33931000,9,33912000,5,33932000,7
33925000,1,33926000,2,33924000,4,33927000,1,33923000,4,33928000,3,33922000,5,33929000,2,33921000,3,33930000,8,33920000,6,33931000,15,33919000,4,33932000,5,33918000,7,33933000,6,33917000,8,33934000,10,33916000,6,33935000,4
33926000,1,33928000,3,33925000,3,33929000,2,33924000,3,33930000,8,33923000,4,33931000,15,33922000,6,33932000,6,33921000,3,33933000,7,33920000,5,33934000,8,33919000,4,33935000,4,33918000,5,33936000,6,33917000,7,33937000,7
33926000,1,33928000,3,33925000,3,33929000,2,33924000,3,33930000,8,33923000,4,33931000,15,33922000,6,33932000,6,33921000,3,33933000,7,33920000,5,33934000,8,33919000,4,33935000,4,33918000,5,33936000,6,33917000,7,33937000,7
33927000,2,33929000,2,33926000,5,33930000,2,33925000,5,33931000,3,33924000,5,33932000,4,33923000,6,33933000,4,33922000,7,33934000,5,33921000,4,33935000,6,33920000,6,33936000,4,33919000,4,33937000,6,33918000,5,33938000,4
33926000,2,33927000,3,33925000,6,33928000,1,33924000,3,33929000,8,33923000,5,33930000,7,33922000,6,33931000,3,33921000,5,33932000,4,33920000,5,33933000,7,33919000,4,33934000,5,33918000,5,33935000,6,33917000,8,33936000,4
33927000,4,33929000,6,33926000,3,33930000,6,33925000,5,33931000,3,33924000,3,33932000,5,33923000,5,33933000,8,33922000,6,33934000,6,33921000,5,33935000,6,33920000,7,33936000,13,33919000,4,33937000,5,33918000,5,33938000,4
33925000,4,33927000,4,33924000,3,33928000,4,33923000,4,33929000,4,33922000,6,33930000,5,33921000,5,33931000,4,33920000,7,33932000,4,33919000,4,33933000,7,33918000,5,33934000,5,33917000,8,33935000,6,33916000,5,33936000,12
33921000,1,33922000,1,33920000,3,33923000,3,33919000,3,33924000,5,33918000,4,33925000,4,33917000,9,33926000,5,33916000,5,33927000,3,33915000,4,33928000,5,33914000,9,33929000,5,33913000,3,33930000,7,33912000,5,33931000,6
33917000,4,33920000,3,33916000,3,33921000,4,33915000,4,33922000,4,33914000,7,33923000,3,33913000,3,33924000,6,33912000,4,33925000,5,33911000,5,33926000,8,33910000,10,33927000,10,33909000,8,33928000,6,33908000,9,33929000,5
33920000,2,33922000,3,33919000,5,33923000,4,33918000,4,33924000,6,33917000,5,33925000,6,33916000,9,33926000,7,33915000,4,33927000,10,33914000,6,33928000,7,33913000,3,33929000,5,33912000,5,33930000,9,33911000,5,33931000,8
33923000,1,33924000,1,33922000,4,33925000,4,33921000,4,33926000,5,33920000,7,33927000,9,33919000,4,33928000,5,33918000,6,33929000,5,33917000,5,33930000,8,33916000,6,33931000,7,33915000,5,33932000,6,33914000,8,33933000,9
33920000,4,33923000,4,33919000,5,33924000,3,33918000,6,33925000,4,33917000,5,33926000,6,33916000,6,33927000,10,33915000,5,33928000,5,33914000,8,33929000,5,33913000,3,33930000,8,33912000,5,33931000,7,33911000,5,33932000,5
33920000,4,33923000,4,33919000,5,33924000,3,33918000,6,33925000,4,33917000,5,33926000,6,33916000,6,33927000,10,33915000,5,33928000,5,33914000,8,33929000,5,33913000,3,33930000,8,33912000,5,33931000,7,33911000,5,33932000,5
33925000,1,33926000,2,33924000,4,33927000,8,33923000,3,33928000,4,33922000,3,33929000,5,33921000,3,33930000,7,33920000,6,33931000,4,33919000,7,33932000,5,33918000,7,33933000,8,33917000,7,33934000,7,33916000,7,33935000,7
33923000,3,33925000,1,33922000,7,33926000,4,33921000,5,33927000,7,33920000,6,33928000,5,33919000,7,33929000,5,33918000,7,33930000,7,33917000,7,33931000,4,33916000,7,33932000,5,33915000,4,33933000,7,33914000,9,33934000,6
33924000,4,33926000,1,33923000,6,33927000,8,33922000,6,33928000,4,33921000,4,33929000,5,33920000,5,33930000,7,33919000,7,33931000,4,33918000,6,33932000,5,33917000,7,33933000,7,33916000,7,33934000,6,33915000,4,33935000,15
33924000,4,33926000,1,33923000,6,33927000,8,33922000,6,33928000,4,33921000,4,33929000,5,33920000,5,33930000,7,33919000,7,33931000,4,33918000,6,33932000,5,33917000,7,33933000,7,33916000,7,33934000,6,33915000,4,33935000,15
33927000,1,33929000,2,33926000,9,33930000,5,33925000,7,33931000,4,33924000,7,33932000,4,33923000,4,33933000,7,33922000,4,33934000,6,33921000,5,33935000,14,33920000,6,33936000,8,33919000,8,33937000,6,33918000,8,33938000,6
33927000,4,33929000,2,33926000,3,33930000,4,33925000,6,33931000,5,33924000,6,33932000,4,33923000,5,33933000,7,33922000,4,33934000,5,33921000,5,33935000,14,33920000,6,33936000,9,33919000,8,33937000,5,33918000,8,33938000,6
33930000,1,33931000,1,33929000,4,33932000,3,33928000,4,33933000,5,33927000,2,33934000,5,33926000,3,33935000,14,33925000,6,33936000,7,33924000,6,33937000,5,33923000,5,33938000,6,33922000,7,33939000,8,33921000,5,33940000,19
33930000,1,33931000,1,33929000,4,33932000,3,33928000,4,33933000,5,33927000,2,33934000,5,33926000,3,33935000,14,33925000,6,33936000,7,33924000,6,33937000,5,33923000,5,33938000,6,33922000,7,33939000,8,33921000,5,33940000,19
33936000,1,33938000,4,33935000,6,33939000,3,33934000,5,33940000,18,33933000,5,33941000,15,33932000,5,33942000,7,33931000,6,33943000,5,33930000,9,33944000,7,33929000,7,33945000,5,33928000,5,33946000,5,33927000,3,33947000,5
33935000,6,33936000,1,33934000,5,33938000,2,33933000,5,33939000,4,33932000,5,33940000,18,33931000,5,33941000,16,33930000,9,33942000,7,33929000,7,33943000,3,33928000,5,33944000,7,33927000,3,33945000,5,33926000,6,33946000,5
33934000,2,33937000,3,33933000,4,33938000,4,33932000,3,33939000,6,33931000,4,33940000,19,33930000,8,33941000,17,33929000,7,33942000,9,33928000,6,33943000,4,33927000,3,33944000,8,33926000,6,33945000,5,33925000,6,33946000,5
33934000,2,33937000,3,33933000,4,33938000,3,33932000,3,33939000,5,33931000,5,33940000,18,33930000,8,33941000,16,33929000,7,33942000,8,33928000,6,33943000,4,33927000,3,33944000,8,33926000,6,33945000,4,33925000,6,33946000,5
33934000,3,33937000,2,33933000,3,33938000,4,33932000,3,33939000,4,33931000,5,33940000,18,33930000,8,33941000,16,33929000,7,33942000,8,33928000,6,33943000,4,33927000,3,33944000,8,33926000,6,33945000,4,33925000,6,33946000,5
33936000,2,33939000,3,33935000,6,33940000,21,33934000,3,33941000,16,33933000,3,33942000,7,33932000,4,33943000,4,33931000,5,33944000,7,33930000,9,33945000,5,33929000,7,33946000,5,33928000,6,33947000,5,33927000,3,33948000,5
33937000,2,33940000,19,33936000,4,33941000,15,33935000,6,33942000,7,33934000,3,33943000,3,33933000,3,33944000,7,33932000,4,33945000,5,33931000,5,33946000,5,33930000,9,33947000,5,33929000,7,33948000,5,33928000,6,33949000,5
33938000,2,33940000,19,33937000,5,33941000,16,33936000,4,33942000,6,33935000,9,33943000,4,33934000,5,33944000,8,33933000,5,33945000,5,33932000,5,33946000,5,33931000,5,33947000,5,33930000,9,33948000,6,33929000,7,33949000,5
33942000,1,33943000,1,33941000,3,33944000,4,33940000,6,33945000,4,33939000,7,33946000,4,33938000,4,33947000,5,33937000,5,33948000,5,33936000,6,33949000,5,33935000,11,33950000,24,33934000,8,33951000,9,33933000,5,33952000,8
33943000,1,33945000,4,33942000,5,33946000,3,33941000,3,33947000,4,33940000,6,33948000,4,33939000,6,33949000,5,33938000,6,33950000,23,33937000,7,33951000,9,33936000,7,33952000,6,33935000,10,33953000,3,33934000,9,33954000,6
33943000,1,33945000,4,33942000,5,33946000,3,33941000,3,33947000,4,33940000,6,33948000,4,33939000,6,33949000,5,33938000,6,33950000,23,33937000,7,33951000,9,33936000,7,33952000,6,33935000,10,33953000,3,33934000,9,33954000,6
33938000,3,33941000,2,33937000,4,33942000,5,33936000,3,33943000,4,33935000,10,33944000,7,33934000,6,33945000,5,33933000,5,33946000,5,33932000,7,33947000,5,33931000,5,33948000,6,33930000,10,33949000,5,33929000,7,33950000,24
33942000,2,33944000,1,33941000,3,33945000,4,33940000,8,33946000,3,33939000,6,33947000,5,33938000,6,33948000,5,33937000,6,33949000,5,33936000,5,33950000,24,33935000,10,33951000,9,33934000,8,33952000,6,33933000,5,33953000,3
33943000,1,33945000,2,33942000,3,33946000,3,33941000,3,33947000,5,33940000,8,33948000,5,33939000,6,33949000,5,33938000,6,33950000,24,33937000,7,33951000,9,33936000,6,33952000,6,33935000,10,33953000,3,33934000,8,33954000,6
33939000,2,33941000,1,33938000,5,33942000,2,33937000,7,33943000,4,33936000,5,33944000,4,33935000,6,33945000,6,33934000,7,33946000,5,33933000,5,33947000,6,33932000,8,33948000,6,33931000,6,33949000,5,33930000,10,33950000,24
33941000,1,33942000,2,33940000,4,33943000,1,33939000,4,33944000,3,33938000,3,33945000,7,33937000,4,33946000,5,33936000,5,33947000,6,33935000,7,33948000,6,33934000,7,33949000,5,33933000,5,33950000,24,33932000,8,33951000,11
33945000,2,33947000,2,33944000,4,33948000,3,33943000,4,33949000,6,33942000,10,33950000,23,33941000,4,33951000,11,33940000,7,33952000,5,33939000,4,33953000,3,33938000,5,33954000,6,33937000,5,33955000,4,33936000,7,33956000,9
33942000,10,33945000,1,33941000,5,33946000,4,33940000,7,33947000,4,33939000,3,33948000,3,33938000,4,33949000,6,33937000,5,33950000,18,33936000,7,33951000,12,33935000,7,33952000,5,33934000,8,33953000,3,33933000,5,33954000,6
33945000,1,33946000,1,33944000,5,33947000,5,33943000,5,33948000,4,33942000,5,33949000,4,33941000,5,33950000,18,33940000,6,33951000,10,33939000,3,33952000,5,33938000,6,33953000,3,33937000,5,33954000,6,33936000,7,33955000,4
33945000,2,33948000,4,33944000,4,33949000,4,33943000,5,33950000,18,33942000,5,33951000,11,33941000,5,33952000,5,33940000,4,33953000,3,33939000,4,33954000,6,33938000,6,33955000,4,33937000,5,33956000,8,33936000,7,33957000,5
33945000,2,33948000,4,33944000,4,33949000,4,33943000,5,33950000,18,33942000,5,33951000,11,33941000,5,33952000,5,33940000,4,33953000,3,33939000,4,33954000,6,33938000,6,33955000,4,33937000,5,33956000,8,33936000,7,33957000,5
33945000,2,33948000,4,33944000,4,33949000,4,33943000,5,33950000,18,33942000,5,33951000,11,33941000,5,33952000,5,33940000,4,33953000,3,33939000,4,33954000,6,33938000,6,33955000,4,33937000,5,33956000,8,33936000,7,33957000,5
33945000,2,33948000,4,33944000,4,33949000,4,33943000,5,33950000,18,33942000,5,33951000,11,33941000,5,33952000,5,33940000,4,33953000,3,33939000,4,33954000,6,33938000,6,33955000,4,33937000,5,33956000,8,33936000,7,33957000,5
33954000,1,33956000,2,33952000,1,33957000,2,33951000,1,33958000,2,33950000,2,33959000,1,33949000,1,33960000,23,33948000,1,33961000,13,33947000,5,33962000,6,33946000,10,33963000,2,33945000,8,33964000,6,33944000,4,33965000,4
33949000,1,33951000,2,33948000,3,33952000,2,33947000,8,33953000,2,33946000,8,33954000,4,33945000,5,33955000,6,33944000,7,33956000,6,33943000,4,33957000,4,33942000,7,33958000,3,33941000,4,33959000,1,33940000,6,33960000,23
33947000,1,33949000,2,33946000,3,33950000,2,33945000,4,33951000,5,33944000,6,33952000,3,33943000,5,33953000,2,33942000,8,33954000,5,33941000,4,33955000,7,33940000,5,33956000,6,33939000,4,33957000,4,33938000,4,33958000,3
33944000,3,33947000,4,33943000,4,33948000,4,33942000,5,33949000,5,33941000,5,33950000,4,33940000,4,33951000,5,33939000,3,33952000,4,33938000,5,33953000,3,33937000,4,33954000,6,33936000,5,33955000,7,33935000,7,33956000,7
33940000,3,33942000,1,33939000,2,33943000,3,33938000,5,33944000,5,33937000,4,33945000,5,33936000,5,33946000,6,33935000,7,33947000,5,33934000,8,33948000,5,33933000,4,33949000,6,33932000,7,33950000,5,33931000,5,33951000,5
33940000,3,33942000,1,33939000,2,33943000,3,33938000,5,33944000,5,33937000,4,33945000,5,33936000,5,33946000,6,33935000,7,33947000,5,33934000,8,33948000,5,33933000,4,33949000,6,33932000,7,33950000,5,33931000,5,33951000,5
33939000,3,33940000,1,33938000,5,33941000,1,33937000,5,33942000,2,33936000,5,33943000,4,33935000,5,33944000,5,33934000,5,33945000,7,33933000,5,33946000,8,33932000,8,33947000,7,33931000,6,33948000,9,33930000,11,33949000,8
33939000,1,33941000,1,33938000,5,33942000,2,33937000,5,33943000,4,33936000,5,33944000,5,33935000,5,33945000,7,33934000,5,33946000,8,33933000,5,33947000,7,33932000,8,33948000,9,33931000,6,33949000,8,33930000,11,33950000,6
33937000,2,33939000,2,33936000,3,33940000,6,33935000,4,33941000,6,33934000,4,33942000,4,33933000,5,33943000,5,33932000,8,33944000,6,33931000,6,33945000,7,33930000,11,33946000,9,33929000,7,33947000,7,33928000,9,33948000,9
33938000,1,33940000,1,33937000,4,33941000,4,33936000,3,33942000,3,33935000,2,33943000,5,33934000,5,33944000,7,33933000,4,33945000,7,33932000,7,33946000,9,33931000,5,33947000,7,33930000,11,33948000,9,33929000,7,33949000,8
33938000,1,33940000,1,33937000,4,33941000,4,33936000,3,33942000,3,33935000,2,33943000,5,33934000,5,33944000,7,33933000,4,33945000,7,33932000,7,33946000,9,33931000,5,33947000,7,33930000,11,33948000,9,33929000,7,33949000,8
33935000,3,33938000,2,33934000,4,33939000,6,33933000,3,33940000,7,33932000,7,33941000,5,33931000,5,33942000,5,33930000,11,33943000,5,33929000,7,33944000,7,33928000,9,33945000,7,33927000,3,33946000,9,33926000,6,33947000,7
33936000,1,33938000,1,33935000,5,33939000,3,33934000,6,33940000,7,33933000,5,33941000,5,33932000,4,33942000,6,33931000,4,33943000,5,33930000,9,33944000,8,33929000,6,33945000,7,33928000,8,33946000,9,33927000,4,33947000,7
33936000,1,33938000,1,33935000,5,33939000,3,33934000,6,33940000,7,33933000,5,33941000,5,33932000,4,33942000,6,33931000,4,33943000,5,33930000,9,33944000,8,33929000,6,33945000,7,33928000,8,33946000,9,33927000,4,33947000,7
33932000,1,33933000,1,33931000,3,33934000,9,33930000,5,33935000,3,33929000,5,33936000,6,33928000,5,33937000,4,33927000,4,33938000,8,33926000,7,33939000,5,33925000,5,33940000,9,33924000,7,33941000,6,33923000,7,33942000,7
33927000,2,33928000,1,33926000,3,33929000,1,33925000,4,33930000,8,33924000,6,33931000,8,33923000,4,33932000,8,33922000,7,33933000,5,33921000,8,33934000,10,33920000,7,33935000,3,33919000,9,33936000,7,33918000,8,33937000,4
33926000,2,33928000,1,33925000,3,33929000,6,33924000,4,33930000,6,33923000,3,33931000,7,33922000,6,33932000,9,33921000,8,33933000,5,33920000,7,33934000,11,33919000,9,33935000,4,33918000,8,33936000,7,33917000,8,33937000,5
33922000,3,33925000,2,33921000,6,33926000,2,33920000,5,33927000,6,33919000,7,33928000,5,33918000,7,33929000,5,33917000,8,33930000,7,33916000,12,33931000,8,33915000,4,33932000,10,33914000,10,33933000,7,33913000,4,33934000,11
33918000,3,33921000,2,33917000,6,33922000,6,33916000,10,33923000,4,33915000,4,33924000,3,33914000,8,33925000,3,33913000,3,33926000,2,33912000,6,33927000,6,33911000,6,33928000,7,33910000,13,33929000,5,33909000,10,33930000,9
33919000,1,33921000,2,33918000,2,33922000,6,33917000,6,33923000,4,33916000,10,33924000,3,33915000,4,33925000,3,33914000,8,33926000,2,33913000,3,33927000,6,33912000,6,33928000,7,33911000,6,33929000,5,33910000,13,33930000,9
33918000,1,33920000,2,33917000,5,33921000,3,33916000,10,33922000,5,33915000,3,33923000,3,33914000,7,33924000,3,33913000,3,33925000,3,33912000,6,33926000,3,33911000,6,33927000,5,33910000,13,33928000,7,33909000,10,33929000,5
33922000,1,33924000,2,33921000,3,33925000,3,33920000,4,33926000,2,33919000,4,33927000,5,33918000,4,33928000,5,33917000,4,33929000,5,33916000,2,33930000,10,33915000,3,33931000,8,33914000,8,33932000,9,33913000,8,33933000,7
33922000,1,33924000,2,33921000,3,33925000,3,33920000,4,33926000,2,33919000,4,33927000,5,33918000,4,33928000,5,33917000,4,33929000,5,33916000,2,33930000,10,33915000,3,33931000,8,33914000,8,33932000,9,33913000,8,33933000,7
33920000,4,33923000,2,33919000,5,33924000,4,33918000,4,33925000,3,33917000,6,33926000,2,33916000,4,33927000,5,33915000,3,33928000,7,33914000,7,33929000,5,33913000,7,33930000,11,33912000,7,33931000,8,33911000,6,33932000,8
33921000,3,33924000,2,33920000,6,33925000,6,33919000,5,33926000,3,33918000,5,33927000,5,33917000,7,33928000,4,33916000,5,33929000,4,33915000,3,33930000,6,33914000,8,33931000,7,33913000,7,33932000,9,33912000,8,33933000,7
33919000,3,33922000,2,33918000,4,33923000,4,33917000,7,33924000,5,33916000,5,33925000,6,33915000,3,33926000,3,33914000,7,33927000,5,33913000,7,33928000,5,33912000,8,33929000,4,33911000,6,33930000,7,33910000,13,33931000,8
33918000,2,33920000,1,33917000,4,33921000,5,33916000,4,33922000,3,33915000,3,33923000,4,33914000,7,33924000,5,33913000,7,33925000,6,33912000,6,33926000,4,33911000,6,33927000,5,33910000,13,33928000,6,33909000,7,33929000,4
33917000,3,33920000,3,33916000,3,33921000,3,33915000,3,33922000,2,33914000,6,33923000,4,33913000,7,33924000,5,33912000,6,33925000,6,33911000,6,33926000,6,33910000,13,33927000,5,33909000,7,33928000,6,33908000,11,33929000,5
33916000,1,33919000,3,33915000,2,33920000,3,33914000,5,33921000,4,33913000,7,33922000,2,33912000,5,33923000,4,33911000,7,33924000,5,33910000,13,33925000,7,33909000,7,33926000,6,33908000,9,33927000,5,33907000,8,33928000,6
33918000,2,33921000,2,33917000,4,33922000,2,33916000,2,33923000,4,33915000,3,33924000,6,33914000,3,33925000,7,33913000,6,33926000,6,33912000,6,33927000,5,33911000,7,33928000,6,33910000,14,33929000,5,33909000,7,33930000,9
33918000,2,33921000,3,33917000,2,33922000,2,33916000,2,33923000,4,33915000,3,33924000,5,33914000,3,33925000,7,33913000,7,33926000,6,33912000,5,33927000,5,33911000,7,33928000,6,33910000,14,33929000,5,33909000,7,33930000,9
33919000,2,33921000,1,33918000,5,33922000,2,33917000,3,33923000,4,33916000,2,33924000,4,33915000,3,33925000,7,33914000,4,33926000,5,33913000,7,33927000,5,33912000,6,33928000,7,33911000,7,33929000,5,33910000,14,33930000,9
33919000,3,33922000,1,33918000,5,33923000,2,33917000,7,33924000,4,33916000,2,33925000,6,33915000,4,33926000,5,33914000,4,33927000,5,33913000,7,33928000,6,33912000,6,33929000,5,33911000,7,33930000,10,33910000,14,33931000,8
33921000,7,33925000,3,33920000,6,33926000,3,33919000,4,33927000,5,33918000,6,33928000,5,33917000,6,33929000,6,33916000,4,33930000,9,33915000,5,33931000,8,33914000,6,33932000,10,33913000,8,33933000,9,33912000,8,33934000,14
33925000,3,33928000,1,33924000,2,33929000,2,33923000,4,33930000,5,33922000,8,33931000,6,33921000,3,33932000,9,33920000,8,33933000,8,33919000,6,33934000,14,33918000,7,33935000,5,33917000,8,33936000,9,33916000,5,33937000,6
33923000,3,33925000,1,33922000,7,33926000,1,33921000,6,33927000,3,33920000,8,33928000,4,33919000,7,33929000,2,33918000,7,33930000,6,33917000,8,33931000,7,33916000,5,33932000,8,33915000,5,33933000,8,33914000,7,33934000,14
33924000,2,33927000,3,33923000,3,33928000,4,33922000,10,33929000,3,33921000,8,33930000,5,33920000,8,33931000,6,33919000,7,33932000,8,33918000,7,33933000,8,33917000,8,33934000,13,33916000,5,33935000,5,33915000,5,33936000,10
33919000,1,33922000,4,33918000,5,33923000,5,33917000,7,33924000,3,33916000,4,33925000,3,33915000,5,33926000,5,33914000,7,33927000,4,33913000,8,33928000,5,33912000,8,33929000,5,33911000,7,33930000,7,33910000,14,33931000,9
33914000,3,33917000,1,33913000,8,33918000,2,33912000,5,33919000,3,33911000,7,33920000,6,33910000,13,33921000,5,33909000,7,33922000,4,33908000,9,33923000,8,33907000,8,33924000,6,33906000,8,33925000,5,33905000,5,33926000,9
33915000,1,33917000,1,33914000,3,33918000,2,33913000,8,33919000,3,33912000,5,33920000,6,33911000,7,33921000,5,33910000,13,33922000,5,33909000,7,33923000,8,33908000,9,33924000,6,33907000,8,33925000,5,33906000,8,33926000,9
33918000,2,33920000,1,33917000,4,33921000,3,33916000,6,33922000,4,33915000,4,33923000,5,33914000,4,33924000,5,33913000,8,33925000,5,33912000,6,33926000,9,33911000,7,33927000,6,33910000,14,33928000,7,33909000,7,33929000,6
33920000,2,33923000,1,33919000,5,33924000,4,33918000,4,33925000,3,33917000,6,33926000,6,33916000,5,33927000,5,33915000,5,33928000,6,33914000,6,33929000,5,33913000,8,33930000,8,33912000,9,33931000,10,33911000,7,33932000,10
33920000,2,33923000,1,33919000,5,33924000,4,33918000,4,33925000,3,33917000,6,33926000,6,33916000,5,33927000,5,33915000,5,33928000,6,33914000,6,33929000,5,33913000,8,33930000,8,33912000,9,33931000,10,33911000,7,33932000,10
33927000,5,33930000,2,33926000,2,33931000,4,33925000,2,33932000,7,33924000,8,33933000,6,33923000,8,33934000,13,33922000,5,33935000,6,33921000,6,33936000,10,33920000,6,33937000,7,33919000,7,33938000,9,33918000,6,33939000,6
33930000,4,33932000,2,33929000,4,33933000,3,33928000,20,33934000,11,33927000,3,33935000,4,33926000,3,33936000,9,33925000,4,33937000,6,33924000,8,33938000,9,33923000,8,33939000,5,33922000,9,33940000,16,33921000,7,33941000,6
33932000,1,33936000,7,33931000,7,33937000,6,33930000,4,33938000,7,33929000,6,33939000,5,33928000,21,33940000,16,33927000,4,33941000,6,33926000,3,33942000,9,33925000,4,33943000,6,33924000,8,33944000,9,33923000,8,33945000,8
33933000,2,33935000,3,33932000,4,33936000,4,33931000,6,33937000,4,33930000,2,33938000,4,33929000,5,33939000,5,33928000,21,33940000,13,33927000,5,33941000,3,33926000,5,33942000,9,33925000,5,33943000,6,33924000,10,33944000,9
33928000,19,33931000,2,33927000,3,33932000,4,33926000,3,33933000,5,33925000,5,33934000,4,33924000,7,33935000,5,33923000,9,33936000,4,33922000,9,33937000,6,33921000,8,33938000,7,33920000,9,33939000,7,33919000,8,33940000,17
33931000,1,33933000,4,33930000,2,33934000,4,33929000,4,33935000,6,33928000,4,33936000,4,33927000,3,33937000,7,33926000,4,33938000,6,33925000,5,33939000,7,33924000,9,33940000,16,33923000,9,33941000,5,33922000,9,33942000,9
33931000,4,33934000,1,33930000,3,33935000,3,33929000,7,33936000,4,33928000,6,33937000,5,33927000,5,33938000,5,33926000,6,33939000,6,33925000,5,33940000,15,33924000,10,33941000,5,33923000,9,33942000,10,33922000,9,33943000,6
33932000,1,33934000,1,33931000,7,33935000,4,33930000,2,33936000,5,33929000,5,33937000,5,33928000,6,33938000,6,33927000,4,33939000,6,33926000,6,33940000,15,33925000,6,33941000,5,33924000,10,33942000,10,33923000,8,33943000,6
33932000,2,33933000,1,33931000,3,33934000,2,33930000,1,33935000,4,33929000,5,33936000,5,33928000,6,33937000,5,33927000,4,33938000,5,33926000,7,33939000,6,33925000,6,33940000,15,33924000,10,33941000,5,33923000,8,33942000,10
33932000,1,33935000,3,33931000,3,33936000,5,33930000,3,33937000,5,33929000,4,33938000,6,33928000,6,33939000,6,33927000,4,33940000,16,33926000,6,33941000,6,33925000,6,33942000,10,33924000,9,33943000,6,33923000,8,33944000,9
33932000,1,33934000,5,33931000,3,33935000,2,33930000,4,33936000,3,33929000,5,33937000,3,33928000,6,33938000,4,33927000,4,33939000,6,33926000,7,33940000,15,33925000,6,33941000,6,33924000,10,33942000,8,33923000,8,33943000,6
33933000,5,33935000,3,33932000,5,33937000,3,33931000,3,33938000,4,33930000,6,33939000,5,33929000,6,33940000,15,33928000,7,33941000,5,33927000,5,33942000,7,33926000,7,33943000,6,33925000,6,33944000,9,33924000,10,33945000,8
33931000,3,33932000,2,33930000,4,33934000,2,33929000,6,33935000,4,33928000,6,33936000,3,33927000,4,33937000,4,33926000,7,33938000,5,33925000,6,33939000,6,33924000,10,33940000,15,33923000,8,33941000,5,33922000,9,33942000,10
33931000,5,33934000,4,33930000,2,33935000,4,33929000,3,33936000,6,33928000,6,33937000,5,33927000,4,33938000,6,33926000,6,33939000,6,33925000,6,33940000,16,33924000,9,33941000,5,33923000,8,33942000,10,33922000,9,33943000,6
33931000,2,33934000,3,33930000,2,33935000,3,33929000,4,33936000,4,33928000,6,33937000,4,33927000,4,33938000,6,33926000,6,33939000,6,33925000,5,33940000,15,33924000,10,33941000,5,33923000,8,33942000,9,33922000,9,33943000,6
33932000,4,33935000,1,33931000,1,33936000,4,33930000,4,33937000,4,33929000,5,33938000,5,33928000,5,33939000,6,33927000,4,33940000,15,33926000,5,33941000,5,33925000,5,33942000,8,33924000,10,33943000,6,33923000,9,33944000,9
33935000,2,33938000,4,33934000,5,33939000,4,33933000,4,33940000,13,33932000,6,33941000,3,33931000,4,33942000,6,33930000,5,33943000,6,33929000,6,33944000,9,33928000,6,33945000,8,33927000,5,33946000,11,33926000,7,33947000,6
33935000,1,33937000,1,33934000,3,33938000,3,33933000,3,33939000,4,33932000,3,33940000,7,33931000,6,33941000,5,33930000,6,33942000,4,33929000,6,33943000,10,33928000,5,33944000,8,33927000,6,33945000,9,33926000,7,33946000,10
33936000,3,33939000,4,33935000,3,33940000,7,33934000,3,33941000,5,33933000,2,33942000,4,33932000,3,33943000,11,33931000,6,33944000,8,33930000,6,33945000,9,33929000,7,33946000,10,33928000,5,33947000,7,33927000,6,33948000,9
33940000,2,33942000,1,33939000,4,33943000,8,33938000,3,33944000,6,33937000,1,33945000,6,33936000,4,33946000,7,33935000,5,33947000,7,33934000,4,33948000,9,33933000,3,33949000,6,33932000,5,33950000,8,33931000,7,33951000,9
33943000,2,33945000,1,33942000,1,33946000,6,33941000,2,33947000,6,33940000,3,33948000,5,33939000,4,33949000,5,33938000,4,33950000,8,33937000,4,33951000,7,33936000,5,33952000,6,33935000,5,33953000,5,33934000,6,33954000,6
33941000,1,33943000,2,33940000,3,33944000,5,33939000,2,33945000,8,33938000,4,33946000,6,33937000,4,33947000,6,33936000,5,33948000,5,33935000,6,33949000,6,33934000,6,33950000,9,33933000,3,33951000,6,33932000,5,33952000,5
33940000,2,33943000,2,33939000,3,33944000,6,33938000,3,33945000,7,33937000,4,33946000,6,33936000,4,33947000,5,33935000,5,33948000,7,33934000,6,33949000,6,33933000,3,33950000,9,33932000,6,33951000,6,33931000,7,33952000,5
33941000,1,33942000,3,33940000,2,33943000,3,33939000,3,33944000,7,33938000,5,33945000,9,33937000,5,33946000,6,33936000,7,33947000,7,33935000,5,33948000,9,33934000,7,33949000,6,33933000,3,33950000,9,33932000,6,33951000,7
33942000,3,33945000,4,33941000,3,33946000,4,33940000,2,33947000,5,33939000,5,33948000,6,33938000,6,33949000,6,33937000,6,33950000,9,33936000,8,33951000,5,33935000,5,33952000,5,33934000,7,33953000,4,33933000,3,33954000,6
33942000,1,33945000,3,33941000,5,33946000,4,33940000,2,33947000,3,33939000,5,33948000,5,33938000,7,33949000,5,33937000,7,33950000,9,33936000,7,33951000,6,33935000,6,33952000,5,33934000,8,33953000,4,33933000,3,33954000,6
33938000,1,33940000,2,33937000,4,33941000,3,33936000,5,33942000,11,33935000,5,33943000,2,33934000,7,33944000,5,33933000,3,33945000,4,33932000,6,33946000,6,33931000,6,33947000,7,33930000,7,33948000,7,33929000,8,33949000,6
33940000,1,33942000,11,33939000,2,33943000,2,33938000,3,33944000,5,33937000,4,33945000,4,33936000,5,33946000,6,33935000,5,33947000,7,33934000,6,33948000,8,33933000,5,33949000,6,33932000,6,33950000,11,33931000,6,33951000,7
33937000,2,33939000,1,33936000,2,33940000,4,33935000,4,33941000,4,33934000,6,33942000,4,33933000,4,33943000,5,33932000,5,33944000,6,33931000,6,33945000,4,33930000,7,33946000,7,33929000,7,33947000,12,33928000,5,33948000,7
33936000,1,33938000,1,33935000,4,33939000,4,33934000,5,33940000,7,33933000,4,33941000,4,33932000,5,33942000,4,33931000,5,33943000,6,33930000,7,33944000,6,33929000,7,33945000,4,33928000,5,33946000,7,33927000,6,33947000,13
33936000,2,33939000,4,33935000,3,33940000,7,33934000,4,33941000,4,33933000,3,33942000,5,33932000,4,33943000,6,33931000,5,33944000,7,33930000,7,33945000,4,33929000,7,33946000,7,33928000,5,33947000,13,33927000,6,33948000,7
33938000,3,33941000,2,33937000,3,33942000,4,33936000,2,33943000,5,33935000,4,33944000,5,33934000,5,33945000,5,33933000,7,33946000,6,33932000,7,33947000,13,33931000,5,33948000,9,33930000,7,33949000,6,33929000,6,33950000,10
33938000,1,33940000,2,33937000,3,33941000,5,33936000,2,33942000,4,33935000,5,33943000,4,33934000,5,33944000,5,33933000,7,33945000,5,33932000,7,33946000,5,33931000,5,33947000,13,33930000,8,33948000,7,33929000,7,33949000,6
33938000,1,33940000,2,33937000,3,33941000,5,33936000,2,33942000,4,33935000,5,33943000,4,33934000,5,33944000,5,33933000,7,33945000,5,33932000,7,33946000,5,33931000,5,33947000,13,33930000,8,33948000,7,33929000,7,33949000,6
33935000,3,33938000,2,33934000,2,33939000,6,33933000,5,33940000,4,33932000,4,33941000,5,33931000,4,33942000,6,33930000,7,33943000,5,33929000,7,33944000,7,33928000,6,33945000,5,33927000,5,33946000,6,33926000,9,33947000,14
33935000,3,33938000,2,33934000,3,33939000,3,33933000,4,33940000,4,33932000,4,33941000,5,33931000,4,33942000,5,33930000,7,33943000,5,33929000,7,33944000,6,33928000,6,33945000,5,33927000,5,33946000,6,33926000,9,33947000,14
33935000,4,33938000,8,33934000,1,33939000,3,33933000,3,33940000,4,33932000,4,33941000,5,33931000,4,33942000,6,33930000,6,33943000,4,33929000,7,33944000,6,33928000,6,33945000,5,33927000,5,33946000,6,33926000,9,33947000,14
33938000,3,33941000,2,33937000,2,33942000,5,33936000,3,33943000,3,33935000,2,33944000,4,33934000,2,33945000,5,33933000,5,33946000,6,33932000,6,33947000,14,33931000,4,33948000,8,33930000,7,33949000,6,33929000,6,33950000,13
33942000,2,33944000,2,33941000,6,33945000,4,33940000,2,33946000,4,33939000,5,33947000,10,33938000,4,33948000,5,33937000,3,33949000,7,33936000,4,33950000,11,33935000,3,33951000,8,33934000,5,33952000,5,33933000,6,33953000,5
33944000,3,33947000,9,33943000,6,33948000,4,33942000,4,33949000,4,33941000,5,33950000,9,33940000,5,33951000,6,33939000,4,33952000,6,33938000,4,33953000,4,33937000,5,33954000,6,33936000,4,33955000,6,33935000,3,33956000,9
33944000,4,33946000,2,33943000,5,33947000,3,33942000,5,33948000,3,33941000,2,33949000,4,33940000,5,33950000,7,33939000,4,33951000,5,33938000,5,33952000,5,33937000,5,33953000,5,33936000,5,33954000,7,33935000,2,33955000,6
33941000,2,33942000,2,33940000,3,33943000,3,33939000,2,33944000,4,33938000,3,33945000,3,33937000,4,33946000,4,33936000,4,33947000,4,33935000,2,33948000,4,33934000,7,33949000,6,33933000,6,33950000,9,33932000,7,33951000,6
33944000,1,33945000,2,33943000,2,33946000,3,33942000,2,33947000,3,33941000,3,33948000,5,33940000,6,33949000,5,33939000,7,33950000,9,33938000,4,33951000,7,33937000,4,33952000,6,33936000,5,33953000,10,33935000,3,33954000,7
33945000,2,33948000,4,33944000,4,33949000,4,33943000,2,33950000,7,33942000,3,33951000,6,33941000,4,33952000,5,33940000,7,33953000,10,33939000,10,33954000,7,33938000,5,33955000,5,33937000,5,33956000,6,33936000,5,33957000,5
33944000,3,33947000,3,33943000,2,33948000,5,33942000,4,33949000,4,33941000,4,33950000,7,33940000,7,33951000,5,33939000,10,33952000,5,33938000,5,33953000,10,33937000,6,33954000,7,33936000,5,33955000,5,33935000,3,33956000,6
33944000,4,33947000,3,33943000,3,33948000,5,33942000,7,33949000,4,33941000,4,33950000,9,33940000,7,33951000,7,33939000,9,33952000,6,33938000,5,33953000,10,33937000,5,33954000,7,33936000,5,33955000,5,33935000,3,33956000,6
33943000,2,33946000,4,33942000,3,33947000,4,33941000,5,33948000,4,33940000,7,33949000,4,33939000,10,33950000,8,33938000,5,33951000,5,33937000,5,33952000,6,33936000,6,33953000,10,33935000,3,33954000,7,33934000,7,33955000,5
33940000,6,33943000,1,33939000,8,33944000,3,33938000,4,33945000,5,33937000,4,33946000,55,33936000,6,33947000,4,33935000,3,33948000,4,33934000,7,33949000,6,33933000,11,33950000,8,33932000,11,33951000,7,33931000,15,33952000,6
33936000,1,33937000,1,33934000,3,33938000,3,33933000,6,33939000,4,33932000,4,33940000,4,33931000,4,33941000,3,33930000,8,33942000,8,33929000,7,33943000,8,33928000,7,33944000,7,33927000,6,33945000,7,33926000,10,33946000,60
33934000,1,33936000,2,33933000,4,33937000,4,33932000,4,33938000,4,33931000,4,33939000,3,33930000,7,33940000,5,33929000,6,33941000,4,33928000,7,33942000,9,33927000,6,33943000,9,33926000,9,33944000,7,33925000,10,33945000,7
33934000,2,33937000,4,33933000,4,33938000,4,33932000,4,33939000,3,33931000,4,33940000,5,33930000,6,33941000,5,33929000,6,33942000,10,33928000,6,33943000,9,33927000,6,33944000,7,33926000,9,33945000,8,33925000,10,33946000,60
33934000,2,33937000,3,33933000,5,33938000,4,33932000,4,33939000,3,33931000,5,33940000,4,33930000,6,33941000,4,33929000,7,33942000,8,33928000,7,33943000,9,33927000,6,33944000,7,33926000,9,33945000,8,33925000,10,33946000,61
33931000,2,33933000,3,33930000,5,33935000,4,33929000,6,33936000,3,33928000,6,33937000,5,33927000,6,33938000,5,33926000,8,33939000,5,33925000,10,33940000,6,33924000,7,33941000,5,33923000,8,33942000,11,33922000,10,33943000,9
33927000,4,33929000,2,33926000,5,33930000,1,33925000,9,33931000,2,33924000,5,33932000,3,33923000,8,33933000,5,33922000,10,33934000,1,33921000,5,33935000,4,33920000,7,33936000,4,33919000,6,33937000,6,33918000,6,33938000,8
33927000,4,33929000,2,33926000,5,33930000,1,33925000,9,33931000,2,33924000,5,33932000,3,33923000,8,33933000,5,33922000,10,33934000,1,33921000,5,33935000,4,33920000,7,33936000,4,33919000,6,33937000,6,33918000,6,33938000,8
33928000,2,33929000,2,33922000,1,33930000,3,33921000,5,33931000,2,33920000,7,33932000,3,33919000,6,33933000,5,33918000,6,33934000,1,33917000,10,33935000,4,33916000,6,33936000,5,33915000,3,33937000,6,33914000,8,33938000,8
33928000,2,33930000,2,33927000,2,33931000,3,33926000,2,33932000,4,33925000,3,33933000,7,33924000,6,33934000,3,33923000,4,33935000,6,33922000,7,33936000,5,33921000,4,33937000,6,33920000,9,33938000,10,33919000,6,33939000,7
33927000,1,33928000,2,33926000,1,33929000,3,33925000,3,33930000,7,33924000,5,33931000,2,33923000,4,33932000,5,33922000,8,33933000,7,33921000,4,33934000,3,33920000,9,33935000,7,33919000,6,33936000,6,33918000,6,33937000,6
33928000,2,33930000,4,33927000,5,33931000,4,33926000,5,33932000,5,33925000,4,33933000,3,33924000,6,33934000,3,33923000,4,33935000,7,33922000,7,33936000,7,33921000,6,33937000,6,33920000,9,33938000,9,33919000,12,33939000,8
33932000,1,33934000,1,33931000,6,33935000,4,33930000,5,33936000,3,33929000,6,33937000,6,33928000,4,33938000,6,33927000,6,33939000,7,33926000,7,33940000,58,33925000,6,33941000,5,33924000,7,33942000,12,33923000,5,33943000,9
33934000,1,33937000,3,33933000,3,33938000,4,33932000,3,33939000,6,33931000,6,33940000,57,33930000,5,33941000,5,33929000,7,33942000,10,33928000,6,33943000,9,33927000,7,33944000,13,33926000,7,33945000,6,33925000,6,33946000,9
33934000,1,33936000,2,33933000,3,33937000,3,33932000,3,33938000,4,33931000,7,33939000,6,33930000,6,33940000,56,33929000,8,33941000,4,33928000,6,33942000,9,33927000,7,33943000,9,33926000,8,33944000,13,33925000,6,33945000,5
33932000,2,33935000,3,33931000,6,33936000,3,33930000,5,33937000,3,33929000,8,33938000,4,33928000,5,33939000,6,33927000,7,33940000,57,33926000,7,33941000,5,33925000,6,33942000,10,33924000,7,33943000,9,33923000,5,33944000,13
33931000,1,33934000,4,33930000,4,33935000,3,33929000,3,33936000,5,33928000,6,33937000,5,33927000,5,33938000,5,33926000,7,33939000,6,33925000,6,33940000,58,33924000,7,33941000,5,33923000,5,33942000,11,33922000,9,33943000,9
33936000,1,33939000,4,33935000,4,33940000,56,33934000,2,33941000,4,33933000,2,33942000,9,33932000,4,33943000,9,33931000,4,33944000,13,33930000,8,33945000,5,33929000,6,33946000,9,33928000,6,33947000,6,33927000,7,33948000,7
33934000,2,33936000,1,33933000,3,33937000,3,33932000,5,33938000,4,33931000,3,33939000,3,33930000,7,33940000,4,33929000,5,33941000,5,33928000,6,33942000,5,33927000,6,33943000,6,33926000,7,33944000,12,33925000,6,33945000,4
33931000,2,33933000,1,33930000,4,33934000,3,33929000,4,33935000,3,33928000,5,33936000,6,33927000,4,33937000,4,33926000,7,33938000,5,33925000,6,33939000,6,33924000,7,33940000,7,33923000,5,33941000,6,33922000,8,33942000,8
33932000,1,33934000,1,33931000,3,33935000,3,33930000,3,33936000,6,33929000,4,33937000,4,33928000,4,33938000,5,33927000,4,33939000,6,33926000,6,33940000,7,33925000,5,33941000,6,33924000,7,33942000,8,33923000,5,33943000,7
33933000,1,33934000,1,33932000,1,33935000,4,33931000,3,33936000,7,33930000,3,33937000,2,33929000,5,33938000,5,33928000,5,33939000,5,33927000,4,33940000,7,33926000,7,33941000,6,33925000,5,33942000,7,33924000,7,33943000,7
33926000,2,33928000,1,33925000,3,33929000,3,33924000,4,33930000,5,33923000,4,33931000,4,33922000,6,33932000,6,33921000,7,33933000,4,33920000,14,33934000,5,33919000,8,33935000,5,33918000,5,33936000,6,33917000,8,33937000,4
33927000,2,33930000,3,33926000,4,33931000,5,33925000,3,33932000,7,33924000,5,33933000,5,33923000,4,33934000,5,33922000,6,33935000,5,33921000,7,33936000,6,33920000,15,33937000,4,33919000,8,33938000,7,33918000,5,33939000,5
33928000,1,33930000,4,33927000,3,33931000,4,33926000,3,33932000,4,33925000,2,33933000,6,33924000,5,33934000,5,33923000,3,33935000,6,33922000,6,33936000,6,33921000,7,33937000,4,33920000,15,33938000,7,33919000,8,33939000,5
33935000,1,33936000,2,33933000,2,33937000,4,33932000,1,33938000,3,33931000,5,33939000,4,33930000,4,33940000,6,33929000,6,33941000,5,33928000,4,33942000,8,33927000,5,33943000,8,33926000,5,33944000,12,33925000,3,33945000,8
33932000,2,33935000,2,33931000,4,33936000,2,33930000,3,33937000,4,33929000,6,33938000,3,33928000,4,33939000,4,33927000,4,33940000,6,33926000,5,33941000,6,33925000,3,33942000,8,33924000,6,33943000,8,33923000,6,33944000,12
33929000,1,33931000,3,33928000,3,33932000,3,33927000,3,33933000,2,33926000,4,33934000,5,33925000,3,33935000,4,33924000,5,33936000,3,33923000,6,33937000,6,33922000,8,33938000,7,33921000,7,33939000,5,33920000,11,33940000,7
33930000,3,33933000,2,33929000,5,33934000,4,33928000,4,33935000,3,33927000,2,33936000,4,33926000,5,33937000,6,33925000,3,33938000,7,33924000,6,33939000,5,33923000,5,33940000,7,33922000,8,33941000,6,33921000,6,33942000,9
33927000,3,33930000,2,33926000,2,33931000,3,33925000,3,33932000,3,33924000,5,33933000,4,33923000,5,33934000,5,33922000,8,33935000,4,33921000,6,33936000,4,33920000,10,33937000,6,33919000,8,33938000,7,33918000,6,33939000,5
33931000,1,33933000,3,33930000,3,33934000,5,33929000,4,33935000,4,33928000,4,33936000,5,33927000,3,33937000,6,33926000,4,33938000,6,33925000,3,33939000,5,33924000,7,33940000,8,33923000,5,33941000,6,33922000,8,33942000,9
33933000,3,33936000,2,33932000,3,33937000,4,33931000,3,33938000,4,33930000,4,33939000,4,33929000,5,33940000,7,33928000,5,33941000,6,33927000,4,33942000,9,33926000,5,33943000,7,33925000,4,33944000,12,33924000,7,33945000,8
33933000,3,33935000,4,33932000,3,33936000,3,33931000,4,33937000,5,33930000,4,33938000,4,33929000,5,33939000,2,33928000,7,33940000,6,33927000,5,33941000,5,33926000,5,33942000,8,33925000,4,33943000,7,33924000,7,33944000,13
33934000,2,33936000,1,33933000,4,33937000,5,33932000,3,33938000,4,33931000,3,33939000,4,33930000,4,33940000,6,33929000,5,33941000,5,33928000,6,33942000,9,33927000,5,33943000,7,33926000,5,33944000,13,33925000,4,33945000,6
33937000,2,33940000,3,33936000,3,33941000,4,33935000,4,33942000,5,33934000,2,33943000,6,33933000,4,33944000,8,33932000,5,33945000,6,33931000,3,33946000,9,33930000,5,33947000,7,33929000,6,33948000,7,33928000,6,33949000,5
33937000,2,33940000,3,33936000,3,33941000,4,33935000,4,33942000,5,33934000,2,33943000,6,33933000,4,33944000,8,33932000,5,33945000,6,33931000,3,33946000,9,33930000,5,33947000,7,33929000,6,33948000,7,33928000,6,33949000,5
33937000,2,33940000,3,33936000,3,33941000,4,33935000,4,33942000,5,33934000,2,33943000,6,33933000,4,33944000,8,33932000,5,33945000,6,33931000,3,33946000,9,33930000,5,33947000,7,33929000,6,33948000,7,33928000,6,33949000,5
33943000,2,33946000,3,33942000,3,33947000,3,33941000,5,33948000,5,33940000,4,33949000,3,33939000,6,33950000,15,33938000,8,33951000,7,33937000,8,33952000,6,33936000,5,33953000,10,33935000,6,33954000,6,33934000,7,33955000,7
33943000,2,33946000,3,33942000,3,33947000,3,33941000,5,33948000,5,33940000,4,33949000,3,33939000,6,33950000,15,33938000,8,33951000,7,33937000,8,33952000,6,33936000,5,33953000,10,33935000,6,33954000,6,33934000,7,33955000,7
33943000,2,33946000,3,33942000,3,33947000,3,33941000,5,33948000,5,33940000,4,33949000,3,33939000,6,33950000,15,33938000,8,33951000,7,33937000,8,33952000,6,33936000,5,33953000,10,33935000,6,33954000,6,33934000,7,33955000,7
33943000,2,33946000,3,33942000,3,33947000,3,33941000,5,33948000,5,33940000,4,33949000,3,33939000,6,33950000,15,33938000,8,33951000,7,33937000,8,33952000,6,33936000,5,33953000,10,33935000,6,33954000,6,33934000,7,33955000,7
33943000,2,33946000,3,33942000,3,33947000,3,33941000,5,33948000,5,33940000,4,33949000,3,33939000,6,33950000,15,33938000,8,33951000,7,33937000,8,33952000,6,33936000,5,33953000,10,33935000,6,33954000,6,33934000,7,33955000,7
33943000,2,33946000,3,33942000,3,33947000,3,33941000,5,33948000,5,33940000,4,33949000,3,33939000,6,33950000,15,33938000,8,33951000,7,33937000,8,33952000,6,33936000,5,33953000,10,33935000,6,33954000,6,33934000,7,33955000,7
33943000,2,33946000,3,33942000,3,33947000,3,33941000,5,33948000,5,33940000,4,33949000,3,33939000,6,33950000,15,33938000,8,33951000,7,33937000,8,33952000,6,33936000,5,33953000,10,33935000,6,33954000,6,33934000,7,33955000,7
33961000,2,33962000,2,33960000,1,33963000,1,33959000,3,33967000,1,33958000,1,33968000,3,33956000,3,33969000,5,33955000,2,33970000,23,33954000,2,33971000,8,33953000,2,33972000,9,33952000,2,33973000,6,33951000,3,33974000,5
33961000,2,33967000,1,33960000,1,33968000,4,33959000,3,33969000,6,33958000,1,33970000,23,33956000,3,33971000,8,33955000,2,33972000,9,33954000,2,33973000,6,33953000,2,33974000,5,33952000,2,33975000,3,33951000,3,33976000,5
33963000,1,33968000,4,33961000,2,33969000,6,33960000,1,33970000,23,33959000,3,33971000,8,33958000,1,33972000,9,33956000,3,33973000,6,33955000,2,33974000,5,33954000,2,33975000,3,33953000,2,33976000,5,33952000,2,33977000,3
33960000,1,33963000,1,33959000,3,33964000,1,33958000,1,33965000,2,33956000,2,33966000,4,33955000,2,33967000,6,33954000,3,33968000,5,33953000,2,33969000,6,33952000,2,33970000,23,33951000,4,33971000,8,33950000,4,33972000,9
33957000,2,33960000,1,33956000,3,33961000,2,33955000,2,33962000,4,33954000,3,33963000,3,33953000,2,33964000,4,33952000,4,33965000,3,33951000,5,33966000,4,33950000,5,33967000,11,33949000,5,33968000,6,33948000,6,33969000,6
33951000,2,33953000,1,33950000,3,33954000,3,33949000,3,33955000,3,33948000,4,33956000,4,33947000,4,33957000,3,33946000,5,33958000,3,33945000,2,33959000,4,33944000,9,33960000,3,33943000,5,33961000,4,33942000,7,33962000,4
33952000,1,33954000,2,33951000,3,33955000,3,33950000,3,33956000,4,33949000,3,33957000,3,33948000,4,33958000,3,33947000,4,33959000,4,33946000,8,33960000,3,33945000,2,33961000,4,33944000,9,33962000,4,33943000,5,33963000,4
33953000,3,33956000,1,33952000,3,33957000,3,33951000,3,33958000,3,33950000,4,33959000,4,33949000,4,33960000,2,33948000,4,33961000,4,33947000,4,33962000,4,33946000,9,33963000,4,33945000,2,33964000,7,33944000,8,33965000,5
33953000,3,33956000,1,33952000,3,33957000,3,33951000,3,33958000,3,33950000,4,33959000,4,33949000,4,33960000,2,33948000,4,33961000,4,33947000,4,33962000,4,33946000,9,33963000,4,33945000,2,33964000,7,33944000,8,33965000,5
33951000,2,33954000,3,33950000,3,33955000,4,33949000,4,33956000,5,33948000,3,33957000,3,33947000,3,33958000,3,33946000,8,33959000,4,33945000,2,33960000,4,33944000,8,33961000,4,33943000,5,33962000,4,33942000,7,33963000,5
33950000,1,33951000,1,33948000,1,33952000,6,33947000,4,33953000,5,33946000,8,33954000,4,33945000,1,33955000,4,33944000,7,33956000,5,33943000,5,33957000,3,33942000,7,33958000,5,33941000,7,33959000,5,33940000,8,33960000,5
33950000,3,33953000,2,33949000,3,33954000,5,33948000,3,33955000,4,33947000,5,33956000,5,33946000,9,33957000,3,33945000,2,33958000,4,33944000,8,33959000,5,33943000,5,33960000,5,33942000,9,33961000,5,33941000,7,33962000,5
33952000,2,33954000,1,33951000,4,33955000,2,33950000,3,33956000,5,33949000,3,33957000,3,33948000,4,33958000,4,33947000,5,33959000,5,33946000,8,33960000,4,33945000,2,33961000,5,33944000,9,33962000,5,33943000,5,33963000,6
33949000,2,33952000,2,33948000,2,33953000,4,33947000,4,33954000,5,33946000,8,33955000,2,33945000,2,33956000,5,33944000,8,33957000,3,33943000,5,33958000,5,33942000,8,33959000,6,33941000,7,33960000,5,33940000,8,33961000,5
33948000,2,33951000,2,33947000,4,33952000,4,33946000,3,33953000,4,33945000,3,33954000,5,33944000,6,33955000,3,33943000,5,33956000,6,33942000,8,33957000,3,33941000,6,33958000,5,33940000,8,33959000,6,33939000,8,33960000,6
33947000,1,33949000,1,33946000,3,33950000,5,33945000,3,33951000,3,33944000,3,33952000,4,33943000,5,33953000,3,33942000,6,33954000,5,33941000,6,33955000,3,33940000,7,33956000,7,33939000,8,33957000,4,33938000,8,33958000,5
33948000,2,33951000,3,33947000,3,33952000,4,33946000,3,33953000,3,33945000,4,33954000,5,33944000,4,33955000,3,33943000,5,33956000,7,33942000,7,33957000,4,33941000,6,33958000,5,33940000,7,33959000,6,33939000,9,33960000,6
33945000,2,33948000,1,33944000,3,33949000,3,33943000,5,33950000,6,33942000,6,33951000,3,33941000,6,33952000,4,33940000,7,33953000,3,33939000,9,33954000,5,33938000,8,33955000,3,33937000,7,33956000,7,33936000,6,33957000,4
33942000,2,33945000,1,33941000,5,33946000,3,33940000,5,33947000,6,33939000,7,33948000,5,33938000,7,33949000,4,33937000,6,33950000,6,33936000,6,33951000,5,33935000,6,33952000,5,33934000,8,33953000,4,33933000,6,33954000,6
33941000,1,33944000,2,33940000,3,33945000,3,33939000,4,33946000,4,33938000,4,33947000,6,33937000,3,33948000,4,33936000,6,33949000,4,33935000,7,33950000,7,33934000,8,33951000,6,33933000,5,33952000,5,33932000,6,33953000,4
33937000,3,33941000,1,33936000,6,33942000,3,33935000,7,33943000,6,33934000,8,33944000,5,33933000,5,33945000,4,33932000,5,33946000,4,33931000,4,33947000,6,33930000,7,33948000,4,33929000,6,33949000,4,33928000,6,33950000,7
33940000,1,33943000,3,33939000,3,33944000,5,33938000,4,33945000,4,33937000,4,33946000,4,33936000,6,33947000,6,33935000,7,33948000,5,33934000,9,33949000,5,33933000,5,33950000,7,33932000,6,33951000,6,33931000,4,33952000,5
33938000,3,33941000,1,33937000,2,33942000,3,33936000,2,33943000,4,33935000,7,33944000,5,33934000,8,33945000,4,33933000,6,33946000,4,33932000,6,33947000,8,33931000,4,33948000,5,33930000,7,33949000,5,33929000,6,33950000,7
33936000,1,33939000,2,33935000,2,33940000,3,33934000,2,33941000,4,33933000,5,33942000,4,33932000,5,33943000,4,33931000,5,33944000,6,33930000,8,33945000,4,33929000,5,33946000,5,33928000,6,33947000,9,33927000,3,33948000,5
33935000,2,33939000,2,33934000,2,33940000,3,33933000,2,33941000,4,33932000,4,33942000,4,33931000,5,33943000,4,33930000,8,33944000,6,33929000,7,33945000,5,33928000,6,33946000,6,33927000,3,33947000,7,33926000,6,33948000,5
33938000,2,33941000,1,33937000,3,33942000,3,33936000,4,33943000,4,33935000,4,33944000,5,33934000,2,33945000,5,33933000,2,33946000,5,33932000,5,33947000,7,33931000,5,33948000,5,33930000,8,33949000,5,33929000,6,33950000,8
33935000,3,33939000,1,33934000,2,33940000,2,33933000,2,33941000,1,33932000,5,33942000,3,33931000,5,33943000,4,33930000,8,33944000,5,33929000,6,33945000,5,33928000,7,33946000,5,33927000,3,33947000,7,33926000,6,33948000,5
33936000,2,33939000,2,33935000,3,33940000,5,33934000,2,33941000,2,33933000,3,33942000,3,33932000,2,33943000,5,33931000,2,33944000,5,33930000,8,33945000,5,33929000,7,33946000,5,33928000,7,33947000,7,33927000,4,33948000,5
33936000,2,33939000,2,33935000,3,33940000,5,33934000,2,33941000,2,33933000,3,33942000,3,33932000,2,33943000,5,33931000,2,33944000,5,33930000,8,33945000,5,33929000,7,33946000,5,33928000,7,33947000,7,33927000,4,33948000,5
33933000,1,33936000,3,33932000,2,33937000,2,33931000,3,33938000,4,33930000,4,33939000,4,33929000,5,33940000,5,33928000,8,33941000,3,33927000,5,33942000,5,33926000,6,33943000,5,33925000,4,33944000,5,33924000,8,33945000,6
33930000,2,33934000,1,33929000,3,33935000,5,33928000,4,33936000,5,33927000,3,33937000,3,33926000,6,33938000,5,33925000,5,33939000,4,33924000,8,33940000,6,33923000,5,33941000,4,33922000,8,33942000,5,33921000,8,33943000,5
33928000,1,33931000,2,33927000,2,33932000,2,33926000,6,33933000,5,33925000,5,33934000,3,33924000,6,33935000,5,33923000,5,33936000,5,33922000,7,33937000,3,33921000,8,33938000,6,33920000,10,33939000,4,33919000,7,33940000,6
33930000,2,33934000,2,33929000,3,33935000,5,33928000,4,33936000,5,33927000,3,33937000,3,33926000,6,33938000,5,33925000,5,33939000,4,33924000,8,33940000,6,33923000,5,33941000,4,33922000,8,33942000,5,33921000,8,33943000,5
33927000,1,33931000,2,33926000,3,33932000,3,33925000,4,33933000,4,33924000,6,33934000,4,33923000,5,33935000,6,33922000,6,33936000,5,33921000,7,33937000,4,33920000,10,33938000,6,33919000,7,33939000,5,33918000,6,33940000,6
33925000,2,33929000,1,33924000,3,33930000,4,33923000,2,33931000,3,33922000,5,33932000,4,33921000,6,33933000,5,33920000,9,33934000,5,33919000,6,33935000,7,33918000,6,33936000,5,33917000,7,33937000,5,33916000,7,33938000,6
33931000,4,33935000,3,33930000,2,33936000,3,33929000,1,33937000,2,33928000,2,33938000,5,33927000,3,33939000,5,33926000,4,33940000,5,33925000,5,33941000,4,33924000,4,33942000,5,33923000,4,33943000,5,33922000,6,33944000,6
33931000,2,33934000,1,33930000,2,33935000,3,33929000,1,33936000,3,33928000,2,33937000,2,33927000,3,33938000,5,33926000,4,33939000,5,33925000,5,33940000,6,33924000,4,33941000,4,33923000,4,33942000,5,33922000,6,33943000,5
33932000,4,33936000,3,33931000,4,33937000,2,33930000,3,33938000,5,33929000,2,33939000,5,33928000,3,33940000,5,33927000,5,33941000,3,33926000,6,33942000,5,33925000,4,33943000,7,33924000,5,33944000,7,33923000,5,33945000,9
33931000,1,33932000,2,33929000,2,33933000,3,33928000,3,33934000,5,33927000,4,33935000,3,33926000,5,33936000,4,33925000,4,33937000,3,33924000,5,33938000,4,33923000,5,33939000,4,33922000,8,33940000,6,33921000,5,33941000,5
33931000,2,33934000,1,33930000,4,33935000,3,33929000,3,33936000,4,33928000,3,33937000,3,33927000,4,33938000,4,33926000,5,33939000,4,33925000,4,33940000,5,33924000,5,33941000,5,33923000,5,33942000,6,33922000,8,33943000,7
33931000,2,33934000,1,33930000,4,33935000,3,33929000,3,33936000,4,33928000,3,33937000,3,33927000,4,33938000,4,33926000,5,33939000,4,33925000,4,33940000,5,33924000,5,33941000,5,33923000,5,33942000,6,33922000,8,33943000,7
33938000,1,33941000,3,33937000,3,33942000,2,33936000,5,33943000,5,33935000,5,33944000,4,33934000,5,33945000,5,33933000,6,33946000,7,33932000,7,33947000,8,33931000,5,33948000,8,33930000,6,33949000,7,33929000,4,33950000,9
33938000,1,33941000,2,33937000,3,33942000,4,33936000,5,33943000,4,33935000,6,33944000,3,33934000,5,33945000,4,33933000,7,33946000,5,33932000,8,33947000,7,33931000,5,33948000,7,33930000,7,33949000,8,33929000,6,33950000,9
33937000,4,33940000,2,33936000,2,33941000,3,33935000,3,33942000,4,33934000,2,33943000,5,33933000,3,33944000,4,33932000,4,33945000,5,33931000,5,33946000,7,33930000,6,33947000,7,33929000,5,33948000,7,33928000,9,33949000,6
33935000,1,33938000,3,33934000,3,33939000,4,33933000,3,33940000,3,33932000,4,33941000,4,33931000,5,33942000,4,33930000,5,33943000,7,33929000,5,33944000,6,33928000,9,33945000,6,33927000,4,33946000,8,33926000,7,33947000,8
33937000,4,33941000,3,33936000,3,33942000,4,33935000,4,33943000,5,33934000,4,33944000,4,33933000,4,33945000,5,33932000,4,33946000,8,33931000,5,33947000,8,33930000,6,33948000,8,33929000,5,33949000,7,33928000,9,33950000,14
33941000,3,33944000,1,33940000,2,33945000,3,33939000,3,33946000,5,33938000,2,33947000,7,33937000,3,33948000,6,33936000,4,33949000,5,33935000,6,33950000,13,33934000,6,33951000,5,33933000,5,33952000,6,33932000,6,33953000,6
33946000,3,33949000,1,33945000,11,33950000,11,33944000,2,33951000,4,33943000,2,33952000,5,33942000,3,33953000,4,33941000,3,33954000,6,33940000,3,33955000,3,33939000,5,33956000,9,33938000,3,33957000,3,33937000,4,33958000,5
33946000,1,33948000,1,33945000,11,33949000,6,33944000,2,33950000,8,33943000,2,33951000,3,33942000,3,33952000,5,33941000,3,33953000,4,33940000,4,33954000,8,33939000,5,33955000,3,33938000,3,33956000,9,33937000,4,33957000,3
33943000,2,33946000,2,33942000,1,33947000,4,33941000,3,33948000,6,33940000,3,33949000,5,33939000,4,33950000,8,33938000,3,33951000,3,33937000,4,33952000,7,33936000,7,33953000,6,33935000,6,33954000,9,33934000,7,33955000,4
33948000,1,33950000,4,33947000,2,33951000,4,33946000,4,33952000,5,33945000,4,33953000,4,33944000,4,33954000,7,33943000,6,33955000,3,33942000,4,33956000,9,33941000,3,33957000,3,33940000,4,33958000,5,33939000,5,33959000,5
33951000,1,33954000,3,33950000,4,33955000,6,33949000,3,33956000,6,33948000,4,33957000,3,33947000,4,33958000,4,33946000,2,33959000,5,33945000,4,33960000,6,33944000,5,33961000,5,33943000,5,33962000,4,33942000,7,33963000,6
33951000,3,33953000,3,33950000,4,33954000,4,33949000,3,33955000,6,33948000,3,33956000,6,33947000,4,33957000,3,33946000,2,33958000,3,33945000,4,33959000,4,33944000,5,33960000,6,33943000,5,33961000,5,33942000,7,33962000,4
33947000,3,33949000,3,33946000,1,33950000,3,33945000,4,33951000,4,33944000,4,33952000,5,33943000,5,33953000,5,33942000,6,33954000,4,33941000,3,33955000,5,33940000,5,33956000,9,33939000,6,33957000,4,33938000,4,33958000,6
33945000,2,33947000,3,33944000,1,33948000,4,33943000,4,33949000,4,33942000,5,33950000,3,33941000,3,33951000,9,33940000,4,33952000,13,33939000,5,33953000,5,33938000,3,33954000,6,33937000,4,33955000,6,33936000,7,33956000,9
33941000,2,33944000,3,33940000,2,33945000,3,33939000,3,33946000,4,33938000,2,33947000,4,33937000,4,33948000,4,33936000,5,33949000,5,33935000,6,33950000,5,33934000,7,33951000,12,33933000,5,33952000,15,33932000,8,33953000,8
33936000,2,33939000,1,33935000,4,33940000,3,33934000,4,33941000,3,33933000,5,33942000,3,33932000,4,33943000,3,33931000,4,33944000,4,33930000,13,33945000,3,33929000,5,33946000,7,33928000,11,33947000,5,33927000,4,33948000,6
33936000,1,33939000,3,33935000,3,33940000,3,33934000,3,33941000,3,33933000,5,33942000,3,33932000,4,33943000,4,33931000,4,33944000,6,33930000,13,33945000,4,33929000,5,33946000,7,33928000,11,33947000,5,33927000,4,33948000,6
33933000,2,33936000,1,33932000,6,33937000,3,33931000,4,33938000,4,33930000,12,33939000,3,33929000,5,33940000,4,33928000,10,33941000,3,33927000,4,33942000,4,33926000,7,33943000,5,33925000,5,33944000,7,33924000,7,33945000,4
33937000,1,33940000,3,33936000,4,33941000,2,33935000,4,33942000,3,33934000,3,33943000,4,33933000,3,33944000,5,33932000,5,33945000,3,33931000,4,33946000,7,33930000,13,33947000,5,33929000,5,33948000,6,33928000,11,33949000,7
33937000,4,33939000,2,33936000,1,33940000,4,33935000,4,33941000,2,33934000,3,33942000,4,33933000,3,33943000,4,33932000,5,33944000,5,33931000,4,33945000,3,33930000,13,33946000,7,33929000,5,33947000,5,33928000,6,33948000,6
33934000,2,33937000,3,33933000,2,33938000,3,33932000,5,33939000,3,33931000,4,33940000,4,33930000,12,33941000,2,33929000,5,33942000,5,33928000,6,33943000,5,33927000,4,33944000,7,33926000,7,33945000,5,33925000,5,33946000,7
33932000,2,33935000,1,33931000,2,33936000,4,33930000,12,33937000,3,33929000,5,33938000,3,33928000,5,33939000,3,33927000,4,33940000,5,33926000,7,33941000,4,33925000,5,33942000,6,33924000,7,33943000,5,33923000,5,33944000,7
33932000,2,33934000,3,33931000,1,33935000,4,33930000,11,33936000,6,33929000,5,33937000,5,33928000,5,33938000,3,33927000,4,33939000,3,33926000,7,33940000,5,33925000,4,33941000,4,33924000,7,33942000,6,33923000,5,33943000,5
33929000,1,33930000,1,33928000,1,33931000,2,33927000,2,33932000,4,33926000,6,33933000,4,33925000,4,33934000,3,33924000,6,33935000,4,33923000,5,33936000,3,33922000,8,33937000,7,33921000,5,33938000,6,33920000,6,33939000,5
33929000,2,33932000,2,33928000,6,33933000,4,33927000,3,33934000,3,33926000,4,33935000,4,33925000,4,33936000,3,33924000,6,33937000,6,33923000,5,33938000,5,33922000,9,33939000,6,33921000,5,33940000,5,33920000,6,33941000,5
33928000,6,33929000,4,33927000,3,33931000,1,33926000,5,33932000,2,33925000,4,33933000,3,33924000,6,33934000,3,33923000,6,33935000,4,33922000,9,33936000,3,33921000,5,33937000,7,33920000,6,33938000,6,33919000,6,33939000,6
33927000,1,33929000,2,33926000,4,33930000,2,33925000,3,33931000,6,33924000,6,33932000,4,33923000,5,33933000,4,33922000,8,33934000,3,33921000,5,33935000,9,33920000,5,33936000,6,33919000,6,33937000,7,33918000,6,33938000,6
33929000,1,33930000,1,33928000,2,33931000,4,33927000,2,33932000,4,33926000,3,33933000,5,33925000,3,33934000,4,33924000,4,33935000,6,33923000,6,33936000,6,33922000,8,33937000,8,33921000,5,33938000,6,33920000,7,33939000,6
33926000,2,33929000,3,33925000,3,33930000,3,33924000,5,33931000,7,33923000,5,33932000,5,33922000,4,33933000,4,33921000,6,33934000,6,33920000,6,33935000,5,33919000,8,33936000,7,33918000,5,33937000,8,33917000,7,33938000,6
33927000,2,33929000,1,33926000,1,33930000,3,33925000,3,33931000,7,33924000,6,33932000,4,33923000,5,33933000,4,33922000,4,33934000,5,33921000,6,33935000,5,33920000,6,33936000,7,33919000,8,33937000,8,33918000,5,33938000,6
33925000,2,33926000,1,33924000,5,33928000,4,33923000,4,33929000,2,33922000,4,33930000,4,33921000,6,33931000,7,33920000,6,33932000,4,33919000,8,33933000,4,33918000,5,33934000,6,33917000,7,33935000,5,33916000,7,33936000,7
33923000,1,33925000,1,33922000,6,33926000,5,33921000,4,33927000,4,33920000,5,33928000,4,33919000,7,33929000,3,33918000,5,33930000,4,33917000,7,33931000,9,33916000,7,33932000,6,33915000,8,33933000,6,33914000,9,33934000,6
33920000,3,33923000,6,33919000,4,33924000,4,33918000,4,33925000,4,33917000,6,33926000,8,33916000,6,33927000,4,33915000,8,33928000,4,33914000,8,33929000,4,33913000,3,33930000,4,33912000,8,33931000,3,33911000,5,33932000,6
33920000,3,33923000,6,33919000,4,33924000,4,33918000,4,33925000,4,33917000,6,33926000,8,33916000,6,33927000,4,33915000,8,33928000,4,33914000,8,33929000,4,33913000,3,33930000,4,33912000,8,33931000,3,33911000,5,33932000,6
33920000,3,33923000,6,33919000,4,33924000,4,33918000,4,33925000,4,33917000,6,33926000,8,33916000,6,33927000,4,33915000,8,33928000,4,33914000,8,33929000,4,33913000,3,33930000,4,33912000,8,33931000,3,33911000,5,33932000,6
33920000,3,33923000,6,33919000,4,33924000,4,33918000,4,33925000,4,33917000,6,33926000,8,33916000,6,33927000,4,33915000,8,33928000,4,33914000,8,33929000,4,33913000,3,33930000,4,33912000,8,33931000,3,33911000,5,33932000,6
33914000,2,33916000,3,33913000,4,33917000,2,33912000,3,33918000,2,33911000,4,33919000,4,33910000,2,33920000,4,33909000,4,33921000,4,33908000,7,33922000,8,33907000,7,33923000,7,33906000,6,33924000,6,33905000,3,33925000,4
33914000,2,33916000,1,33913000,3,33917000,3,33912000,3,33918000,2,33911000,5,33919000,4,33910000,3,33920000,4,33909000,4,33921000,3,33908000,7,33922000,9,33907000,7,33923000,8,33906000,7,33924000,6,33905000,3,33925000,5
33914000,2,33917000,3,33913000,3,33918000,3,33912000,5,33919000,3,33911000,6,33920000,4,33910000,5,33921000,3,33909000,7,33922000,8,33908000,8,33923000,9,33907000,8,33924000,6,33906000,8,33925000,6,33905000,4,33926000,10
33914000,4,33917000,3,33913000,3,33918000,3,33912000,4,33919000,3,33911000,6,33920000,4,33910000,5,33921000,4,33909000,7,33922000,8,33908000,8,33923000,9,33907000,8,33924000,6,33906000,8,33925000,6,33905000,4,33926000,10
33913000,2,33914000,2,33912000,2,33915000,1,33911000,5,33916000,3,33910000,4,33917000,3,33909000,6,33918000,3,33908000,7,33919000,4,33907000,7,33920000,8,33906000,8,33921000,4,33905000,4,33922000,10,33904000,8,33923000,9
33915000,1,33917000,3,33914000,5,33918000,3,33913000,3,33919000,4,33912000,3,33920000,7,33911000,5,33921000,4,33910000,5,33922000,10,33909000,6,33923000,10,33908000,8,33924000,6,33907000,7,33925000,6,33906000,8,33926000,10
33915000,1,33917000,3,33914000,5,33918000,3,33913000,3,33919000,4,33912000,3,33920000,7,33911000,5,33921000,3,33910000,5,33922000,10,33909000,6,33923000,10,33908000,8,33924000,6,33907000,7,33925000,6,33906000,8,33926000,10
33909000,2,33911000,1,33908000,4,33912000,3,33907000,7,33913000,3,33906000,6,33914000,2,33905000,4,33915000,6,33904000,8,33916000,5,33903000,3,33917000,4,33902000,9,33918000,6,33901000,3,33919000,6,33900000,18,33920000,9
33909000,2,33911000,1,33908000,3,33912000,2,33907000,4,33913000,3,33906000,5,33914000,3,33905000,6,33915000,5,33904000,7,33916000,4,33903000,3,33917000,4,33902000,12,33918000,6,33901000,3,33919000,6,33900000,17,33920000,7
33905000,2,33908000,1,33904000,3,33909000,4,33903000,3,33910000,2,33902000,10,33911000,4,33901000,3,33912000,3,33900000,17,33913000,5,33899000,6,33914000,5,33898000,14,33915000,7,33897000,5,33916000,8,33896000,7,33917000,4
33907000,2,33909000,1,33906000,3,33910000,2,33905000,3,33911000,3,33904000,4,33912000,2,33903000,4,33913000,4,33902000,11,33914000,4,33901000,3,33915000,7,33900000,17,33916000,8,33899000,6,33917000,4,33898000,14,33918000,6
33905000,1,33907000,2,33904000,3,33908000,1,33903000,4,33909000,4,33902000,10,33910000,5,33901000,3,33911000,2,33900000,17,33912000,4,33899000,6,33913000,4,33898000,13,33914000,5,33897000,5,33915000,7,33896000,7,33916000,8
33909000,1,33910000,1,33908000,2,33911000,2,33907000,2,33912000,3,33906000,4,33913000,3,33905000,2,33914000,5,33904000,5,33915000,7,33903000,7,33916000,6,33902000,7,33917000,4,33901000,2,33918000,7,33900000,17,33919000,6
33906000,1,33908000,1,33905000,3,33909000,3,33904000,3,33910000,3,33903000,6,33911000,2,33902000,7,33912000,4,33901000,2,33913000,4,33900000,17,33914000,5,33899000,5,33915000,8,33898000,12,33916000,6,33897000,6,33917000,4
33906000,1,33909000,3,33905000,3,33910000,3,33904000,3,33911000,2,33903000,5,33912000,4,33902000,7,33913000,4,33901000,3,33914000,6,33900000,16,33915000,8,33899000,5,33916000,6,33898000,12,33917000,4,33897000,7,33918000,7
33906000,1,33909000,5,33905000,3,33910000,3,33904000,4,33911000,2,33903000,5,33912000,3,33902000,7,33913000,3,33901000,3,33914000,5,33900000,17,33915000,8,33899000,5,33916000,6,33898000,12,33917000,4,33897000,7,33918000,7
33903000,3,33906000,1,33902000,5,33907000,3,33901000,3,33908000,4,33900000,16,33909000,5,33899000,5,33910000,5,33898000,12,33911000,2,33897000,8,33912000,5,33896000,6,33913000,5,33895000,3,33914000,6,33894000,8,33915000,8
33912000,2,33915000,4,33911000,3,33916000,1,33910000,3,33917000,3,33909000,3,33918000,4,33908000,4,33919000,6,33907000,4,33920000,6,33906000,5,33921000,6,33905000,5,33922000,8,33904000,8,33923000,8,33903000,5,33924000,8
33911000,4,33915000,4,33910000,3,33916000,1,33909000,2,33917000,3,33908000,4,33918000,4,33907000,4,33919000,6,33906000,5,33920000,6,33905000,5,33921000,6,33904000,8,33922000,8,33903000,5,33923000,8,33902000,10,33924000,8
33907000,2,33910000,2,33906000,3,33911000,3,33905000,5,33912000,3,33904000,6,33913000,4,33903000,5,33914000,3,33902000,9,33915000,5,33901000,4,33916000,5,33900000,17,33917000,5,33899000,6,33918000,6,33898000,13,33919000,6
33911000,1,33913000,4,33908000,2,33914000,3,33907000,3,33915000,3,33906000,4,33916000,3,33905000,5,33917000,5,33904000,6,33918000,5,33903000,5,33919000,6,33902000,9,33920000,6,33901000,4,33921000,27,33900000,17,33922000,8
33913000,2,33916000,3,33911000,1,33917000,3,33910000,4,33918000,3,33909000,4,33919000,3,33908000,3,33920000,5,33907000,5,33921000,26,33906000,5,33922000,8,33905000,5,33923000,8,33904000,8,33924000,29,33903000,5,33925000,6
33909000,2,33912000,1,33908000,2,33913000,4,33907000,4,33914000,2,33906000,5,33915000,6,33905000,5,33916000,3,33904000,8,33917000,4,33903000,5,33918000,4,33902000,11,33919000,5,33901000,4,33920000,6,33900000,17,33921000,27
33909000,3,33912000,1,33908000,2,33913000,4,33907000,6,33914000,4,33906000,5,33915000,4,33905000,5,33916000,3,33904000,8,33917000,5,33903000,5,33918000,6,33902000,11,33919000,5,33901000,4,33920000,6,33900000,17,33921000,27
33911000,18,33912000,6,33909000,1,33913000,4,33908000,2,33914000,2,33907000,5,33915000,5,33906000,3,33916000,4,33905000,5,33917000,6,33904000,6,33918000,6,33903000,5,33919000,5,33902000,10,33920000,7,33901000,4,33921000,27
33912000,2,33915000,2,33911000,19,33916000,2,33910000,2,33917000,4,33909000,3,33918000,3,33908000,5,33919000,5,33907000,6,33920000,6,33906000,6,33921000,27,33905000,5,33922000,8,33904000,8,33923000,8,33903000,5,33924000,30
33912000,2,33914000,3,33911000,2,33915000,3,33910000,3,33916000,5,33909000,3,33917000,5,33908000,5,33918000,3,33907000,7,33919000,3,33906000,7,33920000,5,33905000,5,33921000,26,33904000,8,33922000,8,33903000,5,33923000,8
33909000,3,33912000,2,33908000,3,33913000,3,33907000,5,33914000,11,33906000,5,33915000,5,33905000,6,33916000,5,33904000,6,33917000,7,33903000,5,33918000,7,33902000,11,33919000,5,33901000,4,33920000,7,33900000,17,33921000,27
33912000,1,33914000,7,33911000,5,33915000,3,33910000,3,33916000,4,33909000,2,33917000,5,33908000,5,33918000,5,33907000,5,33919000,5,33906000,5,33920000,7,33905000,7,33921000,6,33904000,8,33922000,8,33903000,5,33923000,8
33912000,3,33915000,3,33911000,4,33916000,2,33910000,3,33917000,3,33909000,5,33918000,5,33908000,7,33919000,6,33907000,6,33920000,5,33906000,6,33921000,6,33905000,7,33922000,7,33904000,10,33923000,8,33903000,4,33924000,8
33912000,1,33914000,2,33911000,4,33915000,2,33910000,5,33916000,5,33909000,5,33917000,3,33908000,7,33918000,4,33907000,7,33919000,6,33906000,7,33920000,4,33905000,7,33921000,6,33904000,10,33922000,7,33903000,4,33923000,8
33909000,1,33910000,2,33908000,6,33911000,2,33907000,5,33912000,1,33906000,5,33913000,2,33905000,7,33914000,4,33904000,9,33915000,3,33903000,4,33916000,4,33902000,6,33917000,5,33901000,4,33918000,6,33900000,18,33919000,6
33913000,1,33914000,1,33912000,1,33915000,1,33911000,2,33916000,3,33910000,3,33917000,2,33909000,1,33918000,5,33908000,6,33919000,6,33907000,6,33920000,6,33906000,6,33921000,6,33905000,6,33922000,7,33904000,10,33923000,7
33911000,1,33913000,3,33910000,3,33914000,1,33909000,2,33915000,2,33908000,7,33916000,3,33907000,6,33917000,4,33906000,5,33918000,5,33905000,6,33919000,6,33904000,10,33920000,5,33903000,4,33921000,6,33902000,7,33922000,8
33908000,6,33910000,1,33907000,4,33911000,4,33906000,4,33912000,2,33905000,6,33913000,3,33904000,8,33914000,3,33903000,4,33915000,3,33902000,7,33916000,3,33901000,5,33917000,5,33900000,17,33918000,6,33899000,6,33919000,6
33909000,1,33911000,6,33908000,5,33912000,1,33907000,5,33913000,4,33906000,4,33914000,3,33905000,6,33915000,3,33904000,8,33916000,3,33903000,4,33917000,5,33902000,6,33918000,6,33901000,5,33919000,6,33900000,17,33920000,6
33908000,4,33910000,2,33907000,3,33911000,4,33906000,5,33912000,2,33905000,5,33913000,2,33904000,7,33914000,3,33903000,4,33915000,3,33902000,5,33916000,3,33901000,4,33917000,5,33900000,16,33918000,6,33899000,6,33919000,6
33908000,2,33911000,3,33907000,4,33912000,1,33906000,4,33913000,2,33905000,4,33914000,2,33904000,8,33915000,3,33903000,3,33916000,3,33902000,9,33917000,4,33901000,4,33918000,6,33900000,13,33919000,6,33899000,6,33920000,6
33910000,2,33914000,3,33909000,4,33915000,3,33908000,2,33916000,1,33907000,5,33917000,3,33906000,5,33918000,5,33905000,5,33919000,6,33904000,8,33920000,6,33903000,3,33921000,5,33902000,9,33922000,6,33901000,4,33923000,6
33910000,1,33912000,1,33909000,3,33913000,3,33908000,3,33914000,2,33907000,3,33915000,2,33906000,4,33916000,2,33905000,5,33917000,3,33904000,13,33918000,4,33903000,3,33919000,6,33902000,9,33920000,5,33901000,4,33921000,6
33912000,1,33913000,1,33911000,3,33915000,1,33910000,3,33916000,2,33909000,2,33917000,3,33908000,4,33918000,4,33907000,3,33919000,6,33906000,4,33920000,4,33905000,5,33921000,6,33904000,13,33922000,6,33903000,3,33923000,5
33913000,1,33916000,2,33912000,2,33917000,3,33911000,3,33918000,4,33910000,4,33919000,5,33909000,3,33920000,3,33908000,4,33921000,5,33907000,3,33922000,6,33906000,6,33923000,5,33905000,4,33924000,6,33904000,14,33925000,4
33917000,1,33919000,1,33916000,1,33920000,4,33915000,2,33921000,4,33914000,4,33922000,3,33913000,3,33923000,4,33912000,3,33924000,5,33911000,8,33925000,4,33910000,5,33926000,10,33909000,4,33927000,4,33908000,6,33928000,5
33918000,3,33922000,1,33917000,4,33923000,3,33916000,3,33924000,4,33915000,3,33925000,2,33914000,4,33926000,8,33913000,4,33927000,4,33912000,3,33928000,5,33911000,8,33929000,2,33910000,6,33930000,7,33909000,4,33931000,3
33919000,1,33922000,1,33918000,3,33923000,3,33917000,3,33924000,3,33916000,3,33925000,2,33915000,3,33926000,8,33914000,4,33927000,5,33913000,4,33928000,5,33912000,4,33929000,2,33911000,8,33930000,7,33910000,6,33931000,3
33915000,4,33918000,2,33914000,3,33919000,3,33913000,4,33920000,3,33912000,3,33921000,2,33911000,7,33922000,3,33910000,5,33923000,4,33909000,4,33924000,4,33908000,6,33925000,5,33907000,4,33926000,10,33906000,6,33927000,5
33914000,2,33917000,2,33913000,3,33918000,5,33912000,4,33919000,3,33911000,7,33920000,4,33910000,5,33921000,5,33909000,4,33922000,4,33908000,5,33923000,4,33907000,3,33924000,5,33906000,10,33925000,5,33905000,5,33926000,10
33909000,3,33914000,3,33908000,5,33916000,4,33907000,4,33917000,3,33906000,10,33918000,5,33905000,5,33919000,3,33904000,13,33920000,4,33903000,4,33921000,5,33902000,8,33922000,4,33901000,6,33923000,4,33900000,13,33924000,5
33909000,7,33913000,1,33908000,4,33916000,5,33907000,4,33917000,5,33906000,9,33918000,6,33905000,5,33919000,4,33904000,13,33920000,4,33903000,4,33921000,5,33902000,8,33922000,5,33901000,6,33923000,4,33900000,13,33924000,5
33912000,1,33913000,2,33910000,1,33914000,2,33909000,7,33915000,3,33908000,3,33916000,4,33907000,3,33917000,4,33906000,8,33918000,6,33905000,5,33919000,5,33904000,13,33920000,5,33903000,4,33921000,5,33902000,8,33922000,6
33915000,1,33916000,3,33914000,1,33917000,4,33913000,1,33918000,6,33912000,2,33919000,3,33911000,2,33920000,5,33910000,4,33921000,5,33909000,2,33922000,6,33908000,4,33923000,4,33907000,4,33924000,5,33906000,10,33925000,5
33913000,3,33916000,1,33912000,4,33917000,2,33911000,4,33918000,3,33910000,5,33919000,3,33909000,2,33920000,5,33908000,5,33921000,5,33907000,4,33922000,6,33906000,10,33923000,4,33905000,5,33924000,5,33904000,14,33925000,5
33909000,2,33912000,3,33908000,4,33913000,3,33907000,3,33914000,3,33906000,7,33915000,5,33905000,7,33916000,4,33904000,12,33917000,4,33903000,4,33918000,6,33902000,8,33919000,5,33901000,6,33920000,8,33900000,13,33921000,7
33910000,3,33913000,1,33909000,3,33914000,5,33908000,4,33915000,3,33907000,2,33916000,4,33906000,5,33917000,5,33905000,5,33918000,6,33904000,12,33919000,6,33903000,4,33920000,8,33902000,9,33921000,7,33901000,6,33922000,6
33915000,2,33917000,2,33914000,2,33918000,3,33913000,3,33919000,3,33912000,3,33920000,6,33911000,5,33921000,6,33910000,5,33922000,6,33909000,5,33923000,5,33908000,7,33924000,6,33907000,4,33925000,5,33906000,7,33926000,12
33917000,1,33919000,1,33916000,3,33920000,4,33914000,5,33921000,4,33913000,5,33922000,3,33912000,4,33923000,5,33911000,6,33924000,5,33910000,7,33925000,5,33909000,6,33926000,11,33908000,7,33927000,5,33907000,6,33928000,8
33920000,1,33923000,3,33919000,3,33924000,4,33918000,3,33925000,3,33917000,4,33926000,10,33916000,4,33927000,5,33915000,3,33928000,7,33914000,6,33929000,4,33913000,5,33930000,8,33912000,6,33931000,5,33911000,7,33932000,7
33918000,1,33920000,2,33917000,4,33921000,3,33916000,4,33922000,4,33915000,3,33923000,3,33914000,5,33924000,2,33913000,5,33925000,5,33912000,6,33926000,9,33911000,7,33927000,6,33910000,7,33928000,7,33909000,6,33929000,4
33917000,1,33919000,4,33916000,2,33920000,9,33915000,1,33921000,5,33914000,5,33922000,4,33913000,5,33923000,3,33912000,6,33924000,4,33911000,7,33925000,6,33910000,10,33926000,11,33909000,6,33927000,6,33908000,11,33928000,8
33918000,3,33920000,6,33917000,3,33921000,5,33916000,3,33922000,4,33915000,1,33923000,2,33914000,6,33924000,4,33913000,5,33925000,6,33912000,5,33926000,11,33911000,6,33927000,6,33910000,10,33928000,8,33909000,6,33929000,4
33913000,2,33915000,2,33912000,1,33916000,1,33911000,4,33917000,4,33910000,8,33918000,3,33909000,4,33919000,5,33908000,9,33920000,4,33907000,5,33921000,5,33906000,4,33922000,7,33905000,7,33923000,5,33904000,16,33924000,6
33916000,2,33919000,4,33915000,3,33920000,2,33914000,5,33921000,3,33913000,4,33922000,6,33912000,5,33923000,4,33911000,6,33924000,5,33910000,8,33925000,6,33909000,6,33926000,11,33908000,9,33927000,6,33907000,6,33928000,8
33916000,2,33919000,4,33915000,1,33920000,2,33914000,7,33921000,4,33913000,7,33922000,5,33912000,5,33923000,4,33911000,6,33924000,5,33910000,9,33925000,5,33909000,6,33926000,11,33908000,9,33927000,6,33907000,6,33928000,8
33913000,4,33914000,3,33912000,4,33915000,2,33911000,5,33916000,1,33910000,7,33917000,5,33909000,5,33918000,5,33908000,8,33919000,4,33907000,5,33920000,5,33906000,4,33921000,5,33905000,7,33922000,5,33904000,16,33923000,4
33910000,6,33912000,1,33909000,3,33913000,2,33908000,8,33914000,3,33907000,4,33915000,3,33906000,4,33916000,1,33905000,7,33917000,6,33904000,16,33918000,5,33903000,8,33919000,4,33902000,10,33920000,6,33901000,6,33921000,6
33906000,1,33908000,5,33905000,5,33909000,4,33904000,11,33910000,3,33903000,6,33911000,5,33902000,7,33912000,4,33901000,5,33913000,4,33900000,15,33914000,5,33899000,8,33915000,4,33898000,13,33916000,5,33897000,13,33917000,7
33910000,2,33912000,1,33909000,3,33913000,3,33908000,4,33914000,3,33907000,4,33915000,4,33906000,3,33916000,3,33905000,6,33917000,7,33904000,12,33918000,6,33903000,7,33919000,6,33902000,9,33920000,7,33901000,5,33921000,6
33914000,1,33915000,2,33913000,1,33916000,1,33912000,3,33917000,4,33911000,5,33918000,3,33910000,8,33919000,5,33909000,3,33920000,5,33908000,6,33921000,6,33907000,6,33922000,6,33906000,5,33923000,4,33905000,7,33924000,6
33912000,1,33914000,3,33911000,3,33915000,3,33910000,8,33916000,4,33909000,3,33917000,5,33908000,5,33918000,4,33907000,5,33919000,5,33906000,5,33920000,5,33905000,7,33921000,5,33904000,15,33922000,6,33903000,8,33923000,4
33909000,1,33910000,1,33908000,2,33911000,2,33907000,3,33912000,5,33906000,3,33913000,4,33905000,3,33914000,5,33904000,9,33915000,4,33903000,5,33916000,5,33902000,5,33917000,6,33901000,4,33918000,7,33900000,16,33919000,6
33906000,4,33907000,1,33905000,4,33908000,4,33904000,9,33909000,3,33903000,6,33910000,3,33902000,6,33911000,4,33901000,4,33912000,3,33900000,15,33913000,4,33899000,7,33914000,7,33898000,12,33915000,5,33897000,5,33916000,9
33908000,2,33910000,1,33907000,4,33911000,5,33906000,4,33912000,4,33905000,10,33913000,3,33904000,16,33914000,6,33903000,9,33915000,5,33902000,9,33916000,8,33901000,5,33917000,8,33900000,15,33918000,6,33899000,7,33919000,5
33910000,4,33913000,2,33909000,5,33914000,4,33908000,3,33915000,4,33907000,5,33916000,5,33906000,5,33917000,8,33905000,10,33918000,5,33904000,16,33919000,5,33903000,9,33920000,7,33902000,9,33921000,6,33901000,5,33922000,7
33907000,3,33909000,5,33906000,4,33910000,4,33905000,9,33911000,8,33904000,15,33912000,5,33903000,8,33913000,5,33902000,8,33914000,6,33901000,5,33915000,6,33900000,14,33916000,8,33899000,7,33917000,8,33898000,12,33918000,6
33904000,11,33906000,3,33903000,7,33907000,3,33902000,6,33908000,6,33901000,5,33909000,7,33900000,14,33910000,4,33899000,7,33911000,8,33898000,12,33912000,4,33897000,5,33913000,7,33896000,6,33914000,7,33895000,5,33915000,6
33901000,1,33903000,3,33900000,11,33904000,6,33899000,3,33905000,6,33898000,12,33906000,4,33897000,5,33907000,4,33896000,5,33908000,7,33895000,5,33909000,9,33894000,7,33910000,7,33893000,3,33911000,11,33892000,8,33912000,7
33899000,1,33901000,2,33898000,10,33902000,3,33897000,4,33903000,3,33896000,3,33904000,6,33895000,4,33905000,8,33894000,6,33906000,4,33893000,3,33907000,5,33892000,7,33908000,9,33891000,7,33909000,8,33890000,8,33910000,7
33906000,5,33908000,1,33905000,4,33909000,3,33904000,6,33910000,4,33903000,4,33911000,5,33902000,5,33912000,4,33901000,9,33913000,6,33900000,11,33914000,5,33899000,14,33915000,6,33898000,17,33916000,9,33897000,7,33917000,8
33906000,5,33908000,1,33905000,4,33909000,3,33904000,6,33910000,4,33903000,4,33911000,5,33902000,5,33912000,4,33901000,9,33913000,6,33900000,11,33914000,5,33899000,14,33915000,6,33898000,17,33916000,9,33897000,7,33917000,8
33914000,4,33916000,2,33913000,1,33917000,5,33912000,5,33918000,5,33911000,6,33919000,5,33910000,5,33920000,9,33909000,5,33921000,5,33908000,8,33922000,7,33907000,11,33923000,5,33906000,7,33924000,5,33905000,6,33925000,6
33912000,2,33913000,1,33911000,4,33914000,3,33910000,4,33916000,5,33909000,5,33917000,6,33908000,8,33918000,5,33907000,12,33919000,6,33906000,5,33920000,10,33905000,6,33921000,7,33904000,11,33922000,7,33903000,6,33923000,5
33913000,2,33914000,2,33912000,3,33915000,3,33911000,7,33916000,7,33910000,3,33917000,4,33909000,4,33918000,4,33908000,7,33919000,7,33907000,10,33920000,10,33906000,6,33921000,7,33905000,6,33922000,9,33904000,11,33923000,5
33913000,2,33914000,2,33912000,3,33915000,3,33911000,7,33916000,7,33910000,3,33917000,4,33909000,4,33918000,4,33908000,7,33919000,7,33907000,10,33920000,10,33906000,6,33921000,7,33905000,6,33922000,9,33904000,11,33923000,5
33915000,4,33916000,11,33914000,3,33918000,2,33913000,7,33919000,4,33912000,5,33920000,9,33911000,10,33921000,4,33910000,7,33922000,6,33909000,7,33923000,5,33908000,11,33924000,5,33907000,12,33925000,6,33906000,12,33926000,11
33909000,3,33911000,1,33908000,10,33912000,3,33907000,10,33913000,3,33906000,10,33914000,4,33905000,7,33915000,4,33904000,12,33916000,4,33903000,7,33917000,7,33902000,8,33918000,6,33901000,8,33919000,6,33900000,13,33920000,13
33908000,1,33910000,1,33907000,3,33911000,2,33906000,2,33912000,3,33905000,5,33913000,3,33904000,9,33914000,5,33903000,4,33915000,5,33902000,8,33916000,7,33901000,8,33917000,8,33900000,11,33918000,6,33899000,9,33919000,6
33905000,4,33908000,3,33904000,7,33909000,3,33903000,3,33910000,4,33902000,7,33911000,2,33901000,8,33912000,4,33900000,11,33913000,4,33899000,9,33914000,6,33898000,14,33915000,5,33897000,6,33916000,7,33896000,7,33917000,8
33901000,1,33903000,4,33900000,1,33904000,4,33899000,3,33905000,3,33898000,10,33906000,5,33897000,4,33907000,4,33896000,5,33908000,7,33895000,5,33909000,5,33894000,8,33910000,19,33893000,3,33911000,6,33892000,7,33912000,19
33901000,1,33904000,4,33900000,4,33905000,3,33899000,4,33906000,5,33898000,12,33907000,4,33897000,5,33908000,9,33896000,5,33909000,5,33895000,5,33910000,19,33894000,8,33911000,6,33893000,3,33912000,19,33892000,7,33913000,4
33898000,9,33901000,3,33897000,4,33902000,3,33896000,5,33903000,3,33895000,5,33904000,3,33894000,8,33905000,4,33893000,4,33906000,7,33892000,7,33907000,4,33891000,4,33908000,26,33890000,9,33909000,6,33889000,4,33910000,20
33898000,7,33900000,2,33897000,2,33901000,2,33896000,4,33902000,4,33895000,5,33903000,3,33894000,8,33904000,3,33893000,5,33905000,4,33892000,7,33906000,5,33891000,4,33907000,4,33890000,9,33908000,26,33889000,4,33909000,6
33905000,1,33906000,2,33904000,2,33907000,2,33903000,3,33908000,23,33902000,3,33909000,5,33901000,5,33910000,7,33900000,3,33911000,23,33899000,4,33912000,20,33898000,5,33913000,21,33897000,4,33914000,8,33896000,5,33915000,24
33908000,1,33911000,3,33907000,3,33912000,5,33906000,3,33913000,3,33905000,3,33914000,7,33904000,6,33915000,5,33903000,6,33916000,8,33902000,6,33917000,9,33901000,6,33918000,8,33900000,5,33919000,6,33899000,5,33920000,13
33908000,4,33911000,1,33907000,4,33912000,4,33906000,4,33913000,3,33905000,21,33914000,5,33904000,6,33915000,5,33903000,6,33916000,7,33902000,25,33917000,9,33901000,7,33918000,8,33900000,23,33919000,6,33899000,20,33920000,12
33907000,2,33908000,1,33906000,3,33909000,1,33905000,21,33910000,1,33904000,6,33911000,2,33903000,6,33912000,5,33902000,24,33913000,4,33901000,7,33914000,6,33900000,23,33915000,6,33899000,20,33916000,7,33898000,8,33917000,9
33908000,4,33911000,1,33907000,4,33912000,3,33906000,4,33913000,3,33905000,21,33914000,5,33904000,6,33915000,4,33903000,7,33916000,8,33902000,26,33917000,8,33901000,7,33918000,9,33900000,23,33919000,6,33899000,19,33920000,12
33908000,10,33909000,1,33907000,2,33910000,16,33906000,4,33911000,2,33905000,20,33912000,2,33904000,5,33913000,5,33903000,7,33914000,5,33902000,26,33915000,5,33901000,7,33916000,9,33900000,23,33917000,8,33899000,19,33918000,9
33905000,17,33907000,1,33904000,5,33908000,2,33903000,5,33909000,4,33902000,24,33910000,16,33901000,8,33911000,4,33900000,23,33912000,2,33899000,20,33913000,8,33898000,8,33914000,7,33897000,5,33915000,5,33896000,7,33916000,10
33908000,1,33909000,1,33907000,2,33910000,2,33906000,3,33911000,5,33905000,3,33912000,2,33904000,2,33913000,6,33903000,5,33914000,6,33902000,6,33915000,5,33901000,7,33916000,9,33900000,7,33917000,5,33899000,19,33918000,8
33907000,1,33909000,1,33906000,3,33910000,5,33905000,5,33911000,3,33904000,4,33912000,3,33903000,4,33913000,6,33902000,6,33914000,5,33901000,7,33915000,5,33900000,7,33916000,9,33899000,20,33917000,5,33898000,8,33918000,9
33908000,1,33909000,2,33906000,4,33910000,6,33905000,4,33911000,5,33904000,5,33912000,3,33903000,3,33913000,6,33902000,5,33914000,6,33901000,7,33915000,4,33900000,7,33916000,9,33899000,20,33917000,5,33898000,8,33918000,9
33905000,3,33907000,1,33904000,5,33908000,2,33903000,3,33909000,3,33902000,22,33910000,6,33901000,7,33911000,6,33900000,7,33912000,3,33899000,20,33913000,6,33898000,8,33914000,6,33897000,22,33915000,4,33896000,9,33916000,9
33905000,2,33908000,1,33904000,4,33909000,2,33903000,4,33910000,8,33902000,3,33911000,9,33901000,6,33912000,5,33900000,6,33913000,6,33899000,6,33914000,7,33898000,6,33915000,4,33897000,6,33916000,9,33896000,7,33917000,5
33904000,1,33906000,1,33903000,3,33907000,3,33902000,3,33908000,4,33901000,6,33909000,3,33900000,6,33910000,7,33899000,6,33911000,8,33898000,7,33912000,5,33897000,6,33913000,6,33896000,7,33914000,7,33895000,6,33915000,5
33898000,4,33899000,1,33897000,6,33901000,2,33896000,7,33902000,2,33895000,5,33903000,3,33894000,8,33904000,3,33893000,4,33905000,5,33892000,9,33906000,4,33891000,5,33907000,4,33890000,8,33908000,7,33889000,5,33909000,5
33896000,4,33899000,2,33895000,4,33900000,3,33894000,7,33901000,4,33893000,4,33902000,3,33892000,10,33903000,4,33891000,4,33904000,5,33890000,7,33905000,6,33889000,4,33906000,8,33888000,5,33907000,4,33887000,5,33908000,8
33897000,1,33899000,1,33896000,3,33900000,4,33895000,4,33901000,5,33894000,5,33902000,3,33893000,3,33903000,4,33892000,8,33904000,6,33891000,5,33905000,6,33890000,7,33906000,7,33889000,3,33907000,4,33888000,5,33908000,8
33895000,5,33896000,2,33894000,5,33899000,4,33893000,4,33900000,3,33892000,8,33901000,5,33891000,5,33902000,3,33890000,7,33903000,4,33889000,3,33904000,5,33888000,6,33905000,5,33887000,6,33906000,9,33886000,5,33907000,4
33894000,2,33896000,2,33893000,2,33897000,2,33892000,4,33898000,2,33891000,5,33899000,5,33890000,8,33900000,4,33889000,4,33901000,7,33888000,6,33902000,6,33887000,6,33903000,5,33886000,5,33904000,6,33885000,5,33905000,6
33893000,2,33895000,1,33892000,7,33896000,4,33891000,5,33897000,3,33890000,6,33898000,3,33889000,3,33899000,5,33888000,7,33900000,5,33887000,5,33901000,8,33886000,5,33902000,6,33885000,5,33903000,5,33884000,5,33904000,6
33893000,2,33895000,3,33892000,5,33896000,3,33891000,4,33897000,3,33890000,6,33898000,2,33889000,4,33899000,5,33888000,7,33900000,5,33887000,5,33901000,8,33886000,5,33902000,6,33885000,5,33903000,5,33884000,5,33904000,7
33890000,6,33893000,2,33889000,4,33894000,3,33888000,7,33895000,3,33887000,6,33896000,6,33886000,5,33897000,6,33885000,5,33898000,3,33884000,5,33899000,5,33883000,6,33900000,6,33882000,22,33901000,8,33881000,6,33902000,6
33889000,2,33892000,3,33888000,4,33893000,5,33887000,6,33894000,4,33886000,4,33895000,5,33885000,6,33896000,7,33884000,5,33897000,6,33883000,5,33898000,6,33882000,22,33899000,5,33881000,6,33900000,6,33880000,17,33901000,8
33888000,1,33890000,2,33887000,2,33891000,3,33886000,4,33892000,3,33885000,7,33893000,4,33884000,6,33894000,5,33883000,6,33895000,5,33882000,5,33896000,8,33881000,6,33897000,7,33880000,17,33898000,6,33879000,6,33899000,5
33887000,2,33890000,2,33886000,4,33891000,7,33885000,6,33892000,3,33884000,6,33893000,4,33883000,6,33894000,5,33882000,5,33895000,5,33881000,6,33896000,9,33880000,17,33897000,7,33879000,6,33898000,6,33878000,7,33899000,6
33895000,24,33896000,9,33889000,1,33897000,7,33888000,6,33898000,6,33887000,3,33899000,6,33886000,4,33900000,6,33885000,6,33901000,9,33884000,6,33902000,6,33883000,6,33903000,5,33882000,5,33904000,7,33881000,6,33905000,5
33893000,2,33896000,2,33892000,3,33897000,4,33891000,4,33898000,3,33890000,3,33899000,4,33889000,3,33900000,4,33888000,10,33901000,8,33887000,4,33902000,6,33886000,7,33903000,6,33885000,7,33904000,7,33884000,6,33905000,6
33889000,2,33890000,3,33888000,6,33892000,2,33887000,3,33893000,4,33886000,6,33894000,2,33885000,7,33895000,4,33884000,6,33896000,5,33883000,6,33897000,5,33882000,7,33898000,6,33881000,5,33899000,5,33880000,17,33900000,6
33890000,2,33893000,4,33889000,3,33894000,2,33888000,5,33895000,5,33887000,4,33896000,6,33886000,5,33897000,5,33885000,7,33898000,7,33884000,6,33899000,5,33883000,6,33900000,6,33882000,7,33901000,9,33881000,5,33902000,6
33889000,3,33892000,2,33888000,4,33893000,4,33887000,4,33894000,2,33886000,6,33895000,4,33885000,7,33896000,5,33884000,6,33897000,5,33883000,6,33898000,7,33882000,7,33899000,5,33881000,5,33900000,6,33880000,17,33901000,9
33890000,1,33892000,2,33889000,3,33893000,6,33888000,5,33894000,3,33887000,4,33895000,4,33886000,6,33896000,6,33885000,7,33897000,4,33884000,6,33898000,6,33883000,5,33899000,7,33882000,8,33900000,6,33881000,6,33901000,9
33893000,2,33895000,3,33892000,4,33896000,3,33891000,4,33897000,3,33890000,3,33898000,3,33889000,4,33899000,7,33888000,5,33900000,5,33887000,5,33901000,8,33886000,7,33902000,6,33885000,7,33903000,6,33884000,7,33904000,8
33897000,6,33899000,1,33896000,5,33900000,3,33895000,3,33901000,5,33894000,4,33902000,4,33893000,4,33903000,4,33892000,5,33904000,7,33891000,6,33905000,4,33890000,7,33906000,8,33889000,5,33907000,5,33888000,7,33908000,10
33900000,2,33903000,3,33899000,4,33904000,6,33898000,3,33905000,3,33897000,17,33906000,6,33896000,12,33907000,4,33895000,5,33908000,7,33894000,7,33909000,5,33893000,4,33910000,9,33892000,8,33911000,7,33891000,5,33912000,8
33900000,1,33902000,1,33899000,4,33903000,3,33898000,3,33904000,3,33897000,17,33905000,4,33896000,11,33906000,6,33895000,4,33907000,5,33894000,7,33908000,9,33893000,4,33909000,5,33892000,8,33910000,9,33891000,5,33911000,7
33900000,1,33902000,1,33899000,4,33903000,3,33898000,3,33904000,3,33897000,17,33905000,4,33896000,11,33906000,6,33895000,4,33907000,5,33894000,7,33908000,9,33893000,4,33909000,5,33892000,8,33910000,9,33891000,5,33911000,7
33898000,1,33900000,3,33897000,3,33901000,3,33896000,2,33902000,10,33895000,3,33903000,4,33894000,5,33904000,6,33893000,4,33905000,5,33892000,6,33906000,10,33891000,5,33907000,7,33890000,7,33908000,10,33889000,5,33909000,5
33899000,2,33902000,4,33898000,3,33903000,5,33897000,5,33904000,4,33896000,4,33905000,4,33895000,4,33906000,8,33894000,5,33907000,6,33893000,4,33908000,10,33892000,8,33909000,5,33891000,5,33910000,10,33890000,7,33911000,6
33899000,14,33901000,1,33898000,3,33902000,4,33897000,5,33903000,5,33896000,4,33904000,4,33895000,4,33905000,4,33894000,7,33906000,6,33893000,4,33907000,5,33892000,8,33908000,10,33891000,5,33909000,5,33890000,7,33910000,10
33896000,2,33899000,3,33895000,3,33900000,4,33894000,3,33901000,8,33893000,4,33902000,5,33892000,6,33903000,4,33891000,5,33904000,7,33890000,7,33905000,5,33889000,5,33906000,10,33888000,7,33907000,7,33887000,6,33908000,10
33891000,1,33893000,2,33890000,6,33894000,3,33889000,4,33895000,3,33888000,7,33896000,3,33887000,5,33897000,5,33886000,7,33898000,2,33885000,21,33899000,3,33884000,8,33900000,8,33883000,6,33901000,10,33882000,9,33902000,7
33894000,1,33896000,2,33893000,3,33897000,5,33892000,4,33898000,1,33891000,4,33899000,3,33890000,5,33900000,7,33889000,5,33901000,9,33888000,7,33902000,7,33887000,6,33903000,17,33886000,7,33904000,18,33885000,21,33905000,14
33894000,1,33896000,2,33893000,3,33897000,5,33892000,4,33898000,1,33891000,4,33899000,3,33890000,5,33900000,7,33889000,5,33901000,9,33888000,7,33902000,7,33887000,6,33903000,17,33886000,7,33904000,18,33885000,21,33905000,14
33888000,3,33893000,5,33887000,5,33894000,5,33886000,5,33895000,6,33885000,21,33896000,6,33884000,7,33897000,6,33883000,7,33898000,2,33882000,7,33899000,3,33881000,6,33900000,8,33880000,17,33901000,10,33879000,7,33902000,7
33892000,4,33895000,1,33891000,6,33896000,3,33890000,4,33897000,6,33889000,5,33898000,3,33888000,5,33899000,4,33887000,6,33900000,7,33886000,8,33901000,10,33885000,21,33902000,7,33884000,8,33903000,17,33883000,6,33904000,18
33896000,1,33898000,1,33895000,4,33899000,3,33894000,3,33900000,4,33893000,6,33901000,6,33892000,9,33902000,4,33891000,7,33903000,5,33890000,5,33904000,8,33889000,6,33905000,4,33888000,6,33906000,11,33887000,5,33907000,7
33895000,5,33897000,1,33894000,3,33899000,1,33893000,6,33900000,5,33892000,9,33901000,6,33891000,7,33902000,4,33890000,5,33903000,5,33889000,6,33904000,7,33888000,6,33905000,4,33887000,5,33906000,11,33886000,8,33907000,7
33896000,2,33898000,1,33895000,4,33900000,6,33894000,3,33901000,7,33893000,5,33902000,5,33892000,9,33903000,5,33891000,7,33904000,8,33890000,6,33905000,4,33889000,6,33906000,11,33888000,6,33907000,7,33887000,5,33908000,10
33896000,3,33899000,1,33895000,4,33900000,5,33894000,3,33901000,6,33893000,6,33902000,4,33892000,9,33903000,5,33891000,7,33904000,7,33890000,6,33905000,4,33889000,6,33906000,11,33888000,6,33907000,7,33887000,5,33908000,10
33902000,3,33904000,1,33901000,2,33905000,3,33900000,5,33906000,6,33899000,4,33907000,7,33898000,7,33908000,8,33897000,8,33909000,6,33896000,6,33910000,10,33895000,4,33911000,6,33894000,7,33912000,7,33893000,5,33913000,6
33905000,3,33907000,3,33904000,4,33908000,2,33903000,4,33909000,4,33902000,4,33910000,8,33901000,5,33911000,5,33900000,7,33912000,7,33899000,5,33913000,6,33898000,9,33914000,8,33897000,9,33915000,6,33896000,15,33916000,8
33902000,3,33904000,3,33901000,3,33905000,3,33900000,7,33906000,2,33899000,6,33907000,4,33898000,8,33908000,1,33897000,8,33909000,4,33896000,15,33910000,9,33895000,4,33911000,6,33894000,8,33912000,7,33893000,5,33913000,6
33903000,3,33905000,2,33902000,3,33906000,2,33901000,5,33907000,4,33900000,5,33908000,2,33899000,3,33909000,5,33898000,7,33910000,10,33897000,7,33911000,7,33896000,16,33912000,7,33895000,4,33913000,6,33894000,8,33914000,7
33907000,1,33909000,1,33906000,3,33910000,5,33905000,3,33911000,3,33904000,5,33912000,6,33903000,4,33913000,5,33902000,5,33914000,6,33901000,7,33915000,4,33900000,7,33916000,8,33899000,5,33917000,6,33898000,10,33918000,8
33908000,3,33910000,1,33907000,2,33911000,1,33906000,3,33912000,5,33905000,3,33913000,5,33904000,6,33914000,6,33903000,4,33915000,4,33902000,6,33916000,9,33901000,7,33917000,6,33900000,7,33918000,8,33899000,5,33919000,6
33910000,2,33913000,3,33909000,5,33914000,3,33908000,4,33915000,5,33907000,6,33916000,6,33906000,5,33917000,5,33905000,4,33918000,7,33904000,7,33919000,6,33903000,5,33920000,9,33902000,7,33921000,6,33901000,6,33922000,8
33910000,1,33912000,2,33909000,3,33914000,5,33908000,5,33915000,7,33907000,8,33916000,4,33906000,6,33917000,8,33905000,5,33918000,6,33904000,7,33919000,6,33903000,4,33920000,8,33902000,7,33921000,6,33901000,6,33922000,8
33907000,4,33909000,4,33906000,3,33910000,1,33905000,4,33911000,4,33904000,6,33912000,4,33903000,5,33913000,1,33902000,6,33914000,5,33901000,6,33915000,7,33900000,5,33916000,6,33899000,7,33917000,8,33898000,10,33918000,8
33902000,1,33904000,3,33901000,3,33905000,3,33900000,4,33906000,3,33899000,5,33907000,3,33898000,9,33908000,3,33897000,7,33909000,4,33896000,8,33910000,5,33895000,5,33911000,7,33894000,8,33912000,6,33893000,5,33913000,3
33898000,2,33900000,3,33897000,5,33901000,1,33896000,6,33902000,3,33895000,6,33903000,1,33894000,8,33904000,6,33893000,4,33905000,6,33892000,9,33906000,7,33891000,7,33907000,8,33890000,10,33908000,7,33889000,7,33909000,4
33897000,1,33899000,3,33896000,3,33900000,4,33895000,5,33901000,5,33894000,9,33902000,3,33893000,4,33903000,4,33892000,10,33904000,6,33891000,8,33905000,6,33890000,8,33906000,8,33889000,7,33907000,8,33888000,6,33908000,7
33895000,3,33898000,3,33894000,6,33899000,3,33893000,3,33900000,5,33892000,8,33901000,5,33891000,7,33902000,3,33890000,8,33903000,6,33889000,6,33904000,7,33888000,5,33905000,7,33887000,5,33906000,8,33886000,6,33907000,9
33889000,2,33890000,1,33888000,1,33891000,4,33887000,1,33892000,5,33886000,4,33893000,7,33885000,6,33894000,3,33884000,5,33895000,4,33883000,4,33896000,5,33882000,7,33897000,8,33881000,5,33898000,9,33880000,15,33899000,5
33891000,2,33893000,5,33890000,3,33894000,3,33889000,2,33895000,3,33888000,5,33896000,5,33887000,5,33897000,7,33886000,5,33898000,8,33885000,7,33899000,5,33884000,7,33900000,8,33883000,5,33901000,7,33882000,7,33902000,8
33894000,3,33896000,1,33893000,3,33897000,1,33892000,4,33898000,5,33891000,4,33899000,4,33890000,4,33900000,7,33889000,4,33901000,6,33888000,6,33902000,8,33887000,6,33903000,7,33886000,6,33904000,7,33885000,7,33905000,6
33890000,2,33891000,1,33889000,5,33893000,1,33888000,6,33894000,3,33887000,5,33895000,3,33886000,5,33896000,1,33885000,7,33897000,5,33884000,7,33898000,6,33883000,7,33899000,6,33882000,7,33900000,8,33881000,6,33901000,7
33892000,2,33895000,4,33891000,3,33896000,3,33890000,3,33897000,4,33889000,6,33898000,7,33888000,5,33899000,4,33887000,5,33900000,6,33886000,6,33901000,6,33885000,7,33902000,6,33884000,6,33903000,6,33883000,7,33904000,6
33893000,2,33895000,1,33892000,3,33896000,4,33891000,5,33897000,3,33890000,3,33898000,7,33889000,6,33899000,4,33888000,8,33900000,6,33887000,6,33901000,6,33886000,7,33902000,6,33885000,8,33903000,6,33884000,7,33904000,6
33893000,2,33895000,1,33892000,3,33896000,3,33891000,7,33897000,3,33890000,4,33898000,7,33889000,7,33899000,4,33888000,7,33900000,6,33887000,6,33901000,6,33886000,7,33902000,6,33885000,8,33903000,6,33884000,7,33904000,6
33891000,2,33894000,2,33890000,7,33896000,4,33889000,6,33897000,4,33888000,17,33898000,7,33887000,6,33899000,5,33886000,7,33900000,6,33885000,8,33901000,6,33884000,7,33902000,6,33883000,7,33903000,6,33882000,7,33904000,6
33893000,3,33894000,1,33892000,4,33896000,1,33891000,3,33897000,3,33890000,3,33898000,3,33889000,5,33899000,5,33888000,6,33900000,6,33887000,5,33901000,6,33886000,6,33902000,7,33885000,28,33903000,6,33884000,16,33904000,6
33892000,4,33895000,2,33891000,3,33896000,2,33890000,5,33897000,4,33889000,5,33898000,3,33888000,5,33899000,8,33887000,6,33900000,9,33886000,6,33901000,6,33885000,28,33902000,7,33884000,17,33903000,6,33883000,7,33904000,7
33895000,2,33898000,2,33894000,4,33899000,5,33893000,3,33900000,7,33892000,7,33901000,5,33891000,6,33902000,5,33890000,8,33903000,6,33889000,6,33904000,7,33888000,7,33905000,6,33887000,5,33906000,21,33886000,6,33907000,7
33892000,1,33893000,1,33891000,2,33894000,2,33890000,7,33895000,2,33889000,8,33896000,5,33888000,6,33897000,5,33887000,5,33898000,4,33886000,6,33899000,7,33885000,31,33900000,6,33884000,8,33901000,7,33883000,6,33902000,11
33889000,4,33890000,1,33888000,2,33891000,3,33887000,3,33892000,3,33886000,5,33893000,4,33885000,31,33894000,3,33884000,6,33895000,3,33883000,8,33896000,7,33882000,6,33897000,7,33881000,8,33898000,9,33880000,9,33899000,9
33891000,2,33893000,4,33890000,4,33894000,3,33889000,3,33895000,3,33888000,4,33896000,7,33887000,3,33897000,7,33886000,7,33898000,8,33885000,31,33899000,9,33884000,6,33900000,8,33883000,7,33901000,7,33882000,8,33902000,8
33895000,1,33896000,3,33894000,2,33897000,2,33893000,3,33898000,3,33892000,6,33899000,7,33891000,4,33900000,6,33890000,6,33901000,6,33889000,4,33902000,8,33888000,8,33903000,7,33887000,5,33904000,7,33886000,7,33905000,6
33896000,1,33898000,1,33895000,4,33899000,7,33894000,3,33900000,4,33893000,2,33901000,5,33892000,8,33902000,6,33891000,5,33903000,5,33890000,6,33904000,7,33889000,4,33905000,6,33888000,8,33906000,21,33887000,6,33907000,7
33895000,1,33897000,2,33894000,3,33898000,4,33893000,2,33899000,3,33892000,8,33900000,3,33891000,5,33901000,6,33890000,8,33902000,5,33889000,4,33903000,5,33888000,8,33904000,7,33887000,6,33905000,6,33886000,7,33906000,21
33894000,1,33896000,2,33893000,4,33897000,3,33892000,5,33898000,4,33891000,3,33899000,3,33890000,6,33900000,4,33889000,4,33901000,8,33888000,8,33902000,9,33887000,6,33903000,6,33886000,9,33904000,7,33885000,31,33905000,6
33891000,1,33893000,1,33890000,3,33894000,3,33889000,4,33895000,3,33888000,6,33896000,4,33887000,5,33897000,4,33886000,7,33898000,4,33885000,31,33899000,4,33884000,8,33900000,6,33883000,8,33901000,9,33882000,9,33902000,9
33890000,3,33893000,2,33889000,4,33894000,3,33888000,6,33895000,3,33887000,5,33896000,4,33886000,7,33897000,4,33885000,31,33898000,4,33884000,8,33899000,4,33883000,8,33900000,6,33882000,9,33901000,9,33881000,7,33902000,9
33891000,1,33893000,2,33890000,3,33894000,2,33889000,4,33895000,3,33888000,2,33896000,4,33887000,4,33897000,4,33886000,6,33898000,6,33885000,31,33899000,5,33884000,8,33900000,6,33883000,8,33901000,9,33882000,9,33902000,9
33890000,1,33893000,2,33889000,4,33894000,2,33888000,4,33895000,3,33887000,4,33896000,4,33886000,6,33897000,4,33885000,31,33898000,6,33884000,8,33899000,5,33883000,8,33900000,6,33882000,9,33901000,9,33881000,7,33902000,9
33892000,1,33893000,1,33891000,3,33895000,4,33890000,44,33896000,6,33889000,1,33897000,4,33888000,1,33898000,6,33887000,8,33899000,6,33886000,6,33900000,6,33885000,11,33901000,9,33884000,8,33902000,9,33883000,7,33903000,6
33892000,3,33895000,5,33891000,3,33896000,6,33890000,3,33897000,5,33889000,4,33898000,5,33888000,4,33899000,5,33887000,11,33900000,8,33886000,7,33901000,9,33885000,11,33902000,9,33884000,8,33903000,6,33883000,8,33904000,9
33898000,2,33900000,3,33896000,5,33901000,5,33895000,5,33902000,4,33894000,5,33903000,5,33893000,7,33904000,6,33892000,7,33905000,5,33891000,5,33906000,21,33890000,5,33907000,6,33889000,7,33908000,10,33888000,5,33909000,5
33901000,6,33904000,1,33900000,6,33905000,4,33899000,5,33906000,19,33898000,3,33907000,5,33897000,2,33908000,6,33896000,5,33909000,4,33895000,5,33910000,6,33894000,8,33911000,19,33893000,7,33912000,9,33892000,9,33913000,3
33905000,1,33907000,1,33904000,2,33908000,4,33903000,3,33909000,3,33902000,5,33910000,5,33901000,10,33911000,19,33900000,9,33912000,6,33899000,6,33913000,3,33898000,6,33914000,8,33897000,3,33915000,5,33896000,7,33916000,9
33906000,2,33908000,1,33905000,3,33909000,2,33904000,4,33910000,3,33903000,4,33911000,18,33902000,6,33912000,6,33901000,10,33913000,4,33900000,10,33914000,8,33899000,8,33915000,5,33898000,6,33916000,9,33897000,3,33917000,7
33901000,5,33904000,3,33900000,7,33905000,4,33899000,5,33906000,4,33898000,6,33907000,4,33897000,3,33908000,5,33896000,7,33909000,5,33895000,5,33910000,6,33894000,8,33911000,20,33893000,6,33912000,9,33892000,9,33913000,4
33903000,1,33905000,1,33902000,6,33906000,3,33901000,8,33907000,5,33900000,8,33908000,3,33899000,7,33909000,4,33898000,6,33910000,4,33897000,4,33911000,19,33896000,7,33912000,8,33895000,5,33913000,4,33894000,8,33914000,8
33904000,2,33906000,1,33903000,2,33907000,4,33902000,6,33908000,3,33901000,8,33909000,4,33900000,8,33910000,4,33899000,7,33911000,19,33898000,7,33912000,8,33897000,4,33913000,4,33896000,7,33914000,9,33895000,5,33915000,5
33904000,2,33906000,1,33903000,2,33907000,4,33902000,6,33908000,3,33901000,8,33909000,4,33900000,8,33910000,4,33899000,7,33911000,19,33898000,7,33912000,8,33897000,4,33913000,4,33896000,7,33914000,9,33895000,5,33915000,5
33906000,2,33908000,3,33905000,6,33909000,4,33904000,5,33910000,4,33903000,3,33911000,4,33902000,9,33912000,6,33901000,9,33913000,5,33900000,10,33914000,9,33899000,6,33915000,5,33898000,6,33916000,9,33897000,4,33917000,8
33897000,1,33899000,1,33896000,4,33900000,3,33895000,5,33901000,2,33894000,5,33902000,4,33893000,7,33903000,3,33892000,10,33904000,7,33891000,5,33905000,9,33890000,8,33906000,10,33889000,7,33907000,5,33888000,6,33908000,10
33897000,1,33899000,2,33896000,4,33900000,5,33895000,4,33901000,4,33894000,6,33902000,6,33893000,7,33903000,5,33892000,9,33904000,9,33891000,5,33905000,29,33890000,8,33906000,10,33889000,7,33907000,5,33888000,6,33908000,10
33897000,1,33899000,2,33896000,4,33900000,5,33895000,4,33901000,4,33894000,6,33902000,6,33893000,7,33903000,5,33892000,9,33904000,9,33891000,5,33905000,29,33890000,8,33906000,10,33889000,7,33907000,5,33888000,6,33908000,10
33904000,2,33906000,1,33903000,3,33907000,4,33902000,5,33908000,5,33901000,6,33909000,4,33900000,4,33910000,4,33899000,8,33911000,6,33898000,11,33912000,7,33897000,7,33913000,5,33896000,7,33914000,9,33895000,5,33915000,5
33905000,3,33908000,4,33904000,3,33909000,4,33903000,4,33910000,8,33902000,8,33911000,4,33901000,7,33912000,6,33900000,7,33913000,5,33899000,9,33914000,9,33898000,11,33915000,5,33897000,7,33916000,9,33896000,7,33917000,8
33903000,3,33905000,1,33902000,4,33906000,3,33901000,6,33907000,3,33900000,6,33908000,5,33899000,9,33909000,6,33898000,12,33910000,4,33897000,7,33911000,6,33896000,10,33912000,5,33895000,5,33913000,7,33894000,10,33914000,8
33899000,4,33901000,1,33898000,6,33902000,2,33897000,6,33903000,2,33896000,8,33904000,3,33895000,5,33905000,3,33894000,9,33906000,3,33893000,7,33907000,4,33892000,11,33908000,7,33891000,5,33909000,6,33890000,11,33910000,6
33897000,2,33902000,2,33896000,5,33903000,3,33895000,4,33904000,4,33894000,8,33905000,4,33893000,7,33906000,6,33892000,11,33907000,4,33891000,5,33908000,8,33890000,8,33909000,6,33889000,6,33910000,6,33888000,7,33911000,8
33896000,1,33898000,3,33895000,3,33899000,1,33894000,7,33900000,3,33893000,6,33901000,4,33892000,9,33902000,3,33891000,5,33903000,4,33890000,9,33904000,6,33889000,5,33905000,4,33888000,6,33906000,6,33887000,7,33907000,4
33900000,3,33902000,3,33899000,3,33903000,1,33898000,5,33904000,4,33897000,3,33905000,3,33896000,5,33906000,4,33895000,4,33907000,4,33894000,8,33908000,8,33893000,7,33909000,5,33892000,11,33910000,6,33891000,5,33911000,8
33898000,4,33899000,1,33897000,2,33900000,2,33896000,4,33901000,3,33895000,4,33902000,3,33894000,8,33903000,1,33893000,7,33904000,4,33892000,11,33905000,4,33891000,5,33906000,4,33890000,9,33907000,4,33889000,6,33908000,7
33896000,2,33898000,3,33895000,3,33899000,2,33894000,4,33900000,3,33893000,4,33901000,6,33892000,9,33902000,5,33891000,6,33903000,3,33890000,7,33904000,7,33889000,6,33905000,4,33888000,6,33906000,7,33887000,8,33907000,4
33896000,2,33898000,3,33895000,3,33899000,2,33894000,4,33900000,3,33893000,4,33901000,6,33892000,9,33902000,5,33891000,6,33903000,3,33890000,7,33904000,7,33889000,6,33905000,4,33888000,6,33906000,7,33887000,8,33907000,4
33904000,2,33907000,2,33903000,4,33908000,5,33902000,4,33909000,7,33901000,3,33910000,4,33900000,4,33911000,7,33899000,6,33912000,6,33898000,8,33913000,4,33897000,9,33914000,11,33896000,7,33915000,6,33895000,6,33916000,8
33904000,3,33906000,3,33903000,5,33907000,5,33902000,2,33908000,3,33901000,4,33909000,5,33900000,4,33910000,4,33899000,6,33911000,7,33898000,7,33912000,7,33897000,9,33913000,4,33896000,7,33914000,11,33895000,7,33915000,5
33905000,3,33907000,3,33904000,4,33908000,1,33903000,3,33909000,4,33902000,3,33910000,3,33901000,5,33911000,6,33900000,6,33912000,6,33899000,6,33913000,4,33898000,8,33914000,11,33897000,9,33915000,5,33896000,7,33916000,8
33908000,1,33910000,2,33907000,3,33911000,1,33906000,3,33912000,4,33905000,5,33913000,4,33904000,6,33914000,7,33903000,4,33915000,4,33902000,6,33916000,5,33901000,6,33917000,8,33900000,7,33918000,9,33899000,8,33919000,6
33903000,3,33905000,1,33902000,3,33906000,3,33901000,6,33907000,3,33900000,8,33908000,3,33899000,6,33909000,4,33898000,13,33910000,5,33897000,9,33911000,8,33896000,7,33912000,6,33895000,6,33913000,5,33894000,9,33914000,10
33907000,2,33908000,1,33906000,4,33909000,2,33905000,4,33910000,2,33904000,5,33911000,5,33903000,5,33912000,4,33902000,5,33913000,5,33901000,6,33914000,10,33900000,9,33915000,5,33899000,7,33916000,7,33898000,12,33917000,7
33911000,2,33913000,1,33910000,2,33914000,4,33909000,3,33915000,4,33908000,4,33916000,4,33907000,4,33917000,6,33906000,5,33918000,5,33905000,5,33919000,7,33904000,8,33920000,9,33903000,6,33921000,14,33902000,7,33922000,11
33910000,1,33912000,1,33909000,3,33913000,4,33908000,3,33914000,4,33907000,4,33915000,4,33906000,5,33916000,4,33905000,5,33917000,5,33904000,8,33918000,6,33903000,6,33919000,7,33902000,7,33920000,9,33901000,6,33921000,14
33905000,2,33907000,1,33904000,4,33908000,3,33903000,2,33909000,3,33902000,5,33910000,4,33901000,7,33911000,4,33900000,8,33912000,5,33899000,7,33913000,5,33898000,9,33914000,6,33897000,9,33915000,5,33896000,9,33916000,7
33908000,3,33910000,1,33907000,2,33911000,1,33906000,2,33912000,4,33905000,4,33913000,4,33904000,5,33914000,4,33903000,7,33915000,5,33902000,6,33916000,7,33901000,5,33917000,6,33900000,10,33918000,8,33899000,9,33919000,9
33907000,3,33910000,1,33906000,2,33911000,5,33905000,4,33912000,4,33904000,5,33913000,3,33903000,7,33914000,2,33902000,7,33915000,5,33901000,5,33916000,7,33900000,10,33917000,6,33899000,9,33918000,8,33898000,9,33919000,8
33910000,1,33912000,2,33909000,3,33913000,4,33908000,3,33914000,2,33907000,3,33915000,5,33906000,3,33916000,5,33905000,4,33917000,6,33904000,5,33918000,8,33903000,7,33919000,8,33902000,8,33920000,9,33901000,5,33921000,15
33907000,2,33908000,1,33906000,2,33909000,3,33905000,2,33910000,2,33904000,6,33911000,4,33903000,7,33912000,4,33902000,7,33913000,3,33901000,5,33914000,3,33900000,10,33915000,5,33899000,9,33916000,7,33898000,9,33917000,6
33907000,4,33910000,4,33906000,4,33911000,5,33905000,3,33912000,4,33904000,6,33913000,3,33903000,6,33914000,3,33902000,6,33915000,5,33901000,5,33916000,7,33900000,10,33917000,6,33899000,8,33918000,8,33898000,9,33919000,8
33904000,1,33905000,1,33903000,4,33906000,1,33902000,4,33907000,1,33901000,5,33908000,2,33900000,10,33909000,2,33899000,7,33910000,2,33898000,9,33911000,11,33897000,9,33912000,6,33896000,9,33913000,4,33895000,5,33914000,5
33905000,3,33907000,2,33904000,5,33908000,3,33903000,8,33909000,3,33902000,6,33910000,3,33901000,7,33911000,9,33900000,10,33912000,5,33899000,7,33913000,4,33898000,8,33914000,5,33897000,9,33915000,6,33896000,9,33916000,7
33904000,1,33906000,3,33903000,6,33907000,1,33902000,5,33908000,7,33901000,7,33909000,3,33900000,10,33910000,5,33899000,7,33911000,7,33898000,8,33912000,4,33897000,9,33913000,4,33896000,9,33914000,5,33895000,5,33915000,6
33906000,1,33908000,4,33905000,3,33909000,3,33904000,5,33910000,5,33903000,4,33911000,8,33902000,5,33912000,4,33901000,6,33913000,3,33900000,10,33914000,5,33899000,8,33915000,6,33898000,9,33916000,6,33897000,9,33917000,6
33909000,1,33911000,3,33908000,2,33912000,3,33907000,3,33913000,2,33906000,4,33914000,3,33905000,4,33915000,4,33904000,6,33916000,6,33903000,5,33917000,6,33902000,7,33918000,8,33901000,6,33919000,8,33900000,12,33920000,9
33908000,2,33911000,3,33907000,4,33912000,4,33906000,2,33913000,2,33905000,5,33914000,4,33904000,6,33915000,5,33903000,5,33916000,7,33902000,7,33917000,6,33901000,6,33918000,8,33900000,12,33919000,8,33899000,7,33920000,9
33909000,2,33911000,1,33908000,2,33912000,4,33907000,3,33913000,2,33906000,2,33914000,3,33905000,4,33915000,4,33904000,5,33916000,5,33903000,5,33917000,6,33902000,7,33918000,9,33901000,6,33919000,8,33900000,12,33920000,9
33908000,2,33911000,6,33907000,2,33912000,4,33906000,4,33913000,5,33905000,4,33914000,3,33904000,6,33915000,5,33903000,6,33916000,5,33902000,7,33917000,6,33901000,6,33918000,9,33900000,13,33919000,8,33899000,8,33920000,9
33904000,4,33907000,2,33903000,5,33908000,3,33902000,6,33909000,3,33901000,7,33910000,4,33900000,11,33911000,4,33899000,7,33912000,2,33898000,9,33913000,6,33897000,10,33914000,5,33896000,11,33915000,5,33895000,6,33916000,7
33900000,3,33901000,2,33899000,2,33902000,3,33898000,6,33903000,1,33897000,7,33904000,5,33896000,7,33905000,5,33895000,5,33906000,4,33894000,11,33907000,5,33893000,6,33908000,8,33892000,12,33909000,7,33891000,6,33910000,7
33897000,3,33900000,3,33896000,8,33901000,4,33895000,5,33902000,2,33894000,8,33903000,2,33893000,6,33904000,7,33892000,11,33905000,5,33891000,6,33906000,8,33890000,9,33907000,6,33889000,6,33908000,8,33888000,8,33909000,8
33893000,2,33895000,4,33892000,6,33896000,1,33891000,5,33897000,3,33890000,9,33898000,1,33889000,5,33899000,5,33888000,8,33900000,6,33887000,8,33901000,7,33886000,10,33902000,6,33885000,8,33903000,4,33884000,12,33904000,8
33891000,2,33894000,2,33890000,8,33895000,5,33889000,5,33896000,2,33888000,6,33897000,4,33887000,7,33898000,2,33886000,10,33899000,5,33885000,8,33900000,9,33884000,10,33901000,8,33883000,7,33902000,6,33882000,8,33903000,4
33892000,6,33893000,2,33891000,7,33895000,1,33890000,8,33896000,3,33889000,5,33897000,3,33888000,8,33898000,3,33887000,8,33899000,5,33886000,10,33900000,5,33885000,8,33901000,7,33884000,10,33902000,6,33883000,7,33903000,4
33889000,4,33890000,3,33888000,5,33891000,1,33887000,5,33892000,4,33886000,9,33893000,3,33885000,8,33894000,3,33884000,10,33895000,3,33883000,7,33896000,4,33882000,8,33897000,4,33881000,7,33898000,8,33880000,15,33899000,6
33892000,3,33894000,4,33891000,5,33895000,1,33890000,4,33896000,3,33889000,3,33897000,3,33888000,5,33898000,5,33887000,6,33899000,6,33886000,10,33900000,8,33885000,8,33901000,9,33884000,9,33902000,6,33883000,7,33903000,4
33894000,2,33897000,2,33893000,3,33898000,3,33892000,5,33899000,5,33891000,4,33900000,4,33890000,5,33901000,8,33889000,4,33902000,6,33888000,6,33903000,4,33887000,7,33904000,10,33886000,10,33905000,8,33885000,8,33906000,9
33893000,6,33894000,1,33892000,3,33896000,2,33891000,4,33897000,4,33890000,7,33898000,1,33889000,4,33899000,2,33888000,6,33900000,4,33887000,9,33901000,4,33886000,10,33902000,5,33885000,6,33903000,5,33884000,10,33904000,10
33891000,2,33893000,3,33890000,5,33894000,4,33889000,4,33895000,6,33888000,5,33896000,4,33887000,6,33897000,3,33886000,9,33898000,2,33885000,6,33899000,4,33884000,10,33900000,7,33883000,7,33901000,6,33882000,8,33902000,6
33893000,1,33894000,2,33892000,4,33895000,4,33891000,6,33896000,3,33890000,2,33897000,5,33889000,4,33898000,4,33888000,7,33899000,4,33887000,6,33900000,7,33886000,11,33901000,7,33885000,6,33902000,6,33884000,10,33903000,5
33891000,4,33893000,2,33890000,4,33894000,4,33889000,5,33895000,3,33888000,8,33896000,4,33887000,6,33897000,4,33886000,11,33898000,3,33885000,6,33899000,5,33884000,12,33900000,9,33883000,7,33901000,7,33882000,8,33902000,6
33888000,3,33890000,3,33887000,3,33891000,3,33886000,7,33892000,4,33885000,6,33893000,4,33884000,8,33894000,3,33883000,7,33895000,5,33882000,7,33896000,6,33881000,8,33897000,5,33880000,17,33898000,7,33879000,8,33899000,5
33890000,1,33891000,1,33889000,3,33892000,3,33888000,1,33893000,4,33887000,2,33894000,3,33886000,8,33895000,5,33885000,7,33896000,8,33884000,9,33897000,6,33883000,7,33898000,7,33882000,8,33899000,7,33881000,8,33900000,8
33886000,5,33889000,2,33885000,6,33890000,3,33884000,8,33891000,4,33883000,7,33892000,5,33882000,7,33893000,5,33881000,8,33894000,3,33880000,17,33895000,7,33879000,7,33896000,10,33878000,7,33897000,6,33877000,7,33898000,7
33888000,7,33889000,2,33887000,1,33890000,3,33886000,3,33891000,4,33885000,4,33892000,7,33884000,6,33893000,8,33883000,4,33894000,6,33882000,4,33895000,7,33881000,8,33896000,10,33880000,17,33897000,6,33879000,7,33898000,7
33892000,1,33894000,2,33891000,2,33895000,5,33890000,4,33896000,5,33889000,6,33897000,4,33888000,8,33898000,5,33887000,4,33899000,6,33886000,6,33900000,8,33885000,6,33901000,8,33884000,11,33902000,7,33883000,8,33903000,7
33893000,1,33895000,4,33892000,3,33896000,4,33891000,3,33897000,4,33890000,3,33898000,4,33889000,7,33899000,6,33888000,9,33900000,8,33887000,6,33901000,8,33886000,7,33902000,7,33885000,5,33903000,7,33884000,12,33904000,12
33897000,2,33899000,1,33896000,4,33900000,4,33895000,3,33901000,6,33894000,4,33902000,5,33893000,4,33903000,4,33892000,6,33904000,11,33891000,6,33905000,6,33890000,11,33906000,9,33889000,9,33907000,7,33888000,11,33908000,9
33899000,2,33902000,3,33898000,6,33903000,4,33897000,4,33904000,10,33896000,6,33905000,5,33895000,4,33906000,7,33894000,6,33907000,7,33893000,4,33908000,9,33892000,8,33909000,8,33891000,6,33910000,9,33890000,11,33911000,9
33897000,2,33899000,1,33896000,3,33900000,6,33895000,5,33901000,6,33894000,6,33902000,4,33893000,4,33903000,3,33892000,7,33904000,11,33891000,6,33905000,6,33890000,11,33906000,9,33889000,8,33907000,7,33888000,10,33908000,9
33894000,2,33895000,1,33893000,3,33897000,2,33892000,3,33898000,7,33891000,6,33899000,5,33890000,11,33900000,7,33889000,8,33901000,6,33888000,10,33902000,5,33887000,7,33903000,5,33886000,8,33904000,13,33885000,8,33905000,6
33895000,3,33898000,5,33894000,3,33899000,6,33893000,5,33900000,6,33892000,5,33901000,5,33891000,6,33902000,5,33890000,10,33903000,5,33889000,8,33904000,13,33888000,9,33905000,6,33887000,7,33906000,9,33886000,8,33907000,6
33899000,3,33901000,1,33898000,6,33902000,3,33897000,4,33903000,3,33896000,5,33904000,8,33895000,2,33905000,4,33894000,13,33906000,8,33893000,5,33907000,5,33892000,6,33908000,9,33891000,6,33909000,6,33890000,6,33910000,11
33905000,1,33907000,4,33904000,4,33908000,5,33903000,3,33909000,5,33902000,3,33910000,7,33901000,4,33911000,8,33900000,4,33912000,5,33899000,5,33913000,6,33898000,8,33914000,7,33897000,6,33915000,6,33896000,7,33916000,9
33902000,3,33905000,3,33901000,2,33906000,4,33900000,4,33907000,5,33899000,5,33908000,5,33898000,6,33909000,5,33897000,6,33910000,9,33896000,7,33911000,10,33895000,6,33912000,6,33894000,12,33913000,6,33893000,5,33914000,8
33898000,6,33900000,1,33897000,3,33901000,3,33896000,2,33902000,3,33895000,5,33903000,3,33894000,8,33904000,7,33893000,5,33905000,4,33892000,11,33906000,10,33891000,8,33907000,6,33890000,9,33908000,11,33889000,10,33909000,7
33896000,4,33899000,3,33895000,3,33900000,4,33894000,8,33901000,3,33893000,5,33902000,4,33892000,7,33903000,1,33891000,7,33904000,5,33890000,8,33905000,5,33889000,10,33906000,10,33888000,12,33907000,6,33887000,8,33908000,11
33896000,1,33898000,4,33895000,3,33899000,3,33894000,6,33900000,4,33893000,4,33901000,5,33892000,7,33902000,3,33891000,7,33903000,3,33890000,9,33904000,6,33889000,10,33905000,7,33888000,12,33906000,10,33887000,8,33907000,6
33900000,2,33902000,2,33899000,3,33903000,4,33898000,4,33904000,4,33897000,4,33905000,6,33896000,6,33906000,7,33895000,4,33907000,5,33894000,9,33908000,10,33893000,5,33909000,7,33892000,9,33910000,9,33891000,8,33911000,10
33898000,1,33900000,2,33897000,2,33901000,3,33896000,4,33902000,4,33895000,3,33903000,4,33894000,8,33904000,5,33893000,5,33905000,7,33892000,7,33906000,9,33891000,7,33907000,6,33890000,9,33908000,11,33889000,10,33909000,7
33894000,4,33897000,3,33893000,4,33898000,3,33892000,7,33899000,3,33891000,7,33900000,5,33890000,7,33901000,4,33889000,9,33902000,4,33888000,12,33903000,6,33887000,8,33904000,6,33886000,9,33905000,7,33885000,7,33906000,9
33895000,2,33897000,1,33894000,4,33898000,2,33893000,3,33899000,2,33892000,6,33900000,5,33891000,6,33901000,4,33890000,7,33902000,5,33889000,9,33903000,6,33888000,12,33904000,6,33887000,8,33905000,7,33886000,9,33906000,9
33894000,4,33896000,1,33893000,3,33897000,3,33892000,5,33898000,3,33891000,7,33899000,3,33890000,7,33900000,6,33889000,9,33901000,5,33888000,12,33902000,5,33887000,8,33903000,6,33886000,9,33904000,6,33885000,7,33905000,7
33890000,5,33893000,3,33889000,8,33894000,4,33888000,8,33895000,3,33887000,6,33896000,4,33886000,7,33897000,4,33885000,7,33898000,4,33884000,9,33899000,4,33883000,10,33900000,8,33882000,8,33901000,6,33881000,7,33902000,6
33887000,2,33889000,1,33886000,4,33890000,2,33885000,11,33891000,4,33884000,5,33892000,4,33883000,7,33893000,3,33882000,6,33894000,6,33881000,7,33895000,5,33880000,17,33896000,9,33879000,7,33897000,5,33878000,7,33898000,9
33888000,1,33890000,1,33887000,3,33891000,2,33886000,4,33892000,4,33885000,11,33893000,3,33884000,5,33894000,7,33883000,7,33895000,5,33882000,6,33896000,9,33881000,7,33897000,5,33880000,17,33898000,8,33879000,8,33899000,6
33885000,9,33887000,2,33884000,3,33888000,4,33883000,7,33889000,4,33882000,6,33890000,4,33881000,7,33891000,5,33880000,18,33892000,5,33879000,8,33893000,4,33878000,7,33894000,6,33877000,7,33895000,5,33876000,5,33896000,10
33891000,1,33893000,3,33890000,3,33894000,4,33889000,3,33895000,4,33888000,4,33896000,8,33887000,4,33897000,4,33886000,5,33898000,6,33885000,5,33899000,5,33884000,6,33900000,10,33883000,6,33901000,6,33882000,6,33902000,7
33888000,3,33890000,6,33887000,2,33891000,2,33886000,4,33892000,6,33885000,4,33893000,5,33884000,5,33894000,6,33883000,5,33895000,5,33882000,5,33896000,10,33881000,6,33897000,5,33880000,18,33898000,7,33879000,9,33899000,5
33888000,2,33890000,5,33887000,1,33891000,1,33886000,4,33892000,6,33885000,4,33893000,7,33884000,4,33894000,5,33883000,5,33895000,5,33882000,6,33896000,11,33881000,7,33897000,6,33880000,18,33898000,8,33879000,9,33899000,5
33888000,2,33890000,5,33887000,1,33891000,1,33886000,4,33892000,6,33885000,4,33893000,7,33884000,4,33894000,5,33883000,5,33895000,5,33882000,6,33896000,11,33881000,7,33897000,6,33880000,18,33898000,8,33879000,9,33899000,5
33880000,12,33882000,2,33879000,2,33883000,4,33878000,4,33884000,5,33877000,7,33885000,2,33876000,4,33886000,5,33875000,13,33887000,6,33874000,7,33888000,13,33873000,6,33889000,9,33872000,8,33890000,10,33871000,8,33891000,6
33877000,2,33879000,2,33876000,3,33880000,4,33875000,13,33881000,7,33874000,5,33882000,3,33873000,6,33883000,6,33872000,7,33884000,9,33871000,7,33885000,5,33870000,9,33886000,8,33869000,6,33887000,6,33868000,5,33888000,12
33880000,1,33883000,3,33879000,8,33884000,6,33878000,9,33885000,4,33877000,6,33886000,8,33876000,5,33887000,5,33875000,15,33888000,11,33874000,7,33889000,9,33873000,6,33890000,10,33872000,7,33891000,6,33871000,7,33892000,12
33876000,1,33878000,2,33875000,11,33879000,6,33874000,5,33880000,5,33873000,6,33881000,5,33872000,5,33882000,6,33871000,7,33883000,4,33870000,9,33884000,10,33869000,6,33885000,5,33868000,5,33886000,9,33867000,10,33887000,5
33871000,1,33872000,1,33870000,6,33873000,3,33869000,6,33874000,4,33868000,4,33875000,6,33867000,7,33876000,5,33866000,9,33877000,5,33865000,5,33878000,5,33864000,11,33879000,8,33863000,6,33880000,8,33862000,7,33881000,9
33872000,1,33874000,1,33871000,4,33875000,6,33870000,6,33876000,6,33869000,6,33877000,6,33868000,4,33878000,4,33867000,8,33879000,8,33866000,8,33880000,11,33865000,5,33881000,9,33864000,11,33882000,8,33863000,6,33883000,7
33872000,4,33875000,3,33871000,4,33876000,8,33870000,6,33877000,5,33869000,7,33878000,4,33868000,5,33879000,7,33867000,8,33880000,7,33866000,8,33881000,9,33865000,5,33882000,8,33864000,11,33883000,7,33863000,6,33884000,12
33873000,3,33875000,1,33872000,4,33876000,6,33871000,4,33877000,4,33870000,7,33878000,4,33869000,7,33879000,6,33868000,5,33880000,9,33867000,8,33881000,7,33866000,8,33882000,8,33865000,5,33883000,7,33864000,11,33884000,12
33877000,3,33879000,2,33876000,3,33880000,6,33875000,5,33881000,5,33874000,6,33882000,6,33873000,4,33883000,6,33872000,6,33884000,10,33871000,5,33885000,5,33870000,7,33886000,9,33869000,8,33887000,5,33868000,6,33888000,13
33881000,3,33884000,5,33880000,3,33885000,4,33879000,2,33886000,4,33878000,6,33887000,6,33877000,6,33888000,10,33876000,6,33889000,9,33875000,7,33890000,7,33874000,9,33891000,6,33873000,5,33892000,11,33872000,8,33893000,9
33879000,3,33882000,2,33878000,5,33883000,2,33877000,5,33884000,4,33876000,6,33885000,3,33875000,8,33886000,5,33874000,9,33887000,6,33873000,5,33888000,12,33872000,8,33889000,9,33871000,8,33890000,7,33870000,7,33891000,6
33876000,3,33879000,3,33875000,4,33880000,2,33874000,8,33881000,5,33873000,5,33882000,4,33872000,7,33883000,3,33871000,7,33884000,7,33870000,7,33885000,3,33869000,10,33886000,9,33868000,7,33887000,6,33867000,10,33888000,13
33878000,1,33880000,2,33877000,3,33881000,4,33876000,4,33882000,4,33875000,5,33883000,3,33874000,7,33884000,7,33873000,6,33885000,3,33872000,8,33886000,9,33871000,8,33887000,6,33870000,7,33888000,13,33869000,10,33889000,9
33881000,2,33884000,3,33880000,4,33885000,2,33879000,3,33886000,5,33878000,3,33887000,5,33877000,5,33888000,11,33876000,5,33889000,9,33875000,6,33890000,7,33874000,9,33891000,6,33873000,6,33892000,11,33872000,9,33893000,9
33885000,4,33888000,3,33884000,3,33889000,5,33883000,4,33890000,5,33882000,4,33891000,5,33881000,6,33892000,8,33880000,6,33893000,9,33879000,7,33894000,9,33878000,6,33895000,5,33877000,8,33896000,12,33876000,6,33897000,6
33885000,1,33887000,3,33884000,3,33888000,7,33883000,4,33889000,5,33882000,4,33890000,5,33881000,6,33891000,5,33880000,6,33892000,9,33879000,7,33893000,9,33878000,6,33894000,9,33877000,8,33895000,5,33876000,6,33896000,12
33883000,2,33885000,1,33882000,3,33886000,3,33881000,4,33887000,4,33880000,5,33888000,8,33879000,5,33889000,5,33878000,5,33890000,8,33877000,8,33891000,6,33876000,6,33892000,10,33875000,7,33893000,7,33874000,9,33894000,9
33884000,1,33885000,2,33883000,3,33886000,3,33882000,3,33887000,4,33881000,3,33888000,7,33880000,15,33889000,7,33879000,3,33890000,8,33878000,4,33891000,6,33877000,5,33892000,11,33876000,6,33893000,7,33875000,6,33894000,8
33888000,1,33889000,2,33887000,2,33890000,4,33886000,3,33891000,4,33885000,4,33892000,8,33884000,4,33893000,6,33883000,4,33894000,9,33882000,6,33895000,6,33881000,6,33896000,11,33880000,18,33897000,6,33879000,4,33898000,9
33889000,2,33891000,1,33888000,3,33892000,6,33887000,6,33893000,6,33886000,7,33894000,8,33885000,7,33895000,6,33884000,5,33896000,11,33883000,5,33897000,5,33882000,17,33898000,8,33881000,18,33899000,5,33880000,30,33900000,10
33882000,6,33884000,1,33881000,5,33885000,4,33880000,17,33886000,2,33879000,5,33887000,3,33878000,7,33888000,2,33877000,8,33889000,4,33876000,7,33890000,7,33875000,7,33891000,5,33874000,12,33892000,9,33873000,7,33893000,5
33885000,2,33887000,2,33884000,5,33888000,2,33883000,2,33889000,3,33882000,4,33890000,5,33881000,7,33891000,5,33880000,19,33892000,9,33879000,7,33893000,5,33878000,9,33894000,14,33877000,7,33895000,6,33876000,7,33896000,11
33888000,2,33890000,1,33887000,4,33891000,4,33886000,4,33892000,4,33885000,4,33893000,4,33884000,6,33894000,7,33883000,4,33895000,6,33882000,7,33896000,11,33881000,7,33897000,6,33880000,19,33898000,8,33879000,7,33899000,6
33884000,1,33885000,1,33883000,3,33886000,1,33882000,5,33887000,3,33881000,6,33888000,2,33880000,18,33889000,3,33879000,7,33890000,6,33878000,9,33891000,6,33877000,7,33892000,8,33876000,7,33893000,5,33875000,8,33894000,7
33887000,2,33888000,3,33886000,5,33890000,4,33885000,10,33891000,7,33884000,4,33892000,6,33883000,3,33893000,6,33882000,5,33894000,7,33881000,7,33895000,6,33880000,19,33896000,10,33879000,7,33897000,5,33878000,9,33898000,8
33885000,7,33888000,4,33884000,3,33889000,2,33883000,3,33890000,5,33882000,5,33891000,8,33881000,7,33892000,7,33880000,19,33893000,6,33879000,7,33894000,7,33878000,9,33895000,6,33877000,7,33896000,10,33876000,7,33897000,5
33882000,3,33883000,1,33881000,3,33884000,3,33880000,17,33885000,3,33879000,6,33886000,3,33878000,7,33887000,2,33877000,7,33888000,3,33876000,7,33889000,3,33875000,7,33890000,7,33874000,12,33891000,6,33873000,7,33892000,9
33879000,1,33881000,4,33878000,6,33882000,5,33877000,7,33883000,3,33876000,6,33884000,6,33875000,7,33885000,3,33874000,11,33886000,4,33873000,6,33887000,4,33872000,9,33888000,6,33871000,11,33889000,4,33870000,10,33890000,7
33881000,2,33883000,2,33880000,4,33884000,1,33879000,6,33885000,3,33878000,6,33886000,4,33877000,7,33887000,4,33876000,7,33888000,5,33875000,7,33889000,3,33874000,11,33890000,7,33873000,6,33891000,6,33872000,9,33892000,9
33880000,3,33882000,1,33879000,6,33883000,4,33878000,6,33884000,6,33877000,9,33885000,4,33876000,7,33886000,3,33875000,7,33887000,4,33874000,11,33888000,5,33873000,6,33889000,4,33872000,9,33890000,7,33871000,8,33891000,6
33877000,2,33878000,1,33876000,3,33879000,2,33875000,5,33880000,3,33874000,8,33881000,4,33873000,7,33882000,4,33872000,9,33883000,4,33871000,8,33884000,8,33870000,9,33885000,5,33869000,8,33886000,7,33868000,7,33887000,4
33880000,1,33881000,5,33879000,1,33882000,4,33878000,5,33883000,6,33877000,5,33884000,6,33876000,5,33885000,6,33875000,5,33886000,7,33874000,20,33887000,4,33873000,19,33888000,6,33872000,20,33889000,3,33871000,21,33890000,8
33879000,1,33881000,4,33878000,3,33882000,4,33877000,4,33883000,5,33876000,3,33884000,6,33875000,5,33885000,6,33874000,9,33886000,7,33873000,19,33887000,5,33872000,20,33888000,6,33871000,21,33889000,3,33870000,23,33890000,8
33881000,2,33882000,1,33880000,4,33883000,5,33879000,7,33884000,5,33878000,3,33885000,5,33877000,3,33886000,7,33876000,7,33887000,5,33875000,8,33888000,6,33874000,10,33889000,5,33873000,19,33890000,8,33872000,20,33891000,6
33882000,1,33884000,3,33881000,5,33885000,4,33880000,4,33886000,4,33879000,7,33887000,4,33878000,4,33888000,6,33877000,6,33889000,6,33876000,10,33890000,9,33875000,8,33891000,8,33874000,11,33892000,8,33873000,17,33893000,6
33888000,4,33889000,1,33887000,17,33890000,7,33886000,8,33891000,6,33885000,6,33892000,7,33884000,7,33893000,4,33883000,4,33894000,8,33882000,10,33895000,6,33881000,8,33896000,11,33880000,8,33897000,6,33879000,8,33898000,11
33894000,1,33895000,6,33892000,2,33896000,8,33891000,21,33897000,5,33890000,21,33898000,7,33889000,26,33899000,5,33888000,9,33900000,11,33887000,20,33901000,6,33886000,11,33902000,10,33885000,9,33903000,8,33884000,12,33904000,12
33890000,31,33891000,3,33889000,26,33892000,2,33888000,12,33894000,4,33887000,19,33895000,6,33886000,11,33896000,6,33885000,10,33897000,7,33884000,13,33898000,11,33883000,7,33899000,7,33882000,12,33900000,12,33881000,8,33901000,7
33888000,10,33890000,3,33887000,1,33891000,4,33886000,9,33892000,6,33885000,7,33893000,4,33884000,10,33894000,4,33883000,8,33895000,9,33882000,13,33896000,10,33881000,8,33897000,8,33880000,9,33898000,11,33879000,9,33899000,6
33884000,1,33886000,1,33883000,4,33887000,4,33882000,9,33888000,4,33881000,6,33889000,6,33880000,8,33890000,4,33879000,11,33891000,7,33878000,9,33892000,9,33877000,7,33893000,7,33876000,11,33894000,8,33875000,8,33895000,8
33878000,4,33879000,3,33877000,4,33881000,4,33876000,6,33882000,3,33875000,6,33883000,5,33874000,8,33884000,6,33873000,7,33885000,6,33872000,10,33886000,9,33871000,8,33887000,7,33870000,10,33888000,9,33869000,7,33889000,4
33878000,3,33880000,2,33877000,4,33881000,4,33876000,4,33882000,3,33875000,6,33883000,6,33874000,8,33884000,3,33873000,7,33885000,6,33872000,9,33886000,10,33871000,8,33887000,6,33870000,9,33888000,8,33869000,6,33889000,4
33884000,2,33886000,3,33883000,4,33887000,4,33882000,4,33888000,5,33881000,5,33889000,4,33880000,4,33890000,7,33879000,8,33891000,6,33878000,7,33892000,7,33877000,7,33893000,7,33876000,6,33894000,9,33875000,7,33895000,8
33890000,2,33892000,3,33889000,2,33893000,6,33888000,4,33894000,6,33887000,3,33895000,7,33886000,5,33896000,10,33885000,4,33897000,7,33884000,8,33898000,10,33883000,3,33899000,8,33882000,5,33900000,11,33881000,8,33901000,7
33887000,3,33889000,1,33886000,3,33890000,4,33885000,3,33891000,4,33884000,8,33892000,5,33883000,3,33893000,6,33882000,5,33894000,7,33881000,8,33895000,8,33880000,7,33896000,10,33879000,10,33897000,7,33878000,10,33898000,10
33884000,4,33886000,1,33883000,2,33887000,3,33882000,4,33888000,5,33881000,8,33889000,5,33880000,8,33890000,4,33879000,10,33891000,4,33878000,10,33892000,6,33877000,6,33893000,8,33876000,7,33894000,9,33875000,8,33895000,8
33888000,2,33890000,3,33887000,4,33891000,4,33886000,3,33892000,4,33885000,4,33893000,7,33884000,5,33894000,7,33883000,5,33895000,8,33882000,5,33896000,10,33881000,8,33897000,7,33880000,8,33898000,10,33879000,8,33899000,7
33887000,3,33889000,1,33886000,3,33890000,3,33885000,4,33891000,4,33884000,8,33892000,4,33883000,5,33893000,4,33882000,6,33894000,3,33881000,15,33895000,8,33880000,12,33896000,11,33879000,13,33897000,7,33878000,15,33898000,10
33885000,1,33887000,3,33884000,3,33888000,4,33883000,4,33889000,3,33882000,5,33890000,4,33881000,10,33891000,5,33880000,5,33892000,6,33879000,8,33893000,7,33878000,10,33894000,7,33877000,7,33895000,8,33876000,7,33896000,10
33881000,5,33884000,3,33880000,4,33885000,3,33879000,7,33886000,3,33878000,8,33887000,4,33877000,8,33888000,4,33876000,6,33889000,4,33875000,8,33890000,8,33874000,12,33891000,6,33873000,7,33892000,8,33872000,12,33893000,6
33883000,1,33884000,1,33882000,3,33885000,3,33881000,5,33886000,5,33880000,4,33887000,5,33879000,5,33888000,5,33878000,7,33889000,6,33877000,8,33890000,7,33876000,6,33891000,6,33875000,8,33892000,8,33874000,10,33893000,7
33886000,3,33887000,5,33885000,2,33888000,1,33884000,2,33889000,3,33883000,2,33890000,4,33882000,3,33891000,5,33881000,7,33892000,7,33880000,7,33893000,6,33879000,5,33894000,7,33878000,6,33895000,10,33877000,7,33896000,10
33882000,1,33884000,1,33881000,4,33885000,3,33880000,5,33886000,3,33879000,6,33887000,5,33878000,5,33888000,8,33877000,8,33889000,6,33876000,7,33890000,6,33875000,8,33891000,7,33874000,12,33892000,8,33873000,7,33893000,6
33883000,2,33885000,1,33882000,4,33886000,3,33881000,5,33887000,5,33880000,5,33888000,11,33879000,4,33889000,7,33878000,5,33890000,7,33877000,8,33891000,7,33876000,8,33892000,8,33875000,8,33893000,5,33874000,12,33894000,7
33882000,1,33883000,2,33881000,3,33884000,5,33880000,4,33885000,3,33879000,6,33886000,3,33878000,4,33887000,2,33877000,8,33888000,9,33876000,7,33889000,6,33875000,8,33890000,7,33874000,12,33891000,7,33873000,7,33892000,8
33879000,2,33882000,3,33878000,3,33883000,3,33877000,6,33884000,4,33876000,6,33885000,3,33875000,8,33886000,4,33874000,10,33887000,3,33873000,6,33888000,9,33872000,10,33889000,9,33871000,9,33890000,7,33870000,9,33891000,6
33875000,1,33877000,2,33874000,4,33878000,4,33873000,4,33879000,6,33872000,8,33880000,4,33871000,8,33881000,4,33870000,8,33882000,5,33869000,6,33883000,2,33868000,7,33884000,7,33867000,10,33885000,4,33866000,10,33886000,6
33878000,1,33880000,2,33877000,3,33881000,3,33876000,2,33882000,4,33875000,4,33883000,2,33874000,5,33884000,6,33873000,7,33885000,5,33872000,8,33886000,6,33871000,6,33887000,4,33870000,9,33888000,9,33869000,6,33889000,10
33875000,1,33876000,1,33874000,1,33877000,4,33873000,6,33878000,4,33872000,7,33879000,4,33871000,6,33880000,10,33870000,8,33881000,4,33869000,6,33882000,4,33868000,6,33883000,2,33867000,9,33884000,7,33866000,9,33885000,4
33872000,1,33873000,1,33871000,3,33874000,4,33870000,6,33875000,5,33869000,5,33876000,5,33868000,5,33877000,5,33867000,10,33878000,5,33866000,8,33879000,4,33865000,6,33880000,12,33864000,15,33881000,5,33863000,6,33882000,5
33872000,1,33874000,2,33871000,4,33875000,5,33870000,5,33876000,5,33869000,8,33877000,5,33868000,5,33878000,5,33867000,9,33879000,5,33866000,7,33880000,12,33865000,5,33881000,5,33864000,15,33882000,5,33863000,4,33883000,3
33869000,5,33871000,1,33868000,4,33872000,3,33867000,5,33873000,3,33866000,6,33874000,3,33865000,5,33875000,3,33864000,16,33876000,4,33863000,5,33877000,3,33862000,18,33878000,5,33861000,12,33879000,4,33860000,20,33880000,13
33867000,1,33868000,1,33866000,2,33869000,4,33865000,4,33870000,5,33864000,14,33871000,4,33863000,5,33872000,4,33862000,7,33873000,3,33861000,6,33874000,4,33860000,12,33875000,7,33859000,6,33876000,5,33858000,7,33877000,4
33866000,3,33868000,2,33865000,4,33869000,4,33864000,12,33870000,7,33863000,5,33871000,4,33862000,7,33872000,4,33861000,6,33873000,4,33860000,13,33874000,5,33859000,6,33875000,7,33858000,7,33876000,5,33857000,6,33877000,4
33866000,3,33868000,2,33865000,4,33869000,4,33864000,12,33870000,7,33863000,5,33871000,4,33862000,7,33872000,4,33861000,6,33873000,4,33860000,13,33874000,5,33859000,6,33875000,7,33858000,7,33876000,5,33857000,6,33877000,4
33860000,5,33861000,1,33859000,2,33862000,2,33858000,1,33863000,6,33857000,4,33864000,5,33856000,4,33865000,5,33855000,6,33866000,5,33854000,10,33867000,9,33853000,5,33868000,5,33852000,9,33869000,5,33851000,5,33870000,10
33860000,5,33861000,1,33859000,2,33862000,2,33858000,1,33863000,6,33857000,4,33864000,5,33856000,4,33865000,5,33855000,6,33866000,5,33854000,10,33867000,9,33853000,5,33868000,5,33852000,9,33869000,5,33851000,5,33870000,10
33860000,5,33861000,1,33859000,2,33862000,2,33858000,1,33863000,6,33857000,4,33864000,5,33856000,4,33865000,5,33855000,6,33866000,5,33854000,10,33867000,9,33853000,5,33868000,5,33852000,9,33869000,5,33851000,5,33870000,10
33858000,1,33859000,1,33856000,1,33860000,5,33852000,2,33861000,6,33851000,4,33862000,4,33850000,19,33863000,5,33849000,6,33864000,5,33848000,6,33865000,5,33847000,10,33866000,6,33846000,8,33867000,9,33845000,8,33868000,6
33854000,4,33857000,3,33853000,8,33858000,3,33852000,7,33859000,4,33851000,5,33860000,3,33850000,19,33861000,9,33849000,5,33862000,6,33848000,5,33863000,9,33847000,8,33864000,7,33846000,8,33865000,7,33845000,8,33866000,7
33856000,1,33857000,3,33855000,1,33858000,3,33854000,1,33859000,5,33853000,4,33860000,5,33852000,5,33861000,9,33851000,5,33862000,7,33850000,19,33863000,9,33849000,5,33864000,7,33848000,5,33865000,7,33847000,7,33866000,7
33854000,1,33855000,5,33853000,2,33856000,1,33852000,7,33857000,3,33851000,5,33858000,4,33850000,19,33859000,5,33849000,5,33860000,5,33848000,5,33861000,9,33847000,7,33862000,7,33846000,8,33863000,9,33845000,8,33864000,7
33855000,1,33857000,3,33854000,2,33858000,3,33853000,4,33859000,5,33852000,6,33860000,6,33851000,6,33861000,9,33850000,17,33862000,7,33849000,5,33863000,8,33848000,5,33864000,8,33847000,9,33865000,7,33846000,7,33866000,7
33850000,18,33853000,1,33849000,5,33854000,3,33848000,5,33855000,5,33847000,8,33856000,3,33846000,7,33857000,3,33845000,8,33858000,6,33844000,8,33859000,5,33843000,6,33860000,7,33842000,10,33861000,8,33841000,3,33862000,8
33850000,13,33851000,2,33849000,2,33853000,2,33848000,2,33854000,5,33847000,7,33855000,6,33846000,6,33856000,4,33845000,9,33857000,7,33844000,7,33858000,8,33843000,6,33859000,7,33842000,10,33860000,7,33841000,3,33861000,9
33854000,2,33857000,4,33853000,3,33858000,4,33852000,5,33859000,6,33851000,5,33860000,5,33850000,5,33861000,11,33849000,8,33862000,8,33848000,7,33863000,8,33847000,7,33864000,9,33846000,8,33865000,7,33845000,9,33866000,8
33853000,3,33856000,2,33852000,4,33857000,5,33851000,5,33858000,5,33850000,5,33859000,6,33849000,7,33860000,5,33848000,7,33861000,11,33847000,7,33862000,8,33846000,8,33863000,8,33845000,9,33864000,9,33844000,7,33865000,7
33853000,1,33854000,1,33852000,3,33855000,2,33851000,7,33856000,5,33850000,6,33857000,7,33849000,7,33858000,7,33848000,7,33859000,4,33847000,8,33860000,5,33846000,8,33861000,11,33845000,9,33862000,8,33844000,7,33863000,8
33851000,3,33853000,5,33850000,6,33854000,1,33849000,9,33855000,4,33848000,5,33856000,2,33847000,8,33857000,3,33846000,8,33858000,7,33845000,8,33859000,5,33844000,7,33860000,6,33843000,5,33861000,11,33842000,10,33862000,8
33849000,3,33850000,2,33847000,6,33851000,16,33846000,5,33852000,4,33845000,8,33853000,7,33844000,6,33854000,3,33843000,5,33855000,5,33842000,10,33856000,6,33841000,4,33857000,5,33840000,9,33858000,8,33839000,6,33859000,6
33848000,2,33850000,3,33847000,3,33851000,16,33846000,8,33852000,4,33845000,7,33853000,6,33844000,5,33854000,3,33843000,4,33855000,7,33842000,10,33856000,8,33841000,5,33857000,4,33840000,7,33858000,8,33839000,5,33859000,6
33845000,2,33846000,2,33844000,2,33847000,4,33843000,5,33848000,4,33842000,6,33849000,3,33841000,5,33850000,14,33840000,6,33851000,3,33839000,5,33852000,6,33838000,6,33853000,9,33837000,4,33854000,7,33836000,6,33855000,8
33843000,1,33844000,1,33842000,3,33845000,4,33841000,4,33846000,7,33840000,6,33847000,6,33839000,5,33848000,3,33838000,6,33849000,5,33837000,4,33850000,16,33836000,5,33851000,5,33835000,7,33852000,9,33834000,6,33853000,7
33843000,3,33846000,2,33842000,3,33847000,4,33841000,5,33848000,3,33840000,4,33849000,5,33839000,6,33850000,16,33838000,7,33851000,6,33837000,4,33852000,9,33836000,5,33853000,6,33835000,7,33854000,8,33834000,6,33855000,8
33843000,4,33846000,3,33842000,4,33847000,4,33841000,5,33848000,3,33840000,4,33849000,5,33839000,6,33850000,16,33838000,7,33851000,6,33837000,4,33852000,9,33836000,5,33853000,6,33835000,7,33854000,8,33834000,6,33855000,8
33846000,1,33847000,3,33844000,2,33848000,2,33843000,5,33849000,3,33842000,6,33850000,16,33841000,5,33851000,5,33840000,5,33852000,7,33839000,6,33853000,5,33838000,8,33854000,8,33837000,4,33855000,8,33836000,5,33856000,9
33843000,7,33846000,2,33842000,4,33847000,3,33841000,7,33848000,3,33840000,5,33849000,4,33839000,6,33850000,14,33838000,8,33851000,4,33837000,4,33852000,16,33836000,5,33853000,5,33835000,7,33854000,6,33834000,6,33855000,9
33840000,6,33843000,3,33839000,5,33844000,3,33838000,5,33845000,5,33837000,4,33846000,3,33836000,5,33847000,3,33835000,7,33848000,4,33834000,6,33849000,6,33833000,5,33850000,18,33832000,11,33851000,5,33831000,5,33852000,18
33836000,3,33839000,2,33835000,6,33840000,3,33834000,4,33841000,3,33833000,5,33842000,4,33832000,10,33843000,5,33831000,5,33844000,3,33830000,10,33845000,5,33829000,4,33846000,9,33828000,15,33847000,5,33827000,7,33848000,6
33839000,1,33840000,2,33838000,2,33841000,3,33837000,2,33842000,4,33836000,3,33843000,6,33835000,7,33844000,4,33834000,4,33845000,5,33833000,5,33846000,8,33832000,11,33847000,5,33831000,5,33848000,7,33830000,11,33849000,9
33837000,2,33840000,4,33836000,5,33841000,4,33835000,6,33842000,5,33834000,4,33843000,6,33833000,5,33844000,4,33832000,10,33845000,5,33831000,5,33846000,9,33830000,11,33847000,5,33829000,4,33848000,7,33828000,15,33849000,9
33837000,4,33839000,1,33835000,3,33840000,9,33834000,7,33841000,9,33833000,5,33842000,6,33832000,7,33843000,8,33831000,5,33844000,5,33830000,11,33845000,10,33829000,4,33846000,8,33828000,15,33847000,7,33827000,7,33848000,7
33836000,1,33838000,1,33835000,5,33839000,5,33834000,7,33840000,4,33833000,5,33841000,4,33832000,8,33842000,5,33831000,5,33843000,8,33830000,11,33844000,5,33829000,4,33845000,11,33828000,15,33846000,7,33827000,8,33847000,7
33833000,1,33834000,2,33832000,3,33835000,3,33831000,5,33836000,6,33830000,9,33837000,5,33829000,4,33838000,5,33828000,17,33839000,4,33827000,8,33840000,6,33826000,7,33841000,8,33825000,10,33842000,8,33824000,8,33843000,7
33832000,1,33834000,3,33831000,5,33835000,3,33830000,6,33836000,6,33829000,5,33837000,5,33828000,14,33838000,6,33827000,7,33839000,4,33826000,8,33840000,8,33825000,11,33841000,8,33824000,7,33842000,8,33823000,5,33843000,8
33834000,1,33835000,1,33833000,2,33836000,4,33832000,5,33837000,5,33831000,3,33838000,5,33830000,5,33839000,4,33829000,4,33840000,8,33828000,14,33841000,8,33827000,8,33842000,9,33826000,8,33843000,8,33825000,12,33844000,8
33834000,4,33837000,2,33833000,4,33838000,5,33832000,4,33839000,3,33831000,3,33840000,9,33830000,6,33841000,8,33829000,4,33842000,8,33828000,16,33843000,8,33827000,8,33844000,8,33826000,8,33845000,14,33825000,11,33846000,10
33834000,4,33837000,3,33833000,3,33838000,3,33832000,4,33839000,3,33831000,4,33840000,7,33830000,6,33841000,7,33829000,4,33842000,6,33828000,16,33843000,9,33827000,8,33844000,8,33826000,8,33845000,14,33825000,11,33846000,10
33830000,4,33832000,55,33829000,2,33834000,5,33828000,14,33835000,2,33827000,8,33836000,5,33826000,7,33837000,5,33825000,11,33838000,4,33824000,7,33839000,5,33823000,5,33840000,8,33822000,10,33841000,7,33821000,7,33842000,7
33827000,2,33828000,2,33826000,1,33829000,3,33825000,9,33830000,4,33824000,5,33831000,6,33823000,5,33832000,57,33822000,11,33833000,3,33821000,7,33834000,9,33820000,8,33835000,4,33819000,6,33836000,7,33818000,8,33837000,6
33832000,1,33834000,1,33831000,2,33835000,3,33830000,5,33836000,6,33829000,2,33837000,4,33828000,18,33838000,14,33827000,6,33839000,6,33826000,8,33840000,9,33825000,6,33841000,7,33824000,9,33842000,9,33823000,5,33843000,11
33830000,1,33832000,2,33829000,3,33833000,7,33828000,15,33834000,4,33827000,5,33835000,3,33826000,6,33836000,7,33825000,7,33837000,5,33824000,8,33838000,15,33823000,6,33839000,6,33822000,11,33840000,9,33821000,8,33841000,8
33826000,4,33827000,18,33825000,5,33830000,1,33824000,5,33831000,7,33823000,6,33832000,5,33822000,11,33833000,7,33821000,8,33834000,4,33820000,9,33835000,3,33819000,7,33836000,7,33818000,7,33837000,5,33817000,10,33838000,15
33826000,3,33829000,4,33825000,3,33830000,5,33824000,4,33831000,7,33823000,4,33832000,7,33822000,8,33833000,9,33821000,8,33834000,7,33820000,8,33835000,4,33819000,7,33836000,8,33818000,7,33837000,6,33817000,9,33838000,14
33830000,2,33832000,1,33829000,4,33833000,7,33828000,5,33834000,4,33827000,3,33835000,4,33826000,4,33836000,7,33825000,4,33837000,6,33824000,8,33838000,14,33823000,6,33839000,6,33822000,9,33840000,10,33821000,8,33841000,7
33833000,1,33834000,1,33832000,2,33835000,3,33831000,3,33836000,6,33830000,5,33837000,5,33829000,4,33838000,13,33828000,6,33839000,6,33827000,4,33840000,10,33826000,6,33841000,7,33825000,5,33842000,9,33824000,7,33843000,11
33834000,2,33836000,2,33833000,3,33837000,3,33832000,4,33838000,12,33831000,4,33839000,5,33830000,7,33840000,8,33829000,4,33841000,8,33828000,7,33842000,9,33827000,4,33843000,8,33826000,6,33844000,9,33825000,5,33845000,9
33834000,2,33836000,2,33833000,3,33837000,3,33832000,4,33838000,12,33831000,4,33839000,5,33830000,7,33840000,8,33829000,4,33841000,8,33828000,7,33842000,9,33827000,4,33843000,8,33826000,6,33844000,9,33825000,5,33845000,9
33826000,3,33827000,20,33825000,5,33830000,5,33824000,6,33831000,3,33823000,7,33832000,6,33822000,8,33833000,4,33821000,8,33834000,5,33820000,10,33835000,11,33819000,7,33836000,7,33818000,9,33837000,4,33817000,7,33838000,14
33827000,2,33829000,1,33826000,5,33830000,5,33825000,6,33831000,4,33824000,7,33832000,7,33823000,5,33833000,6,33822000,9,33834000,5,33821000,8,33835000,10,33820000,11,33836000,7,33819000,7,33837000,4,33818000,8,33838000,14
33829000,4,33832000,3,33828000,3,33833000,5,33827000,3,33834000,5,33826000,7,33835000,9,33825000,7,33836000,5,33824000,8,33837000,4,33823000,7,33838000,15,33822000,9,33839000,6,33821000,8,33840000,8,33820000,10,33841000,7
33824000,5,33827000,3,33823000,5,33828000,3,33822000,7,33829000,21,33821000,7,33830000,5,33820000,9,33831000,21,33819000,8,33832000,6,33818000,8,33833000,7,33817000,7,33834000,9,33816000,7,33835000,10,33815000,8,33836000,7
33824000,5,33827000,2,33823000,5,33828000,4,33822000,7,33829000,21,33821000,7,33830000,5,33820000,9,33831000,21,33819000,8,33832000,6,33818000,8,33833000,7,33817000,7,33834000,9,33816000,7,33835000,10,33815000,8,33836000,7
33825000,2,33828000,2,33824000,5,33829000,21,33823000,5,33830000,5,33822000,7,33831000,21,33821000,7,33832000,6,33820000,9,33833000,7,33819000,8,33834000,9,33818000,8,33835000,10,33817000,7,33836000,7,33816000,7,33837000,4
33824000,2,33825000,1,33823000,4,33826000,2,33822000,5,33827000,31,33821000,7,33828000,3,33820000,8,33829000,4,33819000,8,33830000,7,33818000,7,33831000,24,33817000,7,33832000,21,33816000,7,33833000,7,33815000,8,33834000,10
33825000,3,33827000,1,33824000,7,33828000,2,33823000,2,33829000,4,33822000,7,33830000,7,33821000,8,33831000,23,33820000,19,33832000,20,33819000,7,33833000,8,33818000,7,33834000,9,33817000,7,33835000,9,33816000,7,33836000,8
33825000,1,33827000,1,33824000,6,33828000,2,33823000,2,33829000,4,33822000,6,33830000,7,33821000,8,33831000,22,33820000,19,33832000,20,33819000,7,33833000,8,33818000,7,33834000,9,33817000,7,33835000,9,33816000,7,33836000,8
33828000,2,33829000,1,33826000,2,33830000,4,33825000,3,33831000,22,33824000,5,33832000,9,33823000,5,33833000,6,33822000,8,33834000,8,33821000,6,33835000,8,33820000,8,33836000,7,33819000,5,33837000,5,33818000,7,33838000,14
33822000,1,33824000,3,33821000,3,33825000,3,33820000,6,33826000,1,33819000,5,33827000,4,33818000,5,33828000,13,33817000,7,33829000,5,33816000,6,33830000,8,33815000,8,33831000,23,33814000,8,33832000,11,33813000,9,33833000,5
33822000,1,33824000,3,33821000,2,33825000,3,33820000,6,33826000,1,33819000,5,33827000,4,33818000,5,33828000,13,33817000,8,33829000,5,33816000,6,33830000,8,33815000,8,33831000,23,33814000,8,33832000,11,33813000,9,33833000,5
33822000,1,33824000,3,33821000,2,33825000,3,33820000,6,33826000,1,33819000,5,33827000,4,33818000,5,33828000,13,33817000,8,33829000,5,33816000,6,33830000,8,33815000,8,33831000,23,33814000,8,33832000,11,33813000,9,33833000,5
33822000,2,33824000,2,33821000,3,33825000,6,33820000,3,33826000,4,33819000,3,33827000,7,33818000,4,33828000,16,33817000,9,33829000,6,33816000,5,33830000,8,33815000,8,33831000,25,33814000,8,33832000,7,33813000,9,33833000,6
33823000,3,33825000,3,33822000,2,33826000,2,33821000,4,33827000,5,33820000,5,33828000,14,33819000,3,33829000,6,33818000,5,33830000,9,33817000,9,33831000,25,33816000,5,33832000,14,33815000,8,33833000,5,33814000,8,33834000,9
33824000,2,33827000,3,33823000,4,33828000,12,33822000,3,33829000,5,33821000,4,33830000,9,33820000,7,33831000,26,33819000,3,33832000,14,33818000,6,33833000,6,33817000,9,33834000,9,33816000,5,33835000,8,33815000,8,33836000,7
33822000,3,33825000,2,33821000,6,33826000,5,33820000,5,33827000,5,33819000,4,33828000,14,33818000,5,33829000,7,33817000,9,33830000,11,33816000,6,33831000,26,33815000,8,33832000,14,33814000,9,33833000,6,33813000,9,33834000,9
33826000,3,33828000,10,33825000,2,33829000,3,33824000,4,33830000,5,33823000,7,33831000,26,33822000,7,33832000,13,33821000,6,33833000,6,33820000,8,33834000,9,33819000,6,33835000,8,33818000,7,33836000,8,33817000,8,33837000,5
33829000,2,33831000,22,33828000,3,33832000,11,33827000,3,33833000,5,33826000,4,33834000,9,33825000,3,33835000,8,33824000,6,33836000,8,33823000,10,33837000,5,33822000,9,33838000,14,33821000,7,33839000,6,33820000,10,33840000,9
33832000,14,33834000,7,33830000,4,33835000,7,33829000,2,33836000,6,33828000,3,33837000,6,33827000,4,33838000,14,33826000,4,33839000,5,33825000,3,33840000,9,33824000,7,33841000,8,33823000,11,33842000,11,33822000,8,33843000,9
33836000,1,33837000,1,33835000,2,33838000,12,33834000,3,33839000,3,33833000,3,33840000,8,33832000,15,33841000,7,33831000,3,33842000,10,33830000,12,33843000,8,33829000,3,33844000,9,33828000,7,33845000,9,33827000,6,33846000,9
33839000,1,33840000,2,33838000,3,33841000,2,33837000,5,33842000,8,33836000,4,33843000,7,33835000,3,33844000,7,33834000,6,33845000,9,33833000,6,33846000,9,33832000,18,33847000,6,33831000,4,33848000,7,33830000,18,33849000,13
33842000,2,33844000,1,33841000,4,33845000,6,33840000,3,33846000,7,33839000,3,33847000,7,33838000,3,33848000,7,33837000,8,33849000,12,33836000,5,33850000,9,33835000,5,33851000,5,33834000,6,33852000,9,33833000,6,33853000,6
33840000,2,33842000,26,33839000,4,33843000,3,33838000,4,33844000,2,33837000,7,33845000,4,33836000,4,33846000,5,33835000,5,33847000,8,33834000,6,33848000,7,33833000,6,33849000,12,33832000,19,33850000,10,33831000,4,33851000,5
33837000,2,33839000,2,33836000,3,33840000,3,33835000,4,33841000,5,33834000,5,33842000,29,33833000,6,33843000,4,33832000,20,33844000,5,33831000,4,33845000,4,33830000,13,33846000,8,33829000,3,33847000,7,33828000,8,33848000,8
33838000,2,33840000,2,33837000,4,33841000,5,33836000,6,33842000,5,33835000,8,33843000,5,33834000,3,33844000,8,33833000,4,33845000,5,33832000,17,33846000,8,33831000,5,33847000,8,33830000,18,33848000,9,33829000,5,33849000,12
33842000,2,33845000,5,33841000,4,33846000,6,33840000,5,33847000,6,33839000,6,33848000,8,33838000,8,33849000,12,33837000,7,33850000,9,33836000,8,33851000,6,33835000,10,33852000,9,33834000,6,33853000,6,33833000,7,33854000,7
33842000,3,33844000,3,33841000,2,33845000,3,33840000,5,33846000,6,33839000,6,33847000,6,33838000,5,33848000,8,33837000,7,33849000,12,33836000,8,33850000,10,33835000,7,33851000,6,33834000,6,33852000,9,33833000,7,33853000,6
33836000,3,33839000,4,33835000,6,33840000,4,33834000,4,33841000,5,33833000,7,33842000,5,33832000,20,33843000,4,33831000,5,33844000,5,33830000,19,33845000,7,33829000,6,33846000,8,33828000,8,33847000,6,33827000,7,33848000,10
33839000,4,33842000,2,33838000,4,33843000,4,33837000,4,33844000,4,33836000,3,33845000,6,33835000,6,33846000,7,33834000,6,33847000,6,33833000,7,33848000,11,33832000,21,33849000,8,33831000,5,33850000,10,33830000,19,33851000,5
33841000,4,33844000,2,33840000,3,33845000,3,33839000,4,33846000,5,33838000,8,33847000,5,33837000,6,33848000,10,33836000,6,33849000,8,33835000,6,33850000,10,33834000,7,33851000,5,33833000,7,33852000,9,33832000,20,33853000,6
33837000,2,33840000,2,33836000,3,33841000,7,33835000,4,33842000,8,33834000,4,33843000,5,33833000,7,33844000,6,33832000,21,33845000,6,33831000,5,33846000,8,33830000,19,33847000,5,33829000,6,33848000,10,33828000,8,33849000,8
33841000,2,33844000,4,33840000,2,33845000,4,33839000,2,33846000,6,33838000,4,33847000,5,33837000,3,33848000,10,33836000,5,33849000,9,33835000,6,33850000,14,33834000,6,33851000,7,33833000,7,33852000,9,33832000,20,33853000,6
33838000,1,33840000,2,33837000,2,33841000,4,33836000,3,33842000,3,33835000,6,33843000,5,33834000,5,33844000,4,33833000,7,33845000,5,33832000,20,33846000,7,33831000,5,33847000,5,33830000,19,33848000,10,33829000,6,33849000,9
33835000,4,33838000,1,33834000,4,33839000,4,33833000,6,33840000,7,33832000,19,33841000,3,33831000,6,33842000,5,33830000,19,33843000,5,33829000,6,33844000,6,33828000,8,33845000,5,33827000,7,33846000,8,33826000,11,33847000,5
33833000,1,33835000,1,33832000,16,33836000,4,33831000,4,33837000,5,33830000,17,33838000,3,33829000,6,33839000,4,33828000,8,33840000,7,33827000,7,33841000,4,33826000,9,33842000,7,33825000,6,33843000,5,33824000,12,33844000,6
33833000,1,33835000,3,33832000,4,33836000,1,33831000,3,33837000,6,33830000,23,33838000,2,33829000,5,33839000,5,33828000,7,33840000,5,33827000,6,33841000,4,33826000,8,33842000,6,33825000,6,33843000,6,33824000,11,33844000,6
33831000,2,33834000,1,33830000,22,33835000,5,33829000,5,33836000,6,33828000,7,33837000,5,33827000,6,33838000,3,33826000,8,33839000,4,33825000,6,33840000,5,33824000,11,33841000,4,33823000,9,33842000,6,33822000,9,33843000,6
33828000,2,33831000,4,33827000,3,33832000,5,33826000,6,33833000,6,33825000,5,33834000,3,33824000,9,33835000,7,33823000,9,33836000,6,33822000,9,33837000,6,33821000,7,33838000,4,33820000,8,33839000,3,33819000,7,33840000,7
33824000,2,33825000,2,33823000,5,33826000,1,33822000,8,33827000,3,33821000,7,33828000,3,33820000,6,33829000,3,33819000,7,33830000,8,33818000,7,33831000,8,33817000,9,33832000,8,33816000,8,33833000,8,33815000,13,33834000,6
33822000,1,33824000,3,33821000,2,33825000,4,33820000,6,33826000,4,33819000,6,33827000,6,33818000,5,33828000,4,33817000,9,33829000,6,33816000,8,33830000,10,33815000,13,33831000,10,33814000,10,33832000,8,33813000,9,33833000,8
33821000,4,33824000,2,33820000,5,33825000,4,33819000,5,33826000,4,33818000,5,33827000,7,33817000,9,33828000,5,33816000,9,33829000,7,33815000,13,33830000,9,33814000,10,33831000,10,33813000,9,33832000,8,33812000,11,33833000,8
33823000,1,33826000,2,33822000,9,33827000,6,33821000,5,33828000,5,33820000,5,33829000,7,33819000,5,33830000,9,33818000,6,33831000,9,33817000,9,33832000,9,33816000,9,33833000,8,33815000,13,33834000,6,33814000,10,33835000,10
33823000,3,33826000,2,33822000,4,33827000,5,33821000,4,33828000,5,33820000,15,33829000,6,33819000,5,33830000,9,33818000,6,33831000,8,33817000,9,33832000,8,33816000,8,33833000,8,33815000,13,33834000,6,33814000,10,33835000,10
33826000,4,33828000,4,33825000,4,33829000,7,33824000,3,33830000,5,33823000,3,33831000,7,33822000,6,33832000,7,33821000,5,33833000,7,33820000,8,33834000,6,33819000,5,33835000,7,33818000,6,33836000,9,33817000,10,33837000,3
33826000,1,33827000,1,33825000,1,33828000,3,33824000,3,33829000,5,33823000,6,33830000,6,33822000,5,33831000,6,33821000,7,33832000,8,33820000,8,33833000,5,33819000,5,33834000,5,33818000,6,33835000,7,33817000,8,33836000,9
33823000,2,33825000,1,33822000,4,33826000,5,33821000,3,33827000,6,33820000,6,33828000,4,33819000,4,33829000,6,33818000,6,33830000,6,33817000,9,33831000,6,33816000,10,33832000,8,33815000,19,33833000,6,33814000,10,33834000,5
33820000,3,33822000,3,33819000,3,33823000,3,33818000,4,33824000,5,33817000,6,33825000,7,33816000,9,33826000,6,33815000,19,33827000,7,33814000,10,33828000,6,33813000,9,33829000,6,33812000,10,33830000,8,33811000,6,33831000,7
33816000,6,33818000,1,33815000,9,33819000,2,33814000,7,33820000,4,33813000,8,33821000,4,33812000,9,33822000,7,33811000,6,33823000,5,33810000,12,33824000,4,33809000,6,33825000,6,33808000,8,33826000,7,33807000,7,33827000,7
33817000,1,33819000,1,33816000,3,33820000,4,33815000,7,33821000,4,33814000,7,33822000,7,33813000,8,33823000,5,33812000,8,33824000,4,33811000,6,33825000,6,33810000,12,33826000,7,33809000,6,33827000,7,33808000,8,33828000,7
33818000,2,33820000,2,33817000,8,33821000,8,33816000,3,33822000,3,33815000,8,33823000,5,33814000,8,33824000,6,33813000,9,33825000,8,33812000,9,33826000,8,33811000,6,33827000,6,33810000,11,33828000,9,33809000,6,33829000,2
33815000,4,33817000,2,33814000,3,33818000,3,33813000,8,33819000,6,33812000,7,33820000,7,33811000,6,33821000,8,33810000,11,33822000,6,33809000,6,33823000,7,33808000,8,33824000,7,33807000,6,33825000,9,33806000,8,33826000,8
33814000,5,33817000,2,33813000,7,33818000,3,33812000,5,33819000,6,33811000,5,33820000,5,33810000,10,33821000,9,33809000,7,33822000,8,33808000,8,33823000,8,33807000,6,33824000,8,33806000,7,33825000,9,33805000,16,33826000,9
33818000,4,33820000,5,33817000,5,33821000,7,33816000,3,33822000,5,33815000,2,33823000,4,33814000,6,33824000,7,33813000,9,33825000,9,33812000,6,33826000,8,33811000,9,33827000,7,33810000,12,33828000,9,33809000,7,33829000,4
33818000,4,33821000,1,33817000,6,33822000,4,33816000,4,33823000,6,33815000,5,33824000,5,33814000,7,33825000,7,33813000,11,33826000,5,33812000,8,33827000,7,33811000,8,33828000,9,33810000,12,33829000,4,33809000,7,33830000,13
33820000,8,33821000,3,33818000,3,33822000,4,33817000,3,33823000,6,33816000,4,33824000,6,33815000,6,33825000,7,33814000,5,33826000,5,33813000,11,33827000,7,33812000,8,33828000,9,33811000,8,33829000,4,33810000,12,33830000,13
33818000,1,33821000,4,33817000,3,33822000,4,33816000,8,33823000,2,33815000,6,33824000,5,33814000,6,33825000,7,33813000,11,33826000,5,33812000,7,33827000,7,33811000,8,33828000,9,33810000,12,33829000,6,33809000,7,33830000,13
33819000,1,33821000,3,33818000,3,33822000,3,33817000,4,33823000,2,33816000,8,33824000,5,33815000,6,33825000,7,33814000,5,33826000,5,33813000,11,33827000,7,33812000,7,33828000,9,33811000,8,33829000,6,33810000,12,33830000,13
33822000,1,33824000,1,33821000,3,33825000,5,33820000,4,33826000,4,33819000,4,33827000,7,33818000,3,33828000,7,33817000,6,33829000,6,33816000,11,33830000,13,33815000,7,33831000,5,33814000,8,33832000,11,33813000,10,33833000,6
33822000,2,33824000,1,33821000,3,33825000,4,33820000,5,33826000,2,33819000,5,33827000,5,33818000,5,33828000,7,33817000,6,33829000,11,33816000,12,33830000,15,33815000,7,33831000,5,33814000,7,33832000,11,33813000,10,33833000,6
33818000,1,33820000,4,33817000,2,33821000,4,33816000,9,33822000,3,33815000,6,33823000,5,33814000,4,33824000,7,33813000,10,33825000,5,33812000,7,33826000,10,33811000,8,33827000,5,33810000,12,33828000,8,33809000,7,33829000,10
33818000,2,33820000,1,33817000,4,33821000,3,33816000,10,33822000,4,33815000,5,33823000,5,33814000,4,33824000,7,33813000,10,33825000,5,33812000,8,33826000,10,33811000,8,33827000,5,33810000,12,33828000,8,33809000,7,33829000,12
33818000,1,33820000,3,33817000,4,33821000,3,33816000,4,33822000,4,33815000,7,33823000,4,33814000,4,33824000,4,33813000,10,33825000,14,33812000,8,33826000,7,33811000,9,33827000,6,33810000,12,33828000,9,33809000,7,33829000,10
33818000,3,33821000,2,33817000,3,33822000,4,33816000,4,33823000,4,33815000,7,33824000,4,33814000,4,33825000,14,33813000,10,33826000,7,33812000,8,33827000,6,33811000,9,33828000,9,33810000,12,33829000,10,33809000,7,33830000,14
33818000,4,33821000,3,33817000,4,33822000,4,33816000,5,33823000,4,33815000,7,33824000,3,33814000,4,33825000,14,33813000,10,33826000,7,33812000,8,33827000,6,33811000,9,33828000,9,33810000,12,33829000,10,33809000,7,33830000,14
33816000,1,33818000,2,33815000,6,33819000,4,33814000,5,33820000,3,33813000,5,33821000,3,33812000,7,33822000,6,33811000,9,33823000,6,33810000,12,33824000,4,33809000,7,33825000,14,33808000,8,33826000,6,33807000,6,33827000,5
33814000,5,33817000,2,33813000,5,33818000,2,33812000,4,33819000,4,33811000,11,33820000,4,33810000,11,33821000,7,33809000,7,33822000,8,33808000,8,33823000,5,33807000,7,33824000,6,33806000,7,33825000,14,33805000,16,33826000,8
33814000,1,33816000,1,33813000,2,33817000,4,33812000,4,33818000,4,33811000,11,33819000,3,33810000,10,33820000,6,33809000,6,33821000,6,33808000,8,33822000,7,33807000,7,33823000,5,33806000,7,33824000,6,33805000,16,33825000,14
33814000,1,33816000,1,33813000,2,33817000,4,33812000,4,33818000,4,33811000,11,33819000,3,33810000,10,33820000,6,33809000,6,33821000,6,33808000,8,33822000,7,33807000,7,33823000,5,33806000,7,33824000,6,33805000,16,33825000,14
33808000,1,33812000,3,33807000,3,33813000,5,33806000,2,33814000,4,33805000,14,33815000,6,33804000,13,33816000,6,33803000,5,33817000,8,33802000,10,33818000,7,33801000,9,33819000,5,33800000,24,33820000,6,33799000,6,33821000,6
33806000,1,33808000,2,33805000,13,33809000,4,33804000,10,33810000,5,33803000,4,33811000,4,33802000,8,33812000,8,33801000,9,33813000,6,33800000,24,33814000,7,33799000,6,33815000,9,33798000,7,33816000,9,33797000,6,33817000,9
33805000,12,33808000,3,33804000,9,33809000,5,33803000,4,33810000,4,33802000,7,33811000,5,33801000,10,33812000,9,33800000,24,33813000,7,33799000,6,33814000,9,33798000,7,33815000,9,33797000,5,33816000,9,33796000,16,33817000,9
33802000,5,33805000,3,33801000,6,33806000,6,33800000,23,33807000,4,33799000,9,33808000,6,33798000,7,33809000,7,33797000,6,33810000,8,33796000,16,33811000,7,33795000,5,33812000,9,33794000,8,33813000,7,33793000,6,33814000,8
33803000,2,33805000,3,33802000,4,33806000,4,33801000,6,33807000,4,33800000,23,33808000,6,33799000,9,33809000,7,33798000,7,33810000,8,33797000,6,33811000,7,33796000,16,33812000,9,33795000,5,33813000,7,33794000,8,33814000,8
33805000,1,33807000,1,33804000,5,33808000,4,33803000,6,33809000,5,33802000,8,33810000,4,33801000,7,33811000,7,33800000,25,33812000,8,33799000,10,33813000,8,33798000,7,33814000,8,33797000,5,33815000,9,33796000,6,33816000,9
33809000,2,33811000,3,33808000,36,33812000,5,33807000,2,33813000,5,33806000,3,33814000,6,33805000,5,33815000,9,33804000,7,33816000,10,33803000,9,33817000,9,33802000,10,33818000,9,33801000,8,33819000,6,33800000,24,33820000,8
33811000,1,33814000,4,33810000,3,33815000,6,33809000,3,33816000,6,33808000,37,33817000,7,33807000,2,33818000,8,33806000,5,33819000,6,33805000,6,33820000,8,33804000,7,33821000,6,33803000,8,33822000,9,33802000,10,33823000,8
33811000,1,33814000,4,33810000,3,33815000,6,33809000,3,33816000,6,33808000,37,33817000,7,33807000,2,33818000,8,33806000,5,33819000,6,33805000,6,33820000,8,33804000,7,33821000,6,33803000,8,33822000,9,33802000,10,33823000,8
33814000,2,33815000,1,33813000,4,33816000,3,33812000,6,33817000,4,33811000,5,33818000,6,33810000,5,33819000,4,33809000,7,33820000,6,33808000,4,33821000,5,33807000,4,33822000,10,33806000,5,33823000,6,33805000,6,33824000,7
33814000,1,33816000,1,33813000,3,33817000,5,33812000,3,33818000,4,33811000,3,33819000,5,33810000,6,33820000,6,33809000,7,33821000,6,33808000,7,33822000,11,33807000,5,33823000,6,33806000,5,33824000,7,33805000,6,33825000,14
33814000,1,33816000,1,33813000,3,33817000,5,33812000,3,33818000,4,33811000,3,33819000,5,33810000,6,33820000,6,33809000,7,33821000,6,33808000,7,33822000,11,33807000,5,33823000,6,33806000,5,33824000,7,33805000,6,33825000,14
33816000,3,33818000,2,33815000,3,33819000,4,33814000,5,33820000,5,33813000,3,33821000,4,33812000,7,33822000,9,33811000,6,33823000,6,33810000,6,33824000,8,33809000,6,33825000,15,33808000,7,33826000,9,33807000,5,33827000,7
33813000,2,33816000,4,33812000,3,33817000,4,33811000,4,33818000,8,33810000,4,33819000,4,33809000,7,33820000,7,33808000,6,33821000,7,33807000,5,33822000,10,33806000,4,33823000,6,33805000,6,33824000,8,33804000,8,33825000,14
33821000,1,33822000,3,33820000,3,33823000,3,33819000,2,33824000,5,33818000,2,33825000,16,33817000,6,33826000,7,33816000,5,33827000,7,33815000,10,33828000,12,33814000,10,33829000,10,33813000,7,33830000,14,33812000,6,33831000,7
33823000,2,33825000,11,33822000,3,33826000,4,33821000,2,33827000,5,33820000,3,33828000,11,33819000,3,33829000,10,33818000,5,33830000,14,33817000,7,33831000,4,33816000,8,33832000,11,33815000,10,33833000,8,33814000,11,33834000,8
33825000,1,33827000,3,33824000,1,33828000,6,33823000,3,33829000,11,33822000,4,33830000,13,33821000,4,33831000,5,33820000,6,33832000,8,33819000,5,33833000,8,33818000,6,33834000,8,33817000,7,33835000,8,33816000,8,33836000,10
33822000,3,33825000,2,33821000,4,33826000,4,33820000,6,33827000,5,33819000,4,33828000,4,33818000,6,33829000,2,33817000,7,33830000,8,33816000,8,33831000,7,33815000,9,33832000,8,33814000,11,33833000,7,33813000,7,33834000,7
33822000,2,33823000,1,33821000,4,33824000,1,33820000,6,33825000,2,33819000,4,33826000,4,33818000,5,33827000,4,33817000,6,33828000,3,33816000,7,33829000,2,33815000,9,33830000,8,33814000,10,33831000,6,33813000,7,33832000,10
33820000,2,33822000,1,33819000,3,33823000,6,33818000,3,33824000,2,33817000,6,33825000,4,33816000,6,33826000,4,33815000,10,33827000,6,33814000,11,33828000,5,33813000,7,33829000,2,33812000,8,33830000,8,33811000,6,33831000,8
33820000,4,33822000,4,33819000,6,33823000,5,33818000,4,33824000,2,33817000,6,33825000,4,33816000,4,33826000,4,33815000,10,33827000,6,33814000,10,33828000,6,33813000,7,33829000,2,33812000,8,33830000,8,33811000,6,33831000,8
33825000,2,33827000,1,33824000,4,33828000,2,33823000,3,33829000,3,33822000,4,33830000,8,33821000,5,33831000,7,33820000,7,33832000,11,33819000,7,33833000,7,33818000,6,33834000,7,33817000,6,33835000,8,33816000,6,33836000,12
33824000,1,33826000,2,33823000,2,33827000,3,33822000,4,33828000,4,33821000,6,33829000,4,33820000,6,33830000,7,33819000,6,33831000,8,33818000,5,33832000,11,33817000,6,33833000,8,33816000,6,33834000,6,33815000,9,33835000,8
33825000,1,33826000,1,33824000,4,33827000,1,33823000,3,33828000,4,33822000,5,33829000,4,33821000,5,33830000,7,33820000,14,33831000,8,33819000,6,33832000,12,33818000,6,33833000,8,33817000,6,33834000,6,33816000,6,33835000,8
33824000,3,33827000,2,33823000,4,33828000,5,33822000,3,33829000,5,33821000,5,33830000,10,33820000,13,33831000,6,33819000,7,33832000,10,33818000,6,33833000,8,33817000,6,33834000,6,33816000,6,33835000,8,33815000,9,33836000,10
33825000,3,33828000,3,33824000,3,33829000,5,33823000,3,33830000,13,33822000,5,33831000,4,33821000,3,33832000,10,33820000,12,33833000,8,33819000,6,33834000,6,33818000,7,33835000,8,33817000,6,33836000,10,33816000,6,33837000,6
33825000,1,33827000,2,33824000,3,33828000,7,33823000,3,33829000,6,33822000,5,33830000,11,33821000,4,33831000,4,33820000,12,33832000,10,33819000,6,33833000,8,33818000,7,33834000,6,33817000,6,33835000,8,33816000,6,33836000,10
33822000,4,33826000,4,33821000,3,33827000,3,33820000,12,33828000,8,33819000,6,33829000,5,33818000,7,33830000,11,33817000,6,33831000,5,33816000,6,33832000,10,33815000,9,33833000,8,33814000,10,33834000,6,33813000,7,33835000,8
33819000,3,33822000,3,33818000,4,33823000,4,33817000,5,33824000,4,33816000,4,33825000,7,33815000,10,33826000,7,33814000,9,33827000,6,33813000,7,33828000,10,33812000,8,33829000,5,33811000,6,33830000,11,33810000,8,33831000,6
33816000,2,33819000,3,33815000,6,33820000,3,33814000,7,33821000,4,33813000,6,33822000,6,33812000,7,33823000,4,33811000,6,33824000,6,33810000,8,33825000,7,33809000,6,33826000,8,33808000,8,33827000,5,33807000,5,33828000,10
33813000,2,33815000,1,33812000,4,33816000,3,33811000,5,33817000,6,33810000,6,33818000,5,33809000,5,33819000,4,33808000,8,33820000,6,33807000,5,33821000,7,33806000,5,33822000,8,33805000,7,33823000,6,33804000,10,33824000,6
33813000,4,33816000,3,33812000,3,33817000,7,33811000,3,33818000,6,33810000,6,33819000,4,33809000,5,33820000,6,33808000,8,33821000,7,33807000,5,33822000,8,33806000,5,33823000,6,33805000,7,33824000,6,33804000,10,33825000,8
33816000,3,33819000,2,33815000,4,33820000,4,33814000,4,33821000,5,33813000,3,33822000,8,33812000,5,33823000,7,33811000,7,33824000,5,33810000,8,33825000,8,33809000,6,33826000,6,33808000,8,33827000,6,33807000,5,33828000,10
33816000,3,33819000,2,33815000,5,33820000,4,33814000,4,33821000,5,33813000,3,33822000,8,33812000,5,33823000,7,33811000,7,33824000,5,33810000,8,33825000,8,33809000,6,33826000,6,33808000,8,33827000,6,33807000,5,33828000,10
33816000,3,33819000,2,33815000,3,33820000,4,33814000,5,33821000,5,33813000,4,33822000,8,33812000,5,33823000,7,33811000,7,33824000,5,33810000,8,33825000,9,33809000,6,33826000,6,33808000,8,33827000,6,33807000,5,33828000,9
33819000,2,33822000,5,33818000,4,33823000,4,33817000,3,33824000,4,33816000,4,33825000,9,33815000,3,33826000,6,33814000,7,33827000,6,33813000,5,33828000,9,33812000,6,33829000,5,33811000,6,33830000,11,33810000,8,33831000,7
33822000,3,33825000,3,33821000,3,33826000,4,33820000,4,33827000,5,33819000,6,33828000,8,33818000,4,33829000,6,33817000,4,33830000,12,33816000,7,33831000,6,33815000,6,33832000,12,33814000,7,33833000,7,33813000,5,33834000,6
33820000,3,33822000,1,33819000,5,33823000,2,33818000,3,33824000,5,33817000,4,33825000,3,33816000,6,33826000,4,33815000,7,33827000,6,33814000,8,33828000,8,33813000,5,33829000,6,33812000,6,33830000,11,33811000,7,33831000,6
33819000,2,33820000,2,33818000,1,33821000,3,33817000,3,33822000,3,33816000,5,33823000,4,33815000,6,33824000,5,33814000,7,33825000,5,33813000,5,33826000,4,33812000,6,33827000,6,33811000,7,33828000,9,33810000,8,33829000,5
33820000,2,33822000,6,33819000,4,33823000,2,33818000,5,33824000,3,33817000,4,33825000,4,33816000,3,33826000,4,33815000,6,33827000,5,33814000,7,33828000,9,33813000,5,33829000,5,33812000,6,33830000,11,33811000,7,33831000,6
33819000,2,33820000,2,33818000,3,33821000,3,33817000,3,33822000,4,33816000,4,33823000,6,33815000,5,33824000,4,33814000,4,33825000,4,33813000,5,33826000,5,33812000,6,33827000,5,33811000,7,33828000,12,33810000,8,33829000,6
33816000,4,33818000,1,33815000,4,33819000,4,33814000,2,33820000,4,33813000,5,33821000,4,33812000,5,33822000,9,33811000,8,33823000,4,33810000,8,33824000,3,33809000,7,33825000,6,33808000,8,33826000,6,33807000,5,33827000,4
33813000,1,33814000,1,33812000,3,33815000,4,33811000,4,33816000,8,33810000,5,33817000,5,33809000,6,33818000,4,33808000,9,33819000,6,33807000,5,33820000,6,33806000,5,33821000,6,33805000,9,33822000,7,33804000,11,33823000,4
33822000,2,33825000,3,33821000,3,33826000,4,33820000,3,33827000,5,33819000,4,33828000,8,33818000,4,33829000,7,33817000,5,33830000,10,33816000,6,33831000,6,33815000,6,33832000,10,33814000,7,33833000,7,33813000,4,33834000,6
33826000,2,33828000,2,33825000,5,33829000,6,33824000,4,33830000,6,33823000,4,33831000,5,33822000,6,33832000,10,33821000,4,33833000,7,33820000,5,33834000,6,33819000,4,33835000,8,33818000,7,33836000,10,33817000,5,33837000,7
33829000,3,33831000,1,33828000,4,33832000,2,33827000,2,33833000,5,33826000,2,33834000,4,33825000,5,33835000,8,33824000,5,33836000,7,33823000,5,33837000,6,33822000,7,33838000,9,33821000,5,33839000,6,33820000,5,33840000,9
33828000,1,33830000,3,33827000,1,33831000,5,33826000,2,33832000,4,33825000,5,33833000,6,33824000,5,33834000,5,33823000,5,33835000,8,33822000,7,33836000,7,33821000,5,33837000,6,33820000,5,33838000,9,33819000,4,33839000,6
33831000,3,33833000,2,33830000,6,33834000,5,33829000,3,33835000,6,33828000,3,33836000,6,33827000,4,33837000,6,33826000,4,33838000,9,33825000,5,33839000,6,33824000,6,33840000,9,33823000,5,33841000,4,33822000,7,33842000,10
33829000,3,33832000,3,33828000,3,33833000,3,33827000,3,33834000,6,33826000,4,33835000,6,33825000,5,33836000,7,33824000,6,33837000,6,33823000,5,33838000,9,33822000,7,33839000,6,33821000,5,33840000,9,33820000,6,33841000,4
33831000,2,33834000,2,33830000,6,33835000,5,33829000,6,33836000,4,33828000,6,33837000,5,33827000,5,33838000,9,33826000,6,33839000,6,33825000,5,33840000,7,33824000,5,33841000,4,33823000,5,33842000,9,33822000,7,33843000,8
33831000,2,33834000,3,33830000,4,33835000,4,33829000,5,33836000,5,33828000,4,33837000,6,33827000,5,33838000,10,33826000,5,33839000,6,33825000,7,33840000,8,33824000,6,33841000,4,33823000,5,33842000,9,33822000,7,33843000,8
33835000,1,33837000,4,33834000,3,33838000,5,33833000,3,33839000,6,33832000,6,33840000,7,33831000,4,33841000,5,33830000,6,33842000,9,33829000,6,33843000,7,33828000,8,33844000,6,33827000,5,33845000,5,33826000,6,33846000,9
33837000,2,33840000,3,33836000,3,33841000,2,33835000,4,33842000,7,33834000,3,33843000,6,33833000,4,33844000,5,33832000,7,33845000,4,33831000,6,33846000,8,33830000,9,33847000,5,33829000,7,33848000,10,33828000,8,33849000,8
33841000,2,33843000,1,33840000,4,33844000,2,33839000,4,33845000,2,33838000,4,33846000,7,33837000,2,33847000,6,33836000,4,33848000,10,33835000,6,33849000,7,33834000,6,33850000,10,33833000,7,33851000,5,33832000,8,33852000,9
33843000,3,33846000,3,33842000,6,33847000,2,33841000,3,33848000,9,33840000,3,33849000,6,33839000,5,33850000,10,33838000,7,33851000,5,33837000,4,33852000,8,33836000,6,33853000,6,33835000,5,33854000,7,33834000,5,33855000,7
33848000,3,33850000,2,33847000,3,33851000,2,33846000,5,33852000,7,33845000,5,33853000,5,33844000,6,33854000,6,33843000,7,33855000,6,33842000,11,33856000,6,33841000,6,33857000,5,33840000,6,33858000,10,33839000,6,33859000,7
33847000,4,33850000,2,33846000,5,33851000,4,33845000,6,33852000,5,33844000,7,33853000,5,33843000,7,33854000,5,33842000,11,33855000,6,33841000,6,33856000,4,33840000,6,33857000,6,33839000,6,33858000,10,33838000,8,33859000,4
33847000,1,33850000,4,33846000,4,33851000,4,33845000,5,33852000,5,33844000,6,33853000,5,33843000,7,33854000,5,33842000,11,33855000,6,33841000,6,33856000,5,33840000,6,33857000,6,33839000,6,33858000,10,33838000,8,33859000,4
33847000,3,33850000,1,33846000,4,33851000,4,33845000,5,33852000,5,33844000,6,33853000,5,33843000,7,33854000,5,33842000,11,33855000,6,33841000,6,33856000,5,33840000,6,33857000,6,33839000,6,33858000,10,33838000,8,33859000,4
33850000,1,33852000,2,33849000,4,33853000,5,33848000,1,33854000,5,33847000,5,33855000,6,33846000,5,33856000,4,33845000,7,33857000,5,33844000,8,33858000,10,33843000,6,33859000,4,33842000,11,33860000,8,33841000,6,33861000,11
33848000,1,33851000,5,33847000,4,33852000,3,33846000,4,33853000,5,33845000,6,33854000,6,33844000,7,33855000,6,33843000,6,33856000,4,33842000,11,33857000,5,33841000,6,33858000,10,33840000,5,33859000,4,33839000,7,33860000,8
33848000,2,33850000,4,33847000,3,33851000,5,33846000,3,33852000,4,33845000,5,33853000,5,33844000,7,33854000,6,33843000,4,33855000,6,33842000,11,33856000,5,33841000,6,33857000,5,33840000,5,33858000,11,33839000,7,33859000,4
33850000,2,33853000,3,33849000,3,33854000,4,33848000,4,33855000,5,33847000,2,33856000,4,33846000,4,33857000,5,33845000,6,33858000,11,33844000,9,33859000,4,33843000,6,33860000,8,33842000,11,33861000,11,33841000,6,33862000,6
33850000,4,33853000,2,33849000,3,33854000,4,33848000,5,33855000,5,33847000,2,33856000,3,33846000,5,33857000,5,33845000,7,33858000,10,33844000,8,33859000,4,33843000,5,33860000,8,33842000,11,33861000,11,33841000,5,33862000,6
33853000,1,33855000,1,33852000,4,33856000,3,33851000,5,33857000,5,33850000,3,33858000,9,33849000,3,33859000,4,33848000,7,33860000,8,33847000,4,33861000,11,33846000,8,33862000,6,33845000,7,33863000,9,33844000,8,33864000,11
33854000,1,33856000,2,33853000,4,33857000,5,33852000,3,33858000,8,33851000,5,33859000,3,33850000,3,33860000,6,33849000,6,33861000,11,33848000,6,33862000,7,33847000,3,33863000,9,33846000,7,33864000,11,33845000,7,33865000,6
33853000,1,33855000,1,33852000,3,33856000,4,33851000,5,33857000,6,33850000,2,33858000,7,33849000,6,33859000,3,33848000,6,33860000,6,33847000,4,33861000,11,33846000,7,33862000,7,33845000,7,33863000,9,33844000,8,33864000,11
33852000,1,33855000,4,33851000,4,33856000,5,33850000,1,33857000,14,33849000,4,33858000,7,33848000,5,33859000,6,33847000,3,33860000,7,33846000,8,33861000,10,33845000,7,33862000,6,33844000,8,33863000,9,33843000,6,33864000,12
33854000,2,33856000,1,33853000,6,33857000,3,33852000,8,33858000,5,33851000,6,33859000,20,33850000,4,33860000,5,33849000,6,33861000,8,33848000,7,33862000,5,33847000,5,33863000,9,33846000,7,33864000,11,33845000,9,33865000,6
33853000,6,33856000,1,33852000,6,33857000,3,33851000,5,33858000,5,33850000,1,33859000,20,33849000,5,33860000,4,33848000,6,33861000,9,33847000,4,33862000,7,33846000,7,33863000,9,33845000,9,33864000,11,33844000,8,33865000,6
33858000,2,33860000,1,33857000,4,33861000,5,33856000,4,33862000,3,33855000,6,33863000,9,33854000,5,33864000,10,33853000,8,33865000,7,33852000,9,33866000,6,33851000,8,33867000,9,33850000,4,33868000,6,33849000,5,33869000,5
33858000,3,33861000,1,33857000,2,33862000,5,33856000,5,33863000,4,33855000,8,33864000,4,33854000,7,33865000,7,33853000,8,33866000,5,33852000,9,33867000,10,33851000,7,33868000,6,33850000,6,33869000,5,33849000,6,33870000,9
33858000,2,33861000,4,33857000,5,33862000,5,33856000,3,33863000,4,33855000,6,33864000,5,33854000,6,33865000,7,33853000,8,33866000,5,33852000,9,33867000,10,33851000,6,33868000,6,33850000,6,33869000,5,33849000,6,33870000,9
33864000,1,33865000,2,33862000,3,33866000,5,33861000,6,33867000,7,33860000,4,33868000,5,33859000,3,33869000,5,33858000,5,33870000,10,33857000,8,33871000,8,33856000,5,33872000,7,33855000,9,33873000,7,33854000,8,33874000,11
33861000,5,33864000,1,33860000,4,33865000,5,33859000,3,33866000,4,33858000,5,33867000,8,33857000,8,33868000,7,33856000,6,33869000,5,33855000,9,33870000,10,33854000,8,33871000,8,33853000,10,33872000,7,33852000,7,33873000,7
33864000,1,33865000,4,33862000,2,33866000,4,33861000,7,33867000,7,33860000,4,33868000,7,33859000,3,33869000,5,33858000,5,33870000,10,33857000,8,33871000,8,33856000,6,33872000,7,33855000,9,33873000,7,33854000,8,33874000,11
33862000,2,33865000,3,33861000,7,33866000,4,33860000,4,33867000,7,33859000,3,33868000,7,33858000,5,33869000,5,33857000,8,33870000,10,33856000,6,33871000,8,33855000,9,33872000,7,33854000,8,33873000,7,33853000,8,33874000,11
33861000,3,33864000,2,33860000,4,33865000,3,33859000,3,33866000,4,33858000,5,33867000,7,33857000,8,33868000,7,33856000,4,33869000,5,33855000,8,33870000,11,33854000,8,33871000,8,33853000,8,33872000,7,33852000,7,33873000,7
33861000,2,33864000,3,33860000,4,33865000,3,33859000,3,33866000,5,33858000,5,33867000,6,33857000,6,33868000,7,33856000,3,33869000,5,33855000,8,33870000,9,33854000,8,33871000,7,33853000,8,33872000,8,33852000,7,33873000,7
33862000,1,33864000,1,33861000,3,33865000,4,33860000,4,33866000,5,33859000,3,33867000,7,33858000,4,33868000,7,33857000,6,33869000,5,33856000,3,33870000,9,33855000,8,33871000,7,33854000,7,33872000,8,33853000,8,33873000,7
33865000,2,33867000,2,33864000,3,33868000,4,33863000,2,33869000,5,33862000,4,33870000,8,33861000,4,33871000,8,33860000,6,33872000,8,33859000,6,33873000,7,33858000,7,33874000,11,33857000,6,33875000,7,33856000,5,33876000,8
33864000,2,33866000,1,33863000,3,33867000,3,33862000,4,33868000,5,33861000,4,33869000,3,33860000,7,33870000,8,33859000,6,33871000,8,33858000,7,33872000,6,33857000,6,33873000,7,33856000,5,33874000,11,33855000,11,33875000,7
33863000,3,33866000,2,33862000,4,33867000,5,33861000,4,33868000,4,33860000,5,33869000,4,33859000,6,33870000,8,33858000,6,33871000,8,33857000,5,33872000,7,33856000,5,33873000,7,33855000,11,33874000,11,33854000,8,33875000,7
33863000,3,33866000,2,33862000,4,33867000,5,33861000,4,33868000,4,33860000,5,33869000,4,33859000,6,33870000,8,33858000,6,33871000,8,33857000,5,33872000,7,33856000,5,33873000,7,33855000,11,33874000,11,33854000,8,33875000,7
33866000,1,33869000,3,33865000,5,33870000,7,33864000,5,33871000,6,33863000,5,33872000,6,33862000,5,33873000,7,33861000,5,33874000,11,33860000,6,33875000,8,33859000,6,33876000,9,33858000,7,33877000,15,33857000,6,33878000,12
33869000,1,33870000,2,33868000,3,33872000,5,33867000,4,33873000,6,33866000,4,33874000,10,33865000,5,33875000,7,33864000,5,33876000,10,33863000,7,33877000,15,33862000,6,33878000,12,33861000,6,33879000,7,33860000,7,33880000,12
33872000,3,33874000,3,33871000,5,33875000,4,33870000,4,33876000,7,33869000,5,33877000,15,33868000,5,33878000,11,33867000,6,33879000,5,33866000,7,33880000,12,33865000,8,33881000,7,33864000,6,33882000,6,33863000,7,33883000,4
33875000,4,33877000,10,33874000,4,33878000,7,33873000,5,33879000,1,33872000,5,33880000,11,33871000,6,33881000,7,33870000,7,33882000,6,33869000,8,33883000,4,33868000,8,33884000,8,33867000,6,33885000,6,33866000,7,33886000,10
33873000,2,33875000,2,33872000,4,33876000,2,33871000,5,33877000,3,33870000,6,33878000,3,33869000,7,33879000,5,33868000,8,33880000,10,33867000,7,33881000,8,33866000,7,33882000,6,33865000,7,33883000,4,33864000,7,33884000,8
33873000,1,33875000,1,33872000,5,33876000,3,33871000,5,33877000,3,33870000,6,33878000,4,33869000,5,33879000,5,33868000,4,33880000,12,33867000,9,33881000,8,33866000,8,33882000,6,33865000,7,33883000,4,33864000,7,33884000,8
33872000,3,33874000,3,33871000,5,33875000,1,33870000,4,33876000,2,33869000,6,33877000,3,33868000,7,33878000,4,33867000,8,33879000,5,33866000,8,33880000,11,33865000,7,33881000,8,33864000,7,33882000,6,33863000,7,33883000,4
33869000,2,33871000,5,33868000,3,33872000,3,33867000,6,33873000,3,33866000,6,33874000,3,33865000,8,33875000,3,33864000,7,33876000,4,33863000,8,33877000,5,33862000,8,33878000,6,33861000,6,33879000,5,33860000,10,33880000,11
33867000,2,33869000,1,33866000,6,33870000,2,33865000,7,33871000,6,33864000,6,33872000,2,33863000,8,33873000,4,33862000,8,33874000,4,33861000,6,33875000,3,33860000,9,33876000,4,33859000,6,33877000,5,33858000,8,33878000,6
33864000,3,33867000,3,33863000,3,33868000,4,33862000,6,33869000,3,33861000,6,33870000,3,33860000,9,33871000,9,33859000,8,33872000,5,33858000,8,33873000,4,33857000,6,33874000,5,33856000,6,33875000,4,33855000,7,33876000,4
33860000,4,33863000,3,33859000,5,33864000,7,33858000,7,33865000,3,33857000,6,33866000,3,33856000,7,33867000,6,33855000,7,33868000,6,33854000,8,33869000,4,33853000,6,33870000,4,33852000,7,33871000,8,33851000,4,33872000,6
33857000,1,33859000,3,33856000,2,33860000,4,33855000,5,33861000,3,33854000,6,33862000,4,33853000,7,33863000,5,33852000,7,33864000,7,33851000,4,33865000,5,33850000,7,33866000,4,33849000,5,33867000,5,33848000,8,33868000,5
33858000,3,33861000,3,33857000,3,33862000,3,33856000,5,33863000,4,33855000,4,33864000,7,33854000,7,33865000,5,33853000,5,33866000,4,33852000,6,33867000,6,33851000,6,33868000,5,33850000,7,33869000,5,33849000,6,33870000,4
33856000,4,33858000,2,33855000,3,33859000,2,33854000,6,33860000,3,33853000,6,33861000,4,33852000,7,33862000,6,33851000,6,33863000,3,33850000,7,33864000,7,33849000,6,33865000,5,33848000,7,33866000,4,33847000,4,33867000,6
33852000,2,33854000,2,33851000,3,33855000,3,33850000,6,33856000,3,33849000,6,33857000,3,33848000,7,33858000,4,33847000,4,33859000,5,33846000,8,33860000,5,33845000,9,33861000,6,33844000,9,33862000,7,33843000,8,33863000,4
33850000,4,33852000,1,33849000,4,33853000,3,33848000,7,33854000,4,33847000,4,33855000,4,33846000,9,33856000,2,33845000,9,33857000,5,33844000,9,33858000,4,33843000,6,33859000,6,33842000,10,33860000,6,33841000,5,33861000,5
33852000,2,33854000,2,33851000,3,33855000,4,33850000,4,33856000,2,33849000,4,33857000,5,33848000,7,33858000,4,33847000,4,33859000,6,33846000,9,33860000,6,33845000,9,33861000,5,33844000,9,33862000,7,33843000,6,33863000,4
33851000,2,33853000,1,33850000,4,33854000,3,33849000,4,33855000,4,33848000,7,33856000,2,33847000,4,33857000,4,33846000,9,33858000,4,33845000,9,33859000,6,33844000,8,33860000,7,33843000,6,33861000,5,33842000,10,33862000,7
33853000,1,33854000,5,33852000,2,33855000,4,33851000,6,33856000,2,33850000,4,33857000,5,33849000,5,33858000,5,33848000,5,33859000,6,33847000,4,33860000,6,33846000,9,33861000,5,33845000,9,33862000,5,33844000,8,33863000,4
33851000,2,33853000,2,33850000,4,33854000,6,33849000,4,33855000,4,33848000,5,33856000,3,33847000,6,33857000,5,33846000,10,33858000,4,33845000,9,33859000,5,33844000,8,33860000,8,33843000,6,33861000,5,33842000,9,33862000,5
33847000,1,33849000,3,33846000,4,33850000,2,33845000,10,33851000,5,33844000,8,33852000,5,33843000,6,33853000,3,33842000,10,33854000,11,33841000,4,33855000,8,33840000,14,33856000,6,33839000,7,33857000,7,33838000,11,33858000,6
33844000,2,33847000,2,33843000,5,33848000,6,33842000,9,33849000,4,33841000,5,33850000,6,33840000,13,33851000,8,33839000,8,33852000,6,33838000,11,33853000,5,33837000,6,33854000,7,33836000,6,33855000,8,33835000,7,33856000,5
33847000,2,33849000,3,33846000,4,33850000,4,33845000,4,33851000,4,33844000,2,33852000,6,33843000,5,33853000,5,33842000,7,33854000,5,33841000,6,33855000,8,33840000,15,33856000,5,33839000,8,33857000,6,33838000,10,33858000,7
33844000,1,33845000,1,33843000,3,33846000,1,33842000,5,33847000,4,33841000,5,33848000,3,33840000,14,33849000,4,33839000,9,33850000,5,33838000,10,33851000,7,33837000,6,33852000,8,33836000,5,33853000,5,33835000,6,33854000,4
33843000,3,33845000,3,33842000,4,33846000,1,33841000,5,33847000,5,33840000,14,33848000,4,33839000,8,33849000,5,33838000,8,33850000,6,33837000,6,33851000,7,33836000,5,33852000,8,33835000,6,33853000,5,33834000,7,33854000,4
33843000,1,33845000,5,33842000,4,33846000,3,33841000,3,33847000,4,33840000,14,33848000,5,33839000,6,33849000,3,33838000,9,33850000,6,33837000,5,33851000,7,33836000,6,33852000,8,33835000,6,33853000,5,33834000,7,33854000,4
33846000,2,33848000,1,33845000,3,33849000,3,33844000,4,33850000,3,33843000,4,33851000,5,33842000,5,33852000,6,33841000,5,33853000,5,33840000,15,33854000,5,33839000,8,33855000,8,33838000,11,33856000,5,33837000,6,33857000,6
33848000,1,33850000,2,33847000,3,33851000,1,33846000,5,33852000,5,33845000,3,33853000,4,33844000,5,33854000,3,33843000,5,33855000,8,33842000,7,33856000,4,33841000,6,33857000,6,33840000,16,33858000,7,33839000,7,33859000,5
33841000,3,33844000,1,33840000,13,33845000,2,33839000,6,33846000,4,33838000,9,33847000,4,33837000,6,33848000,3,33836000,6,33849000,6,33835000,6,33850000,6,33834000,7,33851000,4,33833000,5,33852000,6,33832000,10,33853000,4
33842000,1,33844000,1,33841000,5,33845000,4,33840000,3,33846000,4,33839000,6,33847000,5,33838000,8,33848000,4,33837000,6,33849000,5,33836000,6,33850000,6,33835000,6,33851000,3,33834000,7,33852000,6,33833000,5,33853000,5
33844000,3,33847000,3,33843000,3,33848000,2,33842000,7,33849000,4,33841000,5,33850000,5,33840000,3,33851000,4,33839000,8,33852000,5,33838000,9,33853000,5,33837000,7,33854000,4,33836000,6,33855000,8,33835000,7,33856000,5
33844000,1,33846000,2,33843000,2,33847000,5,33842000,6,33848000,3,33841000,5,33849000,3,33840000,4,33850000,4,33839000,8,33851000,4,33838000,10,33852000,5,33837000,7,33853000,5,33836000,6,33854000,4,33835000,7,33855000,8
33841000,2,33844000,2,33840000,3,33845000,5,33839000,5,33846000,4,33838000,7,33847000,3,33837000,7,33848000,4,33836000,7,33849000,5,33835000,7,33850000,5,33834000,7,33851000,4,33833000,5,33852000,6,33832000,12,33853000,5
33842000,4,33844000,2,33841000,2,33845000,2,33840000,4,33846000,4,33839000,4,33847000,5,33838000,7,33848000,4,33837000,6,33849000,5,33836000,6,33850000,7,33835000,7,33851000,3,33834000,7,33852000,6,33833000,5,33853000,5
33845000,3,33847000,1,33844000,4,33848000,1,33843000,3,33849000,3,33842000,6,33850000,6,33841000,3,33851000,3,33840000,5,33852000,6,33839000,6,33853000,5,33838000,9,33854000,4,33837000,7,33855000,9,33836000,6,33856000,5
33843000,1,33844000,1,33842000,1,33845000,3,33841000,3,33846000,4,33840000,5,33847000,4,33839000,6,33848000,3,33838000,10,33849000,4,33837000,7,33850000,6,33836000,6,33851000,5,33835000,7,33852000,5,33834000,7,33853000,4
33845000,3,33847000,1,33844000,3,33848000,3,33843000,5,33849000,3,33842000,5,33850000,4,33841000,4,33851000,5,33840000,5,33852000,5,33839000,6,33853000,4,33838000,10,33854000,5,33837000,7,33855000,9,33836000,6,33856000,5
33846000,1,33848000,3,33845000,3,33849000,1,33844000,3,33850000,4,33843000,4,33851000,5,33842000,7,33852000,5,33841000,5,33853000,5,33840000,5,33854000,7,33839000,5,33855000,8,33838000,10,33856000,5,33837000,7,33857000,7
33847000,3,33849000,1,33846000,5,33850000,2,33845000,3,33851000,2,33844000,5,33852000,3,33843000,6,33853000,3,33842000,9,33854000,6,33841000,6,33855000,9,33840000,6,33856000,3,33839000,7,33857000,7,33838000,10,33858000,7
33844000,1,33846000,1,33843000,4,33847000,3,33842000,5,33848000,3,33841000,5,33849000,2,33840000,5,33850000,5,33839000,7,33851000,3,33838000,10,33852000,5,33837000,7,33853000,5,33836000,6,33854000,7,33835000,7,33855000,8
33841000,2,33843000,2,33840000,3,33844000,2,33839000,5,33845000,3,33838000,8,33846000,3,33837000,6,33847000,4,33836000,7,33848000,4,33835000,7,33849000,5,33834000,7,33850000,7,33833000,5,33851000,5,33832000,12,33852000,5
33839000,2,33842000,4,33838000,4,33843000,4,33837000,6,33844000,2,33836000,5,33845000,4,33835000,7,33846000,3,33834000,6,33847000,6,33833000,5,33848000,4,33832000,10,33849000,3,33831000,5,33850000,4,33830000,11,33851000,4
33845000,1,33847000,2,33844000,2,33848000,2,33843000,3,33849000,2,33842000,5,33850000,4,33841000,5,33851000,4,33840000,7,33852000,5,33839000,4,33853000,5,33838000,6,33854000,6,33837000,7,33855000,8,33836000,6,33856000,4
33845000,2,33847000,1,33844000,2,33849000,3,33843000,3,33850000,4,33842000,5,33851000,4,33841000,5,33852000,4,33840000,8,33853000,5,33839000,4,33854000,6,33838000,6,33855000,8,33837000,7,33856000,4,33836000,6,33857000,7
33838000,5,33841000,3,33837000,6,33842000,2,33836000,4,33843000,3,33835000,7,33844000,10,33834000,7,33845000,3,33833000,5,33846000,5,33832000,10,33847000,6,33831000,5,33848000,3,33830000,11,33849000,5,33829000,9,33850000,5
33838000,4,33841000,2,33837000,5,33842000,3,33836000,4,33843000,3,33835000,6,33844000,6,33834000,7,33845000,3,33833000,5,33846000,7,33832000,10,33847000,6,33831000,5,33848000,3,33830000,11,33849000,5,33829000,9,33850000,5
33835000,4,33838000,3,33834000,4,33839000,5,33833000,6,33840000,6,33832000,9,33841000,6,33831000,6,33842000,7,33830000,10,33843000,5,33829000,8,33844000,10,33828000,9,33845000,3,33827000,7,33846000,7,33826000,20,33847000,5
33836000,2,33838000,2,33835000,4,33839000,5,33834000,5,33840000,6,33833000,6,33841000,6,33832000,8,33842000,7,33831000,6,33843000,5,33830000,10,33844000,10,33829000,8,33845000,3,33828000,9,33846000,7,33827000,7,33847000,5
33841000,1,33843000,3,33840000,2,33844000,5,33839000,3,33845000,3,33838000,4,33846000,8,33837000,4,33847000,7,33836000,12,33848000,5,33835000,6,33849000,6,33834000,8,33850000,6,33833000,8,33851000,4,33832000,11,33852000,5
33842000,2,33843000,1,33841000,2,33844000,2,33840000,2,33845000,3,33839000,5,33846000,6,33838000,6,33847000,5,33837000,6,33848000,3,33836000,13,33849000,7,33835000,6,33850000,7,33834000,7,33851000,4,33833000,8,33852000,5
33838000,1,33840000,2,33837000,3,33841000,3,33836000,11,33842000,6,33835000,5,33843000,4,33834000,6,33844000,3,33833000,8,33845000,5,33832000,11,33846000,7,33831000,5,33847000,6,33830000,10,33848000,4,33829000,8,33849000,7
33834000,4,33838000,1,33833000,5,33839000,5,33832000,10,33840000,4,33831000,5,33841000,3,33830000,10,33842000,6,33829000,8,33843000,4,33828000,9,33844000,3,33827000,6,33845000,5,33826000,12,33846000,7,33825000,6,33847000,6
33840000,2,33841000,4,33838000,2,33842000,6,33837000,2,33843000,4,33836000,2,33844000,5,33835000,3,33845000,5,33834000,5,33846000,8,33833000,4,33847000,7,33832000,6,33848000,5,33831000,5,33849000,7,33830000,13,33850000,8
33841000,1,33843000,2,33840000,3,33844000,3,33839000,4,33845000,4,33838000,2,33846000,6,33837000,3,33847000,7,33836000,3,33848000,4,33835000,4,33849000,8,33834000,6,33850000,8,33833000,5,33851000,4,33832000,6,33852000,6
33837000,1,33840000,3,33836000,3,33841000,5,33835000,3,33842000,9,33834000,4,33843000,5,33833000,5,33844000,4,33832000,6,33845000,5,33831000,6,33846000,9,33830000,13,33847000,7,33829000,9,33848000,5,33828000,9,33849000,7
33840000,2,33843000,2,33839000,2,33844000,3,33838000,5,33845000,4,33837000,4,33846000,8,33836000,4,33847000,7,33835000,4,33848000,5,33834000,5,33849000,7,33833000,5,33850000,8,33832000,6,33851000,4,33831000,5,33852000,6
33840000,2,33843000,2,33839000,2,33844000,3,33838000,5,33845000,4,33837000,4,33846000,8,33836000,4,33847000,7,33835000,4,33848000,5,33834000,5,33849000,7,33833000,5,33850000,8,33832000,6,33851000,4,33831000,5,33852000,6
33837000,1,33840000,3,33836000,3,33841000,4,33835000,3,33842000,9,33834000,3,33843000,6,33833000,6,33844000,5,33832000,6,33845000,4,33831000,5,33846000,8,33830000,13,33847000,7,33829000,9,33848000,5,33828000,9,33849000,7
33840000,1,33842000,2,33839000,2,33843000,3,33838000,3,33844000,3,33837000,9,33845000,5,33836000,3,33846000,7,33835000,6,33847000,7,33834000,6,33848000,6,33833000,6,33849000,8,33832000,6,33850000,9,33831000,5,33851000,4
33839000,2,33842000,3,33838000,3,33843000,3,33837000,3,33844000,4,33836000,3,33845000,5,33835000,6,33846000,7,33834000,5,33847000,7,33833000,4,33848000,6,33832000,7,33849000,8,33831000,6,33850000,9,33830000,14,33851000,4
33838000,1,33839000,2,33836000,3,33840000,4,33835000,2,33841000,7,33834000,2,33842000,9,33833000,2,33843000,6,33832000,6,33844000,5,33831000,6,33845000,5,33830000,14,33846000,7,33829000,10,33847000,7,33828000,9,33848000,6
33838000,2,33841000,3,33837000,3,33842000,7,33836000,3,33843000,4,33834000,3,33844000,5,33833000,5,33845000,5,33832000,7,33846000,7,33831000,6,33847000,7,33830000,14,33848000,6,33829000,9,33849000,8,33828000,9,33850000,9
33840000,1,33842000,3,33839000,4,33843000,2,33838000,3,33844000,2,33837000,5,33845000,5,33836000,6,33846000,7,33835000,1,33847000,7,33834000,4,33848000,6,33833000,5,33849000,8,33832000,6,33850000,9,33831000,6,33851000,4
33839000,1,33841000,2,33838000,3,33842000,4,33837000,2,33843000,2,33836000,3,33844000,3,33835000,2,33845000,5,33834000,4,33846000,10,33833000,7,33847000,8,33832000,6,33848000,5,33831000,6,33849000,8,33830000,14,33850000,9
33842000,2,33844000,1,33841000,2,33845000,4,33840000,2,33846000,8,33839000,4,33847000,8,33838000,4,33848000,4,33837000,3,33849000,9,33836000,4,33850000,9,33835000,2,33851000,4,33834000,5,33852000,6,33833000,7,33853000,5
33845000,3,33847000,2,33843000,5,33848000,1,33842000,6,33849000,7,33841000,3,33850000,8,33840000,4,33851000,5,33839000,4,33852000,7,33838000,4,33853000,5,33837000,3,33854000,7,33836000,5,33855000,11,33835000,2,33856000,5
33838000,1,33840000,2,33837000,2,33841000,4,33836000,3,33842000,6,33835000,2,33843000,3,33834000,6,33844000,6,33833000,7,33845000,6,33832000,7,33846000,7,33831000,6,33847000,4,33830000,13,33848000,4,33829000,9,33849000,6
33840000,5,33843000,2,33839000,3,33844000,4,33838000,4,33845000,4,33837000,2,33846000,7,33836000,4,33847000,4,33835000,3,33848000,4,33834000,7,33849000,6,33833000,7,33850000,9,33832000,7,33851000,5,33831000,6,33852000,7
33841000,1,33844000,3,33840000,4,33845000,4,33839000,3,33846000,5,33838000,3,33847000,5,33837000,2,33848000,4,33836000,4,33849000,6,33835000,3,33850000,9,33834000,7,33851000,5,33833000,7,33852000,7,33832000,7,33853000,6
33838000,1,33840000,1,33837000,2,33841000,2,33836000,4,33842000,6,33835000,3,33843000,6,33834000,6,33844000,3,33833000,7,33845000,6,33832000,7,33846000,7,33831000,6,33847000,5,33830000,13,33848000,4,33829000,9,33849000,6
33838000,1,33840000,1,33837000,2,33841000,2,33836000,4,33842000,6,33835000,3,33843000,6,33834000,6,33844000,3,33833000,7,33845000,6,33832000,7,33846000,7,33831000,6,33847000,5,33830000,13,33848000,4,33829000,9,33849000,6
33834000,2,33837000,3,33833000,3,33838000,3,33832000,3,33839000,4,33831000,5,33840000,7,33830000,11,33841000,5,33829000,9,33842000,9,33828000,9,33843000,7,33827000,6,33844000,6,33826000,10,33845000,5,33825000,6,33846000,8
33835000,1,33838000,4,33834000,4,33839000,3,33833000,3,33840000,4,33832000,4,33841000,4,33831000,6,33842000,9,33830000,12,33843000,7,33829000,10,33844000,7,33828000,9,33845000,5,33827000,6,33846000,8,33826000,10,33847000,6
33833000,3,33836000,3,33832000,3,33837000,5,33831000,5,33838000,4,33830000,11,33839000,3,33829000,9,33840000,5,33828000,9,33841000,4,33827000,6,33842000,9,33826000,10,33843000,7,33825000,6,33844000,7,33824000,10,33845000,5
33830000,2,33832000,1,33829000,3,33833000,3,33828000,4,33834000,5,33827000,3,33835000,6,33826000,6,33836000,9,33825000,4,33837000,8,33824000,10,33838000,10,33823000,5,33839000,7,33822000,11,33840000,8,33821000,5,33841000,6
33827000,2,33830000,2,33826000,3,33831000,3,33825000,5,33832000,2,33824000,7,33833000,5,33823000,4,33834000,6,33822000,11,33835000,7,33821000,5,33836000,10,33820000,12,33837000,8,33819000,5,33838000,10,33818000,24,33839000,6
33828000,2,33830000,3,33826000,1,33831000,3,33825000,4,33832000,5,33824000,3,33833000,5,33823000,5,33834000,7,33822000,10,33835000,6,33821000,5,33836000,10,33820000,12,33837000,8,33819000,5,33838000,11,33818000,22,33839000,6
33825000,3,33828000,2,33824000,2,33829000,3,33823000,4,33830000,4,33822000,9,33831000,3,33821000,4,33832000,3,33820000,13,33833000,5,33819000,5,33834000,7,33818000,22,33835000,7,33817000,7,33836000,10,33816000,8,33837000,8
33825000,1,33828000,3,33824000,3,33829000,3,33823000,4,33830000,6,33822000,9,33831000,5,33821000,4,33832000,5,33820000,12,33833000,6,33819000,5,33834000,7,33818000,22,33835000,6,33817000,7,33836000,9,33816000,8,33837000,8
33823000,3,33826000,2,33822000,5,33827000,3,33821000,4,33828000,3,33820000,11,33829000,5,33819000,4,33830000,6,33818000,22,33831000,5,33817000,8,33832000,6,33816000,8,33833000,6,33815000,10,33834000,7,33814000,10,33835000,6
33824000,2,33827000,1,33823000,3,33828000,3,33822000,5,33829000,3,33821000,4,33830000,6,33820000,12,33831000,5,33819000,4,33832000,5,33818000,22,33833000,6,33817000,7,33834000,7,33816000,8,33835000,6,33815000,10,33836000,9
33825000,2,33827000,1,33824000,1,33828000,3,33823000,2,33829000,3,33822000,4,33830000,6,33821000,5,33831000,5,33820000,10,33832000,5,33819000,5,33833000,6,33818000,22,33834000,7,33817000,7,33835000,6,33816000,8,33836000,9
33827000,1,33829000,2,33826000,3,33830000,2,33825000,3,33831000,3,33824000,2,33832000,5,33823000,3,33833000,6,33822000,6,33834000,6,33821000,6,33835000,6,33820000,12,33836000,9,33819000,5,33837000,8,33818000,22,33838000,11
33827000,2,33830000,3,33826000,3,33831000,3,33825000,2,33832000,3,33824000,3,33833000,6,33823000,3,33834000,6,33822000,5,33835000,7,33821000,6,33836000,9,33820000,13,33837000,8,33819000,5,33838000,11,33818000,22,33839000,8
33831000,1,33834000,2,33830000,10,33835000,4,33829000,2,33836000,6,33828000,3,33837000,6,33827000,1,33838000,11,33826000,5,33839000,8,33825000,3,33840000,8,33824000,4,33841000,5,33823000,5,33842000,10,33822000,7,33843000,9
33830000,1,33833000,2,33829000,2,33834000,3,33828000,3,33835000,3,33827000,11,33836000,6,33826000,5,33837000,6,33825000,3,33838000,11,33824000,4,33839000,8,33823000,5,33840000,8,33822000,7,33841000,5,33821000,5,33842000,10
33830000,1,33832000,2,33829000,2,33833000,3,33828000,3,33834000,3,33827000,10,33835000,4,33826000,4,33836000,7,33825000,3,33837000,6,33824000,4,33838000,11,33823000,5,33839000,8,33822000,7,33840000,8,33821000,5,33841000,5
33833000,1,33835000,2,33832000,2,33836000,3,33831000,1,33837000,4,33830000,4,33838000,7,33829000,1,33839000,8,33828000,4,33840000,6,33827000,3,33841000,6,33826000,6,33842000,10,33825000,3,33843000,8,33824000,4,33844000,9
33836000,2,33838000,2,33835000,5,33839000,3,33834000,3,33840000,6,33833000,4,33841000,6,33832000,3,33842000,10,33831000,2,33843000,8,33830000,6,33844000,9,33829000,3,33845000,6,33828000,5,33846000,7,33827000,3,33847000,11
33840000,3,33843000,3,33839000,3,33844000,4,33838000,4,33845000,5,33837000,3,33846000,8,33836000,4,33847000,11,33835000,6,33848000,8,33834000,3,33849000,4,33833000,4,33850000,7,33832000,4,33851000,5,33831000,2,33852000,7
33845000,1,33846000,3,33844000,3,33847000,4,33843000,4,33848000,4,33842000,4,33849000,5,33841000,3,33850000,8,33840000,3,33851000,5,33839000,3,33852000,7,33838000,5,33853000,6,33837000,3,33854000,8,33836000,5,33855000,8
33843000,1,33844000,1,33842000,1,33845000,4,33841000,2,33846000,3,33840000,2,33847000,4,33839000,3,33848000,4,33838000,6,33849000,3,33837000,3,33850000,8,33836000,5,33851000,5,33835000,5,33852000,7,33834000,5,33853000,6
33840000,1,33843000,2,33839000,3,33844000,4,33838000,2,33845000,4,33837000,2,33846000,4,33836000,4,33847000,5,33835000,6,33848000,5,33834000,5,33849000,3,33833000,4,33850000,9,33832000,5,33851000,5,33831000,2,33852000,7
33835000,2,33836000,1,33833000,1,33837000,3,33832000,2,33838000,4,33831000,3,33839000,3,33830000,7,33840000,4,33829000,2,33841000,2,33828000,5,33842000,6,33827000,4,33843000,4,33826000,6,33844000,8,33825000,5,33845000,5
33836000,2,33838000,1,33835000,1,33839000,3,33834000,5,33840000,5,33833000,5,33841000,3,33832000,4,33842000,6,33831000,5,33843000,4,33830000,6,33844000,7,33829000,2,33845000,5,33828000,5,33846000,6,33827000,4,33847000,5
33840000,3,33843000,2,33839000,2,33844000,4,33838000,4,33845000,5,33837000,2,33846000,5,33836000,5,33847000,5,33835000,4,33848000,8,33834000,5,33849000,3,33833000,6,33850000,8,33832000,5,33851000,5,33831000,4,33852000,7
33839000,2,33842000,2,33838000,4,33843000,4,33837000,2,33844000,5,33836000,5,33845000,3,33835000,4,33846000,6,33834000,5,33847000,5,33833000,6,33848000,8,33832000,5,33849000,3,33831000,4,33850000,8,33830000,7,33851000,5
33836000,2,33839000,2,33835000,2,33840000,3,33834000,3,33841000,4,33833000,5,33842000,4,33832000,3,33843000,5,33831000,5,33844000,7,33830000,7,33845000,5,33829000,2,33846000,8,33828000,5,33847000,5,33827000,4,33848000,7
33836000,3,33839000,1,33835000,2,33840000,3,33834000,3,33841000,4,33833000,5,33842000,5,33832000,3,33843000,5,33831000,5,33844000,7,33830000,7,33845000,5,33829000,2,33846000,8,33828000,5,33847000,5,33827000,4,33848000,7
33840000,3,33844000,4,33839000,4,33845000,2,33838000,4,33846000,6,33837000,3,33847000,5,33836000,4,33848000,7,33835000,4,33849000,3,33834000,5,33850000,8,33833000,6,33851000,5,33832000,5,33852000,7,33831000,4,33853000,7
33838000,1,33841000,3,33837000,2,33842000,5,33836000,3,33843000,3,33835000,3,33844000,4,33834000,4,33845000,4,33833000,6,33846000,4,33832000,5,33847000,4,33831000,4,33848000,8,33830000,7,33849000,3,33829000,2,33850000,8
33842000,3,33845000,3,33841000,2,33846000,3,33840000,5,33847000,4,33839000,4,33848000,7,33838000,5,33849000,3,33837000,3,33850000,8,33836000,4,33851000,5,33835000,4,33852000,7,33834000,5,33853000,6,33833000,6,33854000,9
33846000,3,33849000,3,33845000,2,33850000,5,33844000,4,33851000,5,33843000,2,33852000,6,33842000,5,33853000,6,33841000,5,33854000,8,33840000,7,33855000,8,33839000,5,33856000,5,33838000,7,33857000,7,33837000,3,33858000,10
33845000,3,33848000,1,33844000,4,33849000,3,33843000,2,33850000,5,33842000,5,33851000,4,33841000,5,33852000,7,33840000,7,33853000,6,33839000,5,33854000,8,33838000,7,33855000,7,33837000,3,33856000,5,33836000,5,33857000,7
33846000,2,33848000,3,33845000,3,33849000,3,33844000,4,33850000,5,33843000,2,33851000,4,33842000,5,33852000,7,33841000,5,33853000,6,33840000,7,33854000,8,33839000,5,33855000,7,33838000,7,33856000,5,33837000,3,33857000,7
33845000,1,33847000,2,33844000,4,33848000,1,33843000,2,33849000,3,33842000,5,33850000,4,33841000,5,33851000,2,33840000,8,33852000,7,33839000,5,33853000,6,33838000,8,33854000,7,33837000,3,33855000,8,33836000,5,33856000,5
33848000,1,33850000,3,33847000,2,33851000,1,33846000,2,33852000,6,33845000,3,33853000,7,33844000,3,33854000,7,33843000,3,33855000,8,33842000,6,33856000,5,33841000,6,33857000,8,33840000,8,33858000,9,33839000,5,33859000,6
33847000,2,33849000,2,33846000,1,33850000,3,33845000,3,33851000,2,33844000,4,33852000,5,33843000,4,33853000,5,33842000,8,33854000,8,33841000,5,33855000,8,33840000,9,33856000,6,33839000,5,33857000,8,33838000,9,33858000,8
33847000,2,33849000,1,33846000,4,33850000,1,33845000,6,33851000,4,33844000,7,33852000,5,33843000,3,33853000,5,33842000,7,33854000,9,33841000,4,33855000,8,33840000,9,33856000,6,33839000,5,33857000,8,33838000,9,33858000,8
33850000,1,33853000,4,33849000,3,33854000,6,33848000,3,33855000,7,33847000,3,33856000,5,33846000,4,33857000,9,33845000,6,33858000,8,33844000,9,33859000,4,33843000,4,33860000,9,33842000,7,33861000,7,33841000,4,33862000,6
33854000,1,33856000,3,33853000,2,33857000,9,33852000,3,33858000,7,33851000,3,33859000,5,33850000,3,33860000,8,33849000,2,33861000,7,33848000,4,33862000,6,33847000,5,33863000,5,33846000,7,33864000,7,33845000,7,33865000,6
33857000,4,33860000,2,33856000,3,33861000,6,33855000,5,33862000,5,33854000,2,33863000,5,33853000,3,33864000,7,33852000,5,33865000,6,33851000,6,33866000,6,33850000,6,33867000,6,33849000,3,33868000,6,33848000,5,33869000,8
33861000,2,33864000,2,33860000,3,33865000,6,33859000,4,33866000,5,33858000,3,33867000,8,33857000,3,33868000,5,33856000,6,33869000,8,33855000,7,33870000,8,33854000,5,33871000,9,33853000,3,33872000,10,33852000,6,33873000,5
33862000,1,33864000,1,33861000,3,33865000,4,33860000,2,33866000,4,33859000,4,33867000,8,33858000,3,33868000,7,33857000,6,33869000,9,33856000,6,33870000,9,33855000,7,33871000,8,33854000,5,33872000,10,33853000,4,33873000,4
33858000,2,33859000,1,33857000,2,33861000,1,33856000,4,33862000,4,33855000,6,33863000,4,33854000,3,33864000,5,33853000,5,33865000,5,33852000,6,33866000,5,33851000,5,33867000,8,33850000,6,33868000,7,33849000,4,33869000,9
33855000,3,33858000,2,33854000,3,33859000,3,33853000,2,33860000,1,33852000,4,33861000,4,33851000,4,33862000,5,33850000,6,33863000,5,33849000,3,33864000,6,33848000,6,33865000,6,33847000,6,33866000,6,33846000,7,33867000,8
33856000,2,33858000,1,33855000,4,33859000,3,33854000,3,33860000,3,33853000,3,33861000,6,33852000,5,33862000,3,33851000,5,33863000,6,33850000,6,33864000,5,33849000,3,33865000,6,33848000,6,33866000,6,33847000,6,33867000,8
33853000,3,33856000,3,33852000,3,33857000,2,33851000,4,33858000,6,33850000,4,33859000,5,33849000,2,33860000,5,33848000,5,33861000,7,33847000,8,33862000,7,33846000,7,33863000,6,33845000,8,33864000,6,33844000,9,33865000,6
33855000,2,33856000,4,33854000,4,33857000,3,33853000,3,33858000,5,33852000,3,33859000,5,33851000,5,33860000,5,33850000,3,33861000,7,33849000,5,33862000,7,33848000,5,33863000,6,33847000,7,33864000,7,33846000,7,33865000,6
33857000,1,33859000,2,33856000,4,33860000,2,33855000,6,33861000,5,33854000,3,33862000,5,33853000,5,33863000,7,33852000,5,33864000,6,33851000,7,33865000,6,33850000,7,33866000,6,33849000,4,33867000,8,33848000,6,33868000,7
33856000,1,33858000,1,33855000,4,33859000,3,33854000,3,33860000,2,33853000,4,33861000,5,33852000,5,33862000,5,33851000,7,33863000,7,33850000,7,33864000,6,33849000,4,33865000,6,33848000,6,33866000,7,33847000,6,33867000,8
33852000,1,33854000,1,33851000,4,33855000,10,33850000,5,33856000,1,33849000,2,33857000,3,33848000,4,33858000,4,33847000,8,33859000,4,33846000,7,33860000,5,33845000,8,33861000,6,33844000,10,33862000,7,33843000,5,33863000,6
33851000,1,33853000,1,33850000,4,33854000,3,33849000,3,33855000,11,33848000,4,33856000,1,33847000,7,33857000,3,33846000,6,33858000,4,33845000,8,33859000,5,33844000,9,33860000,5,33843000,5,33861000,6,33842000,8,33862000,7
33857000,17,33858000,4,33852000,4,33859000,5,33851000,3,33860000,5,33850000,4,33861000,6,33849000,3,33862000,7,33848000,4,33863000,6,33847000,7,33864000,7,33846000,6,33865000,6,33845000,8,33866000,8,33844000,9,33867000,8
33859000,4,33861000,3,33858000,4,33862000,4,33857000,13,33863000,7,33856000,1,33864000,5,33855000,3,33865000,6,33854000,3,33866000,7,33853000,2,33867000,8,33852000,7,33868000,7,33851000,6,33869000,12,33850000,8,33870000,8
33863000,3,33865000,1,33862000,2,33866000,5,33861000,3,33867000,6,33860000,4,33868000,6,33859000,6,33869000,12,33858000,5,33870000,9,33857000,16,33871000,8,33856000,4,33872000,10,33855000,6,33873000,4,33854000,5,33874000,6
33862000,2,33864000,1,33861000,3,33865000,10,33860000,4,33866000,3,33859000,6,33867000,6,33858000,6,33868000,4,33857000,16,33869000,10,33856000,4,33870000,8,33855000,6,33871000,7,33854000,5,33872000,10,33853000,3,33873000,4
33862000,2,33865000,10,33861000,2,33866000,3,33860000,4,33867000,6,33859000,6,33868000,4,33858000,6,33869000,10,33857000,16,33870000,8,33856000,4,33871000,7,33855000,6,33872000,11,33854000,5,33873000,4,33853000,4,33874000,6
33861000,14,33862000,2,33860000,4,33864000,5,33859000,6,33865000,4,33858000,6,33866000,3,33857000,17,33867000,5,33856000,4,33868000,13,33855000,6,33869000,11,33854000,5,33870000,10,33853000,4,33871000,7,33852000,7,33872000,9
33859000,3,33862000,3,33858000,4,33863000,4,33857000,14,33864000,5,33856000,3,33865000,5,33855000,6,33866000,5,33854000,5,33867000,6,33853000,4,33868000,14,33852000,7,33869000,11,33851000,7,33870000,9,33850000,7,33871000,8
33859000,3,33862000,1,33858000,4,33863000,4,33857000,14,33864000,5,33856000,3,33865000,5,33855000,6,33866000,5,33854000,5,33867000,6,33853000,4,33868000,14,33852000,7,33869000,11,33851000,7,33870000,9,33850000,7,33871000,8
33860000,2,33862000,1,33859000,5,33863000,9,33858000,7,33864000,1,33857000,16,33865000,5,33856000,2,33866000,3,33855000,6,33867000,12,33854000,5,33868000,12,33853000,4,33869000,10,33852000,7,33870000,9,33851000,7,33871000,9
33861000,3,33863000,8,33860000,3,33864000,1,33859000,6,33865000,4,33858000,6,33866000,3,33857000,16,33867000,12,33856000,2,33868000,12,33855000,6,33869000,11,33854000,5,33870000,9,33853000,4,33871000,9,33852000,7,33872000,9
33859000,6,33862000,3,33858000,6,33863000,4,33857000,16,33864000,2,33856000,2,33865000,4,33855000,6,33866000,3,33854000,5,33867000,12,33853000,4,33868000,12,33852000,7,33869000,11,33851000,7,33870000,9,33850000,8,33871000,9
33863000,2,33865000,1,33862000,4,33866000,3,33861000,4,33867000,12,33860000,4,33868000,13,33859000,4,33869000,10,33858000,4,33870000,9,33857000,18,33871000,11,33856000,5,33872000,9,33855000,6,33873000,4,33854000,5,33874000,6
33857000,12,33859000,2,33856000,1,33860000,4,33855000,4,33861000,6,33854000,3,33862000,5,33853000,6,33863000,6,33852000,8,33864000,5,33851000,7,33865000,8,33850000,8,33866000,6,33849000,5,33867000,12,33848000,8,33868000,14
33855000,1,33857000,3,33854000,3,33858000,4,33853000,5,33859000,2,33852000,5,33860000,3,33851000,7,33861000,7,33850000,8,33862000,6,33849000,5,33863000,7,33848000,7,33864000,6,33847000,7,33865000,8,33846000,7,33866000,6
33856000,2,33858000,1,33855000,2,33859000,3,33854000,4,33860000,3,33853000,3,33861000,7,33852000,5,33862000,7,33851000,5,33863000,7,33850000,9,33864000,6,33849000,5,33865000,7,33848000,7,33866000,6,33847000,7,33867000,12
33857000,1,33859000,3,33856000,1,33860000,5,33855000,4,33861000,6,33854000,4,33862000,6,33853000,3,33863000,7,33852000,6,33864000,6,33851000,7,33865000,7,33850000,10,33866000,6,33849000,5,33867000,12,33848000,7,33868000,14
33855000,1,33858000,2,33854000,4,33859000,4,33853000,3,33860000,5,33852000,5,33861000,7,33851000,5,33862000,7,33850000,9,33863000,7,33849000,5,33864000,7,33848000,7,33865000,7,33847000,7,33866000,6,33846000,7,33867000,12
33855000,1,33858000,3,33854000,4,33859000,4,33853000,3,33860000,6,33852000,5,33861000,7,33851000,5,33862000,7,33850000,8,33863000,7,33849000,6,33864000,7,33848000,7,33865000,8,33847000,7,33866000,6,33846000,7,33867000,12
33856000,1,33858000,2,33855000,2,33859000,4,33854000,3,33860000,5,33853000,2,33861000,7,33852000,6,33862000,7,33851000,5,33863000,7,33850000,9,33864000,7,33849000,6,33865000,8,33848000,7,33866000,5,33847000,7,33867000,12
33859000,3,33861000,1,33857000,5,33862000,3,33856000,4,33863000,4,33855000,4,33864000,6,33854000,4,33865000,9,33853000,4,33866000,5,33852000,6,33867000,13,33851000,6,33868000,13,33850000,8,33869000,17,33849000,6,33870000,10
33861000,2,33864000,5,33860000,4,33865000,6,33859000,2,33866000,4,33858000,1,33867000,13,33857000,5,33868000,13,33856000,5,33869000,17,33855000,5,33870000,10,33854000,5,33871000,10,33853000,3,33872000,8,33852000,6,33873000,7
33860000,3,33863000,3,33859000,3,33864000,3,33858000,1,33865000,5,33857000,6,33866000,6,33856000,5,33867000,13,33855000,5,33868000,14,33854000,5,33869000,17,33853000,4,33870000,10,33852000,6,33871000,11,33851000,6,33872000,8
33857000,1,33859000,2,33856000,2,33860000,1,33855000,3,33861000,4,33854000,3,33862000,4,33853000,5,33863000,5,33852000,6,33864000,6,33851000,6,33865000,6,33850000,9,33866000,6,33849000,7,33867000,13,33848000,8,33868000,14
33853000,1,33855000,2,33852000,2,33856000,2,33851000,6,33857000,2,33850000,8,33858000,5,33849000,5,33859000,5,33848000,7,33860000,6,33847000,7,33861000,5,33846000,7,33862000,7,33845000,6,33863000,6,33844000,8,33864000,6
33852000,2,33855000,2,33851000,4,33856000,2,33850000,6,33857000,3,33849000,5,33858000,5,33848000,5,33859000,5,33847000,10,33860000,6,33846000,7,33861000,5,33845000,6,33862000,7,33844000,8,33863000,6,33843000,6,33864000,7
33847000,3,33848000,1,33846000,2,33849000,1,33845000,4,33850000,4,33844000,6,33851000,3,33843000,6,33852000,5,33842000,9,33853000,5,33841000,4,33854000,6,33840000,9,33855000,7,33839000,5,33856000,5,33838000,6,33857000,5
33850000,3,33851000,2,33848000,3,33852000,4,33847000,2,33853000,3,33846000,4,33854000,7,33845000,4,33855000,8,33844000,8,33856000,5,33843000,8,33857000,5,33842000,8,33858000,8,33841000,4,33859000,6,33840000,9,33860000,6
33852000,2,33854000,1,33851000,1,33855000,5,33850000,3,33856000,3,33849000,3,33857000,5,33848000,3,33858000,7,33847000,5,33859000,7,33846000,7,33860000,6,33845000,5,33861000,6,33844000,9,33862000,7,33843000,7,33863000,6
33851000,1,33854000,4,33850000,3,33855000,5,33849000,2,33856000,3,33848000,4,33857000,5,33847000,5,33858000,7,33846000,7,33859000,8,33845000,5,33860000,6,33844000,9,33861000,6,33843000,7,33862000,7,33842000,8,33863000,6
33849000,2,33852000,3,33848000,3,33853000,3,33847000,4,33854000,4,33846000,7,33855000,6,33845000,5,33856000,3,33844000,9,33857000,5,33843000,6,33858000,7,33842000,8,33859000,8,33841000,4,33860000,6,33840000,9,33861000,6
33844000,6,33845000,3,33843000,5,33848000,3,33842000,7,33849000,5,33841000,6,33850000,3,33840000,9,33851000,4,33839000,5,33852000,6,33838000,6,33853000,6,33837000,3,33854000,5,33836000,6,33855000,8,33835000,5,33856000,5
33842000,2,33844000,1,33841000,4,33845000,9,33840000,7,33846000,1,33839000,5,33847000,4,33838000,7,33848000,5,33837000,3,33849000,2,33836000,5,33850000,8,33835000,5,33851000,7,33834000,4,33852000,6,33833000,6,33853000,5
33842000,4,33845000,3,33841000,2,33846000,1,33840000,5,33847000,4,33839000,3,33848000,5,33838000,7,33849000,3,33837000,4,33850000,8,33836000,6,33851000,7,33835000,5,33852000,6,33834000,4,33853000,6,33833000,6,33854000,6
33847000,1,33848000,1,33846000,3,33849000,1,33845000,3,33850000,4,33844000,1,33851000,5,33843000,4,33852000,6,33842000,10,33853000,8,33841000,5,33854000,6,33840000,6,33855000,7,33839000,4,33856000,5,33838000,7,33857000,6
33846000,1,33849000,3,33845000,3,33850000,4,33844000,3,33851000,4,33843000,5,33852000,5,33842000,9,33853000,8,33841000,5,33854000,5,33840000,6,33855000,7,33839000,4,33856000,5,33838000,7,33857000,6,33837000,4,33858000,8
33845000,3,33848000,1,33844000,2,33849000,3,33843000,6,33850000,3,33842000,9,33851000,4,33841000,5,33852000,6,33840000,6,33853000,8,33839000,4,33854000,6,33838000,7,33855000,7,33837000,4,33856000,5,33836000,6,33857000,6
33846000,2,33849000,3,33845000,3,33850000,4,33844000,3,33851000,3,33843000,4,33852000,5,33842000,7,33853000,6,33841000,4,33854000,5,33840000,7,33855000,6,33839000,4,33856000,6,33838000,6,33857000,5,33837000,4,33858000,7
33841000,2,33844000,2,33840000,5,33845000,3,33839000,3,33846000,2,33838000,4,33847000,4,33837000,4,33848000,9,33836000,5,33849000,7,33835000,7,33850000,7,33834000,5,33851000,5,33833000,6,33852000,7,33832000,9,33853000,6
33838000,1,33839000,1,33837000,2,33840000,2,33836000,3,33841000,4,33835000,7,33842000,3,33834000,3,33843000,4,33833000,5,33844000,4,33832000,9,33845000,5,33831000,4,33846000,5,33830000,13,33847000,4,33829000,5,33848000,9
33835000,5,33838000,2,33834000,3,33839000,4,33833000,4,33840000,3,33832000,6,33841000,5,33831000,5,33842000,6,33830000,13,33843000,4,33829000,5,33844000,5,33828000,7,33845000,4,33827000,3,33846000,5,33826000,7,33847000,4
33836000,3,33839000,3,33835000,6,33840000,3,33834000,2,33841000,4,33833000,5,33842000,6,33832000,7,33843000,4,33831000,5,33844000,5,33830000,13,33845000,4,33829000,5,33846000,5,33828000,7,33847000,4,33827000,3,33848000,8
33835000,4,33837000,3,33834000,2,33838000,4,33833000,4,33839000,4,33832000,6,33840000,6,33831000,5,33841000,3,33830000,13,33842000,5,33829000,5,33843000,3,33828000,7,33844000,5,33827000,3,33845000,5,33826000,7,33846000,5
33831000,3,33833000,3,33830000,8,33834000,2,33829000,4,33835000,1,33828000,3,33836000,6,33827000,3,33837000,4,33826000,6,33838000,6,33825000,2,33839000,5,33824000,6,33840000,8,33823000,5,33841000,5,33822000,8,33842000,6
33828000,1,33830000,3,33827000,1,33831000,2,33826000,4,33832000,5,33825000,2,33833000,4,33824000,7,33834000,3,33823000,4,33835000,3,33822000,8,33836000,6,33821000,5,33837000,5,33820000,8,33838000,7,33819000,5,33839000,6
33828000,4,33831000,1,33827000,3,33832000,3,33826000,5,33833000,4,33825000,4,33834000,3,33824000,5,33835000,3,33823000,5,33836000,6,33822000,7,33837000,4,33821000,5,33838000,8,33820000,8,33839000,7,33819000,5,33840000,7
33832000,1,33834000,2,33831000,3,33835000,1,33830000,4,33836000,5,33829000,4,33837000,4,33828000,4,33838000,7,33827000,4,33839000,5,33826000,6,33840000,5,33825000,5,33841000,5,33824000,5,33842000,7,33823000,5,33843000,6
33830000,1,33832000,2,33829000,2,33833000,4,33828000,4,33834000,4,33827000,3,33835000,4,33826000,4,33836000,4,33825000,5,33837000,3,33824000,6,33838000,7,33823000,6,33839000,4,33822000,7,33840000,5,33821000,5,33841000,4
33828000,3,33831000,1,33827000,3,33832000,3,33826000,5,33833000,4,33825000,4,33834000,4,33824000,5,33835000,4,33823000,5,33836000,3,33822000,7,33837000,3,33821000,5,33838000,7,33820000,8,33839000,4,33819000,5,33840000,5
33834000,2,33837000,3,33833000,3,33838000,3,33832000,5,33839000,4,33831000,5,33840000,4,33830000,5,33841000,5,33829000,7,33842000,6,33828000,6,33843000,4,33827000,5,33844000,5,33826000,7,33845000,6,33825000,5,33846000,6
33839000,2,33842000,3,33838000,5,33843000,2,33837000,4,33844000,4,33836000,7,33845000,7,33835000,3,33846000,6,33834000,5,33847000,8,33833000,6,33848000,11,33832000,6,33849000,6,33831000,4,33850000,9,33830000,8,33851000,8
33839000,1,33841000,3,33838000,2,33842000,3,33837000,3,33843000,3,33836000,6,33844000,2,33835000,2,33845000,6,33834000,6,33846000,5,33833000,6,33847000,8,33832000,6,33848000,11,33831000,4,33849000,6,33830000,8,33850000,9
33836000,3,33838000,6,33835000,2,33839000,4,33834000,3,33840000,4,33833000,5,33841000,3,33832000,5,33842000,6,33831000,5,33843000,4,33830000,7,33844000,5,33829000,6,33845000,5,33828000,8,33846000,7,33827000,5,33847000,7
33833000,3,33834000,2,33832000,2,33835000,4,33831000,5,33836000,3,33830000,4,33837000,3,33829000,4,33838000,3,33828000,7,33839000,4,33827000,5,33840000,4,33826000,7,33841000,6,33825000,5,33842000,8,33824000,6,33843000,5
33828000,2,33831000,3,33827000,3,33832000,2,33826000,4,33833000,3,33825000,4,33834000,4,33824000,5,33835000,6,33823000,6,33836000,4,33822000,8,33837000,4,33821000,5,33838000,5,33820000,9,33839000,4,33819000,5,33840000,5
33829000,2,33831000,1,33828000,3,33832000,1,33827000,3,33833000,3,33826000,5,33834000,4,33825000,4,33835000,6,33824000,5,33836000,4,33823000,6,33837000,4,33822000,8,33838000,5,33821000,5,33839000,4,33820000,9,33840000,5
33826000,1,33828000,1,33825000,3,33829000,3,33824000,2,33830000,3,33823000,6,33831000,5,33822000,8,33832000,2,33821000,5,33833000,4,33820000,9,33834000,4,33819000,5,33835000,6,33818000,24,33836000,6,33817000,8,33837000,5
33825000,4,33828000,1,33824000,2,33829000,4,33823000,6,33830000,2,33822000,7,33831000,6,33821000,5,33832000,4,33820000,9,33833000,4,33819000,5,33834000,4,33818000,23,33835000,6,33817000,7,33836000,6,33816000,8,33837000,5
33827000,2,33829000,1,33826000,3,33830000,2,33825000,4,33831000,6,33824000,2,33832000,4,33823000,7,33833000,4,33822000,8,33834000,4,33821000,5,33835000,6,33820000,9,33836000,6,33819000,5,33837000,5,33818000,23,33838000,8
33826000,3,33829000,3,33825000,4,33830000,8,33824000,2,33831000,5,33823000,7,33832000,3,33822000,8,33833000,4,33821000,5,33834000,4,33820000,9,33835000,6,33819000,5,33836000,6,33818000,23,33837000,5,33817000,7,33838000,8
33824000,2,33827000,3,33823000,4,33828000,3,33822000,6,33829000,2,33821000,4,33830000,9,33820000,8,33831000,3,33819000,6,33832000,5,33818000,23,33833000,5,33817000,7,33834000,5,33816000,8,33835000,5,33815000,10,33836000,6
33822000,3,33825000,1,33821000,2,33826000,2,33820000,5,33827000,3,33819000,4,33828000,9,33818000,22,33829000,2,33817000,6,33830000,5,33816000,7,33831000,4,33815000,8,33832000,7,33814000,12,33833000,5,33813000,4,33834000,7
33822000,3,33823000,1,33821000,2,33825000,3,33820000,5,33826000,3,33819000,4,33827000,2,33818000,22,33828000,9,33817000,6,33829000,2,33816000,7,33830000,5,33815000,8,33831000,4,33814000,12,33832000,7,33813000,4,33833000,5
33822000,3,33825000,1,33821000,2,33826000,3,33820000,5,33827000,2,33819000,4,33828000,9,33818000,22,33829000,2,33817000,6,33830000,5,33816000,7,33831000,4,33815000,8,33832000,7,33814000,12,33833000,5,33813000,4,33834000,7
33820000,2,33823000,2,33819000,3,33824000,3,33818000,15,33825000,3,33817000,3,33826000,9,33816000,6,33827000,13,33815000,7,33828000,7,33814000,12,33829000,5,33813000,4,33830000,8,33812000,8,33831000,5,33811000,5,33832000,7
33818000,13,33819000,1,33817000,2,33820000,3,33816000,2,33821000,4,33815000,7,33822000,4,33814000,12,33823000,3,33813000,5,33824000,4,33812000,8,33825000,3,33811000,5,33826000,11,33810000,14,33827000,14,33809000,7,33828000,8
33819000,3,33822000,1,33818000,14,33823000,3,33817000,3,33824000,4,33816000,4,33825000,3,33815000,7,33826000,9,33814000,12,33827000,14,33813000,4,33828000,8,33812000,8,33829000,5,33811000,5,33830000,9,33810000,14,33831000,4
33821000,1,33823000,2,33820000,3,33824000,4,33819000,3,33825000,3,33818000,14,33826000,9,33817000,3,33827000,14,33816000,5,33828000,8,33815000,7,33829000,5,33814000,13,33830000,9,33813000,4,33831000,4,33812000,8,33832000,7
33825000,1,33826000,5,33824000,2,33827000,11,33823000,3,33828000,3,33822000,4,33829000,5,33821000,3,33830000,8,33820000,3,33831000,4,33819000,6,33832000,7,33818000,5,33833000,4,33817000,6,33834000,6,33816000,7,33835000,6
33828000,1,33830000,1,33827000,3,33831000,2,33826000,3,33832000,5,33825000,3,33833000,5,33824000,3,33834000,6,33823000,4,33835000,8,33822000,6,33836000,6,33821000,5,33837000,4,33820000,5,33838000,9,33819000,6,33839000,6
33827000,1,33829000,3,33826000,1,33830000,8,33825000,3,33831000,6,33824000,3,33832000,4,33823000,5,33833000,4,33822000,7,33834000,6,33821000,5,33835000,8,33820000,5,33836000,7,33819000,6,33837000,5,33818000,5,33838000,9
33828000,1,33830000,5,33827000,4,33831000,5,33826000,5,33832000,4,33825000,2,33833000,5,33824000,3,33834000,6,33823000,3,33835000,8,33822000,5,33836000,7,33821000,5,33837000,5,33820000,5,33838000,10,33819000,6,33839000,6
33830000,3,33833000,2,33829000,4,33834000,4,33828000,3,33835000,6,33827000,4,33836000,5,33826000,6,33837000,5,33825000,4,33838000,11,33824000,4,33839000,6,33823000,4,33840000,6,33822000,5,33841000,5,33821000,5,33842000,8
33836000,1,33837000,1,33835000,2,33838000,1,33834000,3,33839000,2,33833000,3,33840000,5,33832000,4,33841000,7,33831000,4,33842000,7,33830000,7,33843000,4,33829000,4,33844000,7,33828000,6,33845000,5,33827000,4,33846000,7
33833000,2,33836000,2,33832000,3,33837000,4,33831000,3,33838000,3,33830000,7,33839000,5,33829000,4,33840000,6,33828000,6,33841000,7,33827000,4,33842000,7,33826000,6,33843000,4,33825000,3,33844000,8,33824000,6,33845000,5
33833000,3,33836000,1,33832000,3,33837000,4,33831000,3,33838000,3,33830000,5,33839000,6,33829000,3,33840000,6,33828000,6,33841000,7,33827000,6,33842000,8,33826000,6,33843000,4,33825000,3,33844000,8,33824000,6,33845000,5
33832000,1,33833000,2,33831000,3,33835000,1,33830000,4,33836000,4,33829000,3,33837000,3,33828000,6,33838000,4,33827000,6,33839000,5,33826000,6,33840000,7,33825000,3,33841000,6,33824000,6,33842000,8,33823000,4,33843000,4
33832000,2,33835000,1,33831000,4,33836000,4,33830000,4,33837000,3,33829000,3,33838000,4,33828000,6,33839000,5,33827000,6,33840000,6,33826000,6,33841000,7,33825000,3,33842000,8,33824000,6,33843000,4,33823000,4,33844000,8
33834000,2,33837000,2,33833000,3,33838000,5,33832000,2,33839000,3,33831000,5,33840000,5,33830000,9,33841000,11,33829000,4,33842000,7,33828000,6,33843000,10,33827000,4,33844000,15,33826000,6,33845000,17,33825000,3,33846000,7
33830000,2,33832000,2,33829000,1,33833000,3,33828000,3,33834000,5,33827000,3,33835000,5,33826000,5,33836000,8,33825000,4,33837000,4,33824000,6,33838000,8,33823000,4,33839000,4,33822000,5,33840000,6,33821000,6,33841000,10
33832000,1,33834000,1,33831000,4,33835000,4,33830000,3,33836000,6,33829000,2,33837000,4,33828000,5,33838000,7,33827000,5,33839000,16,33826000,5,33840000,19,33825000,4,33841000,16,33824000,6,33842000,20,33823000,4,33843000,16
33833000,1,33835000,2,33832000,3,33836000,3,33831000,3,33837000,2,33830000,5,33838000,6,33829000,2,33839000,4,33828000,6,33840000,6,33827000,5,33841000,17,33826000,6,33842000,20,33825000,4,33843000,16,33824000,6,33844000,19
33827000,2,33830000,2,33826000,2,33831000,3,33825000,2,33832000,3,33824000,5,33833000,6,33823000,4,33834000,8,33822000,6,33835000,5,33821000,5,33836000,5,33820000,6,33837000,5,33819000,6,33838000,7,33818000,6,33839000,4
33827000,2,33830000,2,33826000,4,33831000,4,33825000,2,33832000,4,33824000,5,33833000,7,33823000,5,33834000,7,33822000,5,33835000,5,33821000,5,33836000,6,33820000,6,33837000,5,33819000,6,33838000,7,33818000,5,33839000,4
33824000,4,33825000,1,33823000,2,33827000,1,33822000,4,33828000,3,33821000,5,33829000,6,33820000,5,33830000,3,33819000,7,33831000,4,33818000,5,33832000,5,33817000,6,33833000,8,33816000,8,33834000,8,33815000,10,33835000,8
33824000,1,33826000,2,33823000,3,33827000,3,33822000,4,33828000,4,33821000,4,33829000,3,33820000,4,33830000,7,33819000,6,33831000,4,33818000,2,33832000,6,33817000,5,33833000,6,33816000,7,33834000,8,33815000,9,33835000,8
33823000,3,33826000,2,33822000,4,33827000,2,33821000,3,33828000,4,33820000,6,33829000,4,33819000,6,33830000,5,33818000,3,33831000,5,33817000,5,33832000,6,33816000,7,33833000,6,33815000,9,33834000,8,33814000,12,33835000,8
33823000,3,33826000,2,33822000,4,33827000,2,33821000,3,33828000,4,33820000,6,33829000,4,33819000,6,33830000,5,33818000,3,33831000,5,33817000,5,33832000,6,33816000,7,33833000,6,33815000,9,33834000,8,33814000,12,33835000,8
33821000,1,33823000,2,33820000,2,33824000,1,33819000,4,33825000,7,33818000,3,33826000,5,33817000,7,33827000,3,33816000,6,33828000,9,33815000,8,33829000,5,33814000,13,33830000,7,33813000,5,33831000,5,33812000,8,33832000,7
33823000,2,33826000,2,33822000,3,33827000,4,33821000,3,33828000,3,33820000,4,33829000,3,33819000,6,33830000,7,33818000,6,33831000,6,33817000,9,33832000,7,33816000,9,33833000,6,33815000,8,33834000,8,33814000,12,33835000,9
33826000,4,33829000,2,33825000,3,33830000,3,33824000,4,33831000,5,33823000,5,33832000,6,33822000,5,33833000,7,33821000,7,33834000,8,33820000,6,33835000,9,33819000,7,33836000,7,33818000,6,33837000,5,33817000,7,33838000,9
33826000,5,33829000,2,33825000,5,33830000,3,33824000,6,33831000,3,33823000,5,33832000,6,33822000,5,33833000,8,33821000,7,33834000,8,33820000,7,33835000,9,33819000,7,33836000,7,33818000,6,33837000,5,33817000,7,33838000,9
33827000,2,33830000,3,33826000,3,33831000,3,33825000,4,33832000,6,33824000,6,33833000,8,33823000,5,33834000,8,33822000,6,33835000,9,33821000,9,33836000,7,33820000,9,33837000,5,33819000,6,33838000,9,33818000,6,33839000,5
33824000,3,33826000,1,33823000,5,33827000,1,33822000,3,33828000,3,33821000,6,33829000,7,33820000,6,33830000,8,33819000,4,33831000,6,33818000,5,33832000,7,33817000,8,33833000,8,33816000,9,33834000,8,33815000,8,33835000,10
33826000,2,33829000,4,33825000,3,33830000,6,33824000,3,33831000,4,33823000,4,33832000,6,33822000,5,33833000,8,33821000,6,33834000,9,33820000,8,33835000,9,33819000,5,33836000,7,33818000,5,33837000,5,33817000,7,33838000,9
33825000,2,33826000,2,33824000,2,33827000,3,33823000,4,33828000,3,33822000,4,33829000,3,33821000,6,33830000,8,33820000,7,33831000,5,33819000,5,33832000,6,33818000,5,33833000,8,33817000,7,33834000,9,33816000,10,33835000,9
33829000,2,33830000,5,33827000,5,33831000,3,33826000,2,33832000,7,33825000,7,33833000,7,33824000,2,33834000,8,33823000,3,33835000,9,33822000,6,33836000,8,33821000,7,33837000,5,33820000,8,33838000,9,33819000,5,33839000,5
33832000,2,33833000,5,33831000,1,33834000,7,33829000,2,33835000,8,33828000,3,33836000,7,33827000,6,33837000,6,33826000,6,33838000,9,33825000,8,33839000,5,33824000,3,33840000,7,33823000,4,33841000,6,33822000,6,33842000,9
33832000,3,33835000,6,33831000,3,33836000,7,33830000,2,33837000,5,33829000,9,33838000,8,33828000,5,33839000,5,33827000,12,33840000,8,33826000,7,33841000,6,33825000,8,33842000,8,33824000,5,33843000,5,33823000,4,33844000,8
33835000,2,33837000,1,33834000,4,33838000,5,33833000,3,33839000,4,33832000,4,33840000,7,33831000,3,33841000,6,33830000,13,33842000,8,33829000,16,33843000,4,33828000,8,33844000,8,33827000,12,33845000,5,33826000,7,33846000,7
33835000,3,33838000,1,33834000,8,33839000,2,33833000,3,33840000,3,33832000,16,33841000,6,33831000,9,33842000,7,33830000,15,33843000,5,33829000,15,33844000,7,33828000,7,33845000,5,33827000,13,33846000,7,33826000,9,33847000,5
33839000,5,33840000,1,33838000,1,33841000,4,33837000,7,33842000,7,33836000,6,33843000,5,33835000,3,33844000,8,33834000,12,33845000,6,33833000,3,33846000,7,33832000,16,33847000,5,33831000,9,33848000,10,33830000,16,33849000,9
33843000,1,33844000,4,33841000,19,33845000,5,33840000,11,33846000,8,33839000,9,33847000,5,33838000,16,33848000,10,33837000,7,33849000,5,33836000,7,33850000,10,33835000,3,33851000,10,33834000,14,33852000,10,33833000,4,33853000,6
33840000,10,33842000,5,33839000,9,33843000,3,33838000,16,33844000,4,33837000,3,33845000,6,33836000,6,33846000,10,33835000,3,33847000,7,33834000,13,33848000,10,33833000,4,33849000,5,33832000,18,33850000,10,33831000,8,33851000,8
33836000,5,33839000,4,33835000,1,33840000,4,33834000,13,33841000,3,33833000,5,33842000,6,33832000,17,33843000,3,33831000,8,33844000,5,33830000,16,33845000,7,33829000,15,33846000,10,33828000,8,33847000,7,33827000,15,33848000,11
33838000,1,33839000,1,33837000,3,33840000,1,33836000,4,33841000,4,33835000,3,33842000,5,33834000,3,33843000,4,33833000,7,33844000,5,33832000,7,33845000,7,33831000,8,33846000,10,33830000,16,33847000,7,33829000,15,33848000,10
33839000,1,33841000,1,33838000,3,33842000,4,33837000,3,33843000,3,33836000,3,33844000,5,33835000,4,33845000,7,33834000,5,33846000,9,33833000,7,33847000,7,33832000,7,33848000,10,33831000,3,33849000,4,33830000,7,33850000,10
33832000,3,33835000,2,33831000,2,33836000,3,33830000,4,33837000,4,33829000,2,33838000,5,33828000,7,33839000,6,33827000,14,33840000,7,33826000,7,33841000,7,33825000,8,33842000,7,33824000,6,33843000,5,33823000,4,33844000,8
33825000,6,33827000,2,33824000,4,33828000,3,33823000,2,33829000,4,33822000,6,33830000,7,33821000,7,33831000,5,33820000,8,33832000,5,33819000,4,33833000,8,33818000,5,33834000,7,33817000,6,33835000,5,33816000,10,33836000,6
33824000,2,33827000,3,33823000,3,33828000,4,33822000,3,33829000,4,33821000,5,33830000,7,33820000,5,33831000,4,33819000,4,33832000,5,33818000,5,33833000,8,33817000,6,33834000,7,33816000,10,33835000,6,33815000,9,33836000,6
33818000,1,33820000,1,33817000,5,33821000,4,33816000,8,33822000,4,33815000,6,33823000,5,33814000,10,33824000,5,33813000,4,33825000,5,33812000,8,33826000,23,33811000,5,33827000,7,33810000,15,33828000,6,33809000,6,33829000,5
33819000,4,33821000,1,33818000,1,33822000,2,33817000,4,33823000,4,33816000,5,33824000,5,33815000,7,33825000,4,33814000,11,33826000,21,33813000,6,33827000,4,33812000,8,33828000,5,33811000,5,33829000,4,33810000,14,33830000,7
33824000,4,33826000,15,33823000,3,33827000,2,33822000,3,33828000,3,33821000,5,33829000,5,33820000,3,33830000,7,33819000,6,33831000,5,33818000,4,33832000,6,33817000,6,33833000,6,33816000,10,33834000,7,33815000,8,33835000,5
33827000,1,33830000,3,33826000,4,33831000,4,33825000,3,33832000,4,33824000,5,33833000,7,33823000,2,33834000,6,33822000,5,33835000,4,33821000,6,33836000,7,33820000,6,33837000,5,33819000,6,33838000,9,33818000,5,33839000,5
33826000,2,33828000,15,33825000,3,33829000,1,33824000,5,33830000,3,33823000,4,33831000,3,33822000,5,33832000,4,33821000,6,33833000,6,33820000,5,33834000,6,33819000,4,33835000,4,33818000,5,33836000,7,33817000,6,33837000,5
33831000,1,33834000,2,33830000,2,33835000,3,33829000,2,33836000,7,33828000,3,33837000,5,33827000,3,33838000,8,33826000,6,33839000,6,33825000,6,33840000,7,33824000,6,33841000,7,33823000,6,33842000,11,33822000,7,33843000,6
33831000,2,33833000,2,33830000,2,33834000,3,33829000,2,33835000,3,33828000,4,33836000,5,33827000,4,33837000,4,33826000,7,33838000,8,33825000,6,33839000,6,33824000,6,33840000,7,33823000,6,33841000,7,33822000,7,33842000,9
33825000,3,33826000,2,33824000,4,33828000,1,33823000,5,33829000,4,33822000,6,33830000,5,33821000,6,33831000,5,33820000,5,33832000,7,33819000,4,33833000,7,33818000,5,33834000,5,33817000,5,33835000,6,33816000,10,33836000,5
33823000,1,33825000,1,33822000,4,33826000,3,33821000,5,33827000,3,33820000,5,33828000,3,33819000,5,33829000,4,33818000,6,33830000,5,33817000,5,33831000,5,33816000,10,33832000,9,33815000,8,33833000,8,33814000,12,33834000,6
33825000,1,33827000,1,33824000,4,33828000,3,33823000,5,33829000,3,33822000,4,33830000,7,33821000,3,33831000,5,33820000,6,33832000,9,33819000,6,33833000,8,33818000,7,33834000,6,33817000,6,33835000,5,33816000,10,33836000,5
33831000,1,33833000,1,33830000,4,33834000,3,33829000,5,33835000,4,33828000,4,33836000,4,33827000,4,33837000,5,33826000,3,33838000,10,33825000,5,33839000,5,33824000,4,33840000,7,33823000,4,33841000,7,33822000,5,33842000,10
33831000,4,33834000,1,33830000,4,33835000,3,33829000,5,33836000,3,33828000,3,33837000,5,33827000,5,33838000,10,33826000,4,33839000,5,33825000,4,33840000,7,33824000,4,33841000,7,33823000,4,33842000,10,33822000,5,33843000,5
33833000,2,33836000,1,33832000,2,33837000,4,33831000,3,33838000,4,33830000,3,33839000,6,33829000,6,33840000,8,33828000,6,33841000,7,33827000,7,33842000,10,33826000,7,33843000,4,33825000,3,33844000,11,33824000,4,33845000,7
33828000,2,33830000,1,33827000,3,33831000,3,33826000,4,33832000,4,33825000,3,33833000,3,33824000,4,33834000,4,33823000,5,33835000,5,33822000,5,33836000,6,33821000,4,33837000,5,33820000,7,33838000,6,33819000,5,33839000,5
33827000,4,33830000,1,33826000,4,33831000,3,33825000,3,33832000,4,33824000,4,33833000,4,33823000,5,33834000,5,33822000,5,33835000,5,33821000,4,33836000,6,33820000,7,33837000,6,33819000,5,33838000,6,33818000,9,33839000,5
33828000,1,33831000,1,33827000,3,33832000,4,33826000,4,33833000,5,33825000,3,33834000,5,33824000,3,33835000,5,33823000,5,33836000,7,33822000,4,33837000,5,33821000,4,33838000,6,33820000,7,33839000,5,33819000,5,33840000,9
33825000,2,33828000,1,33824000,2,33829000,3,33823000,3,33830000,5,33822000,3,33831000,4,33821000,4,33832000,5,33820000,7,33833000,7,33819000,5,33834000,5,33818000,8,33835000,10,33817000,5,33836000,6,33816000,8,33837000,5
33825000,1,33828000,2,33824000,2,33829000,3,33823000,3,33830000,5,33822000,3,33831000,4,33821000,4,33832000,5,33820000,7,33833000,7,33819000,5,33834000,5,33818000,8,33835000,10,33817000,5,33836000,6,33816000,8,33837000,5
33825000,1,33828000,2,33824000,3,33829000,3,33823000,3,33830000,4,33822000,3,33831000,4,33821000,5,33832000,5,33820000,7,33833000,7,33819000,5,33834000,5,33818000,8,33835000,10,33817000,5,33836000,6,33816000,8,33837000,5
33825000,1,33828000,2,33824000,3,33829000,3,33823000,3,33830000,5,33822000,3,33831000,4,33821000,4,33832000,5,33820000,7,33833000,7,33819000,5,33834000,5,33818000,8,33835000,10,33817000,5,33836000,5,33816000,8,33837000,5
33826000,1,33829000,3,33825000,2,33830000,4,33824000,4,33831000,3,33823000,3,33832000,5,33822000,5,33833000,7,33821000,5,33834000,5,33820000,7,33835000,10,33819000,5,33836000,5,33818000,8,33837000,5,33817000,5,33838000,7
33824000,5,33828000,1,33823000,4,33829000,3,33822000,18,33830000,3,33821000,5,33831000,4,33820000,6,33832000,5,33819000,5,33833000,7,33818000,8,33834000,6,33817000,5,33835000,10,33816000,8,33836000,5,33815000,7,33837000,5
33828000,2,33831000,3,33827000,2,33832000,4,33826000,3,33833000,8,33825000,6,33834000,8,33824000,5,33835000,14,33823000,7,33836000,6,33822000,21,33837000,5,33821000,5,33838000,7,33820000,6,33839000,6,33819000,5,33840000,8
33826000,4,33828000,1,33825000,6,33829000,1,33824000,5,33830000,2,33823000,7,33831000,3,33822000,21,33832000,4,33821000,5,33833000,6,33820000,6,33834000,8,33819000,5,33835000,14,33818000,7,33836000,7,33817000,5,33837000,7
33825000,3,33828000,1,33824000,5,33829000,6,33823000,4,33830000,5,33822000,19,33831000,4,33821000,4,33832000,7,33820000,7,33833000,7,33819000,5,33834000,8,33818000,7,33835000,14,33817000,5,33836000,6,33816000,8,33837000,7
33825000,2,33828000,2,33824000,4,33829000,6,33823000,4,33830000,5,33822000,18,33831000,5,33821000,4,33832000,7,33820000,7,33833000,9,33819000,5,33834000,9,33818000,7,33835000,14,33817000,5,33836000,6,33816000,8,33837000,6
33825000,5,33828000,1,33824000,4,33829000,5,33823000,4,33830000,4,33822000,18,33831000,5,33821000,4,33832000,7,33820000,7,33833000,10,33819000,5,33834000,9,33818000,7,33835000,14,33817000,5,33836000,6,33816000,8,33837000,6
33826000,1,33828000,1,33825000,4,33829000,5,33824000,3,33830000,4,33823000,4,33831000,5,33822000,19,33832000,7,33821000,4,33833000,10,33820000,7,33834000,9,33819000,5,33835000,14,33818000,7,33836000,6,33817000,5,33837000,6
33830000,2,33833000,2,33829000,3,33834000,4,33828000,4,33835000,12,33827000,3,33836000,6,33826000,3,33837000,6,33825000,7,33838000,8,33824000,5,33839000,6,33823000,6,33840000,8,33822000,21,33841000,8,33821000,5,33842000,11
33834000,1,33836000,1,33833000,2,33837000,3,33832000,2,33838000,5,33831000,2,33839000,5,33830000,4,33840000,7,33829000,4,33841000,8,33828000,7,33842000,10,33827000,4,33843000,6,33826000,8,33844000,11,33825000,9,33845000,7
33837000,2,33840000,2,33836000,2,33841000,6,33835000,4,33842000,7,33834000,2,33843000,6,33833000,4,33844000,10,33832000,5,33845000,8,33831000,5,33846000,9,33830000,6,33847000,6,33829000,5,33848000,10,33828000,6,33849000,5
33838000,2,33841000,2,33837000,4,33842000,5,33836000,4,33843000,3,33835000,6,33844000,10,33834000,6,33845000,8,33833000,5,33846000,8,33832000,6,33847000,7,33831000,4,33848000,9,33830000,7,33849000,4,33829000,5,33850000,8
33839000,2,33841000,1,33838000,3,33842000,4,33837000,3,33843000,4,33836000,3,33844000,10,33835000,4,33845000,9,33834000,6,33846000,8,33833000,6,33847000,6,33832000,7,33848000,10,33831000,9,33849000,4,33830000,9,33850000,8
33843000,3,33845000,2,33842000,4,33846000,3,33841000,4,33847000,4,33840000,5,33848000,9,33839000,5,33849000,5,33838000,5,33850000,8,33837000,7,33851000,5,33836000,6,33852000,9,33835000,4,33853000,6,33834000,6,33854000,7
33844000,3,33846000,1,33843000,3,33847000,2,33842000,3,33848000,5,33841000,5,33849000,4,33840000,6,33850000,7,33839000,6,33851000,5,33838000,8,33852000,9,33837000,8,33853000,6,33836000,7,33854000,6,33835000,5,33855000,9
33844000,3,33846000,1,33843000,3,33847000,2,33842000,3,33848000,5,33841000,5,33849000,4,33840000,6,33850000,7,33839000,6,33851000,5,33838000,8,33852000,9,33837000,8,33853000,6,33836000,7,33854000,6,33835000,5,33855000,9
33844000,3,33846000,1,33843000,3,33847000,2,33842000,3,33848000,5,33841000,5,33849000,4,33840000,6,33850000,7,33839000,6,33851000,5,33838000,8,33852000,9,33837000,8,33853000,6,33836000,7,33854000,6,33835000,5,33855000,9
33853000,2,33856000,1,33852000,5,33857000,5,33851000,6,33858000,5,33850000,5,33859000,6,33849000,7,33860000,12,33848000,6,33861000,5,33847000,4,33862000,7,33846000,9,33863000,5,33845000,8,33864000,7,33844000,11,33865000,4
33846000,1,33847000,1,33845000,4,33848000,2,33844000,6,33849000,2,33843000,7,33850000,7,33842000,8,33851000,3,33841000,8,33852000,2,33840000,9,33853000,3,33839000,10,33854000,3,33838000,9,33855000,6,33837000,6,33856000,7
33848000,3,33850000,3,33847000,4,33851000,1,33846000,5,33852000,3,33845000,3,33853000,3,33844000,7,33854000,4,33843000,6,33855000,7,33842000,9,33856000,7,33841000,8,33857000,7,33840000,9,33858000,8,33839000,10,33859000,7
33842000,2,33843000,1,33841000,5,33844000,2,33840000,4,33845000,1,33839000,9,33846000,4,33838000,8,33847000,2,33837000,6,33848000,5,33836000,8,33849000,3,33835000,5,33850000,6,33834000,8,33851000,2,33833000,6,33852000,5
33844000,2,33846000,4,33843000,3,33847000,1,33842000,7,33848000,6,33841000,4,33849000,3,33840000,4,33850000,7,33839000,8,33851000,3,33838000,9,33852000,5,33837000,6,33853000,4,33836000,8,33854000,7,33835000,4,33855000,8
33844000,2,33847000,2,33843000,3,33848000,5,33842000,7,33849000,2,33841000,4,33850000,5,33840000,5,33851000,3,33839000,8,33852000,4,33838000,10,33853000,5,33837000,6,33854000,6,33836000,8,33855000,8,33835000,4,33856000,7
33840000,3,33843000,1,33839000,7,33844000,4,33838000,5,33845000,3,33837000,5,33846000,6,33836000,8,33847000,7,33835000,5,33848000,9,33834000,8,33849000,6,33833000,6,33850000,9,33832000,9,33851000,4,33831000,4,33852000,6
33836000,1,33838000,5,33835000,2,33839000,1,33834000,3,33840000,3,33833000,5,33841000,3,33832000,6,33842000,7,33831000,6,33843000,5,33830000,12,33844000,9,33829000,4,33845000,10,33828000,7,33846000,8,33827000,5,33847000,9
33836000,5,33837000,1,33835000,1,33838000,5,33834000,5,33839000,1,33833000,4,33840000,5,33832000,6,33841000,5,33831000,5,33842000,8,33830000,11,33843000,6,33829000,4,33844000,8,33828000,8,33845000,10,33827000,5,33846000,8
33838000,1,33841000,2,33837000,3,33842000,5,33836000,8,33843000,4,33835000,3,33844000,7,33834000,7,33845000,11,33833000,4,33846000,8,33832000,6,33847000,9,33831000,6,33848000,8,33830000,12,33849000,6,33829000,4,33850000,9
33836000,6,33838000,1,33835000,2,33839000,3,33834000,6,33840000,4,33833000,4,33841000,3,33832000,6,33842000,6,33831000,6,33843000,8,33830000,12,33844000,6,33829000,4,33845000,10,33828000,7,33846000,7,33827000,5,33847000,15
33835000,1,33837000,1,33834000,2,33838000,4,33833000,3,33839000,5,33832000,6,33840000,4,33831000,6,33841000,6,33830000,13,33842000,7,33829000,4,33843000,8,33828000,7,33844000,14,33827000,5,33845000,9,33826000,7,33846000,8
33834000,5,33836000,1,33833000,1,33837000,3,33832000,12,33838000,6,33831000,5,33839000,6,33830000,10,33840000,4,33829000,4,33841000,6,33828000,8,33842000,8,33827000,6,33843000,10,33826000,7,33844000,15,33825000,6,33845000,11
33839000,1,33842000,4,33838000,2,33843000,9,33837000,3,33844000,5,33836000,3,33845000,7,33835000,5,33846000,7,33834000,3,33847000,8,33833000,4,33848000,8,33832000,15,33849000,5,33831000,6,33850000,10,33830000,12,33851000,4
33837000,2,33839000,1,33836000,3,33841000,3,33835000,4,33842000,4,33834000,4,33843000,4,33833000,4,33844000,3,33832000,6,33845000,7,33831000,5,33846000,6,33830000,12,33847000,7,33829000,6,33848000,9,33828000,9,33849000,5
33841000,2,33843000,1,33840000,4,33844000,2,33839000,4,33845000,5,33838000,3,33846000,7,33837000,3,33847000,8,33836000,4,33848000,9,33835000,4,33849000,5,33834000,8,33850000,9,33833000,5,33851000,4,33832000,6,33852000,7
33839000,1,33842000,2,33838000,3,33843000,4,33837000,3,33844000,4,33836000,4,33845000,6,33835000,4,33846000,5,33834000,7,33847000,7,33833000,5,33848000,9,33832000,7,33849000,6,33831000,5,33850000,9,33830000,10,33851000,3
33836000,3,33839000,2,33835000,3,33840000,3,33834000,5,33841000,5,33833000,6,33842000,6,33832000,6,33843000,4,33831000,6,33844000,5,33830000,10,33845000,7,33829000,6,33846000,7,33828000,9,33847000,7,33827000,5,33848000,9
33837000,1,33840000,4,33836000,2,33841000,6,33835000,2,33842000,5,33834000,4,33843000,7,33833000,4,33844000,6,33832000,6,33845000,7,33831000,6,33846000,7,33830000,11,33847000,7,33829000,6,33848000,9,33828000,9,33849000,5
33842000,1,33843000,2,33841000,3,33844000,2,33840000,3,33845000,5,33839000,3,33846000,5,33838000,3,33847000,7,33837000,5,33848000,9,33836000,3,33849000,5,33835000,5,33850000,9,33834000,6,33851000,4,33833000,5,33852000,7
33845000,1,33847000,5,33844000,3,33848000,5,33843000,2,33849000,4,33842000,5,33850000,8,33841000,4,33851000,3,33840000,4,33852000,7,33839000,4,33853000,8,33838000,7,33854000,7,33837000,5,33855000,11,33836000,4,33856000,8
33840000,1,33842000,1,33839000,1,33843000,2,33838000,4,33844000,2,33837000,4,33845000,7,33836000,5,33846000,3,33835000,4,33847000,5,33834000,6,33848000,6,33833000,5,33849000,8,33832000,7,33850000,9,33831000,5,33851000,4
33841000,1,33843000,1,33840000,4,33844000,2,33839000,3,33845000,9,33838000,3,33846000,5,33837000,3,33847000,4,33836000,4,33848000,6,33835000,5,33849000,7,33834000,7,33850000,9,33833000,5,33851000,4,33832000,7,33852000,7
33842000,2,33845000,6,33841000,2,33846000,4,33840000,3,33847000,3,33839000,4,33848000,4,33838000,5,33849000,7,33837000,4,33850000,10,33836000,4,33851000,4,33835000,5,33852000,7,33834000,6,33853000,9,33833000,5,33854000,7
33837000,3,33840000,5,33836000,5,33841000,3,33835000,3,33842000,6,33834000,6,33843000,6,33833000,6,33844000,9,33832000,7,33845000,5,33831000,8,33846000,7,33830000,40,33847000,5,33829000,6,33848000,5,33828000,9,33849000,7
33838000,2,33840000,5,33837000,4,33841000,2,33836000,5,33842000,5,33835000,3,33843000,6,33834000,6,33844000,9,33833000,6,33845000,5,33832000,7,33846000,7,33831000,8,33847000,5,33830000,40,33848000,5,33829000,6,33849000,7
33835000,3,33837000,1,33834000,4,33838000,2,33833000,6,33839000,3,33832000,7,33840000,3,33831000,9,33841000,7,33830000,41,33842000,7,33829000,6,33843000,4,33828000,8,33844000,12,33827000,5,33845000,5,33826000,7,33846000,8
33832000,2,33834000,1,33831000,6,33835000,4,33830000,37,33836000,4,33829000,4,33837000,2,33828000,8,33838000,8,33827000,6,33839000,6,33826000,7,33840000,6,33825000,10,33841000,4,33824000,9,33842000,6,33823000,8,33843000,7
33834000,2,33837000,3,33833000,3,33838000,9,33832000,5,33839000,3,33831000,6,33840000,7,33830000,37,33841000,5,33829000,4,33842000,7,33828000,8,33843000,5,33827000,6,33844000,10,33826000,7,33845000,6,33825000,10,33846000,7
33828000,6,33830000,10,33827000,7,33832000,1,33826000,6,33833000,3,33825000,10,33834000,2,33824000,8,33835000,8,33823000,6,33836000,6,33822000,24,33837000,6,33821000,6,33838000,10,33820000,18,33839000,7,33819000,6,33840000,8
33825000,9,33826000,1,33824000,5,33827000,2,33823000,3,33828000,3,33822000,22,33829000,6,33821000,6,33830000,12,33820000,18,33831000,3,33819000,5,33832000,7,33818000,7,33833000,6,33817000,10,33834000,6,33816000,11,33835000,10
33827000,1,33829000,2,33826000,3,33830000,12,33825000,6,33831000,3,33824000,6,33832000,8,33823000,4,33833000,8,33822000,23,33834000,5,33821000,6,33835000,10,33820000,18,33836000,8,33819000,5,33837000,8,33818000,7,33838000,12
33831000,3,33832000,1,33830000,2,33833000,5,33829000,4,33834000,3,33828000,3,33835000,8,33827000,3,33836000,6,33826000,6,33837000,8,33825000,8,33838000,13,33824000,9,33839000,8,33823000,4,33840000,8,33822000,24,33841000,6
33833000,2,33836000,3,33832000,2,33837000,7,33831000,5,33838000,8,33830000,5,33839000,8,33829000,5,33840000,6,33828000,6,33841000,6,33827000,4,33842000,8,33826000,7,33843000,7,33825000,7,33844000,12,33824000,8,33845000,7
33826000,3,33828000,2,33825000,8,33829000,1,33824000,6,33830000,3,33823000,6,33831000,4,33822000,24,33832000,6,33821000,6,33833000,6,33820000,18,33834000,6,33819000,5,33835000,8,33818000,7,33836000,7,33817000,5,33837000,8
33823000,1,33824000,1,33822000,18,33825000,15,33821000,4,33827000,4,33820000,16,33828000,4,33819000,5,33829000,2,33818000,7,33830000,6,33817000,4,33831000,5,33816000,8,33832000,8,33815000,7,33833000,7,33814000,8,33834000,6
33820000,11,33821000,2,33819000,1,33822000,2,33818000,6,33823000,4,33817000,5,33824000,5,33816000,9,33825000,15,33815000,8,33826000,1,33814000,8,33827000,5,33813000,4,33828000,7,33812000,10,33829000,3,33811000,6,33830000,8
33818000,3,33820000,25,33817000,4,33821000,4,33816000,7,33822000,5,33815000,7,33823000,3,33814000,8,33824000,6,33813000,5,33825000,15,33812000,9,33826000,1,33811000,5,33827000,5,33810000,12,33828000,8,33809000,5,33829000,3
33815000,2,33816000,1,33813000,4,33817000,4,33812000,8,33818000,6,33811000,5,33819000,9,33810000,12,33820000,26,33809000,5,33821000,5,33808000,7,33822000,7,33807000,5,33823000,4,33806000,7,33824000,9,33805000,8,33825000,17
33817000,3,33820000,25,33816000,4,33821000,5,33815000,3,33822000,7,33814000,4,33823000,7,33813000,5,33824000,9,33812000,5,33825000,17,33811000,5,33826000,5,33810000,12,33827000,6,33809000,5,33828000,8,33808000,6,33829000,4
33813000,1,33815000,5,33812000,4,33816000,24,33811000,3,33817000,1,33810000,11,33818000,4,33809000,5,33819000,4,33808000,6,33820000,5,33807000,5,33821000,6,33806000,6,33822000,7,33805000,8,33823000,6,33804000,7,33824000,9
33812000,2,33814000,25,33811000,5,33815000,3,33810000,9,33816000,26,33809000,4,33817000,3,33808000,6,33818000,7,33807000,6,33819000,6,33806000,5,33820000,8,33805000,7,33821000,7,33804000,7,33822000,8,33803000,12,33823000,6
33813000,4,33815000,1,33812000,5,33816000,25,33811000,2,33817000,3,33810000,10,33818000,6,33809000,3,33819000,6,33808000,6,33820000,9,33807000,6,33821000,7,33806000,6,33822000,8,33805000,7,33823000,6,33804000,7,33824000,9
33815000,4,33818000,3,33814000,4,33819000,5,33813000,4,33820000,6,33812000,6,33821000,7,33811000,5,33822000,6,33810000,13,33823000,9,33809000,5,33824000,9,33808000,7,33825000,18,33807000,5,33826000,7,33806000,6,33827000,6
33819000,2,33821000,3,33818000,3,33822000,4,33817000,5,33823000,7,33816000,4,33824000,7,33815000,2,33825000,18,33814000,6,33826000,7,33813000,7,33827000,6,33812000,9,33828000,6,33811000,5,33829000,4,33810000,12,33830000,10
33822000,2,33824000,1,33821000,6,33825000,15,33820000,4,33826000,6,33819000,4,33827000,6,33818000,3,33828000,7,33817000,4,33829000,4,33816000,9,33830000,9,33815000,5,33831000,9,33814000,8,33832000,10,33813000,6,33833000,8
33826000,4,33828000,2,33825000,2,33829000,3,33824000,5,33830000,8,33823000,2,33831000,8,33822000,5,33832000,10,33821000,5,33833000,8,33820000,7,33834000,7,33819000,9,33835000,7,33818000,5,33836000,9,33817000,4,33837000,11
33830000,1,33831000,3,33829000,2,33832000,6,33828000,6,33833000,8,33827000,9,33834000,5,33826000,4,33835000,8,33825000,7,33836000,9,33824000,5,33837000,7,33823000,7,33838000,8,33822000,6,33839000,7,33821000,9,33840000,9
33832000,1,33834000,1,33831000,3,33835000,7,33830000,5,33836000,6,33829000,3,33837000,6,33828000,5,33838000,8,33827000,10,33839000,6,33826000,6,33840000,8,33825000,10,33841000,5,33824000,8,33842000,8,33823000,7,33843000,12
33834000,3,33837000,2,33833000,4,33838000,4,33832000,4,33839000,4,33831000,3,33840000,8,33830000,6,33841000,5,33829000,6,33842000,8,33828000,8,33843000,8,33827000,10,33844000,10,33826000,7,33845000,7,33825000,9,33846000,9
33835000,1,33838000,3,33834000,5,33839000,6,33833000,5,33840000,6,33832000,7,33841000,5,33831000,4,33842000,7,33830000,9,33843000,9,33829000,7,33844000,10,33828000,9,33845000,6,33827000,10,33846000,8,33826000,8,33847000,8
33835000,1,33837000,3,33834000,3,33838000,4,33833000,3,33839000,7,33832000,5,33840000,6,33831000,4,33841000,6,33830000,8,33842000,7,33829000,7,33843000,9,33828000,9,33844000,10,33827000,5,33845000,6,33826000,7,33846000,8
33839000,1,33840000,3,33838000,2,33841000,2,33837000,3,33842000,6,33836000,3,33843000,9,33835000,3,33844000,9,33834000,5,33845000,4,33833000,8,33846000,10,33832000,9,33847000,7,33831000,4,33848000,8,33830000,9,33849000,12
33842000,1,33843000,3,33841000,3,33844000,2,33840000,3,33845000,2,33839000,3,33846000,9,33838000,3,33847000,8,33837000,6,33848000,8,33836000,6,33849000,8,33835000,6,33850000,11,33834000,7,33851000,5,33833000,7,33852000,10
33840000,1,33842000,1,33839000,5,33843000,2,33838000,3,33844000,5,33837000,5,33845000,5,33836000,6,33846000,6,33835000,6,33847000,7,33834000,6,33848000,7,33833000,6,33849000,10,33832000,8,33850000,11,33831000,4,33851000,6
33840000,4,33843000,2,33839000,5,33844000,5,33838000,4,33845000,5,33837000,5,33846000,7,33836000,5,33847000,7,33835000,6,33848000,8,33834000,6,33849000,10,33833000,6,33850000,11,33832000,8,33851000,6,33831000,4,33852000,9
33840000,3,33842000,1,33839000,5,33843000,3,33838000,4,33844000,6,33837000,5,33845000,5,33836000,5,33846000,6,33835000,6,33847000,7,33834000,6,33848000,8,33833000,6,33849000,10,33832000,8,33850000,20,33831000,4,33851000,6
33840000,2,33843000,3,33839000,4,33844000,6,33838000,2,33845000,5,33837000,4,33846000,8,33836000,5,33847000,6,33835000,4,33848000,9,33834000,7,33849000,10,33833000,6,33850000,24,33832000,8,33851000,6,33831000,4,33852000,9
33844000,3,33846000,2,33843000,2,33847000,5,33842000,4,33848000,7,33841000,5,33849000,9,33840000,3,33850000,23,33839000,6,33851000,6,33838000,3,33852000,9,33837000,4,33853000,7,33836000,4,33854000,7,33835000,5,33855000,12
33845000,2,33847000,4,33844000,2,33848000,5,33843000,4,33849000,10,33842000,5,33850000,22,33841000,7,33851000,5,33840000,5,33852000,9,33839000,5,33853000,7,33838000,4,33854000,7,33837000,5,33855000,11,33836000,5,33856000,9
33844000,3,33846000,1,33843000,4,33847000,1,33842000,6,33848000,3,33841000,7,33849000,4,33840000,6,33850000,16,33839000,5,33851000,3,33838000,5,33852000,8,33837000,5,33853000,7,33836000,5,33854000,7,33835000,6,33855000,11
33846000,1,33848000,1,33845000,2,33849000,4,33844000,3,33850000,15,33843000,4,33851000,3,33842000,5,33852000,8,33841000,7,33853000,7,33840000,6,33854000,7,33839000,5,33855000,11,33838000,4,33856000,8,33837000,5,33857000,10
33843000,6,33845000,1,33842000,3,33846000,1,33841000,6,33847000,4,33840000,6,33848000,4,33839000,5,33849000,3,33838000,6,33850000,7,33837000,5,33851000,6,33836000,5,33852000,8,33835000,7,33853000,8,33834000,6,33854000,7
33846000,2,33849000,4,33845000,3,33850000,8,33844000,3,33851000,5,33843000,3,33852000,7,33842000,6,33853000,8,33841000,7,33854000,7,33840000,4,33855000,10,33839000,5,33856000,8,33838000,7,33857000,8,33837000,4,33858000,8
33846000,1,33847000,1,33845000,2,33848000,2,33844000,3,33849000,3,33843000,4,33850000,7,33842000,6,33851000,4,33841000,9,33852000,8,33840000,5,33853000,7,33839000,6,33854000,7,33838000,7,33855000,10,33837000,5,33856000,8
33847000,2,33849000,2,33846000,3,33850000,7,33845000,3,33851000,5,33844000,3,33852000,7,33843000,4,33853000,7,33842000,6,33854000,7,33841000,9,33855000,10,33840000,5,33856000,8,33839000,5,33857000,9,33838000,7,33858000,8
33844000,2,33845000,1,33843000,3,33846000,3,33842000,3,33847000,2,33841000,7,33848000,4,33840000,5,33849000,4,33839000,7,33850000,7,33838000,8,33851000,6,33837000,6,33852000,9,33836000,6,33853000,8,33835000,8,33854000,7
33842000,2,33845000,3,33841000,4,33846000,3,33840000,3,33847000,2,33839000,5,33848000,6,33838000,6,33849000,7,33837000,7,33850000,8,33836000,7,33851000,6,33835000,8,33852000,8,33834000,7,33853000,7,33833000,7,33854000,7
33842000,1,33843000,2,33841000,1,33844000,4,33840000,3,33845000,4,33839000,4,33846000,4,33838000,7,33847000,3,33837000,7,33848000,6,33836000,7,33849000,4,33835000,8,33850000,9,33834000,7,33851000,7,33833000,7,33852000,8
33844000,3,33846000,1,33843000,2,33847000,3,33842000,3,33848000,5,33841000,3,33849000,5,33840000,4,33850000,8,33839000,6,33851000,5,33838000,7,33852000,7,33837000,8,33853000,7,33836000,7,33854000,7,33835000,8,33855000,12
33840000,3,33843000,3,33839000,3,33844000,5,33838000,5,33845000,4,33837000,8,33846000,6,33836000,7,33847000,5,33835000,8,33848000,6,33834000,7,33849000,5,33833000,7,33850000,10,33832000,10,33851000,5,33831000,7,33852000,6
33840000,3,33843000,3,33839000,3,33844000,5,33838000,5,33845000,5,33837000,6,33846000,6,33836000,5,33847000,5,33835000,8,33848000,7,33834000,7,33849000,5,33833000,7,33850000,10,33832000,10,33851000,5,33831000,5,33852000,6
33840000,2,33841000,1,33839000,2,33842000,3,33838000,4,33843000,2,33837000,9,33844000,3,33836000,5,33845000,8,33835000,8,33846000,7,33834000,6,33847000,5,33833000,7,33848000,6,33832000,10,33849000,9,33831000,5,33850000,13
33841000,1,33843000,3,33840000,3,33844000,5,33839000,3,33845000,4,33838000,2,33846000,6,33837000,5,33847000,6,33836000,3,33848000,7,33835000,9,33849000,9,33834000,8,33850000,13,33833000,9,33851000,5,33832000,10,33852000,6
33834000,6,33837000,2,33833000,5,33838000,3,33832000,6,33839000,4,33831000,6,33840000,6,33830000,14,33841000,6,33829000,6,33842000,9,33828000,8,33843000,6,33827000,7,33844000,7,33826000,8,33845000,5,33825000,7,33846000,7
33834000,6,33837000,2,33833000,5,33838000,3,33832000,6,33839000,4,33831000,6,33840000,6,33830000,14,33841000,6,33829000,6,33842000,9,33828000,8,33843000,6,33827000,7,33844000,7,33826000,8,33845000,5,33825000,7,33846000,7
33831000,2,33833000,1,33830000,8,33834000,3,33829000,5,33835000,4,33828000,6,33836000,6,33827000,7,33837000,9,33826000,10,33838000,6,33825000,5,33839000,6,33824000,9,33840000,8,33823000,9,33841000,9,33822000,7,33842000,11
33832000,1,33834000,3,33831000,3,33835000,6,33830000,4,33836000,7,33829000,5,33837000,8,33828000,5,33838000,6,33827000,6,33839000,7,33826000,6,33840000,9,33825000,6,33841000,8,33824000,9,33842000,11,33823000,10,33843000,8
33831000,2,33834000,1,33830000,4,33835000,6,33829000,4,33836000,7,33828000,5,33837000,7,33827000,7,33838000,7,33826000,6,33839000,7,33825000,6,33840000,9,33824000,9,33841000,8,33823000,9,33842000,11,33822000,7,33843000,8
33826000,1,33827000,1,33825000,2,33828000,3,33824000,6,33829000,3,33823000,10,33830000,4,33822000,7,33831000,6,33821000,6,33832000,9,33820000,8,33833000,7,33819000,5,33834000,6,33818000,5,33835000,7,33817000,9,33836000,10
33823000,2,33824000,1,33822000,2,33825000,2,33821000,5,33826000,3,33820000,6,33827000,3,33819000,7,33828000,3,33818000,6,33829000,6,33817000,6,33830000,6,33816000,10,33831000,7,33815000,4,33832000,10,33814000,9,33833000,8
33825000,1,33827000,3,33824000,4,33828000,2,33823000,6,33829000,4,33822000,5,33830000,6,33821000,6,33831000,7,33820000,6,33832000,10,33819000,6,33833000,7,33818000,6,33834000,6,33817000,6,33835000,7,33816000,10,33836000,9
33824000,3,33827000,2,33823000,4,33828000,4,33822000,5,33829000,3,33821000,6,33830000,4,33820000,8,33831000,7,33819000,6,33832000,9,33818000,6,33833000,7,33817000,6,33834000,6,33816000,9,33835000,7,33815000,4,33836000,9
33824000,2,33827000,2,33823000,4,33828000,4,33822000,5,33829000,3,33821000,6,33830000,5,33820000,8,33831000,7,33819000,6,33832000,9,33818000,6,33833000,7,33817000,6,33834000,6,33816000,9,33835000,7,33815000,4,33836000,9
33826000,2,33828000,1,33825000,2,33829000,2,33824000,5,33830000,4,33823000,5,33831000,7,33822000,7,33832000,9,33821000,7,33833000,7,33820000,7,33834000,6,33819000,6,33835000,7,33818000,6,33836000,9,33817000,6,33837000,8
33821000,2,33823000,2,33820000,4,33824000,3,33819000,5,33825000,3,33818000,5,33826000,4,33817000,6,33827000,6,33816000,12,33828000,6,33815000,5,33829000,6,33814000,8,33830000,10,33813000,4,33831000,9,33812000,9,33832000,9
33821000,2,33823000,2,33820000,4,33824000,3,33819000,5,33825000,3,33818000,5,33826000,4,33817000,6,33827000,6,33816000,12,33828000,6,33815000,5,33829000,6,33814000,8,33830000,10,33813000,4,33831000,9,33812000,9,33832000,9
33818000,1,33821000,4,33817000,3,33822000,5,33816000,6,33823000,5,33815000,6,33824000,5,33814000,8,33825000,4,33813000,6,33826000,8,33812000,8,33827000,6,33811000,5,33828000,8,33810000,17,33829000,5,33809000,5,33830000,10
33819000,1,33821000,1,33818000,4,33822000,5,33817000,3,33823000,5,33816000,6,33824000,5,33815000,6,33825000,4,33814000,8,33826000,8,33813000,6,33827000,6,33812000,8,33828000,8,33811000,5,33829000,5,33810000,17,33830000,10
33819000,1,33821000,1,33818000,3,33822000,5,33817000,5,33823000,5,33816000,6,33824000,5,33815000,5,33825000,4,33814000,8,33826000,8,33813000,6,33827000,6,33812000,8,33828000,7,33811000,5,33829000,5,33810000,17,33830000,9
33821000,2,33824000,4,33820000,4,33825000,3,33819000,4,33826000,4,33818000,4,33827000,6,33817000,7,33828000,6,33816000,10,33829000,6,33815000,5,33830000,9,33814000,8,33831000,8,33813000,5,33832000,10,33812000,8,33833000,8
33816000,17,33818000,1,33815000,3,33819000,4,33814000,5,33820000,4,33813000,5,33821000,4,33812000,7,33822000,4,33811000,8,33823000,3,33810000,17,33824000,4,33809000,5,33825000,6,33808000,8,33826000,7,33807000,6,33827000,5
33813000,1,33814000,1,33812000,2,33815000,2,33811000,5,33816000,2,33810000,18,33817000,4,33809000,5,33818000,4,33808000,7,33819000,6,33807000,6,33820000,6,33806000,7,33821000,7,33805000,8,33822000,7,33804000,11,33823000,5
33814000,2,33816000,3,33813000,1,33817000,5,33812000,4,33818000,6,33811000,4,33819000,8,33810000,15,33820000,8,33809000,5,33821000,8,33808000,7,33822000,6,33807000,7,33823000,5,33806000,7,33824000,6,33805000,8,33825000,5
33813000,1,33815000,3,33812000,3,33816000,2,33811000,4,33817000,3,33810000,16,33818000,7,33809000,5,33819000,8,33808000,6,33820000,7,33807000,7,33821000,8,33806000,7,33822000,6,33805000,8,33823000,5,33804000,11,33824000,6
33811000,3,33814000,2,33810000,16,33815000,4,33809000,4,33816000,2,33808000,6,33817000,6,33807000,7,33818000,7,33806000,7,33819000,10,33805000,8,33820000,8,33804000,10,33821000,8,33803000,12,33822000,6,33802000,9,33823000,5
33807000,2,33808000,2,33806000,2,33809000,4,33805000,6,33810000,11,33804000,9,33811000,3,33803000,14,33812000,5,33802000,9,33813000,6,33801000,9,33814000,9,33800000,38,33815000,9,33799000,9,33816000,7,33798000,9,33817000,5
33806000,2,33809000,3,33805000,4,33810000,12,33804000,6,33811000,3,33803000,13,33812000,6,33802000,8,33813000,5,33801000,11,33814000,10,33800000,40,33815000,9,33799000,9,33816000,8,33798000,7,33817000,5,33797000,5,33818000,9
33806000,2,33809000,3,33805000,4,33810000,12,33804000,6,33811000,3,33803000,13,33812000,6,33802000,8,33813000,5,33801000,11,33814000,10,33800000,40,33815000,9,33799000,9,33816000,8,33798000,7,33817000,5,33797000,5,33818000,9
33808000,6,33811000,3,33807000,7,33812000,5,33806000,6,33813000,4,33805000,7,33814000,4,33804000,9,33815000,3,33803000,15,33816000,7,33802000,12,33817000,6,33801000,9,33818000,11,33800000,39,33819000,9,33799000,9,33820000,8
33808000,2,33811000,5,33807000,6,33812000,6,33806000,6,33813000,4,33805000,6,33814000,4,33804000,9,33815000,3,33803000,15,33816000,7,33802000,12,33817000,6,33801000,9,33818000,11,33800000,39,33819000,9,33799000,9,33820000,8
33808000,3,33809000,2,33807000,5,33810000,2,33806000,4,33811000,4,33805000,6,33812000,6,33804000,8,33813000,4,33803000,15,33814000,4,33802000,12,33815000,4,33801000,9,33816000,7,33800000,39,33817000,6,33799000,9,33818000,11
33805000,2,33807000,1,33804000,5,33808000,4,33803000,9,33809000,3,33802000,7,33810000,3,33801000,9,33811000,6,33800000,40,33812000,7,33799000,11,33813000,6,33798000,7,33814000,10,33797000,5,33815000,7,33796000,16,33816000,7
33805000,2,33807000,1,33804000,5,33808000,4,33803000,9,33809000,3,33802000,7,33810000,3,33801000,9,33811000,6,33800000,40,33812000,7,33799000,11,33813000,6,33798000,7,33814000,10,33797000,5,33815000,7,33796000,16,33816000,7
33799000,4,33800000,1,33798000,5,33801000,3,33797000,5,33802000,5,33796000,16,33803000,4,33795000,10,33804000,3,33794000,6,33805000,3,33793000,4,33806000,9,33792000,10,33807000,10,33791000,6,33808000,9,33790000,7,33809000,8
33800000,1,33802000,2,33799000,2,33803000,5,33798000,3,33804000,5,33797000,5,33805000,5,33796000,16,33806000,8,33795000,11,33807000,10,33794000,9,33808000,8,33793000,7,33809000,8,33792000,10,33810000,7,33791000,6,33811000,8
33801000,2,33804000,4,33800000,3,33805000,4,33799000,4,33806000,5,33798000,5,33807000,7,33797000,8,33808000,7,33796000,18,33809000,7,33795000,10,33810000,8,33794000,8,33811000,8,33793000,5,33812000,9,33792000,10,33813000,7
33802000,2,33804000,1,33801000,5,33805000,3,33800000,10,33806000,6,33799000,4,33807000,6,33798000,4,33808000,7,33797000,7,33809000,7,33796000,18,33810000,8,33795000,10,33811000,7,33794000,8,33812000,9,33793000,6,33813000,7
33800000,6,33801000,3,33799000,3,33803000,4,33798000,6,33804000,3,33797000,7,33805000,4,33796000,19,33806000,4,33795000,10,33807000,6,33794000,8,33808000,7,33793000,5,33809000,6,33792000,10,33810000,7,33791000,7,33811000,7
33798000,1,33799000,2,33797000,1,33800000,3,33796000,15,33801000,5,33795000,8,33802000,5,33794000,7,33803000,6,33793000,6,33804000,6,33792000,10,33805000,7,33791000,7,33806000,7,33790000,6,33807000,7,33789000,6,33808000,8
33799000,1,33801000,3,33798000,2,33802000,4,33797000,3,33803000,6,33796000,14,33804000,5,33795000,7,33805000,7,33794000,6,33806000,7,33793000,6,33807000,7,33792000,10,33808000,8,33791000,7,33809000,6,33790000,7,33810000,6
33802000,1,33804000,2,33801000,3,33805000,5,33800000,4,33806000,2,33799000,3,33807000,7,33798000,4,33808000,8,33797000,4,33809000,8,33796000,17,33810000,6,33795000,10,33811000,7,33794000,7,33812000,8,33793000,5,33813000,9
33801000,3,33804000,1,33800000,3,33805000,4,33799000,4,33806000,2,33798000,5,33807000,7,33797000,4,33808000,8,33796000,17,33809000,8,33795000,10,33810000,6,33794000,7,33811000,7,33793000,5,33812000,8,33792000,10,33813000,7
33798000,1,33800000,1,33797000,3,33801000,2,33796000,15,33802000,4,33795000,10,33803000,4,33794000,7,33804000,7,33793000,5,33805000,4,33792000,10,33806000,5,33791000,7,33807000,5,33790000,7,33808000,8,33789000,6,33809000,5
33796000,11,33797000,2,33795000,5,33798000,3,33794000,5,33799000,3,33793000,4,33800000,5,33792000,11,33801000,6,33791000,7,33802000,5,33790000,8,33803000,7,33789000,5,33804000,8,33788000,5,33805000,8,33787000,6,33806000,7
33793000,2,33796000,2,33792000,10,33797000,3,33791000,5,33798000,3,33790000,8,33799000,3,33789000,7,33800000,7,33788000,5,33801000,6,33787000,6,33802000,6,33786000,5,33803000,7,33785000,6,33804000,9,33784000,6,33805000,8
33794000,5,33796000,2,33793000,2,33797000,3,33792000,11,33798000,4,33791000,5,33799000,5,33790000,7,33800000,7,33789000,7,33801000,6,33788000,5,33802000,6,33787000,6,33803000,7,33786000,5,33804000,9,33785000,6,33805000,8
33798000,28,33799000,6,33795000,2,33800000,7,33794000,3,33801000,6,33793000,2,33802000,7,33792000,10,33803000,7,33791000,6,33804000,9,33790000,7,33805000,8,33789000,7,33806000,7,33788000,6,33807000,6,33787000,6,33808000,9
33796000,2,33798000,1,33795000,4,33799000,5,33794000,4,33800000,4,33793000,5,33801000,5,33792000,11,33802000,6,33791000,9,33803000,6,33790000,9,33804000,9,33789000,7,33805000,9,33788000,6,33806000,7,33787000,6,33807000,6
33793000,2,33796000,3,33792000,10,33797000,6,33791000,7,33798000,4,33790000,8,33799000,6,33789000,6,33800000,5,33788000,7,33801000,6,33787000,6,33802000,6,33786000,5,33803000,8,33785000,6,33804000,11,33784000,6,33805000,9
33792000,6,33794000,3,33791000,4,33795000,4,33790000,7,33796000,6,33789000,5,33797000,8,33788000,6,33798000,4,33787000,8,33799000,6,33786000,5,33800000,9,33785000,6,33801000,10,33784000,6,33802000,9,33783000,8,33803000,8
33792000,6,33794000,3,33791000,4,33795000,4,33790000,7,33796000,6,33789000,5,33797000,8,33788000,6,33798000,4,33787000,8,33799000,6,33786000,5,33800000,9,33785000,6,33801000,10,33784000,6,33802000,9,33783000,8,33803000,8
33792000,6,33794000,3,33791000,4,33795000,4,33790000,7,33796000,6,33789000,5,33797000,8,33788000,6,33798000,4,33787000,8,33799000,6,33786000,5,33800000,9,33785000,6,33801000,10,33784000,6,33802000,9,33783000,8,33803000,8
33792000,6,33794000,3,33791000,4,33795000,4,33790000,7,33796000,6,33789000,5,33797000,8,33788000,6,33798000,4,33787000,8,33799000,6,33786000,5,33800000,9,33785000,6,33801000,10,33784000,6,33802000,9,33783000,8,33803000,8
33792000,6,33794000,3,33791000,4,33795000,4,33790000,7,33796000,6,33789000,5,33797000,8,33788000,6,33798000,4,33787000,8,33799000,6,33786000,5,33800000,9,33785000,6,33801000,10,33784000,6,33802000,9,33783000,8,33803000,8
33792000,6,33794000,3,33791000,4,33795000,4,33790000,7,33796000,6,33789000,5,33797000,8,33788000,6,33798000,4,33787000,8,33799000,6,33786000,5,33800000,9,33785000,6,33801000,10,33784000,6,33802000,9,33783000,8,33803000,8
33792000,6,33794000,3,33791000,4,33795000,4,33790000,7,33796000,6,33789000,5,33797000,8,33788000,6,33798000,4,33787000,8,33799000,6,33786000,5,33800000,9,33785000,6,33801000,10,33784000,6,33802000,9,33783000,8,33803000,8
33792000,6,33794000,3,33791000,4,33795000,4,33790000,7,33796000,6,33789000,5,33797000,8,33788000,6,33798000,4,33787000,8,33799000,6,33786000,5,33800000,9,33785000,6,33801000,10,33784000,6,33802000,9,33783000,8,33803000,8
33777000,1,33785000,1,33776000,1,33786000,4,33767000,2,33787000,1,33766000,7,33788000,5,33765000,2,33789000,2,33764000,7,33790000,2,33763000,8,33791000,1,33762000,12,33792000,1,33761000,7,33793000,8,33760000,21,33794000,7
33781000,2,33783000,3,33780000,3,33784000,1,33779000,4,33785000,5,33778000,4,33786000,10,33777000,5,33787000,6,33776000,5,33788000,7,33775000,5,33789000,4,33774000,3,33790000,3,33773000,2,33791000,1,33772000,5,33792000,12
33779000,1,33782000,1,33778000,4,33783000,3,33777000,5,33784000,2,33776000,5,33785000,5,33775000,5,33786000,10,33774000,3,33787000,6,33773000,2,33788000,7,33772000,5,33789000,4,33771000,3,33790000,3,33770000,3,33791000,1
33781000,1,33782000,4,33779000,1,33783000,3,33778000,4,33784000,3,33777000,5,33785000,6,33776000,5,33786000,11,33775000,5,33787000,7,33774000,3,33788000,8,33773000,3,33789000,6,33772000,5,33790000,4,33771000,3,33791000,3
33781000,1,33783000,3,33780000,2,33784000,2,33779000,3,33785000,6,33778000,4,33786000,11,33777000,5,33787000,7,33776000,5,33788000,8,33775000,5,33789000,6,33774000,3,33790000,4,33773000,3,33791000,3,33772000,5,33792000,5
33781000,1,33783000,3,33780000,2,33784000,2,33779000,3,33785000,6,33778000,4,33786000,11,33777000,5,33787000,7,33776000,5,33788000,8,33775000,5,33789000,6,33774000,3,33790000,4,33773000,3,33791000,3,33772000,5,33792000,5
33780000,1,33781000,3,33776000,6,33782000,6,33775000,6,33783000,5,33774000,3,33784000,2,33773000,3,33785000,6,33772000,5,33786000,11,33771000,3,33787000,7,33770000,5,33788000,8,33769000,6,33789000,6,33768000,2,33790000,4
33781000,2,33783000,3,33780000,2,33784000,2,33779000,3,33785000,6,33778000,2,33786000,11,33777000,3,33787000,7,33776000,4,33788000,8,33775000,7,33789000,6,33774000,3,33790000,4,33773000,3,33791000,4,33772000,5,33792000,5
33784000,2,33786000,3,33783000,2,33787000,6,33782000,2,33788000,7,33781000,5,33789000,7,33780000,4,33790000,4,33779000,5,33791000,5,33778000,3,33792000,7,33777000,4,33793000,8,33776000,5,33794000,8,33775000,6,33795000,6
33784000,1,33786000,3,33783000,2,33787000,6,33782000,2,33788000,6,33781000,5,33789000,7,33780000,4,33790000,4,33779000,5,33791000,5,33778000,3,33792000,8,33777000,4,33793000,8,33776000,5,33794000,8,33775000,6,33795000,6
33784000,4,33786000,2,33783000,3,33787000,6,33782000,3,33788000,6,33781000,5,33789000,7,33780000,4,33790000,4,33779000,5,33791000,5,33778000,3,33792000,8,33777000,4,33793000,8,33776000,5,33794000,8,33775000,6,33795000,6
33781000,4,33783000,1,33780000,4,33784000,2,33779000,5,33785000,4,33778000,2,33786000,6,33777000,6,33787000,7,33776000,7,33788000,9,33775000,8,33789000,9,33774000,4,33790000,6,33773000,6,33791000,6,33772000,8,33792000,7
33779000,2,33782000,4,33778000,4,33783000,5,33777000,3,33784000,4,33776000,5,33785000,6,33775000,7,33786000,7,33774000,3,33787000,7,33773000,7,33788000,10,33772000,7,33789000,8,33771000,5,33790000,6,33770000,6,33791000,7
33785000,1,33787000,2,33784000,2,33788000,7,33783000,7,33789000,7,33782000,4,33790000,5,33781000,6,33791000,8,33780000,5,33792000,7,33779000,7,33793000,9,33778000,4,33794000,9,33777000,5,33795000,6,33776000,6,33796000,11
33788000,2,33790000,3,33787000,3,33791000,6,33786000,5,33792000,12,33785000,6,33793000,9,33784000,5,33794000,11,33783000,3,33795000,6,33782000,6,33796000,11,33781000,7,33797000,11,33780000,13,33798000,9,33779000,6,33799000,7
33789000,2,33791000,1,33788000,5,33792000,7,33787000,5,33793000,3,33786000,7,33794000,6,33785000,9,33795000,7,33784000,7,33796000,10,33783000,6,33797000,12,33782000,7,33798000,9,33781000,8,33799000,6,33780000,13,33800000,10
33789000,2,33791000,1,33788000,5,33792000,7,33787000,5,33793000,3,33786000,7,33794000,6,33785000,9,33795000,7,33784000,7,33796000,10,33783000,6,33797000,12,33782000,7,33798000,9,33781000,8,33799000,6,33780000,13,33800000,10
33792000,2,33795000,4,33791000,4,33796000,7,33790000,7,33797000,10,33789000,5,33798000,8,33788000,8,33799000,7,33787000,6,33800000,10,33786000,10,33801000,13,33785000,9,33802000,10,33784000,9,33803000,8,33783000,6,33804000,11
33793000,1,33795000,1,33792000,2,33796000,6,33791000,4,33797000,10,33790000,7,33798000,8,33789000,5,33799000,6,33788000,8,33800000,9,33787000,6,33801000,13,33786000,10,33802000,10,33785000,9,33803000,8,33784000,9,33804000,11
33797000,1,33798000,3,33796000,5,33799000,2,33795000,4,33800000,8,33794000,3,33801000,9,33793000,5,33802000,7,33792000,4,33803000,9,33791000,5,33804000,11,33790000,10,33805000,9,33789000,8,33806000,8,33788000,9,33807000,8
33799000,2,33801000,3,33798000,3,33802000,5,33797000,4,33803000,8,33796000,4,33804000,9,33795000,3,33805000,10,33794000,5,33806000,8,33793000,7,33807000,7,33792000,7,33808000,9,33791000,5,33809000,8,33790000,10,33810000,11
33803000,1,33804000,3,33802000,3,33805000,5,33801000,3,33806000,5,33800000,3,33807000,7,33799000,3,33808000,9,33798000,3,33809000,8,33797000,5,33810000,9,33796000,7,33811000,7,33795000,4,33812000,10,33794000,6,33813000,8
33805000,4,33808000,2,33804000,3,33809000,5,33803000,7,33810000,6,33802000,3,33811000,7,33801000,8,33812000,8,33800000,9,33813000,8,33799000,5,33814000,11,33798000,7,33815000,6,33797000,6,33816000,8,33796000,8,33817000,9
33805000,2,33807000,2,33804000,4,33808000,4,33803000,4,33809000,4,33802000,5,33810000,14,33801000,7,33811000,5,33800000,7,33812000,9,33799000,5,33813000,5,33798000,7,33814000,10,33797000,6,33815000,6,33796000,8,33816000,9
33801000,2,33803000,2,33800000,4,33804000,4,33799000,4,33805000,3,33798000,6,33806000,3,33797000,5,33807000,6,33796000,8,33808000,8,33795000,3,33809000,6,33794000,7,33810000,16,33793000,5,33811000,8,33792000,8,33812000,10
33802000,3,33804000,1,33801000,3,33805000,3,33800000,5,33806000,5,33799000,4,33807000,5,33798000,5,33808000,7,33797000,5,33809000,6,33796000,8,33810000,16,33795000,5,33811000,8,33794000,8,33812000,10,33793000,5,33813000,6
33801000,1,33803000,2,33800000,6,33804000,4,33799000,4,33805000,3,33798000,5,33806000,4,33797000,6,33807000,5,33796000,9,33808000,7,33795000,4,33809000,6,33794000,8,33810000,16,33793000,5,33811000,8,33792000,8,33812000,10
33803000,1,33804000,3,33802000,2,33805000,1,33801000,7,33806000,4,33800000,3,33807000,5,33799000,5,33808000,6,33798000,5,33809000,5,33797000,5,33810000,16,33796000,10,33811000,8,33795000,4,33812000,10,33794000,9,33813000,6
33801000,4,33802000,1,33800000,3,33803000,2,33799000,6,33804000,5,33798000,6,33805000,3,33797000,5,33806000,4,33796000,10,33807000,6,33795000,4,33808000,4,33794000,8,33809000,6,33793000,5,33810000,21,33792000,9,33811000,6
33798000,2,33800000,4,33797000,3,33801000,5,33796000,6,33802000,5,33795000,5,33803000,4,33794000,6,33804000,5,33793000,7,33805000,5,33792000,8,33806000,4,33791000,6,33807000,7,33790000,12,33808000,6,33789000,7,33809000,6
33798000,4,33800000,1,33797000,16,33801000,2,33796000,6,33802000,4,33795000,3,33803000,4,33794000,5,33804000,7,33793000,7,33805000,7,33792000,10,33806000,5,33791000,6,33807000,5,33790000,11,33808000,6,33789000,7,33809000,6
33798000,2,33801000,3,33797000,16,33802000,2,33796000,6,33803000,4,33795000,3,33804000,5,33794000,7,33805000,6,33793000,8,33806000,6,33792000,9,33807000,5,33791000,6,33808000,6,33790000,11,33809000,6,33789000,7,33810000,21
33798000,2,33800000,2,33797000,13,33801000,5,33796000,6,33802000,3,33795000,3,33803000,6,33794000,6,33804000,5,33793000,7,33805000,7,33792000,8,33806000,7,33791000,6,33807000,5,33790000,11,33808000,5,33789000,7,33809000,6
33798000,2,33801000,3,33797000,13,33802000,5,33796000,6,33803000,4,33795000,3,33804000,6,33794000,6,33805000,7,33793000,7,33806000,5,33792000,9,33807000,5,33791000,6,33808000,5,33790000,11,33809000,6,33789000,7,33810000,21
33795000,3,33798000,3,33794000,3,33799000,4,33793000,6,33800000,6,33792000,5,33801000,5,33791000,5,33802000,8,33790000,11,33803000,6,33789000,7,33804000,7,33788000,9,33805000,7,33787000,5,33806000,7,33786000,8,33807000,5
33791000,4,33792000,2,33790000,6,33794000,3,33789000,5,33795000,4,33788000,5,33796000,5,33787000,5,33797000,5,33786000,6,33798000,5,33785000,4,33799000,7,33784000,8,33800000,8,33783000,6,33801000,6,33782000,9,33802000,7
33793000,3,33795000,1,33792000,3,33796000,2,33791000,11,33797000,5,33790000,4,33798000,4,33789000,5,33799000,7,33788000,6,33800000,7,33787000,5,33801000,6,33786000,8,33802000,7,33785000,7,33803000,6,33784000,8,33804000,7
33791000,11,33792000,1,33790000,4,33793000,1,33789000,4,33794000,3,33788000,6,33795000,3,33787000,5,33796000,4,33786000,8,33797000,5,33785000,7,33798000,5,33784000,8,33799000,7,33783000,5,33800000,8,33782000,9,33801000,6
33789000,3,33792000,2,33788000,7,33793000,3,33787000,3,33794000,4,33786000,5,33795000,5,33785000,5,33796000,5,33784000,9,33797000,5,33783000,5,33798000,7,33782000,8,33799000,7,33781000,6,33800000,8,33780000,15,33801000,6
33790000,9,33792000,10,33789000,12,33793000,2,33788000,3,33794000,4,33787000,3,33795000,4,33786000,5,33796000,6,33785000,5,33797000,5,33784000,6,33798000,7,33783000,5,33799000,6,33782000,9,33800000,8,33781000,6,33801000,6
33789000,9,33791000,3,33788000,3,33792000,5,33787000,3,33793000,3,33786000,5,33794000,3,33785000,6,33795000,5,33784000,8,33796000,6,33783000,5,33797000,5,33782000,8,33798000,7,33781000,6,33799000,6,33780000,13,33800000,8
33786000,2,33788000,8,33785000,5,33790000,5,33784000,4,33791000,6,33783000,5,33792000,6,33782000,7,33793000,6,33781000,7,33794000,8,33780000,12,33795000,4,33779000,6,33796000,7,33778000,6,33797000,5,33777000,9,33798000,7
33783000,13,33786000,2,33782000,5,33787000,4,33781000,4,33788000,6,33780000,9,33789000,6,33779000,6,33790000,5,33778000,7,33791000,6,33777000,9,33792000,5,33776000,7,33793000,7,33775000,7,33794000,9,33774000,7,33795000,4
33783000,11,33786000,2,33782000,5,33787000,5,33781000,4,33788000,6,33780000,9,33789000,6,33779000,6,33790000,6,33778000,5,33791000,6,33777000,9,33792000,6,33776000,7,33793000,6,33775000,7,33794000,9,33774000,6,33795000,4
33788000,2,33789000,2,33787000,2,33790000,3,33786000,4,33791000,4,33785000,7,33792000,5,33784000,5,33793000,7,33783000,13,33794000,9,33782000,6,33795000,4,33781000,5,33796000,7,33780000,12,33797000,8,33779000,7,33798000,7
33791000,1,33793000,2,33790000,4,33794000,7,33789000,4,33795000,3,33788000,3,33796000,7,33787000,5,33797000,7,33786000,4,33798000,7,33785000,8,33799000,6,33784000,7,33800000,9,33783000,16,33801000,6,33782000,8,33802000,8
33791000,3,33794000,4,33790000,3,33795000,3,33789000,4,33796000,5,33788000,3,33797000,7,33787000,4,33798000,5,33786000,5,33799000,8,33785000,8,33800000,9,33784000,7,33801000,6,33783000,16,33802000,9,33782000,8,33803000,5
33792000,5,33794000,5,33791000,5,33795000,3,33790000,6,33796000,4,33789000,5,33797000,8,33788000,6,33798000,5,33787000,5,33799000,7,33786000,6,33800000,25,33785000,9,33801000,6,33784000,6,33802000,9,33783000,16,33803000,5
33794000,2,33797000,4,33793000,6,33798000,4,33792000,6,33799000,6,33791000,5,33800000,24,33790000,6,33801000,6,33789000,4,33802000,10,33788000,7,33803000,5,33787000,6,33804000,8,33786000,7,33805000,6,33785000,8,33806000,7
33798000,1,33800000,17,33797000,5,33801000,2,33796000,5,33802000,7,33795000,7,33803000,5,33794000,4,33804000,6,33793000,5,33805000,8,33792000,6,33806000,7,33791000,5,33807000,4,33790000,6,33808000,9,33789000,4,33809000,6
33796000,1,33797000,1,33795000,1,33798000,5,33794000,4,33799000,3,33793000,4,33800000,4,33792000,5,33801000,6,33791000,5,33802000,7,33790000,5,33803000,5,33789000,6,33804000,9,33788000,8,33805000,6,33787000,8,33806000,7
33799000,1,33801000,3,33798000,4,33802000,4,33797000,5,33803000,5,33796000,3,33804000,7,33795000,4,33805000,8,33794000,5,33806000,7,33793000,6,33807000,5,33792000,8,33808000,7,33791000,4,33809000,6,33790000,6,33810000,6
33800000,3,33803000,1,33799000,3,33804000,6,33798000,4,33805000,7,33797000,5,33806000,5,33796000,3,33807000,5,33795000,4,33808000,7,33794000,7,33809000,6,33793000,7,33810000,6,33792000,9,33811000,7,33791000,6,33812000,9
33799000,2,33801000,1,33798000,4,33802000,5,33797000,7,33803000,4,33796000,6,33804000,4,33795000,4,33805000,5,33794000,8,33806000,4,33793000,7,33807000,6,33792000,7,33808000,9,33791000,7,33809000,6,33790000,11,33810000,8
33799000,3,33801000,2,33798000,5,33802000,4,33797000,5,33803000,5,33796000,4,33804000,5,33795000,4,33805000,8,33794000,6,33806000,6,33793000,6,33807000,6,33792000,7,33808000,8,33791000,7,33809000,6,33790000,11,33810000,7
33802000,3,33805000,4,33801000,4,33806000,3,33800000,4,33807000,6,33799000,3,33808000,8,33798000,6,33809000,6,33797000,5,33810000,7,33796000,4,33811000,7,33795000,5,33812000,9,33794000,8,33813000,6,33793000,7,33814000,9
33802000,1,33804000,3,33801000,4,33805000,4,33800000,5,33806000,3,33799000,3,33807000,3,33798000,4,33808000,6,33797000,17,33809000,7,33796000,8,33810000,5,33795000,5,33811000,9,33794000,8,33812000,9,33793000,7,33813000,6
33799000,1,33801000,1,33798000,4,33802000,2,33797000,17,33803000,5,33796000,8,33804000,4,33795000,4,33805000,5,33794000,8,33806000,5,33793000,7,33807000,6,33792000,7,33808000,7,33791000,8,33809000,7,33790000,12,33810000,7
33800000,2,33802000,3,33799000,5,33803000,6,33798000,6,33804000,5,33797000,16,33805000,7,33796000,5,33806000,6,33795000,4,33807000,6,33794000,8,33808000,8,33793000,8,33809000,7,33792000,7,33810000,7,33791000,8,33811000,9
33798000,5,33799000,1,33797000,16,33800000,1,33796000,5,33801000,4,33795000,4,33802000,14,33794000,9,33803000,7,33793000,8,33804000,5,33792000,7,33805000,6,33791000,8,33806000,6,33790000,11,33807000,6,33789000,5,33808000,8
33798000,1,33800000,4,33797000,9,33801000,4,33796000,5,33802000,16,33795000,4,33803000,8,33794000,7,33804000,7,33793000,6,33805000,11,33792000,6,33806000,6,33791000,8,33807000,5,33790000,11,33808000,7,33789000,5,33809000,7
33803000,5,33805000,10,33802000,33,33806000,3,33801000,4,33807000,2,33800000,4,33808000,6,33799000,5,33809000,7,33798000,6,33810000,10,33797000,10,33811000,11,33796000,8,33812000,10,33795000,6,33813000,6,33794000,8,33814000,9
33806000,1,33808000,1,33805000,4,33809000,4,33804000,6,33810000,6,33803000,5,33811000,10,33802000,35,33812000,9,33801000,4,33813000,6,33800000,6,33814000,10,33799000,6,33815000,6,33798000,8,33816000,19,33797000,12,33817000,9
33809000,2,33811000,6,33808000,7,33812000,5,33807000,3,33813000,3,33806000,4,33814000,9,33805000,4,33815000,6,33804000,6,33816000,20,33803000,7,33817000,10,33802000,36,33818000,8,33801000,6,33819000,16,33800000,7,33820000,16
33811000,2,33813000,1,33810000,3,33814000,2,33809000,4,33815000,5,33808000,9,33816000,17,33807000,5,33817000,9,33806000,5,33818000,7,33805000,8,33819000,16,33804000,9,33820000,17,33803000,8,33821000,14,33802000,36,33822000,9
33814000,1,33816000,13,33813000,3,33817000,7,33812000,7,33818000,5,33811000,4,33819000,15,33810000,4,33820000,14,33809000,5,33821000,16,33808000,11,33822000,10,33807000,7,33823000,7,33806000,7,33824000,8,33805000,7,33825000,9
33814000,10,33816000,5,33813000,3,33817000,7,33812000,7,33818000,4,33811000,6,33819000,9,33810000,7,33820000,12,33809000,7,33821000,14,33808000,13,33822000,7,33807000,9,33823000,8,33806000,7,33824000,9,33805000,7,33825000,8
33811000,2,33813000,1,33810000,5,33814000,6,33809000,5,33815000,4,33808000,8,33816000,6,33807000,7,33817000,7,33806000,6,33818000,9,33805000,8,33819000,13,33804000,10,33820000,17,33803000,8,33821000,15,33802000,37,33822000,9
33808000,3,33810000,1,33807000,4,33811000,6,33806000,15,33812000,5,33805000,7,33813000,5,33804000,11,33814000,8,33803000,7,33815000,7,33802000,37,33816000,11,33801000,7,33817000,10,33800000,10,33818000,9,33799000,7,33819000,12
33808000,50,33810000,2,33807000,4,33811000,4,33806000,13,33812000,7,33805000,5,33813000,5,33804000,9,33814000,10,33803000,7,33815000,9,33802000,35,33816000,10,33801000,6,33817000,10,33800000,10,33818000,8,33799000,7,33819000,12
33815000,2,33817000,1,33814000,5,33818000,5,33813000,6,33819000,10,33812000,6,33820000,13,33811000,5,33821000,15,33810000,7,33822000,10,33809000,11,33823000,8,33808000,58,33824000,19,33807000,11,33825000,8,33806000,17,33826000,10
33816000,2,33818000,3,33815000,6,33819000,9,33814000,5,33820000,13,33813000,4,33821000,15,33812000,6,33822000,9,33811000,6,33823000,8,33810000,8,33824000,19,33809000,13,33825000,8,33808000,57,33826000,10,33807000,10,33827000,7
33820000,2,33821000,8,33819000,8,33822000,5,33818000,7,33823000,3,33817000,6,33824000,19,33816000,4,33825000,8,33815000,5,33826000,10,33814000,7,33827000,9,33813000,7,33828000,9,33812000,8,33829000,6,33811000,8,33830000,13
33823000,1,33824000,10,33822000,5,33825000,4,33821000,4,33826000,5,33820000,6,33827000,8,33819000,7,33828000,8,33818000,7,33829000,6,33817000,6,33830000,12,33816000,8,33831000,9,33815000,7,33832000,9,33814000,10,33833000,7
33826000,4,33829000,3,33825000,4,33830000,6,33824000,4,33831000,8,33823000,5,33832000,9,33822000,8,33833000,9,33821000,7,33834000,18,33820000,12,33835000,8,33819000,10,33836000,11,33818000,9,33837000,7,33817000,8,33838000,10
33831000,2,33833000,1,33830000,4,33834000,14,33829000,33,33835000,5,33828000,3,33836000,8,33827000,4,33837000,8,33826000,9,33838000,10,33825000,9,33839000,10,33824000,8,33840000,11,33823000,7,33841000,5,33822000,10,33842000,12
33830000,1,33831000,1,33829000,33,33832000,2,33828000,3,33833000,4,33827000,3,33834000,11,33826000,7,33835000,5,33825000,8,33836000,9,33824000,8,33837000,10,33823000,7,33838000,13,33822000,10,33839000,10,33821000,7,33840000,12
33826000,1,33828000,2,33825000,4,33829000,4,33824000,4,33830000,3,33823000,7,33831000,5,33822000,9,33832000,5,33821000,6,33833000,6,33820000,10,33834000,15,33819000,9,33835000,8,33818000,8,33836000,11,33817000,8,33837000,10
33826000,1,33828000,2,33825000,4,33829000,4,33824000,4,33830000,3,33823000,7,33831000,5,33822000,9,33832000,5,33821000,6,33833000,6,33820000,10,33834000,15,33819000,9,33835000,8,33818000,8,33836000,11,33817000,8,33837000,10
33824000,2,33826000,2,33823000,3,33827000,5,33822000,4,33828000,6,33821000,4,33829000,8,33820000,5,33830000,7,33819000,5,33831000,7,33818000,6,33832000,7,33817000,4,33833000,5,33816000,9,33834000,14,33815000,5,33835000,8
33830000,1,33832000,2,33829000,3,33833000,4,33828000,8,33834000,13,33827000,10,33835000,8,33826000,3,33836000,9,33825000,4,33837000,10,33824000,6,33838000,11,33823000,4,33839000,9,33822000,8,33840000,11,33821000,6,33841000,8
33827000,9,33830000,2,33826000,1,33831000,4,33825000,2,33832000,5,33824000,3,33833000,5,33823000,2,33834000,13,33822000,8,33835000,5,33821000,4,33836000,9,33820000,9,33837000,8,33819000,5,33838000,10,33818000,7,33839000,8
33824000,2,33827000,2,33823000,2,33828000,4,33822000,4,33829000,4,33821000,3,33830000,3,33820000,8,33831000,4,33819000,6,33832000,6,33818000,7,33833000,7,33817000,4,33834000,13,33816000,8,33835000,6,33815000,4,33836000,8
33825000,5,33827000,4,33824000,2,33828000,3,33823000,3,33829000,3,33822000,4,33830000,5,33821000,3,33831000,4,33820000,7,33832000,6,33819000,4,33833000,7,33818000,7,33834000,13,33817000,4,33835000,6,33816000,8,33836000,8
33828000,7,33830000,1,33827000,7,33831000,1,33826000,3,33832000,4,33825000,6,33833000,7,33824000,3,33834000,13,33823000,3,33835000,6,33822000,6,33836000,8,33821000,5,33837000,7,33820000,6,33838000,9,33819000,5,33839000,8
33831000,3,33833000,1,33830000,7,33834000,11,33829000,7,33835000,5,33828000,7,33836000,7,33827000,7,33837000,8,33826000,3,33838000,9,33825000,7,33839000,8,33824000,8,33840000,10,33823000,5,33841000,5,33822000,7,33842000,10
33830000,7,33832000,2,33829000,7,33833000,4,33828000,10,33834000,4,33827000,7,33835000,5,33826000,5,33836000,5,33825000,7,33837000,5,33824000,7,33838000,9,33823000,4,33839000,8,33822000,7,33840000,13,33821000,4,33841000,6
33827000,5,33828000,2,33826000,2,33829000,6,33825000,6,33830000,5,33824000,3,33831000,4,33823000,4,33832000,4,33822000,8,33833000,6,33821000,4,33834000,5,33820000,6,33835000,6,33819000,5,33836000,8,33818000,8,33837000,5
33824000,2,33826000,2,33823000,3,33827000,3,33822000,3,33828000,3,33821000,2,33829000,4,33820000,6,33830000,7,33819000,7,33831000,8,33818000,7,33832000,7,33817000,5,33833000,6,33816000,8,33834000,6,33815000,4,33835000,6
33821000,3,33824000,4,33820000,4,33825000,5,33819000,4,33826000,3,33818000,5,33827000,4,33817000,4,33828000,5,33816000,6,33829000,7,33815000,4,33830000,9,33814000,10,33831000,8,33813000,5,33832000,7,33812000,9,33833000,6
33822000,2,33824000,3,33821000,4,33825000,5,33820000,5,33826000,3,33819000,4,33827000,4,33818000,5,33828000,5,33817000,4,33829000,7,33816000,6,33830000,9,33815000,4,33831000,8,33814000,10,33832000,7,33813000,5,33833000,6
33821000,1,33823000,4,33820000,3,33824000,4,33819000,4,33825000,4,33818000,6,33826000,3,33817000,4,33827000,4,33816000,8,33828000,5,33815000,4,33829000,7,33814000,10,33830000,9,33813000,5,33831000,8,33812000,9,33832000,7
33820000,2,33823000,3,33819000,2,33824000,5,33818000,4,33825000,4,33817000,3,33826000,5,33816000,4,33827000,4,33815000,5,33828000,7,33814000,9,33829000,7,33813000,4,33830000,9,33812000,7,33831000,7,33811000,5,33832000,8
33820000,2,33823000,3,33819000,2,33824000,5,33818000,4,33825000,4,33817000,3,33826000,5,33816000,4,33827000,4,33815000,5,33828000,7,33814000,9,33829000,7,33813000,4,33830000,9,33812000,7,33831000,7,33811000,5,33832000,8
33818000,3,33821000,2,33817000,4,33822000,7,33816000,7,33823000,4,33815000,5,33824000,8,33814000,3,33825000,7,33813000,5,33826000,6,33812000,7,33827000,4,33811000,5,33828000,7,33810000,68,33829000,6,33809000,8,33830000,10
33819000,6,33821000,1,33818000,5,33822000,3,33817000,4,33823000,3,33816000,6,33824000,5,33815000,4,33825000,7,33814000,5,33826000,5,33813000,5,33827000,5,33812000,7,33828000,8,33811000,5,33829000,6,33810000,68,33830000,11
33818000,4,33820000,2,33817000,4,33821000,3,33816000,7,33822000,10,33815000,6,33823000,4,33814000,7,33824000,6,33813000,4,33825000,4,33812000,7,33826000,5,33811000,5,33827000,5,33810000,68,33828000,9,33809000,8,33829000,7
33818000,2,33821000,4,33817000,3,33822000,13,33816000,4,33823000,3,33815000,3,33824000,6,33814000,2,33825000,6,33813000,4,33826000,6,33812000,8,33827000,6,33811000,6,33828000,9,33810000,68,33829000,8,33809000,8,33830000,11
33826000,1,33828000,4,33825000,3,33829000,5,33824000,3,33830000,9,33823000,3,33831000,9,33822000,4,33832000,7,33821000,15,33833000,7,33820000,3,33834000,7,33819000,7,33835000,6,33818000,6,33836000,9,33817000,4,33837000,7
33827000,3,33829000,1,33826000,5,33830000,5,33825000,3,33831000,3,33824000,4,33832000,6,33823000,4,33833000,8,33822000,5,33834000,8,33821000,17,33835000,8,33820000,5,33836000,9,33819000,6,33837000,6,33818000,6,33838000,10
33826000,1,33828000,1,33825000,3,33829000,4,33824000,3,33830000,4,33823000,4,33831000,4,33822000,6,33832000,6,33821000,16,33833000,8,33820000,4,33834000,8,33819000,5,33835000,8,33818000,6,33836000,9,33817000,4,33837000,6
33829000,1,33830000,2,33827000,2,33831000,4,33826000,2,33832000,4,33825000,3,33833000,7,33824000,4,33834000,9,33823000,5,33835000,7,33822000,5,33836000,7,33821000,16,33837000,6,33820000,5,33838000,10,33819000,5,33839000,9
33827000,2,33830000,11,33826000,4,33831000,6,33825000,7,33832000,44,33824000,4,33833000,6,33823000,4,33834000,6,33822000,6,33835000,5,33821000,16,33836000,7,33820000,4,33837000,5,33819000,5,33838000,10,33818000,6,33839000,9
33823000,2,33825000,1,33822000,3,33826000,3,33821000,15,33827000,7,33820000,4,33828000,6,33819000,5,33829000,6,33818000,5,33830000,14,33817000,4,33831000,8,33816000,6,33832000,46,33815000,7,33833000,6,33814000,7,33834000,6
33821000,1,33823000,2,33820000,3,33824000,23,33819000,4,33825000,2,33818000,3,33826000,5,33817000,4,33827000,5,33816000,4,33828000,7,33815000,5,33829000,7,33814000,7,33830000,15,33813000,4,33831000,8,33812000,57,33832000,46
33821000,1,33823000,2,33820000,3,33824000,23,33819000,4,33825000,2,33818000,3,33826000,5,33817000,4,33827000,5,33816000,4,33828000,7,33815000,5,33829000,7,33814000,7,33830000,15,33813000,4,33831000,8,33812000,57,33832000,46
33821000,1,33823000,2,33820000,3,33824000,23,33819000,4,33825000,2,33818000,3,33826000,5,33817000,4,33827000,5,33816000,4,33828000,7,33815000,5,33829000,7,33814000,7,33830000,15,33813000,4,33831000,8,33812000,57,33832000,46
33816000,1,33818000,1,33815000,3,33819000,2,33814000,3,33820000,4,33813000,3,33821000,6,33812000,56,33822000,7,33811000,4,33823000,8,33810000,20,33824000,24,33809000,9,33825000,3,33808000,9,33826000,6,33807000,8,33827000,5
33820000,4,33822000,2,33819000,1,33823000,4,33818000,4,33824000,24,33817000,5,33825000,3,33816000,4,33826000,5,33815000,5,33827000,6,33814000,4,33828000,9,33813000,4,33829000,8,33812000,57,33830000,15,33811000,5,33831000,7
33818000,4,33821000,2,33817000,3,33822000,4,33816000,3,33823000,3,33815000,5,33824000,24,33814000,4,33825000,4,33813000,3,33826000,5,33812000,57,33827000,6,33811000,5,33828000,9,33810000,20,33829000,7,33809000,8,33830000,6
33818000,4,33821000,2,33817000,5,33822000,4,33816000,2,33823000,3,33815000,4,33824000,24,33814000,4,33825000,4,33813000,3,33826000,5,33812000,58,33827000,6,33811000,5,33828000,9,33810000,20,33829000,7,33809000,8,33830000,6
33819000,1,33822000,3,33818000,3,33823000,3,33817000,4,33824000,24,33816000,2,33825000,4,33815000,4,33826000,5,33814000,4,33827000,6,33813000,4,33828000,9,33812000,58,33829000,7,33811000,5,33830000,6,33810000,20,33831000,7
33819000,1,33821000,3,33818000,3,33822000,5,33817000,3,33823000,4,33816000,2,33824000,7,33815000,5,33825000,4,33814000,5,33826000,7,33813000,4,33827000,9,33812000,59,33828000,10,33811000,8,33829000,8,33810000,20,33830000,5
33817000,2,33820000,3,33816000,4,33821000,3,33815000,3,33822000,7,33814000,5,33823000,7,33813000,3,33824000,7,33812000,56,33825000,5,33811000,7,33826000,9,33810000,19,33827000,8,33809000,8,33828000,10,33808000,9,33829000,8
33817000,1,33819000,1,33816000,5,33820000,3,33815000,3,33821000,4,33814000,5,33822000,6,33813000,4,33823000,8,33812000,58,33824000,8,33811000,7,33825000,5,33810000,20,33826000,9,33809000,9,33827000,8,33808000,8,33828000,9
33814000,4,33817000,2,33813000,4,33818000,23,33812000,54,33819000,3,33811000,5,33820000,4,33810000,18,33821000,7,33809000,9,33822000,8,33808000,9,33823000,8,33807000,7,33824000,9,33806000,6,33825000,5,33805000,5,33826000,9
33811000,3,33813000,1,33810000,13,33814000,4,33809000,5,33815000,4,33808000,6,33816000,5,33807000,7,33817000,8,33806000,5,33818000,25,33805000,4,33819000,6,33804000,8,33820000,6,33803000,6,33821000,8,33802000,7,33822000,8
33815000,2,33817000,2,33814000,4,33818000,24,33813000,3,33819000,6,33812000,5,33820000,5,33811000,3,33821000,6,33810000,15,33822000,8,33809000,8,33823000,7,33808000,7,33824000,8,33807000,8,33825000,4,33806000,7,33826000,8
33813000,3,33815000,4,33812000,5,33818000,23,33811000,3,33819000,5,33810000,15,33820000,4,33809000,8,33821000,6,33808000,7,33822000,8,33807000,8,33823000,8,33806000,7,33824000,9,33805000,5,33825000,4,33804000,8,33826000,8
33810000,13,33814000,2,33809000,4,33815000,2,33808000,5,33817000,4,33807000,7,33818000,27,33806000,7,33819000,6,33805000,5,33820000,6,33804000,8,33821000,7,33803000,6,33822000,10,33802000,7,33823000,7,33801000,5,33824000,9
33811000,3,33814000,3,33810000,1,33815000,4,33809000,3,33817000,3,33808000,5,33818000,25,33807000,7,33819000,6,33806000,7,33820000,6,33805000,5,33821000,7,33804000,8,33822000,10,33803000,6,33823000,7,33802000,7,33824000,9
33812000,1,33813000,2,33811000,3,33814000,3,33810000,1,33815000,2,33809000,1,33817000,3,33808000,5,33818000,25,33807000,7,33819000,6,33806000,8,33820000,6,33805000,5,33821000,7,33804000,8,33822000,10,33803000,6,33823000,7
33813000,1,33814000,1,33812000,3,33815000,4,33811000,3,33816000,7,33810000,5,33817000,7,33809000,4,33818000,27,33808000,4,33819000,8,33807000,6,33820000,7,33806000,8,33821000,7,33805000,6,33822000,9,33804000,9,33823000,6
33811000,5,33813000,1,33810000,3,33814000,3,33809000,4,33815000,3,33808000,5,33816000,4,33807000,5,33817000,6,33806000,6,33818000,28,33805000,6,33819000,7,33804000,9,33820000,7,33803000,6,33821000,7,33802000,7,33822000,8
33808000,1,33810000,3,33807000,1,33811000,5,33806000,3,33812000,5,33805000,4,33813000,5,33804000,6,33814000,4,33803000,7,33815000,6,33802000,7,33816000,9,33801000,5,33817000,9,33800000,9,33818000,27,33799000,4,33819000,7
33803000,2,33805000,2,33802000,2,33806000,4,33801000,4,33807000,3,33800000,7,33808000,3,33799000,4,33809000,5,33798000,12,33810000,6,33797000,5,33811000,7,33796000,6,33812000,9,33795000,4,33813000,7,33794000,10,33814000,8
33801000,2,33804000,2,33800000,4,33805000,3,33799000,3,33806000,3,33798000,10,33807000,6,33797000,5,33808000,5,33796000,5,33809000,5,33795000,4,33810000,5,33794000,8,33811000,7,33793000,8,33812000,8,33792000,7,33813000,7
33798000,5,33800000,3,33797000,2,33801000,5,33796000,3,33802000,4,33795000,3,33803000,4,33794000,6,33804000,5,33793000,7,33805000,5,33792000,7,33806000,5,33791000,6,33807000,7,33790000,7,33808000,7,33789000,5,33809000,6
33796000,3,33799000,2,33795000,3,33800000,4,33794000,6,33801000,5,33793000,7,33802000,4,33792000,6,33803000,5,33791000,6,33804000,5,33790000,6,33805000,6,33789000,5,33806000,6,33788000,11,33807000,7,33787000,4,33808000,7
33799000,2,33801000,3,33798000,4,33802000,2,33797000,4,33803000,4,33796000,3,33804000,5,33795000,2,33805000,6,33794000,2,33806000,7,33793000,6,33807000,8,33792000,6,33808000,7,33791000,5,33809000,6,33790000,6,33810000,8
33796000,2,33799000,1,33795000,3,33800000,3,33794000,2,33801000,4,33793000,5,33802000,4,33792000,4,33803000,4,33791000,4,33804000,5,33790000,6,33805000,6,33789000,4,33806000,8,33788000,9,33807000,8,33787000,4,33808000,7
33795000,1,33798000,3,33794000,3,33799000,3,33793000,5,33800000,4,33792000,4,33801000,5,33791000,4,33802000,4,33790000,5,33803000,5,33789000,3,33804000,6,33788000,8,33805000,6,33787000,4,33806000,7,33786000,9,33807000,8
33801000,2,33804000,3,33800000,4,33805000,2,33799000,3,33806000,4,33798000,4,33807000,7,33797000,3,33808000,5,33796000,7,33809000,6,33795000,5,33810000,7,33794000,5,33811000,6,33793000,8,33812000,8,33792000,5,33813000,6
33801000,4,33804000,2,33800000,4,33805000,3,33799000,3,33806000,4,33798000,3,33807000,7,33797000,3,33808000,5,33796000,8,33809000,6,33795000,6,33810000,7,33794000,5,33811000,6,33793000,8,33812000,8,33792000,5,33813000,6
33798000,1,33799000,1,33797000,2,33800000,2,33796000,5,33801000,3,33795000,5,33802000,4,33794000,4,33803000,7,33793000,8,33804000,43,33792000,4,33805000,4,33791000,6,33806000,7,33790000,7,33807000,6,33789000,4,33808000,6
33795000,2,33797000,1,33794000,3,33798000,2,33793000,5,33799000,4,33792000,4,33800000,3,33791000,5,33801000,5,33790000,6,33802000,5,33789000,5,33803000,10,33788000,8,33804000,44,33787000,4,33805000,5,33786000,8,33806000,5
33796000,3,33798000,1,33795000,7,33799000,2,33794000,3,33800000,5,33793000,3,33801000,4,33792000,3,33802000,6,33791000,4,33803000,7,33790000,5,33804000,5,33789000,6,33805000,5,33788000,8,33806000,5,33787000,6,33807000,7
33795000,6,33797000,3,33794000,2,33798000,21,33793000,3,33799000,3,33792000,4,33800000,3,33791000,5,33801000,4,33790000,7,33802000,6,33789000,7,33803000,16,33788000,8,33804000,5,33787000,6,33805000,5,33786000,8,33806000,5
33795000,3,33797000,2,33794000,2,33798000,21,33793000,4,33799000,5,33792000,3,33800000,3,33791000,4,33801000,4,33790000,7,33802000,6,33789000,7,33803000,16,33788000,8,33804000,5,33787000,6,33805000,5,33786000,8,33806000,5
33795000,4,33800000,3,33794000,3,33801000,4,33793000,5,33802000,4,33792000,5,33803000,6,33791000,5,33804000,4,33790000,6,33805000,6,33789000,7,33806000,6,33788000,9,33807000,7,33787000,6,33808000,6,33786000,8,33809000,5
33796000,2,33797000,39,33795000,5,33799000,4,33794000,5,33800000,5,33793000,5,33801000,7,33792000,5,33802000,6,33791000,6,33803000,7,33790000,6,33804000,6,33789000,5,33805000,5,33788000,8,33806000,5,33787000,6,33807000,7
33802000,2,33805000,4,33801000,4,33806000,4,33800000,4,33807000,5,33799000,6,33808000,6,33798000,4,33809000,6,33797000,4,33810000,8,33796000,6,33811000,6,33795000,4,33812000,7,33794000,4,33813000,6,33793000,6,33814000,7
33802000,3,33805000,2,33801000,1,33806000,4,33800000,4,33807000,6,33799000,6,33808000,6,33798000,4,33809000,6,33797000,6,33810000,9,33796000,6,33811000,6,33795000,4,33812000,7,33794000,4,33813000,6,33793000,6,33814000,7
33802000,1,33803000,1,33801000,1,33804000,1,33800000,3,33805000,3,33799000,3,33806000,4,33798000,3,33807000,6,33797000,7,33808000,6,33796000,6,33809000,6,33795000,4,33810000,10,33794000,4,33811000,6,33793000,6,33812000,7
33797000,2,33798000,1,33796000,3,33799000,1,33795000,3,33800000,3,33794000,3,33801000,3,33793000,6,33802000,4,33792000,6,33803000,5,33791000,8,33804000,3,33790000,13,33805000,6,33789000,6,33806000,6,33788000,9,33807000,8
33795000,1,33796000,1,33794000,1,33797000,2,33793000,2,33798000,6,33792000,3,33799000,10,33791000,7,33800000,3,33790000,13,33801000,7,33789000,4,33802000,6,33788000,8,33803000,5,33787000,4,33804000,4,33786000,9,33805000,6
33792000,1,33794000,1,33791000,6,33795000,2,33790000,10,33796000,3,33789000,3,33797000,3,33788000,7,33798000,6,33787000,5,33799000,11,33786000,9,33800000,5,33785000,5,33801000,8,33784000,6,33802000,7,33783000,5,33803000,5
33792000,3,33795000,1,33791000,4,33796000,4,33790000,8,33797000,4,33789000,4,33798000,6,33788000,4,33799000,7,33787000,5,33800000,7,33786000,9,33801000,8,33785000,9,33802000,7,33784000,5,33803000,5,33783000,5,33804000,4
33792000,3,33795000,1,33791000,4,33796000,4,33790000,8,33797000,4,33789000,4,33798000,6,33788000,4,33799000,7,33787000,5,33800000,7,33786000,9,33801000,8,33785000,9,33802000,7,33784000,5,33803000,5,33783000,5,33804000,4
33798000,1,33801000,8,33797000,2,33802000,5,33796000,2,33803000,6,33795000,5,33804000,7,33794000,4,33805000,5,33793000,4,33806000,6,33792000,7,33807000,7,33791000,5,33808000,7,33790000,10,33809000,6,33789000,5,33810000,9
33805000,1,33807000,2,33804000,3,33808000,4,33803000,4,33809000,4,33802000,4,33810000,8,33801000,3,33811000,6,33800000,10,33812000,7,33799000,2,33813000,6,33798000,6,33814000,5,33797000,5,33815000,5,33796000,5,33816000,7
33804000,1,33807000,3,33803000,2,33808000,7,33802000,3,33809000,6,33801000,4,33810000,7,33800000,10,33811000,6,33799000,2,33812000,8,33798000,6,33813000,5,33797000,4,33814000,5,33796000,5,33815000,5,33795000,5,33816000,7
33803000,2,33806000,1,33802000,3,33807000,3,33801000,3,33808000,5,33800000,10,33809000,9,33799000,2,33810000,8,33798000,6,33811000,6,33797000,4,33812000,8,33796000,6,33813000,5,33795000,5,33814000,5,33794000,7,33815000,5
33806000,1,33809000,8,33805000,2,33810000,7,33804000,5,33811000,6,33803000,3,33812000,8,33802000,4,33813000,5,33801000,4,33814000,5,33800000,11,33815000,5,33799000,3,33816000,7,33798000,5,33817000,5,33797000,4,33818000,9
33811000,2,33813000,1,33810000,3,33814000,4,33809000,2,33815000,3,33808000,4,33816000,7,33807000,5,33817000,6,33806000,4,33818000,9,33805000,4,33819000,5,33804000,8,33820000,8,33803000,5,33821000,6,33802000,6,33822000,9
33810000,3,33812000,1,33809000,2,33813000,1,33808000,4,33814000,4,33807000,5,33815000,3,33806000,4,33816000,7,33805000,4,33817000,6,33804000,8,33818000,9,33803000,5,33819000,5,33802000,6,33820000,8,33801000,5,33821000,6
33810000,14,33812000,2,33809000,1,33813000,4,33808000,1,33814000,5,33807000,4,33815000,5,33806000,3,33816000,7,33805000,4,33817000,5,33804000,8,33818000,9,33803000,6,33819000,5,33802000,6,33820000,8,33801000,5,33821000,6
33810000,14,33812000,2,33809000,1,33813000,4,33808000,1,33814000,5,33807000,4,33815000,5,33806000,3,33816000,7,33805000,4,33817000,5,33804000,8,33818000,9,33803000,6,33819000,5,33802000,6,33820000,8,33801000,5,33821000,6
33810000,15,33812000,1,33809000,1,33813000,4,33808000,3,33814000,3,33807000,4,33815000,3,33806000,4,33816000,5,33805000,5,33817000,7,33804000,7,33818000,8,33803000,6,33819000,5,33802000,6,33820000,9,33801000,5,33821000,6
33811000,1,33813000,2,33810000,17,33814000,4,33809000,5,33815000,4,33808000,3,33816000,7,33807000,4,33817000,7,33806000,4,33818000,8,33805000,5,33819000,5,33804000,8,33820000,8,33803000,5,33821000,6,33802000,6,33822000,9
33810000,14,33811000,1,33809000,3,33812000,4,33808000,2,33813000,5,33807000,5,33814000,9,33806000,5,33815000,4,33805000,5,33816000,8,33804000,7,33817000,8,33803000,5,33818000,8,33802000,6,33819000,5,33801000,5,33820000,8
33813000,2,33814000,5,33812000,3,33815000,4,33811000,3,33816000,5,33810000,19,33817000,8,33809000,5,33818000,8,33808000,6,33819000,5,33807000,4,33820000,7,33806000,7,33821000,6,33805000,4,33822000,9,33804000,8,33823000,5
33814000,3,33817000,2,33813000,4,33818000,7,33812000,3,33819000,3,33811000,3,33820000,8,33810000,20,33821000,6,33809000,7,33822000,9,33808000,9,33823000,5,33807000,6,33824000,8,33806000,7,33825000,4,33805000,4,33826000,8
33819000,2,33821000,1,33818000,3,33822000,6,33817000,5,33823000,3,33816000,4,33824000,7,33815000,1,33825000,5,33814000,4,33826000,8,33813000,5,33827000,5,33812000,8,33828000,11,33811000,4,33829000,6,33810000,21,33830000,6
33822000,1,33824000,2,33821000,2,33825000,4,33820000,4,33826000,6,33819000,5,33827000,5,33818000,3,33828000,10,33817000,6,33829000,7,33816000,6,33830000,6,33815000,4,33831000,6,33814000,6,33832000,10,33813000,5,33833000,8
33822000,1,33824000,1,33821000,3,33825000,3,33820000,5,33826000,4,33819000,4,33827000,4,33818000,4,33828000,9,33817000,6,33829000,7,33816000,7,33830000,5,33815000,3,33831000,7,33814000,6,33832000,10,33813000,4,33833000,5
33822000,1,33824000,1,33821000,3,33825000,4,33820000,4,33826000,4,33819000,4,33827000,4,33818000,4,33828000,4,33817000,6,33829000,6,33816000,7,33830000,7,33815000,3,33831000,8,33814000,6,33832000,9,33813000,4,33833000,5
33819000,5,33821000,1,33818000,4,33822000,2,33817000,7,33823000,4,33816000,6,33824000,4,33815000,4,33825000,5,33814000,6,33826000,5,33813000,4,33827000,5,33812000,7,33828000,6,33811000,5,33829000,6,33810000,21,33830000,7
33823000,1,33825000,2,33822000,5,33826000,3,33821000,7,33827000,5,33820000,20,33828000,5,33819000,4,33829000,7,33818000,8,33830000,7,33817000,5,33831000,6,33816000,7,33832000,11,33815000,3,33833000,4,33814000,6,33834000,6
33826000,2,33828000,1,33825000,2,33829000,2,33824000,2,33830000,8,33823000,3,33831000,6,33822000,4,33832000,8,33821000,7,33833000,5,33820000,20,33834000,7,33819000,5,33835000,5,33818000,8,33836000,6,33817000,5,33837000,7
33827000,2,33830000,6,33826000,4,33831000,5,33825000,5,33832000,8,33824000,4,33833000,5,33823000,4,33834000,8,33822000,5,33835000,6,33821000,9,33836000,6,33820000,22,33837000,6,33819000,6,33838000,10,33818000,10,33839000,10
33827000,2,33830000,2,33826000,4,33831000,4,33825000,5,33832000,5,33824000,5,33833000,6,33823000,7,33834000,5,33822000,5,33835000,7,33821000,8,33836000,7,33820000,21,33837000,6,33819000,6,33838000,9,33818000,11,33839000,10
33828000,4,33831000,3,33827000,4,33832000,7,33826000,3,33833000,5,33825000,5,33834000,6,33824000,5,33835000,7,33823000,7,33836000,6,33822000,5,33837000,6,33821000,8,33838000,10,33820000,21,33839000,10,33819000,6,33840000,11
33828000,2,33831000,1,33827000,7,33832000,6,33826000,3,33833000,5,33825000,6,33834000,4,33824000,5,33835000,7,33823000,7,33836000,6,33822000,6,33837000,6,33821000,8,33838000,10,33820000,21,33839000,9,33819000,6,33840000,11
33825000,4,33828000,4,33824000,3,33829000,4,33823000,3,33830000,4,33822000,6,33831000,5,33821000,6,33832000,8,33820000,21,33833000,9,33819000,7,33834000,7,33818000,13,33835000,9,33817000,4,33836000,7,33816000,8,33837000,6
33825000,1,33827000,3,33824000,4,33828000,4,33823000,3,33829000,4,33822000,6,33830000,5,33821000,6,33831000,5,33820000,21,33832000,8,33819000,7,33833000,9,33818000,13,33834000,7,33817000,4,33835000,9,33816000,8,33836000,7
33825000,1,33827000,3,33824000,4,33828000,4,33823000,3,33829000,4,33822000,6,33830000,5,33821000,6,33831000,5,33820000,21,33832000,8,33819000,7,33833000,9,33818000,13,33834000,7,33817000,4,33835000,9,33816000,8,33836000,7
33827000,5,33828000,1,33826000,7,33830000,1,33825000,5,33831000,5,33824000,5,33832000,5,33823000,8,33833000,7,33822000,8,33834000,5,33821000,8,33835000,7,33820000,21,33836000,8,33819000,7,33837000,7,33818000,13,33838000,11
33829000,1,33831000,3,33828000,2,33832000,3,33827000,5,33833000,8,33826000,7,33834000,5,33825000,5,33835000,7,33824000,5,33836000,8,33823000,8,33837000,7,33822000,8,33838000,11,33821000,8,33839000,9,33820000,21,33840000,11
33832000,1,33834000,1,33831000,3,33835000,5,33830000,7,33836000,3,33829000,7,33837000,6,33828000,5,33838000,9,33827000,7,33839000,9,33826000,11,33840000,11,33825000,6,33841000,7,33824000,6,33842000,10,33823000,7,33843000,6
33834000,4,33837000,1,33833000,4,33838000,8,33832000,4,33839000,7,33831000,6,33840000,10,33830000,7,33841000,8,33829000,7,33842000,10,33828000,8,33843000,6,33827000,5,33844000,10,33826000,11,33845000,8,33825000,6,33846000,12
33837000,3,33840000,4,33836000,5,33841000,7,33835000,5,33842000,9,33834000,5,33843000,7,33833000,5,33844000,10,33832000,21,33845000,8,33831000,6,33846000,10,33830000,12,33847000,9,33829000,7,33848000,11,33828000,7,33849000,12
33839000,1,33841000,1,33838000,17,33842000,8,33837000,3,33843000,6,33836000,6,33844000,10,33835000,6,33845000,8,33834000,5,33846000,11,33833000,8,33847000,9,33832000,22,33848000,11,33831000,7,33849000,11,33830000,11,33850000,27
33838000,18,33839000,2,33837000,5,33840000,1,33836000,7,33841000,1,33835000,7,33842000,3,33834000,6,33843000,22,33833000,9,33844000,4,33832000,22,33845000,5,33831000,8,33846000,9,33830000,13,33847000,8,33829000,8,33848000,12
33843000,1,33844000,1,33842000,1,33845000,4,33841000,3,33846000,9,33840000,4,33847000,10,33839000,5,33848000,12,33838000,5,33849000,12,33837000,5,33850000,27,33836000,8,33851000,7,33835000,11,33852000,8,33834000,8,33853000,6
33840000,2,33842000,2,33839000,4,33843000,3,33838000,5,33844000,4,33837000,4,33845000,4,33836000,7,33846000,9,33835000,11,33847000,11,33834000,8,33848000,12,33833000,8,33849000,12,33832000,24,33850000,27,33831000,8,33851000,7
33843000,3,33845000,5,33842000,4,33846000,6,33841000,4,33847000,6,33840000,5,33848000,10,33839000,8,33849000,12,33838000,6,33850000,28,33837000,7,33851000,8,33836000,11,33852000,7,33835000,8,33853000,6,33834000,8,33854000,8
33845000,1,33846000,1,33844000,5,33847000,3,33843000,4,33848000,9,33842000,5,33849000,12,33841000,4,33850000,27,33840000,6,33851000,10,33839000,9,33852000,7,33838000,7,33853000,6,33837000,8,33854000,7,33836000,10,33855000,11
33847000,2,33849000,8,33846000,5,33850000,24,33845000,4,33851000,6,33844000,6,33852000,6,33843000,6,33853000,7,33842000,10,33854000,8,33841000,9,33855000,11,33840000,10,33856000,8,33839000,10,33857000,6,33838000,8,33858000,8
33850000,2,33851000,3,33849000,2,33852000,1,33848000,4,33853000,7,33847000,3,33854000,9,33846000,4,33855000,11,33845000,5,33856000,10,33844000,10,33857000,6,33843000,8,33858000,8,33842000,12,33859000,21,33841000,9,33860000,13
33852000,2,33855000,5,33851000,4,33856000,4,33850000,8,33857000,5,33849000,5,33858000,6,33848000,9,33859000,21,33847000,6,33860000,11,33846000,8,33861000,8,33845000,8,33862000,8,33844000,9,33863000,9,33843000,9,33864000,8
33851000,3,33852000,1,33850000,8,33853000,1,33849000,5,33854000,2,33848000,10,33855000,6,33847000,4,33856000,3,33846000,8,33857000,5,33845000,8,33858000,8,33844000,9,33859000,22,33843000,9,33860000,12,33842000,11,33861000,8
33848000,7,33851000,3,33847000,4,33852000,3,33846000,7,33853000,3,33845000,8,33854000,4,33844000,8,33855000,8,33843000,9,33856000,6,33842000,11,33857000,7,33841000,9,33858000,10,33840000,8,33859000,21,33839000,8,33860000,12
33849000,3,33852000,2,33848000,5,33853000,3,33847000,4,33854000,6,33846000,4,33855000,8,33845000,7,33856000,6,33844000,7,33857000,7,33843000,10,33858000,10,33842000,11,33859000,21,33841000,9,33860000,11,33840000,8,33861000,7
33849000,4,33852000,2,33848000,6,33853000,4,33847000,2,33854000,5,33846000,6,33855000,7,33845000,8,33856000,4,33844000,8,33857000,8,33843000,10,33858000,8,33842000,11,33859000,21,33841000,9,33860000,11,33840000,8,33861000,7
33852000,3,33854000,1,33851000,4,33855000,3,33850000,6,33856000,3,33849000,4,33857000,5,33848000,6,33858000,8,33847000,4,33859000,21,33846000,8,33860000,13,33845000,9,33861000,8,33844000,9,33862000,8,33843000,10,33863000,7
33851000,4,33854000,1,33850000,6,33855000,3,33849000,4,33856000,6,33848000,6,33857000,4,33847000,3,33858000,6,33846000,8,33859000,21,33845000,8,33860000,12,33844000,9,33861000,10,33843000,9,33862000,9,33842000,13,33863000,7
33857000,4,33859000,15,33856000,4,33860000,8,33855000,6,33861000,5,33854000,5,33862000,7,33853000,4,33863000,8,33852000,10,33864000,8,33851000,7,33865000,9,33850000,11,33866000,8,33849000,8,33867000,7,33848000,9,33868000,8
33856000,1,33858000,2,33855000,3,33859000,3,33854000,5,33860000,4,33853000,4,33861000,5,33852000,9,33862000,7,33851000,7,33863000,8,33850000,9,33864000,9,33849000,6,33865000,8,33848000,9,33866000,9,33847000,6,33867000,6
33853000,2,33855000,2,33852000,5,33856000,2,33851000,4,33857000,4,33850000,6,33858000,5,33849000,7,33859000,4,33848000,8,33860000,5,33847000,6,33861000,5,33846000,7,33862000,8,33845000,8,33863000,8,33844000,9,33864000,8
33853000,4,33856000,2,33852000,5,33857000,4,33851000,4,33858000,4,33850000,8,33859000,6,33849000,7,33860000,9,33848000,8,33861000,5,33847000,6,33862000,6,33846000,7,33863000,7,33845000,8,33864000,9,33844000,9,33865000,7
33855000,1,33856000,2,33854000,3,33857000,5,33853000,3,33858000,3,33852000,5,33859000,5,33851000,3,33860000,6,33850000,36,33861000,6,33849000,7,33862000,7,33848000,5,33863000,7,33847000,6,33864000,10,33846000,7,33865000,7
33853000,2,33855000,1,33852000,5,33856000,3,33851000,2,33857000,5,33850000,36,33858000,3,33849000,8,33859000,6,33848000,6,33860000,6,33847000,6,33861000,6,33846000,7,33862000,7,33845000,28,33863000,7,33844000,19,33864000,10
33850000,35,33853000,4,33849000,5,33854000,4,33848000,3,33855000,4,33847000,6,33856000,4,33846000,7,33857000,7,33845000,29,33858000,6,33844000,20,33859000,9,33843000,9,33860000,8,33842000,15,33861000,5,33841000,18,33862000,6
33852000,1,33853000,2,33851000,2,33854000,2,33850000,33,33855000,4,33849000,6,33856000,4,33848000,3,33857000,6,33847000,6,33858000,5,33846000,11,33859000,8,33845000,59,33860000,8,33844000,20,33861000,5,33843000,9,33862000,6
33850000,36,33852000,2,33849000,5,33853000,4,33848000,4,33854000,4,33847000,5,33855000,5,33846000,11,33856000,4,33845000,59,33857000,7,33844000,20,33858000,6,33843000,9,33859000,8,33842000,15,33860000,8,33841000,18,33861000,6
33847000,1,33849000,2,33846000,3,33850000,4,33845000,5,33851000,4,33844000,8,33852000,5,33843000,9,33853000,4,33842000,14,33854000,8,33841000,9,33855000,8,33840000,10,33856000,9,33839000,7,33857000,9,33838000,10,33858000,6
33844000,3,33847000,3,33843000,4,33848000,4,33842000,8,33849000,5,33841000,6,33850000,8,33840000,8,33851000,5,33839000,6,33852000,7,33838000,8,33853000,7,33837000,5,33854000,7,33836000,8,33855000,8,33835000,7,33856000,7
33846000,4,33848000,3,33845000,4,33849000,4,33844000,3,33850000,8,33843000,5,33851000,6,33842000,5,33852000,7,33841000,4,33853000,7,33840000,8,33854000,7,33839000,5,33855000,8,33838000,9,33856000,8,33837000,5,33857000,8
33848000,4,33851000,3,33847000,5,33852000,3,33846000,3,33853000,6,33845000,19,33854000,5,33844000,4,33855000,18,33843000,7,33856000,9,33842000,7,33857000,9,33841000,5,33858000,9,33840000,9,33859000,7,33839000,6,33860000,21
33852000,4,33854000,2,33851000,3,33855000,4,33850000,3,33856000,6,33849000,4,33857000,19,33848000,3,33858000,8,33847000,6,33859000,7,33846000,6,33860000,10,33845000,18,33861000,8,33844000,6,33862000,9,33843000,6,33863000,7
33847000,3,33850000,2,33846000,4,33851000,5,33845000,17,33852000,4,33844000,4,33853000,4,33843000,7,33854000,4,33842000,7,33855000,5,33841000,6,33856000,7,33840000,9,33857000,27,33839000,6,33858000,7,33838000,9,33859000,7
33851000,4,33853000,2,33850000,2,33854000,4,33849000,3,33855000,5,33848000,5,33856000,6,33847000,5,33857000,27,33846000,6,33858000,8,33845000,17,33859000,7,33844000,6,33860000,9,33843000,6,33861000,8,33842000,7,33862000,9
33854000,2,33856000,1,33853000,5,33857000,14,33852000,4,33858000,5,33851000,3,33859000,7,33850000,6,33860000,17,33849000,6,33861000,8,33848000,7,33862000,10,33847000,5,33863000,17,33846000,6,33864000,11,33845000,17,33865000,8
33858000,3,33859000,1,33857000,2,33860000,13,33856000,3,33861000,6,33855000,3,33862000,9,33854000,4,33863000,16,33853000,5,33864000,11,33852000,6,33865000,8,33851000,5,33866000,8,33850000,8,33867000,6,33849000,7,33868000,8
33859000,3,33861000,1,33858000,5,33862000,3,33857000,3,33863000,14,33856000,4,33864000,7,33855000,6,33865000,9,33854000,6,33866000,6,33853000,6,33867000,6,33852000,7,33868000,8,33851000,5,33869000,16,33850000,8,33870000,11
33859000,3,33861000,1,33858000,5,33862000,3,33857000,3,33863000,14,33856000,4,33864000,7,33855000,6,33865000,9,33854000,6,33866000,6,33853000,6,33867000,6,33852000,7,33868000,8,33851000,5,33869000,16,33850000,8,33870000,11
33859000,3,33861000,1,33858000,5,33862000,3,33857000,3,33863000,14,33856000,4,33864000,7,33855000,6,33865000,9,33854000,6,33866000,6,33853000,6,33867000,6,33852000,7,33868000,8,33851000,5,33869000,16,33850000,8,33870000,11
33859000,7,33861000,2,33858000,5,33862000,2,33857000,4,33863000,2,33856000,5,33864000,3,33855000,6,33865000,4,33854000,7,33866000,3,33853000,6,33867000,5,33852000,7,33868000,5,33851000,5,33869000,17,33850000,9,33870000,10
33864000,4,33867000,3,33863000,3,33868000,6,33862000,3,33869000,17,33861000,7,33870000,8,33860000,8,33871000,9,33859000,6,33872000,9,33858000,7,33873000,4,33857000,6,33874000,24,33856000,7,33875000,5,33855000,7,33876000,10
33868000,3,33869000,10,33867000,4,33870000,4,33866000,3,33871000,4,33865000,5,33872000,8,33864000,4,33873000,7,33863000,6,33874000,25,33862000,5,33875000,5,33861000,6,33876000,10,33860000,9,33877000,6,33859000,7,33878000,11
33866000,3,33867000,1,33865000,3,33868000,4,33864000,4,33869000,6,33863000,7,33870000,6,33862000,5,33871000,9,33861000,6,33872000,7,33860000,11,33873000,15,33859000,7,33874000,26,33858000,7,33875000,5,33857000,6,33876000,11
33867000,2,33869000,5,33866000,4,33870000,6,33865000,5,33871000,10,33864000,6,33872000,8,33863000,5,33873000,17,33862000,5,33874000,26,33861000,6,33875000,5,33860000,12,33876000,11,33859000,8,33877000,6,33858000,7,33878000,11
33865000,3,33868000,3,33864000,7,33869000,5,33863000,5,33870000,6,33862000,5,33871000,10,33861000,6,33872000,8,33860000,11,33873000,17,33859000,8,33874000,26,33858000,7,33875000,5,33857000,6,33876000,10,33856000,6,33877000,6
33867000,1,33868000,1,33866000,3,33869000,6,33865000,6,33870000,6,33864000,3,33871000,10,33863000,6,33872000,10,33862000,4,33873000,16,33861000,5,33874000,26,33860000,8,33875000,5,33859000,8,33876000,10,33858000,7,33877000,6
33869000,2,33871000,6,33868000,6,33872000,5,33867000,5,33873000,15,33866000,4,33874000,25,33865000,6,33875000,6,33864000,6,33876000,9,33863000,10,33877000,6,33862000,8,33878000,22,33861000,7,33879000,7,33860000,10,33880000,11
33873000,1,33874000,21,33872000,5,33875000,2,33871000,5,33876000,6,33870000,6,33877000,7,33869000,3,33878000,23,33868000,5,33879000,8,33867000,8,33880000,12,33866000,9,33881000,7,33865000,7,33882000,7,33864000,8,33883000,5
33870000,3,33871000,16,33869000,2,33872000,4,33868000,1,33873000,3,33867000,7,33874000,4,33866000,5,33875000,5,33865000,8,33876000,9,33864000,8,33877000,7,33863000,9,33878000,27,33862000,7,33879000,9,33861000,8,33880000,14
33867000,1,33869000,4,33866000,1,33870000,5,33865000,3,33871000,17,33864000,3,33872000,5,33863000,10,33873000,3,33862000,6,33874000,7,33861000,9,33875000,8,33860000,10,33876000,11,33859000,9,33877000,8,33858000,8,33878000,26
33864000,1,33866000,1,33863000,6,33867000,3,33862000,3,33868000,3,33861000,7,33869000,3,33860000,10,33870000,8,33859000,11,33871000,18,33858000,9,33872000,7,33857000,5,33873000,10,33856000,8,33874000,13,33855000,7,33875000,7
33863000,4,33866000,2,33862000,4,33867000,6,33861000,7,33868000,7,33860000,7,33869000,5,33859000,8,33870000,7,33858000,8,33871000,24,33857000,8,33872000,8,33856000,8,33873000,12,33855000,6,33874000,14,33854000,9,33875000,6
33864000,1,33865000,1,33863000,3,33866000,5,33862000,4,33867000,8,33861000,6,33868000,7,33860000,7,33869000,5,33859000,4,33870000,10,33858000,9,33871000,11,33857000,7,33872000,8,33856000,10,33873000,10,33855000,7,33874000,14
33866000,2,33867000,19,33865000,1,33868000,8,33864000,5,33869000,4,33863000,5,33870000,10,33862000,3,33871000,10,33861000,8,33872000,7,33860000,9,33873000,11,33859000,7,33874000,13,33858000,11,33875000,6,33857000,7,33876000,11
33866000,3,33867000,4,33865000,3,33868000,6,33864000,5,33869000,4,33863000,5,33870000,9,33862000,3,33871000,9,33861000,9,33872000,7,33860000,9,33873000,11,33859000,7,33874000,13,33858000,11,33875000,6,33857000,7,33876000,11
33870000,17,33872000,4,33869000,3,33873000,6,33868000,2,33874000,8,33867000,8,33875000,4,33866000,6,33876000,10,33865000,8,33877000,10,33864000,9,33878000,27,33863000,8,33879000,10,33862000,7,33880000,13,33861000,10,33881000,7
33870000,2,33873000,4,33869000,3,33874000,7,33868000,3,33875000,3,33867000,8,33876000,7,33866000,6,33877000,8,33865000,8,33878000,27,33864000,9,33879000,11,33863000,9,33880000,13,33862000,7,33881000,7,33861000,10,33882000,7
33871000,3,33873000,1,33870000,5,33874000,6,33869000,4,33875000,3,33868000,3,33876000,8,33867000,8,33877000,8,33866000,7,33878000,26,33865000,8,33879000,11,33864000,9,33880000,13,33863000,9,33881000,7,33862000,7,33882000,7
33870000,1,33872000,2,33869000,3,33873000,5,33868000,3,33874000,6,33867000,6,33875000,7,33866000,4,33876000,9,33865000,6,33877000,11,33864000,9,33878000,26,33863000,8,33879000,11,33862000,7,33880000,14,33861000,10,33881000,7
33871000,1,33873000,2,33870000,5,33874000,5,33869000,5,33875000,7,33868000,3,33876000,8,33867000,7,33877000,9,33866000,6,33878000,26,33865000,6,33879000,10,33864000,10,33880000,14,33863000,9,33881000,7,33862000,7,33882000,7
33869000,4,33870000,7,33868000,2,33871000,1,33867000,6,33872000,2,33866000,3,33873000,5,33865000,5,33874000,8,33864000,9,33875000,9,33863000,8,33876000,12,33862000,7,33877000,10,33861000,10,33878000,27,33860000,9,33879000,10
33866000,1,33868000,1,33865000,4,33869000,2,33864000,5,33870000,6,33863000,7,33871000,8,33862000,4,33872000,3,33861000,11,33873000,11,33860000,10,33874000,8,33859000,6,33875000,12,33858000,9,33876000,15,33857000,6,33877000,9
33866000,1,33868000,2,33865000,4,33869000,3,33864000,5,33870000,6,33863000,4,33871000,8,33862000,4,33872000,5,33861000,11,33873000,11,33860000,10,33874000,9,33859000,7,33875000,12,33858000,9,33876000,14,33857000,6,33877000,8
33863000,2,33865000,2,33862000,3,33866000,3,33861000,6,33867000,4,33860000,7,33868000,5,33859000,6,33869000,7,33858000,10,33870000,11,33857000,7,33871000,9,33856000,9,33872000,11,33855000,6,33873000,8,33854000,9,33874000,13
33866000,4,33868000,2,33865000,4,33869000,4,33864000,4,33870000,7,33863000,9,33871000,8,33862000,7,33872000,8,33861000,8,33873000,7,33860000,10,33874000,13,33859000,6,33875000,8,33858000,11,33876000,11,33857000,7,33877000,8
33870000,3,33871000,3,33869000,2,33872000,6,33868000,3,33873000,3,33867000,6,33874000,11,33866000,4,33875000,7,33865000,8,33876000,12,33864000,6,33877000,9,33863000,13,33878000,13,33862000,10,33879000,9,33861000,8,33880000,13
33868000,1,33870000,4,33867000,5,33871000,3,33866000,4,33872000,6,33865000,6,33873000,4,33864000,6,33874000,13,33863000,12,33875000,9,33862000,10,33876000,12,33861000,7,33877000,8,33860000,10,33878000,14,33859000,7,33879000,9
33870000,42,33871000,5,33868000,3,33872000,8,33867000,5,33873000,4,33866000,3,33874000,14,33865000,4,33875000,9,33864000,6,33876000,13,33863000,10,33877000,8,33862000,9,33878000,14,33861000,8,33879000,9,33860000,10,33880000,13
33870000,43,33873000,3,33869000,2,33874000,11,33868000,5,33875000,7,33867000,6,33876000,9,33866000,4,33877000,7,33865000,9,33878000,13,33864000,9,33879000,10,33863000,12,33880000,13,33862000,12,33881000,7,33861000,9,33882000,7
33870000,43,33873000,3,33869000,2,33874000,11,33868000,5,33875000,7,33867000,6,33876000,9,33866000,4,33877000,7,33865000,9,33878000,13,33864000,9,33879000,10,33863000,12,33880000,13,33862000,12,33881000,7,33861000,9,33882000,7
33876000,1,33878000,3,33875000,3,33879000,4,33874000,5,33880000,8,33873000,5,33881000,7,33872000,10,33882000,8,33871000,10,33883000,8,33870000,7,33884000,12,33869000,7,33885000,8,33868000,9,33886000,9,33867000,9,33887000,6
33877000,1,33879000,3,33876000,4,33880000,4,33875000,2,33881000,4,33874000,6,33882000,3,33873000,8,33883000,3,33872000,8,33884000,8,33871000,7,33885000,9,33870000,5,33886000,10,33869000,5,33887000,6,33868000,16,33888000,14
33876000,3,33878000,1,33875000,4,33879000,4,33874000,4,33880000,4,33873000,6,33881000,4,33872000,7,33882000,4,33871000,8,33883000,5,33870000,7,33884000,8,33869000,5,33885000,9,33868000,16,33886000,9,33867000,10,33887000,6
33876000,3,33878000,1,33875000,4,33879000,4,33874000,4,33880000,4,33873000,6,33881000,4,33872000,7,33882000,4,33871000,8,33883000,5,33870000,7,33884000,8,33869000,5,33885000,9,33868000,16,33886000,9,33867000,10,33887000,6
33879000,1,33881000,4,33878000,4,33882000,2,33877000,5,33883000,2,33876000,6,33884000,6,33875000,5,33885000,9,33874000,5,33886000,8,33873000,8,33887000,7,33872000,9,33888000,14,33871000,8,33889000,7,33870000,7,33890000,11
33875000,2,33877000,2,33874000,4,33878000,4,33873000,6,33879000,1,33872000,7,33880000,5,33871000,9,33881000,13,33870000,6,33882000,4,33869000,7,33883000,20,33868000,16,33884000,9,33867000,10,33885000,8,33866000,7,33886000,10
33878000,3,33880000,2,33877000,6,33881000,9,33876000,3,33882000,3,33875000,3,33883000,18,33874000,7,33884000,6,33873000,5,33885000,9,33872000,9,33886000,10,33871000,7,33887000,7,33870000,5,33888000,14,33869000,7,33889000,6
33875000,2,33877000,1,33874000,5,33878000,5,33873000,4,33879000,4,33872000,6,33880000,5,33871000,5,33881000,10,33870000,4,33882000,5,33869000,8,33883000,19,33868000,8,33884000,9,33867000,10,33885000,10,33866000,7,33886000,10
33873000,6,33874000,47,33872000,5,33876000,3,33871000,5,33877000,3,33870000,5,33878000,4,33869000,8,33879000,4,33868000,8,33880000,5,33867000,10,33881000,13,33866000,7,33882000,6,33865000,7,33883000,19,33864000,9,33884000,8
33870000,1,33872000,3,33869000,5,33873000,6,33868000,6,33874000,51,33867000,5,33875000,4,33866000,7,33876000,6,33865000,7,33877000,6,33864000,8,33878000,8,33863000,10,33879000,6,33862000,8,33880000,7,33861000,8,33881000,12
33866000,3,33868000,1,33865000,5,33869000,3,33864000,5,33870000,7,33863000,9,33871000,6,33862000,7,33872000,7,33861000,8,33873000,9,33860000,10,33874000,9,33859000,6,33875000,7,33858000,9,33876000,6,33857000,5,33877000,6
33863000,8,33865000,2,33862000,4,33866000,3,33861000,7,33867000,3,33860000,7,33868000,5,33859000,6,33869000,3,33858000,9,33870000,10,33857000,5,33871000,9,33856000,8,33872000,9,33855000,6,33873000,9,33854000,8,33874000,9
33860000,4,33861000,1,33859000,3,33862000,3,33858000,6,33863000,3,33857000,5,33864000,4,33856000,7,33865000,4,33855000,6,33866000,3,33854000,8,33867000,5,33853000,7,33868000,7,33852000,9,33869000,7,33851000,7,33870000,11
33863000,1,33864000,4,33861000,1,33865000,5,33860000,4,33866000,6,33859000,4,33867000,5,33858000,5,33868000,7,33857000,5,33869000,6,33856000,7,33870000,10,33855000,6,33871000,10,33854000,7,33872000,8,33853000,8,33873000,9
33865000,1,33866000,3,33864000,2,33867000,5,33863000,5,33868000,4,33862000,3,33869000,5,33861000,6,33870000,9,33860000,3,33871000,11,33859000,5,33872000,8,33858000,8,33873000,9,33857000,6,33874000,8,33856000,9,33875000,11
33867000,3,33869000,2,33866000,3,33870000,6,33865000,2,33871000,8,33864000,4,33872000,7,33863000,6,33873000,10,33862000,7,33874000,8,33861000,7,33875000,9,33860000,6,33876000,6,33859000,5,33877000,6,33858000,7,33878000,9
33871000,1,33872000,3,33870000,2,33873000,7,33869000,3,33874000,5,33868000,2,33875000,9,33867000,5,33876000,5,33866000,4,33877000,6,33865000,6,33878000,9,33864000,6,33879000,8,33863000,7,33880000,8,33862000,7,33881000,13
33874000,1,33875000,4,33873000,4,33876000,3,33872000,4,33877000,4,33871000,4,33878000,7,33870000,6,33879000,8,33869000,6,33880000,8,33868000,4,33881000,10,33867000,4,33882000,7,33866000,6,33883000,20,33865000,5,33884000,9
33872000,5,33874000,36,33871000,4,33876000,1,33870000,6,33877000,4,33869000,7,33878000,4,33868000,5,33879000,7,33867000,5,33880000,6,33866000,7,33881000,11,33865000,6,33882000,7,33864000,8,33883000,21,33863000,8,33884000,9
33874000,2,33875000,1,33873000,3,33876000,5,33872000,4,33877000,5,33871000,8,33878000,5,33870000,5,33879000,7,33869000,5,33880000,7,33868000,5,33881000,6,33867000,6,33882000,7,33866000,6,33883000,4,33865000,5,33884000,9
33875000,3,33877000,1,33874000,4,33878000,3,33873000,4,33879000,3,33872000,4,33880000,5,33871000,9,33881000,8,33870000,17,33882000,8,33869000,7,33883000,5,33868000,7,33884000,9,33867000,5,33885000,8,33866000,6,33886000,9
33880000,2,33881000,1,33879000,1,33882000,2,33878000,5,33883000,2,33877000,3,33884000,9,33876000,7,33885000,8,33875000,5,33886000,9,33874000,5,33887000,7,33873000,6,33888000,15,33872000,8,33889000,8,33871000,10,33890000,10
33880000,1,33883000,2,33879000,2,33884000,5,33878000,5,33885000,7,33877000,3,33886000,7,33876000,6,33887000,8,33875000,5,33888000,16,33874000,5,33889000,8,33873000,6,33890000,10,33872000,8,33891000,7,33871000,10,33892000,7
33881000,3,33883000,4,33880000,2,33884000,4,33879000,3,33885000,6,33878000,4,33886000,6,33877000,4,33887000,8,33876000,7,33888000,15,33875000,6,33889000,9,33874000,6,33890000,10,33873000,5,33891000,6,33872000,8,33892000,7
33881000,7,33884000,4,33880000,7,33885000,8,33879000,4,33886000,8,33878000,5,33887000,9,33877000,3,33888000,16,33876000,5,33889000,8,33875000,6,33890000,9,33874000,6,33891000,6,33873000,6,33892000,8,33872000,9,33893000,6
33884000,6,33887000,5,33883000,5,33888000,14,33882000,4,33889000,7,33881000,5,33890000,8,33880000,10,33891000,7,33879000,5,33892000,8,33878000,7,33893000,5,33877000,6,33894000,7,33876000,7,33895000,6,33875000,7,33896000,9
33888000,2,33890000,5,33887000,4,33891000,4,33886000,7,33892000,5,33885000,4,33893000,5,33884000,7,33894000,8,33883000,7,33895000,6,33882000,6,33896000,9,33881000,6,33897000,5,33880000,8,33898000,10,33879000,4,33899000,17
33887000,2,33889000,2,33886000,6,33890000,7,33885000,5,33891000,4,33884000,6,33892000,7,33883000,7,33893000,4,33882000,6,33894000,7,33881000,6,33895000,7,33880000,8,33896000,12,33879000,4,33897000,5,33878000,8,33898000,10
33883000,6,33885000,2,33882000,3,33886000,4,33881000,4,33887000,5,33880000,7,33888000,4,33879000,4,33889000,8,33878000,8,33890000,7,33877000,5,33891000,6,33876000,7,33892000,9,33875000,7,33893000,6,33874000,6,33894000,8
33880000,6,33881000,1,33879000,2,33883000,8,33878000,5,33884000,5,33877000,5,33885000,5,33876000,7,33886000,6,33875000,7,33887000,5,33874000,5,33888000,7,33873000,6,33889000,11,33872000,10,33890000,12,33871000,9,33891000,8
33881000,4,33883000,6,33880000,7,33884000,4,33879000,4,33885000,5,33878000,5,33886000,6,33877000,4,33887000,7,33876000,8,33888000,9,33875000,7,33889000,10,33874000,5,33890000,12,33873000,6,33891000,8,33872000,9,33892000,9
33883000,2,33884000,1,33882000,5,33885000,6,33881000,6,33886000,4,33880000,5,33887000,6,33879000,5,33888000,6,33878000,8,33889000,10,33877000,5,33890000,14,33876000,8,33891000,8,33875000,6,33892000,9,33874000,5,33893000,7
33890000,1,33891000,1,33889000,3,33892000,3,33888000,4,33893000,6,33887000,7,33894000,7,33886000,6,33895000,9,33885000,4,33896000,12,33884000,8,33897000,6,33883000,6,33898000,12,33882000,10,33899000,14,33881000,8,33900000,19
33891000,4,33893000,2,33890000,4,33894000,7,33889000,3,33895000,6,33888000,4,33896000,10,33887000,9,33897000,6,33886000,6,33898000,15,33885000,5,33899000,14,33884000,9,33900000,19,33883000,6,33901000,7,33882000,9,33902000,8
33890000,1,33892000,3,33889000,3,33893000,4,33888000,5,33894000,6,33887000,7,33895000,7,33886000,6,33896000,10,33885000,5,33897000,6,33884000,9,33898000,14,33883000,6,33899000,14,33882000,9,33900000,19,33881000,8,33901000,7
33892000,2,33893000,1,33891000,2,33894000,5,33890000,5,33895000,6,33889000,3,33896000,9,33888000,5,33897000,6,33887000,7,33898000,15,33886000,7,33899000,14,33885000,5,33900000,19,33884000,7,33901000,7,33883000,6,33902000,8
33893000,2,33895000,3,33892000,4,33896000,8,33891000,4,33897000,6,33890000,5,33898000,12,33889000,4,33899000,6,33888000,6,33900000,20,33887000,9,33901000,7,33886000,7,33902000,8,33885000,4,33903000,5,33884000,7,33904000,8
33892000,2,33893000,1,33891000,4,33894000,3,33890000,7,33895000,7,33889000,5,33896000,6,33888000,9,33897000,4,33887000,10,33898000,8,33886000,7,33899000,9,33885000,6,33900000,20,33884000,8,33901000,11,33883000,10,33902000,9
33895000,2,33896000,3,33894000,3,33897000,3,33893000,3,33898000,4,33892000,5,33899000,7,33891000,8,33900000,17,33890000,11,33901000,13,33889000,6,33902000,9,33888000,10,33903000,6,33887000,7,33904000,6,33886000,8,33905000,17
33893000,1,33894000,1,33892000,4,33895000,3,33891000,6,33896000,4,33890000,12,33897000,3,33889000,5,33898000,3,33888000,9,33899000,8,33887000,7,33900000,18,33886000,8,33901000,13,33885000,6,33902000,9,33884000,8,33903000,6
33890000,10,33892000,4,33889000,5,33893000,3,33888000,7,33894000,4,33887000,5,33895000,4,33886000,6,33896000,6,33885000,6,33897000,5,33884000,7,33898000,4,33883000,10,33899000,8,33882000,10,33900000,19,33881000,9,33901000,13
33893000,1,33894000,2,33891000,5,33895000,4,33890000,5,33896000,7,33889000,4,33897000,5,33888000,3,33898000,7,33887000,4,33899000,7,33886000,6,33900000,20,33885000,6,33901000,13,33884000,7,33902000,9,33883000,9,33903000,5
33889000,1,33890000,1,33888000,3,33891000,2,33887000,3,33892000,3,33886000,5,33893000,5,33885000,7,33894000,4,33884000,7,33895000,5,33883000,9,33896000,9,33882000,11,33897000,6,33881000,8,33898000,8,33880000,8,33899000,6
33889000,5,33892000,2,33888000,4,33893000,5,33887000,3,33894000,5,33886000,4,33895000,5,33885000,7,33896000,11,33884000,5,33897000,5,33883000,9,33898000,8,33882000,11,33899000,6,33881000,8,33900000,20,33880000,8,33901000,13
33890000,2,33893000,3,33889000,5,33894000,4,33888000,4,33895000,6,33887000,3,33896000,11,33886000,5,33897000,5,33885000,6,33898000,7,33884000,7,33899000,6,33883000,9,33900000,20,33882000,11,33901000,13,33881000,8,33902000,9
33889000,4,33892000,2,33888000,4,33893000,5,33887000,3,33894000,4,33886000,5,33895000,6,33885000,6,33896000,11,33884000,7,33897000,5,33883000,9,33898000,7,33882000,11,33899000,6,33881000,8,33900000,20,33880000,8,33901000,13
33889000,4,33892000,2,33888000,4,33893000,4,33887000,4,33894000,4,33886000,5,33895000,5,33885000,6,33896000,9,33884000,7,33897000,5,33883000,9,33898000,6,33882000,11,33899000,6,33881000,8,33900000,20,33880000,8,33901000,13
33886000,3,33889000,3,33885000,3,33890000,3,33884000,6,33891000,5,33883000,9,33892000,5,33882000,10,33893000,4,33881000,8,33894000,5,33880000,8,33895000,6,33879000,5,33896000,11,33878000,10,33897000,6,33877000,5,33898000,7
33889000,1,33891000,3,33888000,3,33892000,4,33887000,4,33893000,4,33886000,5,33894000,5,33885000,4,33895000,7,33884000,8,33896000,9,33883000,6,33897000,5,33882000,11,33898000,8,33881000,8,33899000,6,33880000,9,33900000,20
33889000,2,33892000,4,33888000,4,33893000,4,33887000,5,33894000,6,33886000,6,33895000,7,33885000,3,33896000,9,33884000,8,33897000,5,33883000,6,33898000,8,33882000,11,33899000,6,33881000,8,33900000,20,33880000,9,33901000,13
33889000,1,33890000,1,33888000,3,33891000,3,33887000,5,33892000,3,33886000,7,33893000,5,33885000,6,33894000,6,33884000,9,33895000,6,33883000,6,33896000,9,33882000,10,33897000,5,33881000,7,33898000,8,33880000,9,33899000,7
33886000,2,33887000,1,33885000,3,33888000,2,33884000,5,33889000,14,33883000,6,33890000,3,33882000,9,33891000,5,33881000,8,33892000,3,33880000,9,33893000,7,33879000,5,33894000,10,33878000,10,33895000,6,33877000,5,33896000,10
33883000,1,33884000,2,33882000,5,33885000,3,33881000,6,33886000,3,33880000,7,33887000,3,33879000,6,33888000,2,33878000,10,33889000,15,33877000,5,33890000,6,33876000,8,33891000,6,33875000,6,33892000,6,33874000,7,33893000,6
33880000,3,33882000,3,33879000,3,33883000,9,33878000,8,33884000,5,33877000,4,33885000,9,33876000,7,33886000,4,33875000,7,33887000,4,33874000,7,33888000,5,33873000,4,33889000,16,33872000,9,33890000,8,33871000,10,33891000,6
33877000,5,33879000,2,33876000,6,33880000,3,33875000,5,33881000,2,33874000,4,33882000,4,33873000,6,33883000,9,33872000,9,33884000,6,33871000,10,33885000,13,33870000,21,33886000,10,33869000,4,33887000,4,33868000,7,33888000,6
33878000,2,33880000,3,33877000,8,33881000,4,33876000,6,33882000,4,33875000,4,33883000,11,33874000,5,33884000,6,33873000,6,33885000,13,33872000,7,33886000,8,33871000,10,33887000,4,33870000,19,33888000,6,33869000,4,33889000,15
33877000,6,33879000,1,33876000,5,33880000,7,33875000,5,33881000,5,33874000,5,33882000,4,33873000,5,33883000,9,33872000,9,33884000,6,33871000,10,33885000,14,33870000,19,33886000,9,33869000,4,33887000,4,33868000,7,33888000,6
33875000,2,33878000,5,33874000,6,33879000,5,33873000,4,33880000,5,33872000,6,33881000,7,33871000,9,33882000,5,33870000,19,33883000,13,33869000,4,33884000,8,33868000,7,33885000,13,33867000,5,33886000,7,33866000,8,33887000,4
33878000,1,33880000,3,33877000,4,33881000,5,33876000,4,33882000,4,33875000,3,33883000,14,33874000,8,33884000,8,33873000,4,33885000,13,33872000,8,33886000,7,33871000,9,33887000,4,33870000,20,33888000,6,33869000,7,33889000,15
33875000,2,33877000,1,33874000,8,33878000,5,33873000,5,33879000,5,33872000,5,33880000,5,33871000,9,33881000,7,33870000,20,33882000,5,33869000,6,33883000,14,33868000,8,33884000,9,33867000,5,33885000,13,33866000,8,33886000,7
33877000,2,33878000,2,33876000,4,33879000,6,33875000,9,33880000,4,33874000,7,33881000,6,33873000,4,33882000,6,33872000,6,33883000,13,33871000,8,33884000,9,33870000,21,33885000,13,33869000,6,33886000,7,33868000,8,33887000,4
33880000,2,33881000,2,33879000,2,33882000,4,33878000,4,33883000,9,33877000,5,33884000,7,33876000,3,33885000,14,33875000,11,33886000,7,33874000,9,33887000,4,33873000,6,33888000,6,33872000,8,33889000,15,33871000,8,33890000,8
33878000,4,33880000,3,33877000,5,33881000,4,33876000,3,33882000,5,33875000,12,33883000,10,33874000,9,33884000,7,33873000,6,33885000,13,33872000,8,33886000,6,33871000,8,33887000,4,33870000,20,33888000,6,33869000,6,33889000,15
33879000,5,33882000,3,33878000,4,33883000,9,33877000,4,33884000,6,33876000,5,33885000,13,33875000,11,33886000,7,33874000,9,33887000,5,33873000,7,33888000,6,33872000,8,33889000,15,33871000,11,33890000,8,33870000,20,33891000,8
33877000,3,33879000,3,33876000,5,33880000,4,33875000,9,33881000,3,33874000,6,33882000,5,33873000,5,33883000,4,33872000,8,33884000,5,33871000,9,33885000,4,33870000,19,33886000,8,33869000,3,33887000,5,33868000,7,33888000,8
33876000,3,33877000,1,33875000,8,33878000,3,33874000,5,33879000,4,33873000,6,33880000,5,33872000,12,33881000,4,33871000,7,33882000,6,33870000,19,33883000,5,33869000,3,33884000,7,33868000,7,33885000,8,33867000,5,33886000,8
33880000,1,33882000,5,33879000,2,33883000,4,33878000,6,33884000,6,33877000,6,33885000,8,33876000,4,33886000,8,33875000,5,33887000,7,33874000,7,33888000,7,33873000,5,33889000,16,33872000,14,33890000,8,33871000,8,33891000,8
33877000,4,33878000,2,33876000,4,33879000,4,33875000,4,33880000,5,33874000,6,33881000,4,33873000,5,33882000,6,33872000,12,33883000,6,33871000,8,33884000,6,33870000,19,33885000,7,33869000,3,33886000,8,33868000,7,33887000,7
33873000,2,33875000,3,33872000,4,33876000,6,33871000,3,33877000,4,33870000,19,33878000,4,33869000,4,33879000,4,33868000,7,33880000,7,33867000,5,33881000,7,33866000,9,33882000,8,33865000,6,33883000,8,33864000,13,33884000,9
33870000,15,33872000,1,33869000,1,33873000,3,33868000,6,33874000,3,33867000,6,33875000,4,33866000,9,33876000,6,33865000,6,33877000,6,33864000,11,33878000,5,33863000,6,33879000,5,33862000,14,33880000,8,33861000,12,33881000,8
33873000,3,33875000,2,33872000,5,33876000,8,33871000,8,33877000,6,33870000,6,33878000,5,33869000,7,33879000,8,33868000,6,33880000,8,33867000,6,33881000,11,33866000,12,33882000,7,33865000,7,33883000,9,33864000,12,33884000,9
33875000,2,33876000,3,33874000,3,33877000,4,33873000,3,33878000,4,33872000,10,33879000,7,33871000,7,33880000,8,33870000,8,33881000,10,33869000,11,33882000,7,33868000,8,33883000,9,33867000,6,33884000,9,33866000,10,33885000,8
33871000,2,33873000,2,33870000,5,33874000,3,33869000,4,33875000,4,33868000,6,33876000,5,33867000,7,33877000,6,33866000,10,33878000,7,33865000,7,33879000,8,33864000,12,33880000,7,33863000,6,33881000,11,33862000,9,33882000,7
33868000,1,33869000,1,33867000,4,33870000,3,33866000,7,33871000,3,33865000,6,33872000,6,33864000,10,33873000,6,33863000,7,33874000,8,33862000,9,33875000,7,33861000,8,33876000,7,33860000,7,33877000,8,33859000,6,33878000,8
33865000,3,33868000,4,33864000,8,33869000,3,33863000,4,33870000,3,33862000,9,33871000,5,33861000,9,33872000,6,33860000,7,33873000,7,33859000,6,33874000,8,33858000,9,33875000,7,33857000,7,33876000,8,33856000,10,33877000,8
33865000,3,33868000,4,33864000,5,33869000,3,33863000,5,33870000,6,33862000,7,33871000,5,33861000,8,33872000,6,33860000,6,33873000,7,33859000,7,33874000,8,33858000,9,33875000,6,33857000,7,33876000,8,33856000,10,33877000,8
33865000,5,33868000,2,33864000,5,33869000,3,33863000,5,33870000,4,33862000,8,33871000,4,33861000,9,33872000,6,33860000,8,33873000,7,33859000,7,33874000,8,33858000,9,33875000,6,33857000,7,33876000,7,33856000,10,33877000,8
33868000,2,33870000,2,33867000,3,33871000,5,33866000,5,33872000,4,33865000,4,33873000,6,33864000,7,33874000,7,33863000,9,33875000,6,33862000,48,33876000,7,33861000,10,33877000,8,33860000,8,33878000,10,33859000,7,33879000,9
33863000,5,33865000,1,33862000,46,33866000,4,33861000,8,33867000,2,33860000,6,33868000,3,33859000,7,33869000,6,33858000,11,33870000,6,33857000,7,33871000,7,33856000,9,33872000,6,33855000,5,33873000,6,33854000,9,33874000,7
33867000,1,33869000,2,33866000,6,33870000,6,33865000,5,33871000,5,33864000,4,33872000,6,33863000,6,33873000,6,33862000,7,33874000,8,33861000,8,33875000,6,33860000,8,33876000,7,33859000,7,33877000,8,33858000,10,33878000,9
33864000,2,33866000,1,33863000,5,33867000,5,33862000,46,33868000,4,33861000,8,33869000,3,33860000,6,33870000,7,33859000,7,33871000,8,33858000,10,33872000,8,33857000,8,33873000,6,33856000,8,33874000,7,33855000,5,33875000,6
33862000,1,33864000,3,33861000,7,33865000,4,33860000,6,33866000,5,33859000,6,33867000,5,33858000,10,33868000,6,33857000,8,33869000,8,33856000,8,33870000,9,33855000,5,33871000,8,33854000,8,33872000,8,33853000,6,33873000,6
33867000,1,33868000,1,33866000,6,33869000,6,33865000,4,33870000,5,33864000,4,33871000,6,33863000,3,33872000,6,33862000,6,33873000,8,33861000,9,33874000,7,33860000,9,33875000,6,33859000,7,33876000,7,33858000,11,33877000,8
33864000,4,33865000,89,33863000,3,33867000,3,33862000,6,33868000,4,33861000,9,33869000,6,33860000,9,33870000,5,33859000,7,33871000,6,33858000,11,33872000,6,33857000,9,33873000,8,33856000,10,33874000,7,33855000,5,33875000,6
33861000,6,33864000,5,33860000,6,33865000,89,33859000,7,33867000,4,33858000,11,33868000,6,33857000,9,33869000,7,33856000,10,33870000,7,33855000,5,33871000,8,33854000,8,33872000,6,33853000,6,33873000,8,33852000,12,33874000,7
33861000,5,33864000,6,33860000,6,33865000,89,33859000,7,33867000,4,33858000,11,33868000,6,33857000,9,33869000,7,33856000,10,33870000,7,33855000,5,33871000,8,33854000,8,33872000,6,33853000,6,33873000,8,33852000,12,33874000,7
33865000,2,33868000,7,33864000,4,33869000,5,33863000,4,33870000,5,33862000,44,33871000,8,33861000,8,33872000,7,33860000,6,33873000,8,33859000,7,33874000,7,33858000,11,33875000,6,33857000,8,33876000,7,33856000,11,33877000,8
33865000,3,33868000,4,33864000,4,33869000,5,33863000,4,33870000,4,33862000,44,33871000,8,33861000,9,33872000,5,33860000,6,33873000,8,33859000,7,33874000,7,33858000,11,33875000,6,33857000,7,33876000,7,33856000,11,33877000,8
33866000,4,33868000,1,33865000,4,33869000,5,33864000,3,33870000,4,33863000,6,33871000,6,33862000,44,33872000,5,33861000,10,33873000,15,33860000,7,33874000,8,33859000,7,33875000,8,33858000,12,33876000,8,33857000,8,33877000,9
33861000,4,33864000,4,33860000,4,33865000,7,33859000,3,33866000,6,33858000,5,33867000,6,33857000,8,33868000,7,33856000,12,33869000,9,33855000,7,33870000,10,33854000,11,33871000,9,33853000,7,33872000,9,33852000,9,33873000,15
33859000,3,33862000,2,33858000,5,33863000,4,33857000,7,33864000,5,33856000,10,33865000,7,33855000,7,33866000,6,33854000,10,33867000,7,33853000,7,33868000,8,33852000,9,33869000,9,33851000,8,33870000,10,33850000,56,33871000,9
33859000,1,33860000,1,33858000,5,33861000,3,33857000,7,33862000,4,33856000,9,33863000,4,33855000,6,33864000,4,33854000,9,33865000,9,33853000,7,33866000,7,33852000,9,33867000,8,33851000,8,33868000,9,33850000,56,33869000,9
33856000,4,33859000,2,33855000,5,33860000,4,33854000,6,33861000,7,33853000,8,33862000,4,33852000,9,33863000,4,33851000,10,33864000,6,33850000,57,33865000,11,33849000,11,33866000,9,33848000,11,33867000,7,33847000,7,33868000,9
33857000,1,33859000,3,33856000,3,33860000,4,33855000,5,33861000,8,33854000,6,33862000,4,33853000,8,33863000,4,33852000,9,33864000,6,33851000,10,33865000,11,33850000,57,33866000,9,33849000,11,33867000,7,33848000,11,33868000,8
33859000,2,33861000,1,33858000,4,33862000,4,33857000,3,33863000,4,33856000,5,33864000,4,33855000,6,33865000,9,33854000,8,33866000,7,33853000,9,33867000,7,33852000,12,33868000,8,33851000,9,33869000,8,33850000,57,33870000,9
33861000,3,33863000,1,33860000,5,33864000,4,33859000,6,33865000,6,33858000,5,33866000,5,33857000,3,33867000,7,33856000,8,33868000,9,33855000,8,33869000,9,33854000,11,33870000,9,33853000,10,33871000,9,33852000,11,33872000,9
33857000,1,33859000,2,33856000,7,33860000,5,33855000,7,33861000,2,33854000,6,33862000,2,33853000,10,33863000,8,33852000,9,33864000,7,33851000,9,33865000,10,33850000,56,33866000,9,33849000,11,33867000,8,33848000,11,33868000,8
33859000,1,33860000,2,33858000,3,33861000,2,33857000,5,33862000,3,33856000,4,33863000,6,33855000,8,33864000,5,33854000,7,33865000,10,33853000,11,33866000,9,33852000,11,33867000,8,33851000,9,33868000,8,33850000,57,33869000,8
33857000,2,33859000,1,33856000,4,33860000,3,33855000,14,33861000,3,33854000,8,33862000,2,33853000,10,33863000,9,33852000,12,33864000,6,33851000,10,33865000,10,33850000,57,33866000,9,33849000,11,33867000,8,33848000,11,33868000,11
33854000,8,33859000,1,33853000,10,33860000,3,33852000,12,33861000,3,33851000,10,33862000,2,33850000,57,33863000,9,33849000,11,33864000,6,33848000,11,33865000,10,33847000,7,33866000,9,33846000,11,33867000,8,33845000,46,33868000,11
33854000,3,33856000,2,33853000,4,33857000,5,33852000,6,33858000,7,33851000,7,33859000,7,33850000,57,33860000,4,33849000,10,33861000,6,33848000,11,33862000,5,33847000,7,33863000,9,33846000,9,33864000,7,33845000,46,33865000,10
33856000,4,33859000,2,33855000,4,33860000,4,33854000,5,33861000,4,33853000,6,33862000,4,33852000,9,33863000,8,33851000,11,33864000,6,33850000,57,33865000,9,33849000,10,33866000,8,33848000,10,33867000,8,33847000,7,33868000,11
33858000,4,33860000,2,33857000,3,33861000,4,33856000,4,33862000,4,33855000,6,33863000,7,33854000,6,33864000,4,33853000,8,33865000,9,33852000,11,33866000,9,33851000,11,33867000,8,33850000,57,33868000,11,33849000,12,33869000,8
33857000,2,33859000,2,33856000,1,33860000,7,33855000,5,33861000,4,33854000,6,33862000,4,33853000,6,33863000,9,33852000,10,33864000,6,33851000,11,33865000,9,33850000,57,33866000,9,33849000,11,33867000,7,33848000,10,33868000,11
33862000,2,33863000,4,33861000,2,33864000,2,33860000,3,33865000,5,33859000,5,33866000,5,33858000,5,33867000,8,33857000,12,33868000,10,33856000,5,33869000,9,33855000,10,33870000,10,33854000,10,33871000,10,33853000,8,33872000,10
33859000,2,33860000,1,33858000,5,33861000,4,33857000,10,33862000,5,33856000,4,33863000,5,33855000,8,33864000,3,33854000,10,33865000,11,33853000,8,33866000,27,33852000,11,33867000,8,33851000,10,33868000,15,33850000,58,33869000,9
33863000,1,33864000,2,33862000,2,33865000,8,33861000,10,33866000,25,33860000,3,33867000,10,33859000,3,33868000,18,33858000,6,33869000,9,33857000,14,33870000,12,33856000,7,33871000,10,33855000,9,33872000,10,33854000,11,33873000,14
33863000,4,33866000,4,33862000,4,33867000,6,33861000,12,33868000,11,33860000,9,33869000,6,33859000,4,33870000,40,33858000,7,33871000,12,33857000,15,33872000,17,33856000,8,33873000,17,33855000,9,33874000,7,33854000,9,33875000,6
33867000,1,33869000,2,33866000,7,33870000,38,33865000,4,33871000,9,33864000,6,33872000,13,33863000,4,33873000,17,33862000,5,33874000,6,33861000,14,33875000,6,33860000,12,33876000,8,33859000,7,33877000,16,33858000,8,33878000,10
33866000,1,33868000,4,33865000,3,33869000,9,33864000,6,33870000,17,33863000,9,33871000,6,33862000,7,33872000,12,33861000,16,33873000,16,33860000,13,33874000,6,33859000,6,33875000,8,33858000,8,33876000,9,33857000,14,33877000,17
33863000,1,33865000,3,33862000,4,33866000,4,33861000,14,33867000,3,33860000,11,33868000,5,33859000,6,33869000,12,33858000,8,33870000,25,33857000,14,33871000,9,33856000,8,33872000,16,33855000,9,33873000,18,33854000,11,33874000,7
33865000,2,33868000,5,33864000,3,33869000,12,33863000,5,33870000,22,33862000,4,33871000,8,33861000,15,33872000,15,33860000,13,33873000,17,33859000,7,33874000,8,33858000,9,33875000,8,33857000,13,33876000,9,33856000,9,33877000,16
33865000,5,33868000,3,33864000,5,33869000,6,33863000,7,33870000,23,33862000,5,33871000,7,33861000,15,33872000,13,33860000,13,33873000,16,33859000,7,33874000,8,33858000,9,33875000,9,33857000,13,33876000,9,33856000,8,33877000,16
33867000,5,33868000,2,33866000,1,33869000,6,33865000,3,33870000,22,33864000,5,33871000,7,33863000,6,33872000,14,33862000,5,33873000,16,33861000,16,33874000,7,33860000,14,33875000,9,33859000,7,33876000,9,33858000,9,33877000,16
33867000,2,33869000,2,33866000,6,33870000,20,33865000,5,33871000,6,33864000,19,33872000,12,33863000,8,33873000,19,33862000,10,33874000,6,33861000,7,33875000,9,33860000,13,33876000,10,33859000,7,33877000,16,33858000,8,33878000,10
33868000,5,33869000,2,33867000,5,33870000,20,33866000,4,33871000,7,33865000,6,33872000,13,33864000,19,33873000,19,33863000,8,33874000,6,33862000,10,33875000,10,33861000,8,33876000,10,33860000,14,33877000,16,33859000,7,33878000,10
33865000,2,33867000,5,33864000,18,33868000,6,33863000,7,33869000,4,33862000,6,33870000,22,33861000,7,33871000,9,33860000,13,33872000,15,33859000,7,33873000,20,33858000,8,33874000,7,33857000,13,33875000,9,33856000,8,33876000,9
33865000,3,33868000,4,33864000,17,33869000,4,33863000,12,33870000,23,33862000,6,33871000,7,33861000,7,33872000,14,33860000,13,33873000,19,33859000,7,33874000,8,33858000,9,33875000,9,33857000,13,33876000,9,33856000,8,33877000,16
33865000,2,33866000,1,33864000,15,33867000,4,33863000,9,33868000,5,33862000,6,33869000,2,33861000,7,33870000,22,33860000,13,33871000,9,33859000,7,33872000,14,33858000,9,33873000,19,33857000,13,33874000,8,33856000,8,33875000,9
33867000,1,33868000,1,33866000,4,33869000,2,33865000,6,33870000,23,33864000,18,33871000,7,33863000,8,33872000,14,33862000,6,33873000,19,33861000,8,33874000,8,33860000,13,33875000,8,33859000,7,33876000,9,33858000,9,33877000,16
33868000,5,33870000,18,33867000,3,33871000,4,33866000,4,33872000,12,33865000,8,33873000,18,33864000,20,33874000,5,33863000,12,33875000,9,33862000,11,33876000,10,33861000,7,33877000,16,33860000,13,33878000,12,33859000,6,33879000,8
33869000,1,33870000,15,33868000,2,33871000,5,33867000,3,33872000,14,33866000,4,33873000,17,33865000,6,33874000,5,33864000,12,33875000,9,33863000,7,33876000,10,33862000,11,33877000,16,33861000,7,33878000,11,33860000,12,33879000,8
33870000,1,33871000,3,33869000,2,33872000,13,33868000,4,33873000,18,33867000,5,33874000,5,33866000,5,33875000,8,33865000,9,33876000,10,33864000,13,33877000,16,33863000,10,33878000,11,33862000,14,33879000,8,33861000,7,33880000,14
33872000,2,33875000,4,33871000,8,33876000,5,33870000,8,33877000,14,33869000,4,33878000,10,33868000,5,33879000,7,33867000,6,33880000,12,33866000,8,33881000,8,33865000,12,33882000,6,33864000,16,33883000,9,33863000,10,33884000,10
33874000,1,33876000,6,33873000,5,33877000,13,33872000,7,33878000,10,33871000,8,33879000,7,33870000,8,33880000,12,33869000,5,33881000,7,33868000,6,33882000,8,33867000,7,33883000,9,33866000,8,33884000,10,33865000,12,33885000,10
33875000,5,33877000,2,33874000,7,33878000,5,33873000,6,33879000,4,33872000,8,33880000,8,33871000,10,33881000,8,33870000,10,33882000,7,33869000,9,33883000,10,33868000,8,33884000,11,33867000,8,33885000,8,33866000,8,33886000,10
33872000,4,33874000,4,33871000,5,33875000,7,33870000,7,33876000,6,33869000,9,33877000,6,33868000,6,33878000,3,33867000,11,33879000,9,33866000,9,33880000,11,33865000,10,33881000,9,33864000,9,33882000,8,33863000,11,33883000,10
33874000,2,33876000,5,33873000,5,33877000,5,33872000,6,33878000,7,33871000,7,33879000,3,33870000,9,33880000,9,33869000,10,33881000,9,33868000,8,33882000,8,33867000,11,33883000,11,33866000,9,33884000,10,33865000,10,33885000,7
33871000,2,33873000,2,33870000,7,33874000,6,33869000,7,33875000,4,33868000,5,33876000,9,33867000,10,33877000,11,33866000,11,33878000,7,33865000,12,33879000,7,33864000,10,33880000,13,33863000,9,33881000,12,33862000,11,33882000,7
33870000,4,33872000,1,33869000,7,33873000,3,33868000,5,33874000,4,33867000,8,33875000,4,33866000,9,33876000,7,33865000,13,33877000,11,33864000,10,33878000,7,33863000,9,33879000,7,33862000,11,33880000,12,33861000,7,33881000,12
33871000,2,33872000,4,33870000,6,33873000,4,33869000,8,33874000,6,33868000,9,33875000,7,33867000,11,33876000,4,33866000,11,33877000,8,33865000,12,33878000,9,33864000,9,33879000,7,33863000,9,33880000,13,33862000,11,33881000,13
33868000,4,33869000,1,33867000,8,33870000,4,33866000,7,33871000,6,33865000,10,33872000,6,33864000,10,33873000,4,33863000,11,33874000,7,33862000,11,33875000,9,33861000,7,33876000,7,33860000,11,33877000,9,33859000,6,33878000,10
33865000,5,33867000,4,33864000,4,33868000,5,33863000,8,33869000,4,33862000,10,33870000,9,33861000,8,33871000,11,33860000,11,33872000,8,33859000,6,33873000,7,33858000,8,33874000,9,33857000,9,33875000,9,33856000,6,33876000,7
33866000,1,33868000,5,33865000,6,33869000,3,33864000,6,33870000,10,33863000,7,33871000,8,33862000,7,33872000,6,33861000,10,33873000,7,33860000,13,33874000,7,33859000,8,33875000,7,33858000,11,33876000,7,33857000,10,33877000,8
33865000,5,33866000,3,33864000,7,33867000,4,33863000,6,33868000,2,33862000,7,33869000,6,33861000,8,33870000,10,33860000,13,33871000,7,33859000,8,33872000,6,33858000,11,33873000,6,33857000,9,33874000,8,33856000,6,33875000,6
33865000,4,33868000,4,33864000,7,33869000,5,33863000,7,33870000,11,33862000,8,33871000,4,33861000,9,33872000,6,33860000,14,33873000,6,33859000,8,33874000,8,33858000,11,33875000,6,33857000,9,33876000,7,33856000,6,33877000,8
33869000,1,33871000,6,33868000,4,33872000,3,33867000,5,33873000,3,33866000,10,33874000,5,33865000,5,33875000,5,33864000,10,33876000,7,33863000,14,33877000,8,33862000,12,33878000,12,33861000,11,33879000,7,33860000,13,33880000,13
33868000,1,33870000,4,33867000,3,33871000,3,33866000,10,33872000,4,33865000,5,33873000,4,33864000,10,33874000,7,33863000,14,33875000,5,33862000,12,33876000,8,33861000,10,33877000,7,33860000,13,33878000,12,33859000,7,33879000,7
33865000,2,33867000,3,33864000,7,33868000,5,33863000,9,33869000,8,33862000,9,33870000,7,33861000,8,33871000,6,33860000,14,33872000,9,33859000,8,33873000,8,33858000,10,33874000,8,33857000,9,33875000,7,33856000,6,33876000,6
33862000,7,33864000,3,33861000,5,33865000,4,33860000,12,33866000,8,33859000,6,33867000,8,33858000,9,33868000,8,33857000,11,33869000,11,33856000,7,33870000,11,33855000,6,33871000,6,33854000,10,33872000,9,33853000,7,33873000,6
33859000,2,33860000,2,33858000,7,33861000,2,33857000,8,33862000,3,33856000,8,33863000,4,33855000,6,33864000,5,33854000,10,33865000,5,33853000,7,33866000,11,33852000,9,33867000,12,33851000,9,33868000,9,33850000,57,33869000,12
33861000,1,33862000,2,33860000,5,33863000,4,33859000,7,33864000,4,33858000,7,33865000,5,33857000,8,33866000,8,33856000,6,33867000,11,33855000,8,33868000,9,33854000,10,33869000,10,33853000,8,33870000,8,33852000,10,33871000,6
33862000,1,33864000,3,33861000,4,33865000,4,33860000,8,33866000,8,33859000,8,33867000,10,33858000,7,33868000,6,33857000,11,33869000,11,33856000,9,33870000,9,33855000,8,33871000,6,33854000,11,33872000,8,33853000,7,33873000,6
33862000,2,33864000,3,33861000,3,33865000,4,33860000,9,33866000,5,33859000,8,33867000,8,33858000,9,33868000,6,33857000,13,33869000,11,33856000,8,33870000,8,33855000,8,33871000,7,33854000,10,33872000,9,33853000,6,33873000,6
33859000,13,33861000,4,33858000,9,33862000,4,33857000,9,33863000,3,33856000,6,33864000,6,33855000,7,33865000,7,33854000,9,33866000,8,33853000,7,33867000,11,33852000,9,33868000,10,33851000,9,33869000,10,33850000,57,33870000,8
33859000,5,33861000,4,33858000,9,33862000,3,33857000,7,33863000,3,33856000,7,33864000,5,33855000,8,33865000,6,33854000,12,33866000,8,33853000,7,33867000,11,33852000,9,33868000,9,33851000,9,33869000,10,33850000,57,33870000,8
33859000,5,33861000,3,33858000,5,33862000,3,33857000,7,33863000,8,33856000,6,33864000,5,33855000,9,33865000,5,33854000,12,33866000,6,33853000,6,33867000,10,33852000,9,33868000,9,33851000,9,33869000,9,33850000,57,33870000,8
33862000,1,33863000,2,33861000,3,33864000,5,33860000,4,33865000,5,33859000,10,33866000,6,33858000,5,33867000,12,33857000,7,33868000,5,33856000,8,33869000,6,33855000,7,33870000,11,33854000,10,33871000,6,33853000,5,33872000,8
33859000,9,33861000,2,33858000,4,33862000,4,33857000,5,33863000,2,33856000,7,33864000,4,33855000,7,33865000,7,33854000,10,33866000,6,33853000,5,33867000,13,33852000,11,33868000,6,33851000,9,33869000,6,33850000,57,33870000,11
33861000,2,33862000,2,33860000,3,33863000,6,33859000,10,33864000,6,33858000,6,33865000,7,33857000,6,33866000,6,33856000,7,33867000,13,33855000,7,33868000,6,33854000,10,33869000,6,33853000,5,33870000,11,33852000,11,33871000,6
33864000,2,33866000,4,33863000,4,33867000,11,33862000,4,33868000,4,33861000,3,33869000,5,33860000,4,33870000,11,33859000,11,33871000,7,33858000,7,33872000,7,33857000,9,33873000,5,33856000,6,33874000,8,33855000,7,33875000,5
33863000,4,33865000,1,33862000,5,33866000,6,33861000,5,33867000,5,33860000,5,33868000,4,33859000,14,33869000,4,33858000,8,33870000,10,33857000,9,33871000,5,33856000,7,33872000,7,33855000,7,33873000,6,33854000,9,33874000,9
33867000,1,33869000,4,33866000,1,33870000,8,33865000,3,33871000,5,33864000,5,33872000,5,33863000,5,33873000,6,33862000,7,33874000,8,33861000,5,33875000,5,33860000,7,33876000,7,33859000,13,33877000,7,33858000,8,33878000,10
33864000,3,33866000,2,33863000,5,33867000,5,33862000,5,33868000,6,33861000,5,33869000,5,33860000,6,33870000,8,33859000,13,33871000,6,33858000,8,33872000,7,33857000,9,33873000,6,33856000,7,33874000,8,33855000,7,33875000,5
33861000,1,33862000,1,33860000,3,33863000,14,33859000,10,33864000,6,33858000,7,33865000,5,33857000,10,33866000,6,33856000,9,33867000,4,33855000,7,33868000,7,33854000,9,33869000,5,33853000,5,33870000,11,33852000,13,33871000,6
33858000,3,33860000,4,33857000,5,33861000,5,33856000,6,33862000,5,33855000,6,33863000,15,33854000,8,33864000,6,33853000,6,33865000,8,33852000,11,33866000,6,33851000,9,33867000,6,33850000,57,33868000,7,33849000,9,33869000,5
33851000,1,33852000,2,33850000,50,33853000,6,33849000,6,33854000,5,33848000,8,33855000,6,33847000,8,33856000,4,33846000,9,33857000,5,33845000,46,33858000,6,33844000,13,33859000,4,33843000,8,33860000,7,33842000,16,33861000,9
33848000,3,33851000,4,33847000,4,33852000,6,33846000,11,33853000,4,33845000,46,33854000,5,33844000,10,33855000,4,33843000,8,33856000,6,33842000,15,33857000,11,33841000,5,33858000,7,33840000,9,33859000,7,33839000,8,33860000,7
33848000,5,33851000,6,33847000,4,33852000,4,33846000,10,33853000,4,33845000,46,33854000,5,33844000,9,33855000,6,33843000,11,33856000,9,33842000,16,33857000,11,33841000,5,33858000,8,33840000,8,33859000,7,33839000,8,33860000,7
33850000,3,33852000,3,33849000,3,33853000,3,33848000,4,33854000,4,33847000,7,33855000,3,33846000,10,33856000,8,33845000,47,33857000,10,33844000,10,33858000,9,33843000,11,33859000,7,33842000,16,33860000,7,33841000,5,33861000,9
33851000,1,33853000,2,33850000,8,33854000,3,33849000,8,33855000,3,33848000,8,33856000,7,33847000,6,33857000,8,33846000,12,33858000,7,33845000,48,33859000,8,33844000,13,33860000,8,33843000,11,33861000,9,33842000,16,33862000,9
33852000,3,33854000,2,33851000,4,33855000,3,33850000,8,33856000,5,33849000,8,33857000,6,33848000,7,33858000,7,33847000,10,33859000,7,33846000,13,33860000,9,33845000,47,33861000,8,33844000,13,33862000,7,33843000,10,33863000,17
33854000,2,33856000,4,33853000,7,33857000,102,33852000,5,33858000,5,33851000,3,33859000,6,33850000,12,33860000,6,33849000,10,33861000,8,33848000,14,33862000,8,33847000,9,33863000,16,33846000,17,33864000,9,33845000,46,33865000,6
33858000,3,33860000,1,33857000,6,33861000,5,33856000,12,33862000,5,33855000,12,33863000,15,33854000,6,33864000,8,33853000,10,33865000,7,33852000,9,33866000,8,33851000,7,33867000,7,33850000,13,33868000,8,33849000,10,33869000,5
33857000,3,33858000,4,33856000,12,33859000,6,33855000,13,33860000,6,33854000,5,33861000,5,33853000,9,33862000,5,33852000,8,33863000,16,33851000,7,33864000,9,33850000,12,33865000,8,33849000,9,33866000,8,33848000,16,33867000,8
33854000,1,33855000,4,33853000,5,33856000,6,33852000,7,33857000,5,33851000,4,33858000,6,33850000,11,33859000,6,33849000,10,33860000,6,33848000,17,33861000,8,33847000,9,33862000,10,33846000,18,33863000,18,33845000,46,33864000,10
33851000,1,33852000,3,33850000,3,33853000,4,33849000,7,33854000,4,33848000,11,33855000,4,33847000,9,33856000,6,33846000,14,33857000,6,33845000,47,33858000,8,33844000,13,33859000,10,33843000,10,33860000,9,33842000,10,33861000,8
33852000,3,33854000,2,33851000,4,33855000,4,33850000,6,33856000,6,33849000,6,33857000,7,33848000,11,33858000,8,33847000,8,33859000,10,33846000,14,33860000,9,33845000,47,33861000,8,33844000,13,33862000,8,33843000,10,33863000,17
33856000,2,33857000,6,33855000,1,33858000,5,33854000,2,33859000,5,33853000,6,33860000,5,33852000,7,33861000,5,33851000,5,33862000,6,33850000,13,33863000,18,33849000,9,33864000,10,33848000,14,33865000,6,33847000,10,33866000,9
33860000,7,33861000,4,33859000,1,33862000,5,33858000,3,33863000,17,33857000,5,33864000,8,33856000,6,33865000,7,33855000,13,33866000,8,33854000,4,33867000,7,33853000,9,33868000,8,33852000,11,33869000,5,33851000,8,33870000,15
33862000,3,33865000,4,33861000,4,33866000,5,33860000,4,33867000,5,33859000,5,33868000,6,33858000,8,33869000,6,33857000,8,33870000,17,33856000,9,33871000,6,33855000,5,33872000,8,33854000,6,33873000,6,33853000,8,33874000,8
33862000,1,33864000,6,33861000,3,33865000,5,33860000,5,33866000,4,33859000,5,33867000,4,33858000,6,33868000,7,33857000,7,33869000,8,33856000,10,33870000,16,33855000,6,33871000,6,33854000,6,33872000,8,33853000,8,33873000,5
33864000,3,33865000,2,33863000,4,33866000,1,33862000,6,33867000,4,33861000,3,33868000,6,33860000,4,33869000,7,33859000,8,33870000,16,33858000,7,33871000,6,33857000,7,33872000,8,33856000,10,33873000,5,33855000,6,33874000,8
33866000,3,33868000,1,33865000,6,33869000,3,33864000,5,33870000,13,33863000,6,33871000,5,33862000,7,33872000,8,33861000,5,33873000,4,33860000,7,33874000,8,33859000,8,33875000,5,33858000,8,33876000,7,33857000,7,33877000,6
33865000,1,33866000,1,33864000,5,33867000,3,33863000,5,33868000,5,33862000,6,33869000,7,33861000,5,33870000,13,33860000,7,33871000,4,33859000,7,33872000,8,33858000,9,33873000,5,33857000,7,33874000,8,33856000,9,33875000,6
33862000,4,33864000,3,33861000,4,33865000,4,33860000,4,33866000,5,33859000,7,33867000,4,33858000,8,33868000,2,33857000,8,33869000,7,33856000,9,33870000,15,33855000,6,33871000,5,33854000,6,33872000,8,33853000,9,33873000,5
33858000,4,33860000,1,33857000,4,33861000,3,33856000,6,33862000,4,33855000,5,33863000,3,33854000,5,33864000,4,33853000,10,33865000,4,33852000,12,33866000,9,33851000,8,33867000,5,33850000,13,33868000,6,33849000,7,33869000,7
33855000,5,33858000,3,33854000,3,33859000,4,33853000,10,33860000,4,33852000,7,33861000,5,33851000,9,33862000,4,33850000,11,33863000,8,33849000,7,33864000,10,33848000,9,33865000,7,33847000,7,33866000,11,33846000,15,33867000,6
33857000,9,33859000,2,33856000,4,33860000,4,33855000,4,33861000,5,33854000,4,33862000,4,33853000,9,33863000,8,33852000,6,33864000,11,33851000,9,33865000,7,33850000,10,33866000,11,33849000,7,33867000,6,33848000,9,33868000,7
33856000,2,33857000,3,33855000,4,33858000,7,33854000,4,33859000,6,33853000,8,33860000,6,33852000,7,33861000,7,33851000,9,33862000,4,33850000,10,33863000,8,33849000,7,33864000,11,33848000,9,33865000,7,33847000,8,33866000,11
33849000,4,33851000,1,33848000,6,33852000,4,33847000,4,33853000,6,33846000,12,33854000,5,33845000,47,33855000,6,33844000,13,33856000,5,33843000,11,33857000,10,33842000,10,33858000,10,33841000,20,33859000,10,33840000,15,33860000,10
33849000,4,33851000,1,33848000,6,33852000,4,33847000,4,33853000,6,33846000,12,33854000,5,33845000,47,33855000,6,33844000,13,33856000,5,33843000,11,33857000,10,33842000,10,33858000,10,33841000,20,33859000,10,33840000,15,33860000,10
33849000,4,33851000,1,33848000,6,33852000,4,33847000,4,33853000,6,33846000,12,33854000,5,33845000,47,33855000,6,33844000,13,33856000,5,33843000,11,33857000,10,33842000,10,33858000,10,33841000,20,33859000,10,33840000,15,33860000,10
33849000,4,33851000,1,33848000,6,33852000,4,33847000,4,33853000,6,33846000,12,33854000,5,33845000,47,33855000,6,33844000,13,33856000,5,33843000,11,33857000,10,33842000,10,33858000,10,33841000,20,33859000,10,33840000,15,33860000,10
33844000,1,33845000,2,33842000,3,33846000,4,33840000,3,33847000,3,33839000,4,33848000,2,33838000,5,33849000,1,33837000,5,33850000,8,33836000,4,33851000,6,33835000,7,33852000,6,33834000,6,33853000,6,33833000,8,33854000,6
33840000,1,33841000,1,33839000,6,33842000,4,33838000,7,33843000,5,33837000,6,33844000,6,33836000,5,33845000,4,33835000,8,33846000,5,33834000,7,33847000,4,33833000,6,33848000,10,33832000,9,33849000,9,33831000,5,33850000,10
33843000,2,33844000,3,33842000,2,33845000,4,33841000,1,33846000,5,33840000,6,33847000,2,33839000,7,33848000,10,33838000,12,33849000,9,33837000,8,33850000,11,33836000,8,33851000,8,33835000,8,33852000,8,33834000,8,33853000,8
33844000,3,33847000,3,33843000,5,33848000,8,33842000,8,33849000,5,33841000,8,33850000,9,33840000,8,33851000,8,33839000,8,33852000,7,33838000,11,33853000,8,33837000,7,33854000,7,33836000,7,33855000,8,33835000,8,33856000,8
33842000,5,33844000,4,33841000,5,33845000,6,33840000,6,33846000,4,33839000,6,33847000,4,33838000,9,33848000,4,33837000,7,33849000,12,33836000,7,33850000,10,33835000,8,33851000,8,33834000,7,33852000,7,33833000,7,33853000,6
33841000,2,33842000,3,33840000,2,33843000,5,33839000,5,33844000,5,33838000,8,33845000,6,33837000,7,33846000,6,33836000,8,33847000,3,33835000,8,33848000,7,33834000,7,33849000,12,33833000,7,33850000,11,33832000,12,33851000,7
33843000,1,33844000,1,33842000,3,33845000,4,33841000,7,33846000,4,33840000,4,33847000,5,33839000,6,33848000,6,33838000,10,33849000,7,33837000,5,33850000,11,33836000,8,33851000,7,33835000,7,33852000,7,33834000,7,33853000,6
33845000,1,33847000,3,33844000,5,33848000,4,33843000,4,33849000,5,33842000,5,33850000,11,33841000,8,33851000,7,33840000,6,33852000,8,33839000,8,33853000,6,33838000,12,33854000,7,33837000,8,33855000,7,33836000,7,33856000,8
33847000,2,33849000,1,33846000,6,33850000,3,33845000,5,33851000,9,33844000,6,33852000,4,33843000,3,33853000,7,33842000,7,33854000,6,33841000,10,33855000,8,33840000,7,33856000,8,33839000,7,33857000,10,33838000,13,33858000,10
33844000,3,33845000,1,33843000,3,33846000,4,33842000,5,33847000,4,33841000,9,33848000,7,33840000,6,33849000,2,33839000,8,33850000,11,33838000,12,33851000,10,33837000,8,33852000,7,33836000,7,33853000,4,33835000,7,33854000,7
33845000,5,33847000,1,33844000,5,33848000,5,33843000,3,33849000,2,33842000,6,33850000,9,33841000,9,33851000,11,33840000,5,33852000,7,33839000,10,33853000,4,33838000,11,33854000,7,33837000,8,33855000,7,33836000,8,33856000,8
33845000,3,33846000,1,33844000,4,33847000,4,33843000,5,33848000,4,33842000,8,33849000,4,33841000,10,33850000,6,33840000,6,33851000,10,33839000,7,33852000,7,33838000,10,33853000,4,33837000,8,33854000,7,33836000,8,33855000,7
33842000,2,33844000,1,33841000,8,33845000,4,33840000,10,33846000,5,33839000,6,33847000,9,33838000,9,33848000,5,33837000,8,33849000,4,33836000,7,33850000,7,33835000,12,33851000,13,33834000,7,33852000,7,33833000,9,33853000,4
33839000,2,33840000,4,33838000,2,33841000,8,33837000,5,33842000,6,33836000,5,33843000,7,33835000,8,33844000,7,33834000,8,33845000,5,33833000,9,33846000,8,33832000,11,33847000,10,33831000,6,33848000,9,33830000,13,33849000,7
33840000,4,33842000,2,33839000,4,33843000,6,33838000,4,33844000,6,33837000,3,33845000,5,33836000,6,33846000,8,33835000,7,33847000,9,33834000,7,33848000,9,33833000,10,33849000,8,33832000,11,33850000,10,33831000,6,33851000,13
33838000,2,33839000,1,33837000,4,33840000,4,33836000,4,33841000,5,33835000,6,33842000,8,33834000,7,33843000,5,33833000,9,33844000,8,33832000,11,33845000,7,33831000,6,33846000,9,33830000,13,33847000,12,33829000,6,33848000,9
33840000,1,33842000,4,33839000,4,33843000,4,33838000,4,33844000,6,33837000,3,33845000,6,33836000,7,33846000,7,33835000,8,33847000,9,33834000,7,33848000,9,33833000,9,33849000,9,33832000,11,33850000,10,33831000,6,33851000,14
33839000,3,33841000,3,33838000,5,33842000,5,33837000,4,33843000,5,33836000,6,33844000,6,33835000,7,33845000,5,33834000,9,33846000,78,33833000,9,33847000,9,33832000,11,33848000,10,33831000,6,33849000,9,33830000,13,33850000,11
33839000,3,33842000,4,33838000,5,33843000,5,33837000,5,33844000,6,33836000,5,33845000,6,33835000,7,33846000,78,33834000,9,33847000,9,33833000,9,33848000,11,33832000,11,33849000,9,33831000,6,33850000,11,33830000,13,33851000,14
33843000,3,33845000,3,33842000,4,33846000,76,33841000,6,33847000,7,33840000,48,33848000,8,33839000,7,33849000,9,33838000,8,33850000,12,33837000,8,33851000,14,33836000,7,33852000,8,33835000,7,33853000,6,33834000,8,33854000,11
33840000,47,33841000,1,33839000,3,33842000,4,33838000,5,33843000,4,33837000,6,33844000,6,33836000,8,33845000,4,33835000,9,33846000,7,33834000,9,33847000,7,33833000,9,33848000,9,33832000,12,33849000,11,33831000,6,33850000,14
33846000,3,33848000,3,33845000,4,33849000,28,33844000,4,33850000,12,33843000,4,33851000,16,33842000,6,33852000,78,33841000,7,33853000,7,33840000,7,33854000,10,33839000,6,33855000,9,33838000,8,33856000,8,33837000,8,33857000,10
33849000,2,33851000,9,33848000,6,33852000,5,33847000,5,33853000,8,33846000,4,33854000,8,33845000,4,33855000,10,33844000,6,33856000,9,33843000,8,33857000,10,33842000,25,33858000,10,33841000,8,33859000,12,33840000,9,33860000,11
33853000,1,33854000,2,33852000,3,33855000,6,33851000,5,33856000,6,33850000,7,33857000,10,33849000,7,33858000,9,33848000,9,33859000,13,33847000,6,33860000,10,33846000,9,33861000,7,33845000,8,33862000,7,33844000,11,33863000,8
33855000,4,33857000,2,33854000,5,33858000,4,33853000,4,33859000,10,33852000,4,33860000,7,33851000,7,33861000,6,33850000,9,33862000,9,33849000,10,33863000,9,33848000,10,33864000,13,33847000,6,33865000,6,33846000,8,33866000,9
33859000,4,33860000,1,33857000,3,33861000,2,33856000,5,33862000,6,33855000,4,33863000,6,33854000,6,33864000,12,33853000,7,33865000,8,33852000,8,33866000,9,33851000,6,33867000,7,33850000,11,33868000,8,33849000,10,33869000,6
33861000,2,33863000,3,33860000,3,33864000,8,33859000,6,33865000,4,33858000,6,33866000,7,33857000,4,33867000,7,33856000,6,33868000,11,33855000,6,33869000,7,33854000,9,33870000,10,33853000,6,33871000,6,33852000,8,33872000,8
33859000,4,33860000,1,33858000,4,33861000,2,33857000,4,33862000,2,33856000,5,33863000,8,33855000,6,33864000,6,33854000,18,33865000,5,33853000,6,33866000,5,33852000,7,33867000,6,33851000,7,33868000,10,33850000,21,33869000,6
33857000,1,33859000,3,33856000,3,33860000,4,33855000,4,33861000,6,33854000,6,33862000,5,33853000,6,33863000,6,33852000,7,33864000,8,33851000,7,33865000,6,33850000,10,33866000,7,33849000,9,33867000,6,33848000,10,33868000,9
33860000,2,33861000,3,33858000,3,33862000,1,33857000,4,33863000,4,33856000,3,33864000,6,33855000,6,33865000,6,33854000,5,33866000,7,33853000,9,33867000,6,33852000,9,33868000,9,33851000,7,33869000,7,33850000,10,33870000,12
33861000,4,33864000,3,33860000,4,33865000,3,33859000,3,33866000,4,33858000,6,33867000,7,33857000,5,33868000,9,33856000,4,33869000,7,33855000,9,33870000,12,33854000,8,33871000,6,33853000,9,33872000,8,33852000,9,33873000,6
33855000,2,33857000,3,33854000,2,33858000,4,33853000,5,33859000,3,33852000,6,33860000,6,33851000,7,33861000,11,33850000,9,33862000,5,33849000,9,33863000,7,33848000,10,33864000,6,33847000,6,33865000,6,33846000,11,33866000,8
33854000,4,33856000,1,33853000,5,33857000,4,33852000,4,33858000,6,33851000,7,33859000,1,33850000,11,33860000,5,33849000,9,33861000,12,33848000,10,33862000,7,33847000,6,33863000,8,33846000,10,33864000,8,33845000,7,33865000,6
33854000,4,33856000,2,33853000,6,33857000,5,33852000,5,33858000,4,33851000,6,33859000,2,33850000,9,33860000,5,33849000,9,33861000,12,33848000,11,33862000,9,33847000,6,33863000,7,33846000,12,33864000,8,33845000,11,33865000,8
33854000,4,33855000,10,33853000,6,33856000,1,33852000,6,33857000,4,33851000,8,33858000,4,33850000,9,33859000,4,33849000,9,33860000,4,33848000,10,33861000,12,33847000,6,33862000,8,33846000,12,33863000,7,33845000,11,33864000,8
33855000,2,33857000,4,33854000,6,33858000,5,33853000,6,33859000,4,33852000,7,33860000,5,33851000,7,33861000,12,33850000,11,33862000,7,33849000,9,33863000,8,33848000,13,33864000,8,33847000,6,33865000,8,33846000,14,33866000,10
33854000,2,33856000,2,33853000,4,33857000,5,33852000,7,33858000,4,33851000,6,33859000,4,33850000,10,33860000,6,33849000,9,33861000,12,33848000,13,33862000,8,33847000,6,33863000,8,33846000,14,33864000,8,33845000,13,33865000,8
33856000,2,33857000,2,33855000,6,33858000,3,33854000,4,33859000,5,33853000,3,33860000,6,33852000,5,33861000,12,33851000,5,33862000,9,33850000,10,33863000,8,33849000,10,33864000,8,33848000,14,33865000,8,33847000,6,33866000,10
33859000,1,33860000,2,33858000,3,33861000,11,33857000,3,33862000,20,33856000,3,33863000,6,33855000,4,33864000,7,33854000,7,33865000,10,33853000,7,33866000,11,33852000,7,33867000,6,33851000,9,33868000,9,33850000,12,33869000,7
33857000,2,33859000,4,33856000,3,33860000,6,33855000,4,33861000,8,33854000,7,33862000,22,33853000,7,33863000,5,33852000,6,33864000,8,33851000,8,33865000,10,33850000,11,33866000,25,33849000,10,33867000,7,33848000,13,33868000,9
33858000,3,33860000,2,33857000,6,33861000,9,33856000,3,33862000,21,33855000,4,33863000,5,33854000,8,33864000,7,33853000,8,33865000,11,33852000,8,33866000,34,33851000,9,33867000,5,33850000,11,33868000,18,33849000,12,33869000,7
33862000,3,33863000,9,33861000,3,33864000,3,33860000,4,33865000,8,33859000,4,33866000,37,33858000,5,33867000,4,33857000,11,33868000,20,33856000,6,33869000,8,33855000,9,33870000,15,33854000,10,33871000,6,33853000,7,33872000,25
33864000,2,33866000,26,33863000,4,33867000,3,33862000,4,33868000,16,33861000,5,33869000,11,33860000,7,33870000,15,33859000,6,33871000,9,33858000,7,33872000,23,33857000,11,33873000,6,33856000,8,33874000,9,33855000,7,33875000,9
33863000,3,33865000,5,33862000,4,33866000,27,33861000,5,33867000,3,33860000,7,33868000,7,33859000,5,33869000,11,33858000,7,33870000,16,33857000,11,33871000,18,33856000,8,33872000,23,33855000,8,33873000,6,33854000,9,33874000,9
33861000,1,33862000,1,33860000,5,33863000,3,33859000,4,33864000,4,33858000,7,33865000,6,33857000,8,33866000,6,33856000,7,33867000,7,33855000,9,33868000,9,33854000,10,33869000,14,33853000,8,33870000,26,33852000,7,33871000,16
33857000,4,33858000,1,33856000,4,33859000,5,33855000,7,33860000,4,33854000,9,33861000,5,33853000,9,33862000,7,33852000,8,33863000,7,33851000,8,33864000,7,33850000,11,33865000,11,33849000,11,33866000,8,33848000,14,33867000,8
33854000,5,33855000,1,33853000,4,33856000,4,33852000,4,33857000,7,33851000,9,33858000,6,33850000,10,33859000,7,33849000,14,33860000,5,33848000,15,33861000,8,33847000,6,33862000,8,33846000,15,33863000,10,33845000,15,33864000,9
33856000,2,33857000,3,33855000,5,33858000,4,33854000,5,33859000,8,33853000,4,33860000,6,33852000,3,33861000,6,33851000,8,33862000,7,33850000,11,33863000,10,33849000,15,33864000,8,33848000,16,33865000,10,33847000,7,33866000,9
33858000,4,33860000,3,33857000,5,33861000,5,33856000,3,33862000,4,33855000,7,33863000,8,33854000,4,33864000,8,33853000,7,33865000,11,33852000,7,33866000,10,33851000,8,33867000,8,33850000,14,33868000,9,33849000,18,33869000,12
33862000,1,33864000,3,33861000,5,33865000,6,33860000,4,33866000,5,33859000,4,33867000,7,33858000,9,33868000,9,33857000,8,33869000,6,33856000,16,33870000,15,33855000,18,33871000,6,33854000,7,33872000,8,33853000,6,33873000,5
33861000,3,33863000,1,33860000,4,33864000,17,33859000,13,33865000,6,33858000,8,33866000,5,33857000,6,33867000,6,33856000,16,33868000,9,33855000,17,33869000,6,33854000,7,33870000,15,33853000,6,33871000,6,33852000,7,33872000,8
33858000,4,33859000,1,33857000,8,33860000,4,33856000,13,33861000,4,33855000,22,33862000,4,33854000,7,33863000,14,33853000,9,33864000,6,33852000,9,33865000,11,33851000,8,33866000,10,33850000,18,33867000,8,33849000,18,33868000,10
33859000,6,33861000,3,33858000,9,33862000,4,33857000,8,33863000,14,33856000,13,33864000,5,33855000,22,33865000,7,33854000,8,33866000,8,33853000,9,33867000,8,33852000,19,33868000,10,33851000,17,33869000,6,33850000,27,33870000,14
33858000,4,33860000,5,33857000,3,33861000,3,33856000,14,33862000,3,33855000,22,33863000,14,33854000,7,33864000,5,33853000,9,33865000,8,33852000,19,33866000,9,33851000,26,33867000,8,33850000,27,33868000,11,33849000,18,33869000,6
33855000,9,33856000,1,33854000,14,33857000,8,33853000,15,33858000,8,33852000,22,33859000,5,33851000,30,33860000,6,33850000,33,33861000,3,33849000,19,33862000,6,33848000,14,33863000,10,33847000,8,33864000,10,33846000,16,33865000,8
33860000,2,33862000,2,33859000,3,33863000,4,33858000,5,33864000,5,33857000,5,33865000,7,33856000,4,33866000,8,33855000,9,33867000,9,33854000,7,33868000,11,33853000,7,33869000,6,33852000,15,33870000,13,33851000,15,33871000,9
33858000,3,33860000,4,33857000,4,33861000,10,33856000,4,33862000,3,33855000,5,33863000,7,33854000,7,33864000,5,33853000,9,33865000,10,33852000,14,33866000,8,33851000,14,33867000,9,33850000,28,33868000,11,33849000,18,33869000,6
33861000,1,33863000,5,33860000,4,33864000,4,33859000,2,33865000,5,33858000,9,33866000,5,33857000,7,33867000,8,33856000,8,33868000,9,33855000,9,33869000,7,33854000,10,33870000,14,33853000,8,33871000,6,33852000,8,33872000,8
33857000,7,33859000,6,33856000,5,33860000,5,33855000,11,33861000,4,33854000,14,33862000,5,33853000,15,33863000,6,33852000,10,33864000,7,33851000,9,33865000,11,33850000,25,33866000,9,33849000,29,33867000,9,33848000,14,33868000,10
33854000,4,33855000,3,33853000,6,33856000,6,33852000,7,33857000,6,33851000,7,33858000,6,33850000,14,33859000,10,33849000,19,33860000,7,33848000,15,33861000,6,33847000,7,33862000,8,33846000,25,33863000,8,33845000,9,33864000,7
33851000,1,33853000,6,33850000,9,33855000,6,33849000,16,33856000,9,33848000,13,33857000,8,33847000,6,33858000,12,33846000,24,33859000,11,33845000,9,33860000,8,33844000,23,33861000,6,33843000,6,33862000,8,33842000,9,33863000,7
33848000,2,33850000,4,33847000,4,33851000,4,33846000,16,33852000,4,33845000,5,33853000,6,33844000,22,33854000,1,33843000,8,33855000,8,33842000,10,33856000,13,33841000,6,33857000,9,33840000,14,33858000,14,33839000,6,33859000,9
33846000,1,33848000,4,33845000,2,33849000,4,33844000,19,33850000,6,33843000,6,33851000,6,33842000,7,33852000,5,33841000,8,33853000,4,33840000,15,33854000,4,33839000,6,33855000,12,33838000,10,33856000,7,33837000,8,33857000,7
33842000,7,33844000,1,33841000,7,33845000,5,33840000,12,33846000,7,33839000,7,33847000,3,33838000,7,33848000,6,33837000,7,33849000,5,33836000,46,33850000,9,33835000,19,33851000,8,33834000,8,33852000,7,33833000,17,33853000,7
33839000,1,33841000,5,33838000,5,33842000,5,33837000,5,33843000,5,33836000,44,33844000,7,33835000,17,33845000,6,33834000,8,33846000,8,33833000,18,33847000,7,33832000,11,33848000,7,33831000,6,33849000,7,33830000,15,33850000,9
33836000,16,33837000,1,33835000,5,33838000,4,33834000,5,33839000,5,33833000,18,33840000,5,33832000,11,33841000,5,33831000,8,33842000,8,33830000,14,33843000,7,33829000,7,33844000,10,33828000,7,33845000,6,33827000,7,33846000,10
33833000,8,33835000,20,33832000,9,33836000,1,33831000,8,33837000,2,33830000,11,33838000,4,33829000,8,33839000,4,33828000,9,33840000,8,33827000,27,33841000,10,33826000,9,33842000,8,33825000,8,33843000,5,33824000,8,33844000,9
33830000,5,33831000,1,33829000,2,33832000,4,33828000,6,33833000,8,33827000,26,33834000,4,33826000,8,33835000,22,33825000,11,33836000,5,33824000,7,33837000,8,33823000,6,33838000,7,33822000,9,33839000,5,33821000,7,33840000,8
33827000,23,33830000,3,33826000,6,33831000,6,33825000,9,33832000,6,33824000,6,33833000,8,33823000,8,33834000,4,33822000,10,33835000,24,33821000,8,33836000,6,33820000,6,33837000,8,33819000,7,33838000,7,33818000,11,33839000,5
33828000,1,33830000,3,33827000,22,33831000,5,33826000,6,33832000,6,33825000,9,33833000,10,33824000,5,33834000,6,33823000,9,33835000,24,33822000,10,33836000,7,33821000,9,33837000,7,33820000,6,33838000,7,33819000,7,33839000,4
33827000,22,33830000,3,33826000,6,33831000,5,33825000,10,33832000,6,33824000,6,33833000,9,33823000,8,33834000,5,33822000,9,33835000,24,33821000,9,33836000,7,33820000,7,33837000,8,33819000,7,33838000,8,33818000,11,33839000,4
33822000,2,33824000,2,33821000,5,33825000,6,33820000,9,33826000,5,33819000,7,33827000,7,33818000,9,33828000,5,33817000,13,33829000,10,33816000,8,33830000,16,33815000,7,33831000,9,33814000,9,33832000,10,33813000,5,33833000,10
33821000,5,33824000,5,33820000,9,33825000,4,33819000,7,33826000,5,33818000,9,33827000,7,33817000,12,33828000,4,33816000,8,33829000,9,33815000,7,33830000,16,33814000,9,33831000,9,33813000,5,33832000,11,33812000,13,33833000,10
33821000,5,33824000,5,33820000,9,33825000,4,33819000,7,33826000,5,33818000,9,33827000,7,33817000,12,33828000,4,33816000,8,33829000,9,33815000,7,33830000,16,33814000,9,33831000,9,33813000,5,33832000,11,33812000,13,33833000,10
33820000,1,33821000,2,33819000,4,33822000,4,33818000,4,33823000,7,33817000,10,33824000,7,33816000,5,33825000,6,33815000,7,33826000,9,33814000,9,33827000,9,33813000,6,33828000,11,33812000,12,33829000,10,33811000,6,33830000,17
33820000,1,33822000,2,33819000,5,33823000,6,33818000,6,33824000,7,33817000,10,33825000,7,33816000,6,33826000,7,33815000,8,33827000,9,33814000,10,33828000,11,33813000,6,33829000,11,33812000,12,33830000,17,33811000,6,33831000,8
33820000,2,33821000,2,33819000,3,33822000,3,33818000,5,33823000,6,33817000,4,33824000,7,33816000,6,33825000,7,33815000,6,33826000,10,33814000,8,33827000,10,33813000,7,33828000,11,33812000,13,33829000,9,33811000,7,33830000,17
33819000,3,33821000,1,33818000,4,33822000,4,33817000,4,33823000,6,33816000,6,33824000,7,33815000,6,33825000,5,33814000,9,33826000,9,33813000,8,33827000,11,33812000,13,33828000,12,33811000,6,33829000,10,33810000,16,33830000,17
33819000,2,33822000,3,33818000,3,33823000,6,33817000,5,33824000,7,33816000,5,33825000,6,33815000,6,33826000,7,33814000,8,33827000,10,33813000,8,33828000,12,33812000,14,33829000,7,33811000,6,33830000,17,33810000,16,33831000,8
33819000,1,33821000,2,33818000,3,33822000,4,33817000,6,33823000,6,33816000,5,33824000,5,33815000,7,33825000,5,33814000,8,33826000,9,33813000,8,33827000,10,33812000,13,33828000,12,33811000,5,33829000,8,33810000,16,33830000,17
33817000,3,33819000,3,33816000,4,33820000,2,33815000,5,33821000,4,33814000,6,33822000,4,33813000,8,33823000,6,33812000,13,33824000,8,33811000,6,33825000,8,33810000,16,33826000,11,33809000,7,33827000,9,33808000,7,33828000,12
33820000,1,33822000,4,33819000,1,33823000,5,33818000,3,33824000,5,33817000,7,33825000,6,33816000,6,33826000,7,33815000,9,33827000,11,33814000,9,33828000,12,33813000,8,33829000,7,33812000,14,33830000,17,33811000,6,33831000,8
33813000,3,33816000,3,33812000,8,33817000,3,33811000,5,33818000,15,33810000,15,33819000,2,33809000,10,33820000,3,33808000,6,33821000,7,33807000,6,33822000,8,33806000,7,33823000,11,33805000,16,33824000,8,33804000,10,33825000,10
33818000,3,33820000,1,33817000,3,33821000,5,33816000,3,33822000,5,33815000,4,33823000,7,33814000,9,33824000,5,33813000,8,33825000,10,33812000,11,33826000,10,33811000,8,33827000,7,33810000,17,33828000,11,33809000,9,33829000,7
33817000,1,33819000,2,33816000,6,33820000,4,33815000,4,33821000,2,33814000,9,33822000,7,33813000,7,33823000,6,33812000,9,33824000,6,33811000,8,33825000,10,33810000,17,33826000,11,33809000,9,33827000,8,33808000,8,33828000,11
33814000,6,33815000,1,33813000,2,33816000,3,33812000,6,33817000,5,33811000,6,33818000,5,33810000,16,33819000,6,33809000,10,33820000,7,33808000,9,33821000,7,33807000,6,33822000,10,33806000,7,33823000,8,33805000,16,33824000,8
33812000,5,33815000,2,33811000,5,33816000,4,33810000,15,33817000,5,33809000,7,33818000,5,33808000,7,33819000,8,33807000,8,33820000,8,33806000,8,33821000,7,33805000,16,33822000,10,33804000,10,33823000,8,33803000,12,33824000,6
33815000,1,33817000,4,33814000,3,33818000,3,33813000,3,33819000,5,33812000,5,33820000,7,33811000,5,33821000,6,33810000,15,33822000,8,33809000,8,33823000,8,33808000,8,33824000,6,33807000,7,33825000,8,33806000,7,33826000,10
33812000,2,33814000,1,33811000,6,33815000,22,33810000,8,33816000,3,33809000,8,33817000,5,33808000,7,33818000,6,33807000,7,33819000,8,33806000,9,33820000,9,33805000,16,33821000,7,33804000,10,33822000,9,33803000,10,33823000,9
33812000,1,33813000,3,33811000,2,33814000,3,33810000,8,33815000,19,33809000,9,33816000,4,33808000,6,33817000,5,33807000,7,33818000,6,33806000,8,33819000,8,33805000,16,33820000,10,33804000,10,33821000,7,33803000,10,33822000,8
33810000,4,33812000,2,33809000,8,33813000,94,33808000,6,33814000,1,33807000,7,33815000,22,33806000,7,33816000,4,33805000,16,33817000,5,33804000,10,33818000,5,33803000,10,33819000,9,33802000,8,33820000,10,33801000,7,33821000,8
33810000,1,33812000,3,33809000,3,33813000,94,33808000,5,33814000,3,33807000,3,33815000,24,33806000,6,33816000,6,33805000,16,33817000,5,33804000,12,33818000,7,33803000,11,33819000,9,33802000,8,33820000,9,33801000,7,33821000,8
33813000,2,33815000,19,33812000,5,33816000,3,33811000,6,33817000,4,33810000,6,33818000,6,33809000,8,33819000,10,33808000,6,33820000,8,33807000,6,33821000,7,33806000,8,33822000,8,33805000,16,33823000,9,33804000,11,33824000,8
33816000,2,33819000,5,33815000,3,33820000,6,33814000,4,33821000,6,33813000,4,33822000,8,33812000,6,33823000,8,33811000,6,33824000,8,33810000,7,33825000,10,33809000,8,33826000,30,33808000,8,33827000,26,33807000,6,33828000,10
33817000,5,33819000,1,33816000,1,33820000,5,33815000,4,33821000,4,33814000,5,33822000,8,33813000,6,33823000,8,33812000,6,33824000,7,33811000,7,33825000,10,33810000,7,33826000,31,33809000,8,33827000,27,33808000,8,33828000,11
33817000,5,33819000,1,33816000,1,33820000,5,33815000,4,33821000,4,33814000,5,33822000,8,33813000,6,33823000,8,33812000,6,33824000,7,33811000,7,33825000,10,33810000,7,33826000,31,33809000,8,33827000,27,33808000,8,33828000,11
33817000,1,33818000,1,33816000,3,33819000,2,33815000,6,33820000,5,33814000,5,33821000,5,33813000,4,33822000,9,33812000,5,33823000,8,33811000,5,33824000,9,33810000,6,33825000,10,33809000,9,33826000,12,33808000,8,33827000,8
33814000,2,33816000,4,33813000,5,33817000,3,33812000,5,33818000,6,33811000,5,33819000,3,33810000,6,33820000,5,33809000,8,33821000,6,33808000,8,33822000,8,33807000,5,33823000,8,33806000,8,33824000,9,33805000,16,33825000,10
33815000,2,33817000,1,33814000,4,33818000,3,33813000,4,33819000,2,33812000,3,33820000,7,33811000,6,33821000,7,33810000,4,33822000,9,33809000,7,33823000,8,33808000,9,33824000,8,33807000,5,33825000,10,33806000,8,33826000,12
33817000,3,33819000,2,33816000,5,33820000,6,33815000,5,33821000,4,33814000,6,33822000,6,33813000,3,33823000,8,33812000,5,33824000,9,33811000,13,33825000,10,33810000,6,33826000,12,33809000,7,33827000,7,33808000,8,33828000,11
33820000,2,33822000,2,33819000,4,33823000,4,33818000,5,33824000,6,33817000,6,33825000,7,33816000,8,33826000,8,33815000,7,33827000,8,33814000,12,33828000,11,33813000,9,33829000,5,33812000,9,33830000,16,33811000,13,33831000,10
33819000,3,33820000,1,33818000,5,33821000,2,33817000,5,33822000,4,33816000,6,33823000,3,33815000,6,33824000,4,33814000,11,33825000,10,33813000,8,33826000,7,33812000,7,33827000,6,33811000,12,33828000,9,33810000,8,33829000,6
33820000,3,33823000,6,33819000,5,33824000,5,33818000,5,33825000,8,33817000,6,33826000,6,33816000,7,33827000,7,33815000,6,33828000,9,33814000,11,33829000,4,33813000,10,33830000,15,33812000,7,33831000,8,33811000,12,33832000,18
33818000,3,33820000,3,33817000,3,33821000,4,33816000,5,33822000,4,33815000,5,33823000,4,33814000,11,33824000,5,33813000,10,33825000,9,33812000,7,33826000,8,33811000,12,33827000,7,33810000,8,33828000,11,33809000,12,33829000,6
33815000,5,33818000,4,33814000,4,33819000,4,33813000,4,33820000,4,33812000,4,33821000,5,33811000,12,33822000,5,33810000,5,33823000,7,33809000,8,33824000,8,33808000,9,33825000,11,33807000,5,33826000,10,33806000,8,33827000,6
33816000,2,33818000,2,33815000,5,33819000,4,33814000,4,33820000,4,33813000,4,33821000,5,33812000,4,33822000,5,33811000,12,33823000,7,33810000,5,33824000,8,33809000,8,33825000,11,33808000,9,33826000,10,33807000,5,33827000,6
33815000,1,33816000,1,33814000,1,33817000,4,33813000,4,33818000,6,33812000,3,33819000,3,33811000,11,33820000,4,33810000,6,33821000,5,33809000,8,33822000,5,33808000,9,33823000,8,33807000,5,33824000,9,33806000,8,33825000,11
33812000,4,33815000,3,33811000,5,33816000,3,33810000,4,33817000,5,33809000,6,33818000,13,33808000,8,33819000,5,33807000,6,33820000,7,33806000,8,33821000,8,33805000,17,33822000,9,33804000,11,33823000,8,33803000,11,33824000,8
33814000,2,33816000,1,33813000,5,33817000,4,33812000,4,33818000,7,33811000,6,33819000,3,33810000,3,33820000,5,33809000,7,33821000,8,33808000,10,33822000,9,33807000,6,33823000,8,33806000,8,33824000,7,33805000,17,33825000,11
33813000,1,33814000,1,33812000,3,33815000,4,33811000,6,33816000,4,33810000,4,33817000,4,33809000,7,33818000,6,33808000,10,33819000,4,33807000,5,33820000,6,33806000,8,33821000,8,33805000,17,33822000,9,33804000,11,33823000,8
33814000,3,33816000,1,33813000,2,33817000,4,33812000,4,33818000,7,33811000,7,33819000,5,33810000,3,33820000,7,33809000,7,33821000,8,33808000,10,33822000,9,33807000,6,33823000,8,33806000,8,33824000,7,33805000,17,33825000,11
33812000,2,33814000,1,33811000,6,33815000,5,33810000,4,33816000,3,33809000,7,33817000,6,33808000,11,33818000,4,33807000,8,33819000,6,33806000,10,33820000,7,33805000,17,33821000,8,33804000,11,33822000,9,33803000,12,33823000,6
33809000,1,33811000,3,33808000,4,33812000,4,33807000,6,33813000,5,33806000,7,33814000,5,33805000,18,33815000,6,33804000,11,33816000,4,33803000,10,33817000,7,33802000,8,33818000,7,33801000,7,33819000,6,33800000,11,33820000,8
33806000,2,33807000,1,33805000,9,33808000,3,33804000,7,33809000,5,33803000,8,33810000,4,33802000,8,33811000,4,33801000,9,33812000,6,33800000,12,33813000,5,33799000,6,33814000,7,33798000,8,33815000,7,33797000,9,33816000,6
33803000,4,33805000,1,33802000,4,33806000,6,33801000,7,33807000,6,33800000,9,33808000,4,33799000,9,33809000,7,33798000,9,33810000,5,33797000,7,33811000,6,33796000,7,33812000,8,33795000,6,33813000,6,33794000,10,33814000,8
33804000,3,33807000,2,33803000,5,33808000,3,33802000,12,33809000,5,33801000,5,33810000,5,33800000,10,33811000,6,33799000,11,33812000,8,33798000,10,33813000,6,33797000,8,33814000,8,33796000,7,33815000,8,33795000,6,33816000,7
33804000,3,33807000,2,33803000,5,33808000,3,33802000,12,33809000,4,33801000,5,33810000,4,33800000,10,33811000,6,33799000,11,33812000,6,33798000,10,33813000,6,33797000,8,33814000,8,33796000,7,33815000,8,33795000,6,33816000,7
33805000,2,33807000,1,33804000,6,33808000,3,33803000,4,33809000,4,33802000,7,33810000,5,33801000,8,33811000,5,33800000,11,33812000,6,33799000,10,33813000,6,33798000,9,33814000,8,33797000,8,33815000,7,33796000,7,33816000,7
33807000,2,33809000,1,33806000,4,33810000,4,33805000,3,33811000,3,33804000,6,33812000,4,33803000,7,33813000,6,33802000,10,33814000,6,33801000,8,33815000,8,33800000,11,33816000,6,33799000,9,33817000,7,33798000,9,33818000,7
33806000,4,33809000,3,33805000,3,33810000,4,33804000,6,33811000,3,33803000,7,33812000,6,33802000,8,33813000,5,33801000,8,33814000,6,33800000,11,33815000,8,33799000,9,33816000,6,33798000,9,33817000,7,33797000,8,33818000,7
33806000,2,33809000,4,33805000,3,33810000,4,33804000,6,33811000,3,33803000,7,33812000,6,33802000,8,33813000,5,33801000,8,33814000,6,33800000,11,33815000,8,33799000,9,33816000,6,33798000,9,33817000,7,33797000,8,33818000,7
33806000,2,33809000,3,33805000,3,33810000,4,33804000,6,33811000,3,33803000,7,33812000,6,33802000,8,33813000,5,33801000,8,33814000,6,33800000,11,33815000,8,33799000,9,33816000,6,33798000,9,33817000,7,33797000,8,33818000,7
33807000,3,33810000,4,33806000,3,33811000,3,33805000,3,33812000,7,33804000,6,33813000,5,33803000,5,33814000,6,33802000,8,33815000,8,33801000,8,33816000,7,33800000,12,33817000,7,33799000,9,33818000,7,33798000,9,33819000,7
33811000,1,33813000,1,33810000,2,33814000,3,33809000,4,33815000,4,33808000,2,33816000,4,33807000,4,33817000,6,33806000,6,33818000,6,33805000,6,33819000,8,33804000,8,33820000,12,33803000,7,33821000,7,33802000,9,33822000,11
33809000,2,33811000,1,33808000,3,33812000,4,33807000,3,33813000,4,33806000,3,33814000,5,33805000,6,33815000,7,33804000,8,33816000,4,33803000,8,33817000,6,33802000,9,33818000,7,33801000,7,33819000,7,33800000,11,33820000,11
33805000,2,33808000,4,33804000,6,33809000,5,33803000,6,33810000,4,33802000,8,33811000,4,33801000,7,33812000,9,33800000,12,33813000,5,33799000,9,33814000,6,33798000,9,33815000,7,33797000,8,33816000,6,33796000,9,33817000,6
33801000,6,33802000,3,33800000,7,33803000,2,33799000,9,33804000,4,33798000,6,33805000,9,33797000,9,33806000,3,33796000,7,33807000,4,33795000,6,33808000,4,33794000,10,33809000,8,33793000,9,33810000,5,33792000,12,33811000,5
33800000,5,33801000,1,33799000,7,33802000,4,33798000,6,33803000,3,33797000,8,33804000,4,33796000,5,33805000,9,33795000,6,33806000,4,33794000,10,33807000,3,33793000,8,33808000,4,33792000,11,33809000,8,33791000,9,33810000,5
33800000,5,33801000,1,33799000,7,33802000,4,33798000,6,33803000,3,33797000,8,33804000,4,33796000,5,33805000,9,33795000,6,33806000,4,33794000,10,33807000,3,33793000,8,33808000,4,33792000,11,33809000,8,33791000,9,33810000,5
33800000,5,33801000,1,33799000,7,33802000,4,33798000,6,33803000,3,33797000,8,33804000,4,33796000,5,33805000,9,33795000,6,33806000,4,33794000,10,33807000,3,33793000,8,33808000,4,33792000,11,33809000,8,33791000,9,33810000,5
33795000,1,33796000,8,33794000,1,33797000,7,33793000,1,33798000,5,33792000,2,33799000,3,33791000,1,33800000,6,33790000,1,33801000,6,33789000,3,33802000,5,33788000,5,33803000,4,33787000,4,33804000,5,33786000,7,33805000,10
33792000,1,33794000,4,33791000,1,33795000,5,33790000,1,33796000,8,33789000,3,33797000,8,33788000,4,33798000,5,33787000,4,33799000,3,33786000,7,33800000,12,33785000,19,33801000,6,33784000,7,33802000,5,33783000,5,33803000,4
33792000,1,33794000,4,33791000,1,33795000,5,33790000,1,33796000,8,33789000,3,33797000,8,33788000,4,33798000,5,33787000,4,33799000,3,33786000,7,33800000,12,33785000,19,33801000,6,33784000,7,33802000,5,33783000,5,33803000,4
33790000,3,33793000,3,33789000,4,33794000,4,33788000,4,33795000,5,33787000,4,33796000,8,33786000,6,33797000,8,33785000,19,33798000,5,33784000,7,33799000,3,33783000,5,33800000,12,33782000,12,33801000,6,33781000,4,33802000,5
33790000,4,33794000,4,33789000,4,33795000,5,33788000,4,33796000,8,33787000,5,33797000,9,33786000,5,33798000,5,33785000,20,33799000,3,33784000,7,33800000,9,33783000,5,33801000,6,33782000,12,33802000,5,33781000,4,33803000,4
33791000,1,33793000,3,33790000,2,33794000,6,33789000,4,33795000,6,33788000,4,33796000,3,33787000,5,33797000,9,33786000,6,33798000,7,33785000,20,33799000,5,33784000,7,33800000,7,33783000,5,33801000,9,33782000,10,33802000,5
33793000,2,33796000,3,33792000,4,33797000,9,33791000,6,33798000,5,33790000,3,33799000,5,33789000,4,33800000,5,33788000,6,33801000,10,33787000,5,33802000,5,33786000,7,33803000,5,33785000,19,33804000,6,33784000,8,33805000,12
33792000,2,33795000,4,33791000,4,33796000,4,33790000,5,33797000,5,33789000,4,33798000,6,33788000,6,33799000,5,33787000,8,33800000,7,33786000,8,33801000,10,33785000,19,33802000,7,33784000,9,33803000,5,33783000,6,33804000,6
33795000,2,33797000,1,33794000,6,33798000,3,33793000,7,33799000,7,33792000,5,33800000,5,33791000,7,33801000,10,33790000,8,33802000,6,33789000,5,33803000,5,33788000,6,33804000,7,33787000,8,33805000,10,33786000,8,33806000,6
33794000,4,33797000,2,33793000,7,33798000,3,33792000,5,33799000,7,33791000,7,33800000,5,33790000,7,33801000,10,33789000,6,33802000,7,33788000,6,33803000,6,33787000,7,33804000,7,33786000,8,33805000,10,33785000,19,33806000,6
33798000,2,33801000,7,33797000,3,33802000,3,33796000,6,33803000,4,33795000,4,33804000,7,33794000,5,33805000,12,33793000,9,33806000,6,33792000,7,33807000,5,33791000,9,33808000,7,33790000,13,33809000,9,33789000,5,33810000,8
33796000,5,33798000,2,33795000,3,33799000,4,33794000,4,33800000,5,33793000,8,33801000,3,33792000,6,33802000,4,33791000,8,33803000,7,33790000,16,33804000,6,33789000,6,33805000,11,33788000,6,33806000,6,33787000,7,33807000,5
33795000,4,33797000,2,33794000,4,33798000,2,33793000,8,33799000,4,33792000,7,33800000,6,33791000,7,33801000,5,33790000,16,33802000,5,33789000,6,33803000,6,33788000,6,33804000,7,33787000,7,33805000,10,33786000,8,33806000,6
33794000,3,33797000,2,33793000,4,33798000,4,33792000,6,33799000,4,33791000,6,33800000,9,33790000,14,33801000,5,33789000,5,33802000,7,33788000,8,33803000,6,33787000,7,33804000,7,33786000,8,33805000,10,33785000,19,33806000,8
33796000,1,33798000,2,33795000,4,33799000,5,33794000,5,33800000,8,33793000,4,33801000,5,33792000,7,33802000,5,33791000,6,33803000,6,33790000,16,33804000,7,33789000,6,33805000,10,33788000,7,33806000,8,33787000,7,33807000,5
33796000,11,33798000,1,33795000,1,33799000,4,33794000,4,33800000,6,33793000,5,33801000,6,33792000,7,33802000,5,33791000,8,33803000,6,33790000,16,33804000,7,33789000,7,33805000,10,33788000,6,33806000,8,33787000,7,33807000,5
33801000,1,33802000,3,33800000,2,33803000,5,33799000,4,33804000,3,33798000,4,33805000,9,33797000,3,33806000,8,33796000,5,33807000,5,33795000,8,33808000,10,33794000,7,33809000,9,33793000,7,33810000,8,33792000,8,33811000,8
33800000,1,33802000,4,33799000,3,33803000,5,33798000,4,33804000,3,33797000,3,33805000,9,33796000,5,33806000,8,33795000,7,33807000,5,33794000,7,33808000,10,33793000,7,33809000,9,33792000,8,33810000,8,33791000,7,33811000,8
33800000,1,33802000,4,33799000,3,33803000,5,33798000,4,33804000,3,33797000,3,33805000,9,33796000,5,33806000,8,33795000,7,33807000,5,33794000,7,33808000,10,33793000,7,33809000,9,33792000,8,33810000,8,33791000,7,33811000,8
33790000,14,33792000,2,33789000,4,33793000,4,33788000,4,33794000,5,33787000,7,33795000,5,33786000,7,33796000,5,33785000,19,33797000,3,33784000,9,33798000,9,33783000,5,33799000,6,33782000,11,33800000,11,33781000,7,33801000,9
33793000,3,33795000,1,33792000,11,33796000,4,33791000,6,33797000,2,33790000,10,33798000,8,33789000,5,33799000,6,33788000,4,33800000,10,33787000,9,33801000,8,33786000,10,33802000,8,33785000,19,33803000,8,33784000,9,33804000,7
33793000,2,33795000,2,33792000,13,33796000,4,33791000,7,33797000,5,33790000,9,33798000,4,33789000,6,33799000,8,33788000,7,33800000,11,33787000,7,33801000,9,33786000,9,33802000,14,33785000,19,33803000,8,33784000,10,33804000,7
33790000,11,33792000,2,33789000,4,33793000,5,33788000,4,33794000,5,33787000,6,33795000,6,33786000,8,33796000,5,33785000,21,33797000,5,33784000,9,33798000,8,33783000,5,33799000,7,33782000,11,33800000,13,33781000,7,33801000,10
33787000,4,33788000,1,33786000,2,33789000,4,33785000,19,33790000,5,33784000,6,33791000,8,33783000,6,33792000,6,33782000,12,33793000,7,33781000,6,33794000,6,33780000,10,33795000,7,33779000,7,33796000,8,33778000,7,33797000,6
33788000,2,33790000,3,33787000,4,33791000,8,33786000,4,33792000,6,33785000,19,33793000,8,33784000,5,33794000,6,33783000,6,33795000,6,33782000,11,33796000,8,33781000,6,33797000,6,33780000,10,33798000,9,33779000,7,33799000,7
33785000,3,33787000,2,33784000,6,33788000,4,33783000,4,33789000,6,33782000,6,33790000,5,33781000,7,33791000,11,33780000,7,33792000,8,33779000,8,33793000,9,33778000,7,33794000,8,33777000,5,33795000,7,33776000,6,33796000,8
33788000,2,33790000,1,33787000,3,33791000,9,33786000,2,33792000,4,33785000,4,33793000,8,33784000,6,33794000,7,33783000,6,33795000,8,33782000,9,33796000,8,33781000,8,33797000,6,33780000,10,33798000,9,33779000,7,33799000,7
33792000,3,33793000,2,33791000,4,33794000,1,33790000,2,33795000,7,33789000,2,33796000,6,33788000,3,33797000,7,33787000,16,33798000,10,33786000,3,33799000,6,33785000,5,33800000,15,33784000,8,33801000,10,33783000,8,33802000,15
33792000,1,33793000,1,33791000,4,33794000,1,33790000,3,33795000,3,33789000,3,33796000,6,33788000,3,33797000,6,33787000,18,33798000,8,33786000,6,33799000,7,33785000,5,33800000,15,33784000,8,33801000,10,33783000,7,33802000,15
33792000,1,33793000,1,33791000,4,33794000,1,33790000,3,33795000,3,33789000,3,33796000,6,33788000,3,33797000,6,33787000,18,33798000,8,33786000,6,33799000,7,33785000,5,33800000,15,33784000,8,33801000,10,33783000,7,33802000,15
33791000,1,33792000,5,33790000,4,33793000,5,33789000,3,33794000,3,33788000,4,33795000,6,33787000,19,33796000,9,33786000,8,33797000,7,33785000,8,33798000,10,33784000,8,33799000,7,33783000,7,33800000,15,33782000,10,33801000,10
33793000,5,33795000,3,33792000,4,33796000,7,33791000,6,33797000,5,33790000,4,33798000,7,33789000,4,33799000,6,33788000,6,33800000,17,33787000,20,33801000,9,33786000,7,33802000,15,33785000,7,33803000,8,33784000,10,33804000,10
33796000,1,33798000,1,33795000,6,33799000,4,33794000,4,33800000,12,33793000,6,33801000,9,33792000,5,33802000,12,33791000,7,33803000,8,33790000,4,33804000,8,33789000,5,33805000,7,33788000,9,33806000,11,33787000,21,33807000,6
33799000,2,33801000,3,33798000,6,33802000,9,33797000,4,33803000,6,33796000,5,33804000,9,33795000,5,33805000,8,33794000,4,33806000,9,33793000,6,33807000,6,33792000,7,33808000,11,33791000,10,33809000,9,33790000,7,33810000,10
33803000,5,33804000,2,33802000,1,33805000,2,33801000,3,33806000,7,33800000,3,33807000,6,33799000,5,33808000,7,33798000,6,33809000,9,33797000,6,33810000,9,33796000,9,33811000,6,33795000,7,33812000,9,33794000,5,33813000,13
33804000,2,33806000,3,33803000,6,33807000,3,33802000,2,33808000,6,33801000,6,33809000,9,33800000,4,33810000,8,33799000,5,33811000,7,33798000,10,33812000,9,33797000,7,33813000,13,33796000,8,33814000,9,33795000,7,33815000,7
33804000,2,33806000,1,33803000,5,33807000,3,33802000,2,33808000,4,33801000,6,33809000,7,33800000,5,33810000,9,33799000,6,33811000,7,33798000,10,33812000,10,33797000,7,33813000,13,33796000,8,33814000,9,33795000,7,33815000,7
33801000,4,33804000,3,33800000,3,33805000,5,33799000,5,33806000,5,33798000,7,33807000,4,33797000,7,33808000,5,33796000,9,33809000,8,33795000,7,33810000,8,33794000,6,33811000,7,33793000,10,33812000,10,33792000,10,33813000,13
33801000,5,33804000,1,33800000,5,33805000,5,33799000,4,33806000,7,33798000,6,33807000,5,33797000,7,33808000,5,33796000,8,33809000,8,33795000,6,33810000,9,33794000,6,33811000,7,33793000,10,33812000,10,33792000,10,33813000,13
33801000,1,33803000,2,33800000,3,33804000,4,33799000,5,33805000,6,33798000,6,33806000,6,33797000,7,33807000,7,33796000,5,33808000,5,33795000,7,33809000,8,33794000,6,33810000,10,33793000,11,33811000,7,33792000,10,33812000,10
33802000,1,33804000,3,33801000,5,33805000,5,33800000,3,33806000,6,33799000,5,33807000,5,33798000,7,33808000,7,33797000,8,33809000,10,33796000,8,33810000,8,33795000,7,33811000,7,33794000,6,33812000,10,33793000,11,33813000,13
33803000,2,33805000,2,33802000,2,33806000,4,33801000,2,33807000,6,33800000,3,33808000,7,33799000,5,33809000,10,33798000,7,33810000,10,33797000,8,33811000,7,33796000,8,33812000,10,33795000,6,33813000,13,33794000,6,33814000,9
33802000,1,33803000,5,33801000,3,33804000,2,33800000,4,33805000,8,33799000,6,33806000,4,33798000,8,33807000,4,33797000,7,33808000,5,33796000,8,33809000,11,33795000,6,33810000,10,33794000,6,33811000,7,33793000,11,33812000,10
33803000,3,33804000,1,33802000,3,33805000,6,33801000,3,33806000,4,33800000,3,33807000,3,33799000,7,33808000,5,33798000,8,33809000,11,33797000,7,33810000,10,33796000,7,33811000,7,33795000,6,33812000,10,33794000,6,33813000,8
33803000,4,33806000,2,33802000,4,33807000,3,33801000,4,33808000,5,33800000,4,33809000,10,33799000,8,33810000,8,33798000,11,33811000,7,33797000,7,33812000,11,33796000,7,33813000,8,33795000,6,33814000,9,33794000,6,33815000,7
33804000,6,33806000,3,33803000,3,33807000,5,33802000,4,33808000,5,33801000,7,33809000,3,33800000,8,33810000,7,33799000,7,33811000,6,33798000,11,33812000,12,33797000,7,33813000,8,33796000,7,33814000,10,33795000,8,33815000,7
33801000,1,33803000,4,33800000,3,33804000,1,33799000,6,33805000,6,33798000,9,33806000,6,33797000,8,33807000,7,33796000,6,33808000,7,33795000,8,33809000,5,33794000,6,33810000,9,33793000,10,33811000,8,33792000,10,33812000,12
33803000,2,33804000,2,33802000,4,33805000,3,33801000,4,33806000,4,33800000,4,33807000,5,33799000,3,33808000,6,33798000,8,33809000,6,33797000,8,33810000,9,33796000,7,33811000,8,33795000,7,33812000,12,33794000,6,33813000,8
33807000,1,33809000,3,33806000,3,33810000,6,33805000,3,33811000,7,33804000,3,33812000,12,33803000,3,33813000,9,33802000,3,33814000,9,33801000,9,33815000,7,33800000,8,33816000,8,33799000,5,33817000,7,33798000,10,33818000,9
33804000,3,33806000,1,33803000,3,33807000,3,33802000,3,33808000,6,33801000,8,33809000,4,33800000,7,33810000,7,33799000,5,33811000,8,33798000,10,33812000,12,33797000,7,33813000,9,33796000,7,33814000,9,33795000,6,33815000,7
33806000,1,33807000,1,33805000,2,33808000,6,33804000,3,33809000,5,33803000,3,33810000,6,33802000,3,33811000,7,33801000,9,33812000,12,33800000,8,33813000,9,33799000,5,33814000,9,33798000,10,33815000,7,33797000,7,33816000,8
33809000,1,33810000,5,33808000,3,33811000,5,33807000,4,33812000,8,33806000,3,33813000,9,33805000,8,33814000,8,33804000,3,33815000,7,33803000,5,33816000,8,33802000,7,33817000,7,33801000,8,33818000,9,33800000,8,33819000,5
33809000,4,33811000,1,33808000,4,33812000,3,33807000,4,33813000,4,33806000,3,33814000,9,33805000,10,33815000,7,33804000,7,33816000,8,33803000,6,33817000,6,33802000,6,33818000,8,33801000,8,33819000,5,33800000,8,33820000,16
33810000,1,33811000,3,33809000,5,33812000,3,33808000,4,33813000,5,33807000,4,33814000,10,33806000,4,33815000,7,33805000,9,33816000,8,33804000,7,33817000,6,33803000,5,33818000,8,33802000,6,33819000,5,33801000,8,33820000,15
33812000,2,33813000,1,33811000,2,33814000,5,33810000,4,33815000,6,33809000,6,33816000,7,33808000,6,33817000,8,33807000,5,33818000,9,33806000,5,33819000,5,33805000,12,33820000,15,33804000,7,33821000,7,33803000,5,33822000,17
33813000,3,33816000,5,33812000,5,33817000,6,33811000,5,33818000,10,33810000,4,33819000,7,33809000,6,33820000,14,33808000,6,33821000,7,33807000,8,33822000,17,33806000,8,33823000,6,33805000,10,33824000,11,33804000,6,33825000,32
33814000,1,33816000,3,33813000,4,33817000,4,33812000,3,33818000,8,33811000,5,33819000,6,33810000,6,33820000,16,33809000,7,33821000,7,33808000,6,33822000,18,33807000,9,33823000,6,33806000,6,33824000,10,33805000,9,33825000,32
33808000,3,33810000,5,33807000,4,33811000,5,33806000,5,33812000,4,33805000,5,33813000,4,33804000,5,33814000,4,33803000,6,33815000,7,33802000,6,33816000,8,33801000,7,33817000,6,33800000,9,33818000,11,33799000,7,33819000,9
33810000,3,33811000,1,33809000,3,33812000,1,33808000,3,33813000,3,33807000,4,33814000,3,33806000,3,33815000,7,33805000,5,33816000,10,33804000,6,33817000,6,33803000,6,33818000,11,33802000,8,33819000,9,33801000,7,33820000,17
33807000,5,33810000,5,33806000,3,33811000,7,33805000,5,33812000,5,33804000,7,33813000,3,33803000,6,33814000,4,33802000,7,33815000,6,33801000,7,33816000,8,33800000,11,33817000,5,33799000,6,33818000,11,33798000,11,33819000,9
33804000,2,33806000,2,33803000,4,33807000,4,33802000,5,33808000,2,33801000,6,33809000,4,33800000,8,33810000,6,33799000,6,33811000,8,33798000,11,33812000,7,33797000,7,33813000,11,33796000,8,33814000,7,33795000,8,33815000,8
33805000,2,33808000,4,33804000,6,33809000,3,33803000,3,33810000,5,33802000,4,33811000,8,33801000,5,33812000,7,33800000,10,33813000,10,33799000,8,33814000,7,33798000,11,33815000,8,33797000,7,33816000,8,33796000,8,33817000,5
33805000,3,33808000,4,33804000,6,33809000,4,33803000,3,33810000,6,33802000,3,33811000,7,33801000,8,33812000,6,33800000,11,33813000,11,33799000,7,33814000,7,33798000,11,33815000,8,33797000,7,33816000,8,33796000,8,33817000,5
33808000,1,33809000,2,33807000,5,33810000,6,33806000,5,33811000,6,33805000,5,33812000,6,33804000,4,33813000,10,33803000,6,33814000,7,33802000,11,33815000,8,33801000,7,33816000,8,33800000,14,33817000,5,33799000,7,33818000,11
33806000,3,33808000,3,33805000,4,33809000,4,33804000,4,33810000,6,33803000,8,33811000,5,33802000,11,33812000,5,33801000,9,33813000,11,33800000,14,33814000,5,33799000,7,33815000,8,33798000,11,33816000,8,33797000,9,33817000,5
33804000,3,33806000,1,33803000,11,33807000,4,33802000,9,33808000,4,33801000,5,33809000,5,33800000,8,33810000,5,33799000,7,33811000,7,33798000,14,33812000,7,33797000,9,33813000,10,33796000,8,33814000,7,33795000,7,33815000,8
33800000,6,33803000,3,33799000,5,33804000,4,33798000,10,33805000,9,33797000,7,33806000,5,33796000,7,33807000,5,33795000,8,33808000,5,33794000,7,33809000,7,33793000,13,33810000,6,33792000,10,33811000,7,33791000,7,33812000,8
33797000,1,33799000,6,33796000,2,33800000,4,33795000,5,33801000,5,33794000,5,33802000,4,33793000,11,33803000,4,33792000,9,33804000,8,33791000,7,33805000,9,33790000,11,33806000,6,33789000,6,33807000,4,33788000,9,33808000,6
33795000,1,33797000,2,33794000,3,33798000,4,33793000,9,33799000,6,33792000,8,33800000,4,33791000,6,33801000,7,33790000,11,33802000,5,33789000,6,33803000,6,33788000,8,33804000,9,33787000,20,33805000,11,33786000,9,33806000,6
33791000,2,33792000,1,33790000,4,33793000,3,33789000,4,33794000,4,33788000,6,33795000,4,33787000,20,33796000,4,33786000,8,33797000,4,33785000,5,33798000,7,33784000,7,33799000,7,33783000,6,33800000,7,33782000,10,33801000,7
33788000,1,33789000,2,33787000,18,33790000,4,33786000,5,33791000,4,33785000,4,33792000,6,33784000,6,33793000,3,33783000,7,33794000,5,33782000,10,33795000,6,33781000,7,33796000,5,33780000,15,33797000,4,33779000,6,33798000,7
33790000,1,33791000,1,33789000,5,33792000,6,33788000,4,33793000,3,33787000,19,33794000,5,33786000,3,33795000,6,33785000,4,33796000,5,33784000,7,33797000,4,33783000,7,33798000,7,33782000,10,33799000,6,33781000,7,33800000,7
33791000,3,33794000,4,33790000,6,33795000,4,33789000,5,33796000,3,33788000,6,33797000,5,33787000,19,33798000,6,33786000,5,33799000,6,33785000,6,33800000,7,33784000,7,33801000,7,33783000,6,33802000,7,33782000,10,33803000,6
33791000,2,33793000,1,33790000,6,33794000,3,33789000,5,33795000,4,33788000,6,33796000,3,33787000,19,33797000,5,33786000,5,33798000,6,33785000,6,33799000,6,33784000,7,33800000,7,33783000,6,33801000,7,33782000,10,33802000,7
33794000,1,33795000,4,33793000,1,33796000,3,33792000,2,33797000,4,33791000,4,33798000,6,33790000,4,33799000,6,33789000,5,33800000,7,33788000,5,33801000,7,33787000,18,33802000,7,33786000,7,33803000,6,33785000,5,33804000,9
33798000,2,33800000,1,33797000,4,33801000,4,33796000,3,33802000,4,33795000,7,33803000,6,33794000,3,33804000,7,33793000,5,33805000,11,33792000,9,33806000,8,33791000,7,33807000,6,33790000,6,33808000,7,33789000,7,33809000,5
33801000,1,33803000,2,33800000,4,33804000,5,33799000,2,33805000,6,33798000,3,33806000,5,33797000,5,33807000,7,33796000,7,33808000,6,33795000,9,33809000,5,33794000,5,33810000,7,33793000,6,33811000,7,33792000,9,33812000,8
33800000,1,33801000,3,33799000,1,33802000,3,33798000,3,33803000,4,33797000,3,33804000,4,33796000,7,33805000,4,33795000,9,33806000,7,33794000,5,33807000,6,33793000,5,33808000,6,33792000,9,33809000,5,33791000,7,33810000,7
33797000,2,33799000,4,33796000,3,33800000,4,33795000,7,33801000,4,33794000,3,33802000,5,33793000,6,33803000,3,33792000,9,33804000,6,33791000,7,33805000,10,33790000,7,33806000,7,33789000,9,33807000,5,33788000,14,33808000,7
33797000,1,33799000,4,33796000,4,33800000,4,33795000,9,33801000,5,33794000,3,33802000,7,33793000,5,33803000,6,33792000,8,33804000,7,33791000,6,33805000,10,33790000,7,33806000,6,33789000,9,33807000,5,33788000,14,33808000,7
33801000,3,33803000,1,33800000,2,33804000,2,33799000,5,33805000,7,33798000,3,33806000,4,33797000,4,33807000,7,33796000,5,33808000,8,33795000,12,33809000,5,33794000,6,33810000,7,33793000,6,33811000,7,33792000,9,33812000,8
33804000,2,33806000,2,33803000,3,33807000,4,33802000,4,33808000,5,33801000,5,33809000,4,33800000,2,33810000,6,33799000,8,33811000,7,33798000,7,33812000,8,33797000,6,33813000,10,33796000,8,33814000,9,33795000,11,33815000,7
33807000,1,33809000,2,33806000,3,33810000,5,33805000,5,33811000,5,33804000,12,33812000,6,33803000,4,33813000,10,33802000,6,33814000,8,33801000,8,33815000,7,33800000,5,33816000,8,33799000,7,33817000,6,33798000,6,33818000,10
33808000,3,33811000,3,33807000,4,33812000,9,33806000,4,33813000,8,33805000,4,33814000,7,33804000,3,33815000,8,33803000,4,33816000,9,33802000,6,33817000,6,33801000,7,33818000,9,33800000,5,33819000,7,33799000,6,33820000,16
33815000,1,33816000,3,33813000,6,33817000,4,33812000,4,33818000,7,33811000,3,33819000,5,33810000,4,33820000,14,33809000,6,33821000,8,33808000,6,33822000,15,33807000,7,33823000,6,33806000,7,33824000,7,33805000,14,33825000,8
33815000,2,33818000,5,33814000,3,33819000,5,33813000,4,33820000,17,33812000,4,33821000,8,33811000,3,33822000,14,33810000,5,33823000,6,33809000,9,33824000,7,33808000,8,33825000,8,33807000,6,33826000,9,33806000,7,33827000,6
33820000,3,33821000,1,33819000,3,33822000,11,33818000,2,33823000,5,33817000,4,33824000,5,33816000,4,33825000,9,33815000,3,33826000,9,33814000,4,33827000,6,33813000,6,33828000,8,33812000,8,33829000,5,33811000,6,33830000,11
33818000,3,33821000,4,33817000,4,33822000,7,33816000,4,33823000,5,33815000,3,33824000,6,33814000,4,33825000,9,33813000,6,33826000,9,33812000,8,33827000,7,33811000,6,33828000,8,33810000,7,33829000,5,33809000,8,33830000,11
33818000,3,33821000,4,33817000,4,33822000,7,33816000,4,33823000,5,33815000,3,33824000,6,33814000,4,33825000,9,33813000,6,33826000,9,33812000,8,33827000,7,33811000,6,33828000,8,33810000,7,33829000,5,33809000,8,33830000,11
33810000,3,33812000,1,33809000,3,33813000,2,33808000,5,33814000,3,33807000,4,33815000,5,33806000,6,33816000,2,33805000,14,33817000,5,33804000,4,33818000,7,33803000,5,33819000,7,33802000,7,33820000,9,33801000,8,33821000,6
33814000,3,33815000,1,33813000,2,33816000,1,33812000,3,33817000,4,33811000,4,33818000,5,33810000,3,33819000,6,33809000,6,33820000,9,33808000,6,33821000,6,33807000,7,33822000,10,33806000,7,33823000,8,33805000,14,33824000,7
33814000,4,33816000,1,33813000,2,33817000,1,33812000,3,33818000,4,33811000,4,33819000,4,33810000,3,33820000,7,33809000,8,33821000,7,33808000,8,33822000,8,33807000,7,33823000,8,33806000,7,33824000,7,33805000,14,33825000,8
33818000,1,33820000,2,33817000,4,33821000,3,33816000,5,33822000,7,33815000,3,33823000,7,33814000,3,33824000,7,33813000,3,33825000,8,33812000,6,33826000,9,33811000,7,33827000,6,33810000,6,33828000,8,33809000,8,33829000,5
33821000,1,33824000,3,33820000,4,33825000,7,33819000,4,33826000,7,33818000,5,33827000,7,33817000,6,33828000,6,33816000,6,33829000,5,33815000,6,33830000,12,33814000,6,33831000,7,33813000,3,33832000,18,33812000,5,33833000,7
33818000,1,33821000,3,33817000,4,33822000,5,33816000,4,33823000,3,33815000,4,33824000,5,33814000,5,33825000,5,33813000,3,33826000,6,33812000,6,33827000,5,33811000,6,33828000,8,33810000,7,33829000,6,33809000,8,33830000,11
33823000,2,33824000,2,33822000,2,33825000,4,33821000,4,33826000,4,33820000,10,33827000,5,33819000,3,33828000,8,33818000,7,33829000,5,33817000,5,33830000,11,33816000,9,33831000,6,33815000,5,33832000,17,33814000,5,33833000,7
33826000,1,33827000,1,33825000,2,33828000,4,33824000,5,33829000,4,33823000,5,33830000,10,33822000,6,33831000,6,33821000,5,33832000,17,33820000,11,33833000,8,33819000,5,33834000,8,33818000,11,33835000,5,33817000,7,33836000,10
33827000,7,33830000,5,33826000,2,33831000,5,33825000,5,33832000,17,33824000,5,33833000,8,33823000,4,33834000,7,33822000,6,33835000,4,33821000,8,33836000,8,33820000,14,33837000,6,33819000,8,33838000,10,33818000,9,33839000,12
33831000,3,33834000,3,33830000,3,33835000,3,33829000,4,33836000,6,33828000,6,33837000,6,33827000,8,33838000,10,33826000,4,33839000,12,33825000,6,33840000,16,33824000,7,33841000,6,33823000,6,33842000,10,33822000,8,33843000,6
33832000,1,33834000,1,33831000,3,33835000,3,33830000,3,33836000,6,33829000,4,33837000,6,33828000,6,33838000,10,33827000,8,33839000,12,33826000,4,33840000,16,33825000,6,33841000,6,33824000,7,33842000,9,33823000,7,33843000,6
33834000,2,33837000,16,33833000,5,33838000,2,33832000,5,33839000,10,33831000,6,33840000,15,33830000,4,33841000,6,33829000,5,33842000,9,33828000,8,33843000,7,33827000,8,33844000,11,33826000,4,33845000,6,33825000,6,33846000,9
33831000,3,33833000,1,33830000,3,33834000,2,33829000,4,33835000,3,33828000,6,33836000,1,33827000,7,33837000,15,33826000,5,33838000,3,33825000,6,33839000,12,33824000,7,33840000,16,33823000,7,33841000,6,33822000,8,33842000,9
33826000,3,33827000,15,33825000,6,33830000,1,33824000,6,33831000,5,33823000,9,33832000,4,33822000,8,33833000,4,33821000,7,33834000,3,33820000,6,33835000,6,33819000,9,33836000,6,33818000,10,33837000,2,33817000,11,33838000,5
33828000,3,33831000,3,33827000,5,33832000,3,33826000,12,33833000,3,33825000,5,33834000,3,33824000,4,33835000,7,33823000,9,33836000,7,33822000,8,33837000,1,33821000,8,33838000,6,33820000,6,33839000,12,33819000,9,33840000,16
33831000,1,33834000,3,33830000,3,33835000,6,33829000,3,33836000,4,33828000,4,33837000,2,33827000,7,33838000,5,33826000,14,33839000,13,33825000,5,33840000,16,33824000,7,33841000,6,33823000,8,33842000,11,33822000,8,33843000,7
33830000,1,33832000,7,33829000,4,33833000,3,33828000,5,33834000,3,33827000,6,33835000,6,33826000,16,33836000,3,33825000,7,33837000,2,33824000,7,33838000,5,33823000,8,33839000,14,33822000,8,33840000,16,33821000,7,33841000,6
33830000,4,33833000,2,33829000,5,33834000,3,33828000,4,33835000,11,33827000,4,33836000,5,33826000,12,33837000,4,33825000,6,33838000,6,33824000,8,33839000,11,33823000,9,33840000,16,33822000,8,33841000,6,33821000,7,33842000,10
33830000,1,33831000,3,33827000,4,33832000,2,33826000,11,33833000,4,33825000,5,33834000,2,33824000,4,33835000,12,33823000,10,33836000,5,33822000,8,33837000,4,33821000,7,33838000,5,33820000,6,33839000,11,33819000,8,33840000,16
33827000,1,33829000,3,33826000,11,33830000,5,33825000,5,33831000,3,33824000,4,33832000,2,33823000,9,33833000,6,33822000,7,33834000,3,33821000,7,33835000,12,33820000,6,33836000,7,33819000,8,33837000,3,33818000,10,33838000,5
33823000,3,33825000,2,33822000,6,33826000,4,33821000,5,33827000,4,33820000,7,33828000,3,33819000,5,33829000,3,33818000,9,33830000,6,33817000,7,33831000,4,33816000,10,33832000,7,33815000,17,33833000,6,33814000,8,33834000,4
33820000,3,33823000,2,33819000,4,33824000,4,33818000,6,33825000,3,33817000,8,33826000,5,33816000,8,33827000,5,33815000,17,33828000,5,33814000,8,33829000,3,33813000,5,33830000,10,33812000,8,33831000,4,33811000,11,33832000,7
33817000,3,33819000,1,33816000,5,33820000,3,33815000,17,33821000,3,33814000,7,33822000,4,33813000,5,33823000,7,33812000,9,33824000,4,33811000,8,33825000,5,33810000,7,33826000,6,33809000,7,33827000,4,33808000,10,33828000,5
33818000,2,33820000,1,33817000,5,33821000,3,33816000,4,33822000,5,33815000,15,33823000,8,33814000,6,33824000,4,33813000,4,33825000,5,33812000,8,33826000,6,33811000,10,33827000,3,33810000,9,33828000,5,33809000,7,33829000,3
33819000,3,33822000,4,33818000,5,33823000,6,33817000,5,33824000,3,33816000,4,33825000,4,33815000,15,33826000,5,33814000,7,33827000,5,33813000,6,33828000,5,33812000,9,33829000,3,33811000,10,33830000,9,33810000,8,33831000,6
33823000,3,33825000,1,33822000,5,33826000,3,33821000,3,33827000,3,33820000,6,33828000,4,33819000,5,33829000,5,33818000,8,33830000,8,33817000,5,33831000,6,33816000,8,33832000,7,33815000,16,33833000,6,33814000,9,33834000,5
33825000,2,33828000,3,33824000,4,33829000,4,33823000,4,33830000,4,33822000,5,33831000,6,33821000,4,33832000,5,33820000,7,33833000,7,33819000,7,33834000,5,33818000,10,33835000,13,33817000,6,33836000,5,33816000,8,33837000,3
33826000,3,33829000,1,33825000,4,33830000,4,33824000,4,33831000,5,33823000,4,33832000,5,33822000,5,33833000,7,33821000,5,33834000,4,33820000,8,33835000,13,33819000,7,33836000,5,33818000,10,33837000,3,33817000,6,33838000,7
33823000,2,33826000,2,33822000,5,33827000,4,33821000,3,33828000,4,33820000,7,33829000,4,33819000,6,33830000,5,33818000,9,33831000,5,33817000,6,33832000,5,33816000,8,33833000,7,33815000,16,33834000,5,33814000,9,33835000,13
33823000,2,33826000,3,33822000,4,33827000,4,33821000,3,33828000,3,33820000,7,33829000,5,33819000,6,33830000,6,33818000,8,33831000,5,33817000,6,33832000,6,33816000,8,33833000,6,33815000,16,33834000,5,33814000,9,33835000,13
33824000,3,33826000,1,33823000,3,33827000,3,33822000,4,33828000,3,33821000,3,33829000,5,33820000,7,33830000,7,33819000,6,33831000,5,33818000,8,33832000,6,33817000,6,33833000,6,33816000,8,33834000,5,33815000,16,33835000,13
33825000,2,33826000,2,33824000,3,33827000,1,33823000,3,33828000,3,33822000,4,33829000,4,33821000,4,33830000,5,33820000,7,33831000,5,33819000,7,33832000,6,33818000,9,33833000,5,33817000,6,33834000,5,33816000,8,33835000,14
33823000,3,33825000,2,33822000,4,33826000,3,33821000,4,33827000,3,33820000,7,33828000,4,33819000,7,33829000,4,33818000,9,33830000,4,33817000,6,33831000,5,33816000,8,33832000,7,33815000,16,33833000,5,33814000,9,33834000,5
33824000,3,33826000,1,33823000,5,33827000,3,33822000,4,33828000,4,33821000,3,33829000,4,33820000,6,33830000,6,33819000,8,33831000,6,33818000,9,33832000,8,33817000,7,33833000,5,33816000,9,33834000,5,33815000,17,33835000,12
33827000,2,33830000,3,33826000,4,33831000,4,33825000,8,33832000,4,33824000,3,33833000,6,33823000,6,33834000,4,33822000,4,33835000,13,33821000,6,33836000,6,33820000,7,33837000,3,33819000,8,33838000,7,33818000,9,33839000,12
33826000,3,33829000,3,33825000,8,33830000,3,33824000,3,33831000,5,33823000,7,33832000,5,33822000,7,33833000,5,33821000,5,33834000,5,33820000,7,33835000,12,33819000,8,33836000,7,33818000,9,33837000,3,33817000,8,33838000,7
33828000,2,33829000,1,33827000,13,33831000,3,33826000,2,33832000,8,33825000,4,33833000,5,33824000,4,33834000,5,33823000,7,33835000,11,33822000,5,33836000,6,33821000,5,33837000,3,33820000,7,33838000,7,33819000,8,33839000,11
33831000,1,33832000,2,33830000,5,33833000,3,33829000,3,33834000,3,33828000,3,33835000,11,33827000,23,33836000,5,33826000,2,33837000,3,33825000,5,33838000,7,33824000,5,33839000,11,33823000,10,33840000,16,33822000,7,33841000,7
33831000,1,33833000,1,33830000,6,33834000,3,33829000,3,33835000,9,33828000,3,33836000,5,33827000,24,33837000,3,33826000,5,33838000,6,33825000,7,33839000,11,33824000,7,33840000,16,33823000,9,33841000,6,33822000,7,33842000,9
33832000,1,33834000,2,33831000,4,33835000,8,33830000,6,33836000,4,33829000,3,33837000,2,33828000,4,33838000,6,33827000,24,33839000,11,33826000,7,33840000,17,33825000,7,33841000,6,33824000,7,33842000,9,33823000,9,33843000,7
33829000,1,33831000,2,33828000,3,33832000,3,33827000,23,33833000,5,33826000,4,33834000,3,33825000,7,33835000,9,33824000,6,33836000,5,33823000,9,33837000,5,33822000,7,33838000,8,33821000,6,33839000,11,33820000,8,33840000,16
33826000,1,33828000,3,33825000,3,33829000,3,33824000,4,33830000,4,33823000,5,33831000,6,33822000,4,33832000,2,33821000,4,33833000,6,33820000,7,33834000,7,33819000,9,33835000,8,33818000,9,33836000,8,33817000,7,33837000,4
33826000,3,33829000,3,33825000,6,33830000,4,33824000,4,33831000,6,33823000,5,33832000,3,33822000,4,33833000,6,33821000,5,33834000,7,33820000,8,33835000,8,33819000,9,33836000,7,33818000,9,33837000,4,33817000,7,33838000,7
33829000,1,33830000,1,33828000,3,33831000,3,33827000,4,33832000,2,33826000,4,33833000,7,33825000,7,33834000,5,33824000,4,33835000,8,33823000,7,33836000,7,33822000,8,33837000,4,33821000,5,33838000,7,33820000,7,33839000,11
33825000,3,33828000,2,33824000,5,33829000,3,33823000,4,33830000,2,33822000,4,33831000,6,33821000,5,33832000,5,33820000,8,33833000,5,33819000,9,33834000,5,33818000,9,33835000,10,33817000,7,33836000,7,33816000,11,33837000,5
33828000,2,33831000,3,33827000,5,33832000,4,33826000,4,33833000,5,33825000,4,33834000,4,33824000,5,33835000,11,33823000,8,33836000,7,33822000,5,33837000,5,33821000,5,33838000,7,33820000,7,33839000,11,33819000,8,33840000,17
33833000,1,33835000,8,33832000,2,33836000,2,33831000,4,33837000,5,33830000,4,33838000,7,33829000,4,33839000,11,33828000,4,33840000,17,33827000,5,33841000,6,33826000,13,33842000,9,33825000,5,33843000,17,33824000,7,33844000,11
33835000,1,33837000,2,33834000,2,33838000,3,33833000,3,33839000,10,33832000,4,33840000,15,33831000,3,33841000,7,33830000,6,33842000,10,33829000,6,33843000,17,33828000,8,33844000,11,33827000,5,33845000,7,33826000,14,33846000,9
33831000,2,33833000,1,33830000,4,33834000,3,33829000,4,33835000,2,33828000,4,33836000,3,33827000,7,33837000,5,33826000,13,33838000,4,33825000,7,33839000,8,33824000,9,33840000,8,33823000,8,33841000,4,33822000,8,33842000,7
33833000,3,33836000,3,33832000,4,33837000,4,33831000,4,33838000,3,33830000,4,33839000,8,33829000,4,33840000,7,33828000,5,33841000,4,33827000,8,33842000,7,33826000,15,33843000,16,33825000,8,33844000,11,33824000,9,33845000,7
33833000,3,33836000,2,33832000,4,33837000,4,33831000,4,33838000,3,33830000,4,33839000,7,33829000,4,33840000,7,33828000,6,33841000,4,33827000,8,33842000,8,33826000,15,33843000,16,33825000,7,33844000,11,33824000,9,33845000,7
33833000,2,33835000,1,33832000,4,33836000,3,33831000,4,33837000,3,33830000,4,33838000,4,33829000,4,33839000,9,33828000,6,33840000,9,33827000,7,33841000,4,33826000,15,33842000,7,33825000,8,33843000,16,33824000,9,33844000,11
33836000,2,33839000,5,33835000,6,33840000,8,33834000,3,33841000,3,33833000,4,33842000,5,33832000,4,33843000,18,33831000,6,33844000,11,33830000,7,33845000,7,33829000,5,33846000,9,33828000,7,33847000,7,33827000,7,33848000,8
33835000,3,33837000,3,33834000,3,33838000,3,33833000,3,33839000,3,33832000,5,33840000,9,33831000,7,33841000,4,33830000,7,33842000,5,33829000,5,33843000,18,33828000,7,33844000,10,33827000,7,33845000,7,33826000,14,33846000,9
33834000,3,33837000,3,33833000,6,33838000,3,33832000,4,33839000,5,33831000,4,33840000,10,33830000,5,33841000,4,33829000,5,33842000,6,33828000,8,33843000,18,33827000,7,33844000,10,33826000,14,33845000,7,33825000,8,33846000,9
33835000,1,33837000,1,33834000,4,33838000,4,33833000,6,33839000,4,33832000,4,33840000,9,33831000,4,33841000,3,33830000,6,33842000,5,33829000,5,33843000,18,33828000,8,33844000,10,33827000,7,33845000,7,33826000,14,33846000,9
33834000,3,33837000,3,33833000,5,33838000,5,33832000,5,33839000,4,33831000,4,33840000,10,33830000,6,33841000,4,33829000,5,33842000,5,33828000,8,33843000,18,33827000,7,33844000,19,33826000,14,33845000,7,33825000,8,33846000,9
33826000,9,33828000,2,33825000,6,33829000,5,33824000,6,33830000,4,33823000,9,33831000,6,33822000,6,33832000,2,33821000,5,33833000,4,33820000,9,33834000,5,33819000,9,33835000,5,33818000,9,33836000,4,33817000,9,33837000,5
33825000,3,33827000,3,33824000,4,33828000,3,33823000,8,33829000,4,33822000,6,33830000,5,33821000,4,33831000,9,33820000,11,33832000,3,33819000,9,33833000,5,33818000,9,33834000,5,33817000,8,33835000,5,33816000,13,33836000,4
33822000,2,33824000,5,33821000,5,33825000,3,33820000,8,33826000,5,33819000,8,33827000,4,33818000,6,33828000,11,33817000,9,33829000,4,33816000,11,33830000,5,33815000,16,33831000,5,33814000,9,33832000,6,33813000,17,33833000,5
33824000,1,33825000,1,33823000,2,33826000,4,33822000,3,33827000,5,33821000,5,33828000,11,33820000,8,33829000,5,33819000,8,33830000,6,33818000,7,33831000,4,33817000,8,33832000,6,33816000,11,33833000,5,33815000,16,33834000,6
33826000,3,33828000,1,33825000,4,33829000,4,33824000,3,33830000,6,33823000,2,33831000,5,33822000,4,33832000,6,33821000,6,33833000,5,33820000,9,33834000,6,33819000,9,33835000,4,33818000,10,33836000,4,33817000,7,33837000,5
33825000,2,33828000,4,33824000,3,33829000,4,33823000,2,33830000,6,33822000,3,33831000,4,33821000,8,33832000,6,33820000,10,33833000,5,33819000,9,33834000,7,33818000,9,33835000,4,33817000,7,33836000,4,33816000,11,33837000,5
33822000,2,33825000,3,33821000,4,33826000,4,33820000,7,33827000,10,33819000,8,33828000,5,33818000,6,33829000,3,33817000,9,33830000,7,33816000,11,33831000,5,33815000,16,33832000,6,33814000,9,33833000,5,33813000,15,33834000,6
33823000,3,33825000,4,33822000,4,33826000,7,33821000,3,33827000,3,33820000,4,33828000,7,33819000,6,33829000,3,33818000,6,33830000,7,33817000,9,33831000,4,33816000,11,33832000,7,33815000,16,33833000,6,33814000,9,33834000,6
33822000,1,33823000,2,33821000,2,33824000,3,33820000,1,33825000,5,33819000,7,33826000,7,33818000,6,33827000,3,33817000,9,33828000,6,33816000,11,33829000,3,33815000,17,33830000,6,33814000,9,33831000,4,33813000,15,33832000,7
33819000,2,33820000,2,33818000,2,33821000,4,33817000,4,33822000,3,33816000,8,33823000,2,33815000,17,33824000,3,33814000,9,33825000,12,33813000,15,33826000,3,33812000,8,33827000,6,33811000,9,33828000,6,33810000,7,33829000,3
33821000,2,33822000,2,33820000,4,33823000,2,33819000,5,33824000,4,33818000,5,33825000,10,33817000,5,33826000,3,33816000,8,33827000,6,33815000,16,33828000,6,33814000,10,33829000,4,33813000,15,33830000,7,33812000,9,33831000,5
33822000,3,33825000,8,33821000,5,33826000,2,33820000,3,33827000,6,33819000,6,33828000,6,33818000,5,33829000,4,33817000,6,33830000,7,33816000,11,33831000,5,33815000,17,33832000,7,33814000,10,33833000,7,33813000,15,33834000,7
33820000,9,33822000,3,33819000,4,33823000,3,33818000,4,33824000,7,33817000,5,33825000,4,33816000,10,33826000,2,33815000,17,33827000,5,33814000,9,33828000,6,33813000,15,33829000,4,33812000,9,33830000,8,33811000,9,33831000,4
33822000,1,33823000,1,33821000,9,33824000,4,33820000,3,33825000,6,33819000,5,33826000,10,33818000,6,33827000,8,33817000,8,33828000,9,33816000,10,33829000,5,33815000,21,33830000,9,33814000,10,33831000,5,33813000,9,33832000,7
33825000,3,33826000,9,33824000,4,33827000,6,33823000,5,33828000,6,33822000,4,33829000,3,33821000,10,33830000,6,33820000,6,33831000,7,33819000,9,33832000,8,33818000,10,33833000,6,33817000,9,33834000,9,33816000,12,33835000,10
33829000,1,33830000,2,33828000,2,33831000,4,33827000,8,33832000,5,33826000,7,33833000,7,33825000,6,33834000,9,33824000,4,33835000,8,33823000,9,33836000,7,33822000,7,33837000,6,33821000,14,33838000,8,33820000,8,33839000,11
33830000,7,33832000,2,33829000,17,33833000,3,33828000,12,33834000,8,33827000,7,33835000,7,33826000,8,33836000,5,33825000,8,33837000,8,33824000,7,33838000,9,33823000,8,33839000,9,33822000,7,33840000,12,33821000,14,33841000,5
33829000,1,33831000,2,33828000,13,33832000,3,33827000,7,33833000,6,33826000,7,33834000,6,33825000,9,33835000,6,33824000,9,33836000,6,33823000,7,33837000,8,33822000,7,33838000,9,33821000,13,33839000,10,33820000,8,33840000,13
33830000,1,33832000,2,33829000,2,33833000,8,33828000,12,33834000,6,33827000,2,33835000,7,33826000,9,33836000,6,33825000,9,33837000,9,33824000,8,33838000,8,33823000,8,33839000,10,33822000,8,33840000,12,33821000,13,33841000,5
33827000,4,33828000,1,33826000,7,33830000,3,33825000,6,33831000,6,33824000,5,33832000,4,33823000,7,33833000,6,33822000,8,33834000,6,33821000,13,33835000,6,33820000,8,33836000,6,33819000,7,33837000,7,33818000,9,33838000,7
33825000,2,33827000,3,33824000,5,33828000,3,33823000,6,33829000,4,33822000,6,33830000,8,33821000,13,33831000,5,33820000,8,33832000,4,33819000,7,33833000,10,33818000,9,33834000,8,33817000,9,33835000,6,33816000,12,33836000,7
33823000,3,33825000,2,33822000,5,33826000,3,33821000,11,33827000,4,33820000,5,33828000,2,33819000,6,33829000,5,33818000,9,33830000,11,33817000,8,33831000,5,33816000,11,33832000,4,33815000,22,33833000,8,33814000,9,33834000,8
33824000,1,33825000,1,33823000,3,33826000,3,33822000,4,33827000,3,33821000,9,33828000,4,33820000,4,33829000,4,33819000,5,33830000,9,33818000,6,33831000,5,33817000,8,33832000,4,33816000,11,33833000,6,33815000,22,33834000,8
33826000,23,33827000,1,33825000,3,33828000,5,33824000,3,33829000,4,33823000,4,33830000,9,33822000,4,33831000,5,33821000,3,33832000,5,33820000,5,33833000,8,33819000,7,33834000,8,33818000,7,33835000,6,33817000,11,33836000,7
33830000,2,33831000,2,33829000,8,33832000,1,33828000,3,33833000,6,33827000,2,33834000,5,33826000,24,33835000,7,33825000,5,33836000,8,33824000,5,33837000,6,33823000,6,33838000,7,33822000,6,33839000,10,33821000,5,33840000,11
33835000,17,33836000,5,33833000,2,33837000,5,33832000,7,33838000,5,33831000,2,33839000,11,33830000,3,33840000,10,33829000,8,33841000,5,33828000,3,33842000,6,33827000,4,33843000,17,33826000,3,33844000,20,33825000,7,33845000,9
33832000,7,33833000,1,33831000,1,33834000,4,33830000,3,33835000,3,33829000,8,33836000,5,33828000,4,33837000,3,33827000,4,33838000,6,33826000,3,33839000,11,33825000,6,33840000,9,33824000,6,33841000,6,33823000,6,33842000,6
33829000,12,33831000,2,33828000,3,33832000,3,33827000,3,33833000,4,33826000,3,33834000,6,33825000,6,33835000,4,33824000,6,33836000,6,33823000,6,33837000,6,33822000,7,33838000,8,33821000,4,33839000,11,33820000,7,33840000,15
33824000,4,33827000,4,33823000,4,33828000,4,33822000,6,33829000,3,33821000,3,33830000,4,33820000,5,33831000,9,33819000,10,33832000,5,33818000,7,33833000,7,33817000,8,33834000,9,33816000,9,33835000,4,33815000,21,33836000,7
33821000,1,33823000,4,33820000,3,33824000,5,33819000,9,33825000,5,33818000,6,33826000,3,33817000,7,33827000,5,33816000,9,33828000,5,33815000,21,33829000,4,33814000,9,33830000,10,33813000,8,33831000,9,33812000,9,33832000,5
33817000,1,33819000,1,33816000,5,33820000,4,33815000,21,33821000,3,33814000,6,33822000,4,33813000,6,33823000,5,33812000,9,33824000,6,33811000,9,33825000,5,33810000,7,33826000,6,33809000,6,33827000,6,33808000,10,33828000,7
33821000,2,33822000,1,33820000,4,33823000,1,33819000,5,33824000,4,33818000,6,33825000,5,33817000,5,33826000,3,33816000,6,33827000,7,33815000,19,33828000,6,33814000,9,33829000,4,33813000,6,33830000,8,33812000,9,33831000,10
33817000,6,33819000,1,33816000,4,33820000,3,33815000,19,33821000,4,33814000,7,33822000,11,33813000,7,33823000,5,33812000,9,33824000,5,33811000,9,33825000,4,33810000,8,33826000,7,33809000,6,33827000,5,33808000,10,33828000,6
33818000,1,33819000,1,33817000,2,33820000,3,33816000,4,33821000,4,33815000,18,33822000,12,33814000,7,33823000,7,33813000,5,33824000,5,33812000,7,33825000,4,33811000,9,33826000,7,33810000,8,33827000,5,33809000,6,33828000,6
33818000,1,33819000,1,33817000,2,33820000,3,33816000,4,33821000,4,33815000,18,33822000,12,33814000,7,33823000,7,33813000,5,33824000,5,33812000,7,33825000,4,33811000,9,33826000,7,33810000,8,33827000,5,33809000,6,33828000,6
33821000,1,33823000,2,33820000,3,33824000,4,33819000,5,33825000,3,33818000,7,33826000,4,33817000,4,33827000,5,33816000,8,33828000,7,33815000,19,33829000,5,33814000,10,33830000,8,33813000,6,33831000,10,33812000,10,33832000,6
33826000,1,33828000,2,33825000,4,33829000,4,33824000,3,33830000,5,33823000,6,33831000,9,33822000,5,33832000,5,33821000,8,33833000,6,33820000,6,33834000,8,33819000,9,33835000,6,33818000,10,33836000,7,33817000,8,33837000,6
33818000,8,33819000,7,33817000,7,33821000,4,33816000,7,33822000,12,33815000,18,33823000,3,33814000,10,33824000,2,33813000,6,33825000,5,33812000,9,33826000,5,33811000,9,33827000,5,33810000,8,33828000,7,33809000,6,33829000,6
33816000,3,33819000,4,33815000,16,33820000,3,33814000,6,33821000,3,33813000,6,33822000,14,33812000,7,33823000,6,33811000,9,33824000,5,33810000,9,33825000,7,33809000,6,33826000,6,33808000,10,33827000,5,33807000,9,33828000,7
33818000,2,33820000,3,33817000,5,33821000,3,33816000,3,33822000,12,33815000,5,33823000,5,33814000,6,33824000,4,33813000,6,33825000,7,33812000,9,33826000,8,33811000,10,33827000,16,33810000,9,33828000,17,33809000,5,33829000,16
33816000,4,33819000,3,33815000,5,33820000,4,33814000,6,33821000,4,33813000,6,33822000,12,33812000,7,33823000,5,33811000,10,33824000,5,33810000,9,33825000,7,33809000,5,33826000,18,33808000,10,33827000,16,33807000,9,33828000,17
33819000,1,33820000,3,33818000,4,33821000,4,33817000,3,33822000,12,33816000,3,33823000,5,33815000,5,33824000,3,33814000,5,33825000,7,33813000,7,33826000,8,33812000,7,33827000,6,33811000,9,33828000,9,33810000,9,33829000,6
33821000,2,33823000,1,33820000,4,33824000,1,33819000,3,33825000,7,33818000,7,33826000,6,33817000,5,33827000,6,33816000,6,33828000,9,33815000,6,33829000,6,33814000,8,33830000,11,33813000,6,33831000,10,33812000,7,33832000,7
33822000,1,33823000,2,33821000,2,33824000,4,33820000,5,33825000,3,33819000,4,33826000,4,33818000,7,33827000,5,33817000,5,33828000,10,33816000,8,33829000,7,33815000,6,33830000,10,33814000,9,33831000,10,33813000,5,33832000,7
33824000,1,33825000,2,33823000,2,33826000,3,33822000,8,33827000,3,33821000,2,33828000,10,33820000,5,33829000,6,33819000,5,33830000,9,33818000,6,33831000,10,33817000,7,33832000,7,33816000,9,33833000,5,33815000,6,33834000,9
33826000,1,33828000,3,33825000,3,33829000,4,33824000,3,33830000,7,33823000,4,33831000,11,33822000,10,33832000,5,33821000,4,33833000,5,33820000,8,33834000,9,33819000,7,33835000,6,33818000,8,33836000,8,33817000,7,33837000,5
33824000,1,33825000,2,33823000,4,33826000,2,33822000,8,33827000,5,33821000,4,33828000,5,33820000,7,33829000,4,33819000,6,33830000,5,33818000,8,33831000,10,33817000,7,33832000,8,33816000,7,33833000,8,33815000,6,33834000,11
33826000,1,33827000,2,33825000,3,33828000,2,33824000,4,33829000,4,33823000,4,33830000,5,33822000,8,33831000,10,33821000,4,33832000,8,33820000,7,33833000,8,33819000,6,33834000,11,33818000,8,33835000,6,33817000,7,33836000,7
33824000,2,33826000,2,33823000,4,33827000,4,33822000,8,33828000,6,33821000,4,33829000,8,33820000,7,33830000,6,33819000,6,33831000,12,33818000,8,33832000,8,33817000,7,33833000,8,33816000,7,33834000,10,33815000,6,33835000,6
33820000,1,33821000,2,33819000,2,33822000,4,33818000,7,33823000,3,33817000,5,33824000,3,33816000,4,33825000,7,33815000,5,33826000,9,33814000,10,33827000,6,33813000,5,33828000,11,33812000,7,33829000,10,33811000,9,33830000,12
33822000,2,33823000,1,33821000,4,33824000,3,33820000,5,33825000,6,33819000,4,33826000,14,33818000,5,33827000,15,33817000,6,33828000,22,33816000,7,33829000,16,33815000,9,33830000,23,33814000,10,33831000,22,33813000,5,33832000,21
33824000,2,33826000,1,33823000,6,33827000,3,33822000,4,33828000,4,33821000,2,33829000,5,33820000,5,33830000,8,33819000,7,33831000,14,33818000,7,33832000,10,33817000,10,33833000,9,33816000,9,33834000,10,33815000,7,33835000,4
33824000,2,33826000,1,33823000,5,33827000,3,33822000,4,33828000,4,33821000,2,33829000,5,33820000,5,33830000,8,33819000,8,33831000,14,33818000,8,33832000,10,33817000,10,33833000,9,33816000,9,33834000,10,33815000,7,33835000,4
33825000,8,33827000,3,33824000,2,33828000,3,33823000,2,33829000,5,33822000,4,33830000,7,33821000,3,33831000,12,33820000,6,33832000,9,33819000,7,33833000,8,33818000,7,33834000,10,33817000,8,33835000,4,33816000,8,33836000,8
33825000,8,33827000,3,33824000,2,33828000,3,33823000,2,33829000,5,33822000,4,33830000,7,33821000,3,33831000,12,33820000,6,33832000,9,33819000,7,33833000,8,33818000,7,33834000,10,33817000,8,33835000,4,33816000,8,33836000,8
33824000,4,33827000,4,33823000,3,33828000,3,33822000,3,33829000,6,33821000,6,33830000,5,33820000,6,33831000,7,33819000,7,33832000,7,33818000,7,33833000,10,33817000,8,33834000,13,33816000,8,33835000,5,33815000,8,33836000,9
33824000,2,33826000,2,33823000,3,33827000,4,33822000,3,33828000,4,33821000,6,33829000,3,33820000,6,33830000,4,33819000,7,33831000,7,33818000,7,33832000,7,33817000,9,33833000,7,33816000,8,33834000,12,33815000,8,33835000,5
33820000,1,33822000,2,33819000,3,33823000,4,33818000,4,33824000,3,33817000,11,33825000,4,33816000,6,33826000,2,33815000,8,33827000,7,33814000,10,33828000,7,33813000,5,33829000,4,33812000,9,33830000,7,33811000,10,33831000,6
33822000,1,33823000,1,33821000,5,33824000,3,33820000,5,33825000,4,33819000,5,33826000,3,33818000,5,33827000,7,33817000,10,33828000,8,33816000,6,33829000,4,33815000,8,33830000,7,33814000,10,33831000,6,33813000,5,33832000,10
33824000,1,33826000,1,33823000,2,33827000,5,33822000,5,33828000,6,33821000,5,33829000,5,33820000,6,33830000,8,33819000,7,33831000,7,33818000,6,33832000,9,33817000,13,33833000,6,33816000,8,33834000,11,33815000,8,33835000,5
33826000,4,33829000,2,33825000,5,33830000,4,33824000,3,33831000,5,33823000,6,33832000,7,33822000,6,33833000,7,33821000,7,33834000,10,33820000,11,33835000,5,33819000,8,33836000,8,33818000,7,33837000,5,33817000,12,33838000,8
33830000,2,33832000,3,33829000,4,33833000,3,33828000,3,33834000,8,33827000,3,33835000,4,33826000,8,33836000,7,33825000,7,33837000,5,33824000,5,33838000,8,33823000,7,33839000,10,33822000,7,33840000,13,33821000,7,33841000,5
33830000,1,33832000,1,33829000,4,33833000,4,33828000,4,33834000,5,33827000,5,33835000,4,33826000,9,33836000,7,33825000,7,33837000,6,33824000,5,33838000,7,33823000,6,33839000,9,33822000,7,33840000,13,33821000,7,33841000,5
33826000,6,33829000,3,33825000,6,33830000,4,33824000,4,33831000,2,33823000,7,33832000,3,33822000,7,33833000,6,33821000,7,33834000,7,33820000,10,33835000,5,33819000,8,33836000,8,33818000,8,33837000,5,33817000,12,33838000,8
33829000,1,33830000,3,33828000,4,33831000,5,33827000,4,33832000,4,33826000,6,33833000,9,33825000,5,33834000,7,33824000,5,33835000,7,33823000,7,33836000,8,33822000,9,33837000,5,33821000,7,33838000,8,33820000,10,33839000,8
33826000,5,33828000,2,33825000,4,33829000,4,33824000,5,33830000,4,33823000,5,33831000,5,33822000,9,33832000,4,33821000,7,33833000,9,33820000,10,33834000,7,33819000,8,33835000,7,33818000,8,33836000,8,33817000,12,33837000,5
33826000,8,33829000,4,33825000,2,33830000,4,33824000,5,33831000,5,33823000,6,33832000,5,33822000,9,33833000,8,33821000,7,33834000,7,33820000,11,33835000,7,33819000,8,33836000,8,33818000,8,33837000,5,33817000,12,33838000,8
33825000,1,33827000,3,33824000,5,33828000,5,33823000,5,33829000,5,33822000,8,33830000,6,33821000,9,33831000,6,33820000,10,33832000,6,33819000,8,33833000,9,33818000,8,33834000,9,33817000,12,33835000,6,33816000,9,33836000,8
33822000,2,33824000,1,33821000,5,33825000,4,33820000,8,33826000,4,33819000,7,33827000,5,33818000,8,33828000,5,33817000,13,33829000,8,33816000,9,33830000,9,33815000,8,33831000,7,33814000,10,33832000,7,33813000,5,33833000,9
33819000,1,33821000,3,33818000,5,33822000,3,33817000,12,33823000,6,33816000,6,33824000,6,33815000,8,33825000,7,33814000,11,33826000,8,33813000,5,33827000,7,33812000,9,33828000,9,33811000,9,33829000,6,33810000,10,33830000,11
33816000,6,33820000,3,33815000,6,33821000,4,33814000,8,33822000,4,33813000,5,33823000,8,33812000,9,33824000,5,33811000,10,33825000,7,33810000,10,33826000,9,33809000,7,33827000,7,33808000,13,33828000,9,33807000,10,33829000,6
33816000,2,33819000,3,33815000,3,33820000,7,33814000,6,33821000,4,33813000,4,33822000,5,33812000,6,33823000,8,33811000,9,33824000,7,33810000,11,33825000,7,33809000,8,33826000,9,33808000,10,33827000,7,33807000,10,33828000,9
33817000,2,33819000,3,33816000,4,33820000,4,33815000,3,33821000,3,33814000,7,33822000,4,33813000,5,33823000,8,33812000,9,33824000,7,33811000,13,33825000,7,33810000,10,33826000,9,33809000,8,33827000,7,33808000,11,33828000,9
33816000,2,33818000,2,33815000,2,33819000,5,33814000,4,33820000,5,33813000,4,33821000,6,33812000,8,33822000,5,33811000,8,33823000,8,33810000,11,33824000,7,33809000,8,33825000,8,33808000,10,33826000,8,33807000,10,33827000,8
33819000,3,33822000,3,33818000,6,33823000,3,33817000,6,33824000,5,33816000,6,33825000,6,33815000,4,33826000,7,33814000,7,33827000,8,33813000,6,33828000,10,33812000,10,33829000,6,33811000,9,33830000,8,33810000,10,33831000,6
33820000,3,33821000,1,33819000,6,33823000,2,33818000,7,33824000,5,33817000,7,33825000,6,33816000,7,33826000,6,33815000,7,33827000,8,33814000,7,33828000,8,33813000,5,33829000,6,33812000,10,33830000,7,33811000,9,33831000,6
33815000,4,33817000,1,33814000,5,33818000,4,33813000,5,33819000,3,33812000,10,33820000,6,33811000,9,33821000,4,33810000,9,33822000,5,33809000,7,33823000,8,33808000,11,33824000,7,33807000,12,33825000,13,33806000,8,33826000,10
33814000,4,33817000,2,33813000,4,33818000,3,33812000,7,33819000,3,33811000,8,33820000,11,33810000,10,33821000,4,33809000,7,33822000,5,33808000,10,33823000,9,33807000,10,33824000,6,33806000,8,33825000,11,33805000,18,33826000,8
33815000,3,33817000,3,33814000,5,33818000,9,33813000,5,33819000,11,33812000,7,33820000,19,33811000,8,33821000,15,33810000,10,33822000,8,33809000,7,33823000,8,33808000,10,33824000,6,33807000,10,33825000,11,33806000,8,33826000,9
33812000,1,33813000,7,33811000,6,33814000,2,33810000,8,33815000,2,33809000,6,33816000,4,33808000,10,33817000,4,33807000,10,33818000,5,33806000,8,33819000,7,33805000,15,33820000,13,33804000,8,33821000,16,33803000,7,33822000,18
33810000,6,33813000,6,33809000,5,33814000,2,33808000,11,33815000,2,33807000,10,33816000,5,33806000,8,33817000,6,33805000,15,33818000,7,33804000,8,33819000,8,33803000,7,33820000,15,33802000,10,33821000,16,33801000,10,33822000,16
33811000,5,33813000,6,33810000,3,33814000,2,33809000,5,33815000,2,33808000,11,33816000,5,33807000,10,33817000,7,33806000,7,33818000,7,33805000,15,33819000,8,33804000,8,33820000,15,33803000,7,33821000,16,33802000,9,33822000,16
33815000,1,33816000,2,33813000,2,33817000,4,33812000,3,33818000,4,33811000,6,33819000,5,33810000,7,33820000,13,33809000,7,33821000,17,33808000,11,33822000,16,33807000,9,33823000,17,33806000,7,33824000,18,33805000,14,33825000,22
33817000,4,33819000,1,33816000,4,33820000,10,33815000,5,33821000,13,33814000,7,33822000,14,33813000,3,33823000,15,33812000,5,33824000,17,33811000,8,33825000,21,33810000,9,33826000,18,33809000,7,33827000,18,33808000,10,33828000,10
33821000,2,33822000,13,33820000,2,33823000,14,33819000,4,33824000,13,33818000,6,33825000,13,33817000,6,33826000,10,33816000,4,33827000,21,33815000,10,33828000,11,33814000,8,33829000,6,33813000,7,33830000,12,33812000,8,33831000,11
33818000,6,33819000,1,33817000,4,33820000,2,33816000,6,33821000,3,33815000,11,33822000,4,33814000,9,33823000,3,33813000,6,33824000,3,33812000,6,33825000,7,33811000,6,33826000,8,33810000,6,33827000,11,33809000,6,33828000,12
33822000,2,33823000,1,33821000,5,33824000,2,33820000,6,33825000,6,33819000,9,33826000,5,33818000,5,33827000,10,33817000,7,33828000,11,33816000,9,33829000,7,33815000,12,33830000,11,33814000,10,33831000,11,33813000,7,33832000,10
33820000,6,33823000,4,33819000,9,33824000,3,33818000,5,33825000,6,33817000,7,33826000,5,33816000,8,33827000,10,33815000,12,33828000,11,33814000,10,33829000,7,33813000,7,33830000,12,33812000,7,33831000,11,33811000,6,33832000,10
33821000,3,33823000,5,33820000,4,33824000,4,33819000,8,33825000,8,33818000,5,33826000,8,33817000,6,33827000,12,33816000,11,33828000,11,33815000,12,33829000,7,33814000,10,33830000,11,33813000,8,33831000,11,33812000,6,33832000,10
33819000,5,33820000,4,33818000,5,33821000,4,33817000,6,33822000,14,33816000,8,33823000,5,33815000,10,33824000,4,33814000,8,33825000,10,33813000,8,33826000,11,33812000,6,33827000,12,33811000,6,33828000,12,33810000,12,33829000,7
33816000,3,33818000,1,33815000,8,33819000,7,33814000,6,33820000,16,33813000,6,33821000,5,33812000,5,33822000,14,33811000,7,33823000,6,33810000,13,33824000,7,33809000,6,33825000,10,33808000,10,33826000,12,33807000,12,33827000,12
33813000,5,33814000,8,33812000,2,33815000,7,33811000,5,33816000,15,33810000,10,33817000,13,33809000,7,33818000,6,33808000,11,33819000,10,33807000,10,33820000,20,33806000,8,33821000,11,33805000,18,33822000,19,33804000,9,33823000,8
33810000,10,33812000,18,33809000,4,33813000,27,33808000,10,33814000,29,33807000,10,33815000,5,33806000,9,33816000,16,33805000,18,33817000,15,33804000,8,33818000,10,33803000,7,33819000,13,33802000,9,33820000,22,33801000,10,33821000,10
33807000,2,33808000,1,33806000,5,33809000,10,33805000,16,33810000,19,33804000,6,33811000,20,33803000,7,33812000,40,33802000,9,33813000,28,33801000,8,33814000,32,33800000,14,33815000,7,33799000,7,33816000,22,33798000,8,33817000,16
33803000,3,33805000,17,33802000,7,33806000,11,33801000,9,33807000,32,33800000,12,33808000,3,33799000,7,33809000,40,33798000,8,33810000,22,33797000,5,33811000,24,33796000,7,33812000,45,33795000,4,33813000,30,33794000,8,33814000,35
33800000,7,33801000,15,33799000,5,33802000,18,33798000,7,33803000,6,33797000,6,33804000,17,33796000,6,33805000,24,33795000,6,33806000,13,33794000,9,33807000,35,33793000,4,33808000,8,33792000,13,33809000,43,33791000,22,33810000,24
33796000,5,33797000,2,33795000,6,33798000,1,33794000,6,33799000,17,33793000,4,33800000,14,33792000,15,33801000,18,33791000,23,33802000,18,33790000,7,33803000,11,33789000,7,33804000,22,33788000,8,33805000,28,33787000,6,33806000,17
33799000,5,33800000,13,33798000,5,33801000,17,33797000,5,33802000,18,33796000,5,33803000,9,33795000,6,33804000,20,33794000,8,33805000,29,33793000,5,33806000,17,33792000,15,33807000,35,33791000,23,33808000,7,33790000,7,33809000,42
33802000,1,33803000,5,33801000,2,33804000,18,33800000,5,33805000,23,33799000,7,33806000,16,33798000,6,33807000,35,33797000,8,33808000,7,33796000,8,33809000,43,33795000,8,33810000,23,33794000,8,33811000,23,33793000,5,33812000,45
33804000,3,33805000,3,33803000,13,33807000,2,33802000,3,33808000,5,33801000,8,33809000,43,33800000,6,33810000,21,33799000,9,33811000,23,33798000,8,33812000,44,33797000,8,33813000,29,33796000,9,33814000,35,33795000,7,33815000,7
33808000,6,33810000,18,33807000,3,33811000,20,33806000,4,33812000,41,33805000,5,33813000,30,33804000,6,33814000,33,33803000,11,33815000,8,33802000,7,33816000,21,33801000,8,33817000,15,33800000,7,33818000,10,33799000,9,33819000,12
33811000,6,33813000,27,33810000,5,33814000,29,33809000,5,33815000,7,33808000,6,33816000,19,33807000,5,33817000,15,33806000,6,33818000,9,33805000,7,33819000,12,33804000,9,33820000,24,33803000,11,33821000,9,33802000,7,33822000,20
33813000,5,33816000,1,33812000,5,33817000,13,33811000,9,33818000,8,33810000,5,33819000,10,33809000,7,33820000,23,33808000,9,33821000,11,33807000,8,33822000,20,33806000,7,33823000,7,33805000,7,33824000,8,33804000,7,33825000,12
33813000,4,33815000,1,33812000,4,33816000,5,33811000,9,33817000,6,33810000,6,33818000,4,33809000,8,33819000,3,33808000,9,33820000,8,33807000,7,33821000,5,33806000,6,33822000,7,33805000,6,33823000,9,33804000,7,33824000,10
33816000,1,33817000,3,33814000,4,33818000,5,33813000,4,33819000,4,33812000,6,33820000,7,33811000,3,33821000,5,33810000,7,33822000,7,33809000,8,33823000,9,33808000,10,33824000,9,33807000,7,33825000,12,33806000,7,33826000,10
33813000,3,33815000,1,33812000,8,33816000,4,33811000,3,33817000,6,33810000,6,33818000,6,33809000,8,33819000,4,33808000,10,33820000,11,33807000,7,33821000,7,33806000,6,33822000,8,33805000,6,33823000,6,33804000,7,33824000,9
33815000,1,33816000,1,33814000,1,33817000,6,33813000,8,33818000,6,33812000,6,33819000,4,33811000,3,33820000,8,33810000,6,33821000,6,33809000,7,33822000,7,33808000,9,33823000,6,33807000,6,33824000,8,33806000,6,33825000,10
33818000,2,33820000,8,33817000,3,33821000,6,33816000,4,33822000,4,33815000,4,33823000,7,33814000,6,33824000,8,33813000,8,33825000,10,33812000,8,33826000,8,33811000,4,33827000,10,33810000,6,33828000,11,33809000,7,33829000,10
33816000,1,33817000,3,33814000,2,33818000,6,33813000,2,33819000,9,33812000,5,33820000,13,33811000,4,33821000,7,33810000,6,33822000,5,33809000,7,33823000,6,33808000,9,33824000,9,33807000,6,33825000,10,33806000,6,33826000,8
33816000,3,33819000,3,33815000,4,33820000,8,33814000,6,33821000,6,33813000,5,33822000,6,33812000,6,33823000,7,33811000,4,33824000,8,33810000,12,33825000,10,33809000,7,33826000,8,33808000,9,33827000,10,33807000,6,33828000,11
33814000,7,33817000,2,33813000,5,33818000,4,33812000,6,33819000,5,33811000,4,33820000,8,33810000,11,33821000,6,33809000,7,33822000,6,33808000,9,33823000,7,33807000,6,33824000,8,33806000,6,33825000,10,33805000,7,33826000,8
33814000,7,33817000,2,33813000,5,33818000,4,33812000,6,33819000,5,33811000,4,33820000,8,33810000,11,33821000,6,33809000,7,33822000,6,33808000,9,33823000,7,33807000,6,33824000,8,33806000,6,33825000,10,33805000,7,33826000,8
33811000,4,33814000,1,33810000,8,33815000,4,33809000,5,33816000,7,33808000,7,33817000,11,33807000,6,33818000,6,33806000,7,33819000,8,33805000,7,33820000,12,33804000,6,33821000,6,33803000,9,33822000,7,33802000,7,33823000,6
33810000,8,33813000,4,33809000,5,33814000,4,33808000,6,33815000,6,33807000,6,33816000,7,33806000,6,33817000,8,33805000,7,33818000,6,33804000,6,33819000,8,33803000,9,33820000,12,33802000,7,33821000,7,33801000,7,33822000,7
33814000,1,33815000,4,33813000,1,33816000,6,33812000,5,33817000,7,33811000,2,33818000,5,33810000,8,33819000,10,33809000,5,33820000,8,33808000,8,33821000,7,33807000,5,33822000,7,33806000,16,33823000,6,33805000,7,33824000,11
33814000,1,33816000,2,33813000,3,33817000,7,33812000,2,33818000,4,33811000,5,33819000,9,33810000,11,33820000,8,33809000,6,33821000,8,33808000,5,33822000,7,33807000,4,33823000,6,33806000,16,33824000,11,33805000,7,33825000,11
33817000,2,33820000,7,33816000,5,33821000,4,33815000,3,33822000,6,33814000,5,33823000,7,33813000,4,33824000,8,33812000,5,33825000,10,33811000,9,33826000,8,33810000,13,33827000,11,33809000,6,33828000,10,33808000,5,33829000,8
33815000,2,33817000,1,33814000,4,33818000,4,33813000,3,33819000,4,33812000,6,33820000,13,33811000,9,33821000,5,33810000,11,33822000,6,33809000,6,33823000,7,33808000,5,33824000,9,33807000,4,33825000,10,33806000,16,33826000,8
33813000,1,33815000,1,33812000,11,33816000,3,33811000,4,33817000,5,33810000,8,33818000,4,33809000,6,33819000,7,33808000,5,33820000,15,33807000,4,33821000,5,33806000,21,33822000,7,33805000,7,33823000,6,33804000,6,33824000,9
33810000,6,33812000,4,33809000,2,33813000,4,33808000,5,33814000,4,33807000,5,33815000,5,33806000,21,33816000,5,33805000,8,33817000,8,33804000,6,33818000,6,33803000,8,33819000,7,33802000,7,33820000,16,33801000,8,33821000,6
33810000,7,33813000,3,33809000,3,33814000,3,33808000,5,33815000,5,33807000,6,33816000,5,33806000,20,33817000,8,33805000,8,33818000,6,33804000,6,33819000,7,33803000,8,33820000,16,33802000,7,33821000,6,33801000,8,33822000,6
33814000,6,33816000,1,33813000,1,33817000,7,33812000,3,33818000,4,33811000,4,33819000,7,33810000,9,33820000,16,33809000,7,33821000,6,33808000,5,33822000,6,33807000,5,33823000,6,33806000,21,33824000,9,33805000,7,33825000,10
33817000,1,33819000,4,33816000,3,33820000,14,33815000,4,33821000,5,33814000,7,33822000,5,33813000,3,33823000,7,33812000,5,33824000,9,33811000,5,33825000,10,33810000,10,33826000,8,33809000,7,33827000,10,33808000,6,33828000,10
33818000,5,33821000,2,33817000,5,33822000,4,33816000,5,33823000,3,33815000,7,33824000,5,33814000,4,33825000,9,33813000,5,33826000,8,33812000,5,33827000,10,33811000,6,33828000,9,33810000,5,33829000,6,33809000,7,33830000,13
33819000,2,33821000,3,33818000,5,33822000,5,33817000,5,33823000,5,33816000,6,33824000,4,33815000,7,33825000,10,33814000,4,33826000,8,33813000,4,33827000,10,33812000,5,33828000,9,33811000,6,33829000,6,33810000,5,33830000,13
33816000,1,33817000,1,33815000,3,33818000,5,33814000,2,33819000,6,33813000,3,33820000,5,33812000,6,33821000,4,33811000,6,33822000,6,33810000,5,33823000,8,33809000,7,33824000,6,33808000,7,33825000,9,33807000,7,33826000,9
33817000,7,33819000,1,33816000,3,33820000,4,33815000,4,33821000,5,33814000,5,33822000,5,33813000,10,33823000,7,33812000,6,33824000,5,33811000,7,33825000,10,33810000,5,33826000,8,33809000,6,33827000,10,33808000,6,33828000,10
33821000,2,33823000,3,33820000,4,33824000,3,33819000,3,33825000,8,33818000,7,33826000,5,33817000,8,33827000,9,33816000,4,33828000,10,33815000,8,33829000,6,33814000,9,33830000,12,33813000,10,33831000,10,33812000,5,33832000,10
33823000,3,33826000,4,33822000,3,33827000,7,33821000,3,33828000,6,33820000,3,33829000,5,33819000,5,33830000,9,33818000,10,33831000,10,33817000,10,33832000,9,33816000,9,33833000,10,33815000,7,33834000,11,33814000,9,33835000,11
33826000,2,33828000,1,33825000,2,33829000,4,33824000,9,33830000,9,33823000,3,33831000,10,33822000,2,33832000,9,33821000,20,33833000,10,33820000,5,33834000,11,33819000,5,33835000,11,33818000,11,33836000,13,33817000,10,33837000,12
33827000,3,33830000,4,33826000,5,33831000,7,33825000,6,33832000,6,33824000,8,33833000,9,33823000,2,33834000,9,33822000,5,33835000,11,33821000,21,33836000,12,33820000,6,33837000,10,33819000,5,33838000,11,33818000,10,33839000,9
33827000,3,33830000,4,33826000,10,33831000,7,33825000,5,33832000,6,33824000,7,33833000,8,33823000,2,33834000,10,33822000,5,33835000,10,33821000,22,33836000,12,33820000,5,33837000,10,33819000,5,33838000,11,33818000,10,33839000,9
33830000,3,33832000,1,33829000,4,33833000,4,33828000,7,33834000,8,33827000,3,33835000,9,33826000,12,33836000,10,33825000,6,33837000,10,33824000,11,33838000,11,33823000,5,33839000,8,33822000,7,33840000,7,33821000,21,33841000,6
33833000,5,33835000,6,33832000,7,33836000,8,33831000,5,33837000,10,33830000,4,33838000,8,33829000,4,33839000,8,33828000,9,33840000,7,33827000,5,33841000,5,33826000,15,33842000,11,33825000,6,33843000,22,33824000,10,33844000,18
33836000,3,33838000,2,33835000,3,33839000,4,33834000,6,33840000,4,33833000,7,33841000,6,33832000,8,33842000,11,33831000,7,33843000,21,33830000,10,33844000,18,33829000,7,33845000,6,33828000,12,33846000,10,33827000,5,33847000,7
33842000,1,33843000,11,33841000,5,33844000,15,33840000,5,33845000,4,33839000,6,33846000,9,33838000,6,33847000,6,33837000,7,33848000,11,33836000,11,33849000,7,33835000,12,33850000,22,33834000,9,33851000,7,33833000,12,33852000,8
33841000,6,33843000,6,33840000,6,33844000,11,33839000,5,33845000,2,33838000,5,33846000,8,33837000,7,33847000,5,33836000,10,33848000,9,33835000,12,33849000,8,33834000,9,33850000,22,33833000,12,33851000,7,33832000,12,33852000,8
33841000,1,33843000,8,33840000,4,33844000,12,33839000,3,33845000,2,33838000,5,33846000,10,33837000,6,33847000,5,33836000,8,33848000,10,33835000,12,33849000,8,33834000,9,33850000,22,33833000,12,33851000,7,33832000,12,33852000,8
33841000,4,33843000,5,33840000,4,33844000,12,33839000,4,33845000,2,33838000,6,33846000,9,33837000,6,33847000,5,33836000,11,33848000,9,33835000,13,33849000,10,33834000,9,33850000,23,33833000,11,33851000,7,33832000,12,33852000,8
33845000,4,33848000,1,33844000,5,33849000,8,33843000,4,33850000,19,33842000,7,33851000,7,33841000,5,33852000,8,33840000,7,33853000,4,33839000,8,33854000,5,33838000,10,33855000,9,33837000,8,33856000,6,33836000,11,33857000,10
33841000,5,33844000,4,33840000,5,33845000,8,33839000,7,33846000,7,33838000,9,33847000,4,33837000,7,33848000,6,33836000,8,33849000,8,33835000,12,33850000,19,33834000,8,33851000,8,33833000,10,33852000,9,33832000,13,33853000,5
33841000,1,33842000,3,33840000,3,33844000,5,33839000,3,33845000,5,33838000,6,33846000,10,33837000,7,33847000,6,33836000,9,33848000,9,33835000,13,33849000,8,33834000,9,33850000,19,33833000,10,33851000,7,33832000,13,33852000,8
33843000,1,33844000,3,33841000,3,33845000,5,33840000,4,33846000,11,33839000,3,33847000,6,33838000,6,33848000,9,33837000,5,33849000,8,33836000,9,33850000,20,33835000,14,33851000,6,33834000,9,33852000,8,33833000,10,33853000,4
33840000,4,33841000,1,33839000,3,33842000,2,33838000,6,33843000,4,33837000,5,33844000,5,33836000,10,33845000,4,33835000,14,33846000,8,33834000,9,33847000,7,33833000,10,33848000,9,33832000,13,33849000,9,33831000,7,33850000,60
33836000,3,33837000,2,33835000,9,33838000,2,33834000,5,33839000,3,33833000,10,33840000,6,33832000,10,33841000,4,33831000,8,33842000,7,33830000,11,33843000,7,33829000,5,33844000,10,33828000,12,33845000,7,33827000,7,33846000,12
33837000,3,33839000,1,33836000,5,33840000,6,33835000,9,33841000,4,33834000,5,33842000,6,33833000,10,33843000,6,33832000,12,33844000,9,33831000,8,33845000,7,33830000,11,33846000,12,33829000,5,33847000,5,33828000,12,33848000,7
33840000,3,33843000,3,33839000,4,33844000,5,33838000,5,33845000,4,33837000,5,33846000,9,33836000,8,33847000,6,33835000,12,33848000,10,33834000,9,33849000,9,33833000,13,33850000,60,33832000,14,33851000,6,33831000,7,33852000,8
33843000,1,33845000,5,33842000,5,33846000,5,33841000,6,33847000,4,33840000,6,33848000,8,33839000,6,33849000,8,33838000,6,33850000,60,33837000,7,33851000,8,33836000,10,33852000,8,33835000,12,33853000,4,33834000,8,33854000,6
33846000,2,33848000,2,33845000,15,33849000,4,33844000,3,33850000,58,33843000,4,33851000,6,33842000,4,33852000,6,33841000,6,33853000,5,33840000,8,33854000,6,33839000,7,33855000,8,33838000,10,33856000,6,33837000,8,33857000,8
33845000,4,33847000,2,33844000,4,33848000,3,33843000,4,33849000,4,33842000,6,33850000,6,33841000,9,33851000,6,33840000,10,33852000,8,33839000,7,33853000,6,33838000,10,33854000,11,33837000,8,33855000,9,33836000,9,33856000,9
33841000,2,33843000,1,33840000,5,33844000,3,33839000,7,33845000,3,33838000,8,33846000,5,33837000,9,33847000,3,33836000,8,33848000,5,33835000,10,33849000,9,33834000,9,33850000,11,33833000,9,33851000,9,33832000,13,33852000,8
33842000,2,33844000,1,33841000,5,33845000,3,33840000,7,33846000,4,33839000,5,33847000,3,33838000,7,33848000,5,33837000,8,33849000,9,33836000,9,33850000,11,33835000,10,33851000,9,33834000,9,33852000,8,33833000,9,33853000,6
33843000,3,33846000,2,33842000,5,33847000,3,33841000,5,33848000,4,33840000,6,33849000,8,33839000,5,33850000,8,33838000,9,33851000,9,33837000,9,33852000,8,33836000,11,33853000,6,33835000,10,33854000,10,33834000,9,33855000,8
33844000,2,33846000,2,33843000,4,33847000,3,33842000,5,33848000,4,33841000,5,33849000,4,33840000,8,33850000,8,33839000,7,33851000,8,33838000,11,33852000,10,33837000,8,33853000,7,33836000,11,33854000,11,33835000,11,33855000,8
33841000,3,33844000,3,33840000,5,33845000,4,33839000,4,33846000,2,33838000,10,33847000,4,33837000,10,33848000,7,33836000,9,33849000,6,33835000,10,33850000,11,33834000,9,33851000,8,33833000,9,33852000,9,33832000,13,33853000,6
33842000,2,33844000,2,33841000,2,33845000,4,33840000,5,33846000,2,33839000,4,33847000,4,33838000,7,33848000,8,33837000,8,33849000,7,33836000,8,33850000,11,33835000,11,33851000,8,33834000,10,33852000,7,33833000,9,33853000,6
33842000,1,33844000,2,33841000,3,33845000,4,33840000,5,33846000,3,33839000,4,33847000,4,33838000,8,33848000,7,33837000,10,33849000,7,33836000,8,33850000,11,33835000,11,33851000,11,33834000,10,33852000,7,33833000,9,33853000,6
33845000,2,33846000,1,33844000,5,33847000,3,33843000,6,33848000,5,33842000,6,33849000,4,33841000,3,33850000,9,33840000,7,33851000,10,33839000,6,33852000,8,33838000,10,33853000,6,33837000,7,33854000,10,33836000,9,33855000,9
33842000,3,33845000,4,33841000,3,33846000,3,33840000,5,33847000,3,33839000,5,33848000,5,33838000,8,33849000,6,33837000,8,33850000,11,33836000,9,33851000,10,33835000,11,33852000,7,33834000,9,33853000,6,33833000,9,33854000,10
33843000,2,33845000,2,33842000,4,33846000,3,33841000,4,33847000,2,33840000,6,33848000,6,33839000,4,33849000,7,33838000,9,33850000,10,33837000,9,33851000,9,33836000,9,33852000,6,33835000,11,33853000,6,33834000,9,33854000,10
33842000,4,33845000,5,33841000,5,33846000,5,33840000,9,33847000,5,33839000,4,33848000,4,33838000,10,33849000,8,33837000,7,33850000,9,33836000,9,33851000,9,33835000,6,33852000,6,33834000,9,33853000,6,33833000,9,33854000,10
33840000,1,33842000,2,33839000,3,33843000,3,33838000,3,33844000,5,33837000,4,33845000,6,33836000,7,33846000,9,33835000,4,33847000,6,33834000,8,33848000,7,33833000,10,33849000,6,33832000,8,33850000,11,33831000,8,33851000,9
33837000,1,33838000,3,33836000,7,33839000,6,33835000,4,33840000,4,33834000,7,33841000,3,33833000,9,33842000,6,33832000,8,33843000,5,33831000,8,33844000,5,33830000,10,33845000,6,33829000,6,33846000,10,33828000,7,33847000,6
33835000,3,33838000,2,33834000,4,33839000,4,33833000,7,33840000,5,33832000,5,33841000,5,33831000,9,33842000,8,33830000,10,33843000,4,33829000,6,33844000,6,33828000,7,33845000,6,33827000,6,33846000,9,33826000,8,33847000,6
33836000,1,33838000,1,33835000,4,33839000,2,33834000,4,33840000,4,33833000,6,33841000,3,33832000,6,33842000,6,33831000,9,33843000,4,33830000,11,33844000,6,33829000,6,33845000,7,33828000,7,33846000,9,33827000,6,33847000,6
33833000,6,33836000,3,33832000,5,33837000,4,33831000,7,33838000,4,33830000,9,33839000,3,33829000,6,33840000,4,33828000,7,33841000,5,33827000,6,33842000,6,33826000,8,33843000,4,33825000,8,33844000,6,33824000,6,33845000,6
33832000,2,33834000,1,33831000,5,33835000,4,33830000,9,33836000,4,33829000,4,33837000,4,33828000,5,33838000,6,33827000,6,33839000,3,33826000,8,33840000,5,33825000,7,33841000,6,33824000,5,33842000,8,33823000,8,33843000,4
33829000,1,33830000,1,33828000,2,33831000,3,33827000,4,33832000,3,33826000,6,33833000,5,33825000,7,33834000,5,33824000,6,33835000,7,33823000,6,33836000,7,33822000,8,33837000,6,33821000,22,33838000,8,33820000,48,33839000,4
33827000,3,33830000,4,33826000,5,33831000,3,33825000,5,33832000,5,33824000,7,33833000,7,33823000,6,33834000,6,33822000,7,33835000,6,33821000,22,33836000,8,33820000,49,33837000,5,33819000,6,33838000,9,33818000,6,33839000,5
33826000,4,33829000,2,33825000,6,33830000,4,33824000,7,33831000,3,33823000,7,33832000,5,33822000,7,33833000,7,33821000,22,33834000,5,33820000,48,33835000,6,33819000,6,33836000,8,33818000,6,33837000,5,33817000,5,33838000,9
33823000,1,33825000,3,33822000,5,33826000,4,33821000,21,33827000,4,33820000,48,33828000,4,33819000,4,33829000,6,33818000,6,33830000,7,33817000,6,33831000,5,33816000,8,33832000,9,33815000,7,33833000,9,33814000,11,33834000,11
33823000,3,33826000,3,33822000,6,33827000,5,33821000,20,33828000,4,33820000,47,33829000,6,33819000,4,33830000,8,33818000,6,33831000,6,33817000,8,33832000,10,33816000,9,33833000,10,33815000,7,33834000,11,33814000,10,33835000,7
33826000,3,33829000,2,33825000,5,33830000,4,33824000,8,33831000,5,33823000,5,33832000,5,33822000,8,33833000,7,33821000,24,33834000,6,33820000,52,33835000,9,33819000,8,33836000,15,33818000,7,33837000,6,33817000,6,33838000,9
33826000,1,33828000,1,33825000,3,33829000,3,33824000,8,33830000,5,33823000,5,33831000,4,33822000,8,33832000,6,33821000,24,33833000,8,33820000,52,33834000,6,33819000,8,33835000,9,33818000,7,33836000,15,33817000,6,33837000,6
33823000,1,33825000,1,33822000,5,33826000,2,33821000,21,33827000,3,33820000,50,33828000,3,33819000,6,33829000,5,33818000,6,33830000,7,33817000,7,33831000,6,33816000,11,33832000,8,33815000,6,33833000,8,33814000,10,33834000,7
33821000,1,33822000,4,33820000,42,33823000,7,33819000,2,33824000,4,33818000,3,33825000,6,33817000,5,33826000,3,33816000,11,33827000,6,33815000,7,33828000,6,33814000,11,33829000,6,33813000,5,33830000,9,33812000,6,33831000,6
33817000,2,33819000,3,33816000,8,33820000,2,33815000,4,33821000,3,33814000,8,33822000,7,33813000,6,33823000,8,33812000,6,33824000,6,33811000,7,33825000,10,33810000,6,33826000,7,33809000,7,33827000,6,33808000,7,33828000,8
33814000,1,33815000,1,33813000,5,33816000,2,33812000,4,33817000,3,33811000,5,33818000,7,33810000,7,33819000,5,33809000,8,33820000,4,33808000,6,33821000,4,33807000,6,33822000,10,33806000,12,33823000,11,33805000,8,33824000,8
33809000,3,33811000,1,33808000,4,33812000,9,33807000,4,33813000,8,33806000,11,33814000,8,33805000,6,33815000,6,33804000,7,33816000,6,33803000,10,33817000,10,33802000,6,33818000,10,33801000,6,33819000,14,33800000,11,33820000,7
33806000,6,33808000,1,33805000,5,33809000,20,33804000,5,33810000,7,33803000,8,33811000,23,33802000,5,33812000,5,33801000,8,33813000,10,33800000,9,33814000,12,33799000,3,33815000,10,33798000,6,33816000,9,33797000,6,33817000,9
33806000,4,33808000,11,33805000,5,33809000,21,33804000,5,33810000,7,33803000,8,33811000,24,33802000,3,33812000,5,33801000,8,33813000,11,33800000,9,33814000,13,33799000,3,33815000,10,33798000,6,33816000,9,33797000,6,33817000,8
33806000,4,33808000,11,33805000,5,33809000,21,33804000,5,33810000,7,33803000,8,33811000,24,33802000,3,33812000,5,33801000,8,33813000,11,33800000,9,33814000,13,33799000,3,33815000,10,33798000,6,33816000,9,33797000,6,33817000,8
33797000,2,33798000,1,33796000,2,33799000,3,33795000,3,33800000,2,33794000,4,33801000,27,33793000,5,33802000,3,33792000,10,33803000,6,33791000,7,33804000,6,33790000,8,33805000,5,33789000,7,33806000,5,33788000,9,33807000,8
33798000,4,33801000,25,33797000,2,33802000,4,33796000,4,33803000,4,33795000,3,33804000,7,33794000,5,33805000,6,33793000,7,33806000,6,33792000,12,33807000,20,33791000,7,33808000,19,33790000,8,33809000,25,33789000,7,33810000,12
33798000,1,33799000,1,33797000,2,33800000,3,33796000,4,33801000,24,33795000,5,33802000,3,33794000,5,33803000,10,33793000,7,33804000,8,33792000,12,33805000,8,33791000,6,33806000,7,33790000,8,33807000,25,33789000,7,33808000,19
33798000,7,33800000,2,33796000,4,33801000,22,33795000,4,33802000,4,33794000,4,33803000,10,33793000,5,33804000,7,33792000,13,33805000,8,33791000,8,33806000,7,33790000,8,33807000,23,33789000,7,33808000,19,33788000,9,33809000,25
33798000,7,33800000,1,33797000,1,33801000,21,33796000,5,33802000,3,33795000,4,33803000,9,33794000,5,33804000,6,33793000,6,33805000,8,33792000,13,33806000,6,33791000,8,33807000,23,33790000,8,33808000,19,33789000,7,33809000,25
33794000,3,33797000,2,33793000,4,33798000,4,33792000,6,33799000,25,33791000,8,33800000,6,33790000,9,33801000,24,33789000,8,33802000,5,33788000,10,33803000,12,33787000,5,33804000,9,33786000,8,33805000,8,33785000,14,33806000,6
33787000,3,33788000,1,33786000,6,33789000,29,33785000,14,33791000,2,33784000,10,33792000,2,33783000,7,33793000,4,33782000,9,33794000,3,33781000,8,33795000,2,33780000,18,33796000,7,33779000,7,33797000,6,33778000,7,33798000,6
33789000,1,33791000,3,33788000,1,33792000,3,33787000,3,33793000,4,33786000,4,33794000,4,33785000,14,33795000,3,33784000,8,33796000,11,33783000,6,33797000,7,33782000,9,33798000,7,33781000,8,33799000,27,33780000,16,33800000,8
33788000,2,33789000,1,33787000,2,33790000,4,33786000,1,33791000,4,33785000,13,33792000,4,33784000,7,33793000,5,33783000,6,33794000,4,33782000,10,33795000,4,33781000,9,33796000,11,33780000,16,33797000,9,33779000,6,33798000,18
33787000,3,33790000,2,33786000,3,33791000,5,33785000,13,33792000,4,33784000,6,33793000,6,33783000,5,33794000,5,33782000,10,33795000,4,33781000,9,33796000,12,33780000,16,33797000,9,33779000,7,33798000,18,33778000,6,33799000,28
33791000,2,33794000,2,33790000,4,33795000,8,33789000,4,33796000,7,33788000,14,33797000,8,33787000,6,33798000,18,33786000,6,33799000,30,33785000,16,33800000,8,33784000,10,33801000,26,33783000,5,33802000,8,33782000,9,33803000,14
33796000,3,33798000,11,33795000,5,33799000,24,33794000,4,33800000,4,33793000,4,33801000,26,33792000,5,33802000,6,33791000,7,33803000,15,33790000,7,33804000,9,33789000,6,33805000,6,33788000,17,33806000,8,33787000,9,33807000,22
33796000,2,33798000,1,33795000,3,33799000,24,33794000,5,33800000,4,33793000,5,33801000,23,33792000,5,33802000,7,33791000,7,33803000,14,33790000,7,33804000,9,33789000,6,33805000,7,33788000,16,33806000,7,33787000,8,33807000,22
33796000,1,33798000,2,33795000,3,33799000,29,33794000,4,33800000,4,33793000,6,33801000,24,33792000,2,33802000,7,33791000,8,33803000,13,33790000,6,33804000,9,33789000,6,33805000,6,33788000,16,33806000,7,33787000,9,33807000,22
33794000,2,33797000,3,33793000,6,33798000,4,33792000,2,33799000,34,33791000,7,33800000,5,33790000,7,33801000,25,33789000,6,33802000,9,33788000,16,33803000,13,33787000,9,33804000,9,33786000,7,33805000,6,33785000,15,33806000,7
33794000,3,33797000,3,33793000,4,33798000,4,33792000,4,33799000,35,33791000,8,33800000,5,33790000,7,33801000,25,33789000,6,33802000,7,33788000,16,33803000,13,33787000,8,33804000,10,33786000,6,33805000,6,33785000,15,33806000,7
33795000,2,33798000,2,33794000,5,33799000,34,33793000,4,33800000,4,33792000,4,33801000,25,33791000,8,33802000,7,33790000,7,33803000,13,33789000,6,33804000,10,33788000,17,33805000,6,33787000,8,33806000,7,33786000,6,33807000,22
33797000,2,33798000,1,33796000,1,33799000,34,33795000,1,33800000,4,33794000,3,33801000,24,33793000,5,33802000,7,33792000,5,33803000,13,33791000,9,33804000,10,33790000,7,33805000,6,33789000,6,33806000,7,33788000,17,33807000,22
33797000,2,33798000,1,33796000,1,33799000,34,33795000,1,33800000,4,33794000,3,33801000,24,33793000,5,33802000,7,33792000,5,33803000,13,33791000,9,33804000,10,33790000,7,33805000,6,33789000,6,33806000,7,33788000,17,33807000,22
33797000,15,33799000,33,33796000,7,33800000,3,33795000,1,33801000,24,33794000,4,33802000,5,33793000,6,33803000,13,33792000,6,33804000,8,33791000,9,33805000,7,33790000,7,33806000,8,33789000,6,33807000,22,33788000,15,33808000,21
33798000,2,33801000,21,33797000,8,33802000,3,33796000,7,33803000,10,33795000,1,33804000,5,33794000,5,33805000,5,33793000,6,33806000,9,33792000,7,33807000,23,33791000,9,33808000,20,33790000,7,33809000,24,33789000,5,33810000,13
33802000,4,33804000,2,33801000,4,33805000,2,33800000,2,33806000,6,33799000,3,33807000,22,33798000,5,33808000,16,33797000,10,33809000,24,33796000,9,33810000,13,33795000,4,33811000,26,33794000,7,33812000,9,33793000,5,33813000,11
33803000,2,33806000,2,33802000,5,33807000,19,33801000,5,33808000,16,33800000,2,33809000,21,33799000,5,33810000,11,33798000,7,33811000,26,33797000,13,33812000,8,33796000,12,33813000,12,33795000,5,33814000,13,33794000,6,33815000,11
33812000,2,33814000,2,33811000,4,33815000,3,33810000,3,33816000,4,33809000,6,33817000,7,33808000,4,33818000,8,33807000,6,33819000,7,33806000,9,33820000,9,33805000,8,33821000,8,33804000,6,33822000,8,33803000,6,33823000,5
33811000,1,33813000,1,33810000,6,33814000,5,33809000,4,33815000,3,33808000,5,33816000,4,33807000,6,33817000,6,33806000,10,33818000,8,33805000,8,33819000,7,33804000,8,33820000,9,33803000,6,33821000,9,33802000,8,33822000,8
33813000,2,33815000,2,33812000,4,33816000,3,33811000,4,33817000,4,33810000,5,33818000,5,33809000,3,33819000,5,33808000,7,33820000,8,33807000,7,33821000,8,33806000,7,33822000,9,33805000,6,33823000,5,33804000,7,33824000,8
33816000,1,33819000,3,33815000,4,33820000,4,33814000,5,33821000,4,33813000,7,33822000,6,33812000,4,33823000,8,33811000,5,33824000,8,33810000,6,33825000,9,33809000,7,33826000,10,33808000,7,33827000,7,33807000,6,33828000,10
33821000,1,33822000,2,33819000,3,33823000,2,33818000,5,33824000,4,33817000,4,33825000,6,33816000,4,33826000,7,33815000,5,33827000,8,33814000,8,33828000,10,33813000,5,33829000,7,33812000,10,33830000,10,33811000,5,33831000,5
33824000,1,33826000,1,33823000,4,33827000,3,33822000,4,33828000,5,33821000,6,33829000,6,33820000,2,33830000,9,33819000,4,33831000,6,33818000,7,33832000,10,33817000,5,33833000,9,33816000,7,33834000,8,33815000,5,33835000,6
33823000,4,33826000,4,33822000,3,33827000,4,33821000,4,33828000,4,33820000,3,33829000,3,33819000,6,33830000,8,33818000,6,33831000,6,33817000,5,33832000,9,33816000,6,33833000,9,33815000,5,33834000,9,33814000,7,33835000,5
33824000,3,33827000,1,33823000,3,33828000,4,33822000,4,33829000,3,33821000,4,33830000,8,33820000,4,33831000,7,33819000,7,33832000,10,33818000,6,33833000,10,33817000,6,33834000,8,33816000,6,33835000,5,33815000,5,33836000,11
33827000,1,33830000,6,33826000,3,33831000,4,33825000,5,33832000,7,33824000,3,33833000,10,33823000,4,33834000,9,33822000,3,33835000,6,33821000,4,33836000,11,33820000,7,33837000,7,33819000,8,33838000,10,33818000,6,33839000,7
33831000,2,33834000,2,33830000,2,33835000,3,33829000,3,33836000,8,33828000,5,33837000,7,33827000,4,33838000,9,33826000,7,33839000,7,33825000,8,33840000,10,33824000,7,33841000,6,33823000,6,33842000,9,33822000,6,33843000,6
33832000,3,33835000,1,33831000,3,33836000,6,33830000,3,33837000,4,33829000,4,33838000,8,33828000,5,33839000,7,33827000,4,33840000,8,33826000,9,33841000,7,33825000,7,33842000,10,33824000,8,33843000,6,33823000,6,33844000,8
33829000,3,33833000,3,33828000,4,33834000,5,33827000,3,33835000,4,33826000,3,33836000,8,33825000,6,33837000,5,33824000,6,33838000,11,33823000,6,33839000,6,33822000,6,33840000,9,33821000,6,33841000,6,33820000,9,33842000,10
33828000,5,33831000,1,33827000,4,33832000,3,33826000,5,33833000,4,33825000,5,33834000,6,33824000,3,33835000,4,33823000,6,33836000,8,33822000,6,33837000,6,33821000,5,33838000,10,33820000,6,33839000,6,33819000,7,33840000,9
33832000,1,33835000,4,33831000,9,33836000,7,33830000,2,33837000,4,33829000,5,33838000,8,33828000,4,33839000,6,33827000,4,33840000,9,33826000,5,33841000,7,33825000,6,33842000,10,33824000,5,33843000,6,33823000,6,33844000,8
33831000,8,33832000,1,33830000,2,33833000,1,33829000,5,33834000,3,33828000,5,33835000,3,33827000,9,33836000,6,33826000,6,33837000,4,33825000,6,33838000,8,33824000,6,33839000,7,33823000,6,33840000,9,33822000,6,33841000,7
33829000,2,33831000,10,33828000,5,33832000,3,33827000,7,33833000,3,33826000,4,33834000,4,33825000,7,33835000,5,33824000,6,33836000,8,33823000,6,33837000,5,33822000,6,33838000,9,33821000,6,33839000,7,33820000,7,33840000,9
33826000,1,33827000,1,33824000,2,33828000,3,33823000,3,33829000,3,33822000,4,33830000,5,33821000,5,33831000,13,33820000,5,33832000,5,33819000,7,33833000,5,33818000,6,33834000,6,33817000,7,33835000,5,33816000,8,33836000,9
33828000,2,33829000,1,33827000,1,33830000,2,33826000,2,33831000,11,33825000,5,33832000,4,33824000,5,33833000,5,33823000,3,33834000,5,33822000,5,33835000,6,33821000,5,33836000,9,33820000,6,33837000,5,33819000,6,33838000,9
33833000,2,33836000,3,33832000,5,33837000,4,33831000,3,33838000,7,33830000,8,33839000,6,33829000,5,33840000,8,33828000,8,33841000,8,33827000,5,33842000,10,33826000,5,33843000,5,33825000,6,33844000,8,33824000,6,33845000,9
33836000,1,33838000,5,33835000,2,33839000,4,33834000,3,33840000,8,33833000,2,33841000,8,33832000,4,33842000,9,33831000,3,33843000,7,33830000,7,33844000,7,33829000,6,33845000,7,33828000,8,33846000,12,33827000,5,33847000,7
33837000,1,33840000,4,33836000,3,33841000,4,33835000,5,33842000,8,33834000,3,33843000,8,33833000,4,33844000,8,33832000,6,33845000,7,33831000,5,33846000,12,33830000,8,33847000,7,33829000,6,33848000,11,33828000,7,33849000,9
33837000,2,33840000,3,33836000,3,33841000,3,33835000,5,33842000,8,33834000,3,33843000,8,33833000,5,33844000,8,33832000,6,33845000,7,33831000,6,33846000,12,33830000,9,33847000,7,33829000,6,33848000,11,33828000,7,33849000,9
33833000,4,33836000,1,33832000,5,33837000,3,33831000,4,33838000,3,33830000,9,33839000,4,33829000,6,33840000,7,33828000,8,33841000,6,33827000,7,33842000,8,33826000,7,33843000,7,33825000,9,33844000,8,33824000,7,33845000,7
33837000,4,33840000,5,33836000,4,33841000,3,33835000,9,33842000,8,33834000,4,33843000,7,33833000,8,33844000,8,33832000,7,33845000,7,33831000,6,33846000,12,33830000,10,33847000,7,33829000,6,33848000,11,33828000,7,33849000,8
33834000,2,33836000,1,33833000,4,33837000,3,33832000,6,33838000,4,33831000,7,33839000,3,33830000,4,33840000,7,33829000,8,33841000,10,33828000,7,33842000,8,33827000,7,33843000,7,33826000,7,33844000,8,33825000,9,33845000,48
33833000,3,33835000,2,33832000,6,33836000,3,33831000,6,33837000,3,33830000,3,33838000,4,33829000,8,33839000,5,33828000,7,33840000,6,33827000,7,33841000,10,33826000,7,33842000,9,33825000,9,33843000,7,33824000,7,33844000,10
33833000,3,33835000,2,33832000,6,33836000,3,33831000,6,33837000,3,33830000,3,33838000,4,33829000,8,33839000,5,33828000,7,33840000,6,33827000,7,33841000,10,33826000,7,33842000,9,33825000,9,33843000,7,33824000,7,33844000,10
33834000,4,33837000,2,33833000,5,33838000,4,33832000,4,33839000,3,33831000,6,33840000,3,33830000,6,33841000,5,33829000,7,33842000,6,33828000,7,33843000,5,33827000,7,33844000,10,33826000,7,33845000,47,33825000,9,33846000,12
33836000,4,33839000,2,33835000,5,33840000,4,33834000,4,33841000,4,33833000,5,33842000,5,33832000,3,33843000,7,33831000,6,33844000,10,33830000,7,33845000,48,33829000,7,33846000,12,33828000,7,33847000,8,33827000,7,33848000,10
33838000,1,33840000,2,33837000,3,33841000,3,33836000,5,33842000,5,33835000,4,33843000,8,33834000,3,33844000,10,33833000,7,33845000,47,33832000,3,33846000,12,33831000,6,33847000,8,33830000,6,33848000,10,33829000,8,33849000,9
33838000,1,33840000,2,33837000,3,33841000,3,33836000,5,33842000,5,33835000,4,33843000,8,33834000,3,33844000,10,33833000,7,33845000,47,33832000,3,33846000,12,33831000,6,33847000,8,33830000,6,33848000,10,33829000,8,33849000,9
33836000,1,33838000,4,33835000,1,33839000,5,33834000,3,33840000,8,33833000,5,33841000,6,33832000,3,33842000,6,33831000,6,33843000,8,33830000,6,33844000,10,33829000,8,33845000,47,33828000,7,33846000,12,33827000,7,33847000,8
33839000,2,33841000,1,33838000,3,33842000,4,33837000,4,33843000,6,33836000,2,33844000,9,33835000,4,33845000,47,33834000,3,33846000,12,33833000,7,33847000,8,33832000,6,33848000,10,33831000,5,33849000,9,33830000,7,33850000,13
33838000,3,33840000,2,33837000,5,33841000,2,33836000,2,33842000,8,33835000,5,33843000,4,33834000,4,33844000,6,33833000,7,33845000,47,33832000,5,33846000,10,33831000,5,33847000,8,33830000,7,33848000,11,33829000,7,33849000,9
33839000,1,33841000,1,33838000,3,33842000,9,33837000,4,33843000,5,33836000,3,33844000,8,33835000,4,33845000,48,33834000,4,33846000,12,33833000,6,33847000,7,33832000,6,33848000,11,33831000,5,33849000,9,33830000,6,33850000,13
33838000,1,33840000,4,33837000,3,33841000,2,33836000,2,33842000,5,33835000,5,33843000,3,33834000,4,33844000,6,33833000,6,33845000,47,33832000,5,33846000,11,33831000,5,33847000,8,33830000,6,33848000,11,33829000,7,33849000,10
33838000,1,33840000,4,33837000,3,33841000,2,33836000,2,33842000,5,33835000,5,33843000,3,33834000,4,33844000,6,33833000,6,33845000,47,33832000,5,33846000,11,33831000,5,33847000,8,33830000,6,33848000,11,33829000,7,33849000,10
33834000,4,33837000,2,33833000,2,33838000,5,33832000,3,33839000,4,33831000,3,33840000,6,33830000,6,33841000,4,33829000,7,33842000,8,33828000,8,33843000,5,33827000,7,33844000,8,33826000,7,33845000,46,33825000,9,33846000,12
33831000,2,33834000,2,33830000,4,33835000,4,33829000,6,33836000,7,33828000,6,33837000,5,33827000,7,33838000,5,33826000,8,33839000,5,33825000,9,33840000,7,33824000,7,33841000,4,33823000,7,33842000,9,33822000,8,33843000,4
33832000,1,33834000,1,33831000,3,33835000,4,33830000,3,33836000,7,33829000,3,33837000,6,33828000,3,33838000,5,33827000,5,33839000,5,33826000,5,33840000,7,33825000,7,33841000,4,33824000,6,33842000,8,33823000,5,33843000,5
33829000,2,33832000,3,33828000,3,33833000,3,33827000,3,33834000,3,33826000,5,33835000,4,33825000,7,33836000,8,33824000,6,33837000,6,33823000,5,33838000,5,33822000,7,33839000,5,33821000,6,33840000,7,33820000,16,33841000,4
33826000,1,33829000,3,33825000,5,33830000,6,33824000,4,33831000,3,33823000,6,33832000,4,33822000,7,33833000,6,33821000,6,33834000,4,33820000,15,33835000,5,33819000,5,33836000,10,33818000,7,33837000,6,33817000,8,33838000,5
33825000,4,33828000,1,33824000,4,33829000,3,33823000,3,33830000,6,33822000,6,33831000,3,33821000,5,33832000,6,33820000,16,33833000,7,33819000,5,33834000,5,33818000,6,33835000,5,33817000,6,33836000,8,33816000,9,33837000,4
33822000,2,33825000,2,33821000,4,33826000,3,33820000,14,33827000,5,33819000,4,33828000,4,33818000,5,33829000,4,33817000,6,33830000,8,33816000,11,33831000,4,33815000,6,33832000,7,33814000,9,33833000,6,33813000,5,33834000,5
33817000,1,33820000,1,33816000,6,33821000,4,33815000,5,33822000,4,33814000,7,33823000,4,33813000,6,33824000,5,33812000,5,33825000,8,33811000,6,33826000,5,33810000,5,33827000,6,33809000,6,33828000,6,33808000,8,33829000,4
33814000,1,33817000,2,33813000,4,33818000,13,33812000,5,33819000,4,33811000,6,33820000,6,33810000,4,33821000,6,33809000,6,33822000,6,33808000,7,33823000,8,33807000,8,33824000,7,33806000,7,33825000,9,33805000,6,33826000,5
33811000,1,33813000,2,33810000,1,33814000,3,33809000,4,33815000,4,33808000,5,33816000,4,33807000,8,33817000,4,33806000,6,33818000,14,33805000,4,33819000,8,33804000,7,33820000,8,33803000,6,33821000,7,33802000,7,33822000,7
33808000,1,33811000,3,33807000,5,33812000,4,33806000,3,33813000,3,33805000,3,33814000,4,33804000,7,33815000,5,33803000,6,33816000,7,33802000,6,33817000,5,33801000,5,33818000,15,33800000,11,33819000,7,33799000,7,33820000,7
33808000,1,33811000,1,33807000,5,33812000,3,33806000,3,33813000,3,33805000,2,33814000,4,33804000,7,33815000,5,33803000,6,33816000,7,33802000,6,33817000,5,33801000,5,33818000,15,33800000,11,33819000,7,33799000,7,33820000,7
33812000,2,33815000,1,33811000,4,33816000,4,33810000,3,33817000,5,33809000,4,33818000,16,33808000,4,33819000,8,33807000,6,33820000,6,33806000,6,33821000,7,33805000,5,33822000,7,33804000,7,33823000,7,33803000,5,33824000,7
33814000,4,33818000,12,33813000,5,33819000,4,33812000,3,33820000,4,33811000,3,33821000,8,33810000,3,33822000,7,33809000,7,33823000,7,33808000,6,33824000,7,33807000,7,33825000,9,33806000,5,33826000,7,33805000,5,33827000,7
33815000,4,33818000,11,33814000,4,33819000,2,33813000,5,33820000,4,33812000,2,33821000,8,33811000,4,33822000,7,33810000,3,33823000,7,33809000,7,33824000,7,33808000,6,33825000,9,33807000,7,33826000,7,33806000,5,33827000,7
33813000,1,33816000,2,33812000,2,33817000,3,33811000,4,33818000,11,33810000,3,33819000,3,33809000,7,33820000,4,33808000,6,33821000,8,33807000,7,33822000,7,33806000,6,33823000,7,33805000,4,33824000,7,33804000,7,33825000,9
33813000,2,33817000,2,33812000,3,33818000,11,33811000,3,33819000,3,33810000,5,33820000,6,33809000,7,33821000,7,33808000,5,33822000,7,33807000,7,33823000,7,33806000,6,33824000,7,33805000,4,33825000,9,33804000,7,33826000,7
33814000,3,33818000,11,33813000,4,33819000,3,33812000,3,33820000,7,33811000,3,33821000,7,33810000,5,33822000,7,33809000,7,33823000,7,33808000,6,33824000,7,33807000,7,33825000,9,33806000,6,33826000,7,33805000,4,33827000,7
33820000,4,33824000,2,33819000,3,33825000,5,33818000,6,33826000,5,33817000,4,33827000,6,33816000,5,33828000,6,33815000,8,33829000,4,33814000,8,33830000,9,33813000,5,33831000,5,33812000,5,33832000,10,33811000,6,33833000,7
33821000,2,33824000,1,33820000,4,33825000,5,33819000,3,33826000,4,33818000,6,33827000,6,33817000,4,33828000,7,33816000,5,33829000,4,33815000,8,33830000,9,33814000,8,33831000,5,33813000,5,33832000,9,33812000,5,33833000,7
33818000,5,33822000,4,33817000,4,33823000,3,33816000,7,33824000,3,33815000,8,33825000,8,33814000,7,33826000,5,33813000,5,33827000,6,33812000,6,33828000,8,33811000,6,33829000,4,33810000,6,33830000,9,33809000,7,33831000,5
33814000,3,33817000,1,33813000,2,33818000,3,33812000,5,33819000,3,33811000,6,33820000,6,33810000,5,33821000,10,33809000,8,33822000,10,33808000,9,33823000,4,33807000,8,33824000,5,33806000,5,33825000,8,33805000,4,33826000,6
33812000,4,33816000,2,33811000,4,33817000,6,33810000,3,33818000,5,33809000,5,33819000,4,33808000,9,33820000,6,33807000,10,33821000,9,33806000,6,33822000,11,33805000,4,33823000,4,33804000,7,33824000,5,33803000,6,33825000,8
33818000,2,33820000,1,33817000,6,33821000,2,33816000,6,33822000,4,33815000,4,33823000,5,33814000,11,33824000,4,33813000,5,33825000,9,33812000,5,33826000,6,33811000,4,33827000,6,33810000,5,33828000,7,33809000,6,33829000,6
33826000,3,33829000,1,33825000,5,33830000,7,33824000,4,33831000,3,33823000,4,33832000,9,33822000,2,33833000,6,33821000,3,33834000,7,33820000,6,33835000,5,33819000,6,33836000,10,33818000,6,33837000,6,33817000,5,33838000,8
33825000,5,33828000,2,33824000,4,33830000,5,33823000,4,33831000,3,33822000,2,33832000,9,33821000,3,33833000,6,33820000,6,33834000,7,33819000,6,33835000,5,33818000,6,33836000,10,33817000,5,33837000,6,33816000,8,33838000,8
33825000,6,33828000,1,33824000,3,33829000,4,33823000,3,33830000,6,33822000,3,33831000,5,33821000,3,33832000,8,33820000,6,33833000,6,33819000,7,33834000,6,33818000,6,33835000,4,33817000,5,33836000,10,33816000,8,33837000,6
33826000,3,33829000,1,33825000,7,33830000,5,33824000,3,33831000,3,33823000,3,33832000,8,33822000,5,33833000,6,33821000,4,33834000,7,33820000,7,33835000,4,33819000,6,33836000,10,33818000,5,33837000,6,33817000,5,33838000,8
33829000,4,33832000,3,33828000,2,33833000,4,33827000,2,33834000,5,33826000,4,33835000,5,33825000,5,33836000,7,33824000,5,33837000,6,33823000,6,33838000,7,33822000,5,33839000,4,33821000,4,33840000,10,33820000,7,33841000,6
33829000,1,33831000,8,33828000,3,33832000,3,33827000,3,33833000,5,33826000,4,33834000,5,33825000,7,33835000,6,33824000,3,33836000,8,33823000,6,33837000,5,33822000,5,33838000,7,33821000,5,33839000,4,33820000,7,33840000,10
33828000,4,33830000,2,33827000,4,33831000,2,33826000,3,33832000,4,33825000,7,33833000,4,33824000,5,33834000,3,33823000,5,33835000,5,33822000,5,33836000,7,33821000,4,33837000,5,33820000,7,33838000,8,33819000,6,33839000,4
33825000,2,33827000,2,33824000,1,33828000,3,33823000,3,33829000,4,33822000,4,33830000,5,33821000,5,33831000,2,33820000,8,33832000,5,33819000,6,33833000,6,33818000,5,33834000,6,33817000,3,33835000,5,33816000,8,33836000,8
33825000,1,33828000,2,33824000,3,33829000,3,33823000,4,33830000,6,33822000,5,33831000,4,33821000,5,33832000,6,33820000,7,33833000,6,33819000,6,33834000,5,33818000,6,33835000,4,33817000,3,33836000,8,33816000,7,33837000,5
33828000,2,33831000,2,33827000,3,33832000,3,33826000,3,33833000,5,33825000,5,33834000,5,33824000,4,33835000,7,33823000,6,33836000,9,33822000,8,33837000,5,33821000,7,33838000,7,33820000,7,33839000,5,33819000,6,33840000,10
33826000,2,33828000,1,33825000,6,33829000,1,33824000,3,33830000,3,33823000,4,33831000,3,33822000,7,33832000,5,33821000,6,33833000,6,33820000,8,33834000,7,33819000,6,33835000,7,33818000,5,33836000,10,33817000,3,33837000,5
33831000,2,33834000,2,33830000,3,33835000,4,33829000,2,33836000,7,33828000,3,33837000,7,33827000,5,33838000,7,33826000,5,33839000,5,33825000,9,33840000,10,33824000,5,33841000,6,33823000,6,33842000,12,33822000,7,33843000,6
33830000,2,33833000,3,33829000,2,33834000,7,33828000,2,33835000,4,33827000,5,33836000,8,33826000,5,33837000,7,33825000,10,33838000,7,33824000,5,33839000,5,33823000,6,33840000,10,33822000,6,33841000,6,33821000,6,33842000,12
33830000,1,33831000,1,33829000,2,33833000,4,33828000,2,33834000,4,33827000,6,33835000,4,33826000,6,33836000,6,33825000,6,33837000,6,33824000,5,33838000,7,33823000,6,33839000,5,33822000,6,33840000,8,33821000,6,33841000,8
33831000,2,33833000,1,33830000,2,33834000,3,33829000,3,33835000,4,33828000,4,33836000,8,33827000,4,33837000,6,33826000,4,33838000,7,33825000,6,33839000,5,33824000,6,33840000,7,33823000,6,33841000,9,33822000,6,33842000,8
33830000,1,33832000,1,33829000,3,33833000,3,33828000,6,33834000,3,33827000,3,33835000,4,33826000,4,33836000,5,33825000,6,33837000,5,33824000,6,33838000,7,33823000,6,33839000,7,33822000,6,33840000,7,33821000,6,33841000,8
33830000,2,33833000,3,33829000,1,33834000,3,33828000,5,33835000,5,33827000,2,33836000,7,33826000,4,33837000,6,33825000,6,33838000,8,33824000,6,33839000,6,33823000,6,33840000,7,33822000,6,33841000,8,33821000,6,33842000,8
33834000,5,33836000,2,33833000,1,33837000,4,33832000,8,33838000,5,33831000,4,33839000,5,33830000,4,33840000,6,33829000,3,33841000,9,33828000,7,33842000,7,33827000,4,33843000,6,33826000,5,33844000,10,33825000,6,33845000,49
33837000,8,33840000,3,33836000,7,33841000,6,33835000,2,33842000,6,33834000,7,33843000,8,33833000,5,33844000,10,33832000,8,33845000,46,33831000,3,33846000,12,33830000,6,33847000,7,33829000,3,33848000,12,33828000,7,33849000,9
33836000,3,33839000,3,33835000,3,33840000,4,33834000,2,33841000,3,33833000,5,33842000,5,33832000,6,33843000,7,33831000,5,33844000,10,33830000,10,33845000,48,33829000,6,33846000,13,33828000,9,33847000,9,33827000,6,33848000,11
33833000,1,33835000,1,33832000,4,33836000,8,33831000,3,33837000,6,33830000,5,33838000,5,33829000,4,33839000,4,33828000,6,33840000,6,33827000,7,33841000,5,33826000,8,33842000,8,33825000,8,33843000,6,33824000,7,33844000,10
33833000,3,33836000,7,33832000,3,33837000,6,33831000,2,33838000,5,33830000,3,33839000,4,33829000,4,33840000,6,33828000,6,33841000,5,33827000,7,33842000,8,33826000,8,33843000,7,33825000,8,33844000,10,33824000,7,33845000,48
33833000,3,33835000,2,33832000,4,33836000,5,33831000,2,33837000,6,33830000,3,33838000,5,33829000,5,33839000,4,33828000,6,33840000,6,33827000,7,33841000,6,33826000,8,33842000,7,33825000,8,33843000,7,33824000,7,33844000,10
33830000,2,33832000,3,33829000,4,33833000,7,33828000,4,33834000,5,33827000,6,33835000,4,33826000,6,33836000,5,33825000,7,33837000,6,33824000,7,33838000,6,33823000,7,33839000,4,33822000,9,33840000,7,33821000,10,33841000,6
33830000,3,33833000,3,33829000,4,33834000,5,33828000,4,33835000,5,33827000,3,33836000,7,33826000,4,33837000,8,33825000,6,33838000,7,33824000,6,33839000,6,33823000,7,33840000,7,33822000,9,33841000,5,33821000,7,33842000,7
33833000,2,33835000,2,33832000,3,33836000,5,33831000,54,33837000,6,33830000,4,33838000,6,33829000,3,33839000,7,33828000,5,33840000,8,33827000,6,33841000,5,33826000,5,33842000,7,33825000,6,33843000,7,33824000,7,33844000,10
33836000,2,33839000,4,33835000,2,33840000,5,33834000,3,33841000,4,33833000,4,33842000,6,33832000,7,33843000,7,33831000,56,33844000,10,33830000,9,33845000,49,33829000,4,33846000,12,33828000,7,33847000,8,33827000,4,33848000,12
33834000,3,33836000,1,33833000,3,33837000,8,33832000,5,33838000,1,33831000,56,33839000,4,33830000,5,33840000,5,33829000,6,33841000,8,33828000,9,33842000,8,33827000,6,33843000,6,33826000,8,33844000,12,33825000,7,33845000,48
33836000,2,33839000,3,33835000,3,33840000,8,33834000,4,33841000,6,33833000,5,33842000,7,33832000,6,33843000,5,33831000,58,33844000,11,33830000,7,33845000,48,33829000,6,33846000,13,33828000,9,33847000,8,33827000,6,33848000,11
33835000,3,33836000,1,33834000,4,33838000,2,33833000,4,33839000,4,33832000,6,33840000,7,33831000,57,33841000,5,33830000,7,33842000,5,33829000,6,33843000,6,33828000,9,33844000,11,33827000,6,33845000,50,33826000,8,33846000,13
33836000,2,33839000,4,33835000,2,33840000,8,33834000,4,33841000,6,33833000,5,33842000,6,33832000,6,33843000,5,33831000,57,33844000,11,33830000,7,33845000,50,33829000,6,33846000,13,33828000,9,33847000,8,33827000,6,33848000,11
33839000,1,33840000,6,33838000,2,33841000,3,33837000,11,33842000,44,33836000,4,33843000,6,33835000,3,33844000,7,33834000,6,33845000,9,33833000,8,33846000,13,33832000,10,33847000,8,33831000,59,33848000,11,33830000,10,33849000,9
33842000,2,33844000,1,33841000,3,33845000,3,33840000,9,33846000,10,33839000,3,33847000,6,33838000,5,33848000,10,33837000,9,33849000,11,33836000,9,33850000,14,33835000,7,33851000,7,33834000,9,33852000,8,33833000,10,33853000,5
33836000,2,33837000,1,33835000,4,33838000,1,33834000,5,33839000,4,33833000,9,33840000,2,33832000,9,33841000,3,33831000,57,33842000,4,33830000,9,33843000,7,33829000,6,33844000,11,33828000,10,33845000,6,33827000,7,33846000,12
33836000,3,33838000,2,33835000,3,33839000,4,33834000,4,33840000,3,33833000,5,33841000,7,33832000,7,33842000,5,33831000,57,33843000,9,33830000,9,33844000,11,33829000,7,33845000,6,33828000,9,33846000,11,33827000,6,33847000,7
33836000,1,33838000,2,33835000,4,33839000,6,33834000,4,33840000,3,33833000,5,33841000,4,33832000,7,33842000,5,33831000,8,33843000,7,33830000,11,33844000,11,33829000,6,33845000,6,33828000,9,33846000,12,33827000,6,33847000,7
33836000,1,33838000,2,33835000,4,33839000,6,33834000,4,33840000,3,33833000,5,33841000,4,33832000,7,33842000,5,33831000,8,33843000,7,33830000,11,33844000,11,33829000,6,33845000,6,33828000,9,33846000,12,33827000,6,33847000,7
33836000,1,33838000,2,33835000,4,33839000,6,33834000,4,33840000,3,33833000,5,33841000,4,33832000,7,33842000,5,33831000,8,33843000,7,33830000,11,33844000,11,33829000,6,33845000,6,33828000,9,33846000,12,33827000,6,33847000,7
33841000,2,33843000,1,33840000,3,33844000,1,33839000,7,33845000,4,33838000,8,33846000,5,33837000,8,33847000,6,33836000,8,33848000,7,33835000,6,33849000,9,33834000,7,33850000,14,33833000,7,33851000,6,33832000,7,33852000,7
33842000,3,33845000,2,33841000,5,33846000,5,33840000,4,33847000,4,33839000,8,33848000,7,33838000,7,33849000,8,33837000,10,33850000,14,33836000,10,33851000,7,33835000,7,33852000,8,33834000,11,33853000,5,33833000,10,33854000,8
33842000,3,33845000,2,33841000,5,33846000,5,33840000,4,33847000,4,33839000,8,33848000,7,33838000,7,33849000,8,33837000,10,33850000,14,33836000,10,33851000,7,33835000,7,33852000,8,33834000,11,33853000,5,33833000,10,33854000,8
33846000,2,33847000,1,33845000,3,33848000,1,33844000,5,33849000,1,33843000,8,33850000,9,33842000,8,33851000,5,33841000,8,33852000,7,33840000,9,33853000,7,33839000,10,33854000,10,33838000,9,33855000,10,33837000,9,33856000,8
33847000,1,33850000,9,33846000,4,33851000,4,33845000,3,33852000,7,33844000,9,33853000,5,33843000,8,33854000,8,33842000,8,33855000,11,33841000,10,33856000,9,33840000,10,33857000,9,33839000,11,33858000,10,33838000,9,33859000,6
33847000,1,33848000,5,33846000,3,33849000,1,33845000,4,33850000,4,33844000,9,33851000,2,33843000,9,33852000,8,33842000,11,33853000,5,33841000,10,33854000,9,33840000,10,33855000,11,33839000,9,33856000,9,33838000,9,33857000,9
33848000,2,33850000,1,33847000,4,33851000,2,33846000,4,33852000,5,33845000,5,33853000,4,33844000,10,33854000,8,33843000,9,33855000,11,33842000,11,33856000,9,33841000,10,33857000,9,33840000,10,33858000,10,33839000,9,33859000,6
33852000,1,33853000,1,33851000,5,33855000,4,33850000,3,33856000,7,33849000,5,33857000,9,33848000,6,33858000,9,33847000,8,33859000,7,33846000,10,33860000,10,33845000,9,33861000,5,33844000,15,33862000,10,33843000,10,33863000,18
33853000,3,33856000,3,33852000,4,33857000,7,33851000,6,33858000,8,33850000,6,33859000,6,33849000,7,33860000,11,33848000,8,33861000,6,33847000,9,33862000,10,33846000,11,33863000,16,33845000,9,33864000,18,33844000,15,33865000,8
33858000,38,33859000,3,33856000,2,33860000,6,33855000,3,33861000,5,33854000,5,33862000,10,33853000,6,33863000,16,33852000,7,33864000,18,33851000,10,33865000,9,33850000,10,33866000,9,33849000,10,33867000,7,33848000,9,33868000,8
33856000,2,33857000,1,33855000,3,33858000,4,33854000,6,33859000,4,33853000,5,33860000,4,33852000,6,33861000,3,33851000,10,33862000,9,33850000,9,33863000,17,33849000,7,33864000,20,33848000,8,33865000,11,33847000,8,33866000,11
33854000,3,33857000,3,33853000,3,33858000,6,33852000,3,33859000,4,33851000,9,33860000,4,33850000,7,33861000,5,33849000,8,33862000,10,33848000,9,33863000,17,33847000,8,33864000,21,33846000,9,33865000,10,33845000,8,33866000,10
33855000,4,33856000,1,33854000,6,33857000,3,33853000,7,33858000,5,33852000,7,33859000,3,33851000,6,33860000,4,33850000,8,33861000,7,33849000,12,33862000,9,33848000,10,33863000,17,33847000,9,33864000,20,33846000,10,33865000,8
33853000,1,33855000,3,33852000,3,33856000,6,33851000,3,33857000,7,33850000,8,33858000,6,33849000,7,33859000,6,33848000,8,33860000,9,33847000,9,33861000,8,33846000,10,33862000,10,33845000,9,33863000,17,33844000,13,33864000,20
33854000,2,33856000,5,33853000,4,33857000,5,33852000,5,33858000,6,33851000,4,33859000,7,33850000,7,33860000,10,33849000,6,33861000,9,33848000,6,33862000,9,33847000,9,33863000,16,33846000,10,33864000,20,33845000,9,33865000,10
33853000,2,33855000,11,33852000,5,33856000,4,33851000,4,33857000,6,33850000,7,33858000,6,33849000,5,33859000,6,33848000,6,33860000,13,33847000,9,33861000,9,33846000,10,33862000,9,33845000,9,33863000,16,33844000,13,33864000,20
33852000,5,33854000,6,33851000,5,33855000,2,33850000,8,33856000,5,33849000,5,33857000,5,33848000,5,33858000,6,33847000,9,33859000,7,33846000,10,33860000,12,33845000,9,33861000,9,33844000,13,33862000,9,33843000,10,33863000,16
33853000,3,33855000,4,33852000,7,33856000,1,33851000,6,33857000,4,33850000,8,33858000,4,33849000,7,33859000,5,33848000,8,33860000,11,33847000,9,33861000,8,33846000,9,33862000,9,33845000,9,33863000,17,33844000,13,33864000,20
33850000,3,33851000,1,33849000,3,33852000,11,33848000,5,33853000,6,33847000,6,33854000,3,33846000,7,33855000,10,33845000,10,33856000,2,33844000,14,33857000,11,33843000,10,33858000,8,33842000,12,33859000,8,33841000,10,33860000,12
33853000,1,33855000,1,33852000,3,33856000,3,33851000,5,33857000,6,33850000,7,33858000,5,33849000,5,33859000,7,33848000,5,33860000,12,33847000,8,33861000,9,33846000,9,33862000,9,33845000,8,33863000,16,33844000,15,33864000,19
33854000,1,33856000,2,33853000,2,33857000,5,33852000,6,33858000,5,33851000,7,33859000,6,33850000,5,33860000,10,33849000,6,33861000,9,33848000,5,33862000,8,33847000,8,33863000,16,33846000,9,33864000,19,33845000,8,33865000,10
33858000,19,33859000,2,33857000,1,33860000,6,33856000,2,33861000,4,33855000,4,33862000,6,33854000,6,33863000,16,33853000,5,33864000,19,33852000,7,33865000,11,33851000,8,33866000,11,33850000,11,33867000,8,33849000,8,33868000,9
33859000,3,33862000,4,33858000,20,33863000,13,33857000,3,33864000,17,33856000,5,33865000,8,33855000,5,33866000,12,33854000,8,33867000,10,33853000,7,33868000,10,33852000,9,33869000,5,33851000,8,33870000,10,33850000,10,33871000,6
33864000,1,33865000,3,33863000,3,33866000,3,33862000,8,33867000,6,33861000,7,33868000,8,33860000,8,33869000,8,33859000,8,33870000,10,33858000,28,33871000,8,33857000,9,33872000,8,33856000,9,33873000,5,33855000,8,33874000,19
33865000,1,33866000,1,33864000,5,33867000,5,33863000,5,33868000,4,33862000,7,33869000,7,33861000,5,33870000,9,33860000,9,33871000,13,33859000,11,33872000,10,33858000,28,33873000,6,33857000,11,33874000,19,33856000,7,33875000,6
33860000,1,33862000,2,33859000,4,33863000,4,33858000,24,33864000,4,33857000,6,33865000,8,33856000,7,33866000,9,33855000,7,33867000,5,33854000,9,33868000,9,33853000,9,33869000,12,33852000,10,33870000,12,33851000,8,33871000,13
33858000,4,33861000,4,33857000,5,33862000,6,33856000,5,33863000,6,33855000,5,33864000,5,33854000,8,33865000,11,33853000,9,33866000,13,33852000,11,33867000,7,33851000,8,33868000,9,33850000,12,33869000,9,33849000,6,33870000,11
33854000,2,33856000,1,33853000,3,33857000,3,33852000,6,33858000,4,33851000,7,33859000,7,33850000,7,33860000,46,33849000,7,33861000,7,33848000,9,33862000,10,33847000,7,33863000,9,33846000,8,33864000,12,33845000,6,33865000,12
33854000,1,33856000,2,33853000,5,33857000,4,33852000,6,33858000,7,33851000,7,33859000,12,33850000,7,33860000,47,33849000,7,33861000,8,33848000,8,33862000,13,33847000,5,33863000,8,33846000,9,33864000,11,33845000,7,33865000,11
33856000,1,33858000,2,33855000,3,33859000,10,33854000,3,33860000,46,33853000,7,33861000,4,33852000,7,33862000,9,33851000,6,33863000,8,33850000,10,33864000,12,33849000,7,33865000,11,33848000,7,33866000,14,33847000,4,33867000,9
33855000,1,33857000,3,33854000,4,33858000,7,33853000,3,33859000,8,33852000,5,33860000,47,33851000,5,33861000,5,33850000,9,33862000,12,33849000,7,33863000,8,33848000,8,33864000,12,33847000,5,33865000,10,33846000,9,33866000,14
33858000,1,33860000,41,33857000,3,33861000,4,33856000,3,33862000,9,33855000,3,33863000,6,33854000,6,33864000,10,33853000,4,33865000,12,33852000,8,33866000,12,33851000,7,33867000,9,33850000,10,33868000,12,33849000,7,33869000,7
33858000,1,33859000,2,33857000,2,33860000,5,33856000,4,33861000,5,33855000,4,33862000,5,33854000,6,33863000,5,33853000,4,33864000,8,33852000,9,33865000,12,33851000,6,33866000,15,33850000,8,33867000,10,33849000,6,33868000,11
33858000,1,33860000,4,33857000,3,33861000,4,33856000,6,33862000,5,33855000,3,33863000,5,33854000,7,33864000,8,33853000,4,33865000,11,33852000,6,33866000,13,33851000,7,33867000,9,33850000,8,33868000,10,33849000,7,33869000,7
33854000,1,33856000,2,33853000,3,33857000,4,33852000,3,33858000,4,33851000,6,33859000,5,33850000,8,33860000,5,33849000,6,33861000,4,33848000,7,33862000,8,33847000,10,33863000,7,33846000,18,33864000,9,33845000,13,33865000,11
33853000,1,33855000,2,33852000,3,33856000,3,33851000,3,33857000,4,33850000,7,33858000,5,33849000,7,33859000,6,33848000,7,33860000,7,33847000,5,33861000,5,33846000,8,33862000,8,33845000,8,33863000,6,33844000,11,33864000,9
33854000,1,33855000,2,33853000,4,33856000,2,33852000,4,33857000,4,33851000,3,33858000,5,33850000,5,33859000,10,33849000,4,33860000,8,33848000,6,33861000,5,33847000,6,33862000,7,33846000,8,33863000,6,33845000,7,33864000,9
33853000,2,33856000,3,33852000,4,33857000,6,33851000,3,33858000,5,33850000,8,33859000,5,33849000,6,33860000,6,33848000,7,33861000,5,33847000,5,33862000,6,33846000,8,33863000,6,33845000,7,33864000,9,33844000,11,33865000,11
33854000,2,33857000,5,33853000,3,33858000,3,33852000,4,33859000,7,33851000,4,33860000,6,33850000,6,33861000,4,33849000,6,33862000,6,33848000,7,33863000,6,33847000,5,33864000,9,33846000,8,33865000,11,33845000,7,33866000,12
33855000,1,33856000,1,33854000,3,33857000,1,33853000,3,33858000,5,33852000,4,33859000,5,33851000,7,33860000,4,33850000,7,33861000,6,33849000,6,33862000,5,33848000,6,33863000,7,33847000,5,33864000,9,33846000,8,33865000,11
33855000,1,33856000,1,33854000,3,33857000,1,33853000,3,33858000,5,33852000,4,33859000,5,33851000,7,33860000,4,33850000,7,33861000,6,33849000,6,33862000,5,33848000,6,33863000,7,33847000,5,33864000,9,33846000,8,33865000,11
33852000,1,33854000,2,33851000,3,33855000,4,33850000,4,33856000,7,33849000,4,33857000,4,33848000,6,33858000,8,33847000,3,33859000,7,33846000,7,33860000,7,33845000,3,33861000,6,33844000,11,33862000,6,33843000,11,33863000,6
33846000,3,33849000,2,33845000,2,33850000,5,33844000,10,33851000,4,33843000,10,33852000,4,33842000,11,33853000,5,33841000,6,33854000,5,33840000,8,33855000,7,33839000,6,33856000,10,33838000,10,33857000,5,33837000,10,33858000,8
33851000,3,33854000,4,33850000,3,33855000,3,33849000,4,33856000,8,33848000,3,33857000,5,33847000,4,33858000,8,33846000,5,33859000,8,33845000,6,33860000,6,33844000,11,33861000,7,33843000,8,33862000,6,33842000,16,33863000,7
33852000,3,33854000,1,33851000,4,33855000,3,33850000,4,33856000,7,33849000,5,33857000,4,33848000,3,33858000,8,33847000,4,33859000,8,33846000,6,33860000,6,33845000,6,33861000,7,33844000,13,33862000,6,33843000,18,33863000,7
33852000,3,33855000,3,33851000,4,33856000,7,33850000,4,33857000,4,33849000,5,33858000,8,33848000,4,33859000,8,33847000,4,33860000,6,33846000,7,33861000,7,33845000,5,33862000,6,33844000,21,33863000,6,33843000,18,33864000,9
33854000,3,33856000,1,33853000,3,33857000,2,33852000,4,33858000,6,33851000,4,33859000,8,33850000,6,33860000,5,33849000,6,33861000,7,33848000,6,33862000,6,33847000,4,33863000,6,33846000,7,33864000,9,33845000,5,33865000,10
33852000,2,33854000,1,33851000,3,33855000,6,33850000,4,33856000,5,33849000,3,33857000,4,33848000,6,33858000,8,33847000,4,33859000,8,33846000,17,33860000,6,33845000,15,33861000,7,33844000,21,33862000,6,33843000,18,33863000,6
33852000,1,33854000,2,33851000,3,33855000,3,33850000,4,33856000,5,33849000,4,33857000,5,33848000,4,33858000,7,33847000,6,33859000,9,33846000,6,33860000,6,33845000,5,33861000,7,33844000,11,33862000,6,33843000,8,33863000,6
33852000,1,33854000,2,33851000,3,33855000,3,33850000,4,33856000,5,33849000,4,33857000,5,33848000,4,33858000,7,33847000,6,33859000,9,33846000,6,33860000,6,33845000,5,33861000,7,33844000,11,33862000,6,33843000,8,33863000,6
33848000,2,33850000,1,33847000,2,33851000,4,33846000,3,33852000,6,33845000,2,33853000,6,33844000,8,33854000,6,33843000,6,33855000,7,33842000,11,33856000,6,33841000,11,33857000,7,33840000,18,33858000,8,33839000,21,33859000,8
33846000,2,33848000,1,33845000,3,33849000,3,33844000,7,33850000,4,33843000,5,33851000,5,33842000,11,33852000,7,33841000,7,33853000,7,33840000,8,33854000,6,33839000,6,33855000,7,33838000,10,33856000,6,33837000,7,33857000,7
33846000,2,33848000,1,33845000,3,33849000,3,33844000,7,33850000,4,33843000,5,33851000,5,33842000,11,33852000,7,33841000,7,33853000,7,33840000,8,33854000,6,33839000,6,33855000,7,33838000,10,33856000,6,33837000,7,33857000,7
33839000,2,33842000,2,33838000,4,33843000,4,33837000,4,33844000,5,33836000,6,33845000,3,33835000,4,33846000,7,33834000,9,33847000,6,33833000,8,33848000,11,33832000,8,33849000,6,33831000,8,33850000,7,33830000,53,33851000,6
33839000,2,33842000,2,33838000,4,33843000,4,33837000,4,33844000,5,33836000,6,33845000,3,33835000,4,33846000,7,33834000,9,33847000,6,33833000,8,33848000,11,33832000,8,33849000,6,33831000,8,33850000,7,33830000,53,33851000,6
33839000,2,33842000,2,33838000,4,33843000,4,33837000,4,33844000,5,33836000,6,33845000,3,33835000,4,33846000,7,33834000,9,33847000,6,33833000,8,33848000,11,33832000,8,33849000,6,33831000,8,33850000,7,33830000,53,33851000,6
33836000,2,33838000,1,33835000,4,33839000,4,33834000,2,33840000,5,33833000,4,33841000,7,33832000,4,33842000,7,33831000,5,33843000,5,33830000,51,33844000,8,33829000,4,33845000,5,33828000,9,33846000,9,33827000,5,33847000,6
33837000,1,33839000,2,33836000,4,33840000,5,33835000,1,33841000,9,33834000,4,33842000,7,33833000,5,33843000,7,33832000,5,33844000,10,33831000,7,33845000,12,33830000,51,33846000,10,33829000,4,33847000,8,33828000,8,33848000,11
33836000,1,33838000,3,33835000,3,33839000,5,33834000,3,33840000,7,33833000,4,33841000,11,33832000,5,33842000,8,33831000,4,33843000,6,33830000,50,33844000,10,33829000,5,33845000,12,33828000,8,33846000,10,33827000,5,33847000,9
33838000,1,33839000,6,33837000,4,33840000,5,33836000,3,33841000,8,33835000,4,33842000,7,33834000,3,33843000,6,33833000,5,33844000,9,33832000,6,33845000,13,33831000,8,33846000,10,33830000,54,33847000,9,33829000,5,33848000,9
33836000,2,33839000,3,33835000,3,33840000,5,33834000,3,33841000,5,33833000,7,33842000,6,33832000,5,33843000,6,33831000,10,33844000,12,33830000,52,33845000,13,33829000,5,33846000,11,33828000,8,33847000,9,33827000,6,33848000,9
33831000,5,33833000,1,33830000,47,33834000,4,33829000,4,33835000,2,33828000,6,33836000,4,33827000,5,33837000,4,33826000,23,33838000,9,33825000,9,33839000,9,33824000,7,33840000,9,33823000,8,33841000,9,33822000,9,33842000,10
33828000,5,33831000,3,33827000,6,33832000,4,33826000,20,33833000,4,33825000,8,33834000,5,33824000,7,33835000,5,33823000,7,33836000,9,33822000,10,33837000,7,33821000,7,33838000,10,33820000,9,33839000,8,33819000,7,33840000,8
33831000,2,33833000,1,33830000,2,33834000,6,33829000,3,33835000,4,33828000,4,33836000,7,33827000,5,33837000,7,33826000,19,33838000,10,33825000,9,33839000,9,33824000,8,33840000,8,33823000,9,33841000,8,33822000,11,33842000,10
33831000,1,33832000,1,33830000,2,33833000,2,33829000,3,33834000,6,33828000,4,33835000,4,33827000,5,33836000,8,33826000,20,33837000,8,33825000,9,33838000,11,33824000,8,33839000,9,33823000,9,33840000,8,33822000,11,33841000,8
33830000,5,33832000,1,33829000,4,33833000,1,33828000,5,33834000,6,33827000,4,33835000,6,33826000,20,33836000,8,33825000,49,33837000,8,33824000,7,33838000,11,33823000,10,33839000,9,33822000,11,33840000,8,33821000,7,33841000,8
33833000,2,33835000,3,33832000,4,33836000,4,33831000,4,33837000,5,33830000,5,33838000,9,33829000,3,33839000,7,33828000,6,33840000,7,33827000,5,33841000,10,33826000,25,33842000,11,33825000,51,33843000,8,33824000,8,33844000,10
33837000,10,33838000,4,33835000,4,33839000,4,33834000,6,33840000,4,33833000,4,33841000,9,33832000,3,33842000,8,33831000,3,33843000,9,33830000,4,33844000,11,33829000,6,33845000,14,33828000,9,33846000,10,33827000,6,33847000,10
33841000,5,33842000,1,33839000,3,33843000,4,33838000,2,33844000,7,33837000,3,33845000,14,33836000,4,33846000,9,33835000,4,33847000,11,33834000,4,33848000,10,33833000,6,33849000,7,33832000,6,33850000,11,33831000,5,33851000,5
33838000,1,33839000,2,33837000,1,33840000,4,33836000,4,33841000,4,33835000,45,33842000,6,33834000,4,33843000,5,33833000,9,33844000,7,33832000,6,33845000,12,33831000,4,33846000,11,33830000,5,33847000,10,33829000,4,33848000,10
33840000,1,33841000,2,33839000,2,33842000,4,33838000,1,33843000,5,33837000,2,33844000,7,33836000,3,33845000,9,33835000,43,33846000,10,33834000,4,33847000,10,33833000,8,33848000,9,33832000,6,33849000,9,33831000,5,33850000,12
33842000,2,33844000,2,33841000,4,33845000,6,33840000,4,33846000,8,33839000,2,33847000,9,33838000,2,33848000,10,33837000,4,33849000,10,33836000,6,33850000,13,33835000,43,33851000,6,33834000,6,33852000,8,33833000,7,33853000,9
33845000,1,33847000,4,33844000,2,33848000,7,33843000,3,33849000,7,33842000,3,33850000,11,33841000,4,33851000,7,33840000,5,33852000,8,33839000,6,33853000,9,33838000,7,33854000,10,33837000,8,33855000,6,33836000,7,33856000,11
33842000,2,33845000,4,33841000,4,33846000,7,33840000,3,33847000,6,33839000,4,33848000,8,33838000,5,33849000,8,33837000,8,33850000,13,33836000,7,33851000,8,33835000,42,33852000,8,33834000,6,33853000,9,33833000,8,33854000,10
33839000,3,33840000,1,33838000,5,33842000,1,33837000,6,33844000,4,33836000,4,33845000,4,33835000,43,33846000,7,33834000,6,33847000,6,33833000,9,33848000,8,33832000,8,33849000,9,33831000,6,33850000,13,33830000,7,33851000,8
33838000,1,33840000,3,33837000,3,33841000,4,33836000,4,33842000,5,33835000,42,33843000,6,33834000,3,33844000,7,33833000,8,33845000,8,33832000,8,33846000,13,33831000,7,33847000,10,33830000,8,33848000,10,33829000,6,33849000,9
33842000,1,33844000,3,33841000,4,33845000,3,33840000,4,33846000,8,33839000,4,33847000,7,33838000,3,33848000,9,33837000,5,33849000,11,33836000,7,33850000,53,33835000,5,33851000,6,33834000,5,33852000,9,33833000,8,33853000,8
33843000,2,33845000,1,33842000,4,33846000,4,33841000,4,33847000,6,33840000,4,33848000,9,33839000,5,33849000,11,33838000,3,33850000,51,33837000,5,33851000,7,33836000,7,33852000,9,33835000,5,33853000,8,33834000,5,33854000,10
33847000,1,33848000,1,33846000,4,33849000,8,33845000,3,33850000,49,33844000,3,33851000,7,33843000,2,33852000,8,33842000,7,33853000,9,33841000,5,33854000,11,33840000,15,33855000,7,33839000,5,33856000,11,33838000,7,33857000,10
33849000,2,33851000,1,33848000,3,33852000,7,33847000,3,33853000,6,33846000,4,33854000,10,33845000,4,33855000,8,33844000,5,33856000,12,33843000,6,33857000,7,33842000,8,33858000,12,33841000,6,33859000,8,33840000,14,33860000,10
33846000,1,33848000,2,33845000,4,33849000,4,33844000,3,33850000,5,33843000,3,33851000,4,33842000,6,33852000,5,33841000,7,33853000,6,33840000,15,33854000,11,33839000,6,33855000,8,33838000,8,33856000,12,33837000,5,33857000,7
33844000,3,33846000,3,33843000,1,33847000,4,33842000,5,33848000,4,33841000,3,33849000,6,33840000,11,33850000,8,33839000,6,33851000,7,33838000,8,33852000,6,33837000,5,33853000,5,33836000,6,33854000,9,33835000,6,33855000,7
33840000,7,33841000,3,33839000,2,33842000,18,33838000,4,33843000,1,33837000,4,33844000,2,33836000,6,33845000,3,33835000,6,33846000,8,33834000,6,33847000,5,33833000,8,33848000,7,33832000,7,33849000,7,33831000,4,33850000,9
33837000,3,33838000,1,33836000,1,33839000,3,33835000,3,33840000,4,33834000,3,33841000,4,33833000,7,33842000,22,33832000,6,33843000,4,33831000,5,33844000,7,33830000,8,33845000,5,33829000,5,33846000,10,33828000,8,33847000,5
33833000,2,33835000,1,33832000,3,33836000,4,33831000,3,33837000,4,33830000,6,33838000,4,33829000,5,33839000,3,33828000,9,33840000,6,33827000,4,33841000,7,33826000,18,33842000,23,33825000,8,33843000,5,33824000,7,33844000,9
33833000,5,33836000,4,33832000,2,33837000,4,33831000,3,33838000,5,33830000,8,33839000,5,33829000,3,33840000,8,33828000,7,33841000,8,33827000,5,33842000,26,33826000,18,33843000,7,33825000,8,33844000,11,33824000,7,33845000,47
33836000,2,33839000,4,33835000,3,33840000,6,33834000,5,33841000,6,33833000,7,33842000,22,33832000,2,33843000,8,33831000,8,33844000,11,33830000,13,33845000,48,33829000,5,33846000,12,33828000,8,33847000,8,33827000,4,33848000,14
33836000,1,33837000,2,33835000,3,33838000,3,33834000,5,33839000,4,33833000,7,33840000,6,33832000,2,33841000,6,33831000,7,33842000,23,33830000,14,33843000,10,33829000,5,33844000,13,33828000,8,33845000,49,33827000,4,33846000,12
33838000,1,33839000,2,33837000,7,33840000,3,33836000,3,33841000,4,33835000,4,33842000,23,33834000,4,33843000,7,33833000,8,33844000,11,33832000,4,33845000,49,33831000,7,33846000,11,33830000,14,33847000,8,33829000,6,33848000,24
33836000,4,33837000,1,33835000,45,33838000,3,33834000,3,33839000,3,33833000,7,33840000,3,33832000,3,33841000,5,33831000,8,33842000,22,33830000,15,33843000,5,33829000,5,33844000,13,33828000,8,33845000,51,33827000,4,33846000,14
33832000,2,33835000,5,33831000,4,33836000,4,33830000,10,33837000,5,33829000,5,33838000,6,33828000,7,33839000,6,33827000,5,33840000,6,33826000,19,33841000,8,33825000,9,33842000,24,33824000,7,33843000,4,33823000,7,33844000,7
33832000,3,33835000,5,33831000,4,33836000,6,33830000,11,33837000,4,33829000,4,33838000,6,33828000,8,33839000,6,33827000,6,33840000,7,33826000,20,33841000,8,33825000,9,33842000,24,33824000,8,33843000,5,33823000,7,33844000,7
33831000,1,33832000,2,33830000,11,33833000,3,33829000,5,33834000,5,33828000,9,33835000,2,33827000,4,33836000,5,33826000,19,33837000,12,33825000,9,33838000,6,33824000,7,33839000,6,33823000,7,33840000,6,33822000,10,33841000,8
33833000,2,33835000,4,33832000,3,33836000,3,33831000,4,33837000,9,33830000,11,33838000,5,33829000,4,33839000,6,33828000,9,33840000,6,33827000,5,33841000,9,33826000,20,33842000,23,33825000,9,33843000,5,33824000,8,33844000,7
33835000,2,33837000,4,33834000,4,33838000,4,33833000,5,33839000,4,33832000,3,33840000,5,33831000,4,33841000,8,33830000,14,33842000,23,33829000,6,33843000,6,33828000,11,33844000,7,33827000,6,33845000,8,33826000,20,33846000,12
33833000,3,33836000,3,33832000,3,33837000,3,33831000,5,33838000,5,33830000,11,33839000,4,33829000,5,33840000,4,33828000,9,33841000,9,33827000,6,33842000,23,33826000,19,33843000,7,33825000,8,33844000,8,33824000,7,33845000,8
33835000,1,33837000,2,33834000,3,33838000,2,33833000,2,33839000,4,33832000,3,33840000,5,33831000,4,33841000,8,33830000,14,33842000,23,33829000,6,33843000,6,33828000,10,33844000,8,33827000,6,33845000,8,33826000,20,33846000,11
33834000,3,33836000,2,33833000,2,33837000,3,33832000,3,33838000,4,33831000,6,33839000,4,33830000,15,33840000,3,33829000,6,33841000,7,33828000,10,33842000,23,33827000,4,33843000,8,33826000,19,33844000,8,33825000,8,33845000,9
33836000,1,33838000,1,33835000,3,33839000,4,33834000,4,33840000,3,33833000,5,33841000,7,33832000,4,33842000,22,33831000,6,33843000,8,33830000,16,33844000,7,33829000,6,33845000,9,33828000,11,33846000,11,33827000,4,33847000,8
33833000,4,33836000,3,33832000,4,33837000,4,33831000,4,33838000,4,33830000,12,33839000,3,33829000,6,33840000,5,33828000,10,33841000,9,33827000,5,33842000,24,33826000,19,33843000,7,33825000,8,33844000,8,33824000,7,33845000,9
33833000,2,33835000,1,33832000,3,33836000,4,33831000,3,33837000,4,33830000,11,33838000,5,33829000,6,33839000,6,33828000,9,33840000,8,33827000,4,33841000,9,33826000,20,33842000,24,33825000,8,33843000,6,33824000,7,33844000,7
33833000,2,33836000,4,33832000,3,33837000,4,33831000,3,33838000,4,33830000,11,33839000,5,33829000,6,33840000,6,33828000,10,33841000,9,33827000,5,33842000,24,33826000,20,33843000,6,33825000,8,33844000,7,33824000,7,33845000,8
33830000,9,33832000,2,33829000,2,33833000,4,33828000,4,33834000,6,33827000,3,33835000,7,33826000,6,33836000,6,33825000,10,33837000,8,33824000,8,33838000,9,33823000,7,33839000,5,33822000,10,33840000,7,33821000,8,33841000,8
33829000,1,33831000,3,33828000,3,33832000,3,33827000,4,33833000,8,33826000,3,33834000,7,33825000,7,33835000,8,33824000,7,33836000,9,33823000,8,33837000,8,33822000,12,33838000,9,33821000,6,33839000,5,33820000,10,33840000,6
33824000,4,33825000,3,33823000,4,33826000,4,33822000,7,33827000,6,33821000,6,33828000,4,33820000,9,33829000,2,33819000,8,33830000,6,33818000,9,33831000,7,33817000,5,33832000,7,33816000,9,33833000,10,33815000,7,33834000,22
33826000,2,33828000,2,33825000,3,33829000,2,33824000,3,33830000,4,33823000,3,33831000,6,33822000,5,33832000,6,33821000,7,33833000,10,33820000,12,33834000,21,33819000,9,33835000,17,33818000,10,33836000,17,33817000,6,33837000,7
33825000,1,33827000,3,33824000,4,33828000,2,33823000,2,33829000,3,33822000,4,33830000,4,33821000,8,33831000,5,33820000,12,33832000,7,33819000,9,33833000,9,33818000,9,33834000,22,33817000,5,33835000,19,33816000,9,33836000,17
33826000,4,33829000,2,33825000,6,33830000,3,33824000,2,33831000,5,33823000,3,33832000,6,33822000,3,33833000,9,33821000,8,33834000,21,33820000,9,33835000,19,33819000,8,33836000,16,33818000,9,33837000,7,33817000,5,33838000,10
33825000,4,33827000,1,33824000,2,33828000,2,33823000,4,33829000,2,33822000,3,33830000,4,33821000,9,33831000,4,33820000,10,33832000,6,33819000,8,33833000,9,33818000,9,33834000,21,33817000,5,33835000,18,33816000,9,33836000,16
33826000,5,33829000,3,33825000,3,33830000,5,33824000,3,33831000,5,33823000,4,33832000,4,33822000,4,33833000,7,33821000,9,33834000,7,33820000,10,33835000,11,33819000,8,33836000,8,33818000,9,33837000,6,33817000,5,33838000,9
33829000,3,33832000,3,33828000,2,33833000,6,33827000,4,33834000,6,33826000,4,33835000,12,33825000,5,33836000,6,33824000,2,33837000,6,33823000,6,33838000,9,33822000,6,33839000,7,33821000,9,33840000,8,33820000,10,33841000,8
33829000,1,33830000,1,33828000,3,33831000,2,33827000,4,33832000,3,33826000,4,33833000,6,33825000,7,33834000,6,33824000,3,33835000,10,33823000,5,33836000,6,33822000,6,33837000,6,33821000,8,33838000,10,33820000,10,33839000,7
33829000,2,33832000,3,33828000,3,33833000,6,33827000,4,33834000,6,33826000,4,33835000,11,33825000,6,33836000,6,33824000,4,33837000,6,33823000,5,33838000,10,33822000,6,33839000,7,33821000,7,33840000,8,33820000,10,33841000,8
33829000,1,33830000,1,33828000,3,33831000,2,33827000,4,33832000,3,33826000,4,33833000,6,33825000,6,33834000,6,33824000,4,33835000,11,33823000,5,33836000,6,33822000,6,33837000,6,33821000,7,33838000,10,33820000,10,33839000,7
33828000,4,33831000,2,33827000,5,33832000,3,33826000,5,33833000,6,33825000,7,33834000,6,33824000,3,33835000,12,33823000,5,33836000,6,33822000,6,33837000,6,33821000,7,33838000,9,33820000,10,33839000,7,33819000,8,33840000,8
33835000,1,33836000,1,33834000,3,33837000,3,33833000,2,33838000,4,33832000,3,33839000,6,33831000,4,33840000,7,33830000,6,33841000,8,33829000,8,33842000,25,33828000,9,33843000,6,33827000,6,33844000,8,33826000,6,33845000,6
33835000,3,33838000,3,33834000,3,33839000,3,33833000,4,33840000,7,33832000,3,33841000,8,33831000,6,33842000,24,33830000,7,33843000,6,33829000,8,33844000,8,33828000,8,33845000,6,33827000,6,33846000,11,33826000,6,33847000,7
33834000,3,33836000,1,33833000,2,33837000,2,33832000,4,33838000,4,33831000,6,33839000,3,33830000,8,33840000,8,33829000,7,33841000,8,33828000,8,33842000,24,33827000,7,33843000,6,33826000,7,33844000,8,33825000,6,33845000,6
33828000,1,33830000,3,33827000,3,33831000,3,33826000,3,33832000,4,33825000,6,33833000,5,33824000,2,33834000,5,33823000,6,33835000,4,33822000,6,33836000,5,33821000,7,33837000,7,33820000,11,33838000,7,33819000,8,33839000,4
33825000,2,33827000,1,33824000,2,33828000,3,33823000,3,33829000,4,33822000,5,33830000,4,33821000,7,33831000,4,33820000,12,33832000,4,33819000,8,33833000,7,33818000,9,33834000,7,33817000,5,33835000,4,33816000,9,33836000,6
33826000,2,33828000,1,33825000,3,33829000,3,33824000,7,33830000,4,33823000,3,33831000,5,33822000,5,33832000,4,33821000,7,33833000,7,33820000,12,33834000,7,33819000,10,33835000,4,33818000,11,33836000,6,33817000,5,33837000,7
33826000,3,33829000,2,33825000,3,33830000,3,33824000,6,33831000,4,33823000,3,33832000,4,33822000,5,33833000,7,33821000,7,33834000,7,33820000,12,33835000,4,33819000,10,33836000,6,33818000,9,33837000,7,33817000,5,33838000,8
33826000,1,33828000,1,33825000,2,33829000,4,33824000,6,33830000,3,33823000,3,33831000,5,33822000,4,33832000,4,33821000,7,33833000,7,33820000,12,33834000,7,33819000,10,33835000,4,33818000,9,33836000,6,33817000,5,33837000,7
33828000,2,33831000,3,33827000,2,33832000,3,33826000,4,33833000,5,33825000,3,33834000,6,33824000,7,33835000,4,33823000,6,33836000,6,33822000,6,33837000,6,33821000,7,33838000,13,33820000,11,33839000,16,33819000,8,33840000,16
33831000,4,33834000,3,33830000,2,33835000,3,33829000,3,33836000,4,33828000,4,33837000,7,33827000,4,33838000,7,33826000,7,33839000,5,33825000,4,33840000,10,33824000,8,33841000,8,33823000,5,33842000,25,33822000,6,33843000,10
33831000,3,33832000,1,33829000,3,33833000,6,33828000,4,33834000,3,33827000,4,33835000,3,33826000,7,33836000,6,33825000,5,33837000,7,33824000,8,33838000,8,33823000,5,33839000,5,33822000,6,33840000,10,33821000,7,33841000,8
33828000,3,33830000,3,33827000,1,33831000,2,33826000,2,33832000,4,33825000,5,33833000,9,33824000,7,33834000,4,33823000,6,33835000,4,33822000,7,33836000,6,33821000,7,33837000,5,33820000,11,33838000,7,33819000,8,33839000,6
33830000,2,33832000,1,33829000,3,33833000,5,33828000,2,33834000,3,33827000,2,33835000,4,33826000,4,33836000,5,33825000,5,33837000,7,33824000,7,33838000,7,33823000,6,33839000,5,33822000,7,33840000,11,33821000,7,33841000,9
33832000,2,33835000,4,33831000,3,33836000,4,33830000,3,33837000,6,33829000,3,33838000,6,33828000,3,33839000,5,33827000,3,33840000,11,33826000,5,33841000,8,33825000,5,33842000,24,33824000,8,33843000,7,33823000,5,33844000,9
33835000,1,33838000,3,33834000,4,33839000,3,33833000,5,33840000,9,33832000,4,33841000,8,33831000,4,33842000,23,33830000,5,33843000,8,33829000,4,33844000,9,33828000,6,33845000,6,33827000,3,33846000,11,33826000,6,33847000,7
33833000,4,33836000,2,33832000,4,33837000,3,33831000,4,33838000,3,33830000,5,33839000,3,33829000,3,33840000,8,33828000,6,33841000,8,33827000,3,33842000,24,33826000,6,33843000,8,33825000,4,33844000,9,33824000,12,33845000,6
33829000,1,33830000,4,33827000,2,33831000,4,33826000,4,33832000,4,33825000,5,33833000,9,33824000,7,33834000,4,33823000,4,33835000,8,33822000,6,33836000,7,33821000,8,33837000,4,33820000,11,33838000,5,33819000,8,33839000,5
33832000,1,33833000,1,33831000,2,33834000,2,33830000,2,33835000,5,33829000,2,33836000,5,33828000,3,33837000,6,33827000,3,33838000,6,33826000,4,33839000,5,33825000,7,33840000,9,33824000,9,33841000,8,33823000,6,33842000,25
33829000,3,33832000,6,33828000,3,33833000,4,33827000,3,33834000,4,33826000,5,33835000,4,33825000,9,33836000,3,33824000,8,33837000,6,33823000,5,33838000,6,33822000,6,33839000,6,33821000,7,33840000,10,33820000,11,33841000,7
33825000,4,33827000,2,33824000,5,33828000,1,33823000,5,33829000,2,33822000,5,33830000,3,33821000,7,33831000,5,33820000,11,33832000,6,33819000,8,33833000,9,33818000,9,33834000,6,33817000,5,33835000,5,33816000,9,33836000,4
33828000,1,33830000,2,33827000,4,33831000,2,33826000,4,33832000,5,33825000,4,33833000,6,33824000,5,33834000,6,33823000,7,33835000,5,33822000,6,33836000,5,33821000,7,33837000,5,33820000,11,33838000,7,33819000,8,33839000,6
33825000,4,33828000,3,33824000,3,33829000,3,33823000,4,33830000,4,33822000,4,33831000,2,33821000,8,33832000,6,33820000,12,33833000,9,33819000,8,33834000,6,33818000,9,33835000,5,33817000,5,33836000,4,33816000,9,33837000,5
33822000,3,33824000,3,33821000,3,33825000,2,33820000,10,33826000,3,33819000,8,33827000,4,33818000,9,33828000,4,33817000,5,33829000,6,33816000,10,33830000,6,33815000,7,33831000,4,33814000,17,33832000,7,33813000,12,33833000,8
33819000,2,33821000,3,33818000,7,33822000,2,33817000,5,33823000,5,33816000,10,33824000,6,33815000,6,33825000,5,33814000,16,33826000,6,33813000,11,33827000,7,33812000,22,33828000,5,33811000,21,33829000,6,33810000,25,33830000,7
33821000,1,33822000,1,33820000,4,33823000,3,33819000,5,33824000,4,33818000,2,33825000,8,33817000,5,33826000,6,33816000,4,33827000,8,33815000,8,33828000,11,33814000,7,33829000,6,33813000,5,33830000,8,33812000,8,33831000,5
33823000,3,33825000,3,33822000,2,33826000,5,33821000,3,33827000,5,33820000,4,33828000,10,33819000,5,33829000,6,33818000,2,33830000,9,33817000,7,33831000,5,33816000,8,33832000,11,33815000,8,33833000,10,33814000,7,33834000,12
33826000,1,33828000,2,33825000,1,33829000,5,33824000,7,33830000,7,33823000,4,33831000,4,33822000,4,33832000,9,33821000,2,33833000,7,33820000,6,33834000,8,33819000,6,33835000,6,33818000,4,33836000,6,33817000,6,33837000,7
33824000,8,33825000,2,33823000,2,33827000,4,33822000,3,33828000,4,33821000,3,33829000,4,33820000,5,33830000,6,33819000,7,33831000,6,33818000,4,33832000,9,33817000,6,33833000,8,33816000,7,33834000,9,33815000,8,33835000,6
33824000,3,33828000,4,33823000,2,33829000,4,33822000,3,33830000,7,33821000,2,33831000,5,33820000,5,33832000,9,33819000,8,33833000,8,33818000,4,33834000,7,33817000,6,33835000,6,33816000,7,33836000,6,33815000,8,33837000,7
33827000,1,33829000,1,33826000,3,33831000,3,33825000,6,33832000,6,33824000,2,33833000,9,33823000,4,33834000,8,33822000,5,33835000,7,33821000,4,33836000,7,33820000,5,33837000,7,33819000,6,33838000,8,33818000,4,33839000,6
33830000,2,33832000,2,33829000,3,33833000,4,33828000,3,33834000,6,33827000,5,33835000,7,33826000,3,33836000,5,33825000,6,33837000,7,33824000,3,33838000,9,33823000,5,33839000,7,33822000,5,33840000,10,33821000,4,33841000,5
33831000,3,33834000,3,33830000,4,33835000,6,33829000,3,33836000,5,33828000,3,33837000,7,33827000,6,33838000,8,33826000,4,33839000,7,33825000,6,33840000,10,33824000,4,33841000,5,33823000,5,33842000,25,33822000,5,33843000,12
33831000,1,33833000,1,33830000,3,33834000,3,33829000,3,33835000,5,33828000,3,33836000,5,33827000,5,33837000,6,33826000,6,33838000,8,33825000,6,33839000,6,33824000,4,33840000,11,33823000,4,33841000,5,33822000,5,33842000,24
33829000,1,33831000,1,33828000,3,33832000,3,33827000,4,33833000,7,33826000,4,33834000,3,33825000,6,33835000,6,33824000,4,33836000,7,33823000,4,33837000,5,33822000,5,33838000,10,33821000,4,33839000,6,33820000,6,33840000,10
33831000,2,33834000,3,33830000,3,33835000,6,33829000,4,33836000,4,33828000,3,33837000,5,33827000,5,33838000,9,33826000,5,33839000,6,33825000,6,33840000,10,33824000,4,33841000,5,33823000,4,33842000,24,33822000,6,33843000,8
33830000,1,33833000,5,33829000,3,33834000,3,33828000,3,33835000,6,33827000,5,33836000,4,33826000,5,33837000,5,33825000,6,33838000,9,33824000,4,33839000,6,33823000,4,33840000,10,33822000,6,33841000,5,33821000,4,33842000,24
33830000,2,33833000,3,33829000,4,33834000,4,33828000,4,33835000,6,33827000,4,33836000,5,33826000,3,33837000,6,33825000,7,33838000,9,33824000,3,33839000,6,33823000,5,33840000,10,33822000,6,33841000,5,33821000,4,33842000,24
33830000,2,33831000,1,33829000,2,33832000,2,33828000,4,33833000,6,33827000,4,33834000,4,33826000,6,33835000,4,33825000,7,33836000,5,33824000,5,33837000,5,33823000,4,33838000,10,33822000,7,33839000,7,33821000,5,33840000,10
33831000,1,33833000,1,33830000,2,33834000,4,33829000,2,33835000,4,33828000,3,33836000,5,33827000,4,33837000,5,33826000,6,33838000,9,33825000,8,33839000,7,33824000,5,33840000,10,33823000,4,33841000,5,33822000,7,33842000,24
33834000,3,33836000,2,33833000,2,33837000,4,33832000,4,33838000,7,33831000,3,33839000,7,33830000,2,33840000,9,33829000,3,33841000,6,33828000,6,33842000,24,33827000,5,33843000,8,33826000,6,33844000,9,33825000,7,33845000,7
33832000,1,33834000,1,33831000,3,33835000,3,33830000,2,33836000,3,33829000,4,33837000,4,33828000,6,33838000,5,33827000,5,33839000,6,33826000,6,33840000,9,33825000,6,33841000,6,33824000,4,33842000,25,33823000,4,33843000,8
33832000,2,33835000,3,33831000,3,33836000,4,33830000,5,33837000,4,33829000,2,33838000,6,33828000,7,33839000,7,33827000,5,33840000,11,33826000,5,33841000,5,33825000,7,33842000,24,33824000,4,33843000,8,33823000,4,33844000,9
33832000,4,33835000,2,33831000,3,33836000,3,33830000,5,33837000,4,33829000,3,33838000,4,33828000,7,33839000,7,33827000,5,33840000,11,33826000,6,33841000,6,33825000,6,33842000,24,33824000,4,33843000,8,33823000,4,33844000,9
33835000,1,33837000,3,33834000,3,33838000,3,33833000,6,33839000,12,33832000,4,33840000,15,33831000,4,33841000,7,33830000,5,33842000,26,33829000,3,33843000,10,33828000,8,33844000,9,33827000,5,33845000,6,33826000,6,33846000,12
33834000,1,33836000,1,33833000,5,33837000,4,33832000,4,33838000,6,33831000,4,33839000,13,33830000,7,33840000,13,33829000,3,33841000,6,33828000,8,33842000,25,33827000,5,33843000,11,33826000,6,33844000,9,33825000,6,33845000,6
33831000,2,33833000,2,33830000,4,33834000,5,33829000,2,33835000,4,33828000,7,33836000,4,33827000,4,33837000,6,33826000,6,33838000,5,33825000,6,33839000,7,33824000,4,33840000,9,33823000,4,33841000,5,33822000,6,33842000,25
33832000,4,33834000,2,33831000,8,33835000,3,33830000,4,33836000,2,33829000,3,33837000,7,33828000,4,33838000,6,33827000,4,33839000,8,33826000,5,33840000,8,33825000,8,33841000,5,33824000,4,33842000,24,33823000,4,33843000,8
33831000,7,33833000,1,33830000,4,33834000,1,33829000,3,33835000,4,33828000,7,33836000,4,33827000,5,33837000,3,33826000,6,33838000,6,33825000,6,33839000,7,33824000,4,33840000,9,33823000,4,33841000,5,33822000,6,33842000,24
33835000,2,33838000,3,33834000,3,33839000,5,33833000,4,33840000,8,33832000,1,33841000,6,33831000,5,33842000,23,33830000,5,33843000,8,33829000,4,33844000,9,33828000,7,33845000,6,33827000,4,33846000,12,33826000,6,33847000,8
33836000,3,33839000,4,33835000,2,33840000,6,33834000,1,33841000,4,33833000,5,33842000,23,33832000,2,33843000,9,33831000,6,33844000,10,33830000,5,33845000,6,33829000,4,33846000,11,33828000,6,33847000,8,33827000,4,33848000,13
33839000,3,33842000,19,33838000,2,33843000,6,33837000,3,33844000,6,33836000,4,33845000,6,33835000,2,33846000,10,33834000,3,33847000,9,33833000,6,33848000,12,33832000,3,33849000,8,33831000,5,33850000,49,33830000,5,33851000,6
33843000,2,33845000,2,33842000,2,33846000,5,33841000,4,33847000,6,33840000,3,33848000,9,33839000,2,33849000,8,33838000,4,33850000,50,33837000,5,33851000,5,33836000,5,33852000,9,33835000,4,33853000,6,33834000,2,33854000,9
33840000,3,33841000,13,33839000,2,33843000,1,33838000,3,33844000,3,33837000,5,33845000,3,33836000,5,33846000,4,33835000,5,33847000,7,33834000,3,33848000,10,33833000,6,33849000,8,33832000,4,33850000,49,33831000,5,33851000,5
33841000,2,33844000,3,33840000,5,33845000,5,33839000,4,33846000,6,33838000,3,33847000,6,33837000,3,33848000,10,33836000,5,33849000,9,33835000,5,33850000,48,33834000,4,33851000,5,33833000,6,33852000,9,33832000,5,33853000,6
33841000,1,33844000,1,33840000,4,33845000,3,33839000,4,33846000,9,33838000,4,33847000,7,33837000,3,33848000,11,33836000,6,33849000,8,33835000,4,33850000,48,33834000,4,33851000,5,33833000,6,33852000,9,33832000,5,33853000,6
33844000,2,33845000,1,33843000,1,33846000,7,33842000,2,33847000,6,33841000,3,33848000,10,33840000,4,33849000,9,33839000,5,33850000,48,33838000,5,33851000,5,33837000,4,33852000,9,33836000,6,33853000,6,33835000,5,33854000,9
33846000,3,33848000,3,33845000,4,33849000,6,33844000,3,33850000,46,33843000,7,33851000,6,33842000,4,33852000,9,33841000,7,33853000,7,33840000,9,33854000,10,33839000,7,33855000,7,33838000,5,33856000,11,33837000,4,33857000,7
33849000,2,33851000,2,33848000,3,33852000,6,33847000,4,33853000,5,33846000,3,33854000,9,33845000,3,33855000,8,33844000,4,33856000,12,33843000,8,33857000,7,33842000,23,33858000,12,33841000,7,33859000,8,33840000,10,33860000,16
33850000,4,33852000,3,33849000,4,33853000,3,33848000,3,33854000,6,33847000,4,33855000,5,33846000,6,33856000,9,33845000,6,33857000,8,33844000,7,33858000,13,33843000,8,33859000,8,33842000,22,33860000,16,33841000,6,33861000,11
33850000,4,33852000,2,33849000,4,33853000,3,33848000,2,33854000,2,33847000,6,33855000,6,33846000,7,33856000,8,33845000,6,33857000,8,33844000,8,33858000,11,33843000,8,33859000,9,33842000,21,33860000,16,33841000,6,33861000,8
33847000,4,33849000,1,33846000,3,33850000,3,33845000,3,33851000,4,33844000,5,33852000,4,33843000,6,33853000,4,33842000,21,33854000,5,33841000,7,33855000,9,33840000,10,33856000,11,33839000,7,33857000,10,33838000,7,33858000,12
33848000,2,33851000,3,33847000,4,33852000,4,33846000,2,33853000,5,33845000,3,33854000,5,33844000,5,33855000,9,33843000,8,33856000,12,33842000,21,33857000,8,33841000,8,33858000,12,33840000,11,33859000,8,33839000,8,33860000,16
33854000,1,33856000,3,33853000,3,33857000,5,33852000,3,33858000,10,33851000,3,33859000,7,33850000,4,33860000,16,33849000,7,33861000,9,33848000,7,33862000,10,33847000,21,33863000,7,33846000,8,33864000,12,33845000,5,33865000,9
33854000,3,33857000,3,33853000,4,33858000,5,33852000,3,33859000,6,33851000,5,33860000,14,33850000,6,33861000,8,33849000,9,33862000,10,33848000,8,33863000,7,33847000,6,33864000,14,33846000,8,33865000,10,33845000,7,33866000,11
33851000,1,33853000,1,33850000,4,33854000,3,33849000,5,33855000,5,33848000,5,33856000,7,33847000,5,33857000,3,33846000,9,33858000,8,33845000,7,33859000,12,33844000,9,33860000,18,33843000,6,33861000,10,33842000,9,33862000,9
33853000,3,33856000,3,33852000,4,33857000,3,33851000,5,33858000,5,33850000,5,33859000,9,33849000,6,33860000,16,33848000,6,33861000,9,33847000,5,33862000,10,33846000,7,33863000,6,33845000,6,33864000,12,33844000,8,33865000,9
33854000,5,33858000,5,33853000,4,33859000,6,33852000,5,33860000,54,33851000,7,33861000,8,33850000,9,33862000,8,33849000,7,33863000,7,33848000,7,33864000,12,33847000,5,33865000,9,33846000,7,33866000,11,33845000,6,33867000,7
33852000,2,33855000,5,33851000,6,33856000,5,33850000,5,33857000,7,33849000,6,33858000,6,33848000,6,33859000,12,33847000,5,33860000,56,33846000,7,33861000,8,33845000,7,33862000,9,33844000,8,33863000,7,33843000,6,33864000,12
33858000,2,33860000,51,33857000,5,33861000,4,33856000,3,33862000,7,33855000,3,33863000,5,33854000,5,33864000,12,33853000,8,33865000,10,33852000,7,33866000,11,33851000,9,33867000,7,33850000,9,33868000,11,33849000,8,33869000,7
33857000,4,33859000,3,33856000,3,33860000,6,33855000,4,33861000,6,33854000,6,33862000,6,33853000,6,33863000,6,33852000,8,33864000,12,33851000,9,33865000,11,33850000,9,33866000,11,33849000,8,33867000,7,33848000,7,33868000,9
33858000,1,33860000,8,33857000,8,33861000,6,33856000,3,33862000,5,33855000,4,33863000,6,33854000,4,33864000,12,33853000,7,33865000,10,33852000,7,33866000,12,33851000,11,33867000,7,33850000,10,33868000,9,33849000,8,33869000,7
33861000,5,33863000,1,33860000,4,33864000,8,33859000,6,33865000,8,33858000,6,33866000,9,33857000,8,33867000,7,33856000,6,33868000,11,33855000,7,33869000,7,33854000,7,33870000,10,33853000,7,33871000,7,33852000,8,33872000,9
33860000,3,33863000,2,33859000,6,33864000,5,33858000,7,33865000,6,33857000,5,33866000,9,33856000,7,33867000,6,33855000,8,33868000,10,33854000,6,33869000,8,33853000,10,33870000,10,33852000,13,33871000,7,33851000,10,33872000,9
33861000,3,33863000,3,33860000,4,33864000,5,33859000,9,33865000,7,33858000,15,33866000,9,33857000,5,33867000,7,33856000,9,33868000,12,33855000,15,33869000,8,33854000,5,33870000,10,33853000,13,33871000,7,33852000,14,33872000,9
33864000,7,33866000,3,33863000,12,33867000,4,33862000,13,33868000,7,33861000,11,33869000,6,33860000,14,33870000,8,33859000,13,33871000,10,33858000,17,33872000,10,33857000,10,33873000,6,33856000,13,33874000,20,33855000,15,33875000,7
33864000,1,33865000,5,33863000,17,33866000,6,33862000,17,33867000,5,33861000,10,33868000,5,33860000,13,33869000,8,33859000,13,33870000,10,33858000,18,33871000,9,33857000,11,33872000,10,33856000,13,33873000,9,33855000,15,33874000,21
33866000,6,33868000,5,33865000,19,33869000,7,33864000,8,33870000,8,33863000,19,33871000,7,33862000,2,33872000,9,33861000,9,33873000,7,33860000,15,33874000,21,33859000,14,33875000,7,33858000,19,33876000,12,33857000,10,33877000,26
33865000,18,33867000,3,33864000,8,33868000,5,33863000,19,33869000,7,33862000,2,33870000,8,33861000,9,33871000,7,33860000,15,33872000,10,33859000,14,33873000,7,33858000,18,33874000,21,33857000,10,33875000,7,33856000,12,33876000,12
33864000,1,33866000,2,33863000,3,33867000,6,33862000,4,33868000,5,33861000,7,33869000,8,33860000,12,33870000,11,33859000,10,33871000,9,33858000,16,33872000,12,33857000,11,33873000,6,33856000,13,33874000,20,33855000,15,33875000,7
33868000,9,33869000,1,33867000,9,33870000,7,33866000,5,33871000,8,33865000,4,33872000,7,33864000,6,33873000,5,33863000,9,33874000,21,33862000,16,33875000,8,33861000,8,33876000,12,33860000,17,33877000,26,33859000,12,33878000,8
33867000,13,33870000,3,33866000,8,33871000,5,33865000,4,33872000,6,33864000,6,33873000,6,33863000,9,33874000,22,33862000,18,33875000,9,33861000,10,33876000,13,33860000,16,33877000,26,33859000,12,33878000,8,33858000,20,33879000,5
33868000,8,33869000,1,33867000,1,33870000,3,33866000,6,33871000,5,33865000,3,33872000,5,33864000,7,33873000,7,33863000,10,33874000,24,33862000,18,33875000,9,33861000,10,33876000,12,33860000,17,33877000,26,33859000,12,33878000,8
33871000,8,33873000,4,33870000,13,33874000,19,33869000,6,33875000,7,33868000,10,33876000,12,33867000,35,33877000,27,33866000,10,33878000,9,33865000,9,33879000,5,33864000,10,33880000,11,33863000,12,33881000,8,33862000,17,33882000,8
33874000,2,33876000,7,33873000,12,33877000,23,33872000,4,33878000,6,33871000,10,33879000,4,33870000,14,33880000,12,33869000,11,33881000,10,33868000,15,33882000,7,33867000,37,33883000,8,33866000,13,33884000,18,33865000,8,33885000,7
33879000,2,33880000,8,33878000,1,33881000,5,33877000,16,33882000,4,33876000,6,33883000,9,33875000,16,33884000,19,33874000,5,33885000,7,33873000,13,33886000,7,33872000,7,33887000,7,33871000,13,33888000,8,33870000,19,33889000,14
33876000,5,33877000,4,33875000,16,33878000,1,33874000,5,33879000,15,33873000,14,33880000,6,33872000,7,33881000,5,33871000,14,33882000,6,33870000,19,33883000,10,33869000,10,33884000,19,33868000,16,33885000,7,33867000,38,33886000,8
33874000,1,33875000,1,33873000,12,33876000,1,33872000,4,33877000,4,33871000,12,33878000,3,33870000,19,33879000,15,33869000,10,33880000,6,33868000,16,33881000,8,33867000,38,33882000,7,33866000,11,33883000,10,33865000,7,33884000,19
33874000,2,33876000,1,33873000,11,33877000,4,33872000,4,33878000,3,33871000,9,33879000,17,33870000,16,33880000,10,33869000,9,33881000,8,33868000,17,33882000,7,33867000,38,33883000,9,33866000,10,33884000,19,33865000,6,33885000,6
33874000,3,33877000,2,33873000,10,33878000,6,33872000,4,33879000,15,33871000,13,33880000,7,33870000,18,33881000,8,33869000,11,33882000,9,33868000,19,33883000,9,33867000,39,33884000,19,33866000,10,33885000,6,33865000,6,33886000,7
33871000,7,33872000,2,33870000,13,33873000,5,33869000,6,33874000,3,33868000,13,33875000,3,33867000,37,33876000,2,33866000,12,33877000,8,33865000,8,33878000,7,33864000,13,33879000,17,33863000,11,33880000,10,33862000,17,33881000,8
33867000,34,33869000,2,33866000,6,33870000,5,33865000,5,33871000,5,33864000,10,33872000,3,33863000,12,33873000,5,33862000,18,33874000,5,33861000,11,33875000,7,33860000,17,33876000,6,33859000,11,33877000,9,33858000,21,33878000,8
33866000,3,33869000,3,33865000,4,33870000,5,33864000,7,33871000,5,33863000,11,33872000,2,33862000,17,33873000,3,33861000,12,33874000,7,33860000,18,33875000,7,33859000,11,33876000,6,33858000,18,33877000,7,33857000,9,33878000,6
33865000,4,33867000,1,33864000,4,33868000,2,33863000,8,33869000,4,33862000,15,33870000,5,33861000,10,33871000,5,33860000,19,33872000,6,33859000,14,33873000,5,33858000,18,33874000,8,33857000,9,33875000,7,33856000,12,33876000,6
33867000,3,33870000,3,33866000,2,33871000,3,33865000,4,33872000,2,33864000,5,33873000,4,33863000,8,33874000,8,33862000,8,33875000,7,33861000,12,33876000,6,33860000,20,33877000,6,33859000,13,33878000,7,33858000,18,33879000,17
33865000,5,33867000,1,33864000,5,33868000,3,33863000,5,33869000,4,33862000,5,33870000,5,33861000,12,33871000,4,33860000,18,33872000,4,33859000,14,33873000,5,33858000,18,33874000,8,33857000,9,33875000,7,33856000,12,33876000,6
33867000,1,33869000,3,33866000,5,33870000,3,33865000,3,33871000,3,33864000,4,33872000,3,33863000,5,33873000,6,33862000,8,33874000,8,33861000,12,33875000,7,33860000,19,33876000,6,33859000,14,33877000,6,33858000,18,33878000,7
33867000,1,33869000,3,33866000,5,33870000,3,33865000,3,33871000,3,33864000,4,33872000,3,33863000,5,33873000,6,33862000,8,33874000,8,33861000,12,33875000,7,33860000,19,33876000,6,33859000,14,33877000,6,33858000,18,33878000,7
33866000,5,33868000,1,33865000,9,33869000,2,33864000,5,33870000,4,33863000,9,33871000,4,33862000,6,33872000,5,33861000,12,33873000,4,33860000,19,33874000,7,33859000,13,33875000,5,33858000,18,33876000,6,33857000,9,33877000,7
33869000,5,33871000,2,33868000,7,33872000,2,33867000,9,33873000,3,33866000,18,33874000,5,33865000,9,33875000,5,33864000,7,33876000,5,33863000,11,33877000,7,33862000,8,33878000,7,33861000,12,33879000,17,33860000,19,33880000,9
33869000,1,33871000,3,33868000,4,33872000,4,33867000,9,33873000,4,33866000,6,33874000,6,33865000,12,33875000,3,33864000,7,33876000,6,33863000,9,33877000,8,33862000,8,33878000,8,33861000,11,33879000,18,33860000,18,33880000,9
33870000,5,33871000,1,33869000,3,33872000,3,33868000,12,33873000,3,33867000,9,33874000,7,33866000,4,33875000,6,33865000,7,33876000,10,33864000,7,33877000,7,33863000,11,33878000,8,33862000,8,33879000,5,33861000,6,33880000,9
33868000,12,33870000,1,33867000,8,33871000,3,33866000,4,33872000,4,33865000,8,33873000,4,33864000,7,33874000,6,33863000,11,33875000,6,33862000,8,33876000,9,33861000,5,33877000,7,33860000,20,33878000,9,33859000,13,33879000,6
33871000,5,33872000,1,33870000,6,33873000,4,33869000,3,33874000,4,33868000,11,33875000,7,33867000,8,33876000,8,33866000,5,33877000,7,33865000,8,33878000,9,33864000,9,33879000,6,33863000,10,33880000,9,33862000,8,33881000,7
33868000,10,33870000,3,33867000,8,33871000,4,33866000,4,33872000,3,33865000,7,33873000,4,33864000,7,33874000,6,33863000,10,33875000,7,33862000,8,33876000,9,33861000,5,33877000,7,33860000,20,33878000,9,33859000,13,33879000,6
33865000,5,33868000,3,33864000,4,33869000,3,33863000,8,33870000,6,33862000,5,33871000,5,33861000,6,33872000,6,33860000,20,33873000,7,33859000,14,33874000,7,33858000,18,33875000,7,33857000,9,33876000,9,33856000,12,33877000,7
33866000,3,33869000,3,33865000,5,33870000,5,33864000,4,33871000,7,33863000,5,33872000,4,33862000,5,33873000,6,33861000,7,33874000,7,33860000,21,33875000,7,33859000,15,33876000,9,33858000,18,33877000,6,33857000,9,33878000,9
33873000,1,33874000,2,33872000,3,33875000,3,33871000,6,33876000,6,33870000,5,33877000,4,33869000,6,33878000,7,33868000,3,33879000,7,33867000,7,33880000,10,33866000,14,33881000,7,33865000,7,33882000,8,33864000,8,33883000,9
33874000,6,33876000,2,33873000,5,33877000,5,33872000,5,33878000,6,33871000,5,33879000,5,33870000,4,33880000,8,33869000,6,33881000,7,33868000,4,33882000,8,33867000,4,33883000,8,33866000,9,33884000,18,33865000,6,33885000,7
33876000,4,33879000,3,33875000,3,33880000,6,33874000,6,33881000,7,33873000,4,33882000,6,33872000,7,33883000,8,33871000,7,33884000,18,33870000,6,33885000,6,33869000,6,33886000,7,33868000,5,33887000,6,33867000,9,33888000,9
33876000,4,33879000,3,33875000,3,33880000,6,33874000,6,33881000,7,33873000,4,33882000,6,33872000,7,33883000,8,33871000,7,33884000,18,33870000,6,33885000,6,33869000,6,33886000,7,33868000,5,33887000,6,33867000,9,33888000,9
33884000,1,33886000,2,33883000,4,33887000,2,33882000,3,33888000,5,33881000,3,33889000,12,33880000,6,33890000,8,33879000,5,33891000,6,33878000,6,33892000,9,33877000,8,33893000,7,33876000,10,33894000,9,33875000,8,33895000,7
33883000,2,33885000,1,33882000,4,33886000,2,33881000,4,33887000,3,33880000,7,33888000,4,33879000,7,33889000,12,33878000,6,33890000,8,33877000,8,33891000,6,33876000,8,33892000,9,33875000,8,33893000,7,33874000,9,33894000,9
33882000,5,33883000,1,33881000,6,33885000,1,33880000,7,33886000,3,33879000,6,33887000,1,33878000,6,33888000,6,33877000,8,33889000,4,33876000,8,33890000,5,33875000,8,33891000,5,33874000,10,33892000,8,33873000,8,33893000,7
33882000,1,33884000,4,33881000,5,33885000,3,33880000,6,33886000,2,33879000,5,33887000,1,33878000,7,33888000,7,33877000,10,33889000,4,33876000,8,33890000,7,33875000,8,33891000,5,33874000,10,33892000,8,33873000,8,33893000,7
33880000,3,33883000,2,33879000,4,33884000,6,33878000,3,33885000,4,33877000,4,33886000,5,33876000,5,33887000,3,33875000,5,33888000,6,33874000,9,33889000,4,33873000,7,33890000,7,33872000,11,33891000,5,33871000,8,33892000,8
33882000,1,33884000,2,33881000,3,33885000,3,33880000,4,33886000,5,33879000,3,33887000,4,33878000,5,33888000,5,33877000,7,33889000,6,33876000,5,33890000,7,33875000,8,33891000,5,33874000,9,33892000,8,33873000,8,33893000,7
33884000,2,33887000,3,33883000,4,33888000,5,33882000,5,33889000,5,33881000,4,33890000,5,33880000,6,33891000,5,33879000,4,33892000,9,33878000,7,33893000,7,33877000,6,33894000,9,33876000,7,33895000,7,33875000,10,33896000,8
33885000,2,33886000,1,33884000,2,33887000,3,33883000,6,33888000,5,33882000,6,33889000,5,33881000,4,33890000,6,33880000,5,33891000,5,33879000,4,33892000,9,33878000,6,33893000,7,33877000,7,33894000,9,33876000,7,33895000,7
33883000,4,33885000,5,33882000,4,33886000,3,33881000,3,33887000,3,33880000,5,33888000,7,33879000,4,33889000,5,33878000,9,33890000,6,33877000,6,33891000,6,33876000,7,33892000,9,33875000,8,33893000,8,33874000,10,33894000,9
33880000,3,33882000,1,33879000,3,33883000,2,33878000,5,33884000,4,33877000,5,33885000,4,33876000,5,33886000,7,33875000,9,33887000,4,33874000,9,33888000,10,33873000,7,33889000,7,33872000,9,33890000,8,33871000,8,33891000,6
33877000,1,33879000,2,33876000,3,33880000,6,33875000,4,33881000,2,33874000,6,33882000,10,33873000,7,33883000,5,33872000,9,33884000,6,33871000,7,33885000,5,33870000,7,33886000,10,33869000,6,33887000,4,33868000,7,33888000,11
33875000,4,33879000,2,33874000,6,33880000,6,33873000,7,33881000,2,33872000,9,33882000,10,33871000,7,33883000,5,33870000,7,33884000,6,33869000,6,33885000,5,33868000,7,33886000,10,33867000,10,33887000,4,33866000,11,33888000,11
33872000,1,33874000,2,33871000,3,33875000,3,33870000,7,33876000,2,33869000,7,33877000,3,33868000,7,33878000,4,33867000,9,33879000,7,33866000,9,33880000,7,33865000,6,33881000,4,33864000,7,33882000,12,33863000,7,33883000,4
33871000,3,33873000,1,33870000,4,33874000,3,33869000,5,33875000,4,33868000,7,33876000,3,33867000,9,33877000,5,33866000,10,33878000,4,33865000,7,33879000,8,33864000,7,33880000,7,33863000,7,33881000,5,33862000,7,33882000,11
33872000,5,33874000,1,33871000,5,33875000,2,33870000,5,33876000,4,33869000,6,33877000,5,33868000,9,33878000,4,33867000,10,33879000,8,33866000,10,33880000,4,33865000,6,33881000,5,33864000,7,33882000,11,33863000,7,33883000,6
33871000,1,33873000,2,33870000,2,33874000,5,33869000,5,33875000,4,33868000,7,33876000,4,33867000,10,33877000,6,33866000,9,33878000,5,33865000,7,33879000,12,33864000,7,33880000,5,33863000,7,33881000,5,33862000,7,33882000,6
33865000,3,33868000,3,33864000,4,33869000,7,33863000,5,33870000,5,33862000,5,33871000,3,33861000,7,33872000,6,33860000,18,33873000,8,33859000,6,33874000,8,33858000,18,33875000,7,33857000,9,33876000,6,33856000,12,33877000,6
33868000,2,33870000,7,33867000,1,33871000,3,33866000,5,33872000,5,33865000,4,33873000,7,33864000,5,33874000,6,33863000,7,33875000,7,33862000,5,33876000,6,33861000,7,33877000,6,33860000,9,33878000,7,33859000,6,33879000,12
33866000,1,33868000,2,33865000,4,33869000,3,33864000,4,33870000,6,33863000,5,33871000,4,33862000,5,33872000,6,33861000,7,33873000,8,33860000,10,33874000,8,33859000,6,33875000,7,33858000,19,33876000,6,33857000,9,33877000,6
33866000,1,33868000,2,33865000,4,33869000,3,33864000,4,33870000,6,33863000,5,33871000,4,33862000,5,33872000,6,33861000,7,33873000,8,33860000,10,33874000,8,33859000,6,33875000,7,33858000,19,33876000,6,33857000,9,33877000,6
33866000,1,33868000,2,33865000,4,33869000,3,33864000,4,33870000,6,33863000,5,33871000,4,33862000,5,33872000,6,33861000,7,33873000,8,33860000,10,33874000,8,33859000,6,33875000,7,33858000,19,33876000,6,33857000,9,33877000,6
33868000,1,33871000,1,33867000,4,33879000,5,33866000,5,33880000,6,33865000,4,33881000,6,33864000,4,33882000,6,33863000,5,33883000,6,33862000,5,33884000,8,33861000,7,33885000,8,33860000,10,33886000,9,33859000,6,33887000,4
33875000,3,33878000,1,33874000,6,33879000,4,33873000,1,33880000,2,33872000,1,33881000,5,33871000,3,33882000,5,33870000,1,33883000,4,33869000,5,33884000,7,33868000,2,33885000,5,33867000,4,33886000,8,33866000,5,33887000,4
33876000,1,33878000,2,33875000,6,33879000,3,33874000,6,33880000,2,33873000,1,33881000,5,33872000,1,33882000,4,33871000,2,33883000,4,33870000,1,33884000,7,33869000,6,33885000,5,33868000,4,33886000,8,33867000,4,33887000,4
33874000,2,33877000,1,33873000,3,33878000,3,33872000,3,33879000,4,33871000,3,33880000,2,33870000,4,33881000,3,33869000,6,33882000,3,33868000,5,33883000,4,33867000,4,33884000,7,33866000,8,33885000,5,33865000,8,33886000,8
33875000,1,33877000,3,33874000,3,33878000,3,33873000,3,33879000,4,33872000,3,33880000,2,33871000,4,33881000,3,33870000,4,33882000,4,33869000,6,33883000,4,33868000,4,33884000,7,33867000,4,33885000,5,33866000,8,33886000,8
33872000,2,33873000,3,33871000,2,33874000,2,33870000,3,33875000,3,33869000,7,33876000,5,33868000,6,33877000,7,33867000,11,33878000,3,33866000,7,33879000,4,33865000,7,33880000,3,33864000,11,33881000,3,33863000,6,33882000,4
33869000,3,33871000,2,33868000,4,33872000,2,33867000,11,33873000,4,33866000,6,33874000,3,33865000,7,33875000,2,33864000,11,33876000,4,33863000,6,33877000,8,33862000,6,33878000,5,33861000,6,33879000,4,33860000,9,33880000,3
33866000,4,33868000,1,33865000,4,33869000,3,33864000,10,33870000,2,33863000,6,33871000,3,33862000,6,33872000,5,33861000,7,33873000,5,33860000,9,33874000,6,33859000,6,33875000,5,33858000,9,33876000,7,33857000,9,33877000,8
33866000,2,33868000,1,33865000,3,33869000,2,33864000,10,33870000,3,33863000,6,33871000,3,33862000,6,33872000,5,33861000,7,33873000,5,33860000,9,33874000,7,33859000,6,33875000,5,33858000,9,33876000,7,33857000,9,33877000,8
33872000,5,33873000,4,33870000,2,33874000,3,33869000,4,33875000,5,33868000,3,33876000,5,33867000,6,33877000,9,33866000,5,33878000,7,33865000,4,33879000,7,33864000,12,33880000,6,33863000,6,33881000,5,33862000,6,33882000,6
33870000,2,33872000,1,33869000,4,33873000,3,33868000,2,33874000,2,33867000,6,33875000,4,33866000,5,33876000,6,33865000,6,33877000,7,33864000,12,33878000,6,33863000,6,33879000,7,33862000,6,33880000,5,33861000,8,33881000,5
33869000,1,33871000,1,33868000,3,33872000,3,33867000,5,33873000,6,33866000,5,33874000,3,33865000,6,33875000,3,33864000,13,33876000,7,33863000,6,33877000,8,33862000,6,33878000,7,33861000,7,33879000,8,33860000,9,33880000,5
33869000,1,33871000,1,33868000,5,33872000,3,33867000,4,33873000,3,33866000,6,33874000,4,33865000,4,33875000,5,33864000,6,33876000,8,33863000,8,33877000,9,33862000,6,33878000,7,33861000,12,33879000,9,33860000,9,33880000,5
33869000,1,33871000,5,33868000,1,33872000,2,33867000,5,33873000,3,33866000,6,33874000,5,33865000,5,33875000,5,33864000,6,33876000,7,33863000,8,33877000,8,33862000,6,33878000,7,33861000,12,33879000,8,33860000,9,33880000,6
33870000,1,33871000,1,33869000,2,33872000,1,33868000,4,33873000,3,33867000,6,33874000,10,33866000,8,33875000,4,33865000,8,33876000,6,33864000,8,33877000,5,33863000,8,33878000,8,33862000,6,33879000,8,33861000,12,33880000,6
33873000,1,33874000,5,33872000,5,33875000,2,33871000,3,33876000,4,33870000,4,33877000,4,33869000,2,33878000,7,33868000,6,33879000,4,33867000,9,33880000,6,33866000,9,33881000,5,33865000,8,33882000,6,33864000,7,33883000,6
33876000,6,33877000,3,33875000,1,33878000,7,33874000,3,33879000,4,33873000,3,33880000,5,33872000,5,33881000,5,33871000,4,33882000,6,33870000,5,33883000,6,33869000,3,33884000,9,33868000,6,33885000,6,33867000,9,33886000,9
33878000,1,33880000,6,33877000,4,33881000,3,33876000,4,33882000,3,33875000,3,33883000,6,33874000,6,33884000,7,33873000,4,33885000,5,33872000,5,33886000,11,33871000,6,33887000,5,33870000,7,33888000,10,33869000,6,33889000,4
33872000,2,33874000,1,33871000,5,33875000,5,33870000,5,33876000,8,33869000,5,33877000,6,33868000,7,33878000,6,33867000,10,33879000,7,33866000,9,33880000,3,33865000,9,33881000,7,33864000,11,33882000,8,33863000,9,33883000,7
33871000,2,33873000,2,33870000,5,33874000,8,33869000,5,33875000,5,33868000,8,33876000,8,33867000,10,33877000,7,33866000,9,33878000,7,33865000,9,33879000,6,33864000,11,33880000,6,33863000,8,33881000,6,33862000,7,33882000,8
33868000,4,33871000,3,33867000,8,33872000,3,33866000,7,33873000,4,33865000,9,33874000,12,33864000,11,33875000,6,33863000,8,33876000,8,33862000,6,33877000,8,33861000,7,33878000,10,33860000,10,33879000,8,33859000,6,33880000,6
33863000,1,33865000,1,33862000,4,33866000,2,33861000,6,33867000,11,33860000,7,33868000,4,33859000,7,33869000,13,33858000,9,33870000,6,33857000,7,33871000,15,33856000,7,33872000,19,33855000,11,33873000,6,33854000,7,33874000,16
33863000,1,33864000,1,33862000,4,33865000,2,33861000,4,33866000,14,33860000,6,33867000,13,33859000,5,33868000,14,33858000,9,33869000,14,33857000,7,33870000,6,33856000,7,33871000,16,33855000,11,33872000,18,33854000,7,33873000,6
33863000,2,33865000,13,33862000,4,33866000,14,33861000,5,33867000,14,33860000,7,33868000,13,33859000,6,33869000,14,33858000,9,33870000,7,33857000,7,33871000,16,33856000,7,33872000,19,33855000,11,33873000,6,33854000,6,33874000,17
33860000,4,33862000,2,33859000,6,33863000,3,33858000,7,33864000,8,33857000,7,33865000,17,33856000,7,33866000,8,33855000,12,33867000,15,33854000,7,33868000,14,33853000,9,33869000,17,33852000,8,33870000,11,33851000,7,33871000,17
33859000,1,33860000,7,33858000,5,33861000,16,33857000,5,33862000,20,33856000,4,33863000,3,33855000,12,33864000,15,33854000,7,33865000,16,33853000,9,33866000,9,33852000,8,33867000,15,33851000,7,33868000,16,33850000,15,33869000,16
33857000,2,33859000,15,33856000,3,33860000,13,33855000,11,33861000,16,33854000,6,33862000,20,33853000,7,33863000,4,33852000,9,33864000,16,33851000,8,33865000,18,33850000,15,33866000,12,33849000,9,33867000,16,33848000,11,33868000,17
33853000,1,33855000,4,33852000,3,33856000,7,33851000,5,33857000,32,33850000,14,33858000,27,33849000,9,33859000,28,33848000,9,33860000,16,33847000,7,33861000,17,33846000,8,33862000,24,33845000,6,33863000,6,33844000,9,33864000,17
33853000,5,33856000,42,33852000,5,33857000,32,33851000,5,33858000,28,33850000,13,33859000,28,33849000,8,33860000,16,33848000,11,33861000,17,33847000,8,33862000,24,33846000,9,33863000,7,33845000,6,33864000,18,33844000,9,33865000,17
33858000,1,33859000,25,33857000,6,33860000,13,33856000,5,33861000,16,33855000,5,33862000,23,33854000,6,33863000,5,33853000,7,33864000,18,33852000,9,33865000,17,33851000,11,33866000,11,33850000,16,33867000,17,33849000,10,33868000,17
33860000,1,33862000,19,33859000,5,33863000,4,33858000,7,33864000,15,33857000,6,33865000,18,33856000,6,33866000,9,33855000,8,33867000,18,33854000,8,33868000,17,33853000,9,33869000,15,33852000,9,33870000,13,33851000,11,33871000,18
33864000,3,33865000,12,33863000,4,33866000,3,33862000,7,33867000,13,33861000,7,33868000,15,33860000,5,33869000,15,33859000,8,33870000,8,33858000,11,33871000,17,33857000,10,33872000,21,33856000,9,33873000,9,33855000,8,33874000,17
33866000,1,33867000,5,33865000,4,33868000,11,33864000,6,33869000,11,33863000,5,33870000,7,33862000,9,33871000,16,33861000,8,33872000,21,33860000,9,33873000,8,33859000,8,33874000,18,33858000,12,33875000,9,33857000,10,33876000,12
33865000,1,33867000,4,33864000,3,33868000,11,33863000,5,33869000,11,33862000,7,33870000,7,33861000,9,33871000,15,33860000,9,33872000,21,33859000,8,33873000,8,33858000,11,33874000,19,33857000,8,33875000,10,33856000,8,33876000,12
33866000,3,33869000,11,33865000,6,33870000,7,33864000,4,33871000,14,33863000,5,33872000,20,33862000,6,33873000,7,33861000,10,33874000,18,33860000,10,33875000,11,33859000,8,33876000,12,33858000,11,33877000,9,33857000,8,33878000,14
33870000,17,33872000,13,33869000,4,33873000,4,33868000,6,33874000,15,33867000,7,33875000,8,33866000,7,33876000,10,33865000,9,33877000,11,33864000,8,33878000,15,33863000,9,33879000,9,33862000,9,33880000,8,33861000,7,33881000,6
33870000,17,33872000,8,33869000,4,33873000,3,33868000,5,33874000,15,33867000,7,33875000,7,33866000,8,33876000,10,33865000,9,33877000,11,33864000,8,33878000,15,33863000,9,33879000,10,33862000,9,33880000,7,33861000,7,33881000,6
33869000,5,33872000,3,33868000,4,33873000,3,33867000,6,33874000,5,33866000,6,33875000,2,33865000,7,33876000,6,33864000,6,33877000,12,33863000,9,33878000,14,33862000,9,33879000,11,33861000,8,33880000,8,33860000,10,33881000,7
33869000,5,33870000,1,33868000,4,33872000,4,33867000,6,33873000,3,33866000,6,33874000,6,33865000,6,33875000,2,33864000,5,33876000,6,33863000,8,33877000,7,33862000,9,33878000,10,33861000,7,33879000,6,33860000,10,33880000,8
33865000,6,33866000,1,33864000,5,33868000,3,33863000,7,33869000,3,33862000,7,33870000,4,33861000,8,33871000,5,33860000,9,33872000,5,33859000,7,33873000,4,33858000,12,33874000,7,33857000,8,33875000,5,33856000,11,33876000,7
33867000,4,33869000,1,33866000,6,33870000,3,33865000,5,33871000,4,33864000,5,33872000,7,33863000,4,33873000,4,33862000,6,33874000,7,33861000,7,33875000,5,33860000,8,33876000,7,33859000,6,33877000,6,33858000,11,33878000,9
33869000,13,33871000,1,33868000,4,33872000,4,33867000,4,33873000,4,33866000,5,33874000,8,33865000,7,33875000,4,33864000,4,33876000,7,33863000,5,33877000,6,33862000,5,33878000,9,33861000,6,33879000,6,33860000,8,33880000,8
33872000,2,33874000,1,33871000,5,33875000,5,33870000,3,33876000,5,33869000,13,33877000,6,33868000,5,33878000,7,33867000,5,33879000,6,33866000,6,33880000,7,33865000,8,33881000,7,33864000,5,33882000,9,33863000,5,33883000,7
33873000,2,33875000,2,33872000,4,33876000,4,33871000,5,33877000,5,33870000,3,33878000,7,33869000,15,33879000,6,33868000,6,33880000,9,33867000,5,33881000,7,33866000,7,33882000,9,33865000,7,33883000,7,33864000,5,33884000,10
33873000,2,33875000,2,33872000,4,33876000,4,33871000,5,33877000,5,33870000,3,33878000,7,33869000,15,33879000,6,33868000,6,33880000,9,33867000,5,33881000,7,33866000,7,33882000,9,33865000,7,33883000,7,33864000,5,33884000,10
33866000,4,33868000,2,33865000,3,33869000,45,33864000,4,33870000,1,33863000,6,33872000,1,33862000,5,33873000,2,33861000,7,33874000,8,33860000,8,33875000,7,33859000,6,33876000,7,33858000,13,33877000,6,33857000,7,33878000,9
33867000,2,33868000,2,33866000,4,33869000,45,33865000,5,33870000,1,33864000,5,33871000,2,33863000,4,33872000,4,33862000,5,33873000,4,33861000,7,33874000,10,33860000,9,33875000,8,33859000,6,33876000,8,33858000,11,33877000,8
33865000,1,33866000,1,33864000,4,33867000,3,33863000,2,33868000,6,33862000,3,33869000,5,33861000,6,33870000,4,33860000,7,33871000,5,33859000,6,33872000,5,33858000,11,33873000,5,33857000,7,33874000,9,33856000,24,33875000,8
33861000,3,33863000,1,33860000,5,33864000,3,33859000,5,33865000,5,33858000,9,33866000,7,33857000,7,33867000,4,33856000,9,33868000,5,33855000,7,33869000,9,33854000,8,33870000,6,33853000,7,33871000,6,33852000,10,33872000,7
33861000,3,33863000,2,33860000,7,33864000,5,33859000,5,33865000,5,33858000,9,33866000,7,33857000,7,33867000,4,33856000,9,33868000,5,33855000,7,33869000,9,33854000,8,33870000,6,33853000,7,33871000,6,33852000,9,33872000,7
33857000,1,33859000,1,33856000,3,33860000,3,33855000,4,33861000,8,33854000,6,33862000,6,33853000,7,33863000,4,33852000,7,33864000,5,33851000,7,33865000,7,33850000,56,33866000,9,33849000,8,33867000,5,33848000,10,33868000,5
33857000,3,33861000,4,33856000,4,33862000,6,33855000,4,33863000,3,33854000,5,33864000,5,33853000,6,33865000,7,33852000,7,33866000,10,33851000,7,33867000,5,33850000,57,33868000,5,33849000,8,33869000,7,33848000,10,33870000,7
33860000,2,33862000,3,33859000,4,33863000,3,33858000,5,33864000,3,33857000,5,33865000,5,33856000,6,33866000,9,33855000,6,33867000,5,33854000,5,33868000,5,33853000,6,33869000,7,33852000,8,33870000,7,33851000,7,33871000,7
33857000,4,33861000,3,33856000,5,33862000,4,33855000,5,33863000,3,33854000,5,33864000,3,33853000,6,33865000,6,33852000,9,33866000,9,33851000,7,33867000,5,33850000,56,33868000,5,33849000,8,33869000,7,33848000,10,33870000,7
33857000,4,33858000,1,33856000,2,33859000,3,33855000,5,33860000,11,33854000,5,33861000,6,33853000,6,33862000,6,33852000,7,33863000,5,33851000,7,33864000,4,33850000,56,33865000,4,33849000,10,33866000,9,33848000,10,33867000,6
33853000,3,33855000,1,33852000,4,33856000,2,33851000,6,33857000,3,33850000,55,33858000,4,33849000,10,33859000,4,33848000,11,33860000,6,33847000,6,33861000,6,33846000,8,33862000,7,33845000,7,33863000,6,33844000,11,33864000,5
33854000,1,33856000,1,33853000,5,33857000,3,33852000,4,33858000,4,33851000,6,33859000,5,33850000,54,33860000,8,33849000,9,33861000,7,33848000,9,33862000,6,33847000,6,33863000,6,33846000,8,33864000,7,33845000,7,33865000,4
33858000,1,33859000,1,33857000,2,33860000,4,33856000,3,33861000,3,33855000,3,33862000,4,33854000,3,33863000,5,33853000,7,33864000,8,33852000,6,33865000,4,33851000,6,33866000,8,33850000,56,33867000,7,33849000,10,33868000,5
33856000,1,33858000,2,33855000,6,33859000,2,33854000,3,33860000,6,33853000,4,33861000,3,33852000,6,33862000,1,33851000,6,33863000,5,33850000,56,33864000,5,33849000,11,33865000,6,33848000,10,33866000,7,33847000,6,33867000,6
33853000,3,33855000,3,33852000,5,33856000,6,33851000,6,33857000,5,33850000,55,33858000,7,33849000,9,33859000,5,33848000,10,33860000,8,33847000,6,33861000,9,33846000,8,33862000,5,33845000,7,33863000,5,33844000,9,33864000,6
33854000,1,33856000,5,33853000,2,33857000,4,33852000,3,33858000,7,33851000,4,33859000,6,33850000,54,33860000,8,33849000,9,33861000,9,33848000,11,33862000,5,33847000,7,33863000,5,33846000,8,33864000,7,33845000,7,33865000,6
33852000,2,33853000,1,33851000,3,33855000,3,33850000,54,33856000,3,33849000,8,33857000,5,33848000,9,33858000,8,33847000,7,33859000,5,33846000,9,33860000,10,33845000,7,33861000,9,33844000,9,33862000,7,33843000,5,33863000,7
33852000,2,33854000,1,33851000,3,33855000,2,33850000,50,33856000,4,33849000,7,33857000,3,33848000,5,33858000,8,33847000,6,33859000,8,33846000,8,33860000,13,33845000,8,33861000,5,33844000,9,33862000,5,33843000,5,33863000,6
33853000,2,33855000,1,33852000,4,33856000,3,33851000,3,33857000,3,33850000,4,33858000,6,33849000,7,33859000,5,33848000,5,33860000,8,33847000,5,33861000,6,33846000,8,33862000,5,33845000,6,33863000,7,33844000,9,33864000,9
33850000,4,33853000,2,33849000,6,33854000,5,33848000,3,33855000,4,33847000,6,33856000,3,33846000,7,33857000,4,33845000,6,33858000,8,33844000,9,33859000,6,33843000,6,33860000,9,33842000,11,33861000,6,33841000,12,33862000,5
33846000,2,33847000,1,33845000,2,33848000,17,33844000,3,33849000,2,33843000,6,33850000,2,33842000,9,33851000,7,33841000,12,33852000,5,33840000,56,33853000,7,33839000,6,33854000,5,33838000,9,33855000,6,33837000,7,33856000,7
33843000,3,33846000,2,33842000,6,33847000,3,33841000,11,33848000,18,33840000,53,33849000,4,33839000,6,33850000,3,33838000,9,33851000,6,33837000,7,33852000,5,33836000,7,33853000,6,33835000,7,33854000,5,33834000,8,33855000,6
33843000,4,33846000,2,33842000,6,33847000,3,33841000,11,33848000,18,33840000,53,33849000,4,33839000,5,33850000,4,33838000,9,33851000,7,33837000,7,33852000,6,33836000,7,33853000,5,33835000,7,33854000,5,33834000,8,33855000,6
33848000,20,33849000,3,33846000,3,33850000,4,33845000,3,33851000,4,33844000,6,33852000,4,33843000,4,33853000,5,33842000,8,33854000,4,33841000,14,33855000,8,33840000,55,33856000,7,33839000,7,33857000,6,33838000,9,33858000,10
33846000,3,33847000,2,33845000,3,33848000,2,33844000,5,33849000,5,33843000,3,33850000,7,33842000,7,33851000,5,33841000,14,33852000,6,33840000,55,33853000,8,33839000,7,33854000,5,33838000,9,33855000,8,33837000,7,33856000,7
33843000,1,33844000,3,33842000,3,33845000,2,33841000,12,33846000,2,33840000,51,33847000,4,33839000,5,33848000,5,33838000,9,33849000,13,33837000,7,33850000,8,33836000,17,33851000,9,33835000,7,33852000,9,33834000,7,33853000,8
33842000,4,33845000,3,33841000,10,33846000,4,33840000,52,33847000,4,33839000,5,33848000,5,33838000,6,33849000,6,33837000,8,33850000,9,33836000,18,33851000,8,33835000,7,33852000,9,33834000,7,33853000,8,33833000,10,33854000,7
33843000,2,33844000,1,33842000,3,33845000,3,33841000,10,33846000,6,33840000,52,33847000,3,33839000,5,33848000,5,33838000,8,33849000,7,33837000,8,33850000,9,33836000,18,33851000,8,33835000,7,33852000,9,33834000,7,33853000,8
33843000,2,33845000,3,33842000,4,33846000,6,33841000,8,33847000,5,33840000,49,33848000,7,33839000,4,33849000,7,33838000,7,33850000,9,33837000,8,33851000,6,33836000,18,33852000,8,33835000,8,33853000,8,33834000,7,33854000,6
33842000,2,33843000,2,33841000,8,33844000,4,33840000,49,33845000,4,33839000,4,33846000,4,33838000,6,33847000,4,33837000,8,33848000,4,33836000,18,33849000,8,33835000,7,33850000,11,33834000,7,33851000,7,33833000,8,33852000,9
33843000,1,33844000,1,33842000,3,33845000,4,33841000,8,33846000,4,33840000,49,33847000,4,33839000,4,33848000,3,33838000,7,33849000,8,33837000,8,33850000,11,33836000,18,33851000,7,33835000,7,33852000,9,33834000,7,33853000,8
33848000,1,33849000,1,33847000,6,33850000,3,33846000,5,33851000,4,33845000,4,33852000,5,33844000,6,33853000,9,33843000,3,33854000,6,33842000,6,33855000,7,33841000,12,33856000,6,33840000,52,33857000,6,33839000,7,33858000,10
33850000,2,33852000,5,33849000,3,33853000,4,33848000,5,33854000,4,33847000,4,33855000,4,33846000,6,33856000,7,33845000,6,33857000,8,33844000,10,33858000,10,33843000,5,33859000,6,33842000,8,33860000,10,33841000,11,33861000,6
33853000,3,33855000,1,33852000,4,33856000,2,33851000,4,33857000,6,33850000,3,33858000,8,33849000,6,33859000,7,33848000,9,33860000,11,33847000,6,33861000,6,33846000,6,33862000,6,33845000,4,33863000,6,33844000,9,33864000,9
33852000,1,33854000,3,33851000,3,33855000,4,33850000,3,33856000,4,33849000,7,33857000,5,33848000,8,33858000,8,33847000,6,33859000,7,33846000,7,33860000,11,33845000,4,33861000,6,33844000,8,33862000,6,33843000,5,33863000,6
33849000,2,33851000,5,33848000,7,33852000,5,33847000,7,33853000,3,33846000,6,33854000,4,33845000,4,33855000,4,33844000,7,33856000,4,33843000,5,33857000,5,33842000,7,33858000,11,33841000,9,33859000,7,33840000,51,33860000,11
33844000,1,33846000,3,33843000,2,33847000,3,33842000,4,33848000,3,33841000,9,33849000,3,33840000,48,33850000,6,33839000,8,33851000,11,33838000,10,33852000,9,33837000,6,33853000,6,33836000,17,33854000,8,33835000,7,33855000,7
33841000,13,33844000,3,33840000,46,33845000,7,33839000,5,33846000,6,33838000,8,33847000,5,33837000,7,33848000,7,33836000,16,33849000,7,33835000,7,33850000,8,33834000,6,33851000,10,33833000,8,33852000,10,33832000,9,33853000,6
33838000,4,33839000,2,33837000,5,33840000,4,33836000,15,33841000,7,33835000,6,33842000,5,33834000,8,33843000,7,33833000,8,33844000,5,33832000,9,33845000,7,33831000,6,33846000,9,33830000,10,33847000,8,33829000,6,33848000,10
33839000,2,33841000,1,33838000,3,33842000,5,33837000,4,33843000,7,33836000,13,33844000,6,33835000,6,33845000,8,33834000,7,33846000,10,33833000,9,33847000,8,33832000,9,33848000,9,33831000,6,33849000,6,33830000,10,33850000,8
33842000,3,33844000,1,33841000,3,33845000,6,33840000,5,33846000,5,33839000,3,33847000,5,33838000,5,33848000,5,33837000,7,33849000,9,33836000,15,33850000,12,33835000,7,33851000,11,33834000,7,33852000,10,33833000,9,33853000,7
33841000,2,33843000,3,33840000,5,33844000,4,33839000,3,33845000,6,33838000,5,33846000,5,33837000,7,33847000,5,33836000,16,33848000,4,33835000,7,33849000,8,33834000,7,33850000,12,33833000,8,33851000,11,33832000,9,33852000,10
33843000,1,33844000,1,33842000,4,33845000,5,33841000,4,33846000,6,33840000,3,33847000,6,33839000,3,33848000,4,33838000,6,33849000,8,33837000,8,33850000,11,33836000,16,33851000,9,33835000,8,33852000,9,33834000,7,33853000,7
33845000,3,33848000,3,33844000,4,33849000,3,33843000,4,33850000,8,33842000,5,33851000,9,33841000,5,33852000,9,33840000,5,33853000,8,33839000,5,33854000,8,33838000,7,33855000,7,33837000,6,33856000,8,33836000,16,33857000,9
33848000,4,33850000,3,33847000,5,33851000,6,33846000,5,33852000,7,33845000,5,33853000,7,33844000,6,33854000,8,33843000,4,33855000,8,33842000,7,33856000,8,33841000,6,33857000,8,33840000,6,33858000,11,33839000,5,33859000,9
33847000,4,33850000,41,33846000,4,33851000,3,33845000,5,33852000,5,33844000,7,33853000,6,33843000,5,33854000,6,33842000,7,33855000,9,33841000,6,33856000,9,33840000,6,33857000,8,33839000,16,33858000,11,33838000,8,33859000,6
33841000,4,33844000,4,33840000,3,33845000,4,33839000,15,33846000,5,33838000,5,33847000,2,33837000,6,33848000,6,33836000,7,33849000,11,33835000,8,33850000,45,33834000,16,33851000,9,33833000,23,33852000,10,33832000,13,33853000,8
33845000,3,33847000,1,33844000,3,33848000,3,33843000,4,33849000,7,33842000,5,33850000,43,33841000,6,33851000,7,33840000,6,33852000,9,33839000,17,33853000,8,33838000,9,33854000,9,33837000,7,33855000,7,33836000,7,33856000,8
33844000,3,33847000,3,33843000,4,33848000,3,33842000,5,33849000,3,33841000,6,33850000,4,33840000,4,33851000,7,33839000,17,33852000,10,33838000,9,33853000,8,33837000,7,33854000,15,33836000,8,33855000,47,33835000,17,33856000,8
33840000,1,33842000,3,33839000,13,33843000,4,33838000,3,33844000,4,33837000,5,33845000,5,33836000,6,33846000,4,33835000,8,33847000,8,33834000,6,33848000,8,33833000,19,33849000,8,33832000,8,33850000,9,33831000,6,33851000,8
33840000,1,33842000,3,33839000,13,33843000,4,33838000,3,33844000,4,33837000,5,33845000,5,33836000,6,33846000,4,33835000,8,33847000,8,33834000,6,33848000,8,33833000,19,33849000,8,33832000,8,33850000,9,33831000,6,33851000,8
33840000,1,33842000,3,33839000,13,33843000,4,33838000,3,33844000,4,33837000,5,33845000,5,33836000,6,33846000,4,33835000,8,33847000,8,33834000,6,33848000,8,33833000,19,33849000,8,33832000,8,33850000,9,33831000,6,33851000,8
33831000,1,33832000,3,33830000,3,33834000,2,33829000,3,33835000,8,33828000,8,33836000,4,33827000,7,33837000,7,33826000,12,33838000,5,33825000,9,33839000,5,33824000,7,33840000,8,33823000,7,33841000,9,33822000,10,33842000,11
33828000,3,33829000,2,33827000,1,33830000,4,33826000,7,33831000,4,33825000,5,33832000,4,33824000,5,33833000,5,33823000,6,33834000,6,33822000,10,33835000,10,33821000,6,33836000,7,33820000,8,33837000,10,33819000,7,33838000,7
33826000,1,33828000,3,33825000,5,33829000,4,33824000,4,33830000,4,33823000,6,33831000,4,33822000,7,33832000,5,33821000,7,33833000,9,33820000,9,33834000,8,33819000,7,33835000,11,33818000,7,33836000,8,33817000,7,33837000,10
33827000,3,33830000,3,33826000,3,33831000,4,33825000,5,33832000,4,33824000,3,33833000,8,33823000,5,33834000,7,33822000,9,33835000,11,33821000,7,33836000,8,33820000,10,33837000,9,33819000,8,33838000,8,33818000,7,33839000,7
33831000,2,33833000,3,33830000,4,33834000,4,33829000,4,33835000,7,33828000,6,33836000,4,33827000,5,33837000,9,33826000,5,33838000,8,33825000,5,33839000,7,33824000,6,33840000,8,33823000,5,33841000,8,33822000,9,33842000,12
33830000,4,33832000,1,33829000,4,33833000,4,33828000,6,33834000,3,33827000,7,33835000,4,33826000,5,33836000,4,33825000,5,33837000,8,33824000,5,33838000,6,33823000,5,33839000,9,33822000,9,33840000,8,33821000,6,33841000,9
33832000,2,33833000,1,33831000,2,33834000,2,33830000,5,33835000,4,33829000,4,33836000,5,33828000,4,33837000,9,33827000,8,33838000,6,33826000,6,33839000,6,33825000,5,33840000,7,33824000,5,33841000,8,33823000,5,33842000,11
33837000,1,33839000,2,33836000,2,33840000,4,33835000,3,33841000,5,33834000,4,33842000,7,33833000,7,33843000,8,33832000,5,33844000,8,33831000,7,33845000,9,33830000,9,33846000,9,33829000,5,33847000,7,33828000,8,33848000,11
33834000,1,33836000,5,33833000,4,33837000,7,33832000,3,33838000,5,33831000,4,33839000,5,33830000,8,33840000,8,33829000,5,33841000,5,33828000,8,33842000,7,33827000,6,33843000,8,33826000,8,33844000,10,33825000,7,33845000,9
33836000,1,33837000,4,33835000,6,33838000,4,33834000,9,33839000,5,33833000,3,33840000,10,33832000,4,33841000,6,33831000,5,33842000,9,33830000,7,33843000,6,33829000,5,33844000,10,33828000,8,33845000,9,33827000,6,33846000,10
33839000,3,33840000,5,33838000,1,33841000,3,33837000,4,33842000,6,33835000,4,33843000,7,33834000,11,33844000,8,33833000,8,33845000,9,33832000,4,33846000,9,33831000,4,33847000,7,33830000,8,33848000,10,33829000,5,33849000,8
33838000,2,33840000,3,33837000,3,33841000,4,33836000,1,33842000,5,33835000,5,33843000,4,33834000,11,33844000,7,33833000,8,33845000,8,33832000,6,33846000,8,33831000,4,33847000,8,33830000,8,33848000,9,33829000,5,33849000,7
33838000,1,33839000,1,33837000,4,33840000,2,33836000,3,33841000,3,33835000,4,33842000,5,33834000,11,33843000,4,33833000,8,33844000,9,33832000,6,33845000,9,33831000,4,33846000,10,33830000,8,33847000,7,33829000,5,33848000,9
33841000,8,33844000,2,33840000,2,33845000,6,33839000,5,33846000,6,33838000,4,33847000,8,33837000,6,33848000,8,33836000,6,33849000,8,33835000,4,33850000,9,33834000,12,33851000,7,33833000,7,33852000,7,33832000,7,33853000,9
33841000,8,33844000,3,33840000,2,33845000,6,33839000,5,33846000,5,33838000,4,33847000,6,33837000,6,33848000,8,33836000,6,33849000,8,33835000,4,33850000,10,33834000,12,33851000,7,33833000,7,33852000,7,33832000,7,33853000,9
33842000,2,33844000,1,33841000,6,33845000,6,33840000,2,33846000,5,33839000,5,33847000,6,33838000,4,33848000,8,33837000,6,33849000,8,33836000,6,33850000,10,33835000,4,33851000,7,33834000,12,33852000,7,33833000,7,33853000,9
33841000,5,33844000,3,33840000,3,33845000,5,33839000,4,33846000,5,33838000,4,33847000,6,33837000,6,33848000,7,33836000,7,33849000,8,33835000,4,33850000,10,33834000,12,33851000,7,33833000,7,33852000,7,33832000,7,33853000,9
33841000,1,33844000,4,33840000,3,33845000,6,33839000,3,33846000,5,33838000,4,33847000,6,33837000,6,33848000,8,33836000,7,33849000,8,33835000,4,33850000,10,33834000,12,33851000,7,33833000,7,33852000,7,33832000,7,33853000,9
33845000,2,33847000,2,33844000,2,33848000,6,33843000,3,33849000,6,33842000,6,33850000,7,33841000,4,33851000,7,33840000,3,33852000,7,33839000,6,33853000,8,33838000,5,33854000,8,33837000,5,33855000,8,33836000,6,33856000,9
33846000,3,33849000,2,33845000,3,33850000,6,33844000,5,33851000,6,33843000,3,33852000,4,33842000,6,33853000,8,33841000,5,33854000,8,33840000,5,33855000,8,33839000,4,33856000,8,33838000,7,33857000,9,33837000,5,33858000,12
33850000,3,33852000,2,33849000,3,33853000,4,33848000,3,33854000,5,33847000,8,33855000,6,33846000,4,33856000,6,33845000,6,33857000,9,33844000,8,33858000,11,33843000,4,33859000,6,33842000,7,33860000,11,33841000,5,33861000,6
33853000,2,33855000,1,33852000,5,33856000,4,33851000,5,33857000,6,33850000,6,33858000,8,33849000,5,33859000,7,33848000,5,33860000,10,33847000,7,33861000,7,33846000,8,33862000,6,33845000,5,33863000,6,33844000,6,33864000,9
33853000,3,33856000,2,33852000,5,33857000,5,33851000,5,33858000,8,33850000,7,33859000,6,33849000,6,33860000,8,33848000,5,33861000,7,33847000,7,33862000,6,33846000,8,33863000,6,33845000,5,33864000,9,33844000,6,33865000,5
33852000,2,33854000,1,33851000,4,33855000,5,33850000,4,33856000,5,33849000,4,33857000,5,33848000,6,33858000,9,33847000,7,33859000,7,33846000,8,33860000,10,33845000,5,33861000,7,33844000,6,33862000,6,33843000,5,33863000,6
33855000,4,33858000,4,33854000,3,33859000,4,33853000,4,33860000,7,33852000,4,33861000,5,33851000,4,33862000,5,33850000,8,33863000,6,33849000,8,33864000,10,33848000,7,33865000,5,33847000,7,33866000,9,33846000,7,33867000,9
33852000,3,33855000,3,33851000,3,33856000,3,33850000,8,33857000,4,33849000,8,33858000,4,33848000,6,33859000,5,33847000,7,33860000,9,33846000,7,33861000,6,33845000,6,33862000,7,33844000,6,33863000,6,33843000,5,33864000,9
33850000,2,33852000,2,33849000,4,33853000,3,33848000,3,33854000,4,33847000,7,33855000,5,33846000,5,33856000,3,33845000,6,33857000,5,33844000,6,33858000,6,33843000,5,33859000,7,33842000,8,33860000,11,33841000,6,33861000,6
33849000,2,33851000,1,33848000,3,33852000,8,33847000,7,33853000,6,33846000,6,33854000,5,33845000,7,33855000,4,33844000,21,33856000,6,33843000,23,33857000,6,33842000,26,33858000,7,33841000,12,33859000,7,33840000,10,33860000,10
33851000,5,33853000,1,33850000,4,33854000,4,33849000,5,33855000,6,33848000,2,33856000,7,33847000,5,33857000,6,33846000,8,33858000,8,33845000,8,33859000,7,33844000,23,33860000,10,33843000,25,33861000,7,33842000,26,33862000,6
33855000,3,33858000,4,33854000,5,33859000,4,33853000,5,33860000,7,33852000,19,33861000,7,33851000,8,33862000,5,33850000,11,33863000,7,33849000,13,33864000,10,33848000,8,33865000,5,33847000,8,33866000,9,33846000,10,33867000,10
33854000,3,33855000,1,33853000,5,33856000,3,33852000,4,33857000,3,33851000,7,33858000,6,33850000,8,33859000,4,33849000,13,33860000,5,33848000,9,33861000,7,33847000,7,33862000,7,33846000,10,33863000,7,33845000,12,33864000,12
33855000,5,33857000,1,33854000,3,33858000,6,33853000,4,33859000,3,33852000,2,33860000,6,33851000,8,33861000,6,33850000,11,33862000,8,33849000,12,33863000,7,33848000,10,33864000,10,33847000,8,33865000,6,33846000,11,33866000,8
33854000,5,33856000,2,33853000,3,33857000,4,33852000,3,33858000,6,33851000,7,33859000,7,33850000,8,33860000,46,33849000,12,33861000,7,33848000,10,33862000,7,33847000,7,33863000,8,33846000,10,33864000,11,33845000,10,33865000,6
33857000,3,33858000,3,33856000,3,33859000,6,33855000,3,33860000,45,33854000,2,33861000,6,33853000,5,33862000,5,33852000,9,33863000,9,33851000,9,33864000,11,33850000,12,33865000,6,33849000,14,33866000,18,33848000,12,33867000,20
33855000,3,33857000,2,33854000,4,33858000,4,33853000,3,33859000,4,33852000,8,33860000,44,33851000,8,33861000,5,33850000,10,33862000,6,33849000,14,33863000,9,33848000,12,33864000,12,33847000,9,33865000,7,33846000,23,33866000,8
33857000,3,33859000,2,33856000,4,33860000,43,33855000,6,33861000,5,33854000,6,33862000,5,33853000,6,33863000,7,33852000,9,33864000,18,33851000,10,33865000,7,33850000,12,33866000,8,33849000,15,33867000,10,33848000,12,33868000,6
33859000,3,33861000,1,33858000,5,33862000,2,33857000,4,33863000,4,33856000,5,33864000,15,33855000,10,33865000,5,33854000,9,33866000,10,33853000,9,33867000,12,33852000,10,33868000,7,33851000,10,33869000,8,33850000,11,33870000,7
33863000,2,33865000,1,33862000,27,33866000,4,33861000,4,33867000,9,33860000,6,33868000,5,33859000,6,33869000,9,33858000,10,33870000,9,33857000,10,33871000,7,33856000,9,33872000,11,33855000,11,33873000,4,33854000,10,33874000,9
33868000,3,33869000,2,33867000,5,33870000,3,33866000,3,33871000,6,33865000,3,33872000,9,33864000,5,33873000,5,33863000,8,33874000,9,33862000,9,33875000,12,33861000,9,33876000,7,33860000,12,33877000,7,33859000,10,33878000,9
33867000,2,33869000,3,33866000,3,33870000,4,33865000,3,33871000,6,33864000,5,33872000,9,33863000,8,33873000,5,33862000,10,33874000,10,33861000,9,33875000,12,33860000,11,33876000,7,33859000,10,33877000,7,33858000,12,33878000,9
33868000,1,33869000,2,33867000,4,33870000,4,33866000,2,33871000,6,33865000,2,33872000,10,33864000,4,33873000,5,33863000,7,33874000,10,33862000,10,33875000,12,33861000,7,33876000,7,33860000,10,33877000,7,33859000,10,33878000,9
33865000,5,33867000,1,33864000,4,33868000,4,33863000,5,33869000,6,33862000,8,33870000,5,33861000,6,33871000,6,33860000,9,33872000,13,33859000,10,33873000,6,33858000,12,33874000,11,33857000,10,33875000,12,33856000,9,33876000,7
33868000,2,33869000,1,33867000,21,33870000,4,33866000,12,33871000,6,33865000,19,33872000,9,33864000,7,33873000,5,33863000,6,33874000,10,33862000,8,33875000,12,33861000,8,33876000,7,33860000,10,33877000,7,33859000,9,33878000,9
33870000,6,33871000,6,33869000,5,33872000,7,33868000,13,33873000,4,33867000,26,33874000,7,33866000,12,33875000,10,33865000,21,33876000,6,33864000,10,33877000,9,33863000,10,33878000,9,33862000,11,33879000,6,33861000,6,33880000,8
33873000,18,33874000,2,33872000,29,33875000,8,33871000,4,33876000,4,33870000,9,33877000,6,33869000,5,33878000,7,33868000,14,33879000,7,33867000,29,33880000,9,33866000,12,33881000,6,33865000,22,33882000,9,33864000,12,33883000,8
33877000,1,33878000,1,33876000,29,33879000,6,33875000,22,33880000,6,33874000,23,33881000,8,33873000,21,33882000,7,33872000,29,33883000,9,33871000,9,33884000,14,33870000,14,33885000,9,33869000,8,33886000,7,33868000,17,33887000,8
33879000,9,33880000,1,33878000,7,33881000,5,33877000,13,33882000,6,33876000,31,33883000,7,33875000,23,33884000,13,33874000,26,33885000,10,33873000,27,33886000,7,33872000,34,33887000,4,33871000,9,33888000,7,33870000,14,33889000,3
33877000,17,33878000,1,33876000,30,33879000,6,33875000,24,33880000,9,33874000,24,33881000,3,33873000,25,33882000,7,33872000,36,33883000,9,33871000,12,33884000,10,33870000,13,33885000,11,33869000,8,33886000,8,33868000,16,33887000,6
33874000,21,33875000,4,33873000,21,33876000,3,33872000,31,33877000,2,33871000,7,33878000,4,33870000,13,33879000,7,33869000,11,33880000,10,33868000,18,33881000,7,33867000,29,33882000,8,33866000,10,33883000,9,33865000,23,33884000,11
33871000,3,33873000,3,33870000,9,33874000,5,33869000,6,33875000,6,33868000,14,33876000,4,33867000,31,33877000,5,33866000,12,33878000,8,33865000,22,33879000,9,33864000,13,33880000,13,33863000,8,33881000,6,33862000,11,33882000,8
33870000,9,33873000,4,33869000,5,33874000,5,33868000,14,33875000,7,33867000,29,33876000,4,33866000,10,33877000,5,33865000,23,33878000,8,33864000,14,33879000,9,33863000,9,33880000,7,33862000,10,33881000,6,33861000,9,33882000,7
33877000,3,33878000,5,33876000,3,33879000,6,33875000,5,33880000,3,33874000,6,33881000,7,33873000,8,33882000,47,33872000,9,33883000,10,33871000,10,33884000,11,33870000,8,33885000,10,33869000,6,33886000,7,33868000,18,33887000,7
33874000,3,33876000,2,33873000,7,33877000,3,33872000,8,33878000,6,33871000,9,33879000,6,33870000,6,33880000,3,33869000,7,33881000,8,33868000,18,33882000,48,33867000,30,33883000,10,33866000,11,33884000,11,33865000,22,33885000,10
33874000,2,33877000,3,33873000,6,33878000,6,33872000,7,33879000,8,33871000,8,33880000,4,33870000,7,33881000,10,33869000,8,33882000,49,33868000,18,33883000,10,33867000,31,33884000,11,33866000,11,33885000,10,33865000,22,33886000,7
33874000,4,33877000,3,33873000,6,33878000,4,33872000,8,33879000,7,33871000,9,33880000,4,33870000,6,33881000,10,33869000,8,33882000,48,33868000,18,33883000,10,33867000,30,33884000,11,33866000,11,33885000,10,33865000,22,33886000,7
33875000,3,33877000,2,33874000,4,33878000,5,33873000,6,33879000,7,33872000,8,33880000,4,33871000,9,33881000,10,33870000,7,33882000,48,33869000,8,33883000,10,33868000,18,33884000,11,33867000,30,33885000,10,33866000,11,33886000,7
33874000,2,33877000,2,33873000,3,33878000,4,33872000,7,33879000,9,33871000,9,33880000,5,33870000,6,33881000,10,33869000,8,33882000,48,33868000,18,33883000,10,33867000,29,33884000,12,33866000,12,33885000,10,33865000,22,33886000,7
33871000,3,33873000,1,33870000,2,33874000,7,33869000,5,33875000,3,33868000,17,33876000,3,33867000,6,33877000,5,33866000,11,33878000,8,33865000,22,33879000,9,33864000,14,33880000,7,33863000,9,33881000,9,33862000,11,33882000,49
33872000,6,33874000,5,33871000,6,33875000,3,33870000,2,33876000,3,33869000,4,33877000,5,33868000,17,33878000,5,33867000,7,33879000,9,33866000,11,33880000,6,33865000,22,33881000,8,33864000,14,33882000,49,33863000,9,33883000,9
33871000,5,33873000,3,33870000,3,33874000,2,33869000,5,33875000,4,33868000,16,33876000,3,33867000,7,33877000,3,33866000,12,33878000,4,33865000,21,33879000,10,33864000,14,33880000,6,33863000,9,33881000,8,33862000,11,33882000,49
33868000,13,33870000,2,33867000,4,33871000,3,33866000,7,33872000,4,33865000,20,33873000,4,33864000,13,33874000,6,33863000,10,33875000,9,33862000,11,33876000,5,33861000,8,33877000,7,33860000,11,33878000,7,33859000,9,33879000,9
33865000,1,33866000,1,33864000,7,33867000,4,33863000,6,33868000,4,33862000,7,33869000,5,33861000,10,33870000,45,33860000,9,33871000,6,33859000,8,33872000,6,33858000,11,33873000,4,33857000,9,33874000,8,33856000,10,33875000,6
33867000,4,33868000,1,33866000,5,33869000,8,33865000,6,33870000,45,33864000,4,33871000,5,33863000,6,33872000,6,33862000,8,33873000,6,33861000,10,33874000,9,33860000,12,33875000,9,33859000,10,33876000,7,33858000,12,33877000,6
33870000,1,33871000,3,33869000,1,33872000,3,33868000,3,33873000,4,33867000,5,33874000,7,33866000,5,33875000,11,33865000,6,33876000,8,33864000,5,33877000,6,33863000,8,33878000,7,33862000,11,33879000,7,33861000,10,33880000,7
33868000,2,33869000,3,33867000,4,33870000,8,33866000,5,33871000,3,33865000,6,33872000,3,33864000,7,33873000,4,33863000,9,33874000,8,33862000,11,33875000,11,33861000,10,33876000,8,33860000,11,33877000,7,33859000,8,33878000,7
33865000,4,33867000,3,33864000,4,33868000,3,33863000,5,33869000,5,33862000,6,33870000,6,33861000,9,33871000,4,33860000,11,33872000,7,33859000,9,33873000,6,33858000,11,33874000,9,33857000,9,33875000,11,33856000,10,33876000,8
33869000,2,33870000,5,33868000,2,33871000,3,33867000,7,33872000,6,33866000,4,33873000,3,33865000,4,33874000,7,33864000,5,33875000,22,33863000,7,33876000,8,33862000,7,33877000,7,33861000,8,33878000,7,33860000,12,33879000,7
33865000,2,33867000,3,33864000,3,33868000,6,33863000,3,33869000,4,33862000,6,33870000,4,33861000,7,33871000,6,33860000,10,33872000,6,33859000,8,33873000,7,33858000,11,33874000,9,33857000,9,33875000,22,33856000,10,33876000,8
33862000,2,33864000,1,33861000,4,33865000,2,33860000,7,33866000,4,33859000,8,33867000,4,33858000,10,33868000,8,33857000,11,33869000,5,33856000,11,33870000,6,33855000,10,33871000,10,33854000,11,33872000,7,33853000,8,33873000,7
33863000,3,33865000,1,33862000,4,33866000,4,33861000,5,33867000,4,33860000,5,33868000,9,33859000,1,33869000,7,33858000,7,33870000,6,33857000,10,33871000,8,33856000,11,33872000,6,33855000,10,33873000,6,33854000,12,33874000,8
33862000,3,33864000,1,33861000,5,33865000,2,33860000,5,33866000,5,33859000,2,33867000,4,33858000,7,33868000,7,33857000,10,33869000,5,33856000,11,33870000,5,33855000,10,33871000,7,33854000,12,33872000,6,33853000,7,33873000,6
33862000,3,33864000,1,33861000,5,33865000,2,33860000,5,33866000,5,33859000,2,33867000,4,33858000,7,33868000,7,33857000,10,33869000,5,33856000,11,33870000,5,33855000,10,33871000,7,33854000,12,33872000,6,33853000,7,33873000,6
33863000,2,33865000,6,33862000,3,33866000,4,33861000,3,33867000,4,33860000,6,33868000,6,33859000,6,33869000,6,33858000,8,33870000,7,33857000,9,33871000,6,33856000,12,33872000,6,33855000,10,33873000,6,33854000,13,33874000,8
33867000,4,33868000,1,33866000,2,33869000,4,33865000,4,33870000,4,33864000,4,33871000,6,33863000,4,33872000,6,33862000,3,33873000,7,33861000,5,33874000,9,33860000,8,33875000,20,33859000,7,33876000,7,33858000,10,33877000,6
33873000,4,33875000,14,33872000,7,33876000,4,33871000,7,33877000,5,33870000,4,33878000,7,33869000,4,33879000,8,33868000,5,33880000,9,33867000,4,33881000,6,33866000,5,33882000,7,33865000,5,33883000,7,33864000,7,33884000,12
33874000,3,33876000,2,33873000,6,33877000,4,33872000,3,33878000,6,33871000,7,33879000,7,33870000,5,33880000,8,33869000,6,33881000,6,33868000,5,33882000,7,33867000,5,33883000,7,33866000,5,33884000,11,33865000,6,33885000,10
33874000,2,33876000,3,33873000,3,33877000,4,33872000,4,33878000,6,33871000,7,33879000,8,33870000,5,33880000,7,33869000,6,33881000,6,33868000,6,33882000,7,33867000,5,33883000,7,33866000,6,33884000,11,33865000,6,33885000,10
33876000,5,33877000,3,33875000,1,33878000,7,33874000,4,33879000,5,33873000,4,33880000,7,33872000,3,33881000,6,33871000,9,33882000,8,33870000,8,33883000,7,33869000,7,33884000,11,33868000,7,33885000,10,33867000,5,33886000,7
33877000,1,33879000,5,33876000,3,33880000,5,33875000,3,33881000,5,33874000,6,33882000,5,33873000,3,33883000,8,33872000,5,33884000,11,33871000,8,33885000,9,33870000,7,33886000,7,33869000,5,33887000,7,33868000,7,33888000,9
33874000,4,33875000,1,33873000,3,33877000,1,33872000,5,33878000,2,33871000,8,33879000,5,33870000,6,33880000,4,33869000,4,33881000,7,33868000,7,33882000,6,33867000,6,33883000,9,33866000,7,33884000,11,33865000,6,33885000,9
33877000,6,33878000,3,33876000,4,33879000,6,33875000,2,33880000,11,33874000,4,33881000,7,33873000,3,33882000,6,33872000,5,33883000,9,33871000,9,33884000,11,33870000,8,33885000,9,33869000,4,33886000,7,33868000,6,33887000,5
33874000,2,33877000,3,33873000,3,33878000,6,33872000,6,33879000,6,33871000,10,33880000,6,33870000,6,33881000,13,33869000,4,33882000,6,33868000,6,33883000,8,33867000,6,33884000,11,33866000,6,33885000,9,33865000,6,33886000,7
33871000,3,33873000,3,33870000,4,33874000,4,33869000,3,33875000,3,33868000,6,33876000,4,33867000,7,33877000,6,33866000,6,33878000,7,33865000,5,33879000,7,33864000,7,33880000,9,33863000,7,33881000,14,33862000,6,33882000,8
33869000,1,33871000,2,33868000,3,33872000,3,33867000,5,33873000,3,33866000,4,33874000,5,33865000,5,33875000,6,33864000,8,33876000,5,33863000,7,33877000,7,33862000,6,33878000,9,33861000,6,33879000,7,33860000,8,33880000,9
33866000,2,33868000,2,33865000,4,33869000,6,33864000,4,33870000,3,33863000,8,33871000,5,33862000,5,33872000,7,33861000,7,33873000,5,33860000,8,33874000,8,33859000,11,33875000,5,33858000,10,33876000,6,33857000,9,33877000,7
33867000,1,33869000,4,33866000,2,33870000,4,33865000,5,33871000,6,33864000,5,33872000,7,33863000,7,33873000,5,33862000,5,33874000,8,33861000,7,33875000,5,33860000,9,33876000,6,33859000,13,33877000,7,33858000,10,33878000,7
33871000,1,33872000,2,33870000,2,33873000,2,33869000,6,33874000,2,33868000,7,33875000,5,33867000,7,33876000,5,33866000,6,33877000,7,33865000,8,33878000,8,33864000,9,33879000,12,33863000,10,33880000,9,33862000,7,33881000,11
33869000,3,33871000,1,33868000,7,33872000,5,33867000,6,33873000,5,33866000,5,33874000,4,33865000,8,33875000,5,33864000,9,33876000,4,33863000,10,33877000,8,33862000,7,33878000,7,33861000,6,33879000,12,33860000,8,33880000,9
33871000,3,33872000,2,33870000,2,33873000,5,33869000,4,33874000,7,33868000,5,33875000,4,33867000,3,33876000,4,33866000,5,33877000,9,33865000,7,33878000,12,33864000,9,33879000,7,33863000,9,33880000,9,33862000,8,33881000,9
33868000,4,33871000,2,33867000,3,33872000,6,33866000,5,33873000,5,33865000,8,33874000,7,33864000,7,33875000,5,33863000,8,33876000,5,33862000,8,33877000,9,33861000,6,33878000,12,33860000,8,33879000,7,33859000,11,33880000,9
33866000,2,33868000,2,33865000,4,33869000,2,33864000,6,33870000,3,33863000,8,33871000,7,33862000,8,33872000,6,33861000,7,33873000,6,33860000,8,33874000,8,33859000,11,33875000,7,33858000,11,33876000,6,33857000,9,33877000,8
33867000,1,33868000,3,33866000,3,33869000,3,33865000,4,33870000,5,33864000,5,33871000,7,33863000,6,33872000,8,33862000,6,33873000,6,33861000,11,33874000,9,33860000,9,33875000,7,33859000,8,33876000,6,33858000,9,33877000,8
33871000,2,33872000,4,33870000,1,33873000,3,33869000,2,33874000,6,33868000,7,33875000,9,33867000,5,33876000,7,33866000,4,33877000,8,33865000,6,33878000,12,33864000,8,33879000,11,33863000,9,33880000,11,33862000,7,33881000,10
33871000,2,33872000,4,33870000,1,33873000,3,33869000,2,33874000,6,33868000,7,33875000,9,33867000,5,33876000,7,33866000,4,33877000,8,33865000,6,33878000,12,33864000,8,33879000,11,33863000,9,33880000,11,33862000,7,33881000,10
33872000,2,33874000,2,33871000,5,33875000,4,33870000,7,33876000,4,33869000,5,33877000,4,33868000,9,33878000,9,33867000,8,33879000,7,33866000,6,33880000,10,33865000,6,33881000,9,33864000,9,33882000,8,33863000,9,33883000,7
33869000,5,33873000,4,33868000,8,33874000,5,33867000,9,33875000,4,33866000,6,33876000,4,33865000,6,33877000,5,33864000,9,33878000,10,33863000,9,33879000,9,33862000,7,33880000,11,33861000,9,33881000,9,33860000,9,33882000,8
33866000,4,33869000,5,33865000,4,33870000,3,33864000,5,33871000,6,33863000,10,33872000,9,33862000,6,33873000,5,33861000,9,33874000,7,33860000,9,33875000,7,33859000,8,33876000,7,33858000,9,33877000,7,33857000,9,33878000,12
33863000,4,33865000,2,33862000,5,33866000,4,33861000,7,33867000,4,33860000,8,33868000,5,33859000,9,33869000,4,33858000,9,33870000,4,33857000,9,33871000,7,33856000,9,33872000,11,33855000,17,33873000,8,33854000,11,33874000,8
33860000,4,33862000,2,33859000,6,33863000,5,33858000,7,33864000,4,33857000,9,33865000,3,33856000,9,33866000,4,33855000,17,33867000,4,33854000,11,33868000,7,33853000,7,33869000,6,33852000,12,33870000,7,33851000,11,33871000,7
33857000,2,33859000,1,33856000,4,33860000,3,33855000,11,33861000,6,33854000,7,33862000,5,33853000,5,33863000,4,33852000,6,33864000,5,33851000,8,33865000,7,33850000,8,33866000,6,33849000,8,33867000,4,33848000,8,33868000,9
33857000,2,33859000,1,33856000,4,33860000,3,33855000,12,33861000,6,33854000,7,33862000,5,33853000,5,33863000,5,33852000,6,33864000,5,33851000,8,33865000,7,33850000,8,33866000,6,33849000,8,33867000,4,33848000,8,33868000,8
33857000,1,33859000,3,33856000,3,33860000,4,33855000,11,33861000,8,33854000,7,33862000,3,33853000,4,33863000,6,33852000,6,33864000,4,33851000,7,33865000,8,33850000,8,33866000,6,33849000,8,33867000,4,33848000,8,33868000,12
33854000,3,33857000,5,33853000,3,33858000,5,33852000,5,33859000,3,33851000,8,33860000,6,33850000,8,33861000,12,33849000,10,33862000,5,33848000,9,33863000,8,33847000,10,33864000,6,33846000,16,33865000,6,33845000,7,33866000,6
33858000,2,33859000,1,33857000,1,33860000,6,33856000,6,33861000,9,33855000,7,33862000,2,33854000,3,33863000,6,33853000,6,33864000,7,33852000,4,33865000,6,33851000,6,33866000,6,33850000,8,33867000,6,33849000,8,33868000,15
33855000,5,33857000,4,33854000,4,33858000,3,33853000,3,33859000,5,33852000,4,33860000,6,33851000,6,33861000,9,33850000,8,33862000,2,33849000,8,33863000,6,33848000,8,33864000,8,33847000,9,33865000,6,33846000,11,33866000,6
33852000,4,33854000,1,33851000,4,33855000,3,33850000,5,33856000,4,33849000,9,33857000,5,33848000,7,33858000,3,33847000,9,33859000,6,33846000,11,33860000,7,33845000,7,33861000,10,33844000,7,33862000,4,33843000,6,33863000,6
33852000,2,33855000,5,33851000,4,33856000,5,33850000,4,33857000,3,33849000,7,33858000,3,33848000,7,33859000,6,33847000,11,33860000,7,33846000,11,33861000,10,33845000,7,33862000,4,33844000,7,33863000,6,33843000,6,33864000,6
33856000,3,33859000,3,33855000,2,33860000,4,33854000,4,33861000,9,33853000,6,33862000,2,33852000,8,33863000,7,33851000,7,33864000,6,33850000,13,33865000,6,33849000,7,33866000,6,33848000,8,33867000,6,33847000,10,33868000,15
33855000,2,33856000,3,33854000,5,33857000,4,33853000,7,33858000,4,33852000,5,33859000,3,33851000,10,33860000,6,33850000,55,33861000,10,33849000,7,33862000,5,33848000,8,33863000,10,33847000,10,33864000,6,33846000,9,33865000,6
33855000,3,33857000,4,33854000,3,33858000,17,33853000,7,33859000,9,33852000,5,33860000,5,33851000,9,33861000,11,33850000,57,33862000,10,33849000,8,33863000,11,33848000,9,33864000,7,33847000,10,33865000,7,33846000,9,33866000,6
33850000,54,33851000,1,33849000,3,33852000,2,33848000,4,33853000,3,33847000,10,33854000,7,33846000,8,33855000,4,33845000,8,33856000,6,33844000,8,33857000,24,33843000,6,33858000,21,33842000,6,33859000,14,33841000,6,33860000,10
33848000,4,33851000,4,33847000,8,33852000,3,33846000,5,33853000,5,33845000,8,33854000,11,33844000,6,33855000,9,33843000,8,33856000,11,33842000,7,33857000,24,33841000,5,33858000,21,33840000,7,33859000,13,33839000,5,33860000,10
33844000,4,33845000,10,33843000,4,33846000,10,33842000,5,33847000,10,33841000,5,33848000,4,33840000,8,33849000,17,33839000,8,33850000,23,33838000,10,33851000,17,33837000,6,33852000,15,33836000,5,33853000,9,33835000,6,33854000,14
33839000,4,33841000,2,33838000,8,33842000,10,33837000,7,33843000,22,33836000,6,33844000,6,33835000,7,33845000,24,33834000,6,33846000,13,33833000,7,33847000,12,33832000,8,33848000,8,33831000,3,33849000,19,33830000,12,33850000,25
33839000,1,33841000,6,33838000,4,33842000,22,33837000,7,33843000,22,33836000,5,33844000,8,33835000,6,33845000,24,33834000,7,33846000,15,33833000,7,33847000,13,33832000,8,33848000,9,33831000,3,33849000,19,33830000,12,33850000,24
33842000,2,33844000,2,33841000,8,33845000,22,33840000,8,33846000,12,33839000,5,33847000,11,33838000,6,33848000,8,33837000,10,33849000,21,33836000,7,33850000,25,33835000,8,33851000,14,33834000,7,33852000,14,33833000,6,33853000,8
33846000,2,33848000,3,33845000,4,33849000,15,33844000,4,33850000,20,33843000,7,33851000,13,33842000,6,33852000,13,33841000,12,33853000,9,33840000,12,33854000,12,33839000,8,33855000,7,33838000,8,33856000,12,33837000,8,33857000,23
33843000,5,33844000,1,33842000,6,33845000,1,33841000,9,33846000,12,33840000,48,33847000,5,33839000,5,33848000,6,33838000,7,33849000,12,33837000,9,33850000,22,33836000,7,33851000,13,33835000,7,33852000,15,33834000,6,33853000,9
33841000,6,33843000,4,33840000,47,33844000,12,33839000,5,33845000,3,33838000,5,33846000,20,33837000,8,33847000,5,33836000,8,33848000,9,33835000,9,33849000,15,33834000,6,33850000,24,33833000,7,33851000,13,33832000,8,33852000,14
33843000,1,33844000,12,33842000,3,33845000,1,33841000,5,33846000,20,33840000,7,33847000,6,33839000,6,33848000,7,33838000,8,33849000,17,33837000,9,33850000,23,33836000,10,33851000,12,33835000,9,33852000,14,33834000,7,33853000,10
33846000,2,33847000,4,33844000,2,33848000,6,33843000,4,33849000,11,33842000,5,33850000,21,33841000,7,33851000,12,33840000,9,33852000,15,33839000,9,33853000,8,33838000,9,33854000,11,33837000,9,33855000,7,33836000,9,33856000,12
33845000,3,33848000,6,33844000,3,33849000,11,33843000,5,33850000,21,33842000,6,33851000,12,33841000,8,33852000,14,33840000,8,33853000,8,33839000,9,33854000,11,33838000,9,33855000,7,33837000,9,33856000,12,33836000,8,33857000,23
33844000,3,33847000,6,33843000,5,33848000,6,33842000,6,33849000,11,33841000,8,33850000,21,33840000,8,33851000,13,33839000,9,33852000,14,33838000,9,33853000,8,33837000,9,33854000,11,33836000,8,33855000,7,33835000,8,33856000,12
33845000,1,33847000,1,33844000,3,33848000,6,33843000,5,33849000,11,33842000,6,33850000,20,33841000,7,33851000,12,33840000,7,33852000,14,33839000,9,33853000,9,33838000,9,33854000,12,33837000,9,33855000,7,33836000,8,33856000,12
33846000,1,33847000,1,33845000,2,33848000,6,33844000,3,33849000,11,33843000,4,33850000,27,33842000,6,33851000,13,33841000,5,33852000,15,33840000,7,33853000,9,33839000,9,33854000,12,33838000,9,33855000,7,33837000,9,33856000,12
33848000,4,33850000,25,33847000,7,33851000,10,33846000,6,33852000,11,33845000,4,33853000,8,33844000,7,33854000,11,33843000,6,33855000,8,33842000,10,33856000,12,33841000,7,33857000,23,33840000,8,33858000,23,33839000,9,33859000,14
33851000,3,33853000,2,33850000,8,33854000,6,33849000,12,33855000,4,33848000,7,33856000,11,33847000,10,33857000,23,33846000,10,33858000,22,33845000,6,33859000,13,33844000,9,33860000,9,33843000,7,33861000,11,33842000,8,33862000,13
33853000,5,33855000,2,33852000,3,33856000,9,33851000,4,33857000,21,33850000,8,33858000,21,33849000,13,33859000,12,33848000,9,33860000,9,33847000,11,33861000,13,33846000,12,33862000,14,33845000,6,33863000,9,33844000,9,33864000,7
33851000,1,33853000,2,33850000,9,33854000,3,33849000,12,33855000,4,33848000,5,33856000,4,33847000,5,33857000,6,33846000,6,33858000,12,33845000,7,33859000,8,33844000,9,33860000,7,33843000,7,33861000,10,33842000,7,33862000,12
33850000,5,33852000,4,33849000,12,33853000,4,33848000,5,33854000,4,33847000,5,33855000,5,33846000,6,33856000,3,33845000,7,33857000,8,33844000,9,33858000,12,33843000,7,33859000,8,33842000,7,33860000,8,33841000,10,33861000,10
33847000,3,33848000,2,33846000,4,33849000,4,33845000,5,33850000,4,33844000,6,33851000,5,33843000,8,33852000,5,33842000,7,33853000,5,33841000,7,33854000,7,33840000,8,33855000,7,33839000,8,33856000,10,33838000,10,33857000,7
33847000,8,33850000,2,33846000,6,33851000,6,33845000,4,33852000,5,33844000,6,33853000,5,33843000,8,33854000,8,33842000,7,33855000,7,33841000,7,33856000,9,33840000,8,33857000,8,33839000,8,33858000,13,33838000,9,33859000,7
33847000,2,33850000,4,33846000,6,33851000,7,33845000,5,33852000,3,33844000,7,33853000,4,33843000,6,33854000,6,33842000,8,33855000,8,33841000,6,33856000,9,33840000,8,33857000,9,33839000,8,33858000,13,33838000,10,33859000,11
33845000,3,33848000,3,33844000,4,33849000,3,33843000,4,33850000,4,33842000,8,33851000,6,33841000,6,33852000,6,33840000,8,33853000,5,33839000,8,33854000,10,33838000,9,33855000,8,33837000,7,33856000,10,33836000,8,33857000,8
33851000,2,33853000,1,33850000,4,33854000,4,33849000,4,33855000,5,33848000,4,33856000,8,33847000,8,33857000,9,33846000,7,33858000,16,33845000,10,33859000,13,33844000,9,33860000,49,33843000,7,33861000,9,33842000,8,33862000,11
33858000,1,33859000,2,33857000,4,33860000,44,33856000,5,33861000,7,33855000,5,33862000,5,33854000,6,33863000,6,33853000,6,33864000,8,33852000,8,33865000,8,33851000,9,33866000,7,33850000,9,33867000,8,33849000,9,33868000,17
33860000,4,33861000,3,33859000,3,33862000,3,33858000,3,33863000,5,33857000,4,33864000,8,33856000,5,33865000,8,33855000,6,33866000,8,33854000,7,33867000,8,33853000,7,33868000,17,33852000,9,33869000,8,33851000,9,33870000,7
33858000,4,33860000,40,33857000,4,33861000,1,33856000,5,33862000,4,33855000,7,33863000,3,33854000,8,33864000,7,33853000,6,33865000,11,33852000,9,33866000,8,33851000,9,33867000,9,33850000,8,33868000,17,33849000,8,33869000,8
33855000,2,33857000,2,33854000,7,33858000,6,33853000,4,33859000,8,33852000,6,33860000,42,33851000,7,33861000,5,33850000,8,33862000,8,33849000,9,33863000,9,33848000,9,33864000,9,33847000,7,33865000,12,33846000,11,33866000,8
33857000,1,33858000,2,33856000,1,33859000,6,33855000,4,33860000,45,33854000,8,33861000,5,33853000,4,33862000,7,33852000,6,33863000,9,33851000,9,33864000,8,33850000,9,33865000,12,33849000,10,33866000,8,33848000,10,33867000,8
33861000,1,33862000,2,33860000,1,33863000,5,33859000,6,33864000,6,33858000,2,33865000,12,33857000,4,33866000,7,33856000,4,33867000,7,33855000,5,33868000,17,33854000,12,33869000,7,33853000,8,33870000,11,33852000,12,33871000,7
33857000,2,33858000,1,33856000,4,33859000,2,33855000,4,33860000,5,33854000,7,33861000,5,33853000,4,33862000,7,33852000,19,33863000,6,33851000,18,33864000,7,33850000,23,33865000,12,33849000,19,33866000,9,33848000,20,33867000,9
33858000,1,33860000,4,33857000,5,33861000,6,33856000,5,33862000,8,33855000,4,33863000,8,33854000,8,33864000,6,33853000,5,33865000,8,33852000,9,33866000,8,33851000,9,33867000,11,33850000,24,33868000,17,33849000,19,33869000,7
33856000,3,33857000,2,33855000,4,33858000,3,33854000,6,33859000,6,33853000,3,33860000,5,33852000,7,33861000,6,33851000,8,33862000,7,33850000,13,33863000,8,33849000,9,33864000,12,33848000,8,33865000,7,33847000,7,33866000,9
33856000,4,33859000,4,33855000,4,33860000,5,33854000,5,33861000,6,33853000,3,33862000,9,33852000,7,33863000,9,33851000,7,33864000,10,33850000,11,33865000,6,33849000,10,33866000,7,33848000,8,33867000,7,33847000,7,33868000,14
33856000,1,33858000,4,33855000,4,33859000,5,33854000,5,33860000,5,33853000,4,33861000,6,33852000,6,33862000,8,33851000,7,33863000,9,33850000,12,33864000,6,33849000,10,33865000,6,33848000,8,33866000,7,33847000,7,33867000,7
33860000,4,33862000,3,33859000,6,33863000,7,33858000,5,33864000,8,33857000,4,33865000,8,33856000,6,33866000,6,33855000,7,33867000,8,33854000,7,33868000,14,33853000,7,33869000,7,33852000,7,33870000,13,33851000,6,33871000,7
33861000,4,33863000,1,33860000,3,33864000,3,33859000,3,33865000,5,33858000,6,33866000,4,33857000,9,33867000,7,33856000,7,33868000,15,33855000,9,33869000,6,33854000,8,33870000,12,33853000,6,33871000,7,33852000,8,33872000,12
33867000,1,33868000,4,33866000,4,33869000,3,33865000,4,33870000,10,33864000,6,33871000,8,33863000,5,33872000,9,33862000,8,33873000,7,33861000,7,33874000,8,33860000,7,33875000,16,33859000,7,33876000,6,33858000,7,33877000,11
33862000,4,33864000,1,33861000,6,33865000,5,33860000,6,33866000,5,33859000,9,33867000,6,33858000,8,33868000,6,33857000,8,33869000,5,33856000,7,33870000,10,33855000,8,33871000,6,33854000,9,33872000,12,33853000,10,33873000,7
33865000,1,33867000,3,33864000,3,33868000,6,33863000,4,33869000,6,33862000,4,33870000,8,33861000,7,33871000,6,33860000,6,33872000,11,33859000,9,33873000,7,33858000,8,33874000,8,33857000,8,33875000,11,33856000,7,33876000,16
33868000,2,33870000,4,33867000,3,33871000,5,33866000,2,33872000,12,33865000,5,33873000,17,33864000,6,33874000,17,33863000,10,33875000,17,33862000,6,33876000,21,33861000,8,33877000,27,33860000,10,33878000,29,33859000,8,33879000,19
33866000,3,33868000,6,33865000,5,33869000,3,33864000,6,33870000,4,33863000,9,33871000,4,33862000,5,33872000,18,33861000,8,33873000,18,33860000,10,33874000,17,33859000,8,33875000,17,33858000,8,33876000,21,33857000,8,33877000,27
33867000,2,33869000,1,33866000,6,33870000,5,33865000,5,33871000,4,33864000,6,33872000,18,33863000,10,33873000,17,33862000,6,33874000,18,33861000,8,33875000,17,33860000,10,33876000,21,33859000,9,33877000,27,33858000,8,33878000,28
33871000,1,33872000,1,33870000,3,33873000,4,33869000,5,33874000,6,33868000,5,33875000,4,33867000,6,33876000,8,33866000,6,33877000,12,33865000,10,33878000,17,33864000,10,33879000,6,33863000,11,33880000,8,33862000,7,33881000,6
33870000,3,33873000,3,33869000,6,33874000,6,33868000,5,33875000,3,33867000,7,33876000,5,33866000,7,33877000,10,33865000,10,33878000,16,33864000,10,33879000,10,33863000,9,33880000,9,33862000,6,33881000,7,33861000,9,33882000,7
33871000,2,33872000,2,33870000,4,33873000,2,33869000,5,33874000,6,33868000,5,33875000,6,33867000,8,33876000,6,33866000,7,33877000,11,33865000,10,33878000,16,33864000,10,33879000,10,33863000,8,33880000,9,33862000,6,33881000,7
33873000,3,33875000,1,33872000,5,33876000,4,33871000,5,33877000,9,33870000,3,33878000,15,33869000,7,33879000,7,33868000,7,33880000,8,33867000,8,33881000,7,33866000,18,33882000,8,33865000,20,33883000,6,33864000,19,33884000,9
33876000,2,33878000,6,33875000,7,33879000,5,33874000,6,33880000,8,33873000,5,33881000,6,33872000,6,33882000,6,33871000,7,33883000,6,33870000,6,33884000,8,33869000,7,33885000,9,33868000,7,33886000,8,33867000,7,33887000,6
33875000,7,33877000,2,33874000,5,33878000,13,33873000,5,33879000,4,33872000,6,33880000,7,33871000,7,33881000,6,33870000,6,33882000,6,33869000,7,33883000,6,33868000,7,33884000,8,33867000,7,33885000,9,33866000,7,33886000,8
33873000,4,33875000,4,33872000,2,33876000,6,33871000,6,33877000,7,33870000,5,33878000,13,33869000,8,33879000,5,33868000,6,33880000,8,33867000,7,33881000,7,33866000,7,33882000,7,33865000,9,33883000,6,33864000,10,33884000,8
33875000,1,33876000,4,33874000,5,33877000,7,33873000,3,33878000,12,33872000,3,33879000,6,33871000,5,33880000,9,33870000,5,33881000,7,33869000,7,33882000,6,33868000,8,33883000,6,33867000,7,33884000,8,33866000,7,33885000,9
33877000,3,33878000,6,33876000,3,33879000,3,33875000,4,33880000,6,33874000,6,33881000,5,33873000,5,33882000,6,33872000,7,33883000,6,33871000,9,33884000,8,33870000,5,33885000,10,33869000,12,33886000,7,33868000,15,33887000,6
33881000,3,33882000,2,33880000,3,33883000,3,33879000,4,33884000,7,33878000,1,33885000,10,33877000,4,33886000,6,33876000,5,33887000,6,33875000,6,33888000,7,33874000,7,33889000,5,33873000,6,33890000,14,33872000,9,33891000,5
33878000,3,33880000,2,33877000,4,33881000,6,33876000,7,33882000,3,33875000,8,33883000,4,33874000,6,33884000,7,33873000,6,33885000,11,33872000,9,33886000,8,33871000,14,33887000,7,33870000,10,33888000,7,33869000,21,33889000,5
33878000,2,33880000,2,33877000,4,33881000,6,33876000,6,33882000,3,33875000,8,33883000,5,33874000,7,33884000,6,33873000,6,33885000,10,33872000,9,33886000,9,33871000,14,33887000,7,33870000,10,33888000,7,33869000,11,33889000,5
33878000,4,33880000,1,33877000,4,33881000,2,33876000,6,33882000,3,33875000,9,33883000,5,33874000,6,33884000,5,33873000,6,33885000,10,33872000,9,33886000,8,33871000,14,33887000,7,33870000,10,33888000,7,33869000,11,33889000,5
33875000,2,33877000,2,33874000,4,33878000,2,33873000,5,33879000,4,33872000,12,33880000,6,33871000,14,33881000,6,33870000,11,33882000,8,33869000,10,33883000,8,33868000,15,33884000,7,33867000,7,33885000,9,33866000,9,33886000,7
33877000,2,33878000,1,33876000,2,33879000,4,33875000,4,33880000,7,33874000,4,33881000,6,33873000,6,33882000,8,33872000,11,33883000,8,33871000,12,33884000,7,33870000,11,33885000,9,33869000,10,33886000,7,33868000,15,33887000,7
33878000,5,33881000,4,33877000,2,33882000,6,33876000,3,33883000,7,33875000,6,33884000,5,33874000,5,33885000,9,33873000,6,33886000,7,33872000,13,33887000,7,33871000,13,33888000,20,33870000,11,33889000,10,33869000,10,33890000,15
33878000,4,33880000,2,33877000,2,33881000,4,33876000,5,33882000,5,33875000,6,33883000,6,33874000,5,33884000,4,33873000,6,33885000,9,33872000,13,33886000,6,33871000,13,33887000,7,33870000,12,33888000,20,33869000,10,33889000,10
33879000,1,33881000,3,33878000,4,33882000,4,33877000,2,33883000,6,33876000,5,33884000,4,33875000,6,33885000,9,33874000,5,33886000,6,33873000,6,33887000,7,33872000,13,33888000,20,33871000,13,33889000,10,33870000,12,33890000,15
33880000,2,33882000,3,33879000,3,33883000,3,33878000,4,33884000,4,33877000,2,33885000,8,33876000,6,33886000,6,33875000,6,33887000,7,33874000,5,33888000,20,33873000,6,33889000,10,33872000,12,33890000,15,33871000,13,33891000,14
33881000,3,33883000,3,33880000,7,33884000,4,33879000,5,33885000,5,33878000,6,33886000,4,33877000,5,33887000,7,33876000,8,33888000,10,33875000,5,33889000,7,33874000,6,33890000,12,33873000,6,33891000,4,33872000,12,33892000,5
33878000,2,33880000,2,33877000,3,33881000,4,33876000,5,33882000,3,33875000,7,33883000,5,33874000,10,33884000,3,33873000,6,33885000,6,33872000,12,33886000,5,33871000,13,33887000,9,33870000,12,33888000,12,33869000,10,33889000,6
33879000,3,33882000,3,33878000,4,33883000,4,33877000,4,33884000,3,33876000,5,33885000,6,33875000,7,33886000,6,33874000,10,33887000,9,33873000,6,33888000,11,33872000,13,33889000,6,33871000,13,33890000,11,33870000,12,33891000,4
33879000,2,33881000,3,33878000,3,33882000,5,33877000,4,33883000,5,33876000,6,33884000,3,33875000,7,33885000,6,33874000,10,33886000,6,33873000,6,33887000,9,33872000,12,33888000,11,33871000,13,33889000,6,33870000,11,33890000,11
33875000,2,33876000,1,33874000,9,33877000,2,33873000,6,33878000,4,33872000,11,33879000,6,33871000,12,33880000,6,33870000,13,33881000,5,33869000,10,33882000,6,33868000,16,33883000,5,33867000,8,33884000,5,33866000,9,33885000,7
33873000,2,33875000,4,33872000,10,33876000,8,33871000,11,33877000,6,33870000,10,33878000,6,33869000,11,33879000,6,33868000,16,33880000,5,33867000,8,33881000,7,33866000,7,33882000,8,33865000,8,33883000,5,33864000,8,33884000,5
33870000,6,33872000,3,33869000,8,33873000,4,33868000,13,33874000,11,33867000,7,33875000,8,33866000,6,33876000,9,33865000,6,33877000,5,33864000,7,33878000,9,33863000,5,33879000,8,33862000,5,33880000,7,33861000,4,33881000,6
33867000,3,33868000,2,33866000,5,33869000,4,33865000,6,33870000,3,33864000,4,33871000,5,33863000,6,33872000,4,33862000,5,33873000,14,33861000,4,33874000,17,33860000,10,33875000,10,33859000,4,33876000,12,33858000,7,33877000,8
33867000,4,33869000,5,33866000,3,33870000,3,33865000,5,33871000,17,33864000,5,33872000,8,33863000,6,33873000,16,33862000,5,33874000,18,33861000,4,33875000,11,33860000,10,33876000,12,33859000,4,33877000,7,33858000,6,33878000,8
33866000,3,33867000,1,33865000,5,33868000,3,33864000,5,33869000,29,33863000,6,33870000,13,33862000,5,33871000,17,33861000,4,33872000,8,33860000,10,33873000,15,33859000,4,33874000,17,33858000,6,33875000,11,33857000,6,33876000,12
33865000,4,33867000,3,33864000,4,33868000,23,33863000,5,33869000,33,33862000,4,33870000,13,33861000,5,33871000,18,33860000,10,33872000,8,33859000,4,33873000,16,33858000,6,33874000,18,33857000,6,33875000,11,33856000,7,33876000,12
33866000,4,33869000,3,33865000,4,33870000,14,33864000,4,33871000,18,33863000,7,33872000,9,33862000,5,33873000,17,33861000,7,33874000,18,33860000,11,33875000,11,33859000,6,33876000,12,33858000,8,33877000,7,33857000,7,33878000,8
33866000,2,33867000,1,33865000,3,33868000,3,33864000,4,33869000,4,33863000,5,33870000,5,33862000,5,33871000,5,33861000,5,33872000,5,33860000,9,33873000,7,33859000,5,33874000,7,33858000,6,33875000,11,33857000,6,33876000,12
33867000,1,33869000,4,33866000,3,33870000,5,33865000,3,33871000,5,33864000,4,33872000,5,33863000,5,33873000,7,33862000,7,33874000,7,33861000,5,33875000,11,33860000,9,33876000,12,33859000,4,33877000,8,33858000,6,33878000,8
33870000,2,33872000,1,33869000,6,33873000,3,33868000,5,33874000,4,33867000,3,33875000,11,33866000,3,33876000,12,33865000,5,33877000,8,33864000,5,33878000,8,33863000,6,33879000,6,33862000,8,33880000,7,33861000,5,33881000,5
33873000,2,33876000,3,33872000,3,33877000,8,33871000,4,33878000,6,33870000,2,33879000,7,33869000,7,33880000,6,33868000,7,33881000,5,33867000,4,33882000,7,33866000,6,33883000,5,33865000,6,33884000,5,33864000,6,33885000,9
33872000,2,33874000,1,33871000,6,33875000,5,33870000,2,33876000,5,33869000,6,33877000,4,33868000,7,33878000,5,33867000,4,33879000,7,33866000,6,33880000,6,33865000,5,33881000,5,33864000,6,33882000,7,33863000,7,33883000,5
33873000,2,33875000,4,33872000,6,33876000,7,33871000,5,33877000,5,33870000,3,33878000,6,33869000,5,33879000,7,33868000,8,33880000,7,33867000,4,33881000,5,33866000,7,33882000,7,33865000,5,33883000,6,33864000,6,33884000,5
33876000,3,33878000,2,33875000,5,33879000,5,33874000,7,33880000,6,33873000,2,33881000,9,33872000,5,33882000,8,33871000,5,33883000,7,33870000,5,33884000,5,33869000,4,33885000,6,33868000,8,33886000,7,33867000,4,33887000,9
33879000,5,33881000,1,33878000,6,33882000,3,33877000,4,33883000,7,33876000,4,33884000,3,33875000,5,33885000,9,33874000,9,33886000,8,33873000,5,33887000,8,33872000,6,33888000,7,33871000,7,33889000,6,33870000,85,33890000,11
33882000,6,33885000,5,33881000,7,33886000,4,33880000,3,33887000,5,33879000,5,33888000,7,33878000,5,33889000,7,33877000,5,33890000,11,33876000,6,33891000,4,33875000,5,33892000,5,33874000,5,33893000,5,33873000,4,33894000,15
33880000,3,33882000,1,33879000,5,33883000,4,33878000,3,33884000,4,33877000,3,33885000,6,33876000,5,33886000,4,33875000,5,33887000,7,33874000,4,33888000,8,33873000,4,33889000,6,33872000,5,33890000,11,33871000,6,33891000,4
33879000,3,33882000,3,33878000,4,33883000,5,33877000,2,33884000,4,33876000,6,33885000,7,33875000,6,33886000,6,33874000,5,33887000,5,33873000,3,33888000,7,33872000,5,33889000,5,33871000,6,33890000,10,33870000,85,33891000,4
33879000,2,33881000,1,33878000,2,33882000,3,33877000,3,33883000,5,33876000,4,33884000,4,33875000,4,33885000,10,33874000,5,33886000,5,33873000,5,33887000,6,33872000,6,33888000,6,33871000,6,33889000,5,33870000,85,33890000,10
33875000,2,33879000,1,33874000,3,33880000,1,33873000,3,33881000,4,33872000,3,33882000,3,33871000,6,33883000,4,33870000,85,33884000,4,33869000,3,33885000,9,33868000,11,33886000,5,33867000,8,33887000,5,33866000,9,33888000,5
33877000,2,33883000,2,33876000,4,33884000,4,33875000,3,33885000,8,33874000,3,33886000,3,33873000,4,33887000,5,33872000,3,33888000,6,33871000,6,33889000,4,33870000,84,33890000,9,33869000,3,33891000,3,33868000,11,33892000,3
33877000,2,33883000,1,33876000,5,33884000,4,33875000,3,33885000,8,33874000,3,33886000,3,33873000,4,33887000,5,33872000,3,33888000,6,33871000,6,33889000,4,33870000,84,33890000,9,33869000,3,33891000,3,33868000,11,33892000,3
33883000,1,33884000,2,33882000,1,33885000,7,33881000,2,33886000,2,33880000,3,33887000,5,33879000,2,33888000,5,33878000,3,33889000,4,33877000,4,33890000,9,33876000,6,33891000,3,33875000,3,33892000,3,33874000,4,33893000,3
33880000,1,33883000,2,33879000,1,33884000,4,33878000,3,33885000,5,33877000,4,33886000,2,33876000,5,33887000,5,33875000,4,33888000,5,33874000,4,33889000,4,33873000,3,33890000,10,33872000,4,33891000,3,33871000,5,33892000,3
33883000,1,33884000,2,33882000,1,33885000,4,33881000,11,33886000,3,33880000,1,33887000,5,33879000,3,33888000,5,33878000,4,33889000,4,33877000,5,33890000,10,33876000,11,33891000,3,33875000,84,33892000,3,33874000,4,33893000,3
33880000,2,33882000,3,33879000,2,33883000,1,33878000,3,33884000,7,33877000,4,33885000,2,33876000,6,33886000,3,33875000,83,33887000,4,33874000,5,33888000,6,33873000,3,33889000,4,33872000,3,33890000,11,33871000,2,33891000,3
33880000,3,33884000,8,33879000,2,33885000,3,33878000,3,33886000,4,33877000,5,33887000,5,33876000,8,33888000,5,33875000,84,33889000,4,33874000,4,33890000,11,33873000,4,33891000,3,33872000,3,33892000,3,33871000,2,33893000,3
33888000,1,33889000,3,33885000,2,33890000,10,33884000,3,33891000,4,33883000,2,33892000,7,33882000,2,33893000,3,33881000,8,33894000,14,33880000,3,33895000,4,33879000,4,33896000,3,33878000,5,33897000,3,33877000,3,33898000,8
33885000,3,33887000,1,33884000,2,33888000,5,33883000,3,33889000,3,33882000,3,33890000,9,33881000,7,33891000,3,33880000,3,33892000,8,33879000,4,33893000,3,33878000,6,33894000,14,33877000,3,33895000,4,33876000,9,33896000,3
33883000,4,33885000,1,33882000,3,33886000,1,33881000,6,33887000,2,33880000,3,33888000,5,33879000,4,33889000,3,33878000,6,33890000,11,33877000,3,33891000,4,33876000,6,33892000,9,33875000,84,33893000,3,33874000,5,33894000,14
33884000,2,33885000,1,33883000,2,33886000,1,33882000,3,33887000,2,33881000,3,33888000,6,33880000,2,33889000,4,33879000,5,33890000,11,33878000,5,33891000,4,33877000,3,33892000,9,33876000,6,33893000,4,33875000,84,33894000,14
33885000,4,33887000,3,33884000,3,33888000,4,33883000,1,33889000,3,33882000,5,33890000,11,33881000,6,33891000,4,33880000,3,33892000,8,33879000,4,33893000,4,33878000,6,33894000,14,33877000,3,33895000,4,33876000,7,33896000,3
33885000,5,33887000,2,33884000,2,33888000,3,33883000,1,33889000,3,33882000,6,33890000,11,33881000,4,33891000,4,33880000,5,33892000,8,33879000,4,33893000,5,33878000,6,33894000,14,33877000,3,33895000,4,33876000,6,33896000,3
33882000,3,33884000,1,33881000,5,33885000,1,33880000,84,33886000,5,33879000,2,33887000,2,33878000,5,33888000,6,33877000,4,33889000,5,33876000,8,33890000,12,33875000,5,33891000,5,33874000,5,33892000,5,33873000,3,33893000,4
33883000,3,33885000,2,33882000,4,33886000,2,33881000,5,33887000,1,33880000,83,33888000,6,33879000,3,33889000,4,33878000,6,33890000,12,33877000,4,33891000,5,33876000,9,33892000,5,33875000,5,33893000,4,33874000,4,33894000,14
33887000,2,33888000,2,33886000,1,33889000,2,33885000,6,33890000,9,33884000,7,33891000,4,33883000,3,33892000,4,33882000,48,33893000,6,33881000,45,33894000,15,33880000,6,33895000,4,33879000,4,33896000,3,33878000,6,33897000,3
33885000,3,33886000,1,33884000,3,33887000,2,33883000,5,33888000,2,33882000,85,33889000,4,33881000,3,33890000,8,33880000,5,33891000,4,33879000,4,33892000,5,33878000,6,33893000,6,33877000,3,33894000,17,33876000,6,33895000,5
33887000,12,33889000,4,33886000,2,33890000,9,33885000,2,33891000,3,33884000,6,33892000,4,33883000,6,33893000,5,33882000,87,33894000,16,33881000,5,33895000,5,33880000,6,33896000,3,33879000,4,33897000,3,33878000,7,33898000,8
33886000,3,33889000,3,33885000,3,33890000,7,33884000,4,33891000,3,33883000,4,33892000,6,33882000,85,33893000,4,33881000,6,33894000,16,33880000,6,33895000,5,33879000,4,33896000,4,33878000,6,33897000,3,33877000,3,33898000,8
33885000,4,33887000,3,33884000,2,33888000,4,33883000,3,33889000,3,33882000,84,33890000,8,33881000,5,33891000,3,33880000,4,33892000,7,33879000,5,33893000,6,33878000,7,33894000,17,33877000,3,33895000,5,33876000,6,33896000,4
33886000,1,33889000,2,33885000,2,33890000,8,33884000,2,33891000,3,33883000,4,33892000,6,33882000,85,33893000,5,33881000,6,33894000,16,33880000,4,33895000,5,33879000,5,33896000,4,33878000,7,33897000,3,33877000,3,33898000,18
33886000,4,33889000,5,33885000,3,33890000,8,33884000,1,33891000,3,33883000,4,33892000,6,33882000,86,33893000,7,33881000,5,33894000,16,33880000,5,33895000,3,33879000,4,33896000,4,33878000,9,33897000,2,33877000,3,33898000,23
33886000,3,33888000,2,33885000,3,33889000,4,33884000,1,33890000,6,33883000,4,33891000,3,33882000,87,33892000,4,33881000,4,33893000,8,33880000,5,33894000,16,33879000,4,33895000,3,33878000,8,33896000,4,33877000,3,33897000,2
33884000,5,33887000,4,33883000,4,33888000,3,33882000,83,33889000,4,33881000,2,33890000,7,33880000,5,33891000,5,33879000,5,33892000,5,33878000,9,33893000,7,33877000,4,33894000,16,33876000,6,33895000,2,33875000,4,33896000,13
33886000,5,33887000,2,33885000,1,33888000,2,33884000,3,33889000,5,33883000,83,33890000,6,33882000,4,33891000,5,33881000,6,33892000,5,33880000,5,33893000,7,33879000,7,33894000,16,33878000,10,33895000,2,33877000,4,33896000,3
33886000,2,33889000,3,33885000,6,33890000,7,33884000,7,33891000,3,33883000,83,33892000,5,33882000,5,33893000,6,33881000,5,33894000,16,33880000,6,33895000,3,33879000,5,33896000,3,33878000,10,33897000,2,33877000,3,33898000,8
33889000,3,33892000,2,33888000,4,33893000,5,33887000,3,33894000,13,33886000,3,33895000,3,33885000,5,33896000,4,33884000,11,33897000,4,33883000,86,33898000,9,33882000,9,33899000,4,33881000,5,33900000,10,33880000,5,33901000,3
33894000,2,33896000,2,33893000,5,33897000,4,33892000,5,33898000,7,33891000,5,33899000,3,33890000,4,33900000,10,33889000,4,33901000,4,33888000,3,33902000,4,33887000,6,33903000,5,33886000,5,33904000,3,33885000,5,33905000,3
33896000,3,33898000,2,33895000,2,33899000,3,33894000,5,33900000,9,33893000,5,33901000,4,33892000,6,33902000,4,33891000,8,33903000,6,33890000,4,33904000,3,33889000,4,33905000,3,33888000,4,33906000,12,33887000,5,33907000,3
33895000,2,33897000,1,33894000,3,33898000,3,33893000,5,33899000,4,33892000,7,33900000,7,33891000,7,33901000,5,33890000,5,33902000,4,33889000,4,33903000,6,33888000,4,33904000,5,33887000,5,33905000,3,33886000,5,33906000,12
33896000,2,33898000,3,33895000,6,33899000,4,33894000,3,33900000,7,33893000,5,33901000,4,33892000,4,33902000,5,33891000,5,33903000,6,33890000,5,33904000,4,33889000,4,33905000,3,33888000,4,33906000,12,33887000,5,33907000,3
33900000,1,33902000,3,33899000,1,33903000,6,33898000,3,33904000,3,33897000,3,33905000,5,33896000,5,33906000,12,33895000,7,33907000,3,33894000,5,33908000,4,33893000,5,33909000,2,33892000,5,33910000,6,33891000,4,33911000,2
33900000,2,33903000,4,33899000,1,33904000,3,33898000,4,33905000,4,33897000,4,33906000,12,33896000,5,33907000,3,33895000,7,33908000,4,33894000,6,33909000,2,33893000,5,33910000,6,33892000,5,33911000,2,33891000,4,33912000,3
33900000,2,33902000,2,33899000,1,33905000,1,33898000,4,33906000,8,33897000,4,33907000,3,33896000,5,33908000,4,33895000,7,33909000,2,33894000,6,33910000,6,33893000,5,33911000,2,33892000,5,33912000,3,33891000,4,33913000,4
33903000,5,33905000,1,33902000,2,33906000,2,33901000,6,33907000,3,33900000,3,33908000,4,33899000,4,33909000,2,33898000,7,33910000,7,33897000,3,33911000,2,33896000,5,33912000,3,33895000,6,33913000,4,33894000,5,33914000,5
33902000,1,33904000,2,33901000,6,33905000,3,33900000,2,33906000,4,33899000,4,33907000,4,33898000,7,33908000,4,33897000,3,33909000,3,33896000,6,33910000,8,33895000,6,33911000,2,33894000,5,33912000,3,33893000,4,33913000,4
33905000,1,33906000,4,33903000,2,33907000,4,33902000,6,33908000,3,33901000,7,33909000,3,33900000,3,33910000,9,33899000,5,33911000,2,33898000,5,33912000,3,33897000,3,33913000,4,33896000,6,33914000,5,33895000,4,33915000,3
33902000,6,33905000,3,33901000,4,33906000,4,33900000,5,33907000,3,33899000,4,33908000,3,33898000,5,33909000,7,33897000,3,33910000,10,33896000,6,33911000,3,33895000,4,33912000,4,33894000,5,33913000,4,33893000,4,33914000,8
33905000,2,33907000,3,33904000,3,33908000,3,33903000,1,33909000,6,33902000,4,33910000,6,33901000,5,33911000,3,33900000,4,33912000,3,33899000,4,33913000,5,33898000,6,33914000,8,33897000,3,33915000,3,33896000,5,33916000,6
33902000,2,33903000,1,33901000,4,33904000,4,33900000,4,33905000,4,33899000,4,33906000,3,33898000,6,33907000,4,33897000,3,33908000,4,33896000,5,33909000,7,33895000,6,33910000,10,33894000,5,33911000,3,33893000,4,33912000,4
33899000,1,33900000,3,33898000,4,33901000,9,33897000,2,33902000,5,33896000,5,33903000,3,33895000,7,33904000,5,33894000,5,33905000,5,33893000,4,33906000,4,33892000,6,33907000,6,33891000,4,33908000,6,33890000,7,33909000,7
33900000,5,33902000,2,33899000,4,33903000,2,33898000,3,33904000,2,33897000,4,33905000,5,33896000,6,33906000,4,33895000,7,33907000,6,33894000,4,33908000,6,33893000,4,33909000,7,33892000,6,33910000,7,33891000,4,33911000,3
33896000,2,33897000,1,33895000,4,33898000,3,33894000,3,33899000,3,33893000,5,33900000,3,33892000,6,33901000,4,33891000,4,33902000,4,33890000,6,33903000,8,33889000,4,33904000,7,33888000,4,33905000,10,33887000,4,33906000,5
33895000,3,33898000,2,33894000,4,33899000,1,33893000,3,33900000,5,33892000,8,33901000,4,33891000,4,33902000,6,33890000,6,33903000,7,33889000,4,33904000,7,33888000,5,33905000,9,33887000,3,33906000,5,33886000,5,33907000,5
33896000,2,33897000,1,33895000,1,33898000,2,33894000,2,33899000,1,33893000,3,33900000,5,33892000,6,33901000,5,33891000,4,33902000,6,33890000,5,33903000,7,33889000,6,33904000,7,33888000,4,33905000,9,33887000,3,33906000,5
33901000,1,33902000,1,33900000,5,33903000,1,33899000,5,33904000,3,33898000,1,33905000,9,33897000,4,33906000,5,33896000,5,33907000,7,33895000,3,33908000,6,33894000,4,33909000,7,33893000,4,33910000,7,33892000,6,33911000,3
33901000,1,33903000,1,33900000,4,33904000,3,33899000,3,33905000,9,33898000,2,33906000,4,33897000,4,33907000,7,33896000,4,33908000,6,33895000,3,33909000,7,33894000,4,33910000,7,33893000,4,33911000,3,33892000,6,33912000,4
33898000,1,33899000,2,33897000,2,33900000,4,33896000,5,33901000,2,33895000,2,33902000,3,33894000,5,33903000,4,33893000,4,33904000,4,33892000,6,33905000,10,33891000,4,33906000,6,33890000,6,33907000,6,33889000,4,33908000,6
33895000,2,33896000,1,33894000,4,33897000,1,33893000,3,33898000,4,33892000,6,33900000,4,33891000,4,33901000,3,33890000,6,33902000,3,33889000,4,33903000,4,33888000,4,33904000,4,33887000,3,33905000,10,33886000,5,33906000,6
33896000,1,33898000,2,33895000,6,33899000,1,33894000,6,33900000,3,33893000,5,33901000,4,33892000,8,33902000,4,33891000,4,33903000,4,33890000,5,33904000,4,33889000,5,33905000,9,33888000,4,33906000,6,33887000,3,33907000,6
33898000,4,33902000,5,33897000,4,33903000,4,33896000,1,33904000,5,33895000,4,33905000,9,33894000,3,33906000,6,33893000,4,33907000,7,33892000,7,33908000,6,33891000,4,33909000,7,33890000,6,33910000,6,33889000,4,33911000,3
33896000,2,33898000,2,33895000,4,33899000,1,33894000,3,33900000,2,33893000,4,33901000,1,33892000,6,33902000,4,33891000,4,33903000,14,33890000,6,33904000,6,33889000,4,33905000,9,33888000,4,33906000,7,33887000,4,33907000,6
33898000,4,33901000,2,33897000,2,33902000,2,33896000,6,33903000,5,33895000,6,33904000,3,33894000,5,33905000,9,33893000,5,33906000,4,33892000,6,33907000,9,33891000,4,33908000,6,33890000,6,33909000,4,33889000,4,33910000,6
33899000,3,33904000,11,33898000,3,33905000,18,33897000,2,33906000,9,33896000,4,33907000,18,33895000,5,33908000,16,33894000,5,33909000,13,33893000,4,33910000,16,33892000,6,33911000,13,33891000,4,33912000,16,33890000,6,33913000,17
33907000,1,33910000,2,33906000,3,33911000,3,33905000,5,33912000,3,33904000,5,33913000,6,33903000,6,33914000,6,33902000,5,33915000,3,33901000,7,33916000,4,33900000,4,33917000,2,33899000,4,33918000,9,33898000,5,33919000,4
33906000,4,33909000,3,33905000,4,33910000,2,33904000,4,33911000,2,33903000,5,33912000,4,33902000,5,33913000,6,33901000,7,33914000,6,33900000,4,33915000,3,33899000,4,33916000,4,33898000,5,33917000,2,33897000,3,33918000,9
33906000,4,33909000,3,33905000,4,33910000,2,33904000,4,33911000,2,33903000,5,33912000,4,33902000,5,33913000,6,33901000,7,33914000,6,33900000,4,33915000,3,33899000,4,33916000,4,33898000,5,33917000,2,33897000,3,33918000,9
33906000,4,33909000,3,33905000,4,33910000,2,33904000,4,33911000,2,33903000,5,33912000,4,33902000,5,33913000,6,33901000,7,33914000,6,33900000,4,33915000,3,33899000,4,33916000,4,33898000,5,33917000,2,33897000,3,33918000,9
33906000,4,33909000,3,33905000,4,33910000,2,33904000,4,33911000,2,33903000,5,33912000,4,33902000,5,33913000,6,33901000,7,33914000,6,33900000,4,33915000,3,33899000,4,33916000,4,33898000,5,33917000,2,33897000,3,33918000,9
33910000,3,33916000,3,33909000,1,33917000,3,33908000,3,33918000,3,33907000,3,33919000,3,33906000,5,33920000,13,33905000,5,33921000,2,33904000,4,33922000,4,33903000,4,33923000,2,33902000,4,33924000,2,33901000,6,33925000,3
33908000,4,33914000,3,33907000,3,33915000,3,33906000,5,33916000,4,33905000,5,33917000,3,33904000,4,33918000,3,33903000,4,33919000,3,33902000,4,33920000,14,33901000,5,33921000,2,33900000,3,33922000,4,33899000,3,33923000,2
33911000,2,33914000,4,33910000,4,33915000,3,33909000,1,33916000,3,33908000,4,33917000,4,33907000,4,33918000,5,33906000,5,33919000,5,33905000,6,33920000,16,33904000,5,33921000,3,33903000,5,33922000,5,33902000,4,33923000,3
33908000,4,33913000,3,33907000,3,33914000,5,33906000,5,33915000,3,33905000,6,33916000,3,33904000,4,33917000,5,33903000,5,33918000,6,33902000,4,33919000,5,33901000,6,33920000,16,33900000,4,33921000,3,33899000,4,33922000,5
33912000,1,33913000,2,33910000,1,33914000,5,33909000,3,33915000,3,33908000,3,33916000,4,33907000,4,33917000,5,33906000,4,33918000,5,33905000,7,33919000,5,33904000,3,33920000,16,33903000,5,33921000,3,33902000,4,33922000,5
33909000,1,33912000,2,33908000,3,33913000,4,33907000,4,33914000,3,33906000,5,33915000,4,33905000,7,33916000,3,33904000,4,33917000,5,33903000,4,33918000,6,33902000,4,33919000,5,33901000,6,33920000,16,33900000,4,33921000,3
33907000,3,33912000,3,33906000,4,33913000,4,33905000,7,33914000,3,33904000,3,33915000,4,33903000,4,33916000,4,33902000,4,33917000,5,33901000,6,33918000,6,33900000,4,33919000,5,33899000,4,33920000,16,33898000,6,33921000,3
33911000,2,33912000,5,33907000,3,33913000,6,33906000,3,33914000,4,33905000,5,33915000,5,33904000,3,33916000,4,33903000,4,33917000,5,33902000,4,33918000,6,33901000,5,33919000,5,33900000,5,33920000,16,33899000,4,33921000,3
33908000,3,33911000,2,33907000,3,33912000,3,33906000,3,33913000,6,33905000,5,33914000,5,33904000,3,33915000,4,33903000,5,33916000,4,33902000,4,33917000,5,33901000,5,33918000,5,33900000,4,33919000,5,33899000,4,33920000,16
33908000,3,33911000,3,33907000,3,33912000,2,33906000,3,33913000,5,33905000,5,33914000,5,33904000,3,33915000,4,33903000,5,33916000,4,33902000,4,33917000,5,33901000,5,33918000,5,33900000,4,33919000,5,33899000,4,33920000,16
33914000,1,33915000,4,33912000,4,33916000,4,33911000,11,33917000,4,33910000,4,33918000,3,33909000,4,33919000,6,33908000,8,33920000,17,33907000,4,33921000,3,33906000,7,33922000,5,33905000,4,33923000,3,33904000,4,33924000,3
33917000,1,33918000,5,33916000,6,33919000,3,33915000,6,33920000,17,33914000,13,33921000,4,33913000,4,33922000,4,33912000,5,33923000,3,33911000,9,33924000,3,33910000,5,33925000,3,33909000,6,33926000,8,33908000,9,33927000,4
33914000,12,33917000,5,33913000,4,33918000,4,33912000,5,33919000,3,33911000,9,33920000,17,33910000,5,33921000,3,33909000,6,33922000,4,33908000,9,33923000,4,33907000,4,33924000,3,33906000,5,33925000,3,33905000,4,33926000,8
33916000,7,33917000,1,33915000,8,33918000,4,33914000,1,33919000,4,33913000,6,33920000,15,33912000,5,33921000,3,33911000,8,33922000,4,33910000,6,33923000,5,33909000,6,33924000,3,33908000,9,33925000,3,33907000,4,33926000,8
33919000,6,33920000,12,33918000,13,33921000,3,33917000,8,33922000,5,33916000,8,33923000,4,33915000,9,33924000,2,33914000,1,33925000,3,33913000,6,33926000,8,33912000,6,33927000,4,33911000,8,33928000,4,33910000,6,33929000,5
33918000,1,33921000,6,33917000,8,33922000,4,33916000,8,33923000,5,33915000,9,33924000,3,33914000,2,33925000,4,33913000,6,33926000,10,33912000,7,33927000,4,33911000,8,33928000,4,33910000,6,33929000,4,33909000,5,33930000,10
33915000,2,33920000,2,33914000,2,33921000,6,33913000,5,33922000,4,33912000,5,33923000,4,33911000,9,33924000,4,33910000,6,33925000,4,33909000,6,33926000,10,33908000,8,33927000,4,33907000,4,33928000,4,33906000,5,33929000,4
33916000,2,33920000,1,33915000,3,33921000,8,33914000,2,33922000,3,33913000,6,33923000,4,33912000,5,33924000,6,33911000,8,33925000,3,33910000,6,33926000,10,33909000,6,33927000,4,33908000,8,33928000,4,33907000,4,33929000,4
33914000,1,33920000,1,33913000,6,33921000,8,33912000,5,33922000,3,33911000,8,33923000,4,33910000,6,33924000,6,33909000,6,33925000,3,33908000,8,33926000,10,33907000,4,33927000,4,33906000,5,33928000,4,33905000,4,33929000,4
33911000,3,33920000,1,33910000,6,33921000,8,33909000,6,33922000,3,33908000,8,33923000,4,33907000,4,33924000,6,33906000,5,33925000,3,33905000,4,33926000,10,33904000,4,33927000,4,33903000,4,33928000,4,33902000,5,33929000,4
33911000,2,33918000,2,33910000,3,33919000,4,33909000,5,33920000,4,33908000,8,33921000,9,33907000,4,33922000,4,33906000,5,33923000,6,33905000,5,33924000,8,33904000,4,33925000,4,33903000,3,33926000,9,33902000,4,33927000,4
33910000,2,33911000,1,33909000,3,33916000,2,33908000,6,33917000,4,33907000,4,33918000,1,33906000,5,33919000,3,33905000,5,33920000,4,33904000,4,33921000,8,33903000,3,33922000,5,33902000,4,33923000,5,33901000,5,33924000,8
33910000,4,33916000,5,33909000,2,33917000,3,33908000,3,33918000,2,33907000,3,33919000,2,33906000,4,33920000,5,33905000,4,33921000,8,33904000,4,33922000,5,33903000,3,33923000,6,33902000,8,33924000,8,33901000,5,33925000,4
33913000,1,33914000,1,33910000,6,33915000,3,33909000,3,33916000,3,33908000,3,33917000,2,33907000,3,33918000,2,33906000,5,33919000,2,33905000,4,33920000,5,33904000,5,33921000,8,33903000,3,33922000,5,33902000,7,33923000,6
33910000,4,33916000,2,33909000,2,33917000,4,33908000,3,33918000,1,33907000,3,33919000,2,33906000,5,33920000,4,33905000,4,33921000,8,33904000,5,33922000,5,33903000,3,33923000,6,33902000,7,33924000,8,33901000,4,33925000,4
33907000,2,33912000,3,33906000,3,33913000,3,33905000,4,33914000,5,33904000,3,33915000,1,33903000,5,33916000,4,33902000,7,33917000,3,33901000,4,33918000,4,33900000,5,33919000,2,33899000,4,33920000,5,33898000,5,33921000,8
33908000,2,33912000,4,33907000,3,33913000,2,33906000,1,33914000,3,33905000,3,33915000,2,33904000,3,33916000,4,33903000,5,33917000,3,33902000,6,33918000,4,33901000,4,33919000,2,33900000,5,33920000,5,33899000,4,33921000,8
33908000,2,33912000,4,33907000,3,33913000,2,33906000,1,33914000,3,33905000,3,33915000,2,33904000,3,33916000,4,33903000,5,33917000,3,33902000,6,33918000,4,33901000,4,33919000,2,33900000,5,33920000,5,33899000,4,33921000,8
33912000,1,33917000,2,33911000,4,33918000,4,33910000,3,33919000,2,33909000,4,33920000,4,33908000,5,33921000,8,33907000,6,33922000,5,33906000,4,33923000,5,33905000,4,33924000,8,33904000,4,33925000,4,33903000,4,33926000,9
33911000,3,33912000,3,33910000,3,33917000,2,33909000,4,33918000,3,33908000,6,33919000,3,33907000,5,33920000,3,33906000,5,33921000,6,33905000,4,33922000,4,33904000,4,33923000,5,33903000,3,33924000,8,33902000,7,33925000,4
33910000,2,33916000,3,33909000,3,33917000,3,33908000,4,33918000,2,33907000,5,33919000,2,33906000,5,33920000,5,33905000,4,33921000,7,33904000,4,33922000,6,33903000,3,33923000,5,33902000,7,33924000,8,33901000,4,33925000,4
33911000,2,33916000,2,33910000,1,33917000,2,33909000,3,33918000,2,33908000,4,33919000,2,33907000,5,33920000,5,33906000,5,33921000,7,33905000,4,33922000,6,33904000,4,33923000,5,33903000,3,33924000,8,33902000,7,33925000,4
33916000,1,33919000,1,33915000,1,33920000,3,33914000,2,33921000,6,33913000,3,33922000,5,33912000,1,33923000,4,33911000,4,33924000,7,33910000,2,33925000,3,33909000,4,33926000,9,33908000,5,33927000,4,33907000,5,33928000,5
33913000,2,33917000,2,33912000,1,33918000,5,33911000,3,33919000,2,33910000,2,33920000,4,33909000,4,33921000,6,33908000,5,33922000,4,33907000,5,33923000,5,33906000,5,33924000,8,33905000,4,33925000,4,33904000,4,33926000,9
33909000,2,33911000,1,33908000,2,33912000,1,33907000,5,33913000,4,33906000,5,33914000,4,33905000,5,33915000,5,33904000,4,33916000,13,33903000,3,33917000,13,33902000,7,33918000,21,33901000,4,33919000,14,33900000,5,33920000,15
33906000,2,33909000,2,33905000,3,33910000,4,33904000,3,33911000,3,33903000,5,33912000,3,33902000,3,33913000,6,33901000,8,33914000,3,33900000,5,33915000,2,33899000,9,33916000,3,33898000,5,33917000,3,33897000,3,33918000,4
33902000,3,33908000,3,33901000,7,33909000,2,33900000,3,33910000,5,33899000,10,33911000,3,33898000,4,33912000,5,33897000,4,33913000,7,33896000,4,33914000,5,33895000,9,33915000,2,33894000,5,33916000,2,33893000,4,33917000,3
33903000,2,33906000,3,33902000,1,33907000,1,33901000,8,33908000,2,33900000,4,33909000,2,33899000,10,33910000,5,33898000,4,33911000,3,33897000,4,33912000,6,33896000,4,33913000,7,33895000,9,33914000,5,33894000,5,33915000,2
33903000,4,33906000,5,33902000,2,33907000,9,33901000,8,33908000,12,33900000,7,33909000,10,33899000,9,33910000,13,33898000,6,33911000,13,33897000,3,33912000,7,33896000,4,33913000,9,33895000,9,33914000,7,33894000,5,33915000,2
33902000,2,33906000,3,33901000,7,33907000,2,33900000,4,33908000,4,33899000,9,33909000,2,33898000,5,33910000,14,33897000,4,33911000,13,33896000,4,33912000,15,33895000,9,33913000,8,33894000,5,33914000,7,33893000,4,33915000,2
33900000,3,33904000,3,33899000,8,33905000,2,33898000,5,33906000,3,33897000,4,33907000,5,33896000,4,33908000,4,33895000,11,33909000,4,33894000,5,33910000,5,33893000,4,33911000,1,33892000,6,33912000,3,33891000,3,33913000,4
33899000,5,33901000,2,33898000,3,33902000,1,33897000,3,33903000,4,33896000,5,33904000,4,33895000,11,33905000,6,33894000,6,33906000,4,33893000,4,33907000,4,33892000,6,33908000,6,33891000,3,33909000,4,33890000,7,33910000,6
33900000,1,33903000,2,33899000,3,33904000,3,33898000,4,33905000,4,33897000,4,33906000,2,33896000,5,33907000,5,33895000,10,33908000,6,33894000,4,33909000,4,33893000,7,33910000,5,33892000,5,33911000,1,33891000,3,33912000,3
33900000,3,33904000,1,33899000,4,33905000,4,33898000,5,33906000,2,33897000,4,33907000,4,33896000,5,33908000,4,33895000,10,33909000,4,33894000,4,33910000,5,33893000,7,33911000,1,33892000,5,33912000,3,33891000,3,33913000,4
33904000,1,33905000,2,33903000,3,33906000,3,33902000,4,33907000,3,33901000,3,33908000,3,33900000,3,33909000,4,33899000,5,33910000,5,33898000,7,33911000,1,33897000,5,33912000,3,33896000,5,33913000,4,33895000,9,33914000,3
33907000,6,33908000,2,33906000,5,33909000,2,33905000,2,33910000,5,33904000,4,33911000,2,33903000,4,33912000,3,33902000,5,33913000,5,33901000,4,33914000,3,33900000,5,33915000,2,33899000,6,33916000,2,33898000,7,33917000,4
33904000,2,33908000,4,33903000,3,33909000,3,33902000,5,33910000,3,33901000,5,33911000,2,33900000,4,33912000,3,33899000,4,33913000,5,33898000,7,33914000,2,33897000,4,33915000,2,33896000,5,33916000,2,33895000,9,33917000,4
33903000,2,33907000,3,33902000,3,33908000,3,33901000,3,33909000,4,33900000,4,33910000,3,33899000,4,33911000,2,33898000,8,33912000,4,33897000,4,33913000,5,33896000,5,33914000,3,33895000,9,33915000,2,33894000,5,33916000,2
33904000,2,33907000,2,33903000,4,33908000,4,33902000,5,33909000,2,33901000,5,33910000,5,33900000,4,33911000,2,33899000,5,33912000,3,33898000,7,33913000,5,33897000,4,33914000,3,33896000,5,33915000,2,33895000,9,33916000,2
33903000,1,33906000,3,33902000,3,33907000,4,33901000,4,33908000,6,33900000,5,33909000,4,33899000,4,33910000,5,33898000,5,33911000,6,33897000,4,33912000,4,33896000,6,33913000,4,33895000,9,33914000,3,33894000,5,33915000,3
33903000,4,33906000,2,33902000,3,33907000,3,33901000,5,33908000,6,33900000,6,33909000,4,33899000,4,33910000,4,33898000,5,33911000,5,33897000,4,33912000,4,33896000,6,33913000,4,33895000,9,33914000,3,33894000,5,33915000,3
33902000,2,33905000,3,33901000,4,33906000,3,33900000,5,33907000,3,33899000,4,33908000,6,33898000,6,33909000,4,33897000,4,33910000,5,33896000,5,33911000,6,33895000,9,33912000,4,33894000,5,33913000,4,33893000,6,33914000,3
33896000,2,33899000,2,33895000,7,33900000,42,33894000,3,33901000,1,33893000,6,33902000,1,33892000,5,33903000,2,33891000,5,33904000,4,33890000,6,33905000,4,33889000,4,33906000,5,33888000,5,33907000,4,33887000,3,33908000,9
33898000,2,33899000,3,33897000,2,33900000,44,33896000,3,33901000,3,33895000,6,33903000,2,33894000,2,33904000,5,33893000,6,33905000,4,33892000,5,33906000,4,33891000,5,33907000,4,33890000,6,33908000,7,33889000,4,33909000,5
33896000,2,33899000,3,33895000,7,33900000,43,33894000,2,33901000,2,33893000,5,33902000,2,33892000,5,33903000,1,33891000,4,33904000,5,33890000,6,33905000,4,33889000,4,33906000,4,33888000,6,33907000,3,33887000,3,33908000,5
33892000,1,33894000,3,33891000,2,33896000,4,33890000,6,33897000,5,33889000,6,33898000,7,33888000,6,33899000,4,33887000,3,33900000,40,33886000,6,33901000,4,33885000,4,33902000,2,33884000,5,33903000,1,33883000,4,33904000,4
33891000,1,33894000,4,33890000,4,33896000,3,33889000,4,33897000,6,33888000,6,33898000,8,33887000,4,33899000,4,33886000,6,33900000,40,33885000,4,33901000,3,33884000,5,33902000,2,33883000,4,33903000,1,33882000,7,33904000,5
33889000,3,33893000,2,33888000,4,33894000,5,33887000,3,33895000,3,33886000,5,33896000,5,33885000,5,33897000,7,33884000,4,33898000,10,33883000,4,33899000,5,33882000,7,33900000,41,33881000,6,33901000,4,33880000,5,33902000,2
33889000,3,33890000,3,33888000,5,33892000,1,33887000,3,33893000,3,33886000,5,33894000,5,33885000,5,33895000,3,33884000,4,33896000,4,33883000,4,33897000,7,33882000,7,33898000,10,33881000,6,33899000,5,33880000,5,33900000,41
33889000,4,33893000,2,33888000,4,33894000,4,33887000,3,33895000,3,33886000,5,33896000,5,33885000,5,33897000,6,33884000,4,33898000,10,33883000,4,33899000,5,33882000,6,33900000,41,33881000,6,33901000,4,33880000,5,33902000,2
33890000,3,33893000,2,33889000,3,33894000,4,33888000,4,33895000,3,33887000,3,33896000,4,33886000,5,33897000,6,33885000,5,33898000,10,33884000,4,33899000,5,33883000,4,33900000,41,33882000,6,33901000,4,33881000,6,33902000,2
33887000,3,33890000,2,33886000,3,33891000,2,33885000,3,33892000,2,33884000,4,33893000,4,33883000,5,33894000,4,33882000,7,33895000,4,33881000,6,33896000,5,33880000,5,33897000,6,33879000,4,33898000,8,33878000,10,33899000,5
33884000,4,33885000,30,33883000,6,33890000,4,33882000,6,33891000,4,33881000,6,33892000,2,33880000,5,33893000,3,33879000,4,33894000,5,33878000,9,33895000,5,33877000,3,33896000,6,33876000,4,33897000,6,33875000,4,33898000,7
33885000,30,33887000,2,33884000,1,33888000,2,33883000,6,33889000,1,33882000,5,33890000,5,33881000,6,33891000,5,33880000,4,33892000,3,33879000,5,33893000,3,33878000,9,33894000,6,33877000,3,33895000,5,33876000,4,33896000,6
33885000,2,33888000,2,33884000,4,33889000,5,33883000,4,33890000,4,33882000,6,33891000,2,33881000,7,33892000,3,33880000,4,33893000,3,33879000,4,33894000,4,33878000,9,33895000,4,33877000,3,33896000,6,33876000,4,33897000,6
33884000,2,33888000,5,33883000,3,33889000,5,33882000,4,33890000,2,33881000,8,33891000,3,33880000,4,33892000,3,33879000,5,33893000,3,33878000,9,33894000,3,33877000,3,33895000,4,33876000,4,33896000,7,33875000,4,33897000,6
33881000,2,33886000,3,33880000,2,33887000,2,33879000,3,33888000,7,33878000,7,33889000,7,33877000,3,33890000,5,33876000,5,33891000,4,33875000,4,33892000,5,33874000,3,33893000,3,33873000,2,33894000,3,33872000,4,33895000,3
33879000,1,33886000,3,33878000,7,33887000,3,33877000,3,33888000,7,33876000,4,33889000,8,33875000,4,33890000,4,33874000,2,33891000,4,33873000,3,33892000,5,33872000,3,33893000,3,33871000,3,33894000,2,33870000,4,33895000,3
33879000,1,33886000,3,33878000,7,33887000,3,33877000,3,33888000,7,33876000,4,33889000,8,33875000,4,33890000,4,33874000,2,33891000,4,33873000,3,33892000,5,33872000,3,33893000,3,33871000,3,33894000,2,33870000,4,33895000,3
33874000,3,33880000,4,33873000,3,33881000,2,33872000,2,33882000,3,33871000,3,33883000,1,33870000,3,33884000,5,33869000,5,33885000,2,33868000,4,33886000,5,33867000,1,33887000,3,33866000,2,33888000,8,33865000,2,33889000,7
33874000,3,33880000,4,33873000,3,33881000,2,33872000,2,33882000,3,33871000,3,33883000,1,33870000,3,33884000,5,33869000,5,33885000,2,33868000,4,33886000,5,33867000,1,33887000,3,33866000,2,33888000,8,33865000,2,33889000,7
33866000,3,33874000,3,33865000,3,33875000,1,33864000,3,33876000,2,33863000,2,33877000,1,33862000,2,33878000,2,33861000,1,33879000,3,33860000,50,33880000,5,33859000,1,33881000,4,33858000,3,33882000,4,33857000,3,33883000,3
33866000,3,33874000,3,33865000,3,33875000,1,33864000,3,33876000,2,33863000,2,33877000,1,33862000,2,33878000,2,33861000,1,33879000,3,33860000,50,33880000,5,33859000,1,33881000,4,33858000,3,33882000,4,33857000,3,33883000,3
33867000,2,33872000,2,33866000,1,33873000,1,33865000,1,33874000,2,33864000,1,33875000,2,33863000,2,33876000,5,33862000,1,33877000,2,33861000,1,33878000,4,33860000,34,33879000,3,33859000,1,33880000,6,33858000,3,33881000,3
33864000,2,33870000,2,33863000,2,33871000,3,33862000,1,33872000,3,33861000,1,33873000,3,33860000,33,33874000,2,33859000,1,33875000,2,33858000,3,33876000,5,33857000,3,33877000,2,33856000,3,33878000,4,33855000,3,33879000,3
33864000,4,33875000,3,33863000,2,33876000,4,33862000,1,33877000,2,33861000,2,33878000,5,33860000,33,33879000,3,33859000,1,33880000,5,33858000,3,33881000,4,33857000,3,33882000,4,33856000,3,33883000,2,33855000,3,33884000,5
33866000,3,33878000,2,33865000,3,33879000,2,33864000,4,33880000,2,33863000,2,33881000,3,33862000,3,33882000,4,33861000,2,33883000,2,33860000,36,33884000,6,33859000,1,33885000,3,33858000,3,33886000,5,33857000,3,33887000,3
33871000,1,33872000,2,33865000,2,33873000,3,33864000,4,33874000,2,33863000,3,33875000,2,33862000,2,33876000,3,33861000,3,33877000,2,33860000,37,33878000,4,33859000,1,33879000,6,33858000,3,33880000,4,33857000,3,33881000,3
33866000,3,33874000,2,33865000,3,33875000,2,33864000,4,33876000,3,33863000,3,33877000,2,33862000,2,33878000,3,33861000,3,33879000,5,33860000,37,33880000,4,33859000,1,33881000,4,33858000,3,33882000,4,33857000,3,33883000,2
33865000,1,33874000,4,33864000,1,33875000,4,33863000,3,33876000,3,33862000,2,33877000,2,33861000,5,33878000,3,33860000,35,33879000,5,33859000,1,33880000,4,33858000,3,33881000,4,33857000,3,33882000,4,33856000,3,33883000,2
33865000,1,33874000,4,33864000,1,33875000,4,33863000,3,33876000,3,33862000,2,33877000,2,33861000,5,33878000,3,33860000,35,33879000,5,33859000,1,33880000,4,33858000,3,33881000,4,33857000,3,33882000,4,33856000,3,33883000,2
33859000,1,33865000,4,33858000,1,33866000,2,33857000,3,33867000,1,33856000,2,33868000,3,33855000,4,33869000,2,33854000,2,33870000,4,33853000,2,33871000,2,33852000,4,33872000,4,33851000,5,33873000,2,33850000,9,33874000,5
33856000,4,33861000,1,33855000,3,33862000,3,33854000,2,33863000,3,33853000,2,33864000,2,33852000,4,33865000,4,33851000,5,33866000,5,33850000,8,33867000,3,33849000,1,33868000,4,33848000,2,33869000,3,33847000,2,33870000,4
33857000,3,33867000,2,33856000,6,33868000,2,33855000,4,33869000,3,33854000,2,33870000,3,33853000,2,33871000,3,33852000,3,33872000,5,33851000,5,33873000,3,33850000,8,33874000,5,33849000,1,33875000,3,33848000,2,33876000,4
33857000,3,33867000,2,33856000,6,33868000,2,33855000,4,33869000,3,33854000,2,33870000,3,33853000,2,33871000,3,33852000,3,33872000,5,33851000,5,33873000,3,33850000,8,33874000,5,33849000,1,33875000,3,33848000,2,33876000,4
33861000,1,33872000,1,33860000,1,33873000,3,33859000,1,33874000,3,33858000,1,33875000,2,33857000,3,33876000,4,33856000,7,33877000,3,33855000,4,33878000,4,33854000,3,33879000,4,33853000,2,33880000,4,33852000,3,33881000,3
33862000,1,33869000,1,33861000,3,33870000,3,33860000,2,33871000,3,33859000,2,33872000,3,33857000,3,33873000,4,33856000,7,33874000,2,33855000,3,33875000,3,33854000,3,33876000,4,33853000,2,33877000,2,33852000,4,33878000,5
33862000,2,33866000,2,33861000,3,33867000,2,33860000,2,33868000,3,33859000,2,33869000,3,33857000,3,33870000,2,33856000,7,33871000,2,33855000,3,33872000,4,33854000,3,33873000,4,33853000,2,33874000,3,33852000,4,33875000,3
33857000,3,33862000,6,33856000,4,33864000,2,33855000,4,33865000,2,33854000,2,33866000,2,33853000,3,33867000,2,33852000,4,33868000,2,33851000,5,33869000,4,33850000,8,33870000,3,33849000,1,33871000,2,33848000,2,33872000,4
33855000,4,33861000,2,33854000,3,33862000,6,33853000,4,33864000,3,33852000,4,33865000,4,33851000,6,33866000,3,33850000,9,33867000,3,33849000,2,33868000,5,33848000,4,33869000,4,33847000,3,33870000,4,33846000,4,33871000,3
33855000,5,33863000,2,33854000,3,33864000,3,33853000,4,33865000,4,33852000,4,33866000,3,33851000,6,33867000,3,33850000,9,33868000,5,33849000,2,33869000,4,33848000,4,33870000,4,33847000,3,33871000,3,33846000,4,33872000,5
33857000,4,33868000,2,33856000,3,33869000,3,33855000,5,33870000,2,33854000,2,33871000,3,33853000,3,33872000,4,33852000,3,33873000,3,33851000,5,33874000,3,33850000,8,33875000,3,33849000,1,33876000,4,33848000,3,33877000,2
33857000,4,33867000,2,33856000,3,33868000,3,33855000,5,33869000,2,33854000,2,33870000,2,33853000,3,33871000,2,33852000,3,33872000,3,33851000,5,33873000,4,33850000,8,33874000,3,33849000,1,33875000,3,33848000,3,33876000,4
33858000,3,33873000,1,33857000,5,33874000,2,33856000,3,33875000,3,33855000,6,33876000,3,33854000,2,33877000,2,33853000,3,33878000,5,33852000,3,33879000,3,33851000,2,33880000,5,33850000,8,33881000,3,33849000,1,33882000,6
33858000,3,33873000,1,33857000,5,33874000,2,33856000,3,33875000,3,33855000,6,33876000,3,33854000,2,33877000,2,33853000,3,33878000,5,33852000,3,33879000,3,33851000,2,33880000,5,33850000,8,33881000,3,33849000,1,33882000,6
33872000,3,33876000,1,33871000,2,33877000,2,33870000,4,33878000,2,33869000,2,33879000,2,33868000,3,33880000,2,33867000,2,33881000,2,33866000,3,33882000,5,33865000,3,33883000,2,33864000,4,33884000,4,33863000,3,33885000,2
33870000,4,33876000,3,33869000,2,33877000,3,33868000,3,33878000,2,33867000,2,33879000,2,33866000,3,33880000,2,33865000,3,33881000,2,33864000,4,33882000,5,33863000,4,33883000,2,33862000,5,33884000,4,33861000,3,33885000,2
33870000,4,33876000,3,33869000,2,33877000,3,33868000,3,33878000,2,33867000,2,33879000,2,33866000,3,33880000,2,33865000,3,33881000,2,33864000,4,33882000,5,33863000,4,33883000,2,33862000,5,33884000,4,33861000,3,33885000,2
33870000,4,33876000,3,33869000,2,33877000,3,33868000,3,33878000,2,33867000,2,33879000,2,33866000,3,33880000,2,33865000,3,33881000,2,33864000,4,33882000,5,33863000,4,33883000,2,33862000,5,33884000,4,33861000,3,33885000,2
33870000,4,33876000,3,33869000,2,33877000,3,33868000,3,33878000,2,33867000,2,33879000,2,33866000,3,33880000,2,33865000,3,33881000,2,33864000,4,33882000,5,33863000,4,33883000,2,33862000,5,33884000,4,33861000,3,33885000,2
33878000,2,33884000,3,33877000,3,33885000,3,33876000,3,33886000,4,33875000,3,33887000,3,33874000,4,33888000,5,33873000,2,33889000,3,33872000,4,33890000,3,33871000,3,33891000,4,33870000,4,33892000,3,33869000,3,33893000,2
33876000,4,33882000,3,33875000,3,33883000,4,33874000,5,33884000,3,33873000,3,33885000,4,33872000,5,33886000,3,33871000,4,33887000,5,33870000,5,33888000,7,33869000,4,33889000,5,33868000,5,33890000,4,33867000,5,33891000,4
33878000,3,33882000,1,33877000,5,33883000,3,33876000,5,33884000,2,33875000,4,33885000,4,33874000,5,33886000,3,33873000,3,33887000,5,33872000,5,33888000,7,33871000,4,33889000,5,33870000,6,33890000,4,33869000,4,33891000,4
33878000,2,33882000,2,33877000,3,33883000,3,33876000,4,33884000,2,33875000,4,33885000,4,33874000,6,33886000,3,33873000,3,33887000,5,33872000,5,33888000,5,33871000,4,33889000,5,33870000,6,33890000,4,33869000,4,33891000,4
33878000,2,33882000,2,33877000,3,33883000,3,33876000,4,33884000,2,33875000,4,33885000,4,33874000,6,33886000,3,33873000,3,33887000,5,33872000,5,33888000,5,33871000,4,33889000,5,33870000,6,33890000,4,33869000,4,33891000,4
33880000,2,33884000,2,33879000,4,33885000,3,33878000,4,33887000,3,33877000,4,33888000,4,33876000,4,33889000,4,33875000,4,33890000,6,33874000,7,33891000,4,33873000,3,33892000,4,33872000,10,33893000,3,33871000,4,33894000,3
33878000,3,33884000,3,33877000,3,33885000,5,33876000,4,33886000,2,33875000,4,33887000,3,33874000,6,33888000,4,33873000,3,33889000,4,33872000,10,33890000,6,33871000,4,33891000,4,33870000,5,33892000,4,33869000,5,33893000,3
33878000,3,33882000,3,33877000,3,33883000,1,33876000,2,33884000,2,33875000,5,33885000,4,33874000,5,33886000,2,33873000,3,33887000,4,33872000,5,33888000,5,33871000,4,33889000,4,33870000,6,33890000,5,33869000,4,33891000,4
33885000,6,33888000,1,33884000,1,33889000,2,33883000,2,33890000,3,33882000,2,33891000,5,33881000,2,33892000,4,33880000,2,33893000,5,33879000,3,33894000,2,33878000,3,33895000,3,33877000,5,33896000,6,33876000,4,33897000,5
33888000,4,33892000,1,33887000,2,33893000,3,33886000,5,33894000,2,33885000,8,33895000,3,33884000,2,33896000,7,33883000,2,33897000,5,33882000,2,33898000,7,33881000,2,33899000,3,33880000,2,33900000,2,33879000,4,33901000,4
33884000,2,33892000,3,33883000,2,33893000,4,33882000,1,33894000,3,33881000,2,33895000,3,33880000,3,33896000,7,33879000,3,33897000,5,33878000,5,33898000,5,33877000,5,33899000,3,33876000,3,33900000,2,33875000,5,33901000,4
33880000,3,33888000,2,33879000,4,33889000,4,33878000,4,33890000,3,33877000,4,33891000,4,33876000,3,33892000,4,33875000,6,33893000,6,33874000,7,33894000,5,33873000,3,33895000,4,33872000,5,33896000,7,33871000,4,33897000,5
33878000,2,33884000,3,33877000,4,33885000,4,33876000,3,33886000,3,33875000,6,33887000,4,33874000,6,33888000,6,33873000,3,33889000,6,33872000,5,33890000,4,33871000,4,33891000,4,33870000,5,33892000,5,33869000,4,33893000,6
33878000,2,33884000,3,33877000,4,33885000,4,33876000,3,33886000,3,33875000,6,33887000,4,33874000,6,33888000,6,33873000,3,33889000,6,33872000,5,33890000,4,33871000,4,33891000,4,33870000,5,33892000,5,33869000,4,33893000,6
33870000,3,33878000,3,33869000,3,33879000,2,33868000,3,33880000,4,33867000,3,33881000,1,33866000,4,33882000,3,33865000,4,33883000,2,33864000,4,33884000,6,33863000,4,33885000,5,33862000,4,33886000,4,33861000,3,33887000,3
33870000,3,33878000,3,33869000,3,33879000,2,33868000,3,33880000,4,33867000,3,33881000,1,33866000,4,33882000,3,33865000,4,33883000,2,33864000,4,33884000,6,33863000,4,33885000,5,33862000,4,33886000,4,33861000,3,33887000,3
33865000,2,33874000,3,33864000,2,33875000,3,33863000,2,33876000,5,33862000,3,33877000,3,33861000,2,33878000,4,33860000,3,33879000,5,33859000,2,33880000,5,33858000,2,33881000,1,33857000,5,33882000,5,33856000,3,33883000,2
33862000,2,33866000,2,33860000,2,33867000,2,33859000,2,33868000,3,33858000,3,33869000,3,33857000,3,33870000,3,33856000,3,33871000,3,33855000,4,33872000,7,33854000,2,33873000,5,33853000,2,33874000,5,33852000,3,33875000,5
33857000,1,33864000,2,33856000,3,33865000,2,33855000,4,33866000,2,33854000,2,33867000,3,33853000,3,33868000,3,33852000,3,33869000,4,33851000,5,33870000,3,33850000,8,33871000,6,33849000,1,33872000,7,33848000,2,33873000,3
33861000,1,33864000,2,33857000,1,33865000,2,33856000,3,33866000,2,33855000,3,33867000,4,33854000,2,33868000,3,33853000,3,33869000,5,33852000,3,33870000,4,33851000,5,33871000,4,33850000,8,33872000,7,33849000,1,33873000,3
33859000,3,33865000,1,33857000,2,33866000,1,33856000,3,33867000,2,33855000,3,33868000,2,33854000,2,33869000,5,33853000,2,33870000,3,33852000,3,33871000,5,33851000,5,33872000,7,33850000,8,33873000,3,33849000,1,33874000,5
33858000,1,33863000,2,33857000,5,33864000,1,33856000,1,33865000,2,33855000,3,33866000,2,33854000,2,33867000,3,33853000,2,33868000,4,33852000,3,33869000,5,33851000,6,33870000,4,33850000,8,33871000,4,33849000,1,33872000,7
33857000,4,33867000,2,33856000,4,33868000,3,33855000,3,33869000,4,33854000,2,33870000,3,33853000,2,33871000,4,33852000,3,33872000,8,33851000,6,33873000,4,33850000,8,33874000,5,33849000,1,33875000,4,33848000,2,33876000,6
33864000,1,33865000,2,33857000,1,33866000,2,33856000,3,33867000,3,33855000,3,33868000,3,33854000,2,33869000,5,33853000,2,33870000,4,33852000,3,33871000,4,33851000,6,33872000,4,33850000,8,33873000,4,33849000,1,33874000,5
33858000,3,33866000,2,33857000,3,33867000,2,33856000,2,33868000,3,33855000,3,33869000,5,33854000,2,33870000,3,33853000,2,33871000,4,33852000,3,33872000,4,33851000,6,33873000,4,33850000,8,33874000,5,33849000,1,33875000,4
33860000,3,33867000,3,33859000,9,33868000,3,33858000,2,33869000,5,33857000,3,33870000,3,33856000,2,33871000,4,33855000,3,33872000,4,33854000,3,33873000,4,33853000,2,33874000,5,33852000,4,33875000,4,33851000,5,33876000,6
33868000,2,33872000,2,33867000,5,33873000,3,33866000,1,33874000,3,33865000,6,33875000,3,33864000,2,33876000,6,33863000,4,33877000,3,33862000,7,33878000,5,33860000,6,33879000,5,33859000,10,33880000,5,33858000,3,33881000,2
33874000,1,33875000,1,33873000,1,33876000,3,33870000,1,33877000,2,33868000,3,33878000,3,33867000,5,33879000,5,33866000,1,33880000,5,33865000,6,33881000,2,33864000,2,33882000,5,33863000,4,33883000,4,33862000,8,33884000,5
33864000,3,33870000,1,33863000,4,33874000,2,33862000,3,33875000,4,33861000,4,33876000,3,33860000,4,33877000,4,33859000,4,33878000,4,33858000,4,33879000,5,33857000,3,33880000,6,33856000,4,33881000,3,33855000,6,33882000,6
33863000,5,33867000,2,33861000,3,33868000,4,33860000,4,33869000,4,33859000,3,33870000,4,33858000,4,33871000,3,33857000,3,33872000,4,33856000,5,33873000,1,33855000,5,33874000,4,33854000,6,33875000,4,33853000,3,33876000,4
33864000,1,33869000,3,33863000,8,33870000,4,33862000,1,33871000,3,33861000,3,33872000,3,33860000,5,33873000,3,33859000,5,33874000,3,33858000,5,33875000,4,33857000,8,33876000,4,33856000,4,33877000,4,33855000,5,33878000,4
33863000,4,33868000,3,33862000,1,33869000,4,33861000,3,33870000,4,33860000,5,33871000,3,33859000,5,33872000,3,33858000,5,33873000,3,33857000,8,33874000,3,33856000,4,33875000,7,33855000,5,33876000,4,33854000,6,33877000,4
33860000,1,33864000,2,33859000,2,33865000,3,33858000,2,33866000,4,33857000,8,33867000,4,33856000,3,33868000,4,33855000,7,33869000,4,33854000,6,33870000,5,33853000,3,33871000,3,33852000,6,33872000,3,33851000,8,33873000,2
33856000,1,33861000,3,33855000,6,33862000,4,33854000,4,33863000,4,33853000,3,33864000,3,33852000,6,33865000,4,33851000,8,33866000,4,33850000,14,33867000,5,33849000,6,33868000,5,33848000,5,33869000,4,33847000,4,33870000,4
33856000,1,33862000,2,33855000,6,33863000,3,33854000,4,33864000,3,33853000,3,33865000,4,33852000,6,33866000,4,33851000,8,33867000,4,33850000,14,33868000,6,33849000,6,33869000,4,33848000,5,33870000,5,33847000,4,33871000,3
33856000,3,33861000,3,33855000,6,33862000,4,33854000,4,33863000,3,33853000,3,33864000,3,33852000,6,33865000,4,33851000,8,33866000,4,33850000,14,33867000,4,33849000,6,33868000,7,33848000,5,33869000,4,33847000,4,33870000,5
33859000,1,33864000,4,33858000,4,33865000,8,33857000,4,33866000,3,33856000,3,33867000,4,33855000,6,33868000,6,33854000,5,33869000,4,33853000,6,33870000,5,33852000,3,33871000,3,33851000,6,33872000,4,33850000,11,33873000,2
33863000,2,33868000,2,33862000,4,33869000,4,33861000,3,33870000,5,33860000,2,33871000,4,33859000,4,33872000,3,33858000,3,33873000,1,33857000,7,33874000,4,33856000,5,33875000,7,33855000,6,33876000,4,33854000,6,33877000,4
33865000,4,33868000,3,33864000,9,33869000,2,33862000,2,33870000,4,33861000,2,33871000,4,33860000,1,33872000,3,33859000,1,33873000,2,33858000,5,33874000,4,33857000,4,33875000,7,33856000,4,33876000,4,33855000,7,33877000,4
33864000,9,33867000,2,33862000,2,33868000,4,33861000,2,33869000,2,33860000,1,33870000,4,33859000,1,33871000,4,33858000,5,33872000,3,33857000,4,33873000,2,33856000,4,33874000,4,33855000,7,33875000,7,33854000,6,33876000,4
33868000,18,33870000,1,33866000,2,33871000,1,33865000,2,33872000,3,33864000,10,33873000,2,33863000,1,33874000,5,33862000,2,33875000,7,33861000,2,33876000,4,33860000,2,33877000,4,33859000,1,33878000,4,33858000,5,33879000,5
33868000,1,33874000,3,33867000,4,33875000,7,33866000,3,33876000,4,33865000,4,33877000,5,33864000,4,33878000,3,33863000,6,33879000,4,33862000,5,33880000,6,33861000,2,33881000,3,33860000,2,33882000,5,33859000,1,33883000,5
33869000,2,33871000,1,33868000,2,33872000,1,33867000,5,33873000,1,33866000,3,33874000,3,33865000,5,33875000,7,33864000,4,33876000,3,33863000,6,33877000,4,33862000,6,33878000,4,33861000,3,33879000,4,33860000,3,33880000,6
33870000,2,33875000,6,33869000,4,33876000,2,33868000,2,33877000,4,33867000,5,33878000,4,33866000,4,33879000,4,33865000,5,33880000,5,33864000,4,33881000,3,33863000,5,33882000,6,33862000,6,33883000,3,33861000,3,33884000,6
33870000,2,33875000,5,33869000,4,33876000,2,33868000,2,33877000,4,33867000,5,33878000,4,33866000,4,33879000,4,33865000,5,33880000,5,33864000,4,33881000,3,33863000,5,33882000,6,33862000,6,33883000,3,33861000,3,33884000,6
33870000,1,33874000,2,33869000,4,33875000,5,33868000,2,33876000,2,33867000,5,33877000,4,33866000,4,33878000,4,33865000,5,33879000,4,33864000,4,33880000,5,33863000,5,33881000,3,33862000,6,33882000,6,33861000,3,33883000,3
33869000,4,33873000,1,33868000,2,33874000,2,33867000,5,33875000,5,33866000,4,33876000,2,33865000,5,33877000,4,33864000,4,33878000,4,33863000,5,33879000,5,33862000,6,33880000,5,33861000,3,33881000,3,33860000,6,33882000,5
33870000,2,33874000,1,33869000,2,33875000,5,33868000,2,33876000,2,33867000,2,33877000,4,33866000,4,33878000,4,33865000,3,33879000,3,33864000,4,33880000,5,33863000,5,33881000,4,33862000,4,33882000,5,33861000,2,33883000,3
33876000,3,33882000,2,33875000,2,33883000,3,33874000,3,33884000,5,33873000,3,33885000,5,33872000,4,33886000,3,33871000,3,33887000,5,33870000,4,33888000,6,33869000,3,33889000,3,33868000,3,33890000,4,33867000,2,33891000,3
33876000,3,33882000,2,33875000,2,33883000,3,33874000,3,33884000,5,33873000,3,33885000,5,33872000,4,33886000,3,33871000,3,33887000,5,33870000,4,33888000,6,33869000,3,33889000,3,33868000,3,33890000,4,33867000,2,33891000,3
33878000,1,33884000,3,33877000,3,33885000,3,33876000,3,33886000,3,33875000,2,33887000,3,33874000,3,33888000,5,33873000,3,33889000,3,33872000,5,33890000,5,33871000,4,33891000,3,33870000,4,33892000,4,33869000,3,33893000,5
33876000,1,33884000,4,33875000,2,33885000,5,33874000,3,33886000,4,33873000,3,33887000,4,33872000,4,33888000,5,33871000,4,33889000,3,33870000,4,33890000,5,33869000,3,33891000,3,33868000,3,33892000,4,33867000,2,33893000,5
33875000,1,33880000,2,33874000,3,33881000,3,33873000,3,33882000,3,33872000,4,33883000,4,33871000,4,33884000,4,33870000,4,33885000,5,33869000,3,33886000,5,33868000,3,33887000,5,33867000,2,33888000,6,33866000,4,33889000,3
33875000,2,33880000,2,33874000,3,33881000,3,33873000,3,33882000,3,33872000,4,33883000,4,33871000,4,33884000,4,33870000,4,33885000,5,33869000,3,33886000,6,33868000,3,33887000,5,33867000,2,33888000,6,33866000,4,33889000,3
33876000,3,33880000,1,33875000,4,33881000,3,33874000,3,33882000,1,33873000,3,33883000,2,33872000,4,33884000,1,33871000,4,33885000,3,33870000,4,33886000,5,33869000,3,33887000,4,33868000,3,33888000,6,33867000,2,33889000,3
33876000,3,33881000,2,33875000,4,33882000,1,33874000,3,33883000,2,33873000,4,33884000,1,33872000,4,33885000,3,33871000,3,33886000,5,33870000,4,33887000,4,33869000,3,33888000,6,33868000,3,33889000,3,33867000,2,33890000,5
33876000,3,33881000,2,33875000,2,33882000,3,33874000,3,33883000,2,33873000,3,33884000,1,33872000,3,33885000,3,33871000,3,33886000,5,33870000,3,33887000,3,33869000,5,33888000,6,33868000,4,33889000,3,33867000,2,33890000,4
33876000,3,33881000,2,33875000,2,33882000,3,33874000,3,33883000,2,33873000,3,33884000,1,33872000,3,33885000,3,33871000,3,33886000,5,33870000,3,33887000,3,33869000,5,33888000,6,33868000,4,33889000,3,33867000,2,33890000,4
33878000,2,33886000,3,33877000,3,33887000,3,33876000,4,33888000,6,33875000,4,33889000,3,33874000,3,33890000,3,33873000,3,33891000,4,33872000,5,33892000,7,33871000,3,33893000,5,33870000,4,33894000,4,33869000,3,33895000,2
33876000,3,33877000,1,33875000,4,33881000,2,33874000,5,33882000,2,33873000,4,33883000,1,33872000,5,33884000,2,33871000,3,33885000,2,33870000,5,33886000,3,33869000,3,33887000,5,33868000,4,33888000,7,33867000,2,33889000,6
33878000,2,33883000,3,33877000,4,33884000,2,33876000,2,33885000,4,33875000,3,33886000,4,33874000,6,33887000,5,33873000,4,33888000,7,33872000,5,33889000,8,33871000,4,33890000,5,33870000,5,33891000,4,33869000,3,33892000,4
33880000,2,33883000,1,33879000,2,33884000,2,33878000,3,33885000,3,33877000,6,33886000,3,33876000,3,33887000,6,33875000,4,33888000,7,33874000,6,33889000,7,33873000,4,33890000,7,33872000,5,33891000,6,33871000,4,33892000,5
33878000,2,33883000,3,33877000,6,33884000,2,33876000,4,33885000,3,33875000,4,33886000,4,33874000,5,33887000,6,33873000,4,33888000,7,33872000,5,33889000,7,33871000,4,33890000,7,33870000,5,33891000,6,33869000,3,33892000,5
33880000,1,33886000,4,33879000,4,33887000,5,33878000,3,33888000,6,33877000,5,33889000,7,33876000,3,33890000,7,33875000,4,33891000,7,33874000,6,33892000,5,33873000,5,33893000,7,33872000,5,33894000,3,33871000,5,33895000,2
33884000,3,33886000,4,33879000,3,33887000,5,33878000,2,33888000,6,33877000,5,33889000,8,33876000,3,33890000,7,33875000,4,33891000,7,33874000,6,33892000,4,33873000,5,33893000,8,33872000,5,33894000,3,33871000,5,33895000,2
33879000,3,33886000,4,33878000,2,33887000,5,33877000,5,33888000,6,33876000,3,33889000,7,33875000,4,33890000,7,33874000,6,33891000,7,33873000,5,33892000,4,33872000,5,33893000,8,33871000,5,33894000,3,33870000,5,33895000,2
33876000,2,33882000,2,33875000,4,33883000,5,33874000,4,33884000,2,33873000,5,33885000,2,33872000,4,33886000,5,33871000,6,33887000,7,33870000,5,33888000,8,33869000,2,33889000,8,33868000,4,33890000,8,33867000,2,33891000,6
33877000,3,33881000,1,33876000,4,33882000,2,33875000,4,33884000,3,33874000,5,33885000,3,33873000,4,33886000,4,33872000,4,33887000,6,33871000,6,33888000,6,33870000,4,33889000,8,33869000,2,33890000,8,33868000,4,33891000,6
33873000,2,33878000,3,33872000,4,33879000,3,33871000,5,33880000,3,33870000,5,33881000,5,33869000,3,33882000,4,33868000,5,33883000,1,33867000,2,33884000,3,33866000,6,33885000,3,33865000,3,33886000,5,33864000,4,33887000,6
33870000,1,33874000,2,33869000,2,33875000,3,33868000,4,33876000,3,33867000,4,33877000,3,33866000,5,33878000,4,33865000,4,33879000,4,33864000,4,33880000,4,33863000,4,33881000,6,33862000,4,33882000,5,33861000,2,33883000,1
33867000,3,33874000,2,33866000,5,33875000,4,33865000,3,33876000,5,33864000,3,33877000,3,33863000,5,33878000,4,33862000,5,33879000,4,33861000,2,33880000,4,33860000,6,33881000,6,33859000,1,33882000,5,33858000,5,33883000,1
33866000,3,33870000,2,33865000,2,33871000,3,33864000,3,33872000,3,33863000,5,33873000,2,33862000,4,33874000,4,33861000,2,33875000,5,33860000,6,33876000,6,33859000,1,33877000,4,33858000,5,33878000,5,33857000,3,33879000,4
33866000,3,33867000,5,33865000,4,33871000,2,33864000,3,33872000,3,33863000,5,33873000,1,33862000,4,33874000,4,33861000,2,33875000,5,33860000,6,33876000,6,33859000,1,33877000,4,33858000,5,33878000,5,33857000,3,33879000,4
33860000,4,33863000,5,33858000,4,33864000,1,33857000,3,33865000,2,33856000,4,33866000,3,33855000,9,33867000,6,33854000,3,33868000,2,33853000,3,33869000,3,33852000,3,33870000,4,33851000,6,33871000,3,33850000,8,33872000,4
33859000,3,33863000,1,33858000,3,33864000,1,33857000,3,33865000,2,33856000,4,33866000,3,33855000,9,33867000,6,33854000,2,33868000,2,33853000,5,33869000,3,33852000,3,33870000,4,33851000,6,33871000,3,33850000,8,33872000,4
33860000,2,33866000,2,33859000,3,33867000,5,33858000,4,33868000,2,33857000,3,33869000,4,33856000,4,33870000,3,33855000,9,33871000,3,33854000,2,33872000,4,33853000,5,33873000,2,33852000,3,33874000,5,33851000,6,33875000,5
33860000,2,33866000,2,33859000,3,33867000,5,33858000,4,33868000,2,33857000,3,33869000,4,33856000,4,33870000,3,33855000,9,33871000,3,33854000,2,33872000,4,33853000,5,33873000,2,33852000,3,33874000,5,33851000,6,33875000,5
33860000,1,33861000,1,33859000,4,33865000,1,33858000,4,33866000,3,33857000,3,33867000,5,33856000,5,33868000,3,33855000,9,33869000,4,33854000,2,33870000,3,33853000,5,33871000,3,33852000,3,33872000,4,33851000,6,33873000,2
33858000,4,33864000,3,33857000,2,33865000,3,33856000,4,33866000,3,33855000,8,33867000,6,33854000,3,33868000,3,33853000,4,33869000,3,33852000,3,33870000,8,33851000,6,33871000,7,33850000,8,33872000,4,33849000,2,33873000,2
33859000,3,33864000,3,33857000,4,33865000,4,33856000,10,33866000,4,33855000,7,33867000,8,33854000,3,33868000,4,33853000,4,33869000,3,33852000,3,33870000,7,33851000,6,33871000,7,33850000,8,33872000,4,33849000,2,33873000,2
33860000,2,33864000,1,33859000,3,33865000,3,33858000,1,33866000,3,33857000,4,33867000,8,33856000,10,33868000,4,33855000,7,33869000,4,33854000,3,33870000,7,33853000,4,33871000,7,33852000,3,33872000,4,33851000,6,33873000,2
33858000,3,33863000,2,33857000,3,33864000,4,33856000,9,33865000,4,33855000,6,33866000,5,33854000,3,33867000,6,33853000,4,33868000,5,33852000,3,33869000,4,33851000,6,33870000,7,33850000,8,33871000,7,33849000,2,33872000,4
33854000,3,33858000,1,33853000,4,33859000,1,33852000,2,33860000,3,33851000,8,33861000,3,33850000,8,33862000,4,33849000,2,33863000,4,33848000,4,33864000,5,33847000,4,33865000,6,33846000,5,33866000,6,33845000,2,33867000,6
33853000,3,33858000,3,33852000,1,33859000,2,33851000,6,33860000,5,33850000,9,33861000,5,33849000,2,33862000,4,33848000,4,33863000,4,33847000,4,33864000,7,33846000,5,33865000,5,33845000,2,33866000,5,33844000,4,33867000,6
33857000,1,33861000,3,33856000,1,33862000,3,33855000,3,33863000,5,33854000,3,33864000,5,33853000,4,33865000,5,33852000,2,33866000,5,33851000,6,33867000,6,33850000,10,33868000,5,33849000,2,33869000,4,33848000,4,33870000,7
33860000,1,33863000,3,33858000,5,33864000,3,33857000,2,33865000,6,33856000,2,33866000,5,33855000,5,33867000,6,33854000,3,33868000,5,33853000,5,33869000,4,33852000,4,33870000,7,33851000,6,33871000,9,33850000,8,33872000,4
33855000,3,33859000,2,33854000,2,33860000,1,33853000,4,33861000,2,33852000,3,33862000,4,33851000,6,33863000,4,33850000,9,33864000,4,33849000,2,33865000,6,33848000,4,33866000,6,33847000,5,33867000,6,33846000,4,33868000,5
33851000,6,33855000,2,33850000,5,33856000,3,33849000,2,33857000,3,33848000,4,33858000,4,33847000,6,33859000,3,33846000,4,33860000,3,33845000,2,33861000,3,33844000,4,33862000,5,33843000,3,33863000,5,33842000,5,33864000,5
33852000,1,33854000,1,33851000,4,33855000,1,33850000,2,33856000,3,33849000,3,33857000,2,33848000,5,33858000,6,33847000,4,33859000,4,33846000,4,33860000,3,33845000,5,33861000,3,33844000,4,33862000,5,33843000,3,33863000,4
33851000,2,33852000,1,33850000,2,33853000,1,33849000,2,33854000,3,33848000,5,33855000,2,33847000,4,33856000,3,33846000,5,33857000,3,33845000,5,33858000,7,33844000,5,33859000,4,33843000,3,33860000,4,33842000,4,33861000,3
33848000,2,33850000,2,33847000,3,33851000,1,33846000,3,33852000,4,33845000,6,33853000,4,33844000,4,33854000,6,33843000,4,33855000,5,33842000,4,33856000,4,33841000,6,33857000,3,33840000,44,33858000,6,33839000,3,33859000,4
33845000,4,33849000,2,33844000,3,33850000,4,33843000,3,33851000,2,33842000,3,33852000,4,33841000,7,33853000,4,33840000,45,33854000,6,33839000,3,33855000,5,33838000,4,33856000,4,33837000,3,33857000,3,33836000,4,33858000,6
33842000,1,33844000,6,33841000,5,33845000,1,33840000,42,33846000,2,33839000,2,33847000,2,33838000,4,33848000,4,33837000,2,33849000,3,33836000,3,33850000,5,33835000,3,33851000,3,33834000,5,33852000,6,33833000,2,33853000,4
33839000,1,33843000,4,33838000,2,33844000,5,33837000,1,33845000,2,33835000,2,33846000,2,33834000,4,33847000,2,33833000,2,33848000,4,33832000,4,33849000,3,33831000,3,33850000,6,33830000,10,33851000,3,33829000,3,33852000,7
33835000,1,33839000,4,33834000,3,33840000,3,33833000,2,33841000,4,33832000,3,33842000,4,33831000,4,33843000,4,33830000,9,33844000,7,33829000,3,33845000,4,33828000,4,33846000,4,33827000,2,33847000,2,33826000,3,33848000,5
33834000,4,33839000,3,33833000,2,33840000,4,33832000,4,33841000,6,33831000,4,33842000,4,33830000,8,33843000,4,33829000,3,33844000,7,33828000,4,33845000,4,33827000,2,33846000,4,33826000,3,33847000,2,33825000,2,33848000,5
33833000,1,33836000,3,33832000,1,33837000,3,33831000,2,33838000,1,33830000,8,33839000,5,33829000,3,33840000,4,33828000,5,33841000,4,33827000,2,33842000,5,33826000,3,33843000,4,33825000,2,33844000,8,33824000,3,33845000,6
33831000,2,33832000,1,33830000,9,33835000,1,33829000,3,33836000,3,33828000,6,33837000,2,33827000,2,33838000,3,33826000,3,33839000,2,33825000,2,33840000,4,33824000,3,33841000,4,33823000,4,33842000,4,33822000,6,33843000,4
33832000,1,33835000,1,33831000,3,33836000,3,33830000,8,33837000,4,33829000,3,33838000,4,33828000,5,33839000,2,33827000,2,33840000,4,33826000,3,33841000,4,33825000,2,33842000,5,33824000,3,33843000,4,33823000,4,33844000,9
33831000,1,33835000,3,33830000,8,33836000,3,33829000,4,33837000,4,33828000,5,33838000,3,33827000,2,33839000,2,33826000,3,33840000,5,33825000,2,33841000,4,33824000,3,33842000,5,33823000,4,33843000,4,33822000,6,33844000,8
33834000,1,33839000,3,33833000,3,33840000,3,33832000,4,33841000,3,33831000,5,33842000,4,33830000,8,33843000,4,33829000,4,33844000,6,33828000,4,33845000,5,33827000,2,33846000,4,33826000,3,33847000,4,33825000,3,33848000,7
33832000,3,33838000,1,33831000,4,33839000,4,33830000,8,33840000,4,33829000,4,33841000,4,33828000,4,33842000,4,33827000,2,33843000,4,33826000,3,33844000,7,33825000,2,33845000,6,33824000,3,33846000,4,33823000,4,33847000,4
33833000,4,33840000,2,33832000,4,33841000,3,33831000,5,33842000,3,33830000,8,33843000,5,33829000,4,33844000,6,33828000,4,33845000,5,33827000,2,33846000,5,33826000,3,33847000,3,33825000,2,33848000,6,33824000,3,33849000,4
33832000,3,33837000,2,33831000,4,33839000,1,33830000,8,33840000,3,33829000,4,33841000,5,33828000,4,33842000,4,33827000,2,33843000,5,33826000,3,33844000,7,33825000,2,33845000,5,33824000,3,33846000,5,33823000,4,33847000,3
33835000,3,33840000,2,33834000,5,33841000,4,33833000,4,33842000,4,33832000,5,33843000,6,33831000,5,33844000,7,33830000,8,33845000,6,33829000,3,33846000,5,33828000,5,33847000,3,33827000,2,33848000,6,33826000,4,33849000,4
33844000,1,33845000,2,33842000,2,33846000,1,33841000,1,33847000,3,33840000,3,33848000,5,33839000,7,33849000,4,33838000,3,33850000,5,33837000,5,33851000,5,33836000,3,33852000,5,33835000,5,33853000,3,33834000,6,33854000,6
33847000,2,33848000,1,33846000,4,33849000,2,33845000,1,33850000,5,33844000,4,33851000,4,33843000,2,33852000,5,33842000,4,33853000,3,33841000,2,33854000,6,33840000,6,33855000,3,33839000,7,33856000,4,33838000,5,33857000,2
33851000,2,33852000,4,33849000,7,33853000,3,33847000,2,33854000,5,33846000,5,33855000,4,33845000,4,33856000,4,33844000,4,33857000,3,33843000,2,33858000,5,33842000,6,33859000,3,33841000,3,33860000,4,33840000,5,33861000,3
33846000,3,33849000,4,33845000,3,33850000,21,33844000,3,33851000,2,33843000,3,33852000,4,33842000,4,33853000,3,33841000,2,33854000,5,33840000,6,33855000,5,33839000,7,33856000,5,33838000,5,33857000,3,33837000,3,33858000,5
33846000,2,33849000,4,33845000,2,33850000,21,33844000,2,33851000,3,33843000,3,33852000,4,33842000,4,33853000,3,33841000,2,33854000,5,33840000,6,33855000,5,33839000,7,33856000,5,33838000,5,33857000,3,33837000,3,33858000,5
33846000,2,33849000,4,33845000,2,33850000,21,33844000,2,33851000,3,33843000,3,33852000,4,33842000,4,33853000,3,33841000,2,33854000,5,33840000,6,33855000,5,33839000,7,33856000,5,33838000,5,33857000,3,33837000,3,33858000,5
33842000,2,33847000,2,33841000,2,33848000,5,33840000,3,33849000,5,33839000,3,33850000,5,33838000,5,33851000,4,33837000,4,33852000,5,33836000,4,33853000,3,33835000,4,33854000,6,33834000,6,33855000,4,33833000,4,33856000,5
33847000,4,33850000,1,33846000,4,33851000,1,33845000,4,33852000,4,33844000,5,33853000,3,33843000,5,33854000,5,33842000,6,33855000,3,33841000,3,33856000,6,33840000,4,33857000,2,33839000,4,33858000,5,33838000,6,33859000,3
33848000,2,33853000,2,33847000,5,33854000,3,33846000,5,33855000,3,33845000,5,33856000,6,33844000,6,33857000,2,33843000,5,33858000,5,33842000,7,33859000,3,33841000,3,33860000,3,33840000,4,33861000,3,33839000,4,33862000,5
33850000,2,33853000,1,33848000,3,33854000,3,33847000,5,33855000,3,33846000,5,33856000,5,33845000,5,33857000,3,33844000,7,33858000,4,33843000,5,33859000,4,33842000,7,33860000,3,33841000,3,33861000,3,33840000,4,33862000,5
33846000,4,33851000,3,33845000,4,33852000,3,33844000,7,33853000,2,33843000,5,33854000,5,33842000,6,33855000,4,33841000,3,33856000,4,33840000,4,33857000,3,33839000,4,33858000,5,33838000,6,33859000,3,33837000,5,33860000,4
33850000,2,33854000,1,33849000,2,33855000,3,33848000,2,33856000,4,33847000,5,33857000,4,33846000,3,33858000,4,33845000,6,33859000,3,33844000,6,33860000,4,33843000,3,33861000,6,33842000,7,33862000,5,33841000,3,33863000,4
33845000,4,33847000,1,33844000,5,33848000,7,33843000,3,33849000,1,33842000,8,33851000,2,33841000,3,33852000,2,33840000,4,33853000,1,33839000,4,33854000,4,33838000,6,33855000,3,33837000,5,33856000,4,33836000,3,33857000,4
33835000,7,33840000,1,33834000,5,33841000,2,33833000,3,33842000,4,33832000,4,33843000,4,33831000,8,33844000,4,33830000,7,33845000,3,33829000,3,33846000,7,33828000,4,33847000,3,33827000,3,33848000,4,33826000,5,33849000,3
33835000,7,33842000,1,33834000,5,33843000,4,33833000,3,33844000,4,33832000,4,33845000,3,33831000,8,33846000,6,33830000,7,33847000,3,33829000,3,33848000,4,33828000,4,33849000,3,33827000,3,33850000,4,33826000,5,33851000,3
33836000,3,33840000,2,33835000,3,33841000,3,33834000,5,33842000,4,33833000,4,33843000,3,33832000,4,33844000,4,33831000,8,33845000,3,33830000,7,33846000,7,33829000,4,33847000,3,33828000,4,33848000,4,33827000,3,33849000,3
33836000,2,33837000,1,33835000,4,33841000,3,33834000,4,33842000,3,33833000,4,33843000,3,33832000,4,33844000,5,33831000,8,33845000,3,33830000,8,33846000,6,33829000,4,33847000,3,33828000,4,33848000,4,33827000,2,33849000,3
33836000,1,33840000,3,33835000,3,33841000,3,33834000,2,33842000,5,33833000,4,33843000,3,33832000,5,33844000,4,33831000,7,33845000,3,33830000,8,33846000,7,33829000,4,33847000,3,33828000,4,33848000,4,33827000,2,33849000,3
33836000,1,33840000,4,33835000,3,33841000,5,33834000,2,33842000,3,33833000,4,33843000,3,33832000,6,33844000,4,33831000,6,33845000,3,33830000,8,33846000,6,33829000,4,33847000,3,33828000,4,33848000,5,33827000,2,33849000,3
33832000,1,33835000,6,33831000,2,33837000,2,33830000,6,33838000,1,33829000,3,33839000,4,33828000,4,33840000,5,33827000,5,33841000,6,33826000,4,33842000,4,33825000,5,33843000,3,33824000,3,33844000,5,33823000,5,33845000,3
33831000,3,33835000,8,33830000,4,33836000,2,33829000,3,33837000,2,33828000,4,33838000,2,33827000,3,33839000,4,33826000,4,33840000,5,33825000,6,33841000,6,33824000,5,33842000,4,33823000,5,33843000,3,33822000,6,33844000,5
33831000,3,33835000,6,33830000,4,33836000,1,33829000,3,33837000,2,33828000,4,33838000,2,33827000,3,33839000,4,33826000,4,33840000,5,33825000,6,33841000,6,33824000,5,33842000,4,33823000,5,33843000,3,33822000,6,33844000,5
33831000,1,33834000,2,33830000,3,33835000,5,33829000,3,33836000,4,33828000,5,33837000,3,33827000,2,33838000,3,33826000,4,33839000,5,33825000,6,33840000,6,33824000,4,33841000,4,33823000,5,33842000,4,33822000,4,33843000,3
33831000,4,33833000,1,33830000,3,33835000,5,33829000,3,33836000,2,33828000,6,33837000,3,33827000,4,33838000,3,33826000,4,33839000,5,33825000,4,33840000,6,33824000,4,33841000,4,33823000,5,33842000,4,33822000,4,33843000,3
33828000,6,33830000,2,33827000,3,33831000,1,33826000,3,33832000,2,33825000,3,33833000,4,33824000,6,33834000,4,33823000,5,33835000,7,33822000,4,33836000,2,33821000,2,33837000,3,33820000,8,33838000,4,33819000,2,33839000,4
33827000,3,33831000,2,33826000,3,33832000,3,33825000,3,33833000,4,33824000,5,33834000,4,33823000,7,33835000,7,33822000,4,33836000,3,33821000,2,33837000,3,33820000,8,33838000,5,33819000,2,33839000,4,33818000,5,33840000,11
33828000,1,33831000,1,33827000,3,33832000,3,33826000,3,33833000,4,33825000,3,33834000,4,33824000,5,33835000,7,33823000,7,33836000,3,33822000,4,33837000,3,33821000,2,33838000,5,33820000,8,33839000,4,33819000,2,33840000,11
33827000,3,33831000,3,33826000,2,33832000,4,33825000,2,33833000,6,33824000,4,33834000,4,33823000,6,33835000,8,33822000,4,33836000,3,33821000,3,33837000,3,33820000,8,33838000,4,33819000,2,33839000,4,33818000,4,33840000,8
33833000,1,33835000,4,33831000,3,33836000,2,33830000,5,33837000,4,33829000,4,33838000,4,33828000,7,33839000,4,33827000,4,33840000,8,33826000,5,33841000,4,33825000,4,33842000,4,33824000,5,33843000,3,33823000,5,33844000,5
33830000,3,33831000,2,33829000,2,33833000,2,33828000,6,33834000,3,33827000,3,33835000,10,33826000,5,33836000,2,33825000,4,33837000,4,33824000,5,33838000,4,33823000,5,33839000,4,33822000,5,33840000,6,33821000,2,33841000,4
33830000,3,33833000,3,33829000,2,33834000,3,33828000,6,33835000,10,33827000,3,33836000,3,33826000,5,33837000,3,33825000,4,33838000,4,33824000,5,33839000,4,33823000,5,33840000,6,33822000,5,33841000,4,33821000,2,33842000,4
33831000,4,33835000,8,33830000,6,33836000,1,33829000,3,33837000,2,33828000,6,33838000,4,33827000,5,33839000,4,33826000,5,33840000,5,33825000,4,33841000,4,33824000,5,33842000,4,33823000,5,33843000,3,33822000,5,33844000,5
33837000,1,33840000,1,33836000,3,33841000,2,33835000,3,33842000,3,33834000,3,33843000,4,33833000,5,33844000,4,33832000,5,33845000,6,33831000,5,33846000,6,33830000,8,33847000,3,33829000,4,33848000,4,33828000,7,33849000,3
33837000,2,33841000,1,33836000,3,33842000,3,33835000,3,33843000,4,33834000,3,33844000,4,33833000,5,33845000,6,33832000,5,33846000,5,33831000,5,33847000,3,33830000,8,33848000,4,33829000,4,33849000,3,33828000,7,33850000,4
33831000,2,33833000,2,33830000,5,33835000,1,33829000,4,33836000,1,33828000,5,33837000,2,33827000,3,33838000,3,33826000,5,33839000,6,33825000,4,33840000,5,33824000,5,33841000,9,33823000,5,33842000,5,33822000,5,33843000,3
33831000,1,33835000,2,33830000,5,33836000,1,33829000,4,33837000,2,33828000,5,33838000,3,33827000,3,33839000,6,33826000,5,33840000,5,33825000,4,33841000,9,33824000,5,33842000,5,33823000,5,33843000,3,33822000,5,33844000,5
33829000,3,33833000,2,33828000,4,33834000,3,33827000,3,33835000,4,33826000,4,33836000,4,33825000,6,33837000,2,33824000,5,33838000,5,33823000,5,33839000,6,33822000,5,33840000,6,33821000,2,33841000,7,33820000,8,33842000,5
33830000,3,33834000,3,33829000,5,33835000,3,33828000,4,33836000,4,33827000,3,33837000,2,33826000,4,33838000,5,33825000,6,33839000,6,33824000,5,33840000,6,33823000,5,33841000,7,33822000,5,33842000,5,33821000,2,33843000,3
33829000,3,33833000,3,33828000,4,33834000,3,33827000,1,33835000,4,33826000,4,33836000,4,33825000,6,33837000,2,33824000,5,33838000,5,33823000,5,33839000,6,33822000,5,33840000,6,33821000,2,33841000,7,33820000,8,33842000,5
33828000,1,33831000,2,33827000,3,33833000,2,33826000,4,33834000,3,33825000,5,33835000,6,33824000,6,33836000,4,33823000,5,33837000,4,33822000,5,33838000,5,33821000,2,33839000,5,33820000,9,33840000,6,33819000,3,33841000,7
33831000,1,33834000,4,33830000,2,33835000,5,33829000,3,33836000,4,33828000,3,33837000,4,33827000,4,33838000,5,33826000,4,33839000,5,33825000,5,33840000,6,33824000,7,33841000,7,33823000,5,33842000,5,33822000,5,33843000,3
33831000,1,33835000,4,33830000,2,33836000,4,33829000,3,33837000,5,33828000,4,33838000,6,33827000,4,33839000,5,33826000,4,33840000,6,33825000,5,33841000,7,33824000,7,33842000,5,33823000,5,33843000,3,33822000,5,33844000,5
33830000,2,33834000,2,33829000,2,33835000,4,33828000,4,33836000,5,33827000,4,33837000,5,33826000,4,33838000,5,33825000,6,33839000,5,33824000,6,33840000,6,33823000,5,33841000,7,33822000,5,33842000,5,33821000,2,33843000,3
33830000,3,33834000,4,33829000,5,33835000,4,33828000,3,33836000,5,33827000,4,33837000,4,33826000,6,33838000,4,33825000,4,33839000,6,33824000,6,33840000,6,33823000,5,33841000,7,33822000,5,33842000,5,33821000,2,33843000,3
33833000,2,33834000,4,33831000,1,33835000,5,33830000,2,33836000,2,33829000,4,33837000,4,33828000,4,33838000,4,33827000,4,33839000,6,33826000,4,33840000,6,33825000,4,33841000,5,33824000,7,33842000,5,33823000,5,33843000,3
33833000,1,33837000,4,33832000,3,33838000,3,33831000,3,33839000,5,33830000,4,33840000,4,33829000,4,33841000,5,33828000,7,33842000,5,33827000,3,33843000,3,33826000,5,33844000,5,33825000,4,33845000,5,33824000,7,33846000,6
33830000,1,33834000,4,33829000,3,33835000,5,33828000,6,33836000,2,33827000,3,33837000,3,33826000,6,33838000,4,33825000,4,33839000,7,33824000,6,33840000,4,33823000,5,33841000,5,33822000,5,33842000,5,33821000,2,33843000,3
33831000,4,33834000,1,33830000,5,33835000,6,33829000,3,33836000,3,33828000,6,33837000,4,33827000,3,33838000,4,33826000,6,33839000,7,33825000,4,33840000,5,33824000,7,33841000,5,33823000,5,33842000,5,33822000,5,33843000,3
33838000,3,33839000,2,33837000,1,33840000,3,33836000,1,33841000,6,33835000,3,33842000,7,33834000,4,33843000,3,33833000,5,33844000,5,33832000,3,33845000,5,33831000,3,33846000,6,33830000,7,33847000,3,33829000,4,33848000,4
33837000,1,33839000,2,33835000,3,33840000,4,33834000,4,33841000,6,33833000,4,33842000,7,33832000,3,33843000,3,33831000,4,33844000,5,33830000,8,33845000,5,33829000,4,33846000,6,33828000,7,33847000,3,33827000,3,33848000,4
33835000,3,33838000,4,33834000,4,33839000,6,33833000,5,33840000,4,33832000,3,33841000,5,33831000,4,33842000,6,33830000,9,33843000,4,33829000,5,33844000,5,33828000,7,33845000,5,33827000,3,33846000,6,33826000,6,33847000,3
33839000,5,33842000,2,33838000,3,33843000,1,33837000,4,33844000,4,33836000,4,33845000,6,33835000,6,33846000,6,33834000,5,33847000,3,33833000,7,33848000,4,33832000,5,33849000,3,33831000,4,33850000,4,33830000,8,33851000,4
33841000,1,33845000,4,33840000,3,33846000,4,33839000,3,33847000,5,33838000,4,33848000,3,33837000,5,33849000,3,33836000,6,33850000,5,33835000,6,33851000,3,33834000,6,33852000,5,33833000,6,33853000,1,33832000,5,33854000,5
33837000,3,33841000,1,33836000,4,33842000,3,33835000,5,33843000,6,33834000,6,33844000,2,33833000,7,33845000,6,33832000,5,33846000,5,33831000,4,33847000,7,33830000,8,33848000,7,33829000,4,33849000,6,33828000,7,33850000,7
33838000,3,33841000,1,33837000,4,33842000,1,33836000,3,33843000,1,33835000,5,33844000,3,33834000,6,33845000,6,33833000,7,33846000,5,33832000,5,33847000,6,33831000,4,33848000,8,33830000,8,33849000,6,33829000,4,33850000,7
33839000,2,33841000,2,33838000,4,33842000,1,33837000,3,33843000,3,33836000,4,33844000,5,33835000,5,33845000,6,33834000,6,33846000,6,33833000,7,33847000,8,33832000,5,33848000,6,33831000,4,33849000,5,33830000,8,33850000,7
33840000,3,33844000,4,33839000,3,33845000,5,33838000,4,33846000,5,33837000,3,33847000,8,33836000,4,33848000,5,33835000,6,33849000,5,33834000,7,33850000,7,33833000,6,33851000,5,33832000,5,33852000,7,33831000,4,33853000,1
33845000,3,33847000,4,33844000,5,33848000,3,33843000,4,33849000,4,33842000,3,33850000,6,33841000,5,33851000,5,33840000,7,33852000,8,33839000,5,33853000,1,33838000,7,33854000,5,33837000,5,33855000,3,33836000,5,33856000,5
33844000,2,33847000,2,33843000,4,33848000,4,33842000,2,33849000,3,33841000,4,33850000,3,33840000,6,33851000,4,33839000,6,33852000,6,33838000,6,33853000,3,33837000,5,33854000,5,33836000,5,33855000,3,33835000,5,33856000,5
33840000,1,33841000,4,33839000,3,33842000,2,33838000,4,33843000,4,33837000,3,33844000,4,33836000,5,33845000,2,33835000,5,33846000,6,33834000,6,33847000,6,33833000,4,33848000,6,33832000,5,33849000,5,33831000,6,33850000,5
33837000,1,33838000,3,33836000,3,33839000,9,33835000,4,33840000,4,33834000,4,33841000,5,33833000,5,33842000,5,33832000,6,33843000,4,33831000,6,33844000,5,33830000,10,33845000,3,33829000,4,33846000,8,33828000,7,33847000,6
33839000,3,33840000,1,33838000,2,33841000,4,33837000,2,33842000,5,33836000,2,33843000,5,33835000,4,33844000,4,33834000,4,33845000,3,33833000,5,33846000,7,33832000,6,33847000,5,33831000,6,33848000,7,33830000,10,33849000,4
33842000,1,33843000,3,33841000,2,33844000,4,33840000,3,33845000,2,33839000,3,33846000,6,33838000,2,33847000,5,33837000,3,33848000,6,33836000,3,33849000,5,33835000,4,33850000,5,33834000,5,33851000,4,33833000,4,33852000,7
33837000,1,33839000,1,33836000,3,33840000,2,33835000,4,33841000,2,33834000,4,33842000,2,33833000,4,33843000,3,33832000,6,33844000,4,33831000,6,33845000,4,33830000,10,33846000,5,33829000,4,33847000,4,33828000,7,33848000,5
33842000,2,33843000,2,33838000,1,33844000,3,33837000,4,33845000,3,33836000,5,33846000,4,33835000,6,33847000,3,33834000,4,33848000,4,33833000,3,33849000,4,33832000,6,33850000,4,33831000,4,33851000,2,33830000,8,33852000,5
33844000,1,33845000,1,33841000,1,33846000,3,33839000,2,33847000,2,33838000,4,33848000,4,33837000,4,33849000,3,33836000,5,33850000,4,33835000,6,33851000,2,33834000,4,33852000,5,33833000,3,33853000,3,33832000,6,33854000,5
33844000,3,33848000,3,33843000,1,33849000,3,33842000,3,33850000,3,33841000,3,33851000,3,33840000,4,33852000,6,33839000,3,33853000,2,33838000,5,33854000,5,33837000,5,33855000,3,33836000,6,33856000,5,33835000,5,33857000,3
33845000,2,33850000,1,33844000,3,33851000,1,33843000,2,33852000,5,33842000,3,33853000,2,33841000,3,33854000,4,33840000,5,33855000,5,33839000,3,33856000,5,33838000,5,33857000,3,33837000,5,33858000,5,33836000,6,33859000,5
33844000,2,33847000,1,33843000,2,33848000,4,33842000,1,33849000,4,33841000,3,33850000,5,33840000,3,33851000,4,33839000,4,33852000,6,33838000,4,33853000,2,33837000,7,33854000,5,33836000,6,33855000,4,33835000,5,33856000,5
33849000,10,33851000,2,33847000,4,33852000,3,33846000,4,33853000,2,33845000,5,33854000,3,33844000,3,33855000,5,33843000,3,33856000,5,33842000,4,33857000,3,33841000,3,33858000,5,33840000,4,33859000,3,33839000,3,33860000,5
33852000,2,33855000,1,33851000,3,33856000,4,33850000,1,33857000,2,33849000,2,33858000,6,33848000,3,33859000,3,33847000,5,33860000,5,33846000,4,33861000,3,33845000,3,33862000,5,33844000,3,33863000,4,33843000,3,33864000,5
33854000,3,33857000,1,33853000,1,33858000,3,33852000,4,33859000,3,33851000,6,33860000,4,33850000,4,33861000,4,33849000,3,33862000,5,33848000,3,33863000,4,33847000,4,33864000,5,33846000,5,33865000,4,33845000,3,33866000,5
33857000,3,33860000,2,33856000,4,33861000,4,33855000,1,33862000,3,33854000,6,33863000,4,33853000,3,33864000,5,33852000,5,33865000,5,33851000,4,33866000,5,33850000,4,33867000,4,33849000,3,33868000,4,33848000,3,33869000,3
33860000,2,33864000,3,33859000,4,33865000,3,33858000,2,33866000,4,33857000,4,33867000,5,33856000,5,33868000,4,33855000,2,33869000,3,33854000,6,33870000,3,33853000,3,33871000,4,33852000,6,33872000,4,33851000,4,33873000,2
33859000,3,33862000,1,33858000,3,33863000,3,33857000,2,33864000,3,33856000,5,33865000,3,33855000,2,33866000,5,33854000,6,33867000,5,33853000,3,33868000,3,33852000,6,33869000,4,33851000,4,33870000,4,33850000,4,33871000,3
33865000,3,33867000,2,33864000,2,33868000,2,33862000,2,33869000,3,33861000,4,33870000,2,33860000,2,33871000,4,33859000,4,33872000,5,33858000,4,33873000,3,33857000,2,33874000,5,33856000,6,33875000,5,33855000,2,33876000,5
33862000,1,33864000,1,33861000,3,33865000,4,33860000,1,33866000,3,33859000,4,33867000,2,33858000,3,33868000,4,33857000,2,33869000,5,33856000,6,33870000,3,33855000,2,33871000,4,33854000,6,33872000,4,33853000,3,33873000,3
33860000,3,33865000,3,33859000,4,33866000,3,33858000,4,33867000,3,33857000,2,33868000,5,33856000,5,33869000,5,33855000,3,33870000,4,33854000,6,33871000,3,33853000,3,33872000,4,33852000,6,33873000,3,33851000,5,33874000,5
33862000,2,33866000,2,33861000,3,33867000,3,33860000,6,33868000,3,33859000,6,33869000,5,33858000,4,33870000,4,33857000,3,33871000,3,33856000,5,33872000,4,33855000,3,33873000,3,33854000,6,33874000,5,33853000,3,33875000,5
33861000,1,33865000,3,33860000,4,33866000,4,33859000,5,33867000,3,33858000,4,33868000,4,33857000,3,33869000,4,33856000,6,33870000,6,33855000,3,33871000,4,33854000,6,33872000,5,33853000,3,33873000,3,33852000,6,33874000,5
33858000,3,33862000,1,33857000,2,33863000,3,33856000,6,33864000,5,33855000,4,33865000,2,33854000,6,33866000,6,33853000,3,33867000,5,33852000,6,33868000,4,33851000,4,33869000,4,33850000,5,33870000,6,33849000,3,33871000,4
33855000,3,33859000,3,33854000,4,33860000,11,33853000,5,33861000,3,33852000,5,33862000,4,33851000,5,33863000,6,33850000,9,33864000,6,33849000,3,33865000,3,33848000,5,33866000,6,33847000,2,33867000,4,33846000,5,33868000,5
33855000,3,33859000,4,33854000,3,33860000,9,33853000,4,33861000,3,33852000,6,33862000,4,33851000,5,33863000,6,33850000,9,33864000,6,33849000,3,33865000,3,33848000,5,33866000,6,33847000,2,33867000,4,33846000,5,33868000,5
33856000,2,33859000,3,33855000,2,33860000,9,33854000,3,33861000,3,33853000,5,33862000,4,33852000,6,33863000,6,33851000,5,33864000,6,33850000,9,33865000,3,33849000,3,33866000,6,33848000,5,33867000,4,33847000,2,33868000,5
33854000,4,33858000,3,33853000,3,33859000,3,33852000,7,33860000,10,33851000,5,33861000,3,33850000,8,33862000,4,33849000,3,33863000,6,33848000,5,33864000,7,33847000,2,33865000,3,33846000,5,33866000,6,33845000,7,33867000,4
33850000,6,33853000,3,33849000,2,33854000,4,33848000,5,33855000,1,33847000,5,33856000,3,33846000,5,33857000,3,33845000,6,33858000,6,33844000,3,33859000,4,33843000,3,33860000,11,33842000,4,33861000,6,33841000,3,33862000,5
33847000,3,33852000,3,33846000,4,33853000,3,33845000,8,33854000,4,33844000,4,33855000,2,33843000,3,33856000,4,33842000,4,33857000,3,33841000,3,33858000,6,33840000,3,33859000,4,33839000,3,33860000,11,33838000,5,33861000,5
33850000,4,33852000,5,33845000,4,33853000,4,33844000,2,33854000,6,33843000,6,33855000,3,33842000,4,33856000,4,33841000,4,33857000,3,33840000,3,33858000,7,33839000,3,33859000,4,33838000,4,33860000,11,33837000,3,33861000,5
33847000,2,33852000,5,33846000,3,33853000,4,33845000,5,33854000,6,33844000,4,33855000,3,33843000,5,33856000,4,33842000,4,33857000,3,33841000,4,33858000,7,33840000,3,33859000,4,33839000,3,33860000,11,33838000,4,33861000,5
33844000,1,33848000,4,33843000,3,33849000,1,33842000,3,33850000,4,33841000,5,33851000,2,33840000,3,33852000,5,33839000,4,33853000,5,33838000,6,33854000,6,33837000,3,33855000,3,33836000,6,33856000,5,33835000,4,33857000,3
33840000,3,33844000,3,33839000,3,33845000,3,33838000,4,33846000,4,33837000,5,33847000,1,33836000,5,33848000,5,33835000,5,33849000,3,33834000,5,33850000,6,33833000,3,33851000,2,33832000,5,33852000,6,33831000,3,33853000,4
33837000,3,33841000,3,33836000,3,33842000,3,33835000,6,33843000,1,33834000,5,33844000,4,33833000,3,33845000,3,33832000,6,33846000,4,33831000,3,33847000,3,33830000,9,33848000,7,33829000,3,33849000,3,33828000,7,33850000,6
33838000,3,33844000,4,33837000,4,33845000,3,33836000,5,33846000,4,33835000,7,33847000,3,33834000,5,33848000,5,33833000,3,33849000,3,33832000,5,33850000,6,33831000,3,33851000,2,33830000,9,33852000,5,33829000,3,33853000,4
33846000,6,33848000,3,33842000,1,33849000,2,33841000,2,33850000,12,33840000,3,33851000,2,33839000,2,33852000,5,33838000,3,33853000,4,33837000,4,33854000,6,33836000,7,33855000,3,33835000,6,33856000,6,33834000,7,33857000,3
33843000,4,33848000,3,33842000,3,33849000,3,33841000,3,33850000,7,33840000,5,33851000,1,33839000,3,33852000,4,33838000,5,33853000,5,33837000,4,33854000,6,33836000,10,33855000,3,33835000,5,33856000,6,33834000,7,33857000,3
33843000,4,33848000,3,33842000,3,33849000,3,33841000,3,33850000,7,33840000,5,33851000,1,33839000,3,33852000,4,33838000,5,33853000,5,33837000,4,33854000,6,33836000,10,33855000,3,33835000,5,33856000,6,33834000,7,33857000,3
33836000,5,33837000,15,33835000,3,33839000,1,33834000,6,33840000,2,33833000,4,33841000,1,33832000,4,33842000,3,33831000,3,33843000,2,33830000,9,33844000,3,33829000,3,33845000,1,33828000,7,33846000,2,33827000,3,33847000,3
33834000,2,33839000,4,33833000,3,33840000,5,33832000,5,33841000,3,33831000,4,33842000,4,33830000,9,33843000,2,33829000,3,33844000,3,33828000,7,33845000,1,33827000,3,33846000,2,33826000,6,33847000,3,33825000,4,33848000,5
33839000,3,33844000,1,33838000,2,33845000,3,33837000,6,33846000,3,33836000,4,33847000,4,33835000,6,33848000,4,33834000,5,33849000,11,33833000,4,33850000,4,33832000,6,33851000,2,33831000,4,33852000,5,33830000,9,33853000,5
33837000,1,33841000,3,33836000,2,33842000,7,33835000,7,33843000,2,33834000,5,33844000,3,33833000,4,33845000,6,33832000,6,33846000,3,33831000,3,33847000,5,33830000,9,33848000,5,33829000,3,33849000,11,33828000,7,33850000,4
33840000,3,33844000,1,33839000,3,33845000,4,33838000,2,33846000,1,33837000,5,33847000,3,33836000,4,33848000,5,33835000,7,33849000,10,33834000,6,33850000,5,33833000,5,33851000,2,33832000,6,33852000,5,33831000,3,33853000,4
33845000,3,33849000,8,33844000,1,33850000,2,33843000,3,33851000,2,33842000,1,33852000,4,33841000,4,33853000,5,33840000,4,33854000,6,33839000,6,33855000,3,33838000,5,33856000,6,33837000,5,33857000,3,33836000,6,33858000,5
33846000,4,33852000,2,33845000,4,33853000,4,33844000,3,33854000,4,33843000,4,33855000,3,33842000,3,33856000,5,33841000,5,33857000,4,33840000,5,33858000,5,33839000,6,33859000,2,33838000,4,33860000,4,33837000,5,33861000,4
33849000,2,33853000,2,33848000,1,33854000,2,33847000,2,33855000,3,33846000,5,33856000,4,33845000,5,33857000,4,33844000,5,33858000,4,33843000,4,33859000,3,33842000,4,33860000,4,33841000,5,33861000,4,33840000,5,33862000,5
33842000,2,33846000,2,33841000,3,33847000,3,33840000,2,33848000,2,33839000,6,33849000,4,33838000,3,33850000,3,33837000,5,33851000,5,33836000,7,33852000,5,33835000,6,33853000,4,33834000,5,33854000,5,33833000,5,33855000,4
33842000,3,33847000,1,33841000,3,33848000,2,33840000,4,33849000,3,33839000,4,33850000,2,33838000,3,33851000,5,33837000,6,33852000,4,33836000,7,33853000,4,33835000,6,33854000,5,33834000,5,33855000,4,33833000,5,33856000,5
33838000,1,33842000,2,33837000,3,33843000,4,33836000,6,33844000,3,33835000,5,33845000,3,33834000,6,33846000,4,33833000,6,33847000,4,33832000,6,33848000,7,33831000,3,33849000,4,33830000,9,33850000,4,33829000,3,33851000,4
33840000,1,33842000,2,33839000,2,33843000,3,33838000,5,33844000,2,33837000,4,33845000,3,33836000,6,33846000,4,33835000,4,33847000,4,33834000,6,33848000,7,33833000,6,33849000,4,33832000,6,33850000,4,33831000,3,33851000,4
33843000,3,33847000,2,33842000,4,33848000,4,33841000,1,33849000,3,33840000,4,33850000,3,33839000,3,33851000,6,33838000,5,33852000,5,33837000,4,33853000,4,33836000,9,33854000,5,33835000,4,33855000,4,33834000,7,33856000,5
33847000,1,33850000,1,33846000,3,33851000,2,33845000,1,33852000,3,33844000,5,33853000,5,33843000,3,33854000,5,33842000,7,33855000,4,33841000,3,33856000,5,33840000,8,33857000,3,33839000,8,33858000,5,33838000,11,33859000,3
33847000,3,33852000,1,33846000,3,33853000,3,33845000,2,33854000,5,33844000,6,33855000,5,33843000,3,33856000,4,33842000,8,33857000,3,33841000,3,33858000,5,33840000,8,33859000,3,33839000,8,33860000,4,33838000,11,33861000,4
33849000,3,33854000,2,33848000,2,33855000,3,33847000,6,33856000,4,33846000,5,33857000,4,33845000,4,33858000,5,33844000,6,33859000,3,33843000,3,33860000,5,33842000,7,33861000,4,33841000,3,33862000,6,33840000,7,33863000,4
33855000,3,33859000,2,33854000,1,33860000,2,33853000,4,33861000,5,33852000,3,33862000,6,33851000,3,33863000,4,33850000,5,33864000,5,33849000,4,33865000,3,33848000,6,33866000,5,33847000,5,33867000,3,33846000,6,33868000,4
33860000,3,33864000,3,33859000,3,33865000,2,33857000,3,33866000,4,33856000,2,33867000,4,33855000,5,33868000,3,33854000,3,33869000,5,33853000,5,33870000,6,33852000,5,33871000,4,33851000,4,33872000,4,33850000,5,33873000,4
33861000,1,33862000,1,33860000,3,33863000,1,33859000,3,33864000,2,33858000,2,33865000,2,33857000,2,33866000,3,33856000,2,33867000,3,33855000,6,33868000,3,33854000,5,33869000,5,33853000,5,33870000,6,33852000,5,33871000,4
33859000,1,33861000,1,33858000,1,33862000,2,33857000,2,33863000,2,33856000,2,33864000,3,33855000,6,33865000,4,33854000,5,33866000,5,33853000,5,33867000,3,33852000,5,33868000,4,33851000,3,33869000,5,33850000,5,33870000,6
33859000,1,33861000,1,33858000,1,33862000,2,33857000,2,33863000,2,33856000,2,33864000,3,33855000,6,33865000,4,33854000,5,33866000,5,33853000,5,33867000,3,33852000,5,33868000,4,33851000,3,33869000,5,33850000,5,33870000,6
33859000,2,33860000,4,33854000,3,33861000,5,33853000,5,33862000,6,33852000,5,33863000,4,33851000,3,33864000,3,33850000,6,33865000,4,33849000,4,33866000,7,33848000,5,33867000,3,33847000,5,33868000,4,33846000,6,33869000,5
33859000,1,33862000,2,33858000,3,33863000,2,33857000,1,33864000,3,33856000,1,33865000,5,33855000,3,33866000,7,33854000,3,33867000,3,33853000,7,33868000,4,33852000,5,33869000,4,33851000,3,33870000,5,33850000,6,33871000,4
33861000,3,33865000,3,33860000,3,33866000,5,33859000,3,33867000,3,33858000,4,33868000,5,33857000,6,33869000,5,33856000,5,33870000,5,33855000,4,33871000,4,33854000,4,33872000,4,33853000,5,33873000,3,33852000,5,33874000,5
33866000,2,33869000,2,33865000,2,33870000,4,33864000,3,33871000,3,33863000,7,33872000,5,33862000,5,33873000,4,33861000,5,33874000,5,33860000,5,33875000,5,33859000,4,33876000,4,33858000,4,33877000,3,33857000,5,33878000,6
33866000,3,33870000,4,33865000,2,33871000,3,33864000,4,33872000,4,33863000,7,33873000,5,33862000,5,33874000,4,33861000,5,33875000,6,33860000,5,33876000,4,33859000,4,33877000,3,33858000,4,33878000,6,33857000,5,33879000,6
33866000,3,33869000,1,33865000,2,33870000,5,33864000,2,33871000,3,33863000,1,33872000,4,33862000,7,33873000,4,33861000,6,33874000,5,33860000,6,33875000,6,33859000,5,33876000,4,33858000,4,33877000,3,33857000,5,33878000,4
33866000,3,33870000,3,33865000,2,33871000,4,33864000,2,33872000,3,33863000,1,33873000,4,33862000,7,33874000,5,33861000,5,33875000,6,33860000,6,33876000,4,33859000,5,33877000,3,33858000,4,33878000,4,33857000,5,33879000,6
33866000,3,33870000,3,33865000,2,33871000,4,33864000,2,33872000,3,33863000,1,33873000,4,33862000,7,33874000,5,33861000,5,33875000,6,33860000,6,33876000,4,33859000,5,33877000,3,33858000,4,33878000,4,33857000,5,33879000,6
33868000,4,33874000,3,33867000,4,33875000,3,33866000,7,33876000,3,33865000,3,33877000,4,33864000,5,33878000,4,33863000,1,33879000,5,33862000,8,33880000,9,33861000,5,33881000,3,33860000,6,33882000,2,33859000,4,33883000,1
33863000,1,33864000,2,33862000,1,33866000,2,33861000,1,33867000,2,33860000,3,33868000,4,33859000,4,33869000,5,33858000,4,33870000,6,33857000,5,33871000,5,33856000,5,33872000,4,33855000,4,33873000,5,33854000,4,33874000,6
33861000,1,33864000,2,33860000,3,33865000,1,33859000,5,33866000,2,33858000,4,33867000,4,33857000,5,33868000,4,33856000,5,33869000,4,33855000,4,33870000,4,33854000,4,33871000,6,33853000,5,33872000,4,33852000,5,33873000,5
33860000,1,33863000,1,33859000,3,33864000,3,33858000,4,33865000,2,33857000,5,33866000,2,33856000,5,33867000,4,33855000,4,33868000,5,33854000,4,33869000,4,33853000,5,33870000,5,33852000,5,33871000,5,33851000,3,33872000,4
33857000,3,33861000,2,33856000,3,33862000,4,33855000,5,33863000,3,33854000,4,33864000,3,33853000,5,33865000,5,33852000,6,33866000,4,33851000,3,33867000,4,33850000,7,33868000,5,33849000,4,33869000,5,33848000,5,33870000,5
33860000,2,33865000,3,33859000,4,33866000,2,33858000,2,33867000,4,33857000,6,33868000,5,33856000,4,33869000,5,33855000,6,33870000,5,33854000,4,33871000,4,33853000,5,33872000,5,33852000,5,33873000,5,33851000,3,33874000,6
33860000,2,33865000,3,33859000,4,33866000,2,33858000,2,33867000,4,33857000,6,33868000,5,33856000,4,33869000,5,33855000,6,33870000,5,33854000,4,33871000,4,33853000,5,33872000,5,33852000,5,33873000,5,33851000,3,33874000,6
33860000,2,33865000,3,33859000,4,33866000,2,33858000,2,33867000,4,33857000,6,33868000,5,33856000,4,33869000,5,33855000,6,33870000,5,33854000,4,33871000,4,33853000,5,33872000,5,33852000,5,33873000,5,33851000,3,33874000,6
33860000,3,33866000,1,33859000,4,33871000,3,33858000,2,33872000,4,33857000,6,33873000,5,33856000,4,33874000,6,33855000,6,33875000,4,33854000,4,33876000,6,33853000,5,33877000,6,33852000,5,33878000,5,33851000,3,33879000,7
33866000,2,33870000,2,33865000,2,33871000,3,33864000,2,33872000,3,33863000,2,33873000,5,33862000,2,33874000,5,33861000,1,33875000,3,33860000,6,33876000,7,33859000,5,33877000,5,33858000,4,33878000,5,33857000,6,33879000,7
33867000,2,33871000,3,33866000,1,33872000,3,33865000,4,33873000,6,33864000,4,33874000,4,33863000,3,33875000,5,33862000,3,33876000,5,33861000,1,33877000,5,33860000,6,33878000,5,33859000,5,33879000,8,33858000,4,33880000,6
33868000,4,33872000,3,33867000,1,33873000,5,33866000,3,33874000,5,33865000,4,33875000,4,33864000,4,33876000,6,33863000,4,33877000,5,33862000,3,33878000,5,33861000,3,33879000,8,33860000,6,33880000,6,33859000,4,33881000,3
33868000,4,33872000,3,33867000,1,33873000,5,33866000,3,33874000,5,33865000,4,33875000,5,33864000,4,33876000,5,33863000,3,33877000,5,33862000,4,33878000,5,33861000,3,33879000,8,33860000,6,33880000,6,33859000,4,33881000,3
33865000,1,33869000,3,33864000,3,33870000,3,33863000,4,33871000,5,33862000,5,33872000,5,33861000,5,33873000,4,33860000,5,33874000,5,33859000,4,33875000,5,33858000,4,33876000,6,33857000,6,33877000,4,33856000,5,33878000,5
33865000,2,33870000,1,33864000,4,33871000,1,33863000,4,33872000,5,33862000,4,33873000,4,33861000,4,33874000,5,33860000,4,33875000,5,33859000,5,33876000,5,33858000,6,33877000,4,33857000,7,33878000,5,33856000,5,33879000,8
33878000,6,33879000,3,33873000,2,33880000,4,33872000,2,33881000,3,33871000,2,33882000,2,33870000,3,33883000,1,33869000,4,33884000,3,33868000,2,33885000,3,33867000,3,33886000,3,33866000,4,33887000,2,33865000,3,33888000,6
33880000,1,33884000,2,33879000,2,33885000,5,33878000,2,33886000,4,33877000,3,33887000,5,33876000,3,33888000,6,33875000,5,33889000,2,33874000,5,33890000,2,33873000,4,33891000,1,33872000,4,33892000,2,33871000,3,33893000,2
33879000,2,33883000,3,33878000,2,33884000,5,33877000,2,33885000,5,33876000,4,33886000,4,33875000,4,33887000,5,33874000,6,33888000,6,33873000,4,33889000,2,33872000,4,33890000,3,33871000,3,33891000,1,33870000,4,33892000,2
33878000,2,33882000,4,33877000,2,33883000,3,33876000,2,33884000,5,33875000,3,33885000,7,33874000,4,33886000,3,33873000,3,33887000,5,33872000,3,33888000,8,33871000,4,33889000,2,33870000,4,33890000,2,33869000,3,33891000,1
33876000,1,33880000,3,33875000,3,33881000,2,33874000,3,33882000,3,33873000,3,33883000,3,33872000,5,33884000,4,33871000,4,33885000,6,33870000,4,33886000,4,33869000,3,33887000,3,33868000,3,33888000,8,33867000,2,33889000,2
33873000,2,33878000,3,33872000,4,33879000,3,33871000,3,33880000,4,33870000,4,33881000,2,33869000,3,33882000,2,33868000,4,33883000,3,33867000,2,33884000,4,33866000,5,33885000,6,33865000,5,33886000,4,33864000,6,33887000,4
33868000,5,33872000,3,33867000,2,33873000,3,33866000,5,33874000,3,33865000,8,33875000,2,33864000,6,33876000,5,33863000,4,33877000,7,33862000,5,33878000,7,33861000,4,33879000,5,33860000,4,33880000,6,33859000,3,33881000,4
33868000,4,33872000,1,33867000,2,33873000,3,33866000,5,33874000,4,33865000,8,33875000,2,33864000,6,33876000,5,33863000,4,33877000,7,33862000,5,33878000,7,33861000,4,33879000,5,33860000,5,33880000,6,33859000,3,33881000,4
33868000,3,33869000,3,33867000,2,33870000,1,33866000,6,33871000,3,33865000,13,33872000,2,33864000,5,33873000,7,33863000,4,33874000,2,33862000,5,33875000,5,33861000,4,33876000,4,33860000,5,33877000,5,33859000,3,33878000,5
33869000,2,33872000,2,33868000,5,33873000,8,33867000,3,33874000,2,33866000,5,33875000,4,33865000,16,33876000,5,33864000,5,33877000,5,33863000,8,33878000,4,33862000,5,33879000,6,33861000,4,33880000,7,33860000,5,33881000,4
