32462.9936596,4,0,2,33499000,-1
32503.3198572,4,1,15,33502000,-1
32520.7291148,4,2,20,33499000,1
32545.8103012,4,3,2,33496000,-1
32577.6874212,4,4,1,33499000,1
32580.4348135,4,5,29,33502000,-1
32609.2642073,4,6,8,33505000,-1
32620.935189,4,7,9,33508000,-1
32633.5579943,4,8,20,33504000,1
32652.3804776,4,9,1,33501000,1
32673.782544,4,10,55,33505000,-1
32700.3602457,4,11,2,33502000,1
32706.7088492,4,12,5,33505000,1
32711.5701278,4,13,5,33502000,1
32723.3819295,4,14,22,33499000,1
32731.8097082,4,15,8,33496000,1
32744.705014,4,16,9,33499000,1
32748.4787462,4,17,4,33495000,1
32762.2946324,4,18,15,33490000,-1
32776.5310862,4,19,7,33493000,-1
32802.7222805,4,20,5,33490000,-1
32839.2401738,4,21,17,33493000,-1
32843.487213,4,22,2,33496000,1
32846.097741,4,23,1,33493000,1
32857.4489581,4,24,1,33496000,-1
32881.7083409,4,25,7,33492000,1
32901.5105273,4,26,3,33488000,1
32910.4121639,4,27,13,33485000,1
32939.0032128,4,28,6,33488000,1
32971.4758577,4,29,4,33485000,1
32975.2351134,4,30,1,33482000,1
32989.6748212,4,31,1,33487000,-1
32998.3571722,4,32,30,33490000,-1
33037.976016,4,33,2,33495000,-1
33061.946023,4,34,5,33501000,-1
33062.803128,4,35,1,33504000,1
33123.7884292,4,36,16,33500000,-1
33166.0466913,4,37,23,33503000,-1
33170.2238348,4,38,2,33507000,-1
33177.188146,4,39,2,33503000,1
33208.6056098,4,40,7,33500000,1
33208.9725752,4,41,1,33497000,-1
33212.1157098,4,42,6,33500000,-1
33237.8607048,4,43,8,33504000,1
33237.8607359,4,44,1,33501000,1
33270.0238457,4,45,27,33504000,1
33270.7171968,4,46,3,33501000,-1
33343.5199292,4,47,19,33504000,-1
33355.638037,4,48,11,33507000,-1
33355.8203943,4,49,14,33510000,-1
33355.9443875,4,50,2,33513000,1
33391.7988231,4,51,20,33510000,-1
33407.260306,4,52,1,33507000,1
33453.8801193,4,53,1,33510000,1
33464.7123297,4,54,9,33513000,-1
33466.829343,4,55,4,33517000,1
33488.8428698,4,56,11,33514000,1
33534.1369357,4,57,2,33511000,-1
33602.5321879,4,58,6,33514000,-1
33605.7211853,4,59,8,33518000,-1
33640.444782,4,60,2,33521000,-1
33652.79318,4,61,17,33518000,-1
33652.7951348,4,62,39,33521000,-1
33655.1284576,4,63,1,33524000,-1
33671.7072411,4,64,6,33521000,1
33682.3842721,4,65,3,33518000,-1
33686.3164989,4,66,7,33515000,1
33690.3598346,4,67,5,33512000,1
33696.1176242,4,68,5,33508000,1
33725.695433,4,69,7,33505000,-1
33736.2067641,4,70,11,33508000,1
33802.5619961,4,71,38,33505000,-1
33802.5851598,4,72,1,33508000,1
33806.5149973,4,73,1,33517000,-1
33819.0726497,4,74,10,33514000,1
33821.1591533,4,75,4,33511000,1
33827.1087574,4,76,58,33508000,1
33849.5856142,4,77,10,33505000,-1
33866.1385378,4,78,8,33508000,1
33870.7142598,4,79,3,33505000,-1
33872.0259877,4,80,1,33508000,-1
33910.3858251,4,81,8,33511000,-1
33911.5806671,4,82,1,33514000,-1
33940.21642,4,83,12,33508000,-1
33942.8852994,4,84,3,33505000,1
33967.833255,4,85,16,33502000,1
33986.9183455,4,86,18,33497000,1
34004.8284877,4,87,5,33494000,-1
34068.2918417,4,88,2,33497000,1
34072.9182364,4,89,57,33500000,1
34076.1896403,4,90,13,33497000,-1
34095.796536,4,91,17,33500000,-1
34150.4311026,4,92,32,33497000,1
34156.9234124,4,93,2,33494000,-1
34216.5332867,4,94,7,33497000,1
34230.4600964,4,95,9,33494000,1
34230.5105508,4,96,13,33491000,1
34231.1563973,4,97,38,33488000,1
34231.3618202,4,98,22,33485000,1
34232.4489685,4,99,3,33481000,-1
34239.0242244,4,100,9,33484000,-1
34240.4797691,4,101,17,33487000,-1
34262.2777952,4,102,22,33490000,-1
34267.035212,4,103,9,33493000,1
34273.6497006,4,104,8,33490000,-1
34276.9880668,4,105,10,33493000,1
34293.2706938,4,106,13,33490000,1
34301.0026398,4,107,10,33487000,1
34307.9389167,4,108,7,33484000,-1
34323.6022185,4,109,22,33487000,-1
34334.5439359,4,110,48,33490000,-1
34348.4028454,4,111,1,33493000,1
34353.7639896,4,112,8,33496000,1
34353.947467,4,113,7,33493000,1
34360.3379838,4,114,8,33490000,1
34384.0763988,4,115,7,33487000,-1
34390.4517628,4,116,2,33491000,-1
34413.994785,4,117,15,33494000,-1
34448.0892843,4,118,1,33497000,-1
34494.9431021,4,119,2,33490000,1
34514.4006752,4,120,4,33493000,1
34530.5864177,4,121,16,33496000,1
34556.7324179,4,122,1,33493000,1
34595.2399179,4,123,9,33496000,1
34605.7039773,4,124,1,33492000,1
34633.7406266,4,125,9,33488000,1
34648.9672357,4,126,2,33485000,-1
34692.0986671,4,127,2,33489000,-1
34707.6620816,4,128,1,33492000,-1
34754.9652342,4,129,2,33487000,-1
34761.2873073,4,130,1,33490000,-1
34791.4779677,4,131,1,33494000,-1
34832.0955134,4,132,2,33491000,-1
34839.5120982,4,133,3,33487000,1
34879.2856126,4,134,8,33491000,1
34887.8440361,4,135,5,33488000,-1
34898.4691673,4,136,2,33491000,1
34960.2576891,4,137,10,33488000,-1
34961.2594885,4,138,1,33485000,-1
34984.5962409,4,139,4,33488000,-1
34993.6169638,4,140,5,33491000,-1
35018.8709671,4,141,11,33495000,-1
35019.1498645,4,142,1,33498000,-1
35054.4596701,4,143,1,33491000,-1
35112.7652402,4,144,2,33486000,-1
35126.9297068,4,145,2,33491000,-1
35137.1825479,4,146,5,33494000,1
35201.0198226,4,147,5,33491000,1
35201.0198332,4,148,1,33488000,1
35218.9597335,4,149,8,33491000,1
35226.1150269,4,150,7,33487000,1
35275.2445867,4,151,12,33484000,1
35275.244607,4,152,1,33481000,1
35319.9047095,4,153,23,33484000,-1
35325.1401867,4,154,1,33487000,-1
35346.9891493,4,155,8,33484000,1
35349.8312733,4,156,32,33481000,1
35356.3468414,4,157,3,33485000,-1
35363.6678294,4,158,6,33488000,1
35370.5939577,4,159,1,33485000,-1
35385.5780463,4,160,1,33488000,1
35417.8191997,4,161,10,33492000,1
35507.7773391,4,162,2,33495000,1
35520.8572054,4,163,7,33490000,1
35548.0565034,4,164,1,33485000,1
35576.16104,4,165,4,33488000,1
35581.7744386,4,166,3,33484000,1
35594.2091265,4,167,3,33480000,-1
35610.2288306,4,168,3,33483000,1
35634.3995664,4,169,4,33480000,-1
35768.5340972,4,170,9,33484000,-1
35798.7082754,4,171,3,33487000,-1
35883.084055,4,172,17,33490000,1
35909.4263839,4,173,16,33495000,-1
35926.5311503,4,174,2,33498000,1
35938.4180918,4,175,2,33495000,-1
35943.429954,4,176,7,33498000,-1
35973.1176973,4,177,4,33501000,1
36000.1940065,4,178,35,33505000,-1
36010.1267339,4,179,3,33508000,-1
36010.1281233,4,180,1,33511000,-1
36022.0778224,4,181,2,33508000,1
36045.3038439,4,182,10,33504000,1
36045.4726479,4,183,9,33501000,1
36045.9843576,4,184,38,33498000,1
36046.0111288,4,185,11,33495000,1
36060.1843172,4,186,5,33499000,-1
36067.3571302,4,187,2,33496000,-1
36069.0148101,4,188,3,33499000,-1
36070.9006523,4,189,2,33503000,-1
36079.5672879,4,190,8,33506000,1
36082.1446742,4,191,12,33503000,1
36083.8744308,4,192,3,33500000,1
36085.1376031,4,193,2,33497000,-1
36098.6481628,4,194,4,33500000,1
36098.7899481,4,195,10,33504000,1
36100.8665156,4,196,5,33501000,1
36110.3071737,4,197,1,33498000,-1
36117.7795799,4,198,4,33502000,1
36117.8100837,4,199,1,33499000,1
36190.3356123,4,200,3,33502000,-1
36191.6273272,4,201,2,33498000,1
36228.3196402,4,202,4,33502000,-1
36241.8802334,4,203,6,33498000,-1
36251.4932444,4,204,2,33503000,1
36315.2945435,4,205,12,33500000,1
36346.8562106,4,206,2,33497000,1
36361.1364971,4,207,4,33493000,-1
36366.277788,4,208,5,33496000,-1
36366.3013651,4,209,26,33499000,-1
36376.3003686,4,210,10,33502000,-1
36376.3994905,4,211,3,33505000,-1
36439.2367287,4,212,7,33508000,-1
36451.0500407,4,213,4,33505000,1
36477.8921047,4,214,5,33502000,1
36482.7519404,4,215,4,33507000,1
36485.4062867,4,216,1,33504000,1
36530.6379903,4,217,6,33499000,-1
36572.8932605,4,218,2,33503000,1
36641.9192292,4,219,10,33500000,1
36649.1701203,4,220,2,33497000,-1
36649.293752,4,221,5,33500000,-1
36692.4746735,4,222,2,33503000,1
36765.0499071,4,223,3,33500000,1
36787.9920099,4,224,18,33503000,-1
36788.0109155,4,225,2,33506000,1
36788.8760017,4,226,1,33503000,1
36795.4177128,4,227,3,33506000,-1
36822.1697761,4,228,29,33509000,1
36829.2958958,4,229,17,33506000,1
36831.7176814,4,230,4,33503000,-1
36848.6494244,4,231,7,33507000,-1
36869.148885,4,232,4,33502000,1
36884.2003535,4,233,3,33497000,-1
36899.3476277,4,234,1,33500000,1
36910.363424,4,235,5,33496000,1
36921.3606229,4,236,3,33492000,-1
36921.3783985,4,237,7,33495000,-1
36932.9371779,4,238,3,33498000,1
36940.8382543,4,239,6,33495000,1
36946.5881114,4,240,1,33492000,1
36960.7795989,4,241,5,33495000,1
37009.9951985,4,242,10,33499000,1
37021.3564892,4,243,11,33502000,-1
37069.5668868,4,244,7,33506000,1
37075.9623676,4,245,1,33509000,1
37120.9641291,4,246,18,33512000,-1
37128.1447926,4,247,4,33515000,1
37151.1107891,4,248,7,33512000,-1
37153.1396339,4,249,4,33515000,-1
37174.4273046,4,250,7,33511000,-1
37197.0318614,4,251,12,33514000,1
37215.5794222,4,252,1,33510000,-1
37240.1524255,4,253,1,33506000,1
37286.3885704,4,254,8,33509000,-1
37293.237843,4,255,14,33512000,-1
37350.3319293,4,256,1,33515000,1
37354.9929895,4,257,16,33518000,-1
37355.0861432,4,258,11,33521000,-1
37356.2050834,4,259,1,33524000,-1
37362.0861057,4,260,1,33519000,-1
37410.7242667,4,261,9,33522000,-1
37442.1182771,4,262,7,33525000,-1
37442.3142052,4,263,12,33528000,-1
37442.4285662,4,264,15,33531000,-1
37448.8575731,4,265,11,33534000,-1
37452.3385936,4,266,2,33537000,-1
37475.0681665,4,267,32,33540000,1
37480.6940873,4,268,1,33544000,1
37480.7344974,4,269,2,33547000,1
37499.0900851,4,270,1,33544000,1
37500.8888802,4,271,1,33548000,-1
37505.1790745,4,272,5,33544000,1
37508.1394548,4,273,19,33540000,1
37539.1481408,4,274,5,33537000,-1
37571.511145,4,275,16,33540000,1
37590.4996399,4,276,2,33543000,1
37600.1363843,4,277,5,33550000,1
37615.40146,4,278,18,33553000,-1
37619.0359252,4,279,1,33556000,1
37622.9744808,4,280,8,33560000,-1
37626.6605234,4,281,19,33563000,1
37640.4930708,4,282,13,33559000,1
37645.4484491,4,283,11,33562000,1
37647.9801751,4,284,9,33556000,1
37655.327829,4,285,18,33553000,-1
37666.1275572,4,286,5,33550000,1
37671.7547799,4,287,6,33547000,1
37729.6031547,4,288,5,33544000,1
37747.0757541,4,289,10,33549000,-1
37747.2054841,4,290,13,33552000,-1
37757.027501,4,291,2,33555000,1
37758.351164,4,292,13,33552000,1
37759.8417626,4,293,17,33549000,-1
37761.3212878,4,294,7,33552000,-1
37765.3167504,4,295,3,33555000,-1
37785.2141685,4,296,11,33548000,-1
37785.2181394,4,297,5,33551000,-1
37805.9528742,4,298,8,33547000,-1
37823.4832886,4,299,7,33550000,-1
37839.5651731,4,300,6,33547000,1
37843.8206693,4,301,17,33542000,1
37846.7232184,4,302,15,33539000,-1
37856.7783063,4,303,5,33542000,1
37860.2695689,4,304,1,33539000,1
37922.2445013,4,305,11,33542000,1
37922.5396048,4,306,2,33539000,1
37938.5874487,4,307,6,33542000,1
38017.9413027,4,308,9,33538000,1
38034.5395739,4,309,3,33541000,-1
38046.0255807,4,310,1,33544000,-1
38090.9989187,4,311,8,33541000,-1
38097.6681761,4,312,2,33544000,-1
38108.2073103,4,313,1,33547000,-1
38123.7958175,4,314,2,33544000,-1
38164.5402025,4,315,12,33547000,1
38168.4148379,4,316,1,33544000,1
38210.6266152,4,317,3,33547000,-1
38213.7668482,4,318,18,33550000,-1
38221.9675671,4,319,3,33553000,-1
38258.3861114,4,320,26,33556000,-1
38271.5792632,4,321,17,33559000,1
38284.1668911,4,322,1,33556000,1
38298.6755279,4,323,6,33559000,1
38306.3709105,4,324,6,33556000,-1
38354.7626209,4,325,6,33559000,-1
38359.5465536,4,326,7,33555000,1
38361.953438,4,327,6,33552000,-1
38413.1534694,4,328,7,33556000,1
38428.7669161,4,329,1,33552000,-1
38441.8589571,4,330,1,33548000,-1
38453.8115559,4,331,19,33545000,1
38462.3056857,4,332,10,33542000,1
38503.1902348,4,333,14,33539000,-1
38507.0387777,4,334,15,33542000,-1
38546.9128327,4,335,12,33545000,-1
38559.297177,4,336,4,33548000,1
38575.4786058,4,337,3,33545000,-1
38601.9131805,4,338,1,33548000,1
38619.3328423,4,339,5,33552000,-1
38620.5669911,4,340,5,33549000,-1
38620.5670057,4,341,1,33552000,-1
38638.3463286,4,342,14,33549000,-1
38672.7592243,4,343,5,33552000,1
38684.4322983,4,344,4,33549000,1
38700.4445809,4,345,2,33546000,-1
38723.6689084,4,346,12,33550000,1
38756.1981048,4,347,4,33547000,-1
38775.2912021,4,348,11,33550000,1
38853.955542,4,349,14,33547000,1
38880.1856455,4,350,9,33544000,1
38885.4773533,4,351,3,33540000,1
38894.2925188,4,352,6,33537000,-1
38898.4892412,4,353,4,33540000,1
38935.0441549,4,354,1,33537000,1
38950.1879003,4,355,3,33542000,-1
38996.2505941,4,356,8,33545000,1
39025.6233077,4,357,3,33550000,-1
39028.0751759,4,358,1,33553000,1
39049.9991102,4,359,4,33556000,-1
39059.6854226,4,360,8,33560000,1
39092.0228379,4,361,18,33557000,1
39092.0867027,4,362,6,33561000,1
39100.6573147,4,363,6,33558000,1
39100.6573244,4,364,1,33555000,1
39121.2951466,4,365,25,33558000,-1
39121.2951575,4,366,1,33561000,-1
39132.6387684,4,367,1,33558000,-1
39163.2677462,4,368,13,33555000,1
39173.948034,4,369,1,33552000,1
39185.6614324,4,370,3,33555000,-1
39194.1368598,4,371,6,33560000,1
39194.4067849,4,372,1,33557000,1
39206.2282886,4,373,16,33560000,-1
39206.2898524,4,374,6,33563000,-1
39216.9922952,4,375,4,33560000,1
39237.1882141,4,376,1,33557000,-1
39256.8841545,4,377,8,33554000,-1
39371.3928337,4,378,3,33558000,-1
39414.9443791,4,379,4,33555000,-1
39473.9616865,4,380,1,33558000,-1
39475.026518,4,381,2,33555000,1
39501.7361622,4,382,3,33558000,-1
39502.3157092,4,383,5,33561000,-1
39514.0644187,4,384,4,33564000,-1
39519.1755269,4,385,1,33567000,-1
39532.13899,4,386,5,33563000,-1
39537.8943039,4,387,21,33567000,-1
39541.27869,4,388,6,33570000,1
39567.9129296,4,389,8,33567000,1
39568.0230419,4,390,12,33563000,1
39600.1827669,4,391,4,33560000,-1
39606.7958872,4,392,8,33563000,1
39639.0893751,4,393,7,33566000,1
39702.2040045,4,394,28,33562000,-1
39730.1984456,4,395,8,33565000,-1
39731.1701346,4,396,5,33568000,1
39743.8545218,4,397,7,33565000,-1
39757.2856317,4,398,3,33568000,-1
39766.7555816,4,399,8,33572000,1
39767.7452421,4,400,24,33568000,1
39777.015823,4,401,2,33564000,1
39778.1300447,4,402,10,33560000,1
39782.4430291,4,403,1,33557000,1
39788.3916475,4,404,1,33554000,-1
39820.7326945,4,405,13,33551000,1
39835.5912406,4,406,18,33548000,1
39835.591248,4,407,1,33545000,1
39837.0108145,4,408,4,33548000,1
39838.6126908,4,409,1,33545000,1
39844.9562652,4,410,10,33548000,-1
39850.1760654,4,411,7,33552000,-1
39856.1740065,4,412,5,33555000,-1
39875.0481762,4,413,1,33552000,-1
39912.0072707,4,414,2,33548000,-1
39965.6630293,4,415,11,33551000,-1
40022.9770217,4,416,10,33556000,1
40070.2059727,4,417,6,33560000,1
40075.7028682,4,418,9,33564000,-1
40077.5454613,4,419,1,33567000,1
40088.1476124,4,420,4,33570000,-1
40091.704239,4,421,24,33573000,-1
40091.7932963,4,422,12,33576000,-1
40098.0904441,4,423,3,33573000,1
40108.0325865,4,424,14,33569000,1
40115.9915127,4,425,3,33565000,-1
40176.1333764,4,426,12,33569000,1
40189.7443593,4,427,5,33573000,-1
40189.7497507,4,428,23,33576000,-1
40189.7542917,4,429,65,33579000,-1
40189.7563784,4,430,23,33582000,-1
40189.7586972,4,431,27,33585000,-1
40189.7610527,4,432,41,33588000,-1
40189.7645218,4,433,107,33591000,-1
40189.7658239,4,434,22,33594000,-1
40189.8233358,4,435,1,33584000,-1
40189.8596283,4,436,1,33588000,1
40189.8695885,4,437,1,33591000,-1
40189.9316912,4,438,2,33588000,1
40190.126327,4,439,8,33585000,1
40190.1701403,4,440,4,33582000,-1
40190.4294094,4,441,1,33585000,-1
40190.5054325,4,442,16,33580000,1
40190.5079316,4,443,30,33577000,1
40190.5085715,4,444,12,33574000,1
40190.7443206,4,445,10,33577000,1
40190.7464197,4,446,18,33574000,1
40190.7484049,4,447,24,33571000,1
40190.7959643,4,448,1,33568000,1
40191.2798505,4,449,6,33573000,-1
40191.6974789,4,450,1,33576000,-1
40195.5176262,4,451,4,33573000,-1
40202.2827992,4,452,2,33576000,-1
40207.6871605,4,453,12,33579000,-1
40236.236542,4,454,67,33582000,1
40250.1158878,4,455,5,33586000,-1
40258.8804138,4,456,9,33581000,1
40258.9640312,4,457,13,33577000,1
40259.0706857,4,458,3,33574000,-1
40261.3764265,4,459,5,33577000,-1
40263.8592018,4,460,6,33573000,1
40263.8769683,4,461,1,33570000,1
40276.8958697,4,462,1,33576000,1
40288.1946976,4,463,1,33573000,1
40300.697434,4,464,1,33576000,-1
40326.760614,4,465,4,33579000,1
40334.2616438,4,466,1,33583000,1
40358.4952664,4,467,21,33586000,-1
40358.6022328,4,468,28,33589000,1
40358.989261,4,469,3,33592000,1
40359.3934346,4,470,2,33589000,-1
40368.1119329,4,471,4,33592000,-1
40368.6282952,4,472,14,33595000,1
40370.3355097,4,473,2,33592000,-1
40372.2836932,4,474,1,33595000,-1
40374.0608151,4,475,29,33592000,1
40374.2075073,4,476,17,33589000,1
40374.6217259,4,477,40,33586000,1
40374.7791142,4,478,25,33583000,1
40375.0870221,4,479,53,33580000,1
40375.3705268,4,480,17,33577000,-1
40377.0221034,4,481,8,33582000,-1
40383.5501159,4,482,7,33585000,-1
40388.1592763,4,483,8,33589000,-1
40392.2086461,4,484,5,33592000,-1
40393.286311,4,485,3,33595000,-1
40393.3991284,4,486,99,33598000,-1
40393.7905907,4,487,5,33601000,-1
40398.6750839,4,488,5,33598000,-1
40406.6001756,4,489,20,33601000,1
40409.2742868,4,490,7,33598000,1
40420.9963576,4,491,9,33595000,-1
40422.1790475,4,492,2,33598000,-1
40427.2508329,4,493,3,33595000,1
40428.1928333,4,494,1,33592000,1
40440.7896986,4,495,4,33595000,-1
40441.2876862,4,496,1,33598000,-1
40450.8631673,4,497,6,33595000,1
40460.1891027,4,498,1,33592000,1
40479.8070685,4,499,9,33596000,1
40486.0633286,4,500,3,33593000,-1
40494.2699662,4,501,3,33596000,-1
40509.5932649,4,502,7,33599000,-1
40525.1086746,4,503,23,33602000,1
40539.1206871,4,504,15,33607000,1
40539.137668,4,505,4,33604000,-1
40553.2325466,4,506,9,33608000,-1
40560.3871637,4,507,16,33611000,-1
40565.4304791,4,508,14,33608000,1
40579.4354436,4,509,40,33605000,-1
40582.4781957,4,510,11,33609000,1
40586.2195988,4,511,12,33606000,-1
40594.4687359,4,512,2,33609000,1
40605.6899041,4,513,6,33613000,1
40613.9014467,4,514,7,33616000,-1
40616.1286674,4,515,11,33613000,1
40622.8343103,4,516,8,33610000,1
40624.0249017,4,517,1,33607000,1
40630.0761112,4,518,2,33610000,1
40633.3772342,4,519,3,33607000,-1
40654.7416221,4,520,1,33610000,1
40661.7686503,4,521,1,33613000,1
40663.1141888,4,522,10,33616000,1
40672.6449372,4,523,23,33613000,1
40674.3194519,4,524,6,33610000,1
40675.5959028,4,525,3,33607000,1
40678.1905666,4,526,1,33610000,-1
40687.5008369,4,527,14,33613000,-1
40692.45721,4,528,16,33616000,-1
40692.4716279,4,529,1,33619000,-1
40693.7506886,4,530,4,33616000,1
40698.62631,4,531,1,33613000,1
40712.9646587,4,532,20,33616000,1
40712.9646635,4,533,1,33613000,1
40718.181095,4,534,7,33616000,-1
40748.8580886,4,535,31,33619000,1
40765.2052271,4,536,22,33623000,-1
40773.0002661,4,537,1,33626000,-1
40782.0105018,4,538,2,33622000,1
40804.7303056,4,539,9,33625000,1
40804.7638403,4,540,14,33622000,1
40808.2046694,4,541,9,33619000,1
40813.0211778,4,542,11,33622000,1
40825.9044609,4,543,5,33619000,-1
40829.8643826,4,544,8,33622000,-1
40856.3946812,4,545,10,33626000,1
40860.5410375,4,546,5,33623000,1
40881.5040184,4,547,3,33626000,-1
40882.7850607,4,548,26,33629000,-1
40897.1365599,4,549,19,33632000,1
40904.8549329,4,550,3,33628000,1
40909.9590536,4,551,4,33631000,-1
40913.963254,4,552,6,33628000,1
40923.1134396,4,553,4,33625000,-1
40923.1426351,4,554,1,33628000,-1
40927.5096376,4,555,2,33625000,-1
40987.6215603,4,556,25,33628000,1
40990.6745341,4,557,3,33625000,1
41009.6976361,4,558,9,33622000,1
41010.7851836,4,559,2,33625000,1
41038.4952813,4,560,2,33622000,1
41038.4968578,4,561,26,33619000,1
41047.5933805,4,562,11,33616000,1
41055.7147662,4,563,13,33613000,1
41060.1008918,4,564,18,33610000,1
41060.2336227,4,565,1,33607000,1
41072.6814278,4,566,2,33610000,1
41099.8686352,4,567,1,33613000,-1
41101.7280445,4,568,2,33610000,1
41118.8371534,4,569,17,33607000,1
41147.8279345,4,570,8,33604000,1
41156.0859282,4,571,1,33610000,1
41167.4726109,4,572,2,33606000,-1
41218.8548634,4,573,9,33609000,1
41220.4386983,4,574,2,33613000,1
41220.7805989,4,575,3,33610000,1
41236.6402247,4,576,5,33613000,1
41265.9174528,4,577,4,33610000,-1
41284.1054284,4,578,2,33613000,-1
41295.6461955,4,579,1,33616000,1
41299.4372635,4,580,1,33613000,-1
41324.6311611,4,581,1,33616000,1
41335.4889427,4,582,6,33613000,1
41355.3509638,4,583,8,33610000,-1
41370.2985886,4,584,3,33614000,1
41378.3773719,4,585,4,33611000,-1
41401.304319,4,586,6,33614000,-1
41443.3073611,4,587,15,33618000,-1
41457.6863805,4,588,1,33621000,1
41460.4593587,4,589,5,33624000,-1
41467.2215052,4,590,11,33628000,1
41472.8992628,4,591,5,33625000,1
41478.2683508,4,592,11,33622000,1
41499.1113256,4,593,4,33625000,1
41530.3411739,4,594,1,33622000,1
41535.713108,4,595,19,33627000,-1
41554.7420564,4,596,1,33630000,1
41555.0510808,4,597,2,33634000,-1
41569.1332527,4,598,17,33631000,1
41575.3467674,4,599,2,33628000,-1
41580.2956131,4,600,10,33631000,-1
41592.2015789,4,601,11,33634000,1
41592.2249136,4,602,1,33631000,1
41596.6313985,4,603,3,33636000,-1
41608.5197399,4,604,17,33632000,1
41608.5471011,4,605,12,33629000,1
41644.3691859,4,606,1,33626000,-1
41657.3718452,4,607,7,33620000,1
41657.9774353,4,608,3,33617000,1
41665.5678796,4,609,20,33614000,-1
41670.802496,4,610,3,33617000,1
41694.8131147,4,611,6,33614000,1
41695.8204484,4,612,13,33611000,1
41698.7442843,4,613,7,33608000,1
41701.1517636,4,614,22,33612000,-1
41704.7159298,4,615,60,33615000,1
41715.320582,4,616,9,33612000,1
41720.1146187,4,617,12,33615000,1
41731.1671102,4,618,32,33612000,1
41732.5675898,4,619,19,33609000,1
41738.0196823,4,620,5,33606000,1
41744.9020512,4,621,2,33603000,-1
41765.8464824,4,622,8,33606000,-1
41800.9605025,4,623,56,33609000,-1
41814.955998,4,624,4,33612000,-1
41829.7085226,4,625,8,33615000,1
41836.6864879,4,626,21,33612000,1
41838.8581502,4,627,2,33609000,1
41852.7062294,4,628,57,33606000,1
41863.1815419,4,629,8,33603000,1
41864.6261279,4,630,46,33600000,-1
41877.1516055,4,631,6,33603000,1
41880.3713538,4,632,4,33600000,1
41881.7508422,4,633,21,33597000,-1
41899.8398928,4,634,1,33600000,1
41909.8950639,4,635,21,33603000,1
41915.8041096,4,636,2,33600000,1
41925.477052,4,637,13,33596000,-1
41940.4759363,4,638,8,33599000,-1
41967.6805284,4,639,2,33602000,1
42008.4232433,4,640,44,33607000,1
42024.4319298,4,641,1,33604000,1
42041.8888838,4,642,3,33607000,-1
42058.9785046,4,643,5,33604000,1
42063.3846135,4,644,4,33601000,-1
42114.2181189,4,645,15,33604000,-1
42120.123016,4,646,1,33601000,1
42122.8868643,4,647,17,33604000,-1
42122.8868724,4,648,1,33607000,-1
42127.5867172,4,649,7,33604000,1
42139.53686,4,650,1,33601000,-1
42144.3621231,4,651,7,33597000,1
42147.5442883,4,652,15,33594000,1
42155.1609925,4,653,33,33591000,-1
42157.6352842,4,654,90,33588000,1
42157.7677091,4,655,1,33585000,-1
42160.4491519,4,656,20,33582000,1
42166.8887743,4,657,6,33579000,1
42170.4823294,4,658,1,33576000,-1
42180.8521622,4,659,21,33572000,-1
42186.6497234,4,660,2,33576000,-1
42189.197277,4,661,7,33579000,1
42201.6057175,4,662,2,33576000,1
42201.7170723,4,663,1,33580000,-1
42207.8015789,4,664,3,33577000,-1
42215.8289727,4,665,5,33581000,-1
42224.9816549,4,666,2,33584000,-1
42226.4263975,4,667,14,33587000,-1
42227.3102912,4,668,14,33590000,-1
42228.7510398,4,669,3,33586000,1
42234.9289955,4,670,8,33583000,-1
42241.0451091,4,671,25,33586000,-1
42255.2145495,4,672,38,33589000,-1
42256.3445136,4,673,24,33592000,-1
42261.041026,4,674,11,33589000,1
42264.0394855,4,675,7,33586000,1
42268.2009307,4,676,4,33583000,-1
42268.200936,4,677,1,33586000,-1
42268.4016444,4,678,1,33583000,1
42273.7983323,4,679,7,33586000,-1
42281.7959317,4,680,4,33591000,1
42300.5938982,4,681,2,33588000,1
42300.905608,4,682,8,33585000,-1
42315.8972415,4,683,15,33588000,1
42348.2750302,4,684,6,33584000,1
42371.4244816,4,685,2,33579000,1
42375.0765783,4,686,24,33576000,1
42384.7311142,4,687,4,33580000,1
42388.21365,4,688,35,33577000,1
42431.2654319,4,689,36,33574000,-1
42441.4840693,4,690,9,33577000,-1
42441.511587,4,691,3,33580000,1
42473.2707523,4,692,3,33577000,1
42533.7505456,4,693,5,33574000,-1
42537.0224362,4,694,14,33570000,-1
42583.4621817,4,695,1,33573000,1
42618.3216678,4,696,17,33576000,1
42620.230341,4,697,11,33573000,1
42637.3650105,4,698,7,33570000,-1
42668.1580755,4,699,65,33573000,-1
42685.7130545,4,700,4,33576000,-1
42689.7503885,4,701,2,33579000,1
42697.5750157,4,702,6,33576000,1
42703.2809278,4,703,16,33573000,1
42709.3056963,4,704,4,33570000,1
42713.9124129,4,705,6,33567000,1
42731.4439091,4,706,4,33564000,1
42733.924099,4,707,14,33561000,1
42760.1397867,4,708,13,33558000,1
42783.2495272,4,709,2,33555000,1
42800.2925365,4,710,31,33552000,1
42800.539299,4,711,26,33549000,1
42802.1224848,4,712,7,33546000,1
42816.0285522,4,713,6,33543000,1
42829.0290606,4,714,30,33548000,1
42832.6044552,4,715,2,33545000,-1
42836.5441168,4,716,20,33548000,-1
42836.5441487,4,717,1,33551000,-1
42841.2641473,4,718,2,33548000,-1
42857.2275986,4,719,23,33551000,1
42859.0262335,4,720,3,33548000,-1
42859.9438738,4,721,14,33551000,-1
42873.322489,4,722,13,33554000,-1
42880.6995922,4,723,18,33557000,1
42883.8743152,4,724,4,33554000,1
42888.8666297,4,725,2,33550000,-1
42898.1877839,4,726,4,33553000,-1
42900.172083,4,727,1,33557000,-1
42909.7503133,4,728,18,33554000,-1
42909.7646949,4,729,1,33557000,1
42912.5148256,4,730,1,33560000,-1
42913.5802575,4,731,3,33557000,1
42915.5931372,4,732,21,33553000,1
42920.140025,4,733,12,33550000,1
42921.4912973,4,734,13,33547000,1
42923.7517941,4,735,4,33544000,1
42926.0063016,4,736,2,33541000,1
42939.5007651,4,737,14,33544000,-1
42943.1371083,4,738,13,33547000,1
42954.8932343,4,739,10,33550000,1
42965.9134103,4,740,4,33546000,-1
42973.6617428,4,741,8,33549000,1
42985.3537896,4,742,1,33546000,1
43005.7732501,4,743,6,33549000,1
43022.3402686,4,744,4,33546000,1
43031.0826535,4,745,3,33543000,1
43037.7288246,4,746,1,33547000,-1
43041.1958958,4,747,1,33544000,1
43050.0532814,4,748,7,33548000,-1
43055.3904388,4,749,2,33552000,1
43063.2139198,4,750,5,33549000,1
43095.4680117,4,751,19,33546000,1
43097.7357925,4,752,7,33543000,1
43122.7343064,4,753,11,33540000,-1
43161.4681895,4,754,7,33537000,-1
43162.1996209,4,755,6,33533000,-1
43164.7086868,4,756,1,33536000,-1
43171.9485618,4,757,2,33533000,1
43173.1486361,4,758,18,33530000,1
43175.580729,4,759,1,33533000,1
43181.9218062,4,760,4,33536000,1
43191.2752797,4,761,4,33539000,-1
43193.0796424,4,762,1,33542000,1
43202.5797903,4,763,28,33545000,-1
43203.4474363,4,764,2,33548000,1
43205.6989553,4,765,6,33545000,-1
43205.8559452,4,766,10,33548000,-1
43216.6586993,4,767,8,33551000,1
43220.5799288,4,768,1,33548000,1
43238.0623208,4,769,7,33552000,-1
43248.4457844,4,770,1,33549000,1
43259.7085292,4,771,1,33554000,1
43267.9764521,4,772,8,33557000,-1
43271.6900684,4,773,5,33560000,-1
43275.2272359,4,774,9,33557000,-1
43282.63425,4,775,18,33561000,-1
43301.4763218,4,776,1,33558000,-1
43306.495007,4,777,3,33555000,-1
43309.0798259,4,778,4,33558000,-1
43319.9272507,4,779,2,33561000,1
43327.7635421,4,780,6,33564000,-1
43329.4981886,4,781,2,33567000,-1
43333.9335792,4,782,30,33562000,1
43334.3462814,4,783,4,33559000,-1
43339.1126895,4,784,25,33562000,-1
43347.2350957,4,785,8,33559000,-1
43347.2351166,4,786,1,33562000,-1
43358.2009076,4,787,13,33556000,1
43359.1848751,4,788,1,33553000,1
43359.7806556,4,789,1,33557000,-1
43371.1978184,4,790,9,33554000,1
43390.5142877,4,791,5,33551000,1
43395.0037814,4,792,2,33548000,-1
43399.1068832,4,793,6,33545000,1
43412.8119158,4,794,1,33542000,1
43443.1805362,4,795,2,33546000,1
43458.3003395,4,796,8,33542000,1
43471.5118161,4,797,13,33539000,-1
43506.1142262,4,798,27,33535000,-1
43512.7386592,4,799,3,33538000,1
43536.0790076,4,800,3,33535000,-1
43536.0790378,4,801,1,33538000,-1
43537.3946934,4,802,4,33533000,-1
43541.320147,4,803,3,33536000,1
43542.7066657,4,804,10,33533000,1
43544.9988816,4,805,5,33530000,1
43548.6502922,4,806,32,33527000,1
43548.9303525,4,807,2,33524000,-1
43558.4489446,4,808,8,33527000,-1
43565.8692084,4,809,4,33524000,-1
43566.9897181,4,810,22,33521000,1
43568.7131419,4,811,2,33518000,-1
43569.44993,4,812,2,33521000,1
43569.467631,4,813,1,33518000,1
43573.5778934,4,814,10,33521000,-1
43575.4937512,4,815,9,33524000,-1
43577.1413674,4,816,6,33527000,-1
43580.465615,4,817,4,33524000,-1
43580.7867046,4,818,10,33527000,-1
43581.1648018,4,819,12,33530000,-1
43594.8766374,4,820,29,33533000,-1
43594.8783725,4,821,1,33536000,-1
43597.6250859,4,822,8,33533000,-1
43608.7632885,4,823,12,33536000,-1
43609.9725878,4,824,15,33539000,1
43618.5738766,4,825,13,33536000,-1
43627.391778,4,826,2,33539000,1
43627.3943623,4,827,1,33536000,1
43635.1116724,4,828,6,33539000,1
43663.1365555,4,829,11,33536000,-1
43680.3087199,4,830,4,33539000,-1
43694.7017591,4,831,12,33534000,1
43727.5452263,4,832,5,33530000,-1
43732.6872505,4,833,8,33533000,-1
43757.3532813,4,834,7,33536000,-1
43779.0325374,4,835,3,33532000,1
43783.5341651,4,836,1,33535000,-1
43809.0278739,4,837,7,33532000,1
43824.5364136,4,838,8,33529000,-1
43838.2877532,4,839,13,33526000,-1
43838.8131624,4,840,5,33530000,-1
43865.1066638,4,841,14,33527000,1
43865.1093617,4,842,28,33524000,1
43865.2088601,4,843,34,33521000,1
43871.0745068,4,844,9,33518000,-1
43876.6241319,4,845,11,33521000,-1
43876.8335187,4,846,4,33524000,1
43898.5531286,4,847,2,33521000,1
43908.5635124,4,848,5,33518000,1
43908.5782235,4,849,3,33515000,1
43910.4821439,4,850,6,33518000,1
43910.4821572,4,851,1,33515000,1
43918.4443633,4,852,10,33519000,1
43918.4670547,4,853,16,33516000,1
43920.2043427,4,854,25,33513000,-1
43948.3713824,4,855,14,33516000,1
43950.652573,4,856,1,33513000,1
43952.0701666,4,857,1,33517000,-1
43967.8250258,4,858,18,33513000,1
43972.2060938,4,859,12,33510000,1
43975.6147817,4,860,16,33507000,1
43975.924199,4,861,1,33504000,1
43987.32017,4,862,2,33507000,1
43987.436237,4,863,18,33510000,-1
43991.3967095,4,864,3,33514000,-1
43995.9064663,4,865,24,33510000,1
44014.5785701,4,866,4,33507000,1
44030.8381497,4,867,17,33504000,1
44040.0078377,4,868,23,33500000,-1
44042.7415622,4,869,25,33503000,-1
44050.3512066,4,870,16,33506000,1
44052.9783059,4,871,3,33510000,1
44064.430068,4,872,1,33507000,-1
44068.506438,4,873,48,33503000,-1
44080.1585966,4,874,8,33507000,1
44087.8394993,4,875,4,33504000,1
44099.4784729,4,876,30,33501000,1
44100.5841262,4,877,10,33498000,1
44101.8764733,4,878,22,33495000,-1
44102.2278355,4,879,4,33491000,1
44102.4188425,4,880,1,33488000,1
44102.8591664,4,881,14,33491000,-1
44103.0419208,4,882,37,33494000,-1
44103.0860812,4,883,10,33497000,-1
44103.3752862,4,884,24,33500000,-1
44103.5802878,4,885,21,33503000,-1
44103.5802996,4,886,2,33506000,-1
44103.6123139,4,887,3,33503000,-1
44103.6693969,4,888,16,33506000,-1
44103.6699006,4,889,3,33509000,-1
44103.7552872,4,890,10,33506000,-1
44103.7552924,4,891,1,33509000,-1
44103.7956181,4,892,9,33506000,-1
44103.8231924,4,893,11,33509000,-1
44103.9653998,4,894,17,33506000,-1
44104.9734616,4,895,66,33509000,-1
44105.3383707,4,896,32,33512000,-1
44105.4203345,4,897,2,33515000,-1
44106.0455358,4,898,4,33509000,-1
44106.0496791,4,899,13,33512000,-1
44106.0497319,4,900,1,33515000,-1
44106.2865459,4,901,5,33512000,1
44106.8754626,4,902,4,33509000,1
44108.0935703,4,903,7,33506000,1
44113.9009694,4,904,5,33503000,1
44119.7115231,4,905,6,33512000,-1
44120.3201301,4,906,4,33516000,-1
44120.3201551,4,907,1,33519000,-1
44120.6715188,4,908,4,33516000,-1
44120.9957021,4,909,9,33519000,1
44121.9860204,4,910,4,33516000,-1
44126.5122403,4,911,8,33519000,-1
44130.4266592,4,912,25,33522000,1
44138.2709337,4,913,14,33519000,1
44141.1156887,4,914,5,33516000,1
44144.3444628,4,915,8,33513000,-1
44144.3494024,4,916,16,33516000,-1
44144.3494181,4,917,1,33519000,-1
44159.1694206,4,918,4,33516000,-1
44159.172877,4,919,14,33519000,-1
44159.1729015,4,920,1,33522000,-1
44164.3011187,4,921,5,33519000,1
44164.6331982,4,922,3,33516000,1
44170.8547225,4,923,2,33513000,1
44172.9879081,4,924,20,33510000,1
44192.457192,4,925,8,33516000,1
44222.3644958,4,926,11,33520000,1
44225.293816,4,927,16,33524000,-1
44225.5277242,4,928,1,33528000,-1
44227.7558685,4,929,1,33525000,1
44231.5611069,4,930,5,33528000,1
44231.5705078,4,931,1,33525000,1
44241.076986,4,932,2,33528000,1
44269.8653477,4,933,4,33525000,-1
44271.5112124,4,934,14,33528000,-1
44273.9454178,4,935,7,33531000,-1
44273.9454228,4,936,1,33534000,-1
44274.9752615,4,937,5,33531000,1
44277.4838744,4,938,7,33528000,1
44301.5374524,4,939,13,33525000,1
44334.4167279,4,940,11,33528000,1
44337.4767555,4,941,2,33525000,1
44350.1717701,4,942,10,33528000,-1
44360.5388858,4,943,16,33525000,1
44373.4207773,4,944,2,33522000,-1
44383.7504609,4,945,9,33526000,-1
44400.0767466,4,946,4,33529000,-1
44400.6793389,4,947,2,33532000,-1
44401.2846254,4,948,14,33535000,-1
44406.8041187,4,949,11,33540000,1
44416.6733561,4,950,15,33543000,-1
44417.1628093,4,951,17,33546000,-1
44417.3302919,4,952,94,33549000,1
44417.9072949,4,953,4,33552000,-1
44418.740186,4,954,34,33549000,1
44418.8017789,4,955,3,33545000,1
44420.1699226,4,956,2,33542000,-1
44422.8340489,4,957,9,33546000,-1
44426.1873657,4,958,22,33549000,-1
44426.1886623,4,959,16,33552000,-1
44426.1886699,4,960,5,33555000,-1
44427.2752555,4,961,7,33552000,1
44438.6618776,4,962,1,33549000,1
44441.188621,4,963,18,33553000,-1
44441.188633,4,964,1,33556000,-1
44447.3344446,4,965,6,33553000,1
44469.6022738,4,966,16,33550000,1
44477.6360546,4,967,4,33546000,1
44482.3801667,4,968,2,33549000,1
44484.9978062,4,969,1,33546000,1
44490.9673026,4,970,1,33553000,1
44493.8594368,4,971,7,33556000,1
44495.2989111,4,972,3,33553000,-1
44502.9546382,4,973,1,33556000,-1
44506.8222095,4,974,2,33553000,-1
44524.5987022,4,975,17,33556000,1
44526.3670138,4,976,4,33553000,-1
44527.2382987,4,977,5,33556000,-1
44527.2551044,4,978,16,33559000,-1
44527.2551353,4,979,1,33562000,-1
44530.3563679,4,980,3,33559000,1
44532.2772842,4,981,5,33556000,1
44533.3742976,4,982,2,33553000,-1
44533.5623157,4,983,18,33556000,-1
44533.5623297,4,984,2,33559000,-1
44540.9932356,4,985,6,33556000,1
44547.062273,4,986,17,33559000,-1
44550.5781896,4,987,16,33562000,-1
44560.3709184,4,988,13,33565000,1
44566.133258,4,989,52,33568000,1
44566.8739005,4,990,2,33564000,-1
44577.9400721,4,991,19,33567000,-1
44578.5840187,4,992,3,33570000,-1
44586.9394039,4,993,1,33567000,-1
44588.063657,4,994,14,33571000,-1
44588.0664416,4,995,30,33574000,-1
44588.0690135,4,996,29,33577000,-1
44588.2458406,4,997,22,33580000,-1
44588.4825178,4,998,2,33577000,1
44597.8775103,4,999,20,33574000,1
44598.8640434,4,1000,1,33571000,1
44607.2486123,4,1001,9,33574000,-1
44609.801455,4,1002,4,33577000,1
44612.3037969,4,1003,1,33574000,1
44612.9083223,4,1004,15,33577000,-1
44612.9795176,4,1005,17,33580000,-1
44612.9806834,4,1006,21,33583000,-1
44612.9817338,4,1007,10,33586000,-1
44613.2301319,4,1008,1,33582000,1
44614.0901229,4,1009,5,33579000,-1
44618.712509,4,1010,9,33582000,1
44621.115578,4,1011,3,33579000,1
44631.5193857,4,1012,1,33576000,1
44632.9228525,4,1013,3,33580000,1
44634.6237776,4,1014,8,33577000,1
44636.5689989,4,1015,9,33574000,1
44670.4786186,4,1016,7,33571000,1
44680.816107,4,1017,15,33568000,1
44681.1525613,4,1018,8,33565000,1
44682.7325654,4,1019,2,33562000,-1
44700.1321197,4,1020,6,33565000,-1
44701.0803619,4,1021,17,33569000,-1
44702.4235643,4,1022,10,33572000,-1
44703.897581,4,1023,8,33575000,1
44707.8636682,4,1024,6,33571000,-1
44709.2980285,4,1025,3,33575000,1
44717.0016904,4,1026,2,33571000,1
44723.4063312,4,1027,1,33575000,-1
44726.8489294,4,1028,1,33572000,1
44728.0444008,4,1029,5,33575000,1
44730.5715421,4,1030,2,33572000,-1
44735.8974667,4,1031,1,33575000,1
44739.0048769,4,1032,6,33578000,-1
44742.3716396,4,1033,20,33581000,1
44742.3900916,4,1034,1,33578000,1
44745.4204318,4,1035,2,33581000,1
44752.1917193,4,1036,2,33584000,1
44760.0633038,4,1037,9,33579000,1
44767.5142269,4,1038,5,33576000,1
44770.4141213,4,1039,8,33573000,-1
44770.7443481,4,1040,1,33577000,-1
44778.135773,4,1041,3,33574000,-1
44778.1934,4,1042,19,33577000,-1
44778.241699,4,1043,1,33580000,-1
44780.5139965,4,1044,30,33583000,-1
44782.6154909,4,1045,2,33586000,1
44788.0474336,4,1046,2,33582000,-1
44792.2115636,4,1047,18,33585000,1
44803.1161169,4,1048,22,33581000,1
44803.1576679,4,1049,1,33578000,1
44811.3350823,4,1050,4,33581000,1
44811.4335399,4,1051,5,33578000,1
44817.6737893,4,1052,1,33575000,1
44825.3137883,4,1053,11,33578000,1
44825.33573,4,1054,5,33575000,1
44827.0855309,4,1055,6,33572000,-1
44838.538019,4,1056,3,33575000,-1
44849.8097332,4,1057,5,33578000,1
44851.874296,4,1058,2,33575000,-1
44862.7678621,4,1059,1,33578000,1
44873.6876231,4,1060,4,33581000,-1
44874.4482155,4,1061,3,33584000,-1
44875.5240457,4,1062,4,33587000,-1
44875.9857611,4,1063,7,33590000,-1
44880.1668205,4,1064,66,33593000,-1
44880.2480694,4,1065,3,33596000,1
44881.6017897,4,1066,16,33593000,1
44882.0618461,4,1067,11,33590000,1
44882.4585318,4,1068,15,33587000,1
44882.5470181,4,1069,23,33584000,1
44882.7888598,4,1070,30,33581000,1
44883.0015889,4,1071,15,33578000,1
44883.2312933,4,1072,35,33575000,1
44883.2313037,4,1073,1,33572000,1
44883.6122827,4,1074,9,33576000,1
44883.6123262,4,1075,1,33573000,1
44884.2269279,4,1076,1,33576000,-1
44884.9984753,4,1077,2,33580000,1
44884.9984838,4,1078,1,33577000,1
44886.1269096,4,1079,3,33581000,-1
44901.3926185,4,1080,12,33584000,1
44903.7512441,4,1081,3,33581000,1
44907.6709598,4,1082,8,33578000,1
44908.5013238,4,1083,6,33575000,-1
44908.5201097,4,1084,1,33578000,-1
44911.7918001,4,1085,1,33575000,1
44917.8111568,4,1086,11,33578000,-1
44923.6797284,4,1087,6,33584000,1
44923.6797484,4,1088,1,33581000,1
44935.5091874,4,1089,10,33584000,1
44935.5107366,4,1090,14,33581000,1
44942.2391767,4,1091,4,33578000,-1
44951.9926877,4,1092,14,33581000,-1
44968.1675418,4,1093,6,33585000,-1
44974.8524471,4,1094,2,33588000,1
44979.9301072,4,1095,24,33585000,1
44985.7044225,4,1096,5,33582000,1
44986.2020479,4,1097,1,33579000,1
45000.1340272,4,1098,4,33582000,-1
45004.9195955,4,1099,1,33585000,-1
45011.8502083,4,1100,7,33582000,-1
45021.2419881,4,1101,7,33585000,-1
45023.6888074,4,1102,10,33588000,1
45040.2942038,4,1103,7,33585000,1
45043.4522344,4,1104,2,33582000,1
45048.7413047,4,1105,2,33579000,-1
45056.3720638,4,1106,12,33583000,-1
45060.7378239,4,1107,1,33586000,1
45066.2283241,4,1108,6,33591000,-1
45068.6475347,4,1109,6,33596000,1
45075.021312,4,1110,9,33593000,1
45090.5126803,4,1111,5,33596000,-1
45105.2816254,4,1112,5,33599000,-1
45116.7374642,4,1113,8,33602000,1
45123.0566352,4,1114,10,33599000,1
45127.1800634,4,1115,7,33602000,1
45141.5688029,4,1116,9,33599000,1
45145.0475343,4,1117,4,33604000,1
45153.347253,4,1118,2,33601000,-1
45158.2486749,4,1119,9,33605000,1
45162.093289,4,1120,20,33602000,-1
45180.9604691,4,1121,5,33605000,1
45182.1430133,4,1122,12,33609000,-1
45182.2617048,4,1123,1,33612000,-1
45191.3403304,4,1124,20,33609000,-1
45192.3222686,4,1125,7,33612000,1
45192.3290661,4,1126,1,33608000,1
45193.2063217,4,1127,12,33611000,1
45209.6687597,4,1128,41,33608000,1
45212.2563981,4,1129,15,33611000,1
45214.1964946,4,1130,19,33608000,1
45216.3135801,4,1131,3,33605000,1
45223.296025,4,1132,17,33608000,1
45227.1838467,4,1133,1,33605000,1
45232.1969825,4,1134,25,33608000,1
45240.6671193,4,1135,11,33605000,1
45247.8182042,4,1136,5,33609000,-1
45249.3905004,4,1137,6,33612000,1
45250.1193695,4,1138,1,33609000,1
45254.19812,4,1139,9,33612000,1
45263.1670596,4,1140,23,33609000,1
45269.3793732,4,1141,8,33606000,-1
45271.9562991,4,1142,1,33609000,-1
45278.7073316,4,1143,3,33606000,1
45280.2212151,4,1144,4,33603000,1
45280.9447649,4,1145,1,33600000,1
45282.360421,4,1146,5,33603000,1
45285.8624668,4,1147,4,33600000,1
45288.681632,4,1148,12,33596000,1
45290.9984838,4,1149,1,33593000,1
45294.691875,4,1150,5,33596000,-1
45307.5125014,4,1151,16,33599000,1
45314.0639148,4,1152,1,33596000,-1
45318.5630871,4,1153,4,33592000,1
45328.4973823,4,1154,1,33589000,-1
45332.8463576,4,1155,3,33585000,1
45339.9288101,4,1156,13,33588000,1
45342.0201286,4,1157,1,33591000,-1
45351.5087981,4,1158,1,33587000,1
45376.3155359,4,1159,5,33590000,-1
45379.2164475,4,1160,5,33593000,1
45389.7673148,4,1161,9,33600000,-1
45401.694267,4,1162,12,33603000,-1
45405.554183,4,1163,15,33606000,-1
45412.4870316,4,1164,26,33609000,-1
45412.5114166,4,1165,2,33612000,1
45414.2403844,4,1166,6,33609000,-1
45414.2615229,4,1167,1,33612000,-1
45414.7214098,4,1168,2,33609000,-1
45414.9781807,4,1169,1,33612000,-1
45423.0074926,4,1170,10,33609000,1
45423.7064644,4,1171,1,33606000,1
45436.4170138,4,1172,5,33609000,1
45444.9886832,4,1173,19,33606000,1
45449.7621171,4,1174,2,33610000,1
45461.1036353,4,1175,1,33607000,1
45464.1143599,4,1176,6,33610000,1
45472.0194405,4,1177,26,33607000,-1
45480.5785756,4,1178,2,33610000,-1
45503.9125363,4,1179,81,33605000,1
45503.9490169,4,1180,20,33602000,1
45505.6957628,4,1181,4,33599000,-1
45509.2825633,4,1182,2,33605000,1
45526.3923732,4,1183,9,33602000,-1
45546.8861319,4,1184,1,33605000,-1
45549.4780026,4,1185,4,33602000,-1
45562.2924253,4,1186,7,33605000,-1
45563.3468883,4,1187,1,33608000,-1
45565.8733993,4,1188,2,33605000,-1
45570.1510461,4,1189,1,33608000,-1
45586.2162319,4,1190,1,33603000,-1
45589.7117817,4,1191,11,33600000,1
45589.7150197,4,1192,2,33597000,1
45591.7160914,4,1193,4,33600000,1
45596.479573,4,1194,1,33594000,-1
45598.7623289,4,1195,2,33590000,1
45603.7093598,4,1196,7,33587000,1
45605.85381,4,1197,9,33584000,1
45605.9574524,4,1198,4,33580000,1
45606.5647762,4,1199,16,33577000,1
45609.2489,4,1200,23,33574000,-1
45610.6138454,4,1201,2,33577000,1
45611.0363874,4,1202,1,33574000,-1
45613.21909,4,1203,3,33571000,-1
45614.9118165,4,1204,8,33574000,-1
45628.7137817,4,1205,3,33577000,1
45637.8863901,4,1206,2,33580000,-1
45642.79316,4,1207,14,33577000,-1
45642.793183,4,1208,1,33580000,-1
45653.3589409,4,1209,4,33575000,1
45653.3589657,4,1210,1,33572000,1
45665.4358803,4,1211,3,33576000,1
45670.7680583,4,1212,6,33573000,1
45676.4678232,4,1213,4,33570000,1
45676.6357836,4,1214,3,33567000,-1
45676.6448078,4,1215,1,33570000,-1
45677.1394832,4,1216,1,33567000,1
45678.0134801,4,1217,3,33570000,1
45678.0134857,4,1218,1,33567000,1
45680.8262252,4,1219,8,33570000,1
45682.5963215,4,1220,2,33567000,-1
45682.5991517,4,1221,17,33570000,-1
45685.7490486,4,1222,3,33573000,-1
45698.7658917,4,1223,3,33570000,1
45704.4279986,4,1224,1,33567000,1
45711.7108255,4,1225,2,33564000,-1
45716.9230766,4,1226,1,33567000,-1
45725.959112,4,1227,2,33562000,-1
45727.3469058,4,1228,3,33565000,-1
45727.9198577,4,1229,1,33569000,1
45731.6511185,4,1230,5,33573000,-1
45734.4891723,4,1231,7,33577000,-1
45739.0605082,4,1232,15,33580000,-1
45754.2099057,4,1233,4,33583000,-1
45773.1672577,4,1234,3,33586000,1
45780.0246925,4,1235,1,33583000,1
45794.4097422,4,1236,6,33588000,1
45813.248512,4,1237,3,33585000,-1
45820.0053438,4,1238,1,33588000,-1
45828.9797554,4,1239,7,33585000,-1
45836.6640319,4,1240,3,33588000,1
45836.6910812,4,1241,19,33585000,1
45840.2535998,4,1242,2,33589000,1
45851.8057139,4,1243,1,33592000,-1
45855.2460184,4,1244,2,33589000,1
45873.3622631,4,1245,1,33593000,-1
45880.8385968,4,1246,2,33590000,-1
45918.54559,4,1247,9,33594000,1
45926.2119757,4,1248,4,33597000,-1
45939.367482,4,1249,7,33600000,-1
45953.1667928,4,1250,1,33603000,-1
45958.2740233,4,1251,5,33606000,-1
45958.4201412,4,1252,4,33609000,1
45969.3329438,4,1253,11,33606000,1
45981.0495532,4,1254,2,33603000,1
45991.3432201,4,1255,7,33606000,1
45991.6341165,4,1256,14,33602000,1
45994.3300671,4,1257,2,33599000,-1
46002.2408578,4,1258,8,33602000,-1
46004.1327599,4,1259,2,33605000,1
46008.6771866,4,1260,6,33602000,-1
46018.3614191,4,1261,4,33605000,1
46024.7134643,4,1262,6,33608000,1
46037.4284609,4,1263,17,33605000,1
46037.4390115,4,1264,1,33602000,1
46040.3100025,4,1265,3,33605000,-1
46100.7311929,4,1266,19,33608000,-1
46143.4996687,4,1267,4,33611000,1
46165.6332482,4,1268,7,33608000,1
46172.9428461,4,1269,13,33612000,-1
46172.9428518,4,1270,1,33615000,-1
46173.0136608,4,1271,3,33612000,1
46187.6084949,4,1272,6,33609000,1
46226.6625438,4,1273,13,33606000,1
46231.1397359,4,1274,9,33603000,-1
46238.5405653,4,1275,3,33606000,-1
46238.8121373,4,1276,4,33609000,-1
46239.2102078,4,1277,3,33612000,1
46244.8715998,4,1278,15,33609000,1
46252.6516618,4,1279,2,33606000,1
46263.1153506,4,1280,2,33609000,-1
46267.9539989,4,1281,1,33612000,-1
46301.9356622,4,1282,5,33609000,1
46304.9745548,4,1283,4,33606000,1
46310.2146198,4,1284,2,33601000,-1
46332.1453435,4,1285,3,33604000,-1
46335.6516651,4,1286,2,33601000,-1
46338.7050726,4,1287,4,33605000,-1
46346.811588,4,1288,5,33608000,-1
46351.3257685,4,1289,3,33603000,1
46354.8012772,4,1290,6,33600000,1
46363.2654177,4,1291,2,33597000,-1
46365.8511501,4,1292,1,33601000,1
46387.304885,4,1293,1,33604000,1
46411.171724,4,1294,12,33607000,1
46413.1465468,4,1295,1,33604000,1
46441.154804,4,1296,17,33609000,-1
46456.7164843,4,1297,3,33606000,-1
46493.2141928,4,1298,5,33609000,-1
46502.9842699,4,1299,1,33605000,-1
46548.0922872,4,1300,4,33602000,-1
46553.4366383,4,1301,1,33606000,-1
46561.5827157,4,1302,13,33602000,1
46570.0266634,4,1303,1,33599000,1
46612.5214039,4,1304,7,33602000,1
46617.8952643,4,1305,1,33599000,-1
46628.9016708,4,1306,11,33602000,-1
46631.5390454,4,1307,12,33597000,1
46637.0248546,4,1308,7,33594000,-1
46640.2710889,4,1309,4,33597000,-1
46644.0221408,4,1310,6,33594000,-1
46645.1094253,4,1311,1,33597000,-1
46645.9262167,4,1312,3,33594000,1
46646.4371555,4,1313,1,33591000,1
46681.024623,4,1314,5,33595000,1
46686.0120746,4,1315,7,33591000,1
46700.7796279,4,1316,1,33588000,1
46716.490878,4,1317,1,33593000,-1
46726.6896391,4,1318,3,33590000,1
46744.718323,4,1319,13,33586000,1
46748.2542183,4,1320,1,33583000,1
46755.2125045,4,1321,1,33586000,-1
46764.8395172,4,1322,11,33583000,1
46769.4823306,4,1323,7,33580000,-1
46800.0767769,4,1324,26,33583000,1
46800.3371788,4,1325,2,33580000,1
46800.4642457,4,1326,11,33577000,1
46800.6822055,4,1327,13,33574000,1
46802.7860518,4,1328,20,33571000,1
46803.3529276,4,1329,6,33568000,-1
46803.5556964,4,1330,2,33571000,1
46804.4632637,4,1331,4,33568000,1
46805.7329001,4,1332,2,33565000,-1
46806.3250316,4,1333,1,33568000,-1
46806.8009903,4,1334,5,33571000,-1
46810.5018658,4,1335,1,33574000,1
46811.2715397,4,1336,1,33577000,1
46815.6002767,4,1337,4,33580000,1
46818.2534726,4,1338,1,33577000,1
46819.2680956,4,1339,4,33580000,-1
46826.1004593,4,1340,13,33583000,-1
46827.1016472,4,1341,1,33586000,1
46830.150166,4,1342,20,33582000,-1
46831.5385535,4,1343,10,33585000,-1
46832.9535556,4,1344,1,33582000,-1
46837.5974388,4,1345,1,33585000,-1
46839.1231864,4,1346,1,33582000,-1
46844.9740031,4,1347,5,33579000,-1
46855.6176291,4,1348,13,33582000,1
46860.253181,4,1349,3,33579000,-1
46873.517579,4,1350,2,33582000,-1
46877.3600066,4,1351,3,33578000,1
46893.9410329,4,1352,10,33575000,-1
46899.6909196,4,1353,1,33578000,-1
46904.2701435,4,1354,1,33572000,1
46910.1205691,4,1355,4,33576000,1
46918.4493039,4,1356,11,33579000,1
46922.7659238,4,1357,1,33582000,1
46930.5060025,4,1358,7,33578000,1
46938.3209191,4,1359,2,33575000,-1
46944.3587384,4,1360,3,33578000,-1
46963.7448046,4,1361,11,33581000,-1
46970.0663811,4,1362,1,33578000,-1
46979.3610013,4,1363,10,33573000,1
46986.3701363,4,1364,4,33578000,-1
46986.7281746,4,1365,1,33581000,-1
46993.3727942,4,1366,1,33578000,-1
46996.8881959,4,1367,6,33574000,-1
47005.2128842,4,1368,6,33577000,1
47022.6901199,4,1369,9,33573000,-1
47040.2040124,4,1370,3,33576000,-1
47045.106257,4,1371,10,33579000,-1
47052.8979703,4,1372,8,33582000,-1
47053.0453711,4,1373,3,33585000,1
47056.0221615,4,1374,7,33582000,-1
47068.2613132,4,1375,2,33578000,-1
47072.5623448,4,1376,4,33581000,-1
47073.0796543,4,1377,8,33585000,1
47074.0027281,4,1378,4,33582000,1
47082.0898362,4,1379,18,33588000,-1
47082.5220485,4,1380,5,33593000,1
47096.0964306,4,1381,25,33596000,-1
47101.6102589,4,1382,41,33599000,1
47104.1059164,4,1383,7,33596000,1
47106.2808634,4,1384,4,33593000,1
47107.5155006,4,1385,1,33590000,1
47122.7800912,4,1386,8,33593000,-1
47141.1573227,4,1387,1,33586000,-1
47147.9105617,4,1388,6,33582000,1
47149.9407925,4,1389,4,33578000,-1
47159.8987587,4,1390,10,33581000,-1
47165.8428369,4,1391,2,33575000,-1
47169.675659,4,1392,3,33578000,-1
47175.0022406,4,1393,1,33581000,-1
47180.1131775,4,1394,1,33577000,-1
47190.4766015,4,1395,1,33580000,1
47190.9027272,4,1396,1,33584000,1
47196.5825172,4,1397,12,33587000,-1
47200.8516262,4,1398,5,33590000,1
47210.4404155,4,1399,5,33587000,1
47211.2711098,4,1400,5,33582000,1
47216.0154206,4,1401,1,33578000,1
47228.5707258,4,1402,1,33581000,-1
47235.5526762,4,1403,2,33585000,1
47248.9245297,4,1404,7,33580000,1
47253.9665677,4,1405,2,33577000,1
47264.5799008,4,1406,2,33585000,-1
47270.5203976,4,1407,6,33581000,-1
47290.3168156,4,1408,3,33584000,-1
47296.5058962,4,1409,1,33587000,1
47301.9338775,4,1410,10,33590000,-1
47302.1089941,4,1411,11,33593000,-1
47331.2523601,4,1412,10,33596000,1
47340.4122623,4,1413,2,33593000,-1
47353.806595,4,1414,3,33596000,1
47381.914754,4,1415,2,33590000,1
47402.610925,4,1416,5,33587000,1
47402.6109309,4,1417,1,33584000,1
47404.6316763,4,1418,12,33587000,1
47407.8336608,4,1419,4,33584000,-1
47416.6008216,4,1420,2,33587000,-1
47430.320058,4,1421,1,33584000,1
47440.6053034,4,1422,1,33587000,1
47441.23653,4,1423,7,33591000,-1
47441.6817328,4,1424,7,33594000,1
47441.6817412,4,1425,1,33591000,1
47445.3880812,4,1426,2,33594000,1
47452.2344923,4,1427,5,33590000,1
47460.780312,4,1428,3,33586000,-1
47461.3740895,4,1429,3,33592000,1
47468.6287056,4,1430,2,33589000,-1
47469.5956051,4,1431,12,33592000,-1
47496.2628441,4,1432,12,33595000,1
47496.3820445,4,1433,1,33592000,-1
47498.4206461,4,1434,12,33596000,-1
47501.728648,4,1435,1,33599000,-1
47523.7130055,4,1436,1,33594000,1
47529.2585245,4,1437,5,33591000,-1
47549.1962834,4,1438,25,33596000,-1
47549.2659891,4,1439,34,33599000,-1
47556.6341675,4,1440,22,33602000,1
47568.9558819,4,1441,1,33607000,1
47570.2201479,4,1442,10,33610000,-1
47578.7512579,4,1443,8,33613000,-1
47585.4065579,4,1444,5,33609000,1
47602.6617166,4,1445,23,33606000,-1
47615.5877044,4,1446,1,33610000,-1
47626.8970917,4,1447,11,33606000,1
47634.7568101,4,1448,8,33602000,1
47635.1990536,4,1449,4,33599000,1
47637.0972019,4,1450,47,33596000,-1
47648.6303997,4,1451,23,33599000,1
47668.918646,4,1452,6,33595000,1
47691.9812459,4,1453,1,33600000,1
47700.7990336,4,1454,1,33604000,-1
47705.0110986,4,1455,10,33607000,-1
47707.7163278,4,1456,4,33610000,1
47709.4271368,4,1457,3,33607000,1
47710.7950579,4,1458,2,33604000,-1
47710.8282747,4,1459,1,33607000,-1
47721.4357867,4,1460,10,33604000,1
47752.037878,4,1461,17,33608000,1
47752.0378842,4,1462,1,33605000,1
47755.2298471,4,1463,3,33601000,1
47774.712446,4,1464,13,33604000,1
47778.1903714,4,1465,6,33601000,1
47785.167257,4,1466,4,33598000,1
47791.1862238,4,1467,4,33595000,-1
47803.0761162,4,1468,1,33598000,-1
47813.6918991,4,1469,2,33593000,-1
47823.949618,4,1470,10,33596000,-1
47823.996366,4,1471,17,33599000,1
47824.1321374,4,1472,2,33602000,-1
47844.0167469,4,1473,5,33605000,-1
47849.8339828,4,1474,3,33608000,1
47850.2168676,4,1475,1,33605000,1
47857.9107251,4,1476,3,33602000,-1
47859.4529803,4,1477,13,33605000,1
47867.9502868,4,1478,109,33602000,1
47867.9700594,4,1479,12,33599000,1
47868.0904413,4,1480,11,33596000,1
47868.2264562,4,1481,2,33593000,1
47882.6005035,4,1482,12,33596000,-1
47890.1002562,4,1483,7,33599000,-1
47902.1748884,4,1484,8,33602000,-1
47926.6500852,4,1485,4,33606000,-1
47947.0702246,4,1486,20,33609000,-1
47947.6863817,4,1487,14,33612000,-1
47948.9558779,4,1488,24,33615000,-1
47949.9021974,4,1489,2,33619000,1
47954.7274676,4,1490,14,33615000,-1
47959.9351761,4,1491,17,33618000,-1
47960.6242091,4,1492,2,33621000,-1
47974.052913,4,1493,12,33616000,1
48000.620576,4,1494,11,33613000,-1
48011.4240129,4,1495,4,33619000,-1
48014.0161215,4,1496,7,33622000,-1
48016.7119182,4,1497,17,33625000,-1
48025.4331151,4,1498,5,33628000,-1
48029.6540377,4,1499,1,33631000,-1
48031.1987024,4,1500,2,33628000,-1
48033.6706238,4,1501,6,33631000,1
48037.0059323,4,1502,2,33628000,-1
48042.6011705,4,1503,3,33631000,1
48045.1110503,4,1504,9,33628000,1
48045.1354907,4,1505,1,33625000,1
48045.4956725,4,1506,1,33628000,-1
48052.560655,4,1507,11,33625000,1
48056.8038387,4,1508,7,33621000,-1
48059.6172678,4,1509,1,33624000,-1
48063.5896747,4,1510,13,33620000,1
48064.3713725,4,1511,3,33617000,-1
48069.220521,4,1512,11,33620000,1
48097.8801377,4,1513,17,33615000,-1
48104.2453108,4,1514,7,33618000,1
48118.6080597,4,1515,1,33614000,1
48122.4429093,4,1516,1,33617000,-1
48127.9901421,4,1517,3,33614000,-1
48133.5793199,4,1518,6,33617000,1
48164.2063136,4,1519,12,33620000,-1
48167.0669077,4,1520,4,33623000,1
48191.4037562,4,1521,15,33620000,-1
48195.2951249,4,1522,7,33623000,-1
48199.3496878,4,1523,12,33626000,1
48205.3907305,4,1524,1,33623000,1
48213.8575252,4,1525,9,33626000,-1
48214.7009794,4,1526,22,33629000,1
48216.0841452,4,1527,2,33625000,-1
48226.2713469,4,1528,3,33628000,1
48226.4850341,4,1529,28,33631000,-1
48226.7139071,4,1530,10,33634000,-1
48227.6382317,4,1531,34,33637000,-1
48228.6697883,4,1532,15,33640000,1
48237.1571022,4,1533,20,33637000,1
48237.4302195,4,1534,30,33640000,-1
48244.9919323,4,1535,33,33643000,-1
48244.9963158,4,1536,28,33646000,-1
48245.0638294,4,1537,2,33649000,-1
48246.314897,4,1538,5,33645000,1
48251.0292101,4,1539,2,33642000,1
48253.0264086,4,1540,1,33639000,1
48256.2832243,4,1541,2,33642000,-1
48261.1021108,4,1542,5,33645000,1
48270.9203341,4,1543,37,33642000,1
48271.4523854,4,1544,18,33639000,-1
48283.7223096,4,1545,13,33642000,-1
48283.7310782,4,1546,27,33645000,-1
48283.7478828,4,1547,66,33648000,-1
48283.7535004,4,1548,34,33651000,-1
48284.3673127,4,1549,71,33654000,-1
48290.9790533,4,1550,9,33651000,1
48292.7476568,4,1551,9,33654000,-1
48293.5339387,4,1552,2,33657000,1
48297.000369,4,1553,10,33654000,1
48299.0135283,4,1554,2,33660000,1
48301.4433913,4,1555,19,33657000,1
48303.1198844,4,1556,13,33661000,-1
48304.2752102,4,1557,8,33664000,-1
48308.42123,4,1558,2,33660000,-1
48309.9120493,4,1559,2,33657000,-1
48311.782277,4,1560,12,33660000,1
48311.839203,4,1561,7,33657000,1
48317.2193258,4,1562,3,33660000,-1
48318.2754095,4,1563,4,33664000,1
48319.5188218,4,1564,1,33661000,1
48322.5193639,4,1565,7,33664000,1
48325.6868795,4,1566,13,33661000,1
48328.1698369,4,1567,20,33658000,-1
48328.6084387,4,1568,1,33654000,1
48332.28131,4,1569,3,33657000,1
48336.9528729,4,1570,8,33652000,1
48338.5757397,4,1571,7,33649000,1
48354.3681913,4,1572,2,33652000,1
48357.7242278,4,1573,1,33649000,1
48358.3224095,4,1574,1,33653000,-1
48362.1879496,4,1575,29,33650000,1
48364.0770396,4,1576,8,33647000,-1
48364.0770444,4,1577,1,33650000,-1
48366.4841887,4,1578,5,33646000,1
48370.2665675,4,1579,11,33643000,1
48371.0742008,4,1580,1,33646000,-1
48382.928803,4,1581,15,33643000,1
48383.6482488,4,1582,1,33640000,-1
48392.1495668,4,1583,18,33644000,-1
48393.3341456,4,1584,9,33647000,-1
48397.7891595,4,1585,7,33650000,-1
48400.4829732,4,1586,4,33653000,1
48400.6438545,4,1587,3,33650000,-1
48402.5561926,4,1588,4,33653000,1
48404.6789797,4,1589,10,33650000,1
48404.7051493,4,1590,2,33647000,-1
48407.9957258,4,1591,4,33650000,1
48408.5166822,4,1592,6,33646000,1
48408.9903987,4,1593,9,33642000,1
48421.7178844,4,1594,20,33639000,1
48421.8243084,4,1595,6,33636000,1
48422.7271771,4,1596,1,33633000,1
48423.7343276,4,1597,3,33639000,1
48424.6805728,4,1598,2,33635000,-1
48429.0433471,4,1599,25,33638000,1
48429.7206847,4,1600,1,33641000,-1
48433.4543562,4,1601,2,33638000,1
48436.810067,4,1602,6,33641000,1
48443.6292129,4,1603,3,33637000,-1
48443.6333779,4,1604,18,33640000,-1
48443.636048,4,1605,26,33643000,-1
48443.636073,4,1606,1,33646000,-1
48453.5557239,4,1607,9,33643000,1
48458.8617339,4,1608,6,33640000,1
48459.6127993,4,1609,3,33637000,1
48461.1439423,4,1610,2,33640000,1
48461.2917318,4,1611,8,33637000,1
48464.6039743,4,1612,1,33640000,-1
48477.2856386,4,1613,6,33637000,-1
48493.1217784,4,1614,7,33631000,-1
48494.838867,4,1615,16,33628000,1
48502.0462054,4,1616,3,33631000,1
48509.6196888,4,1617,10,33635000,-1
48522.2164825,4,1618,4,33638000,1
48523.7806687,4,1619,5,33642000,1
48525.102901,4,1620,6,33639000,1
48525.1818661,4,1621,15,33636000,1
48530.7754348,4,1622,3,33640000,-1
48530.8488218,4,1623,14,33643000,-1
48541.3958511,4,1624,8,33639000,-1
48541.4199805,4,1625,19,33642000,-1
48548.2101419,4,1626,4,33645000,-1
48552.7639438,4,1627,11,33649000,-1
48552.7980952,4,1628,21,33652000,-1
48554.7504755,4,1629,10,33655000,-1
48554.7528028,4,1630,26,33658000,-1
48556.5558063,4,1631,20,33661000,-1
48556.5781457,4,1632,13,33664000,-1
48556.579251,4,1633,6,33667000,-1
48561.7050787,4,1634,17,33664000,-1
48569.7126444,4,1635,3,33667000,1
48571.7528632,4,1636,1,33670000,-1
48572.3692392,4,1637,9,33666000,1
48572.4562938,4,1638,9,33663000,1
48576.7185567,4,1639,9,33668000,-1
48577.8309927,4,1640,1,33671000,1
48578.5902324,4,1641,2,33674000,-1
48578.9474019,4,1642,5,33670000,-1
48581.0354899,4,1643,7,33674000,1
48582.7732168,4,1644,20,33671000,-1
48584.2149892,4,1645,1,33674000,1
48587.3044746,4,1646,9,33671000,1
48594.6590289,4,1647,27,33668000,1
48597.3583068,4,1648,11,33671000,-1
48597.3583154,4,1649,1,33674000,-1
48600.7515273,4,1650,11,33671000,1
48601.2981388,4,1651,7,33674000,-1
48603.8953423,4,1652,46,33669000,1
48606.0560082,4,1653,5,33673000,1
48612.3252278,4,1654,59,33670000,1
48612.3571626,4,1655,14,33667000,1
48612.4132351,4,1656,14,33664000,1
48612.7611381,4,1657,14,33661000,-1
48616.6286204,4,1658,4,33665000,1
48618.8359883,4,1659,2,33660000,-1
48619.731464,4,1660,4,33663000,1
48619.8969416,4,1661,14,33660000,-1
48621.8033455,4,1662,5,33657000,1
48623.8770498,4,1663,2,33653000,-1
48625.0206039,4,1664,5,33656000,-1
48636.9243797,4,1665,9,33661000,-1
48640.6564877,4,1666,4,33658000,1
48640.656547,4,1667,7,33655000,1
48647.4141576,4,1668,1,33658000,-1
48648.5131716,4,1669,6,33662000,-1
48648.7717553,4,1670,18,33665000,-1
48655.642992,4,1671,15,33668000,1
48663.2898362,4,1672,12,33665000,1
48663.2898516,4,1673,1,33662000,1
48667.8561525,4,1674,9,33666000,1
48669.64242,4,1675,2,33663000,-1
48669.8271763,4,1676,1,33666000,-1
48672.6092717,4,1677,1,33669000,1
48678.1295402,4,1678,2,33672000,1
48679.821255,4,1679,9,33675000,-1
48679.8238511,4,1680,24,33678000,-1
48679.826684,4,1681,24,33681000,-1
48679.8290282,4,1682,26,33684000,-1
48679.8310427,4,1683,27,33687000,-1
48679.8310671,4,1684,3,33690000,-1
48680.0231388,4,1685,11,33684000,1
48680.2985261,4,1686,6,33681000,-1
48680.3312696,4,1687,1,33684000,-1
48681.5293548,4,1688,4,33681000,1
48684.9738845,4,1689,48,33678000,1
48685.1339595,4,1690,19,33675000,1
48685.5814425,4,1691,21,33672000,1
48685.6712069,4,1692,26,33669000,1
48685.7590626,4,1693,15,33666000,1
48686.396294,4,1694,51,33663000,1
48687.5311431,4,1695,3,33666000,-1
48688.3916831,4,1696,11,33669000,-1
48689.9215995,4,1697,17,33672000,-1
48691.3379142,4,1698,9,33675000,-1
48691.3419678,4,1699,29,33678000,-1
48692.0227513,4,1700,1,33681000,-1
48697.9711323,4,1701,12,33678000,-1
48701.5730379,4,1702,10,33682000,-1
48703.178579,4,1703,8,33678000,-1
48711.5674745,4,1704,29,33681000,1
48711.6019707,4,1705,5,33678000,1
48713.1305489,4,1706,14,33674000,1
48714.784999,4,1707,3,33671000,1
48717.2335351,4,1708,6,33668000,1
48717.9028759,4,1709,2,33665000,-1
48723.0560127,4,1710,11,33668000,-1
48723.0596748,4,1711,24,33671000,-1
48726.3181832,4,1712,14,33674000,1
48726.3972968,4,1713,7,33671000,1
48737.1337587,4,1714,12,33668000,1
48748.344756,4,1715,3,33665000,1
48754.3314723,4,1716,9,33668000,-1
48756.6996616,4,1717,5,33673000,1
48757.4290749,4,1718,1,33670000,-1
48758.7222771,4,1719,3,33666000,-1
48760.8847521,4,1720,5,33669000,1
48764.6647747,4,1721,5,33666000,-1
48769.6027721,4,1722,5,33669000,1
48771.8384035,4,1723,9,33666000,1
48772.5327259,4,1724,6,33663000,1
48780.8940448,4,1725,7,33660000,1
48783.0859714,4,1726,5,33657000,1
48788.5116746,4,1727,14,33654000,1
48798.3948887,4,1728,5,33651000,-1
48801.1619218,4,1729,4,33655000,1
48803.9511228,4,1730,8,33651000,1
48804.0063098,4,1731,4,33648000,1
48810.5067986,4,1732,27,33651000,-1
48811.4172765,4,1733,6,33657000,-1
48813.3821876,4,1734,7,33660000,-1
48813.542716,4,1735,1,33663000,-1
48818.8545844,4,1736,6,33660000,1
48820.8537837,4,1737,3,33657000,1
48826.4327091,4,1738,1,33654000,1
48835.5394884,4,1739,1,33659000,-1
48843.2337149,4,1740,11,33656000,1
48843.6911362,4,1741,1,33651000,1
48849.9563383,4,1742,5,33655000,-1
48853.0066227,4,1743,5,33659000,-1
48854.1874283,4,1744,1,33664000,-1
48865.8472708,4,1745,7,33661000,1
48900.1975581,4,1746,6,33658000,1
48901.1716902,4,1747,6,33654000,1
48901.1780841,4,1748,3,33651000,1
48903.0921249,4,1749,2,33655000,1
48905.3002862,4,1750,6,33650000,1
48908.0177726,4,1751,4,33647000,-1
48912.6950573,4,1752,2,33651000,1
48920.8343905,4,1753,8,33648000,1
48923.0468296,4,1754,10,33645000,1
48926.8668291,4,1755,1,33642000,1
48930.1410286,4,1756,4,33647000,-1
48934.0902071,4,1757,1,33652000,1
48936.105706,4,1758,2,33658000,1
48939.3298627,4,1759,3,33655000,1
48941.6672469,4,1760,2,33658000,1
48941.6673065,4,1761,2,33655000,1
48957.7130622,4,1762,19,33651000,1
48958.0801315,4,1763,2,33648000,-1
48959.0528896,4,1764,1,33645000,1
48967.7030929,4,1765,3,33648000,-1
48972.8682186,4,1766,7,33643000,1
48972.8948286,4,1767,1,33640000,1
48974.4439918,4,1768,1,33644000,-1
48983.1911545,4,1769,4,33649000,-1
48987.0582333,4,1770,4,33655000,-1
48997.3520387,4,1771,4,33660000,1
49002.5069163,4,1772,2,33655000,-1
49004.085878,4,1773,4,33658000,1
49007.6496714,4,1774,3,33651000,1
49008.0804007,4,1775,2,33645000,1
49014.7614856,4,1776,3,33648000,1
49018.6269554,4,1777,26,33644000,1
49024.3657832,4,1778,4,33641000,-1
49025.9295281,4,1779,6,33645000,-1
49035.8055001,4,1780,3,33648000,1
49036.2900858,4,1781,1,33645000,1
49038.7434448,4,1782,9,33642000,1
49046.8428075,4,1783,23,33639000,-1
49055.2969929,4,1784,2,33643000,1
49061.4170388,4,1785,11,33646000,1
49063.9726915,4,1786,3,33643000,-1
49066.550029,4,1787,1,33646000,-1
49071.2750697,4,1788,8,33650000,-1
49071.6587839,4,1789,2,33653000,1
49087.1514259,4,1790,1,33650000,-1
49095.201519,4,1791,1,33647000,1
49104.8783226,4,1792,7,33651000,1
49104.9489885,4,1793,1,33648000,1
49106.2680798,4,1794,1,33651000,1
49110.2383249,4,1795,4,33657000,1
49111.651334,4,1796,5,33653000,-1
49113.855604,4,1797,1,33656000,-1
49117.381289,4,1798,1,33650000,-1
49125.543108,4,1799,6,33645000,-1
49130.0051365,4,1800,6,33649000,-1
49130.0980722,4,1801,2,33652000,-1
49136.4783467,4,1802,2,33655000,-1
49147.7450787,4,1803,2,33650000,1
49151.8339921,4,1804,1,33655000,1
49163.3947338,4,1805,3,33658000,-1
49165.3115405,4,1806,2,33654000,-1
49167.6401655,4,1807,3,33658000,1
49189.0423725,4,1808,9,33654000,-1
49198.0627924,4,1809,3,33658000,-1
49203.7768603,4,1810,1,33661000,1
49207.205216,4,1811,9,33667000,1
49213.610625,4,1812,8,33662000,1
49213.6878086,4,1813,6,33658000,1
49215.9006963,4,1814,2,33654000,1
49216.4872932,4,1815,2,33651000,1
49228.2798802,4,1816,12,33654000,-1
49233.3450316,4,1817,3,33651000,1
49238.9196271,4,1818,9,33648000,1
49242.2131858,4,1819,6,33653000,-1
49249.8395403,4,1820,1,33656000,-1
49256.0414673,4,1821,1,33659000,-1
49256.3874278,4,1822,2,33656000,1
49262.5462207,4,1823,13,33660000,1
49266.6539654,4,1824,9,33657000,1
49271.907087,4,1825,6,33660000,-1
49280.5291928,4,1826,4,33663000,-1
49282.1258146,4,1827,2,33660000,1
49286.1569616,4,1828,5,33663000,-1
49295.8693824,4,1829,3,33666000,-1
49295.9087542,4,1830,35,33669000,-1
49296.039591,4,1831,20,33672000,-1
49303.3370423,4,1832,8,33675000,1
49311.97003,4,1833,8,33671000,1
49315.8803565,4,1834,1,33677000,-1
49316.85405,4,1835,2,33672000,-1
49323.5284264,4,1836,1,33677000,-1
49324.5916624,4,1837,3,33672000,1
49334.7050403,4,1838,9,33669000,1
49335.2468184,4,1839,1,33666000,1
49339.3157671,4,1840,1,33669000,1
49342.5239845,4,1841,2,33672000,1
49349.5244743,4,1842,3,33668000,1
49387.7982242,4,1843,17,33671000,-1
49397.5054479,4,1844,4,33667000,-1
49401.6407336,4,1845,8,33670000,1
49401.6407671,4,1846,1,33667000,1
49410.6383149,4,1847,4,33670000,-1
49417.5823256,4,1848,6,33673000,-1
49420.2413266,4,1849,1,33676000,-1
49424.5693363,4,1850,5,33672000,-1
49426.3677523,4,1851,4,33675000,-1
49442.8672146,4,1852,39,33678000,-1
49444.4076089,4,1853,3,33681000,1
49452.8811145,4,1854,6,33678000,1
49459.8645846,4,1855,1,33681000,-1
49461.7490486,4,1856,1,33678000,1
49465.1483401,4,1857,3,33675000,-1
49468.3737719,4,1858,1,33678000,1
49478.030813,4,1859,15,33682000,-1
49480.3524086,4,1860,1,33685000,-1
49482.0714998,4,1861,3,33688000,1
49483.3506846,4,1862,12,33685000,1
49483.6517808,4,1863,8,33682000,1
49487.3760283,4,1864,2,33685000,1
49489.5462791,4,1865,1,33682000,1
49494.1116234,4,1866,3,33686000,1
49495.4710919,4,1867,6,33683000,-1
49498.6272467,4,1868,9,33686000,1
49501.615568,4,1869,2,33683000,-1
49503.6245942,4,1870,12,33686000,-1
49503.8764489,4,1871,15,33689000,-1
49505.1241687,4,1872,8,33686000,1
49511.375798,4,1873,2,33689000,1
49511.5741964,4,1874,1,33686000,-1
49512.5299125,4,1875,7,33683000,1
49513.2091549,4,1876,6,33679000,1
49520.8433159,4,1877,4,33676000,-1
49521.9157446,4,1878,5,33679000,-1
49528.2403833,4,1879,1,33682000,1
49533.318222,4,1880,1,33689000,-1
49533.9153538,4,1881,2,33686000,-1
49535.2026825,4,1882,8,33689000,-1
49537.9628128,4,1883,22,33692000,-1
49537.9891747,4,1884,3,33695000,1
49544.2638434,4,1885,9,33692000,-1
49546.9305935,4,1886,23,33695000,1
49547.7177759,4,1887,45,33698000,-1
49547.7673366,4,1888,3,33701000,1
49548.2219491,4,1889,1,33698000,1
49552.0781374,4,1890,8,33695000,1
49552.1094408,4,1891,9,33692000,1
49558.017093,4,1892,6,33698000,1
49559.3172832,4,1893,7,33695000,1
49562.0466761,4,1894,3,33692000,-1
49567.0349124,4,1895,8,33695000,1
49567.6703553,4,1896,13,33692000,1
49568.7190681,4,1897,3,33689000,-1
49571.1639849,4,1898,6,33692000,1
49571.6100332,4,1899,5,33689000,1
49572.1375352,4,1900,4,33686000,-1
49583.4145639,4,1901,1,33689000,1
49593.938497,4,1902,3,33695000,-1
49594.9471968,4,1903,1,33698000,-1
49600.6000771,4,1904,16,33695000,1
49601.2759965,4,1905,20,33692000,1
49601.6375161,4,1906,2,33689000,1
49602.6460289,4,1907,3,33692000,-1
49608.4071068,4,1908,6,33695000,1
49614.1799106,4,1909,1,33698000,1
49618.3501154,4,1910,1,33701000,-1
49619.7791817,4,1911,8,33698000,1
49621.2306242,4,1912,24,33695000,1
49625.2070708,4,1913,4,33692000,1
49625.8882654,4,1914,18,33695000,-1
49625.892327,4,1915,30,33698000,-1
49625.9004196,4,1916,37,33701000,-1
49625.9004442,4,1917,1,33704000,-1
49626.2362309,4,1918,4,33699000,1
49628.0008056,4,1919,7,33702000,1
49629.3093575,4,1920,6,33699000,1
49635.0550165,4,1921,15,33696000,-1
49635.2949043,4,1922,20,33699000,1
49642.6518153,4,1923,7,33695000,1
49657.5409856,4,1924,47,33692000,1
49662.6851724,4,1925,20,33689000,1
49666.9444382,4,1926,9,33693000,1
49668.8871668,4,1927,4,33690000,1
49677.7531392,4,1928,1,33694000,-1
49678.4524594,4,1929,11,33691000,1
49679.5795963,4,1930,3,33688000,-1
49679.5910672,4,1931,2,33691000,1
49683.6488406,4,1932,3,33688000,1
49690.9978305,4,1933,14,33685000,1
49694.9409987,4,1934,3,33682000,-1
49712.2194073,4,1935,26,33685000,1
49713.9284463,4,1936,8,33682000,1
49714.7226144,4,1937,4,33679000,1
49725.6636749,4,1938,22,33676000,1
49733.3020676,4,1939,14,33673000,1
49742.2590529,4,1940,5,33670000,1
49743.4510999,4,1941,11,33667000,1
49743.4511153,4,1942,1,33664000,1
49747.3081886,4,1943,5,33668000,-1
49749.9070329,4,1944,6,33671000,-1
49749.9091896,4,1945,1,33674000,-1
49755.331792,4,1946,1,33671000,1
49761.3474061,4,1947,4,33674000,1
49762.7189096,4,1948,6,33670000,1
49764.2982781,4,1949,3,33667000,-1
49775.1449448,4,1950,16,33670000,-1
49777.2394666,4,1951,3,33673000,-1
49777.9310264,4,1952,6,33676000,-1
49780.5928106,4,1953,1,33680000,-1
49801.3686104,4,1954,13,33677000,1
49805.8202155,4,1955,3,33674000,1
49812.9421215,4,1956,10,33671000,1
49825.1046464,4,1957,8,33668000,1
49826.7938196,4,1958,1,33665000,1
49830.8957607,4,1959,6,33679000,1
49830.8957861,4,1960,4,33676000,1
49833.2046686,4,1961,6,33679000,-1
49836.1430503,4,1962,3,33682000,1
49855.0926141,4,1963,9,33679000,-1
49855.2184907,4,1964,5,33682000,1
49855.2514081,4,1965,2,33679000,1
49857.2070601,4,1966,11,33675000,1
49858.4780975,4,1967,2,33670000,1
49862.7527584,4,1968,1,33667000,-1
49871.7331017,4,1969,26,33664000,-1
49871.9906065,4,1970,13,33661000,1
49876.1369116,4,1971,7,33658000,1
49882.3850372,4,1972,1,33663000,1
49883.9917348,4,1973,1,33668000,1
49896.8018561,4,1974,12,33672000,1
49901.0255745,4,1975,1,33669000,1
49901.9530361,4,1976,4,33672000,-1
49912.4118617,4,1977,6,33675000,1
49916.1859827,4,1978,4,33672000,1
49919.9468664,4,1979,6,33669000,-1
49920.7920543,4,1980,7,33672000,-1
49922.6961498,4,1981,1,33675000,-1
49925.8460001,4,1982,10,33672000,1
49928.2040326,4,1983,1,33669000,1
49933.0430114,4,1984,5,33675000,1
49941.3386786,4,1985,1,33672000,1
49944.8779156,4,1986,2,33675000,-1
49951.8194654,4,1987,15,33678000,-1
49955.4942401,4,1988,8,33681000,1
49957.0456399,4,1989,2,33678000,-1
49957.5823534,4,1990,11,33681000,-1
49957.7787489,4,1991,27,33684000,1
49964.9595489,4,1992,1,33681000,1
49982.3310353,4,1993,32,33678000,1
49984.0523892,4,1994,4,33675000,1
49988.5275379,4,1995,2,33670000,1
49997.9360606,4,1996,4,33674000,1
50007.2637197,4,1997,13,33671000,1
50007.2862745,4,1998,5,33674000,1
50007.3177303,4,1999,16,33671000,1
50007.3403132,4,2000,1,33668000,1
50019.8095102,4,2001,2,33678000,-1
50031.0032145,4,2002,8,33675000,1
50031.3951671,4,2003,4,33672000,1
50031.4192548,4,2004,4,33669000,-1
50040.5647507,4,2005,6,33672000,-1
50053.4548094,4,2006,1,33669000,1
50053.9277683,4,2007,1,33673000,1
50065.5881137,4,2008,12,33670000,-1
50074.4582213,4,2009,8,33673000,1
50075.8613052,4,2010,5,33676000,1
50080.1301082,4,2011,3,33672000,-1
50089.0987828,4,2012,18,33675000,-1
50100.1925035,4,2013,69,33679000,-1
50100.8164296,4,2014,6,33682000,1
50103.8643313,4,2015,16,33679000,1
50105.1021843,4,2016,6,33676000,1
50105.1758114,4,2017,2,33673000,1
50112.0616367,4,2018,1,33670000,1
50118.87581,4,2019,8,33673000,-1
50120.6352809,4,2020,26,33669000,-1
50127.048324,4,2021,4,33672000,1
50141.0653375,4,2022,23,33669000,1
50144.6835778,4,2023,1,33673000,1
50146.0698131,4,2024,2,33670000,1
50147.6665538,4,2025,8,33673000,1
50155.1344517,4,2026,1,33670000,1
50166.1113864,4,2027,20,33674000,1
50166.1388467,4,2028,1,33671000,1
50174.1670182,4,2029,8,33675000,1
50180.4879817,4,2030,17,33678000,1
50180.4879869,4,2031,1,33675000,1
50189.3380228,4,2032,7,33678000,1
50194.7248909,4,2033,9,33681000,1
50195.0064328,4,2034,1,33684000,-1
50209.4574303,4,2035,17,33681000,1
50223.1152707,4,2036,5,33678000,-1
50223.2028377,4,2037,4,33681000,-1
50223.6681569,4,2038,5,33684000,1
50238.4015104,4,2039,42,33681000,1
50238.4163553,4,2040,2,33678000,1
50241.7057125,4,2041,10,33672000,1
50241.9871855,4,2042,6,33669000,1
50249.7248871,4,2043,5,33666000,1
50251.0978362,4,2044,1,33663000,1
50253.140285,4,2045,4,33666000,-1
50274.5858447,4,2046,47,33669000,1
50286.1502953,4,2047,11,33666000,1
50289.5182083,4,2048,13,33663000,1
50294.0095247,4,2049,1,33660000,1
50294.0581807,4,2050,1,33663000,-1
50295.6305493,4,2051,26,33660000,1
50297.201767,4,2052,33,33657000,1
50299.5525427,4,2053,1,33654000,1
50306.006238,4,2054,1,33657000,1
50312.4661553,4,2055,10,33660000,1
50315.2001478,4,2056,1,33657000,-1
50318.5266752,4,2057,8,33654000,-1
50318.5266804,4,2058,1,33657000,-1
50326.4042236,4,2059,26,33654000,1
50328.9266076,4,2060,19,33651000,1
50337.5981132,4,2061,6,33654000,1
50352.6058354,4,2062,14,33651000,-1
50355.3492942,4,2063,8,33646000,-1
50364.6135065,4,2064,24,33649000,1
50366.1921221,4,2065,9,33653000,-1
50371.3733051,4,2066,7,33656000,1
50372.4307914,4,2067,1,33659000,1
50381.0846753,4,2068,32,33656000,1
50386.2374344,4,2069,6,33653000,1
50389.0893147,4,2070,16,33650000,1
50389.15673,4,2071,1,33647000,1
50398.3991423,4,2072,45,33650000,-1
50407.4271739,4,2073,26,33647000,-1
50409.0556534,4,2074,4,33644000,1
50412.5247516,4,2075,11,33641000,1
50415.1356928,4,2076,3,33638000,1
50418.5081668,4,2077,5,33635000,-1
50419.3539475,4,2078,3,33638000,-1
50421.7887117,4,2079,16,33641000,1
50421.7920268,4,2080,31,33638000,1
50421.7962551,4,2081,30,33635000,1
50421.9429285,4,2082,131,33632000,1
50421.9510243,4,2083,1,33629000,1
50421.9697199,4,2084,9,33633000,-1
50422.0135624,4,2085,20,33630000,-1
50422.0422918,4,2086,1,33633000,-1
50430.4098619,4,2087,29,33630000,-1
50430.5988264,4,2088,9,33626000,-1
50430.6884355,4,2089,27,33623000,1
50430.68847,4,2090,8,33620000,1
50430.7647586,4,2091,7,33623000,1
50430.8646538,4,2092,5,33620000,1
50432.8751814,4,2093,2,33617000,1
50435.0404057,4,2094,6,33620000,-1
50438.2065824,4,2095,1,33623000,-1
50442.6124604,4,2096,6,33620000,-1
50443.3973995,4,2097,4,33623000,1
50445.2379057,4,2098,10,33620000,1
50446.1556505,4,2099,10,33617000,1
50446.1971547,4,2100,2,33613000,1
50456.8786374,4,2101,2,33616000,1
50457.8923854,4,2102,18,33621000,-1
50458.5504576,4,2103,3,33624000,-1
50459.1619888,4,2104,2,33627000,1
50459.2875095,4,2105,3,33624000,1
50459.4183015,4,2106,5,33620000,1
50461.4883911,4,2107,3,33617000,1
50462.5739373,4,2108,9,33614000,-1
50464.6354493,4,2109,6,33617000,1
50465.141365,4,2110,2,33614000,-1
50467.0947367,4,2111,6,33617000,-1
50471.6335509,4,2112,4,33620000,1
50485.3116784,4,2113,2,33617000,1
50488.5831509,4,2114,12,33621000,1
50490.46608,4,2115,7,33618000,-1
50504.5469983,4,2116,1,33613000,-1
50504.8108533,4,2117,32,33609000,-1
50505.5423361,4,2118,6,33612000,1
50507.8320425,4,2119,12,33609000,1
50509.3690773,4,2120,55,33606000,-1
50509.4186521,4,2121,1,33609000,-1
50514.8297209,4,2122,1,33602000,1
50515.0621265,4,2123,7,33606000,1
50516.5254032,4,2124,17,33603000,1
50520.3338219,4,2125,32,33600000,1
50520.3338397,4,2126,1,33597000,1
50520.9186085,4,2127,8,33600000,1
50523.9791985,4,2128,1,33597000,-1
50524.1005284,4,2129,1,33593000,1
50528.0802805,4,2130,13,33596000,-1
50532.9478791,4,2131,11,33599000,-1
50534.2843103,4,2132,7,33602000,-1
50536.3041175,4,2133,20,33605000,-1
50541.6051685,4,2134,1,33608000,-1
50544.5988925,4,2135,14,33605000,1
50546.8609901,4,2136,7,33602000,1
50547.6918709,4,2137,4,33599000,1
50550.2132161,4,2138,10,33596000,-1
50550.2807325,4,2139,4,33599000,1
50565.483012,4,2140,30,33596000,1
50570.9921785,4,2141,16,33593000,-1
50571.6995868,4,2142,13,33596000,-1
50572.273621,4,2143,2,33599000,1
50574.280073,4,2144,3,33596000,-1
50579.553935,4,2145,24,33599000,-1
50579.6752011,4,2146,16,33602000,-1
50581.8645172,4,2147,12,33605000,-1
50583.2494014,4,2148,13,33608000,-1
50584.4903347,4,2149,9,33605000,1
50586.0556893,4,2150,1,33602000,1
50587.6803874,4,2151,1,33606000,-1
50590.7283226,4,2152,10,33603000,-1
50594.031185,4,2153,2,33606000,1
50595.0767598,4,2154,13,33603000,1
50597.0502626,4,2155,6,33600000,1
50599.2719846,4,2156,10,33597000,1
50600.641413,4,2157,12,33594000,1
50603.65433,4,2158,19,33591000,1
50606.4961816,4,2159,17,33594000,1
50607.6370928,4,2160,30,33591000,-1
50607.7945442,4,2161,10,33594000,-1
50608.2636231,4,2162,8,33597000,-1
50613.5794938,4,2163,8,33600000,1
50615.2872946,4,2164,5,33603000,-1
50616.926222,4,2165,7,33606000,1
50619.8658484,4,2166,11,33603000,1
50627.0600012,4,2167,23,33600000,-1
50629.1583846,4,2168,20,33597000,-1
50630.2428534,4,2169,13,33600000,-1
50631.4376595,4,2170,6,33603000,1
50632.9132112,4,2171,3,33600000,-1
50633.8427879,4,2172,10,33603000,-1
50639.3899798,4,2173,55,33606000,1
50639.3899966,4,2174,1,33603000,1
50641.2291627,4,2175,7,33606000,-1
50641.5950218,4,2176,17,33602000,1
50641.984036,4,2177,1,33599000,1
50644.9200463,4,2178,3,33602000,-1
50647.1207299,4,2179,4,33599000,1
50648.639816,4,2180,1,33596000,1
50649.2384051,4,2181,16,33599000,-1
50656.8373083,4,2182,15,33602000,1
50660.0815006,4,2183,5,33605000,-1
50661.239479,4,2184,14,33608000,-1
50661.282831,4,2185,10,33611000,-1
50662.4621332,4,2186,7,33614000,-1
50663.0342908,4,2187,19,33617000,-1
50665.8183113,4,2188,19,33620000,-1
50670.4563315,4,2189,24,33623000,1
50670.4563371,4,2190,1,33620000,1
50674.8816477,4,2191,5,33623000,-1
50677.7604268,4,2192,21,33627000,-1
50681.8465317,4,2193,19,33630000,1
50684.0507672,4,2194,17,33627000,1
50684.0507772,4,2195,1,33624000,1
50684.9545167,4,2196,1,33627000,-1
50686.8520938,4,2197,12,33624000,-1
50688.5299581,4,2198,26,33627000,1
50690.6721542,4,2199,2,33624000,1
50695.219854,4,2200,9,33621000,-1
50703.0521376,4,2201,5,33624000,1
50704.1201941,4,2202,12,33620000,1
50706.4183294,4,2203,8,33617000,1
50707.5581982,4,2204,1,33613000,-1
50712.1222233,4,2205,17,33617000,-1
50719.0604536,4,2206,5,33614000,-1
50719.654839,4,2207,1,33618000,-1
50721.7264259,4,2208,11,33615000,1
50724.3840495,4,2209,14,33612000,1
50728.6829575,4,2210,5,33609000,1
50739.7438801,4,2211,7,33612000,1
50742.8592012,4,2212,2,33620000,1
50744.8558378,4,2213,1,33617000,1
50749.658064,4,2214,10,33621000,1
50763.0965227,4,2215,23,33618000,1
50763.6643969,4,2216,4,33614000,1
50765.1391936,4,2217,11,33610000,1
50768.1290986,4,2218,15,33607000,1
50782.082091,4,2219,18,33603000,1
50784.7844878,4,2220,13,33600000,1
50787.7253375,4,2221,3,33597000,-1
50790.5298322,4,2222,14,33600000,-1
50798.6393725,4,2223,2,33604000,-1
50803.4984578,4,2224,7,33607000,1
50805.4774303,4,2225,7,33601000,1
50808.3136808,4,2226,5,33598000,1
50809.7827989,4,2227,1,33595000,1
50813.9111718,4,2228,8,33598000,1
50822.7421839,4,2229,1,33601000,-1
50825.0500735,4,2230,1,33604000,-1
50842.0555042,4,2231,17,33601000,1
50851.4656576,4,2232,6,33598000,1
50853.9750472,4,2233,1,33595000,1
50861.2752139,4,2234,5,33600000,1
50861.3056677,4,2235,1,33596000,1
50865.8848133,4,2236,25,33593000,1
50868.4504662,4,2237,15,33590000,1
50868.4512287,4,2238,22,33587000,1
50868.4617191,4,2239,30,33584000,1
50868.4792695,4,2240,57,33581000,1
50868.493336,4,2241,26,33578000,1
50868.495404,4,2242,39,33575000,1
50868.4956687,4,2243,30,33572000,1
50868.4961275,4,2244,30,33569000,1
50868.5033695,4,2245,55,33566000,1
50868.6587873,4,2246,27,33563000,-1
50868.665857,4,2247,6,33569000,-1
50868.7349387,4,2248,21,33563000,-1
50868.8074729,4,2249,32,33567000,-1
50868.8136161,4,2250,1,33570000,-1
50868.817059,4,2251,2,33567000,-1
50868.8287128,4,2252,6,33570000,-1
50868.8678414,4,2253,4,33567000,-1
50869.0435586,4,2254,19,33570000,-1
50869.1763424,4,2255,4,33567000,-1
50869.318726,4,2256,2,33570000,1
50869.5319354,4,2257,5,33567000,1
50870.0031651,4,2258,11,33564000,-1
50870.0665106,4,2259,46,33561000,1
50870.314721,4,2260,7,33558000,-1
50870.3909049,4,2261,8,33561000,-1
50871.5684641,4,2262,6,33564000,-1
50872.4990474,4,2263,21,33561000,-1
50874.0630757,4,2264,12,33564000,-1
50874.0630865,4,2265,1,33567000,-1
50875.0117637,4,2266,3,33564000,-1
50876.3964065,4,2267,2,33568000,-1
50879.0527487,4,2268,16,33571000,-1
50881.9153602,4,2269,1,33574000,-1
50883.9009705,4,2270,7,33570000,1
50885.2413501,4,2271,6,33567000,1
50885.6895239,4,2272,2,33564000,-1
50888.5955748,4,2273,12,33567000,-1
50891.2841274,4,2274,1,33563000,-1
50891.6827358,4,2275,17,33557000,1
50891.683467,4,2276,4,33554000,1
50892.1213674,4,2277,2,33557000,-1
50892.6356408,4,2278,1,33560000,-1
50894.0750838,4,2279,1,33556000,1
50896.521052,4,2280,1,33559000,-1
50898.3022743,4,2281,4,33555000,1
50899.5526823,4,2282,3,33552000,1
50902.3646496,4,2283,14,33555000,-1
50903.5940948,4,2284,9,33558000,1
50911.1255234,4,2285,11,33555000,-1
50917.7042412,4,2286,13,33558000,-1
50917.9793798,4,2287,3,33561000,-1
50917.9794013,4,2288,1,33564000,-1
50921.6018669,4,2289,27,33560000,1
50923.8654309,4,2290,7,33557000,-1
50937.148837,4,2291,10,33561000,1
50938.9873267,4,2292,1,33558000,1
50941.1265637,4,2293,6,33562000,-1
50941.7030626,4,2294,9,33565000,-1
50950.2353424,4,2295,12,33568000,1
50954.8285476,4,2296,2,33565000,-1
50956.5121033,4,2297,4,33568000,-1
50959.1052775,4,2298,2,33571000,1
50968.7618861,4,2299,4,33568000,1
50968.8058303,4,2300,1,33565000,1
50969.1433089,4,2301,1,33568000,-1
50973.9936953,4,2302,5,33565000,-1
50974.6139253,4,2303,2,33568000,1
50982.2674627,4,2304,10,33565000,-1
50983.5979814,4,2305,3,33562000,-1
50984.6935892,4,2306,3,33566000,1
50989.645419,4,2307,5,33563000,-1
50994.3467119,4,2308,2,33566000,-1
50996.5356478,4,2309,11,33563000,1
51000.5176552,4,2310,10,33560000,1
51002.2640221,4,2311,14,33557000,-1
51003.1280364,4,2312,1,33554000,-1
51003.5872416,4,2313,46,33551000,1
51003.6477613,4,2314,9,33548000,1
51003.9699381,4,2315,4,33544000,-1
51004.2299068,4,2316,15,33547000,-1
51004.4378918,4,2317,1,33550000,1
51004.7198663,4,2318,16,33553000,-1
51004.8197452,4,2319,20,33556000,-1
51005.0524956,4,2320,34,33559000,-1
51005.2476198,4,2321,29,33562000,-1
51005.9937947,4,2322,61,33565000,-1
51006.2741891,4,2323,20,33568000,-1
51006.6991806,4,2324,24,33571000,-1
51006.6991974,4,2325,1,33574000,-1
51006.7479974,4,2326,3,33570000,-1
51006.9198457,4,2327,5,33573000,-1
51007.7888736,4,2328,1,33566000,1
51016.0210909,4,2329,6,33571000,-1
51016.2160068,4,2330,2,33568000,1
51016.2335596,4,2331,1,33565000,1
51016.345897,4,2332,10,33568000,-1
51016.7197663,4,2333,1,33571000,-1
51021.4671341,4,2334,1,33568000,-1
51024.3340735,4,2335,1,33564000,1
51029.1609384,4,2336,14,33568000,-1
51031.2162359,4,2337,4,33571000,1
51058.3723668,4,2338,13,33574000,1
51060.4407956,4,2339,7,33571000,1
51062.480224,4,2340,5,33568000,1
51067.8616415,4,2341,2,33571000,1
51074.9419899,4,2342,3,33567000,1
51078.8088117,4,2343,3,33571000,1
51079.2637114,4,2344,2,33567000,1
51080.2037679,4,2345,2,33570000,1
51082.2748243,4,2346,1,33567000,1
51089.455499,4,2347,2,33570000,1
51092.7763515,4,2348,5,33575000,-1
51092.8715604,4,2349,29,33578000,-1
51093.9090333,4,2350,24,33581000,1
51098.8800211,4,2351,5,33578000,-1
51099.2056562,4,2352,16,33581000,-1
51100.1190794,4,2353,2,33584000,1
51101.4489958,4,2354,1,33581000,1
51104.1105338,4,2355,7,33587000,1
51104.2033123,4,2356,1,33583000,1
51105.8092773,4,2357,6,33587000,-1
51107.4443592,4,2358,18,33590000,-1
51107.8278993,4,2359,1,33593000,-1
51114.0214648,4,2360,17,33590000,-1
51118.0188703,4,2361,12,33593000,-1
51118.1454513,4,2362,2,33590000,1
51118.704364,4,2363,5,33587000,1
51118.717094,4,2364,1,33584000,1
51121.3640412,4,2365,1,33581000,1
51125.0361427,4,2366,5,33584000,1
51126.6650388,4,2367,6,33581000,1
51134.1218679,4,2368,2,33585000,-1
51135.421489,4,2369,1,33582000,-1
51141.0460724,4,2370,5,33574000,1
51149.705662,4,2371,14,33571000,1
51155.3502113,4,2372,1,33568000,1
51157.098108,4,2373,8,33572000,1
51161.5924805,4,2374,5,33569000,1
51171.3595451,4,2375,1,33572000,1
51175.3498629,4,2376,3,33576000,1
51191.2495751,4,2377,1,33573000,1
51192.6158316,4,2378,2,33570000,-1
51193.4242065,4,2379,1,33573000,1
51194.3962304,4,2380,4,33569000,1
51194.7684042,4,2381,2,33566000,1
51195.7025451,4,2382,1,33569000,1
51200.3556351,4,2383,1,33573000,1
51203.9415112,4,2384,1,33577000,-1
51210.2712633,4,2385,1,33574000,-1
51220.0250583,4,2386,4,33570000,1
51223.0235793,4,2387,10,33567000,1
51229.0207311,4,2388,3,33564000,1
51238.128124,4,2389,2,33569000,1
51240.2749898,4,2390,4,33566000,1
51241.1185899,4,2391,4,33563000,1
51242.5275985,4,2392,5,33560000,1
51244.0702334,4,2393,1,33563000,1
51248.254415,4,2394,4,33566000,-1
51249.3587346,4,2395,1,33570000,-1
51254.0482091,4,2396,2,33567000,1
51258.6788514,4,2397,2,33564000,1
51264.5015663,4,2398,4,33567000,1
51269.1035349,4,2399,8,33562000,-1
51270.1454878,4,2400,7,33565000,-1
51271.0024422,4,2401,5,33568000,-1
51271.0024522,4,2402,1,33571000,-1
51271.7895632,4,2403,4,33568000,1
51272.627665,4,2404,1,33565000,1
51278.4020436,4,2405,1,33568000,-1
51282.3368793,4,2406,1,33565000,-1
51284.442423,4,2407,4,33568000,1
51286.700893,4,2408,4,33565000,-1
51292.3878924,4,2409,11,33569000,-1
51301.1220345,4,2410,39,33572000,1
51302.3268775,4,2411,7,33569000,1
51302.5944241,4,2412,9,33566000,1
51302.6522217,4,2413,2,33563000,1
51315.2332915,4,2414,8,33566000,-1
51318.3686862,4,2415,1,33569000,1
51320.548084,4,2416,10,33572000,-1
51322.0722757,4,2417,1,33575000,-1
51326.158408,4,2418,3,33579000,-1
51330.1121317,4,2419,2,33576000,-1
51331.9675959,4,2420,1,33579000,-1
51339.8198158,4,2421,6,33575000,1
51348.0610644,4,2422,6,33579000,1
51350.8349838,4,2423,5,33582000,-1
51350.8351663,4,2424,17,33585000,-1
51350.8354099,4,2425,6,33588000,-1
51354.4538616,4,2426,5,33584000,1
51384.0435695,4,2427,32,33581000,-1
51385.3950199,4,2428,4,33585000,-1
51386.9329775,4,2429,7,33588000,1
51395.2449085,4,2430,19,33585000,-1
51395.605423,4,2431,14,33589000,-1
51396.591958,4,2432,1,33592000,-1
51421.771649,4,2433,19,33587000,1
51425.8331738,4,2434,22,33583000,1
51426.8301692,4,2435,6,33580000,-1
51440.5519965,4,2436,19,33583000,-1
51443.770064,4,2437,5,33587000,-1
51446.0190738,4,2438,4,33590000,-1
51449.0248366,4,2439,1,33593000,-1
51449.1838803,4,2440,1,33590000,1
51452.3070476,4,2441,1,33593000,1
51464.9121467,4,2442,21,33596000,-1
51470.4510952,4,2443,17,33599000,-1
51480.4660468,4,2444,1,33595000,-1
51482.1256711,4,2445,3,33592000,1
51482.6400152,4,2446,2,33589000,1
51483.6607226,4,2447,9,33586000,1
51485.0998758,4,2448,5,33583000,1
51487.3954601,4,2449,8,33580000,1
51497.4924795,4,2450,1,33577000,1
51509.286882,4,2451,2,33580000,-1
51514.7167743,4,2452,1,33584000,1
51523.0371297,4,2453,17,33588000,1
51533.8427977,4,2454,45,33584000,-1
51537.1194327,4,2455,6,33579000,1
51537.5870963,4,2456,14,33576000,1
51540.2616493,4,2457,52,33573000,1
51540.4990341,4,2458,8,33570000,1
51540.9451242,4,2459,1,33567000,1
51542.2964779,4,2460,4,33570000,-1
51542.2964857,4,2461,1,33573000,-1
51546.0165746,4,2462,1,33570000,-1
51551.0689316,4,2463,11,33567000,1
51552.0883367,4,2464,13,33563000,1
51553.44894,4,2465,64,33560000,1
51553.5689878,4,2466,13,33557000,1
51559.5418099,4,2467,25,33554000,1
51559.6551648,4,2468,14,33551000,1
51563.931192,4,2469,4,33548000,-1
51565.5435145,4,2470,17,33545000,1
51566.6319469,4,2471,47,33542000,-1
51570.5123826,4,2472,1,33545000,-1
51574.2478424,4,2473,23,33542000,-1
51574.6298518,4,2474,20,33536000,1
51577.1340752,4,2475,15,33533000,-1
51578.0471474,4,2476,44,33530000,-1
51578.6806853,4,2477,10,33526000,1
51579.1982034,4,2478,1,33523000,-1
51579.3988527,4,2479,1,33526000,-1
51580.8149246,4,2480,3,33523000,1
51581.6885272,4,2481,1,33520000,1
51581.7784298,4,2482,15,33523000,-1
51583.0493323,4,2483,12,33526000,-1
51585.508249,4,2484,1,33529000,1
51588.5607072,4,2485,8,33535000,-1
51589.6354194,4,2486,13,33538000,-1
51589.872508,4,2487,10,33541000,-1
51590.0820233,4,2488,1,33544000,-1
51596.3814279,4,2489,26,33541000,1
51599.5111847,4,2490,13,33538000,-1
51604.773036,4,2491,3,33542000,-1
51618.8032275,4,2492,9,33545000,-1
51619.4614865,4,2493,16,33549000,-1
51621.8229621,4,2494,22,33552000,-1
51623.8540419,4,2495,1,33555000,1
51624.6898399,4,2496,5,33560000,1
51624.6911238,4,2497,16,33557000,1
51631.1735881,4,2498,3,33554000,-1
51633.2194457,4,2499,7,33557000,-1
51635.8609217,4,2500,4,33560000,1
51635.978484,4,2501,1,33556000,1
51639.6985695,4,2502,1,33562000,-1
51641.5954453,4,2503,5,33559000,-1
51647.1621185,4,2504,15,33562000,1
51649.1966614,4,2505,1,33559000,1
51656.4721844,4,2506,1,33562000,1
51660.5954734,4,2507,8,33566000,-1
51667.7347157,4,2508,6,33562000,1
51669.5174219,4,2509,7,33559000,1
51671.1042873,4,2510,3,33556000,1
51675.4655514,4,2511,4,33560000,-1
51685.7649931,4,2512,1,33563000,-1
51690.970778,4,2513,6,33560000,-1
51691.3082495,4,2514,7,33563000,-1
51693.7870545,4,2515,1,33566000,-1
51695.5470781,4,2516,7,33558000,1
51695.5680083,4,2517,6,33555000,1
51697.631105,4,2518,9,33552000,1
51701.0986492,4,2519,3,33549000,-1
51702.5090106,4,2520,4,33552000,-1
51705.3697233,4,2521,6,33549000,1
51705.3907182,4,2522,10,33546000,1
51705.3931899,4,2523,6,33543000,1
51705.4123451,4,2524,2,33546000,1
51708.0801689,4,2525,4,33542000,1
51710.6820499,4,2526,1,33539000,-1
51712.9758004,4,2527,2,33535000,-1
51718.0479824,4,2528,1,33538000,-1
51718.4587244,4,2529,11,33533000,1
51718.596325,4,2530,8,33530000,1
51721.9820067,4,2531,4,33527000,-1
51721.9979614,4,2532,1,33530000,-1
51722.2369449,4,2533,8,33533000,-1
51723.2903063,4,2534,1,33536000,-1
51724.6951369,4,2535,4,33533000,-1
51726.7926814,4,2536,5,33536000,-1
51727.0959094,4,2537,6,33539000,-1
51729.1182544,4,2538,7,33542000,-1
51731.2947479,4,2539,6,33545000,-1
51734.5166566,4,2540,5,33548000,1
51735.1156611,4,2541,1,33545000,1
51735.3531154,4,2542,3,33548000,-1
51736.3125465,4,2543,10,33552000,-1
51739.628572,4,2544,14,33555000,-1
51741.6532302,4,2545,9,33558000,-1
51742.5304114,4,2546,37,33561000,-1
51742.9201173,4,2547,1,33564000,-1
51745.5963953,4,2548,3,33560000,1
51746.7623889,4,2549,7,33557000,1
51764.3311595,4,2550,6,33554000,-1
51765.1557352,4,2551,1,33558000,-1
51767.697753,4,2552,8,33555000,1
51770.6992151,4,2553,5,33558000,-1
51790.5677149,4,2554,19,33561000,-1
51791.3920144,4,2555,12,33564000,-1
51803.7758996,4,2556,11,33561000,1
51808.2696655,4,2557,19,33558000,-1
51819.4523227,4,2558,3,33561000,1
51821.1783896,4,2559,2,33564000,1
51822.2901147,4,2560,9,33561000,1
51840.1161718,4,2561,6,33565000,-1
51849.1217588,4,2562,11,33568000,-1
51857.4595279,4,2563,8,33572000,-1
51859.7715218,4,2564,3,33569000,1
51860.8400558,4,2565,24,33565000,1
51863.0053442,4,2566,1,33562000,1
51868.0509623,4,2567,3,33568000,1
51868.28541,4,2568,23,33565000,-1
51879.4135787,4,2569,10,33561000,1
51879.6053811,4,2570,6,33558000,1
51880.8569742,4,2571,9,33555000,1
51888.5991702,4,2572,14,33552000,1
51888.6487421,4,2573,9,33549000,-1
51888.685148,4,2574,7,33552000,1
51888.7729084,4,2575,9,33549000,-1
51890.7408264,4,2576,3,33552000,-1
51894.3413311,4,2577,1,33556000,-1
51898.7474128,4,2578,4,33552000,-1
51903.9735738,4,2579,2,33547000,-1
51921.6670422,4,2580,16,33554000,-1
51926.356762,4,2581,4,33551000,-1
51931.3197053,4,2582,3,33554000,-1
51931.6369948,4,2583,7,33557000,1
51934.9813148,4,2584,4,33554000,1
51937.4561909,4,2585,4,33551000,-1
51937.7461806,4,2586,1,33555000,1
51944.2939073,4,2587,2,33559000,1
51944.2939891,4,2588,12,33556000,1
51944.3656836,4,2589,11,33553000,-1
51944.430084,4,2590,3,33550000,1
51951.337277,4,2591,10,33547000,-1
51962.0685191,4,2592,1,33550000,1
51969.1007565,4,2593,1,33547000,1
51991.2496652,4,2594,2,33550000,-1
51994.6509345,4,2595,4,33547000,-1
52021.0446308,4,2596,8,33551000,-1
52037.0447026,4,2597,4,33548000,1
52049.7203709,4,2598,2,33552000,1
52054.5365163,4,2599,4,33547000,1
52056.0484844,4,2600,4,33544000,1
52064.4036834,4,2601,14,33541000,1
52071.2796812,4,2602,8,33538000,-1
52071.6611781,4,2603,1,33541000,-1
52078.7430718,4,2604,1,33545000,-1
52096.3891344,4,2605,18,33539000,-1
52098.6512186,4,2606,1,33542000,-1
52107.8304239,4,2607,4,33538000,1
52109.0553307,4,2608,1,33535000,1
52122.4184028,4,2609,7,33540000,1
52122.4290166,4,2610,1,33537000,1
52125.457606,4,2611,3,33541000,-1
52131.1153671,4,2612,5,33544000,-1
52132.6042753,4,2613,4,33547000,-1
52133.8955477,4,2614,3,33550000,-1
52135.5599728,4,2615,3,33553000,-1
52140.1717129,4,2616,2,33556000,-1
52141.7550692,4,2617,1,33559000,-1
52143.1336431,4,2618,4,33555000,1
52145.0089189,4,2619,8,33551000,1
52152.7389159,4,2620,2,33548000,-1
52154.0876856,4,2621,2,33552000,1
52154.0894088,4,2622,13,33549000,1
52154.0894398,4,2623,2,33546000,1
52154.4534079,4,2624,6,33551000,-1
52154.7748804,4,2625,1,33554000,-1
52154.9824112,4,2626,1,33551000,1
52155.170897,4,2627,1,33554000,-1
52162.0931716,4,2628,5,33551000,1
52162.6397486,4,2629,13,33548000,1
52162.6878507,4,2630,12,33545000,1
52163.5581765,4,2631,3,33541000,-1
52164.8362052,4,2632,1,33546000,-1
52169.5548225,4,2633,4,33549000,1
52173.3327082,4,2634,5,33546000,-1
52174.1586971,4,2635,2,33549000,1
52176.9881855,4,2636,8,33544000,-1
52181.1719419,4,2637,1,33547000,1
52186.6196563,4,2638,3,33551000,1
52186.6212028,4,2639,13,33548000,1
52198.1834915,4,2640,2,33545000,1
52200.1949643,4,2641,9,33542000,1
52200.8571082,4,2642,6,33538000,1
52201.0992307,4,2643,2,33535000,-1
52205.1891922,4,2644,2,33538000,1
52207.0254404,4,2645,12,33535000,1
52209.0611223,4,2646,6,33541000,1
52209.0626192,4,2647,13,33538000,1
52210.1402088,4,2648,15,33535000,1
52211.8061028,4,2649,6,33532000,-1
52215.9681697,4,2650,8,33535000,1
52216.070105,4,2651,1,33532000,1
52225.6998086,4,2652,1,33536000,-1
52229.7754457,4,2653,25,33532000,1
52232.6111291,4,2654,3,33535000,1
52234.1366567,4,2655,1,33532000,1
52241.4131752,4,2656,11,33535000,-1
52242.5313456,4,2657,1,33532000,-1
52246.3135369,4,2658,6,33535000,-1
52246.953165,4,2659,1,33538000,-1
52263.5757637,4,2660,5,33535000,1
52268.9493273,4,2661,1,33532000,1
52275.1894828,4,2662,5,33537000,-1
52279.1372543,4,2663,4,33540000,1
52282.0910125,4,2664,2,33537000,-1
52286.3617719,4,2665,1,33540000,-1
52286.9799844,4,2666,12,33536000,1
52287.0523338,4,2667,9,33533000,1
52313.0917159,4,2668,2,33536000,1
52324.7451666,4,2669,2,33539000,-1
52335.3158979,4,2670,4,33533000,1
52341.6574711,4,2671,10,33530000,1
52343.201518,4,2672,4,33527000,-1
52346.2241358,4,2673,1,33530000,1
52357.8358846,4,2674,7,33534000,-1
52360.2798819,4,2675,1,33530000,-1
52378.3457642,4,2676,6,33533000,1
52399.8795879,4,2677,1,33538000,1
52403.2427084,4,2678,1,33545000,-1
52407.0623402,4,2679,1,33540000,-1
52411.4310911,4,2680,6,33544000,1
52415.8488529,4,2681,7,33541000,1
52415.9873624,4,2682,7,33538000,1
52415.9892944,4,2683,3,33535000,1
52417.1403449,4,2684,1,33532000,1
52419.1301662,4,2685,1,33536000,-1
52422.9766269,4,2686,5,33533000,1
52425.1048776,4,2687,6,33530000,1
52426.7031688,4,2688,10,33527000,1
52431.174674,4,2689,10,33524000,1
52432.7068731,4,2690,5,33527000,1
52433.8801632,4,2691,6,33524000,1
52435.8572597,4,2692,24,33521000,1
52440.4088734,4,2693,8,33526000,1
52442.6521188,4,2694,7,33523000,-1
52445.266124,4,2695,3,33526000,-1
52446.7109056,4,2696,9,33530000,-1
52447.0167373,4,2697,1,33533000,1
52449.1524194,4,2698,21,33538000,1
52450.4782285,4,2699,24,33534000,1
52467.7990829,4,2700,18,33531000,1
52471.2794062,4,2701,1,33528000,-1
52512.0863183,4,2702,26,33525000,-1
52515.1709173,4,2703,2,33530000,1
52516.1826652,4,2704,3,33527000,1
52527.5073214,4,2705,3,33524000,1
52532.4473334,4,2706,1,33527000,1
52539.8438909,4,2707,4,33534000,-1
52541.4052711,4,2708,7,33537000,-1
52542.5702086,4,2709,1,33540000,-1
52554.103013,4,2710,4,33537000,-1
52555.7935586,4,2711,2,33534000,1
52564.5739118,4,2712,1,33531000,1
52570.4499838,4,2713,17,33536000,-1
52573.7604233,4,2714,1,33539000,-1
52583.9793985,4,2715,3,33534000,-1
52586.0606128,4,2716,1,33537000,-1
52593.3207762,4,2717,2,33533000,1
52600.1294985,4,2718,14,33529000,-1
52602.8401681,4,2719,2,33532000,-1
52605.62017,4,2720,5,33535000,1
52607.718879,4,2721,13,33531000,1
52617.3343135,4,2722,1,33528000,1
52622.5886142,4,2723,11,33531000,-1
52624.5176632,4,2724,6,33534000,-1
52630.8922014,4,2725,8,33531000,-1
52637.0092422,4,2726,1,33534000,-1
52644.1430749,4,2727,2,33531000,1
52653.2130218,4,2728,2,33528000,1
52663.8215862,4,2729,9,33525000,1
52671.4732308,4,2730,15,33522000,1
52675.9464157,4,2731,14,33519000,1
52676.7936172,4,2732,4,33516000,-1
52682.2005844,4,2733,6,33519000,1
52684.8164269,4,2734,4,33516000,-1
52685.6289277,4,2735,2,33512000,-1
52686.2538268,4,2736,10,33515000,-1
52686.9472579,4,2737,4,33518000,-1
52690.7548527,4,2738,1,33522000,1
52694.7743186,4,2739,4,33527000,-1
52698.1876188,4,2740,6,33524000,-1
52699.5265737,4,2741,1,33527000,-1
52701.5982541,4,2742,1,33530000,-1
52713.846865,4,2743,5,33526000,1
52734.3157255,4,2744,8,33531000,-1
52740.1430153,4,2745,3,33534000,-1
52742.0014882,4,2746,7,33537000,-1
52772.3313979,4,2747,68,33540000,1
52794.4852586,4,2748,5,33537000,1
52796.0589169,4,2749,8,33534000,-1
52803.2414879,4,2750,6,33538000,-1
52807.7838295,4,2751,1,33533000,1
52810.6150748,4,2752,1,33536000,-1
52835.51508,4,2753,3,33533000,-1
52845.5213969,4,2754,3,33536000,1
52846.7492408,4,2755,3,33532000,1
52849.9533869,4,2756,1,33527000,1
52853.6063843,4,2757,2,33524000,-1
52853.6179694,4,2758,2,33527000,1
52853.665771,4,2759,1,33523000,1
52857.0086887,4,2760,3,33520000,-1
52857.8272197,4,2761,3,33523000,1
52862.5942496,4,2762,1,33520000,1
52867.1902821,4,2763,13,33523000,-1
52867.5797623,4,2764,1,33526000,-1
52870.2979856,4,2765,1,33529000,1
52898.0827735,4,2766,18,33526000,-1
52923.9083887,4,2767,7,33530000,1
52928.0559234,4,2768,2,33527000,-1
52939.0847125,4,2769,1,33524000,-1
52946.6713353,4,2770,4,33521000,1
52960.2534003,4,2771,3,33518000,1
52965.4991775,4,2772,1,33521000,-1
52971.6437764,4,2773,7,33524000,1
52973.6235283,4,2774,3,33520000,1
52975.6172997,4,2775,4,33516000,1
52975.6846341,4,2776,1,33513000,1
52985.6410896,4,2777,18,33516000,1
52985.6438646,4,2778,13,33513000,1
52985.7262894,4,2779,6,33510000,1
52997.0475981,4,2780,10,33513000,-1
53000.6747742,4,2781,21,33516000,-1
53000.8430785,4,2782,43,33519000,1
53008.3552914,4,2783,2,33516000,1
53021.1978081,4,2784,33,33512000,1
53021.2737414,4,2785,10,33509000,1
53031.1407612,4,2786,9,33506000,1
53031.3087254,4,2787,1,33503000,1
53032.6720386,4,2788,1,33507000,-1
53032.8334645,4,2789,1,33504000,1
53036.626516,4,2790,12,33508000,-1
53041.27312,4,2791,1,33511000,-1
53046.0669929,4,2792,2,33507000,-1
53066.4858631,4,2793,1,33510000,-1
53088.4898264,4,2794,18,33507000,1
53090.8268826,4,2795,9,33504000,1
53091.0076023,4,2796,63,33501000,1
53096.0566367,4,2797,37,33498000,1
53102.9783701,4,2798,9,33501000,-1
53114.0397673,4,2799,9,33504000,-1
53119.8784906,4,2800,3,33497000,-1
53124.7087917,4,2801,3,33500000,-1
53125.0982876,4,2802,35,33497000,1
53125.1704983,4,2803,10,33494000,1
53125.2638216,4,2804,21,33491000,-1
53125.2643098,4,2805,26,33487000,1
53125.2645048,4,2806,20,33484000,1
53125.2669939,4,2807,5,33490000,-1
53125.482813,4,2808,4,33486000,1
53125.4828401,4,2809,2,33483000,1
53125.6066666,4,2810,3,33486000,1
53125.7112383,4,2811,8,33483000,-1
53126.0088749,4,2812,28,33486000,-1
53126.1185825,4,2813,24,33489000,-1
53126.171445,4,2814,1,33492000,-1
53126.1994038,4,2815,4,33489000,-1
53126.2961087,4,2816,15,33492000,-1
53126.5474488,4,2817,26,33495000,-1
53127.4673055,4,2818,67,33498000,-1
53127.5754871,4,2819,18,33501000,-1
53127.8403334,4,2820,21,33504000,-1
53128.1448785,4,2821,22,33507000,-1
53128.1934184,4,2822,5,33510000,1
53128.194224,4,2823,3,33507000,1
53128.6061482,4,2824,13,33510000,-1
53129.7377533,4,2825,1,33507000,-1
53130.9902056,4,2826,6,33504000,1
53133.8408911,4,2827,13,33507000,-1
53134.1415867,4,2828,1,33510000,-1
53135.107045,4,2829,3,33505000,-1
53136.2636322,4,2830,16,33508000,-1
53137.0721915,4,2831,14,33511000,-1
53138.0828353,4,2832,2,33514000,-1
53142.9343258,4,2833,1,33510000,-1
53144.3893444,4,2834,15,33507000,1
53144.7171045,4,2835,2,33504000,1
53148.7236964,4,2836,1,33508000,-1
53149.4077715,4,2837,10,33505000,1
53151.0277716,4,2838,9,33501000,1
53151.7541279,4,2839,1,33497000,1
53157.1891651,4,2840,4,33500000,-1
53158.9355407,4,2841,3,33503000,1
53165.8775958,4,2842,13,33500000,1
53169.0960544,4,2843,5,33497000,-1
53171.3815019,4,2844,4,33500000,-1
53176.1542383,4,2845,7,33503000,1
53196.6303639,4,2846,23,33507000,1
53196.6303849,4,2847,1,33504000,1
53198.9255167,4,2848,10,33508000,1
53198.9406454,4,2849,2,33505000,-1
53203.3155854,4,2850,1,33508000,-1
53204.3534134,4,2851,5,33505000,1
53207.3051046,4,2852,3,33502000,-1
53209.412643,4,2853,5,33505000,-1
53210.5870259,4,2854,1,33508000,-1
53212.5271074,4,2855,1,33505000,1
53220.9434566,4,2856,11,33508000,-1
53224.6770328,4,2857,19,33511000,-1
53224.8729871,4,2858,6,33514000,-1
53226.673191,4,2859,1,33517000,-1
53236.2632025,4,2860,4,33514000,-1
53245.4557146,4,2861,16,33517000,-1
53257.453129,4,2862,12,33520000,-1
53259.6507667,4,2863,14,33523000,-1
53263.7945818,4,2864,1,33526000,-1
53268.9714008,4,2865,4,33523000,1
53285.6057081,4,2866,8,33526000,-1
53288.3344883,4,2867,14,33529000,-1
53290.0464326,4,2868,7,33532000,1
53297.2270745,4,2869,6,33529000,1
53299.0920643,4,2870,12,33526000,1
53299.500539,4,2871,34,33523000,1
53299.8228514,4,2872,25,33520000,1
53299.8743811,4,2873,12,33517000,1
53300.0263703,4,2874,23,33514000,1
53300.2452475,4,2875,10,33511000,1
53300.5543044,4,2876,3,33515000,-1
53301.0100321,4,2877,6,33518000,-1
53306.95365,4,2878,16,33521000,1
53308.4301632,4,2879,2,33517000,1
53308.4932887,4,2880,1,33514000,1
53308.5091233,4,2881,1,33517000,-1
53312.2851371,4,2882,2,33513000,1
53315.9453331,4,2883,7,33510000,1
53322.4868644,4,2884,4,33513000,-1
53330.4677195,4,2885,2,33516000,1
53333.2687059,4,2886,5,33513000,-1
53336.4314435,4,2887,1,33517000,-1
53346.7385091,4,2888,14,33514000,-1
53347.1650942,4,2889,1,33517000,-1
53347.7214387,4,2890,6,33513000,1
53357.0927567,4,2891,9,33510000,-1
53362.3578428,4,2892,7,33513000,-1
53366.7578717,4,2893,6,33510000,-1
53366.757901,4,2894,2,33513000,-1
53388.707084,4,2895,2,33510000,1
53390.796383,4,2896,7,33507000,-1
53392.5766288,4,2897,8,33511000,1
53399.802815,4,2898,12,33507000,-1
53400.4874614,4,2899,11,33510000,1
53400.516158,4,2900,4,33507000,1
53400.7477129,4,2901,4,33504000,1
53400.7477284,4,2902,1,33501000,1
53403.6064906,4,2903,3,33506000,1
53404.1714721,4,2904,1,33503000,1
53407.3455415,4,2905,3,33500000,-1
53408.4308935,4,2906,5,33503000,1
53408.4880974,4,2907,23,33500000,-1
53409.6335663,4,2908,3,33504000,-1
53415.8193207,4,2909,2,33507000,-1
53419.6895097,4,2910,16,33504000,-1
53419.7060296,4,2911,1,33507000,-1
53432.9002414,4,2912,9,33502000,1
53433.9469305,4,2913,4,33499000,1
53441.1338466,4,2914,6,33502000,-1
53441.7866848,4,2915,1,33505000,1
53450.9114154,4,2916,7,33502000,1
53452.6648925,4,2917,6,33499000,1
53455.1260697,4,2918,17,33496000,1
53455.538726,4,2919,14,33492000,1
53457.5738822,4,2920,6,33489000,1
53458.7517052,4,2921,16,33486000,1
53458.8860522,4,2922,13,33483000,1
53458.8904815,4,2923,37,33480000,1
53458.9767935,4,2924,11,33477000,1
53459.1115523,4,2925,10,33480000,1
53459.5663581,4,2926,28,33477000,1
53459.7813525,4,2927,7,33474000,-1
53460.2877909,4,2928,4,33477000,-1
53460.9556178,4,2929,1,33473000,1
53462.6783486,4,2930,12,33476000,-1
53463.7105599,4,2931,35,33479000,-1
53464.7141464,4,2932,3,33476000,1
53466.1143746,4,2933,5,33473000,1
53466.7615364,4,2934,44,33470000,1
53466.8788462,4,2935,26,33467000,1
53466.9854188,4,2936,14,33464000,1
53468.1963142,4,2937,28,33461000,-1
53468.1963251,4,2938,1,33464000,-1
53470.5122035,4,2939,13,33461000,-1
53470.7413982,4,2940,3,33464000,1
53472.6516978,4,2941,20,33461000,-1
53472.7068563,4,2942,4,33464000,-1
53472.800106,4,2943,2,33468000,1
53472.9841703,4,2944,1,33465000,1
53474.8230187,4,2945,7,33469000,1
53474.8264371,4,2946,1,33466000,1
53475.8114316,4,2947,8,33470000,-1
53476.4157298,4,2948,8,33473000,-1
53479.0330942,4,2949,10,33476000,-1
53481.4115632,4,2950,12,33479000,-1
53482.0791395,4,2951,1,33482000,-1
53484.1155741,4,2952,12,33478000,1
53484.1752791,4,2953,1,33483000,-1
53484.6991959,4,2954,2,33480000,-1
53497.0028911,4,2955,7,33483000,1
53497.4821699,4,2956,1,33486000,1
53506.4578305,4,2957,4,33483000,1
53508.0784583,4,2958,6,33486000,-1
53519.4746504,4,2959,29,33489000,-1
53519.4803228,4,2960,42,33492000,-1
53519.7039425,4,2961,1,33495000,-1
53519.7736117,4,2962,10,33492000,1
53520.8436111,4,2963,10,33489000,-1
53520.859657,4,2964,13,33492000,-1
53535.3507642,4,2965,28,33495000,-1
53539.5815671,4,2966,10,33492000,-1
53541.1459405,4,2967,1,33495000,-1
53542.4327741,4,2968,2,33491000,1
53544.1395634,4,2969,3,33487000,1
53547.2746205,4,2970,8,33490000,-1
53548.6245773,4,2971,3,33493000,1
53549.797463,4,2972,5,33490000,1
53550.0464681,4,2973,1,33487000,1
53553.4574571,4,2974,5,33490000,-1
53555.8125166,4,2975,23,33494000,-1
53556.6335143,4,2976,3,33497000,-1
53566.9017131,4,2977,14,33493000,-1
53580.6886315,4,2978,20,33497000,-1
53583.4611849,4,2979,1,33500000,1
53585.1905484,4,2980,1,33504000,-1
53589.0958763,4,2981,1,33501000,1
53590.8478922,4,2982,4,33504000,1
53598.9227558,4,2983,8,33501000,1
53610.4996342,4,2984,14,33504000,-1
53616.4846385,4,2985,3,33507000,-1
53618.0020265,4,2986,19,33504000,-1
53619.3641975,4,2987,13,33507000,-1
53619.9441514,4,2988,11,33510000,-1
53632.278292,4,2989,21,33507000,1
53643.6857538,4,2990,4,33510000,-1
53644.3518296,4,2991,2,33507000,1
53645.0403484,4,2992,3,33504000,1
53656.5753146,4,2993,2,33500000,1
53656.5753323,4,2994,2,33497000,1
53664.2958063,4,2995,3,33500000,-1
53665.3383915,4,2996,2,33497000,-1
53678.0240223,4,2997,8,33500000,-1
53678.1092102,4,2998,7,33503000,1
53686.2970853,4,2999,22,33499000,1
53687.1191689,4,3000,8,33496000,1
53692.8639289,4,3001,1,33493000,-1
53695.1432634,4,3002,1,33490000,-1
53697.8786236,4,3003,8,33486000,1
53716.7468936,4,3004,51,33483000,1
53719.9007821,4,3005,1,33486000,1
53736.2828349,4,3006,1,33489000,-1
53740.4867664,4,3007,28,33486000,-1
53748.6329736,4,3008,8,33489000,-1
53758.9717182,4,3009,13,33493000,-1
53763.0445019,4,3010,4,33489000,-1
53765.3863677,4,3011,9,33493000,1
53769.7830409,4,3012,7,33490000,-1
53771.1870828,4,3013,1,33493000,-1
53774.319016,4,3014,12,33489000,1
53776.116576,4,3015,1,33486000,-1
53780.3566269,4,3016,11,33483000,1
53782.303893,4,3017,6,33480000,1
53784.9541289,4,3018,11,33477000,1
53785.3565812,4,3019,2,33474000,1
53786.8741982,4,3020,2,33477000,-1
53790.2626626,4,3021,1,33480000,1
53795.6362183,4,3022,13,33483000,1
53799.3650328,4,3023,13,33480000,1
53803.305055,4,3024,5,33477000,1
53805.3696284,4,3025,7,33481000,1
53806.0060443,4,3026,11,33478000,1
53806.8520389,4,3027,1,33475000,1
53807.5225401,4,3028,2,33482000,-1
53807.8177241,4,3029,6,33485000,-1
53807.9200204,4,3030,10,33488000,-1
53811.4571234,4,3031,14,33491000,-1
53812.5689038,4,3032,3,33494000,-1
53812.6990265,4,3033,4,33497000,1
53814.6274494,4,3034,6,33494000,-1
53819.2700781,4,3035,2,33497000,1
53843.4145363,4,3036,5,33494000,-1
53846.6370305,4,3037,2,33497000,1
53857.4657403,4,3038,7,33494000,1
53863.3550063,4,3039,5,33490000,-1
53865.4487046,4,3040,3,33487000,1
53874.8199468,4,3041,7,33484000,1
53894.5417778,4,3042,15,33481000,-1
53913.5234248,4,3043,3,33484000,-1
53921.9999077,4,3044,3,33480000,-1
53930.0700634,4,3045,4,33485000,-1
53940.1930034,4,3046,1,33488000,1
53941.1350064,4,3047,9,33492000,-1
53941.6223802,4,3048,8,33495000,-1
53942.3994767,4,3049,38,33498000,-1
53942.7019073,4,3050,4,33501000,1
53944.2080166,4,3051,4,33496000,1
53945.6646792,4,3052,5,33493000,-1
53950.6157266,4,3053,1,33496000,-1
53952.182438,4,3054,3,33493000,-1
53954.5629459,4,3055,2,33496000,-1
53965.2101339,4,3056,2,33493000,1
53999.5347437,4,3057,2,33490000,-1
54001.7747864,4,3058,2,33487000,1
54001.7888679,4,3059,21,33484000,1
54004.2957953,4,3060,3,33481000,1
54009.6396086,4,3061,2,33484000,1
54018.3506618,4,3062,5,33488000,1
54019.6523364,4,3063,1,33483000,1
54037.1964015,4,3064,5,33486000,1
54039.6216703,4,3065,13,33482000,1
54040.9420712,4,3066,2,33479000,-1
54044.0916786,4,3067,2,33476000,-1
54046.2280661,4,3068,1,33473000,-1
54047.5077613,4,3069,10,33469000,1
54048.2508827,4,3070,10,33466000,-1
54055.0184879,4,3071,16,33469000,-1
54055.9465209,4,3072,8,33472000,-1
54078.4148788,4,3073,28,33475000,1
54078.693396,4,3074,4,33472000,-1
54094.3087314,4,3075,14,33475000,-1
54094.3910273,4,3076,1,33478000,-1
54098.6209651,4,3077,2,33473000,1
54101.5565751,4,3078,6,33470000,1
54106.8703541,4,3079,3,33467000,1
54118.3351892,4,3080,25,33463000,-1
54123.0946217,4,3081,8,33466000,1
54126.894852,4,3082,3,33471000,-1
54127.0624997,4,3083,1,33474000,-1
54140.6264333,4,3084,19,33471000,-1
54144.671866,4,3085,6,33474000,-1
54156.7882592,4,3086,2,33471000,-1
54160.7600193,4,3087,2,33467000,1
54162.4308905,4,3088,4,33464000,1
54166.4437784,4,3089,9,33468000,1
54178.6183809,4,3090,12,33465000,1
54182.6312176,4,3091,1,33468000,-1
54195.1504483,4,3092,7,33464000,1
54199.5005736,4,3093,9,33461000,-1
54199.5171068,4,3094,4,33464000,-1
54200.5786699,4,3095,1,33461000,-1
54200.9200312,4,3096,9,33458000,1
54201.7690919,4,3097,9,33455000,-1
54201.7871363,4,3098,1,33458000,-1
54203.3945563,4,3099,2,33455000,-1
54203.8683513,4,3100,3,33458000,1
54205.1794575,4,3101,1,33461000,1
54208.9026439,4,3102,2,33464000,-1
54209.8826732,4,3103,5,33467000,-1
54216.9814059,4,3104,10,33470000,-1
54219.2546035,4,3105,3,33473000,-1
54223.2738693,4,3106,6,33470000,1
54231.4094088,4,3107,7,33467000,1
54234.7242622,4,3108,14,33471000,1
54241.7337877,4,3109,1,33468000,-1
54247.7494555,4,3110,1,33465000,1
54270.258482,4,3111,17,33468000,1
54279.6397446,4,3112,14,33464000,1
54292.693463,4,3113,6,33461000,1
54299.4388006,4,3114,3,33457000,1
54299.8775185,4,3115,8,33454000,1
54299.954721,4,3116,46,33451000,1
54300.0739336,4,3117,14,33448000,-1
54300.1869633,4,3118,5,33451000,-1
54300.2501707,4,3119,18,33454000,-1
54300.8316497,4,3120,16,33457000,1
54301.6661356,4,3121,20,33454000,1
54301.9823371,4,3122,5,33457000,1
54302.2624999,4,3123,1,33454000,1
54304.8741361,4,3124,3,33461000,1
54312.635614,4,3125,9,33457000,1
54320.789494,4,3126,3,33454000,-1
54322.8621327,4,3127,2,33457000,-1
54325.2241739,4,3128,7,33460000,-1
54327.8495314,4,3129,3,33463000,-1
54329.4935679,4,3130,2,33466000,1
54329.7692835,4,3131,1,33461000,1
54331.777354,4,3132,7,33464000,-1
54355.066265,4,3133,13,33467000,1
54358.6101913,4,3134,5,33464000,-1
54363.976706,4,3135,18,33467000,1
54369.6165781,4,3136,1,33470000,-1
54377.6898777,4,3137,15,33467000,-1
54377.8400667,4,3138,9,33470000,-1
54382.2630616,4,3139,14,33473000,-1
54384.935099,4,3140,6,33470000,1
54388.2529748,4,3141,2,33467000,-1
54391.1801214,4,3142,5,33470000,-1
54396.7812713,4,3143,1,33464000,1
54404.4627324,4,3144,6,33467000,-1
54404.522142,4,3145,3,33470000,1
54410.175631,4,3146,3,33467000,-1
54410.9195483,4,3147,1,33470000,-1
54417.9918364,4,3148,11,33473000,-1
54437.7752708,4,3149,3,33470000,-1
54444.6326684,4,3150,3,33475000,1
54447.9221253,4,3151,2,33472000,-1
54449.9965082,4,3152,9,33475000,-1
54461.7683578,4,3153,7,33478000,-1
54471.8781128,4,3154,4,33475000,-1
54472.9527214,4,3155,1,33479000,1
54481.3882913,4,3156,2,33476000,1
54481.7167595,4,3157,5,33472000,-1
54491.9300373,4,3158,10,33476000,-1
54506.4287229,4,3159,13,33479000,1
54513.9652757,4,3160,4,33476000,-1
54545.5027462,4,3161,41,33479000,1
54546.6983699,4,3162,7,33482000,-1
54547.6402826,4,3163,10,33485000,-1
54553.615091,4,3164,10,33488000,-1
54558.7608425,4,3165,3,33491000,1
54564.7155362,4,3166,7,33494000,-1
54565.1727661,4,3167,4,33497000,1
54567.0917519,4,3168,3,33493000,1
54567.7805832,4,3169,13,33490000,1
54569.5083935,4,3170,10,33487000,1
54573.2683049,4,3171,1,33484000,-1
54578.4721276,4,3172,6,33481000,1
54579.4221422,4,3173,1,33478000,1
54589.9835849,4,3174,23,33481000,1
54622.869523,4,3175,3,33484000,-1
54637.6290114,4,3176,5,33481000,1
54640.2029074,4,3177,3,33478000,1
54654.6010287,4,3178,10,33475000,-1
54656.6366072,4,3179,1,33479000,1
54675.7531036,4,3180,1,33484000,1
54694.2192481,4,3181,5,33490000,1
54696.5111531,4,3182,16,33487000,1
54696.5290876,4,3183,1,33484000,1
54699.9334704,4,3184,1,33488000,1
54716.9245928,4,3185,12,33485000,-1
54719.6826668,4,3186,3,33482000,-1
54734.4944218,4,3187,1,33485000,-1
54741.1794566,4,3188,16,33478000,1
54753.2110662,4,3189,1,33474000,-1
54754.5281417,4,3190,5,33470000,1
54773.2801426,4,3191,4,33467000,-1
54791.2146988,4,3192,8,33470000,1
54795.7634661,4,3193,3,33467000,1
54806.0918833,4,3194,1,33470000,-1
54813.1792326,4,3195,3,33466000,1
54828.3792254,4,3196,1,33463000,-1
54838.899135,4,3197,13,33460000,-1
54844.1558373,4,3198,7,33463000,1
54866.4166772,4,3199,26,33460000,1
54874.994419,4,3200,10,33463000,1
54879.8677988,4,3201,8,33460000,-1
54901.1787747,4,3202,6,33463000,1
54906.3772768,4,3203,1,33460000,-1
54908.3588991,4,3204,7,33457000,1
54912.5016184,4,3205,1,33454000,1
54917.4116198,4,3206,7,33460000,-1
54924.7445862,4,3207,8,33463000,-1
54932.6047084,4,3208,1,33466000,-1
54948.8703149,4,3209,12,33463000,1
54949.7242482,4,3210,10,33460000,1
54954.6995603,4,3211,1,33457000,1
54956.7252464,4,3212,4,33461000,-1
54966.3792329,4,3213,29,33464000,1
54968.0762831,4,3214,4,33461000,1
54972.4354908,4,3215,6,33458000,-1
54980.860786,4,3216,5,33461000,1
54987.072548,4,3217,9,33458000,-1
54990.898969,4,3218,6,33455000,1
54992.4589687,4,3219,1,33452000,1
55004.1632402,4,3220,4,33455000,-1
55009.3309131,4,3221,8,33458000,-1
55011.4059132,4,3222,2,33461000,1
55012.1263619,4,3223,6,33458000,1
55020.4824287,4,3224,7,33455000,-1
55055.1273107,4,3225,10,33458000,-1
55061.9864189,4,3226,2,33461000,1
55069.4166441,4,3227,10,33458000,-1
55071.4918569,4,3228,4,33455000,-1
55074.4720433,4,3229,16,33452000,1
55075.8332729,4,3230,15,33449000,1
55076.0246216,4,3231,19,33446000,1
55076.0801229,4,3232,1,33443000,-1
55078.0079608,4,3233,4,33446000,-1
55089.552545,4,3234,14,33449000,-1
55098.0519481,4,3235,35,33452000,-1
55099.2385104,4,3236,5,33455000,-1
55101.3582928,4,3237,15,33458000,-1
55105.113548,4,3238,5,33461000,-1
55110.2215305,4,3239,13,33458000,-1
55111.7938498,4,3240,3,33462000,-1
55112.03573,4,3241,2,33459000,-1
55114.4132413,4,3242,2,33462000,-1
55122.3351317,4,3243,10,33459000,-1
55122.4445212,4,3244,1,33463000,1
55126.5383291,4,3245,1,33460000,-1
55136.016826,4,3246,2,33457000,-1
55137.5476193,4,3247,2,33460000,1
55140.2903366,4,3248,3,33457000,-1
55142.3041012,4,3249,1,33460000,-1
55147.7812742,4,3250,16,33457000,-1
55147.7859343,4,3251,1,33460000,-1
55152.3871457,4,3252,8,33457000,-1
55152.387166,4,3253,2,33460000,-1
55153.6425631,4,3254,3,33457000,1
55157.1134406,4,3255,2,33453000,1
55163.5260311,4,3256,1,33450000,1
55181.2963674,4,3257,17,33455000,-1
55196.0187356,4,3258,8,33452000,-1
55202.8527966,4,3259,3,33456000,-1
55222.5977567,4,3260,7,33462000,-1
55262.7346571,4,3261,9,33465000,1
55272.1248468,4,3262,4,33468000,-1
55280.6987635,4,3263,2,33462000,-1
55285.8437772,4,3264,2,33465000,-1
55300.8436312,4,3265,3,33469000,1
55314.8102218,4,3266,18,33466000,-1
55318.634596,4,3267,3,33469000,1
55321.5405528,4,3268,3,33466000,1
55326.6965796,4,3269,9,33463000,1
55326.7007852,4,3270,28,33460000,1
55330.8802354,4,3271,1,33457000,1
55340.9536568,4,3272,1,33461000,1
55346.6270965,4,3273,4,33458000,1
55348.8041726,4,3274,19,33455000,1
55357.2667112,4,3275,25,33450000,-1
55360.7229324,4,3276,10,33447000,1
55360.7229631,4,3277,1,33444000,1
55360.7426107,4,3278,2,33447000,1
55361.1077234,4,3279,3,33444000,-1
55365.3063372,4,3280,20,33447000,1
55365.3063468,4,3281,1,33444000,1
55369.3823941,4,3282,14,33447000,-1
55391.4320066,4,3283,30,33450000,-1
55399.3104734,4,3284,2,33453000,1
55402.2327788,4,3285,4,33450000,-1
55408.3949798,4,3286,3,33453000,1
55409.3459272,4,3287,5,33450000,1
55415.457503,4,3288,5,33447000,-1
55416.5737742,4,3289,14,33444000,1
55416.5738004,4,3290,1,33441000,1
55421.1623348,4,3291,5,33446000,-1
55427.7740106,4,3292,4,33450000,-1
55431.5181,4,3293,2,33447000,-1
55437.2555979,4,3294,1,33450000,1
55446.5137236,4,3295,1,33453000,-1
55454.074398,4,3296,6,33449000,-1
55454.9024652,4,3297,10,33452000,-1
55458.1965159,4,3298,2,33455000,-1
55461.002384,4,3299,2,33452000,1
55495.5460788,4,3300,19,33449000,1
55505.6736053,4,3301,20,33446000,-1
55513.700528,4,3302,10,33449000,1
55526.5305333,4,3303,1,33444000,1
55528.4140566,4,3304,1,33447000,-1
55540.2839327,4,3305,3,33444000,1
55548.6127112,4,3306,5,33447000,-1
55548.7708501,4,3307,1,33450000,-1
55582.2032049,4,3308,9,33453000,1
55586.1302709,4,3309,1,33450000,-1
55596.3996699,4,3310,10,33447000,1
55634.1384117,4,3311,11,33452000,-1
55650.6650582,4,3312,7,33455000,1
55673.4436255,4,3313,1,33452000,1
55704.3113184,4,3314,22,33455000,1
55723.0263213,4,3315,18,33461000,1
55725.3066001,4,3316,2,33458000,-1
55731.086636,4,3317,6,33462000,-1
55734.2808811,4,3318,1,33465000,1
55734.7532933,4,3319,3,33469000,1
55738.7025729,4,3320,7,33466000,-1
55739.7360251,4,3321,3,33469000,1
55739.7374989,4,3322,13,33466000,1
55739.7375322,4,3323,4,33463000,1
55742.1324613,4,3324,2,33466000,-1
55752.0382275,4,3325,9,33469000,-1
55753.6119656,4,3326,1,33472000,-1
55755.4066672,4,3327,20,33467000,1
55782.1596456,4,3328,20,33464000,-1
55790.7951864,4,3329,1,33467000,1
55797.2933113,4,3330,8,33471000,-1
55802.6443251,4,3331,10,33474000,-1
55808.3504723,4,3332,2,33477000,1
55808.4262195,4,3333,13,33474000,1
55808.4532507,4,3334,2,33471000,-1
55815.0333117,4,3335,1,33474000,-1
55820.6040975,4,3336,18,33479000,-1
55841.6486963,4,3337,53,33475000,1
55847.7157367,4,3338,3,33472000,1
55847.7654846,4,3339,1,33469000,-1
55859.299455,4,3340,2,33465000,1
55860.2473593,4,3341,13,33462000,1
55860.38221,4,3342,1,33458000,1
55862.07926,4,3343,2,33461000,1
55869.5441729,4,3344,13,33458000,-1
55872.8689063,4,3345,4,33461000,-1
55899.611462,4,3346,11,33464000,-1
55908.2676143,4,3347,3,33461000,1
55934.4410642,4,3348,24,33458000,-1
55944.742359,4,3349,11,33461000,1
55946.726263,4,3350,23,33465000,1
55947.5488545,4,3351,10,33462000,1
55954.8160998,4,3352,13,33466000,1
55955.3396017,4,3353,5,33469000,-1
55956.2288475,4,3354,6,33474000,-1
55957.9893224,4,3355,15,33479000,-1
55958.6110102,4,3356,9,33482000,-1
55961.7853338,4,3357,1,33485000,1
55962.3226102,4,3358,1,33488000,-1
55963.2292048,4,3359,8,33485000,-1
55963.2326924,4,3360,17,33488000,-1
55963.5772415,4,3361,26,33491000,-1
55965.2672145,4,3362,1,33488000,-1
55965.5548052,4,3363,1,33485000,1
55967.4445599,4,3364,2,33482000,1
55969.3585928,4,3365,1,33479000,1
55974.0069119,4,3366,4,33483000,-1
55975.0012145,4,3367,6,33479000,1
55978.0203341,4,3368,2,33476000,-1
55978.514505,4,3369,2,33479000,-1
55987.7407052,4,3370,8,33476000,-1
55988.993485,4,3371,1,33479000,-1
55992.9400767,4,3372,14,33476000,-1
55993.8236706,4,3373,3,33479000,-1
55994.7088723,4,3374,10,33482000,-1
55995.1598394,4,3375,14,33485000,-1
55995.672898,4,3376,1,33488000,-1
55997.7216851,4,3377,1,33481000,1
55998.8090074,4,3378,5,33485000,-1
55999.7585187,4,3379,1,33488000,-1
56001.3977702,4,3380,2,33483000,1
56001.4923627,4,3381,1,33480000,1
56001.7062702,4,3382,13,33483000,-1
56008.4987348,4,3383,15,33486000,-1
56009.5896811,4,3384,9,33490000,-1
56012.9523778,4,3385,13,33493000,-1
56013.5601208,4,3386,6,33496000,-1
56013.7667716,4,3387,41,33499000,1
56013.8463785,4,3388,1,33502000,-1
56014.4674242,4,3389,2,33499000,1
56014.4696638,4,3390,18,33496000,1
56017.0170119,4,3391,4,33493000,1
56020.3060343,4,3392,34,33499000,-1
56021.8744158,4,3393,2,33502000,1
56021.9317511,4,3394,1,33499000,1
56025.2430274,4,3395,17,33502000,1
56026.9412252,4,3396,9,33499000,1
56028.4962336,4,3397,3,33496000,-1
56029.6436471,4,3398,7,33499000,1
56029.6831976,4,3399,1,33495000,1
56030.5166563,4,3400,3,33498000,1
56031.6277488,4,3401,3,33495000,1
56034.4669022,4,3402,3,33498000,1
56036.2437424,4,3403,8,33495000,1
56041.5596743,4,3404,20,33492000,1
56041.6608486,4,3405,6,33488000,1
56051.6424056,4,3406,14,33483000,-1
56052.5546595,4,3407,5,33480000,1
56058.2362919,4,3408,8,33475000,-1
56060.2066791,4,3409,5,33478000,-1
56063.8120727,4,3410,1,33475000,-1
56071.8430791,4,3411,1,33472000,-1
56074.7543698,4,3412,3,33469000,1
56079.5694161,4,3413,5,33466000,1
56080.7283984,4,3414,2,33469000,-1
56083.9346923,4,3415,16,33472000,-1
56083.9347022,4,3416,1,33475000,-1
56084.0981693,4,3417,11,33472000,1
56093.5302047,4,3418,5,33476000,1
56101.6666403,4,3419,1,33473000,-1
56102.0193598,4,3420,2,33470000,1
56105.3199075,4,3421,1,33474000,1
56107.4365495,4,3422,10,33471000,1
56112.1450388,4,3423,3,33468000,1
56119.6424647,4,3424,4,33473000,-1
56129.4746506,4,3425,1,33476000,1
56131.1647378,4,3426,5,33479000,-1
56135.7726048,4,3427,9,33483000,-1
56136.2538758,4,3428,1,33486000,-1
56137.8361631,4,3429,1,33482000,1
56138.4031401,4,3430,1,33487000,-1
56141.0153417,4,3431,3,33484000,1
56146.5204431,4,3432,18,33481000,-1
56150.169403,4,3433,4,33485000,1
56150.9149589,4,3434,2,33482000,-1
56150.9172716,4,3435,22,33485000,-1
56151.1240902,4,3436,28,33488000,-1
56158.965288,4,3437,1,33492000,-1
56160.8998518,4,3438,5,33489000,1
56160.9660487,4,3439,17,33486000,-1
56184.841443,4,3440,8,33489000,1
56187.1787624,4,3441,1,33492000,1
56189.8857285,4,3442,4,33496000,1
56192.4706436,4,3443,13,33493000,-1
56198.5426721,4,3444,12,33489000,-1
56200.5325545,4,3445,1,33492000,1
56200.6515814,4,3446,10,33496000,-1
56201.7848532,4,3447,3,33493000,-1
56204.5679996,4,3448,23,33496000,-1
56204.5693845,4,3449,1,33499000,-1
56206.5789002,4,3450,5,33496000,-1
56206.5801533,4,3451,1,33499000,-1
56213.7205401,4,3452,20,33494000,1
56216.2241667,4,3453,9,33491000,-1
56216.2266259,4,3454,19,33494000,-1
56228.6974107,4,3455,3,33497000,-1
56252.6810172,4,3456,15,33493000,1
56257.5795127,4,3457,9,33490000,1
56258.9492854,4,3458,11,33486000,1
56263.2389321,4,3459,15,33483000,1
56266.0859203,4,3460,15,33478000,-1
56267.8233777,4,3461,9,33482000,-1
56269.6016951,4,3462,10,33479000,1
56273.6483975,4,3463,3,33476000,-1
56275.2955072,4,3464,2,33479000,1
56282.9445532,4,3465,21,33476000,1
56283.7489156,4,3466,1,33473000,1
56298.4865144,4,3467,6,33476000,-1
56314.3015679,4,3468,43,33479000,-1
56320.6733062,4,3469,5,33482000,1
56324.3609115,4,3470,15,33479000,1
56328.7713589,4,3471,18,33476000,1
56347.3573244,4,3472,1,33473000,1
56349.3730197,4,3473,1,33476000,-1
56352.6363345,4,3474,8,33473000,1
56354.1585608,4,3475,39,33470000,1
56355.2802572,4,3476,2,33467000,-1
56359.8695199,4,3477,2,33470000,-1
56372.8694693,4,3478,10,33473000,1
56401.6182676,4,3479,11,33470000,1
56401.7424945,4,3480,8,33467000,1
56405.3406755,4,3481,17,33462000,1
56409.0291572,4,3482,10,33459000,1
56409.5317631,4,3483,46,33455000,1
56412.1068464,4,3484,24,33452000,1
56412.111937,4,3485,28,33449000,1
56412.1127638,4,3486,9,33446000,1
56412.594795,4,3487,3,33450000,1
56421.2431529,4,3488,3,33447000,1
56428.3110118,4,3489,17,33450000,-1
56429.0250257,4,3490,2,33447000,1
56432.896079,4,3491,8,33444000,-1
56433.2860037,4,3492,1,33447000,-1
56439.3510152,4,3493,36,33444000,-1
56440.0737937,4,3494,48,33447000,-1
56441.3008739,4,3495,57,33450000,-1
56441.807933,4,3496,50,33453000,-1
56442.3055312,4,3497,30,33456000,-1
56442.555583,4,3498,22,33459000,-1
56442.822395,4,3499,29,33462000,-1
56442.8224055,4,3500,1,33465000,-1
56442.9130058,4,3501,4,33462000,-1
56443.0245071,4,3502,13,33465000,-1
56443.0249807,4,3503,5,33468000,-1
56443.1453017,4,3504,5,33465000,-1
56443.2875822,4,3505,11,33468000,-1
56444.0163241,4,3506,35,33471000,-1
56444.0753408,4,3507,19,33474000,-1
56444.3784615,4,3508,11,33478000,-1
56444.5453802,4,3509,21,33481000,-1
56444.5466532,4,3510,10,33484000,-1
56444.7083749,4,3511,7,33487000,-1
56444.7407233,4,3512,1,33490000,-1
56445.1310774,4,3513,1,33481000,-1
56445.3751346,4,3514,1,33486000,-1
56445.5996483,4,3515,8,33483000,1
56445.66515,4,3516,7,33480000,1
56445.8250524,4,3517,6,33477000,1
56445.8618403,4,3518,9,33474000,1
56446.031718,4,3519,4,33471000,1
56446.09262,4,3520,11,33468000,1
56446.3961978,4,3521,21,33465000,1
56446.5349119,4,3522,12,33462000,1
56446.7561345,4,3523,18,33459000,1
56447.0819284,4,3524,1,33463000,1
56447.8365036,4,3525,1,33466000,-1
56448.6938996,4,3526,8,33463000,1
56450.7867487,4,3527,4,33460000,1
56451.3768801,4,3528,1,33457000,1
56451.9742872,4,3529,1,33460000,-1
56456.3774734,4,3530,11,33457000,-1
56457.4462024,4,3531,2,33460000,1
56462.4866086,4,3532,11,33456000,1
56471.0597957,4,3533,1,33453000,-1
56475.172084,4,3534,3,33450000,-1
56476.1088255,4,3535,12,33453000,-1
56484.2170689,4,3536,12,33456000,1
56488.705841,4,3537,8,33453000,1
56496.8586924,4,3538,23,33450000,1
56500.3457406,4,3539,4,33447000,-1
56501.7486635,4,3540,8,33450000,-1
56502.6696275,4,3541,3,33453000,1
56507.412804,4,3542,7,33450000,1
56519.3427485,4,3543,9,33447000,1
56520.8941191,4,3544,8,33444000,-1
56520.9367344,4,3545,14,33447000,-1
56520.98985,4,3546,16,33450000,-1
56521.0318159,4,3547,9,33453000,-1
56521.3982074,4,3548,8,33456000,-1
56523.6567994,4,3549,7,33452000,1
56532.5407295,4,3550,12,33449000,-1
56532.7795377,4,3551,9,33452000,-1
56532.9622091,4,3552,4,33457000,-1
56533.449193,4,3553,17,33460000,-1
56533.473076,4,3554,5,33463000,-1
56534.1078027,4,3555,2,33467000,1
56536.4209907,4,3556,1,33464000,-1
56538.4689165,4,3557,1,33461000,1
56546.7309008,4,3558,1,33464000,-1
56559.0823144,4,3559,10,33461000,1
56565.4702711,4,3560,16,33458000,-1
56569.470821,4,3561,1,33461000,-1
56575.4144589,4,3562,3,33458000,1
56576.6525538,4,3563,2,33455000,1
56577.7311715,4,3564,11,33460000,-1
56577.7478065,4,3565,1,33463000,-1
56581.678695,4,3566,3,33458000,1
56582.4005024,4,3567,1,33455000,1
56595.7849093,4,3568,10,33452000,-1
56595.7849241,4,3569,1,33455000,-1
56597.1766239,4,3570,3,33452000,-1
56598.5371628,4,3571,6,33455000,-1
56604.193035,4,3572,6,33458000,-1
56604.2944167,4,3573,24,33462000,-1
56604.3175905,4,3574,5,33465000,-1
56609.3627689,4,3575,2,33468000,-1
56611.8586562,4,3576,5,33465000,-1
56628.9579111,4,3577,12,33469000,-1
56636.3985072,4,3578,5,33472000,-1
56641.9511944,4,3579,4,33475000,1
56666.3659964,4,3580,38,33478000,1
56673.5013446,4,3581,8,33475000,1
56676.2589279,4,3582,5,33472000,-1
56677.0931455,4,3583,1,33475000,-1
56677.3309566,4,3584,17,33471000,1
56682.3611045,4,3585,1,33468000,1
56688.8829054,4,3586,3,33475000,1
56703.9361722,4,3587,14,33472000,-1
56711.249119,4,3588,3,33466000,1
56711.8637944,4,3589,11,33463000,1
56711.9646198,4,3590,22,33460000,1
56714.264519,4,3591,3,33457000,1
56723.1688778,4,3592,4,33460000,1
56753.1013382,4,3593,10,33464000,1
56779.9067018,4,3594,4,33461000,1
56788.6212782,4,3595,5,33464000,1
56789.6012856,4,3596,2,33461000,1
56796.285941,4,3597,1,33457000,-1
56809.5062649,4,3598,3,33453000,-1
56810.8386038,4,3599,5,33456000,-1
56813.8971211,4,3600,1,33459000,-1
56814.9468797,4,3601,1,33456000,1
56822.8405029,4,3602,12,33461000,1
56828.8398458,4,3603,3,33457000,1
56831.1507112,4,3604,2,33454000,-1
56856.9356033,4,3605,10,33457000,-1
56867.1655473,4,3606,6,33460000,-1
56891.5843619,4,3607,6,33463000,1
56928.8211861,4,3608,13,33460000,-1
56936.3693818,4,3609,8,33463000,-1
56939.3703777,4,3610,2,33467000,-1
56941.6640734,4,3611,1,33464000,-1
56956.2740337,4,3612,4,33459000,1
56959.9381395,4,3613,10,33456000,1
56962.1976824,4,3614,1,33453000,1
56977.0258767,4,3615,4,33457000,-1
56977.5607762,4,3616,4,33460000,-1
56981.4587881,4,3617,8,33464000,-1
57029.2432766,4,3618,2,33467000,1
57030.2198257,4,3619,2,33464000,-1
57038.5248856,4,3620,1,33467000,1
57045.643011,4,3621,6,33464000,-1
57064.7388686,4,3622,2,33469000,-1
57075.2607605,4,3623,6,33472000,-1
57078.1115128,4,3624,2,33475000,1
57081.0582882,4,3625,3,33472000,-1
57100.8687075,4,3626,11,33475000,-1
57101.2210031,4,3627,1,33478000,-1
57116.0332969,4,3628,7,33475000,-1
57117.7921843,4,3629,6,33478000,-1
57167.5616297,4,3630,10,33481000,1
57171.9391102,4,3631,6,33478000,-1
57177.5956065,4,3632,7,33481000,-1
57185.1739781,4,3633,15,33484000,-1
57189.740381,4,3634,12,33487000,1
57196.7534014,4,3635,2,33490000,1
57235.0948389,4,3636,11,33487000,-1
57254.714148,4,3637,1,33484000,1
57258.6341931,4,3638,2,33487000,-1
57263.4472005,4,3639,1,33490000,-1
57272.6484223,4,3640,1,33486000,1
57306.8324499,4,3641,14,33489000,-1
57311.1791298,4,3642,1,33492000,-1
57317.2302978,4,3643,8,33489000,-1
57317.2303129,4,3644,1,33492000,-1
57366.6802755,4,3645,11,33488000,-1
57390.5049572,4,3646,1,33491000,-1
57401.3622114,4,3647,8,33486000,1
57405.3408979,4,3648,1,33483000,1
57435.5905746,4,3649,6,33486000,1
57437.2551232,4,3650,5,33483000,1
57481.2578709,4,3651,6,33480000,-1
57488.3183296,4,3652,5,33483000,-1
57495.1766242,4,3653,4,33486000,1
57499.1219056,4,3654,2,33483000,1
57514.1694115,4,3655,8,33480000,1
57518.8924515,4,3656,8,33477000,1
57529.3326703,4,3657,4,33473000,1
57534.5682066,4,3658,2,33476000,1
57535.7436399,4,3659,12,33473000,1
57550.7068011,4,3660,3,33470000,1
57616.5509896,4,3661,15,33475000,1
57631.7055723,4,3662,12,33479000,-1
57632.4332355,4,3663,6,33482000,-1
57641.2273923,4,3664,7,33485000,-1
57641.8293034,4,3665,13,33482000,1
57657.8595116,4,3666,13,33479000,1
57660.2200687,4,3667,6,33476000,1
57662.5242899,4,3668,4,33473000,-1
57669.0128167,4,3669,7,33476000,1
57669.1643469,4,3670,3,33473000,-1
57671.6121176,4,3671,7,33470000,1
57671.7555555,4,3672,1,33467000,-1
57679.465789,4,3673,1,33472000,1
57695.1379393,4,3674,1,33475000,1
57702.3723575,4,3675,1,33479000,-1
57707.5995109,4,3676,1,33476000,1
57716.159514,4,3677,1,33479000,-1
57722.4217472,4,3678,8,33476000,1
57724.6469758,4,3679,12,33473000,1
57729.9597898,4,3680,8,33470000,1
57730.4212109,4,3681,3,33467000,-1
57732.8433119,4,3682,1,33470000,-1
57742.5421483,4,3683,10,33473000,1
57749.9215194,4,3684,19,33470000,1
57762.425829,4,3685,1,33467000,1
57771.5528074,4,3686,5,33472000,-1
57771.5528426,4,3687,1,33475000,-1
57773.5249229,4,3688,1,33472000,-1
57793.7080269,4,3689,14,33475000,-1
57800.3284898,4,3690,10,33478000,-1
57806.2258896,4,3691,7,33481000,1
57807.4406114,4,3692,10,33478000,1
57830.129137,4,3693,24,33475000,1
57840.1199842,4,3694,9,33482000,1
57856.1720683,4,3695,8,33479000,-1
57869.1906252,4,3696,2,33483000,-1
57876.6894103,4,3697,1,33486000,-1
57920.8428937,4,3698,3,33482000,1
57921.0273725,4,3699,25,33479000,1
57921.1388407,4,3700,15,33476000,1
57925.7402409,4,3701,2,33473000,1
57957.2957075,4,3702,4,33479000,1
57977.5208286,4,3703,3,33476000,-1
57998.868433,4,3704,23,33479000,1
57998.9324246,4,3705,28,33476000,1
57999.0252985,4,3706,14,33473000,1
58022.3442909,4,3707,15,33470000,1
58023.9184036,4,3708,11,33467000,1
58023.9880113,4,3709,38,33464000,1
58044.4810306,4,3710,5,33461000,1
58057.8573331,4,3711,11,33458000,1
58059.4080278,4,3712,4,33455000,-1
58061.1481072,4,3713,6,33458000,-1
58074.4016934,4,3714,9,33461000,1
58093.7270901,4,3715,2,33457000,1
58134.8753599,4,3716,12,33460000,-1
58164.5050134,4,3717,9,33464000,-1
58166.5833434,4,3718,7,33467000,1
58201.9348524,4,3719,8,33463000,1
58202.0606577,4,3720,6,33460000,1
58206.7398521,4,3721,12,33457000,1
58207.8250219,4,3722,1,33454000,1
58224.8261451,4,3723,10,33457000,-1
58228.6464164,4,3724,5,33454000,1
58234.0282833,4,3725,40,33451000,1
58236.1778514,4,3726,12,33448000,1
58243.5338256,4,3727,13,33445000,1
58245.1384827,4,3728,9,33442000,-1
58245.3336844,4,3729,5,33445000,-1
58245.6580841,4,3730,13,33442000,1
58245.7726669,4,3731,16,33439000,1
58245.9833365,4,3732,13,33436000,1
58246.0070391,4,3733,20,33432000,1
58246.0086846,4,3734,15,33429000,1
58246.0095211,4,3735,1,33426000,1
58246.1375716,4,3736,3,33430000,-1
58246.2042424,4,3737,3,33433000,1
58246.4409313,4,3738,2,33430000,1
58246.4930386,4,3739,6,33427000,1
58246.5933862,4,3740,15,33424000,1
58246.6546019,4,3741,47,33421000,1
58246.6891667,4,3742,1,33418000,1
58246.7762563,4,3743,8,33421000,-1
58249.1819364,4,3744,8,33424000,-1
58250.1314578,4,3745,8,33427000,-1
58250.7482841,4,3746,11,33430000,-1
58255.0995584,4,3747,2,33433000,-1
58259.3460047,4,3748,5,33424000,-1
58261.4729933,4,3749,9,33427000,-1
58266.6211193,4,3750,35,33430000,-1
58268.0191876,4,3751,1,33433000,1
58273.2854833,4,3752,5,33429000,-1
58281.3806775,4,3753,7,33432000,-1
58301.2530753,4,3754,10,33429000,-1
58301.4596019,4,3755,2,33432000,1
58301.6291039,4,3756,12,33429000,-1
58314.092661,4,3757,23,33426000,-1
58315.2277972,4,3758,39,33429000,-1
58316.0339276,4,3759,4,33432000,1
58318.5599919,4,3760,3,33429000,1
58322.2223133,4,3761,4,33426000,-1
58326.1054703,4,3762,5,33429000,-1
58331.325526,4,3763,1,33432000,-1
58337.2323139,4,3764,11,33428000,-1
58340.173298,4,3765,8,33431000,-1
58347.138484,4,3766,14,33434000,-1
58350.842611,4,3767,12,33437000,-1
58358.2426263,4,3768,12,33434000,-1
58358.5948423,4,3769,2,33437000,1
58377.110709,4,3770,3,33434000,-1
58382.3738409,4,3771,1,33431000,1
58402.7028229,4,3772,8,33434000,-1
58421.2956107,4,3773,7,33431000,1
58432.5508147,4,3774,3,33438000,1
58446.1017688,4,3775,1,33434000,1
58447.3352997,4,3776,15,33431000,-1
58455.7572925,4,3777,1,33434000,1
58466.0289319,4,3778,2,33439000,1
58494.9268554,4,3779,9,33436000,-1
58515.9991958,4,3780,9,33439000,-1
58532.0002514,4,3781,9,33436000,1
58537.6791731,4,3782,5,33433000,1
58541.7528227,4,3783,13,33430000,1
58562.1437633,4,3784,14,33427000,1
58565.0209714,4,3785,2,33424000,1
58568.9754668,4,3786,3,33421000,1
58573.9812173,4,3787,9,33424000,-1
58574.1317362,4,3788,24,33427000,-1
58596.4759902,4,3789,9,33430000,1
58598.0808118,4,3790,1,33427000,-1
58618.1264576,4,3791,5,33422000,1
58619.925867,4,3792,20,33419000,1
58621.2486316,4,3793,15,33416000,-1
58621.4694296,4,3794,1,33419000,-1
58623.4346718,4,3795,3,33422000,1
58624.4173242,4,3796,1,33419000,1
58630.4049435,4,3797,3,33422000,-1
58638.4376537,4,3798,3,33418000,1
58656.5711749,4,3799,21,33422000,-1
58672.3196138,4,3800,4,33425000,1
58675.0807285,4,3801,5,33430000,1
58688.0038166,4,3802,9,33427000,1
58704.2762507,4,3803,4,33424000,-1
58722.8697715,4,3804,1,33428000,-1
58740.358374,4,3805,11,33424000,-1
58744.4097598,4,3806,20,33427000,-1
58814.7363142,4,3807,38,33430000,1
58819.8668413,4,3808,2,33426000,1
58834.4534637,4,3809,1,33430000,-1
58838.1559166,4,3810,5,33435000,1
58842.8238232,4,3811,3,33432000,1
58856.1595801,4,3812,5,33435000,-1
58861.6256408,4,3813,3,33438000,-1
58868.073246,4,3814,4,33442000,-1
58883.2438494,4,3815,8,33439000,1
58890.8109207,4,3816,2,33436000,-1
58892.3191349,4,3817,4,33439000,-1
58898.4806854,4,3818,8,33442000,-1
58951.1367891,4,3819,22,33439000,-1
58962.0891233,4,3820,3,33442000,1
58969.1351409,4,3821,7,33439000,1
58983.1776899,4,3822,5,33435000,-1
59035.0045074,4,3823,1,33438000,-1
59053.7783686,4,3824,6,33431000,1
59053.9720048,4,3825,1,33428000,1
59064.2684153,4,3826,1,33425000,-1
59115.5403213,4,3827,16,33422000,-1
59121.6016836,4,3828,15,33425000,-1
59141.2009116,4,3829,9,33428000,-1
59195.1951968,4,3830,8,33431000,1
59199.7493949,4,3831,3,33428000,1
59227.8852313,4,3832,5,33431000,-1
59258.408929,4,3833,6,33434000,-1
59264.4058646,4,3834,1,33437000,-1
59289.1055875,4,3835,9,33433000,1
59297.2262503,4,3836,7,33430000,-1
59319.1041974,4,3837,2,33427000,-1
59320.3610061,4,3838,2,33433000,1
59320.6608774,4,3839,14,33430000,1
59320.660893,4,3840,1,33427000,1
59325.9407046,4,3841,13,33430000,1
59325.994729,4,3842,1,33427000,1
59361.3849747,4,3843,39,33430000,1
59361.6352595,4,3844,3,33427000,-1
59363.7364618,4,3845,1,33431000,-1
59378.588674,4,3846,9,33428000,-1
59381.7701382,4,3847,17,33431000,-1
59400.3652486,4,3848,22,33434000,-1
59400.9854684,4,3849,14,33438000,-1
59409.9043327,4,3850,2,33441000,-1
59417.7102311,4,3851,2,33437000,-1
59421.9360156,4,3852,3,33440000,1
59422.9269629,4,3853,1,33437000,-1
59455.643733,4,3854,14,33434000,-1
59456.8264643,4,3855,2,33437000,1
59460.5223851,4,3856,1,33433000,-1
59466.816211,4,3857,2,33430000,1
59483.1198041,4,3858,8,33427000,-1
59532.1376414,4,3859,11,33430000,1
59541.1491908,4,3860,3,33427000,1
59546.9047599,4,3861,4,33431000,-1
59558.8236658,4,3862,3,33436000,1
59573.328712,4,3863,7,33433000,-1
59583.1528018,4,3864,8,33436000,-1
59592.8013453,4,3865,9,33439000,1
59600.5554943,4,3866,1,33436000,1
59625.1806972,4,3867,2,33439000,1
59635.8288551,4,3868,12,33436000,-1
59691.5555961,4,3869,12,33440000,1
59692.7901083,4,3870,1,33437000,1
59695.798523,4,3871,2,33440000,1
59704.2310303,4,3872,15,33437000,1
59726.2160623,4,3873,11,33434000,1
59733.304672,4,3874,6,33431000,-1
59782.1130478,4,3875,1,33434000,1
59797.4610815,4,3876,1,33431000,-1
59797.4908511,4,3877,15,33428000,1
59810.1156164,4,3878,1,33425000,-1
59825.0629979,4,3879,3,33422000,1
59878.9185525,4,3880,24,33425000,-1
59878.9315822,4,3881,9,33428000,1
59910.3102673,4,3882,2,33425000,-1
59912.3847068,4,3883,12,33428000,-1
59938.6490598,4,3884,5,33431000,1
59942.215654,4,3885,1,33428000,1
59967.2041103,4,3886,2,33431000,1
60009.998782,4,3887,6,33434000,-1
60013.0680475,4,3888,5,33437000,-1
60019.1674026,4,3889,1,33434000,1
60039.4598191,4,3890,3,33437000,-1
60043.1437388,4,3891,16,33440000,-1
60047.460656,4,3892,10,33443000,-1
60050.2841253,4,3893,6,33446000,-1
60058.0730017,4,3894,3,33442000,-1
60065.3224682,4,3895,12,33445000,1
60070.9701383,4,3896,5,33442000,1
60080.3777569,4,3897,3,33439000,1
60089.4798386,4,3898,9,33443000,-1
60124.3702676,4,3899,1,33446000,1
60141.7015249,4,3900,7,33450000,-1
60146.2856662,4,3901,2,33454000,-1
60150.3611228,4,3902,5,33450000,1
60175.5734079,4,3903,10,33447000,-1
60188.3968797,4,3904,2,33450000,1
60206.3677271,4,3905,3,33447000,1
60208.2935365,4,3906,3,33444000,-1
60236.1065864,4,3907,1,33447000,-1
60320.9041572,4,3908,31,33444000,-1
60340.8797906,4,3909,7,33440000,1
60340.920125,4,3910,1,33437000,1
60393.1229168,4,3911,1,33433000,-1
60394.9090675,4,3912,16,33430000,1
60394.9618778,4,3913,2,33427000,-1
60406.1015448,4,3914,8,33430000,1
60418.6961,4,3915,11,33426000,1
60435.4912267,4,3916,6,33423000,1
60446.900313,4,3917,11,33420000,1
60449.5038527,4,3918,5,33425000,1
60451.0292984,4,3919,1,33422000,1
60498.0963493,4,3920,19,33419000,1
60520.594761,4,3921,21,33416000,-1
60524.5351876,4,3922,10,33419000,-1
60525.4571212,4,3923,1,33422000,1
60566.7306001,4,3924,17,33425000,1
60572.2408279,4,3925,6,33421000,1
60584.0666465,4,3926,10,33418000,-1
60592.7667158,4,3927,6,33421000,-1
60607.0745807,4,3928,25,33424000,1
60626.2052167,4,3929,8,33421000,1
60640.6401997,4,3930,5,33418000,1
60659.7342332,4,3931,2,33425000,-1
60691.5355082,4,3932,4,33422000,-1
60720.5551935,4,3933,5,33425000,-1
60725.1097699,4,3934,5,33428000,-1
60725.1716478,4,3935,2,33431000,-1
60750.1800054,4,3936,1,33428000,-1
60756.4164405,4,3937,2,33425000,-1
60765.5760576,4,3938,3,33428000,-1
60780.3004349,4,3939,5,33431000,1
60790.4767735,4,3940,1,33427000,-1
60848.5858562,4,3941,4,33424000,1
60900.3671162,4,3942,2,33421000,-1
60901.9580689,4,3943,3,33418000,1
60902.0215022,4,3944,11,33415000,1
60902.1275148,4,3945,36,33412000,1
60903.0106585,4,3946,11,33409000,-1
60903.5085664,4,3947,19,33412000,-1
60904.1949704,4,3948,30,33415000,-1
60905.2840244,4,3949,33,33418000,-1
60906.9136464,4,3950,9,33421000,-1
60909.3142179,4,3951,3,33418000,1
60917.8388744,4,3952,2,33415000,-1
60922.0132838,4,3953,8,33419000,-1
60951.8897,4,3954,2,33422000,1
60966.7938511,4,3955,4,33418000,1
60979.0422331,4,3956,9,33415000,-1
60981.1886822,4,3957,1,33418000,1
60990.6261819,4,3958,3,33421000,1
61006.4983628,4,3959,14,33418000,-1
61022.3764254,4,3960,1,33421000,-1
61053.9131302,4,3961,1,33418000,1
61070.4226995,4,3962,5,33423000,-1
61105.060421,4,3963,4,33419000,-1
61120.7291084,4,3964,2,33423000,1
61198.535538,4,3965,12,33420000,1
61233.0620362,4,3966,1,33423000,-1
61257.1229923,4,3967,1,33420000,1
61287.990085,4,3968,26,33424000,1
61321.018012,4,3969,7,33427000,-1
61322.7371453,4,3970,1,33430000,-1
61329.2888887,4,3971,9,33426000,1
61330.0308031,4,3972,15,33422000,1
61330.4090527,4,3973,18,33419000,1
61330.6813709,4,3974,15,33416000,1
61331.0806296,4,3975,26,33413000,1
61333.3205627,4,3976,1,33417000,1
61342.6178565,4,3977,1,33420000,1
61349.2050448,4,3978,9,33423000,1
61358.8993955,4,3979,8,33420000,-1
61364.4435104,4,3980,9,33423000,1
61402.5848974,4,3981,5,33426000,1
61416.9617092,4,3982,17,33429000,-1
61421.0868288,4,3983,1,33432000,1
61428.5031173,4,3984,3,33429000,1
61434.7469832,4,3985,10,33432000,-1
61435.3937592,4,3986,6,33435000,1
61435.9157092,4,3987,1,33432000,1
61461.8678977,4,3988,13,33436000,-1
61488.6667855,4,3989,16,33439000,-1
61491.6902281,4,3990,20,33442000,-1
61491.6902499,4,3991,1,33445000,-1
61496.8319256,4,3992,4,33442000,1
61501.8398684,4,3993,10,33439000,1
61502.5130752,4,3994,9,33436000,1
61502.7540918,4,3995,15,33433000,1
61502.9865603,4,3996,22,33430000,1
61503.2635277,4,3997,21,33427000,1
61503.6476331,4,3998,9,33424000,1
61518.8374123,4,3999,6,33433000,-1
61522.6801684,4,4000,9,33436000,-1
61532.8061773,4,4001,4,33432000,1
61567.1015712,4,4002,4,33437000,1
61598.8395681,4,4003,9,33441000,-1
61638.2122647,4,4004,7,33444000,1
61666.8438106,4,4005,14,33447000,-1
61692.8221622,4,4006,41,33450000,1
61722.3441956,4,4007,1,33447000,1
61810.1250995,4,4008,5,33450000,1
61823.3694309,4,4009,11,33454000,1
61831.5463133,4,4010,8,33451000,1
61832.1313014,4,4011,15,33448000,1
61832.3321421,4,4012,20,33445000,1
61832.38538,4,4013,8,33442000,1
61832.6551382,4,4014,13,33446000,1
61833.0732252,4,4015,36,33443000,1
61833.26748,4,4016,4,33440000,1
61833.2920632,4,4017,6,33443000,1
61833.3267599,4,4018,3,33440000,-1
61840.8440856,4,4019,5,33443000,1
61849.8282782,4,4020,6,33446000,1
61898.1056813,4,4021,6,33449000,1
61907.6522688,4,4022,3,33452000,1
61922.5987398,4,4023,4,33449000,1
61930.7244733,4,4024,5,33446000,1
61933.226417,4,4025,3,33443000,1
61933.2795825,4,4026,20,33440000,1
61935.9857557,4,4027,2,33437000,-1
61945.069399,4,4028,5,33440000,-1
61959.4467596,4,4029,12,33437000,-1
61976.0454388,4,4030,1,33440000,-1
62002.2136791,4,4031,12,33436000,1
62005.5709106,4,4032,15,33433000,-1
62034.3427812,4,4033,2,33437000,1
62044.241016,4,4034,2,33434000,1
62047.8514304,4,4035,1,33431000,1
62056.0191798,4,4036,2,33434000,-1
62058.4755386,4,4037,5,33437000,-1
62067.8066318,4,4038,2,33440000,1
62092.0618523,4,4039,17,33437000,1
62120.6781675,4,4040,5,33434000,-1
62141.1054536,4,4041,1,33437000,1
62173.5326821,4,4042,12,33441000,1
62190.38894,4,4043,2,33445000,1
62194.2094031,4,4044,8,33442000,1
62206.0978879,4,4045,4,33439000,1
62235.0894156,4,4046,12,33436000,-1
62237.6054852,4,4047,10,33440000,1
62285.2307858,4,4048,10,33437000,1
62285.2976907,4,4049,4,33434000,1
62299.3343557,4,4050,7,33431000,1
62307.1291122,4,4051,24,33428000,1
62307.1433635,4,4052,1,33425000,-1
62326.850598,4,4053,7,33428000,-1
62378.4960513,4,4054,6,33425000,1
62423.8168824,4,4055,4,33422000,1
62428.0664169,4,4056,2,33426000,1
62478.3272396,4,4057,11,33423000,-1
62496.231588,4,4058,2,33426000,1
62505.5324148,4,4059,3,33423000,1
62524.5395473,4,4060,28,33420000,1
62528.1522711,4,4061,4,33417000,1
62537.5653846,4,4062,1,33414000,1
62554.3739694,4,4063,6,33418000,1
62562.3079009,4,4064,1,33415000,1
62596.7494179,4,4065,5,33420000,1
62638.3754388,4,4066,13,33417000,-1
62640.3283984,4,4067,11,33420000,1
62651.5595448,4,4068,7,33417000,1
62651.7854335,4,4069,4,33414000,1
62660.8987489,4,4070,3,33418000,-1
62668.5307349,4,4071,1,33422000,1
62670.804096,4,4072,2,33418000,-1
62672.8203896,4,4073,4,33422000,-1
62687.3544467,4,4074,1,33425000,1
62700.0812992,4,4075,1,33422000,1
62705.2385092,4,4076,8,33426000,-1
62714.3232492,4,4077,9,33429000,-1
62731.7271577,4,4078,20,33432000,1
62760.2372406,4,4079,4,33435000,-1
62772.1100349,4,4080,7,33438000,-1
62790.2654852,4,4081,3,33441000,-1
62804.2945668,4,4082,1,33444000,1
62856.64738,4,4083,8,33447000,1
62890.071336,4,4084,5,33450000,-1
62890.3232014,4,4085,8,33447000,1
62890.5167748,4,4086,8,33444000,1
62892.1245574,4,4087,11,33441000,1
62897.8038595,4,4088,9,33438000,1
62903.3158804,4,4089,5,33435000,1
62916.3807357,4,4090,14,33432000,1
62921.4900883,4,4091,1,33429000,1
62928.2758219,4,4092,16,33432000,-1
62936.3731721,4,4093,3,33435000,-1
62940.9348282,4,4094,34,33438000,1
62951.7682799,4,4095,35,33435000,1
62952.9728002,4,4096,8,33432000,-1
62957.8685797,4,4097,22,33435000,1
62959.0723409,4,4098,13,33432000,-1
62981.0759579,4,4099,92,33435000,1
62989.4391834,4,4100,33,33432000,-1
62989.6026422,4,4101,5,33435000,1
62993.7817503,4,4102,19,33432000,1
63000.0819157,4,4103,20,33429000,-1
63006.3333478,4,4104,3,33432000,-1
63011.7119821,4,4105,1,33435000,1
63020.7041559,4,4106,7,33438000,-1
63047.4447804,4,4107,15,33441000,1
63063.1065991,4,4108,4,33438000,1
63075.2132164,4,4109,1,33435000,1
63108.2238059,4,4110,9,33438000,-1
63108.2883545,4,4111,19,33441000,-1
63144.1265419,4,4112,1,33445000,-1
63164.7190883,4,4113,6,33442000,1
63164.7191119,4,4114,1,33439000,1
63201.7697453,4,4115,4,33443000,-1
63209.4358018,4,4116,3,33446000,-1
63209.4390231,4,4117,26,33449000,-1
63209.503073,4,4118,3,33452000,-1
63254.0570699,4,4119,1,33449000,1
63273.1195224,4,4120,2,33453000,1
63290.8567084,4,4121,1,33450000,-1
63294.4934483,4,4122,1,33453000,-1
63297.2827147,4,4123,4,33450000,1
63322.9716452,4,4124,4,33453000,-1
63330.622488,4,4125,4,33456000,1
63345.4715286,4,4126,1,33453000,1
63391.3640685,4,4127,18,33457000,1
63533.2418711,4,4128,23,33454000,1
63536.1557425,4,4129,4,33451000,-1
63553.8193101,4,4130,1,33454000,-1
63584.7547246,4,4131,14,33451000,1
63633.4534318,4,4132,23,33448000,1
63646.8647431,4,4133,9,33445000,-1
63653.7952845,4,4134,1,33449000,1
63665.0018333,4,4135,6,33452000,1
63691.0056738,4,4136,4,33455000,-1
63703.3992391,4,4137,6,33459000,1
63725.0286428,4,4138,4,33456000,-1
63833.8047991,4,4139,19,33459000,1
63854.4984684,4,4140,12,33456000,1
63854.5811984,4,4141,13,33453000,1
63936.1687542,4,4142,13,33450000,-1
63966.8892571,4,4143,5,33443000,-1
64027.9400145,4,4144,6,33446000,1
64038.6761946,4,4145,5,33443000,-1
64086.2115449,4,4146,14,33446000,1
64087.4933841,4,4147,1,33443000,1
64139.4289026,4,4148,11,33446000,-1
64140.6841938,4,4149,18,33449000,-1
64146.6026498,4,4150,6,33452000,1
64233.6848256,4,4151,26,33449000,1
64260.8512337,4,4152,1,33452000,1
64339.8490737,4,4153,7,33455000,-1
64413.1336945,4,4154,3,33452000,1
64442.0456386,4,4155,6,33456000,1
64493.1084496,4,4156,13,33459000,-1
64504.3496308,4,4157,13,33462000,1
64508.3026639,4,4158,22,33465000,-1
64508.3536944,4,4159,13,33468000,1
64529.9847737,4,4160,5,33465000,1
64530.6544761,4,4161,1,33462000,1
64550.9404053,4,4162,9,33465000,1
64564.5025888,4,4163,14,33468000,-1
64578.108219,4,4164,12,33464000,1
64578.1105255,4,4165,7,33461000,1
64587.2521735,4,4166,10,33464000,1
64594.0522985,4,4167,24,33461000,1
64607.007246,4,4168,3,33458000,1
64621.4073583,4,4169,1,33461000,-1
64643.4625082,4,4170,3,33456000,1
64677.738582,4,4171,5,33461000,1
64774.7343497,4,4172,2,33458000,-1
64795.7095128,4,4173,1,33461000,1
64813.9061974,4,4174,8,33458000,1
64874.9707286,4,4175,7,33461000,1
64903.7936911,4,4176,2,33458000,1
64925.9018701,4,4177,15,33461000,1
64935.9092282,4,4178,8,33458000,1
64939.9650339,4,4179,1,33455000,1
64945.8876661,4,4180,1,33458000,1
65011.5662141,4,4181,1,33455000,-1
65030.0722618,4,4182,3,33452000,-1
65035.052162,4,4183,7,33449000,1
65046.9053669,4,4184,3,33445000,1
65079.8060296,4,4185,22,33448000,1
65090.2537477,4,4186,14,33445000,1
65113.2554522,4,4187,14,33442000,1
65137.4207155,4,4188,2,33445000,-1
65151.0034678,4,4189,3,33442000,1
65152.5734588,4,4190,1,33439000,1
65221.4568068,4,4191,3,33443000,-1
65227.0617916,4,4192,6,33446000,-1
65241.4352313,4,4193,1,33449000,-1
65262.6538435,4,4194,9,33446000,1
65266.9955708,4,4195,6,33443000,1
65268.7611322,4,4196,2,33440000,1
65275.4392809,4,4197,1,33443000,-1
65370.6773032,4,4198,4,33446000,-1
65402.6176668,4,4199,1,33450000,-1
65443.2917822,4,4200,8,33447000,1
65448.7552972,4,4201,1,33444000,1
65467.2467692,4,4202,3,33441000,-1
65499.5344709,4,4203,5,33444000,1
65572.0875467,4,4204,8,33441000,1
65575.4416911,4,4205,18,33438000,1
65606.8668286,4,4206,35,33435000,1
65611.7268705,4,4207,1,33432000,-1
65615.9983194,4,4208,2,33429000,1
65621.9870609,4,4209,16,33432000,1
65624.9040693,4,4210,2,33429000,-1
65627.9953608,4,4211,11,33432000,-1
65701.8325728,4,4212,20,33435000,1
65734.7245049,4,4213,17,33432000,1
65763.1849118,4,4214,5,33428000,1
65766.7908139,4,4215,27,33425000,-1
65774.828618,4,4216,28,33428000,1
65786.7916041,4,4217,1,33425000,1
65822.3992061,4,4218,4,33430000,-1
65836.658502,4,4219,6,33433000,-1
65867.4776488,4,4220,14,33436000,1
65867.5152237,4,4221,14,33433000,1
65881.5533331,4,4222,3,33430000,1
65894.4122809,4,4223,3,33426000,-1
66023.536621,4,4224,1,33431000,1
66060.0277748,4,4225,6,33434000,1
66064.8283889,4,4226,2,33431000,1
66067.6441755,4,4227,1,33428000,1
66095.4331094,4,4228,2,33432000,-1
66148.6898118,4,4229,10,33426000,-1
66154.3219754,4,4230,4,33423000,1
66190.6009076,4,4231,21,33420000,1
66196.5390626,4,4232,8,33426000,1
66205.2197431,4,4233,5,33423000,1
66227.8941494,4,4234,1,33430000,-1
66297.9588446,4,4235,8,33427000,-1
66344.8663019,4,4236,23,33430000,-1
66361.8500451,4,4237,3,33433000,-1
66384.2926961,4,4238,6,33436000,-1
66408.3039074,4,4239,1,33440000,-1
66446.3132461,4,4240,15,33437000,1
66516.9633926,4,4241,8,33441000,1
66540.3036345,4,4242,4,33438000,1
66564.6631373,4,4243,7,33435000,1
66604.1136861,4,4244,4,33438000,1
66634.7258532,4,4245,3,33434000,-1
66726.8755781,4,4246,7,33437000,-1
66740.4979004,4,4247,1,33440000,-1
66746.8294868,4,4248,2,33437000,1
66753.8878167,4,4249,11,33433000,1
66785.6964766,4,4250,2,33430000,1
66788.0154646,4,4251,1,33427000,1
66817.3659283,4,4252,4,33430000,1
66863.7922302,4,4253,7,33427000,1
66905.3301561,4,4254,13,33424000,1
66912.3804322,4,4255,14,33421000,1
66920.4213589,4,4256,1,33418000,1
66957.3893346,4,4257,8,33421000,-1
66968.4162675,4,4258,3,33424000,-1
66987.1419803,4,4259,6,33427000,-1
67034.1886226,4,4260,2,33430000,-1
67146.9851744,4,4261,4,33434000,1
67193.4258891,4,4262,1,33438000,-1
67210.2864548,4,4263,1,33441000,-1
67319.9365559,4,4264,4,33438000,-1
67432.9670935,4,4265,5,33441000,-1
67466.4180996,4,4266,1,33444000,1
67470.5219721,4,4267,3,33440000,-1
67507.7020112,4,4268,16,33443000,-1
67507.7474893,4,4269,18,33446000,1
67540.6027658,4,4270,1,33443000,-1
67579.4390497,4,4271,2,33439000,1
67592.4427878,4,4272,6,33435000,1
67630.879321,4,4273,6,33432000,1
67722.6987938,4,4274,3,33429000,-1
67768.7332707,4,4275,6,33432000,1
67853.2114574,4,4276,7,33428000,-1
67853.3351472,4,4277,2,33431000,1
67862.6455108,4,4278,4,33428000,1
67983.8357697,4,4279,5,33424000,-1
67994.5536398,4,4280,3,33419000,-1
68074.7721242,4,4281,38,33422000,-1
68096.5728827,4,4282,7,33418000,1
68106.95246,4,4283,5,33415000,-1
68111.5558795,4,4284,1,33412000,1
68132.2416609,4,4285,1,33415000,-1
68144.3463672,4,4286,10,33412000,1
68145.2094624,4,4287,8,33409000,-1
68145.7881762,4,4288,39,33412000,-1
68147.586255,4,4289,48,33415000,-1
68158.1412634,4,4290,9,33410000,-1
68191.7947697,4,4291,1,33414000,-1
68208.8585306,4,4292,12,33411000,-1
68209.5778103,4,4293,7,33408000,1
68220.4520101,4,4294,42,33405000,1
68221.3030499,4,4295,6,33402000,-1
68221.5384144,4,4296,11,33405000,-1
68222.02172,4,4297,30,33408000,-1
68222.2186309,4,4298,18,33411000,-1
68222.3796205,4,4299,2,33414000,1
68222.5605918,4,4300,14,33411000,-1
68222.9326691,4,4301,28,33414000,-1
68223.1299221,4,4302,17,33417000,-1
68223.6884746,4,4303,37,33420000,-1
68224.1426056,4,4304,12,33423000,-1
68224.1751487,4,4305,3,33426000,1
68224.2093963,4,4306,3,33423000,-1
68224.620452,4,4307,2,33426000,-1
68224.7331806,4,4308,8,33423000,-1
68224.9196937,4,4309,12,33426000,-1
68225.1318436,4,4310,10,33429000,-1
68225.4538686,4,4311,15,33432000,-1
68225.9584564,4,4312,22,33429000,-1
68226.000554,4,4313,15,33432000,-1
68226.2221456,4,4314,28,33435000,-1
68226.4058112,4,4315,11,33438000,-1
68226.47514,4,4316,4,33435000,1
68226.4751568,4,4317,1,33432000,1
68226.5001322,4,4318,7,33435000,-1
68226.5813954,4,4319,1,33438000,-1
68228.5551691,4,4320,3,33427000,1
68229.4620198,4,4321,6,33424000,1
68230.193876,4,4322,13,33421000,1
68235.6811262,4,4323,1,33424000,1
68242.2155672,4,4324,6,33428000,-1
68245.1613051,4,4325,13,33431000,1
68245.38674,4,4326,13,33428000,1
68245.4680269,4,4327,14,33425000,-1
68249.7005723,4,4328,2,33429000,1
68252.6471028,4,4329,28,33426000,-1
68287.110902,4,4330,9,33429000,1
68292.1467793,4,4331,2,33426000,1
68293.2493255,4,4332,1,33423000,1
68318.4510528,4,4333,30,33420000,1
68339.2732195,4,4334,3,33423000,1
68371.4561278,4,4335,25,33420000,-1
68402.912499,4,4336,11,33423000,1
68429.3899775,4,4337,4,33426000,-1
68430.092426,4,4338,11,33430000,-1
68434.7061283,4,4339,26,33433000,1
68435.6790449,4,4340,1,33438000,1
68444.9603456,4,4341,12,33441000,1
68488.1616808,4,4342,8,33438000,1
68505.82891,4,4343,3,33443000,-1
68510.9429803,4,4344,2,33446000,-1
68591.9473618,4,4345,30,33449000,1
68609.2871654,4,4346,13,33446000,1
68642.0316444,4,4347,17,33443000,1
68676.1842587,4,4348,7,33440000,-1
68678.4618531,4,4349,1,33443000,-1
68695.124445,4,4350,7,33440000,-1
68709.1286668,4,4351,2,33445000,-1
68717.4586528,4,4352,1,33448000,-1
68735.0718452,4,4353,10,33445000,1
68742.7888176,4,4354,11,33442000,1
68756.6333597,4,4355,22,33438000,-1
68765.7527331,4,4356,22,33433000,1
68770.3282739,4,4357,2,33430000,-1
68777.168333,4,4358,1,33436000,-1
68828.740061,4,4359,6,33441000,-1
68829.2181984,4,4360,1,33444000,-1
68830.1132839,4,4361,6,33447000,-1
68830.6830013,4,4362,13,33450000,-1
68831.2574082,4,4363,13,33453000,1
68835.2445168,4,4364,1,33450000,1
68856.2653625,4,4365,10,33453000,1
68872.9592699,4,4366,2,33449000,1
68900.007477,4,4367,6,33452000,-1
68936.7122361,4,4368,6,33455000,-1
68962.2008349,4,4369,10,33458000,1
68996.6631967,4,4370,9,33455000,1
69046.6665616,4,4371,11,33460000,-1
69057.0328893,4,4372,17,33463000,1
69078.7303216,4,4373,5,33460000,1
69086.6058957,4,4374,5,33463000,1
69105.269154,4,4375,8,33460000,-1
69128.7314181,4,4376,7,33463000,1
69174.5124885,4,4377,28,33466000,1
69191.0313156,4,4378,5,33463000,1
69217.606065,4,4379,1,33467000,-1
69235.1663643,4,4380,1,33464000,1
69246.1472606,4,4381,15,33467000,-1
69251.5861377,4,4382,1,33470000,-1
69265.4688773,4,4383,18,33467000,-1
69302.5671001,4,4384,4,33470000,-1
69319.7032536,4,4385,20,33474000,-1
69347.1502741,4,4386,12,33477000,-1
69351.709197,4,4387,7,33480000,-1
69355.0641039,4,4388,18,33483000,-1
69356.2864611,4,4389,1,33486000,-1
69361.4653936,4,4390,1,33483000,1
69371.3141378,4,4391,12,33486000,1
69371.3211734,4,4392,2,33483000,1
69391.6799927,4,4393,25,33486000,-1
69405.0854882,4,4394,29,33489000,-1
69411.438786,4,4395,27,33492000,-1
69411.438809,4,4396,5,33495000,-1
69422.1456291,4,4397,16,33492000,1
69431.3400585,4,4398,11,33489000,1
69442.813004,4,4399,2,33492000,1
69446.2112194,4,4400,2,33496000,1
69448.5516629,4,4401,8,33493000,-1
69449.4286147,4,4402,44,33496000,-1
69487.1048346,4,4403,42,33499000,-1
69492.1606872,4,4404,16,33502000,-1
69497.5797251,4,4405,16,33505000,1
69497.596275,4,4406,1,33502000,1
69516.2032738,4,4407,39,33505000,-1
69521.0288837,4,4408,16,33508000,-1
69521.2465933,4,4409,16,33511000,-1
69522.3426291,4,4410,11,33514000,-1
69552.2721623,4,4411,3,33510000,-1
69566.6463741,4,4412,1,33513000,-1
69570.8886855,4,4413,12,33509000,1
69584.5393559,4,4414,25,33504000,1
69600.5385866,4,4415,1,33501000,1
69601.0003963,4,4416,28,33505000,-1
69607.3877035,4,4417,18,33508000,-1
69613.7013589,4,4418,4,33511000,1
69626.646692,4,4419,3,33515000,1
69627.7182407,4,4420,10,33512000,1
69633.9929895,4,4421,22,33509000,1
69634.714015,4,4422,1,33506000,1
69645.3469932,4,4423,2,33510000,1
69697.5200575,4,4424,6,33507000,1
69731.9972237,4,4425,8,33510000,1
69743.5947797,4,4426,3,33513000,-1
69749.7980633,4,4427,1,33510000,1
69755.2022685,4,4428,6,33515000,1
69787.5112526,4,4429,15,33512000,1
69800.0767368,4,4430,5,33509000,-1
69808.0451253,4,4431,2,33512000,1
69821.1428082,4,4432,1,33509000,1
69857.1768144,4,4433,15,33514000,-1
69875.0218614,4,4434,12,33517000,-1
69891.8850312,4,4435,13,33520000,1
69892.817677,4,4436,3,33517000,-1
69902.4494503,4,4437,4,33520000,-1
69917.9924127,4,4438,32,33523000,-1
69928.1151225,4,4439,1,33526000,-1
69942.2045066,4,4440,1,33523000,1
69970.1585137,4,4441,9,33527000,1
69980.2345954,4,4442,6,33524000,-1
70004.5512558,4,4443,4,33527000,1
70018.8963334,4,4444,1,33524000,1
70036.6505023,4,4445,5,33527000,-1
70043.2653627,4,4446,1,33530000,-1
70060.155995,4,4447,2,33524000,1
70078.4221576,4,4448,12,33521000,1
70081.6091817,4,4449,7,33518000,1
70086.0067731,4,4450,2,33514000,-1
70091.704444,4,4451,1,33517000,1
70106.4018731,4,4452,3,33520000,1
70122.3481098,4,4453,5,33517000,-1
70124.3548888,4,4454,8,33520000,-1
70198.5938463,4,4455,12,33523000,1
70211.0926921,4,4456,3,33526000,1
70218.3749774,4,4457,7,33523000,1
70220.1218443,4,4458,1,33520000,1
70230.8404023,4,4459,11,33523000,-1
70253.6999205,4,4460,5,33526000,-1
70258.7874422,4,4461,2,33529000,-1
70258.8101988,4,4462,8,33532000,1
70305.1551102,4,4463,11,33529000,1
70317.0400703,4,4464,3,33535000,-1
70322.6786562,4,4465,20,33538000,-1
70327.8374273,4,4466,9,33535000,-1
70385.1432646,4,4467,22,33538000,-1
70401.640381,4,4468,2,33541000,-1
70410.674679,4,4469,1,33537000,1
70447.9846585,4,4470,28,33541000,-1
70448.1783358,4,4471,28,33544000,1
70467.2935291,4,4472,1,33541000,1
70492.271661,4,4473,4,33544000,1
70498.2971892,4,4474,5,33541000,-1
70499.7267494,4,4475,14,33544000,-1
70523.926089,4,4476,4,33547000,-1
70533.0739027,4,4477,23,33550000,-1
70536.0078559,4,4478,1,33553000,-1
70548.277622,4,4479,7,33548000,1
70551.2899817,4,4480,2,33544000,1
70558.9587418,4,4481,1,33547000,1
70577.8138731,4,4482,5,33544000,-1
70610.5035986,4,4483,15,33547000,-1
70610.5051242,4,4484,15,33550000,-1
70689.2191218,4,4485,26,33553000,1
70700.1191553,4,4486,1,33550000,1
70734.545631,4,4487,14,33553000,-1
70742.776228,4,4488,1,33556000,-1
70776.0074725,4,4489,3,33552000,1
70813.7951748,4,4490,34,33549000,1
70852.1041679,4,4491,6,33545000,-1
70862.0942809,4,4492,49,33542000,1
70862.3735727,4,4493,6,33539000,-1
70889.5969021,4,4494,10,33542000,1
70898.3407373,4,4495,6,33539000,1
70898.7468816,4,4496,5,33536000,1
70931.1312694,4,4497,10,33540000,1
70947.6142426,4,4498,1,33537000,1
70964.0673013,4,4499,4,33540000,-1
70971.9337656,4,4500,12,33543000,-1
70974.2139187,4,4501,4,33546000,-1
70978.6716696,4,4502,10,33543000,1
70985.915645,4,4503,6,33540000,-1
71012.0482641,4,4504,10,33543000,1
71021.5418003,4,4505,5,33540000,1
71033.406118,4,4506,5,33544000,1
71033.5861673,4,4507,1,33541000,1
71048.7097261,4,4508,4,33545000,1
71051.7197794,4,4509,5,33542000,1
71053.2061259,4,4510,1,33545000,-1
71094.0694613,4,4511,19,33542000,-1
71100.0823885,4,4512,4,33545000,-1
71153.4168495,4,4513,36,33548000,1
71153.4415956,4,4514,24,33545000,-1
71153.5793878,4,4515,4,33542000,1
71153.7078242,4,4516,7,33539000,1
71153.7791689,4,4517,10,33536000,1
71153.8255988,4,4518,17,33533000,1
71153.9109342,4,4519,4,33530000,1
71166.8073499,4,4520,5,33533000,1
71167.8577111,4,4521,8,33537000,1
71167.8597037,4,4522,19,33534000,1
71177.7794583,4,4523,17,33531000,1
71186.4616672,4,4524,1,33535000,1
71195.1081598,4,4525,5,33538000,-1
71197.7100945,4,4526,3,33541000,-1
71201.2943298,4,4527,1,33545000,1
71213.8431799,4,4528,8,33542000,1
71237.1773839,4,4529,23,33545000,-1
71273.0824797,4,4530,7,33542000,1
71275.9257001,4,4531,2,33539000,1
71288.2384164,4,4532,12,33534000,-1
71288.2505872,4,4533,18,33537000,-1
71297.1941012,4,4534,7,33540000,-1
71337.620556,4,4535,9,33543000,1
71388.4950111,4,4536,4,33540000,1
71410.5328006,4,4537,8,33537000,-1
71411.1870905,4,4538,1,33541000,-1
71414.3777325,4,4539,1,33545000,-1
71426.2951053,4,4540,7,33542000,1
71429.9720809,4,4541,5,33539000,-1
71452.0525418,4,4542,2,33543000,1
71455.2601073,4,4543,9,33537000,1
71525.1695376,4,4544,21,33534000,1
71554.9057465,4,4545,10,33531000,1
71563.1865702,4,4546,10,33528000,1
71577.0530293,4,4547,12,33525000,1
71584.0513516,4,4548,6,33522000,-1
71584.0536121,4,4549,22,33525000,-1
71610.0239758,4,4550,7,33528000,-1
71630.1212299,4,4551,8,33523000,1
71647.9755801,4,4552,15,33520000,-1
71650.0856659,4,4553,5,33517000,-1
71668.776907,4,4554,9,33512000,1
71684.0457349,4,4555,23,33509000,1
71701.4087123,4,4556,15,33506000,-1
71701.8988901,4,4557,1,33509000,-1
71710.018994,4,4558,25,33505000,1
71721.887801,4,4559,11,33502000,-1
71726.7255492,4,4560,10,33505000,1
71729.2296569,4,4561,12,33502000,1
71730.2020879,4,4562,2,33498000,-1
71731.4177555,4,4563,5,33501000,-1
71751.6460417,4,4564,5,33504000,-1
71760.9433693,4,4565,1,33501000,1
71767.0479872,4,4566,1,33504000,-1
71782.5268705,4,4567,8,33498000,-1
71799.1159109,4,4568,3,33501000,1
71803.1490793,4,4569,5,33497000,1
71819.4150609,4,4570,8,33494000,-1
71822.5570177,4,4571,5,33497000,-1
71822.5796584,4,4572,3,33500000,1
71840.4939854,4,4573,16,33497000,1
71848.1085151,4,4574,7,33494000,1
71850.0797521,4,4575,5,33491000,-1
71862.0605657,4,4576,1,33494000,-1
71869.19837,4,4577,11,33490000,-1
71869.2003439,4,4578,14,33493000,-1
71871.8943198,4,4579,15,33496000,-1
71903.5765228,4,4580,40,33492000,1
71908.5873303,4,4581,3,33496000,-1
71910.7672798,4,4582,3,33500000,-1
71913.8193568,4,4583,1,33503000,-1
71923.8731201,4,4584,4,33495000,1
71927.8665248,4,4585,4,33498000,1
71931.7282143,4,4586,1,33495000,-1
71956.6956736,4,4587,7,33498000,1
71972.6634907,4,4588,37,33495000,-1
71980.0743897,4,4589,5,33498000,-1
71995.0869197,4,4590,8,33495000,1
71997.2891546,4,4591,4,33492000,-1
71998.5136756,4,4592,1,33495000,1
71999.4700012,4,4593,17,33498000,-1
72000.2135213,4,4594,2,33501000,-1
72012.5923306,4,4595,7,33495000,1
72043.4575486,4,4596,17,33492000,1
72055.0727628,4,4597,1,33488000,1
72081.67417,4,4598,6,33485000,1
72089.2661058,4,4599,6,33488000,-1
72091.0740168,4,4600,10,33491000,-1
72091.1086245,4,4601,3,33495000,1
72092.9020748,4,4602,1,33491000,1
72108.7339285,4,4603,6,33488000,-1
72108.7339332,4,4604,1,33491000,-1
72109.6044019,4,4605,1,33488000,1
72130.3498276,4,4606,7,33492000,1
72160.9723896,4,4607,2,33489000,-1
72181.0268416,4,4608,8,33492000,-1
72183.4040604,4,4609,14,33485000,1
72183.5517865,4,4610,6,33482000,1
72184.1480089,4,4611,1,33479000,1
72191.1728296,4,4612,6,33483000,1
72191.1823752,4,4613,2,33480000,-1
72209.6941042,4,4614,7,33483000,-1
72222.2656956,4,4615,5,33486000,-1
72237.7112474,4,4616,6,33489000,1
72241.0267139,4,4617,3,33486000,1
72266.336871,4,4618,6,33483000,-1
72292.3577669,4,4619,5,33486000,1
72300.6114543,4,4620,4,33483000,1
72300.6131134,4,4621,14,33480000,1
72310.1664033,4,4622,3,33477000,-1
72310.2419075,4,4623,3,33480000,-1
72337.5489711,4,4624,1,33472000,1
72401.336918,4,4625,3,33478000,1
72454.843767,4,4626,5,33475000,-1
72474.6195461,4,4627,7,33478000,-1
72474.6380382,4,4628,5,33481000,-1
72482.1363943,4,4629,9,33484000,-1
72503.2078276,4,4630,4,33489000,-1
72575.4932922,4,4631,6,33484000,-1
72586.0961129,4,4632,5,33487000,-1
72623.9982144,4,4633,3,33490000,-1
72634.2987008,4,4634,9,33493000,-1
72636.3549657,4,4635,2,33496000,-1
72687.7137374,4,4636,1,33493000,-1
72758.8944706,4,4637,8,33497000,-1
72815.0230516,4,4638,2,33492000,1
72901.1615812,4,4639,13,33489000,-1
72927.5584552,4,4640,2,33492000,-1
72966.1590507,4,4641,6,33495000,-1
72968.3223472,4,4642,3,33498000,-1
73000.0550555,4,4643,2,33494000,-1
73047.5304825,4,4644,1,33497000,-1
73076.3304645,4,4645,1,33494000,1
73090.3636398,4,4646,4,33491000,1
73119.3019811,4,4647,8,33488000,1
73144.001717,4,4648,2,33484000,1
73144.9016929,4,4649,10,33481000,1
73148.025266,4,4650,6,33476000,1
73170.8373956,4,4651,9,33473000,1
73200.8901809,4,4652,22,33469000,1
73201.7011958,4,4653,15,33466000,1
73203.4416993,4,4654,2,33463000,1
73239.242186,4,4655,3,33469000,-1
73265.3604377,4,4656,10,33472000,1
73278.9692307,4,4657,6,33468000,1
73295.3558394,4,4658,6,33465000,-1
73306.9038737,4,4659,2,33470000,1
73352.3123516,4,4660,1,33467000,-1
73381.1415501,4,4661,1,33464000,-1
73421.3647885,4,4662,5,33460000,1
73434.5801461,4,4663,6,33457000,1
73442.3462757,4,4664,2,33454000,-1
73468.1838712,4,4665,5,33459000,-1
73480.1331199,4,4666,4,33463000,-1
73483.6412221,4,4667,7,33467000,-1
73495.0656498,4,4668,5,33470000,-1
73516.7996931,4,4669,5,33466000,1
73530.2666684,4,4670,7,33463000,-1
73555.5480706,4,4671,6,33466000,-1
73595.6157143,4,4672,6,33469000,-1
73595.6157343,4,4673,1,33472000,-1
73620.7114743,4,4674,2,33467000,-1
73649.585078,4,4675,5,33472000,-1
73668.0271562,4,4676,7,33475000,-1
73737.0990017,4,4677,9,33469000,1
73759.6325629,4,4678,26,33466000,1
73765.5553221,4,4679,7,33463000,1
73828.6281171,4,4680,17,33459000,1
73899.2875169,4,4681,15,33470000,1
73917.795657,4,4682,6,33467000,-1
73983.8408902,4,4683,1,33470000,1
74033.9458055,4,4684,7,33474000,1
74060.0136366,4,4685,3,33471000,1
74066.5377278,4,4686,2,33466000,1
74066.5772986,4,4687,5,33463000,1
74066.6252494,4,4688,5,33460000,1
74066.7706744,4,4689,6,33457000,1
74066.886932,4,4690,3,33454000,1
74066.9257556,4,4691,14,33451000,1
74070.293204,4,4692,2,33454000,-1
74077.1513685,4,4693,1,33457000,1
74101.491915,4,4694,11,33453000,1
74101.5590606,4,4695,21,33450000,1
74108.2647744,4,4696,1,33447000,1
74109.2191963,4,4697,4,33444000,1
74109.2653851,4,4698,4,33441000,1
74111.2065222,4,4699,8,33444000,1
74111.206533,4,4700,1,33441000,1
74146.350826,4,4701,7,33444000,-1
74165.2173212,4,4702,5,33447000,-1
74199.6061534,4,4703,2,33441000,-1
74220.4952198,4,4704,5,33444000,-1
74253.8464392,4,4705,1,33447000,1
74300.132485,4,4706,3,33444000,1
74412.8503017,4,4707,1,33441000,1
74524.5720737,4,4708,4,33444000,1
74524.5954857,4,4709,1,33441000,-1
74651.0532007,4,4710,1,33444000,1
74701.0252295,4,4711,1,33449000,-1
74702.9624855,4,4712,1,33444000,1
74704.1092523,4,4713,1,33447000,-1
74723.2472413,4,4714,5,33442000,1
74723.2472468,4,4715,1,33439000,1
74736.0144422,4,4716,3,33442000,-1
74737.9161115,4,4717,3,33445000,-1
74791.7445608,4,4718,12,33448000,-1
74807.8497536,4,4719,1,33451000,-1
74848.4462678,4,4720,1,33440000,-1
74853.9258389,4,4721,1,33437000,1
74854.8981985,4,4722,6,33440000,-1
74854.9483379,4,4723,5,33444000,-1
74855.0921514,4,4724,7,33447000,-1
74911.9586243,4,4725,3,33443000,-1
74935.0479693,4,4726,1,33447000,-1
75014.9570915,4,4727,15,33444000,-1
75058.5632179,4,4728,1,33447000,-1
75124.4710514,4,4729,9,33441000,1
75179.6924024,4,4730,4,33438000,-1
75179.7146296,4,4731,2,33441000,-1
75216.0813061,4,4732,2,33445000,-1
75240.7970802,4,4733,3,33442000,1
75252.6446985,4,4734,1,33438000,1
75298.2569621,4,4735,2,33441000,1
75301.1922927,4,4736,3,33438000,-1
75301.2488947,4,4737,4,33441000,-1
75365.0201738,4,4738,1,33444000,-1
75414.931056,4,4739,5,33441000,1
75482.8330374,4,4740,8,33438000,1
75517.0836811,4,4741,2,33441000,1
75545.0294256,4,4742,2,33438000,-1
75569.4853312,4,4743,1,33445000,1
75590.1013046,4,4744,9,33442000,-1
75590.104108,4,4745,15,33445000,-1
75590.1101785,4,4746,14,33448000,-1
75590.1108942,4,4747,7,33451000,-1
