33769000,2,33770000,1,33768000,7,33771000,4,33767000,4,33772000,5,33766000,7,33773000,4,33765000,7,33774000,8,33764000,8,33775000,2,33763000,8,33776000,6,33762000,13,33777000,9,33761000,16,33778000,14,33760000,13,33779000,12
33766000,1,33767000,2,33765000,6,33768000,5,33764000,5,33769000,4,33763000,9,33770000,7,33762000,11,33771000,6,33761000,17,33772000,6,33760000,14,33773000,6,33759000,11,33774000,10,33758000,14,33775000,5,33757000,9,33776000,11
33763000,3,33765000,1,33762000,8,33766000,7,33761000,15,33767000,4,33760000,10,33768000,3,33759000,9,33769000,6,33758000,11,33770000,7,33757000,9,33771000,8,33756000,11,33772000,11,33755000,9,33773000,15,33754000,8,33774000,13
33760000,5,33762000,4,33759000,8,33763000,4,33758000,10,33764000,6,33757000,6,33765000,5,33756000,8,33766000,7,33755000,8,33767000,4,33754000,9,33768000,8,33753000,8,33769000,9,33752000,12,33770000,11,33751000,6,33771000,12
33760000,5,33762000,4,33759000,8,33763000,4,33758000,10,33764000,6,33757000,6,33765000,5,33756000,8,33766000,7,33755000,8,33767000,4,33754000,9,33768000,8,33753000,8,33769000,9,33752000,12,33770000,11,33751000,6,33771000,12
33755000,3,33757000,3,33754000,5,33758000,5,33753000,8,33759000,6,33752000,10,33760000,6,33751000,10,33761000,7,33750000,46,33762000,6,33749000,10,33763000,9,33748000,8,33764000,13,33747000,9,33765000,8,33746000,7,33766000,11
33757000,5,33758000,3,33756000,2,33759000,6,33755000,7,33760000,2,33754000,5,33761000,7,33753000,7,33762000,7,33752000,6,33763000,9,33751000,13,33764000,12,33750000,50,33765000,10,33749000,14,33766000,11,33748000,8,33767000,5
33760000,1,33761000,2,33759000,4,33762000,4,33758000,6,33763000,8,33757000,6,33764000,9,33756000,5,33765000,8,33755000,7,33766000,8,33754000,6,33767000,6,33753000,9,33768000,11,33752000,10,33769000,8,33751000,13,33770000,13
33758000,4,33761000,4,33757000,6,33762000,4,33756000,7,33763000,6,33755000,9,33764000,8,33754000,8,33765000,7,33753000,9,33766000,11,33752000,10,33767000,6,33751000,13,33768000,11,33750000,50,33769000,10,33749000,15,33770000,13
33759000,4,33761000,1,33758000,4,33762000,5,33757000,6,33763000,5,33756000,7,33764000,8,33755000,9,33765000,7,33754000,8,33766000,10,33753000,9,33767000,7,33752000,11,33768000,11,33751000,13,33769000,11,33750000,50,33770000,13
33758000,2,33760000,4,33757000,4,33761000,4,33756000,7,33762000,3,33755000,11,33763000,6,33754000,8,33764000,8,33753000,9,33765000,6,33752000,10,33766000,10,33751000,13,33767000,8,33750000,50,33768000,11,33749000,14,33769000,11
33757000,3,33759000,1,33756000,5,33760000,6,33755000,10,33761000,12,33754000,5,33762000,6,33753000,7,33763000,7,33752000,9,33764000,12,33751000,11,33765000,7,33750000,50,33766000,13,33749000,13,33767000,9,33748000,8,33768000,11
33759000,1,33760000,3,33758000,3,33761000,5,33757000,7,33762000,6,33756000,7,33763000,8,33755000,7,33764000,10,33754000,6,33765000,7,33753000,10,33766000,12,33752000,13,33767000,9,33751000,12,33768000,11,33750000,50,33769000,10
33760000,3,33762000,3,33759000,6,33763000,5,33758000,6,33764000,7,33757000,7,33765000,7,33756000,7,33766000,8,33755000,8,33767000,7,33754000,10,33768000,11,33753000,13,33769000,11,33752000,14,33770000,13,33751000,13,33771000,13
33758000,2,33759000,1,33757000,4,33760000,4,33756000,6,33761000,3,33755000,9,33762000,6,33754000,8,33763000,6,33753000,12,33764000,8,33752000,12,33765000,8,33751000,14,33766000,13,33750000,49,33767000,8,33749000,14,33768000,13
33760000,2,33762000,3,33759000,4,33763000,3,33758000,4,33764000,6,33757000,4,33765000,7,33756000,4,33766000,9,33755000,6,33767000,7,33754000,9,33768000,17,33753000,13,33769000,10,33752000,13,33770000,13,33751000,13,33771000,12
33765000,2,33767000,2,33764000,3,33768000,14,33763000,5,33769000,6,33762000,4,33770000,9,33761000,5,33771000,11,33760000,4,33772000,12,33759000,7,33773000,14,33758000,9,33774000,15,33757000,7,33775000,8,33756000,7,33776000,11
33769000,2,33770000,1,33768000,3,33771000,5,33767000,4,33772000,10,33766000,5,33773000,11,33765000,5,33774000,13,33764000,7,33775000,8,33763000,10,33776000,11,33762000,8,33777000,11,33761000,8,33778000,16,33760000,8,33779000,10
33771000,4,33773000,6,33770000,5,33774000,7,33769000,3,33775000,6,33768000,4,33776000,9,33767000,3,33777000,8,33766000,5,33778000,13,33765000,7,33779000,11,33764000,13,33780000,13,33763000,12,33781000,12,33762000,10,33782000,10
33775000,1,33776000,2,33774000,4,33777000,5,33773000,5,33778000,11,33772000,5,33779000,10,33771000,5,33780000,10,33770000,6,33781000,10,33769000,5,33782000,9,33768000,8,33783000,11,33767000,7,33784000,13,33766000,9,33785000,10
33778000,6,33779000,3,33777000,6,33780000,9,33776000,7,33781000,9,33775000,4,33782000,6,33774000,5,33783000,8,33773000,4,33784000,11,33772000,7,33785000,10,33771000,7,33786000,19,33770000,10,33787000,8,33769000,8,33788000,12
33781000,1,33782000,1,33780000,4,33783000,10,33779000,6,33784000,9,33778000,4,33785000,7,33777000,6,33786000,15,33776000,6,33787000,8,33775000,8,33788000,8,33774000,9,33789000,9,33773000,8,33790000,10,33772000,9,33791000,12
33779000,3,33780000,3,33778000,5,33781000,3,33777000,7,33782000,5,33776000,7,33783000,6,33775000,8,33784000,9,33774000,7,33785000,9,33773000,6,33786000,15,33772000,9,33787000,9,33771000,12,33788000,10,33770000,9,33789000,9
33776000,4,33778000,2,33775000,6,33779000,8,33774000,6,33780000,7,33773000,6,33781000,4,33772000,7,33782000,8,33771000,9,33783000,8,33770000,8,33784000,11,33769000,8,33785000,12,33768000,10,33786000,18,33767000,8,33787000,9
33777000,4,33779000,5,33776000,6,33780000,5,33775000,6,33781000,4,33774000,6,33782000,7,33773000,7,33783000,8,33772000,5,33784000,9,33771000,9,33785000,10,33770000,11,33786000,18,33769000,8,33787000,9,33768000,10,33788000,10
33776000,2,33778000,3,33775000,6,33779000,5,33774000,6,33780000,7,33773000,6,33781000,8,33772000,6,33782000,7,33771000,9,33783000,6,33770000,9,33784000,9,33769000,8,33785000,11,33768000,10,33786000,19,33767000,7,33787000,9
33773000,3,33774000,6,33772000,3,33775000,2,33771000,9,33776000,4,33770000,6,33777000,6,33769000,5,33778000,6,33768000,10,33779000,6,33767000,5,33780000,8,33766000,10,33781000,11,33765000,10,33782000,11,33764000,14,33783000,11
33774000,1,33776000,3,33773000,4,33777000,5,33772000,4,33778000,5,33771000,9,33779000,6,33770000,6,33780000,9,33769000,5,33781000,9,33768000,11,33782000,10,33767000,7,33783000,11,33766000,10,33784000,12,33765000,10,33785000,12
33778000,2,33779000,1,33777000,4,33780000,7,33776000,3,33781000,9,33775000,6,33782000,8,33774000,5,33783000,8,33773000,6,33784000,8,33772000,8,33785000,11,33771000,12,33786000,19,33770000,13,33787000,9,33769000,10,33788000,10
33781000,3,33782000,2,33780000,4,33783000,3,33779000,7,33784000,5,33778000,4,33785000,11,33777000,7,33786000,16,33776000,4,33787000,7,33775000,7,33788000,9,33774000,9,33789000,9,33773000,9,33790000,10,33772000,12,33791000,12
33779000,4,33781000,2,33778000,4,33782000,5,33777000,6,33783000,4,33776000,5,33784000,6,33775000,9,33785000,7,33774000,6,33786000,13,33773000,7,33787000,6,33772000,11,33788000,10,33771000,13,33789000,9,33770000,14,33790000,11
33778000,4,33780000,1,33777000,4,33781000,3,33776000,4,33782000,5,33775000,8,33783000,5,33774000,6,33784000,7,33773000,7,33785000,8,33772000,11,33786000,18,33771000,13,33787000,7,33770000,12,33788000,10,33769000,9,33789000,9
33779000,2,33781000,6,33778000,4,33782000,7,33777000,6,33783000,8,33776000,7,33784000,7,33775000,9,33785000,6,33774000,8,33786000,13,33773000,8,33787000,7,33772000,11,33788000,10,33771000,13,33789000,9,33770000,12,33790000,11
33775000,7,33778000,4,33774000,7,33779000,5,33773000,10,33780000,4,33772000,9,33781000,8,33771000,11,33782000,7,33770000,12,33783000,8,33769000,10,33784000,8,33768000,10,33785000,7,33767000,7,33786000,16,33766000,9,33787000,9
33772000,6,33775000,5,33771000,10,33776000,4,33770000,13,33777000,7,33769000,9,33778000,5,33768000,9,33779000,6,33767000,6,33780000,6,33766000,9,33781000,10,33765000,10,33782000,11,33764000,15,33783000,11,33763000,12,33784000,11
33776000,1,33777000,3,33775000,3,33778000,5,33774000,3,33779000,6,33773000,5,33780000,6,33772000,6,33781000,8,33771000,7,33782000,8,33770000,9,33783000,12,33769000,10,33784000,12,33768000,14,33785000,10,33767000,9,33786000,15
33777000,3,33779000,1,33776000,5,33780000,5,33775000,4,33781000,6,33774000,4,33782000,8,33773000,7,33783000,9,33772000,7,33784000,11,33771000,9,33785000,9,33770000,12,33786000,17,33769000,10,33787000,9,33768000,14,33788000,11
33779000,2,33781000,4,33778000,5,33782000,5,33777000,5,33783000,7,33776000,5,33784000,11,33775000,5,33785000,8,33774000,4,33786000,14,33773000,9,33787000,7,33772000,11,33788000,10,33771000,11,33789000,9,33770000,12,33790000,12
33780000,1,33781000,1,33779000,5,33782000,5,33778000,4,33783000,7,33777000,4,33784000,10,33776000,5,33785000,9,33775000,5,33786000,14,33774000,7,33787000,8,33773000,9,33788000,10,33772000,11,33789000,9,33771000,10,33790000,11
33777000,4,33780000,5,33776000,4,33781000,6,33775000,5,33782000,8,33774000,6,33783000,8,33773000,9,33784000,9,33772000,8,33785000,9,33771000,10,33786000,16,33770000,13,33787000,9,33769000,10,33788000,10,33768000,13,33789000,9
33778000,3,33780000,1,33777000,4,33781000,5,33776000,4,33782000,5,33775000,5,33783000,7,33774000,6,33784000,9,33773000,11,33785000,9,33772000,11,33786000,14,33771000,11,33787000,8,33770000,13,33788000,10,33769000,10,33789000,9
33781000,4,33783000,2,33780000,6,33784000,4,33779000,9,33785000,6,33778000,8,33786000,14,33777000,6,33787000,8,33776000,7,33788000,8,33775000,12,33789000,8,33774000,10,33790000,12,33773000,11,33791000,14,33772000,11,33792000,10
33784000,3,33786000,5,33783000,3,33787000,5,33782000,3,33788000,8,33781000,6,33789000,8,33780000,7,33790000,10,33779000,9,33791000,11,33778000,9,33792000,9,33777000,10,33793000,12,33776000,11,33794000,11,33775000,14,33795000,12
33783000,3,33785000,3,33782000,5,33786000,7,33781000,6,33787000,6,33780000,7,33788000,6,33779000,9,33789000,8,33778000,8,33790000,10,33777000,8,33791000,11,33776000,10,33792000,10,33775000,14,33793000,12,33774000,11,33794000,11
33785000,1,33787000,7,33784000,4,33788000,5,33783000,4,33789000,7,33782000,4,33790000,11,33781000,7,33791000,11,33780000,14,33792000,8,33779000,9,33793000,11,33778000,11,33794000,13,33777000,10,33795000,12,33776000,10,33796000,10
33783000,3,33785000,2,33782000,5,33786000,5,33781000,6,33787000,6,33780000,17,33788000,7,33779000,10,33789000,10,33778000,7,33790000,10,33777000,9,33791000,11,33776000,10,33792000,11,33775000,8,33793000,10,33774000,13,33794000,13
33786000,1,33788000,6,33785000,3,33789000,8,33784000,5,33790000,10,33783000,5,33791000,10,33782000,6,33792000,9,33781000,7,33793000,9,33780000,16,33794000,12,33779000,11,33795000,12,33778000,9,33796000,11,33777000,10,33797000,9
33789000,2,33790000,2,33788000,4,33791000,5,33787000,6,33792000,8,33786000,4,33793000,11,33785000,5,33794000,11,33784000,6,33795000,10,33783000,6,33796000,10,33782000,9,33797000,10,33781000,8,33798000,15,33780000,20,33799000,8
33792000,2,33794000,4,33791000,4,33795000,12,33790000,6,33796000,6,33789000,6,33797000,11,33788000,6,33798000,13,33787000,8,33799000,7,33786000,9,33800000,23,33785000,9,33801000,10,33784000,9,33802000,10,33783000,7,33803000,8
33791000,1,33793000,4,33790000,14,33794000,5,33789000,8,33795000,11,33788000,7,33796000,5,33787000,9,33797000,11,33786000,8,33798000,13,33785000,8,33799000,7,33784000,10,33800000,24,33783000,8,33801000,10,33782000,10,33802000,10
33788000,2,33789000,1,33787000,7,33790000,2,33786000,8,33791000,5,33785000,8,33792000,5,33784000,9,33793000,6,33783000,6,33794000,6,33782000,8,33795000,13,33781000,8,33796000,11,33780000,14,33797000,12,33779000,11,33798000,16
33789000,2,33791000,2,33788000,3,33792000,6,33787000,4,33793000,5,33786000,7,33794000,7,33785000,7,33795000,12,33784000,9,33796000,9,33783000,10,33797000,10,33782000,9,33798000,16,33781000,8,33799000,9,33780000,14,33800000,23
33787000,2,33789000,3,33786000,7,33790000,4,33785000,7,33791000,5,33784000,10,33792000,6,33783000,8,33793000,5,33782000,5,33794000,8,33781000,6,33795000,12,33780000,13,33796000,12,33779000,12,33797000,11,33778000,12,33798000,16
33790000,1,33791000,1,33789000,4,33792000,4,33788000,4,33793000,4,33787000,4,33794000,8,33786000,6,33795000,13,33785000,6,33796000,9,33784000,11,33797000,10,33783000,10,33798000,16,33782000,11,33799000,9,33781000,10,33800000,25
33793000,2,33794000,1,33792000,3,33795000,10,33791000,5,33796000,6,33790000,4,33797000,9,33789000,5,33798000,14,33788000,6,33799000,7,33787000,4,33800000,25,33786000,9,33801000,10,33785000,14,33802000,9,33784000,15,33803000,8
33795000,3,33797000,3,33794000,4,33798000,10,33793000,5,33799000,5,33792000,5,33800000,25,33791000,7,33801000,10,33790000,5,33802000,7,33789000,8,33803000,9,33788000,16,33804000,9,33787000,7,33805000,18,33786000,12,33806000,9
33794000,3,33796000,5,33793000,4,33797000,4,33792000,5,33798000,9,33791000,6,33799000,6,33790000,7,33800000,25,33789000,7,33801000,9,33788000,14,33802000,7,33787000,7,33803000,10,33786000,12,33804000,9,33785000,9,33805000,18
33796000,2,33797000,3,33795000,4,33798000,8,33794000,3,33799000,6,33793000,10,33800000,23,33792000,6,33801000,10,33791000,9,33802000,9,33790000,9,33803000,9,33789000,8,33804000,9,33788000,15,33805000,18,33787000,7,33806000,9
33797000,5,33800000,21,33796000,3,33801000,9,33795000,3,33802000,9,33794000,5,33803000,9,33793000,12,33804000,10,33792000,8,33805000,17,33791000,10,33806000,10,33790000,11,33807000,10,33789000,9,33808000,10,33788000,15,33809000,5
33798000,5,33800000,13,33797000,5,33801000,9,33796000,4,33802000,8,33795000,4,33803000,8,33794000,5,33804000,10,33793000,13,33805000,17,33792000,11,33806000,11,33791000,11,33807000,10,33790000,12,33808000,10,33789000,10,33809000,5
33799000,3,33800000,13,33798000,4,33801000,4,33797000,5,33802000,9,33796000,4,33803000,9,33795000,5,33804000,10,33794000,5,33805000,19,33793000,13,33806000,10,33792000,11,33807000,10,33791000,11,33808000,10,33790000,12,33809000,5
33797000,2,33799000,3,33796000,4,33800000,6,33795000,4,33801000,8,33794000,6,33802000,7,33793000,12,33803000,9,33792000,7,33804000,10,33791000,9,33805000,20,33790000,13,33806000,11,33789000,10,33807000,10,33788000,13,33808000,9
33794000,6,33796000,1,33793000,11,33797000,3,33792000,8,33798000,4,33791000,9,33799000,4,33790000,9,33800000,6,33789000,7,33801000,8,33788000,14,33802000,8,33787000,7,33803000,11,33786000,13,33804000,12,33785000,8,33805000,21
33797000,1,33798000,2,33796000,4,33799000,4,33795000,6,33800000,6,33794000,7,33801000,8,33793000,11,33802000,9,33792000,6,33803000,9,33791000,9,33804000,11,33790000,12,33805000,21,33789000,9,33806000,11,33788000,13,33807000,10
33794000,7,33796000,5,33793000,10,33797000,5,33792000,7,33798000,4,33791000,9,33799000,5,33790000,10,33800000,6,33789000,7,33801000,9,33788000,12,33802000,9,33787000,7,33803000,11,33786000,13,33804000,12,33785000,8,33805000,21
33791000,1,33793000,3,33790000,9,33794000,5,33789000,9,33795000,5,33788000,13,33796000,6,33787000,8,33797000,8,33786000,10,33798000,12,33785000,8,33799000,10,33784000,12,33800000,14,33783000,10,33801000,11,33782000,12,33802000,11
33788000,8,33790000,3,33787000,6,33791000,6,33786000,9,33792000,8,33785000,7,33793000,20,33784000,9,33794000,8,33783000,9,33795000,10,33782000,14,33796000,10,33781000,11,33797000,12,33780000,12,33798000,15,33779000,9,33799000,12
33787000,5,33790000,3,33786000,6,33791000,5,33785000,7,33792000,5,33784000,9,33793000,20,33783000,9,33794000,8,33782000,12,33795000,8,33781000,10,33796000,12,33780000,12,33797000,12,33779000,12,33798000,16,33778000,11,33799000,12
33787000,5,33789000,1,33786000,6,33790000,4,33785000,7,33791000,3,33784000,9,33792000,4,33783000,9,33793000,15,33782000,11,33794000,10,33781000,9,33795000,8,33780000,12,33796000,13,33779000,12,33797000,12,33778000,10,33798000,16
33784000,3,33787000,4,33783000,8,33788000,5,33782000,10,33789000,5,33781000,9,33790000,6,33780000,10,33791000,6,33779000,11,33792000,6,33778000,11,33793000,18,33777000,12,33794000,12,33776000,11,33795000,9,33775000,6,33796000,13
33788000,3,33790000,4,33787000,7,33791000,3,33786000,6,33792000,5,33785000,6,33793000,15,33784000,8,33794000,8,33783000,6,33795000,10,33782000,9,33796000,13,33781000,11,33797000,12,33780000,11,33798000,17,33779000,12,33799000,12
33785000,8,33787000,4,33784000,6,33788000,4,33783000,4,33789000,3,33782000,9,33790000,5,33781000,8,33791000,7,33780000,9,33792000,6,33779000,12,33793000,19,33778000,12,33794000,12,33777000,12,33795000,11,33776000,12,33796000,14
33782000,1,33784000,4,33781000,8,33785000,6,33780000,7,33786000,7,33779000,12,33787000,6,33778000,8,33788000,5,33777000,11,33789000,7,33776000,10,33790000,10,33775000,8,33791000,10,33774000,12,33792000,9,33773000,10,33793000,19
33784000,3,33786000,3,33783000,4,33787000,6,33782000,7,33788000,6,33781000,7,33789000,6,33780000,6,33790000,9,33779000,12,33791000,8,33778000,9,33792000,9,33777000,12,33793000,19,33776000,12,33794000,13,33775000,8,33795000,11
33782000,3,33784000,3,33781000,6,33785000,6,33780000,6,33786000,7,33779000,12,33787000,7,33778000,9,33788000,5,33777000,11,33789000,7,33776000,11,33790000,9,33775000,8,33791000,10,33774000,12,33792000,10,33773000,10,33793000,19
33783000,1,33785000,3,33782000,10,33786000,7,33781000,7,33787000,7,33780000,5,33788000,5,33779000,11,33789000,7,33778000,8,33790000,9,33777000,11,33791000,9,33776000,12,33792000,10,33775000,8,33793000,19,33774000,12,33794000,13
33782000,4,33783000,2,33781000,6,33784000,4,33780000,5,33785000,5,33779000,10,33786000,6,33778000,12,33787000,13,33777000,11,33788000,7,33776000,11,33789000,6,33775000,9,33790000,13,33774000,13,33791000,12,33773000,10,33792000,10
33783000,2,33784000,1,33782000,4,33785000,4,33781000,5,33786000,6,33780000,8,33787000,13,33779000,9,33788000,8,33778000,11,33789000,7,33777000,10,33790000,12,33776000,11,33791000,13,33775000,9,33792000,10,33774000,13,33793000,20
33782000,1,33783000,2,33781000,4,33784000,4,33780000,8,33785000,5,33779000,9,33786000,7,33778000,12,33787000,12,33777000,11,33788000,8,33776000,11,33789000,6,33775000,9,33790000,13,33774000,13,33791000,12,33773000,11,33792000,10
33779000,6,33780000,32,33778000,6,33781000,2,33777000,13,33782000,6,33776000,8,33783000,6,33775000,10,33784000,4,33774000,10,33785000,5,33773000,11,33786000,9,33772000,12,33787000,14,33771000,14,33788000,12,33770000,14,33789000,9
33776000,4,33777000,1,33775000,6,33778000,3,33774000,8,33779000,5,33773000,9,33780000,33,33772000,9,33781000,6,33771000,12,33782000,6,33770000,13,33783000,8,33769000,10,33784000,7,33768000,11,33785000,9,33767000,5,33786000,13
33773000,1,33774000,1,33772000,7,33775000,5,33771000,10,33776000,5,33770000,11,33777000,4,33769000,8,33778000,8,33768000,10,33779000,5,33767000,7,33780000,34,33766000,11,33781000,7,33765000,11,33782000,11,33764000,15,33783000,11
33770000,5,33773000,6,33769000,6,33774000,5,33768000,9,33775000,6,33767000,8,33776000,5,33766000,8,33777000,5,33765000,10,33778000,7,33764000,14,33779000,8,33763000,11,33780000,37,33762000,14,33781000,9,33761000,6,33782000,11
33768000,2,33770000,2,33767000,5,33771000,5,33766000,7,33772000,4,33765000,9,33773000,6,33764000,11,33774000,7,33763000,11,33775000,8,33762000,10,33776000,12,33761000,8,33777000,8,33760000,8,33778000,10,33759000,11,33779000,9
33765000,3,33769000,5,33764000,11,33770000,8,33763000,10,33771000,5,33762000,10,33772000,4,33761000,7,33773000,7,33760000,7,33774000,8,33759000,10,33775000,8,33758000,12,33776000,13,33757000,7,33777000,8,33756000,9,33778000,10
33762000,8,33769000,5,33761000,7,33770000,7,33760000,7,33771000,5,33759000,10,33772000,4,33758000,12,33773000,7,33757000,7,33774000,8,33756000,9,33775000,8,33755000,6,33776000,13,33754000,10,33777000,8,33753000,13,33778000,10
33764000,1,33765000,2,33763000,2,33766000,6,33762000,2,33767000,9,33761000,5,33768000,11,33760000,5,33769000,9,33759000,6,33770000,8,33758000,11,33771000,8,33757000,8,33772000,7,33756000,7,33773000,8,33755000,6,33774000,9
33763000,3,33765000,2,33762000,7,33766000,4,33761000,6,33767000,10,33760000,3,33768000,13,33759000,8,33769000,7,33758000,10,33770000,11,33757000,7,33771000,10,33756000,9,33772000,9,33755000,8,33773000,10,33754000,8,33774000,11
33763000,3,33765000,2,33762000,7,33766000,4,33761000,6,33767000,10,33760000,3,33768000,13,33759000,8,33769000,7,33758000,10,33770000,11,33757000,7,33771000,10,33756000,9,33772000,9,33755000,8,33773000,10,33754000,8,33774000,11
33764000,2,33765000,1,33763000,3,33766000,4,33762000,5,33767000,10,33761000,4,33768000,12,33760000,6,33769000,7,33759000,6,33770000,11,33758000,6,33771000,11,33757000,7,33772000,9,33756000,8,33773000,10,33755000,7,33774000,10
33766000,4,33768000,4,33765000,4,33769000,5,33764000,4,33770000,9,33763000,3,33771000,9,33762000,6,33772000,9,33761000,5,33773000,11,33760000,8,33774000,11,33759000,10,33775000,9,33758000,10,33776000,12,33757000,10,33777000,10
33769000,2,33771000,3,33768000,5,33772000,4,33767000,6,33773000,8,33766000,6,33774000,13,33765000,5,33775000,10,33764000,5,33776000,11,33763000,6,33777000,8,33762000,10,33778000,11,33761000,10,33779000,9,33760000,10,33780000,17
33773000,30,33774000,3,33772000,4,33775000,5,33771000,4,33776000,9,33770000,7,33777000,11,33769000,6,33778000,10,33768000,5,33779000,9,33767000,7,33780000,19,33766000,7,33781000,10,33765000,5,33782000,11,33764000,9,33783000,15
33775000,4,33777000,1,33774000,17,33778000,6,33773000,31,33779000,9,33772000,2,33780000,18,33771000,5,33781000,9,33770000,8,33782000,11,33769000,8,33783000,12,33768000,9,33784000,14,33767000,9,33785000,8,33766000,8,33786000,12
33774000,12,33776000,1,33773000,31,33777000,4,33772000,2,33778000,7,33771000,6,33779000,7,33770000,9,33780000,15,33769000,8,33781000,7,33768000,8,33782000,11,33767000,9,33783000,14,33766000,7,33784000,16,33765000,6,33785000,9
33777000,1,33778000,6,33776000,4,33779000,5,33775000,5,33780000,14,33774000,7,33781000,8,33773000,23,33782000,11,33772000,3,33783000,12,33771000,5,33784000,15,33770000,11,33785000,9,33769000,8,33786000,12,33768000,9,33787000,13
33774000,3,33775000,4,33773000,23,33776000,2,33772000,3,33777000,4,33771000,5,33778000,8,33770000,9,33779000,7,33769000,6,33780000,15,33768000,8,33781000,8,33767000,7,33782000,13,33766000,9,33783000,14,33765000,6,33784000,16
33776000,2,33777000,2,33775000,4,33778000,7,33774000,4,33779000,7,33773000,23,33780000,4,33772000,4,33781000,9,33771000,4,33782000,11,33770000,9,33783000,14,33769000,8,33784000,16,33768000,14,33785000,19,33767000,7,33786000,11
33779000,4,33782000,3,33778000,4,33783000,7,33777000,6,33784000,13,33776000,5,33785000,20,33775000,9,33786000,11,33774000,8,33787000,14,33773000,24,33788000,11,33772000,7,33789000,11,33771000,7,33790000,13,33770000,10,33791000,9
33781000,1,33782000,2,33780000,5,33783000,4,33779000,8,33784000,10,33778000,5,33785000,10,33777000,6,33786000,10,33776000,7,33787000,14,33775000,8,33788000,10,33774000,9,33789000,11,33773000,26,33790000,22,33772000,7,33791000,9
33782000,1,33783000,2,33781000,5,33784000,5,33780000,5,33785000,5,33779000,9,33786000,10,33778000,6,33787000,13,33777000,7,33788000,8,33776000,9,33789000,11,33775000,9,33790000,22,33774000,9,33791000,9,33773000,5,33792000,9
33780000,3,33782000,4,33779000,8,33783000,5,33778000,6,33784000,6,33777000,6,33785000,5,33776000,5,33786000,11,33775000,8,33787000,13,33774000,8,33788000,9,33773000,5,33789000,11,33772000,7,33790000,22,33771000,6,33791000,10
33777000,3,33779000,3,33776000,3,33780000,5,33775000,7,33781000,6,33774000,5,33782000,7,33773000,3,33783000,7,33772000,4,33784000,7,33771000,6,33785000,7,33770000,10,33786000,15,33769000,9,33787000,15,33768000,14,33788000,12
33780000,3,33782000,5,33779000,1,33783000,8,33778000,2,33784000,6,33777000,2,33785000,8,33776000,6,33786000,11,33775000,7,33787000,15,33774000,6,33788000,12,33773000,3,33789000,11,33772000,8,33790000,23,33771000,7,33791000,8
33777000,3,33780000,4,33776000,4,33781000,8,33775000,7,33782000,5,33774000,6,33783000,7,33773000,3,33784000,7,33772000,5,33785000,7,33771000,6,33786000,12,33770000,10,33787000,16,33769000,9,33788000,12,33768000,14,33789000,11
33777000,4,33780000,4,33776000,5,33781000,7,33775000,7,33782000,6,33774000,7,33783000,9,33773000,2,33784000,13,33772000,6,33785000,7,33771000,6,33786000,13,33770000,11,33787000,16,33769000,10,33788000,12,33768000,16,33789000,11
33777000,3,33778000,5,33776000,5,33779000,3,33775000,6,33780000,6,33774000,7,33781000,7,33773000,3,33782000,6,33772000,6,33783000,8,33771000,7,33784000,13,33770000,11,33785000,7,33769000,10,33786000,14,33768000,16,33787000,16
33778000,3,33780000,1,33777000,5,33781000,7,33776000,4,33782000,6,33775000,6,33783000,7,33774000,7,33784000,14,33773000,4,33785000,7,33772000,4,33786000,13,33771000,7,33787000,16,33770000,12,33788000,12,33769000,10,33789000,11
33778000,1,33780000,7,33777000,4,33781000,8,33776000,4,33782000,5,33775000,6,33783000,5,33774000,6,33784000,11,33773000,4,33785000,6,33772000,6,33786000,13,33771000,7,33787000,15,33770000,12,33788000,12,33769000,10,33789000,11
33774000,2,33775000,8,33773000,2,33776000,5,33772000,2,33777000,6,33771000,6,33778000,6,33770000,9,33779000,7,33769000,7,33780000,6,33768000,15,33781000,8,33767000,7,33782000,11,33766000,10,33783000,12,33765000,11,33784000,17
33771000,2,33773000,1,33770000,7,33774000,4,33769000,5,33775000,9,33768000,13,33776000,7,33767000,6,33777000,5,33766000,11,33778000,7,33765000,8,33779000,8,33764000,8,33780000,9,33763000,6,33781000,11,33762000,12,33782000,11
33769000,4,33772000,5,33768000,7,33773000,6,33767000,4,33774000,7,33766000,8,33775000,10,33765000,5,33776000,9,33764000,8,33777000,8,33763000,7,33778000,9,33762000,12,33779000,11,33761000,9,33780000,11,33760000,10,33781000,11
33765000,2,33766000,2,33764000,4,33768000,4,33763000,4,33769000,5,33762000,9,33770000,7,33761000,7,33771000,8,33760000,8,33772000,9,33759000,10,33773000,7,33758000,10,33774000,7,33757000,10,33775000,14,33756000,9,33776000,11
33763000,4,33766000,4,33762000,3,33767000,5,33761000,3,33768000,7,33760000,7,33769000,7,33759000,8,33770000,8,33758000,8,33771000,12,33757000,8,33772000,13,33756000,10,33773000,10,33755000,7,33774000,10,33754000,9,33775000,14
33761000,2,33763000,1,33760000,4,33764000,3,33759000,6,33765000,10,33758000,7,33766000,7,33757000,7,33767000,6,33756000,8,33768000,8,33755000,6,33769000,8,33754000,9,33770000,9,33753000,11,33771000,13,33752000,7,33772000,14
33764000,2,33766000,5,33763000,4,33767000,5,33762000,6,33768000,7,33761000,5,33769000,8,33760000,2,33770000,11,33759000,5,33771000,12,33758000,10,33772000,14,33757000,9,33773000,9,33756000,10,33774000,9,33755000,7,33775000,13
33762000,4,33765000,3,33761000,5,33766000,4,33760000,2,33767000,5,33759000,5,33768000,8,33758000,9,33769000,7,33757000,8,33770000,9,33756000,8,33771000,12,33755000,7,33772000,14,33754000,9,33773000,10,33753000,11,33774000,10
33767000,1,33768000,4,33765000,7,33769000,5,33764000,3,33770000,9,33763000,4,33771000,10,33762000,6,33772000,12,33761000,13,33773000,10,33760000,5,33774000,9,33759000,9,33775000,14,33758000,10,33776000,12,33757000,10,33777000,10
33767000,1,33769000,2,33766000,13,33770000,7,33765000,11,33771000,10,33764000,3,33772000,11,33763000,4,33773000,11,33762000,6,33774000,10,33761000,13,33775000,18,33760000,7,33776000,12,33759000,9,33777000,9,33758000,10,33778000,11
33767000,12,33769000,3,33766000,11,33770000,6,33765000,12,33771000,15,33764000,2,33772000,9,33763000,3,33773000,8,33762000,6,33774000,10,33761000,13,33775000,11,33760000,7,33776000,12,33759000,10,33777000,13,33758000,10,33778000,10
33762000,3,33765000,4,33761000,10,33766000,4,33760000,4,33767000,5,33759000,8,33768000,8,33758000,8,33769000,3,33757000,9,33770000,7,33756000,9,33771000,16,33755000,7,33772000,13,33754000,9,33773000,11,33753000,15,33774000,12
33761000,10,33764000,6,33760000,3,33765000,3,33759000,8,33766000,6,33758000,8,33767000,6,33757000,7,33768000,6,33756000,7,33769000,4,33755000,6,33770000,8,33754000,10,33771000,17,33753000,14,33772000,13,33752000,9,33773000,11
33762000,9,33764000,4,33761000,10,33765000,6,33760000,4,33766000,6,33759000,7,33767000,6,33758000,8,33768000,7,33757000,7,33769000,5,33756000,8,33770000,9,33755000,7,33771000,18,33754000,10,33772000,13,33753000,14,33773000,11
33764000,15,33765000,5,33762000,5,33766000,6,33761000,10,33767000,7,33760000,4,33768000,7,33759000,6,33769000,5,33758000,8,33770000,9,33757000,7,33771000,16,33756000,8,33772000,13,33755000,7,33773000,11,33754000,10,33774000,12
33762000,5,33764000,4,33761000,10,33765000,7,33760000,6,33766000,8,33759000,6,33767000,7,33758000,8,33768000,7,33757000,8,33769000,8,33756000,8,33770000,9,33755000,7,33771000,9,33754000,10,33772000,13,33753000,13,33773000,16
33762000,1,33763000,1,33761000,5,33764000,8,33760000,7,33765000,7,33759000,6,33766000,8,33758000,7,33767000,8,33757000,7,33768000,10,33756000,7,33769000,9,33755000,7,33770000,11,33754000,10,33771000,11,33753000,13,33772000,13
33761000,4,33763000,3,33760000,7,33764000,5,33759000,5,33765000,6,33758000,7,33766000,9,33757000,9,33767000,7,33756000,7,33768000,7,33755000,6,33769000,8,33754000,10,33770000,11,33753000,13,33771000,11,33752000,8,33772000,13
33762000,12,33764000,2,33761000,6,33765000,7,33760000,24,33766000,8,33759000,5,33767000,7,33758000,8,33768000,8,33757000,8,33769000,8,33756000,7,33770000,10,33755000,7,33771000,11,33754000,10,33772000,13,33753000,13,33773000,15
33762000,4,33764000,1,33761000,11,33765000,4,33760000,24,33766000,8,33759000,6,33767000,9,33758000,9,33768000,7,33757000,8,33769000,8,33756000,8,33770000,9,33755000,7,33771000,11,33754000,10,33772000,13,33753000,13,33773000,16
33759000,1,33761000,4,33758000,6,33762000,7,33757000,6,33763000,6,33756000,7,33764000,7,33755000,6,33765000,7,33754000,8,33766000,10,33753000,11,33767000,8,33752000,10,33768000,11,33751000,9,33769000,9,33750000,49,33770000,11
33759000,5,33761000,4,33758000,5,33762000,6,33757000,12,33763000,8,33756000,4,33764000,9,33755000,6,33765000,7,33754000,9,33766000,11,33753000,12,33767000,8,33752000,10,33768000,11,33751000,9,33769000,9,33750000,49,33770000,11
33757000,10,33759000,4,33756000,3,33760000,8,33755000,6,33761000,8,33754000,7,33762000,7,33753000,11,33763000,7,33752000,7,33764000,7,33751000,8,33765000,7,33750000,49,33766000,13,33749000,12,33767000,9,33748000,7,33768000,11
33754000,11,33755000,2,33753000,7,33756000,9,33752000,5,33757000,9,33751000,7,33758000,9,33750000,47,33759000,9,33749000,10,33760000,16,33748000,7,33761000,9,33747000,7,33762000,10,33746000,10,33763000,12,33745000,4,33764000,11
33756000,1,33757000,1,33755000,4,33758000,6,33754000,7,33759000,9,33753000,7,33760000,16,33752000,6,33761000,11,33751000,8,33762000,10,33750000,47,33763000,11,33749000,10,33764000,12,33748000,8,33765000,9,33747000,7,33766000,13
33755000,3,33757000,3,33754000,9,33758000,7,33753000,8,33759000,7,33752000,6,33760000,12,33751000,9,33761000,9,33750000,47,33762000,8,33749000,10,33763000,13,33748000,8,33764000,14,33747000,7,33765000,9,33746000,9,33766000,13
33757000,1,33759000,4,33756000,3,33760000,11,33755000,5,33761000,9,33754000,14,33762000,9,33753000,8,33763000,13,33752000,5,33764000,12,33751000,10,33765000,8,33750000,50,33766000,13,33749000,10,33767000,10,33748000,9,33768000,12
33758000,1,33760000,7,33757000,7,33761000,7,33756000,14,33762000,9,33755000,8,33763000,12,33754000,16,33764000,12,33753000,8,33765000,10,33752000,8,33766000,12,33751000,8,33767000,10,33750000,50,33768000,13,33749000,11,33769000,8
33758000,5,33760000,12,33757000,5,33761000,7,33756000,14,33762000,8,33755000,8,33763000,12,33754000,16,33764000,12,33753000,8,33765000,10,33752000,8,33766000,12,33751000,8,33767000,10,33750000,50,33768000,13,33749000,12,33769000,8
33758000,3,33760000,12,33757000,5,33761000,7,33756000,9,33762000,7,33755000,7,33763000,13,33754000,15,33764000,16,33753000,8,33765000,10,33752000,8,33766000,12,33751000,10,33767000,10,33750000,50,33768000,13,33749000,11,33769000,8
33762000,1,33763000,1,33761000,6,33764000,11,33760000,6,33765000,7,33759000,7,33766000,12,33758000,5,33767000,9,33757000,6,33768000,13,33756000,9,33769000,11,33755000,9,33770000,9,33754000,19,33771000,10,33753000,12,33772000,11
33765000,2,33766000,1,33764000,3,33767000,4,33763000,5,33768000,10,33762000,4,33769000,11,33761000,6,33770000,10,33760000,7,33771000,9,33759000,8,33772000,10,33758000,8,33773000,9,33757000,9,33774000,10,33756000,11,33775000,6
33768000,1,33769000,2,33767000,5,33770000,5,33766000,4,33771000,5,33765000,6,33772000,7,33764000,3,33773000,7,33763000,7,33774000,11,33762000,8,33775000,6,33761000,10,33776000,13,33760000,10,33777000,13,33759000,11,33778000,10
33767000,2,33769000,5,33766000,2,33770000,5,33765000,5,33771000,8,33764000,6,33772000,6,33763000,8,33773000,8,33762000,6,33774000,10,33761000,11,33775000,6,33760000,10,33776000,13,33759000,12,33777000,15,33758000,10,33778000,10
33768000,2,33769000,1,33767000,4,33770000,5,33766000,3,33771000,7,33765000,4,33772000,6,33764000,4,33773000,8,33763000,7,33774000,10,33762000,7,33775000,6,33761000,11,33776000,13,33760000,9,33777000,15,33759000,12,33778000,10
33765000,2,33766000,3,33764000,3,33768000,4,33763000,7,33769000,6,33762000,5,33770000,7,33761000,8,33771000,9,33760000,7,33772000,7,33759000,11,33773000,9,33758000,11,33774000,12,33757000,10,33775000,8,33756000,10,33776000,13
33767000,2,33769000,4,33766000,7,33770000,8,33765000,3,33771000,8,33764000,7,33772000,6,33763000,3,33773000,8,33762000,5,33774000,10,33761000,9,33775000,7,33760000,9,33776000,13,33759000,12,33777000,15,33758000,11,33778000,14
33771000,3,33772000,3,33770000,3,33773000,5,33769000,5,33774000,9,33768000,4,33775000,4,33767000,4,33776000,11,33766000,6,33777000,14,33765000,4,33778000,14,33764000,11,33779000,10,33763000,7,33780000,13,33762000,10,33781000,6
33769000,2,33771000,5,33767000,4,33772000,5,33766000,5,33773000,6,33765000,3,33774000,4,33764000,7,33775000,6,33763000,5,33776000,10,33762000,10,33777000,15,33761000,11,33778000,17,33760000,11,33779000,10,33759000,11,33780000,13
33765000,4,33768000,4,33764000,4,33769000,5,33763000,4,33770000,4,33762000,7,33771000,6,33761000,9,33772000,5,33760000,7,33773000,8,33759000,12,33774000,6,33758000,12,33775000,7,33757000,9,33776000,13,33756000,14,33777000,15
33766000,3,33768000,1,33765000,4,33769000,5,33764000,5,33770000,4,33763000,3,33771000,7,33762000,7,33772000,6,33761000,9,33773000,9,33760000,9,33774000,8,33759000,12,33775000,8,33758000,12,33776000,13,33757000,10,33777000,15
33766000,3,33768000,1,33765000,4,33769000,5,33764000,5,33770000,4,33763000,3,33771000,7,33762000,7,33772000,6,33761000,9,33773000,9,33760000,9,33774000,8,33759000,12,33775000,8,33758000,12,33776000,13,33757000,10,33777000,15
33766000,5,33768000,4,33765000,5,33769000,6,33764000,5,33770000,4,33763000,4,33771000,7,33762000,7,33772000,5,33761000,9,33773000,6,33760000,10,33774000,7,33759000,12,33775000,6,33758000,12,33776000,13,33757000,9,33777000,15
33764000,3,33767000,5,33763000,4,33768000,3,33762000,8,33769000,6,33761000,8,33770000,5,33760000,13,33771000,6,33759000,9,33772000,7,33758000,11,33773000,8,33757000,10,33774000,8,33756000,13,33775000,8,33755000,6,33776000,13
33766000,1,33767000,2,33765000,8,33768000,3,33764000,7,33769000,6,33763000,5,33770000,3,33762000,7,33771000,6,33761000,7,33772000,7,33760000,13,33773000,8,33759000,9,33774000,9,33758000,12,33775000,8,33757000,10,33776000,12
33768000,1,33770000,3,33767000,5,33771000,4,33766000,4,33772000,5,33765000,5,33773000,5,33764000,6,33774000,5,33763000,7,33775000,7,33762000,11,33776000,11,33761000,11,33777000,17,33760000,17,33778000,17,33759000,12,33779000,10
33767000,1,33769000,3,33766000,3,33770000,5,33765000,5,33771000,4,33764000,5,33772000,5,33763000,6,33773000,6,33762000,9,33774000,8,33761000,9,33775000,6,33760000,17,33776000,13,33759000,12,33777000,17,33758000,12,33778000,17
33767000,2,33769000,2,33766000,5,33770000,5,33765000,5,33771000,4,33764000,5,33772000,6,33763000,5,33773000,7,33762000,10,33774000,7,33761000,9,33775000,6,33760000,17,33776000,13,33759000,12,33777000,17,33758000,12,33778000,16
33764000,2,33766000,5,33763000,5,33767000,5,33762000,8,33768000,4,33761000,9,33769000,6,33760000,7,33770000,6,33759000,10,33771000,4,33758000,13,33772000,8,33757000,10,33773000,12,33756000,12,33774000,9,33755000,7,33775000,7
33761000,1,33762000,1,33760000,6,33763000,8,33759000,7,33764000,6,33758000,8,33765000,4,33757000,7,33766000,7,33756000,10,33767000,4,33755000,7,33768000,8,33754000,10,33769000,10,33753000,11,33770000,11,33752000,13,33771000,10
33763000,1,33765000,3,33762000,4,33766000,4,33761000,4,33767000,6,33760000,6,33768000,7,33759000,7,33769000,12,33758000,8,33770000,9,33757000,9,33771000,9,33756000,12,33772000,11,33755000,8,33773000,13,33754000,10,33774000,8
33766000,5,33768000,4,33765000,4,33769000,8,33764000,6,33770000,7,33763000,4,33771000,7,33762000,5,33772000,9,33761000,4,33773000,12,33760000,6,33774000,9,33759000,10,33775000,8,33758000,12,33776000,12,33757000,11,33777000,16
33769000,2,33771000,3,33768000,5,33772000,6,33767000,6,33773000,11,33766000,5,33774000,7,33765000,5,33775000,6,33764000,7,33776000,12,33763000,7,33777000,14,33762000,10,33778000,18,33761000,8,33779000,10,33760000,11,33780000,11
33768000,1,33770000,4,33767000,6,33771000,6,33766000,5,33772000,7,33765000,6,33773000,13,33764000,7,33774000,9,33763000,7,33775000,5,33762000,9,33776000,12,33761000,8,33777000,15,33760000,11,33778000,18,33759000,12,33779000,10
33769000,1,33771000,5,33768000,4,33772000,8,33767000,6,33773000,14,33766000,6,33774000,8,33765000,5,33775000,5,33764000,7,33776000,11,33763000,7,33777000,14,33762000,10,33778000,18,33761000,8,33779000,10,33760000,11,33780000,12
33768000,1,33770000,4,33767000,6,33771000,6,33766000,6,33772000,7,33765000,5,33773000,13,33764000,7,33774000,8,33763000,6,33775000,6,33762000,9,33776000,11,33761000,8,33777000,15,33760000,11,33778000,19,33759000,12,33779000,10
33768000,5,33771000,5,33767000,5,33772000,8,33766000,5,33773000,15,33765000,5,33774000,8,33764000,7,33775000,6,33763000,7,33776000,11,33762000,9,33777000,14,33761000,8,33778000,18,33760000,11,33779000,10,33759000,12,33780000,11
33768000,1,33770000,3,33767000,5,33771000,6,33766000,5,33772000,7,33765000,5,33773000,15,33764000,7,33774000,8,33763000,6,33775000,6,33762000,9,33776000,11,33761000,8,33777000,15,33760000,11,33778000,18,33759000,12,33779000,10
33771000,1,33772000,2,33770000,5,33773000,10,33769000,4,33774000,8,33768000,2,33775000,5,33767000,3,33776000,11,33766000,7,33777000,14,33765000,4,33778000,17,33764000,10,33779000,10,33763000,8,33780000,12,33762000,10,33781000,6
33769000,3,33771000,5,33768000,4,33772000,7,33767000,4,33773000,7,33766000,5,33774000,6,33765000,3,33775000,8,33764000,10,33776000,8,33763000,7,33777000,15,33762000,11,33778000,18,33761000,8,33779000,16,33760000,12,33780000,12
33765000,1,33767000,2,33764000,5,33768000,4,33763000,3,33769000,4,33762000,8,33770000,7,33761000,8,33771000,7,33760000,9,33772000,5,33759000,9,33773000,8,33758000,11,33774000,11,33757000,10,33775000,10,33756000,13,33776000,10
33762000,3,33765000,5,33761000,3,33766000,5,33760000,6,33767000,6,33759000,6,33768000,8,33758000,9,33769000,8,33757000,8,33770000,12,33756000,12,33771000,9,33755000,8,33772000,9,33754000,9,33773000,10,33753000,11,33774000,10
33763000,4,33765000,1,33762000,4,33766000,6,33761000,5,33767000,5,33760000,6,33768000,9,33759000,6,33769000,9,33758000,10,33770000,12,33757000,8,33771000,9,33756000,12,33772000,9,33755000,8,33773000,10,33754000,9,33774000,10
33767000,2,33768000,2,33766000,5,33769000,4,33765000,3,33770000,12,33764000,5,33771000,9,33763000,4,33772000,8,33762000,6,33773000,10,33761000,7,33774000,10,33760000,10,33775000,9,33759000,11,33776000,11,33758000,11,33777000,15
33768000,4,33771000,3,33767000,4,33772000,4,33766000,5,33773000,7,33765000,3,33774000,7,33764000,8,33775000,8,33763000,6,33776000,9,33762000,9,33777000,13,33761000,8,33778000,18,33760000,12,33779000,14,33759000,10,33780000,11
33774000,1,33776000,3,33773000,6,33777000,9,33772000,6,33778000,12,33771000,5,33779000,11,33770000,7,33780000,12,33769000,6,33781000,5,33768000,8,33782000,9,33767000,8,33783000,12,33766000,11,33784000,10,33765000,7,33785000,7
33773000,1,33775000,2,33772000,5,33776000,5,33771000,5,33777000,10,33770000,8,33778000,13,33769000,6,33779000,12,33768000,6,33780000,11,33767000,7,33781000,6,33766000,10,33782000,10,33765000,7,33783000,12,33764000,12,33784000,10
33774000,3,33775000,1,33773000,3,33776000,2,33772000,5,33777000,9,33771000,6,33778000,12,33770000,6,33779000,13,33769000,6,33780000,13,33768000,10,33781000,5,33767000,9,33782000,9,33766000,10,33783000,12,33765000,7,33784000,10
33777000,2,33779000,6,33776000,5,33780000,9,33775000,5,33781000,6,33774000,7,33782000,6,33773000,4,33783000,9,33772000,8,33784000,8,33771000,8,33785000,7,33770000,12,33786000,15,33769000,10,33787000,9,33768000,11,33788000,13
33781000,2,33783000,6,33780000,5,33784000,6,33779000,5,33785000,7,33778000,5,33786000,12,33777000,3,33787000,7,33776000,6,33788000,11,33775000,8,33789000,9,33774000,11,33790000,15,33773000,7,33791000,10,33772000,10,33792000,11
33784000,3,33786000,6,33783000,7,33787000,5,33782000,5,33788000,10,33781000,5,33789000,8,33780000,4,33790000,13,33779000,5,33791000,7,33778000,8,33792000,11,33777000,8,33793000,20,33776000,11,33794000,10,33775000,9,33795000,13
33783000,3,33784000,1,33782000,4,33785000,5,33781000,6,33786000,13,33780000,5,33787000,5,33779000,7,33788000,6,33778000,6,33789000,9,33777000,8,33790000,9,33776000,11,33791000,7,33775000,9,33792000,12,33774000,11,33793000,18
33785000,1,33786000,1,33784000,4,33787000,5,33783000,5,33788000,5,33782000,6,33789000,9,33781000,11,33790000,9,33780000,6,33791000,8,33779000,10,33792000,11,33778000,6,33793000,18,33777000,9,33794000,11,33776000,11,33795000,10
33782000,3,33783000,2,33781000,9,33784000,2,33780000,6,33785000,3,33779000,10,33786000,5,33778000,8,33787000,6,33777000,8,33788000,8,33776000,9,33789000,8,33775000,9,33790000,13,33774000,13,33791000,9,33773000,6,33792000,12
33789000,2,33790000,1,33788000,3,33791000,4,33787000,3,33792000,10,33786000,5,33793000,15,33785000,8,33794000,8,33784000,4,33795000,9,33783000,5,33796000,11,33782000,10,33797000,8,33781000,9,33798000,13,33780000,11,33799000,7
33785000,3,33786000,1,33784000,1,33787000,4,33783000,4,33788000,4,33782000,7,33789000,5,33781000,7,33790000,4,33780000,8,33791000,7,33779000,11,33792000,10,33778000,9,33793000,18,33777000,11,33794000,12,33776000,11,33795000,11
33781000,5,33783000,6,33780000,6,33784000,6,33779000,6,33785000,7,33778000,5,33786000,8,33777000,8,33787000,6,33776000,9,33788000,8,33775000,8,33789000,7,33774000,13,33790000,8,33773000,7,33791000,10,33772000,11,33792000,12
33782000,1,33784000,6,33781000,3,33785000,3,33780000,5,33786000,8,33779000,4,33787000,6,33778000,7,33788000,8,33777000,9,33789000,7,33776000,10,33790000,7,33775000,11,33791000,10,33774000,13,33792000,12,33773000,7,33793000,18
33785000,3,33787000,2,33784000,7,33788000,6,33783000,4,33789000,5,33782000,5,33790000,7,33781000,4,33791000,7,33780000,8,33792000,10,33779000,7,33793000,18,33778000,10,33794000,11,33777000,11,33795000,10,33776000,12,33796000,11
33788000,4,33790000,3,33787000,3,33791000,5,33786000,6,33792000,9,33785000,5,33793000,15,33784000,5,33794000,9,33783000,6,33795000,8,33782000,6,33796000,11,33781000,8,33797000,8,33780000,10,33798000,13,33779000,8,33799000,7
33787000,2,33788000,1,33786000,4,33789000,4,33785000,6,33790000,3,33784000,6,33791000,5,33783000,8,33792000,3,33782000,9,33793000,18,33781000,7,33794000,10,33780000,12,33795000,8,33779000,9,33796000,11,33778000,10,33797000,8
33789000,2,33790000,1,33788000,3,33791000,4,33787000,5,33792000,4,33786000,8,33793000,17,33785000,6,33794000,10,33784000,8,33795000,8,33783000,7,33796000,10,33782000,11,33797000,8,33781000,10,33798000,13,33780000,12,33799000,8
33787000,5,33789000,2,33786000,5,33790000,2,33785000,6,33791000,5,33784000,8,33792000,5,33783000,9,33793000,15,33782000,9,33794000,9,33781000,8,33795000,9,33780000,13,33796000,12,33779000,10,33797000,8,33778000,11,33798000,13
33788000,4,33790000,2,33787000,4,33791000,4,33786000,4,33792000,4,33785000,6,33793000,14,33784000,9,33794000,9,33783000,9,33795000,9,33782000,10,33796000,11,33781000,10,33797000,8,33780000,13,33798000,13,33779000,10,33799000,9
33791000,4,33793000,10,33790000,3,33794000,6,33789000,7,33795000,7,33788000,4,33796000,8,33787000,7,33797000,7,33786000,8,33798000,10,33785000,10,33799000,8,33784000,13,33800000,14,33783000,11,33801000,10,33782000,13,33802000,10
33795000,1,33797000,4,33794000,4,33798000,8,33793000,3,33799000,6,33792000,5,33800000,12,33791000,6,33801000,10,33790000,4,33802000,9,33789000,13,33803000,9,33788000,10,33804000,11,33787000,10,33805000,19,33786000,11,33806000,8
33794000,5,33796000,6,33793000,6,33798000,5,33792000,4,33799000,5,33791000,5,33800000,12,33790000,6,33801000,9,33789000,12,33802000,10,33788000,8,33803000,8,33787000,9,33804000,11,33786000,12,33805000,20,33785000,8,33806000,10
33796000,3,33798000,1,33795000,9,33799000,5,33794000,5,33800000,12,33793000,5,33801000,9,33792000,7,33802000,9,33791000,8,33803000,7,33790000,8,33804000,10,33789000,13,33805000,20,33788000,9,33806000,10,33787000,9,33807000,9
33800000,3,33802000,6,33799000,4,33803000,5,33798000,3,33804000,9,33797000,5,33805000,18,33796000,5,33806000,6,33795000,6,33807000,8,33794000,7,33808000,8,33793000,6,33809000,9,33792000,11,33810000,9,33791000,10,33811000,5
33803000,3,33805000,12,33802000,8,33806000,7,33801000,5,33807000,10,33800000,10,33808000,7,33799000,3,33809000,10,33798000,6,33810000,11,33797000,6,33811000,5,33796000,8,33812000,10,33795000,8,33813000,9,33794000,10,33814000,10
33807000,2,33808000,1,33806000,3,33809000,9,33805000,3,33810000,12,33804000,5,33811000,6,33803000,10,33812000,10,33802000,11,33813000,8,33801000,8,33814000,10,33800000,13,33815000,9,33799000,7,33816000,10,33798000,8,33817000,4
33810000,10,33811000,2,33809000,4,33812000,3,33808000,9,33813000,10,33807000,6,33814000,10,33806000,9,33815000,8,33805000,8,33816000,10,33804000,6,33817000,5,33803000,13,33818000,6,33802000,11,33819000,8,33801000,10,33820000,16
33808000,7,33811000,4,33807000,8,33812000,5,33806000,8,33813000,6,33805000,10,33814000,10,33804000,7,33815000,9,33803000,13,33816000,10,33802000,10,33817000,5,33801000,11,33818000,7,33800000,23,33819000,8,33799000,7,33820000,16
33811000,2,33812000,2,33810000,8,33813000,7,33809000,4,33814000,10,33808000,5,33815000,8,33807000,6,33816000,10,33806000,6,33817000,5,33805000,11,33818000,7,33804000,11,33819000,8,33803000,12,33820000,17,33802000,10,33821000,5
33808000,3,33810000,2,33807000,6,33811000,3,33806000,5,33812000,5,33805000,9,33813000,7,33804000,8,33814000,11,33803000,11,33815000,8,33802000,9,33816000,10,33801000,11,33817000,6,33800000,31,33818000,7,33799000,7,33819000,8
33817000,1,33818000,3,33816000,2,33819000,6,33815000,4,33820000,17,33814000,5,33821000,8,33813000,7,33822000,8,33812000,11,33823000,9,33811000,9,33824000,11,33810000,6,33825000,6,33809000,9,33826000,8,33808000,10,33827000,5
33818000,2,33820000,9,33817000,13,33821000,7,33816000,6,33822000,9,33815000,4,33823000,9,33814000,6,33824000,10,33813000,9,33825000,6,33812000,12,33826000,8,33811000,10,33827000,6,33810000,10,33828000,11,33809000,12,33829000,6
33817000,8,33819000,3,33816000,6,33820000,5,33815000,8,33821000,7,33814000,7,33822000,10,33813000,8,33823000,10,33812000,11,33824000,10,33811000,11,33825000,8,33810000,9,33826000,9,33809000,12,33827000,6,33808000,11,33828000,11
33818000,4,33820000,3,33817000,5,33821000,6,33816000,5,33822000,9,33815000,7,33823000,9,33814000,9,33824000,11,33813000,9,33825000,8,33812000,13,33826000,8,33811000,12,33827000,6,33810000,9,33828000,11,33809000,12,33829000,6
33820000,3,33822000,4,33819000,4,33823000,8,33818000,6,33824000,9,33817000,6,33825000,10,33816000,5,33826000,8,33815000,7,33827000,5,33814000,8,33828000,10,33813000,12,33829000,8,33812000,14,33830000,20,33811000,12,33831000,13
33819000,3,33820000,1,33818000,4,33821000,2,33817000,3,33822000,4,33816000,6,33823000,6,33815000,8,33824000,7,33814000,8,33825000,8,33813000,10,33826000,8,33812000,13,33827000,8,33811000,12,33828000,11,33810000,10,33829000,8
33821000,2,33823000,3,33820000,4,33824000,6,33819000,6,33825000,7,33818000,5,33826000,7,33817000,3,33827000,7,33816000,6,33828000,7,33815000,8,33829000,6,33814000,12,33830000,21,33813000,11,33831000,11,33812000,13,33832000,8
33824000,4,33826000,1,33823000,7,33827000,5,33822000,7,33828000,7,33821000,5,33829000,8,33820000,5,33830000,20,33819000,6,33831000,10,33818000,7,33832000,8,33817000,8,33833000,9,33816000,9,33834000,11,33815000,11,33835000,6
33826000,3,33829000,4,33825000,5,33830000,15,33824000,9,33831000,9,33823000,6,33832000,7,33822000,8,33833000,9,33821000,8,33834000,11,33820000,8,33835000,7,33819000,9,33836000,14,33818000,10,33837000,11,33817000,8,33838000,18
33830000,4,33832000,2,33829000,11,33833000,7,33828000,5,33834000,9,33827000,8,33835000,7,33826000,6,33836000,12,33825000,6,33837000,10,33824000,17,33838000,18,33823000,10,33839000,6,33822000,12,33840000,23,33821000,10,33841000,6
33829000,1,33831000,6,33828000,3,33832000,3,33827000,8,33833000,5,33826000,7,33834000,8,33825000,8,33835000,7,33824000,15,33836000,11,33823000,8,33837000,13,33822000,13,33838000,19,33821000,10,33839000,7,33820000,10,33840000,23
33825000,2,33826000,2,33824000,10,33827000,2,33823000,6,33828000,4,33822000,10,33829000,13,33821000,19,33830000,3,33820000,6,33831000,5,33819000,10,33832000,7,33818000,11,33833000,12,33817000,11,33834000,8,33816000,13,33835000,13
33828000,6,33829000,12,33826000,5,33830000,3,33825000,6,33831000,5,33824000,11,33832000,7,33823000,6,33833000,14,33822000,10,33834000,8,33821000,19,33835000,13,33820000,6,33836000,19,33819000,10,33837000,14,33818000,11,33838000,15
33833000,5,33835000,4,33832000,9,33836000,10,33831000,8,33837000,11,33830000,6,33838000,11,33829000,7,33839000,8,33828000,6,33840000,21,33827000,7,33841000,7,33826000,10,33842000,7,33825000,12,33843000,9,33824000,17,33844000,7
33833000,3,33835000,5,33832000,9,33836000,10,33831000,8,33837000,11,33830000,6,33838000,11,33829000,7,33839000,8,33828000,6,33840000,21,33827000,7,33841000,7,33826000,10,33842000,7,33825000,12,33843000,9,33824000,17,33844000,7
33836000,2,33838000,2,33835000,9,33839000,5,33834000,4,33840000,16,33833000,7,33841000,8,33832000,8,33842000,6,33831000,9,33843000,10,33830000,7,33844000,9,33829000,9,33845000,6,33828000,12,33846000,11,33827000,9,33847000,8
33836000,3,33838000,5,33835000,8,33839000,7,33834000,4,33840000,14,33833000,7,33841000,7,33832000,11,33842000,6,33831000,9,33843000,9,33830000,8,33844000,9,33829000,9,33845000,9,33828000,11,33846000,13,33827000,9,33847000,8
33838000,3,33839000,2,33837000,5,33840000,12,33836000,6,33841000,6,33835000,6,33842000,6,33834000,5,33843000,9,33833000,7,33844000,9,33832000,10,33845000,8,33831000,10,33846000,13,33830000,9,33847000,8,33829000,9,33848000,10
33840000,2,33841000,1,33839000,5,33842000,2,33838000,5,33843000,6,33837000,7,33844000,7,33836000,7,33845000,7,33835000,6,33846000,13,33834000,6,33847000,8,33833000,10,33848000,10,33832000,14,33849000,12,33831000,11,33850000,20
33836000,5,33838000,2,33835000,5,33839000,4,33834000,5,33840000,5,33833000,8,33841000,5,33832000,10,33842000,5,33831000,11,33843000,7,33830000,8,33844000,9,33829000,10,33845000,9,33828000,11,33846000,15,33827000,8,33847000,10
33833000,2,33834000,2,33832000,13,33835000,5,33831000,8,33836000,4,33830000,5,33837000,7,33829000,8,33838000,3,33828000,9,33839000,6,33827000,8,33840000,9,33826000,10,33841000,6,33825000,12,33842000,7,33824000,14,33843000,10
33834000,4,33837000,5,33833000,4,33838000,4,33832000,11,33839000,5,33831000,8,33840000,8,33830000,6,33841000,8,33829000,8,33842000,7,33828000,10,33843000,10,33827000,9,33844000,9,33826000,10,33845000,8,33825000,12,33846000,14
33837000,3,33839000,2,33836000,4,33840000,7,33835000,6,33841000,6,33834000,6,33842000,10,33833000,5,33843000,8,33832000,10,33844000,7,33831000,10,33845000,7,33830000,9,33846000,15,33829000,9,33847000,10,33828000,11,33848000,13
33842000,3,33844000,2,33841000,4,33845000,7,33840000,5,33846000,9,33839000,10,33847000,8,33838000,8,33848000,11,33837000,6,33849000,12,33836000,7,33850000,25,33835000,10,33851000,10,33834000,10,33852000,8,33833000,10,33853000,9
33842000,4,33845000,3,33841000,4,33846000,8,33840000,4,33847000,7,33839000,11,33848000,10,33838000,6,33849000,13,33837000,6,33850000,24,33836000,8,33851000,9,33835000,10,33852000,8,33834000,10,33853000,11,33833000,10,33854000,12
33839000,4,33842000,4,33838000,5,33843000,5,33837000,5,33844000,6,33836000,5,33845000,7,33835000,6,33846000,10,33834000,6,33847000,10,33833000,8,33848000,12,33832000,14,33849000,14,33831000,11,33850000,25,33830000,9,33851000,10
33840000,2,33842000,3,33839000,4,33843000,6,33838000,5,33844000,6,33837000,5,33845000,7,33836000,6,33846000,10,33835000,6,33847000,10,33834000,7,33848000,12,33833000,8,33849000,14,33832000,14,33850000,25,33831000,11,33851000,10
33843000,6,33845000,4,33842000,7,33846000,8,33841000,6,33847000,8,33840000,5,33848000,11,33839000,4,33849000,13,33838000,5,33850000,23,33837000,5,33851000,9,33836000,9,33852000,8,33835000,8,33853000,10,33834000,10,33854000,12
33845000,5,33848000,6,33844000,7,33849000,17,33843000,8,33850000,22,33842000,8,33851000,8,33841000,7,33852000,8,33840000,7,33853000,9,33839000,8,33854000,13,33838000,10,33855000,11,33837000,10,33856000,8,33836000,10,33857000,3
33845000,3,33846000,3,33844000,3,33847000,8,33843000,6,33848000,6,33842000,9,33849000,9,33841000,7,33850000,22,33840000,8,33851000,8,33839000,9,33852000,8,33838000,10,33853000,12,33837000,11,33854000,12,33836000,10,33855000,10
33846000,5,33848000,2,33845000,7,33849000,8,33844000,5,33850000,20,33843000,4,33851000,7,33842000,6,33852000,8,33841000,8,33853000,11,33840000,11,33854000,12,33839000,10,33855000,12,33838000,9,33856000,10,33837000,11,33857000,5
33844000,2,33845000,1,33843000,5,33846000,2,33842000,6,33847000,3,33841000,7,33848000,4,33840000,9,33849000,6,33839000,7,33850000,19,33838000,8,33851000,13,33837000,11,33852000,10,33836000,11,33853000,12,33835000,7,33854000,14
33845000,1,33847000,2,33844000,5,33848000,5,33843000,4,33849000,7,33842000,7,33850000,19,33841000,7,33851000,13,33840000,9,33852000,8,33839000,8,33853000,11,33838000,10,33854000,14,33837000,11,33855000,12,33836000,10,33856000,10
33844000,2,33845000,1,33843000,5,33846000,4,33842000,6,33847000,3,33841000,7,33848000,3,33840000,8,33849000,9,33839000,9,33850000,22,33838000,8,33851000,13,33837000,11,33852000,10,33836000,10,33853000,12,33835000,8,33854000,14
33845000,1,33847000,5,33844000,4,33848000,5,33843000,4,33849000,8,33842000,6,33850000,22,33841000,5,33851000,14,33840000,7,33852000,8,33839000,9,33853000,11,33838000,9,33854000,14,33837000,11,33855000,12,33836000,10,33856000,10
33842000,3,33844000,2,33841000,4,33845000,3,33840000,9,33846000,2,33839000,6,33847000,3,33838000,6,33848000,3,33837000,7,33849000,5,33836000,9,33850000,28,33835000,9,33851000,16,33834000,13,33852000,11,33833000,8,33853000,12
33842000,3,33844000,1,33841000,4,33845000,4,33840000,7,33846000,4,33839000,5,33847000,3,33838000,6,33848000,3,33837000,8,33849000,8,33836000,8,33850000,29,33835000,9,33851000,15,33834000,13,33852000,10,33833000,9,33853000,12
33846000,1,33847000,4,33845000,5,33848000,2,33844000,7,33849000,4,33843000,6,33850000,29,33842000,7,33851000,13,33841000,7,33852000,7,33840000,8,33853000,11,33839000,9,33854000,14,33838000,10,33855000,11,33837000,11,33856000,9
33843000,3,33845000,2,33842000,5,33846000,4,33841000,6,33847000,5,33840000,8,33848000,4,33839000,8,33849000,6,33838000,7,33850000,29,33837000,11,33851000,13,33836000,11,33852000,9,33835000,8,33853000,12,33834000,12,33854000,14
33849000,1,33850000,26,33848000,2,33851000,10,33847000,4,33852000,7,33846000,6,33853000,11,33845000,24,33854000,13,33844000,5,33855000,8,33843000,5,33856000,9,33842000,8,33857000,5,33841000,6,33858000,9,33840000,7,33859000,6
33851000,4,33853000,7,33850000,3,33854000,8,33849000,4,33855000,10,33848000,6,33856000,7,33847000,6,33857000,6,33846000,8,33858000,9,33845000,28,33859000,7,33844000,9,33860000,12,33843000,9,33861000,12,33842000,9,33862000,9
33850000,6,33853000,4,33849000,5,33854000,5,33848000,7,33855000,10,33847000,6,33856000,8,33846000,12,33857000,6,33845000,27,33858000,10,33844000,8,33859000,9,33843000,10,33860000,14,33842000,10,33861000,10,33841000,7,33862000,11
33853000,1,33854000,3,33852000,4,33855000,9,33851000,6,33856000,7,33850000,7,33857000,5,33849000,6,33858000,10,33848000,8,33859000,9,33847000,6,33860000,13,33846000,14,33861000,10,33845000,29,33862000,11,33844000,11,33863000,5
33855000,2,33857000,3,33854000,3,33858000,6,33853000,5,33859000,7,33852000,9,33860000,13,33851000,9,33861000,15,33850000,6,33862000,27,33849000,7,33863000,6,33848000,12,33864000,8,33847000,10,33865000,10,33846000,16,33866000,11
33854000,2,33855000,1,33853000,6,33856000,4,33852000,8,33857000,5,33851000,8,33858000,7,33850000,6,33859000,7,33849000,8,33860000,14,33848000,10,33861000,16,33847000,10,33862000,29,33846000,15,33863000,8,33845000,30,33864000,8
33855000,2,33857000,2,33854000,3,33858000,6,33853000,7,33859000,6,33852000,7,33860000,17,33851000,8,33861000,20,33850000,5,33862000,22,33849000,8,33863000,7,33848000,11,33864000,8,33847000,10,33865000,11,33846000,15,33866000,12
33854000,3,33856000,1,33853000,6,33857000,4,33852000,7,33858000,5,33851000,11,33859000,7,33850000,7,33860000,15,33849000,6,33861000,18,33848000,11,33862000,25,33847000,11,33863000,8,33846000,15,33864000,10,33845000,29,33865000,13
33856000,1,33858000,3,33855000,4,33859000,7,33854000,4,33860000,16,33853000,6,33861000,17,33852000,7,33862000,26,33851000,10,33863000,6,33850000,7,33864000,9,33849000,9,33865000,13,33848000,12,33866000,12,33847000,11,33867000,9
33854000,6,33855000,2,33853000,5,33856000,2,33852000,6,33857000,4,33851000,8,33858000,7,33850000,7,33859000,5,33849000,9,33860000,9,33848000,10,33861000,16,33847000,10,33862000,24,33846000,15,33863000,9,33845000,29,33864000,10
33856000,4,33858000,4,33855000,6,33859000,5,33854000,8,33860000,6,33853000,6,33861000,15,33852000,6,33862000,22,33851000,9,33863000,8,33850000,6,33864000,9,33849000,11,33865000,13,33848000,11,33866000,13,33847000,10,33867000,8
33854000,5,33855000,2,33853000,5,33856000,8,33852000,6,33857000,4,33851000,9,33858000,7,33850000,6,33859000,5,33849000,9,33860000,8,33848000,9,33861000,15,33847000,10,33862000,24,33846000,15,33863000,10,33845000,29,33864000,10
33856000,5,33858000,2,33855000,6,33859000,6,33854000,9,33860000,6,33853000,5,33861000,14,33852000,6,33862000,23,33851000,8,33863000,9,33850000,7,33864000,9,33849000,12,33865000,13,33848000,10,33866000,13,33847000,10,33867000,8
33857000,3,33859000,10,33856000,9,33860000,8,33855000,6,33861000,14,33854000,10,33862000,10,33853000,7,33863000,7,33852000,8,33864000,8,33851000,10,33865000,12,33850000,10,33866000,13,33849000,13,33867000,9,33848000,11,33868000,8
33856000,3,33858000,3,33855000,6,33859000,14,33854000,11,33860000,7,33853000,5,33861000,13,33852000,8,33862000,11,33851000,9,33863000,7,33850000,8,33864000,9,33849000,12,33865000,13,33848000,11,33866000,12,33847000,10,33867000,9
33854000,11,33855000,1,33853000,4,33856000,5,33852000,7,33857000,6,33851000,8,33858000,8,33850000,6,33859000,8,33849000,9,33860000,8,33848000,10,33861000,10,33847000,10,33862000,15,33846000,13,33863000,9,33845000,29,33864000,10
33852000,2,33853000,1,33851000,6,33854000,4,33850000,5,33855000,5,33849000,8,33856000,7,33848000,8,33857000,6,33847000,9,33858000,7,33846000,13,33859000,8,33845000,30,33860000,9,33844000,8,33861000,11,33843000,13,33862000,15
33849000,3,33851000,1,33848000,7,33852000,3,33847000,5,33853000,4,33846000,10,33854000,9,33845000,28,33855000,10,33844000,6,33856000,7,33843000,10,33857000,5,33842000,10,33858000,9,33841000,10,33859000,11,33840000,8,33860000,12
33849000,5,33852000,4,33848000,5,33853000,5,33847000,5,33854000,11,33846000,10,33855000,6,33845000,28,33856000,8,33844000,8,33857000,5,33843000,10,33858000,8,33842000,10,33859000,11,33841000,10,33860000,12,33840000,9,33861000,9
33849000,3,33851000,1,33848000,5,33852000,4,33847000,5,33853000,7,33846000,10,33854000,8,33845000,28,33855000,7,33844000,8,33856000,8,33843000,10,33857000,6,33842000,10,33858000,9,33841000,10,33859000,11,33840000,9,33860000,12
33848000,4,33850000,1,33847000,5,33851000,4,33846000,10,33852000,5,33845000,28,33853000,8,33844000,8,33854000,8,33843000,10,33855000,8,33842000,9,33856000,8,33841000,10,33857000,7,33840000,9,33858000,9,33839000,8,33859000,12
33848000,4,33850000,1,33847000,5,33851000,4,33846000,10,33852000,5,33845000,28,33853000,8,33844000,8,33854000,8,33843000,10,33855000,8,33842000,9,33856000,8,33841000,10,33857000,7,33840000,9,33858000,9,33839000,8,33859000,12
33852000,5,33855000,5,33851000,6,33856000,5,33850000,3,33857000,5,33849000,8,33858000,7,33848000,9,33859000,8,33847000,9,33860000,11,33846000,12,33861000,14,33845000,29,33862000,12,33844000,12,33863000,9,33843000,9,33864000,10
33852000,5,33855000,6,33851000,5,33856000,8,33850000,4,33857000,6,33849000,6,33858000,6,33848000,8,33859000,8,33847000,8,33860000,11,33846000,12,33861000,14,33845000,29,33862000,12,33844000,13,33863000,9,33843000,10,33864000,10
33852000,2,33854000,6,33851000,5,33855000,5,33850000,4,33856000,10,33849000,7,33857000,5,33848000,8,33858000,7,33847000,8,33859000,9,33846000,12,33860000,13,33845000,29,33861000,15,33844000,13,33862000,12,33843000,10,33863000,9
33853000,3,33855000,5,33852000,3,33856000,6,33851000,5,33857000,5,33850000,5,33858000,8,33849000,8,33859000,9,33848000,7,33860000,11,33847000,11,33861000,15,33846000,13,33862000,12,33845000,29,33863000,9,33844000,13,33864000,10
33856000,1,33858000,4,33855000,3,33859000,6,33854000,5,33860000,11,33853000,5,33861000,13,33852000,7,33862000,28,33851000,6,33863000,9,33850000,7,33864000,10,33849000,11,33865000,19,33848000,10,33866000,18,33847000,11,33867000,13
33855000,3,33858000,3,33854000,4,33859000,6,33853000,7,33860000,7,33852000,5,33861000,12,33851000,8,33862000,28,33850000,7,33863000,9,33849000,10,33864000,11,33848000,10,33865000,14,33847000,11,33866000,13,33846000,13,33867000,8
33857000,1,33858000,4,33856000,2,33859000,6,33855000,6,33860000,9,33854000,4,33861000,13,33853000,2,33862000,29,33852000,5,33863000,9,33851000,8,33864000,10,33850000,7,33865000,15,33849000,11,33866000,13,33848000,10,33867000,7
33859000,6,33861000,5,33858000,4,33862000,26,33857000,5,33863000,7,33856000,6,33864000,6,33855000,7,33865000,15,33854000,6,33866000,11,33853000,5,33867000,7,33852000,8,33868000,9,33851000,10,33869000,7,33850000,11,33870000,19
33862000,1,33864000,4,33861000,5,33865000,13,33860000,7,33866000,18,33859000,7,33867000,9,33858000,7,33868000,9,33857000,5,33869000,6,33856000,8,33870000,18,33855000,9,33871000,6,33854000,9,33872000,6,33853000,7,33873000,7
33861000,3,33862000,2,33860000,7,33863000,7,33859000,4,33864000,3,33858000,7,33865000,14,33857000,5,33866000,18,33856000,8,33867000,10,33855000,8,33868000,9,33854000,9,33869000,6,33853000,7,33870000,19,33852000,9,33871000,6
33858000,5,33860000,3,33857000,5,33861000,4,33856000,6,33862000,5,33855000,5,33863000,8,33854000,6,33864000,5,33853000,6,33865000,13,33852000,8,33866000,21,33851000,9,33867000,12,33850000,11,33868000,11,33849000,10,33869000,7
33859000,3,33861000,1,33858000,7,33862000,5,33857000,5,33863000,8,33856000,6,33864000,4,33855000,6,33865000,12,33854000,6,33866000,19,33853000,6,33867000,11,33852000,9,33868000,11,33851000,9,33869000,7,33850000,11,33870000,19
33861000,5,33863000,1,33860000,5,33864000,4,33859000,6,33865000,11,33858000,5,33866000,18,33857000,5,33867000,10,33856000,8,33868000,9,33855000,7,33869000,5,33854000,9,33870000,19,33853000,7,33871000,8,33852000,9,33872000,7
33860000,2,33862000,7,33859000,4,33863000,5,33858000,5,33864000,6,33857000,4,33865000,11,33856000,9,33866000,18,33855000,7,33867000,12,33854000,8,33868000,9,33853000,7,33869000,6,33852000,9,33870000,20,33851000,9,33871000,8
33857000,2,33859000,5,33856000,6,33860000,5,33855000,4,33861000,6,33854000,4,33862000,8,33853000,7,33863000,6,33852000,6,33864000,8,33851000,8,33865000,15,33850000,12,33866000,21,33849000,11,33867000,12,33848000,9,33868000,11
33857000,3,33860000,5,33856000,6,33861000,7,33855000,4,33862000,10,33854000,5,33863000,8,33853000,5,33864000,9,33852000,6,33865000,13,33851000,8,33866000,20,33850000,11,33867000,13,33849000,11,33868000,11,33848000,10,33869000,7
33857000,5,33860000,4,33856000,5,33861000,7,33855000,4,33862000,10,33854000,5,33863000,7,33853000,5,33864000,9,33852000,6,33865000,13,33851000,8,33866000,20,33850000,11,33867000,13,33849000,11,33868000,11,33848000,10,33869000,7
33858000,3,33860000,4,33857000,4,33861000,7,33856000,5,33862000,10,33855000,4,33863000,6,33854000,4,33864000,9,33853000,5,33865000,12,33852000,6,33866000,21,33851000,9,33867000,13,33850000,11,33868000,13,33849000,11,33869000,7
33857000,1,33858000,1,33856000,4,33859000,3,33855000,4,33860000,4,33854000,5,33861000,3,33853000,4,33862000,11,33852000,6,33863000,6,33851000,8,33864000,9,33850000,12,33865000,15,33849000,11,33866000,22,33848000,11,33867000,14
33860000,1,33861000,2,33859000,5,33862000,10,33858000,4,33863000,5,33857000,5,33864000,8,33856000,5,33865000,12,33855000,3,33866000,19,33854000,6,33867000,13,33853000,6,33868000,12,33852000,19,33869000,8,33851000,9,33870000,21
33857000,2,33859000,1,33856000,4,33860000,5,33855000,4,33861000,6,33854000,4,33862000,9,33853000,6,33863000,6,33852000,16,33864000,9,33851000,8,33865000,11,33850000,12,33866000,21,33849000,13,33867000,14,33848000,11,33868000,12
33858000,1,33860000,3,33857000,5,33861000,6,33856000,4,33862000,9,33855000,5,33863000,6,33854000,4,33864000,9,33853000,5,33865000,11,33852000,16,33866000,20,33851000,9,33867000,14,33850000,12,33868000,12,33849000,13,33869000,7
33855000,2,33857000,2,33854000,3,33858000,4,33853000,4,33859000,4,33852000,15,33860000,5,33851000,6,33861000,7,33850000,10,33862000,9,33849000,12,33863000,8,33848000,11,33864000,12,33847000,10,33865000,12,33846000,13,33866000,22
33858000,6,33860000,10,33857000,5,33861000,6,33856000,6,33862000,10,33855000,7,33863000,6,33854000,6,33864000,8,33853000,6,33865000,11,33852000,18,33866000,21,33851000,11,33867000,14,33850000,12,33868000,11,33849000,13,33869000,6
33854000,2,33856000,3,33853000,6,33857000,4,33852000,18,33858000,3,33851000,8,33859000,6,33850000,10,33860000,10,33849000,11,33861000,7,33848000,10,33862000,11,33847000,10,33863000,7,33846000,13,33864000,9,33845000,27,33865000,13
33853000,4,33855000,1,33852000,15,33856000,6,33851000,7,33857000,7,33850000,10,33858000,6,33849000,12,33859000,9,33848000,8,33860000,13,33847000,9,33861000,8,33846000,14,33862000,13,33845000,29,33863000,9,33844000,12,33864000,11
33854000,1,33856000,3,33853000,3,33857000,8,33852000,12,33858000,6,33851000,6,33859000,8,33850000,8,33860000,15,33849000,12,33861000,9,33848000,11,33862000,11,33847000,10,33863000,9,33846000,14,33864000,11,33845000,29,33865000,14
33853000,3,33856000,5,33852000,12,33857000,7,33851000,6,33858000,7,33850000,9,33859000,9,33849000,12,33860000,14,33848000,10,33861000,11,33847000,10,33862000,10,33846000,14,33863000,9,33845000,29,33864000,11,33844000,13,33865000,14
33850000,5,33852000,1,33849000,9,33853000,5,33848000,10,33854000,5,33847000,7,33855000,7,33846000,11,33856000,4,33845000,28,33857000,8,33844000,12,33858000,13,33843000,11,33859000,12,33842000,14,33860000,17,33841000,9,33861000,14
33847000,2,33848000,1,33846000,6,33849000,3,33845000,26,33850000,8,33844000,10,33851000,9,33843000,11,33852000,9,33842000,10,33853000,6,33841000,10,33854000,6,33840000,12,33855000,9,33839000,9,33856000,10,33838000,10,33857000,9
33844000,1,33845000,1,33843000,5,33846000,6,33842000,11,33847000,5,33841000,12,33848000,6,33840000,11,33849000,4,33839000,9,33850000,10,33838000,10,33851000,10,33837000,9,33852000,11,33836000,10,33853000,10,33835000,6,33854000,10
33841000,4,33842000,3,33840000,7,33843000,6,33839000,6,33844000,8,33838000,7,33845000,6,33837000,8,33846000,11,33836000,9,33847000,7,33835000,7,33848000,9,33834000,13,33849000,9,33833000,7,33850000,12,33832000,11,33851000,13
33840000,5,33841000,2,33839000,5,33842000,5,33838000,5,33843000,6,33837000,8,33844000,8,33836000,8,33845000,7,33835000,7,33846000,10,33834000,13,33847000,6,33833000,7,33848000,11,33832000,10,33849000,9,33831000,11,33850000,12
33833000,2,33834000,1,33832000,10,33835000,4,33831000,7,33836000,4,33830000,11,33837000,4,33829000,5,33838000,4,33828000,9,33839000,4,33827000,8,33840000,6,33826000,10,33841000,13,33825000,11,33842000,9,33824000,13,33843000,11
33832000,2,33834000,4,33831000,7,33835000,8,33830000,12,33836000,4,33829000,5,33837000,4,33828000,8,33838000,4,33827000,7,33839000,4,33826000,10,33840000,7,33825000,12,33841000,14,33824000,12,33842000,9,33823000,6,33843000,11
33830000,5,33832000,2,33829000,4,33833000,4,33828000,6,33834000,9,33827000,7,33835000,9,33826000,8,33836000,3,33825000,10,33837000,6,33824000,11,33838000,6,33823000,8,33839000,6,33822000,13,33840000,9,33821000,19,33841000,15
33829000,4,33832000,6,33828000,4,33833000,7,33827000,4,33834000,11,33826000,8,33835000,6,33825000,7,33836000,5,33824000,6,33837000,6,33823000,5,33838000,8,33822000,11,33839000,7,33821000,19,33840000,10,33820000,7,33841000,13
33834000,2,33835000,1,33833000,3,33836000,7,33832000,3,33837000,7,33831000,2,33838000,7,33830000,5,33839000,8,33829000,6,33840000,7,33828000,6,33841000,8,33827000,7,33842000,10,33826000,11,33843000,11,33825000,9,33844000,13
33835000,3,33837000,1,33834000,4,33838000,3,33833000,3,33839000,5,33832000,4,33840000,8,33831000,4,33841000,6,33830000,8,33842000,10,33829000,8,33843000,10,33828000,8,33844000,14,33827000,8,33845000,9,33826000,10,33846000,13
33835000,5,33837000,2,33834000,4,33838000,7,33833000,3,33839000,6,33832000,5,33840000,11,33831000,5,33841000,6,33830000,7,33842000,7,33829000,8,33843000,9,33828000,11,33844000,13,33827000,8,33845000,9,33826000,8,33846000,13
33838000,1,33840000,5,33837000,5,33841000,6,33836000,2,33842000,6,33835000,7,33843000,8,33834000,7,33844000,11,33833000,4,33845000,7,33832000,7,33846000,12,33831000,9,33847000,9,33830000,10,33848000,14,33829000,11,33849000,11
33836000,3,33839000,4,33835000,5,33840000,7,33834000,4,33841000,8,33833000,5,33842000,8,33832000,5,33843000,9,33831000,8,33844000,12,33830000,8,33845000,7,33829000,11,33846000,12,33828000,10,33847000,9,33827000,7,33848000,14
33836000,3,33839000,5,33835000,8,33840000,8,33834000,4,33841000,7,33833000,4,33842000,7,33832000,6,33843000,10,33831000,8,33844000,11,33830000,7,33845000,8,33829000,12,33846000,13,33828000,10,33847000,9,33827000,8,33848000,14
33836000,2,33838000,3,33835000,6,33839000,5,33834000,4,33840000,9,33833000,4,33841000,7,33832000,6,33842000,7,33831000,8,33843000,9,33830000,8,33844000,11,33829000,12,33845000,9,33828000,10,33846000,13,33827000,8,33847000,9
33838000,2,33839000,3,33837000,4,33840000,7,33836000,3,33841000,7,33835000,6,33842000,7,33834000,4,33843000,9,33833000,6,33844000,11,33832000,5,33845000,7,33831000,8,33846000,13,33830000,9,33847000,9,33829000,12,33848000,14
33841000,1,33842000,1,33840000,3,33843000,5,33839000,3,33844000,9,33838000,5,33845000,7,33837000,5,33846000,9,33836000,3,33847000,8,33835000,8,33848000,13,33834000,9,33849000,12,33833000,8,33850000,13,33832000,9,33851000,10
33838000,1,33840000,4,33837000,4,33841000,5,33836000,3,33842000,2,33835000,6,33843000,10,33834000,6,33844000,9,33833000,5,33845000,6,33832000,8,33846000,8,33831000,7,33847000,8,33830000,9,33848000,13,33829000,11,33849000,13
33834000,6,33835000,1,33833000,6,33837000,3,33832000,4,33838000,6,33831000,5,33839000,2,33830000,6,33840000,6,33829000,8,33841000,8,33828000,8,33842000,7,33827000,9,33843000,11,33826000,8,33844000,13,33825000,12,33845000,10
33837000,1,33839000,3,33836000,4,33840000,6,33835000,6,33841000,7,33834000,5,33842000,7,33833000,6,33843000,12,33832000,7,33844000,10,33831000,6,33845000,8,33830000,9,33846000,12,33829000,11,33847000,9,33828000,10,33848000,12
33840000,4,33842000,2,33839000,4,33843000,8,33838000,8,33844000,11,33837000,4,33845000,9,33836000,5,33846000,9,33835000,4,33847000,7,33834000,9,33848000,10,33833000,9,33849000,13,33832000,9,33850000,16,33831000,7,33851000,13
33839000,2,33840000,2,33838000,6,33841000,4,33837000,4,33842000,6,33836000,5,33843000,8,33835000,4,33844000,10,33834000,8,33845000,8,33833000,9,33846000,8,33832000,9,33847000,8,33831000,7,33848000,13,33830000,9,33849000,13
33840000,5,33842000,2,33839000,4,33843000,8,33838000,4,33844000,10,33837000,5,33845000,9,33836000,5,33846000,9,33835000,5,33847000,7,33834000,8,33848000,11,33833000,9,33849000,13,33832000,9,33850000,17,33831000,7,33851000,12
33844000,2,33845000,4,33843000,4,33846000,4,33842000,5,33847000,5,33841000,3,33848000,9,33840000,5,33849000,10,33839000,6,33850000,14,33838000,5,33851000,10,33837000,10,33852000,13,33836000,9,33853000,11,33835000,8,33854000,12
33842000,2,33843000,3,33841000,3,33844000,3,33840000,3,33845000,3,33839000,5,33846000,6,33838000,4,33847000,10,33837000,7,33848000,7,33836000,7,33849000,10,33835000,8,33850000,16,33834000,11,33851000,12,33833000,12,33852000,13
33838000,2,33840000,4,33837000,3,33841000,5,33836000,4,33842000,3,33835000,5,33843000,3,33834000,6,33844000,5,33833000,11,33845000,4,33832000,7,33846000,9,33831000,7,33847000,12,33830000,8,33848000,12,33829000,10,33849000,13
33840000,3,33841000,1,33839000,3,33842000,2,33838000,4,33843000,3,33837000,5,33844000,5,33836000,4,33845000,8,33835000,5,33846000,7,33834000,6,33847000,10,33833000,13,33848000,12,33832000,9,33849000,13,33831000,7,33850000,16
33838000,3,33840000,1,33837000,5,33841000,4,33836000,4,33842000,3,33835000,5,33843000,5,33834000,7,33844000,6,33833000,10,33845000,9,33832000,8,33846000,9,33831000,7,33847000,7,33830000,8,33848000,13,33829000,11,33849000,13
33835000,4,33838000,4,33834000,6,33839000,5,33833000,9,33840000,3,33832000,6,33841000,3,33831000,6,33842000,5,33830000,6,33843000,5,33829000,10,33844000,11,33828000,10,33845000,9,33827000,8,33846000,11,33826000,7,33847000,7
33837000,2,33839000,2,33836000,3,33840000,5,33835000,7,33841000,13,33834000,5,33842000,3,33833000,5,33843000,7,33832000,7,33844000,10,33831000,7,33845000,9,33830000,7,33846000,11,33829000,10,33847000,6,33828000,12,33848000,12
33836000,4,33839000,5,33835000,5,33840000,8,33834000,7,33841000,14,33833000,5,33842000,5,33832000,7,33843000,6,33831000,8,33844000,7,33830000,7,33845000,9,33829000,10,33846000,11,33828000,12,33847000,6,33827000,7,33848000,11
33836000,3,33839000,4,33835000,5,33840000,8,33834000,7,33841000,14,33833000,5,33842000,6,33832000,7,33843000,6,33831000,8,33844000,7,33830000,7,33845000,9,33829000,10,33846000,11,33828000,12,33847000,6,33827000,7,33848000,11
33836000,4,33839000,2,33835000,6,33840000,9,33834000,7,33841000,14,33833000,5,33842000,6,33832000,7,33843000,6,33831000,8,33844000,7,33830000,7,33845000,9,33829000,10,33846000,11,33828000,12,33847000,6,33827000,7,33848000,11
33833000,3,33835000,3,33832000,6,33836000,4,33831000,7,33837000,7,33830000,5,33838000,5,33829000,8,33839000,6,33828000,12,33840000,8,33827000,7,33841000,14,33826000,6,33842000,8,33825000,13,33843000,7,33824000,13,33844000,8
33834000,3,33836000,1,33833000,2,33837000,5,33832000,5,33838000,8,33831000,4,33839000,9,33830000,3,33840000,10,33829000,9,33841000,17,33828000,10,33842000,8,33827000,7,33843000,8,33826000,7,33844000,8,33825000,13,33845000,9
33832000,4,33834000,1,33831000,6,33835000,3,33830000,5,33836000,4,33829000,7,33837000,5,33828000,9,33838000,7,33827000,6,33839000,7,33826000,7,33840000,10,33825000,13,33841000,18,33824000,11,33842000,7,33823000,7,33843000,8
33830000,3,33833000,3,33829000,6,33834000,5,33828000,8,33835000,7,33827000,5,33836000,6,33826000,5,33837000,6,33825000,12,33838000,9,33824000,11,33839000,9,33823000,7,33840000,11,33822000,9,33841000,19,33821000,7,33842000,7
33833000,1,33834000,2,33832000,1,33835000,7,33831000,4,33836000,6,33830000,3,33837000,7,33829000,7,33838000,10,33828000,7,33839000,9,33827000,3,33840000,8,33826000,6,33841000,17,33825000,11,33842000,7,33824000,11,33843000,9
33829000,2,33830000,1,33828000,5,33831000,5,33827000,3,33832000,10,33826000,4,33833000,5,33825000,9,33834000,6,33824000,8,33835000,8,33823000,10,33836000,8,33822000,9,33837000,6,33821000,8,33838000,10,33820000,11,33839000,10
33832000,3,33834000,3,33831000,2,33835000,6,33830000,5,33836000,7,33829000,5,33837000,6,33828000,6,33838000,7,33827000,5,33839000,10,33826000,6,33840000,9,33825000,10,33841000,17,33824000,11,33842000,7,33823000,10,33843000,9
33831000,2,33833000,4,33830000,5,33834000,6,33829000,7,33835000,5,33828000,4,33836000,7,33827000,5,33837000,5,33826000,6,33838000,7,33825000,10,33839000,10,33824000,11,33840000,9,33823000,10,33841000,17,33822000,9,33842000,7
33829000,4,33831000,2,33828000,7,33832000,4,33827000,3,33833000,2,33826000,4,33834000,6,33825000,11,33835000,9,33824000,8,33836000,8,33823000,9,33837000,10,33822000,9,33838000,11,33821000,8,33839000,10,33820000,11,33840000,10
33829000,8,33831000,1,33828000,6,33832000,2,33827000,4,33833000,7,33826000,4,33834000,7,33825000,12,33835000,7,33824000,10,33836000,8,33823000,9,33837000,10,33822000,9,33838000,11,33821000,8,33839000,10,33820000,11,33840000,10
33829000,3,33831000,3,33828000,6,33832000,4,33827000,6,33833000,7,33826000,4,33834000,7,33825000,9,33835000,10,33824000,8,33836000,9,33823000,9,33837000,8,33822000,9,33838000,10,33821000,8,33839000,10,33820000,11,33840000,10
33830000,1,33832000,2,33829000,4,33833000,5,33828000,4,33834000,4,33827000,9,33835000,5,33826000,4,33836000,6,33825000,11,33837000,7,33824000,10,33838000,13,33823000,9,33839000,12,33822000,9,33840000,11,33821000,8,33841000,17
33827000,1,33828000,2,33826000,1,33829000,3,33825000,9,33830000,8,33824000,7,33831000,4,33823000,7,33832000,3,33822000,9,33833000,5,33821000,8,33834000,6,33820000,11,33835000,6,33819000,7,33836000,6,33818000,13,33837000,9
33828000,2,33830000,4,33827000,3,33831000,2,33826000,5,33832000,3,33825000,8,33833000,4,33824000,8,33834000,6,33823000,10,33835000,8,33822000,9,33836000,7,33821000,7,33837000,10,33820000,11,33838000,13,33819000,7,33839000,12
33831000,2,33833000,1,33830000,3,33834000,4,33829000,5,33835000,4,33828000,6,33836000,4,33827000,4,33837000,8,33826000,6,33838000,12,33825000,10,33839000,12,33824000,13,33840000,9,33823000,6,33841000,17,33822000,9,33842000,8
33827000,3,33829000,2,33826000,4,33830000,2,33825000,10,33831000,2,33824000,10,33832000,3,33823000,5,33833000,4,33822000,8,33834000,5,33821000,8,33835000,7,33820000,13,33836000,7,33819000,8,33837000,9,33818000,14,33838000,14
33826000,1,33827000,2,33825000,7,33828000,1,33824000,9,33829000,4,33823000,7,33830000,3,33822000,5,33831000,3,33821000,7,33832000,6,33820000,13,33833000,5,33819000,8,33834000,7,33818000,12,33835000,8,33817000,10,33836000,7
33823000,2,33825000,1,33822000,5,33826000,3,33821000,7,33827000,5,33820000,11,33828000,4,33819000,7,33829000,4,33818000,12,33830000,6,33817000,11,33831000,5,33816000,8,33832000,8,33815000,6,33833000,7,33814000,8,33834000,7
33820000,8,33822000,4,33819000,4,33823000,4,33818000,12,33824000,5,33817000,10,33825000,3,33816000,6,33826000,3,33815000,6,33827000,7,33814000,8,33828000,5,33813000,8,33829000,4,33812000,9,33830000,7,33811000,6,33831000,6
33821000,2,33823000,2,33820000,4,33824000,3,33819000,4,33825000,2,33818000,11,33826000,5,33817000,9,33827000,7,33816000,8,33828000,6,33815000,5,33829000,5,33814000,8,33830000,7,33813000,7,33831000,7,33812000,9,33832000,7
33820000,2,33822000,2,33819000,3,33823000,4,33818000,11,33824000,9,33817000,9,33825000,3,33816000,8,33826000,8,33815000,6,33827000,7,33814000,8,33828000,5,33813000,7,33829000,5,33812000,9,33830000,7,33811000,6,33831000,7
33817000,7,33819000,1,33816000,6,33820000,4,33815000,6,33821000,5,33814000,5,33822000,7,33813000,6,33823000,8,33812000,9,33824000,7,33811000,6,33825000,8,33810000,16,33826000,10,33809000,7,33827000,7,33808000,9,33828000,8
33819000,1,33820000,2,33818000,5,33821000,3,33817000,13,33822000,8,33816000,7,33823000,6,33815000,5,33824000,7,33814000,6,33825000,8,33813000,6,33826000,10,33812000,9,33827000,7,33811000,6,33828000,8,33810000,16,33829000,6
33819000,2,33821000,1,33818000,4,33822000,7,33817000,12,33823000,8,33816000,9,33824000,5,33815000,5,33825000,8,33814000,6,33826000,9,33813000,7,33827000,7,33812000,9,33828000,8,33811000,6,33829000,6,33810000,16,33830000,8
33827000,1,33828000,2,33826000,6,33829000,3,33825000,2,33830000,6,33824000,4,33831000,7,33823000,4,33832000,6,33822000,6,33833000,6,33821000,6,33834000,10,33820000,12,33835000,7,33819000,8,33836000,8,33818000,7,33837000,10
33827000,1,33828000,2,33826000,6,33829000,3,33825000,2,33830000,6,33824000,4,33831000,7,33823000,4,33832000,6,33822000,6,33833000,6,33821000,6,33834000,10,33820000,12,33835000,7,33819000,8,33836000,8,33818000,7,33837000,10
33826000,7,33827000,1,33825000,2,33829000,3,33824000,5,33830000,4,33823000,5,33831000,6,33822000,7,33832000,6,33821000,7,33833000,6,33820000,12,33834000,8,33819000,8,33835000,7,33818000,7,33836000,8,33817000,16,33837000,8
33824000,3,33826000,1,33823000,4,33827000,3,33822000,6,33828000,4,33821000,7,33829000,12,33820000,13,33830000,7,33819000,7,33831000,10,33818000,7,33832000,7,33817000,16,33833000,7,33816000,9,33834000,9,33815000,8,33835000,8
33821000,1,33822000,2,33820000,7,33823000,4,33819000,5,33824000,4,33818000,6,33825000,5,33817000,13,33826000,4,33816000,8,33827000,7,33815000,8,33828000,7,33814000,8,33829000,14,33813000,8,33830000,11,33812000,11,33831000,11
33818000,3,33820000,2,33817000,12,33821000,3,33816000,6,33822000,5,33815000,7,33823000,6,33814000,7,33824000,5,33813000,7,33825000,6,33812000,9,33826000,7,33811000,6,33827000,9,33810000,16,33828000,9,33809000,7,33829000,14
33815000,5,33817000,2,33814000,5,33818000,2,33813000,6,33819000,3,33812000,7,33820000,6,33811000,7,33821000,5,33810000,16,33822000,6,33809000,8,33823000,7,33808000,9,33824000,9,33807000,9,33825000,10,33806000,10,33826000,9
33813000,4,33816000,5,33812000,7,33817000,4,33811000,6,33818000,6,33810000,14,33819000,5,33809000,5,33820000,5,33808000,10,33821000,6,33807000,9,33822000,6,33806000,8,33823000,8,33805000,6,33824000,9,33804000,12,33825000,9
33815000,1,33816000,4,33814000,4,33817000,6,33813000,3,33818000,6,33812000,6,33819000,5,33811000,6,33820000,5,33810000,13,33821000,7,33809000,5,33822000,7,33808000,9,33823000,8,33807000,7,33824000,9,33806000,8,33825000,10
33815000,4,33818000,2,33814000,7,33819000,6,33813000,4,33820000,6,33812000,6,33821000,10,33811000,4,33822000,9,33810000,20,33823000,7,33809000,7,33824000,9,33808000,11,33825000,10,33807000,9,33826000,9,33806000,8,33827000,9
33815000,1,33817000,2,33814000,8,33818000,3,33813000,4,33819000,6,33812000,7,33820000,5,33811000,5,33821000,9,33810000,20,33822000,10,33809000,7,33823000,8,33808000,11,33824000,10,33807000,9,33825000,9,33806000,8,33826000,9
33815000,2,33817000,2,33814000,8,33818000,4,33813000,5,33819000,5,33812000,6,33820000,5,33811000,6,33821000,10,33810000,20,33822000,10,33809000,7,33823000,8,33808000,11,33824000,10,33807000,9,33825000,9,33806000,8,33826000,9
33808000,5,33811000,3,33807000,6,33812000,4,33806000,4,33813000,3,33805000,6,33814000,6,33804000,7,33815000,9,33803000,6,33816000,8,33802000,6,33817000,10,33801000,7,33818000,9,33800000,20,33819000,8,33799000,8,33820000,7
33810000,2,33811000,1,33809000,4,33812000,1,33808000,5,33813000,3,33807000,6,33814000,6,33806000,4,33815000,9,33805000,6,33816000,9,33804000,7,33817000,10,33803000,7,33818000,9,33802000,6,33819000,8,33801000,7,33820000,7
33809000,4,33812000,3,33808000,5,33813000,3,33807000,6,33814000,6,33806000,5,33815000,6,33805000,6,33816000,7,33804000,9,33817000,11,33803000,7,33818000,10,33802000,7,33819000,9,33801000,7,33820000,8,33800000,20,33821000,9
33809000,2,33810000,1,33808000,5,33811000,2,33807000,6,33812000,3,33806000,4,33813000,5,33805000,8,33814000,7,33804000,9,33815000,4,33803000,7,33816000,6,33802000,7,33817000,11,33801000,7,33818000,10,33800000,20,33819000,8
33811000,5,33814000,2,33810000,4,33815000,6,33809000,4,33816000,4,33808000,4,33817000,10,33807000,7,33818000,8,33806000,6,33819000,7,33805000,8,33820000,9,33804000,9,33821000,9,33803000,8,33822000,10,33802000,7,33823000,9
33811000,3,33814000,3,33810000,4,33815000,6,33809000,4,33816000,4,33808000,4,33817000,10,33807000,7,33818000,8,33806000,7,33819000,7,33805000,8,33820000,9,33804000,9,33821000,9,33803000,8,33822000,10,33802000,7,33823000,9
33812000,5,33813000,1,33811000,2,33814000,5,33810000,4,33815000,4,33809000,4,33816000,4,33808000,4,33817000,10,33807000,7,33818000,8,33806000,7,33819000,8,33805000,8,33820000,7,33804000,9,33821000,9,33803000,8,33822000,10
33814000,2,33816000,4,33813000,5,33817000,3,33812000,6,33818000,6,33811000,3,33819000,5,33810000,6,33820000,7,33809000,7,33821000,9,33808000,7,33822000,10,33807000,8,33823000,9,33806000,8,33824000,10,33805000,7,33825000,8
33812000,6,33814000,3,33811000,2,33815000,5,33810000,6,33816000,3,33809000,6,33817000,3,33808000,5,33818000,6,33807000,7,33819000,7,33806000,8,33820000,7,33805000,7,33821000,8,33804000,9,33822000,10,33803000,8,33823000,10
33809000,2,33810000,1,33808000,3,33811000,4,33807000,6,33812000,5,33806000,5,33813000,8,33805000,5,33814000,6,33804000,9,33815000,7,33803000,8,33816000,6,33802000,7,33817000,5,33801000,7,33818000,8,33800000,21,33819000,8
33811000,1,33812000,1,33810000,4,33813000,5,33809000,4,33814000,6,33808000,5,33815000,8,33807000,6,33816000,6,33806000,5,33817000,8,33805000,6,33818000,8,33804000,9,33819000,9,33803000,8,33820000,8,33802000,7,33821000,8
33808000,2,33809000,2,33807000,3,33810000,5,33806000,3,33811000,7,33805000,4,33812000,4,33804000,5,33813000,7,33803000,9,33814000,8,33802000,6,33815000,10,33801000,8,33816000,9,33800000,20,33817000,8,33799000,9,33818000,10
33810000,3,33813000,4,33809000,4,33814000,7,33808000,8,33815000,9,33807000,6,33816000,9,33806000,6,33817000,7,33805000,5,33818000,9,33804000,8,33819000,10,33803000,8,33820000,8,33802000,7,33821000,8,33801000,8,33822000,11
33814000,3,33817000,4,33813000,4,33818000,6,33812000,6,33819000,8,33811000,8,33820000,7,33810000,7,33821000,8,33809000,8,33822000,11,33808000,14,33823000,9,33807000,10,33824000,10,33806000,8,33825000,8,33805000,7,33826000,10
33820000,12,33822000,8,33819000,3,33823000,8,33818000,6,33824000,11,33817000,4,33825000,8,33816000,3,33826000,10,33815000,8,33827000,9,33814000,8,33828000,11,33813000,5,33829000,9,33812000,10,33830000,12,33811000,10,33831000,10
33821000,1,33822000,2,33820000,12,33823000,8,33819000,3,33824000,10,33818000,6,33825000,6,33817000,4,33826000,9,33816000,3,33827000,8,33815000,8,33828000,11,33814000,10,33829000,9,33813000,6,33830000,11,33812000,10,33831000,11
33820000,11,33822000,7,33819000,3,33823000,5,33818000,6,33824000,8,33817000,4,33825000,5,33816000,4,33826000,8,33815000,8,33827000,8,33814000,11,33828000,10,33813000,7,33829000,9,33812000,10,33830000,11,33811000,10,33831000,10
33817000,4,33818000,1,33816000,8,33819000,4,33815000,6,33820000,7,33814000,6,33821000,8,33813000,5,33822000,8,33812000,8,33823000,6,33811000,11,33824000,9,33810000,13,33825000,10,33809000,13,33826000,11,33808000,16,33827000,10
33819000,2,33820000,1,33818000,7,33821000,7,33817000,6,33822000,6,33816000,4,33823000,5,33815000,5,33824000,9,33814000,4,33825000,9,33813000,5,33826000,9,33812000,11,33827000,10,33811000,12,33828000,12,33810000,13,33829000,10
33821000,2,33823000,2,33820000,4,33824000,7,33819000,4,33825000,8,33818000,6,33826000,8,33817000,6,33827000,8,33816000,6,33828000,9,33815000,7,33829000,10,33814000,9,33830000,12,33813000,9,33831000,11,33812000,11,33832000,8
33822000,3,33825000,3,33821000,5,33826000,8,33820000,4,33827000,5,33819000,4,33828000,9,33818000,7,33829000,10,33817000,7,33830000,10,33816000,6,33831000,10,33815000,9,33832000,9,33814000,10,33833000,8,33813000,10,33834000,9
33823000,2,33824000,1,33822000,3,33825000,7,33821000,3,33826000,8,33820000,3,33827000,7,33819000,4,33828000,9,33818000,6,33829000,10,33817000,6,33830000,9,33816000,7,33831000,11,33815000,10,33832000,9,33814000,10,33833000,8
33820000,2,33821000,2,33819000,3,33822000,6,33818000,5,33823000,7,33817000,5,33824000,6,33816000,5,33825000,9,33815000,7,33826000,7,33814000,8,33827000,7,33813000,10,33828000,13,33812000,12,33829000,11,33811000,11,33830000,11
33816000,4,33819000,4,33815000,6,33820000,5,33814000,4,33821000,5,33813000,7,33822000,4,33812000,8,33823000,8,33811000,12,33824000,7,33810000,13,33825000,8,33809000,14,33826000,12,33808000,17,33827000,11,33807000,11,33828000,13
33817000,3,33819000,1,33816000,4,33820000,5,33815000,6,33821000,4,33814000,4,33822000,5,33813000,25,33823000,9,33812000,8,33824000,8,33811000,10,33825000,9,33810000,14,33826000,11,33809000,14,33827000,11,33808000,17,33828000,13
33821000,4,33822000,1,33820000,3,33823000,7,33819000,3,33824000,5,33818000,4,33825000,6,33817000,4,33826000,8,33816000,10,33827000,9,33815000,7,33828000,11,33814000,9,33829000,11,33813000,27,33830000,11,33812000,13,33831000,10
33824000,2,33825000,1,33823000,4,33826000,2,33822000,5,33827000,7,33821000,4,33828000,7,33820000,3,33829000,11,33819000,4,33830000,9,33818000,5,33831000,10,33817000,8,33832000,9,33816000,11,33833000,8,33815000,10,33834000,9
33827000,2,33828000,1,33826000,4,33829000,8,33825000,3,33830000,7,33824000,4,33831000,8,33823000,4,33832000,9,33822000,7,33833000,6,33821000,6,33834000,8,33820000,7,33835000,11,33819000,7,33836000,9,33818000,9,33837000,11
33829000,3,33831000,2,33828000,6,33832000,5,33827000,3,33833000,8,33826000,4,33834000,9,33825000,4,33835000,11,33824000,6,33836000,7,33823000,6,33837000,10,33822000,11,33838000,15,33821000,8,33839000,11,33820000,8,33840000,15
33832000,1,33834000,3,33831000,4,33835000,10,33830000,4,33836000,9,33829000,4,33837000,8,33828000,5,33838000,12,33827000,6,33839000,9,33826000,8,33840000,15,33825000,9,33841000,14,33824000,14,33842000,8,33823000,8,33843000,11
33830000,2,33832000,2,33829000,4,33833000,4,33828000,5,33834000,4,33827000,5,33835000,10,33826000,8,33836000,9,33825000,9,33837000,7,33824000,13,33838000,12,33823000,8,33839000,10,33822000,12,33840000,16,33821000,9,33841000,14
33830000,4,33833000,4,33829000,4,33834000,4,33828000,5,33835000,11,33827000,7,33836000,10,33826000,9,33837000,9,33825000,8,33838000,11,33824000,12,33839000,10,33823000,8,33840000,16,33822000,13,33841000,15,33821000,9,33842000,7
33828000,3,33830000,3,33827000,4,33831000,6,33826000,6,33832000,9,33825000,7,33833000,6,33824000,8,33834000,6,33823000,10,33835000,7,33822000,12,33836000,9,33821000,9,33837000,11,33820000,9,33838000,15,33819000,11,33839000,11
33827000,1,33829000,5,33826000,5,33830000,6,33825000,7,33831000,3,33824000,8,33832000,9,33823000,9,33833000,7,33822000,11,33834000,7,33821000,9,33835000,7,33820000,9,33836000,11,33819000,14,33837000,10,33818000,62,33838000,14
33824000,1,33825000,2,33823000,4,33826000,5,33822000,8,33827000,7,33821000,6,33828000,4,33820000,7,33829000,6,33819000,10,33830000,6,33818000,9,33831000,9,33817000,9,33832000,12,33816000,12,33833000,12,33815000,9,33834000,10
33821000,4,33823000,1,33820000,6,33824000,5,33819000,8,33825000,5,33818000,11,33826000,4,33817000,8,33827000,8,33816000,10,33828000,6,33815000,8,33829000,6,33814000,11,33830000,9,33813000,28,33831000,10,33812000,10,33832000,11
33821000,7,33824000,4,33820000,2,33825000,6,33819000,11,33826000,6,33818000,6,33827000,10,33817000,6,33828000,9,33816000,12,33829000,6,33815000,10,33830000,10,33814000,13,33831000,12,33813000,28,33832000,10,33812000,12,33833000,10
33822000,3,33824000,3,33821000,8,33825000,7,33820000,3,33826000,5,33819000,11,33827000,10,33818000,6,33828000,8,33817000,8,33829000,8,33816000,13,33830000,9,33815000,11,33831000,12,33814000,13,33832000,11,33813000,28,33833000,11
33824000,4,33825000,2,33823000,3,33826000,4,33822000,4,33827000,10,33821000,6,33828000,8,33820000,4,33829000,8,33819000,10,33830000,8,33818000,8,33831000,11,33817000,11,33832000,11,33816000,14,33833000,11,33815000,11,33834000,10
33822000,3,33824000,1,33821000,5,33825000,4,33820000,6,33826000,7,33819000,10,33827000,4,33818000,7,33828000,8,33817000,10,33829000,7,33816000,13,33830000,13,33815000,11,33831000,11,33814000,13,33832000,11,33813000,28,33833000,11
33819000,1,33820000,1,33818000,5,33821000,4,33817000,7,33822000,6,33816000,11,33823000,7,33815000,9,33824000,7,33814000,10,33825000,6,33813000,27,33826000,10,33812000,12,33827000,10,33811000,9,33828000,12,33810000,10,33829000,8
33820000,1,33822000,4,33819000,4,33823000,9,33818000,6,33824000,9,33817000,4,33825000,8,33816000,6,33826000,11,33815000,8,33827000,7,33814000,10,33828000,11,33813000,30,33829000,9,33812000,14,33830000,13,33811000,9,33831000,11
33823000,6,33825000,1,33822000,7,33826000,6,33821000,3,33827000,7,33820000,6,33828000,8,33819000,6,33829000,8,33818000,8,33830000,11,33817000,10,33831000,11,33816000,10,33832000,12,33815000,11,33833000,10,33814000,14,33834000,12
33822000,4,33824000,2,33821000,2,33825000,4,33820000,4,33826000,4,33819000,6,33827000,6,33818000,7,33828000,7,33817000,12,33829000,8,33816000,8,33830000,9,33815000,9,33831000,11,33814000,13,33832000,10,33813000,30,33833000,9
33823000,4,33826000,5,33822000,7,33827000,8,33821000,5,33828000,7,33820000,7,33829000,13,33819000,6,33830000,9,33818000,9,33831000,10,33817000,12,33832000,9,33816000,10,33833000,9,33815000,9,33834000,11,33814000,13,33835000,9
33823000,3,33825000,2,33822000,7,33826000,5,33821000,5,33827000,4,33820000,9,33828000,7,33819000,6,33829000,11,33818000,8,33830000,9,33817000,11,33831000,10,33816000,10,33832000,10,33815000,9,33833000,9,33814000,13,33834000,11
33824000,4,33826000,2,33823000,4,33827000,3,33822000,6,33828000,6,33821000,5,33829000,11,33820000,8,33830000,9,33819000,7,33831000,9,33818000,9,33832000,10,33817000,12,33833000,9,33816000,10,33834000,11,33815000,9,33835000,15
33828000,3,33829000,6,33827000,4,33830000,9,33826000,4,33831000,6,33825000,7,33832000,6,33824000,5,33833000,7,33823000,6,33834000,9,33822000,9,33835000,14,33821000,11,33836000,113,33820000,13,33837000,10,33819000,10,33838000,13
33830000,2,33832000,5,33829000,5,33833000,5,33828000,3,33834000,7,33827000,3,33835000,7,33826000,5,33836000,10,33825000,10,33837000,9,33824000,10,33838000,13,33823000,9,33839000,12,33822000,14,33840000,15,33821000,12,33841000,13
33829000,1,33830000,1,33828000,3,33831000,3,33827000,3,33832000,5,33826000,4,33833000,5,33825000,10,33834000,7,33824000,8,33835000,7,33823000,9,33836000,10,33822000,14,33837000,10,33821000,12,33838000,14,33820000,13,33839000,12
33826000,4,33828000,1,33825000,6,33829000,5,33824000,5,33830000,5,33823000,8,33831000,4,33822000,10,33832000,10,33821000,9,33833000,8,33820000,10,33834000,9,33819000,11,33835000,9,33818000,11,33836000,11,33817000,12,33837000,10
33822000,2,33823000,2,33821000,4,33824000,6,33820000,7,33825000,5,33819000,8,33826000,4,33818000,7,33827000,3,33817000,11,33828000,6,33816000,11,33829000,5,33815000,9,33830000,9,33814000,13,33831000,9,33813000,13,33832000,12
33818000,3,33820000,3,33817000,7,33821000,4,33816000,9,33822000,4,33815000,7,33823000,5,33814000,9,33824000,8,33813000,11,33825000,6,33812000,12,33826000,6,33811000,7,33827000,6,33810000,12,33828000,9,33809000,12,33829000,6
33819000,7,33821000,2,33818000,6,33822000,7,33817000,6,33823000,6,33816000,7,33824000,7,33815000,6,33825000,9,33814000,8,33826000,8,33813000,11,33827000,7,33812000,13,33828000,11,33811000,9,33829000,7,33810000,13,33830000,9
33818000,1,33819000,3,33817000,6,33820000,6,33816000,7,33821000,6,33815000,7,33822000,4,33814000,7,33823000,6,33813000,11,33824000,8,33812000,12,33825000,8,33811000,9,33826000,14,33810000,12,33827000,7,33809000,14,33828000,11
33815000,4,33818000,4,33814000,7,33819000,6,33813000,12,33820000,4,33812000,8,33821000,9,33811000,6,33822000,5,33810000,10,33823000,7,33809000,15,33824000,11,33808000,17,33825000,10,33807000,12,33826000,13,33806000,10,33827000,8
33818000,1,33819000,3,33817000,3,33820000,5,33816000,5,33821000,8,33815000,5,33822000,5,33814000,6,33823000,7,33813000,8,33824000,8,33812000,9,33825000,9,33811000,12,33826000,13,33810000,12,33827000,8,33809000,14,33828000,10
33819000,5,33821000,2,33818000,5,33822000,5,33817000,6,33823000,8,33816000,5,33824000,8,33815000,9,33825000,8,33814000,9,33826000,11,33813000,9,33827000,7,33812000,13,33828000,11,33811000,8,33829000,8,33810000,12,33830000,11
33825000,1,33826000,3,33824000,2,33827000,3,33823000,5,33828000,10,33822000,8,33829000,8,33821000,3,33830000,11,33820000,4,33831000,10,33819000,8,33832000,13,33818000,11,33833000,10,33817000,10,33834000,11,33816000,10,33835000,8
33822000,2,33823000,1,33821000,3,33824000,5,33820000,4,33825000,3,33819000,5,33826000,5,33818000,7,33827000,6,33817000,7,33828000,11,33816000,8,33829000,9,33815000,9,33830000,13,33814000,14,33831000,12,33813000,12,33832000,14
33824000,4,33826000,1,33823000,7,33827000,5,33822000,8,33828000,11,33821000,6,33829000,10,33820000,7,33830000,10,33819000,8,33831000,10,33818000,10,33832000,13,33817000,10,33833000,10,33816000,10,33834000,11,33815000,10,33835000,9
33828000,3,33829000,1,33827000,6,33830000,3,33826000,6,33831000,9,33825000,6,33832000,14,33824000,6,33833000,8,33823000,7,33834000,9,33822000,9,33835000,10,33821000,9,33836000,11,33820000,13,33837000,10,33819000,10,33838000,9
33830000,2,33832000,8,33829000,5,33833000,7,33828000,7,33834000,9,33827000,5,33835000,10,33826000,6,33836000,9,33825000,7,33837000,9,33824000,7,33838000,10,33823000,10,33839000,12,33822000,14,33840000,24,33821000,10,33841000,5
33829000,4,33830000,1,33828000,5,33832000,5,33827000,7,33833000,5,33826000,9,33834000,6,33825000,7,33835000,8,33824000,8,33836000,8,33823000,9,33837000,9,33822000,14,33838000,12,33821000,10,33839000,12,33820000,13,33840000,24
33826000,3,33827000,1,33825000,6,33828000,2,33824000,7,33829000,5,33823000,7,33830000,3,33822000,9,33831000,3,33821000,9,33832000,6,33820000,13,33833000,8,33819000,11,33834000,8,33818000,13,33835000,10,33817000,9,33836000,11
33823000,6,33826000,4,33822000,9,33827000,6,33821000,6,33828000,4,33820000,12,33829000,6,33819000,9,33830000,5,33818000,9,33831000,4,33817000,10,33832000,8,33816000,13,33833000,10,33815000,9,33834000,10,33814000,13,33835000,11
33825000,2,33826000,1,33824000,7,33827000,5,33823000,7,33828000,5,33822000,9,33829000,6,33821000,5,33830000,6,33820000,12,33831000,5,33819000,11,33832000,8,33818000,9,33833000,11,33817000,11,33834000,10,33816000,13,33835000,11
33828000,3,33830000,1,33827000,3,33831000,5,33826000,5,33832000,5,33825000,18,33833000,6,33824000,7,33834000,10,33823000,6,33835000,10,33822000,13,33836000,9,33821000,9,33837000,10,33820000,13,33838000,11,33819000,13,33839000,12
33827000,5,33828000,30,33826000,6,33829000,1,33825000,17,33830000,4,33824000,8,33831000,4,33823000,7,33832000,5,33822000,12,33833000,8,33821000,9,33834000,9,33820000,13,33835000,11,33819000,13,33836000,10,33818000,10,33837000,10
33828000,3,33830000,3,33827000,4,33831000,4,33826000,5,33832000,7,33825000,15,33833000,8,33824000,9,33834000,10,33823000,7,33835000,9,33822000,13,33836000,10,33821000,9,33837000,10,33820000,13,33838000,11,33819000,13,33839000,11
33827000,4,33829000,3,33826000,7,33830000,23,33825000,14,33831000,5,33824000,9,33832000,8,33823000,6,33833000,8,33822000,9,33834000,10,33821000,7,33835000,9,33820000,13,33836000,11,33819000,13,33837000,10,33818000,11,33838000,11
33823000,1,33824000,3,33822000,9,33825000,5,33821000,6,33826000,6,33820000,11,33827000,4,33819000,12,33828000,7,33818000,9,33829000,10,33817000,11,33830000,26,33816000,13,33831000,12,33815000,10,33832000,9,33814000,13,33833000,10
33825000,5,33827000,5,33824000,4,33828000,7,33823000,7,33829000,7,33822000,7,33830000,25,33821000,9,33831000,9,33820000,10,33832000,5,33819000,12,33833000,10,33818000,12,33834000,13,33817000,11,33835000,11,33816000,12,33836000,10
33829000,6,33830000,20,33828000,8,33831000,9,33827000,6,33832000,4,33826000,9,33833000,9,33825000,5,33834000,11,33824000,5,33835000,9,33823000,9,33836000,10,33822000,11,33837000,10,33821000,10,33838000,11,33820000,13,33839000,11
33824000,1,33826000,3,33823000,5,33827000,4,33822000,7,33828000,4,33821000,8,33829000,6,33820000,9,33830000,9,33819000,11,33831000,6,33818000,10,33832000,7,33817000,12,33833000,11,33816000,13,33834000,10,33815000,9,33835000,11
33828000,1,33829000,2,33827000,5,33830000,6,33826000,8,33831000,6,33825000,4,33832000,7,33824000,6,33833000,8,33823000,5,33834000,7,33822000,8,33835000,8,33821000,9,33836000,11,33820000,13,33837000,10,33819000,13,33838000,11
33832000,3,33833000,1,33831000,6,33834000,5,33830000,13,33835000,7,33829000,5,33836000,11,33828000,6,33837000,9,33827000,7,33838000,10,33826000,11,33839000,12,33825000,9,33840000,23,33824000,12,33841000,13,33823000,8,33842000,8
33834000,11,33836000,2,33833000,5,33837000,6,33832000,13,33838000,9,33831000,7,33839000,9,33830000,5,33840000,21,33829000,7,33841000,15,33828000,8,33842000,7,33827000,10,33843000,11,33826000,14,33844000,12,33825000,11,33845000,5
33836000,4,33838000,3,33835000,9,33839000,9,33834000,10,33840000,22,33833000,7,33841000,15,33832000,11,33842000,8,33831000,8,33843000,8,33830000,5,33844000,12,33829000,9,33845000,7,33828000,8,33846000,12,33827000,10,33847000,7
33836000,18,33837000,1,33835000,8,33838000,4,33834000,4,33839000,5,33833000,5,33840000,22,33832000,9,33841000,15,33831000,7,33842000,8,33830000,6,33843000,10,33829000,9,33844000,10,33828000,8,33845000,7,33827000,8,33846000,12
33833000,1,33835000,5,33832000,7,33836000,5,33831000,6,33837000,9,33830000,4,33838000,7,33829000,5,33839000,9,33828000,6,33840000,22,33827000,7,33841000,15,33826000,14,33842000,10,33825000,11,33843000,12,33824000,11,33844000,11
33830000,1,33831000,2,33829000,5,33832000,4,33828000,4,33833000,5,33827000,8,33834000,6,33826000,12,33835000,6,33825000,9,33836000,9,33824000,11,33837000,12,33823000,8,33838000,10,33822000,12,33839000,11,33821000,9,33840000,23
33827000,3,33828000,2,33826000,1,33829000,5,33825000,8,33830000,9,33824000,9,33831000,9,33823000,7,33832000,8,33822000,10,33833000,8,33821000,9,33834000,9,33820000,13,33835000,10,33819000,12,33836000,12,33818000,14,33837000,12
33825000,1,33826000,3,33824000,2,33827000,4,33823000,5,33828000,6,33822000,10,33829000,5,33821000,8,33830000,8,33820000,12,33831000,10,33819000,12,33832000,10,33818000,12,33833000,10,33817000,9,33834000,11,33816000,12,33835000,11
33824000,3,33827000,4,33823000,6,33828000,5,33822000,7,33829000,5,33821000,7,33830000,9,33820000,10,33831000,11,33819000,10,33832000,10,33818000,11,33833000,9,33817000,10,33834000,12,33816000,12,33835000,11,33815000,9,33836000,13
33824000,3,33826000,1,33823000,5,33827000,4,33822000,7,33828000,6,33821000,7,33829000,5,33820000,10,33830000,9,33819000,10,33831000,11,33818000,12,33832000,10,33817000,10,33833000,10,33816000,12,33834000,12,33815000,9,33835000,11
33826000,2,33828000,2,33825000,6,33829000,4,33824000,5,33830000,8,33823000,5,33831000,11,33822000,5,33832000,10,33821000,8,33833000,9,33820000,11,33834000,11,33819000,12,33835000,11,33818000,13,33836000,15,33817000,11,33837000,11
33825000,6,33828000,3,33824000,5,33829000,4,33823000,5,33830000,7,33822000,6,33831000,11,33821000,7,33832000,10,33820000,11,33833000,9,33819000,11,33834000,11,33818000,13,33835000,11,33817000,11,33836000,15,33816000,12,33837000,11
33826000,1,33828000,4,33825000,5,33829000,5,33824000,7,33830000,14,33823000,8,33831000,10,33822000,8,33832000,12,33821000,13,33833000,9,33820000,12,33834000,11,33819000,12,33835000,12,33818000,13,33836000,17,33817000,11,33837000,12
33825000,4,33828000,4,33824000,7,33829000,5,33823000,9,33830000,14,33822000,8,33831000,10,33821000,12,33832000,12,33820000,12,33833000,10,33819000,11,33834000,11,33818000,13,33835000,12,33817000,11,33836000,17,33816000,13,33837000,13
33822000,3,33824000,4,33821000,9,33825000,4,33820000,10,33826000,8,33819000,8,33827000,9,33818000,8,33828000,5,33817000,8,33829000,6,33816000,12,33830000,13,33815000,9,33831000,11,33814000,16,33832000,15,33813000,13,33833000,12
33820000,3,33821000,1,33819000,4,33822000,6,33818000,9,33823000,6,33817000,7,33824000,9,33816000,10,33825000,6,33815000,8,33826000,11,33814000,16,33827000,12,33813000,12,33828000,7,33812000,14,33829000,7,33811000,7,33830000,16
33822000,2,33824000,3,33821000,5,33825000,4,33820000,6,33826000,11,33819000,6,33827000,12,33818000,8,33828000,10,33817000,7,33829000,6,33816000,9,33830000,16,33815000,10,33831000,14,33814000,17,33832000,16,33813000,12,33833000,10
33826000,2,33827000,9,33825000,6,33828000,4,33824000,8,33829000,8,33823000,7,33830000,15,33822000,8,33831000,9,33821000,8,33832000,14,33820000,8,33833000,11,33819000,10,33834000,13,33818000,11,33835000,11,33817000,13,33836000,15
33829000,2,33830000,6,33828000,5,33831000,4,33827000,8,33832000,10,33826000,12,33833000,10,33825000,7,33834000,11,33824000,9,33835000,10,33823000,9,33836000,14,33822000,12,33837000,12,33821000,11,33838000,20,33820000,10,33839000,11
33826000,6,33827000,1,33825000,5,33828000,7,33824000,9,33829000,7,33823000,8,33830000,9,33822000,7,33831000,5,33821000,9,33832000,11,33820000,9,33833000,11,33819000,11,33834000,12,33818000,12,33835000,11,33817000,12,33836000,15
33820000,5,33823000,5,33819000,9,33824000,6,33818000,11,33825000,6,33817000,11,33826000,5,33816000,10,33827000,5,33815000,9,33828000,7,33814000,16,33829000,10,33813000,12,33830000,14,33812000,14,33831000,10,33811000,8,33832000,15
33822000,1,33823000,1,33821000,6,33824000,4,33820000,7,33825000,5,33819000,5,33826000,4,33818000,11,33827000,6,33817000,11,33828000,9,33816000,10,33829000,9,33815000,9,33830000,14,33814000,17,33831000,11,33813000,12,33832000,15
33826000,1,33827000,2,33825000,3,33828000,5,33824000,5,33829000,8,33823000,8,33830000,10,33822000,5,33831000,8,33821000,6,33832000,12,33820000,11,33833000,10,33819000,6,33834000,14,33818000,14,33835000,12,33817000,14,33836000,16
33829000,2,33830000,6,33828000,4,33831000,4,33827000,3,33832000,10,33826000,5,33833000,10,33825000,4,33834000,12,33824000,7,33835000,10,33823000,9,33836000,14,33822000,8,33837000,12,33821000,10,33838000,20,33820000,16,33839000,11
33827000,10,33828000,1,33826000,6,33829000,7,33825000,4,33830000,6,33824000,6,33831000,4,33823000,5,33832000,9,33822000,5,33833000,9,33821000,8,33834000,11,33820000,15,33835000,11,33819000,10,33836000,15,33818000,14,33837000,13
33823000,3,33825000,1,33822000,3,33826000,6,33821000,7,33827000,7,33820000,7,33828000,5,33819000,9,33829000,7,33818000,12,33830000,11,33817000,14,33831000,9,33816000,13,33832000,14,33815000,10,33833000,12,33814000,16,33834000,14
33825000,1,33827000,3,33824000,4,33828000,4,33823000,4,33829000,6,33822000,4,33830000,12,33821000,7,33831000,9,33820000,7,33832000,13,33819000,10,33833000,12,33818000,14,33834000,13,33817000,14,33835000,12,33816000,18,33836000,14
33823000,1,33824000,2,33822000,8,33825000,4,33821000,7,33826000,5,33820000,6,33827000,7,33819000,8,33828000,8,33818000,10,33829000,9,33817000,13,33830000,18,33816000,17,33831000,12,33815000,10,33832000,14,33814000,16,33833000,12
33824000,3,33826000,1,33823000,6,33827000,5,33822000,4,33828000,5,33821000,7,33829000,8,33820000,7,33830000,19,33819000,9,33831000,9,33818000,12,33832000,12,33817000,14,33833000,12,33816000,17,33834000,13,33815000,10,33835000,12
33823000,2,33825000,1,33822000,4,33826000,5,33821000,7,33827000,5,33820000,7,33828000,5,33819000,9,33829000,8,33818000,11,33830000,18,33817000,13,33831000,10,33816000,17,33832000,14,33815000,10,33833000,12,33814000,16,33834000,13
33824000,1,33825000,2,33823000,4,33826000,4,33822000,6,33827000,6,33821000,7,33828000,8,33820000,4,33829000,10,33819000,6,33830000,17,33818000,10,33831000,12,33817000,12,33832000,14,33816000,17,33833000,12,33815000,11,33834000,12
33822000,6,33823000,1,33821000,7,33824000,1,33820000,5,33825000,7,33819000,10,33826000,2,33818000,12,33827000,5,33817000,14,33828000,8,33816000,17,33829000,9,33815000,11,33830000,18,33814000,15,33831000,10,33813000,10,33832000,14
33820000,4,33821000,1,33819000,5,33822000,6,33818000,10,33823000,7,33817000,12,33824000,7,33816000,14,33825000,6,33815000,10,33826000,7,33814000,15,33827000,8,33813000,12,33828000,10,33812000,13,33829000,11,33811000,7,33830000,20
33817000,2,33818000,2,33816000,10,33819000,5,33815000,8,33820000,5,33814000,11,33821000,6,33813000,9,33822000,10,33812000,10,33823000,8,33811000,8,33824000,9,33810000,14,33825000,10,33809000,12,33826000,11,33808000,9,33827000,10
33815000,2,33816000,3,33814000,5,33817000,6,33813000,9,33818000,5,33812000,9,33819000,5,33811000,7,33820000,4,33810000,12,33821000,7,33809000,11,33822000,11,33808000,10,33823000,11,33807000,11,33824000,11,33806000,11,33825000,10
33812000,2,33814000,2,33811000,6,33815000,7,33810000,11,33816000,4,33809000,7,33817000,6,33808000,8,33818000,6,33807000,10,33819000,8,33806000,9,33820000,8,33805000,7,33821000,11,33804000,11,33822000,13,33803000,7,33823000,13
33812000,2,33814000,2,33811000,6,33815000,7,33810000,11,33816000,4,33809000,7,33817000,6,33808000,8,33818000,6,33807000,10,33819000,8,33806000,9,33820000,8,33805000,7,33821000,11,33804000,11,33822000,13,33803000,7,33823000,13
33813000,1,33814000,2,33812000,3,33815000,8,33811000,5,33816000,6,33810000,7,33817000,8,33809000,6,33818000,9,33808000,4,33819000,8,33807000,10,33820000,8,33806000,12,33821000,11,33805000,8,33822000,14,33804000,11,33823000,12
33812000,1,33814000,2,33811000,5,33815000,9,33810000,5,33816000,6,33809000,6,33817000,9,33808000,4,33818000,9,33807000,10,33819000,8,33806000,10,33820000,8,33805000,8,33821000,11,33804000,11,33822000,14,33803000,9,33823000,12
33811000,3,33813000,3,33810000,6,33814000,6,33809000,5,33815000,9,33808000,5,33816000,7,33807000,7,33817000,11,33806000,8,33818000,9,33805000,7,33819000,9,33804000,13,33820000,9,33803000,8,33821000,16,33802000,9,33822000,15
33811000,1,33813000,1,33810000,6,33814000,5,33809000,5,33815000,9,33808000,5,33816000,7,33807000,7,33817000,11,33806000,8,33818000,9,33805000,7,33819000,9,33804000,13,33820000,8,33803000,8,33821000,16,33802000,9,33822000,15
33811000,1,33813000,4,33810000,10,33814000,6,33809000,5,33815000,10,33808000,5,33816000,7,33807000,7,33817000,11,33806000,8,33818000,9,33805000,7,33819000,8,33804000,12,33820000,9,33803000,8,33821000,16,33802000,9,33822000,15
33814000,1,33816000,2,33813000,6,33817000,8,33812000,5,33818000,8,33811000,5,33819000,10,33810000,10,33820000,8,33809000,6,33821000,14,33808000,7,33822000,14,33807000,10,33823000,12,33806000,11,33824000,13,33805000,8,33825000,13
33812000,1,33813000,2,33811000,3,33814000,6,33810000,7,33815000,10,33809000,5,33816000,9,33808000,6,33817000,10,33807000,8,33818000,9,33806000,8,33819000,11,33805000,8,33820000,11,33804000,13,33821000,16,33803000,8,33822000,15
33814000,4,33815000,1,33813000,3,33816000,4,33812000,4,33817000,7,33811000,4,33818000,8,33810000,8,33819000,11,33809000,5,33820000,9,33808000,8,33821000,14,33807000,11,33822000,15,33806000,10,33823000,13,33805000,8,33824000,13
33811000,4,33813000,3,33810000,4,33814000,7,33809000,4,33815000,10,33808000,7,33816000,6,33807000,8,33817000,9,33806000,7,33818000,9,33805000,7,33819000,12,33804000,13,33820000,11,33803000,8,33821000,16,33802000,9,33822000,15
33814000,2,33816000,2,33813000,4,33817000,7,33812000,6,33818000,8,33811000,6,33819000,11,33810000,6,33820000,9,33809000,7,33821000,14,33808000,7,33822000,14,33807000,11,33823000,12,33806000,10,33824000,13,33805000,8,33825000,13
33817000,1,33819000,5,33816000,3,33820000,7,33815000,4,33821000,13,33814000,4,33822000,10,33813000,4,33823000,10,33812000,13,33824000,11,33811000,6,33825000,10,33810000,9,33826000,13,33809000,10,33827000,9,33808000,9,33828000,12
33817000,5,33819000,1,33816000,4,33820000,3,33815000,5,33821000,6,33814000,5,33822000,10,33813000,7,33823000,8,33812000,14,33824000,10,33811000,6,33825000,10,33810000,11,33826000,12,33809000,10,33827000,10,33808000,9,33828000,12
33819000,3,33821000,7,33818000,4,33822000,9,33817000,5,33823000,9,33816000,6,33824000,8,33815000,3,33825000,10,33814000,8,33826000,9,33813000,7,33827000,9,33812000,16,33828000,12,33811000,9,33829000,10,33810000,12,33830000,20
33819000,3,33821000,7,33818000,4,33822000,9,33817000,5,33823000,9,33816000,6,33824000,8,33815000,3,33825000,10,33814000,8,33826000,9,33813000,7,33827000,9,33812000,16,33828000,12,33811000,9,33829000,10,33810000,12,33830000,20
33818000,2,33820000,4,33817000,2,33821000,4,33816000,4,33822000,10,33815000,4,33823000,11,33814000,5,33824000,9,33813000,6,33825000,10,33812000,12,33826000,13,33811000,9,33827000,10,33810000,12,33828000,12,33809000,9,33829000,9
33821000,1,33823000,2,33820000,4,33824000,7,33819000,4,33825000,7,33818000,5,33826000,9,33817000,3,33827000,9,33816000,6,33828000,9,33815000,6,33829000,9,33814000,11,33830000,20,33813000,10,33831000,12,33812000,16,33832000,12
33820000,7,33822000,4,33819000,3,33823000,2,33818000,5,33824000,3,33817000,3,33825000,6,33816000,11,33826000,9,33815000,6,33827000,9,33814000,10,33828000,11,33813000,9,33829000,10,33812000,15,33830000,21,33811000,9,33831000,11
33813000,2,33815000,2,33812000,9,33816000,3,33811000,8,33817000,4,33810000,8,33818000,5,33809000,10,33819000,6,33808000,7,33820000,9,33807000,11,33821000,9,33806000,10,33822000,8,33805000,6,33823000,10,33804000,14,33824000,9
33818000,1,33820000,5,33817000,2,33821000,7,33816000,4,33822000,7,33815000,3,33823000,7,33814000,5,33824000,7,33813000,5,33825000,8,33812000,11,33826000,18,33811000,10,33827000,10,33810000,12,33828000,12,33809000,12,33829000,9
33822000,10,33823000,4,33821000,1,33824000,5,33820000,3,33825000,7,33819000,4,33826000,17,33818000,5,33827000,10,33817000,11,33828000,10,33816000,4,33829000,10,33815000,5,33830000,22,33814000,8,33831000,11,33813000,6,33832000,11
33820000,2,33822000,3,33819000,3,33823000,8,33818000,5,33824000,8,33817000,14,33825000,7,33816000,4,33826000,7,33815000,5,33827000,7,33814000,8,33828000,8,33813000,7,33829000,15,33812000,17,33830000,21,33811000,11,33831000,11
33820000,3,33822000,1,33819000,4,33823000,8,33818000,4,33824000,8,33817000,12,33825000,9,33816000,5,33826000,8,33815000,5,33827000,8,33814000,6,33828000,10,33813000,8,33829000,15,33812000,17,33830000,22,33811000,12,33831000,11
33825000,2,33826000,3,33824000,3,33827000,5,33823000,4,33828000,10,33822000,5,33829000,12,33821000,6,33830000,19,33820000,5,33831000,9,33819000,7,33832000,13,33818000,7,33833000,14,33817000,15,33834000,13,33816000,7,33835000,8
33821000,1,33822000,4,33820000,6,33823000,5,33819000,7,33824000,6,33818000,6,33825000,3,33817000,13,33826000,6,33816000,5,33827000,7,33815000,5,33828000,11,33814000,9,33829000,9,33813000,8,33830000,19,33812000,17,33831000,11
33819000,4,33820000,3,33818000,4,33821000,8,33817000,13,33822000,6,33816000,5,33823000,5,33815000,5,33824000,5,33814000,7,33825000,2,33813000,7,33826000,5,33812000,17,33827000,7,33811000,10,33828000,13,33810000,15,33829000,10
33816000,2,33818000,3,33815000,5,33819000,4,33814000,4,33820000,3,33813000,6,33821000,4,33812000,11,33822000,9,33811000,9,33823000,10,33810000,15,33824000,8,33809000,12,33825000,8,33808000,10,33826000,9,33807000,13,33827000,8
33817000,2,33819000,3,33816000,7,33820000,3,33815000,5,33821000,4,33814000,5,33822000,9,33813000,5,33823000,10,33812000,12,33824000,8,33811000,10,33825000,7,33810000,15,33826000,9,33809000,12,33827000,8,33808000,10,33828000,13
33821000,3,33823000,6,33820000,4,33824000,7,33819000,5,33825000,7,33818000,4,33826000,4,33817000,2,33827000,6,33816000,8,33828000,17,33815000,8,33829000,10,33814000,9,33830000,20,33813000,9,33831000,12,33812000,17,33832000,12
33823000,4,33825000,2,33822000,6,33826000,4,33821000,4,33827000,6,33820000,5,33828000,9,33819000,6,33829000,9,33818000,6,33830000,17,33817000,5,33831000,10,33816000,11,33832000,12,33815000,10,33833000,15,33814000,10,33834000,13
33818000,5,33820000,1,33817000,4,33821000,4,33816000,7,33822000,6,33815000,7,33823000,8,33814000,8,33824000,7,33813000,8,33825000,7,33812000,16,33826000,7,33811000,11,33827000,9,33810000,15,33828000,12,33809000,10,33829000,11
33815000,1,33817000,3,33814000,3,33818000,4,33813000,8,33819000,6,33812000,12,33820000,6,33811000,10,33821000,8,33810000,13,33822000,8,33809000,11,33823000,8,33808000,12,33824000,13,33807000,14,33825000,9,33806000,12,33826000,11
33819000,1,33820000,3,33818000,8,33821000,6,33817000,4,33822000,6,33816000,2,33823000,6,33815000,7,33824000,10,33814000,7,33825000,7,33813000,9,33826000,10,33812000,13,33827000,11,33811000,12,33828000,13,33810000,16,33829000,11
33821000,9,33823000,4,33820000,4,33824000,7,33819000,3,33825000,6,33818000,5,33826000,6,33817000,3,33827000,11,33816000,3,33828000,11,33815000,9,33829000,11,33814000,12,33830000,21,33813000,12,33831000,11,33812000,17,33832000,12
33824000,3,33826000,1,33823000,5,33827000,6,33822000,12,33828000,7,33821000,4,33829000,8,33820000,8,33830000,18,33819000,6,33831000,11,33818000,9,33832000,11,33817000,9,33833000,16,33816000,9,33834000,14,33815000,11,33835000,10
33824000,2,33826000,3,33823000,5,33827000,7,33822000,11,33828000,6,33821000,4,33829000,7,33820000,9,33830000,18,33819000,7,33831000,10,33818000,9,33832000,11,33817000,9,33833000,15,33816000,10,33834000,14,33815000,10,33835000,10
33827000,1,33829000,4,33826000,5,33830000,17,33825000,6,33831000,9,33824000,10,33832000,11,33823000,5,33833000,14,33822000,9,33834000,13,33821000,6,33835000,11,33820000,8,33836000,14,33819000,8,33837000,12,33818000,9,33838000,10
33826000,1,33827000,2,33825000,6,33828000,4,33824000,4,33829000,6,33823000,7,33830000,6,33822000,11,33831000,4,33821000,8,33832000,8,33820000,9,33833000,13,33819000,9,33834000,14,33818000,9,33835000,12,33817000,9,33836000,16
33828000,2,33830000,5,33827000,12,33831000,6,33826000,8,33832000,9,33825000,7,33833000,10,33824000,9,33834000,11,33823000,7,33835000,10,33822000,11,33836000,15,33821000,10,33837000,12,33820000,12,33838000,12,33819000,11,33839000,10
33827000,2,33828000,2,33826000,5,33829000,3,33825000,6,33830000,6,33824000,10,33831000,8,33823000,8,33832000,8,33822000,9,33833000,11,33821000,9,33834000,10,33820000,13,33835000,11,33819000,11,33836000,16,33818000,14,33837000,12
33826000,2,33828000,2,33825000,8,33829000,4,33824000,13,33830000,6,33823000,6,33831000,8,33822000,8,33832000,14,33821000,8,33833000,13,33820000,10,33834000,13,33819000,11,33835000,11,33818000,15,33836000,16,33817000,10,33837000,11
33826000,1,33827000,1,33825000,5,33828000,5,33824000,13,33829000,5,33823000,6,33830000,9,33822000,9,33831000,7,33821000,10,33832000,14,33820000,11,33833000,12,33819000,11,33834000,13,33818000,15,33835000,11,33817000,10,33836000,16
33829000,10,33830000,6,33828000,5,33831000,6,33827000,3,33832000,13,33826000,9,33833000,11,33825000,7,33834000,13,33824000,8,33835000,10,33823000,7,33836000,15,33822000,12,33837000,12,33821000,10,33838000,12,33820000,13,33839000,11
33832000,4,33833000,3,33831000,5,33834000,8,33830000,8,33835000,9,33829000,8,33836000,13,33828000,6,33837000,11,33827000,3,33838000,11,33826000,11,33839000,12,33825000,10,33840000,33,33824000,13,33841000,16,33823000,9,33842000,11
33835000,1,33836000,3,33834000,6,33837000,6,33833000,13,33838000,6,33832000,7,33839000,9,33831000,11,33840000,33,33830000,8,33841000,15,33829000,9,33842000,12,33828000,11,33843000,14,33827000,8,33844000,13,33826000,12,33845000,7
33833000,2,33834000,1,33832000,6,33835000,3,33831000,6,33836000,5,33830000,8,33837000,7,33829000,7,33838000,7,33828000,9,33839000,7,33827000,7,33840000,31,33826000,13,33841000,16,33825000,10,33842000,11,33824000,13,33843000,15
33835000,3,33837000,5,33834000,5,33838000,6,33833000,11,33839000,9,33832000,15,33840000,30,33831000,6,33841000,15,33830000,7,33842000,9,33829000,10,33843000,14,33828000,11,33844000,13,33827000,9,33845000,9,33826000,13,33846000,12
33833000,2,33835000,4,33832000,7,33836000,5,33831000,6,33837000,6,33830000,9,33838000,7,33829000,7,33839000,9,33828000,9,33840000,30,33827000,7,33841000,14,33826000,12,33842000,12,33825000,9,33843000,15,33824000,14,33844000,13
33830000,7,33832000,4,33829000,6,33833000,5,33828000,8,33834000,5,33827000,8,33835000,6,33826000,9,33836000,13,33825000,8,33837000,8,33824000,15,33838000,11,33823000,8,33839000,11,33822000,16,33840000,33,33821000,9,33841000,11
33833000,3,33835000,2,33832000,6,33836000,13,33831000,8,33837000,6,33830000,6,33838000,13,33829000,7,33839000,11,33828000,8,33840000,33,33827000,8,33841000,11,33826000,14,33842000,12,33825000,9,33843000,11,33824000,14,33844000,12
33835000,1,33836000,9,33834000,5,33837000,6,33833000,8,33838000,9,33832000,8,33839000,9,33831000,7,33840000,31,33830000,7,33841000,8,33829000,8,33842000,10,33828000,13,33843000,12,33827000,10,33844000,13,33826000,14,33845000,8
33838000,3,33839000,6,33837000,6,33840000,25,33836000,6,33841000,5,33835000,7,33842000,7,33834000,7,33843000,9,33833000,7,33844000,11,33832000,9,33845000,8,33831000,11,33846000,13,33830000,11,33847000,9,33829000,12,33848000,16
33834000,1,33835000,2,33833000,4,33836000,5,33832000,7,33837000,8,33831000,8,33838000,10,33830000,8,33839000,8,33829000,9,33840000,30,33828000,13,33841000,3,33827000,10,33842000,11,33826000,16,33843000,12,33825000,8,33844000,14
33831000,3,33833000,4,33830000,6,33834000,5,33829000,7,33835000,6,33828000,9,33836000,3,33827000,7,33837000,9,33826000,13,33838000,14,33825000,8,33839000,12,33824000,16,33840000,34,33823000,10,33841000,8,33822000,16,33842000,11
33833000,1,33834000,1,33832000,4,33835000,4,33831000,4,33836000,3,33830000,4,33837000,10,33829000,6,33838000,13,33828000,9,33839000,11,33827000,7,33840000,31,33826000,15,33841000,9,33825000,10,33842000,11,33824000,15,33843000,11
33828000,2,33830000,2,33827000,7,33831000,4,33826000,11,33832000,4,33825000,7,33833000,6,33824000,8,33834000,6,33823000,9,33835000,10,33822000,14,33836000,9,33821000,11,33837000,12,33820000,15,33838000,15,33819000,11,33839000,12
33827000,3,33829000,2,33826000,8,33830000,8,33825000,7,33831000,5,33824000,8,33832000,4,33823000,9,33833000,6,33822000,13,33834000,7,33821000,10,33835000,10,33820000,15,33836000,9,33819000,10,33837000,12,33818000,17,33838000,15
33823000,1,33824000,1,33822000,6,33825000,3,33821000,7,33826000,5,33820000,11,33827000,4,33819000,9,33828000,7,33818000,14,33829000,8,33817000,7,33830000,7,33816000,10,33831000,13,33815000,9,33832000,10,33814000,12,33833000,10
33820000,3,33822000,5,33819000,6,33823000,7,33818000,14,33824000,6,33817000,8,33825000,4,33816000,10,33826000,7,33815000,10,33827000,7,33814000,13,33828000,12,33813000,11,33829000,12,33812000,16,33830000,11,33811000,11,33831000,13
33817000,1,33818000,3,33816000,7,33819000,6,33815000,8,33820000,8,33814000,9,33821000,7,33813000,9,33822000,7,33812000,12,33823000,12,33811000,13,33824000,9,33810000,14,33825000,7,33809000,11,33826000,12,33808000,9,33827000,9
33814000,1,33815000,3,33813000,5,33816000,6,33812000,8,33817000,9,33811000,10,33818000,7,33810000,10,33819000,9,33809000,10,33820000,9,33808000,10,33821000,9,33807000,13,33822000,9,33806000,10,33823000,13,33805000,6,33824000,11
33815000,4,33817000,2,33814000,7,33818000,7,33813000,10,33819000,11,33812000,7,33820000,9,33811000,9,33821000,8,33810000,11,33822000,9,33809000,9,33823000,11,33808000,10,33824000,11,33807000,14,33825000,10,33806000,12,33826000,11
33815000,3,33817000,1,33814000,7,33818000,4,33813000,7,33819000,10,33812000,8,33820000,8,33811000,10,33821000,7,33810000,11,33822000,8,33809000,11,33823000,9,33808000,11,33824000,11,33807000,14,33825000,11,33806000,12,33826000,12
33811000,3,33812000,2,33810000,5,33813000,5,33809000,8,33814000,5,33808000,9,33815000,6,33807000,10,33816000,7,33806000,9,33817000,8,33805000,8,33818000,10,33804000,15,33819000,13,33803000,9,33820000,14,33802000,8,33821000,13
33806000,1,33807000,2,33805000,6,33808000,4,33804000,8,33809000,4,33803000,9,33810000,4,33802000,6,33811000,24,33801000,8,33812000,3,33800000,23,33813000,7,33799000,10,33814000,12,33798000,10,33815000,11,33797000,9,33816000,13
33807000,3,33809000,3,33806000,6,33810000,4,33805000,8,33811000,24,33804000,8,33812000,4,33803000,8,33813000,7,33802000,7,33814000,9,33801000,10,33815000,10,33800000,21,33816000,15,33799000,10,33817000,12,33798000,10,33818000,11
33805000,1,33806000,2,33804000,4,33807000,7,33803000,8,33808000,3,33802000,6,33809000,5,33801000,10,33810000,4,33800000,19,33811000,25,33799000,9,33812000,7,33798000,10,33813000,7,33797000,11,33814000,11,33796000,10,33815000,11
33807000,2,33808000,4,33806000,5,33809000,5,33805000,4,33810000,8,33804000,7,33811000,27,33803000,6,33812000,7,33802000,5,33813000,5,33801000,7,33814000,11,33800000,23,33815000,12,33799000,12,33816000,16,33798000,10,33817000,11
33808000,1,33809000,1,33807000,5,33810000,6,33806000,5,33811000,26,33805000,8,33812000,8,33804000,8,33813000,7,33803000,8,33814000,9,33802000,5,33815000,10,33801000,12,33816000,16,33800000,23,33817000,12,33799000,13,33818000,12
33808000,7,33810000,2,33807000,10,33811000,24,33806000,7,33812000,8,33805000,7,33813000,6,33804000,7,33814000,9,33803000,9,33815000,11,33802000,6,33816000,14,33801000,11,33817000,12,33800000,23,33818000,13,33799000,14,33819000,11
33812000,2,33815000,7,33811000,6,33816000,12,33810000,5,33817000,8,33809000,5,33818000,9,33808000,5,33819000,11,33807000,7,33820000,12,33806000,8,33821000,12,33805000,9,33822000,13,33804000,12,33823000,11,33803000,12,33824000,13
33810000,12,33812000,18,33809000,5,33813000,4,33808000,6,33814000,4,33807000,7,33815000,6,33806000,6,33816000,6,33805000,8,33817000,9,33804000,12,33818000,13,33803000,11,33819000,13,33802000,10,33820000,14,33801000,11,33821000,13
33813000,3,33815000,1,33812000,7,33816000,3,33811000,8,33817000,4,33810000,14,33818000,8,33809000,7,33819000,10,33808000,11,33820000,11,33807000,11,33821000,9,33806000,9,33822000,13,33805000,10,33823000,12,33804000,14,33824000,13
33812000,2,33814000,4,33811000,7,33815000,4,33810000,14,33816000,5,33809000,6,33817000,6,33808000,10,33818000,9,33807000,10,33819000,11,33806000,8,33820000,11,33805000,10,33821000,12,33804000,14,33822000,13,33803000,10,33823000,12
33809000,1,33810000,4,33808000,5,33811000,3,33807000,8,33812000,3,33806000,7,33813000,5,33805000,7,33814000,6,33804000,11,33815000,6,33803000,10,33816000,7,33802000,11,33817000,8,33801000,12,33818000,14,33800000,23,33819000,13
33805000,4,33808000,3,33804000,8,33809000,4,33803000,8,33810000,6,33802000,7,33811000,5,33801000,9,33812000,6,33800000,21,33813000,8,33799000,12,33814000,10,33798000,10,33815000,9,33797000,12,33816000,13,33796000,8,33817000,9
33802000,2,33803000,2,33801000,6,33804000,5,33800000,19,33805000,4,33799000,10,33806000,5,33798000,7,33807000,5,33797000,9,33808000,5,33796000,9,33809000,7,33795000,9,33810000,9,33794000,13,33811000,10,33793000,5,33812000,9
33803000,4,33805000,2,33802000,4,33806000,4,33801000,7,33807000,4,33800000,18,33808000,4,33799000,10,33809000,9,33798000,8,33810000,8,33797000,11,33811000,10,33796000,10,33812000,9,33795000,9,33813000,11,33794000,12,33814000,10
33806000,2,33808000,2,33805000,6,33809000,5,33804000,6,33810000,5,33803000,6,33811000,6,33802000,5,33812000,6,33801000,10,33813000,8,33800000,21,33814000,8,33799000,14,33815000,9,33798000,12,33816000,14,33797000,13,33817000,8
33805000,2,33807000,3,33804000,5,33808000,4,33803000,5,33809000,3,33802000,6,33810000,3,33801000,7,33811000,7,33800000,19,33812000,8,33799000,13,33813000,8,33798000,12,33814000,9,33797000,12,33815000,8,33796000,9,33816000,14
33802000,1,33804000,4,33801000,5,33805000,4,33800000,18,33806000,5,33799000,10,33807000,5,33798000,9,33808000,6,33797000,10,33809000,7,33796000,9,33810000,6,33795000,9,33811000,10,33794000,12,33812000,10,33793000,5,33813000,11
33802000,3,33805000,3,33801000,6,33806000,5,33800000,18,33807000,5,33799000,10,33808000,7,33798000,10,33809000,8,33797000,11,33810000,7,33796000,10,33811000,10,33795000,9,33812000,9,33794000,11,33813000,11,33793000,7,33814000,9
33805000,3,33807000,1,33804000,5,33808000,4,33803000,7,33809000,6,33802000,4,33810000,13,33801000,6,33811000,7,33800000,20,33812000,7,33799000,11,33813000,9,33798000,12,33814000,10,33797000,12,33815000,9,33796000,12,33816000,13
33805000,3,33807000,5,33804000,6,33808000,4,33803000,6,33809000,5,33802000,6,33810000,8,33801000,8,33811000,3,33800000,19,33812000,7,33799000,12,33813000,9,33798000,12,33814000,12,33797000,13,33815000,13,33796000,11,33816000,13
33807000,2,33809000,3,33806000,4,33810000,6,33805000,4,33811000,6,33804000,6,33812000,7,33803000,6,33813000,8,33802000,8,33814000,9,33801000,10,33815000,9,33800000,24,33816000,13,33799000,13,33817000,9,33798000,12,33818000,13
33806000,1,33807000,1,33805000,6,33808000,6,33804000,6,33809000,3,33803000,5,33810000,8,33802000,7,33811000,5,33801000,10,33812000,9,33800000,23,33813000,8,33799000,13,33814000,10,33798000,12,33815000,11,33797000,13,33816000,13
33803000,1,33804000,1,33802000,5,33805000,4,33801000,7,33806000,4,33800000,20,33807000,6,33799000,10,33808000,7,33798000,9,33809000,6,33797000,12,33810000,11,33796000,12,33811000,8,33795000,9,33812000,12,33794000,13,33813000,13
33805000,1,33806000,1,33804000,4,33807000,3,33803000,6,33808000,4,33802000,5,33809000,5,33801000,5,33810000,11,33800000,22,33811000,7,33799000,11,33812000,9,33798000,12,33813000,13,33797000,12,33814000,12,33796000,12,33815000,11
33809000,1,33810000,7,33808000,3,33811000,3,33807000,8,33812000,6,33806000,4,33813000,8,33805000,7,33814000,11,33804000,5,33815000,10,33803000,8,33816000,13,33802000,11,33817000,9,33801000,9,33818000,13,33800000,23,33819000,15
33807000,2,33809000,3,33806000,4,33810000,6,33805000,7,33811000,4,33804000,6,33812000,6,33803000,8,33813000,8,33802000,7,33814000,10,33801000,8,33815000,10,33800000,23,33816000,16,33799000,12,33817000,9,33798000,12,33818000,13
33804000,4,33807000,4,33803000,5,33808000,2,33802000,5,33809000,5,33801000,6,33810000,4,33800000,20,33811000,5,33799000,10,33812000,8,33798000,11,33813000,11,33797000,13,33814000,13,33796000,12,33815000,11,33795000,10,33816000,16
33801000,1,33803000,5,33800000,16,33804000,4,33799000,9,33805000,5,33798000,9,33806000,5,33797000,9,33807000,9,33796000,9,33808000,8,33795000,10,33809000,10,33794000,11,33810000,10,33793000,7,33811000,10,33792000,13,33812000,10
33799000,1,33801000,3,33798000,5,33802000,5,33797000,8,33803000,8,33796000,8,33804000,6,33795000,10,33805000,11,33794000,9,33806000,8,33793000,5,33807000,10,33792000,13,33808000,11,33791000,6,33809000,12,33790000,16,33810000,11
33799000,5,33801000,1,33798000,5,33802000,5,33797000,9,33803000,8,33796000,8,33804000,6,33795000,10,33805000,11,33794000,8,33806000,8,33793000,5,33807000,10,33792000,13,33808000,11,33791000,6,33809000,12,33790000,16,33810000,11
33799000,2,33800000,2,33798000,3,33801000,5,33797000,7,33802000,6,33796000,9,33803000,7,33795000,10,33804000,6,33794000,10,33805000,8,33793000,5,33806000,9,33792000,12,33807000,12,33791000,7,33808000,11,33790000,17,33809000,12
33799000,7,33802000,5,33798000,6,33803000,6,33797000,7,33804000,6,33796000,6,33805000,9,33795000,10,33806000,8,33794000,8,33807000,11,33793000,8,33808000,10,33792000,12,33809000,12,33791000,7,33810000,11,33790000,18,33811000,8
33797000,2,33799000,4,33796000,4,33800000,5,33795000,8,33801000,5,33794000,7,33802000,4,33793000,8,33803000,9,33792000,9,33804000,7,33791000,6,33805000,11,33790000,18,33806000,10,33789000,23,33807000,12,33788000,9,33808000,11
33796000,4,33799000,3,33795000,6,33800000,7,33794000,5,33801000,7,33793000,6,33802000,5,33792000,11,33803000,10,33791000,8,33804000,9,33790000,20,33805000,10,33789000,23,33806000,11,33788000,8,33807000,13,33787000,9,33808000,11
33796000,3,33799000,6,33795000,8,33800000,4,33794000,8,33801000,6,33793000,6,33802000,5,33792000,14,33803000,10,33791000,8,33804000,8,33790000,19,33805000,10,33789000,23,33806000,11,33788000,8,33807000,13,33787000,9,33808000,11
33793000,2,33794000,2,33792000,8,33795000,3,33791000,7,33796000,9,33790000,16,33797000,3,33789000,20,33798000,8,33788000,4,33799000,10,33787000,8,33800000,9,33786000,11,33801000,11,33785000,8,33802000,9,33784000,9,33803000,13
33795000,1,33796000,9,33794000,11,33797000,3,33792000,4,33798000,6,33791000,8,33799000,9,33790000,16,33800000,9,33789000,21,33801000,11,33788000,9,33802000,8,33787000,8,33803000,13,33786000,11,33804000,11,33785000,8,33805000,11
33794000,13,33796000,1,33793000,1,33797000,3,33792000,5,33798000,5,33791000,8,33799000,9,33790000,16,33800000,8,33789000,22,33801000,11,33788000,10,33802000,8,33787000,8,33803000,13,33786000,11,33804000,12,33785000,8,33805000,11
33798000,2,33799000,3,33797000,5,33800000,4,33796000,6,33801000,10,33795000,6,33802000,6,33794000,7,33803000,8,33793000,5,33804000,9,33792000,9,33805000,10,33791000,31,33806000,12,33790000,19,33807000,12,33789000,23,33808000,11
33800000,4,33802000,2,33799000,5,33803000,5,33798000,6,33804000,8,33797000,7,33805000,8,33796000,8,33806000,7,33795000,7,33807000,11,33794000,9,33808000,11,33793000,8,33809000,10,33792000,12,33810000,14,33791000,31,33811000,7
33803000,1,33805000,7,33802000,4,33806000,5,33801000,5,33807000,9,33800000,6,33808000,9,33799000,7,33809000,8,33798000,7,33810000,13,33797000,8,33811000,7,33796000,11,33812000,9,33795000,10,33813000,13,33794000,10,33814000,12
33800000,3,33802000,3,33799000,7,33803000,7,33798000,7,33804000,6,33797000,9,33805000,4,33796000,9,33806000,8,33795000,8,33807000,10,33794000,9,33808000,9,33793000,10,33809000,10,33792000,15,33810000,15,33791000,32,33811000,9
33803000,1,33805000,4,33802000,4,33806000,5,33801000,4,33807000,8,33800000,7,33808000,9,33799000,7,33809000,10,33798000,8,33810000,13,33797000,10,33811000,8,33796000,12,33812000,10,33795000,10,33813000,13,33794000,11,33814000,11
33801000,26,33803000,9,33800000,4,33804000,5,33799000,7,33805000,6,33798000,8,33806000,5,33797000,10,33807000,8,33796000,10,33808000,8,33795000,9,33809000,9,33794000,12,33810000,16,33793000,10,33811000,10,33792000,13,33812000,10
33798000,2,33799000,1,33797000,5,33800000,7,33796000,8,33801000,3,33795000,8,33802000,6,33794000,6,33803000,8,33793000,8,33804000,7,33792000,14,33805000,9,33791000,10,33806000,9,33790000,18,33807000,10,33789000,24,33808000,12
33795000,1,33797000,5,33794000,4,33798000,5,33793000,7,33799000,6,33792000,8,33800000,12,33791000,7,33801000,8,33790000,16,33802000,7,33789000,23,33803000,9,33788000,10,33804000,10,33787000,8,33805000,9,33786000,11,33806000,11
33792000,4,33794000,5,33791000,5,33795000,5,33790000,15,33796000,6,33789000,19,33797000,5,33788000,5,33798000,7,33787000,6,33799000,8,33786000,10,33800000,16,33785000,9,33801000,10,33784000,11,33802000,11,33783000,8,33803000,11
33793000,2,33795000,4,33792000,4,33796000,6,33791000,6,33797000,6,33790000,13,33798000,7,33789000,19,33799000,9,33788000,6,33800000,14,33787000,9,33801000,9,33786000,11,33802000,11,33785000,9,33803000,12,33784000,11,33804000,11
33797000,1,33798000,1,33796000,4,33799000,6,33795000,4,33800000,12,33794000,8,33801000,9,33793000,9,33802000,8,33792000,7,33803000,9,33791000,11,33804000,10,33790000,17,33805000,10,33789000,24,33806000,12,33788000,10,33807000,10
33801000,6,33802000,4,33800000,4,33803000,8,33799000,8,33804000,7,33798000,5,33805000,8,33797000,5,33806000,11,33796000,6,33807000,11,33795000,3,33808000,13,33794000,8,33809000,11,33793000,10,33810000,17,33792000,13,33811000,8
33801000,6,33802000,4,33800000,4,33803000,8,33799000,8,33804000,7,33798000,5,33805000,8,33797000,5,33806000,11,33796000,6,33807000,11,33795000,3,33808000,13,33794000,8,33809000,11,33793000,10,33810000,17,33792000,13,33811000,8
33802000,2,33805000,5,33801000,2,33806000,10,33800000,6,33807000,11,33799000,12,33808000,12,33798000,5,33809000,11,33797000,4,33810000,18,33796000,5,33811000,8,33795000,3,33812000,10,33794000,8,33813000,13,33793000,11,33814000,12
33804000,1,33805000,2,33803000,2,33806000,5,33802000,8,33807000,10,33801000,2,33808000,10,33800000,8,33809000,9,33799000,12,33810000,18,33798000,5,33811000,7,33797000,5,33812000,8,33796000,5,33813000,11,33795000,5,33814000,13
33806000,4,33808000,3,33805000,5,33809000,5,33804000,4,33810000,13,33803000,7,33811000,8,33802000,7,33812000,9,33801000,6,33813000,10,33800000,15,33814000,13,33799000,18,33815000,16,33798000,13,33816000,16,33797000,10,33817000,5
33804000,3,33805000,1,33803000,6,33806000,2,33802000,7,33807000,5,33801000,7,33808000,8,33800000,12,33809000,5,33799000,15,33810000,14,33798000,11,33811000,8,33797000,10,33812000,13,33796000,10,33813000,12,33795000,9,33814000,14
33806000,2,33808000,2,33805000,4,33809000,4,33804000,5,33810000,12,33803000,6,33811000,9,33802000,6,33812000,10,33801000,7,33813000,10,33800000,15,33814000,13,33799000,18,33815000,16,33798000,13,33816000,16,33797000,9,33817000,6
33810000,1,33811000,1,33809000,5,33812000,5,33808000,6,33813000,7,33807000,7,33814000,9,33806000,7,33815000,15,33805000,6,33816000,16,33804000,6,33817000,7,33803000,8,33818000,15,33802000,11,33819000,16,33801000,11,33820000,28
33813000,2,33815000,9,33812000,6,33816000,10,33811000,7,33817000,7,33810000,7,33818000,12,33809000,6,33819000,12,33808000,6,33820000,27,33807000,9,33821000,15,33806000,12,33822000,12,33805000,10,33823000,9,33804000,11,33824000,11
33815000,3,33817000,2,33814000,12,33818000,3,33813000,7,33819000,10,33812000,8,33820000,25,33811000,6,33821000,13,33810000,10,33822000,11,33809000,10,33823000,9,33808000,10,33824000,11,33807000,12,33825000,11,33806000,11,33826000,12
33813000,1,33815000,5,33812000,5,33816000,8,33811000,5,33817000,9,33810000,8,33818000,7,33809000,6,33819000,13,33808000,6,33820000,26,33807000,11,33821000,15,33806000,11,33822000,14,33805000,11,33823000,11,33804000,12,33824000,11
33812000,1,33814000,2,33811000,5,33815000,4,33810000,8,33816000,5,33809000,7,33817000,5,33808000,6,33818000,6,33807000,10,33819000,13,33806000,8,33820000,26,33805000,12,33821000,16,33804000,12,33822000,13,33803000,7,33823000,11
33817000,1,33818000,4,33816000,5,33819000,10,33815000,4,33820000,24,33814000,6,33821000,11,33813000,5,33822000,11,33812000,6,33823000,9,33811000,4,33824000,11,33810000,8,33825000,10,33809000,10,33826000,11,33808000,10,33827000,4
33814000,4,33816000,2,33813000,7,33817000,5,33812000,7,33818000,7,33811000,7,33819000,10,33810000,10,33820000,19,33809000,8,33821000,11,33808000,10,33822000,12,33807000,13,33823000,11,33806000,12,33824000,13,33805000,11,33825000,10
33810000,4,33812000,4,33809000,5,33813000,4,33808000,9,33814000,4,33807000,9,33815000,7,33806000,7,33816000,5,33805000,10,33817000,6,33804000,12,33818000,10,33803000,8,33819000,17,33802000,11,33820000,23,33801000,15,33821000,16
33811000,1,33813000,3,33810000,6,33814000,3,33809000,5,33815000,7,33808000,7,33816000,5,33807000,9,33817000,7,33806000,8,33818000,11,33805000,10,33819000,16,33804000,13,33820000,23,33803000,8,33821000,16,33802000,11,33822000,15
33814000,3,33816000,3,33813000,5,33817000,4,33812000,3,33818000,9,33811000,9,33819000,14,33810000,5,33820000,19,33809000,7,33821000,15,33808000,11,33822000,15,33807000,13,33823000,11,33806000,12,33824000,12,33805000,12,33825000,11
33813000,1,33814000,3,33812000,2,33815000,5,33811000,6,33816000,3,33810000,5,33817000,4,33809000,7,33818000,4,33808000,7,33819000,25,33807000,12,33820000,20,33806000,10,33821000,9,33805000,12,33822000,14,33804000,13,33823000,11
33814000,8,33816000,2,33813000,6,33817000,5,33812000,6,33818000,6,33811000,4,33819000,25,33810000,6,33820000,20,33809000,7,33821000,10,33808000,8,33822000,13,33807000,12,33823000,11,33806000,11,33824000,13,33805000,12,33825000,10
33813000,3,33815000,1,33812000,6,33816000,6,33811000,5,33817000,4,33810000,6,33818000,9,33809000,7,33819000,27,33808000,8,33820000,19,33807000,13,33821000,9,33806000,12,33822000,15,33805000,12,33823000,11,33804000,12,33824000,13
33814000,4,33816000,4,33813000,6,33817000,4,33812000,6,33818000,8,33811000,6,33819000,27,33810000,7,33820000,20,33809000,6,33821000,8,33808000,8,33822000,13,33807000,14,33823000,11,33806000,12,33824000,13,33805000,12,33825000,10
33818000,4,33819000,17,33817000,8,33820000,17,33816000,7,33821000,5,33815000,7,33822000,11,33814000,8,33823000,8,33813000,7,33824000,10,33812000,9,33825000,8,33811000,7,33826000,16,33810000,11,33827000,6,33809000,11,33828000,13
33816000,1,33817000,3,33815000,6,33818000,7,33814000,9,33819000,15,33813000,7,33820000,17,33812000,9,33821000,6,33811000,7,33822000,9,33810000,10,33823000,8,33809000,11,33824000,13,33808000,10,33825000,10,33807000,14,33826000,16
33812000,6,33813000,1,33811000,5,33814000,3,33810000,8,33815000,5,33809000,7,33816000,6,33808000,6,33817000,6,33807000,14,33818000,7,33806000,13,33819000,9,33805000,12,33820000,19,33804000,14,33821000,10,33803000,8,33822000,13
33814000,4,33816000,3,33813000,5,33817000,6,33812000,8,33818000,6,33811000,6,33819000,11,33810000,7,33820000,18,33809000,7,33821000,8,33808000,8,33822000,12,33807000,15,33823000,11,33806000,14,33824000,13,33805000,12,33825000,10
33812000,3,33814000,4,33811000,6,33815000,5,33810000,8,33816000,5,33809000,7,33817000,4,33808000,6,33818000,10,33807000,11,33819000,14,33806000,12,33820000,22,33805000,12,33821000,12,33804000,13,33822000,15,33803000,9,33823000,11
33809000,1,33811000,4,33808000,5,33812000,5,33807000,8,33813000,5,33806000,10,33814000,8,33805000,8,33815000,7,33804000,10,33816000,8,33803000,8,33817000,6,33802000,11,33818000,13,33801000,13,33819000,16,33800000,19,33820000,31
33806000,2,33808000,4,33805000,5,33809000,5,33804000,9,33810000,6,33803000,9,33811000,6,33802000,9,33812000,6,33801000,11,33813000,10,33800000,17,33814000,10,33799000,18,33815000,10,33798000,17,33816000,12,33797000,8,33817000,8
33803000,4,33805000,6,33802000,6,33806000,5,33801000,6,33807000,7,33800000,20,33808000,4,33799000,15,33809000,11,33798000,14,33810000,8,33797000,9,33811000,6,33796000,10,33812000,10,33795000,8,33813000,10,33794000,14,33814000,12
33805000,1,33806000,2,33804000,4,33807000,6,33803000,5,33808000,6,33802000,6,33809000,12,33801000,7,33810000,9,33800000,16,33811000,4,33799000,14,33812000,10,33798000,14,33813000,11,33797000,11,33814000,13,33796000,12,33815000,9
33802000,1,33803000,1,33801000,6,33804000,2,33800000,15,33805000,3,33799000,14,33806000,4,33798000,15,33807000,7,33797000,8,33808000,6,33796000,10,33809000,11,33795000,8,33810000,10,33794000,13,33811000,8,33793000,10,33812000,11
33806000,10,33807000,5,33804000,4,33808000,5,33803000,4,33809000,10,33802000,4,33810000,9,33801000,6,33811000,4,33800000,15,33812000,9,33799000,15,33813000,10,33798000,14,33814000,13,33797000,11,33815000,10,33796000,12,33816000,13
33809000,3,33811000,3,33808000,4,33812000,4,33807000,5,33813000,8,33806000,6,33814000,9,33805000,6,33815000,9,33804000,4,33816000,11,33803000,5,33817000,8,33802000,10,33818000,14,33801000,10,33819000,16,33800000,19,33820000,30
33811000,3,33813000,2,33810000,4,33814000,7,33809000,8,33815000,7,33808000,6,33816000,12,33807000,7,33817000,8,33806000,5,33818000,11,33805000,7,33819000,14,33804000,9,33820000,31,33803000,7,33821000,12,33802000,10,33822000,16
33816000,2,33817000,1,33815000,4,33818000,5,33814000,4,33819000,14,33813000,4,33820000,28,33812000,6,33821000,9,33811000,10,33822000,12,33810000,7,33823000,9,33809000,10,33824000,13,33808000,10,33825000,11,33807000,9,33826000,10
33813000,1,33814000,2,33812000,5,33815000,6,33811000,6,33816000,6,33810000,6,33817000,8,33809000,5,33818000,7,33808000,5,33819000,15,33807000,11,33820000,31,33806000,9,33821000,11,33805000,10,33822000,15,33804000,10,33823000,11
33814000,4,33816000,2,33813000,6,33817000,6,33812000,5,33818000,8,33811000,7,33819000,13,33810000,6,33820000,30,33809000,7,33821000,10,33808000,8,33822000,15,33807000,11,33823000,11,33806000,9,33824000,13,33805000,10,33825000,14
33813000,3,33815000,2,33812000,5,33816000,6,33811000,6,33817000,5,33810000,7,33818000,6,33809000,16,33819000,13,33808000,7,33820000,29,33807000,10,33821000,11,33806000,9,33822000,14,33805000,10,33823000,12,33804000,10,33824000,13
33810000,1,33812000,4,33809000,6,33813000,5,33808000,5,33814000,5,33807000,9,33815000,6,33806000,7,33816000,7,33805000,13,33817000,7,33804000,10,33818000,11,33803000,12,33819000,15,33802000,11,33820000,33,33801000,11,33821000,12
33810000,1,33812000,4,33809000,7,33813000,5,33808000,5,33814000,6,33807000,6,33815000,7,33806000,5,33816000,9,33805000,11,33817000,8,33804000,10,33818000,9,33803000,12,33819000,14,33802000,11,33820000,31,33801000,11,33821000,12
33810000,4,33812000,2,33809000,7,33813000,5,33808000,5,33814000,6,33807000,7,33815000,6,33806000,5,33816000,9,33805000,11,33817000,8,33804000,10,33818000,9,33803000,12,33819000,14,33802000,11,33820000,31,33801000,11,33821000,12
33811000,4,33813000,3,33810000,6,33814000,8,33809000,5,33815000,10,33808000,6,33816000,11,33807000,6,33817000,6,33806000,5,33818000,8,33805000,13,33819000,13,33804000,11,33820000,31,33803000,11,33821000,12,33802000,11,33822000,15
33810000,1,33811000,2,33809000,3,33812000,3,33808000,5,33813000,7,33807000,6,33814000,9,33806000,7,33815000,10,33805000,9,33816000,10,33804000,10,33817000,8,33803000,7,33818000,12,33802000,11,33819000,13,33801000,10,33820000,31
33809000,1,33810000,3,33808000,3,33811000,4,33807000,5,33812000,3,33806000,7,33813000,8,33805000,9,33814000,8,33804000,8,33815000,10,33803000,5,33816000,10,33802000,11,33817000,9,33801000,11,33818000,13,33800000,12,33819000,13
33811000,3,33814000,5,33810000,7,33815000,11,33809000,7,33816000,10,33808000,5,33817000,8,33807000,9,33818000,9,33806000,7,33819000,13,33805000,9,33820000,31,33804000,11,33821000,12,33803000,7,33822000,16,33802000,11,33823000,11
33818000,73,33819000,10,33815000,1,33820000,29,33814000,4,33821000,11,33813000,1,33822000,15,33812000,9,33823000,10,33811000,9,33824000,12,33810000,8,33825000,14,33809000,8,33826000,8,33808000,6,33827000,4,33807000,9,33828000,13
33816000,1,33819000,3,33815000,2,33820000,25,33814000,6,33821000,4,33813000,4,33822000,7,33812000,11,33823000,6,33811000,10,33824000,11,33810000,13,33825000,17,33809000,11,33826000,8,33808000,7,33827000,4,33807000,10,33828000,11
33812000,4,33813000,1,33811000,8,33814000,2,33810000,11,33815000,4,33809000,10,33816000,5,33808000,8,33817000,9,33807000,10,33818000,12,33806000,8,33819000,7,33805000,9,33820000,28,33804000,10,33821000,9,33803000,6,33822000,13
33812000,2,33814000,4,33811000,3,33815000,8,33810000,9,33816000,5,33809000,8,33817000,7,33808000,5,33818000,11,33807000,11,33819000,8,33806000,11,33820000,33,33805000,9,33821000,10,33804000,10,33822000,13,33803000,7,33823000,8
33813000,3,33814000,2,33812000,4,33815000,10,33811000,3,33816000,4,33810000,10,33817000,5,33809000,8,33818000,11,33808000,6,33819000,10,33807000,11,33820000,30,33806000,12,33821000,10,33805000,9,33822000,13,33804000,10,33823000,8
33813000,3,33815000,10,33812000,4,33816000,4,33811000,7,33817000,7,33810000,7,33818000,11,33809000,10,33819000,10,33808000,6,33820000,29,33807000,11,33821000,10,33806000,12,33822000,13,33805000,11,33823000,8,33804000,10,33824000,12
33807000,4,33809000,3,33806000,5,33810000,5,33805000,8,33811000,7,33804000,8,33812000,9,33803000,8,33813000,7,33802000,10,33814000,12,33801000,9,33815000,15,33800000,14,33816000,12,33799000,11,33817000,11,33798000,16,33818000,18
33804000,5,33806000,4,33803000,6,33807000,5,33802000,9,33808000,6,33801000,8,33809000,7,33800000,11,33810000,7,33799000,9,33811000,10,33798000,16,33812000,9,33797000,11,33813000,10,33796000,14,33814000,13,33795000,14,33815000,17
33800000,1,33801000,2,33799000,2,33802000,4,33798000,14,33803000,7,33797000,7,33804000,7,33796000,10,33805000,3,33795000,11,33806000,7,33794000,12,33807000,7,33793000,9,33808000,10,33792000,16,33809000,11,33791000,9,33810000,11
33798000,3,33799000,1,33797000,3,33800000,6,33796000,8,33801000,5,33795000,9,33802000,6,33794000,10,33803000,7,33793000,8,33804000,4,33792000,15,33805000,7,33791000,11,33806000,8,33790000,20,33807000,10,33789000,25,33808000,10
33795000,3,33797000,3,33794000,5,33798000,6,33793000,4,33799000,4,33792000,10,33800000,8,33791000,9,33801000,6,33790000,19,33802000,6,33789000,21,33803000,10,33788000,13,33804000,9,33787000,11,33805000,8,33786000,11,33806000,11
33796000,2,33798000,2,33795000,5,33799000,4,33794000,5,33800000,7,33793000,7,33801000,5,33792000,10,33802000,5,33791000,8,33803000,9,33790000,19,33804000,9,33789000,22,33805000,8,33788000,12,33806000,11,33787000,11,33807000,12
33796000,4,33799000,4,33795000,5,33800000,6,33794000,5,33801000,4,33793000,7,33802000,5,33792000,10,33803000,9,33791000,8,33804000,7,33790000,20,33805000,8,33789000,22,33806000,11,33788000,12,33807000,12,33787000,11,33808000,9
33794000,1,33795000,1,33793000,5,33796000,5,33792000,8,33797000,3,33791000,16,33798000,4,33790000,18,33799000,6,33789000,19,33800000,12,33788000,11,33801000,8,33787000,11,33802000,13,33786000,12,33803000,13,33785000,6,33804000,9
33794000,1,33795000,1,33793000,2,33796000,5,33792000,4,33797000,3,33791000,15,33798000,6,33790000,18,33799000,7,33789000,19,33800000,12,33788000,8,33801000,11,33787000,11,33802000,13,33786000,12,33803000,14,33785000,7,33804000,10
33793000,1,33795000,3,33792000,6,33796000,6,33791000,15,33797000,5,33790000,19,33798000,4,33789000,19,33799000,6,33788000,9,33800000,13,33787000,9,33801000,9,33786000,12,33802000,11,33785000,8,33803000,14,33784000,9,33804000,11
33789000,11,33790000,3,33788000,3,33791000,7,33787000,6,33792000,6,33786000,9,33793000,10,33785000,8,33794000,7,33784000,9,33795000,8,33783000,8,33796000,11,33782000,10,33797000,12,33781000,8,33798000,13,33780000,10,33799000,10
33787000,4,33789000,3,33786000,5,33790000,5,33785000,8,33791000,8,33784000,8,33792000,8,33783000,9,33793000,10,33782000,8,33794000,9,33781000,8,33795000,10,33780000,11,33796000,15,33779000,10,33797000,11,33778000,9,33798000,14
33787000,4,33789000,3,33786000,5,33790000,5,33785000,8,33791000,8,33784000,8,33792000,8,33783000,9,33793000,10,33782000,8,33794000,9,33781000,8,33795000,10,33780000,11,33796000,15,33779000,10,33797000,11,33778000,9,33798000,14
33784000,5,33786000,1,33783000,6,33787000,4,33782000,7,33788000,6,33781000,7,33789000,8,33780000,10,33790000,8,33779000,7,33791000,10,33778000,10,33792000,13,33777000,13,33793000,14,33776000,9,33794000,11,33775000,7,33795000,12
33783000,1,33784000,1,33782000,7,33785000,5,33781000,8,33786000,7,33780000,11,33787000,4,33779000,10,33788000,5,33778000,8,33789000,7,33777000,12,33790000,12,33776000,10,33791000,13,33775000,10,33792000,12,33774000,11,33793000,13
33783000,4,33785000,1,33782000,4,33786000,4,33781000,6,33787000,5,33780000,7,33788000,6,33779000,9,33789000,8,33778000,8,33790000,13,33777000,15,33791000,12,33776000,12,33792000,13,33775000,9,33793000,16,33774000,11,33794000,11
33785000,3,33786000,1,33784000,7,33787000,4,33783000,5,33788000,7,33782000,5,33789000,8,33781000,7,33790000,11,33780000,7,33791000,12,33779000,9,33792000,13,33778000,11,33793000,16,33777000,17,33794000,12,33776000,12,33795000,9
33787000,2,33788000,1,33786000,4,33789000,4,33785000,3,33790000,5,33784000,3,33791000,10,33783000,6,33792000,10,33782000,8,33793000,12,33781000,7,33794000,12,33780000,12,33795000,10,33779000,12,33796000,14,33778000,12,33797000,15
33790000,1,33791000,1,33789000,5,33792000,7,33788000,11,33793000,9,33787000,3,33794000,9,33786000,4,33795000,9,33785000,6,33796000,10,33784000,6,33797000,16,33783000,8,33798000,15,33782000,12,33799000,9,33781000,11,33800000,14
33792000,4,33794000,2,33791000,5,33795000,6,33790000,5,33796000,10,33789000,4,33797000,13,33788000,12,33798000,12,33787000,4,33799000,8,33786000,5,33800000,15,33785000,9,33801000,14,33784000,10,33802000,11,33783000,8,33803000,10
33791000,7,33792000,23,33790000,8,33795000,2,33789000,6,33796000,8,33788000,15,33797000,11,33787000,6,33798000,8,33786000,9,33799000,6,33785000,8,33800000,14,33784000,10,33801000,9,33783000,9,33802000,8,33782000,12,33803000,11
33792000,2,33794000,5,33791000,4,33795000,7,33790000,6,33796000,10,33789000,5,33797000,13,33788000,12,33798000,9,33787000,6,33799000,9,33786000,6,33800000,25,33785000,9,33801000,14,33784000,10,33802000,11,33783000,15,33803000,11
33790000,6,33791000,1,33789000,4,33792000,6,33788000,11,33793000,17,33787000,6,33794000,5,33786000,6,33795000,5,33785000,7,33796000,8,33784000,14,33797000,15,33783000,10,33798000,12,33782000,14,33799000,10,33781000,10,33800000,26
33788000,11,33789000,2,33787000,4,33790000,6,33786000,3,33791000,6,33785000,7,33792000,5,33784000,7,33793000,19,33783000,9,33794000,6,33782000,13,33795000,7,33781000,11,33796000,12,33780000,18,33797000,15,33779000,11,33798000,13
33785000,2,33786000,1,33784000,3,33787000,4,33783000,6,33788000,5,33782000,8,33789000,5,33781000,9,33790000,5,33780000,16,33791000,7,33779000,11,33792000,7,33778000,13,33793000,22,33777000,15,33794000,10,33776000,12,33795000,9
33786000,1,33788000,4,33785000,6,33789000,7,33784000,5,33790000,6,33783000,6,33791000,9,33782000,8,33792000,5,33781000,8,33793000,20,33780000,10,33794000,10,33779000,12,33795000,10,33778000,13,33796000,14,33777000,15,33797000,16
33785000,1,33786000,5,33784000,2,33787000,3,33783000,5,33788000,4,33782000,7,33789000,9,33781000,7,33790000,4,33780000,10,33791000,9,33779000,11,33792000,8,33778000,13,33793000,22,33777000,15,33794000,12,33776000,14,33795000,9
33780000,5,33782000,1,33779000,9,33783000,5,33778000,9,33784000,4,33777000,12,33785000,2,33776000,11,33786000,6,33775000,18,33787000,4,33774000,11,33788000,7,33773000,9,33789000,11,33772000,9,33790000,8,33771000,17,33791000,11
33780000,5,33783000,6,33779000,7,33784000,4,33778000,7,33785000,2,33777000,12,33786000,6,33776000,15,33787000,5,33775000,12,33788000,6,33774000,10,33789000,8,33773000,10,33790000,9,33772000,10,33791000,12,33771000,17,33792000,10
33780000,4,33783000,4,33779000,7,33784000,4,33778000,7,33785000,2,33777000,12,33786000,6,33776000,15,33787000,5,33775000,12,33788000,6,33774000,10,33789000,8,33773000,10,33790000,9,33772000,10,33791000,12,33771000,17,33792000,10
33778000,1,33780000,3,33777000,8,33781000,6,33776000,10,33782000,5,33775000,8,33783000,5,33774000,7,33784000,8,33773000,8,33785000,6,33772000,8,33786000,7,33771000,14,33787000,6,33770000,22,33788000,10,33769000,12,33789000,10
33787000,3,33788000,2,33786000,5,33789000,5,33785000,5,33790000,4,33784000,4,33791000,7,33783000,5,33792000,5,33782000,6,33793000,21,33781000,8,33794000,10,33780000,10,33795000,9,33779000,11,33796000,14,33778000,10,33797000,17
33781000,1,33783000,5,33780000,4,33784000,5,33779000,6,33785000,4,33778000,6,33786000,4,33777000,11,33787000,5,33776000,11,33788000,5,33775000,10,33789000,6,33774000,13,33790000,8,33773000,10,33791000,12,33772000,9,33792000,10
33778000,2,33780000,2,33777000,7,33781000,4,33776000,8,33782000,4,33775000,9,33783000,5,33774000,8,33784000,7,33773000,10,33785000,5,33772000,8,33786000,8,33771000,14,33787000,8,33770000,18,33788000,10,33769000,11,33789000,9
33775000,1,33777000,4,33774000,6,33778000,5,33773000,9,33779000,4,33772000,8,33780000,4,33771000,13,33781000,6,33770000,13,33782000,6,33769000,11,33783000,6,33768000,14,33784000,11,33767000,13,33785000,8,33766000,9,33786000,10
33778000,2,33780000,4,33777000,4,33781000,4,33776000,7,33782000,4,33775000,5,33783000,7,33774000,6,33784000,7,33773000,10,33785000,6,33772000,12,33786000,8,33771000,16,33787000,9,33770000,16,33788000,10,33769000,12,33789000,9
33775000,1,33777000,3,33774000,3,33778000,5,33773000,9,33779000,4,33772000,8,33780000,6,33771000,14,33781000,5,33770000,12,33782000,6,33769000,13,33783000,8,33768000,15,33784000,9,33767000,14,33785000,9,33766000,14,33786000,11
33772000,2,33773000,5,33771000,12,33774000,3,33770000,12,33775000,7,33769000,11,33776000,7,33768000,10,33777000,5,33767000,10,33778000,5,33766000,9,33779000,8,33765000,8,33780000,10,33764000,12,33781000,9,33763000,7,33782000,9
33772000,1,33774000,3,33771000,11,33775000,6,33770000,10,33776000,5,33769000,10,33777000,8,33768000,11,33778000,4,33767000,12,33779000,8,33766000,5,33780000,10,33765000,8,33781000,9,33764000,12,33782000,10,33763000,8,33783000,11
33771000,6,33772000,2,33770000,8,33773000,4,33769000,10,33774000,5,33768000,11,33775000,7,33767000,12,33776000,9,33766000,6,33777000,8,33765000,7,33778000,7,33764000,12,33779000,11,33763000,8,33780000,12,33762000,12,33781000,10
33768000,4,33770000,2,33767000,10,33771000,3,33766000,5,33772000,4,33765000,7,33773000,6,33764000,10,33774000,8,33763000,6,33775000,10,33762000,12,33776000,9,33761000,7,33777000,9,33760000,43,33778000,10,33759000,15,33779000,12
33766000,2,33768000,3,33765000,4,33769000,4,33764000,8,33770000,10,33763000,8,33771000,7,33762000,8,33772000,9,33761000,6,33773000,11,33760000,41,33774000,11,33759000,11,33775000,11,33758000,12,33776000,12,33757000,8,33777000,11
33767000,3,33769000,1,33766000,6,33770000,4,33765000,6,33771000,6,33764000,8,33772000,6,33763000,8,33773000,11,33762000,8,33774000,11,33761000,8,33775000,10,33760000,41,33776000,12,33759000,11,33777000,11,33758000,12,33778000,12
33771000,3,33772000,1,33770000,4,33773000,4,33769000,5,33774000,6,33768000,7,33775000,10,33767000,5,33776000,9,33766000,7,33777000,9,33765000,7,33778000,12,33764000,14,33779000,12,33763000,10,33780000,13,33762000,14,33781000,10
33769000,2,33771000,4,33768000,5,33772000,4,33767000,4,33773000,5,33766000,8,33774000,6,33765000,7,33775000,9,33764000,10,33776000,10,33763000,10,33777000,9,33762000,14,33778000,13,33761000,9,33779000,12,33760000,42,33780000,12
33766000,2,33767000,1,33765000,6,33768000,5,33764000,7,33769000,7,33763000,8,33770000,5,33762000,9,33771000,3,33761000,8,33772000,6,33760000,44,33773000,6,33759000,11,33774000,9,33758000,12,33775000,11,33757000,7,33776000,13
33765000,3,33767000,1,33764000,6,33768000,4,33763000,8,33769000,7,33762000,9,33770000,5,33761000,7,33771000,4,33760000,42,33772000,8,33759000,10,33773000,7,33758000,13,33774000,10,33757000,8,33775000,12,33756000,17,33776000,13
33772000,2,33773000,3,33770000,2,33774000,5,33769000,1,33775000,9,33768000,3,33776000,12,33767000,4,33777000,10,33766000,10,33778000,11,33765000,9,33779000,11,33764000,8,33780000,11,33763000,9,33781000,10,33762000,14,33782000,10
33774000,8,33775000,1,33773000,4,33776000,6,33772000,4,33777000,7,33771000,4,33778000,8,33770000,6,33779000,12,33769000,6,33780000,10,33768000,10,33781000,10,33767000,10,33782000,11,33766000,15,33783000,11,33765000,12,33784000,10
33772000,2,33774000,2,33771000,5,33775000,6,33770000,5,33776000,7,33769000,5,33777000,6,33768000,10,33778000,9,33767000,8,33779000,10,33766000,14,33780000,12,33765000,12,33781000,10,33764000,13,33782000,11,33763000,10,33783000,11
33772000,4,33775000,3,33771000,5,33776000,6,33770000,7,33777000,5,33769000,6,33778000,8,33768000,11,33779000,12,33767000,7,33780000,13,33766000,13,33781000,10,33765000,11,33782000,11,33764000,13,33783000,10,33763000,10,33784000,12
33776000,6,33778000,3,33775000,2,33779000,8,33774000,2,33780000,12,33773000,8,33781000,8,33772000,7,33782000,13,33771000,8,33783000,8,33770000,12,33784000,11,33769000,13,33785000,10,33768000,13,33786000,13,33767000,10,33787000,5
33776000,3,33777000,2,33775000,1,33778000,6,33774000,4,33779000,8,33773000,7,33780000,8,33772000,8,33781000,8,33771000,10,33782000,12,33770000,12,33783000,9,33769000,13,33784000,14,33768000,12,33785000,9,33767000,10,33786000,13
33778000,2,33780000,3,33777000,5,33781000,7,33776000,6,33782000,11,33775000,2,33783000,9,33774000,5,33784000,13,33773000,10,33785000,8,33772000,10,33786000,12,33771000,11,33787000,7,33770000,12,33788000,11,33769000,13,33789000,10
33777000,1,33779000,3,33776000,7,33780000,4,33775000,3,33781000,6,33774000,5,33782000,11,33773000,10,33783000,9,33772000,10,33784000,12,33771000,12,33785000,10,33770000,13,33786000,13,33769000,12,33787000,7,33768000,12,33788000,11
33777000,1,33779000,5,33776000,4,33780000,4,33775000,3,33781000,7,33774000,5,33782000,10,33773000,7,33783000,10,33772000,9,33784000,12,33771000,10,33785000,10,33770000,13,33786000,13,33769000,12,33787000,7,33768000,12,33788000,11
33776000,6,33779000,5,33775000,8,33780000,4,33774000,7,33781000,5,33773000,10,33782000,10,33772000,9,33783000,9,33771000,11,33784000,11,33770000,12,33785000,10,33769000,12,33786000,14,33768000,12,33787000,7,33767000,9,33788000,11
33776000,11,33778000,1,33775000,6,33779000,4,33774000,7,33780000,6,33773000,10,33781000,7,33772000,8,33782000,10,33771000,11,33783000,9,33770000,11,33784000,11,33769000,12,33785000,11,33768000,12,33786000,13,33767000,9,33787000,7
33783000,1,33784000,3,33782000,4,33785000,7,33781000,6,33786000,11,33780000,5,33787000,6,33779000,12,33788000,10,33778000,4,33789000,7,33777000,6,33790000,10,33776000,16,33791000,18,33775000,9,33792000,11,33774000,14,33793000,22
33780000,3,33782000,1,33779000,10,33783000,5,33778000,3,33784000,8,33777000,5,33785000,7,33776000,12,33786000,11,33775000,9,33787000,6,33774000,14,33788000,11,33773000,12,33789000,8,33772000,12,33790000,11,33771000,13,33791000,18
33783000,1,33784000,4,33782000,5,33785000,7,33781000,6,33786000,12,33780000,5,33787000,7,33779000,11,33788000,10,33778000,4,33789000,7,33777000,6,33790000,10,33776000,14,33791000,18,33775000,9,33792000,12,33774000,14,33793000,22
33780000,3,33782000,2,33779000,11,33783000,4,33778000,3,33784000,5,33777000,5,33785000,5,33776000,13,33786000,10,33775000,8,33787000,7,33774000,13,33788000,10,33773000,13,33789000,10,33772000,12,33790000,11,33771000,12,33791000,18
33778000,3,33780000,1,33777000,5,33781000,6,33776000,10,33782000,6,33775000,5,33783000,4,33774000,8,33784000,7,33773000,11,33785000,9,33772000,12,33786000,11,33771000,13,33787000,9,33770000,14,33788000,13,33769000,13,33789000,11
33780000,5,33782000,3,33779000,4,33783000,3,33778000,5,33784000,7,33777000,6,33785000,9,33776000,12,33786000,9,33775000,6,33787000,8,33774000,10,33788000,13,33773000,11,33789000,11,33772000,12,33790000,11,33771000,13,33791000,17
33778000,1,33780000,3,33777000,6,33781000,5,33776000,10,33782000,5,33775000,6,33783000,6,33774000,10,33784000,6,33773000,11,33785000,8,33772000,11,33786000,10,33771000,14,33787000,9,33770000,14,33788000,13,33769000,12,33789000,11
33777000,3,33780000,4,33776000,10,33781000,7,33775000,6,33782000,7,33774000,9,33783000,7,33773000,10,33784000,8,33772000,9,33785000,8,33771000,11,33786000,12,33770000,14,33787000,9,33769000,13,33788000,13,33768000,13,33789000,11
33776000,10,33778000,5,33775000,3,33779000,7,33774000,8,33780000,5,33773000,10,33781000,7,33772000,8,33782000,9,33771000,11,33783000,7,33770000,13,33784000,8,33769000,14,33785000,9,33768000,13,33786000,13,33767000,9,33787000,9
33779000,4,33781000,1,33778000,13,33782000,6,33777000,1,33783000,5,33776000,4,33784000,7,33775000,5,33785000,7,33774000,7,33786000,9,33773000,12,33787000,8,33772000,12,33788000,13,33771000,14,33789000,11,33770000,16,33790000,11
33777000,1,33778000,2,33776000,3,33779000,5,33775000,5,33780000,4,33774000,5,33781000,6,33773000,11,33782000,9,33772000,11,33783000,5,33771000,16,33784000,7,33770000,16,33785000,8,33769000,13,33786000,13,33768000,12,33787000,9
33773000,4,33775000,1,33772000,5,33776000,6,33771000,12,33777000,4,33770000,12,33778000,7,33769000,10,33779000,8,33768000,13,33780000,8,33767000,8,33781000,10,33766000,15,33782000,13,33765000,12,33783000,10,33764000,13,33784000,10
33771000,1,33773000,4,33770000,5,33774000,7,33769000,4,33775000,4,33768000,12,33776000,5,33767000,7,33777000,7,33766000,14,33778000,10,33765000,13,33779000,11,33764000,13,33780000,10,33763000,11,33781000,12,33762000,13,33782000,13
33772000,2,33773000,2,33771000,5,33774000,5,33770000,6,33775000,3,33769000,3,33776000,6,33768000,11,33777000,7,33767000,9,33778000,10,33766000,13,33779000,11,33765000,13,33780000,11,33764000,13,33781000,12,33763000,11,33782000,13
33774000,1,33776000,4,33773000,4,33777000,5,33772000,5,33778000,9,33771000,5,33779000,10,33770000,5,33780000,9,33769000,4,33781000,9,33768000,14,33782000,11,33767000,13,33783000,11,33766000,16,33784000,11,33765000,14,33785000,9
33772000,3,33773000,5,33771000,3,33774000,5,33770000,4,33775000,6,33769000,6,33776000,5,33768000,10,33777000,7,33767000,9,33778000,10,33766000,15,33779000,12,33765000,13,33780000,10,33764000,13,33781000,10,33763000,11,33782000,13
33767000,2,33768000,1,33766000,3,33769000,4,33765000,9,33770000,5,33764000,8,33771000,6,33763000,8,33772000,6,33762000,9,33773000,8,33761000,10,33774000,9,33760000,39,33775000,8,33759000,15,33776000,11,33758000,9,33777000,11
33765000,1,33766000,2,33764000,5,33767000,1,33763000,8,33768000,4,33762000,9,33769000,5,33761000,9,33770000,4,33760000,37,33771000,8,33759000,14,33772000,7,33758000,10,33773000,10,33757000,9,33774000,11,33756000,15,33775000,8
33765000,1,33767000,4,33764000,6,33768000,5,33763000,6,33769000,4,33762000,8,33770000,6,33761000,8,33771000,7,33760000,38,33772000,8,33759000,13,33773000,10,33758000,10,33774000,11,33757000,9,33775000,8,33756000,15,33776000,11
33764000,1,33765000,1,33763000,4,33766000,4,33762000,8,33767000,6,33761000,7,33768000,6,33760000,37,33769000,7,33759000,14,33770000,9,33758000,8,33771000,10,33757000,8,33772000,8,33756000,15,33773000,10,33755000,12,33774000,11
33766000,1,33767000,1,33765000,5,33768000,5,33764000,12,33769000,8,33763000,6,33770000,8,33762000,9,33771000,10,33761000,8,33772000,9,33760000,38,33773000,11,33759000,15,33774000,12,33758000,12,33775000,6,33757000,9,33776000,11
33764000,2,33766000,2,33763000,5,33767000,4,33762000,10,33768000,7,33761000,7,33769000,7,33760000,42,33770000,10,33759000,14,33771000,10,33758000,13,33772000,11,33757000,12,33773000,11,33756000,14,33774000,13,33755000,9,33775000,8
33761000,3,33762000,2,33760000,37,33763000,4,33759000,12,33764000,7,33758000,10,33765000,9,33757000,9,33766000,7,33756000,18,33767000,7,33755000,8,33768000,16,33754000,10,33769000,11,33753000,10,33770000,14,33752000,12,33771000,11
33758000,2,33760000,3,33757000,8,33761000,4,33756000,16,33762000,4,33755000,9,33763000,6,33754000,7,33764000,9,33753000,8,33765000,9,33752000,13,33766000,9,33751000,9,33767000,10,33750000,39,33768000,18,33749000,7,33769000,11
33755000,3,33756000,1,33754000,4,33757000,4,33753000,8,33758000,8,33752000,12,33759000,8,33751000,8,33760000,6,33750000,40,33761000,8,33749000,14,33762000,10,33748000,10,33763000,10,33747000,11,33764000,11,33746000,8,33765000,11
33754000,6,33756000,4,33753000,5,33757000,6,33752000,7,33758000,9,33751000,8,33759000,10,33750000,41,33760000,9,33749000,8,33761000,11,33748000,10,33762000,12,33747000,17,33763000,10,33746000,9,33764000,10,33745000,6,33765000,12
33754000,6,33756000,4,33753000,5,33757000,6,33752000,7,33758000,9,33751000,8,33759000,10,33750000,41,33760000,9,33749000,8,33761000,11,33748000,10,33762000,12,33747000,17,33763000,10,33746000,9,33764000,10,33745000,6,33765000,12
33754000,6,33756000,4,33753000,5,33757000,6,33752000,7,33758000,9,33751000,8,33759000,10,33750000,41,33760000,9,33749000,8,33761000,11,33748000,10,33762000,12,33747000,17,33763000,10,33746000,9,33764000,10,33745000,6,33765000,12
33748000,1,33749000,1,33747000,9,33750000,2,33746000,6,33751000,6,33745000,4,33753000,4,33744000,8,33754000,5,33743000,10,33755000,8,33742000,10,33756000,5,33741000,5,33757000,9,33740000,10,33758000,12,33739000,4,33759000,11
33749000,4,33751000,1,33748000,6,33752000,4,33747000,6,33753000,6,33746000,7,33754000,6,33745000,6,33755000,12,33744000,9,33756000,7,33743000,14,33757000,11,33742000,11,33758000,14,33741000,6,33759000,11,33740000,10,33760000,13
33749000,4,33751000,1,33748000,6,33752000,4,33747000,6,33753000,6,33746000,7,33754000,6,33745000,6,33755000,12,33744000,9,33756000,7,33743000,14,33757000,11,33742000,11,33758000,14,33741000,6,33759000,11,33740000,10,33760000,13
33751000,4,33753000,1,33750000,8,33754000,8,33749000,9,33755000,8,33748000,7,33756000,5,33747000,7,33757000,9,33746000,8,33758000,11,33745000,7,33759000,10,33744000,11,33760000,14,33743000,15,33761000,11,33742000,11,33762000,14
33747000,3,33748000,3,33746000,4,33749000,3,33745000,7,33750000,4,33744000,8,33751000,10,33743000,12,33752000,8,33742000,10,33753000,9,33741000,7,33754000,9,33740000,11,33755000,11,33739000,7,33756000,11,33738000,13,33757000,13
33749000,2,33751000,10,33748000,5,33752000,6,33747000,5,33753000,5,33746000,6,33754000,9,33745000,8,33755000,10,33744000,9,33756000,10,33743000,12,33757000,13,33742000,13,33758000,14,33741000,8,33759000,11,33740000,11,33760000,10
33753000,2,33754000,1,33752000,2,33755000,6,33751000,2,33756000,8,33750000,26,33757000,12,33749000,6,33758000,12,33748000,7,33759000,11,33747000,5,33760000,11,33746000,10,33761000,14,33745000,9,33762000,14,33744000,13,33763000,9
33751000,3,33754000,4,33750000,26,33755000,6,33749000,7,33756000,4,33748000,8,33757000,11,33747000,8,33758000,11,33746000,8,33759000,10,33745000,9,33760000,8,33744000,13,33761000,14,33743000,15,33762000,15,33742000,12,33763000,10
33751000,4,33754000,5,33750000,26,33755000,6,33749000,5,33756000,6,33748000,8,33757000,11,33747000,7,33758000,11,33746000,8,33759000,11,33745000,8,33760000,10,33744000,13,33761000,14,33743000,15,33762000,15,33742000,12,33763000,10
33750000,25,33751000,1,33749000,2,33752000,4,33748000,5,33753000,6,33747000,7,33754000,8,33746000,7,33755000,8,33745000,8,33756000,7,33744000,12,33757000,13,33743000,15,33758000,14,33742000,13,33759000,11,33741000,6,33760000,11
33748000,3,33750000,2,33747000,5,33751000,5,33746000,5,33752000,6,33745000,7,33753000,9,33744000,10,33754000,8,33743000,15,33755000,9,33742000,13,33756000,7,33741000,7,33757000,15,33740000,12,33758000,14,33739000,5,33759000,11
33745000,4,33747000,2,33744000,7,33748000,4,33743000,11,33749000,7,33742000,8,33750000,7,33741000,8,33751000,7,33740000,10,33752000,8,33739000,5,33753000,12,33738000,13,33754000,11,33737000,7,33755000,11,33736000,9,33756000,9
33744000,3,33747000,6,33743000,13,33748000,6,33742000,8,33749000,7,33741000,8,33750000,7,33740000,11,33751000,8,33739000,5,33752000,8,33738000,11,33753000,12,33737000,7,33754000,11,33736000,10,33755000,11,33735000,11,33756000,10
33740000,1,33742000,4,33739000,7,33743000,5,33738000,6,33744000,6,33737000,8,33745000,11,33736000,9,33746000,7,33735000,9,33747000,11,33734000,9,33748000,10,33733000,6,33749000,11,33732000,11,33750000,12,33731000,10,33751000,10
33740000,3,33742000,2,33739000,7,33743000,5,33738000,7,33744000,6,33737000,8,33745000,10,33736000,9,33746000,8,33735000,10,33747000,12,33734000,10,33748000,12,33733000,5,33749000,11,33732000,11,33750000,13,33731000,10,33751000,10
33744000,2,33745000,9,33743000,5,33746000,7,33742000,5,33747000,9,33741000,5,33748000,9,33740000,5,33749000,10,33739000,9,33750000,12,33738000,7,33751000,9,33737000,9,33752000,13,33736000,13,33753000,12,33735000,13,33754000,12
33746000,5,33748000,1,33745000,5,33749000,4,33744000,6,33750000,9,33743000,5,33751000,10,33742000,5,33752000,11,33741000,5,33753000,11,33740000,9,33754000,12,33739000,12,33755000,11,33738000,11,33756000,11,33737000,9,33757000,15
33748000,5,33751000,4,33747000,9,33752000,6,33746000,6,33753000,7,33745000,6,33754000,9,33744000,5,33755000,9,33743000,7,33756000,11,33742000,9,33757000,14,33741000,8,33758000,16,33740000,9,33759000,14,33739000,11,33760000,11
33752000,4,33754000,2,33751000,7,33755000,3,33750000,4,33756000,8,33749000,7,33757000,13,33748000,6,33758000,12,33747000,7,33759000,12,33746000,8,33760000,10,33745000,8,33761000,12,33744000,9,33762000,14,33743000,7,33763000,7
33756000,1,33758000,8,33755000,7,33759000,7,33754000,3,33760000,6,33753000,4,33761000,9,33752000,4,33762000,11,33751000,8,33763000,7,33750000,5,33764000,11,33749000,10,33765000,11,33748000,7,33766000,10,33747000,7,33767000,8
33755000,4,33757000,3,33754000,6,33758000,5,33753000,4,33759000,7,33752000,6,33760000,5,33751000,9,33761000,10,33750000,8,33762000,11,33749000,9,33763000,6,33748000,7,33764000,11,33747000,8,33765000,9,33746000,6,33766000,13
33751000,3,33753000,5,33750000,2,33754000,5,33749000,8,33755000,10,33748000,6,33756000,7,33747000,9,33757000,10,33746000,8,33758000,8,33745000,8,33759000,12,33744000,11,33760000,11,33743000,8,33761000,13,33742000,8,33762000,13
33749000,1,33751000,2,33748000,3,33752000,5,33747000,8,33753000,7,33746000,7,33754000,7,33745000,7,33755000,12,33744000,12,33756000,9,33743000,6,33757000,11,33742000,9,33758000,11,33741000,11,33759000,12,33740000,13,33760000,10
33750000,3,33753000,6,33749000,6,33754000,7,33748000,4,33755000,10,33747000,5,33756000,11,33746000,2,33757000,13,33745000,7,33758000,10,33744000,7,33759000,12,33743000,10,33760000,12,33742000,11,33761000,14,33741000,12,33762000,15
33748000,2,33750000,3,33747000,4,33751000,5,33746000,3,33752000,4,33745000,6,33753000,7,33744000,7,33754000,7,33743000,9,33755000,11,33742000,9,33756000,11,33741000,12,33757000,15,33740000,12,33758000,12,33739000,11,33759000,12
33747000,1,33748000,1,33745000,4,33749000,6,33744000,5,33750000,4,33743000,8,33751000,5,33742000,8,33752000,7,33741000,10,33753000,8,33740000,8,33754000,9,33739000,12,33755000,13,33738000,15,33756000,12,33737000,10,33757000,14
33749000,1,33751000,2,33748000,3,33752000,4,33747000,5,33753000,9,33746000,4,33754000,9,33745000,6,33755000,11,33744000,6,33756000,11,33743000,9,33757000,13,33742000,11,33758000,12,33741000,11,33759000,13,33740000,10,33760000,11
33750000,3,33752000,1,33749000,7,33753000,6,33748000,4,33754000,6,33747000,6,33755000,9,33746000,4,33756000,12,33745000,8,33757000,16,33744000,7,33758000,11,33743000,10,33759000,12,33742000,11,33760000,13,33741000,12,33761000,14
33750000,2,33751000,1,33749000,5,33752000,7,33748000,5,33753000,7,33747000,5,33754000,8,33746000,8,33755000,16,33745000,8,33756000,14,33744000,6,33757000,14,33743000,8,33758000,12,33742000,12,33759000,12,33741000,11,33760000,11
33751000,4,33754000,6,33750000,2,33755000,14,33749000,13,33756000,10,33748000,5,33757000,14,33747000,4,33758000,11,33746000,11,33759000,11,33745000,13,33760000,11,33744000,9,33761000,14,33743000,8,33762000,14,33742000,11,33763000,8
33750000,6,33751000,1,33749000,12,33752000,2,33748000,5,33753000,9,33747000,5,33754000,10,33746000,10,33755000,9,33745000,12,33756000,11,33744000,8,33757000,14,33743000,9,33758000,14,33742000,12,33759000,12,33741000,11,33760000,12
33748000,5,33751000,5,33747000,5,33752000,5,33746000,9,33753000,7,33745000,10,33754000,12,33744000,6,33755000,11,33743000,8,33756000,12,33742000,11,33757000,15,33741000,10,33758000,14,33740000,13,33759000,12,33739000,13,33760000,12
33749000,3,33751000,3,33748000,5,33752000,5,33747000,13,33753000,7,33746000,7,33754000,11,33745000,7,33755000,8,33744000,6,33756000,13,33743000,7,33757000,13,33742000,13,33758000,12,33741000,11,33759000,11,33740000,12,33760000,11
33752000,2,33753000,2,33751000,7,33754000,2,33750000,8,33755000,6,33749000,9,33756000,12,33748000,8,33757000,12,33747000,12,33758000,10,33746000,10,33759000,10,33745000,12,33760000,11,33744000,10,33761000,14,33743000,8,33762000,13
33752000,1,33754000,2,33751000,6,33755000,5,33750000,8,33756000,9,33749000,10,33757000,12,33748000,9,33758000,9,33747000,13,33759000,9,33746000,11,33760000,9,33745000,10,33761000,13,33744000,10,33762000,14,33743000,8,33763000,10
33754000,1,33755000,4,33753000,1,33756000,9,33752000,3,33757000,12,33751000,4,33758000,9,33750000,7,33759000,9,33749000,10,33760000,10,33748000,9,33761000,13,33747000,13,33762000,14,33746000,12,33763000,10,33745000,10,33764000,12
33755000,3,33757000,6,33754000,5,33758000,10,33753000,5,33759000,8,33752000,7,33760000,9,33751000,6,33761000,10,33750000,6,33762000,11,33749000,12,33763000,8,33748000,14,33764000,14,33747000,15,33765000,12,33746000,13,33766000,13
33758000,2,33760000,3,33757000,3,33761000,8,33756000,6,33762000,10,33755000,6,33763000,8,33754000,7,33764000,10,33753000,7,33765000,10,33752000,9,33766000,12,33751000,11,33767000,10,33750000,11,33768000,17,33749000,13,33769000,8
33760000,2,33762000,5,33759000,2,33763000,8,33758000,6,33764000,6,33757000,6,33765000,9,33756000,6,33766000,11,33755000,7,33767000,10,33754000,10,33768000,16,33753000,11,33769000,9,33752000,13,33770000,13,33751000,9,33771000,10
33760000,4,33762000,1,33759000,2,33763000,5,33758000,8,33764000,5,33757000,7,33765000,6,33756000,6,33766000,10,33755000,9,33767000,9,33754000,13,33768000,15,33753000,11,33769000,9,33752000,13,33770000,13,33751000,9,33771000,12
33760000,5,33762000,1,33759000,4,33763000,4,33758000,12,33764000,6,33757000,8,33765000,6,33756000,6,33766000,11,33755000,9,33767000,9,33754000,14,33768000,15,33753000,11,33769000,9,33752000,13,33770000,13,33751000,9,33771000,12
33763000,13,33764000,4,33762000,4,33765000,4,33761000,7,33766000,9,33760000,7,33767000,8,33759000,6,33768000,16,33758000,14,33769000,7,33757000,9,33770000,11,33756000,10,33771000,11,33755000,9,33772000,12,33754000,15,33773000,8
33763000,6,33764000,2,33762000,6,33765000,5,33761000,7,33766000,4,33760000,6,33767000,7,33759000,5,33768000,12,33758000,15,33769000,7,33757000,10,33770000,11,33756000,11,33771000,12,33755000,9,33772000,12,33754000,12,33773000,8
33765000,1,33766000,2,33764000,5,33767000,4,33763000,7,33768000,11,33762000,6,33769000,8,33761000,7,33770000,11,33760000,7,33771000,10,33759000,5,33772000,11,33758000,18,33773000,9,33757000,11,33774000,13,33756000,11,33775000,8
33763000,7,33765000,3,33762000,6,33766000,6,33761000,8,33767000,6,33760000,6,33768000,12,33759000,6,33769000,8,33758000,17,33770000,11,33757000,10,33771000,10,33756000,11,33772000,12,33755000,11,33773000,9,33754000,14,33774000,14
33763000,3,33766000,5,33762000,10,33767000,5,33761000,7,33768000,14,33760000,7,33769000,7,33759000,6,33770000,12,33758000,15,33771000,10,33757000,9,33772000,11,33756000,11,33773000,9,33755000,13,33774000,14,33754000,14,33775000,8
33766000,2,33768000,2,33765000,6,33769000,6,33764000,6,33770000,7,33763000,6,33771000,8,33762000,10,33772000,10,33761000,9,33773000,9,33760000,9,33774000,12,33759000,9,33775000,9,33758000,18,33776000,14,33757000,12,33777000,19
33766000,2,33768000,2,33765000,6,33769000,6,33764000,6,33770000,7,33763000,6,33771000,8,33762000,10,33772000,10,33761000,9,33773000,9,33760000,9,33774000,12,33759000,9,33775000,9,33758000,18,33776000,14,33757000,12,33777000,19
33766000,2,33768000,2,33765000,6,33769000,6,33764000,6,33770000,7,33763000,6,33771000,8,33762000,10,33772000,10,33761000,9,33773000,9,33760000,9,33774000,12,33759000,9,33775000,9,33758000,18,33776000,14,33757000,12,33777000,19
33758000,1,33760000,5,33757000,4,33761000,6,33756000,8,33762000,3,33755000,28,33763000,7,33754000,9,33764000,9,33753000,11,33765000,6,33752000,12,33766000,5,33751000,9,33767000,9,33750000,12,33768000,11,33749000,8,33769000,8
33759000,4,33760000,1,33758000,5,33762000,4,33757000,6,33763000,5,33756000,9,33764000,10,33755000,28,33765000,7,33754000,10,33766000,7,33753000,13,33767000,7,33752000,12,33768000,12,33751000,9,33769000,9,33750000,12,33770000,11
33764000,1,33765000,1,33763000,5,33766000,4,33762000,5,33767000,9,33761000,5,33768000,10,33760000,5,33769000,8,33759000,8,33770000,8,33758000,7,33771000,10,33757000,11,33772000,12,33756000,13,33773000,10,33755000,32,33774000,14
33762000,1,33764000,5,33761000,5,33765000,4,33760000,4,33766000,5,33759000,7,33767000,7,33758000,7,33768000,9,33757000,9,33769000,9,33756000,13,33770000,11,33755000,32,33771000,11,33754000,15,33772000,12,33753000,16,33773000,9
33758000,1,33760000,3,33757000,5,33761000,4,33756000,11,33762000,4,33755000,32,33763000,5,33754000,13,33764000,8,33753000,13,33765000,7,33752000,10,33766000,7,33751000,10,33767000,11,33750000,14,33768000,13,33749000,10,33769000,9
33761000,3,33763000,1,33760000,5,33764000,5,33759000,5,33765000,4,33758000,6,33766000,6,33757000,7,33767000,10,33756000,11,33768000,11,33755000,33,33769000,8,33754000,14,33770000,13,33753000,16,33771000,11,33752000,12,33772000,13
33760000,3,33762000,1,33759000,6,33763000,4,33758000,6,33764000,4,33757000,8,33765000,4,33756000,11,33766000,8,33755000,33,33767000,10,33754000,12,33768000,11,33753000,16,33769000,9,33752000,13,33770000,13,33751000,10,33771000,11
33761000,3,33763000,1,33760000,3,33764000,5,33759000,4,33765000,5,33758000,9,33766000,5,33757000,7,33767000,8,33756000,12,33768000,11,33755000,32,33769000,7,33754000,14,33770000,13,33753000,15,33771000,11,33752000,13,33772000,13
33759000,2,33760000,1,33758000,4,33761000,4,33757000,7,33762000,5,33756000,13,33763000,9,33755000,32,33764000,7,33754000,12,33765000,6,33753000,14,33766000,7,33752000,12,33767000,11,33751000,10,33768000,13,33750000,13,33769000,9
33756000,3,33758000,9,33755000,32,33759000,7,33754000,8,33760000,4,33753000,13,33761000,7,33752000,8,33762000,8,33751000,8,33763000,9,33750000,11,33764000,9,33749000,11,33765000,8,33748000,14,33766000,9,33747000,17,33767000,10
33753000,3,33754000,2,33752000,5,33755000,6,33751000,4,33756000,3,33750000,10,33757000,6,33749000,10,33758000,5,33748000,9,33759000,8,33747000,15,33760000,7,33746000,14,33761000,10,33745000,12,33762000,10,33744000,16,33763000,10
33750000,2,33752000,4,33749000,7,33753000,8,33748000,8,33754000,6,33747000,15,33755000,4,33746000,12,33756000,8,33745000,9,33757000,9,33744000,16,33758000,9,33743000,13,33759000,10,33742000,14,33760000,9,33741000,13,33761000,9
33751000,3,33753000,4,33750000,4,33754000,5,33749000,7,33755000,6,33748000,8,33756000,6,33747000,15,33757000,9,33746000,12,33758000,9,33745000,10,33759000,9,33744000,15,33760000,9,33743000,13,33761000,9,33742000,15,33762000,11
33754000,1,33756000,6,33753000,4,33757000,7,33752000,7,33758000,7,33751000,2,33759000,8,33750000,6,33760000,7,33749000,11,33761000,8,33748000,9,33762000,10,33747000,17,33763000,10,33746000,17,33764000,12,33745000,11,33765000,9
33751000,4,33753000,2,33750000,5,33754000,4,33749000,6,33755000,5,33748000,6,33756000,11,33747000,15,33757000,10,33746000,13,33758000,10,33745000,9,33759000,9,33744000,17,33760000,9,33743000,11,33761000,10,33742000,14,33762000,11
33754000,4,33756000,5,33753000,5,33757000,7,33752000,5,33758000,8,33751000,5,33759000,8,33750000,8,33760000,8,33749000,8,33761000,13,33748000,7,33762000,10,33747000,16,33763000,11,33746000,13,33764000,12,33745000,12,33765000,10
33751000,4,33754000,4,33750000,8,33755000,6,33749000,6,33756000,4,33748000,5,33757000,7,33747000,14,33758000,9,33746000,11,33759000,10,33745000,12,33760000,10,33744000,14,33761000,14,33743000,12,33762000,11,33742000,12,33763000,10
33747000,4,33748000,1,33746000,5,33749000,7,33745000,11,33750000,9,33744000,13,33751000,4,33743000,10,33752000,8,33742000,11,33753000,10,33741000,11,33754000,11,33740000,10,33755000,9,33739000,11,33756000,9,33738000,15,33757000,9
33744000,1,33745000,1,33743000,8,33746000,5,33742000,9,33747000,4,33741000,10,33748000,5,33740000,8,33749000,9,33739000,10,33750000,9,33738000,14,33751000,7,33737000,10,33752000,13,33736000,13,33753000,12,33735000,16,33754000,14
33741000,2,33742000,2,33740000,2,33743000,4,33739000,7,33744000,6,33738000,12,33745000,7,33737000,8,33746000,5,33736000,9,33747000,7,33735000,12,33748000,8,33734000,13,33749000,13,33733000,8,33750000,62,33732000,12,33751000,8
33738000,1,33740000,4,33737000,7,33741000,6,33736000,8,33742000,5,33735000,11,33743000,5,33734000,11,33744000,8,33733000,8,33745000,11,33732000,10,33746000,7,33731000,8,33747000,8,33730000,14,33748000,10,33729000,13,33749000,16
33735000,6,33737000,1,33734000,5,33738000,3,33733000,7,33739000,4,33732000,9,33740000,4,33731000,10,33741000,6,33730000,12,33742000,7,33729000,9,33743000,9,33728000,13,33744000,12,33727000,11,33745000,12,33726000,12,33746000,9
33735000,8,33737000,4,33734000,3,33738000,5,33733000,8,33739000,4,33732000,6,33740000,8,33731000,8,33741000,7,33730000,12,33742000,8,33729000,11,33743000,9,33728000,13,33744000,12,33727000,11,33745000,12,33726000,11,33746000,10
33735000,5,33737000,1,33734000,6,33738000,5,33733000,6,33739000,7,33732000,6,33740000,9,33731000,6,33741000,9,33730000,12,33742000,10,33729000,10,33743000,8,33728000,15,33744000,12,33727000,11,33745000,13,33726000,11,33746000,10
33731000,4,33733000,1,33730000,10,33734000,2,33729000,9,33735000,3,33728000,9,33736000,3,33727000,10,33737000,5,33726000,9,33738000,8,33725000,10,33739000,10,33724000,11,33740000,12,33723000,10,33741000,10,33722000,14,33742000,12
33731000,3,33733000,1,33730000,4,33734000,4,33729000,6,33735000,3,33728000,7,33736000,5,33727000,8,33737000,7,33726000,8,33738000,9,33725000,10,33739000,9,33724000,12,33740000,12,33723000,9,33741000,12,33722000,13,33742000,11
33732000,3,33734000,2,33731000,7,33735000,2,33730000,5,33736000,4,33729000,6,33737000,7,33728000,7,33738000,9,33727000,10,33739000,9,33726000,9,33740000,10,33725000,12,33741000,12,33724000,11,33742000,12,33723000,9,33743000,10
33726000,3,33727000,1,33725000,8,33728000,3,33724000,7,33729000,5,33723000,7,33730000,5,33722000,11,33731000,7,33721000,7,33732000,6,33720000,28,33733000,7,33719000,10,33734000,13,33718000,16,33735000,8,33717000,17,33736000,9
33728000,1,33730000,3,33727000,6,33731000,4,33726000,4,33732000,5,33725000,7,33733000,7,33724000,6,33734000,11,33723000,8,33735000,7,33722000,13,33736000,8,33721000,10,33737000,9,33720000,18,33738000,12,33719000,9,33739000,10
33727000,2,33728000,1,33726000,3,33729000,5,33725000,4,33730000,6,33724000,7,33731000,4,33723000,8,33732000,6,33722000,13,33733000,6,33721000,8,33734000,12,33720000,18,33735000,6,33719000,9,33736000,9,33718000,18,33737000,10
33728000,2,33730000,3,33727000,8,33731000,3,33726000,6,33732000,5,33725000,8,33733000,5,33724000,8,33734000,10,33723000,9,33735000,9,33722000,14,33736000,8,33721000,11,33737000,11,33720000,30,33738000,13,33719000,8,33739000,11
33727000,7,33730000,3,33726000,6,33731000,4,33725000,8,33732000,5,33724000,8,33733000,5,33723000,9,33734000,11,33722000,12,33735000,9,33721000,10,33736000,8,33720000,30,33737000,11,33719000,8,33738000,13,33718000,19,33739000,11
33723000,2,33724000,1,33722000,7,33725000,5,33721000,5,33726000,4,33720000,26,33727000,7,33719000,8,33728000,8,33718000,15,33729000,5,33717000,13,33730000,7,33716000,16,33731000,6,33715000,12,33732000,9,33714000,12,33733000,10
33722000,1,33724000,3,33721000,4,33725000,7,33720000,24,33726000,7,33719000,6,33727000,11,33718000,17,33728000,8,33717000,14,33729000,7,33716000,12,33730000,10,33715000,12,33731000,9,33714000,12,33732000,10,33713000,12,33733000,9
33721000,4,33723000,1,33720000,20,33724000,5,33719000,6,33725000,7,33718000,14,33726000,6,33717000,13,33727000,11,33716000,15,33728000,10,33715000,12,33729000,7,33714000,10,33730000,11,33713000,12,33731000,9,33712000,11,33732000,10
33724000,4,33726000,1,33723000,3,33727000,6,33722000,6,33728000,7,33721000,6,33729000,7,33720000,21,33730000,10,33719000,6,33731000,8,33718000,14,33732000,10,33717000,15,33733000,9,33716000,20,33734000,14,33715000,13,33735000,11
33728000,1,33729000,2,33727000,5,33730000,4,33726000,4,33731000,5,33725000,5,33732000,7,33724000,6,33733000,8,33723000,4,33734000,14,33722000,7,33735000,11,33721000,9,33736000,10,33720000,24,33737000,11,33719000,8,33738000,15
33725000,4,33728000,4,33724000,3,33729000,2,33723000,4,33730000,5,33722000,10,33731000,5,33721000,7,33732000,9,33720000,27,33733000,9,33719000,7,33734000,12,33718000,18,33735000,11,33717000,17,33736000,11,33716000,18,33737000,11
33725000,1,33726000,1,33724000,3,33727000,5,33723000,5,33728000,6,33722000,5,33729000,4,33721000,6,33730000,10,33720000,27,33731000,7,33719000,7,33732000,8,33718000,18,33733000,9,33717000,15,33734000,14,33716000,18,33735000,11
33723000,2,33724000,4,33722000,4,33725000,4,33721000,5,33726000,4,33720000,27,33727000,6,33719000,6,33728000,6,33718000,15,33729000,6,33717000,14,33730000,13,33716000,18,33731000,9,33715000,12,33732000,10,33714000,12,33733000,9
33720000,20,33722000,3,33719000,4,33723000,3,33718000,15,33724000,5,33717000,13,33725000,4,33716000,13,33726000,8,33715000,9,33727000,11,33714000,9,33728000,7,33713000,12,33729000,8,33712000,11,33730000,14,33711000,14,33731000,9
33724000,1,33725000,1,33723000,3,33726000,4,33722000,5,33727000,6,33721000,4,33728000,7,33720000,6,33729000,7,33719000,4,33730000,11,33718000,16,33731000,8,33717000,17,33732000,9,33716000,17,33733000,9,33715000,11,33734000,14
33724000,2,33727000,4,33723000,5,33728000,6,33722000,5,33729000,5,33721000,4,33730000,10,33720000,6,33731000,8,33719000,3,33732000,8,33718000,16,33733000,9,33717000,17,33734000,14,33716000,18,33735000,11,33715000,12,33736000,14
33721000,2,33723000,3,33720000,17,33724000,3,33719000,4,33725000,3,33718000,13,33726000,6,33717000,14,33727000,6,33716000,14,33728000,9,33715000,14,33729000,7,33714000,10,33730000,15,33713000,11,33731000,9,33712000,11,33732000,10
33724000,1,33726000,3,33723000,3,33727000,7,33722000,5,33728000,7,33721000,3,33729000,6,33720000,16,33730000,13,33719000,4,33731000,7,33718000,15,33732000,8,33717000,16,33733000,9,33716000,18,33734000,14,33715000,15,33735000,11
33727000,3,33729000,2,33726000,3,33730000,7,33725000,2,33731000,6,33724000,4,33732000,8,33723000,3,33733000,8,33722000,7,33734000,11,33721000,6,33735000,10,33720000,21,33736000,13,33719000,9,33737000,12,33718000,18,33738000,15
33727000,2,33728000,2,33726000,3,33729000,2,33725000,3,33730000,4,33724000,3,33731000,4,33723000,5,33732000,6,33722000,8,33733000,7,33721000,6,33734000,12,33720000,20,33735000,11,33719000,9,33736000,13,33718000,16,33737000,11
33722000,3,33724000,4,33721000,3,33725000,5,33720000,15,33726000,4,33719000,6,33727000,6,33718000,12,33728000,5,33717000,15,33729000,7,33716000,16,33730000,7,33715000,12,33731000,9,33714000,11,33732000,9,33713000,10,33733000,8
33719000,2,33720000,1,33718000,11,33721000,4,33717000,13,33722000,2,33716000,12,33723000,5,33715000,11,33724000,6,33714000,8,33725000,8,33713000,10,33726000,9,33712000,12,33727000,12,33711000,12,33728000,11,33710000,29,33729000,11
33720000,1,33722000,2,33719000,5,33723000,3,33718000,6,33724000,7,33717000,12,33725000,7,33716000,9,33726000,8,33715000,11,33727000,11,33714000,8,33728000,10,33713000,12,33729000,11,33712000,10,33730000,10,33711000,10,33731000,7
33719000,2,33720000,2,33717000,10,33721000,3,33716000,9,33722000,4,33715000,11,33723000,5,33714000,9,33724000,6,33713000,10,33725000,8,33712000,8,33726000,10,33711000,10,33727000,12,33710000,29,33728000,11,33709000,10,33729000,11
33719000,3,33722000,5,33718000,6,33723000,5,33717000,8,33724000,6,33716000,7,33725000,8,33715000,8,33726000,9,33714000,6,33727000,10,33713000,13,33728000,9,33712000,12,33729000,11,33711000,12,33730000,10,33710000,29,33731000,8
33719000,5,33722000,3,33718000,7,33723000,3,33717000,6,33724000,3,33716000,8,33725000,8,33715000,8,33726000,9,33714000,7,33727000,12,33713000,11,33728000,8,33712000,12,33729000,12,33711000,11,33730000,10,33710000,29,33731000,9
33719000,5,33722000,3,33718000,7,33723000,3,33717000,6,33724000,3,33716000,8,33725000,8,33715000,8,33726000,9,33714000,7,33727000,12,33713000,11,33728000,8,33712000,12,33729000,12,33711000,11,33730000,10,33710000,29,33731000,9
33717000,3,33719000,3,33716000,7,33720000,9,33715000,5,33721000,8,33714000,6,33722000,10,33713000,5,33723000,11,33712000,5,33724000,8,33711000,11,33725000,10,33710000,31,33726000,14,33709000,10,33727000,11,33708000,12,33728000,10
33718000,4,33720000,4,33717000,4,33721000,2,33716000,7,33722000,5,33715000,4,33723000,12,33714000,8,33724000,9,33713000,9,33725000,10,33712000,10,33726000,11,33711000,12,33727000,11,33710000,29,33728000,12,33709000,11,33729000,12
33712000,4,33714000,4,33711000,7,33715000,4,33710000,24,33716000,3,33709000,9,33717000,3,33708000,9,33718000,6,33707000,6,33719000,11,33706000,12,33720000,14,33705000,14,33721000,10,33704000,15,33722000,13,33703000,6,33723000,14
33714000,1,33715000,1,33713000,3,33716000,2,33712000,6,33717000,4,33711000,5,33718000,7,33710000,5,33719000,11,33709000,6,33720000,16,33708000,7,33721000,9,33707000,7,33722000,14,33706000,14,33723000,15,33705000,14,33724000,10
33712000,1,33713000,2,33711000,3,33714000,3,33710000,4,33715000,2,33709000,7,33716000,4,33708000,7,33717000,5,33707000,7,33718000,7,33706000,13,33719000,12,33705000,13,33720000,18,33704000,14,33721000,10,33703000,7,33722000,14
33709000,3,33711000,2,33708000,6,33712000,2,33707000,5,33713000,6,33706000,10,33714000,5,33705000,13,33715000,4,33704000,12,33716000,8,33703000,7,33717000,7,33702000,13,33718000,9,33701000,13,33719000,14,33700000,122,33720000,17
33709000,3,33711000,2,33708000,6,33712000,2,33707000,5,33713000,6,33706000,10,33714000,5,33705000,13,33715000,4,33704000,12,33716000,8,33703000,7,33717000,7,33702000,13,33718000,9,33701000,13,33719000,14,33700000,122,33720000,17
33707000,2,33709000,1,33706000,4,33710000,6,33705000,5,33711000,5,33704000,7,33712000,5,33703000,4,33713000,7,33702000,12,33714000,8,33701000,12,33715000,7,33700000,123,33716000,10,33699000,10,33717000,9,33698000,20,33718000,8
33706000,4,33709000,3,33705000,5,33710000,5,33704000,8,33711000,4,33703000,5,33712000,3,33702000,11,33713000,7,33701000,12,33714000,8,33700000,122,33715000,9,33699000,10,33716000,8,33698000,21,33717000,9,33697000,7,33718000,10
33706000,4,33709000,3,33705000,5,33710000,5,33704000,8,33711000,4,33703000,5,33712000,3,33702000,11,33713000,7,33701000,12,33714000,8,33700000,122,33715000,9,33699000,10,33716000,8,33698000,21,33717000,9,33697000,7,33718000,10
33705000,5,33707000,4,33704000,2,33708000,4,33703000,5,33709000,5,33702000,6,33710000,6,33701000,7,33711000,8,33700000,120,33712000,10,33699000,14,33713000,12,33698000,19,33714000,12,33697000,8,33715000,8,33696000,12,33716000,9
33705000,5,33707000,3,33704000,2,33708000,4,33703000,5,33709000,5,33702000,6,33710000,5,33701000,7,33711000,8,33700000,122,33712000,10,33699000,15,33713000,11,33698000,19,33714000,11,33697000,8,33715000,8,33696000,12,33716000,9
33708000,2,33710000,2,33707000,5,33711000,3,33706000,6,33712000,4,33705000,4,33713000,9,33704000,6,33714000,10,33703000,4,33715000,10,33702000,8,33716000,11,33701000,10,33717000,9,33700000,120,33718000,10,33699000,16,33719000,14
33706000,3,33709000,5,33705000,4,33710000,7,33704000,5,33711000,3,33703000,4,33712000,5,33702000,5,33713000,10,33701000,11,33714000,10,33700000,120,33715000,10,33699000,16,33716000,12,33698000,18,33717000,9,33697000,6,33718000,10
33709000,3,33710000,2,33708000,2,33711000,5,33706000,4,33712000,4,33705000,4,33713000,9,33704000,6,33714000,11,33703000,6,33715000,9,33702000,8,33716000,10,33701000,11,33717000,8,33700000,122,33718000,11,33699000,17,33719000,15
33709000,1,33711000,2,33708000,3,33712000,6,33707000,3,33713000,10,33706000,2,33714000,9,33705000,14,33715000,10,33704000,6,33716000,10,33703000,8,33717000,7,33702000,9,33718000,11,33701000,11,33719000,16,33700000,112,33720000,20
33708000,1,33709000,1,33707000,1,33710000,5,33706000,1,33711000,3,33705000,14,33712000,3,33704000,6,33713000,6,33703000,8,33714000,10,33702000,8,33715000,9,33701000,11,33716000,12,33700000,112,33717000,10,33699000,16,33718000,11
33708000,1,33710000,3,33707000,8,33711000,10,33706000,6,33712000,6,33705000,6,33713000,7,33704000,6,33714000,8,33703000,7,33715000,10,33702000,6,33716000,12,33701000,13,33717000,11,33700000,112,33718000,11,33699000,16,33719000,14
33713000,2,33715000,2,33712000,4,33716000,7,33711000,3,33717000,8,33710000,5,33718000,9,33709000,5,33719000,16,33708000,8,33720000,16,33707000,7,33721000,9,33706000,11,33722000,16,33705000,10,33723000,14,33704000,9,33724000,11
33713000,2,33715000,3,33712000,4,33716000,4,33711000,3,33717000,5,33710000,5,33718000,8,33709000,6,33719000,15,33708000,9,33720000,15,33707000,8,33721000,10,33706000,11,33722000,16,33705000,12,33723000,14,33704000,9,33724000,12
33712000,1,33714000,3,33711000,2,33715000,4,33710000,4,33716000,4,33709000,6,33717000,5,33708000,8,33718000,10,33707000,6,33719000,15,33706000,9,33720000,16,33705000,12,33721000,11,33704000,9,33722000,16,33703000,8,33723000,14
33707000,3,33710000,3,33706000,5,33711000,4,33705000,6,33712000,7,33704000,5,33713000,14,33703000,9,33714000,9,33702000,7,33715000,8,33701000,12,33716000,10,33700000,112,33717000,9,33699000,16,33718000,13,33698000,21,33719000,17
33707000,4,33709000,3,33706000,3,33710000,5,33705000,5,33711000,4,33704000,4,33712000,8,33703000,6,33713000,16,33702000,6,33714000,11,33701000,12,33715000,8,33700000,112,33716000,11,33699000,16,33717000,9,33698000,21,33718000,13
33706000,2,33707000,2,33705000,4,33708000,5,33704000,3,33709000,5,33703000,5,33710000,4,33702000,7,33711000,7,33701000,9,33712000,8,33700000,110,33713000,16,33699000,15,33714000,12,33698000,20,33715000,9,33697000,8,33716000,11
33707000,3,33709000,5,33706000,3,33710000,4,33705000,9,33711000,4,33704000,5,33712000,9,33703000,6,33713000,16,33702000,6,33714000,10,33701000,10,33715000,9,33700000,113,33716000,11,33699000,15,33717000,9,33698000,20,33718000,13
33710000,2,33712000,4,33709000,4,33713000,8,33708000,4,33714000,9,33707000,6,33715000,8,33706000,5,33716000,9,33705000,11,33717000,10,33704000,6,33718000,11,33703000,10,33719000,17,33702000,10,33720000,18,33701000,13,33721000,11
33713000,2,33715000,5,33712000,3,33716000,6,33711000,4,33717000,7,33710000,2,33718000,8,33709000,6,33719000,15,33708000,6,33720000,16,33707000,7,33721000,9,33706000,8,33722000,15,33705000,12,33723000,14,33704000,9,33724000,12
33716000,2,33718000,1,33715000,3,33719000,9,33714000,3,33720000,12,33713000,5,33721000,7,33712000,2,33722000,13,33711000,7,33723000,14,33710000,5,33724000,10,33709000,7,33725000,12,33708000,10,33726000,13,33707000,10,33727000,12
33715000,2,33717000,4,33714000,4,33718000,4,33713000,5,33719000,7,33712000,2,33720000,13,33711000,7,33721000,7,33710000,5,33722000,13,33709000,6,33723000,14,33708000,10,33724000,11,33707000,10,33725000,12,33706000,9,33726000,13
33714000,5,33716000,2,33713000,6,33717000,3,33712000,3,33718000,4,33711000,6,33719000,6,33710000,4,33720000,13,33709000,7,33721000,6,33708000,10,33722000,11,33707000,9,33723000,14,33706000,9,33724000,13,33705000,11,33725000,12
33714000,5,33717000,4,33713000,6,33718000,5,33712000,3,33719000,8,33711000,6,33720000,12,33710000,4,33721000,6,33709000,7,33722000,11,33708000,9,33723000,14,33707000,9,33724000,13,33706000,10,33725000,12,33705000,11,33726000,17
33714000,4,33716000,3,33713000,6,33717000,5,33712000,3,33718000,5,33711000,6,33719000,9,33710000,4,33720000,12,33709000,7,33721000,6,33708000,9,33722000,11,33707000,9,33723000,15,33706000,10,33724000,13,33705000,11,33725000,12
33717000,3,33719000,3,33716000,3,33720000,8,33715000,3,33721000,6,33714000,6,33722000,9,33713000,7,33723000,12,33712000,5,33724000,12,33711000,9,33725000,10,33710000,8,33726000,17,33709000,7,33727000,10,33708000,11,33728000,11
33715000,1,33717000,3,33714000,6,33718000,4,33713000,8,33719000,4,33712000,5,33720000,10,33711000,6,33721000,7,33710000,6,33722000,9,33709000,6,33723000,12,33708000,12,33724000,10,33707000,9,33725000,11,33706000,10,33726000,16
33718000,4,33720000,7,33717000,3,33721000,1,33716000,3,33722000,9,33715000,3,33723000,11,33714000,6,33724000,9,33713000,11,33725000,10,33712000,8,33726000,16,33711000,9,33727000,11,33710000,9,33728000,12,33709000,7,33729000,13
33719000,3,33721000,1,33718000,4,33722000,5,33717000,5,33723000,11,33716000,3,33724000,8,33715000,4,33725000,11,33714000,7,33726000,15,33713000,13,33727000,11,33712000,10,33728000,12,33711000,8,33729000,10,33710000,9,33730000,10
33718000,3,33720000,1,33717000,4,33721000,3,33716000,5,33722000,3,33715000,6,33723000,3,33714000,9,33724000,5,33713000,9,33725000,10,33712000,8,33726000,13,33711000,9,33727000,12,33710000,10,33728000,13,33709000,6,33729000,11
33717000,1,33719000,3,33716000,4,33720000,5,33715000,6,33721000,3,33714000,9,33722000,3,33713000,9,33723000,5,33712000,4,33724000,5,33711000,7,33725000,10,33710000,10,33726000,16,33709000,7,33727000,12,33708000,15,33728000,12
33714000,3,33716000,3,33713000,6,33717000,7,33712000,5,33718000,9,33711000,7,33719000,7,33710000,7,33720000,12,33709000,7,33721000,6,33708000,11,33722000,6,33707000,10,33723000,6,33706000,11,33724000,7,33705000,14,33725000,10
33713000,4,33715000,2,33712000,3,33716000,2,33711000,6,33717000,6,33710000,6,33718000,7,33709000,6,33719000,8,33708000,12,33720000,11,33707000,9,33721000,8,33706000,11,33722000,11,33705000,10,33723000,6,33704000,11,33724000,7
33714000,2,33716000,5,33713000,9,33717000,4,33712000,5,33718000,4,33711000,8,33719000,4,33710000,6,33720000,9,33709000,6,33721000,9,33708000,13,33722000,8,33707000,11,33723000,8,33706000,11,33724000,10,33705000,9,33725000,10
33711000,1,33712000,1,33710000,3,33713000,4,33709000,5,33714000,4,33708000,8,33715000,5,33707000,8,33716000,7,33706000,8,33717000,6,33705000,10,33718000,7,33704000,9,33719000,9,33703000,11,33720000,11,33702000,22,33721000,9
33712000,2,33714000,3,33711000,3,33715000,5,33710000,6,33716000,6,33709000,3,33717000,7,33708000,6,33718000,5,33707000,6,33719000,8,33706000,8,33720000,9,33705000,11,33721000,9,33704000,10,33722000,11,33703000,11,33723000,8
33716000,3,33717000,2,33715000,5,33718000,3,33714000,5,33719000,6,33713000,4,33720000,7,33712000,5,33721000,8,33711000,5,33722000,8,33710000,6,33723000,8,33709000,7,33724000,11,33708000,13,33725000,10,33707000,10,33726000,16
33717000,7,33719000,1,33716000,4,33720000,5,33715000,12,33721000,3,33714000,5,33722000,6,33713000,5,33723000,9,33712000,8,33724000,9,33711000,6,33725000,10,33710000,8,33726000,16,33709000,8,33727000,11,33708000,12,33728000,13
33717000,9,33719000,1,33716000,5,33720000,3,33715000,12,33721000,5,33714000,7,33722000,3,33713000,7,33723000,8,33712000,7,33724000,9,33711000,8,33725000,9,33710000,8,33726000,16,33709000,8,33727000,11,33708000,11,33728000,13
33714000,2,33716000,2,33713000,5,33717000,7,33712000,5,33718000,8,33711000,6,33719000,9,33710000,7,33720000,8,33709000,6,33721000,9,33708000,11,33722000,6,33707000,10,33723000,8,33706000,11,33724000,11,33705000,15,33725000,10
33711000,2,33713000,7,33710000,6,33714000,4,33709000,3,33715000,4,33708000,7,33716000,6,33707000,9,33717000,6,33706000,12,33718000,9,33705000,9,33719000,11,33704000,10,33720000,11,33703000,11,33721000,10,33702000,28,33722000,8
33708000,3,33711000,4,33707000,7,33712000,6,33706000,9,33713000,7,33705000,8,33714000,5,33704000,8,33715000,7,33703000,8,33716000,10,33702000,26,33717000,8,33701000,12,33718000,12,33700000,115,33719000,11,33699000,17,33720000,12
33705000,7,33707000,21,33704000,5,33708000,5,33703000,8,33709000,5,33702000,17,33710000,6,33701000,9,33711000,6,33700000,112,33712000,5,33699000,13,33713000,10,33698000,22,33714000,8,33697000,9,33715000,8,33696000,14,33716000,12
33707000,2,33708000,1,33706000,4,33709000,5,33705000,8,33710000,7,33704000,10,33711000,5,33703000,7,33712000,5,33702000,18,33713000,10,33701000,10,33714000,8,33700000,114,33715000,8,33699000,14,33716000,12,33698000,22,33717000,9
33709000,3,33711000,2,33708000,3,33712000,5,33707000,3,33713000,8,33706000,6,33714000,4,33705000,9,33715000,8,33704000,10,33716000,10,33703000,8,33717000,7,33702000,21,33718000,15,33701000,12,33719000,10,33700000,115,33720000,13
33708000,4,33709000,1,33707000,5,33710000,8,33706000,5,33711000,6,33705000,8,33712000,4,33704000,8,33713000,10,33703000,7,33714000,6,33702000,20,33715000,7,33701000,13,33716000,11,33700000,114,33717000,8,33699000,14,33718000,14
33706000,1,33708000,4,33705000,7,33709000,7,33704000,10,33710000,6,33703000,6,33711000,6,33702000,17,33712000,7,33701000,11,33713000,11,33700000,112,33714000,6,33699000,15,33715000,9,33698000,21,33716000,11,33697000,9,33717000,8
33703000,2,33704000,1,33702000,16,33705000,7,33701000,7,33706000,5,33700000,114,33707000,3,33699000,13,33708000,5,33698000,15,33709000,9,33697000,5,33710000,10,33696000,13,33711000,9,33695000,8,33712000,11,33694000,14,33713000,11
33704000,2,33705000,3,33703000,6,33706000,4,33702000,4,33707000,6,33701000,8,33708000,7,33700000,112,33709000,8,33699000,13,33710000,8,33698000,16,33711000,10,33697000,7,33712000,11,33696000,12,33713000,11,33695000,11,33714000,10
33706000,2,33708000,2,33705000,9,33709000,5,33704000,6,33710000,3,33703000,8,33711000,9,33702000,3,33712000,7,33701000,9,33713000,10,33700000,116,33714000,8,33699000,16,33715000,10,33698000,20,33716000,13,33697000,8,33717000,8
33709000,2,33711000,3,33708000,5,33712000,5,33707000,5,33713000,8,33706000,6,33714000,10,33705000,7,33715000,9,33704000,6,33716000,10,33703000,10,33717000,7,33702000,6,33718000,14,33701000,12,33719000,10,33700000,117,33720000,15
33712000,3,33714000,1,33711000,5,33715000,7,33710000,5,33716000,10,33709000,6,33717000,9,33708000,5,33718000,11,33707000,6,33719000,9,33706000,10,33720000,13,33705000,10,33721000,9,33704000,10,33722000,9,33703000,11,33723000,13
33715000,4,33717000,1,33714000,6,33718000,5,33713000,6,33719000,7,33712000,5,33720000,11,33711000,4,33721000,9,33710000,8,33722000,8,33709000,9,33723000,10,33708000,9,33724000,11,33707000,10,33725000,10,33706000,11,33726000,16
33718000,2,33720000,3,33717000,4,33721000,7,33716000,3,33722000,10,33715000,3,33723000,8,33714000,3,33724000,9,33713000,6,33725000,10,33712000,9,33726000,16,33711000,8,33727000,14,33710000,13,33728000,15,33709000,11,33729000,15
33720000,3,33723000,8,33719000,5,33724000,6,33718000,5,33725000,7,33717000,7,33726000,15,33716000,5,33727000,13,33715000,6,33728000,12,33714000,9,33729000,13,33713000,9,33730000,15,33712000,10,33731000,15,33711000,10,33732000,13
33719000,2,33720000,5,33718000,3,33721000,3,33717000,6,33722000,5,33716000,7,33723000,3,33715000,6,33724000,8,33714000,7,33725000,7,33713000,9,33726000,15,33712000,10,33727000,12,33711000,10,33728000,14,33710000,11,33729000,14
33715000,1,33717000,5,33714000,2,33718000,5,33713000,5,33719000,3,33712000,6,33720000,4,33711000,8,33721000,6,33710000,8,33722000,7,33709000,11,33723000,6,33708000,10,33724000,11,33707000,11,33725000,9,33706000,12,33726000,17
33712000,2,33713000,2,33711000,5,33714000,3,33710000,5,33715000,3,33709000,8,33716000,2,33708000,8,33717000,6,33707000,9,33718000,9,33706000,10,33719000,8,33705000,12,33720000,14,33704000,12,33721000,8,33703000,8,33722000,10
33712000,2,33713000,2,33711000,5,33714000,3,33710000,5,33715000,3,33709000,8,33716000,2,33708000,8,33717000,6,33707000,9,33718000,9,33706000,10,33719000,8,33705000,12,33720000,14,33704000,12,33721000,8,33703000,8,33722000,10
33706000,2,33707000,3,33705000,6,33708000,3,33704000,10,33709000,3,33703000,7,33710000,2,33702000,13,33711000,7,33701000,16,33712000,9,33700000,113,33713000,12,33699000,14,33714000,10,33698000,19,33715000,9,33697000,8,33716000,8
33703000,1,33704000,1,33702000,11,33705000,6,33701000,16,33706000,10,33700000,115,33707000,5,33699000,13,33708000,6,33698000,15,33709000,6,33697000,5,33710000,8,33696000,13,33711000,8,33695000,8,33712000,12,33694000,9,33713000,12
33700000,109,33702000,4,33699000,10,33703000,7,33698000,13,33704000,6,33697000,6,33705000,8,33696000,10,33706000,11,33695000,5,33707000,8,33694000,9,33708000,10,33693000,10,33709000,9,33692000,12,33710000,11,33691000,7,33711000,9
33696000,1,33697000,1,33695000,1,33698000,4,33694000,3,33699000,6,33693000,9,33700000,3,33692000,7,33701000,5,33691000,6,33702000,9,33690000,18,33703000,9,33689000,12,33704000,10,33688000,15,33705000,12,33687000,12,33706000,15
33696000,1,33697000,1,33695000,1,33698000,4,33694000,3,33699000,6,33693000,9,33700000,3,33692000,7,33701000,5,33691000,6,33702000,9,33690000,18,33703000,9,33689000,12,33704000,10,33688000,15,33705000,12,33687000,12,33706000,15
33696000,1,33697000,1,33695000,1,33698000,4,33694000,3,33699000,6,33693000,9,33700000,3,33692000,7,33701000,5,33691000,6,33702000,9,33690000,18,33703000,9,33689000,12,33704000,10,33688000,15,33705000,12,33687000,12,33706000,15
33691000,2,33693000,2,33690000,7,33694000,4,33689000,6,33695000,5,33688000,8,33696000,6,33687000,3,33697000,9,33686000,7,33698000,9,33685000,9,33699000,10,33684000,9,33700000,11,33683000,9,33701000,7,33682000,8,33702000,11
33692000,1,33694000,5,33691000,3,33695000,7,33690000,6,33696000,8,33689000,6,33697000,10,33688000,8,33698000,9,33687000,6,33699000,11,33686000,9,33700000,11,33685000,10,33701000,7,33684000,10,33702000,11,33683000,10,33703000,8
33692000,1,33694000,5,33691000,3,33695000,7,33690000,6,33696000,8,33689000,6,33697000,10,33688000,8,33698000,9,33687000,6,33699000,11,33686000,9,33700000,11,33685000,10,33701000,7,33684000,10,33702000,11,33683000,10,33703000,8
33690000,1,33691000,6,33689000,1,33692000,5,33687000,5,33693000,7,33686000,4,33694000,7,33685000,3,33695000,8,33684000,6,33696000,9,33683000,7,33697000,11,33682000,7,33698000,11,33681000,10,33699000,11,33680000,12,33700000,11
33688000,2,33691000,3,33687000,3,33692000,5,33686000,4,33693000,9,33685000,3,33694000,8,33684000,6,33695000,8,33683000,7,33696000,11,33682000,8,33697000,11,33681000,10,33698000,12,33680000,12,33699000,11,33679000,9,33700000,10
33688000,2,33691000,3,33687000,3,33692000,5,33686000,4,33693000,9,33685000,3,33694000,8,33684000,6,33695000,8,33683000,7,33696000,11,33682000,8,33697000,11,33681000,10,33698000,12,33680000,12,33699000,11,33679000,9,33700000,10
33689000,1,33691000,1,33688000,1,33692000,4,33684000,1,33693000,9,33683000,1,33694000,8,33682000,7,33695000,9,33681000,10,33696000,12,33680000,12,33697000,12,33679000,9,33698000,13,33678000,19,33699000,12,33677000,8,33700000,10
33686000,1,33689000,1,33684000,3,33690000,5,33683000,2,33691000,5,33682000,6,33692000,5,33681000,8,33693000,7,33680000,11,33694000,8,33679000,11,33695000,10,33678000,19,33696000,13,33677000,9,33697000,12,33676000,10,33698000,13
33687000,5,33689000,1,33686000,6,33690000,6,33685000,4,33691000,6,33684000,6,33692000,6,33683000,2,33693000,7,33682000,5,33694000,8,33681000,11,33695000,11,33680000,12,33696000,14,33679000,11,33697000,12,33678000,19,33698000,13
33690000,4,33692000,3,33689000,4,33693000,7,33688000,4,33694000,4,33687000,4,33695000,9,33686000,5,33696000,10,33685000,7,33697000,13,33684000,10,33698000,10,33683000,6,33699000,12,33682000,7,33700000,12,33681000,11,33701000,9
33687000,2,33689000,2,33686000,3,33690000,6,33685000,7,33691000,7,33684000,9,33692000,6,33683000,5,33693000,10,33682000,8,33694000,5,33681000,12,33695000,9,33680000,12,33696000,13,33679000,12,33697000,14,33678000,20,33698000,12
33686000,1,33687000,19,33685000,4,33689000,6,33684000,8,33690000,6,33683000,5,33691000,8,33682000,6,33692000,7,33681000,11,33693000,12,33680000,12,33694000,8,33679000,11,33695000,9,33678000,21,33696000,13,33677000,8,33697000,14
33687000,1,33689000,6,33686000,3,33690000,6,33685000,4,33691000,8,33684000,3,33692000,10,33683000,6,33693000,13,33682000,5,33694000,7,33681000,12,33695000,11,33680000,12,33696000,14,33679000,12,33697000,13,33678000,19,33698000,11
33690000,3,33692000,4,33689000,4,33693000,10,33688000,3,33694000,5,33687000,5,33695000,12,33686000,4,33696000,12,33685000,5,33697000,12,33684000,8,33698000,11,33683000,9,33699000,13,33682000,8,33700000,12,33681000,12,33701000,10
33695000,1,33696000,1,33694000,3,33697000,6,33693000,4,33698000,8,33692000,4,33699000,10,33691000,5,33700000,10,33690000,6,33701000,9,33689000,6,33702000,12,33688000,7,33703000,11,33687000,8,33704000,11,33686000,11,33705000,14
33695000,3,33698000,6,33694000,5,33699000,10,33693000,5,33700000,9,33692000,5,33701000,10,33691000,5,33702000,10,33690000,5,33703000,10,33689000,8,33704000,11,33688000,9,33705000,12,33687000,8,33706000,16,33686000,11,33707000,13
33694000,3,33696000,1,33693000,4,33697000,4,33692000,5,33698000,5,33691000,9,33699000,7,33690000,5,33700000,6,33689000,8,33701000,11,33688000,8,33702000,12,33687000,9,33703000,11,33686000,11,33704000,12,33685000,8,33705000,12
33691000,3,33692000,1,33690000,3,33693000,8,33689000,4,33694000,6,33688000,6,33695000,9,33687000,8,33696000,6,33686000,7,33697000,8,33685000,9,33698000,9,33684000,9,33699000,10,33683000,9,33700000,11,33682000,10,33701000,11
33688000,1,33690000,3,33687000,4,33691000,3,33686000,4,33692000,6,33685000,5,33693000,8,33684000,7,33694000,8,33683000,8,33695000,9,33682000,8,33696000,9,33681000,12,33697000,10,33680000,11,33698000,12,33679000,13,33699000,10
33688000,4,33690000,3,33687000,5,33691000,2,33686000,6,33692000,3,33685000,9,33693000,6,33684000,10,33694000,9,33683000,8,33695000,9,33682000,10,33696000,11,33681000,15,33697000,10,33680000,11,33698000,12,33679000,12,33699000,10
33691000,2,33693000,1,33690000,6,33694000,4,33689000,4,33695000,7,33688000,4,33696000,6,33687000,5,33697000,9,33686000,6,33698000,9,33685000,9,33699000,10,33684000,13,33700000,12,33683000,10,33701000,11,33682000,10,33702000,15
33693000,2,33695000,2,33692000,5,33696000,5,33691000,5,33697000,7,33690000,7,33698000,9,33689000,4,33699000,9,33688000,6,33700000,8,33687000,10,33701000,9,33686000,11,33702000,15,33685000,11,33703000,11,33684000,12,33704000,12
33693000,3,33695000,1,33692000,6,33696000,6,33691000,5,33697000,3,33690000,8,33698000,6,33689000,7,33699000,8,33688000,6,33700000,8,33687000,9,33701000,8,33686000,12,33702000,15,33685000,11,33703000,11,33684000,11,33704000,13
33693000,2,33695000,2,33692000,8,33696000,4,33691000,5,33697000,3,33690000,6,33698000,8,33689000,7,33699000,8,33688000,6,33700000,8,33687000,9,33701000,8,33686000,12,33702000,14,33685000,11,33703000,11,33684000,12,33704000,13
33692000,4,33694000,3,33691000,4,33695000,4,33690000,6,33696000,6,33689000,4,33697000,7,33688000,7,33698000,8,33687000,8,33699000,10,33686000,11,33700000,8,33685000,11,33701000,9,33684000,12,33702000,14,33683000,8,33703000,11
33690000,2,33691000,20,33689000,2,33692000,22,33688000,3,33693000,4,33687000,8,33694000,4,33686000,7,33695000,5,33685000,8,33696000,9,33684000,10,33697000,11,33683000,9,33698000,8,33682000,10,33699000,11,33681000,17,33700000,11
33686000,1,33688000,2,33685000,6,33689000,6,33684000,7,33690000,9,33683000,7,33691000,26,33682000,9,33692000,22,33681000,16,33693000,4,33680000,10,33694000,6,33679000,12,33695000,6,33678000,21,33696000,11,33677000,9,33697000,12
33681000,9,33683000,5,33680000,5,33684000,3,33679000,10,33685000,5,33678000,18,33686000,4,33677000,7,33687000,6,33676000,13,33688000,9,33675000,12,33689000,13,33674000,12,33690000,16,33673000,7,33691000,12,33672000,13,33692000,12
33680000,3,33682000,3,33679000,7,33683000,7,33678000,14,33684000,6,33677000,7,33685000,9,33676000,13,33686000,9,33675000,13,33687000,6,33674000,13,33688000,11,33673000,7,33689000,14,33672000,12,33690000,16,33671000,11,33691000,12
33681000,2,33682000,3,33680000,2,33683000,3,33679000,2,33684000,7,33678000,4,33685000,8,33677000,10,33686000,8,33676000,9,33687000,7,33675000,9,33688000,10,33674000,13,33689000,13,33673000,9,33690000,19,33672000,14,33691000,11
33680000,2,33682000,1,33679000,2,33683000,3,33678000,4,33684000,6,33677000,10,33685000,7,33676000,7,33686000,8,33675000,10,33687000,10,33674000,10,33688000,13,33673000,10,33689000,13,33672000,14,33690000,18,33671000,17,33691000,13
33679000,4,33682000,3,33678000,5,33683000,4,33677000,9,33684000,7,33676000,7,33685000,9,33675000,9,33686000,9,33674000,10,33687000,10,33673000,8,33688000,11,33672000,14,33689000,13,33671000,17,33690000,18,33670000,27,33691000,12
33678000,1,33679000,1,33677000,6,33680000,7,33676000,7,33681000,2,33675000,7,33682000,5,33674000,10,33683000,8,33673000,6,33684000,8,33672000,13,33685000,10,33671000,16,33686000,10,33670000,29,33687000,11,33669000,11,33688000,12
33680000,5,33682000,1,33679000,3,33683000,4,33678000,5,33684000,6,33677000,7,33685000,9,33676000,9,33686000,8,33675000,7,33687000,8,33674000,10,33688000,12,33673000,10,33689000,13,33672000,14,33690000,18,33671000,16,33691000,12
33685000,1,33686000,3,33684000,3,33687000,5,33683000,5,33688000,7,33682000,5,33689000,9,33681000,8,33690000,17,33680000,7,33691000,11,33679000,6,33692000,11,33678000,9,33693000,14,33677000,14,33694000,12,33676000,12,33695000,11
33688000,2,33690000,6,33687000,4,33691000,7,33686000,5,33692000,7,33685000,5,33693000,10,33684000,6,33694000,10,33683000,9,33695000,8,33682000,7,33696000,13,33681000,11,33697000,14,33680000,11,33698000,11,33679000,10,33699000,13
33687000,1,33688000,1,33686000,4,33689000,6,33685000,3,33690000,6,33684000,5,33691000,6,33683000,6,33692000,7,33682000,5,33693000,11,33681000,10,33694000,10,33680000,10,33695000,9,33679000,10,33696000,13,33678000,13,33697000,13
33684000,3,33687000,6,33683000,5,33688000,5,33682000,5,33689000,6,33681000,8,33690000,7,33680000,8,33691000,8,33679000,8,33692000,9,33678000,13,33693000,12,33677000,12,33694000,11,33676000,13,33695000,9,33675000,12,33696000,14
33684000,5,33687000,6,33683000,5,33688000,5,33682000,5,33689000,6,33681000,8,33690000,8,33680000,8,33691000,8,33679000,8,33692000,9,33678000,12,33693000,13,33677000,12,33694000,11,33676000,13,33695000,9,33675000,13,33696000,14
33685000,4,33688000,5,33684000,5,33689000,6,33683000,6,33690000,7,33682000,6,33691000,8,33681000,8,33692000,9,33680000,9,33693000,12,33679000,8,33694000,10,33678000,14,33695000,9,33677000,12,33696000,14,33676000,13,33697000,12
33685000,1,33687000,1,33684000,4,33688000,5,33683000,4,33689000,6,33682000,5,33690000,7,33681000,8,33691000,8,33680000,9,33692000,10,33679000,8,33693000,12,33678000,13,33694000,11,33677000,12,33695000,9,33676000,13,33696000,14
33688000,2,33690000,2,33687000,4,33691000,6,33686000,5,33692000,8,33685000,5,33693000,11,33684000,5,33694000,10,33683000,6,33695000,9,33682000,7,33696000,13,33681000,11,33697000,13,33680000,12,33698000,11,33679000,10,33699000,13
33692000,3,33693000,4,33691000,4,33694000,3,33690000,8,33695000,5,33689000,5,33696000,11,33688000,4,33697000,12,33687000,6,33698000,10,33686000,10,33699000,11,33685000,7,33700000,10,33684000,9,33701000,11,33683000,9,33702000,15
33695000,1,33696000,3,33694000,3,33697000,7,33693000,5,33698000,6,33692000,4,33699000,8,33691000,6,33700000,9,33690000,8,33701000,9,33689000,8,33702000,13,33688000,8,33703000,9,33687000,9,33704000,10,33686000,14,33705000,13
33691000,3,33693000,2,33690000,7,33694000,3,33689000,8,33695000,4,33688000,6,33696000,6,33687000,8,33697000,7,33686000,9,33698000,7,33685000,10,33699000,9,33684000,12,33700000,12,33683000,9,33701000,11,33682000,10,33702000,15
33690000,1,33691000,1,33689000,4,33692000,2,33688000,5,33693000,3,33687000,7,33694000,4,33686000,9,33695000,4,33685000,10,33696000,7,33684000,11,33697000,10,33683000,9,33698000,10,33682000,11,33699000,12,33681000,9,33700000,10
33685000,2,33687000,5,33684000,7,33688000,4,33683000,8,33689000,3,33682000,10,33690000,3,33681000,9,33691000,7,33680000,9,33692000,6,33679000,7,33693000,7,33678000,14,33694000,10,33677000,13,33695000,10,33676000,13,33696000,12
33684000,1,33686000,5,33683000,4,33687000,4,33682000,8,33688000,2,33681000,9,33689000,5,33680000,11,33690000,5,33679000,9,33691000,7,33678000,13,33692000,7,33677000,13,33693000,8,33676000,13,33694000,10,33675000,13,33695000,10
33685000,4,33687000,2,33684000,6,33688000,2,33683000,5,33689000,3,33682000,4,33690000,7,33681000,8,33691000,9,33680000,11,33692000,6,33679000,9,33693000,8,33678000,17,33694000,8,33677000,13,33695000,10,33676000,14,33696000,12
33692000,1,33693000,5,33690000,4,33694000,5,33689000,3,33695000,7,33688000,4,33696000,9,33687000,5,33697000,10,33686000,4,33698000,11,33685000,8,33699000,11,33684000,5,33700000,12,33683000,7,33701000,11,33682000,9,33702000,15
33690000,1,33692000,4,33689000,3,33693000,4,33688000,4,33694000,2,33687000,6,33695000,5,33686000,4,33696000,10,33685000,9,33697000,9,33684000,8,33698000,11,33683000,7,33699000,11,33682000,9,33700000,12,33681000,11,33701000,9
33687000,1,33689000,7,33686000,4,33690000,8,33685000,7,33691000,9,33684000,6,33692000,8,33683000,5,33693000,7,33682000,6,33694000,5,33681000,10,33695000,5,33680000,14,33696000,12,33679000,11,33697000,11,33678000,15,33698000,13
33689000,2,33691000,2,33688000,4,33692000,3,33687000,4,33693000,7,33686000,5,33694000,4,33685000,6,33695000,7,33684000,4,33696000,9,33683000,7,33697000,10,33682000,8,33698000,13,33681000,10,33699000,10,33680000,14,33700000,11
33693000,1,33694000,1,33692000,5,33695000,2,33691000,4,33696000,8,33690000,4,33697000,10,33689000,4,33698000,11,33688000,4,33699000,9,33687000,4,33700000,12,33686000,7,33701000,10,33685000,10,33702000,14,33684000,9,33703000,8
33695000,1,33697000,5,33694000,4,33698000,9,33693000,3,33699000,7,33692000,5,33700000,7,33691000,5,33701000,8,33690000,7,33702000,13,33689000,6,33703000,9,33688000,8,33704000,13,33687000,7,33705000,15,33686000,9,33706000,15
33694000,1,33695000,1,33693000,2,33696000,6,33692000,5,33697000,5,33691000,5,33698000,9,33690000,7,33699000,6,33689000,6,33700000,7,33688000,7,33701000,9,33687000,7,33702000,13,33686000,9,33703000,9,33685000,9,33704000,13
33691000,3,33692000,1,33690000,7,33693000,5,33689000,4,33694000,6,33688000,5,33695000,4,33687000,5,33696000,10,33686000,8,33697000,6,33685000,7,33698000,9,33684000,10,33699000,9,33683000,8,33700000,10,33682000,9,33701000,9
33688000,9,33689000,1,33687000,4,33690000,3,33686000,6,33691000,5,33685000,4,33692000,3,33684000,6,33693000,5,33683000,6,33694000,6,33682000,9,33695000,5,33681000,10,33696000,15,33680000,14,33697000,10,33679000,11,33698000,11
33690000,7,33692000,2,33689000,4,33693000,4,33688000,11,33694000,4,33687000,5,33695000,5,33686000,5,33696000,12,33685000,4,33697000,8,33684000,8,33698000,9,33683000,8,33699000,13,33682000,10,33700000,11,33681000,10,33701000,9
33689000,1,33691000,8,33688000,4,33692000,9,33687000,6,33693000,4,33686000,7,33694000,9,33685000,5,33695000,7,33684000,7,33696000,10,33683000,7,33697000,9,33682000,10,33698000,9,33681000,10,33699000,12,33680000,13,33700000,17
33691000,3,33694000,7,33690000,6,33695000,8,33689000,12,33696000,9,33688000,4,33697000,9,33687000,4,33698000,9,33686000,6,33699000,11,33685000,6,33700000,17,33684000,10,33701000,10,33683000,8,33702000,14,33682000,11,33703000,10
33691000,3,33694000,3,33690000,10,33695000,5,33689000,12,33696000,6,33688000,5,33697000,7,33687000,7,33698000,8,33686000,8,33699000,11,33685000,6,33700000,17,33684000,11,33701000,10,33683000,8,33702000,14,33682000,9,33703000,11
33687000,2,33689000,3,33686000,6,33690000,3,33685000,4,33691000,5,33684000,8,33692000,5,33683000,6,33693000,5,33682000,7,33694000,6,33681000,10,33695000,8,33680000,14,33696000,12,33679000,11,33697000,9,33678000,18,33698000,17
33684000,3,33687000,5,33683000,3,33688000,2,33682000,6,33689000,6,33681000,9,33690000,5,33680000,12,33691000,7,33679000,9,33692000,10,33678000,15,33693000,7,33677000,12,33694000,9,33676000,13,33695000,11,33675000,15,33696000,14
33686000,1,33687000,2,33685000,5,33688000,2,33684000,3,33689000,7,33683000,5,33690000,8,33682000,5,33691000,8,33681000,9,33692000,6,33680000,12,33693000,7,33679000,11,33694000,10,33678000,16,33695000,11,33677000,10,33696000,14
33683000,2,33685000,2,33682000,5,33686000,3,33681000,8,33687000,8,33680000,12,33688000,7,33679000,9,33689000,9,33678000,13,33690000,9,33677000,10,33691000,10,33676000,13,33692000,12,33675000,14,33693000,8,33674000,13,33694000,10
33687000,2,33688000,1,33686000,4,33689000,5,33685000,4,33690000,8,33684000,5,33691000,9,33683000,6,33692000,8,33682000,5,33693000,7,33681000,6,33694000,10,33680000,10,33695000,11,33679000,12,33696000,15,33678000,16,33697000,10
33682000,1,33684000,2,33681000,7,33685000,4,33680000,7,33686000,4,33679000,8,33687000,4,33678000,10,33688000,7,33677000,12,33689000,6,33676000,11,33690000,10,33675000,13,33691000,12,33674000,14,33692000,12,33673000,10,33693000,9
33683000,1,33685000,3,33682000,4,33686000,5,33681000,8,33687000,4,33680000,7,33688000,6,33679000,8,33689000,6,33678000,10,33690000,8,33677000,12,33691000,11,33676000,12,33692000,12,33675000,13,33693000,9,33674000,14,33694000,11
33679000,7,33680000,79,33678000,10,33683000,2,33677000,12,33684000,8,33676000,10,33685000,7,33675000,12,33686000,5,33674000,14,33687000,4,33673000,10,33688000,6,33672000,13,33689000,6,33671000,12,33690000,8,33670000,29,33691000,11
33675000,2,33676000,1,33674000,9,33677000,4,33673000,10,33678000,6,33672000,13,33679000,9,33671000,11,33680000,81,33670000,30,33681000,1,33669000,10,33682000,4,33668000,10,33683000,4,33667000,7,33684000,12,33666000,14,33685000,11
33672000,2,33673000,1,33671000,6,33674000,5,33670000,26,33675000,4,33669000,10,33676000,5,33668000,8,33677000,6,33667000,10,33678000,8,33666000,12,33679000,12,33665000,10,33680000,88,33664000,10,33681000,8,33663000,10,33682000,10
33669000,1,33670000,2,33668000,2,33671000,5,33667000,4,33672000,8,33666000,11,33673000,4,33665000,8,33674000,7,33664000,8,33675000,8,33663000,9,33676000,8,33662000,15,33677000,11,33661000,14,33678000,13,33660000,13,33679000,14
33669000,1,33670000,2,33668000,2,33671000,5,33667000,4,33672000,8,33666000,11,33673000,4,33665000,8,33674000,7,33664000,8,33675000,8,33663000,9,33676000,8,33662000,15,33677000,11,33661000,14,33678000,13,33660000,13,33679000,14
33666000,2,33668000,5,33665000,4,33669000,7,33664000,5,33670000,6,33663000,6,33671000,6,33662000,11,33672000,10,33661000,15,33673000,8,33660000,13,33674000,10,33659000,9,33675000,11,33658000,15,33676000,11,33657000,17,33677000,13
33670000,3,33672000,1,33669000,24,33673000,5,33668000,2,33674000,8,33667000,6,33675000,10,33666000,5,33676000,7,33665000,5,33677000,9,33664000,7,33678000,12,33663000,9,33679000,16,33662000,16,33680000,87,33661000,17,33681000,8
33672000,1,33673000,1,33671000,3,33674000,5,33670000,6,33675000,8,33669000,26,33676000,6,33668000,3,33677000,8,33667000,6,33678000,11,33666000,7,33679000,16,33665000,7,33680000,87,33664000,10,33681000,9,33663000,10,33682000,11
33672000,1,33673000,1,33671000,3,33674000,5,33670000,6,33675000,8,33669000,26,33676000,6,33668000,3,33677000,8,33667000,6,33678000,11,33666000,7,33679000,16,33665000,7,33680000,87,33664000,10,33681000,9,33663000,10,33682000,11
33680000,2,33681000,3,33679000,6,33682000,5,33678000,7,33683000,8,33677000,6,33684000,15,33676000,7,33685000,11,33675000,7,33686000,11,33674000,8,33687000,9,33673000,7,33688000,10,33672000,12,33689000,8,33671000,15,33690000,13
33681000,4,33683000,1,33680000,5,33684000,9,33679000,8,33685000,10,33678000,8,33686000,9,33677000,9,33687000,9,33676000,7,33688000,7,33675000,10,33689000,8,33674000,12,33690000,12,33673000,11,33691000,12,33672000,12,33692000,9
33686000,3,33688000,3,33685000,5,33689000,3,33684000,6,33690000,8,33683000,8,33691000,11,33682000,3,33692000,8,33681000,9,33693000,8,33680000,10,33694000,9,33679000,13,33695000,9,33678000,13,33696000,13,33677000,12,33697000,13
33686000,2,33688000,1,33685000,5,33689000,5,33684000,4,33690000,4,33683000,6,33691000,7,33682000,4,33692000,6,33681000,8,33693000,9,33680000,7,33694000,10,33679000,12,33695000,11,33678000,11,33696000,14,33677000,9,33697000,13
33686000,1,33688000,2,33685000,5,33689000,6,33684000,5,33690000,5,33683000,6,33691000,8,33682000,4,33692000,7,33681000,7,33693000,10,33680000,5,33694000,11,33679000,12,33695000,11,33678000,11,33696000,14,33677000,9,33697000,13
33690000,2,33691000,1,33689000,9,33692000,5,33688000,3,33693000,7,33687000,5,33694000,9,33686000,6,33695000,11,33685000,7,33696000,11,33684000,7,33697000,15,33683000,9,33698000,16,33682000,8,33699000,14,33681000,8,33700000,20
33691000,3,33694000,3,33690000,5,33695000,7,33689000,6,33696000,11,33688000,3,33697000,14,33687000,8,33698000,17,33686000,7,33699000,13,33685000,8,33700000,21,33684000,9,33701000,11,33683000,9,33702000,20,33682000,8,33703000,9
33688000,3,33690000,1,33687000,5,33691000,5,33686000,6,33692000,5,33685000,7,33693000,10,33684000,5,33694000,7,33683000,8,33695000,12,33682000,7,33696000,14,33681000,9,33697000,16,33680000,8,33698000,16,33679000,12,33699000,12
33680000,2,33682000,2,33679000,7,33683000,5,33678000,7,33684000,7,33677000,6,33685000,10,33676000,9,33686000,6,33675000,10,33687000,8,33674000,13,33688000,7,33673000,10,33689000,9,33672000,12,33690000,10,33671000,12,33691000,10
33676000,3,33678000,2,33675000,8,33679000,5,33674000,7,33680000,4,33673000,10,33681000,6,33672000,9,33682000,6,33671000,11,33683000,7,33670000,14,33684000,12,33669000,34,33685000,14,33668000,10,33686000,10,33667000,7,33687000,9
33679000,1,33681000,5,33678000,4,33682000,4,33677000,4,33683000,6,33676000,6,33684000,12,33675000,8,33685000,13,33674000,7,33686000,8,33673000,10,33687000,9,33672000,11,33688000,11,33671000,13,33689000,9,33670000,15,33690000,11
33677000,1,33678000,2,33676000,4,33679000,3,33675000,8,33680000,5,33674000,8,33681000,4,33673000,8,33682000,9,33672000,9,33683000,8,33671000,12,33684000,9,33670000,16,33685000,14,33669000,34,33686000,10,33668000,9,33687000,9
33678000,1,33680000,2,33677000,4,33681000,3,33676000,6,33682000,5,33675000,8,33683000,10,33674000,7,33684000,13,33673000,7,33685000,15,33672000,10,33686000,9,33671000,13,33687000,9,33670000,15,33688000,12,33669000,35,33689000,10
33677000,1,33678000,2,33676000,1,33679000,4,33675000,6,33680000,7,33674000,7,33681000,5,33673000,7,33682000,10,33672000,10,33683000,9,33671000,16,33684000,9,33670000,17,33685000,14,33669000,35,33686000,10,33668000,9,33687000,9
33678000,5,33680000,2,33677000,4,33681000,4,33676000,4,33682000,10,33675000,6,33683000,10,33674000,7,33684000,9,33673000,7,33685000,13,33672000,10,33686000,9,33671000,17,33687000,9,33670000,17,33688000,12,33669000,35,33689000,9
33678000,5,33680000,2,33677000,4,33681000,4,33676000,4,33682000,10,33675000,6,33683000,10,33674000,7,33684000,9,33673000,7,33685000,13,33672000,10,33686000,9,33671000,17,33687000,9,33670000,17,33688000,12,33669000,35,33689000,9
33676000,2,33677000,2,33675000,3,33678000,4,33674000,3,33679000,8,33673000,3,33680000,6,33672000,3,33681000,9,33671000,9,33682000,13,33670000,13,33683000,10,33669000,33,33684000,11,33668000,10,33685000,14,33667000,9,33686000,11
33677000,1,33679000,2,33676000,3,33680000,6,33675000,5,33681000,7,33674000,5,33682000,12,33673000,7,33683000,11,33672000,7,33684000,11,33671000,12,33685000,13,33670000,15,33686000,11,33669000,32,33687000,11,33668000,10,33688000,13
33681000,1,33682000,5,33680000,2,33683000,5,33679000,2,33684000,8,33678000,4,33685000,12,33677000,4,33686000,8,33676000,9,33687000,9,33675000,7,33688000,13,33674000,11,33689000,11,33673000,10,33690000,12,33672000,11,33691000,10
33683000,4,33685000,7,33682000,3,33686000,5,33681000,15,33687000,8,33680000,8,33688000,7,33679000,5,33689000,11,33678000,6,33690000,19,33677000,7,33691000,8,33676000,16,33692000,15,33675000,10,33693000,19,33674000,12,33694000,10
33681000,14,33683000,4,33680000,6,33684000,5,33679000,6,33685000,7,33678000,5,33686000,5,33677000,6,33687000,6,33676000,14,33688000,9,33675000,9,33689000,13,33674000,12,33690000,21,33673000,10,33691000,9,33672000,13,33692000,15
33680000,3,33682000,2,33679000,7,33683000,5,33678000,4,33684000,5,33677000,5,33685000,11,33676000,12,33686000,8,33675000,8,33687000,10,33674000,9,33688000,10,33673000,11,33689000,13,33672000,14,33690000,20,33671000,15,33691000,9
33681000,1,33682000,2,33680000,6,33683000,3,33679000,7,33684000,6,33678000,6,33685000,10,33677000,7,33686000,6,33676000,13,33687000,9,33675000,8,33688000,9,33674000,12,33689000,14,33673000,10,33690000,21,33672000,11,33691000,12
33680000,5,33683000,3,33679000,6,33684000,6,33678000,5,33685000,10,33677000,7,33686000,7,33676000,14,33687000,10,33675000,8,33688000,9,33674000,11,33689000,13,33673000,10,33690000,20,33672000,12,33691000,11,33671000,15,33692000,17
33675000,2,33677000,2,33674000,4,33678000,4,33673000,8,33679000,5,33672000,9,33680000,6,33671000,13,33681000,10,33670000,15,33682000,12,33669000,9,33683000,12,33668000,12,33684000,12,33667000,12,33685000,14,33666000,11,33686000,10
33672000,3,33674000,3,33671000,5,33675000,5,33670000,12,33676000,6,33669000,9,33677000,5,33668000,8,33678000,8,33667000,9,33679000,7,33666000,8,33680000,10,33665000,10,33681000,10,33664000,13,33682000,15,33663000,8,33683000,12
33670000,8,33671000,1,33669000,3,33672000,5,33668000,5,33673000,2,33667000,7,33674000,5,33666000,8,33675000,4,33665000,10,33676000,7,33664000,11,33677000,7,33663000,10,33678000,9,33662000,19,33679000,9,33661000,15,33680000,9
33666000,2,33668000,1,33665000,5,33669000,3,33664000,7,33670000,7,33663000,6,33671000,6,33662000,13,33672000,10,33661000,14,33673000,7,33660000,18,33674000,10,33659000,9,33675000,8,33658000,10,33676000,10,33657000,18,33677000,7
33662000,6,33665000,3,33661000,11,33666000,6,33660000,12,33667000,6,33659000,7,33668000,8,33658000,9,33669000,5,33657000,18,33670000,9,33656000,9,33671000,8,33655000,38,33672000,14,33654000,11,33673000,9,33653000,9,33674000,12
33663000,1,33665000,3,33662000,5,33666000,6,33661000,11,33667000,6,33660000,12,33668000,8,33659000,7,33669000,5,33658000,9,33670000,9,33657000,18,33671000,8,33656000,9,33672000,14,33655000,38,33673000,9,33654000,11,33674000,12
33662000,5,33663000,1,33661000,10,33664000,4,33660000,11,33665000,1,33659000,8,33666000,3,33658000,8,33667000,6,33657000,16,33668000,8,33656000,7,33669000,7,33655000,39,33670000,12,33654000,13,33671000,8,33653000,9,33672000,12
33662000,3,33664000,3,33661000,10,33665000,1,33660000,9,33666000,3,33659000,8,33667000,7,33658000,9,33668000,9,33657000,15,33669000,8,33656000,10,33670000,12,33655000,38,33671000,8,33654000,13,33672000,11,33653000,9,33673000,11
33662000,3,33663000,9,33661000,10,33664000,2,33660000,9,33665000,4,33659000,8,33666000,4,33658000,9,33667000,6,33657000,17,33668000,9,33656000,10,33669000,8,33655000,38,33670000,11,33654000,13,33671000,9,33653000,9,33672000,11
33660000,5,33661000,3,33659000,2,33662000,4,33658000,6,33663000,8,33657000,15,33664000,4,33656000,7,33665000,5,33655000,37,33666000,5,33654000,10,33667000,6,33653000,10,33668000,12,33652000,13,33669000,9,33651000,15,33670000,11
33661000,5,33663000,6,33660000,6,33664000,2,33659000,6,33665000,6,33658000,5,33666000,4,33657000,12,33667000,7,33656000,7,33668000,10,33655000,37,33669000,8,33654000,13,33670000,11,33653000,14,33671000,9,33652000,13,33672000,11
33662000,3,33664000,1,33661000,6,33665000,5,33660000,6,33666000,4,33659000,6,33667000,7,33658000,5,33668000,10,33657000,12,33669000,8,33656000,7,33670000,9,33655000,39,33671000,10,33654000,14,33672000,12,33653000,14,33673000,11
33666000,4,33668000,3,33665000,6,33669000,3,33664000,13,33670000,8,33663000,7,33671000,7,33662000,6,33672000,10,33661000,7,33673000,9,33660000,7,33674000,12,33659000,9,33675000,12,33658000,10,33676000,11,33657000,16,33677000,8
33666000,2,33669000,4,33665000,7,33670000,4,33664000,11,33671000,6,33663000,7,33672000,7,33662000,7,33673000,10,33661000,8,33674000,10,33660000,11,33675000,12,33659000,9,33676000,11,33658000,10,33677000,7,33657000,15,33678000,18
33665000,5,33668000,4,33664000,11,33669000,6,33663000,8,33670000,4,33662000,7,33671000,7,33661000,7,33672000,8,33660000,11,33673000,10,33659000,9,33674000,10,33658000,10,33675000,12,33657000,15,33676000,11,33656000,9,33677000,7
33668000,1,33670000,3,33667000,4,33671000,5,33666000,7,33672000,7,33665000,7,33673000,8,33664000,11,33674000,10,33663000,9,33675000,10,33662000,9,33676000,11,33661000,9,33677000,9,33660000,11,33678000,18,33659000,9,33679000,9
33671000,3,33674000,5,33670000,6,33675000,8,33669000,10,33676000,10,33668000,4,33677000,10,33667000,7,33678000,14,33666000,8,33679000,10,33665000,11,33680000,13,33664000,14,33681000,10,33663000,13,33682000,13,33662000,10,33683000,12
33669000,3,33672000,3,33668000,5,33673000,3,33667000,7,33674000,5,33666000,8,33675000,3,33665000,9,33676000,7,33664000,13,33677000,7,33663000,12,33678000,16,33662000,12,33679000,11,33661000,10,33680000,15,33660000,13,33681000,11
33667000,1,33668000,2,33666000,5,33669000,1,33665000,8,33670000,2,33664000,12,33671000,3,33663000,11,33672000,3,33662000,7,33673000,5,33661000,7,33674000,7,33660000,14,33675000,7,33659000,10,33676000,12,33658000,11,33677000,9
33671000,3,33673000,1,33670000,4,33674000,2,33669000,3,33675000,2,33668000,3,33676000,8,33667000,6,33677000,8,33666000,7,33678000,16,33665000,12,33679000,9,33664000,16,33680000,14,33663000,14,33681000,12,33662000,11,33682000,12
33670000,2,33671000,3,33669000,3,33672000,1,33668000,4,33673000,4,33667000,7,33674000,6,33666000,7,33675000,5,33665000,10,33676000,6,33664000,15,33677000,8,33663000,13,33678000,15,33662000,11,33679000,9,33661000,9,33680000,14
33673000,28,33676000,1,33672000,2,33677000,6,33671000,4,33678000,15,33670000,4,33679000,9,33669000,5,33680000,9,33668000,4,33681000,10,33667000,7,33682000,14,33666000,11,33683000,13,33665000,14,33684000,15,33664000,15,33685000,14
33676000,3,33678000,5,33675000,5,33679000,3,33674000,8,33680000,9,33673000,29,33681000,9,33672000,4,33682000,12,33671000,9,33683000,11,33670000,10,33684000,14,33669000,8,33685000,15,33668000,9,33686000,9,33667000,7,33687000,12
33677000,1,33678000,5,33676000,1,33679000,6,33675000,4,33680000,10,33674000,7,33681000,10,33673000,28,33682000,14,33672000,5,33683000,11,33671000,7,33684000,15,33670000,6,33685000,15,33669000,8,33686000,9,33668000,10,33687000,12
33679000,1,33680000,3,33678000,3,33681000,5,33677000,4,33682000,9,33676000,5,33683000,9,33675000,7,33684000,14,33674000,9,33685000,14,33673000,41,33686000,8,33672000,8,33687000,11,33671000,11,33688000,13,33670000,11,33689000,11
33679000,5,33681000,1,33678000,4,33682000,6,33677000,4,33683000,9,33676000,5,33684000,12,33675000,7,33685000,13,33674000,10,33686000,4,33673000,42,33687000,9,33672000,10,33688000,12,33671000,10,33689000,12,33670000,11,33690000,33
33679000,5,33681000,1,33678000,4,33682000,6,33677000,4,33683000,9,33676000,5,33684000,12,33675000,7,33685000,13,33674000,10,33686000,4,33673000,42,33687000,9,33672000,10,33688000,12,33671000,10,33689000,12,33670000,11,33690000,33
33676000,3,33678000,6,33675000,4,33679000,5,33674000,4,33680000,8,33673000,16,33681000,8,33672000,4,33682000,7,33671000,7,33683000,12,33670000,9,33684000,14,33669000,11,33685000,15,33668000,11,33686000,9,33667000,8,33687000,9
33673000,3,33675000,2,33672000,3,33676000,6,33671000,7,33677000,6,33670000,8,33678000,3,33669000,8,33679000,9,33668000,9,33680000,9,33667000,8,33681000,7,33666000,12,33682000,11,33665000,14,33683000,12,33664000,16,33684000,15
33671000,1,33674000,5,33670000,7,33675000,5,33669000,8,33676000,5,33668000,8,33677000,6,33667000,11,33678000,6,33666000,10,33679000,13,33665000,12,33680000,10,33664000,17,33681000,9,33663000,14,33682000,10,33662000,14,33683000,12
33667000,2,33670000,4,33666000,6,33671000,7,33665000,8,33672000,7,33664000,11,33673000,3,33663000,10,33674000,7,33662000,13,33675000,5,33661000,8,33676000,8,33660000,13,33677000,10,33659000,9,33678000,11,33658000,9,33679000,16
33664000,6,33667000,5,33663000,9,33668000,6,33662000,9,33669000,7,33661000,6,33670000,5,33660000,8,33671000,8,33659000,8,33672000,11,33658000,8,33673000,7,33657000,17,33674000,9,33656000,12,33675000,8,33655000,39,33676000,10
33667000,2,33668000,4,33666000,7,33669000,6,33664000,1,33670000,6,33663000,6,33671000,8,33662000,11,33672000,12,33661000,8,33673000,8,33660000,8,33674000,11,33659000,8,33675000,9,33658000,8,33676000,10,33657000,17,33677000,11
33665000,2,33668000,4,33664000,3,33669000,7,33663000,6,33670000,4,33662000,11,33671000,7,33661000,8,33672000,11,33660000,11,33673000,8,33659000,9,33674000,8,33658000,10,33675000,10,33657000,17,33676000,11,33656000,12,33677000,11
33665000,1,33667000,4,33664000,2,33668000,7,33663000,6,33669000,8,33662000,9,33670000,6,33661000,7,33671000,8,33660000,8,33672000,14,33659000,8,33673000,9,33658000,10,33674000,9,33657000,17,33675000,10,33656000,12,33676000,11
33663000,2,33665000,2,33662000,4,33666000,3,33661000,6,33667000,4,33660000,6,33668000,6,33659000,6,33669000,9,33658000,9,33670000,8,33657000,16,33671000,8,33656000,12,33672000,15,33655000,40,33673000,9,33654000,14,33674000,9
33666000,3,33669000,2,33665000,6,33670000,5,33664000,4,33671000,8,33663000,5,33672000,11,33662000,5,33673000,7,33661000,6,33674000,8,33660000,9,33675000,8,33659000,9,33676000,11,33658000,12,33677000,12,33657000,16,33678000,12
33670000,3,33672000,4,33669000,6,33673000,4,33668000,4,33674000,5,33667000,6,33675000,6,33666000,4,33676000,7,33665000,4,33677000,9,33664000,8,33678000,11,33663000,8,33679000,17,33662000,10,33680000,13,33661000,9,33681000,12
33675000,2,33677000,2,33674000,5,33678000,7,33673000,2,33679000,14,33672000,3,33680000,10,33671000,4,33681000,10,33670000,5,33682000,11,33669000,6,33683000,13,33668000,6,33684000,16,33667000,9,33685000,14,33666000,9,33686000,7
33678000,1,33679000,3,33677000,4,33680000,6,33676000,4,33681000,7,33675000,4,33682000,9,33674000,22,33683000,17,33673000,3,33684000,13,33672000,6,33685000,14,33671000,8,33686000,9,33670000,10,33687000,12,33669000,10,33688000,13
33677000,1,33679000,1,33676000,5,33680000,4,33675000,5,33681000,5,33674000,2,33682000,8,33673000,4,33683000,15,33672000,8,33684000,13,33671000,8,33685000,9,33670000,12,33686000,8,33669000,11,33687000,9,33668000,9,33688000,11
33672000,8,33673000,3,33671000,8,33677000,2,33670000,10,33678000,7,33669000,10,33679000,5,33668000,9,33680000,5,33667000,9,33681000,6,33666000,10,33682000,9,33665000,8,33683000,16,33664000,10,33684000,14,33663000,14,33685000,10
33674000,1,33676000,1,33672000,7,33677000,3,33671000,7,33678000,8,33670000,8,33679000,5,33669000,9,33680000,4,33668000,9,33681000,6,33667000,8,33682000,9,33666000,9,33683000,16,33665000,8,33684000,14,33664000,10,33685000,10
33673000,4,33676000,2,33672000,6,33677000,3,33671000,6,33678000,7,33670000,6,33679000,6,33669000,9,33680000,7,33668000,7,33681000,7,33667000,8,33682000,11,33666000,10,33683000,17,33665000,9,33684000,15,33664000,10,33685000,11
33674000,1,33676000,2,33673000,4,33677000,3,33672000,5,33678000,7,33671000,5,33679000,6,33670000,5,33680000,7,33669000,8,33681000,8,33668000,6,33682000,11,33667000,9,33683000,17,33666000,10,33684000,15,33665000,9,33685000,11
33673000,4,33676000,2,33672000,5,33677000,3,33671000,5,33678000,11,33670000,5,33679000,7,33669000,8,33680000,7,33668000,6,33681000,8,33667000,8,33682000,9,33666000,11,33683000,13,33665000,9,33684000,15,33664000,10,33685000,10
33674000,3,33677000,4,33673000,4,33678000,11,33672000,5,33679000,6,33671000,5,33680000,8,33670000,6,33681000,7,33669000,7,33682000,10,33668000,7,33683000,12,33667000,10,33684000,15,33666000,11,33685000,10,33665000,9,33686000,7
33672000,1,33674000,2,33671000,5,33675000,3,33670000,6,33676000,10,33669000,8,33677000,4,33668000,5,33678000,9,33667000,8,33679000,7,33666000,10,33680000,11,33665000,9,33681000,10,33664000,11,33682000,12,33663000,11,33683000,13
33674000,2,33677000,5,33673000,4,33678000,6,33672000,4,33679000,6,33671000,6,33680000,13,33670000,7,33681000,7,33669000,11,33682000,9,33668000,5,33683000,12,33667000,9,33684000,12,33666000,11,33685000,13,33665000,8,33686000,8
33674000,4,33677000,2,33673000,4,33678000,6,33672000,5,33679000,6,33671000,6,33680000,13,33670000,7,33681000,8,33669000,11,33682000,9,33668000,9,33683000,12,33667000,9,33684000,12,33666000,11,33685000,13,33665000,8,33686000,8
33675000,2,33677000,2,33674000,3,33678000,6,33673000,5,33679000,10,33672000,5,33680000,7,33671000,6,33681000,8,33670000,7,33682000,8,33669000,11,33683000,12,33668000,10,33684000,12,33667000,9,33685000,13,33666000,11,33686000,8
33673000,4,33676000,4,33672000,4,33677000,3,33671000,6,33678000,3,33670000,10,33679000,8,33669000,10,33680000,7,33668000,9,33681000,9,33667000,8,33682000,8,33666000,11,33683000,14,33665000,8,33684000,12,33664000,10,33685000,12
33670000,2,33671000,1,33669000,7,33672000,4,33668000,5,33673000,3,33667000,7,33674000,5,33666000,8,33675000,5,33665000,6,33676000,6,33664000,9,33677000,7,33663000,10,33678000,8,33662000,15,33679000,12,33661000,8,33680000,10
33672000,3,33674000,1,33671000,4,33675000,1,33670000,5,33676000,5,33669000,6,33677000,7,33668000,6,33678000,10,33667000,6,33679000,7,33666000,8,33680000,9,33665000,7,33681000,11,33664000,10,33682000,11,33663000,10,33683000,12
33671000,3,33673000,4,33670000,3,33674000,5,33669000,7,33675000,4,33668000,7,33676000,6,33667000,7,33677000,5,33666000,8,33678000,9,33665000,7,33679000,6,33664000,10,33680000,7,33663000,10,33681000,10,33662000,12,33682000,10
33668000,1,33669000,1,33667000,3,33670000,3,33666000,6,33671000,5,33665000,6,33672000,5,33664000,8,33673000,5,33663000,8,33674000,7,33662000,12,33675000,6,33661000,10,33676000,11,33660000,15,33677000,9,33659000,10,33678000,11
33665000,3,33668000,2,33664000,5,33669000,6,33663000,7,33670000,4,33662000,6,33671000,4,33661000,7,33672000,4,33660000,11,33673000,8,33659000,7,33674000,11,33658000,10,33675000,8,33657000,18,33676000,14,33656000,11,33677000,13
33662000,1,33664000,3,33661000,3,33665000,2,33660000,9,33666000,6,33659000,5,33667000,5,33658000,8,33668000,6,33657000,14,33669000,5,33656000,9,33670000,7,33655000,41,33671000,6,33654000,14,33672000,10,33653000,12,33673000,9
33659000,3,33661000,1,33658000,4,33662000,4,33657000,14,33663000,6,33656000,7,33664000,4,33655000,38,33665000,4,33654000,9,33666000,7,33653000,13,33667000,6,33652000,13,33668000,9,33651000,12,33669000,8,33650000,53,33670000,8
33656000,1,33658000,3,33655000,32,33659000,6,33654000,6,33660000,4,33653000,8,33661000,7,33652000,13,33662000,6,33651000,11,33663000,8,33650000,51,33664000,7,33649000,8,33665000,8,33648000,10,33666000,11,33647000,10,33667000,9
33657000,3,33659000,2,33656000,3,33660000,4,33655000,6,33661000,5,33654000,7,33662000,5,33653000,7,33663000,8,33652000,12,33664000,6,33651000,13,33665000,5,33650000,54,33666000,9,33649000,10,33667000,9,33648000,10,33668000,10
33656000,1,33658000,2,33655000,6,33659000,5,33654000,6,33660000,4,33653000,5,33661000,8,33652000,13,33662000,7,33651000,13,33663000,7,33650000,53,33664000,5,33649000,11,33665000,6,33648000,11,33666000,10,33647000,10,33667000,8
33654000,2,33656000,5,33653000,1,33657000,3,33652000,10,33658000,3,33651000,12,33659000,5,33650000,50,33660000,6,33649000,9,33661000,9,33648000,9,33662000,9,33647000,11,33663000,9,33646000,11,33664000,8,33645000,10,33665000,7
33650000,45,33651000,1,33649000,11,33652000,4,33648000,8,33653000,5,33647000,11,33654000,5,33646000,11,33655000,4,33645000,7,33656000,5,33644000,11,33657000,7,33643000,11,33658000,5,33642000,11,33659000,9,33641000,12,33660000,9
33656000,1,33657000,3,33655000,3,33658000,2,33654000,4,33659000,6,33653000,4,33660000,7,33652000,5,33661000,9,33651000,4,33662000,10,33650000,8,33663000,8,33649000,11,33664000,8,33648000,10,33665000,8,33647000,11,33666000,10
33652000,4,33653000,1,33651000,4,33654000,1,33650000,6,33655000,2,33649000,8,33656000,5,33648000,5,33657000,7,33647000,8,33658000,3,33646000,13,33659000,7,33645000,11,33660000,7,33644000,13,33661000,9,33643000,12,33662000,11
33655000,1,33656000,3,33654000,2,33657000,7,33653000,8,33658000,3,33652000,9,33659000,8,33651000,4,33660000,9,33650000,7,33661000,10,33649000,6,33662000,11,33648000,6,33663000,9,33647000,9,33664000,9,33646000,11,33665000,7
33658000,1,33659000,2,33657000,1,33660000,6,33656000,3,33661000,8,33655000,4,33662000,9,33654000,11,33663000,8,33653000,6,33664000,6,33652000,9,33665000,7,33651000,7,33666000,11,33650000,12,33667000,9,33649000,10,33668000,10
33659000,3,33661000,1,33658000,4,33662000,3,33657000,3,33663000,7,33656000,3,33664000,5,33655000,5,33665000,7,33654000,13,33666000,7,33653000,8,33667000,7,33652000,13,33668000,10,33651000,9,33669000,10,33650000,12,33670000,11
33657000,1,33659000,2,33656000,9,33660000,3,33655000,6,33661000,5,33654000,7,33662000,5,33653000,9,33663000,8,33652000,13,33664000,6,33651000,9,33665000,7,33650000,13,33666000,11,33649000,9,33667000,9,33648000,10,33668000,10
33657000,3,33660000,4,33656000,8,33661000,8,33655000,6,33662000,6,33654000,7,33663000,6,33653000,10,33664000,5,33652000,10,33665000,8,33651000,11,33666000,11,33650000,13,33667000,8,33649000,9,33668000,10,33648000,9,33669000,10
33652000,4,33653000,1,33651000,4,33654000,4,33650000,9,33655000,6,33649000,7,33656000,7,33648000,10,33657000,9,33647000,8,33658000,5,33646000,12,33659000,8,33645000,10,33660000,10,33644000,15,33661000,11,33643000,11,33662000,9
33649000,2,33650000,2,33648000,2,33651000,4,33647000,7,33652000,4,33646000,9,33653000,4,33645000,8,33654000,7,33644000,12,33655000,5,33643000,9,33656000,7,33642000,11,33657000,12,33641000,12,33658000,8,33640000,14,33659000,7
33649000,2,33650000,2,33648000,2,33651000,4,33647000,7,33652000,4,33646000,9,33653000,4,33645000,8,33654000,7,33644000,12,33655000,5,33643000,9,33656000,7,33642000,11,33657000,12,33641000,12,33658000,8,33640000,14,33659000,7
33645000,2,33647000,2,33644000,3,33648000,7,33643000,5,33649000,7,33642000,7,33650000,8,33641000,10,33651000,9,33640000,18,33652000,9,33639000,14,33653000,11,33638000,12,33654000,10,33637000,8,33655000,7,33636000,11,33656000,9
33645000,1,33646000,4,33643000,2,33647000,8,33642000,3,33648000,9,33641000,5,33649000,10,33640000,15,33650000,15,33639000,13,33651000,10,33638000,10,33652000,12,33637000,8,33653000,11,33636000,12,33654000,11,33635000,11,33655000,6
33646000,1,33648000,2,33645000,3,33649000,5,33644000,5,33650000,12,33643000,6,33651000,8,33642000,4,33652000,9,33641000,7,33653000,11,33640000,17,33654000,9,33639000,17,33655000,9,33638000,14,33656000,10,33637000,11,33657000,10
33644000,4,33645000,4,33643000,4,33647000,4,33642000,4,33648000,5,33641000,7,33649000,4,33640000,14,33650000,5,33639000,13,33651000,7,33638000,11,33652000,9,33637000,10,33653000,10,33636000,10,33654000,8,33635000,9,33655000,7
33646000,2,33648000,1,33645000,4,33649000,3,33644000,6,33650000,7,33643000,4,33651000,7,33642000,3,33652000,8,33641000,8,33653000,10,33640000,15,33654000,8,33639000,14,33655000,7,33638000,11,33656000,7,33637000,10,33657000,8
33648000,6,33651000,2,33647000,4,33652000,3,33646000,4,33653000,6,33645000,5,33654000,10,33644000,7,33655000,10,33643000,7,33656000,10,33642000,5,33657000,6,33641000,8,33658000,7,33640000,16,33659000,6,33639000,14,33660000,10
33649000,3,33652000,4,33648000,7,33653000,6,33647000,4,33654000,9,33646000,4,33655000,10,33645000,5,33656000,10,33644000,7,33657000,6,33643000,7,33658000,7,33642000,6,33659000,6,33641000,8,33660000,8,33640000,16,33661000,13
33645000,3,33647000,2,33644000,4,33648000,3,33643000,4,33649000,3,33642000,4,33650000,4,33641000,7,33651000,7,33640000,14,33652000,7,33639000,13,33653000,9,33638000,11,33654000,11,33637000,9,33655000,9,33636000,12,33656000,10
33642000,1,33643000,3,33641000,2,33644000,4,33640000,14,33645000,5,33639000,12,33646000,6,33638000,8,33647000,5,33637000,8,33648000,5,33636000,12,33649000,5,33635000,9,33650000,7,33634000,7,33651000,9,33633000,9,33652000,8
33643000,2,33645000,1,33642000,4,33646000,6,33641000,4,33647000,4,33640000,11,33648000,5,33639000,12,33649000,5,33638000,8,33650000,9,33637000,9,33651000,11,33636000,14,33652000,10,33635000,11,33653000,9,33634000,7,33654000,11
33640000,11,33642000,1,33639000,11,33643000,4,33638000,9,33644000,6,33637000,7,33645000,5,33636000,13,33646000,3,33635000,9,33647000,5,33634000,7,33648000,6,33633000,7,33649000,8,33632000,14,33650000,10,33631000,7,33651000,11
33639000,3,33641000,2,33638000,5,33642000,3,33637000,5,33643000,9,33636000,7,33644000,9,33635000,8,33645000,10,33634000,8,33646000,8,33633000,9,33647000,8,33632000,13,33648000,8,33631000,7,33649000,8,33630000,33,33650000,9
33642000,5,33644000,1,33641000,7,33645000,3,33640000,6,33646000,7,33639000,7,33647000,7,33638000,7,33648000,11,33637000,8,33649000,9,33636000,8,33650000,9,33635000,9,33651000,11,33634000,9,33652000,9,33633000,9,33653000,11
33642000,4,33648000,5,33641000,9,33649000,7,33640000,6,33650000,8,33639000,7,33651000,10,33638000,7,33652000,9,33637000,10,33653000,11,33636000,9,33654000,13,33635000,10,33655000,9,33634000,8,33656000,10,33633000,9,33657000,12
33649000,3,33651000,1,33648000,4,33652000,3,33647000,5,33653000,6,33646000,4,33654000,11,33645000,5,33655000,9,33644000,8,33656000,10,33643000,8,33657000,7,33642000,8,33658000,7,33641000,11,33659000,6,33640000,7,33660000,11
33653000,1,33655000,4,33652000,3,33656000,7,33651000,4,33657000,5,33650000,5,33658000,8,33649000,5,33659000,4,33648000,4,33660000,10,33647000,7,33661000,13,33646000,7,33662000,6,33645000,8,33663000,10,33644000,9,33664000,10
33652000,1,33654000,2,33651000,4,33655000,5,33650000,5,33656000,7,33649000,5,33657000,5,33648000,4,33658000,8,33647000,7,33659000,4,33646000,7,33660000,10,33645000,8,33661000,13,33644000,9,33662000,6,33643000,9,33663000,10
33646000,3,33649000,3,33645000,6,33650000,3,33644000,7,33651000,3,33643000,8,33652000,2,33642000,7,33653000,5,33641000,10,33654000,8,33640000,7,33655000,7,33639000,11,33656000,10,33638000,9,33657000,10,33637000,13,33658000,11
33648000,3,33651000,2,33647000,6,33652000,2,33646000,4,33653000,5,33645000,6,33654000,8,33644000,7,33655000,7,33643000,8,33656000,10,33642000,9,33657000,10,33641000,11,33658000,11,33640000,7,33659000,7,33639000,11,33660000,10
33649000,1,33651000,6,33648000,4,33652000,3,33647000,7,33653000,5,33646000,8,33654000,5,33645000,9,33655000,6,33644000,9,33656000,10,33643000,10,33657000,8,33642000,10,33658000,9,33641000,11,33659000,8,33640000,8,33660000,9
33652000,2,33653000,1,33651000,3,33654000,4,33650000,3,33655000,4,33649000,3,33656000,11,33648000,4,33657000,9,33647000,5,33658000,8,33646000,9,33659000,10,33645000,11,33660000,9,33644000,9,33661000,16,33643000,10,33662000,6
33652000,2,33655000,4,33651000,4,33656000,4,33650000,12,33657000,6,33649000,5,33658000,8,33648000,9,33659000,9,33647000,6,33660000,11,33646000,11,33661000,16,33645000,11,33662000,6,33644000,9,33663000,9,33643000,10,33664000,9
33652000,5,33655000,1,33651000,4,33656000,4,33650000,12,33657000,6,33649000,5,33658000,8,33648000,9,33659000,9,33647000,6,33660000,11,33646000,11,33661000,16,33645000,11,33662000,6,33644000,9,33663000,9,33643000,10,33664000,9
33653000,1,33655000,1,33652000,5,33656000,4,33651000,4,33657000,6,33650000,11,33658000,8,33649000,5,33659000,10,33648000,9,33660000,11,33647000,6,33661000,16,33646000,10,33662000,6,33645000,11,33663000,9,33644000,9,33664000,9
33653000,4,33656000,3,33652000,5,33657000,6,33651000,4,33658000,6,33650000,11,33659000,7,33649000,5,33660000,9,33648000,10,33661000,16,33647000,9,33662000,8,33646000,11,33663000,10,33645000,11,33664000,10,33644000,10,33665000,8
33648000,2,33651000,5,33647000,4,33652000,7,33646000,8,33653000,4,33645000,8,33654000,10,33644000,8,33655000,11,33643000,9,33656000,10,33642000,13,33657000,8,33641000,11,33658000,9,33640000,8,33659000,9,33639000,13,33660000,11
33647000,2,33650000,3,33646000,8,33651000,5,33645000,8,33652000,7,33644000,8,33653000,6,33643000,8,33654000,8,33642000,13,33655000,12,33641000,11,33656000,10,33640000,8,33657000,8,33639000,13,33658000,10,33638000,12,33659000,10
33647000,3,33650000,3,33646000,8,33651000,4,33645000,8,33652000,7,33644000,8,33653000,7,33643000,8,33654000,8,33642000,13,33655000,12,33641000,11,33656000,10,33640000,8,33657000,8,33639000,13,33658000,10,33638000,12,33659000,10
33644000,1,33646000,4,33643000,6,33647000,5,33642000,10,33648000,7,33641000,10,33649000,8,33640000,7,33650000,5,33639000,11,33651000,10,33638000,10,33652000,7,33637000,11,33653000,9,33636000,16,33654000,9,33635000,12,33655000,12
33645000,2,33647000,3,33644000,3,33648000,5,33643000,2,33649000,10,33642000,4,33650000,8,33641000,4,33651000,11,33640000,4,33652000,10,33639000,12,33653000,9,33638000,11,33654000,11,33637000,11,33655000,13,33636000,13,33656000,10
33647000,2,33649000,3,33646000,3,33650000,5,33645000,3,33651000,9,33644000,8,33652000,8,33643000,3,33653000,10,33642000,5,33654000,11,33641000,7,33655000,13,33640000,8,33656000,10,33639000,12,33657000,9,33638000,11,33658000,11
33641000,1,33643000,5,33640000,3,33644000,2,33639000,8,33645000,7,33638000,8,33646000,6,33637000,8,33647000,7,33636000,13,33648000,10,33635000,11,33649000,10,33634000,10,33650000,8,33633000,10,33651000,11,33632000,12,33652000,9
33642000,1,33644000,2,33641000,4,33645000,6,33640000,5,33646000,6,33639000,5,33647000,8,33638000,7,33648000,12,33637000,10,33649000,11,33636000,12,33650000,8,33635000,11,33651000,12,33634000,11,33652000,9,33633000,10,33653000,10
33646000,2,33648000,1,33645000,3,33649000,6,33644000,6,33650000,6,33643000,4,33651000,11,33642000,5,33652000,9,33641000,6,33653000,9,33640000,8,33654000,11,33639000,10,33655000,13,33638000,9,33656000,10,33637000,12,33657000,14
33644000,2,33645000,1,33643000,3,33646000,6,33642000,5,33647000,5,33641000,6,33648000,5,33640000,7,33649000,4,33639000,11,33650000,8,33638000,9,33651000,10,33637000,12,33652000,9,33636000,14,33653000,8,33635000,11,33654000,12
33646000,1,33647000,2,33645000,5,33648000,3,33644000,6,33649000,4,33643000,4,33650000,12,33642000,6,33651000,11,33641000,7,33652000,9,33640000,9,33653000,9,33639000,7,33654000,11,33638000,11,33655000,14,33637000,11,33656000,10
33647000,2,33649000,3,33646000,5,33650000,8,33645000,6,33651000,9,33644000,8,33652000,8,33643000,6,33653000,8,33642000,8,33654000,11,33641000,10,33655000,14,33640000,9,33656000,10,33639000,8,33657000,9,33638000,10,33658000,11
33648000,3,33651000,3,33647000,5,33652000,6,33646000,5,33653000,7,33645000,5,33654000,11,33644000,8,33655000,13,33643000,8,33656000,10,33642000,11,33657000,9,33641000,11,33658000,11,33640000,10,33659000,10,33639000,9,33660000,13
33648000,3,33651000,3,33647000,5,33652000,6,33646000,5,33653000,7,33645000,5,33654000,11,33644000,8,33655000,13,33643000,8,33656000,10,33642000,11,33657000,9,33641000,11,33658000,11,33640000,10,33659000,10,33639000,9,33660000,13
33648000,3,33651000,3,33647000,5,33652000,6,33646000,5,33653000,7,33645000,5,33654000,11,33644000,8,33655000,13,33643000,8,33656000,10,33642000,11,33657000,9,33641000,11,33658000,11,33640000,10,33659000,10,33639000,9,33660000,13
33639000,1,33646000,2,33638000,6,33647000,1,33637000,8,33648000,2,33636000,10,33649000,1,33635000,9,33650000,8,33634000,9,33651000,7,33633000,8,33652000,5,33632000,10,33653000,8,33631000,7,33654000,10,33630000,34,33655000,12
33635000,5,33636000,1,33634000,4,33637000,4,33633000,5,33638000,4,33632000,9,33639000,7,33631000,7,33640000,5,33630000,31,33641000,3,33629000,6,33642000,5,33628000,18,33643000,10,33627000,11,33644000,10,33626000,9,33645000,14
33636000,20,33638000,4,33635000,3,33639000,6,33634000,3,33640000,6,33633000,4,33641000,4,33632000,9,33642000,7,33631000,7,33643000,10,33630000,33,33644000,11,33629000,5,33645000,15,33628000,18,33646000,9,33627000,11,33647000,9
33639000,1,33641000,1,33638000,4,33642000,3,33637000,5,33643000,9,33636000,25,33644000,9,33635000,5,33645000,13,33634000,3,33646000,9,33633000,6,33647000,10,33632000,15,33648000,8,33631000,9,33649000,8,33630000,34,33650000,13
33642000,3,33644000,1,33641000,3,33645000,7,33640000,6,33646000,6,33639000,7,33647000,9,33638000,4,33648000,10,33637000,4,33649000,10,33636000,26,33650000,13,33635000,9,33651000,11,33634000,6,33652000,9,33633000,6,33653000,10
33645000,1,33647000,2,33644000,4,33648000,3,33643000,5,33649000,4,33642000,3,33650000,12,33641000,4,33651000,9,33640000,7,33652000,8,33639000,8,33653000,11,33638000,6,33654000,12,33637000,8,33655000,12,33636000,28,33656000,10
33652000,3,33654000,1,33651000,3,33655000,4,33650000,3,33656000,7,33649000,6,33657000,7,33648000,6,33658000,9,33647000,27,33659000,11,33646000,7,33660000,13,33645000,9,33661000,14,33644000,8,33662000,6,33643000,9,33663000,11
33651000,3,33654000,4,33650000,3,33655000,4,33649000,6,33656000,7,33648000,6,33657000,7,33647000,27,33658000,10,33646000,7,33659000,11,33645000,9,33660000,13,33644000,8,33661000,14,33643000,9,33662000,6,33642000,6,33663000,11
33652000,2,33655000,4,33651000,24,33656000,7,33650000,11,33657000,8,33649000,3,33658000,10,33648000,7,33659000,10,33647000,6,33660000,12,33646000,9,33661000,16,33645000,10,33662000,7,33644000,8,33663000,12,33643000,9,33664000,10
33652000,1,33654000,6,33651000,22,33655000,7,33650000,12,33656000,8,33649000,3,33657000,8,33648000,7,33658000,10,33647000,6,33659000,10,33646000,9,33660000,12,33645000,10,33661000,16,33644000,8,33662000,7,33643000,9,33663000,12
33652000,1,33654000,6,33651000,4,33655000,8,33650000,13,33656000,6,33649000,3,33657000,9,33648000,6,33658000,9,33647000,7,33659000,11,33646000,8,33660000,11,33645000,11,33661000,16,33644000,8,33662000,7,33643000,9,33663000,11
33649000,1,33651000,3,33648000,4,33652000,7,33647000,5,33653000,7,33646000,5,33654000,9,33645000,8,33655000,9,33644000,6,33656000,11,33643000,10,33657000,10,33642000,6,33658000,9,33641000,7,33659000,11,33640000,10,33660000,12
33646000,1,33648000,2,33645000,7,33649000,4,33644000,6,33650000,6,33643000,7,33651000,6,33642000,6,33652000,8,33641000,8,33653000,10,33640000,9,33654000,10,33639000,9,33655000,11,33638000,9,33656000,12,33637000,12,33657000,12
33641000,2,33643000,1,33640000,4,33644000,5,33639000,7,33645000,5,33638000,6,33646000,8,33637000,6,33647000,7,33636000,8,33648000,9,33635000,9,33649000,7,33634000,7,33650000,10,33633000,7,33651000,9,33632000,14,33652000,11
33644000,2,33646000,1,33643000,7,33647000,4,33642000,5,33648000,4,33641000,8,33649000,4,33640000,5,33650000,5,33639000,8,33651000,9,33638000,8,33652000,4,33637000,9,33653000,12,33636000,10,33654000,12,33635000,11,33655000,11
33647000,2,33650000,5,33646000,5,33651000,6,33645000,4,33652000,4,33644000,6,33653000,13,33643000,8,33654000,11,33642000,5,33655000,10,33641000,9,33656000,14,33640000,7,33657000,11,33639000,8,33658000,11,33638000,8,33659000,11
33645000,1,33646000,1,33644000,6,33647000,5,33643000,7,33648000,4,33642000,9,33649000,3,33641000,5,33650000,9,33640000,8,33651000,4,33639000,8,33652000,5,33638000,8,33653000,12,33637000,9,33654000,11,33636000,10,33655000,8
33643000,1,33645000,4,33642000,4,33646000,4,33641000,5,33647000,7,33640000,9,33648000,5,33639000,7,33649000,9,33638000,6,33650000,9,33637000,9,33651000,4,33636000,9,33652000,7,33635000,9,33653000,11,33634000,8,33654000,13
33640000,7,33641000,4,33639000,7,33642000,4,33638000,6,33643000,5,33637000,5,33644000,5,33636000,9,33645000,5,33635000,8,33646000,6,33634000,7,33647000,8,33633000,6,33648000,8,33632000,14,33649000,10,33631000,9,33650000,8
33642000,2,33643000,2,33641000,3,33644000,2,33640000,4,33645000,3,33639000,4,33646000,7,33638000,5,33647000,9,33637000,5,33648000,10,33636000,9,33649000,11,33635000,8,33650000,8,33634000,8,33651000,8,33633000,7,33652000,10
33643000,2,33645000,1,33642000,4,33646000,4,33641000,15,33647000,6,33640000,6,33648000,8,33639000,7,33649000,8,33638000,8,33650000,6,33637000,8,33651000,8,33636000,9,33652000,10,33635000,9,33653000,10,33634000,7,33654000,15
33650000,1,33651000,1,33649000,3,33652000,6,33648000,4,33653000,8,33647000,5,33654000,11,33646000,3,33655000,11,33645000,4,33656000,13,33644000,4,33657000,10,33643000,10,33658000,10,33642000,8,33659000,10,33641000,17,33660000,15
33651000,2,33653000,4,33650000,4,33654000,9,33649000,4,33655000,8,33648000,4,33656000,8,33647000,6,33657000,9,33646000,3,33658000,10,33645000,7,33659000,11,33644000,7,33660000,15,33643000,9,33661000,15,33642000,7,33662000,7
33654000,2,33655000,1,33653000,4,33656000,3,33652000,5,33657000,8,33651000,4,33658000,8,33650000,3,33659000,8,33649000,4,33660000,14,33648000,6,33661000,15,33647000,7,33662000,8,33646000,6,33663000,11,33645000,7,33664000,9
33652000,2,33654000,1,33651000,3,33655000,3,33650000,5,33656000,6,33649000,4,33657000,6,33648000,5,33658000,7,33647000,9,33659000,8,33646000,6,33660000,12,33645000,9,33661000,16,33644000,6,33662000,11,33643000,12,33663000,13
33655000,2,33658000,6,33654000,5,33659000,7,33653000,4,33660000,11,33652000,5,33661000,16,33651000,4,33662000,12,33650000,6,33663000,13,33649000,6,33664000,11,33648000,6,33665000,7,33647000,8,33666000,8,33646000,6,33667000,9
33658000,3,33660000,1,33657000,5,33661000,14,33656000,4,33662000,10,33655000,5,33663000,10,33654000,6,33664000,12,33653000,6,33665000,11,33652000,6,33666000,9,33651000,6,33667000,12,33650000,7,33668000,12,33649000,6,33669000,16
33659000,4,33662000,4,33658000,4,33663000,10,33657000,5,33664000,9,33656000,5,33665000,10,33655000,4,33666000,9,33654000,8,33667000,12,33653000,9,33668000,12,33652000,6,33669000,14,33651000,6,33670000,10,33650000,7,33671000,6
33658000,3,33661000,4,33657000,5,33662000,4,33656000,6,33663000,5,33655000,6,33664000,8,33654000,8,33665000,10,33653000,10,33666000,12,33652000,6,33667000,13,33651000,7,33668000,15,33650000,7,33669000,14,33649000,6,33670000,10
33658000,1,33660000,7,33657000,5,33661000,7,33656000,6,33662000,5,33655000,7,33663000,8,33654000,7,33664000,8,33653000,9,33665000,10,33652000,6,33666000,11,33651000,7,33667000,13,33650000,6,33668000,15,33649000,7,33669000,14
33659000,1,33661000,1,33658000,3,33662000,5,33657000,4,33663000,7,33656000,5,33664000,7,33655000,7,33665000,10,33654000,7,33666000,11,33653000,9,33667000,14,33652000,7,33668000,15,33651000,7,33669000,14,33650000,6,33670000,10
33658000,4,33660000,1,33657000,7,33661000,6,33656000,6,33662000,8,33655000,6,33663000,5,33654000,10,33664000,7,33653000,9,33665000,8,33652000,9,33666000,10,33651000,7,33667000,9,33650000,21,33668000,16,33649000,7,33669000,12
33660000,1,33661000,2,33659000,4,33662000,8,33658000,4,33663000,5,33657000,5,33664000,7,33656000,6,33665000,8,33655000,6,33666000,10,33654000,10,33667000,11,33653000,11,33668000,16,33652000,9,33669000,12,33651000,7,33670000,10
33662000,1,33664000,2,33661000,4,33665000,2,33660000,5,33666000,6,33659000,4,33667000,9,33658000,6,33668000,16,33657000,5,33669000,15,33656000,9,33670000,10,33655000,7,33671000,7,33654000,11,33672000,14,33653000,11,33673000,14
33665000,1,33667000,3,33664000,4,33668000,11,33663000,4,33669000,13,33662000,7,33670000,11,33661000,5,33671000,9,33660000,5,33672000,15,33659000,6,33673000,13,33658000,7,33674000,10,33657000,8,33675000,10,33656000,8,33676000,13
33667000,3,33670000,5,33666000,2,33671000,4,33665000,4,33672000,8,33664000,4,33673000,12,33663000,5,33674000,13,33662000,10,33675000,13,33661000,7,33676000,14,33660000,7,33677000,12,33659000,8,33678000,13,33658000,8,33679000,8
33664000,3,33667000,2,33663000,5,33668000,4,33662000,6,33669000,4,33661000,7,33670000,7,33660000,5,33671000,5,33659000,9,33672000,10,33658000,8,33673000,12,33657000,7,33674000,13,33656000,10,33675000,12,33655000,11,33676000,14
33664000,2,33666000,1,33663000,3,33667000,3,33662000,6,33668000,3,33661000,6,33669000,5,33660000,5,33670000,8,33659000,8,33671000,6,33658000,8,33672000,11,33657000,7,33673000,12,33656000,10,33674000,13,33655000,9,33675000,12
33666000,3,33668000,1,33665000,1,33669000,4,33664000,3,33670000,7,33663000,2,33671000,6,33662000,5,33672000,12,33661000,5,33673000,12,33660000,7,33674000,13,33659000,9,33675000,12,33658000,9,33676000,13,33657000,7,33677000,12
33669000,3,33672000,5,33668000,3,33673000,11,33667000,3,33674000,10,33666000,4,33675000,13,33665000,4,33676000,13,33664000,5,33677000,12,33663000,5,33678000,12,33662000,9,33679000,8,33661000,7,33680000,13,33660000,8,33681000,13
33669000,1,33670000,1,33668000,3,33671000,2,33667000,3,33672000,4,33666000,5,33673000,4,33665000,6,33674000,8,33664000,6,33675000,15,33663000,6,33676000,13,33662000,6,33677000,15,33661000,8,33678000,12,33660000,10,33679000,9
33667000,5,33669000,1,33666000,5,33670000,1,33665000,5,33671000,4,33664000,6,33672000,5,33663000,4,33673000,4,33662000,7,33674000,9,33661000,8,33675000,17,33660000,10,33676000,15,33659000,8,33677000,15,33658000,10,33678000,12
33668000,1,33669000,1,33667000,2,33671000,3,33666000,7,33672000,7,33665000,6,33673000,6,33664000,7,33674000,10,33663000,7,33675000,16,33662000,7,33676000,15,33661000,8,33677000,15,33660000,10,33678000,12,33659000,8,33679000,9
33666000,4,33668000,2,33665000,7,33669000,4,33664000,7,33670000,2,33663000,7,33671000,7,33662000,8,33672000,6,33661000,8,33673000,7,33660000,10,33674000,10,33659000,8,33675000,16,33658000,10,33676000,15,33657000,10,33677000,15
33666000,2,33668000,2,33665000,5,33669000,3,33664000,6,33670000,2,33663000,7,33671000,7,33662000,8,33672000,7,33661000,7,33673000,7,33660000,9,33674000,10,33659000,8,33675000,16,33658000,9,33676000,15,33657000,10,33677000,15
33666000,2,33668000,2,33665000,4,33669000,4,33664000,6,33670000,4,33663000,5,33671000,7,33662000,11,33672000,10,33661000,5,33673000,8,33660000,12,33674000,10,33659000,10,33675000,15,33658000,12,33676000,15,33657000,11,33677000,16
33663000,3,33666000,3,33662000,11,33667000,4,33661000,5,33668000,4,33660000,9,33669000,6,33659000,9,33670000,6,33658000,12,33671000,9,33657000,12,33672000,11,33656000,10,33673000,8,33655000,7,33674000,12,33654000,14,33675000,15
33660000,4,33661000,1,33659000,7,33662000,4,33658000,10,33663000,3,33657000,12,33664000,6,33656000,10,33665000,2,33655000,7,33666000,8,33654000,14,33667000,9,33653000,12,33668000,11,33652000,11,33669000,8,33651000,11,33670000,8
33660000,5,33663000,3,33659000,5,33664000,6,33658000,4,33665000,3,33657000,5,33666000,7,33656000,9,33667000,10,33655000,7,33668000,9,33654000,12,33669000,9,33653000,10,33670000,8,33652000,10,33671000,9,33651000,7,33672000,13
33663000,1,33665000,1,33662000,5,33666000,6,33661000,8,33667000,8,33660000,6,33668000,7,33659000,7,33669000,9,33658000,6,33670000,9,33657000,5,33671000,9,33656000,11,33672000,12,33655000,8,33673000,8,33654000,12,33674000,14
33657000,3,33660000,3,33656000,9,33661000,4,33655000,7,33662000,5,33654000,10,33663000,9,33653000,10,33664000,9,33652000,11,33665000,6,33651000,8,33666000,7,33650000,22,33667000,8,33649000,8,33668000,9,33648000,11,33669000,9
33657000,3,33660000,5,33656000,3,33661000,4,33655000,6,33662000,7,33654000,12,33663000,9,33653000,8,33664000,8,33652000,10,33665000,7,33651000,8,33666000,6,33650000,23,33667000,8,33649000,8,33668000,9,33648000,9,33669000,9
33657000,1,33659000,4,33656000,3,33660000,6,33655000,8,33661000,3,33654000,11,33662000,7,33653000,7,33663000,9,33652000,10,33664000,8,33651000,9,33665000,7,33650000,23,33666000,6,33649000,8,33667000,8,33648000,9,33668000,9
33654000,1,33656000,6,33653000,4,33657000,8,33652000,7,33658000,4,33651000,7,33659000,5,33650000,24,33660000,10,33649000,8,33661000,8,33648000,9,33662000,6,33647000,7,33663000,9,33646000,7,33664000,10,33645000,10,33665000,8
33652000,1,33654000,2,33651000,6,33655000,5,33650000,24,33656000,6,33649000,9,33657000,7,33648000,9,33658000,6,33647000,5,33659000,6,33646000,6,33660000,10,33645000,8,33661000,7,33644000,7,33662000,6,33643000,11,33663000,9
33647000,6,33650000,3,33646000,7,33651000,6,33645000,7,33652000,3,33644000,8,33653000,5,33643000,8,33654000,7,33642000,11,33655000,6,33641000,8,33656000,7,33640000,11,33657000,7,33639000,11,33658000,7,33638000,12,33659000,7
33644000,1,33646000,3,33643000,6,33647000,4,33642000,11,33648000,5,33641000,8,33649000,4,33640000,10,33650000,7,33639000,12,33651000,8,33638000,10,33652000,8,33637000,8,33653000,7,33636000,12,33654000,6,33635000,12,33655000,6
33640000,3,33642000,1,33639000,7,33643000,3,33638000,6,33644000,4,33637000,4,33645000,4,33636000,11,33646000,6,33635000,11,33647000,8,33634000,10,33648000,6,33633000,8,33649000,9,33632000,16,33650000,9,33631000,10,33651000,8
33635000,2,33637000,4,33634000,5,33638000,4,33633000,5,33639000,4,33632000,14,33640000,5,33631000,9,33641000,5,33630000,30,33642000,12,33629000,8,33643000,10,33628000,17,33644000,9,33627000,9,33645000,8,33626000,9,33646000,8
33634000,2,33636000,3,33633000,4,33637000,5,33632000,11,33638000,4,33631000,9,33639000,4,33630000,30,33640000,7,33629000,8,33641000,7,33628000,18,33642000,11,33627000,9,33643000,10,33626000,9,33644000,9,33625000,9,33645000,8
33634000,2,33637000,5,33633000,5,33638000,5,33632000,10,33639000,5,33631000,6,33640000,17,33630000,29,33641000,7,33629000,9,33642000,12,33628000,17,33643000,9,33627000,8,33644000,7,33626000,9,33645000,10,33625000,10,33646000,8
33634000,1,33635000,1,33633000,4,33636000,3,33632000,8,33637000,6,33631000,6,33638000,6,33630000,29,33639000,6,33629000,10,33640000,17,33628000,17,33641000,7,33627000,8,33642000,12,33626000,9,33643000,9,33625000,10,33644000,7
33635000,2,33637000,3,33634000,4,33638000,6,33633000,6,33639000,5,33632000,9,33640000,7,33631000,7,33641000,7,33630000,30,33642000,12,33629000,10,33643000,9,33628000,17,33644000,8,33627000,9,33645000,10,33626000,9,33646000,9
33640000,22,33642000,2,33639000,6,33643000,4,33638000,4,33644000,5,33637000,4,33645000,10,33636000,5,33646000,9,33635000,7,33647000,9,33634000,9,33648000,7,33633000,8,33649000,8,33632000,12,33650000,9,33631000,9,33651000,15
33644000,5,33645000,1,33643000,4,33646000,3,33642000,2,33647000,8,33641000,8,33648000,9,33640000,26,33649000,9,33639000,7,33650000,9,33638000,10,33651000,11,33637000,9,33652000,7,33636000,8,33653000,8,33635000,10,33654000,9
33642000,3,33644000,2,33641000,7,33645000,6,33640000,26,33646000,4,33639000,7,33647000,6,33638000,7,33648000,7,33637000,9,33649000,8,33636000,8,33650000,9,33635000,10,33651000,13,33634000,12,33652000,7,33633000,9,33653000,7
33644000,1,33645000,2,33643000,4,33646000,4,33642000,5,33647000,5,33641000,5,33648000,8,33640000,23,33649000,9,33639000,7,33650000,11,33638000,9,33651000,14,33637000,9,33652000,7,33636000,10,33653000,7,33635000,10,33654000,8
33646000,3,33648000,1,33645000,5,33649000,3,33644000,5,33650000,8,33643000,5,33651000,11,33642000,5,33652000,10,33641000,6,33653000,8,33640000,25,33654000,8,33639000,8,33655000,6,33638000,10,33656000,11,33637000,9,33657000,9
33645000,1,33647000,3,33644000,7,33648000,3,33643000,4,33649000,4,33642000,7,33650000,3,33641000,5,33651000,11,33640000,27,33652000,9,33639000,10,33653000,9,33638000,10,33654000,10,33637000,9,33655000,7,33636000,12,33656000,10
33645000,1,33646000,1,33644000,2,33647000,5,33643000,3,33648000,2,33642000,5,33649000,4,33641000,6,33650000,6,33640000,6,33651000,10,33639000,10,33652000,9,33638000,11,33653000,9,33637000,9,33654000,10,33636000,12,33655000,7
33645000,1,33646000,1,33644000,2,33647000,5,33643000,3,33648000,2,33642000,5,33649000,4,33641000,6,33650000,6,33640000,6,33651000,10,33639000,10,33652000,9,33638000,11,33653000,9,33637000,9,33654000,10,33636000,12,33655000,7
33645000,1,33647000,2,33644000,3,33648000,4,33643000,5,33649000,8,33642000,3,33650000,7,33641000,6,33651000,12,33640000,5,33652000,9,33639000,10,33653000,9,33638000,8,33654000,10,33637000,9,33655000,7,33636000,12,33656000,11
33642000,2,33644000,2,33641000,5,33645000,5,33640000,4,33646000,5,33639000,8,33647000,5,33638000,8,33648000,5,33637000,9,33649000,10,33636000,12,33650000,7,33635000,10,33651000,12,33634000,12,33652000,9,33633000,10,33653000,9
33639000,1,33641000,2,33638000,6,33642000,4,33637000,6,33643000,7,33636000,10,33644000,5,33635000,9,33645000,7,33634000,11,33646000,8,33633000,10,33647000,7,33632000,14,33648000,6,33631000,10,33649000,10,33630000,33,33650000,7
33636000,1,33638000,2,33635000,6,33639000,4,33634000,8,33640000,5,33633000,8,33641000,5,33632000,13,33642000,7,33631000,9,33643000,11,33630000,31,33644000,7,33629000,12,33645000,9,33628000,17,33646000,8,33627000,12,33647000,7
33636000,3,33639000,3,33635000,9,33640000,4,33634000,5,33641000,8,33633000,8,33642000,5,33632000,10,33643000,12,33631000,7,33644000,7,33630000,31,33645000,15,33629000,12,33646000,8,33628000,17,33647000,7,33627000,10,33648000,10
33636000,4,33639000,1,33635000,9,33640000,4,33634000,5,33641000,8,33633000,8,33642000,5,33632000,10,33643000,12,33631000,7,33644000,7,33630000,31,33645000,15,33629000,12,33646000,8,33628000,17,33647000,7,33627000,10,33648000,10
33633000,1,33634000,1,33632000,6,33635000,2,33631000,5,33636000,4,33630000,30,33637000,3,33629000,9,33638000,5,33628000,16,33639000,7,33627000,8,33640000,7,33626000,9,33641000,10,33625000,11,33642000,7,33624000,15,33643000,10
33634000,2,33636000,1,33633000,5,33637000,4,33632000,8,33638000,6,33631000,5,33639000,8,33630000,29,33640000,8,33629000,8,33641000,8,33628000,16,33642000,7,33627000,7,33643000,11,33626000,8,33644000,8,33625000,11,33645000,15
33633000,2,33635000,1,33632000,7,33636000,4,33631000,5,33637000,6,33630000,31,33638000,5,33629000,8,33639000,8,33628000,16,33640000,7,33627000,7,33641000,8,33626000,8,33642000,7,33625000,11,33643000,10,33624000,15,33644000,8
33630000,23,33631000,1,33629000,4,33632000,5,33628000,16,33633000,5,33627000,9,33634000,7,33626000,8,33635000,4,33625000,9,33636000,8,33624000,17,33637000,10,33623000,10,33638000,9,33622000,9,33639000,8,33621000,20,33640000,9
33627000,4,33629000,2,33626000,5,33630000,4,33625000,9,33631000,4,33624000,15,33632000,7,33623000,9,33633000,5,33622000,10,33634000,12,33621000,17,33635000,7,33620000,17,33636000,10,33619000,18,33637000,10,33618000,14,33638000,10
33628000,1,33630000,3,33627000,4,33631000,4,33626000,5,33632000,9,33625000,9,33633000,5,33624000,15,33634000,11,33623000,9,33635000,7,33622000,9,33636000,10,33621000,18,33637000,10,33620000,17,33638000,10,33619000,18,33639000,8
33627000,3,33629000,2,33626000,5,33630000,5,33625000,9,33631000,4,33624000,15,33632000,9,33623000,8,33633000,5,33622000,9,33634000,11,33621000,18,33635000,7,33620000,18,33636000,10,33619000,18,33637000,10,33618000,14,33638000,10
33630000,4,33632000,2,33629000,5,33633000,6,33628000,6,33634000,9,33627000,4,33635000,4,33626000,6,33636000,6,33625000,9,33637000,8,33624000,16,33638000,10,33623000,11,33639000,8,33622000,11,33640000,8,33621000,18,33641000,8
33633000,1,33634000,1,33632000,3,33635000,2,33631000,4,33636000,5,33630000,7,33637000,8,33629000,6,33638000,8,33628000,6,33639000,9,33627000,7,33640000,9,33626000,9,33641000,7,33625000,11,33642000,12,33624000,18,33643000,10
33636000,1,33638000,3,33635000,5,33639000,7,33634000,6,33640000,5,33633000,6,33641000,8,33632000,6,33642000,11,33631000,6,33643000,9,33630000,7,33644000,10,33629000,8,33645000,16,33628000,9,33646000,13,33627000,9,33647000,8
33636000,2,33638000,2,33635000,4,33639000,4,33634000,6,33640000,4,33633000,5,33641000,5,33632000,9,33642000,9,33631000,8,33643000,11,33630000,10,33644000,10,33629000,12,33645000,16,33628000,9,33646000,10,33627000,9,33647000,8
33636000,1,33638000,3,33635000,3,33639000,4,33634000,6,33640000,4,33633000,5,33641000,6,33632000,9,33642000,10,33631000,6,33643000,11,33630000,9,33644000,11,33629000,12,33645000,16,33628000,9,33646000,10,33627000,9,33647000,8
33634000,3,33636000,1,33633000,6,33637000,4,33632000,7,33638000,5,33631000,5,33639000,6,33630000,7,33640000,6,33629000,11,33641000,9,33628000,10,33642000,12,33627000,10,33643000,11,33626000,10,33644000,10,33625000,10,33645000,16
33632000,3,33634000,1,33631000,4,33635000,6,33630000,6,33636000,5,33629000,6,33637000,5,33628000,7,33638000,8,33627000,10,33639000,9,33626000,11,33640000,10,33625000,10,33641000,9,33624000,16,33642000,13,33623000,12,33643000,10
33632000,3,33634000,2,33631000,4,33635000,3,33630000,15,33636000,8,33629000,5,33637000,7,33628000,6,33638000,6,33627000,6,33639000,10,33626000,9,33640000,10,33625000,13,33641000,9,33624000,18,33642000,11,33623000,14,33643000,9
33631000,3,33633000,3,33630000,15,33634000,5,33629000,5,33635000,7,33628000,6,33636000,7,33627000,7,33637000,6,33626000,7,33638000,6,33625000,14,33639000,11,33624000,18,33640000,12,33623000,13,33641000,9,33622000,10,33642000,11
33633000,9,33636000,9,33632000,3,33637000,5,33631000,6,33638000,6,33630000,12,33639000,7,33629000,6,33640000,8,33628000,10,33641000,10,33627000,10,33642000,12,33626000,10,33643000,9,33625000,14,33644000,10,33624000,18,33645000,15
33637000,3,33639000,1,33636000,7,33640000,4,33635000,8,33641000,5,33634000,6,33642000,7,33633000,14,33643000,10,33632000,10,33644000,10,33631000,12,33645000,15,33630000,18,33646000,11,33629000,10,33647000,7,33628000,13,33648000,12
33636000,3,33638000,1,33635000,7,33639000,5,33634000,6,33640000,5,33633000,12,33641000,6,33632000,9,33642000,8,33631000,11,33643000,11,33630000,17,33644000,11,33629000,10,33645000,16,33628000,13,33646000,12,33627000,9,33647000,7
33637000,2,33640000,4,33636000,4,33641000,5,33635000,5,33642000,7,33634000,6,33643000,10,33633000,12,33644000,9,33632000,10,33645000,15,33631000,12,33646000,11,33630000,18,33647000,7,33629000,10,33648000,12,33628000,12,33649000,9
33641000,1,33643000,1,33640000,8,33644000,5,33639000,4,33645000,12,33638000,5,33646000,9,33637000,6,33647000,8,33636000,9,33648000,10,33635000,8,33649000,11,33634000,11,33650000,11,33633000,6,33651000,13,33632000,13,33652000,12
33640000,20,33641000,2,33639000,3,33642000,7,33638000,7,33643000,5,33637000,8,33644000,7,33636000,10,33645000,10,33635000,9,33646000,11,33634000,10,33647000,11,33633000,6,33648000,13,33632000,19,33649000,11,33631000,10,33650000,11
33637000,1,33639000,4,33636000,10,33640000,5,33635000,6,33641000,5,33634000,7,33642000,7,33633000,6,33643000,8,33632000,19,33644000,10,33631000,11,33645000,13,33630000,22,33646000,14,33629000,10,33647000,11,33628000,13,33648000,13
33634000,2,33636000,5,33633000,5,33637000,7,33632000,16,33638000,4,33631000,12,33639000,6,33630000,21,33640000,7,33629000,9,33641000,5,33628000,13,33642000,9,33627000,12,33643000,11,33626000,10,33644000,13,33625000,11,33645000,12
33636000,1,33637000,3,33635000,4,33638000,6,33634000,5,33639000,7,33633000,4,33640000,9,33632000,14,33641000,6,33631000,9,33642000,8,33630000,21,33643000,10,33629000,7,33644000,13,33628000,14,33645000,12,33627000,11,33646000,15
33638000,3,33640000,2,33637000,4,33641000,3,33636000,5,33642000,6,33635000,6,33643000,7,33634000,6,33644000,9,33633000,5,33645000,13,33632000,18,33646000,15,33631000,15,33647000,9,33630000,24,33648000,14,33629000,9,33649000,10
33635000,1,33637000,4,33634000,5,33638000,6,33633000,4,33639000,5,33632000,13,33640000,8,33631000,10,33641000,8,33630000,22,33642000,11,33629000,9,33643000,13,33628000,12,33644000,12,33627000,10,33645000,12,33626000,10,33646000,16
33632000,8,33634000,1,33631000,9,33635000,5,33630000,18,33636000,6,33629000,5,33637000,7,33628000,10,33638000,5,33627000,10,33639000,11,33626000,10,33640000,11,33625000,11,33641000,12,33624000,16,33642000,13,33623000,11,33643000,11
33628000,2,33630000,1,33627000,5,33631000,5,33626000,6,33632000,9,33625000,8,33633000,7,33624000,13,33634000,9,33623000,11,33635000,9,33622000,10,33636000,9,33621000,17,33637000,8,33620000,18,33638000,8,33619000,18,33639000,10
33624000,4,33626000,5,33623000,6,33627000,5,33622000,7,33628000,4,33621000,16,33629000,6,33620000,18,33630000,7,33619000,22,33631000,10,33618000,14,33632000,11,33617000,11,33633000,10,33616000,11,33634000,11,33615000,13,33635000,11
33627000,2,33629000,2,33626000,7,33630000,5,33625000,6,33631000,8,33624000,6,33632000,11,33623000,5,33633000,8,33622000,7,33634000,10,33621000,16,33635000,11,33620000,18,33636000,10,33619000,23,33637000,9,33618000,17,33638000,10
33627000,2,33629000,2,33626000,7,33630000,5,33625000,6,33631000,8,33624000,6,33632000,11,33623000,5,33633000,8,33622000,7,33634000,10,33621000,16,33635000,11,33620000,18,33636000,10,33619000,23,33637000,9,33618000,17,33638000,10
33627000,2,33629000,2,33626000,7,33630000,5,33625000,6,33631000,8,33624000,6,33632000,11,33623000,5,33633000,8,33622000,7,33634000,10,33621000,16,33635000,11,33620000,18,33636000,10,33619000,23,33637000,9,33618000,17,33638000,10
33624000,1,33626000,1,33623000,4,33627000,6,33622000,4,33628000,8,33621000,8,33629000,12,33620000,16,33630000,10,33619000,23,33631000,11,33618000,16,33632000,13,33617000,10,33633000,10,33616000,12,33634000,12,33615000,9,33635000,11
33624000,2,33626000,2,33623000,4,33627000,5,33622000,4,33628000,8,33621000,8,33629000,12,33620000,16,33630000,10,33619000,23,33631000,12,33618000,15,33632000,13,33617000,11,33633000,10,33616000,12,33634000,13,33615000,10,33635000,11
33628000,2,33630000,1,33627000,7,33631000,7,33626000,31,33632000,11,33625000,3,33633000,10,33624000,5,33634000,13,33623000,3,33635000,12,33622000,5,33636000,12,33621000,9,33637000,10,33620000,17,33638000,12,33619000,23,33639000,12
33629000,2,33631000,1,33628000,4,33632000,3,33627000,6,33633000,6,33626000,35,33634000,10,33625000,7,33635000,9,33624000,7,33636000,13,33623000,10,33637000,11,33622000,10,33638000,11,33621000,12,33639000,13,33620000,19,33640000,16
33632000,2,33634000,3,33631000,2,33635000,7,33630000,5,33636000,10,33629000,7,33637000,11,33628000,6,33638000,10,33627000,8,33639000,14,33626000,37,33640000,16,33625000,9,33641000,11,33624000,9,33642000,15,33623000,10,33643000,11
33637000,1,33638000,5,33636000,4,33639000,9,33635000,4,33640000,13,33634000,4,33641000,8,33633000,4,33642000,12,33632000,7,33643000,12,33631000,4,33644000,12,33630000,9,33645000,13,33629000,10,33646000,16,33628000,11,33647000,9
33639000,2,33641000,1,33638000,5,33642000,7,33637000,4,33643000,7,33636000,4,33644000,9,33635000,5,33645000,13,33634000,5,33646000,14,33633000,8,33647000,9,33632000,12,33648000,13,33631000,7,33649000,10,33630000,10,33650000,12
33637000,1,33639000,3,33636000,4,33640000,4,33635000,5,33641000,6,33634000,4,33642000,5,33633000,6,33643000,5,33632000,9,33644000,7,33631000,7,33645000,10,33630000,10,33646000,16,33629000,9,33647000,9,33628000,12,33648000,13
33634000,4,33636000,1,33633000,5,33637000,2,33632000,7,33638000,4,33631000,5,33639000,5,33630000,11,33640000,5,33629000,10,33641000,8,33628000,13,33642000,8,33627000,12,33643000,8,33626000,40,33644000,12,33625000,10,33645000,12
33632000,3,33635000,4,33631000,4,33636000,6,33630000,6,33637000,6,33629000,7,33638000,7,33628000,10,33639000,9,33627000,13,33640000,10,33626000,11,33641000,10,33625000,10,33642000,11,33624000,14,33643000,8,33623000,9,33644000,11
33634000,3,33636000,3,33633000,8,33637000,6,33632000,5,33638000,7,33631000,5,33639000,10,33630000,5,33640000,10,33629000,6,33641000,10,33628000,11,33642000,9,33627000,13,33643000,7,33626000,11,33644000,11,33625000,11,33645000,12
33633000,3,33634000,1,33632000,5,33635000,4,33631000,4,33636000,4,33630000,6,33637000,6,33629000,5,33638000,5,33628000,13,33639000,9,33627000,13,33640000,22,33626000,12,33641000,9,33625000,9,33642000,10,33624000,11,33643000,8
33630000,1,33632000,4,33629000,4,33633000,2,33628000,8,33634000,7,33627000,9,33635000,6,33626000,9,33636000,8,33625000,9,33637000,13,33624000,12,33638000,9,33623000,9,33639000,11,33622000,10,33640000,22,33621000,17,33641000,9
33627000,2,33629000,3,33626000,4,33630000,4,33625000,8,33631000,6,33624000,8,33632000,4,33623000,6,33633000,5,33622000,9,33634000,9,33621000,14,33635000,10,33620000,19,33636000,12,33619000,24,33637000,11,33618000,17,33638000,10
33624000,2,33626000,2,33623000,5,33627000,4,33622000,5,33628000,7,33621000,10,33629000,4,33620000,15,33630000,7,33619000,23,33631000,10,33618000,16,33632000,8,33617000,13,33633000,7,33616000,10,33634000,9,33615000,10,33635000,10
33624000,2,33626000,3,33623000,3,33627000,4,33622000,5,33628000,7,33621000,10,33629000,4,33620000,15,33630000,8,33619000,23,33631000,10,33618000,16,33632000,9,33617000,13,33633000,7,33616000,10,33634000,9,33615000,11,33635000,10
33626000,4,33628000,2,33625000,4,33629000,2,33624000,6,33630000,7,33623000,4,33631000,8,33622000,5,33632000,8,33621000,13,33633000,7,33620000,17,33634000,10,33619000,23,33635000,10,33618000,15,33636000,12,33617000,13,33637000,9
33631000,1,33633000,2,33630000,3,33634000,4,33629000,4,33635000,7,33628000,5,33636000,10,33627000,9,33637000,7,33626000,9,33638000,14,33625000,8,33639000,12,33624000,11,33640000,23,33623000,9,33641000,10,33622000,11,33642000,9
33630000,1,33632000,3,33629000,3,33633000,5,33628000,5,33634000,5,33627000,9,33635000,6,33626000,8,33636000,9,33625000,8,33637000,5,33624000,12,33638000,13,33623000,9,33639000,12,33622000,10,33640000,23,33621000,14,33641000,10
33633000,4,33634000,1,33632000,1,33635000,6,33631000,1,33636000,8,33630000,5,33637000,8,33629000,5,33638000,14,33628000,6,33639000,12,33627000,7,33640000,24,33626000,10,33641000,10,33625000,9,33642000,8,33624000,10,33643000,7
33633000,4,33634000,1,33632000,1,33635000,6,33631000,1,33636000,8,33630000,5,33637000,8,33629000,5,33638000,14,33628000,6,33639000,12,33627000,7,33640000,24,33626000,10,33641000,10,33625000,9,33642000,8,33624000,10,33643000,7
33633000,4,33634000,1,33632000,1,33635000,6,33631000,1,33636000,8,33630000,5,33637000,8,33629000,5,33638000,14,33628000,6,33639000,12,33627000,7,33640000,24,33626000,10,33641000,10,33625000,9,33642000,8,33624000,10,33643000,7
33633000,4,33634000,1,33632000,1,33635000,6,33631000,1,33636000,8,33630000,5,33637000,8,33629000,5,33638000,14,33628000,6,33639000,12,33627000,7,33640000,24,33626000,10,33641000,10,33625000,9,33642000,8,33624000,10,33643000,7
33633000,4,33634000,1,33632000,1,33635000,6,33631000,1,33636000,8,33630000,5,33637000,8,33629000,5,33638000,14,33628000,6,33639000,12,33627000,7,33640000,24,33626000,10,33641000,10,33625000,9,33642000,8,33624000,10,33643000,7
33618000,6,33619000,1,33617000,6,33622000,3,33616000,8,33623000,3,33615000,9,33624000,4,33614000,7,33625000,3,33613000,13,33626000,5,33612000,14,33627000,2,33611000,15,33630000,5,33610000,21,33631000,2,33609000,16,33632000,3
33617000,6,33619000,1,33616000,8,33620000,4,33615000,8,33621000,2,33614000,7,33622000,5,33613000,13,33623000,4,33612000,15,33624000,5,33611000,15,33625000,3,33610000,21,33626000,5,33609000,17,33627000,2,33608000,15,33629000,1
33618000,1,33621000,7,33617000,1,33622000,5,33616000,7,33623000,5,33615000,8,33624000,5,33614000,6,33625000,3,33613000,14,33626000,4,33612000,15,33627000,2,33611000,15,33629000,1,33610000,21,33630000,9,33609000,17,33631000,2
33615000,5,33618000,8,33614000,5,33619000,5,33613000,11,33620000,5,33612000,14,33621000,8,33611000,16,33622000,8,33610000,21,33623000,33,33609000,15,33624000,14,33608000,15,33625000,10,33607000,9,33626000,14,33606000,34,33627000,7
33615000,5,33618000,8,33614000,5,33619000,5,33613000,11,33620000,5,33612000,14,33621000,8,33611000,16,33622000,8,33610000,21,33623000,33,33609000,15,33624000,14,33608000,15,33625000,10,33607000,9,33626000,14,33606000,34,33627000,7
33616000,2,33618000,3,33615000,4,33619000,3,33614000,5,33620000,6,33613000,5,33621000,11,33612000,9,33622000,11,33611000,14,33623000,33,33610000,22,33624000,13,33609000,14,33625000,9,33608000,16,33626000,13,33607000,8,33627000,6
33615000,3,33618000,3,33614000,5,33619000,3,33613000,5,33620000,5,33612000,9,33621000,11,33611000,14,33622000,11,33610000,22,33623000,33,33609000,16,33624000,14,33608000,17,33625000,9,33607000,7,33626000,13,33606000,34,33627000,6
33617000,2,33618000,2,33616000,1,33619000,6,33615000,3,33620000,8,33614000,3,33621000,11,33613000,6,33622000,10,33612000,6,33623000,13,33611000,14,33624000,13,33610000,22,33625000,8,33609000,14,33626000,12,33608000,17,33627000,7
33612000,7,33614000,4,33611000,11,33615000,2,33610000,21,33617000,5,33609000,13,33618000,6,33608000,15,33619000,8,33607000,6,33620000,11,33606000,34,33621000,11,33605000,6,33622000,10,33604000,10,33623000,13,33603000,13,33624000,11
33613000,2,33615000,2,33612000,4,33616000,4,33611000,6,33617000,5,33610000,16,33618000,5,33609000,11,33619000,5,33608000,15,33620000,9,33607000,7,33621000,13,33606000,36,33622000,10,33605000,6,33623000,12,33604000,10,33624000,11
33611000,1,33612000,2,33610000,14,33613000,3,33609000,11,33614000,5,33608000,13,33615000,6,33607000,8,33616000,4,33606000,35,33617000,9,33605000,7,33618000,8,33604000,10,33619000,7,33603000,11,33620000,10,33602000,15,33621000,13
33611000,2,33612000,1,33610000,3,33613000,5,33609000,7,33614000,6,33608000,11,33615000,8,33607000,8,33616000,7,33606000,34,33617000,9,33605000,9,33618000,9,33604000,11,33619000,9,33603000,11,33620000,8,33602000,15,33621000,12
33612000,1,33613000,5,33611000,3,33614000,5,33610000,4,33615000,6,33609000,3,33616000,5,33608000,4,33617000,8,33607000,6,33618000,6,33606000,33,33619000,9,33605000,9,33620000,8,33604000,12,33621000,12,33603000,12,33622000,12
33612000,1,33613000,5,33611000,3,33614000,5,33610000,4,33615000,6,33609000,3,33616000,5,33608000,4,33617000,8,33607000,6,33618000,6,33606000,33,33619000,9,33605000,9,33620000,8,33604000,12,33621000,12,33603000,12,33622000,12
33611000,4,33613000,5,33610000,3,33614000,6,33609000,5,33615000,7,33608000,5,33616000,6,33607000,6,33617000,7,33606000,33,33618000,7,33605000,10,33619000,9,33604000,12,33620000,8,33603000,12,33621000,12,33602000,14,33622000,12
33614000,3,33616000,2,33613000,4,33617000,3,33612000,4,33618000,6,33611000,7,33619000,6,33610000,7,33620000,6,33609000,6,33621000,13,33608000,10,33622000,13,33607000,9,33623000,12,33606000,34,33624000,12,33605000,9,33625000,10
33612000,3,33613000,1,33611000,6,33614000,3,33610000,7,33615000,4,33609000,6,33616000,4,33608000,7,33617000,6,33607000,9,33618000,5,33606000,34,33619000,9,33605000,14,33620000,6,33604000,12,33621000,12,33603000,12,33622000,13
33610000,1,33611000,1,33609000,2,33612000,4,33608000,5,33613000,5,33607000,5,33614000,5,33606000,32,33615000,5,33605000,14,33616000,8,33604000,11,33617000,11,33603000,10,33618000,11,33602000,15,33619000,7,33601000,34,33620000,9
33612000,20,33613000,4,33610000,3,33614000,5,33609000,4,33615000,7,33608000,5,33616000,8,33607000,6,33617000,10,33606000,32,33618000,10,33605000,14,33619000,9,33604000,9,33620000,10,33603000,11,33621000,11,33602000,15,33622000,12
33610000,3,33612000,1,33609000,4,33613000,5,33608000,5,33614000,6,33607000,6,33615000,10,33606000,33,33616000,7,33605000,14,33617000,13,33604000,11,33618000,11,33603000,11,33619000,11,33602000,14,33620000,10,33601000,34,33621000,12
33612000,2,33613000,1,33611000,4,33614000,4,33610000,4,33615000,9,33609000,4,33616000,7,33608000,5,33617000,13,33607000,7,33618000,10,33606000,34,33619000,10,33605000,15,33620000,8,33604000,12,33621000,10,33603000,11,33622000,14
33615000,2,33616000,2,33614000,3,33617000,4,33613000,5,33618000,7,33612000,5,33619000,6,33611000,8,33620000,7,33610000,8,33621000,13,33609000,8,33622000,15,33608000,9,33623000,13,33607000,11,33624000,12,33606000,36,33625000,9
33617000,3,33619000,3,33616000,3,33620000,6,33615000,3,33621000,10,33614000,5,33622000,14,33613000,6,33623000,12,33612000,9,33624000,10,33611000,9,33625000,10,33610000,9,33626000,12,33609000,8,33627000,11,33608000,11,33628000,12
33620000,2,33622000,2,33619000,4,33623000,6,33618000,4,33624000,7,33617000,6,33625000,8,33616000,4,33626000,9,33615000,6,33627000,12,33614000,6,33628000,11,33613000,8,33629000,6,33612000,11,33630000,16,33611000,10,33631000,5
33619000,4,33622000,2,33618000,4,33623000,3,33617000,4,33624000,5,33616000,6,33625000,6,33615000,10,33626000,8,33614000,8,33627000,13,33613000,9,33628000,13,33612000,10,33629000,8,33611000,8,33630000,17,33610000,9,33631000,7
33616000,4,33620000,1,33615000,10,33621000,5,33614000,7,33622000,5,33613000,9,33623000,5,33612000,10,33624000,5,33611000,8,33625000,6,33610000,9,33626000,8,33609000,9,33627000,13,33608000,11,33628000,14,33607000,12,33629000,8
33613000,3,33614000,3,33612000,7,33615000,2,33611000,5,33616000,4,33610000,8,33617000,4,33609000,7,33618000,7,33608000,8,33619000,8,33607000,9,33620000,10,33606000,36,33621000,12,33605000,13,33622000,11,33604000,11,33623000,10
33617000,2,33619000,1,33616000,5,33620000,6,33615000,4,33621000,9,33614000,4,33622000,12,33613000,4,33623000,9,33612000,4,33624000,10,33611000,9,33625000,11,33610000,12,33626000,11,33609000,11,33627000,12,33608000,13,33628000,13
33617000,3,33620000,4,33616000,7,33621000,7,33615000,4,33622000,10,33614000,4,33623000,8,33613000,6,33624000,9,33612000,6,33625000,11,33611000,9,33626000,12,33610000,11,33627000,12,33609000,11,33628000,12,33608000,12,33629000,6
33617000,1,33618000,1,33616000,2,33619000,6,33615000,4,33620000,7,33614000,4,33621000,8,33613000,5,33622000,11,33612000,6,33623000,10,33611000,10,33624000,11,33610000,9,33625000,10,33609000,9,33626000,11,33608000,11,33627000,12
33613000,1,33615000,2,33612000,4,33616000,5,33611000,6,33617000,9,33610000,6,33618000,4,33609000,5,33619000,9,33608000,9,33620000,10,33607000,9,33621000,12,33606000,35,33622000,13,33605000,14,33623000,10,33604000,11,33624000,10
33613000,2,33616000,3,33612000,4,33617000,9,33611000,5,33618000,7,33610000,6,33619000,8,33609000,5,33620000,9,33608000,9,33621000,11,33607000,11,33622000,12,33606000,35,33623000,10,33605000,13,33624000,10,33604000,12,33625000,9
33613000,4,33616000,2,33612000,4,33617000,8,33611000,5,33618000,6,33610000,6,33619000,8,33609000,6,33620000,8,33608000,9,33621000,12,33607000,10,33622000,13,33606000,35,33623000,10,33605000,13,33624000,10,33604000,12,33625000,9
33614000,1,33616000,2,33613000,5,33617000,7,33612000,5,33618000,5,33611000,7,33619000,6,33610000,5,33620000,9,33609000,9,33621000,11,33608000,11,33622000,13,33607000,9,33623000,11,33606000,35,33624000,12,33605000,13,33625000,9
33613000,3,33616000,5,33612000,5,33617000,2,33611000,7,33618000,5,33610000,5,33619000,5,33609000,7,33620000,8,33608000,10,33621000,11,33607000,9,33622000,11,33606000,34,33623000,11,33605000,13,33624000,12,33604000,12,33625000,9
33613000,3,33616000,5,33612000,5,33617000,2,33611000,7,33618000,5,33610000,5,33619000,5,33609000,7,33620000,8,33608000,10,33621000,11,33607000,9,33622000,11,33606000,34,33623000,11,33605000,13,33624000,12,33604000,12,33625000,9
33607000,2,33608000,1,33606000,31,33609000,10,33605000,11,33610000,17,33604000,10,33611000,1,33603000,9,33612000,5,33602000,13,33613000,4,33601000,34,33614000,2,33600000,36,33615000,10,33599000,7,33616000,10,33598000,11,33617000,10
33606000,30,33608000,1,33605000,11,33609000,12,33604000,10,33610000,16,33603000,9,33611000,1,33602000,13,33612000,4,33601000,34,33613000,4,33600000,36,33614000,2,33599000,7,33615000,11,33598000,11,33616000,11,33597000,14,33617000,10
33606000,30,33609000,7,33605000,11,33610000,16,33604000,10,33611000,1,33603000,9,33612000,4,33602000,13,33613000,4,33601000,34,33614000,2,33600000,36,33615000,11,33599000,7,33616000,11,33598000,11,33617000,10,33597000,14,33618000,11
33605000,6,33607000,1,33604000,7,33608000,1,33603000,9,33609000,3,33602000,13,33610000,16,33601000,36,33611000,3,33600000,36,33612000,4,33599000,7,33613000,9,33598000,11,33614000,4,33597000,14,33615000,11,33596000,33,33616000,11
33606000,2,33607000,1,33602000,11,33608000,1,33601000,36,33609000,3,33600000,37,33610000,17,33599000,9,33611000,4,33598000,11,33612000,6,33597000,11,33613000,9,33596000,32,33614000,5,33595000,10,33615000,10,33594000,15,33616000,11
33604000,3,33607000,6,33603000,5,33608000,6,33602000,10,33609000,5,33601000,35,33610000,21,33600000,38,33611000,6,33599000,10,33612000,6,33598000,11,33613000,10,33597000,10,33614000,8,33596000,32,33615000,11,33595000,8,33616000,10
33600000,28,33601000,2,33599000,4,33602000,4,33598000,10,33603000,3,33597000,11,33604000,4,33596000,32,33605000,6,33595000,8,33606000,9,33594000,13,33607000,13,33593000,6,33608000,10,33592000,9,33609000,10,33591000,14,33610000,25
33600000,3,33602000,1,33599000,5,33603000,3,33598000,7,33604000,5,33597000,7,33605000,8,33596000,32,33606000,9,33595000,8,33607000,13,33594000,10,33608000,11,33593000,6,33609000,10,33592000,9,33610000,24,33591000,11,33611000,8
33595000,2,33597000,1,33594000,7,33598000,7,33593000,3,33599000,6,33592000,5,33600000,8,33591000,8,33601000,8,33590000,36,33602000,14,33589000,7,33603000,11,33588000,12,33604000,13,33587000,8,33605000,12,33586000,8,33606000,13
33595000,2,33597000,2,33594000,5,33598000,6,33593000,4,33599000,6,33592000,4,33600000,9,33591000,9,33601000,11,33590000,36,33602000,14,33589000,7,33603000,11,33588000,13,33604000,12,33587000,8,33605000,12,33586000,8,33606000,12
33598000,2,33600000,4,33597000,5,33601000,6,33596000,5,33602000,11,33595000,5,33603000,8,33594000,5,33604000,9,33593000,7,33605000,12,33592000,7,33606000,13,33591000,12,33607000,9,33590000,37,33608000,10,33589000,8,33609000,11
33594000,1,33596000,5,33593000,3,33597000,5,33592000,4,33598000,6,33591000,7,33599000,4,33590000,38,33600000,10,33589000,7,33601000,10,33588000,12,33602000,11,33587000,7,33603000,8,33586000,9,33604000,12,33585000,13,33605000,9
33591000,4,33593000,1,33590000,33,33594000,7,33589000,4,33595000,4,33588000,10,33596000,3,33587000,7,33597000,8,33586000,7,33598000,6,33585000,11,33599000,10,33584000,8,33600000,10,33583000,7,33601000,10,33582000,14,33602000,13
33593000,3,33596000,3,33592000,5,33597000,6,33591000,6,33598000,4,33590000,34,33599000,9,33589000,4,33600000,8,33588000,11,33601000,10,33587000,9,33602000,11,33586000,9,33603000,9,33585000,11,33604000,9,33584000,8,33605000,8
33596000,5,33599000,4,33595000,5,33600000,4,33594000,5,33601000,6,33593000,4,33602000,9,33592000,4,33603000,8,33591000,9,33604000,10,33590000,37,33605000,9,33589000,5,33606000,14,33588000,13,33607000,11,33587000,8,33608000,14
33599000,6,33602000,1,33598000,8,33603000,8,33597000,4,33604000,5,33596000,6,33605000,7,33595000,5,33606000,13,33594000,5,33607000,12,33593000,9,33608000,17,33592000,6,33609000,15,33591000,10,33610000,25,33590000,37,33611000,10
33602000,5,33605000,6,33601000,6,33606000,5,33600000,8,33607000,10,33599000,6,33608000,15,33598000,12,33609000,15,33597000,5,33610000,26,33596000,7,33611000,11,33595000,8,33612000,10,33594000,10,33613000,9,33593000,10,33614000,9
33602000,6,33605000,3,33601000,6,33606000,5,33600000,8,33607000,10,33599000,6,33608000,14,33598000,13,33609000,15,33597000,6,33610000,26,33596000,9,33611000,11,33595000,8,33612000,10,33594000,10,33613000,9,33593000,10,33614000,9
33604000,2,33605000,3,33603000,2,33606000,5,33602000,4,33607000,9,33601000,5,33608000,14,33600000,6,33609000,13,33599000,8,33610000,27,33598000,16,33611000,11,33597000,8,33612000,10,33596000,12,33613000,9,33595000,9,33614000,9
33602000,2,33604000,3,33601000,5,33605000,4,33600000,7,33606000,5,33599000,6,33607000,3,33598000,19,33608000,13,33597000,8,33609000,13,33596000,12,33610000,26,33595000,10,33611000,14,33594000,10,33612000,11,33593000,9,33613000,10
33598000,5,33600000,1,33597000,6,33601000,4,33596000,8,33602000,12,33595000,5,33603000,6,33594000,6,33604000,7,33593000,8,33605000,8,33592000,9,33606000,7,33591000,11,33607000,10,33590000,37,33608000,16,33589000,7,33609000,15
33594000,5,33597000,3,33593000,5,33598000,11,33592000,5,33599000,3,33591000,8,33600000,6,33590000,37,33601000,9,33589000,6,33602000,16,33588000,14,33603000,9,33587000,9,33604000,13,33586000,9,33605000,10,33585000,13,33606000,9
33594000,3,33596000,2,33593000,5,33597000,3,33592000,5,33598000,11,33591000,7,33599000,3,33590000,37,33600000,7,33589000,6,33601000,10,33588000,14,33602000,16,33587000,9,33603000,9,33586000,9,33604000,13,33585000,12,33605000,10
33599000,4,33601000,1,33598000,4,33602000,10,33597000,5,33603000,5,33596000,6,33604000,9,33595000,6,33605000,9,33594000,5,33606000,7,33593000,9,33607000,10,33592000,9,33608000,16,33591000,11,33609000,18,33590000,38,33610000,31
33602000,3,33605000,4,33601000,4,33606000,3,33600000,7,33607000,6,33599000,5,33608000,13,33598000,4,33609000,17,33597000,7,33610000,28,33596000,11,33611000,13,33595000,9,33612000,12,33594000,9,33613000,13,33593000,8,33614000,11
33600000,2,33601000,3,33599000,5,33602000,4,33598000,4,33603000,4,33597000,3,33604000,6,33596000,6,33605000,4,33595000,7,33606000,8,33594000,9,33607000,10,33593000,8,33608000,16,33592000,11,33609000,18,33591000,10,33610000,28
33601000,3,33603000,2,33600000,6,33604000,4,33599000,4,33605000,4,33598000,5,33606000,6,33597000,3,33607000,9,33596000,7,33608000,14,33595000,8,33609000,18,33594000,10,33610000,28,33593000,8,33611000,11,33592000,11,33612000,12
33604000,4,33606000,3,33603000,5,33607000,3,33602000,6,33608000,11,33601000,5,33609000,16,33600000,7,33610000,31,33599000,6,33611000,13,33598000,10,33612000,13,33597000,7,33613000,13,33596000,10,33614000,12,33595000,8,33615000,17
33604000,2,33606000,5,33603000,1,33607000,4,33602000,6,33608000,11,33601000,5,33609000,16,33600000,8,33610000,30,33599000,6,33611000,12,33598000,9,33612000,13,33597000,7,33613000,14,33596000,10,33614000,12,33595000,8,33615000,17
33606000,3,33607000,1,33605000,3,33608000,8,33604000,4,33609000,15,33603000,5,33610000,29,33602000,4,33611000,12,33601000,6,33612000,12,33600000,10,33613000,14,33599000,7,33614000,11,33598000,8,33615000,16,33597000,7,33616000,10
33604000,1,33606000,7,33603000,4,33607000,4,33602000,4,33608000,6,33601000,5,33609000,15,33600000,7,33610000,28,33599000,7,33611000,13,33598000,8,33612000,14,33597000,7,33613000,14,33596000,9,33614000,12,33595000,9,33615000,16
33606000,2,33608000,3,33605000,4,33609000,15,33604000,4,33610000,28,33603000,6,33611000,10,33602000,6,33612000,13,33601000,6,33613000,14,33600000,12,33614000,12,33599000,6,33615000,16,33598000,9,33616000,10,33597000,8,33617000,11
33603000,6,33605000,2,33602000,6,33606000,2,33601000,5,33607000,5,33600000,9,33608000,8,33599000,6,33609000,15,33598000,9,33610000,29,33597000,8,33611000,11,33596000,9,33612000,16,33595000,9,33613000,14,33594000,9,33614000,12
33602000,1,33603000,3,33601000,4,33604000,1,33600000,7,33605000,5,33599000,3,33606000,3,33598000,5,33607000,8,33597000,9,33608000,10,33596000,9,33609000,17,33595000,9,33610000,31,33594000,9,33611000,12,33593000,11,33612000,16
33600000,1,33602000,3,33599000,5,33603000,4,33598000,4,33605000,7,33597000,6,33606000,9,33596000,5,33607000,12,33595000,9,33608000,12,33594000,10,33609000,17,33593000,9,33610000,31,33592000,10,33611000,11,33591000,12,33612000,14
33600000,1,33602000,4,33599000,4,33603000,5,33598000,4,33605000,7,33597000,6,33606000,9,33596000,5,33607000,12,33595000,9,33608000,12,33594000,10,33609000,17,33593000,9,33610000,31,33592000,10,33611000,11,33591000,13,33612000,14
33599000,3,33601000,7,33598000,5,33602000,4,33597000,5,33603000,4,33596000,5,33604000,2,33595000,9,33605000,7,33594000,11,33606000,9,33593000,9,33607000,13,33592000,10,33608000,12,33591000,13,33609000,18,33590000,38,33610000,32
33596000,2,33597000,1,33595000,4,33598000,3,33594000,4,33599000,4,33593000,6,33600000,6,33592000,6,33601000,6,33591000,13,33602000,7,33590000,37,33603000,9,33589000,7,33604000,6,33588000,17,33605000,9,33587000,11,33606000,12
33591000,6,33594000,4,33590000,35,33595000,4,33589000,6,33596000,5,33588000,9,33597000,5,33587000,7,33598000,5,33586000,7,33599000,6,33585000,8,33600000,11,33584000,9,33601000,13,33583000,9,33602000,14,33582000,16,33603000,8
33592000,5,33594000,3,33591000,5,33595000,3,33590000,35,33596000,5,33589000,6,33597000,5,33588000,9,33598000,6,33587000,9,33599000,6,33586000,7,33600000,11,33585000,8,33601000,13,33584000,9,33602000,14,33583000,9,33603000,8
33597000,1,33599000,3,33596000,5,33600000,5,33595000,4,33601000,6,33594000,6,33602000,11,33593000,4,33603000,9,33592000,6,33604000,7,33591000,9,33605000,10,33590000,39,33606000,15,33589000,8,33607000,13,33588000,12,33608000,12
33593000,4,33596000,2,33592000,5,33597000,6,33591000,4,33598000,4,33590000,37,33599000,6,33589000,7,33600000,8,33588000,10,33601000,12,33587000,10,33602000,14,33586000,8,33603000,9,33585000,8,33604000,8,33584000,9,33605000,10
33593000,3,33595000,2,33592000,5,33596000,5,33591000,4,33597000,6,33590000,36,33598000,8,33589000,6,33599000,7,33588000,9,33600000,10,33587000,10,33601000,12,33586000,8,33602000,14,33585000,9,33603000,9,33584000,9,33604000,7
33592000,2,33594000,2,33591000,4,33595000,4,33590000,35,33596000,4,33589000,7,33597000,2,33588000,8,33598000,4,33587000,10,33599000,7,33586000,8,33600000,9,33585000,8,33601000,13,33584000,9,33602000,14,33583000,9,33603000,10
33591000,1,33592000,1,33590000,35,33593000,1,33589000,6,33594000,5,33588000,9,33595000,5,33587000,8,33596000,4,33586000,7,33597000,5,33585000,8,33598000,7,33584000,9,33599000,9,33583000,9,33600000,11,33582000,17,33601000,13
33589000,3,33590000,3,33588000,5,33591000,4,33587000,7,33592000,5,33586000,6,33593000,4,33585000,7,33594000,6,33584000,7,33595000,8,33583000,9,33596000,6,33582000,15,33597000,8,33581000,15,33598000,9,33580000,42,33599000,9
33591000,6,33593000,1,33590000,7,33594000,5,33589000,2,33595000,6,33588000,4,33596000,7,33587000,6,33597000,8,33586000,4,33598000,10,33585000,8,33599000,8,33584000,11,33600000,12,33583000,9,33601000,11,33582000,17,33602000,15
33593000,4,33596000,4,33592000,4,33597000,4,33591000,3,33598000,3,33590000,3,33599000,7,33589000,4,33600000,10,33588000,7,33601000,12,33587000,9,33602000,14,33586000,9,33603000,9,33585000,8,33604000,10,33584000,10,33605000,9
33597000,1,33598000,1,33596000,5,33599000,2,33595000,5,33600000,7,33594000,5,33601000,9,33593000,5,33602000,13,33592000,6,33603000,11,33591000,7,33604000,10,33590000,7,33605000,9,33589000,7,33606000,14,33588000,10,33607000,14
33600000,4,33602000,10,33599000,6,33603000,6,33598000,5,33604000,7,33597000,6,33605000,10,33596000,5,33606000,14,33595000,7,33607000,12,33594000,7,33608000,12,33593000,6,33609000,18,33592000,10,33610000,26,33591000,8,33611000,10
33600000,3,33602000,1,33599000,5,33603000,4,33598000,4,33604000,5,33597000,5,33605000,5,33596000,6,33606000,10,33595000,7,33607000,11,33594000,11,33608000,12,33593000,8,33609000,20,33592000,10,33610000,27,33591000,8,33611000,11
33605000,1,33606000,1,33604000,5,33607000,3,33603000,4,33608000,8,33602000,5,33609000,18,33601000,4,33610000,23,33600000,9,33611000,11,33599000,10,33612000,16,33598000,9,33613000,14,33597000,11,33614000,12,33596000,12,33615000,16
33602000,4,33604000,1,33601000,5,33605000,5,33600000,7,33606000,7,33599000,8,33607000,6,33598000,6,33608000,7,33597000,12,33609000,9,33596000,11,33610000,21,33595000,8,33611000,12,33594000,10,33612000,16,33593000,7,33613000,12
33601000,1,33602000,1,33600000,5,33603000,1,33599000,6,33604000,5,33598000,5,33605000,3,33597000,11,33606000,9,33596000,11,33607000,9,33595000,10,33608000,10,33594000,11,33609000,10,33593000,8,33610000,22,33592000,9,33611000,12
33602000,3,33605000,5,33601000,5,33606000,7,33600000,5,33607000,7,33599000,4,33608000,10,33598000,3,33609000,10,33597000,9,33610000,23,33596000,11,33611000,12,33595000,11,33612000,15,33594000,12,33613000,11,33593000,9,33614000,13
33597000,6,33600000,3,33596000,7,33601000,6,33595000,8,33602000,4,33594000,10,33603000,7,33593000,9,33604000,10,33592000,8,33605000,10,33591000,8,33606000,14,33590000,17,33607000,10,33589000,7,33608000,11,33588000,16,33609000,10
33597000,3,33599000,1,33596000,4,33600000,6,33595000,7,33601000,4,33594000,10,33602000,3,33593000,9,33603000,7,33592000,10,33604000,7,33591000,8,33605000,11,33590000,17,33606000,14,33589000,6,33607000,12,33588000,16,33608000,13
33598000,4,33601000,4,33597000,5,33602000,4,33596000,4,33603000,6,33595000,8,33604000,5,33594000,10,33605000,9,33593000,11,33606000,14,33592000,12,33607000,12,33591000,8,33608000,13,33590000,18,33609000,11,33589000,6,33610000,24
33598000,3,33600000,1,33597000,6,33601000,5,33596000,7,33602000,3,33595000,9,33603000,6,33594000,10,33604000,5,33593000,11,33605000,11,33592000,12,33606000,14,33591000,8,33607000,12,33590000,13,33608000,14,33589000,6,33609000,12
33595000,2,33597000,2,33594000,8,33598000,4,33593000,7,33599000,5,33592000,9,33600000,7,33591000,11,33601000,7,33590000,14,33602000,6,33589000,7,33603000,8,33588000,11,33604000,9,33587000,10,33605000,11,33586000,8,33606000,14
33599000,1,33600000,8,33597000,5,33601000,8,33596000,3,33602000,7,33595000,6,33603000,9,33594000,6,33604000,10,33593000,5,33605000,12,33592000,8,33606000,15,33591000,10,33607000,10,33590000,17,33608000,14,33589000,9,33609000,13
33600000,6,33602000,2,33599000,7,33603000,8,33598000,3,33604000,7,33597000,6,33605000,9,33596000,3,33606000,11,33595000,9,33607000,10,33594000,9,33608000,16,33593000,13,33609000,12,33592000,9,33610000,25,33591000,11,33611000,11
33599000,3,33601000,3,33598000,7,33602000,3,33597000,6,33603000,3,33596000,5,33604000,6,33595000,9,33605000,7,33594000,8,33606000,13,33593000,13,33607000,9,33592000,8,33608000,15,33591000,12,33609000,12,33590000,16,33610000,24
33595000,2,33596000,1,33594000,5,33597000,2,33593000,11,33598000,4,33592000,8,33599000,3,33591000,10,33600000,8,33590000,15,33601000,7,33589000,9,33602000,8,33588000,13,33603000,10,33587000,10,33604000,12,33586000,8,33605000,12
33593000,6,33594000,2,33592000,2,33595000,6,33591000,9,33596000,8,33590000,15,33597000,6,33589000,9,33598000,6,33588000,11,33599000,9,33587000,10,33600000,14,33586000,8,33601000,10,33585000,10,33602000,12,33584000,9,33603000,13
33590000,6,33591000,2,33589000,2,33592000,3,33588000,10,33593000,5,33587000,11,33594000,7,33586000,9,33595000,13,33585000,10,33596000,9,33584000,9,33597000,12,33583000,8,33598000,10,33582000,16,33599000,11,33581000,11,33600000,15
33587000,3,33589000,5,33586000,6,33590000,4,33585000,9,33591000,6,33584000,8,33592000,5,33583000,11,33593000,7,33582000,16,33594000,12,33581000,12,33595000,16,33580000,42,33596000,12,33579000,12,33597000,11,33578000,14,33598000,11
33588000,6,33590000,2,33587000,5,33591000,4,33586000,5,33592000,4,33585000,8,33593000,6,33584000,7,33594000,6,33583000,10,33595000,16,33582000,17,33596000,11,33581000,11,33597000,10,33580000,46,33598000,9,33579000,11,33599000,9
33592000,2,33594000,2,33591000,5,33595000,11,33590000,4,33596000,5,33589000,5,33597000,8,33588000,9,33598000,8,33587000,7,33599000,11,33586000,8,33600000,15,33585000,10,33601000,7,33584000,10,33602000,11,33583000,12,33603000,16
33594000,2,33597000,4,33593000,6,33598000,5,33592000,3,33599000,8,33591000,5,33600000,14,33590000,4,33601000,7,33589000,7,33602000,10,33588000,12,33603000,14,33587000,7,33604000,10,33586000,10,33605000,13,33585000,11,33606000,21
33594000,2,33595000,1,33593000,5,33596000,2,33592000,3,33597000,7,33591000,4,33598000,6,33590000,4,33599000,7,33589000,10,33600000,15,33588000,10,33601000,8,33587000,8,33602000,11,33586000,8,33603000,14,33585000,10,33604000,11
33594000,3,33597000,6,33593000,5,33598000,5,33592000,4,33599000,7,33591000,4,33600000,14,33590000,4,33601000,8,33589000,7,33602000,10,33588000,8,33603000,14,33587000,9,33604000,10,33586000,10,33605000,13,33585000,12,33606000,20
33598000,1,33600000,5,33597000,5,33601000,5,33596000,5,33602000,7,33595000,5,33603000,12,33594000,4,33604000,8,33593000,7,33605000,15,33592000,6,33606000,21,33591000,8,33607000,10,33590000,8,33608000,14,33589000,9,33609000,16
33600000,3,33603000,4,33599000,5,33604000,6,33598000,8,33605000,12,33597000,7,33606000,17,33596000,3,33607000,9,33595000,7,33608000,17,33594000,7,33609000,13,33593000,10,33610000,26,33592000,8,33611000,9,33591000,9,33612000,16
33602000,1,33604000,2,33601000,6,33605000,7,33600000,6,33606000,14,33599000,6,33607000,6,33598000,5,33608000,14,33597000,10,33609000,13,33596000,7,33610000,27,33595000,8,33611000,11,33594000,8,33612000,14,33593000,7,33613000,11
33600000,3,33602000,1,33599000,4,33603000,8,33598000,4,33604000,8,33597000,8,33605000,9,33596000,6,33606000,14,33595000,8,33607000,6,33594000,8,33608000,16,33593000,8,33609000,13,33592000,7,33610000,27,33591000,8,33611000,11
33599000,1,33600000,1,33598000,4,33601000,2,33597000,7,33602000,5,33596000,4,33603000,6,33595000,7,33604000,4,33594000,7,33605000,8,33593000,8,33606000,16,33592000,8,33607000,9,33591000,8,33608000,17,33590000,9,33609000,13
33600000,4,33602000,1,33599000,3,33603000,5,33598000,5,33604000,3,33597000,7,33605000,6,33596000,4,33606000,15,33595000,8,33607000,8,33594000,8,33608000,16,33593000,8,33609000,13,33592000,8,33610000,26,33591000,8,33611000,10
33600000,4,33602000,2,33599000,4,33603000,6,33598000,5,33604000,4,33597000,5,33605000,7,33596000,4,33606000,14,33595000,9,33607000,8,33594000,8,33608000,16,33593000,7,33609000,15,33592000,7,33610000,26,33591000,8,33611000,10
33600000,3,33603000,5,33599000,6,33604000,5,33598000,3,33605000,9,33597000,4,33606000,14,33596000,4,33607000,10,33595000,7,33608000,16,33594000,7,33609000,15,33593000,8,33610000,25,33592000,8,33611000,10,33591000,8,33612000,14
33600000,1,33602000,2,33599000,6,33603000,4,33598000,3,33604000,5,33597000,5,33605000,8,33596000,6,33606000,13,33595000,8,33607000,10,33594000,10,33608000,14,33593000,8,33609000,15,33592000,7,33610000,25,33591000,8,33611000,10
33600000,5,33603000,6,33599000,4,33604000,6,33598000,4,33605000,8,33597000,4,33606000,14,33596000,4,33607000,11,33595000,7,33608000,17,33594000,8,33609000,15,33593000,7,33610000,25,33592000,7,33611000,10,33591000,8,33612000,14
33599000,3,33602000,4,33598000,3,33603000,6,33597000,4,33604000,6,33596000,4,33605000,8,33595000,6,33606000,14,33594000,8,33607000,11,33593000,8,33608000,16,33592000,7,33609000,15,33591000,9,33610000,25,33590000,7,33611000,10
33601000,1,33603000,3,33600000,3,33604000,5,33599000,4,33605000,8,33598000,5,33606000,14,33597000,4,33607000,8,33596000,5,33608000,15,33595000,8,33609000,15,33594000,8,33610000,25,33593000,8,33611000,10,33592000,8,33612000,14
33597000,4,33600000,4,33596000,4,33601000,5,33595000,4,33602000,5,33594000,6,33603000,7,33593000,5,33604000,6,33592000,8,33605000,11,33591000,10,33606000,16,33590000,7,33607000,10,33589000,8,33608000,18,33588000,14,33609000,13
33596000,1,33598000,1,33595000,4,33599000,4,33594000,5,33600000,6,33593000,5,33601000,6,33592000,4,33602000,8,33591000,6,33603000,11,33590000,6,33604000,9,33589000,10,33605000,13,33588000,14,33606000,17,33587000,9,33607000,8
33596000,4,33599000,2,33595000,4,33600000,5,33594000,5,33601000,5,33593000,5,33602000,8,33592000,5,33603000,9,33591000,8,33604000,9,33590000,7,33605000,13,33589000,10,33606000,17,33588000,15,33607000,8,33587000,10,33608000,14
33602000,1,33603000,5,33601000,2,33604000,6,33600000,2,33605000,12,33599000,3,33606000,17,33598000,4,33607000,9,33597000,7,33608000,16,33596000,3,33609000,14,33595000,6,33610000,25,33594000,7,33611000,10,33593000,10,33612000,16
33599000,3,33601000,1,33598000,4,33602000,2,33597000,6,33603000,6,33596000,3,33604000,6,33595000,5,33605000,9,33594000,7,33606000,17,33593000,8,33607000,11,33592000,8,33608000,19,33591000,8,33609000,14,33590000,7,33610000,28
33596000,1,33598000,3,33595000,3,33599000,3,33594000,4,33600000,5,33593000,5,33601000,2,33592000,4,33602000,9,33591000,7,33603000,10,33590000,8,33604000,11,33589000,11,33605000,13,33588000,13,33606000,18,33587000,7,33607000,8
33600000,3,33602000,6,33599000,5,33603000,8,33598000,4,33604000,6,33597000,4,33605000,12,33596000,5,33606000,17,33595000,6,33607000,9,33594000,5,33608000,16,33593000,9,33609000,13,33592000,8,33610000,27,33591000,8,33611000,10
33598000,1,33600000,3,33597000,3,33601000,3,33596000,5,33602000,7,33595000,5,33603000,8,33594000,5,33604000,6,33593000,8,33605000,14,33592000,8,33606000,18,33591000,8,33607000,9,33590000,7,33608000,16,33589000,10,33609000,13
33598000,2,33600000,3,33597000,4,33601000,5,33596000,5,33602000,9,33595000,3,33603000,8,33594000,4,33604000,7,33593000,7,33605000,13,33592000,8,33606000,18,33591000,8,33607000,9,33590000,7,33608000,14,33589000,10,33609000,13
33594000,2,33595000,1,33593000,4,33596000,1,33592000,4,33597000,4,33591000,4,33598000,4,33590000,5,33599000,6,33589000,10,33600000,7,33588000,12,33601000,8,33587000,6,33602000,10,33586000,10,33603000,10,33585000,12,33604000,10
33597000,2,33599000,2,33596000,3,33600000,3,33595000,3,33601000,7,33594000,6,33602000,5,33593000,3,33603000,8,33592000,5,33604000,10,33591000,7,33605000,13,33590000,8,33606000,20,33589000,12,33607000,8,33588000,15,33608000,14
33596000,1,33598000,3,33595000,2,33599000,4,33594000,4,33600000,5,33593000,3,33601000,2,33592000,4,33602000,7,33591000,6,33603000,9,33590000,7,33604000,10,33589000,13,33605000,14,33588000,14,33606000,18,33587000,7,33607000,8
33598000,2,33599000,2,33597000,5,33600000,4,33596000,7,33601000,5,33595000,2,33602000,7,33594000,8,33603000,9,33593000,6,33604000,9,33592000,4,33605000,13,33591000,8,33606000,17,33590000,9,33607000,8,33589000,12,33608000,13
33600000,6,33602000,2,33599000,5,33603000,9,33598000,6,33604000,6,33597000,5,33605000,12,33596000,6,33606000,16,33595000,5,33607000,10,33594000,9,33608000,15,33593000,11,33609000,14,33592000,9,33610000,28,33591000,8,33611000,10
33603000,1,33605000,6,33602000,4,33606000,14,33601000,5,33607000,7,33600000,8,33608000,13,33599000,6,33609000,14,33598000,7,33610000,27,33597000,8,33611000,10,33596000,10,33612000,16,33595000,7,33613000,11,33594000,10,33614000,11
33596000,6,33598000,1,33595000,4,33599000,5,33594000,7,33600000,6,33593000,5,33601000,6,33592000,5,33602000,7,33591000,8,33603000,8,33590000,11,33604000,10,33589000,9,33605000,9,33588000,13,33606000,10,33587000,8,33607000,8
33599000,1,33601000,4,33598000,5,33602000,6,33597000,4,33603000,5,33596000,7,33604000,9,33595000,6,33605000,7,33594000,7,33606000,8,33593000,9,33607000,8,33592000,9,33608000,11,33591000,9,33609000,16,33590000,11,33610000,27
33602000,2,33604000,1,33601000,4,33605000,5,33600000,5,33606000,5,33599000,4,33607000,7,33598000,6,33608000,7,33597000,5,33609000,17,33596000,9,33610000,27,33595000,9,33611000,10,33594000,11,33612000,15,33593000,10,33613000,11
33604000,2,33606000,1,33603000,5,33607000,3,33602000,6,33608000,7,33601000,4,33609000,15,33600000,6,33610000,26,33599000,6,33611000,11,33598000,10,33612000,17,33597000,7,33613000,11,33596000,12,33614000,11,33595000,8,33615000,18
33604000,1,33606000,2,33603000,3,33607000,3,33602000,5,33608000,5,33601000,4,33609000,13,33600000,9,33610000,24,33599000,7,33611000,8,33598000,10,33612000,16,33597000,7,33613000,12,33596000,11,33614000,12,33595000,8,33615000,19
33605000,1,33607000,2,33604000,4,33608000,6,33603000,4,33609000,13,33602000,6,33610000,24,33601000,4,33611000,9,33600000,7,33612000,16,33599000,7,33613000,12,33598000,9,33614000,12,33597000,7,33615000,19,33596000,11,33616000,12
33608000,8,33610000,21,33607000,51,33611000,6,33605000,6,33612000,12,33604000,5,33613000,11,33603000,6,33614000,11,33602000,6,33615000,19,33601000,7,33616000,12,33600000,8,33617000,10,33599000,8,33618000,20,33598000,10,33619000,9
33607000,50,33608000,3,33606000,1,33609000,4,33605000,6,33610000,22,33604000,5,33611000,7,33603000,5,33612000,13,33602000,7,33613000,11,33601000,8,33614000,10,33600000,9,33615000,19,33599000,6,33616000,11,33598000,9,33617000,11
33604000,1,33605000,2,33603000,2,33606000,5,33602000,6,33607000,6,33601000,5,33608000,5,33600000,6,33609000,5,33599000,6,33610000,23,33598000,10,33611000,11,33597000,9,33612000,17,33596000,12,33613000,13,33595000,9,33614000,12
33601000,6,33603000,2,33600000,5,33604000,4,33599000,4,33605000,4,33598000,6,33606000,7,33597000,9,33607000,6,33596000,11,33608000,10,33595000,8,33609000,9,33594000,11,33610000,25,33593000,9,33611000,11,33592000,10,33612000,16
33604000,1,33606000,1,33603000,5,33607000,4,33602000,11,33608000,8,33601000,11,33609000,8,33600000,6,33610000,24,33599000,4,33611000,11,33598000,7,33612000,16,33597000,10,33613000,12,33596000,12,33614000,11,33595000,9,33615000,19
33603000,1,33605000,4,33602000,5,33606000,5,33601000,5,33607000,5,33600000,9,33608000,5,33599000,6,33609000,8,33598000,10,33610000,25,33597000,12,33611000,10,33596000,12,33612000,16,33595000,9,33613000,10,33594000,12,33614000,12
33603000,3,33605000,3,33602000,6,33606000,3,33601000,5,33607000,5,33600000,10,33608000,5,33599000,7,33609000,7,33598000,12,33610000,25,33597000,12,33611000,11,33596000,13,33612000,17,33595000,8,33613000,10,33594000,12,33614000,11
33600000,4,33601000,1,33599000,3,33602000,1,33598000,8,33603000,6,33597000,11,33604000,6,33596000,7,33605000,5,33595000,10,33606000,9,33594000,12,33607000,8,33593000,9,33608000,9,33592000,10,33609000,11,33591000,13,33610000,25
33597000,2,33598000,1,33596000,4,33599000,4,33595000,6,33600000,7,33594000,12,33601000,5,33593000,10,33602000,6,33592000,11,33603000,9,33591000,8,33604000,8,33590000,10,33605000,9,33589000,10,33606000,10,33588000,13,33607000,8
33599000,2,33600000,1,33598000,7,33601000,2,33597000,4,33602000,6,33596000,4,33603000,8,33595000,7,33604000,6,33594000,8,33605000,9,33593000,10,33606000,10,33592000,12,33607000,7,33591000,10,33608000,9,33590000,13,33609000,11
33600000,5,33603000,4,33599000,5,33604000,5,33598000,8,33605000,7,33597000,4,33606000,7,33596000,6,33607000,6,33595000,14,33608000,10,33594000,13,33609000,12,33593000,12,33610000,26,33592000,11,33611000,9,33591000,10,33612000,15
33604000,3,33606000,2,33603000,4,33607000,3,33602000,6,33608000,5,33601000,23,33609000,11,33600000,5,33610000,24,33599000,8,33611000,10,33598000,13,33612000,16,33597000,7,33613000,9,33596000,10,33614000,11,33595000,13,33615000,21
33603000,2,33605000,1,33602000,5,33606000,3,33601000,25,33607000,4,33600000,7,33608000,29,33599000,7,33609000,10,33598000,13,33610000,24,33597000,7,33611000,12,33596000,9,33612000,16,33595000,11,33613000,10,33594000,11,33614000,12
33605000,2,33606000,2,33604000,5,33607000,2,33603000,4,33608000,3,33602000,5,33609000,11,33601000,24,33610000,23,33600000,8,33611000,12,33599000,8,33612000,16,33598000,14,33613000,10,33597000,7,33614000,11,33596000,10,33615000,19
33605000,2,33607000,2,33604000,5,33608000,1,33603000,5,33609000,10,33602000,4,33610000,22,33601000,24,33611000,10,33600000,9,33612000,14,33599000,8,33613000,10,33598000,14,33614000,11,33597000,7,33615000,19,33596000,9,33616000,11
33605000,1,33606000,1,33604000,3,33607000,2,33603000,4,33608000,3,33602000,5,33609000,8,33601000,23,33610000,24,33600000,10,33611000,9,33599000,8,33612000,16,33598000,15,33613000,10,33597000,8,33614000,12,33596000,9,33615000,19
33608000,2,33609000,5,33607000,7,33610000,20,33606000,4,33611000,7,33605000,5,33612000,11,33604000,6,33613000,7,33603000,7,33614000,12,33602000,9,33615000,20,33601000,26,33616000,11,33600000,11,33617000,10,33599000,7,33618000,20
33606000,4,33608000,1,33605000,4,33609000,2,33604000,8,33610000,20,33603000,6,33611000,7,33602000,7,33612000,11,33601000,27,33613000,7,33600000,10,33614000,11,33599000,7,33615000,20,33598000,14,33616000,12,33597000,7,33617000,10
33607000,13,33609000,1,33605000,7,33610000,7,33604000,7,33611000,5,33603000,8,33612000,12,33602000,9,33613000,9,33601000,28,33614000,12,33600000,12,33615000,20,33599000,8,33616000,11,33598000,15,33617000,10,33597000,7,33618000,18
33608000,1,33609000,1,33607000,14,33610000,4,33606000,3,33611000,5,33605000,5,33612000,11,33604000,6,33613000,7,33603000,8,33614000,11,33602000,10,33615000,20,33601000,27,33616000,12,33600000,12,33617000,10,33599000,7,33618000,18
33612000,3,33614000,2,33611000,5,33615000,11,33610000,8,33616000,6,33609000,10,33617000,7,33608000,6,33618000,13,33607000,18,33619000,9,33606000,9,33620000,13,33605000,9,33621000,13,33604000,11,33622000,12,33603000,11,33623000,8
33609000,7,33611000,3,33608000,6,33612000,2,33607000,17,33613000,6,33606000,4,33614000,6,33605000,8,33615000,6,33604000,9,33616000,9,33603000,12,33617000,8,33602000,11,33618000,15,33601000,27,33619000,8,33600000,15,33620000,14
33607000,13,33609000,2,33606000,3,33610000,4,33605000,7,33611000,5,33604000,8,33612000,4,33603000,10,33613000,7,33602000,11,33614000,9,33601000,27,33615000,8,33600000,14,33616000,12,33599000,8,33617000,7,33598000,15,33618000,15
33608000,1,33610000,2,33607000,9,33611000,4,33606000,2,33612000,4,33605000,7,33613000,7,33604000,8,33614000,7,33603000,12,33615000,8,33602000,10,33616000,12,33601000,27,33617000,7,33600000,14,33618000,14,33599000,8,33619000,8
33611000,4,33613000,1,33610000,4,33614000,4,33609000,5,33615000,6,33608000,8,33616000,9,33607000,11,33617000,9,33606000,4,33618000,14,33605000,10,33619000,8,33604000,11,33620000,13,33603000,12,33621000,13,33602000,14,33622000,12
33615000,2,33616000,2,33614000,3,33617000,4,33613000,4,33618000,10,33612000,4,33619000,7,33611000,6,33620000,12,33610000,6,33621000,15,33609000,6,33622000,14,33608000,12,33623000,8,33607000,14,33624000,11,33606000,6,33625000,14
33613000,2,33615000,1,33612000,5,33616000,5,33611000,6,33617000,3,33610000,5,33618000,12,33609000,5,33619000,8,33608000,11,33620000,13,33607000,14,33621000,15,33606000,7,33622000,14,33605000,9,33623000,8,33604000,9,33624000,11
33613000,2,33615000,1,33612000,5,33616000,5,33611000,6,33617000,3,33610000,5,33618000,12,33609000,5,33619000,8,33608000,11,33620000,13,33607000,14,33621000,15,33606000,7,33622000,14,33605000,9,33623000,8,33604000,9,33624000,11
33607000,10,33608000,2,33606000,3,33609000,3,33605000,9,33610000,6,33604000,6,33611000,6,33603000,11,33612000,8,33602000,10,33613000,5,33601000,27,33614000,11,33600000,13,33615000,11,33599000,8,33616000,11,33598000,13,33617000,10
33608000,2,33610000,4,33607000,5,33611000,5,33606000,12,33612000,6,33605000,3,33613000,5,33604000,7,33614000,10,33603000,11,33615000,12,33602000,11,33616000,10,33601000,30,33617000,8,33600000,13,33618000,14,33599000,8,33619000,7
33607000,1,33608000,3,33606000,11,33610000,4,33605000,3,33611000,7,33604000,7,33612000,6,33603000,10,33613000,5,33602000,11,33614000,11,33601000,30,33615000,12,33600000,12,33616000,10,33599000,8,33617000,8,33598000,13,33618000,14
33605000,2,33607000,2,33604000,3,33608000,4,33603000,7,33609000,2,33602000,8,33610000,12,33601000,29,33611000,8,33600000,13,33612000,9,33599000,7,33613000,8,33598000,13,33614000,12,33597000,9,33615000,10,33596000,13,33616000,9
33602000,1,33604000,4,33601000,23,33605000,3,33600000,11,33606000,4,33599000,9,33607000,8,33598000,12,33608000,8,33597000,10,33609000,7,33596000,9,33610000,14,33595000,13,33611000,7,33594000,10,33612000,9,33593000,12,33613000,6
33598000,5,33599000,1,33597000,5,33600000,3,33596000,8,33601000,5,33595000,13,33602000,6,33594000,10,33603000,7,33593000,11,33604000,10,33592000,11,33605000,6,33591000,11,33606000,8,33590000,11,33607000,7,33589000,9,33608000,10
33600000,2,33602000,5,33599000,3,33603000,5,33598000,4,33604000,8,33597000,5,33605000,5,33596000,9,33606000,5,33595000,10,33607000,7,33594000,10,33608000,9,33593000,12,33609000,8,33592000,12,33610000,14,33591000,10,33611000,9
33604000,3,33605000,2,33603000,5,33606000,1,33602000,5,33607000,5,33601000,6,33608000,6,33600000,8,33609000,6,33599000,3,33610000,14,33598000,9,33611000,10,33597000,9,33612000,10,33596000,14,33613000,6,33595000,13,33614000,11
33601000,5,33604000,3,33600000,8,33605000,4,33599000,4,33606000,4,33598000,6,33607000,4,33597000,7,33608000,6,33596000,11,33609000,7,33595000,13,33610000,17,33594000,11,33611000,7,33593000,13,33612000,11,33592000,12,33613000,6
33604000,1,33606000,6,33603000,3,33607000,9,33602000,5,33608000,4,33601000,4,33609000,7,33600000,5,33610000,8,33599000,6,33611000,8,33598000,10,33612000,11,33597000,10,33613000,6,33596000,13,33614000,12,33595000,12,33615000,10
33596000,8,33598000,2,33595000,7,33599000,5,33594000,7,33600000,4,33593000,9,33601000,5,33592000,10,33602000,6,33591000,10,33603000,17,33590000,13,33604000,10,33589000,10,33605000,9,33588000,12,33606000,9,33587000,7,33607000,12
33595000,12,33596000,1,33594000,6,33597000,6,33593000,8,33598000,6,33592000,10,33599000,4,33591000,8,33600000,4,33590000,10,33601000,12,33589000,9,33602000,9,33588000,13,33603000,7,33587000,9,33604000,9,33586000,13,33605000,9
33596000,4,33598000,6,33595000,6,33599000,6,33594000,4,33600000,5,33593000,6,33601000,13,33592000,6,33602000,7,33591000,10,33603000,7,33590000,11,33604000,8,33589000,12,33605000,7,33588000,16,33606000,8,33587000,8,33607000,7
33595000,5,33596000,6,33594000,4,33597000,4,33593000,6,33598000,6,33592000,6,33599000,6,33591000,9,33600000,5,33590000,10,33601000,13,33589000,12,33602000,8,33588000,16,33603000,7,33587000,9,33604000,8,33586000,13,33605000,7
33590000,4,33592000,1,33589000,8,33593000,3,33588000,12,33594000,6,33587000,8,33595000,6,33586000,13,33596000,7,33585000,16,33597000,10,33584000,9,33598000,8,33583000,12,33599000,6,33582000,16,33600000,9,33581000,14,33601000,9
33587000,1,33588000,2,33586000,7,33589000,5,33585000,13,33590000,5,33584000,7,33591000,5,33583000,12,33592000,4,33582000,12,33593000,7,33581000,14,33594000,9,33580000,45,33595000,9,33579000,8,33596000,8,33578000,15,33597000,10
33584000,3,33586000,3,33583000,6,33587000,4,33582000,10,33588000,7,33581000,16,33589000,5,33580000,45,33590000,6,33579000,12,33591000,9,33578000,13,33592000,7,33577000,6,33593000,7,33576000,10,33594000,11,33575000,11,33595000,8
33586000,1,33587000,3,33585000,4,33588000,5,33584000,4,33589000,6,33583000,5,33590000,6,33582000,11,33591000,9,33581000,15,33592000,6,33580000,46,33593000,7,33579000,15,33594000,6,33578000,14,33595000,8,33577000,8,33596000,8
33583000,7,33584000,4,33582000,11,33585000,2,33581000,15,33586000,3,33580000,46,33587000,4,33579000,14,33588000,5,33578000,12,33589000,7,33577000,9,33590000,7,33576000,10,33591000,8,33575000,13,33592000,8,33574000,8,33593000,9
33584000,2,33586000,3,33583000,7,33587000,5,33582000,7,33588000,8,33581000,10,33589000,6,33580000,44,33590000,8,33579000,15,33591000,9,33578000,14,33592000,9,33577000,7,33593000,10,33576000,12,33594000,8,33575000,12,33595000,8
33584000,1,33586000,3,33583000,10,33587000,5,33582000,6,33588000,7,33581000,10,33589000,5,33580000,42,33590000,10,33579000,11,33591000,9,33578000,15,33592000,9,33577000,10,33593000,9,33576000,12,33594000,8,33575000,12,33595000,8
33586000,1,33587000,2,33585000,4,33588000,5,33584000,9,33589000,4,33583000,10,33590000,9,33582000,7,33591000,8,33581000,12,33592000,7,33580000,44,33593000,10,33579000,11,33594000,8,33578000,14,33595000,8,33577000,9,33596000,7
33584000,8,33585000,1,33583000,11,33586000,4,33582000,7,33587000,4,33581000,10,33588000,6,33580000,43,33589000,6,33579000,12,33590000,10,33578000,13,33591000,9,33577000,9,33592000,8,33576000,10,33593000,10,33575000,11,33594000,8
33582000,3,33583000,11,33581000,6,33584000,3,33580000,40,33585000,6,33579000,10,33586000,7,33578000,12,33587000,6,33577000,9,33588000,12,33576000,12,33589000,7,33575000,10,33590000,16,33574000,9,33591000,9,33573000,10,33592000,8
33583000,1,33584000,1,33582000,7,33585000,8,33581000,6,33586000,7,33580000,41,33587000,4,33579000,9,33588000,11,33578000,14,33589000,7,33577000,9,33590000,16,33576000,13,33591000,9,33575000,10,33592000,7,33574000,9,33593000,9
33583000,3,33585000,3,33582000,7,33586000,6,33581000,6,33587000,4,33580000,41,33588000,8,33579000,9,33589000,6,33578000,15,33590000,15,33577000,10,33591000,8,33576000,13,33592000,8,33575000,10,33593000,9,33574000,10,33594000,10
33582000,7,33584000,8,33581000,6,33585000,6,33580000,8,33586000,7,33579000,6,33587000,8,33578000,8,33588000,14,33577000,10,33589000,8,33576000,12,33590000,13,33575000,14,33591000,8,33574000,9,33592000,8,33573000,11,33593000,8
33585000,5,33587000,1,33584000,6,33588000,10,33583000,6,33589000,7,33582000,7,33590000,12,33581000,6,33591000,8,33580000,10,33592000,7,33579000,9,33593000,8,33578000,12,33594000,9,33577000,9,33595000,9,33576000,14,33596000,10
33582000,4,33584000,5,33581000,6,33585000,6,33580000,9,33586000,5,33579000,8,33587000,6,33578000,9,33588000,9,33577000,9,33589000,7,33576000,14,33590000,10,33575000,13,33591000,8,33574000,9,33592000,8,33573000,10,33593000,9
33579000,1,33581000,4,33578000,10,33582000,5,33577000,8,33583000,6,33576000,11,33584000,4,33575000,14,33585000,7,33574000,9,33586000,11,33573000,12,33587000,9,33572000,14,33588000,12,33571000,14,33589000,8,33570000,49,33590000,10
33581000,1,33582000,2,33580000,6,33583000,5,33579000,5,33584000,6,33578000,7,33585000,7,33577000,7,33586000,8,33576000,9,33587000,11,33575000,13,33588000,13,33574000,11,33589000,8,33573000,13,33590000,9,33572000,14,33591000,8
33584000,1,33585000,2,33583000,3,33586000,5,33582000,5,33587000,9,33581000,5,33588000,10,33580000,8,33589000,9,33579000,8,33590000,10,33578000,10,33591000,9,33577000,9,33592000,13,33576000,11,33593000,8,33575000,13,33594000,10
33581000,2,33582000,2,33580000,12,33583000,6,33579000,5,33584000,4,33578000,9,33585000,8,33577000,6,33586000,7,33576000,10,33587000,8,33575000,11,33588000,11,33574000,12,33589000,8,33573000,12,33590000,10,33572000,18,33591000,9
33584000,1,33585000,1,33583000,14,33586000,4,33582000,4,33587000,6,33581000,10,33588000,11,33580000,12,33589000,7,33579000,7,33590000,9,33578000,18,33591000,9,33577000,8,33592000,13,33576000,11,33593000,9,33575000,12,33594000,9
33587000,3,33588000,1,33586000,6,33589000,6,33585000,5,33590000,10,33584000,7,33591000,11,33583000,11,33592000,16,33582000,8,33593000,13,33581000,11,33594000,13,33580000,14,33595000,10,33579000,8,33596000,11,33578000,18,33597000,11
33590000,1,33591000,1,33589000,5,33592000,11,33588000,6,33593000,9,33587000,5,33594000,14,33586000,7,33595000,11,33585000,6,33596000,13,33584000,8,33597000,8,33583000,15,33598000,11,33582000,11,33599000,9,33581000,12,33600000,14
33593000,2,33594000,2,33592000,5,33595000,6,33591000,5,33596000,10,33590000,6,33597000,10,33589000,6,33598000,11,33588000,7,33599000,11,33587000,7,33600000,13,33586000,8,33601000,8,33585000,8,33602000,10,33584000,10,33603000,13
33594000,3,33596000,1,33593000,4,33597000,4,33592000,7,33598000,10,33591000,6,33599000,10,33590000,8,33600000,14,33589000,9,33601000,11,33588000,8,33602000,11,33587000,7,33603000,11,33586000,8,33604000,18,33585000,9,33605000,8
33593000,2,33594000,1,33592000,6,33595000,5,33591000,6,33596000,4,33590000,9,33597000,5,33589000,7,33598000,7,33588000,8,33599000,9,33587000,7,33600000,15,33586000,6,33601000,11,33585000,9,33602000,14,33584000,9,33603000,10
33591000,1,33592000,2,33590000,7,33593000,4,33589000,7,33594000,5,33588000,8,33595000,6,33587000,9,33596000,8,33586000,6,33597000,8,33585000,9,33598000,12,33584000,8,33599000,9,33583000,6,33600000,16,33582000,12,33601000,11
33590000,1,33592000,5,33589000,5,33593000,5,33588000,8,33594000,6,33587000,9,33595000,6,33586000,8,33596000,8,33585000,8,33597000,10,33584000,9,33598000,12,33583000,5,33599000,9,33582000,12,33600000,15,33581000,13,33601000,10
33584000,2,33586000,4,33583000,4,33587000,4,33582000,8,33588000,5,33581000,12,33589000,9,33580000,16,33590000,7,33579000,12,33591000,8,33578000,20,33592000,10,33577000,8,33593000,10,33576000,10,33594000,12,33575000,11,33595000,14
33584000,4,33586000,1,33583000,5,33587000,5,33582000,8,33588000,6,33581000,10,33589000,10,33580000,17,33590000,8,33579000,11,33591000,8,33578000,18,33592000,9,33577000,8,33593000,10,33576000,11,33594000,11,33575000,11,33595000,12
33586000,5,33589000,8,33585000,5,33590000,7,33584000,8,33591000,6,33583000,4,33592000,7,33582000,9,33593000,10,33581000,11,33594000,10,33580000,18,33595000,13,33579000,11,33596000,9,33578000,20,33597000,8,33577000,10,33598000,11
33585000,4,33586000,2,33584000,6,33587000,6,33583000,6,33588000,7,33582000,12,33589000,6,33581000,11,33590000,6,33580000,15,33591000,7,33579000,8,33592000,7,33578000,18,33593000,9,33577000,8,33594000,11,33576000,10,33595000,11
33588000,4,33590000,1,33587000,5,33591000,3,33586000,6,33592000,6,33585000,6,33593000,8,33584000,6,33594000,10,33583000,7,33595000,11,33582000,13,33596000,12,33581000,11,33597000,15,33580000,17,33598000,13,33579000,9,33599000,8
33587000,2,33588000,5,33586000,6,33589000,6,33585000,4,33590000,8,33584000,5,33591000,5,33583000,7,33592000,9,33582000,11,33593000,10,33581000,11,33594000,10,33580000,15,33595000,11,33579000,9,33596000,12,33578000,19,33597000,15
33593000,1,33594000,1,33592000,5,33595000,8,33591000,6,33596000,9,33590000,6,33597000,14,33589000,6,33598000,13,33588000,6,33599000,10,33587000,5,33600000,15,33586000,8,33601000,10,33585000,9,33602000,12,33584000,11,33603000,12
33596000,5,33597000,6,33595000,5,33598000,7,33594000,6,33599000,7,33593000,5,33600000,11,33592000,5,33601000,10,33591000,4,33602000,13,33590000,5,33603000,10,33589000,8,33604000,16,33588000,9,33605000,8,33587000,7,33606000,13
33598000,7,33600000,3,33597000,6,33601000,9,33596000,5,33602000,11,33595000,6,33603000,11,33594000,5,33604000,16,33593000,4,33605000,8,33592000,8,33606000,11,33591000,6,33607000,9,33590000,7,33608000,8,33589000,8,33609000,10
33602000,2,33603000,3,33601000,5,33604000,10,33600000,10,33605000,9,33599000,5,33606000,11,33598000,8,33607000,10,33597000,7,33608000,11,33596000,6,33609000,8,33595000,11,33610000,10,33594000,7,33611000,10,33593000,7,33612000,19
33604000,2,33606000,6,33603000,6,33607000,9,33602000,5,33608000,9,33601000,5,33609000,9,33600000,7,33610000,11,33599000,7,33611000,12,33598000,10,33612000,19,33597000,10,33613000,8,33596000,10,33614000,10,33595000,11,33615000,15
33603000,4,33605000,2,33602000,5,33606000,5,33601000,5,33607000,9,33600000,7,33608000,9,33599000,6,33609000,9,33598000,10,33610000,12,33597000,10,33611000,12,33596000,9,33612000,19,33595000,11,33613000,8,33594000,10,33614000,11
33605000,2,33606000,3,33604000,4,33607000,9,33603000,6,33608000,8,33602000,5,33609000,9,33601000,5,33610000,11,33600000,7,33611000,12,33599000,8,33612000,18,33598000,11,33613000,8,33597000,10,33614000,12,33596000,13,33615000,15
33604000,1,33606000,4,33603000,3,33607000,6,33602000,4,33608000,10,33601000,5,33609000,7,33600000,8,33610000,11,33599000,8,33611000,13,33598000,9,33612000,17,33597000,10,33613000,10,33596000,12,33614000,12,33595000,10,33615000,13
33606000,1,33607000,3,33605000,6,33608000,6,33604000,6,33609000,7,33603000,8,33610000,13,33602000,3,33611000,12,33601000,7,33612000,16,33600000,8,33613000,9,33599000,7,33614000,12,33598000,12,33615000,13,33597000,12,33616000,14
33607000,2,33609000,7,33606000,4,33610000,10,33605000,5,33611000,10,33604000,5,33612000,17,33603000,7,33613000,8,33602000,6,33614000,12,33601000,9,33615000,14,33600000,9,33616000,14,33599000,8,33617000,10,33598000,12,33618000,13
33611000,1,33612000,8,33610000,5,33613000,8,33609000,5,33614000,9,33608000,11,33615000,16,33607000,6,33616000,13,33606000,4,33617000,12,33605000,9,33618000,12,33604000,10,33619000,9,33603000,11,33620000,16,33602000,9,33621000,13
33609000,3,33611000,5,33608000,2,33612000,8,33607000,4,33613000,5,33606000,4,33614000,6,33605000,8,33615000,13,33604000,8,33616000,12,33603000,10,33617000,13,33602000,10,33618000,13,33601000,10,33619000,10,33600000,10,33620000,17
33605000,5,33606000,3,33604000,6,33608000,2,33603000,9,33609000,6,33602000,7,33610000,10,33601000,8,33611000,4,33600000,10,33612000,9,33599000,9,33613000,7,33598000,14,33614000,9,33597000,15,33615000,15,33596000,12,33616000,15
33606000,6,33608000,2,33605000,6,33609000,6,33604000,6,33610000,9,33603000,7,33611000,4,33602000,7,33612000,11,33601000,9,33613000,7,33600000,10,33614000,10,33599000,9,33615000,15,33598000,14,33616000,15,33597000,14,33617000,12
33606000,2,33607000,5,33605000,5,33608000,7,33604000,6,33609000,5,33603000,7,33610000,9,33602000,7,33611000,5,33601000,8,33612000,9,33600000,10,33613000,6,33599000,9,33614000,10,33598000,15,33615000,14,33597000,12,33616000,15
33603000,1,33605000,6,33602000,6,33606000,4,33601000,6,33607000,3,33600000,8,33608000,8,33599000,7,33609000,7,33598000,13,33610000,10,33597000,13,33611000,8,33596000,11,33612000,11,33595000,12,33613000,6,33594000,12,33614000,9
33606000,2,33607000,2,33605000,4,33608000,5,33604000,5,33609000,6,33603000,5,33610000,9,33602000,4,33611000,7,33601000,6,33612000,10,33600000,9,33613000,6,33599000,9,33614000,8,33598000,14,33615000,14,33597000,13,33616000,19
33609000,1,33610000,1,33608000,4,33611000,2,33607000,5,33612000,7,33606000,6,33613000,6,33605000,4,33614000,9,33604000,6,33615000,15,33603000,8,33616000,19,33602000,7,33617000,12,33601000,9,33618000,11,33600000,11,33619000,10
33612000,4,33614000,10,33611000,13,33615000,12,33610000,6,33616000,14,33609000,4,33617000,12,33608000,5,33618000,9,33607000,7,33619000,10,33606000,8,33620000,17,33605000,8,33621000,11,33604000,9,33622000,19,33603000,8,33623000,22
33615000,4,33616000,6,33614000,6,33617000,7,33613000,4,33618000,9,33612000,6,33619000,11,33611000,13,33620000,18,33610000,8,33621000,12,33609000,6,33622000,19,33608000,9,33623000,21,33607000,8,33624000,11,33606000,9,33625000,15
33614000,4,33617000,3,33613000,4,33618000,5,33612000,5,33619000,9,33611000,17,33620000,14,33610000,10,33621000,12,33609000,6,33622000,19,33608000,10,33623000,23,33607000,9,33624000,12,33606000,9,33625000,17,33605000,10,33626000,11
33611000,12,33612000,7,33610000,4,33613000,6,33609000,4,33614000,5,33608000,6,33615000,4,33607000,7,33616000,8,33606000,8,33617000,8,33605000,11,33618000,10,33604000,9,33619000,11,33603000,8,33620000,18,33602000,8,33621000,13
33610000,2,33612000,3,33609000,6,33613000,4,33608000,5,33614000,4,33607000,5,33615000,5,33606000,5,33616000,11,33605000,10,33617000,8,33604000,11,33618000,11,33603000,10,33619000,11,33602000,9,33620000,16,33601000,9,33621000,12
33609000,5,33611000,1,33608000,5,33612000,5,33607000,5,33613000,4,33606000,5,33614000,7,33605000,10,33615000,6,33604000,12,33616000,9,33603000,10,33617000,9,33602000,8,33618000,11,33601000,9,33619000,11,33600000,12,33620000,16
33606000,1,33607000,2,33605000,7,33608000,4,33604000,6,33609000,4,33603000,7,33610000,5,33602000,6,33611000,9,33601000,9,33612000,7,33600000,12,33613000,7,33599000,8,33614000,12,33598000,13,33615000,8,33597000,15,33616000,11
33606000,5,33608000,1,33605000,7,33609000,3,33604000,5,33610000,4,33603000,8,33611000,7,33602000,6,33612000,6,33601000,10,33613000,6,33600000,13,33614000,10,33599000,8,33615000,9,33598000,13,33616000,12,33597000,13,33617000,9
33606000,5,33608000,1,33605000,6,33609000,6,33604000,6,33610000,5,33603000,6,33611000,8,33602000,9,33612000,6,33601000,12,33613000,7,33600000,13,33614000,10,33599000,8,33615000,15,33598000,13,33616000,10,33597000,13,33617000,9
33603000,3,33605000,3,33602000,4,33606000,5,33601000,7,33607000,5,33600000,9,33608000,5,33599000,5,33609000,7,33598000,15,33610000,9,33597000,12,33611000,9,33596000,12,33612000,9,33595000,12,33613000,9,33594000,9,33614000,6
33605000,1,33606000,4,33604000,4,33607000,3,33603000,5,33608000,5,33602000,4,33609000,7,33601000,7,33610000,7,33600000,11,33611000,9,33599000,5,33612000,9,33598000,16,33613000,9,33597000,12,33614000,6,33596000,12,33615000,15
33602000,5,33603000,1,33601000,9,33604000,2,33600000,9,33605000,6,33599000,4,33606000,2,33598000,13,33607000,3,33597000,12,33608000,6,33596000,11,33609000,7,33595000,11,33610000,10,33594000,9,33611000,10,33593000,7,33612000,10
33600000,1,33601000,1,33599000,3,33602000,5,33598000,12,33603000,7,33597000,10,33604000,4,33596000,10,33605000,9,33595000,13,33606000,5,33594000,9,33607000,6,33593000,7,33608000,8,33592000,7,33609000,7,33591000,13,33610000,11
33597000,3,33599000,4,33596000,3,33600000,4,33595000,10,33601000,5,33594000,10,33602000,7,33593000,10,33603000,9,33592000,10,33604000,7,33591000,9,33605000,11,33590000,9,33606000,7,33589000,7,33607000,6,33588000,13,33608000,8
33599000,3,33600000,3,33598000,5,33601000,3,33597000,6,33602000,7,33596000,3,33603000,9,33595000,11,33604000,7,33594000,13,33605000,9,33593000,11,33606000,7,33592000,11,33607000,7,33591000,9,33608000,9,33590000,9,33609000,9
33597000,2,33599000,3,33596000,3,33600000,5,33595000,8,33601000,4,33594000,12,33602000,7,33593000,10,33603000,9,33592000,10,33604000,8,33591000,9,33605000,9,33590000,9,33606000,8,33589000,7,33607000,7,33588000,13,33608000,8
33599000,2,33600000,1,33598000,6,33601000,2,33597000,3,33602000,7,33596000,5,33603000,9,33595000,5,33604000,7,33594000,9,33605000,9,33593000,10,33606000,8,33592000,10,33607000,6,33591000,12,33608000,8,33590000,10,33609000,9
33597000,3,33598000,2,33596000,6,33599000,3,33595000,6,33600000,4,33594000,11,33601000,4,33593000,9,33602000,7,33592000,10,33603000,14,33591000,11,33604000,7,33590000,9,33605000,10,33589000,7,33606000,9,33588000,11,33607000,6
33594000,5,33596000,4,33593000,9,33597000,5,33592000,9,33598000,4,33591000,10,33599000,5,33590000,8,33600000,8,33589000,8,33601000,8,33588000,12,33602000,8,33587000,7,33603000,14,33586000,11,33604000,9,33585000,21,33605000,12
33595000,1,33597000,5,33594000,4,33598000,7,33593000,3,33599000,6,33592000,5,33600000,8,33591000,6,33601000,6,33590000,7,33602000,8,33589000,10,33603000,13,33588000,15,33604000,8,33587000,10,33605000,11,33586000,10,33606000,10
33594000,1,33595000,2,33593000,3,33596000,2,33592000,7,33597000,3,33591000,7,33598000,5,33590000,7,33599000,6,33589000,10,33600000,10,33588000,14,33601000,7,33587000,10,33602000,9,33586000,9,33603000,13,33585000,16,33604000,8
33591000,1,33592000,2,33590000,5,33593000,2,33589000,6,33594000,6,33588000,12,33595000,5,33587000,9,33596000,5,33586000,11,33597000,6,33585000,18,33598000,10,33584000,10,33599000,7,33583000,10,33600000,11,33582000,17,33601000,8
33588000,4,33591000,5,33587000,6,33592000,2,33586000,11,33593000,3,33585000,19,33594000,5,33584000,11,33595000,7,33583000,12,33596000,47,33582000,15,33597000,7,33581000,10,33598000,10,33580000,20,33599000,8,33579000,17,33600000,12
33585000,8,33587000,4,33584000,6,33588000,5,33583000,11,33589000,9,33582000,14,33590000,7,33581000,9,33591000,5,33580000,19,33592000,7,33579000,12,33593000,7,33578000,20,33594000,9,33577000,11,33595000,9,33576000,13,33596000,48
33586000,1,33588000,3,33585000,5,33589000,5,33584000,8,33590000,7,33583000,6,33591000,4,33582000,12,33592000,5,33581000,10,33593000,7,33580000,15,33594000,11,33579000,14,33595000,9,33578000,20,33596000,50,33577000,11,33597000,7
33586000,1,33588000,6,33585000,6,33589000,5,33584000,8,33590000,8,33583000,6,33591000,4,33582000,11,33592000,6,33581000,10,33593000,7,33580000,15,33594000,11,33579000,14,33595000,10,33578000,20,33596000,50,33577000,11,33597000,7
33589000,3,33590000,2,33588000,4,33591000,2,33587000,6,33592000,5,33586000,5,33593000,6,33585000,6,33594000,9,33584000,9,33595000,10,33583000,10,33596000,50,33582000,12,33597000,7,33581000,11,33598000,11,33580000,16,33599000,8
33591000,1,33593000,4,33590000,5,33594000,3,33589000,4,33595000,7,33588000,7,33596000,48,33587000,7,33597000,9,33586000,7,33598000,13,33585000,11,33599000,8,33584000,13,33600000,11,33583000,12,33601000,8,33582000,12,33602000,10
33589000,2,33590000,1,33588000,6,33591000,3,33587000,6,33592000,3,33586000,6,33593000,4,33585000,10,33594000,6,33584000,13,33595000,10,33583000,12,33596000,49,33582000,12,33597000,10,33581000,11,33598000,12,33580000,17,33599000,9
33591000,1,33593000,4,33590000,5,33594000,5,33589000,5,33595000,8,33588000,7,33596000,47,33587000,6,33597000,9,33586000,7,33598000,11,33585000,12,33599000,9,33584000,14,33600000,11,33583000,12,33601000,8,33582000,12,33602000,10
33590000,2,33591000,2,33589000,5,33592000,2,33588000,7,33593000,5,33587000,5,33594000,4,33586000,8,33595000,9,33585000,12,33596000,48,33584000,14,33597000,9,33583000,11,33598000,14,33582000,12,33599000,8,33581000,11,33600000,12
33587000,2,33589000,3,33586000,3,33590000,4,33585000,8,33591000,4,33584000,10,33592000,5,33583000,8,33593000,7,33582000,12,33594000,9,33581000,12,33595000,11,33580000,17,33596000,50,33579000,11,33597000,8,33578000,19,33598000,13
33585000,1,33587000,5,33584000,11,33588000,5,33583000,6,33589000,5,33582000,8,33590000,6,33581000,10,33591000,7,33580000,16,33592000,7,33579000,12,33593000,10,33578000,20,33594000,11,33577000,11,33595000,14,33576000,14,33596000,49
33586000,9,33587000,6,33585000,1,33588000,7,33584000,6,33589000,5,33583000,6,33590000,6,33582000,8,33591000,8,33581000,10,33592000,7,33580000,16,33593000,10,33579000,12,33594000,11,33578000,20,33595000,14,33577000,11,33596000,49
33584000,5,33587000,5,33583000,7,33588000,6,33582000,8,33589000,7,33581000,10,33590000,6,33580000,15,33591000,7,33579000,13,33592000,7,33578000,20,33593000,11,33577000,11,33594000,12,33576000,14,33595000,15,33575000,14,33596000,49
33583000,6,33586000,4,33582000,8,33587000,5,33581000,11,33588000,7,33580000,20,33589000,7,33579000,11,33590000,6,33578000,19,33591000,8,33577000,12,33592000,7,33576000,13,33593000,11,33575000,14,33594000,13,33574000,16,33595000,15
33584000,2,33586000,3,33583000,8,33587000,6,33582000,8,33588000,8,33581000,10,33589000,10,33580000,21,33590000,10,33579000,12,33591000,10,33578000,20,33592000,10,33577000,11,33593000,10,33576000,13,33594000,15,33575000,14,33595000,15
33586000,2,33588000,4,33585000,5,33589000,8,33584000,10,33590000,9,33583000,8,33591000,10,33582000,8,33592000,8,33581000,11,33593000,10,33580000,22,33594000,15,33579000,12,33595000,15,33578000,20,33596000,49,33577000,12,33597000,7
33585000,2,33587000,2,33584000,10,33588000,6,33583000,8,33589000,4,33582000,8,33590000,9,33581000,11,33591000,8,33580000,21,33592000,9,33579000,12,33593000,11,33578000,20,33594000,15,33577000,11,33595000,15,33576000,13,33596000,49
33586000,1,33587000,1,33585000,3,33588000,5,33584000,7,33589000,6,33583000,6,33590000,9,33582000,8,33591000,10,33581000,12,33592000,10,33580000,21,33593000,12,33579000,10,33594000,14,33578000,25,33595000,15,33577000,12,33596000,10
33585000,1,33586000,1,33584000,7,33588000,6,33583000,6,33589000,5,33582000,8,33590000,9,33581000,11,33591000,9,33580000,22,33592000,10,33579000,10,33593000,12,33578000,25,33594000,15,33577000,12,33595000,15,33576000,12,33596000,10
33586000,4,33588000,1,33585000,6,33589000,5,33584000,6,33590000,10,33583000,5,33591000,8,33582000,5,33592000,9,33581000,10,33593000,12,33580000,32,33594000,15,33579000,8,33595000,15,33578000,24,33596000,10,33577000,12,33597000,9
33586000,2,33588000,3,33585000,6,33589000,5,33584000,6,33590000,11,33583000,6,33591000,8,33582000,5,33592000,7,33581000,12,33593000,12,33580000,34,33594000,15,33579000,9,33595000,16,33578000,24,33596000,10,33577000,11,33597000,9
33588000,1,33590000,5,33587000,3,33591000,6,33586000,5,33592000,8,33585000,7,33593000,12,33584000,5,33594000,14,33583000,6,33595000,14,33582000,7,33596000,10,33581000,12,33597000,7,33580000,32,33598000,14,33579000,9,33599000,7
33587000,2,33589000,2,33586000,5,33590000,7,33585000,7,33591000,4,33584000,6,33592000,8,33583000,5,33593000,10,33582000,8,33594000,11,33581000,11,33595000,15,33580000,32,33596000,10,33579000,9,33597000,7,33578000,23,33598000,12
33587000,3,33589000,2,33586000,5,33590000,6,33585000,5,33591000,5,33584000,5,33592000,9,33583000,5,33593000,11,33582000,7,33594000,13,33581000,11,33595000,15,33580000,32,33596000,10,33579000,9,33597000,7,33578000,23,33598000,12
33591000,1,33592000,2,33590000,4,33593000,7,33589000,6,33594000,11,33588000,7,33595000,14,33587000,6,33596000,12,33586000,5,33597000,9,33585000,6,33598000,12,33584000,7,33599000,6,33583000,8,33600000,15,33582000,7,33601000,8
33588000,2,33589000,2,33587000,5,33590000,3,33586000,5,33591000,4,33585000,7,33592000,6,33584000,6,33593000,8,33583000,8,33594000,11,33582000,6,33595000,13,33581000,11,33596000,12,33580000,32,33597000,9,33579000,9,33598000,12
33587000,3,33589000,3,33586000,5,33590000,5,33585000,7,33591000,5,33584000,6,33592000,6,33583000,7,33593000,7,33582000,6,33594000,14,33581000,11,33595000,15,33580000,32,33596000,11,33579000,9,33597000,9,33578000,23,33598000,12
33591000,2,33592000,1,33590000,3,33593000,4,33589000,4,33594000,12,33588000,7,33595000,13,33587000,6,33596000,10,33586000,8,33597000,11,33585000,6,33598000,12,33584000,7,33599000,6,33583000,8,33600000,14,33582000,7,33601000,8
33588000,4,33591000,4,33587000,6,33592000,4,33586000,8,33593000,7,33585000,8,33594000,11,33584000,7,33595000,13,33583000,8,33596000,9,33582000,8,33597000,11,33581000,12,33598000,12,33580000,32,33599000,6,33579000,9,33600000,14
33588000,3,33591000,4,33587000,6,33592000,4,33586000,8,33593000,7,33585000,8,33594000,11,33584000,7,33595000,13,33583000,8,33596000,10,33582000,8,33597000,11,33581000,12,33598000,12,33580000,32,33599000,6,33579000,9,33600000,14
33592000,6,33594000,5,33591000,4,33595000,10,33590000,5,33596000,8,33589000,6,33597000,9,33588000,9,33598000,11,33587000,6,33599000,6,33586000,13,33600000,15,33585000,9,33601000,7,33584000,8,33602000,11,33583000,7,33603000,17
33590000,1,33591000,1,33589000,5,33592000,4,33588000,9,33593000,6,33587000,7,33594000,6,33586000,12,33595000,8,33585000,8,33596000,12,33584000,8,33597000,11,33583000,7,33598000,14,33582000,9,33599000,9,33581000,12,33600000,16
33590000,3,33592000,1,33589000,3,33593000,4,33588000,7,33594000,7,33587000,6,33595000,10,33586000,10,33596000,13,33585000,8,33597000,12,33584000,6,33598000,14,33583000,9,33599000,9,33582000,10,33600000,16,33581000,12,33601000,7
33588000,5,33590000,1,33587000,6,33591000,5,33586000,9,33592000,5,33585000,7,33593000,7,33584000,5,33594000,9,33583000,10,33595000,12,33582000,10,33596000,13,33581000,11,33597000,12,33580000,33,33598000,13,33579000,11,33599000,9
33587000,1,33589000,4,33586000,8,33590000,6,33585000,6,33591000,7,33584000,5,33592000,7,33583000,7,33593000,7,33582000,8,33594000,12,33581000,12,33595000,14,33580000,35,33596000,14,33579000,9,33597000,12,33578000,24,33598000,13
33584000,1,33585000,3,33583000,5,33586000,4,33582000,5,33587000,5,33581000,9,33588000,7,33580000,33,33589000,5,33579000,8,33590000,8,33578000,24,33591000,11,33577000,11,33592000,10,33576000,12,33593000,11,33575000,16,33594000,14
33584000,1,33586000,4,33583000,4,33587000,5,33582000,6,33588000,7,33581000,8,33589000,6,33580000,34,33590000,7,33579000,8,33591000,10,33578000,24,33592000,10,33577000,12,33593000,11,33576000,12,33594000,14,33575000,16,33595000,9
33584000,2,33586000,4,33583000,4,33587000,6,33582000,6,33588000,7,33581000,8,33589000,6,33580000,34,33590000,7,33579000,8,33591000,10,33578000,24,33592000,9,33577000,12,33593000,11,33576000,12,33594000,14,33575000,16,33595000,10
33586000,2,33587000,2,33585000,4,33588000,5,33584000,4,33589000,4,33583000,5,33590000,6,33582000,6,33591000,9,33581000,9,33592000,9,33580000,33,33593000,11,33579000,8,33594000,14,33578000,24,33595000,10,33577000,12,33596000,11
33588000,1,33590000,6,33587000,4,33591000,6,33586000,4,33592000,6,33585000,6,33593000,9,33584000,5,33594000,16,33583000,8,33595000,10,33582000,8,33596000,12,33581000,11,33597000,11,33580000,35,33598000,11,33579000,10,33599000,10
33588000,4,33590000,4,33587000,4,33591000,6,33586000,4,33592000,6,33585000,6,33593000,9,33584000,5,33594000,15,33583000,8,33595000,10,33582000,9,33596000,12,33581000,11,33597000,11,33580000,35,33598000,11,33579000,10,33599000,10
33588000,4,33590000,4,33587000,4,33591000,6,33586000,4,33592000,6,33585000,6,33593000,9,33584000,5,33594000,15,33583000,8,33595000,10,33582000,9,33596000,12,33581000,11,33597000,11,33580000,35,33598000,11,33579000,10,33599000,10
33586000,3,33588000,2,33585000,4,33589000,5,33584000,5,33590000,9,33583000,7,33591000,9,33582000,6,33592000,9,33581000,11,33593000,11,33580000,32,33594000,15,33579000,9,33595000,9,33578000,25,33596000,11,33577000,11,33597000,10
33583000,1,33584000,1,33582000,5,33585000,5,33581000,9,33586000,5,33580000,31,33587000,6,33579000,7,33588000,6,33578000,24,33589000,7,33577000,12,33590000,13,33576000,12,33591000,12,33575000,16,33592000,10,33574000,11,33593000,10
33582000,1,33583000,2,33581000,7,33584000,6,33580000,31,33585000,5,33579000,7,33586000,6,33578000,23,33587000,5,33577000,9,33588000,9,33576000,13,33589000,9,33575000,16,33590000,14,33574000,11,33591000,11,33573000,22,33592000,10
33583000,2,33584000,1,33582000,4,33585000,7,33581000,6,33586000,5,33580000,7,33587000,6,33579000,6,33588000,9,33578000,21,33589000,9,33577000,11,33590000,12,33576000,12,33591000,11,33575000,17,33592000,9,33574000,13,33593000,9
33575000,8,33576000,1,33574000,7,33577000,4,33573000,11,33578000,3,33572000,11,33579000,5,33571000,12,33580000,5,33570000,49,33581000,9,33569000,13,33582000,11,33568000,13,33583000,13,33567000,10,33584000,11,33566000,13,33585000,11
33578000,2,33580000,3,33577000,4,33581000,6,33576000,4,33582000,8,33575000,6,33583000,11,33574000,8,33584000,9,33573000,12,33585000,13,33572000,13,33586000,11,33571000,13,33587000,7,33570000,50,33588000,11,33569000,13,33589000,8
33579000,2,33581000,4,33578000,4,33582000,5,33577000,5,33583000,10,33576000,5,33584000,9,33575000,6,33585000,13,33574000,10,33586000,11,33573000,13,33587000,7,33572000,14,33588000,11,33571000,15,33589000,8,33570000,50,33590000,12
33578000,3,33580000,6,33577000,5,33581000,6,33576000,5,33582000,5,33575000,5,33583000,8,33574000,8,33584000,13,33573000,15,33585000,9,33572000,14,33586000,11,33571000,15,33587000,11,33570000,48,33588000,11,33569000,10,33589000,8
33579000,3,33581000,6,33578000,8,33582000,6,33577000,4,33583000,8,33576000,6,33584000,14,33575000,5,33585000,11,33574000,7,33586000,12,33573000,12,33587000,11,33572000,12,33588000,11,33571000,15,33589000,8,33570000,48,33590000,12
33578000,3,33580000,3,33577000,5,33581000,8,33576000,8,33582000,6,33575000,7,33583000,8,33574000,7,33584000,13,33573000,14,33585000,10,33572000,14,33586000,11,33571000,15,33587000,11,33570000,49,33588000,11,33569000,10,33589000,8
33575000,3,33577000,2,33574000,7,33578000,5,33573000,10,33579000,6,33572000,10,33580000,5,33571000,12,33581000,9,33570000,49,33582000,8,33569000,10,33583000,11,33568000,13,33584000,16,33567000,10,33585000,11,33566000,13,33586000,14
33574000,5,33576000,2,33573000,10,33577000,5,33572000,10,33578000,5,33571000,12,33579000,6,33570000,49,33580000,5,33569000,10,33581000,10,33568000,14,33582000,9,33567000,10,33583000,10,33566000,13,33584000,16,33565000,11,33585000,11
33569000,3,33570000,2,33568000,4,33571000,3,33567000,7,33572000,5,33566000,11,33573000,6,33565000,10,33574000,10,33564000,8,33575000,11,33563000,9,33576000,10,33562000,11,33577000,10,33561000,17,33578000,12,33560000,36,33579000,13
33569000,3,33570000,2,33568000,4,33571000,3,33567000,7,33572000,5,33566000,11,33573000,6,33565000,10,33574000,10,33564000,8,33575000,11,33563000,9,33576000,10,33562000,11,33577000,10,33561000,17,33578000,12,33560000,36,33579000,13
33569000,3,33570000,2,33568000,4,33571000,3,33567000,7,33572000,5,33566000,11,33573000,6,33565000,10,33574000,10,33564000,8,33575000,11,33563000,9,33576000,10,33562000,11,33577000,10,33561000,17,33578000,12,33560000,36,33579000,13
33569000,3,33570000,2,33568000,4,33571000,3,33567000,7,33572000,5,33566000,11,33573000,6,33565000,10,33574000,10,33564000,8,33575000,11,33563000,9,33576000,10,33562000,11,33577000,10,33561000,17,33578000,12,33560000,36,33579000,13
33564000,1,33567000,2,33563000,2,33568000,3,33562000,1,33569000,7,33561000,1,33570000,4,33559000,2,33571000,5,33558000,8,33572000,7,33557000,6,33573000,7,33556000,17,33574000,12,33555000,15,33575000,11,33554000,10,33576000,10
33562000,2,33564000,5,33561000,6,33565000,6,33560000,4,33566000,10,33559000,12,33567000,7,33558000,11,33568000,11,33557000,7,33569000,15,33556000,17,33570000,12,33555000,17,33571000,12,33554000,8,33572000,15,33553000,12,33573000,11
33560000,6,33563000,5,33559000,6,33564000,5,33558000,8,33565000,10,33557000,6,33566000,10,33556000,14,33567000,8,33555000,17,33568000,12,33554000,8,33569000,17,33553000,15,33570000,14,33552000,11,33571000,12,33551000,12,33572000,15
33559000,7,33560000,1,33558000,8,33562000,4,33557000,6,33563000,5,33556000,14,33564000,8,33555000,16,33565000,11,33554000,9,33566000,12,33553000,15,33567000,12,33552000,11,33568000,13,33551000,12,33569000,16,33550000,37,33570000,14
33562000,2,33563000,4,33561000,4,33564000,3,33560000,6,33565000,8,33559000,7,33566000,12,33558000,7,33567000,10,33557000,8,33568000,12,33556000,12,33569000,16,33555000,18,33570000,16,33554000,10,33571000,13,33553000,15,33572000,15
33565000,3,33566000,3,33564000,8,33567000,3,33563000,7,33568000,9,33562000,5,33569000,13,33561000,4,33570000,16,33560000,8,33571000,15,33559000,12,33572000,16,33558000,13,33573000,12,33557000,8,33574000,14,33556000,14,33575000,15
33568000,2,33569000,2,33567000,6,33570000,8,33566000,7,33571000,10,33565000,7,33572000,13,33564000,7,33573000,12,33563000,7,33574000,13,33562000,6,33575000,14,33561000,7,33576000,13,33560000,12,33577000,10,33559000,11,33578000,13
33565000,1,33567000,4,33564000,5,33568000,5,33563000,6,33569000,6,33562000,4,33570000,6,33561000,3,33571000,7,33560000,9,33572000,13,33559000,11,33573000,13,33558000,14,33574000,15,33557000,8,33575000,14,33556000,13,33576000,13
33558000,9,33559000,2,33557000,6,33561000,4,33556000,10,33562000,4,33555000,17,33563000,6,33554000,9,33564000,5,33553000,17,33565000,6,33552000,12,33566000,9,33551000,13,33567000,12,33550000,35,33568000,10,33549000,17,33569000,16
33560000,3,33562000,2,33559000,4,33563000,5,33558000,8,33564000,5,33557000,8,33565000,8,33556000,10,33566000,9,33555000,18,33567000,11,33554000,10,33568000,11,33553000,18,33569000,15,33552000,12,33570000,12,33551000,13,33571000,10
33559000,3,33561000,2,33558000,7,33562000,4,33557000,8,33563000,6,33556000,10,33564000,11,33555000,15,33565000,9,33554000,9,33566000,11,33553000,18,33567000,11,33552000,12,33568000,10,33551000,14,33569000,22,33550000,35,33570000,16
33559000,7,33562000,4,33558000,6,33563000,8,33557000,7,33564000,11,33556000,10,33565000,9,33555000,17,33566000,11,33554000,8,33567000,11,33553000,17,33568000,10,33552000,13,33569000,22,33551000,14,33570000,14,33550000,35,33571000,9
33559000,1,33561000,4,33558000,3,33562000,6,33557000,7,33563000,8,33556000,9,33564000,11,33555000,16,33565000,10,33554000,7,33566000,13,33553000,18,33567000,11,33552000,13,33568000,10,33551000,14,33569000,21,33550000,35,33570000,16
33556000,6,33558000,2,33555000,11,33559000,6,33554000,5,33560000,8,33553000,19,33561000,11,33552000,14,33562000,10,33551000,13,33563000,11,33550000,36,33564000,15,33549000,10,33565000,14,33548000,10,33566000,13,33547000,12,33567000,10
33556000,2,33558000,2,33555000,5,33559000,5,33554000,4,33560000,9,33553000,13,33561000,11,33552000,8,33562000,10,33551000,15,33563000,14,33550000,35,33564000,16,33549000,11,33565000,13,33548000,11,33566000,12,33547000,12,33567000,12
33559000,1,33561000,4,33558000,4,33562000,4,33557000,5,33563000,8,33556000,6,33564000,12,33555000,5,33565000,11,33554000,5,33566000,15,33553000,16,33567000,13,33552000,13,33568000,11,33551000,16,33569000,14,33550000,36,33570000,15
33558000,4,33559000,1,33557000,4,33561000,3,33556000,7,33562000,5,33555000,7,33563000,5,33554000,7,33564000,11,33553000,16,33565000,11,33552000,12,33566000,14,33551000,15,33567000,15,33550000,35,33568000,11,33549000,10,33569000,14
33557000,3,33560000,2,33556000,5,33561000,6,33555000,5,33562000,5,33554000,5,33563000,5,33553000,14,33564000,13,33552000,11,33565000,12,33551000,17,33566000,15,33550000,36,33567000,15,33549000,10,33568000,11,33548000,10,33569000,14
33562000,2,33565000,4,33561000,3,33566000,9,33560000,6,33567000,12,33559000,7,33568000,11,33558000,7,33569000,18,33557000,7,33570000,14,33556000,9,33571000,10,33555000,9,33572000,13,33554000,10,33573000,12,33553000,16,33574000,16
33566000,4,33568000,1,33565000,5,33569000,11,33564000,3,33570000,14,33563000,5,33571000,12,33562000,7,33572000,15,33561000,5,33573000,12,33560000,10,33574000,14,33559000,9,33575000,13,33558000,10,33576000,15,33557000,8,33577000,10
33563000,4,33566000,4,33562000,6,33567000,4,33561000,5,33568000,6,33560000,7,33569000,9,33559000,11,33570000,14,33558000,11,33571000,11,33557000,8,33572000,16,33556000,8,33573000,12,33555000,9,33574000,16,33554000,9,33575000,13
33560000,3,33561000,4,33559000,5,33562000,5,33558000,8,33563000,4,33557000,6,33564000,2,33556000,6,33565000,5,33555000,11,33566000,5,33554000,11,33567000,7,33553000,16,33568000,11,33552000,13,33569000,15,33551000,15,33570000,18
33557000,5,33559000,3,33556000,5,33560000,6,33555000,6,33561000,7,33554000,6,33562000,6,33553000,14,33563000,5,33552000,12,33564000,8,33551000,16,33565000,9,33550000,35,33566000,12,33549000,11,33567000,11,33548000,10,33568000,13
33556000,3,33557000,1,33555000,4,33558000,7,33554000,6,33559000,7,33553000,14,33560000,6,33552000,9,33561000,10,33551000,13,33562000,11,33550000,36,33563000,9,33549000,11,33564000,9,33548000,11,33565000,9,33547000,12,33566000,10
33556000,4,33558000,4,33555000,6,33559000,7,33554000,3,33560000,8,33553000,13,33561000,8,33552000,7,33562000,9,33551000,12,33563000,8,33550000,37,33564000,9,33549000,16,33565000,9,33548000,10,33566000,9,33547000,13,33567000,9
33558000,3,33560000,1,33557000,6,33561000,7,33556000,4,33562000,7,33555000,9,33563000,5,33554000,4,33564000,8,33553000,16,33565000,10,33552000,11,33566000,10,33551000,14,33567000,9,33550000,39,33568000,12,33549000,16,33569000,11
33558000,3,33560000,2,33557000,5,33561000,3,33556000,5,33562000,4,33555000,7,33563000,4,33554000,5,33564000,4,33553000,17,33565000,9,33552000,13,33566000,9,33551000,13,33567000,9,33550000,38,33568000,12,33549000,15,33569000,13
33563000,1,33564000,1,33562000,3,33565000,4,33561000,4,33566000,5,33560000,5,33567000,9,33559000,7,33568000,10,33558000,8,33569000,13,33557000,10,33570000,20,33556000,7,33571000,11,33555000,11,33572000,15,33554000,9,33573000,16
33565000,2,33567000,5,33564000,3,33568000,9,33563000,5,33569000,9,33562000,4,33570000,19,33561000,4,33571000,13,33560000,7,33572000,16,33559000,11,33573000,12,33558000,10,33574000,19,33557000,11,33575000,14,33556000,8,33576000,16
33569000,1,33570000,8,33568000,6,33571000,7,33567000,7,33572000,12,33566000,4,33573000,11,33565000,4,33574000,18,33564000,4,33575000,15,33563000,8,33576000,15,33562000,5,33577000,9,33561000,7,33578000,13,33560000,10,33579000,15
33570000,2,33573000,5,33569000,5,33574000,17,33568000,7,33575000,11,33567000,7,33576000,13,33566000,6,33577000,9,33565000,8,33578000,16,33564000,8,33579000,13,33563000,8,33580000,11,33562000,8,33581000,10,33561000,7,33582000,12
33569000,2,33570000,3,33568000,4,33571000,2,33567000,6,33572000,8,33566000,6,33573000,7,33565000,5,33574000,17,33564000,6,33575000,16,33563000,8,33576000,14,33562000,8,33577000,9,33561000,7,33578000,15,33560000,9,33579000,13
33570000,5,33573000,3,33569000,5,33574000,16,33568000,6,33575000,13,33567000,7,33576000,12,33566000,6,33577000,9,33565000,8,33578000,14,33564000,9,33579000,13,33563000,8,33580000,12,33562000,8,33581000,13,33561000,7,33582000,11
33572000,3,33574000,5,33571000,4,33575000,11,33570000,5,33576000,11,33569000,6,33577000,7,33568000,7,33578000,12,33567000,7,33579000,15,33566000,9,33580000,13,33565000,9,33581000,13,33564000,9,33582000,11,33563000,7,33583000,10
33573000,1,33574000,5,33572000,2,33575000,12,33571000,4,33576000,11,33570000,4,33577000,7,33569000,7,33578000,11,33568000,7,33579000,15,33567000,8,33580000,13,33566000,9,33581000,13,33565000,9,33582000,11,33564000,9,33583000,10
33575000,1,33576000,3,33574000,6,33577000,6,33573000,5,33578000,11,33572000,6,33579000,10,33571000,4,33580000,11,33570000,6,33581000,14,33569000,7,33582000,12,33568000,8,33583000,10,33567000,9,33584000,17,33566000,9,33585000,16
33571000,4,33573000,1,33570000,5,33574000,4,33569000,5,33575000,6,33568000,6,33576000,7,33567000,8,33577000,5,33566000,8,33578000,10,33565000,9,33579000,14,33564000,9,33580000,20,33563000,7,33581000,14,33562000,7,33582000,12
33575000,2,33577000,1,33574000,3,33578000,8,33573000,5,33579000,10,33572000,4,33580000,16,33571000,5,33581000,14,33570000,7,33582000,11,33569000,7,33583000,12,33568000,10,33584000,19,33567000,9,33585000,14,33566000,9,33586000,14
33573000,1,33575000,3,33572000,4,33576000,4,33571000,4,33577000,5,33570000,6,33578000,8,33569000,7,33579000,10,33568000,8,33580000,19,33567000,9,33581000,14,33566000,9,33582000,14,33565000,8,33583000,13,33564000,9,33584000,19
33570000,1,33571000,6,33569000,5,33572000,7,33568000,6,33573000,3,33567000,8,33574000,2,33566000,7,33575000,7,33565000,8,33576000,7,33564000,9,33577000,8,33563000,7,33578000,11,33562000,8,33579000,16,33561000,12,33580000,20
33571000,1,33573000,5,33570000,5,33574000,8,33569000,4,33575000,8,33568000,6,33576000,10,33567000,6,33577000,10,33566000,7,33578000,10,33565000,7,33579000,14,33564000,11,33580000,19,33563000,8,33581000,15,33562000,9,33582000,15
33575000,1,33576000,2,33574000,3,33577000,7,33573000,4,33578000,9,33572000,4,33579000,9,33571000,6,33580000,21,33570000,7,33581000,15,33569000,6,33582000,16,33568000,9,33583000,12,33567000,10,33584000,18,33566000,10,33585000,15
33572000,7,33573000,4,33571000,3,33574000,4,33570000,9,33575000,4,33569000,5,33576000,4,33568000,6,33577000,8,33567000,10,33578000,10,33566000,10,33579000,14,33565000,8,33580000,22,33564000,9,33581000,14,33563000,7,33582000,16
33569000,3,33571000,1,33568000,6,33572000,5,33567000,5,33573000,9,33566000,7,33574000,8,33565000,6,33575000,7,33564000,9,33576000,9,33563000,8,33577000,12,33562000,9,33578000,13,33561000,9,33579000,14,33560000,11,33580000,21
33565000,2,33567000,3,33564000,6,33568000,5,33563000,5,33569000,4,33562000,7,33570000,4,33561000,8,33571000,7,33560000,11,33572000,10,33559000,9,33573000,12,33558000,11,33574000,13,33557000,6,33575000,11,33556000,8,33576000,12
33562000,4,33565000,3,33561000,6,33566000,5,33560000,7,33567000,6,33559000,7,33568000,8,33558000,11,33569000,8,33557000,6,33570000,9,33556000,7,33571000,11,33555000,9,33572000,11,33554000,7,33573000,12,33553000,10,33574000,11
33563000,2,33565000,4,33562000,5,33566000,8,33561000,4,33567000,11,33560000,9,33568000,6,33559000,7,33569000,8,33558000,11,33570000,9,33557000,7,33571000,8,33556000,9,33572000,10,33555000,11,33573000,12,33554000,8,33574000,12
33568000,1,33570000,4,33567000,6,33571000,3,33566000,6,33572000,6,33565000,4,33573000,11,33564000,5,33574000,10,33563000,8,33575000,11,33562000,8,33576000,12,33561000,8,33577000,9,33560000,13,33578000,14,33559000,10,33579000,13
33566000,1,33567000,1,33565000,4,33568000,3,33564000,4,33569000,4,33563000,8,33570000,4,33562000,5,33571000,3,33561000,7,33572000,7,33560000,11,33573000,12,33559000,10,33574000,14,33558000,11,33575000,11,33557000,7,33576000,12
33563000,1,33564000,1,33562000,4,33565000,5,33561000,4,33566000,5,33560000,9,33567000,7,33559000,6,33568000,5,33558000,11,33569000,7,33557000,8,33570000,8,33556000,8,33571000,8,33555000,10,33572000,9,33554000,9,33573000,12
33564000,2,33566000,1,33563000,5,33567000,6,33562000,6,33568000,6,33561000,4,33569000,5,33560000,9,33570000,8,33559000,8,33571000,7,33558000,12,33572000,8,33557000,8,33573000,12,33556000,9,33574000,10,33555000,10,33575000,10
33563000,1,33564000,4,33561000,4,33565000,5,33560000,8,33566000,5,33559000,6,33567000,6,33558000,10,33568000,8,33557000,7,33569000,8,33556000,10,33570000,9,33555000,13,33571000,9,33554000,8,33572000,9,33553000,10,33573000,10
33566000,1,33568000,2,33565000,4,33569000,5,33564000,6,33570000,5,33563000,6,33571000,8,33562000,6,33572000,6,33561000,9,33573000,11,33560000,10,33574000,13,33559000,8,33575000,10,33558000,18,33576000,10,33557000,9,33577000,10
33568000,2,33570000,1,33567000,5,33571000,4,33566000,5,33572000,5,33565000,5,33573000,9,33564000,6,33574000,11,33563000,7,33575000,12,33562000,8,33576000,11,33561000,10,33577000,10,33560000,12,33578000,15,33559000,9,33579000,13
33572000,1,33574000,3,33571000,4,33575000,8,33570000,5,33576000,7,33569000,4,33577000,9,33568000,5,33578000,12,33567000,6,33579000,12,33566000,9,33580000,21,33565000,8,33581000,12,33564000,11,33582000,12,33563000,9,33583000,9
33568000,3,33569000,3,33567000,6,33571000,3,33566000,5,33572000,2,33565000,7,33573000,5,33564000,8,33574000,7,33563000,9,33575000,11,33562000,10,33576000,9,33561000,8,33577000,11,33560000,13,33578000,13,33559000,9,33579000,12
33571000,1,33572000,1,33570000,4,33573000,5,33569000,4,33574000,7,33568000,6,33575000,9,33567000,4,33576000,7,33566000,6,33577000,12,33565000,7,33578000,13,33564000,11,33579000,11,33563000,9,33580000,20,33562000,10,33581000,13
33573000,5,33575000,1,33572000,4,33576000,4,33571000,4,33577000,8,33570000,3,33578000,12,33569000,4,33579000,9,33568000,11,33580000,19,33567000,7,33581000,14,33566000,10,33582000,15,33565000,9,33583000,11,33564000,11,33584000,14
33572000,2,33574000,2,33571000,4,33575000,4,33570000,3,33576000,5,33569000,4,33577000,7,33568000,9,33578000,11,33567000,7,33579000,9,33566000,10,33580000,20,33565000,9,33581000,15,33564000,10,33582000,16,33563000,8,33583000,10
33573000,4,33575000,3,33572000,7,33576000,5,33571000,5,33577000,6,33570000,3,33578000,14,33569000,4,33579000,12,33568000,10,33580000,20,33567000,5,33581000,14,33566000,10,33582000,15,33565000,9,33583000,10,33564000,10,33584000,12
33577000,2,33578000,3,33576000,4,33579000,5,33575000,4,33580000,16,33574000,5,33581000,12,33573000,9,33582000,14,33572000,7,33583000,11,33571000,7,33584000,12,33570000,8,33585000,15,33569000,8,33586000,16,33568000,11,33587000,12
33577000,2,33579000,4,33576000,3,33580000,6,33575000,4,33581000,8,33574000,6,33582000,6,33573000,6,33583000,9,33572000,7,33584000,12,33571000,10,33585000,13,33570000,11,33586000,13,33569000,8,33587000,11,33568000,10,33588000,12
33576000,3,33578000,1,33575000,4,33579000,5,33574000,6,33580000,6,33573000,6,33581000,8,33572000,5,33582000,7,33571000,10,33583000,10,33570000,9,33584000,12,33569000,8,33585000,13,33568000,10,33586000,13,33567000,8,33587000,11
33576000,3,33578000,2,33575000,4,33579000,5,33574000,6,33580000,6,33573000,6,33581000,8,33572000,5,33582000,6,33571000,11,33583000,10,33570000,11,33584000,12,33569000,8,33585000,13,33568000,10,33586000,13,33567000,8,33587000,11
33571000,3,33572000,3,33570000,5,33573000,4,33569000,6,33574000,4,33568000,9,33575000,6,33567000,8,33576000,8,33566000,8,33577000,10,33565000,9,33578000,11,33564000,12,33579000,11,33563000,7,33580000,9,33562000,14,33581000,11
33572000,2,33574000,1,33571000,6,33575000,6,33570000,7,33576000,8,33569000,5,33577000,10,33568000,8,33578000,9,33567000,9,33579000,13,33566000,10,33580000,9,33565000,8,33581000,10,33564000,13,33582000,11,33563000,8,33583000,9
33575000,1,33577000,4,33574000,5,33578000,7,33573000,4,33579000,10,33572000,6,33580000,8,33571000,5,33581000,11,33570000,7,33582000,10,33569000,6,33583000,9,33568000,12,33584000,11,33567000,12,33585000,12,33566000,13,33586000,16
33578000,2,33580000,1,33577000,7,33581000,6,33576000,4,33582000,7,33575000,4,33583000,7,33574000,5,33584000,9,33573000,6,33585000,13,33572000,10,33586000,15,33571000,10,33587000,12,33570000,11,33588000,13,33569000,7,33589000,12
33577000,1,33578000,6,33576000,4,33579000,3,33575000,5,33580000,3,33574000,6,33581000,4,33573000,7,33582000,6,33572000,9,33583000,9,33571000,10,33584000,10,33570000,13,33585000,13,33569000,7,33586000,15,33568000,12,33587000,12
33577000,5,33579000,1,33576000,4,33580000,2,33575000,4,33581000,4,33574000,6,33582000,5,33573000,6,33583000,7,33572000,9,33584000,10,33571000,9,33585000,13,33570000,14,33586000,15,33569000,8,33587000,12,33568000,12,33588000,13
33577000,5,33580000,3,33576000,5,33581000,4,33575000,4,33582000,5,33574000,7,33583000,7,33573000,6,33584000,9,33572000,10,33585000,12,33571000,9,33586000,15,33570000,14,33587000,12,33569000,7,33588000,13,33568000,12,33589000,12
33577000,4,33580000,4,33576000,6,33581000,6,33575000,4,33582000,5,33574000,7,33583000,9,33573000,6,33584000,9,33572000,10,33585000,18,33571000,8,33586000,14,33570000,14,33587000,12,33569000,7,33588000,13,33568000,12,33589000,12
33577000,4,33580000,4,33576000,5,33581000,6,33575000,4,33582000,5,33574000,7,33583000,9,33573000,7,33584000,9,33572000,9,33585000,17,33571000,8,33586000,14,33570000,14,33587000,13,33569000,7,33588000,13,33568000,12,33589000,12
33580000,4,33583000,5,33579000,5,33584000,8,33578000,5,33585000,13,33577000,7,33586000,14,33576000,5,33587000,12,33575000,8,33588000,12,33574000,10,33589000,11,33573000,10,33590000,13,33572000,11,33591000,12,33571000,10,33592000,14
33585000,1,33586000,2,33584000,4,33587000,5,33583000,4,33588000,10,33582000,4,33589000,12,33581000,6,33590000,14,33580000,6,33591000,11,33579000,8,33592000,12,33578000,10,33593000,10,33577000,11,33594000,13,33576000,11,33595000,12
33588000,5,33589000,5,33587000,2,33590000,10,33586000,4,33591000,7,33585000,4,33592000,10,33584000,3,33593000,10,33583000,4,33594000,14,33582000,5,33595000,12,33581000,10,33596000,12,33580000,11,33597000,13,33579000,10,33598000,15
33586000,1,33587000,1,33585000,6,33588000,5,33584000,7,33589000,7,33583000,6,33590000,8,33582000,7,33591000,6,33581000,8,33592000,5,33580000,9,33593000,9,33579000,12,33594000,14,33578000,9,33595000,13,33577000,8,33596000,17
33586000,2,33589000,6,33585000,5,33590000,9,33584000,8,33591000,7,33583000,7,33592000,6,33582000,7,33593000,10,33581000,10,33594000,16,33580000,9,33595000,13,33579000,15,33596000,17,33578000,10,33597000,11,33577000,9,33598000,12
33589000,3,33592000,4,33588000,7,33593000,6,33587000,9,33594000,12,33586000,6,33595000,10,33585000,6,33596000,17,33584000,8,33597000,12,33583000,10,33598000,13,33582000,12,33599000,11,33581000,13,33600000,49,33580000,11,33601000,11
33589000,9,33592000,4,33588000,8,33593000,10,33587000,8,33594000,7,33586000,9,33595000,6,33585000,6,33596000,10,33584000,9,33597000,13,33583000,11,33598000,14,33582000,11,33599000,12,33581000,12,33600000,49,33580000,13,33601000,9
33590000,3,33592000,1,33589000,8,33593000,10,33588000,9,33594000,6,33587000,8,33595000,6,33586000,9,33596000,10,33585000,8,33597000,13,33584000,9,33598000,15,33583000,11,33599000,12,33582000,11,33600000,49,33581000,12,33601000,9
33593000,1,33595000,5,33592000,4,33596000,9,33591000,7,33597000,11,33590000,6,33598000,10,33589000,8,33599000,10,33588000,10,33600000,47,33587000,9,33601000,10,33586000,11,33602000,13,33585000,9,33603000,14,33584000,10,33604000,12
33596000,1,33598000,3,33595000,3,33599000,8,33594000,4,33600000,46,33593000,8,33601000,11,33592000,7,33602000,12,33591000,8,33603000,13,33590000,9,33604000,10,33589000,11,33605000,11,33588000,12,33606000,16,33587000,11,33607000,11
33599000,4,33601000,2,33598000,11,33602000,6,33597000,10,33603000,11,33596000,8,33604000,9,33595000,8,33605000,11,33594000,15,33606000,17,33593000,10,33607000,12,33592000,11,33608000,10,33591000,11,33609000,14,33590000,10,33610000,18
33602000,2,33604000,5,33601000,5,33605000,9,33600000,9,33606000,15,33599000,9,33607000,11,33598000,14,33608000,14,33597000,9,33609000,15,33596000,10,33610000,16,33595000,11,33611000,12,33594000,18,33612000,12,33593000,9,33613000,11
33601000,2,33602000,1,33600000,7,33603000,8,33599000,8,33604000,6,33598000,12,33605000,5,33597000,10,33606000,10,33596000,9,33607000,9,33595000,10,33608000,12,33594000,18,33609000,16,33593000,9,33610000,16,33592000,11,33611000,12
33601000,2,33603000,3,33600000,5,33604000,8,33599000,8,33605000,5,33598000,12,33606000,12,33597000,8,33607000,10,33596000,9,33608000,12,33595000,9,33609000,16,33594000,19,33610000,15,33593000,9,33611000,11,33592000,11,33612000,12
33606000,2,33607000,1,33605000,12,33608000,7,33604000,7,33609000,12,33603000,7,33610000,13,33602000,5,33611000,10,33601000,8,33612000,12,33600000,12,33613000,13,33599000,9,33614000,12,33598000,17,33615000,17,33597000,11,33616000,10
33606000,3,33608000,4,33605000,11,33609000,10,33604000,7,33610000,11,33603000,7,33611000,10,33602000,5,33612000,10,33601000,8,33613000,13,33600000,13,33614000,13,33599000,9,33615000,17,33598000,17,33616000,11,33597000,11,33617000,11
33606000,1,33607000,4,33605000,14,33609000,6,33604000,4,33610000,6,33603000,7,33611000,11,33602000,8,33612000,11,33601000,10,33613000,15,33600000,15,33614000,12,33599000,10,33615000,18,33598000,16,33616000,11,33597000,11,33617000,11
33607000,6,33610000,6,33606000,5,33611000,9,33605000,11,33612000,8,33604000,5,33613000,14,33603000,10,33614000,11,33602000,10,33615000,18,33601000,11,33616000,11,33600000,14,33617000,11,33599000,11,33618000,16,33598000,16,33619000,12
33607000,6,33609000,1,33606000,5,33610000,6,33605000,11,33611000,9,33604000,5,33612000,8,33603000,10,33613000,13,33602000,10,33614000,11,33601000,12,33615000,18,33600000,15,33616000,11,33599000,11,33617000,12,33598000,16,33618000,16
33604000,3,33605000,1,33603000,4,33606000,10,33602000,8,33607000,6,33601000,11,33608000,9,33600000,11,33609000,8,33599000,10,33610000,7,33598000,16,33611000,12,33597000,11,33612000,11,33596000,13,33613000,14,33595000,10,33614000,14
33602000,4,33605000,5,33601000,6,33606000,8,33600000,10,33607000,8,33599000,7,33608000,7,33598000,14,33609000,11,33597000,11,33610000,12,33596000,12,33611000,12,33595000,11,33612000,12,33594000,14,33613000,13,33593000,10,33614000,13
33599000,3,33600000,2,33598000,11,33601000,4,33597000,8,33602000,7,33596000,11,33603000,6,33595000,8,33604000,5,33594000,12,33605000,8,33593000,10,33606000,12,33592000,12,33607000,10,33591000,11,33608000,13,33590000,10,33609000,12
33600000,5,33602000,3,33599000,5,33603000,4,33598000,9,33604000,7,33597000,8,33605000,9,33596000,8,33606000,10,33595000,7,33607000,10,33594000,11,33608000,13,33593000,10,33609000,11,33592000,14,33610000,11,33591000,10,33611000,11
33602000,1,33604000,6,33601000,6,33605000,6,33600000,8,33606000,9,33599000,5,33607000,8,33598000,9,33608000,11,33597000,9,33609000,12,33596000,12,33610000,12,33595000,8,33611000,11,33594000,13,33612000,11,33593000,10,33613000,14
33602000,3,33604000,1,33601000,4,33605000,6,33600000,5,33606000,9,33599000,9,33607000,8,33598000,10,33608000,12,33597000,8,33609000,12,33596000,12,33610000,12,33595000,8,33611000,11,33594000,13,33612000,12,33593000,11,33613000,14
33605000,4,33607000,2,33604000,7,33608000,6,33603000,14,33609000,10,33602000,4,33610000,10,33601000,3,33611000,11,33600000,10,33612000,13,33599000,12,33613000,13,33598000,13,33614000,14,33597000,12,33615000,17,33596000,13,33616000,11
33608000,4,33610000,6,33607000,6,33611000,7,33606000,4,33612000,9,33605000,5,33613000,9,33604000,7,33614000,12,33603000,16,33615000,18,33602000,8,33616000,11,33601000,7,33617000,13,33600000,14,33618000,16,33599000,12,33619000,13
33607000,3,33608000,1,33606000,4,33609000,5,33605000,5,33610000,8,33604000,7,33611000,7,33603000,15,33612000,9,33602000,8,33613000,9,33601000,7,33614000,12,33600000,14,33615000,18,33599000,12,33616000,11,33598000,14,33617000,13
33604000,2,33605000,6,33603000,12,33606000,7,33602000,5,33607000,6,33601000,4,33608000,9,33600000,8,33609000,10,33599000,10,33610000,11,33598000,14,33611000,13,33597000,12,33612000,14,33596000,12,33613000,13,33595000,9,33614000,14
33601000,1,33602000,2,33600000,7,33603000,6,33599000,6,33604000,8,33598000,9,33605000,6,33597000,9,33606000,8,33596000,10,33607000,9,33595000,11,33608000,14,33594000,14,33609000,13,33593000,8,33610000,14,33592000,10,33611000,12
33598000,9,33600000,6,33597000,5,33601000,6,33596000,7,33602000,9,33595000,7,33603000,10,33594000,9,33604000,7,33593000,10,33605000,12,33592000,12,33606000,11,33591000,10,33607000,11,33590000,10,33608000,14,33589000,7,33609000,13
33596000,2,33598000,2,33595000,5,33599000,6,33594000,7,33600000,7,33593000,9,33601000,8,33592000,11,33602000,11,33591000,11,33603000,12,33590000,12,33604000,11,33589000,8,33605000,11,33588000,16,33606000,12,33587000,10,33607000,10
33596000,2,33598000,2,33595000,6,33599000,6,33594000,7,33600000,7,33593000,9,33601000,8,33592000,11,33602000,10,33591000,11,33603000,12,33590000,12,33604000,11,33589000,9,33605000,11,33588000,16,33606000,12,33587000,10,33607000,10
33594000,1,33595000,1,33593000,6,33596000,7,33592000,9,33597000,6,33591000,12,33598000,8,33590000,10,33599000,8,33589000,10,33600000,8,33588000,16,33601000,9,33587000,11,33602000,12,33586000,10,33603000,11,33585000,13,33604000,11
33595000,5,33598000,5,33594000,6,33599000,5,33593000,7,33600000,7,33592000,7,33601000,7,33591000,10,33602000,10,33590000,11,33603000,12,33589000,11,33604000,10,33588000,17,33605000,12,33587000,11,33606000,13,33586000,12,33607000,10
33600000,1,33601000,1,33599000,5,33602000,6,33598000,5,33603000,9,33597000,8,33604000,7,33596000,5,33605000,10,33595000,8,33606000,14,33594000,10,33607000,11,33593000,11,33608000,13,33592000,11,33609000,13,33591000,13,33610000,14
33597000,3,33598000,1,33596000,5,33599000,4,33595000,10,33600000,6,33594000,6,33601000,4,33593000,9,33602000,9,33592000,8,33603000,13,33591000,14,33604000,10,33590000,14,33605000,12,33589000,10,33606000,13,33588000,16,33607000,11
33596000,4,33598000,3,33595000,11,33599000,4,33594000,6,33600000,4,33593000,7,33601000,4,33592000,8,33602000,9,33591000,13,33603000,13,33590000,11,33604000,9,33589000,11,33605000,12,33588000,16,33606000,13,33587000,13,33607000,11
33596000,4,33598000,3,33595000,11,33599000,4,33594000,6,33600000,4,33593000,7,33601000,4,33592000,8,33602000,9,33591000,13,33603000,13,33590000,11,33604000,9,33589000,11,33605000,12,33588000,16,33606000,13,33587000,13,33607000,11
33593000,2,33595000,2,33592000,4,33596000,6,33591000,7,33597000,6,33590000,9,33598000,9,33589000,8,33599000,5,33588000,14,33600000,5,33587000,11,33601000,6,33586000,12,33602000,10,33585000,9,33603000,13,33584000,9,33604000,10
33590000,3,33592000,2,33589000,5,33593000,5,33588000,11,33594000,4,33587000,9,33595000,7,33586000,8,33596000,7,33585000,9,33597000,10,33584000,9,33598000,11,33583000,9,33599000,10,33582000,12,33600000,10,33581000,12,33601000,9
33588000,1,33589000,1,33587000,5,33590000,3,33586000,6,33591000,4,33585000,9,33592000,3,33584000,7,33593000,6,33583000,9,33594000,11,33582000,13,33595000,12,33581000,12,33596000,11,33580000,12,33597000,9,33579000,15,33598000,12
33585000,1,33586000,1,33584000,2,33587000,5,33583000,6,33588000,7,33582000,10,33589000,7,33581000,13,33590000,4,33580000,11,33591000,7,33579000,14,33592000,7,33578000,22,33593000,8,33577000,9,33594000,11,33576000,14,33595000,12
33581000,6,33583000,1,33580000,7,33584000,3,33579000,9,33585000,4,33578000,22,33586000,10,33577000,11,33587000,5,33576000,12,33588000,10,33575000,12,33589000,9,33574000,12,33590000,9,33573000,12,33591000,8,33572000,13,33592000,8
33582000,1,33584000,3,33581000,6,33585000,4,33580000,7,33586000,10,33579000,7,33587000,6,33578000,19,33588000,10,33577000,11,33589000,9,33576000,12,33590000,9,33575000,14,33591000,8,33574000,12,33592000,7,33573000,11,33593000,7
33582000,2,33586000,6,33581000,9,33587000,4,33580000,8,33588000,8,33579000,10,33589000,8,33578000,21,33590000,7,33577000,12,33591000,10,33576000,14,33592000,8,33575000,14,33593000,7,33574000,12,33594000,10,33573000,11,33595000,10
33578000,10,33579000,1,33577000,3,33580000,5,33576000,10,33581000,6,33575000,11,33582000,6,33574000,13,33583000,10,33573000,14,33584000,6,33572000,13,33585000,9,33571000,10,33586000,8,33570000,17,33587000,12,33569000,8,33588000,13
33575000,4,33577000,2,33574000,7,33578000,5,33573000,9,33579000,7,33572000,10,33580000,6,33571000,8,33581000,7,33570000,17,33582000,12,33569000,10,33583000,10,33568000,11,33584000,11,33567000,14,33585000,9,33566000,15,33586000,9
33576000,1,33578000,4,33575000,6,33579000,6,33574000,7,33580000,6,33573000,9,33581000,9,33572000,10,33582000,12,33571000,9,33583000,10,33570000,17,33584000,10,33569000,10,33585000,9,33568000,11,33586000,8,33567000,13,33587000,9
33579000,5,33581000,3,33578000,4,33582000,8,33577000,4,33583000,8,33576000,5,33584000,8,33575000,6,33585000,9,33574000,11,33586000,8,33573000,12,33587000,10,33572000,14,33588000,13,33571000,12,33589000,9,33570000,18,33590000,10
33582000,2,33584000,2,33581000,6,33585000,7,33580000,8,33586000,8,33579000,7,33587000,8,33578000,4,33588000,14,33577000,8,33589000,10,33576000,10,33590000,13,33575000,12,33591000,8,33574000,14,33592000,8,33573000,15,33593000,8
33580000,3,33583000,6,33579000,7,33584000,10,33578000,7,33585000,7,33577000,5,33586000,9,33576000,9,33587000,7,33575000,12,33588000,14,33574000,14,33589000,10,33573000,14,33590000,15,33572000,15,33591000,9,33571000,13,33592000,8
33582000,1,33583000,3,33581000,4,33584000,8,33580000,6,33585000,7,33579000,6,33586000,10,33578000,6,33587000,8,33577000,7,33588000,13,33576000,9,33589000,10,33575000,12,33590000,13,33574000,14,33591000,8,33573000,16,33592000,8
33586000,4,33589000,7,33585000,5,33590000,10,33584000,7,33591000,9,33583000,5,33592000,8,33582000,6,33593000,7,33581000,10,33594000,10,33580000,8,33595000,10,33579000,11,33596000,11,33578000,12,33597000,11,33577000,12,33598000,11
33586000,3,33587000,4,33585000,2,33588000,6,33584000,5,33589000,9,33583000,6,33590000,10,33582000,7,33591000,8,33581000,9,33592000,9,33580000,8,33593000,12,33579000,11,33594000,11,33578000,10,33595000,10,33577000,10,33596000,12
33587000,4,33589000,2,33586000,6,33590000,8,33585000,6,33591000,7,33584000,4,33592000,8,33583000,9,33593000,7,33582000,10,33594000,9,33581000,12,33595000,12,33580000,11,33596000,12,33579000,12,33597000,11,33578000,11,33598000,8
33590000,1,33592000,3,33589000,6,33593000,8,33588000,6,33594000,7,33587000,6,33595000,8,33586000,6,33596000,10,33585000,8,33597000,10,33584000,6,33598000,9,33583000,11,33599000,10,33582000,13,33600000,13,33581000,12,33601000,7
33592000,2,33594000,1,33591000,4,33595000,8,33590000,4,33596000,9,33589000,5,33597000,9,33588000,7,33598000,8,33587000,9,33599000,10,33586000,11,33600000,13,33585000,9,33601000,8,33584000,7,33602000,9,33583000,10,33603000,12
33592000,1,33593000,1,33591000,2,33594000,5,33590000,6,33595000,8,33589000,4,33596000,10,33588000,8,33597000,11,33587000,8,33598000,8,33586000,11,33599000,11,33585000,9,33600000,15,33584000,7,33601000,8,33583000,11,33602000,10
33594000,2,33595000,2,33593000,2,33596000,7,33592000,6,33597000,11,33591000,5,33598000,6,33590000,7,33599000,6,33589000,4,33600000,13,33588000,7,33601000,9,33587000,12,33602000,11,33586000,12,33603000,12,33585000,9,33604000,14
33597000,3,33598000,2,33596000,2,33599000,5,33595000,5,33600000,10,33594000,3,33601000,8,33593000,6,33602000,10,33592000,6,33603000,14,33591000,9,33604000,14,33590000,16,33605000,12,33589000,10,33606000,16,33588000,10,33607000,13
33598000,1,33600000,1,33597000,11,33601000,8,33596000,4,33602000,9,33595000,6,33603000,10,33594000,4,33604000,9,33593000,7,33605000,13,33592000,8,33606000,17,33591000,10,33607000,12,33590000,18,33608000,13,33589000,11,33609000,14
33602000,7,33604000,3,33601000,3,33605000,5,33600000,5,33606000,8,33599000,5,33607000,8,33598000,7,33608000,11,33597000,25,33609000,15,33596000,6,33610000,19,33595000,11,33611000,12,33594000,8,33612000,18,33593000,10,33613000,14
33603000,4,33605000,2,33602000,12,33606000,5,33601000,6,33607000,7,33600000,7,33608000,10,33599000,7,33609000,11,33598000,9,33610000,15,33597000,26,33611000,14,33596000,8,33612000,18,33595000,11,33613000,13,33594000,9,33614000,12
33600000,2,33603000,3,33599000,6,33604000,5,33598000,8,33605000,8,33597000,6,33606000,7,33596000,7,33607000,10,33595000,12,33608000,14,33594000,10,33609000,14,33593000,9,33610000,17,33592000,12,33611000,14,33591000,10,33612000,18
33600000,3,33601000,1,33599000,3,33602000,2,33598000,7,33603000,4,33597000,6,33604000,2,33596000,7,33605000,7,33595000,12,33606000,8,33594000,10,33607000,9,33593000,7,33608000,13,33592000,11,33609000,13,33591000,10,33610000,17
33598000,1,33600000,3,33597000,4,33601000,4,33596000,6,33602000,6,33595000,9,33603000,8,33594000,10,33604000,8,33593000,9,33605000,10,33592000,13,33606000,11,33591000,11,33607000,10,33590000,15,33608000,13,33589000,8,33609000,13
33595000,2,33597000,2,33594000,7,33598000,5,33593000,7,33599000,5,33592000,8,33600000,5,33591000,8,33601000,6,33590000,14,33602000,10,33589000,8,33603000,10,33588000,11,33604000,12,33587000,9,33605000,11,33586000,14,33606000,11
33596000,3,33598000,1,33595000,4,33599000,4,33594000,7,33600000,5,33593000,8,33601000,6,33592000,8,33602000,9,33591000,11,33603000,10,33590000,13,33604000,11,33589000,9,33605000,12,33588000,12,33606000,13,33587000,9,33607000,9
33594000,1,33595000,3,33593000,5,33597000,2,33592000,8,33598000,6,33591000,9,33599000,6,33590000,12,33600000,8,33589000,7,33601000,11,33588000,13,33602000,10,33587000,9,33603000,10,33586000,13,33604000,11,33585000,14,33605000,13
33590000,3,33591000,1,33589000,5,33592000,6,33588000,11,33593000,4,33587000,10,33594000,4,33586000,10,33595000,9,33585000,11,33596000,10,33584000,8,33597000,9,33583000,8,33598000,13,33582000,12,33599000,10,33581000,8,33600000,14
33592000,4,33594000,1,33591000,6,33595000,5,33590000,6,33596000,6,33589000,6,33597000,6,33588000,13,33598000,10,33587000,12,33599000,11,33586000,13,33600000,14,33585000,11,33601000,12,33584000,8,33602000,11,33583000,8,33603000,12
33595000,4,33598000,4,33594000,4,33599000,8,33593000,5,33600000,9,33592000,5,33601000,10,33591000,7,33602000,10,33590000,7,33603000,13,33589000,10,33604000,12,33588000,17,33605000,14,33587000,13,33606000,13,33586000,15,33607000,12
33594000,1,33596000,3,33593000,5,33597000,5,33592000,4,33598000,6,33591000,5,33599000,8,33590000,7,33600000,9,33589000,9,33601000,10,33588000,14,33602000,11,33587000,13,33603000,13,33586000,14,33604000,11,33585000,16,33605000,15
33590000,2,33591000,1,33589000,3,33592000,6,33588000,16,33593000,4,33587000,8,33594000,3,33586000,12,33595000,7,33585000,19,33596000,6,33584000,8,33597000,9,33583000,9,33598000,9,33582000,13,33599000,10,33581000,8,33600000,13
33587000,1,33588000,4,33586000,2,33589000,3,33585000,18,33590000,5,33584000,8,33591000,6,33583000,12,33592000,7,33582000,14,33593000,7,33581000,8,33594000,7,33580000,10,33595000,10,33579000,13,33596000,9,33578000,10,33597000,10
33584000,1,33585000,2,33583000,3,33586000,4,33582000,11,33587000,6,33581000,9,33588000,6,33580000,11,33589000,6,33579000,12,33590000,7,33578000,12,33591000,9,33577000,8,33592000,10,33576000,11,33593000,8,33575000,10,33594000,11
33582000,1,33583000,2,33581000,6,33584000,3,33580000,8,33585000,3,33579000,12,33586000,2,33578000,13,33587000,6,33577000,9,33588000,10,33576000,12,33589000,10,33575000,11,33590000,9,33574000,13,33591000,9,33573000,16,33592000,9
33581000,2,33583000,3,33580000,7,33584000,3,33579000,8,33585000,4,33578000,5,33586000,3,33577000,8,33587000,5,33576000,14,33588000,8,33575000,13,33589000,10,33574000,13,33590000,9,33573000,13,33591000,9,33572000,15,33592000,7
33582000,4,33585000,5,33581000,6,33586000,5,33580000,5,33587000,4,33579000,7,33588000,8,33578000,5,33589000,8,33577000,11,33590000,8,33576000,16,33591000,9,33575000,12,33592000,7,33574000,14,33593000,8,33573000,13,33594000,11
33581000,2,33583000,2,33580000,5,33584000,6,33579000,6,33585000,7,33578000,7,33586000,8,33577000,6,33587000,8,33576000,14,33588000,10,33575000,11,33589000,8,33574000,15,33590000,9,33573000,14,33591000,8,33572000,16,33592000,7
33580000,5,33581000,1,33579000,8,33582000,1,33578000,6,33583000,8,33577000,6,33584000,9,33576000,13,33585000,9,33575000,11,33586000,10,33574000,14,33587000,10,33573000,13,33588000,11,33572000,16,33589000,7,33571000,12,33590000,9
33578000,1,33580000,3,33577000,7,33581000,5,33576000,12,33582000,6,33575000,10,33583000,9,33574000,12,33584000,6,33573000,13,33585000,10,33572000,16,33586000,12,33571000,12,33587000,10,33570000,17,33588000,11,33569000,8,33589000,7
33578000,2,33580000,1,33577000,7,33581000,7,33576000,8,33582000,7,33575000,10,33583000,11,33574000,8,33584000,7,33573000,13,33585000,9,33572000,15,33586000,11,33571000,14,33587000,10,33570000,18,33588000,11,33569000,8,33589000,6
33583000,1,33584000,1,33582000,7,33585000,3,33581000,9,33586000,7,33580000,8,33587000,7,33579000,7,33588000,10,33578000,7,33589000,9,33577000,8,33590000,8,33576000,12,33591000,8,33575000,11,33592000,9,33574000,14,33593000,8
33582000,1,33584000,3,33581000,5,33585000,4,33580000,8,33586000,8,33579000,7,33587000,7,33578000,9,33588000,10,33577000,11,33589000,11,33576000,12,33590000,10,33575000,13,33591000,9,33574000,12,33592000,8,33573000,13,33593000,7
33577000,2,33578000,3,33576000,6,33579000,1,33575000,12,33580000,36,33574000,12,33581000,2,33573000,12,33582000,5,33572000,14,33583000,9,33571000,12,33584000,8,33570000,16,33585000,7,33569000,10,33586000,10,33568000,12,33587000,10
33578000,2,33580000,36,33577000,5,33581000,2,33576000,5,33582000,6,33575000,9,33583000,8,33574000,11,33584000,8,33573000,13,33585000,8,33572000,15,33586000,9,33571000,11,33587000,10,33570000,16,33588000,11,33569000,8,33589000,9
33580000,2,33582000,4,33579000,5,33583000,5,33578000,8,33584000,7,33577000,7,33585000,6,33576000,7,33586000,8,33575000,11,33587000,10,33574000,14,33588000,12,33573000,13,33589000,9,33572000,15,33590000,11,33571000,12,33591000,8
33580000,1,33581000,3,33579000,2,33582000,4,33578000,5,33583000,8,33577000,7,33584000,10,33576000,9,33585000,8,33575000,10,33586000,11,33574000,11,33587000,9,33573000,14,33588000,12,33572000,16,33589000,8,33571000,12,33590000,11
33581000,2,33583000,2,33580000,6,33584000,7,33579000,7,33585000,7,33578000,8,33586000,10,33577000,7,33587000,7,33576000,10,33588000,11,33575000,12,33589000,10,33574000,14,33590000,11,33573000,13,33591000,9,33572000,17,33592000,10
33583000,4,33586000,3,33582000,7,33587000,6,33581000,8,33588000,10,33580000,6,33589000,8,33579000,10,33590000,10,33578000,12,33591000,11,33577000,15,33592000,9,33576000,12,33593000,8,33575000,13,33594000,12,33574000,12,33595000,12
33582000,2,33583000,2,33581000,4,33584000,4,33580000,6,33585000,6,33579000,10,33586000,5,33578000,8,33587000,5,33577000,11,33588000,13,33576000,12,33589000,10,33575000,15,33590000,12,33574000,13,33591000,11,33573000,11,33592000,10
33579000,2,33580000,2,33578000,7,33581000,4,33577000,9,33582000,4,33576000,7,33583000,4,33575000,11,33584000,4,33574000,12,33585000,9,33573000,11,33586000,9,33572000,16,33587000,7,33571000,12,33588000,13,33570000,18,33589000,8
33580000,1,33582000,4,33579000,5,33583000,4,33578000,6,33584000,3,33577000,8,33585000,8,33576000,7,33586000,9,33575000,14,33587000,7,33574000,13,33588000,12,33573000,12,33589000,10,33572000,16,33590000,11,33571000,12,33591000,10
33580000,2,33582000,4,33579000,4,33583000,8,33578000,4,33584000,5,33577000,5,33585000,9,33576000,8,33586000,12,33575000,11,33587000,7,33574000,11,33588000,12,33573000,12,33589000,9,33572000,16,33590000,11,33571000,13,33591000,10
33582000,1,33583000,1,33581000,3,33584000,5,33580000,9,33585000,7,33579000,6,33586000,8,33578000,5,33587000,7,33577000,8,33588000,12,33576000,10,33589000,11,33575000,13,33590000,12,33574000,14,33591000,10,33573000,13,33592000,8
33580000,3,33581000,3,33579000,3,33582000,3,33578000,5,33583000,6,33577000,8,33584000,5,33576000,7,33585000,6,33575000,13,33586000,8,33574000,14,33587000,10,33573000,13,33588000,12,33572000,15,33589000,11,33571000,12,33590000,12
33575000,6,33577000,2,33574000,7,33578000,3,33573000,10,33579000,7,33572000,14,33580000,5,33571000,13,33581000,8,33570000,19,33582000,7,33569000,9,33583000,10,33568000,13,33584000,8,33567000,13,33585000,9,33566000,17,33586000,11
33575000,5,33576000,2,33574000,8,33577000,3,33573000,10,33578000,5,33572000,13,33579000,6,33571000,11,33580000,5,33570000,16,33581000,8,33569000,8,33582000,9,33568000,13,33583000,10,33567000,14,33584000,8,33566000,17,33585000,8
33571000,2,33573000,3,33570000,8,33574000,4,33569000,4,33575000,3,33568000,9,33576000,8,33567000,10,33577000,7,33566000,13,33578000,9,33565000,17,33579000,11,33564000,13,33580000,8,33563000,10,33581000,10,33562000,12,33582000,9
33575000,1,33576000,3,33574000,4,33577000,4,33573000,5,33578000,6,33572000,7,33579000,8,33571000,9,33580000,6,33570000,9,33581000,10,33569000,8,33582000,10,33568000,13,33583000,8,33567000,14,33584000,7,33566000,16,33585000,8
33577000,3,33580000,5,33576000,6,33581000,6,33575000,5,33582000,7,33574000,4,33583000,8,33573000,7,33584000,6,33572000,12,33585000,10,33571000,12,33586000,12,33570000,13,33587000,9,33569000,10,33588000,14,33568000,11,33589000,13
33575000,3,33577000,1,33574000,4,33578000,4,33573000,7,33579000,8,33572000,9,33580000,7,33571000,11,33581000,10,33570000,11,33582000,11,33569000,10,33583000,11,33568000,12,33584000,8,33567000,13,33585000,10,33566000,15,33586000,12
33572000,5,33574000,5,33571000,7,33575000,5,33570000,8,33576000,5,33569000,8,33577000,7,33568000,12,33578000,7,33567000,13,33579000,9,33566000,15,33580000,9,33565000,16,33581000,12,33564000,15,33582000,12,33563000,11,33583000,12
33570000,5,33572000,2,33569000,5,33573000,6,33568000,8,33574000,5,33567000,9,33575000,8,33566000,12,33576000,8,33565000,17,33577000,11,33564000,15,33578000,10,33563000,10,33579000,12,33562000,13,33580000,10,33561000,15,33581000,12
33575000,1,33576000,1,33574000,5,33577000,4,33573000,6,33578000,9,33572000,5,33579000,9,33571000,9,33580000,8,33570000,16,33581000,12,33569000,8,33582000,13,33568000,16,33583000,10,33567000,9,33584000,8,33566000,15,33585000,9
33572000,1,33573000,1,33571000,7,33574000,4,33570000,13,33575000,4,33569000,6,33576000,6,33568000,9,33577000,10,33567000,9,33578000,5,33566000,13,33579000,11,33565000,25,33580000,13,33564000,16,33581000,12,33563000,11,33582000,13
33570000,10,33571000,2,33569000,4,33572000,4,33568000,9,33573000,6,33567000,7,33574000,6,33566000,10,33575000,7,33565000,23,33576000,9,33564000,15,33577000,13,33563000,10,33578000,8,33562000,14,33579000,11,33561000,15,33580000,13
33566000,4,33567000,2,33565000,16,33568000,5,33564000,12,33569000,5,33563000,10,33570000,6,33562000,13,33571000,6,33561000,15,33572000,10,33560000,12,33573000,9,33559000,13,33574000,11,33558000,15,33575000,15,33557000,9,33576000,13
33569000,7,33571000,2,33568000,5,33572000,5,33567000,5,33573000,8,33566000,6,33574000,9,33565000,7,33575000,15,33564000,6,33576000,15,33563000,9,33577000,12,33562000,11,33578000,9,33561000,14,33579000,10,33560000,16,33580000,11
33572000,1,33574000,3,33571000,3,33575000,12,33570000,3,33576000,11,33569000,7,33577000,11,33568000,9,33578000,9,33567000,8,33579000,9,33566000,11,33580000,9,33565000,9,33581000,12,33564000,10,33582000,13,33563000,11,33583000,13
33575000,2,33577000,5,33574000,4,33578000,7,33573000,5,33579000,9,33572000,4,33580000,6,33571000,4,33581000,13,33570000,5,33582000,12,33569000,13,33583000,13,33568000,11,33584000,8,33567000,11,33585000,12,33566000,12,33586000,13
33578000,1,33580000,3,33577000,5,33581000,9,33576000,5,33582000,11,33575000,5,33583000,12,33574000,4,33584000,9,33573000,8,33585000,10,33572000,10,33586000,12,33571000,9,33587000,9,33570000,11,33588000,13,33569000,10,33589000,9
33581000,3,33583000,3,33580000,5,33584000,6,33579000,4,33585000,9,33578000,5,33586000,10,33577000,7,33587000,13,33576000,6,33588000,11,33575000,9,33589000,9,33574000,9,33590000,10,33573000,8,33591000,10,33572000,11,33592000,10
33585000,1,33586000,2,33584000,4,33587000,5,33583000,6,33588000,10,33582000,5,33589000,6,33581000,6,33590000,9,33580000,5,33591000,11,33579000,5,33592000,9,33578000,9,33593000,7,33577000,9,33594000,12,33576000,10,33595000,12
33587000,3,33589000,3,33586000,4,33590000,5,33585000,4,33591000,8,33584000,4,33592000,9,33583000,7,33593000,8,33582000,6,33594000,12,33581000,11,33595000,13,33580000,8,33596000,10,33579000,9,33597000,11,33578000,9,33598000,12
33588000,3,33590000,2,33587000,6,33591000,5,33586000,5,33592000,7,33585000,4,33593000,7,33584000,4,33594000,11,33583000,8,33595000,16,33582000,8,33596000,12,33581000,10,33597000,11,33580000,14,33598000,12,33579000,9,33599000,9
33592000,2,33595000,7,33591000,5,33596000,8,33590000,8,33597000,9,33589000,10,33598000,9,33588000,7,33599000,8,33587000,7,33600000,16,33586000,11,33601000,11,33585000,8,33602000,12,33584000,9,33603000,13,33583000,10,33604000,13
33590000,1,33592000,5,33589000,10,33593000,5,33588000,5,33594000,7,33587000,4,33595000,7,33586000,7,33596000,7,33585000,8,33597000,12,33584000,10,33598000,11,33583000,10,33599000,9,33582000,10,33600000,17,33581000,8,33601000,11
33589000,4,33591000,2,33588000,5,33592000,6,33587000,5,33593000,7,33586000,5,33594000,8,33585000,5,33595000,8,33584000,6,33596000,9,33583000,11,33597000,13,33582000,11,33598000,12,33581000,9,33599000,10,33580000,10,33600000,16
33589000,4,33590000,2,33588000,2,33591000,3,33587000,5,33592000,5,33586000,5,33593000,6,33585000,6,33594000,7,33584000,5,33595000,8,33583000,11,33596000,10,33582000,11,33597000,13,33581000,8,33598000,17,33580000,10,33599000,9
33586000,2,33587000,2,33585000,4,33588000,3,33584000,5,33589000,3,33583000,7,33590000,5,33582000,9,33591000,6,33581000,8,33592000,7,33580000,10,33593000,8,33579000,8,33594000,12,33578000,10,33595000,8,33577000,10,33596000,10
33588000,1,33589000,2,33587000,4,33590000,5,33586000,5,33591000,6,33585000,4,33592000,7,33584000,6,33593000,8,33583000,7,33594000,11,33582000,8,33595000,8,33581000,8,33596000,8,33580000,11,33597000,10,33579000,9,33598000,16
33591000,1,33592000,1,33590000,6,33593000,4,33589000,6,33594000,7,33588000,6,33595000,6,33587000,5,33596000,8,33586000,6,33597000,12,33585000,8,33598000,17,33584000,9,33599000,9,33583000,8,33600000,19,33582000,10,33601000,11
33593000,2,33595000,2,33592000,5,33596000,6,33591000,5,33597000,8,33590000,5,33598000,14,33589000,6,33599000,9,33588000,7,33600000,19,33587000,7,33601000,10,33586000,11,33602000,12,33585000,8,33603000,13,33584000,9,33604000,15
33592000,3,33595000,4,33591000,5,33596000,6,33590000,5,33597000,8,33589000,7,33598000,13,33588000,6,33599000,10,33587000,7,33600000,19,33586000,11,33601000,11,33585000,8,33602000,13,33584000,9,33603000,13,33583000,7,33604000,15
33584000,1,33586000,2,33583000,4,33587000,7,33582000,6,33588000,7,33581000,7,33589000,5,33580000,8,33590000,7,33579000,9,33591000,9,33578000,9,33592000,5,33577000,7,33593000,10,33576000,12,33594000,12,33575000,8,33595000,10
33588000,1,33589000,6,33587000,2,33590000,5,33586000,4,33591000,9,33585000,4,33592000,6,33584000,4,33593000,9,33583000,4,33594000,12,33582000,7,33595000,9,33581000,8,33596000,10,33580000,10,33597000,11,33579000,11,33598000,15
33592000,2,33593000,2,33591000,4,33594000,3,33590000,4,33595000,6,33589000,2,33596000,8,33588000,10,33597000,10,33587000,7,33598000,16,33586000,7,33599000,10,33585000,12,33600000,17,33584000,8,33601000,10,33583000,8,33602000,14
33589000,2,33591000,3,33588000,9,33592000,5,33587000,6,33593000,9,33586000,4,33594000,7,33585000,5,33595000,9,33584000,7,33596000,9,33583000,8,33597000,12,33582000,9,33598000,16,33581000,8,33599000,11,33580000,12,33600000,18
33591000,1,33593000,3,33590000,5,33594000,8,33589000,4,33595000,7,33588000,9,33596000,7,33587000,7,33597000,10,33586000,5,33598000,16,33585000,6,33599000,11,33584000,8,33600000,18,33583000,8,33601000,10,33582000,10,33602000,14
33593000,4,33596000,6,33592000,2,33597000,11,33591000,12,33598000,14,33590000,6,33599000,8,33589000,4,33600000,16,33588000,6,33601000,11,33587000,9,33602000,14,33586000,8,33603000,15,33585000,6,33604000,14,33584000,8,33605000,14
33599000,2,33600000,4,33598000,4,33601000,6,33597000,5,33602000,6,33596000,7,33603000,11,33595000,6,33604000,10,33594000,2,33605000,12,33593000,7,33606000,12,33592000,4,33607000,11,33591000,7,33608000,13,33590000,9,33609000,13
33599000,2,33601000,2,33598000,3,33602000,4,33597000,4,33603000,9,33596000,8,33604000,6,33595000,5,33605000,10,33594000,3,33606000,10,33593000,8,33607000,13,33592000,6,33608000,14,33591000,7,33609000,10,33590000,8,33610000,16
33602000,2,33604000,2,33601000,26,33605000,6,33600000,5,33606000,8,33599000,5,33607000,11,33598000,4,33608000,11,33597000,6,33609000,13,33596000,11,33610000,16,33595000,8,33611000,9,33594000,6,33612000,13,33593000,7,33613000,14
33602000,2,33604000,3,33601000,26,33605000,6,33600000,6,33606000,8,33599000,5,33607000,9,33598000,4,33608000,8,33597000,7,33609000,12,33596000,12,33610000,23,33595000,8,33611000,12,33594000,6,33612000,14,33593000,7,33613000,14
33606000,3,33607000,3,33605000,5,33608000,6,33604000,6,33609000,7,33603000,6,33610000,19,33602000,11,33611000,10,33601000,6,33612000,17,33600000,27,33613000,15,33599000,12,33614000,12,33598000,10,33615000,17,33597000,9,33616000,24
33604000,2,33605000,5,33603000,5,33606000,4,33602000,12,33607000,3,33601000,6,33608000,7,33600000,24,33609000,5,33599000,12,33610000,19,33598000,10,33611000,12,33597000,11,33612000,15,33596000,9,33613000,14,33595000,6,33614000,16
33603000,4,33606000,5,33602000,10,33607000,3,33601000,6,33608000,7,33600000,24,33609000,7,33599000,12,33610000,19,33598000,10,33611000,12,33597000,11,33612000,16,33596000,9,33613000,13,33595000,6,33614000,16,33594000,9,33615000,17
33609000,2,33610000,6,33608000,4,33611000,2,33607000,5,33612000,11,33606000,4,33613000,11,33605000,4,33614000,10,33604000,8,33615000,23,33603000,13,33616000,24,33602000,26,33617000,12,33601000,12,33618000,16,33600000,27,33619000,10
33605000,4,33607000,1,33604000,5,33608000,2,33603000,11,33609000,6,33602000,23,33610000,6,33601000,9,33611000,7,33600000,29,33612000,10,33599000,12,33613000,13,33598000,11,33614000,13,33597000,11,33615000,19,33596000,9,33616000,25
33608000,5,33610000,2,33607000,22,33611000,4,33606000,15,33612000,9,33605000,7,33613000,10,33604000,6,33614000,10,33603000,14,33615000,19,33602000,25,33616000,24,33601000,11,33617000,11,33600000,29,33618000,16,33599000,11,33619000,8
33611000,4,33613000,1,33610000,6,33614000,8,33609000,6,33615000,15,33608000,7,33616000,22,33607000,23,33617000,13,33606000,14,33618000,16,33605000,10,33619000,10,33604000,9,33620000,31,33603000,13,33621000,16,33602000,26,33622000,20
33610000,3,33611000,4,33609000,6,33612000,7,33608000,7,33613000,5,33607000,7,33614000,9,33606000,7,33615000,10,33605000,11,33616000,19,33604000,10,33617000,10,33603000,10,33618000,16,33602000,21,33619000,12,33601000,11,33620000,32
33612000,2,33613000,2,33611000,5,33614000,8,33610000,6,33615000,8,33609000,7,33616000,19,33608000,11,33617000,9,33607000,8,33618000,12,33606000,5,33619000,11,33605000,14,33620000,31,33604000,12,33621000,15,33603000,11,33622000,19
33608000,12,33610000,4,33607000,5,33611000,4,33606000,6,33612000,5,33605000,11,33613000,5,33604000,9,33614000,6,33603000,10,33615000,11,33602000,12,33616000,22,33601000,11,33617000,14,33600000,30,33618000,15,33599000,14,33619000,11
33613000,2,33614000,1,33612000,5,33615000,2,33611000,6,33616000,18,33610000,8,33617000,11,33609000,6,33618000,11,33608000,16,33619000,10,33607000,9,33620000,30,33606000,9,33621000,14,33605000,12,33622000,19,33604000,12,33623000,10
33616000,1,33617000,3,33615000,6,33618000,5,33614000,4,33619000,6,33613000,6,33620000,27,33612000,5,33621000,12,33611000,13,33622000,20,33610000,9,33623000,11,33609000,10,33624000,11,33608000,19,33625000,12,33607000,10,33626000,11
33618000,4,33620000,19,33617000,5,33621000,9,33616000,10,33622000,15,33615000,6,33623000,9,33614000,8,33624000,10,33613000,10,33625000,13,33612000,10,33626000,14,33611000,27,33627000,10,33610000,10,33628000,14,33609000,12,33629000,8
33616000,6,33617000,3,33615000,6,33618000,5,33614000,8,33619000,5,33613000,10,33620000,6,33612000,9,33621000,9,33611000,27,33622000,13,33610000,11,33623000,11,33609000,11,33624000,13,33608000,11,33625000,17,33607000,8,33626000,16
33617000,5,33619000,2,33616000,5,33620000,6,33615000,7,33621000,9,33614000,8,33622000,12,33613000,9,33623000,10,33612000,10,33624000,10,33611000,27,33625000,16,33610000,11,33626000,16,33609000,10,33627000,10,33608000,10,33628000,12
33615000,3,33616000,1,33614000,6,33617000,7,33613000,9,33618000,9,33612000,9,33619000,12,33611000,26,33620000,5,33610000,11,33621000,10,33609000,11,33622000,16,33608000,11,33623000,11,33607000,8,33624000,12,33606000,11,33625000,16
33618000,2,33619000,7,33617000,7,33620000,4,33616000,8,33621000,9,33615000,7,33622000,13,33614000,6,33623000,10,33613000,10,33624000,10,33612000,10,33625000,16,33611000,27,33626000,15,33610000,12,33627000,10,33609000,11,33628000,12
33620000,2,33622000,12,33619000,4,33623000,9,33618000,8,33624000,8,33617000,8,33625000,12,33616000,8,33626000,14,33615000,7,33627000,11,33614000,11,33628000,13,33613000,9,33629000,10,33612000,12,33630000,18,33611000,27,33631000,8
33623000,4,33625000,4,33622000,6,33626000,9,33621000,9,33627000,9,33620000,7,33628000,10,33619000,7,33629000,11,33618000,12,33630000,16,33617000,8,33631000,8,33616000,13,33632000,11,33615000,10,33633000,12,33614000,11,33634000,15
33622000,1,33624000,6,33621000,15,33625000,6,33620000,8,33626000,8,33619000,10,33627000,8,33618000,11,33628000,9,33617000,9,33629000,13,33616000,12,33630000,18,33615000,11,33631000,8,33614000,11,33632000,12,33613000,9,33633000,11
33622000,2,33624000,3,33621000,4,33625000,6,33620000,7,33626000,7,33619000,8,33627000,8,33618000,12,33628000,9,33617000,9,33629000,13,33616000,11,33630000,24,33615000,9,33631000,9,33614000,11,33632000,11,33613000,10,33633000,11
33624000,2,33625000,1,33623000,6,33626000,4,33622000,4,33627000,9,33621000,10,33628000,8,33620000,9,33629000,9,33619000,12,33630000,21,33618000,13,33631000,10,33617000,11,33632000,13,33616000,11,33633000,11,33615000,9,33634000,13
33625000,4,33628000,4,33624000,8,33629000,4,33623000,4,33630000,6,33622000,6,33631000,7,33621000,12,33632000,7,33620000,9,33633000,7,33619000,12,33634000,14,33618000,15,33635000,14,33617000,11,33636000,17,33616000,9,33637000,14
33626000,2,33628000,3,33625000,8,33629000,6,33624000,4,33630000,7,33623000,8,33631000,5,33622000,8,33632000,7,33621000,12,33633000,11,33620000,8,33634000,14,33619000,12,33635000,14,33618000,12,33636000,17,33617000,9,33637000,14
33624000,2,33625000,1,33623000,9,33626000,5,33622000,7,33627000,7,33621000,11,33628000,6,33620000,7,33629000,6,33619000,12,33630000,7,33618000,12,33631000,8,33617000,9,33632000,11,33616000,9,33633000,7,33615000,9,33634000,15
33623000,4,33624000,3,33622000,3,33625000,6,33621000,8,33626000,5,33620000,7,33627000,5,33619000,8,33628000,8,33618000,9,33629000,8,33617000,10,33630000,9,33616000,10,33631000,9,33615000,9,33632000,11,33614000,11,33633000,10
33621000,1,33623000,4,33620000,6,33624000,5,33619000,8,33625000,6,33618000,7,33626000,6,33617000,9,33627000,7,33616000,8,33628000,9,33615000,11,33629000,8,33614000,12,33630000,10,33613000,11,33631000,8,33612000,13,33632000,9
33622000,4,33625000,5,33621000,6,33626000,7,33620000,6,33627000,4,33619000,7,33628000,9,33618000,6,33629000,7,33617000,8,33630000,10,33616000,9,33631000,10,33615000,16,33632000,9,33614000,13,33633000,9,33613000,12,33634000,14
33620000,7,33623000,3,33619000,6,33624000,7,33618000,6,33625000,6,33617000,7,33626000,7,33616000,8,33627000,4,33615000,18,33628000,10,33614000,13,33629000,9,33613000,12,33630000,11,33612000,14,33631000,10,33611000,31,33632000,9
33617000,4,33619000,2,33616000,7,33620000,5,33615000,13,33621000,6,33614000,10,33622000,8,33613000,9,33623000,7,33612000,15,33624000,9,33611000,32,33625000,7,33610000,13,33626000,9,33609000,11,33627000,9,33608000,9,33628000,10
33620000,5,33622000,3,33619000,3,33623000,5,33618000,7,33624000,7,33617000,7,33625000,5,33616000,7,33626000,7,33615000,15,33627000,10,33614000,13,33628000,10,33613000,12,33629000,6,33612000,16,33630000,10,33611000,32,33631000,8
33624000,1,33625000,1,33623000,6,33626000,6,33622000,5,33627000,6,33621000,6,33628000,8,33620000,5,33629000,5,33619000,5,33630000,10,33618000,9,33631000,9,33617000,11,33632000,10,33616000,12,33633000,8,33615000,17,33634000,17
33623000,3,33625000,5,33622000,5,33626000,7,33621000,5,33627000,6,33620000,6,33628000,5,33619000,4,33629000,6,33618000,10,33630000,9,33617000,9,33631000,8,33616000,10,33632000,10,33615000,15,33633000,9,33614000,18,33634000,16
33620000,1,33622000,5,33619000,3,33623000,6,33618000,5,33624000,6,33617000,7,33625000,5,33616000,6,33626000,7,33615000,15,33627000,10,33614000,11,33628000,10,33613000,11,33629000,7,33612000,16,33630000,10,33611000,31,33631000,7
33615000,10,33616000,5,33614000,9,33617000,3,33613000,8,33618000,3,33612000,13,33619000,6,33611000,29,33620000,1,33610000,18,33621000,8,33609000,12,33622000,9,33608000,11,33623000,9,33607000,7,33624000,11,33606000,14,33625000,8
33612000,1,33613000,1,33611000,23,33614000,5,33610000,15,33615000,6,33609000,11,33616000,11,33608000,9,33617000,8,33607000,7,33618000,7,33606000,11,33619000,9,33605000,7,33620000,7,33604000,11,33621000,12,33603000,18,33622000,10
33611000,8,33613000,1,33610000,9,33614000,4,33609000,9,33615000,6,33608000,7,33616000,12,33607000,6,33617000,7,33606000,13,33618000,7,33605000,9,33619000,8,33604000,11,33620000,8,33603000,14,33621000,11,33602000,11,33622000,9
33613000,1,33614000,4,33611000,3,33615000,5,33610000,5,33616000,14,33609000,7,33617000,9,33608000,7,33618000,9,33607000,6,33619000,9,33606000,11,33620000,7,33605000,8,33621000,11,33604000,13,33622000,9,33603000,15,33623000,10
33610000,2,33612000,3,33609000,5,33613000,8,33608000,13,33614000,5,33607000,5,33615000,17,33606000,11,33616000,10,33605000,8,33617000,9,33604000,12,33618000,8,33603000,14,33619000,10,33602000,11,33620000,7,33601000,10,33621000,11
33607000,2,33608000,1,33606000,1,33609000,6,33605000,6,33610000,4,33604000,7,33611000,6,33603000,14,33612000,6,33602000,10,33613000,8,33601000,10,33614000,9,33600000,26,33615000,8,33599000,17,33616000,10,33598000,10,33617000,10
33608000,3,33610000,1,33607000,5,33611000,5,33606000,6,33612000,6,33605000,7,33613000,8,33604000,9,33614000,8,33603000,11,33615000,10,33602000,11,33616000,9,33601000,10,33617000,9,33600000,26,33618000,11,33599000,16,33619000,8
33607000,4,33610000,6,33606000,5,33611000,7,33605000,6,33612000,7,33604000,9,33613000,7,33603000,10,33614000,7,33602000,12,33615000,10,33601000,10,33616000,9,33600000,26,33617000,10,33599000,16,33618000,12,33598000,10,33619000,8
33609000,1,33610000,3,33608000,3,33611000,6,33607000,5,33612000,7,33606000,5,33613000,6,33605000,6,33614000,6,33604000,10,33615000,10,33603000,12,33616000,10,33602000,11,33617000,10,33601000,10,33618000,11,33600000,26,33619000,8
33612000,2,33613000,1,33611000,5,33614000,3,33610000,6,33615000,7,33609000,5,33616000,5,33608000,5,33617000,8,33607000,6,33618000,12,33606000,9,33619000,9,33605000,10,33620000,7,33604000,15,33621000,12,33603000,14,33622000,12
33609000,2,33610000,3,33608000,5,33611000,4,33607000,6,33612000,4,33606000,13,33613000,7,33605000,7,33614000,5,33604000,13,33615000,9,33603000,14,33616000,8,33602000,11,33617000,11,33601000,9,33618000,14,33600000,25,33619000,9
33606000,6,33608000,9,33605000,6,33609000,2,33604000,9,33610000,4,33603000,11,33611000,6,33602000,8,33612000,7,33601000,10,33613000,9,33600000,26,33614000,9,33599000,16,33615000,9,33598000,11,33616000,9,33597000,14,33617000,11
33603000,3,33604000,4,33602000,2,33605000,4,33601000,6,33606000,5,33600000,25,33607000,5,33599000,12,33608000,6,33598000,9,33609000,8,33597000,12,33610000,8,33596000,10,33611000,12,33595000,10,33612000,11,33594000,12,33613000,11
33604000,5,33606000,2,33603000,5,33607000,5,33602000,5,33608000,6,33601000,6,33609000,7,33600000,23,33610000,7,33599000,14,33611000,12,33598000,11,33612000,12,33597000,13,33613000,10,33596000,11,33614000,7,33595000,10,33615000,8
33607000,4,33609000,4,33606000,4,33610000,6,33605000,5,33611000,9,33604000,5,33612000,9,33603000,6,33613000,11,33602000,13,33614000,9,33601000,8,33615000,9,33600000,27,33616000,8,33599000,18,33617000,10,33598000,12,33618000,14
33606000,1,33607000,1,33605000,5,33608000,3,33604000,6,33609000,4,33603000,6,33610000,6,33602000,10,33611000,9,33601000,8,33612000,10,33600000,27,33613000,12,33599000,17,33614000,10,33598000,11,33615000,9,33597000,11,33616000,8
33600000,17,33601000,1,33599000,11,33602000,3,33598000,7,33603000,5,33597000,9,33604000,4,33596000,9,33605000,5,33595000,11,33606000,6,33594000,11,33607000,10,33593000,9,33608000,8,33592000,10,33609000,7,33591000,12,33610000,12
33598000,1,33599000,3,33597000,4,33600000,5,33596000,8,33601000,5,33595000,12,33602000,7,33594000,11,33603000,9,33593000,11,33604000,8,33592000,11,33605000,6,33591000,9,33606000,9,33590000,13,33607000,10,33589000,9,33608000,7
33595000,5,33598000,4,33594000,8,33599000,5,33593000,9,33600000,6,33592000,11,33601000,7,33591000,11,33602000,9,33590000,13,33603000,11,33589000,8,33604000,10,33588000,16,33605000,7,33587000,9,33606000,9,33586000,10,33607000,8
33594000,1,33596000,2,33593000,5,33597000,6,33592000,8,33598000,6,33591000,7,33599000,5,33590000,12,33600000,8,33589000,10,33601000,10,33588000,18,33602000,9,33587000,10,33603000,10,33586000,11,33604000,8,33585000,10,33605000,7
33595000,2,33596000,1,33594000,5,33597000,5,33593000,4,33598000,6,33592000,6,33599000,6,33591000,8,33600000,7,33590000,12,33601000,9,33589000,9,33602000,8,33588000,19,33603000,9,33587000,10,33604000,8,33586000,10,33605000,7
33591000,1,33593000,3,33590000,10,33594000,6,33589000,7,33595000,7,33588000,17,33596000,6,33587000,10,33597000,7,33586000,9,33598000,10,33585000,12,33599000,9,33584000,22,33600000,11,33583000,9,33601000,12,33582000,14,33602000,9
33590000,2,33592000,5,33589000,6,33593000,5,33588000,17,33594000,6,33587000,9,33595000,8,33586000,11,33596000,9,33585000,11,33597000,10,33584000,20,33598000,11,33583000,10,33599000,10,33582000,12,33600000,11,33581000,11,33601000,11
33589000,2,33590000,1,33588000,13,33591000,4,33587000,9,33592000,4,33586000,10,33593000,6,33585000,11,33594000,6,33584000,20,33595000,9,33583000,9,33596000,10,33582000,12,33597000,9,33581000,12,33598000,12,33580000,15,33599000,9
33591000,4,33593000,2,33590000,5,33594000,4,33589000,7,33595000,8,33588000,15,33596000,7,33587000,10,33597000,8,33586000,12,33598000,10,33585000,13,33599000,9,33584000,21,33600000,12,33583000,10,33601000,11,33582000,11,33602000,8
33590000,2,33592000,5,33589000,4,33593000,6,33588000,15,33594000,7,33587000,9,33595000,8,33586000,10,33596000,6,33585000,13,33597000,9,33584000,21,33598000,12,33583000,10,33599000,10,33582000,11,33600000,13,33581000,13,33601000,10
33593000,2,33594000,1,33592000,5,33595000,6,33591000,17,33596000,6,33590000,6,33597000,6,33589000,7,33598000,9,33588000,14,33599000,10,33587000,12,33600000,12,33586000,12,33601000,10,33585000,14,33602000,9,33584000,24,33603000,9
33596000,2,33597000,2,33595000,5,33598000,7,33594000,6,33599000,8,33593000,4,33600000,10,33592000,4,33601000,9,33591000,20,33602000,9,33590000,10,33603000,11,33589000,10,33604000,9,33588000,19,33605000,18,33587000,11,33606000,15
33598000,2,33600000,4,33597000,6,33601000,7,33596000,6,33602000,7,33595000,7,33603000,10,33594000,4,33604000,10,33593000,5,33605000,20,33592000,8,33606000,12,33591000,23,33607000,10,33590000,11,33608000,8,33589000,9,33609000,13
33600000,4,33602000,1,33599000,5,33603000,4,33598000,4,33604000,6,33597000,6,33605000,16,33596000,8,33606000,8,33595000,9,33607000,8,33594000,7,33608000,8,33593000,8,33609000,14,33592000,9,33610000,11,33591000,22,33611000,13
33605000,3,33606000,2,33604000,4,33607000,6,33603000,9,33608000,5,33602000,4,33609000,14,33601000,6,33610000,10,33600000,9,33611000,13,33599000,7,33612000,12,33598000,10,33613000,11,33597000,11,33614000,7,33596000,10,33615000,12
33607000,2,33609000,5,33606000,4,33610000,8,33605000,4,33611000,11,33604000,6,33612000,10,33603000,9,33613000,11,33602000,7,33614000,7,33601000,11,33615000,8,33600000,11,33616000,9,33599000,9,33617000,10,33598000,9,33618000,18
33604000,4,33606000,3,33603000,9,33607000,5,33602000,6,33608000,6,33601000,8,33609000,5,33600000,11,33610000,7,33599000,11,33611000,14,33598000,10,33612000,14,33597000,10,33613000,11,33596000,12,33614000,10,33595000,10,33615000,10
33607000,1,33609000,3,33606000,4,33610000,7,33605000,5,33611000,9,33604000,8,33612000,12,33603000,11,33613000,10,33602000,8,33614000,7,33601000,17,33615000,10,33600000,11,33616000,8,33599000,11,33617000,10,33598000,11,33618000,14
33611000,1,33612000,3,33610000,8,33613000,5,33609000,6,33614000,6,33608000,10,33615000,8,33607000,6,33616000,6,33606000,8,33617000,10,33605000,31,33618000,11,33604000,8,33619000,7,33603000,13,33620000,9,33602000,10,33621000,15
33614000,6,33616000,2,33613000,8,33617000,7,33612000,6,33618000,8,33611000,7,33619000,6,33610000,9,33620000,9,33609000,8,33621000,14,33608000,13,33622000,13,33607000,10,33623000,11,33606000,31,33624000,11,33605000,31,33625000,11
33611000,2,33612000,1,33610000,9,33613000,3,33609000,11,33614000,7,33608000,6,33615000,8,33607000,7,33616000,8,33606000,9,33617000,10,33605000,12,33618000,12,33604000,11,33619000,8,33603000,13,33620000,9,33602000,11,33621000,12
33612000,3,33613000,2,33611000,4,33614000,6,33610000,8,33615000,6,33609000,10,33616000,9,33608000,6,33617000,8,33607000,8,33618000,10,33606000,9,33619000,8,33605000,11,33620000,9,33604000,11,33621000,12,33603000,13,33622000,12
33612000,4,33613000,2,33611000,3,33614000,4,33610000,7,33615000,7,33609000,8,33616000,7,33608000,7,33617000,8,33607000,10,33618000,9,33606000,11,33619000,7,33605000,10,33620000,9,33604000,9,33621000,12,33603000,13,33622000,13
33612000,5,33614000,2,33611000,8,33615000,7,33610000,7,33616000,7,33609000,8,33617000,7,33608000,7,33618000,10,33607000,9,33619000,7,33606000,9,33620000,9,33605000,10,33621000,12,33604000,9,33622000,12,33603000,14,33623000,13
33617000,2,33618000,2,33616000,6,33619000,2,33615000,6,33620000,5,33614000,7,33621000,10,33613000,7,33622000,12,33612000,7,33623000,14,33611000,10,33624000,12,33610000,11,33625000,10,33609000,11,33626000,9,33608000,12,33627000,12
33618000,2,33620000,2,33617000,6,33621000,9,33616000,6,33622000,6,33615000,6,33623000,10,33614000,6,33624000,9,33613000,11,33625000,11,33612000,12,33626000,11,33611000,12,33627000,10,33610000,13,33628000,12,33609000,13,33629000,9
33623000,5,33625000,5,33622000,9,33626000,5,33621000,7,33627000,6,33620000,6,33628000,7,33619000,7,33629000,7,33618000,10,33630000,15,33617000,11,33631000,9,33616000,12,33632000,14,33615000,11,33633000,12,33614000,12,33634000,12
33622000,1,33623000,1,33621000,5,33624000,4,33620000,12,33625000,6,33619000,8,33626000,6,33618000,9,33627000,7,33617000,11,33628000,9,33616000,12,33629000,8,33615000,12,33630000,14,33614000,13,33631000,9,33613000,11,33632000,16
33620000,7,33622000,2,33619000,5,33623000,5,33618000,7,33624000,8,33617000,8,33625000,7,33616000,8,33626000,8,33615000,13,33627000,13,33614000,13,33628000,9,33613000,10,33629000,7,33612000,15,33630000,14,33611000,11,33631000,9
33620000,4,33622000,3,33619000,4,33623000,7,33618000,6,33624000,7,33617000,8,33625000,7,33616000,9,33626000,7,33615000,12,33627000,13,33614000,12,33628000,10,33613000,11,33629000,7,33612000,15,33630000,14,33611000,11,33631000,8
33619000,1,33620000,3,33618000,2,33621000,4,33617000,5,33622000,7,33616000,4,33623000,6,33615000,6,33624000,10,33614000,10,33625000,9,33613000,11,33626000,11,33612000,16,33627000,11,33611000,10,33628000,9,33610000,20,33629000,6
33621000,3,33623000,1,33620000,3,33624000,6,33619000,5,33625000,7,33618000,6,33626000,8,33617000,5,33627000,11,33616000,5,33628000,9,33615000,11,33629000,7,33614000,13,33630000,13,33613000,12,33631000,8,33612000,17,33632000,15
33625000,1,33626000,2,33624000,2,33627000,7,33623000,4,33628000,6,33622000,6,33629000,4,33621000,6,33630000,13,33620000,7,33631000,9,33619000,9,33632000,16,33618000,9,33633000,10,33617000,8,33634000,13,33616000,9,33635000,15
33627000,2,33629000,3,33626000,4,33630000,9,33625000,6,33631000,5,33624000,7,33632000,10,33623000,4,33633000,10,33622000,10,33634000,11,33621000,9,33635000,17,33620000,9,33636000,15,33619000,9,33637000,23,33618000,11,33638000,11
33626000,1,33628000,4,33625000,5,33629000,3,33624000,5,33630000,6,33623000,6,33631000,7,33622000,10,33632000,9,33621000,10,33633000,11,33620000,9,33634000,13,33619000,8,33635000,17,33618000,10,33636000,15,33617000,9,33637000,24
33626000,1,33628000,4,33625000,5,33629000,3,33624000,5,33630000,6,33623000,6,33631000,7,33622000,10,33632000,9,33621000,10,33633000,11,33620000,9,33634000,13,33619000,8,33635000,17,33618000,10,33636000,15,33617000,9,33637000,24
33621000,6,33623000,1,33620000,4,33624000,5,33619000,5,33625000,5,33618000,7,33626000,6,33617000,9,33627000,11,33616000,9,33628000,11,33615000,12,33629000,8,33614000,12,33630000,12,33613000,11,33631000,9,33612000,18,33632000,12
33615000,6,33617000,3,33614000,9,33618000,4,33613000,8,33619000,5,33612000,12,33620000,5,33611000,11,33621000,8,33610000,15,33622000,11,33609000,13,33623000,9,33608000,11,33624000,11,33607000,9,33625000,9,33606000,14,33626000,11
33618000,5,33620000,1,33617000,7,33621000,6,33616000,5,33622000,7,33615000,8,33623000,6,33614000,11,33624000,10,33613000,11,33625000,9,33612000,15,33626000,11,33611000,10,33627000,12,33610000,17,33628000,13,33609000,13,33629000,8
33618000,2,33620000,2,33617000,5,33621000,5,33616000,5,33622000,7,33615000,6,33623000,5,33614000,11,33624000,12,33613000,10,33625000,8,33612000,15,33626000,11,33611000,10,33627000,13,33610000,16,33628000,11,33609000,12,33629000,7
33618000,2,33620000,2,33617000,5,33621000,5,33616000,5,33622000,7,33615000,6,33623000,5,33614000,11,33624000,12,33613000,10,33625000,8,33612000,15,33626000,11,33611000,10,33627000,13,33610000,16,33628000,11,33609000,12,33629000,7
33610000,8,33612000,2,33609000,9,33613000,5,33608000,7,33614000,5,33607000,6,33615000,5,33606000,8,33616000,6,33605000,10,33617000,9,33604000,10,33618000,8,33603000,11,33619000,10,33602000,9,33620000,11,33601000,10,33621000,11
33611000,5,33613000,1,33610000,11,33614000,5,33609000,12,33615000,5,33608000,8,33616000,6,33607000,6,33617000,8,33606000,9,33618000,9,33605000,10,33619000,10,33604000,10,33620000,11,33603000,11,33621000,11,33602000,10,33622000,9
33615000,2,33617000,3,33614000,5,33618000,5,33613000,6,33619000,7,33612000,4,33620000,10,33611000,5,33621000,10,33610000,11,33622000,9,33609000,12,33623000,7,33608000,13,33624000,12,33607000,9,33625000,7,33606000,12,33626000,10
33613000,2,33614000,3,33612000,3,33615000,7,33611000,6,33616000,6,33610000,9,33617000,5,33609000,11,33618000,5,33608000,11,33619000,9,33607000,9,33620000,11,33606000,12,33621000,12,33605000,8,33622000,10,33604000,9,33623000,7
33614000,3,33616000,2,33613000,6,33617000,4,33612000,6,33618000,5,33611000,7,33619000,8,33610000,9,33620000,11,33609000,11,33621000,9,33608000,11,33622000,10,33607000,10,33623000,9,33606000,11,33624000,12,33605000,10,33625000,7
33618000,1,33620000,3,33617000,6,33621000,5,33616000,7,33622000,6,33615000,6,33623000,9,33614000,7,33624000,11,33613000,9,33625000,8,33612000,8,33626000,11,33611000,9,33627000,13,33610000,14,33628000,12,33609000,14,33629000,10
33616000,2,33617000,2,33615000,5,33618000,2,33614000,7,33619000,5,33613000,8,33620000,5,33612000,7,33621000,8,33611000,8,33622000,7,33610000,9,33623000,11,33609000,13,33624000,12,33608000,10,33625000,8,33607000,9,33626000,11
33618000,2,33620000,4,33617000,6,33621000,6,33616000,7,33622000,6,33615000,5,33623000,9,33614000,8,33624000,10,33613000,9,33625000,8,33612000,8,33626000,11,33611000,10,33627000,13,33610000,10,33628000,11,33609000,13,33629000,12
33621000,3,33623000,4,33620000,6,33624000,6,33619000,7,33625000,6,33618000,4,33626000,10,33617000,6,33627000,12,33616000,6,33628000,11,33615000,9,33629000,10,33614000,10,33630000,12,33613000,13,33631000,6,33612000,10,33632000,11
33617000,2,33619000,3,33616000,8,33620000,4,33615000,4,33621000,7,33614000,6,33622000,5,33613000,10,33623000,7,33612000,9,33624000,9,33611000,10,33625000,8,33610000,10,33626000,11,33609000,12,33627000,15,33608000,12,33628000,11
33621000,2,33622000,1,33620000,8,33623000,7,33619000,5,33624000,4,33618000,5,33625000,7,33617000,4,33626000,9,33616000,6,33627000,15,33615000,9,33628000,10,33614000,10,33629000,8,33613000,9,33630000,12,33612000,10,33631000,6
33623000,1,33625000,5,33622000,5,33626000,8,33621000,5,33627000,13,33620000,8,33628000,8,33619000,5,33629000,6,33618000,7,33630000,13,33617000,6,33631000,7,33616000,9,33632000,10,33615000,9,33633000,8,33614000,9,33634000,13
33624000,2,33626000,9,33623000,5,33627000,14,33622000,9,33628000,9,33621000,7,33629000,5,33620000,7,33630000,11,33619000,6,33631000,7,33618000,9,33632000,11,33617000,8,33633000,8,33616000,10,33634000,12,33615000,10,33635000,16
33619000,2,33621000,3,33618000,7,33622000,7,33617000,6,33623000,5,33616000,10,33624000,7,33615000,7,33625000,4,33614000,7,33626000,13,33613000,10,33627000,14,33612000,12,33628000,11,33611000,9,33629000,8,33610000,12,33630000,13
33621000,3,33622000,1,33620000,4,33623000,4,33619000,4,33624000,5,33618000,6,33625000,5,33617000,6,33626000,11,33616000,11,33627000,13,33615000,7,33628000,12,33614000,10,33629000,8,33613000,10,33630000,12,33612000,14,33631000,6
33626000,2,33627000,1,33625000,6,33628000,5,33624000,5,33629000,6,33623000,5,33630000,11,33622000,7,33631000,6,33621000,7,33632000,10,33620000,5,33633000,8,33619000,10,33634000,11,33618000,14,33635000,16,33617000,8,33636000,15
33623000,1,33624000,3,33622000,5,33625000,4,33621000,4,33626000,6,33620000,6,33627000,6,33619000,6,33628000,5,33618000,12,33629000,8,33617000,9,33630000,12,33616000,12,33631000,7,33615000,8,33632000,11,33614000,9,33633000,9
33624000,6,33627000,5,33623000,5,33628000,4,33622000,6,33629000,6,33621000,4,33630000,12,33620000,6,33631000,6,33619000,5,33632000,10,33618000,9,33633000,10,33617000,9,33634000,11,33616000,14,33635000,14,33615000,8,33636000,13
33628000,4,33630000,3,33627000,4,33631000,5,33626000,8,33632000,7,33625000,4,33633000,8,33624000,9,33634000,10,33623000,6,33635000,15,33622000,7,33636000,14,33621000,8,33637000,20,33620000,10,33638000,12,33619000,7,33639000,11
33625000,1,33626000,2,33624000,5,33627000,5,33623000,5,33628000,4,33622000,4,33629000,6,33621000,8,33630000,9,33620000,5,33631000,8,33619000,8,33632000,11,33618000,10,33633000,10,33617000,7,33634000,9,33616000,12,33635000,15
33620000,2,33621000,3,33619000,3,33622000,3,33618000,7,33623000,4,33617000,7,33624000,4,33616000,11,33625000,6,33615000,8,33626000,8,33614000,8,33627000,7,33613000,11,33628000,10,33612000,13,33629000,8,33611000,11,33630000,9
33623000,2,33624000,1,33622000,3,33625000,4,33621000,5,33626000,5,33620000,9,33627000,5,33619000,3,33628000,8,33618000,8,33629000,9,33617000,7,33630000,9,33616000,13,33631000,9,33615000,8,33632000,10,33614000,9,33633000,8
33625000,3,33627000,1,33624000,6,33628000,4,33623000,4,33629000,6,33622000,4,33630000,8,33621000,4,33631000,10,33620000,7,33632000,10,33619000,7,33633000,9,33618000,12,33634000,10,33617000,9,33635000,15,33616000,13,33636000,14
33629000,1,33630000,2,33628000,5,33631000,8,33627000,9,33632000,8,33626000,5,33633000,6,33625000,6,33634000,9,33624000,7,33635000,16,33623000,5,33636000,16,33622000,8,33637000,22,33621000,9,33638000,12,33620000,8,33639000,11
33631000,6,33633000,4,33630000,6,33634000,6,33629000,6,33635000,12,33628000,5,33636000,12,33627000,6,33637000,24,33626000,6,33638000,11,33625000,8,33639000,10,33624000,10,33640000,14,33623000,8,33641000,8,33622000,8,33642000,11
33634000,2,33636000,6,33633000,7,33637000,20,33632000,9,33638000,8,33631000,7,33639000,7,33630000,3,33640000,12,33629000,9,33641000,9,33628000,10,33642000,10,33627000,8,33643000,9,33626000,9,33644000,11,33625000,7,33645000,11
33633000,9,33635000,4,33632000,9,33636000,8,33631000,3,33637000,20,33630000,4,33638000,8,33629000,7,33639000,8,33628000,8,33640000,13,33627000,8,33641000,9,33626000,9,33642000,10,33625000,7,33643000,9,33624000,9,33644000,11
33635000,1,33636000,6,33634000,5,33637000,14,33633000,8,33638000,6,33632000,22,33639000,7,33631000,6,33640000,12,33630000,5,33641000,9,33629000,12,33642000,10,33628000,9,33643000,9,33627000,7,33644000,11,33626000,8,33645000,13
33634000,2,33636000,8,33633000,7,33637000,13,33632000,23,33638000,4,33631000,8,33639000,6,33630000,6,33640000,12,33629000,12,33641000,8,33628000,10,33642000,10,33627000,9,33643000,10,33626000,7,33644000,11,33625000,7,33645000,11
33630000,4,33631000,3,33629000,6,33632000,12,33628000,6,33633000,7,33627000,6,33634000,16,33626000,7,33635000,8,33625000,9,33636000,12,33624000,11,33637000,13,33623000,8,33638000,8,33622000,9,33639000,9,33621000,10,33640000,14
33632000,2,33633000,6,33631000,4,33634000,14,33630000,10,33635000,8,33629000,9,33636000,13,33628000,8,33637000,13,33627000,9,33638000,8,33626000,9,33639000,9,33625000,8,33640000,13,33624000,12,33641000,7,33623000,9,33642000,9
33630000,1,33631000,2,33629000,3,33632000,6,33628000,8,33633000,9,33627000,8,33634000,14,33626000,9,33635000,8,33625000,11,33636000,13,33624000,12,33637000,16,33623000,8,33638000,9,33622000,9,33639000,11,33621000,7,33640000,14
33629000,5,33631000,1,33628000,9,33632000,6,33627000,6,33633000,10,33626000,9,33634000,7,33625000,8,33635000,8,33624000,12,33636000,15,33623000,11,33637000,15,33622000,9,33638000,8,33621000,7,33639000,9,33620000,8,33640000,13
33631000,3,33633000,4,33630000,9,33634000,5,33629000,10,33635000,10,33628000,10,33636000,6,33627000,8,33637000,13,33626000,10,33638000,7,33625000,10,33639000,9,33624000,12,33640000,16,33623000,10,33641000,8,33622000,9,33642000,12
33638000,2,33639000,1,33637000,7,33640000,10,33636000,7,33641000,5,33635000,9,33642000,11,33634000,6,33643000,8,33633000,7,33644000,11,33632000,13,33645000,12,33631000,11,33646000,9,33630000,14,33647000,9,33629000,14,33648000,12
33636000,4,33638000,3,33635000,9,33639000,6,33634000,10,33640000,8,33633000,8,33641000,7,33632000,11,33642000,10,33631000,9,33643000,9,33630000,14,33644000,9,33629000,12,33645000,12,33628000,12,33646000,11,33627000,10,33647000,8
33639000,1,33641000,7,33638000,6,33642000,8,33637000,10,33643000,8,33636000,7,33644000,7,33635000,4,33645000,10,33634000,10,33646000,10,33633000,8,33647000,9,33632000,14,33648000,10,33631000,11,33649000,8,33630000,15,33650000,28
33640000,4,33642000,2,33639000,8,33643000,7,33638000,7,33644000,8,33637000,6,33645000,10,33636000,9,33646000,8,33635000,7,33647000,9,33634000,12,33648000,11,33633000,10,33649000,8,33632000,13,33650000,28,33631000,10,33651000,14
33643000,2,33644000,1,33642000,5,33645000,7,33641000,8,33646000,7,33640000,9,33647000,7,33639000,5,33648000,10,33638000,8,33649000,9,33637000,8,33650000,28,33636000,11,33651000,12,33635000,9,33652000,10,33634000,12,33653000,15
33642000,2,33643000,2,33641000,5,33644000,5,33640000,7,33645000,5,33639000,11,33646000,8,33638000,9,33647000,8,33637000,11,33648000,8,33636000,12,33649000,7,33635000,8,33650000,26,33634000,13,33651000,14,33633000,8,33652000,12
33638000,3,33639000,2,33637000,6,33640000,9,33636000,8,33641000,8,33635000,8,33642000,7,33634000,13,33643000,7,33633000,8,33644000,10,33632000,12,33645000,8,33631000,11,33646000,13,33630000,17,33647000,9,33629000,13,33648000,9
33635000,2,33636000,3,33634000,5,33637000,8,33633000,8,33638000,5,33632000,14,33639000,6,33631000,9,33640000,8,33630000,15,33641000,9,33629000,12,33642000,7,33628000,13,33643000,8,33627000,11,33644000,9,33626000,11,33645000,8
33639000,3,33640000,1,33638000,4,33641000,7,33637000,9,33642000,5,33636000,9,33643000,7,33635000,11,33644000,8,33634000,10,33645000,8,33633000,12,33646000,11,33632000,14,33647000,9,33631000,9,33648000,9,33630000,15,33649000,6
33641000,6,33643000,1,33640000,9,33644000,6,33639000,10,33645000,9,33638000,9,33646000,8,33637000,7,33647000,8,33636000,9,33648000,8,33635000,13,33649000,7,33634000,13,33650000,26,33633000,12,33651000,12,33632000,15,33652000,11
33646000,3,33647000,3,33645000,5,33648000,6,33644000,6,33649000,5,33643000,6,33650000,23,33642000,13,33651000,13,33641000,10,33652000,9,33640000,11,33653000,12,33639000,12,33654000,50,33638000,11,33655000,20,33637000,9,33656000,9
33644000,6,33646000,3,33643000,9,33647000,5,33642000,12,33648000,5,33641000,7,33649000,5,33640000,8,33650000,22,33639000,12,33651000,16,33638000,12,33652000,11,33637000,8,33653000,13,33636000,12,33654000,51,33635000,13,33655000,19
33643000,2,33645000,2,33642000,6,33646000,7,33641000,9,33647000,6,33640000,11,33648000,7,33639000,8,33649000,6,33638000,10,33650000,23,33637000,8,33651000,16,33636000,13,33652000,11,33635000,13,33653000,12,33634000,14,33654000,50
33640000,1,33641000,1,33639000,7,33642000,3,33638000,8,33643000,7,33637000,6,33644000,4,33636000,9,33645000,7,33635000,14,33646000,10,33634000,14,33647000,10,33633000,10,33648000,10,33632000,15,33649000,8,33631000,10,33650000,24
33641000,3,33643000,8,33640000,6,33644000,5,33639000,7,33645000,8,33638000,7,33646000,10,33637000,6,33647000,9,33636000,9,33648000,9,33635000,13,33649000,8,33634000,14,33650000,24,33633000,9,33651000,16,33632000,15,33652000,10
33642000,7,33644000,3,33641000,6,33645000,6,33640000,8,33646000,9,33639000,7,33647000,10,33638000,7,33648000,8,33637000,9,33649000,8,33636000,10,33650000,24,33635000,12,33651000,16,33634000,14,33652000,10,33633000,11,33653000,13
33641000,1,33642000,1,33640000,9,33643000,9,33639000,7,33644000,6,33638000,8,33645000,10,33637000,8,33646000,9,33636000,10,33647000,10,33635000,12,33648000,8,33634000,14,33649000,8,33633000,11,33650000,23,33632000,15,33651000,14
33638000,3,33639000,1,33637000,5,33640000,5,33636000,7,33641000,6,33635000,12,33642000,8,33634000,12,33643000,6,33633000,10,33644000,9,33632000,17,33645000,9,33631000,10,33646000,11,33630000,16,33647000,9,33629000,15,33648000,10
33640000,2,33641000,2,33639000,5,33642000,4,33638000,5,33643000,5,33637000,5,33644000,8,33636000,6,33645000,9,33635000,14,33646000,10,33634000,11,33647000,9,33633000,10,33648000,9,33632000,16,33649000,7,33631000,9,33650000,25
33638000,1,33640000,5,33637000,6,33641000,5,33636000,8,33642000,6,33635000,12,33643000,6,33634000,12,33644000,5,33633000,10,33645000,10,33632000,17,33646000,10,33631000,10,33647000,10,33630000,16,33648000,11,33629000,13,33649000,8
33642000,1,33643000,1,33641000,6,33644000,4,33640000,10,33645000,6,33639000,6,33646000,8,33638000,8,33647000,8,33637000,7,33648000,9,33636000,10,33649000,8,33635000,12,33650000,25,33634000,16,33651000,14,33633000,11,33652000,10
33639000,6,33641000,2,33638000,7,33642000,6,33637000,7,33643000,5,33636000,10,33644000,8,33635000,10,33645000,10,33634000,12,33646000,10,33633000,11,33647000,9,33632000,16,33648000,10,33631000,10,33649000,8,33630000,15,33650000,24
33636000,1,33637000,3,33635000,3,33638000,6,33634000,8,33639000,5,33633000,8,33640000,8,33632000,15,33641000,9,33631000,9,33642000,11,33630000,14,33643000,8,33629000,13,33644000,11,33628000,12,33645000,9,33627000,12,33646000,11
33637000,1,33639000,4,33636000,5,33640000,7,33635000,6,33641000,8,33634000,8,33642000,11,33633000,8,33643000,6,33632000,15,33644000,9,33631000,10,33645000,9,33630000,15,33646000,10,33629000,13,33647000,8,33628000,12,33648000,10
33635000,2,33636000,3,33634000,5,33637000,5,33633000,8,33638000,5,33632000,14,33639000,5,33631000,8,33640000,8,33630000,14,33641000,9,33629000,13,33642000,12,33628000,12,33643000,7,33627000,11,33644000,10,33626000,11,33645000,9
33638000,3,33639000,1,33637000,5,33640000,5,33636000,8,33641000,6,33635000,5,33642000,10,33634000,8,33643000,7,33633000,7,33644000,10,33632000,15,33645000,11,33631000,11,33646000,11,33630000,16,33647000,9,33629000,11,33648000,11
33643000,1,33644000,1,33642000,4,33645000,7,33641000,5,33646000,8,33640000,8,33647000,10,33639000,7,33648000,10,33638000,8,33649000,8,33637000,9,33650000,25,33636000,10,33651000,14,33635000,8,33652000,11,33634000,12,33653000,13
33646000,1,33647000,3,33645000,4,33648000,7,33644000,7,33649000,6,33643000,5,33650000,24,33642000,8,33651000,14,33641000,5,33652000,11,33640000,10,33653000,12,33639000,12,33654000,50,33638000,13,33655000,18,33637000,10,33656000,9
33648000,3,33650000,19,33647000,6,33651000,10,33646000,9,33652000,7,33645000,6,33653000,12,33644000,11,33654000,50,33643000,7,33655000,19,33642000,14,33656000,9,33641000,11,33657000,9,33640000,12,33658000,10,33639000,12,33659000,11
33648000,3,33650000,19,33647000,6,33651000,10,33646000,9,33652000,7,33645000,6,33653000,12,33644000,11,33654000,50,33643000,7,33655000,19,33642000,14,33656000,9,33641000,11,33657000,9,33640000,12,33658000,10,33639000,12,33659000,11
33649000,5,33650000,1,33648000,9,33651000,1,33647000,10,33652000,6,33646000,13,33653000,4,33645000,10,33654000,44,33644000,13,33655000,16,33643000,9,33656000,8,33642000,14,33657000,10,33641000,9,33658000,11,33640000,11,33659000,9
33647000,1,33649000,4,33646000,7,33650000,6,33645000,8,33651000,6,33644000,13,33652000,7,33643000,10,33653000,8,33642000,15,33654000,45,33641000,10,33655000,18,33640000,12,33656000,10,33639000,10,33657000,9,33638000,14,33658000,11
33650000,1,33652000,6,33649000,5,33653000,8,33648000,6,33654000,47,33647000,7,33655000,18,33646000,8,33656000,10,33645000,6,33657000,7,33644000,7,33658000,9,33643000,9,33659000,10,33642000,12,33660000,23,33641000,11,33661000,10
33647000,3,33648000,1,33646000,4,33649000,5,33645000,4,33650000,5,33644000,8,33651000,7,33643000,7,33652000,7,33642000,12,33653000,9,33641000,11,33654000,48,33640000,14,33655000,18,33639000,12,33656000,11,33638000,15,33657000,8
33645000,1,33647000,3,33644000,4,33648000,6,33643000,4,33649000,8,33642000,12,33650000,8,33641000,10,33651000,9,33640000,15,33652000,11,33639000,13,33653000,10,33638000,15,33654000,48,33637000,12,33655000,17,33636000,13,33656000,11
33647000,2,33648000,2,33646000,5,33649000,6,33645000,6,33650000,9,33644000,9,33651000,9,33643000,7,33652000,9,33642000,10,33653000,10,33641000,9,33654000,48,33640000,16,33655000,17,33639000,13,33656000,10,33638000,15,33657000,7
33647000,4,33649000,4,33646000,5,33650000,6,33645000,6,33651000,8,33644000,9,33652000,9,33643000,7,33653000,11,33642000,12,33654000,47,33641000,10,33655000,17,33640000,16,33656000,10,33639000,13,33657000,7,33638000,15,33658000,9
33642000,3,33643000,2,33641000,4,33644000,4,33640000,13,33645000,4,33639000,11,33646000,8,33638000,13,33647000,6,33637000,13,33648000,8,33636000,14,33649000,11,33635000,12,33650000,11,33634000,12,33651000,11,33633000,12,33652000,11
33639000,1,33640000,1,33638000,6,33641000,5,33637000,9,33642000,5,33636000,15,33643000,7,33635000,15,33644000,6,33634000,15,33645000,6,33633000,9,33646000,10,33632000,16,33647000,9,33631000,10,33648000,10,33630000,16,33649000,10
33641000,1,33642000,1,33640000,5,33643000,4,33639000,7,33644000,5,33638000,6,33645000,7,33637000,5,33646000,11,33636000,9,33647000,9,33635000,11,33648000,11,33634000,15,33649000,10,33633000,10,33650000,11,33632000,17,33651000,11
33636000,3,33637000,2,33635000,9,33638000,6,33634000,14,33639000,6,33633000,8,33640000,7,33632000,13,33641000,6,33631000,10,33642000,9,33630000,16,33643000,10,33629000,12,33644000,12,33628000,12,33645000,7,33627000,14,33646000,12
33639000,1,33640000,1,33638000,4,33641000,6,33637000,6,33642000,6,33636000,8,33643000,9,33635000,7,33644000,8,33634000,8,33645000,10,33633000,8,33646000,12,33632000,15,33647000,11,33631000,9,33648000,11,33630000,15,33649000,10
33636000,1,33638000,6,33635000,6,33639000,6,33634000,7,33640000,7,33633000,6,33641000,7,33632000,15,33642000,8,33631000,11,33643000,9,33630000,16,33644000,11,33629000,11,33645000,10,33628000,11,33646000,12,33627000,10,33647000,10
33633000,3,33635000,2,33632000,10,33636000,7,33631000,7,33637000,5,33630000,13,33638000,6,33629000,8,33639000,7,33628000,12,33640000,9,33627000,11,33641000,10,33626000,16,33642000,13,33625000,10,33643000,11,33624000,14,33644000,13
33636000,1,33637000,4,33635000,2,33638000,8,33634000,9,33639000,8,33633000,6,33640000,9,33632000,7,33641000,9,33631000,7,33642000,12,33630000,11,33643000,10,33629000,11,33644000,13,33628000,12,33645000,9,33627000,11,33646000,12
33636000,4,33638000,1,33635000,5,33639000,3,33634000,8,33640000,6,33633000,5,33641000,7,33632000,12,33642000,13,33631000,12,33643000,9,33630000,16,33644000,12,33629000,15,33645000,10,33628000,12,33646000,12,33627000,10,33647000,9
33636000,1,33637000,2,33635000,4,33638000,5,33634000,7,33639000,5,33633000,6,33640000,6,33632000,11,33641000,7,33631000,12,33642000,12,33630000,16,33643000,8,33629000,14,33644000,13,33628000,11,33645000,10,33627000,10,33646000,13
33638000,2,33639000,1,33637000,6,33640000,3,33636000,5,33641000,7,33635000,7,33642000,8,33634000,7,33643000,9,33633000,6,33644000,12,33632000,12,33645000,10,33631000,14,33646000,13,33630000,14,33647000,9,33629000,14,33648000,11
33641000,2,33642000,1,33640000,4,33643000,3,33639000,3,33644000,9,33638000,6,33645000,8,33637000,5,33646000,11,33636000,9,33647000,10,33635000,13,33648000,12,33634000,12,33649000,7,33633000,9,33650000,9,33632000,14,33651000,13
33645000,1,33646000,1,33644000,4,33647000,5,33643000,5,33648000,8,33642000,4,33649000,7,33641000,5,33650000,7,33640000,6,33651000,12,33639000,8,33652000,12,33638000,11,33653000,8,33637000,9,33654000,48,33636000,11,33655000,23
33649000,3,33650000,1,33648000,1,33651000,7,33647000,3,33652000,9,33646000,6,33653000,6,33645000,5,33654000,47,33644000,6,33655000,23,33643000,6,33656000,9,33642000,10,33657000,7,33641000,12,33658000,11,33640000,10,33659000,10
33650000,6,33652000,5,33649000,3,33653000,5,33648000,6,33654000,45,33647000,6,33655000,23,33646000,8,33656000,7,33645000,6,33657000,8,33644000,9,33658000,10,33643000,8,33659000,10,33642000,10,33660000,23,33641000,10,33661000,18
33654000,3,33655000,18,33653000,4,33656000,4,33652000,4,33657000,5,33651000,4,33658000,8,33650000,5,33659000,11,33649000,5,33660000,25,33648000,7,33661000,16,33647000,9,33662000,12,33646000,12,33663000,12,33645000,8,33664000,16
33653000,6,33656000,5,33652000,7,33657000,6,33651000,6,33658000,4,33650000,7,33659000,7,33649000,7,33660000,23,33648000,9,33661000,16,33647000,8,33662000,14,33646000,10,33663000,12,33645000,8,33664000,13,33644000,8,33665000,17
33654000,2,33655000,5,33653000,6,33656000,4,33652000,7,33657000,6,33651000,7,33658000,9,33650000,8,33659000,10,33649000,8,33660000,23,33648000,8,33661000,17,33647000,8,33662000,12,33646000,11,33663000,13,33645000,9,33664000,12
33652000,4,33654000,1,33651000,7,33655000,6,33650000,8,33656000,7,33649000,7,33657000,7,33648000,7,33658000,10,33647000,8,33659000,10,33646000,11,33660000,24,33645000,9,33661000,17,33644000,8,33662000,13,33643000,7,33663000,13
33649000,2,33651000,6,33648000,3,33652000,5,33647000,6,33653000,8,33646000,8,33654000,7,33645000,9,33655000,6,33644000,8,33656000,10,33643000,8,33657000,11,33642000,11,33658000,14,33641000,8,33659000,13,33640000,11,33660000,23
33646000,1,33647000,1,33645000,4,33648000,5,33644000,5,33649000,5,33643000,6,33650000,9,33642000,11,33651000,7,33641000,8,33652000,7,33640000,12,33653000,12,33639000,8,33654000,11,33638000,8,33655000,12,33637000,8,33656000,12
33644000,5,33647000,6,33643000,5,33648000,7,33642000,7,33649000,8,33641000,6,33650000,10,33640000,10,33651000,9,33639000,10,33652000,11,33638000,9,33653000,11,33637000,8,33654000,12,33636000,10,33655000,9,33635000,6,33656000,11
33647000,1,33648000,1,33646000,4,33649000,7,33645000,6,33650000,10,33644000,6,33651000,8,33643000,2,33652000,9,33642000,8,33653000,12,33641000,9,33654000,13,33640000,11,33655000,9,33639000,11,33656000,12,33638000,9,33657000,15
33649000,1,33650000,2,33648000,4,33651000,7,33647000,5,33652000,5,33646000,8,33653000,10,33645000,5,33654000,10,33644000,6,33655000,9,33643000,8,33656000,11,33642000,8,33657000,11,33641000,8,33658000,14,33640000,12,33659000,11
33652000,1,33653000,2,33651000,3,33654000,7,33650000,5,33655000,6,33649000,5,33656000,8,33648000,5,33657000,10,33647000,5,33658000,14,33646000,9,33659000,10,33645000,6,33660000,26,33644000,7,33661000,16,33643000,6,33662000,9
33650000,1,33652000,5,33649000,5,33653000,9,33648000,5,33654000,9,33647000,6,33655000,6,33646000,13,33656000,8,33645000,9,33657000,10,33644000,7,33658000,14,33643000,6,33659000,10,33642000,8,33660000,26,33641000,9,33661000,16
33647000,3,33650000,9,33646000,7,33651000,7,33645000,7,33652000,8,33644000,8,33653000,9,33643000,8,33654000,7,33642000,8,33655000,8,33641000,10,33656000,9,33640000,10,33657000,10,33639000,8,33658000,13,33638000,9,33659000,10
33650000,2,33651000,1,33649000,4,33652000,5,33648000,5,33653000,5,33647000,8,33654000,7,33646000,11,33655000,5,33645000,11,33656000,10,33644000,11,33657000,12,33643000,7,33658000,15,33642000,8,33659000,10,33641000,9,33660000,26
33653000,3,33654000,1,33652000,4,33655000,13,33651000,6,33656000,8,33650000,8,33657000,10,33649000,6,33658000,14,33648000,9,33659000,12,33647000,10,33660000,27,33646000,13,33661000,16,33645000,18,33662000,9,33644000,12,33663000,11
33650000,3,33652000,1,33649000,5,33653000,5,33648000,7,33654000,6,33647000,10,33655000,7,33646000,11,33656000,6,33645000,20,33657000,10,33644000,12,33658000,15,33643000,7,33659000,12,33642000,10,33660000,27,33641000,9,33661000,17
33654000,5,33655000,1,33653000,3,33656000,2,33652000,5,33657000,7,33651000,8,33658000,11,33650000,9,33659000,11,33649000,9,33660000,26,33648000,11,33661000,18,33647000,11,33662000,10,33646000,12,33663000,10,33645000,19,33664000,11
33656000,3,33658000,6,33655000,7,33659000,8,33654000,7,33660000,24,33653000,3,33661000,16,33652000,6,33662000,7,33651000,10,33663000,10,33650000,10,33664000,13,33649000,11,33665000,13,33648000,11,33666000,16,33647000,11,33667000,10
33659000,4,33661000,9,33658000,8,33662000,4,33657000,11,33663000,6,33656000,12,33664000,11,33655000,9,33665000,12,33654000,8,33666000,15,33653000,9,33667000,9,33652000,9,33668000,12,33651000,11,33669000,8,33650000,9,33670000,28
33656000,4,33658000,2,33655000,9,33659000,6,33654000,12,33660000,9,33653000,11,33661000,6,33652000,9,33662000,8,33651000,11,33663000,8,33650000,10,33664000,13,33649000,9,33665000,14,33648000,11,33666000,16,33647000,11,33667000,9
33655000,4,33656000,2,33654000,9,33657000,4,33653000,11,33658000,6,33652000,7,33659000,5,33651000,12,33660000,10,33650000,11,33661000,8,33649000,10,33662000,10,33648000,11,33663000,11,33647000,11,33664000,14,33646000,13,33665000,14
33652000,3,33653000,1,33651000,10,33654000,5,33650000,9,33655000,8,33649000,8,33656000,8,33648000,12,33657000,5,33647000,13,33658000,7,33646000,13,33659000,9,33645000,19,33660000,13,33644000,12,33661000,10,33643000,8,33662000,11
33656000,1,33658000,4,33655000,4,33659000,6,33654000,5,33660000,13,33653000,6,33661000,9,33652000,7,33662000,9,33651000,8,33663000,14,33650000,12,33664000,12,33649000,11,33665000,14,33648000,16,33666000,16,33647000,13,33667000,9
33657000,1,33659000,2,33656000,18,33660000,10,33655000,4,33661000,7,33654000,7,33662000,7,33653000,6,33663000,8,33652000,8,33664000,13,33651000,11,33665000,15,33650000,15,33666000,17,33649000,11,33667000,8,33648000,14,33668000,11
33656000,10,33658000,4,33655000,6,33659000,5,33654000,9,33660000,8,33653000,7,33661000,6,33652000,11,33662000,8,33651000,12,33663000,11,33650000,17,33664000,16,33649000,11,33665000,15,33648000,14,33666000,18,33647000,12,33667000,8
33657000,4,33659000,1,33656000,5,33660000,7,33655000,12,33661000,5,33654000,10,33662000,7,33653000,8,33663000,8,33652000,11,33664000,13,33651000,13,33665000,16,33650000,18,33666000,18,33649000,11,33667000,8,33648000,16,33668000,12
33658000,4,33660000,4,33657000,5,33661000,6,33656000,6,33662000,8,33655000,12,33663000,8,33654000,11,33664000,10,33653000,10,33665000,16,33652000,12,33666000,17,33651000,11,33667000,9,33650000,17,33668000,15,33649000,10,33669000,9
33651000,2,33652000,2,33650000,12,33653000,2,33649000,8,33654000,5,33648000,13,33655000,7,33647000,15,33656000,8,33646000,14,33657000,5,33645000,20,33658000,9,33644000,13,33659000,13,33643000,8,33660000,16,33642000,14,33661000,12
33653000,3,33655000,2,33652000,7,33656000,6,33651000,8,33657000,3,33650000,14,33658000,10,33649000,7,33659000,10,33648000,13,33660000,15,33647000,15,33661000,12,33646000,15,33662000,14,33645000,20,33663000,13,33644000,14,33664000,12
33651000,3,33653000,3,33650000,13,33654000,7,33649000,7,33655000,7,33648000,13,33656000,9,33647000,14,33657000,7,33646000,14,33658000,11,33645000,20,33659000,11,33644000,14,33660000,15,33643000,8,33661000,13,33642000,14,33662000,15
33651000,5,33653000,6,33650000,11,33654000,9,33649000,7,33655000,8,33648000,14,33656000,9,33647000,14,33657000,8,33646000,14,33658000,10,33645000,20,33659000,11,33644000,14,33660000,17,33643000,8,33661000,13,33642000,14,33662000,12
33652000,1,33653000,2,33651000,8,33654000,4,33650000,13,33655000,5,33649000,7,33656000,4,33648000,13,33657000,8,33647000,14,33658000,9,33646000,13,33659000,16,33645000,20,33660000,15,33644000,13,33661000,12,33643000,8,33662000,14
33653000,2,33654000,4,33652000,6,33655000,4,33651000,6,33656000,7,33650000,6,33657000,8,33649000,6,33658000,11,33648000,11,33659000,16,33647000,14,33660000,18,33646000,16,33661000,13,33645000,18,33662000,14,33644000,14,33663000,14
33654000,3,33656000,1,33653000,6,33657000,5,33652000,8,33658000,10,33651000,9,33659000,11,33650000,8,33660000,14,33649000,10,33661000,14,33648000,14,33662000,16,33647000,13,33663000,15,33646000,16,33664000,12,33645000,19,33665000,15
33654000,1,33655000,10,33653000,6,33656000,4,33652000,10,33657000,7,33651000,9,33658000,9,33650000,10,33659000,11,33649000,9,33660000,13,33648000,13,33661000,12,33647000,12,33662000,15,33646000,14,33663000,13,33645000,19,33664000,14
33655000,6,33657000,2,33654000,9,33658000,3,33653000,10,33659000,11,33652000,10,33660000,10,33651000,10,33661000,11,33650000,14,33662000,15,33649000,9,33663000,12,33648000,14,33664000,13,33647000,13,33665000,15,33646000,14,33666000,19
33654000,2,33655000,3,33653000,5,33656000,5,33652000,11,33657000,2,33651000,9,33658000,5,33650000,10,33659000,10,33649000,9,33660000,12,33648000,14,33661000,12,33647000,13,33662000,16,33646000,14,33663000,12,33645000,19,33664000,13
33656000,1,33657000,1,33655000,6,33658000,4,33654000,7,33659000,10,33653000,7,33660000,11,33652000,10,33661000,11,33651000,12,33662000,16,33650000,16,33663000,12,33649000,9,33664000,12,33648000,14,33665000,15,33647000,12,33666000,19
33658000,1,33660000,3,33657000,5,33661000,7,33656000,8,33662000,12,33655000,5,33663000,9,33654000,8,33664000,11,33653000,11,33665000,20,33652000,14,33666000,18,33651000,16,33667000,8,33650000,19,33668000,13,33649000,9,33669000,10
33657000,1,33659000,5,33656000,7,33660000,6,33655000,4,33661000,8,33654000,7,33662000,12,33653000,10,33663000,9,33652000,13,33664000,13,33651000,16,33665000,19,33650000,19,33666000,18,33649000,9,33667000,8,33648000,16,33668000,13
33658000,2,33660000,6,33657000,6,33661000,7,33656000,8,33662000,12,33655000,6,33663000,9,33654000,9,33664000,12,33653000,13,33665000,19,33652000,13,33666000,18,33651000,16,33667000,8,33650000,19,33668000,13,33649000,9,33669000,10
33656000,1,33657000,1,33655000,4,33658000,5,33654000,8,33659000,8,33653000,9,33660000,11,33652000,13,33661000,8,33651000,14,33662000,10,33650000,20,33663000,12,33649000,10,33664000,15,33648000,16,33665000,18,33647000,12,33666000,20
33654000,1,33655000,2,33653000,6,33656000,3,33652000,11,33657000,5,33651000,14,33658000,6,33650000,18,33659000,9,33649000,10,33660000,14,33648000,16,33661000,9,33647000,12,33662000,12,33646000,14,33663000,13,33645000,21,33664000,16
33651000,8,33652000,1,33650000,16,33653000,6,33649000,7,33654000,4,33648000,13,33655000,5,33647000,11,33656000,12,33646000,12,33657000,11,33645000,20,33658000,11,33644000,13,33659000,16,33643000,9,33660000,22,33642000,12,33661000,14
33649000,1,33650000,3,33648000,5,33651000,5,33647000,12,33652000,7,33646000,12,33653000,6,33645000,19,33654000,5,33644000,14,33655000,9,33643000,11,33656000,18,33642000,10,33657000,13,33641000,10,33658000,12,33640000,15,33659000,15
33648000,4,33650000,1,33647000,8,33651000,10,33646000,6,33652000,10,33645000,18,33653000,16,33644000,13,33654000,10,33643000,11,33655000,10,33642000,12,33656000,13,33641000,11,33657000,11,33640000,16,33658000,12,33639000,10,33659000,14
33646000,5,33647000,1,33645000,15,33648000,2,33644000,12,33649000,6,33643000,8,33650000,9,33642000,12,33651000,9,33641000,13,33652000,9,33640000,17,33653000,21,33639000,9,33654000,13,33638000,8,33655000,12,33637000,8,33656000,16
33648000,3,33650000,1,33647000,6,33651000,10,33646000,4,33652000,9,33645000,14,33653000,19,33644000,13,33654000,12,33643000,11,33655000,12,33642000,13,33656000,16,33641000,13,33657000,14,33640000,17,33658000,13,33639000,9,33659000,12
33652000,1,33653000,9,33651000,7,33654000,8,33650000,6,33655000,8,33649000,4,33656000,13,33648000,8,33657000,12,33647000,8,33658000,13,33646000,6,33659000,13,33645000,18,33660000,23,33644000,16,33661000,12,33643000,11,33662000,14
33650000,5,33652000,3,33649000,6,33653000,5,33648000,9,33654000,10,33647000,11,33655000,8,33646000,11,33656000,10,33645000,19,33657000,14,33644000,15,33658000,13,33643000,10,33659000,12,33642000,12,33660000,22,33641000,11,33661000,12
33653000,3,33654000,6,33652000,5,33655000,6,33651000,6,33656000,10,33650000,6,33657000,13,33649000,6,33658000,12,33648000,11,33659000,12,33647000,15,33660000,21,33646000,12,33661000,12,33645000,19,33662000,13,33644000,15,33663000,14
33655000,2,33656000,1,33654000,8,33657000,11,33653000,8,33658000,10,33652000,7,33659000,10,33651000,6,33660000,20,33650000,11,33661000,13,33649000,9,33662000,14,33648000,13,33663000,14,33647000,13,33664000,13,33646000,12,33665000,14
33656000,6,33659000,7,33655000,6,33660000,18,33654000,7,33661000,10,33653000,7,33662000,13,33652000,7,33663000,12,33651000,10,33664000,14,33650000,14,33665000,15,33649000,9,33666000,18,33648000,13,33667000,8,33647000,13,33668000,13
33653000,6,33656000,5,33652000,7,33657000,6,33651000,9,33658000,6,33650000,14,33659000,7,33649000,11,33660000,12,33648000,12,33661000,12,33647000,12,33662000,15,33646000,11,33663000,14,33645000,17,33664000,15,33644000,12,33665000,21
33658000,1,33659000,1,33657000,5,33660000,10,33656000,6,33661000,9,33655000,5,33662000,12,33654000,6,33663000,12,33653000,10,33664000,13,33652000,9,33665000,21,33651000,13,33666000,18,33650000,16,33667000,9,33649000,10,33668000,14
33656000,2,33658000,2,33655000,4,33659000,5,33654000,8,33660000,8,33653000,8,33661000,4,33652000,9,33662000,8,33651000,13,33663000,14,33650000,18,33664000,15,33649000,11,33665000,20,33648000,13,33666000,20,33647000,11,33667000,9
33653000,2,33654000,1,33652000,4,33655000,6,33651000,9,33656000,5,33650000,17,33657000,5,33649000,8,33658000,6,33648000,13,33659000,9,33647000,12,33660000,12,33646000,11,33661000,8,33645000,17,33662000,12,33644000,15,33663000,16
33655000,2,33656000,3,33654000,4,33657000,4,33653000,6,33658000,5,33652000,7,33659000,7,33651000,5,33660000,11,33650000,16,33661000,9,33649000,10,33662000,12,33648000,14,33663000,15,33647000,12,33664000,14,33646000,12,33665000,21
33652000,3,33654000,6,33651000,6,33655000,6,33650000,15,33656000,7,33649000,7,33657000,8,33648000,12,33658000,6,33647000,12,33659000,12,33646000,12,33660000,15,33645000,17,33661000,9,33644000,13,33662000,12,33643000,11,33663000,17
33649000,1,33650000,4,33648000,6,33651000,5,33647000,9,33652000,5,33646000,10,33653000,6,33645000,15,33654000,7,33644000,11,33655000,8,33643000,11,33656000,14,33642000,13,33657000,12,33641000,10,33658000,11,33640000,16,33659000,10
33649000,4,33651000,1,33648000,8,33652000,5,33647000,7,33653000,7,33646000,8,33654000,8,33645000,14,33655000,9,33644000,13,33656000,11,33643000,12,33657000,12,33642000,13,33658000,10,33641000,11,33659000,10,33640000,16,33660000,17
33655000,1,33656000,2,33654000,3,33657000,7,33653000,6,33658000,6,33652000,5,33659000,8,33651000,6,33660000,17,33650000,6,33661000,9,33649000,10,33662000,12,33648000,11,33663000,16,33647000,10,33664000,14,33646000,13,33665000,21
33652000,3,33653000,2,33651000,5,33654000,6,33650000,4,33655000,4,33649000,8,33656000,8,33648000,9,33657000,8,33647000,11,33658000,7,33646000,13,33659000,11,33645000,19,33660000,16,33644000,13,33661000,8,33643000,10,33662000,13
33655000,1,33656000,3,33654000,3,33657000,7,33653000,7,33658000,6,33652000,7,33659000,7,33651000,9,33660000,13,33650000,8,33661000,9,33649000,10,33662000,13,33648000,10,33663000,16,33647000,10,33664000,14,33646000,12,33665000,21
33651000,7,33652000,1,33650000,4,33653000,6,33649000,7,33654000,5,33648000,10,33655000,6,33647000,11,33656000,8,33646000,12,33657000,10,33645000,14,33658000,11,33644000,13,33659000,10,33643000,10,33660000,15,33642000,13,33661000,7
33648000,1,33650000,9,33647000,8,33651000,7,33646000,7,33652000,6,33645000,10,33653000,6,33644000,12,33654000,8,33643000,12,33655000,8,33642000,14,33656000,13,33641000,10,33657000,12,33640000,17,33658000,12,33639000,12,33659000,10
33645000,2,33646000,2,33644000,3,33647000,6,33643000,7,33648000,6,33642000,12,33649000,7,33641000,11,33650000,13,33640000,18,33651000,10,33639000,10,33652000,10,33638000,8,33653000,10,33637000,8,33654000,12,33636000,12,33655000,9
33649000,1,33650000,4,33648000,6,33651000,6,33647000,6,33652000,6,33646000,7,33653000,7,33645000,5,33654000,9,33644000,6,33655000,9,33643000,9,33656000,13,33642000,14,33657000,12,33641000,14,33658000,12,33640000,19,33659000,10
33652000,3,33654000,1,33651000,6,33655000,6,33650000,7,33656000,8,33649000,6,33657000,10,33648000,9,33658000,8,33647000,8,33659000,11,33646000,8,33660000,16,33645000,10,33661000,7,33644000,10,33662000,12,33643000,11,33663000,17
33656000,1,33657000,1,33655000,4,33658000,3,33654000,6,33659000,7,33653000,6,33660000,12,33652000,6,33661000,7,33651000,8,33662000,12,33650000,12,33663000,16,33649000,9,33664000,13,33648000,14,33665000,21,33647000,11,33666000,19
33658000,5,33660000,4,33657000,5,33661000,4,33656000,6,33662000,9,33655000,4,33663000,12,33654000,8,33664000,12,33653000,10,33665000,22,33652000,10,33666000,19,33651000,10,33667000,9,33650000,12,33668000,17,33649000,10,33669000,10
33658000,2,33660000,3,33657000,7,33661000,3,33656000,5,33662000,9,33655000,5,33663000,12,33654000,9,33664000,12,33653000,11,33665000,21,33652000,10,33666000,19,33651000,10,33667000,9,33650000,12,33668000,18,33649000,10,33669000,10
33656000,2,33658000,3,33655000,6,33659000,6,33654000,7,33660000,5,33653000,7,33661000,5,33652000,8,33662000,11,33651000,10,33663000,15,33650000,12,33664000,14,33649000,10,33665000,22,33648000,13,33666000,20,33647000,10,33667000,9
33657000,1,33659000,4,33656000,5,33660000,6,33655000,5,33661000,4,33654000,8,33662000,10,33653000,7,33663000,14,33652000,8,33664000,14,33651000,11,33665000,21,33650000,12,33666000,19,33649000,10,33667000,9,33648000,14,33668000,18
33656000,1,33658000,3,33655000,5,33659000,7,33654000,7,33660000,7,33653000,7,33661000,5,33652000,9,33662000,11,33651000,10,33663000,16,33650000,12,33664000,14,33649000,10,33665000,21,33648000,14,33666000,19,33647000,10,33667000,9
33656000,2,33657000,2,33655000,4,33658000,3,33654000,4,33659000,6,33653000,8,33660000,8,33652000,10,33661000,5,33651000,6,33662000,13,33650000,9,33663000,15,33649000,10,33664000,13,33648000,13,33665000,20,33647000,11,33666000,27
33659000,1,33660000,3,33658000,4,33661000,3,33657000,5,33662000,10,33656000,4,33663000,13,33655000,7,33664000,9,33654000,10,33665000,22,33653000,9,33666000,29,33652000,9,33667000,9,33651000,8,33668000,17,33650000,12,33669000,11
33655000,1,33656000,1,33654000,5,33657000,4,33653000,6,33658000,4,33652000,9,33659000,7,33651000,6,33660000,9,33650000,11,33661000,7,33649000,10,33662000,11,33648000,12,33663000,15,33647000,11,33664000,12,33646000,12,33665000,22
33653000,1,33654000,1,33652000,6,33655000,7,33651000,5,33656000,5,33650000,9,33657000,6,33649000,7,33658000,5,33648000,12,33659000,9,33647000,12,33660000,14,33646000,13,33661000,9,33645000,13,33662000,12,33644000,12,33663000,14
33654000,2,33656000,4,33653000,7,33657000,5,33652000,4,33658000,5,33651000,6,33659000,8,33650000,6,33660000,11,33649000,7,33661000,11,33648000,13,33662000,13,33647000,14,33663000,14,33646000,14,33664000,11,33645000,12,33665000,21
33658000,2,33660000,4,33657000,4,33661000,6,33656000,5,33662000,7,33655000,5,33663000,12,33654000,9,33664000,8,33653000,9,33665000,24,33652000,9,33666000,28,33651000,8,33667000,9,33650000,9,33668000,17,33649000,9,33669000,11
33656000,2,33657000,1,33655000,5,33658000,6,33654000,7,33659000,6,33653000,9,33660000,11,33652000,6,33661000,6,33651000,9,33662000,7,33650000,9,33663000,15,33649000,9,33664000,12,33648000,12,33665000,20,33647000,12,33666000,27
33657000,5,33660000,9,33656000,4,33661000,6,33655000,6,33662000,6,33654000,8,33663000,13,33653000,9,33664000,10,33652000,8,33665000,20,33651000,8,33666000,27,33650000,9,33667000,9,33649000,10,33668000,17,33648000,12,33669000,10
33656000,4,33657000,3,33655000,9,33658000,4,33654000,10,33659000,6,33653000,11,33660000,8,33652000,10,33661000,5,33651000,9,33662000,5,33650000,7,33663000,12,33649000,9,33664000,12,33648000,13,33665000,20,33647000,12,33666000,26
33659000,3,33660000,6,33658000,5,33661000,3,33657000,8,33662000,8,33656000,7,33663000,11,33655000,9,33664000,10,33654000,11,33665000,20,33653000,11,33666000,27,33652000,10,33667000,11,33651000,12,33668000,17,33650000,8,33669000,10
33657000,2,33658000,6,33656000,4,33659000,5,33655000,9,33660000,9,33654000,10,33661000,7,33653000,11,33662000,8,33652000,9,33663000,13,33651000,11,33664000,12,33650000,7,33665000,19,33649000,9,33666000,27,33648000,13,33667000,12
33651000,2,33652000,2,33650000,3,33653000,5,33649000,7,33654000,7,33648000,9,33655000,6,33647000,13,33656000,10,33646000,14,33657000,12,33645000,13,33658000,11,33644000,10,33659000,12,33643000,11,33660000,13,33642000,14,33661000,9
33654000,2,33655000,1,33653000,7,33656000,6,33652000,6,33657000,7,33651000,6,33658000,7,33650000,9,33659000,11,33649000,5,33660000,15,33648000,12,33661000,10,33647000,15,33662000,13,33646000,15,33663000,12,33645000,14,33664000,12
33657000,2,33658000,1,33656000,5,33659000,4,33655000,5,33660000,15,33654000,8,33661000,18,33653000,7,33662000,10,33652000,6,33663000,12,33651000,15,33664000,12,33650000,16,33665000,13,33649000,8,33666000,18,33648000,12,33667000,14
33655000,1,33656000,4,33654000,8,33657000,4,33653000,7,33658000,6,33652000,9,33659000,6,33651000,12,33660000,10,33650000,11,33661000,14,33649000,10,33662000,8,33648000,13,33663000,13,33647000,12,33664000,13,33646000,13,33665000,14
33656000,5,33658000,2,33655000,10,33659000,5,33654000,10,33660000,11,33653000,7,33661000,10,33652000,4,33662000,10,33651000,12,33663000,13,33650000,15,33664000,13,33649000,10,33665000,13,33648000,16,33666000,20,33647000,12,33667000,12
33655000,5,33656000,3,33654000,5,33657000,6,33653000,8,33658000,6,33652000,8,33659000,15,33651000,10,33660000,9,33650000,18,33661000,5,33649000,10,33662000,13,33648000,14,33663000,13,33647000,12,33664000,13,33646000,13,33665000,13
33652000,1,33653000,3,33651000,7,33654000,5,33650000,15,33655000,5,33649000,8,33656000,7,33648000,15,33657000,7,33647000,12,33658000,9,33646000,13,33659000,19,33645000,12,33660000,11,33644000,14,33661000,9,33643000,12,33662000,12
33649000,2,33651000,5,33648000,8,33652000,5,33647000,10,33653000,8,33646000,12,33654000,8,33645000,12,33655000,5,33644000,14,33656000,11,33643000,12,33657000,10,33642000,15,33658000,12,33641000,28,33659000,20,33640000,17,33660000,12
33646000,1,33647000,3,33645000,5,33648000,7,33644000,13,33649000,5,33643000,10,33650000,7,33642000,12,33651000,10,33641000,29,33652000,9,33640000,19,33653000,11,33639000,21,33654000,14,33638000,8,33655000,10,33637000,9,33656000,11
33643000,1,33644000,1,33642000,7,33645000,4,33641000,23,33646000,6,33640000,15,33647000,4,33639000,24,33648000,9,33638000,9,33649000,9,33637000,10,33650000,13,33636000,16,33651000,13,33635000,7,33652000,13,33634000,11,33653000,14
33640000,6,33643000,5,33639000,19,33644000,6,33638000,8,33645000,6,33637000,11,33646000,9,33636000,18,33647000,9,33635000,7,33648000,12,33634000,12,33649000,10,33633000,9,33650000,14,33632000,24,33651000,13,33631000,9,33652000,12
33644000,2,33645000,1,33643000,4,33646000,5,33642000,8,33647000,5,33641000,8,33648000,9,33640000,12,33649000,9,33639000,20,33650000,13,33638000,9,33651000,15,33637000,13,33652000,13,33636000,20,33653000,13,33635000,7,33654000,15
33641000,8,33643000,2,33640000,9,33644000,4,33639000,19,33645000,4,33638000,10,33646000,6,33637000,11,33647000,5,33636000,19,33648000,12,33635000,7,33649000,10,33634000,11,33650000,16,33633000,9,33651000,15,33632000,25,33652000,13
33642000,7,33644000,1,33641000,9,33645000,4,33640000,11,33646000,6,33639000,19,33647000,5,33638000,9,33648000,12,33637000,12,33649000,10,33636000,19,33650000,17,33635000,7,33651000,14,33634000,11,33652000,13,33633000,9,33653000,13
33642000,5,33644000,1,33641000,10,33645000,4,33640000,12,33646000,6,33639000,20,33647000,5,33638000,9,33648000,11,33637000,13,33649000,10,33636000,20,33650000,17,33635000,7,33651000,14,33634000,11,33652000,14,33633000,9,33653000,13
33641000,3,33643000,4,33640000,9,33644000,6,33639000,21,33645000,5,33638000,9,33646000,8,33637000,10,33647000,5,33636000,19,33648000,12,33635000,7,33649000,11,33634000,11,33650000,18,33633000,9,33651000,14,33632000,25,33652000,14
33641000,6,33643000,2,33640000,9,33644000,5,33639000,20,33645000,8,33638000,11,33646000,10,33637000,12,33647000,7,33636000,20,33648000,13,33635000,7,33649000,10,33634000,11,33650000,16,33633000,9,33651000,15,33632000,25,33652000,14
33642000,2,33644000,3,33641000,6,33645000,7,33640000,8,33646000,9,33639000,20,33647000,7,33638000,9,33648000,12,33637000,10,33649000,10,33636000,20,33650000,17,33635000,7,33651000,15,33634000,12,33652000,14,33633000,9,33653000,14
33641000,2,33642000,3,33640000,5,33643000,4,33639000,19,33644000,5,33638000,8,33645000,4,33637000,10,33646000,9,33636000,19,33647000,8,33635000,7,33648000,13,33634000,12,33649000,12,33633000,9,33650000,17,33632000,25,33651000,14
33638000,4,33640000,3,33637000,5,33641000,9,33636000,15,33642000,10,33635000,7,33643000,7,33634000,13,33644000,10,33633000,11,33645000,9,33632000,26,33646000,13,33631000,8,33647000,11,33630000,13,33648000,16,33629000,13,33649000,10
33636000,1,33637000,2,33635000,7,33638000,6,33634000,10,33639000,5,33633000,9,33640000,8,33632000,25,33641000,8,33631000,9,33642000,12,33630000,14,33643000,11,33629000,14,33644000,14,33628000,13,33645000,12,33627000,16,33646000,12
33632000,15,33633000,4,33631000,1,33634000,7,33630000,10,33635000,5,33629000,12,33636000,6,33628000,14,33637000,14,33627000,14,33638000,12,33626000,11,33639000,10,33625000,11,33640000,14,33624000,17,33641000,12,33623000,10,33642000,17
33630000,2,33631000,3,33629000,5,33632000,6,33628000,12,33633000,9,33627000,14,33634000,12,33626000,11,33635000,8,33625000,11,33636000,11,33624000,16,33637000,17,33623000,10,33638000,15,33622000,10,33639000,10,33621000,12,33640000,13
33629000,7,33632000,7,33628000,8,33633000,10,33627000,8,33634000,12,33626000,10,33635000,9,33625000,12,33636000,10,33624000,16,33637000,16,33623000,12,33638000,15,33622000,12,33639000,11,33621000,9,33640000,13,33620000,9,33641000,11
33633000,5,33635000,6,33632000,4,33636000,8,33631000,7,33637000,13,33630000,9,33638000,12,33629000,8,33639000,9,33628000,12,33640000,13,33627000,11,33641000,12,33626000,13,33642000,16,33625000,13,33643000,9,33624000,16,33644000,12
33636000,6,33638000,1,33635000,6,33639000,5,33634000,10,33640000,11,33633000,12,33641000,12,33632000,8,33642000,12,33631000,11,33643000,10,33630000,13,33644000,11,33629000,11,33645000,11,33628000,14,33646000,13,33627000,11,33647000,12
33639000,4,33640000,1,33638000,5,33641000,8,33637000,7,33642000,14,33636000,7,33643000,9,33635000,5,33644000,9,33634000,9,33645000,12,33633000,15,33646000,13,33632000,10,33647000,11,33631000,12,33648000,18,33630000,12,33649000,11
33642000,5,33644000,3,33641000,6,33645000,6,33640000,8,33646000,8,33639000,6,33647000,10,33638000,7,33648000,16,33637000,11,33649000,11,33636000,12,33650000,14,33635000,10,33651000,13,33634000,13,33652000,13,33633000,13,33653000,13
33646000,1,33647000,2,33645000,4,33648000,13,33644000,8,33649000,10,33643000,6,33650000,12,33642000,5,33651000,11,33641000,8,33652000,13,33640000,10,33653000,15,33639000,9,33654000,16,33638000,11,33655000,8,33637000,11,33656000,9
33648000,3,33650000,6,33647000,4,33651000,8,33646000,13,33652000,12,33645000,6,33653000,12,33644000,7,33654000,14,33643000,8,33655000,9,33642000,10,33656000,10,33641000,10,33657000,9,33640000,12,33658000,13,33639000,10,33659000,11
33652000,3,33653000,4,33651000,5,33654000,7,33650000,7,33655000,9,33649000,7,33656000,10,33648000,8,33657000,12,33647000,8,33658000,15,33646000,13,33659000,11,33645000,8,33660000,22,33644000,10,33661000,12,33643000,10,33662000,10
33648000,1,33649000,1,33647000,5,33650000,7,33646000,11,33651000,8,33645000,6,33652000,9,33644000,8,33653000,13,33643000,10,33654000,14,33642000,12,33655000,11,33641000,8,33656000,12,33640000,12,33657000,11,33639000,13,33658000,16
33651000,3,33652000,1,33650000,5,33653000,8,33649000,6,33654000,11,33648000,8,33655000,10,33647000,5,33656000,10,33646000,12,33657000,12,33645000,8,33658000,16,33644000,11,33659000,10,33643000,10,33660000,22,33642000,12,33661000,12
33653000,4,33655000,2,33652000,6,33656000,7,33651000,7,33657000,10,33650000,8,33658000,14,33649000,6,33659000,15,33648000,10,33660000,22,33647000,8,33661000,12,33646000,10,33662000,10,33645000,10,33663000,13,33644000,10,33664000,15
33654000,4,33656000,1,33653000,7,33657000,7,33652000,14,33658000,11,33651000,7,33659000,13,33650000,8,33660000,20,33649000,8,33661000,14,33648000,11,33662000,11,33647000,7,33663000,13,33646000,9,33664000,14,33645000,10,33665000,14
33655000,2,33657000,5,33654000,8,33658000,8,33653000,8,33659000,13,33652000,15,33660000,18,33651000,7,33661000,12,33650000,9,33662000,10,33649000,9,33663000,14,33648000,11,33664000,15,33647000,7,33665000,14,33646000,9,33666000,16
33652000,7,33653000,2,33651000,5,33654000,5,33650000,8,33655000,5,33649000,7,33656000,4,33648000,9,33657000,8,33647000,8,33658000,18,33646000,10,33659000,12,33645000,10,33660000,24,33644000,11,33661000,13,33643000,9,33662000,13
33649000,1,33651000,5,33648000,5,33652000,4,33647000,4,33653000,8,33646000,9,33654000,7,33645000,9,33655000,6,33644000,10,33656000,9,33643000,9,33657000,10,33642000,13,33658000,18,33641000,10,33659000,13,33640000,13,33660000,22
33645000,5,33647000,3,33644000,5,33648000,5,33643000,6,33649000,7,33642000,11,33650000,6,33641000,10,33651000,8,33640000,12,33652000,9,33639000,11,33653000,11,33638000,12,33654000,10,33637000,10,33655000,7,33636000,13,33656000,7
33642000,1,33643000,2,33641000,5,33644000,4,33640000,13,33645000,7,33639000,8,33646000,5,33638000,12,33647000,6,33637000,9,33648000,8,33636000,11,33649000,12,33635000,8,33650000,11,33634000,12,33651000,9,33633000,9,33652000,8
33643000,4,33645000,3,33642000,7,33646000,5,33641000,6,33647000,5,33640000,9,33648000,7,33639000,7,33649000,11,33638000,10,33650000,10,33637000,9,33651000,11,33636000,13,33652000,7,33635000,8,33653000,9,33634000,12,33654000,10
33643000,4,33645000,12,33642000,8,33646000,8,33641000,8,33647000,7,33640000,10,33648000,9,33639000,11,33649000,10,33638000,12,33650000,13,33637000,9,33651000,11,33636000,13,33652000,8,33635000,7,33653000,10,33634000,11,33654000,11
33642000,6,33645000,13,33641000,6,33646000,6,33640000,10,33647000,7,33639000,9,33648000,9,33638000,10,33649000,11,33637000,9,33650000,13,33636000,14,33651000,11,33635000,7,33652000,7,33634000,11,33653000,10,33633000,8,33654000,11
33640000,3,33641000,2,33639000,6,33642000,7,33638000,11,33643000,7,33637000,9,33644000,4,33636000,11,33645000,9,33635000,8,33646000,9,33634000,12,33647000,9,33633000,7,33648000,11,33632000,10,33649000,11,33631000,7,33650000,13
33641000,4,33643000,5,33640000,8,33644000,6,33639000,6,33645000,11,33638000,9,33646000,8,33637000,7,33647000,7,33636000,9,33648000,10,33635000,9,33649000,11,33634000,13,33650000,13,33633000,8,33651000,10,33632000,11,33652000,9
33645000,2,33646000,3,33644000,6,33647000,6,33643000,7,33648000,10,33642000,9,33649000,11,33641000,6,33650000,13,33640000,8,33651000,11,33639000,9,33652000,9,33638000,10,33653000,10,33637000,10,33654000,12,33636000,11,33655000,9
33647000,4,33649000,3,33646000,11,33650000,10,33645000,5,33651000,10,33644000,8,33652000,8,33643000,7,33653000,10,33642000,9,33654000,11,33641000,10,33655000,7,33640000,13,33656000,15,33639000,9,33657000,12,33638000,10,33658000,15
33651000,5,33653000,1,33650000,8,33654000,8,33649000,7,33655000,5,33648000,7,33656000,15,33647000,7,33657000,10,33646000,10,33658000,14,33645000,10,33659000,13,33644000,11,33660000,26,33643000,9,33661000,10,33642000,11,33662000,12
33650000,1,33651000,6,33649000,2,33652000,6,33648000,8,33653000,7,33647000,7,33654000,8,33646000,10,33655000,5,33645000,10,33656000,15,33644000,10,33657000,11,33643000,9,33658000,14,33642000,11,33659000,13,33641000,9,33660000,28
33652000,3,33654000,2,33651000,5,33655000,5,33650000,5,33656000,7,33649000,5,33657000,9,33648000,8,33658000,16,33647000,8,33659000,17,33646000,9,33660000,29,33645000,11,33661000,12,33644000,11,33662000,13,33643000,9,33663000,14
33652000,2,33654000,3,33651000,5,33655000,5,33650000,5,33656000,7,33649000,5,33657000,9,33648000,9,33658000,17,33647000,8,33659000,17,33646000,10,33660000,29,33645000,10,33661000,12,33644000,11,33662000,13,33643000,8,33663000,14
33653000,2,33654000,1,33652000,4,33655000,4,33651000,7,33656000,7,33650000,5,33657000,9,33649000,5,33658000,16,33648000,9,33659000,17,33647000,8,33660000,29,33646000,9,33661000,12,33645000,10,33662000,13,33644000,11,33663000,14
33656000,1,33657000,2,33655000,5,33658000,11,33654000,9,33659000,15,33653000,8,33660000,26,33652000,8,33661000,13,33651000,13,33662000,13,33650000,10,33663000,13,33649000,8,33664000,14,33648000,10,33665000,15,33647000,8,33666000,17
33653000,2,33655000,6,33652000,6,33656000,7,33651000,11,33657000,9,33650000,9,33658000,12,33649000,9,33659000,16,33648000,10,33660000,28,33647000,8,33661000,13,33646000,10,33662000,14,33645000,10,33663000,13,33644000,11,33664000,15
33655000,3,33657000,2,33654000,6,33658000,11,33653000,7,33659000,15,33652000,7,33660000,26,33651000,6,33661000,12,33650000,9,33662000,13,33649000,10,33663000,13,33648000,13,33664000,15,33647000,10,33665000,15,33646000,11,33666000,17
33659000,4,33660000,17,33658000,6,33661000,3,33657000,7,33662000,8,33656000,10,33663000,13,33655000,7,33664000,11,33654000,10,33665000,17,33653000,11,33666000,17,33652000,11,33667000,12,33651000,12,33668000,13,33650000,12,33669000,11
33661000,2,33662000,1,33660000,12,33663000,8,33659000,7,33664000,9,33658000,7,33665000,16,33657000,7,33666000,16,33656000,11,33667000,12,33655000,9,33668000,13,33654000,11,33669000,10,33653000,11,33670000,23,33652000,11,33671000,10
33662000,1,33664000,4,33661000,7,33665000,9,33660000,15,33666000,12,33659000,8,33667000,10,33658000,9,33668000,15,33657000,11,33669000,11,33656000,12,33670000,23,33655000,9,33671000,10,33654000,11,33672000,11,33653000,10,33673000,10
33655000,4,33657000,1,33654000,9,33658000,6,33653000,9,33659000,8,33652000,8,33660000,10,33651000,13,33661000,9,33650000,13,33662000,9,33649000,12,33663000,10,33648000,15,33664000,12,33647000,12,33665000,14,33646000,12,33666000,14
33654000,2,33655000,2,33653000,6,33656000,5,33652000,7,33657000,4,33651000,12,33658000,7,33650000,9,33659000,9,33649000,10,33660000,10,33648000,16,33661000,13,33647000,12,33662000,10,33646000,12,33663000,10,33645000,17,33664000,11
33651000,2,33652000,1,33650000,5,33653000,6,33649000,9,33654000,6,33648000,14,33655000,6,33647000,9,33656000,6,33646000,14,33657000,10,33645000,13,33658000,13,33644000,13,33659000,12,33643000,9,33660000,14,33642000,13,33661000,11
33648000,2,33649000,2,33647000,5,33650000,6,33646000,13,33651000,7,33645000,13,33652000,7,33644000,13,33653000,8,33643000,11,33654000,9,33642000,13,33655000,9,33641000,9,33656000,9,33640000,13,33657000,10,33639000,14,33658000,13
33650000,4,33651000,5,33649000,4,33652000,6,33648000,4,33653000,9,33647000,5,33654000,8,33646000,8,33655000,9,33645000,12,33656000,10,33644000,13,33657000,10,33643000,11,33658000,12,33642000,15,33659000,11,33641000,11,33660000,15
33648000,1,33649000,2,33647000,4,33650000,6,33646000,8,33651000,6,33645000,13,33652000,4,33644000,13,33653000,6,33643000,12,33654000,8,33642000,15,33655000,11,33641000,12,33656000,10,33640000,14,33657000,9,33639000,9,33658000,14
33645000,2,33646000,2,33644000,7,33647000,5,33643000,11,33648000,6,33642000,13,33649000,6,33641000,12,33650000,8,33640000,14,33651000,9,33639000,10,33652000,10,33638000,10,33653000,10,33637000,7,33654000,11,33636000,13,33655000,9
33642000,5,33644000,4,33641000,6,33645000,7,33640000,12,33646000,5,33639000,13,33647000,6,33638000,11,33648000,8,33637000,9,33649000,10,33636000,11,33650000,12,33635000,7,33651000,11,33634000,11,33652000,10,33633000,11,33653000,9
33639000,1,33641000,4,33638000,5,33642000,7,33637000,7,33643000,5,33636000,12,33644000,6,33635000,8,33645000,10,33634000,13,33646000,10,33633000,10,33647000,10,33632000,12,33648000,10,33631000,7,33649000,10,33630000,11,33650000,11
33642000,1,33643000,1,33641000,5,33644000,5,33640000,7,33645000,8,33639000,6,33646000,9,33638000,6,33647000,9,33637000,9,33648000,9,33636000,13,33649000,10,33635000,10,33650000,11,33634000,15,33651000,12,33633000,10,33652000,9
33645000,2,33646000,1,33644000,9,33647000,4,33643000,6,33648000,10,33642000,8,33649000,10,33641000,5,33650000,14,33640000,11,33651000,11,33639000,12,33652000,10,33638000,12,33653000,10,33637000,10,33654000,13,33636000,14,33655000,11
33647000,3,33649000,4,33646000,6,33650000,13,33645000,6,33651000,9,33644000,8,33652000,8,33643000,8,33653000,9,33642000,15,33654000,11,33641000,12,33655000,8,33640000,15,33656000,9,33639000,13,33657000,9,33638000,14,33658000,13
33650000,4,33652000,3,33649000,6,33653000,7,33648000,6,33654000,8,33647000,7,33655000,8,33646000,11,33656000,7,33645000,10,33657000,11,33644000,12,33658000,12,33643000,11,33659000,10,33642000,15,33660000,15,33641000,11,33661000,11
33654000,1,33655000,1,33653000,5,33656000,4,33652000,5,33657000,7,33651000,7,33658000,11,33650000,7,33659000,10,33649000,8,33660000,15,33648000,11,33661000,9,33647000,9,33662000,9,33646000,11,33663000,9,33645000,9,33664000,7
33658000,1,33659000,2,33657000,3,33660000,8,33656000,5,33661000,8,33655000,5,33662000,9,33654000,7,33663000,9,33653000,7,33664000,7,33652000,9,33665000,24,33651000,12,33666000,12,33650000,12,33667000,17,33649000,13,33668000,14
33659000,6,33661000,3,33658000,4,33662000,5,33657000,6,33663000,6,33656000,8,33664000,6,33655000,10,33665000,22,33654000,11,33666000,11,33653000,13,33667000,18,33652000,11,33668000,15,33651000,11,33669000,11,33650000,10,33670000,24
33658000,3,33659000,2,33657000,6,33660000,5,33656000,7,33661000,7,33655000,11,33662000,6,33654000,11,33663000,7,33653000,12,33664000,8,33652000,10,33665000,24,33651000,12,33666000,13,33650000,11,33667000,17,33649000,11,33668000,16
33659000,3,33661000,6,33658000,5,33662000,5,33657000,5,33663000,7,33656000,8,33664000,6,33655000,11,33665000,23,33654000,12,33666000,12,33653000,11,33667000,17,33652000,10,33668000,16,33651000,12,33669000,10,33650000,11,33670000,24
33662000,3,33664000,3,33661000,6,33665000,18,33660000,10,33666000,7,33659000,8,33667000,15,33658000,9,33668000,12,33657000,11,33669000,13,33656000,11,33670000,24,33655000,11,33671000,11,33654000,12,33672000,11,33653000,13,33673000,11
33662000,2,33664000,4,33661000,8,33665000,18,33660000,10,33666000,8,33659000,8,33667000,15,33658000,9,33668000,12,33657000,11,33669000,13,33656000,11,33670000,23,33655000,11,33671000,11,33654000,12,33672000,11,33653000,13,33673000,11
33658000,1,33659000,2,33657000,7,33660000,4,33656000,6,33661000,3,33655000,9,33662000,7,33654000,12,33663000,8,33653000,12,33664000,8,33652000,11,33665000,21,33651000,11,33666000,11,33650000,11,33667000,17,33649000,10,33668000,15
33661000,2,33662000,2,33660000,8,33663000,6,33659000,9,33664000,7,33658000,6,33665000,19,33657000,5,33666000,10,33656000,6,33667000,18,33655000,8,33668000,15,33654000,11,33669000,12,33653000,11,33670000,24,33652000,12,33671000,10
33663000,1,33664000,1,33662000,5,33665000,17,33661000,7,33666000,8,33660000,7,33667000,15,33659000,7,33668000,12,33658000,10,33669000,14,33657000,11,33670000,23,33656000,12,33671000,11,33655000,10,33672000,11,33654000,12,33673000,11
33659000,5,33661000,1,33658000,9,33662000,6,33657000,8,33663000,8,33656000,9,33664000,8,33655000,9,33665000,20,33654000,13,33666000,7,33653000,12,33667000,16,33652000,12,33668000,15,33651000,11,33669000,13,33650000,13,33670000,27
33656000,2,33657000,1,33655000,7,33658000,3,33654000,9,33659000,7,33653000,10,33660000,7,33652000,11,33661000,8,33651000,11,33662000,11,33650000,13,33663000,11,33649000,10,33664000,13,33648000,20,33665000,20,33647000,12,33666000,10
33658000,2,33659000,2,33657000,6,33660000,3,33656000,8,33661000,8,33655000,7,33662000,9,33654000,8,33663000,9,33653000,9,33664000,11,33652000,11,33665000,21,33651000,13,33666000,10,33650000,12,33667000,15,33649000,11,33668000,14
33661000,2,33662000,1,33660000,6,33663000,3,33659000,5,33664000,11,33658000,8,33665000,20,33657000,7,33666000,7,33656000,10,33667000,16,33655000,9,33668000,15,33654000,13,33669000,13,33653000,11,33670000,26,33652000,13,33671000,10
33664000,3,33665000,16,33663000,6,33666000,6,33662000,4,33667000,14,33661000,6,33668000,12,33660000,7,33669000,12,33659000,9,33670000,26,33658000,11,33671000,12,33657000,11,33672000,11,33656000,12,33673000,11,33655000,10,33674000,11
33661000,2,33662000,1,33660000,7,33663000,3,33659000,7,33664000,5,33658000,8,33665000,7,33657000,10,33666000,7,33656000,12,33667000,14,33655000,10,33668000,11,33654000,14,33669000,12,33653000,12,33670000,28,33652000,13,33671000,14
33663000,1,33665000,5,33662000,7,33666000,7,33661000,5,33667000,12,33660000,8,33668000,9,33659000,8,33669000,9,33658000,8,33670000,28,33657000,11,33671000,14,33656000,14,33672000,11,33655000,10,33673000,10,33654000,14,33674000,12
33666000,3,33668000,4,33665000,7,33669000,8,33664000,7,33670000,21,33663000,7,33671000,13,33662000,7,33672000,10,33661000,11,33673000,11,33660000,13,33674000,13,33659000,11,33675000,12,33658000,12,33676000,12,33657000,11,33677000,8
33663000,2,33665000,6,33662000,7,33666000,7,33661000,5,33667000,6,33660000,8,33668000,9,33659000,9,33669000,10,33658000,10,33670000,29,33657000,13,33671000,11,33656000,16,33672000,10,33655000,9,33673000,13,33654000,14,33674000,14
33662000,2,33663000,2,33661000,5,33664000,5,33660000,8,33665000,6,33659000,10,33666000,7,33658000,8,33667000,6,33657000,12,33668000,10,33656000,17,33669000,15,33655000,9,33670000,31,33654000,13,33671000,11,33653000,12,33672000,11
33663000,5,33665000,2,33662000,6,33666000,10,33661000,7,33667000,5,33660000,9,33668000,10,33659000,8,33669000,13,33658000,10,33670000,30,33657000,12,33671000,11,33656000,16,33672000,12,33655000,11,33673000,13,33654000,14,33674000,14
33663000,2,33664000,3,33662000,6,33665000,5,33661000,6,33666000,4,33660000,11,33667000,6,33659000,9,33668000,11,33658000,10,33669000,13,33657000,11,33670000,32,33656000,15,33671000,12,33655000,10,33672000,12,33654000,14,33673000,14
33658000,3,33659000,1,33657000,5,33660000,5,33656000,8,33661000,7,33655000,10,33662000,6,33654000,11,33663000,8,33653000,11,33664000,8,33652000,11,33665000,10,33651000,19,33666000,7,33650000,11,33667000,9,33649000,9,33668000,13
33655000,7,33656000,1,33654000,10,33657000,1,33653000,15,33658000,5,33652000,10,33659000,7,33651000,18,33660000,4,33650000,11,33661000,6,33649000,11,33662000,7,33648000,17,33663000,9,33647000,9,33664000,10,33646000,10,33665000,10
33659000,3,33660000,1,33658000,5,33661000,5,33657000,6,33662000,5,33656000,8,33663000,6,33655000,6,33664000,8,33654000,8,33665000,10,33653000,14,33666000,10,33652000,13,33667000,8,33651000,18,33668000,13,33650000,15,33669000,17
33659000,5,33661000,2,33658000,9,33662000,5,33657000,8,33663000,6,33656000,7,33664000,7,33655000,7,33665000,9,33654000,9,33666000,9,33653000,14,33667000,10,33652000,14,33668000,15,33651000,17,33669000,18,33650000,16,33670000,31
33660000,2,33662000,4,33659000,6,33663000,8,33658000,6,33664000,7,33657000,9,33665000,8,33656000,9,33666000,8,33655000,8,33667000,9,33654000,10,33668000,15,33653000,14,33669000,18,33652000,14,33670000,31,33651000,17,33671000,8
33663000,3,33665000,6,33662000,6,33666000,7,33661000,6,33667000,8,33660000,5,33668000,11,33659000,7,33669000,16,33658000,8,33670000,31,33657000,12,33671000,9,33656000,10,33672000,12,33655000,13,33673000,12,33654000,11,33674000,13
33662000,3,33664000,4,33661000,7,33665000,8,33660000,9,33666000,6,33659000,8,33667000,6,33658000,7,33668000,11,33657000,12,33669000,16,33656000,10,33670000,34,33655000,13,33671000,9,33654000,10,33672000,13,33653000,15,33673000,12
33663000,1,33665000,8,33662000,5,33666000,7,33661000,5,33667000,8,33660000,7,33668000,11,33659000,6,33669000,17,33658000,8,33670000,32,33657000,16,33671000,8,33656000,10,33672000,12,33655000,13,33673000,12,33654000,10,33674000,14
33665000,3,33666000,3,33664000,6,33667000,5,33663000,6,33668000,10,33662000,6,33669000,15,33661000,6,33670000,29,33660000,10,33671000,9,33659000,10,33672000,13,33658000,11,33673000,12,33657000,17,33674000,14,33656000,10,33675000,15
33666000,2,33668000,5,33665000,5,33669000,9,33664000,5,33670000,27,33663000,5,33671000,7,33662000,8,33672000,11,33661000,11,33673000,12,33660000,13,33674000,15,33659000,11,33675000,14,33658000,9,33676000,11,33657000,18,33677000,10
33666000,3,33667000,3,33665000,7,33668000,6,33664000,5,33669000,8,33663000,5,33670000,25,33662000,8,33671000,5,33661000,12,33672000,9,33660000,14,33673000,15,33659000,11,33674000,15,33658000,13,33675000,13,33657000,18,33676000,12
33668000,4,33669000,4,33667000,8,33670000,24,33666000,7,33671000,5,33665000,6,33672000,9,33664000,7,33673000,13,33663000,8,33674000,11,33662000,10,33675000,13,33661000,9,33676000,11,33660000,12,33677000,10,33659000,12,33678000,15
33666000,2,33667000,4,33665000,5,33668000,7,33664000,6,33669000,7,33663000,7,33670000,15,33662000,9,33671000,5,33661000,10,33672000,6,33660000,13,33673000,13,33659000,12,33674000,14,33658000,13,33675000,15,33657000,20,33676000,14
33663000,4,33664000,3,33662000,6,33665000,7,33661000,5,33666000,7,33660000,9,33667000,6,33659000,11,33668000,8,33658000,10,33669000,11,33657000,20,33670000,17,33656000,12,33671000,9,33655000,13,33672000,9,33654000,10,33673000,16
33660000,3,33661000,4,33659000,5,33662000,6,33658000,9,33663000,8,33657000,16,33664000,6,33656000,11,33665000,9,33655000,13,33666000,8,33654000,12,33667000,9,33653000,16,33668000,12,33652000,14,33669000,11,33651000,18,33670000,19
33657000,8,33658000,5,33656000,9,33659000,10,33655000,12,33660000,7,33654000,8,33661000,5,33653000,15,33662000,8,33652000,12,33663000,10,33651000,15,33664000,9,33650000,17,33665000,11,33649000,10,33666000,10,33648000,13,33667000,9
33654000,1,33655000,3,33653000,12,33656000,8,33652000,11,33657000,6,33651000,12,33658000,9,33650000,15,33659000,9,33649000,14,33660000,10,33648000,13,33661000,9,33647000,8,33662000,12,33646000,11,33663000,12,33645000,15,33664000,10
33651000,2,33653000,5,33650000,10,33654000,10,33649000,12,33655000,6,33648000,12,33656000,9,33647000,11,33657000,6,33646000,14,33658000,10,33645000,12,33659000,12,33644000,10,33660000,13,33643000,11,33661000,9,33642000,17,33662000,11
33653000,7,33654000,2,33652000,8,33655000,6,33651000,7,33656000,9,33650000,9,33657000,6,33649000,9,33658000,9,33648000,14,33659000,12,33647000,14,33660000,12,33646000,15,33661000,7,33645000,14,33662000,11,33644000,11,33663000,12
33651000,3,33653000,6,33650000,8,33654000,9,33649000,10,33655000,9,33648000,12,33656000,8,33647000,10,33657000,6,33646000,14,33658000,9,33645000,14,33659000,12,33644000,11,33660000,14,33643000,12,33661000,9,33642000,16,33662000,11
33648000,2,33649000,3,33647000,2,33650000,6,33646000,8,33651000,8,33645000,13,33652000,9,33644000,13,33653000,10,33643000,12,33654000,11,33642000,16,33655000,10,33641000,11,33656000,12,33640000,14,33657000,8,33639000,12,33658000,10
33646000,1,33647000,3,33645000,8,33648000,6,33644000,11,33649000,8,33643000,10,33650000,8,33642000,15,33651000,8,33641000,11,33652000,11,33640000,16,33653000,14,33639000,12,33654000,11,33638000,13,33655000,10,33637000,10,33656000,12
33646000,1,33647000,1,33645000,6,33648000,7,33644000,7,33649000,9,33643000,9,33650000,8,33642000,14,33651000,9,33641000,11,33652000,10,33640000,14,33653000,14,33639000,11,33654000,12,33638000,14,33655000,10,33637000,12,33656000,11
33645000,3,33647000,3,33644000,7,33648000,7,33643000,7,33649000,7,33642000,12,33650000,9,33641000,10,33651000,10,33640000,14,33652000,13,33639000,15,33653000,11,33638000,13,33654000,12,33637000,12,33655000,9,33636000,15,33656000,10
33642000,2,33643000,2,33641000,4,33644000,5,33640000,10,33645000,4,33639000,13,33646000,8,33638000,12,33647000,8,33637000,11,33648000,10,33636000,17,33649000,11,33635000,13,33650000,13,33634000,16,33651000,11,33633000,13,33652000,13
33645000,4,33647000,2,33644000,8,33648000,6,33643000,7,33649000,7,33642000,8,33650000,9,33641000,8,33651000,10,33640000,12,33652000,14,33639000,14,33653000,11,33638000,14,33654000,12,33637000,11,33655000,9,33636000,15,33656000,12
33646000,2,33647000,2,33645000,5,33648000,6,33644000,9,33649000,7,33643000,8,33650000,9,33642000,9,33651000,10,33641000,9,33652000,14,33640000,12,33653000,11,33639000,13,33654000,12,33638000,14,33655000,9,33637000,11,33656000,12
33649000,4,33651000,3,33648000,6,33652000,7,33647000,7,33653000,8,33646000,8,33654000,12,33645000,6,33655000,9,33644000,10,33656000,11,33643000,10,33657000,10,33642000,14,33658000,9,33641000,12,33659000,11,33640000,14,33660000,17
33648000,4,33650000,2,33647000,6,33651000,5,33646000,8,33652000,7,33645000,6,33653000,7,33644000,11,33654000,11,33643000,11,33655000,10,33642000,12,33656000,11,33641000,12,33657000,10,33640000,13,33658000,11,33639000,13,33659000,12
33645000,1,33646000,2,33644000,5,33647000,4,33643000,5,33648000,6,33642000,10,33649000,5,33641000,9,33650000,8,33640000,12,33651000,10,33639000,15,33652000,11,33638000,13,33653000,10,33637000,11,33654000,12,33636000,15,33655000,9
33642000,2,33644000,5,33641000,3,33645000,6,33640000,8,33646000,10,33639000,13,33647000,6,33638000,10,33648000,6,33637000,10,33649000,10,33636000,14,33650000,14,33635000,13,33651000,10,33634000,17,33652000,11,33633000,9,33653000,10
33644000,4,33645000,2,33643000,5,33646000,1,33642000,7,33647000,6,33641000,8,33648000,7,33640000,9,33649000,8,33639000,15,33650000,10,33638000,11,33651000,10,33637000,12,33652000,12,33636000,15,33653000,10,33635000,12,33654000,12
33642000,1,33643000,4,33641000,7,33644000,4,33640000,9,33645000,6,33639000,14,33646000,7,33638000,10,33647000,5,33637000,12,33648000,7,33636000,15,33649000,8,33635000,12,33650000,11,33634000,16,33651000,10,33633000,11,33652000,12
33639000,5,33640000,4,33638000,6,33641000,6,33637000,6,33642000,6,33636000,12,33643000,6,33635000,11,33644000,9,33634000,14,33645000,9,33633000,12,33646000,11,33632000,13,33647000,9,33631000,8,33648000,10,33630000,13,33649000,9
33642000,1,33643000,3,33641000,6,33644000,7,33640000,7,33645000,5,33639000,6,33646000,9,33638000,7,33647000,7,33637000,10,33648000,8,33636000,14,33649000,9,33635000,12,33650000,11,33634000,15,33651000,11,33633000,13,33652000,11
33640000,2,33641000,3,33639000,4,33642000,5,33638000,5,33643000,6,33637000,8,33644000,8,33636000,13,33645000,6,33635000,11,33646000,9,33634000,15,33647000,9,33633000,13,33648000,9,33632000,13,33649000,10,33631000,13,33650000,12
33640000,8,33642000,2,33639000,6,33643000,5,33638000,8,33644000,7,33637000,8,33645000,6,33636000,11,33646000,9,33635000,11,33647000,8,33634000,15,33648000,10,33633000,16,33649000,8,33632000,14,33650000,11,33631000,13,33651000,12
33644000,4,33646000,1,33643000,5,33647000,5,33642000,7,33648000,7,33641000,7,33649000,7,33640000,10,33650000,8,33639000,9,33651000,12,33638000,13,33652000,13,33637000,12,33653000,11,33636000,15,33654000,14,33635000,11,33655000,9
33642000,2,33643000,4,33641000,6,33644000,4,33640000,10,33645000,6,33639000,8,33646000,6,33638000,8,33647000,7,33637000,12,33648000,8,33636000,14,33649000,8,33635000,12,33650000,12,33634000,15,33651000,12,33633000,13,33652000,13
33639000,3,33640000,2,33638000,6,33641000,6,33637000,8,33642000,5,33636000,10,33643000,7,33635000,9,33644000,10,33634000,14,33645000,9,33633000,14,33646000,12,33632000,13,33647000,9,33631000,12,33648000,11,33630000,14,33649000,9
33641000,1,33642000,1,33640000,4,33643000,5,33639000,7,33644000,6,33638000,9,33645000,9,33637000,8,33646000,8,33636000,11,33647000,8,33635000,11,33648000,10,33634000,16,33649000,10,33633000,14,33650000,12,33632000,13,33651000,11
33638000,9,33640000,1,33637000,7,33641000,6,33636000,10,33642000,7,33635000,8,33643000,5,33634000,14,33644000,7,33633000,14,33645000,10,33632000,13,33646000,10,33631000,12,33647000,9,33630000,14,33648000,11,33629000,11,33649000,10
33639000,1,33641000,6,33638000,8,33642000,6,33637000,8,33643000,5,33636000,10,33644000,8,33635000,8,33645000,9,33634000,15,33646000,12,33633000,14,33647000,9,33632000,13,33648000,11,33631000,12,33649000,9,33630000,14,33650000,12
33638000,4,33639000,1,33637000,7,33640000,5,33636000,11,33641000,6,33635000,8,33642000,6,33634000,14,33643000,6,33633000,13,33644000,10,33632000,13,33645000,11,33631000,12,33646000,12,33630000,14,33647000,9,33629000,11,33648000,11
33636000,3,33637000,1,33635000,6,33638000,4,33634000,11,33639000,6,33633000,13,33640000,8,33632000,12,33641000,8,33631000,16,33642000,11,33630000,15,33643000,10,33629000,12,33644000,11,33628000,14,33645000,8,33627000,17,33646000,11
33632000,2,33633000,3,33631000,8,33634000,9,33630000,13,33635000,7,33629000,13,33636000,6,33628000,13,33637000,9,33627000,13,33638000,11,33626000,14,33639000,11,33625000,12,33640000,16,33624000,15,33641000,12,33623000,13,33642000,14
33633000,5,33635000,1,33632000,7,33636000,5,33631000,8,33637000,9,33630000,6,33638000,10,33629000,12,33639000,10,33628000,13,33640000,17,33627000,13,33641000,11,33626000,13,33642000,16,33625000,13,33643000,9,33624000,16,33644000,11
33632000,1,33633000,4,33631000,4,33634000,8,33630000,5,33635000,8,33629000,12,33636000,8,33628000,13,33637000,7,33627000,13,33638000,11,33626000,13,33639000,12,33625000,13,33640000,17,33624000,15,33641000,11,33623000,15,33642000,17
33629000,3,33630000,5,33628000,6,33631000,5,33627000,5,33632000,6,33626000,12,33633000,6,33625000,13,33634000,12,33624000,13,33635000,13,33623000,15,33636000,11,33622000,10,33637000,11,33621000,14,33638000,12,33620000,22,33639000,12
33630000,2,33631000,1,33629000,7,33632000,8,33628000,6,33633000,5,33627000,9,33634000,10,33626000,11,33635000,12,33625000,14,33636000,11,33624000,13,33637000,12,33623000,13,33638000,12,33622000,11,33639000,12,33621000,14,33640000,14
33629000,1,33630000,2,33628000,5,33631000,6,33627000,9,33632000,7,33626000,11,33633000,6,33625000,13,33634000,10,33624000,15,33635000,13,33623000,13,33636000,11,33622000,11,33637000,12,33621000,14,33638000,12,33620000,23,33639000,12
33631000,1,33632000,1,33630000,8,33633000,4,33629000,7,33634000,10,33628000,7,33635000,15,33627000,6,33636000,12,33626000,10,33637000,14,33625000,13,33638000,13,33624000,15,33639000,12,33623000,13,33640000,14,33622000,11,33641000,11
33629000,5,33631000,5,33628000,5,33632000,9,33627000,8,33633000,11,33626000,7,33634000,10,33625000,11,33635000,16,33624000,13,33636000,14,33623000,13,33637000,13,33622000,11,33638000,13,33621000,14,33639000,13,33620000,21,33640000,14
33631000,2,33632000,1,33630000,5,33633000,7,33629000,6,33634000,9,33628000,8,33635000,19,33627000,8,33636000,13,33626000,11,33637000,13,33625000,11,33638000,12,33624000,15,33639000,13,33623000,13,33640000,14,33622000,12,33641000,10
33634000,1,33635000,5,33633000,4,33636000,8,33632000,6,33637000,9,33631000,8,33638000,10,33630000,7,33639000,13,33629000,8,33640000,15,33628000,11,33641000,11,33627000,10,33642000,14,33626000,13,33643000,10,33625000,13,33644000,12
33633000,1,33635000,7,33632000,8,33636000,9,33631000,8,33637000,6,33630000,7,33638000,11,33629000,10,33639000,12,33628000,10,33640000,15,33627000,11,33641000,13,33626000,12,33642000,15,33625000,12,33643000,9,33624000,16,33644000,12
33634000,2,33635000,2,33633000,7,33636000,7,33632000,8,33637000,9,33631000,6,33638000,11,33630000,6,33639000,11,33629000,9,33640000,15,33628000,10,33641000,13,33627000,10,33642000,14,33626000,13,33643000,10,33625000,14,33644000,12
33632000,5,33633000,2,33631000,6,33634000,10,33630000,5,33635000,7,33629000,8,33636000,8,33628000,8,33637000,9,33627000,10,33638000,11,33626000,14,33639000,12,33625000,13,33640000,16,33624000,16,33641000,13,33623000,12,33642000,14
33637000,1,33638000,1,33636000,5,33639000,8,33635000,4,33640000,9,33634000,6,33641000,9,33633000,11,33642000,13,33632000,11,33643000,9,33631000,10,33644000,11,33630000,22,33645000,9,33629000,12,33646000,10,33628000,14,33647000,8
33632000,1,33634000,3,33631000,8,33635000,6,33630000,18,33636000,6,33629000,11,33637000,7,33628000,10,33638000,7,33627000,12,33639000,13,33626000,13,33640000,13,33625000,11,33641000,12,33624000,14,33642000,15,33623000,13,33643000,9
33639000,3,33640000,2,33638000,4,33641000,8,33637000,5,33642000,14,33636000,6,33643000,9,33635000,8,33644000,12,33634000,10,33645000,10,33633000,9,33646000,11,33632000,12,33647000,8,33631000,11,33648000,12,33630000,10,33649000,6
33639000,4,33642000,2,33638000,8,33643000,8,33637000,7,33644000,9,33636000,10,33645000,9,33635000,13,33646000,10,33634000,13,33647000,12,33633000,8,33648000,11,33632000,9,33649000,7,33631000,10,33650000,10,33630000,11,33651000,10
33635000,13,33642000,2,33634000,13,33643000,8,33633000,8,33644000,9,33632000,9,33645000,9,33631000,10,33646000,10,33630000,11,33647000,12,33629000,9,33648000,11,33628000,12,33649000,7,33627000,12,33650000,10,33626000,15,33651000,10
33632000,5,33633000,1,33631000,9,33634000,4,33630000,8,33635000,4,33629000,7,33636000,5,33628000,10,33637000,8,33627000,9,33638000,9,33626000,10,33639000,3,33625000,9,33640000,8,33624000,13,33641000,15,33623000,10,33642000,11
33634000,2,33635000,1,33633000,7,33636000,4,33632000,4,33637000,13,33631000,7,33638000,10,33630000,7,33639000,9,33629000,9,33640000,14,33628000,10,33641000,17,33627000,11,33642000,12,33626000,12,33643000,9,33625000,10,33644000,10
33634000,4,33636000,2,33633000,7,33637000,7,33632000,5,33638000,8,33631000,7,33639000,9,33630000,7,33640000,14,33629000,8,33641000,17,33628000,10,33642000,13,33627000,12,33643000,10,33626000,12,33644000,10,33625000,11,33645000,10
33635000,1,33636000,5,33633000,6,33637000,9,33632000,7,33638000,10,33631000,5,33639000,7,33630000,5,33640000,14,33629000,7,33641000,18,33628000,9,33642000,14,33627000,12,33643000,11,33626000,13,33644000,11,33625000,11,33645000,11
33632000,5,33634000,1,33631000,5,33635000,5,33630000,8,33636000,8,33629000,7,33637000,10,33628000,8,33638000,11,33627000,10,33639000,8,33626000,13,33640000,15,33625000,11,33641000,18,33624000,13,33642000,14,33623000,11,33643000,11
33634000,4,33636000,2,33633000,7,33637000,8,33632000,6,33638000,10,33631000,5,33639000,7,33630000,9,33640000,13,33629000,9,33641000,18,33628000,10,33642000,15,33627000,12,33643000,11,33626000,13,33644000,12,33625000,11,33645000,11
33633000,3,33635000,6,33632000,10,33636000,7,33631000,5,33637000,7,33630000,10,33638000,7,33629000,11,33639000,8,33628000,11,33640000,12,33627000,11,33641000,15,33626000,13,33642000,15,33625000,11,33643000,11,33624000,13,33644000,13
33630000,5,33632000,3,33629000,6,33633000,6,33628000,9,33634000,9,33627000,9,33635000,9,33626000,16,33636000,12,33625000,14,33637000,15,33624000,15,33638000,12,33623000,11,33639000,10,33622000,10,33640000,12,33621000,16,33641000,17
33627000,1,33628000,3,33626000,12,33629000,5,33625000,9,33630000,6,33624000,11,33631000,8,33623000,11,33632000,8,33622000,12,33633000,9,33621000,13,33634000,14,33620000,23,33635000,12,33619000,9,33636000,14,33618000,10,33637000,15
33625000,3,33626000,2,33624000,6,33627000,7,33623000,9,33628000,10,33622000,11,33629000,8,33621000,15,33630000,7,33620000,22,33631000,10,33619000,9,33632000,9,33618000,8,33633000,9,33617000,7,33634000,14,33616000,14,33635000,12
33621000,4,33622000,3,33620000,17,33623000,5,33619000,6,33624000,7,33618000,9,33625000,8,33617000,8,33626000,8,33616000,16,33627000,11,33615000,12,33628000,14,33614000,23,33629000,12,33613000,9,33630000,14,33612000,11,33631000,14
33624000,2,33625000,2,33623000,5,33626000,6,33622000,7,33627000,8,33621000,8,33628000,12,33620000,14,33629000,11,33619000,6,33630000,13,33618000,7,33631000,14,33617000,8,33632000,11,33616000,18,33633000,10,33615000,12,33634000,13
33627000,3,33629000,7,33626000,6,33630000,8,33625000,5,33631000,11,33624000,4,33632000,13,33623000,7,33633000,10,33622000,9,33634000,14,33621000,11,33635000,14,33620000,19,33636000,15,33619000,9,33637000,13,33618000,11,33638000,12
33631000,1,33632000,1,33630000,7,33633000,8,33629000,8,33634000,10,33628000,6,33635000,12,33627000,5,33636000,13,33626000,8,33637000,14,33625000,6,33638000,13,33624000,9,33639000,11,33623000,11,33640000,13,33622000,12,33641000,17
33629000,3,33631000,3,33628000,7,33632000,6,33627000,3,33633000,7,33626000,7,33634000,10,33625000,8,33635000,11,33624000,7,33636000,12,33623000,10,33637000,15,33622000,11,33638000,14,33621000,12,33639000,12,33620000,16,33640000,13
33625000,4,33628000,5,33624000,6,33629000,5,33623000,8,33630000,9,33622000,10,33631000,8,33621000,10,33632000,7,33620000,15,33633000,9,33619000,9,33634000,13,33618000,11,33635000,12,33617000,10,33636000,14,33616000,16,33637000,13
33626000,2,33627000,1,33625000,4,33628000,8,33624000,3,33629000,5,33623000,8,33630000,8,33622000,8,33631000,8,33621000,11,33632000,7,33620000,15,33633000,9,33619000,10,33634000,14,33618000,11,33635000,14,33617000,10,33636000,13
33624000,2,33625000,3,33623000,5,33626000,4,33622000,8,33627000,4,33621000,11,33628000,7,33620000,15,33629000,7,33619000,10,33630000,11,33618000,11,33631000,10,33617000,10,33632000,11,33616000,16,33633000,11,33615000,15,33634000,13
33621000,7,33623000,6,33620000,14,33624000,8,33619000,8,33625000,7,33618000,7,33626000,5,33617000,10,33627000,5,33616000,17,33628000,9,33615000,12,33629000,9,33614000,21,33630000,12,33613000,9,33631000,11,33612000,15,33632000,11
33618000,1,33619000,2,33617000,5,33620000,4,33616000,12,33621000,5,33615000,15,33622000,8,33614000,22,33623000,8,33613000,9,33624000,15,33612000,12,33625000,14,33611000,10,33626000,10,33610000,11,33627000,8,33609000,12,33628000,11
33618000,1,33619000,2,33617000,3,33620000,4,33616000,6,33621000,6,33615000,10,33622000,10,33614000,20,33623000,11,33613000,11,33624000,16,33612000,15,33625000,15,33611000,12,33626000,11,33610000,12,33627000,9,33609000,11,33628000,11
33619000,2,33621000,3,33618000,4,33622000,5,33617000,6,33623000,11,33616000,9,33624000,15,33615000,11,33625000,14,33614000,21,33626000,10,33613000,11,33627000,9,33612000,16,33628000,11,33611000,12,33629000,9,33610000,13,33630000,14
33621000,1,33622000,1,33620000,4,33623000,7,33619000,8,33624000,13,33618000,8,33625000,10,33617000,7,33626000,8,33616000,10,33627000,10,33615000,13,33628000,12,33614000,24,33629000,10,33613000,12,33630000,14,33612000,14,33631000,9
33620000,3,33622000,5,33619000,6,33623000,6,33618000,6,33624000,9,33617000,7,33625000,7,33616000,10,33626000,8,33615000,15,33627000,10,33614000,23,33628000,14,33613000,11,33629000,12,33612000,13,33630000,15,33611000,11,33631000,10
33622000,5,33623000,1,33621000,8,33624000,4,33620000,9,33625000,7,33619000,9,33626000,9,33618000,7,33627000,8,33617000,8,33628000,10,33616000,12,33629000,11,33615000,13,33630000,14,33614000,23,33631000,11,33613000,12,33632000,11
33626000,2,33627000,3,33625000,2,33628000,5,33624000,3,33629000,10,33623000,3,33630000,14,33622000,7,33631000,10,33621000,11,33632000,11,33620000,7,33633000,12,33619000,13,33634000,13,33618000,16,33635000,14,33617000,11,33636000,16
33627000,3,33629000,3,33626000,3,33630000,11,33625000,5,33631000,9,33624000,6,33632000,9,33623000,6,33633000,12,33622000,8,33634000,13,33621000,12,33635000,15,33620000,10,33636000,14,33619000,13,33637000,13,33618000,17,33638000,12
33626000,2,33627000,1,33625000,6,33628000,6,33624000,8,33629000,5,33623000,9,33630000,6,33622000,7,33631000,7,33621000,12,33632000,10,33620000,8,33633000,12,33619000,12,33634000,14,33618000,17,33635000,15,33617000,10,33636000,15
33622000,3,33623000,2,33621000,7,33624000,5,33620000,5,33625000,7,33619000,10,33626000,5,33618000,15,33627000,7,33617000,9,33628000,11,33616000,18,33629000,8,33615000,13,33630000,11,33614000,21,33631000,11,33613000,12,33632000,13
33620000,2,33622000,2,33619000,8,33623000,6,33618000,7,33624000,7,33617000,7,33625000,6,33616000,15,33626000,7,33615000,13,33627000,10,33614000,23,33628000,13,33613000,12,33629000,10,33612000,15,33630000,11,33611000,12,33631000,10
33616000,14,33618000,5,33615000,9,33619000,1,33614000,20,33620000,9,33613000,12,33621000,5,33612000,15,33622000,10,33611000,13,33623000,9,33610000,12,33624000,11,33609000,13,33625000,11,33608000,13,33626000,10,33607000,11,33627000,10
33613000,1,33615000,4,33612000,7,33616000,12,33611000,11,33617000,11,33610000,11,33618000,11,33609000,12,33619000,11,33608000,11,33620000,12,33607000,11,33621000,10,33606000,13,33622000,14,33605000,13,33623000,10,33604000,15,33624000,14
33610000,6,33612000,3,33609000,10,33613000,4,33608000,10,33614000,5,33607000,12,33615000,5,33606000,11,33616000,13,33605000,13,33617000,16,33604000,15,33618000,15,33603000,13,33619000,11,33602000,13,33620000,12,33601000,15,33621000,9
33614000,1,33615000,2,33613000,5,33616000,11,33612000,6,33617000,14,33611000,6,33618000,15,33610000,5,33619000,11,33609000,8,33620000,11,33608000,7,33621000,8,33607000,10,33622000,13,33606000,11,33623000,9,33605000,13,33624000,14
33610000,3,33611000,3,33609000,7,33613000,5,33608000,8,33614000,6,33607000,7,33615000,7,33606000,10,33616000,10,33605000,15,33617000,14,33604000,19,33618000,11,33603000,13,33619000,11,33602000,12,33620000,12,33601000,15,33621000,9
33611000,3,33613000,1,33610000,6,33614000,6,33609000,7,33615000,7,33608000,8,33616000,12,33607000,7,33617000,13,33606000,13,33618000,11,33605000,14,33619000,11,33604000,19,33620000,12,33603000,14,33621000,9,33602000,12,33622000,14
33610000,3,33613000,7,33609000,7,33614000,8,33608000,8,33615000,8,33607000,7,33616000,9,33606000,12,33617000,11,33605000,14,33618000,11,33604000,18,33619000,12,33603000,13,33620000,12,33602000,12,33621000,10,33601000,15,33622000,14
33611000,2,33613000,5,33610000,8,33614000,8,33609000,7,33615000,8,33608000,7,33616000,9,33607000,6,33617000,11,33606000,13,33618000,11,33605000,14,33619000,12,33604000,18,33620000,12,33603000,13,33621000,10,33602000,12,33622000,14
33614000,2,33616000,3,33613000,5,33617000,6,33612000,7,33618000,7,33611000,9,33619000,10,33610000,8,33620000,12,33609000,10,33621000,12,33608000,12,33622000,14,33607000,10,33623000,10,33606000,13,33624000,15,33605000,14,33625000,12
33614000,1,33616000,4,33613000,5,33617000,7,33612000,7,33618000,7,33611000,9,33619000,9,33610000,8,33620000,12,33609000,10,33621000,11,33608000,12,33622000,15,33607000,10,33623000,10,33606000,14,33624000,15,33605000,14,33625000,12
33614000,1,33616000,6,33613000,5,33617000,7,33612000,13,33618000,7,33611000,9,33619000,10,33610000,8,33620000,13,33609000,10,33621000,11,33608000,12,33622000,15,33607000,10,33623000,10,33606000,14,33624000,15,33605000,15,33625000,12
33617000,5,33619000,3,33616000,6,33620000,7,33615000,5,33621000,8,33614000,13,33622000,11,33613000,8,33623000,10,33612000,15,33624000,16,33611000,12,33625000,12,33610000,12,33626000,11,33609000,12,33627000,10,33608000,14,33628000,11
33616000,5,33618000,5,33615000,4,33619000,7,33614000,13,33620000,7,33613000,8,33621000,8,33612000,15,33622000,12,33611000,12,33623000,11,33610000,13,33624000,16,33609000,12,33625000,12,33608000,14,33626000,11,33607000,11,33627000,10
33618000,2,33619000,1,33617000,6,33620000,6,33616000,8,33621000,9,33615000,7,33622000,16,33614000,8,33623000,10,33613000,13,33624000,15,33612000,15,33625000,10,33611000,12,33626000,10,33610000,14,33627000,10,33609000,12,33628000,11
33615000,4,33618000,5,33614000,7,33619000,7,33613000,12,33620000,5,33612000,14,33621000,7,33611000,10,33622000,14,33610000,13,33623000,13,33609000,12,33624000,15,33608000,15,33625000,11,33607000,11,33626000,10,33606000,13,33627000,9
33615000,4,33618000,5,33614000,7,33619000,7,33613000,12,33620000,5,33612000,14,33621000,7,33611000,10,33622000,14,33610000,13,33623000,13,33609000,12,33624000,15,33608000,15,33625000,11,33607000,11,33626000,10,33606000,13,33627000,9
33608000,2,33609000,1,33607000,3,33610000,5,33606000,9,33611000,4,33605000,9,33612000,5,33604000,16,33613000,8,33603000,12,33614000,8,33602000,17,33615000,12,33601000,16,33616000,16,33600000,47,33617000,15,33599000,8,33618000,13
33606000,3,33608000,4,33605000,7,33609000,6,33604000,14,33610000,6,33603000,10,33611000,7,33602000,13,33612000,9,33601000,15,33613000,11,33600000,49,33614000,12,33599000,8,33615000,11,33598000,11,33616000,15,33597000,15,33617000,13
33608000,23,33609000,8,33607000,3,33610000,7,33606000,8,33611000,9,33605000,7,33612000,9,33604000,11,33613000,11,33603000,9,33614000,12,33602000,11,33615000,13,33601000,14,33616000,16,33600000,47,33617000,13,33599000,7,33618000,16
33607000,5,33609000,1,33606000,7,33610000,6,33605000,10,33611000,6,33604000,13,33612000,8,33603000,8,33613000,8,33602000,13,33614000,11,33601000,16,33615000,14,33600000,49,33616000,17,33599000,8,33617000,12,33598000,11,33618000,16
33607000,12,33609000,5,33606000,3,33610000,7,33605000,12,33611000,8,33604000,14,33612000,9,33603000,8,33613000,9,33602000,12,33614000,11,33601000,14,33615000,12,33600000,48,33616000,17,33599000,7,33617000,12,33598000,12,33618000,16
33610000,3,33612000,2,33609000,5,33613000,6,33608000,6,33614000,7,33607000,33,33615000,11,33606000,4,33616000,15,33605000,13,33617000,13,33604000,18,33618000,16,33603000,12,33619000,10,33602000,15,33620000,9,33601000,15,33621000,11
33614000,24,33615000,8,33612000,10,33616000,10,33611000,5,33617000,11,33610000,15,33618000,13,33609000,7,33619000,11,33608000,8,33620000,10,33607000,36,33621000,10,33606000,9,33622000,16,33605000,15,33623000,11,33604000,18,33624000,17
33612000,11,33614000,5,33611000,4,33615000,9,33610000,15,33616000,9,33609000,7,33617000,9,33608000,9,33618000,12,33607000,25,33619000,10,33606000,9,33620000,10,33605000,13,33621000,10,33604000,17,33622000,15,33603000,12,33623000,11
33607000,21,33609000,6,33606000,4,33610000,6,33605000,10,33611000,10,33604000,15,33612000,6,33603000,9,33613000,9,33602000,13,33614000,12,33601000,16,33615000,12,33600000,26,33616000,13,33599000,11,33617000,12,33598000,12,33618000,16
33611000,2,33612000,1,33610000,6,33613000,5,33609000,10,33614000,10,33608000,7,33615000,11,33607000,9,33616000,10,33606000,18,33617000,13,33605000,23,33618000,18,33604000,18,33619000,11,33603000,11,33620000,10,33602000,15,33621000,10
33609000,7,33611000,3,33608000,6,33612000,3,33607000,10,33613000,5,33606000,16,33614000,8,33605000,20,33615000,11,33604000,16,33616000,12,33603000,12,33617000,12,33602000,14,33618000,18,33601000,14,33619000,12,33600000,26,33620000,9
33606000,10,33608000,5,33605000,19,33609000,6,33604000,14,33610000,8,33603000,9,33611000,9,33602000,13,33612000,6,33601000,14,33613000,9,33600000,26,33614000,12,33599000,12,33615000,12,33598000,12,33616000,13,33597000,16,33617000,11
33606000,5,33609000,5,33605000,15,33610000,10,33604000,13,33611000,10,33603000,8,33612000,9,33602000,12,33613000,11,33601000,14,33614000,12,33600000,25,33615000,12,33599000,9,33616000,13,33598000,12,33617000,10,33597000,12,33618000,17
33607000,2,33608000,6,33606000,8,33609000,9,33605000,11,33610000,5,33604000,15,33611000,7,33603000,12,33612000,8,33602000,16,33613000,8,33601000,15,33614000,10,33600000,26,33615000,11,33599000,12,33616000,12,33598000,12,33617000,12
33607000,12,33609000,7,33606000,7,33610000,8,33605000,9,33611000,9,33604000,12,33612000,8,33603000,11,33613000,10,33602000,14,33614000,12,33601000,15,33615000,13,33600000,26,33616000,14,33599000,12,33617000,10,33598000,12,33618000,17
33607000,11,33608000,4,33606000,3,33609000,8,33605000,9,33610000,6,33604000,13,33611000,7,33603000,11,33612000,7,33602000,14,33613000,11,33601000,15,33614000,13,33600000,27,33615000,13,33599000,10,33616000,14,33598000,12,33617000,11
33604000,5,33605000,10,33603000,10,33606000,7,33602000,12,33607000,6,33601000,12,33608000,8,33600000,24,33609000,7,33599000,12,33610000,9,33598000,13,33611000,9,33597000,11,33612000,11,33596000,12,33613000,11,33595000,8,33614000,13
33601000,4,33602000,3,33600000,18,33603000,8,33599000,8,33604000,7,33598000,11,33605000,15,33597000,12,33606000,11,33596000,12,33607000,12,33595000,9,33608000,15,33594000,14,33609000,11,33593000,14,33610000,12,33592000,10,33611000,9
33602000,2,33604000,3,33601000,6,33605000,7,33600000,10,33606000,12,33599000,10,33607000,10,33598000,11,33608000,11,33597000,10,33609000,11,33596000,16,33610000,13,33595000,11,33611000,8,33594000,17,33612000,11,33593000,19,33613000,11
33606000,1,33607000,3,33605000,4,33608000,6,33604000,7,33609000,9,33603000,9,33610000,12,33602000,13,33611000,11,33601000,10,33612000,13,33600000,11,33613000,11,33599000,14,33614000,15,33598000,15,33615000,14,33597000,12,33616000,16
33608000,4,33610000,2,33607000,7,33611000,8,33606000,10,33612000,13,33605000,6,33613000,11,33604000,6,33614000,13,33603000,12,33615000,15,33602000,14,33616000,15,33601000,11,33617000,12,33600000,12,33618000,17,33599000,15,33619000,11
33607000,4,33610000,6,33606000,9,33611000,7,33605000,4,33612000,12,33604000,8,33613000,10,33603000,13,33614000,13,33602000,14,33615000,14,33601000,11,33616000,13,33600000,12,33617000,12,33599000,24,33618000,17,33598000,14,33619000,14
33604000,1,33606000,10,33603000,8,33607000,9,33602000,8,33608000,8,33601000,10,33609000,10,33600000,11,33610000,13,33599000,23,33611000,12,33598000,14,33612000,15,33597000,12,33613000,11,33596000,15,33614000,16,33595000,11,33615000,13
33606000,1,33607000,1,33605000,5,33608000,6,33604000,8,33609000,10,33603000,7,33610000,14,33602000,6,33611000,12,33601000,9,33612000,14,33600000,12,33613000,12,33599000,13,33614000,16,33598000,15,33615000,14,33597000,12,33616000,14
33607000,5,33609000,1,33606000,6,33610000,7,33605000,6,33611000,8,33604000,7,33612000,12,33603000,18,33613000,12,33602000,9,33614000,16,33601000,10,33615000,15,33600000,14,33616000,14,33599000,13,33617000,16,33598000,14,33618000,17
33611000,3,33613000,2,33610000,7,33614000,11,33609000,5,33615000,12,33608000,7,33616000,11,33607000,9,33617000,14,33606000,7,33618000,16,33605000,9,33619000,14,33604000,12,33620000,9,33603000,20,33621000,12,33602000,10,33622000,14
33610000,7,33613000,4,33609000,5,33614000,9,33608000,7,33615000,12,33607000,10,33616000,11,33606000,7,33617000,14,33605000,9,33618000,16,33604000,12,33619000,14,33603000,20,33620000,10,33602000,10,33621000,12,33601000,10,33622000,14
33613000,1,33614000,4,33612000,5,33615000,9,33611000,7,33616000,11,33610000,5,33617000,15,33609000,4,33618000,15,33608000,8,33619000,12,33607000,14,33620000,10,33606000,10,33621000,12,33605000,10,33622000,15,33604000,11,33623000,9
33616000,3,33617000,5,33615000,6,33618000,7,33614000,6,33619000,11,33613000,6,33620000,10,33612000,5,33621000,14,33611000,8,33622000,11,33610000,6,33623000,8,33609000,8,33624000,14,33608000,11,33625000,9,33607000,16,33626000,10
33613000,3,33614000,2,33612000,8,33615000,3,33611000,7,33616000,8,33610000,5,33617000,11,33609000,7,33618000,9,33608000,10,33619000,11,33607000,13,33620000,10,33606000,10,33621000,14,33605000,10,33622000,14,33604000,11,33623000,10
33611000,1,33612000,3,33610000,5,33613000,6,33609000,5,33614000,7,33608000,9,33615000,8,33607000,9,33616000,11,33606000,9,33617000,14,33605000,10,33618000,11,33604000,10,33619000,11,33603000,13,33620000,12,33602000,12,33621000,14
33612000,3,33614000,5,33611000,4,33615000,9,33610000,7,33616000,12,33609000,5,33617000,13,33608000,8,33618000,10,33607000,10,33619000,12,33606000,8,33620000,11,33605000,10,33621000,13,33604000,11,33622000,14,33603000,13,33623000,9
33616000,3,33617000,3,33615000,5,33618000,4,33614000,7,33619000,9,33613000,6,33620000,7,33612000,6,33621000,12,33611000,7,33622000,14,33610000,9,33623000,11,33609000,7,33624000,14,33608000,14,33625000,10,33607000,12,33626000,11
33618000,2,33620000,4,33617000,6,33621000,6,33616000,6,33622000,11,33615000,7,33623000,9,33614000,7,33624000,11,33613000,8,33625000,10,33612000,10,33626000,10,33611000,9,33627000,10,33610000,12,33628000,11,33609000,9,33629000,7
33613000,4,33614000,2,33612000,7,33615000,4,33611000,6,33616000,9,33610000,8,33617000,7,33609000,7,33618000,8,33608000,12,33619000,8,33607000,12,33620000,10,33606000,12,33621000,14,33605000,9,33622000,12,33604000,11,33623000,8
33616000,1,33617000,1,33615000,6,33618000,5,33614000,7,33619000,6,33613000,8,33620000,8,33612000,6,33621000,13,33611000,8,33622000,10,33610000,9,33623000,8,33609000,8,33624000,14,33608000,13,33625000,9,33607000,12,33626000,13
33620000,2,33621000,5,33619000,5,33622000,5,33618000,5,33623000,6,33617000,6,33624000,11,33616000,8,33625000,8,33615000,7,33626000,12,33614000,9,33627000,12,33613000,10,33628000,11,33612000,12,33629000,8,33611000,9,33630000,12
33621000,2,33622000,1,33620000,3,33623000,5,33619000,6,33624000,10,33618000,6,33625000,7,33617000,5,33626000,10,33616000,9,33627000,13,33615000,9,33628000,12,33614000,10,33629000,8,33613000,11,33630000,11,33612000,12,33631000,11
33624000,5,33626000,1,33623000,5,33627000,7,33622000,5,33628000,11,33621000,7,33629000,7,33620000,7,33630000,10,33619000,8,33631000,13,33618000,10,33632000,13,33617000,9,33633000,14,33616000,13,33634000,15,33615000,9,33635000,12
33628000,2,33630000,6,33627000,5,33631000,10,33626000,4,33632000,9,33625000,7,33633000,14,33624000,7,33634000,12,33623000,6,33635000,13,33622000,10,33636000,14,33621000,11,33637000,14,33620000,11,33638000,13,33619000,9,33639000,14
33624000,2,33626000,3,33623000,6,33627000,9,33622000,5,33628000,7,33621000,5,33629000,7,33620000,8,33630000,9,33619000,9,33631000,10,33618000,12,33632000,11,33617000,12,33633000,13,33616000,14,33634000,13,33615000,12,33635000,14
33625000,1,33627000,4,33624000,6,33628000,6,33623000,7,33629000,7,33622000,5,33630000,9,33621000,5,33631000,8,33620000,9,33632000,12,33619000,8,33633000,13,33618000,12,33634000,13,33617000,11,33635000,14,33616000,14,33636000,12
33626000,2,33627000,2,33625000,7,33628000,7,33624000,6,33629000,4,33623000,8,33630000,8,33622000,18,33631000,10,33621000,9,33632000,12,33620000,9,33633000,12,33619000,8,33634000,13,33618000,10,33635000,14,33617000,9,33636000,13
33631000,4,33633000,6,33630000,4,33634000,10,33629000,4,33635000,11,33628000,6,33636000,11,33627000,6,33637000,15,33626000,8,33638000,15,33625000,12,33639000,12,33624000,10,33640000,15,33623000,11,33641000,15,33622000,20,33642000,16
33632000,1,33634000,5,33631000,7,33635000,9,33630000,7,33636000,9,33629000,7,33637000,12,33628000,8,33638000,13,33627000,7,33639000,11,33626000,10,33640000,17,33625000,10,33641000,17,33624000,11,33642000,15,33623000,10,33643000,10
33631000,7,33633000,1,33630000,4,33634000,6,33629000,6,33635000,4,33628000,9,33636000,7,33627000,8,33637000,9,33626000,10,33638000,13,33625000,9,33639000,11,33624000,10,33640000,14,33623000,10,33641000,16,33622000,23,33642000,15
33631000,7,33634000,6,33630000,4,33635000,4,33629000,6,33636000,7,33628000,9,33637000,9,33627000,8,33638000,11,33626000,10,33639000,11,33625000,9,33640000,14,33624000,10,33641000,16,33623000,10,33642000,15,33622000,23,33643000,11
33629000,3,33630000,2,33628000,6,33631000,7,33627000,5,33632000,6,33626000,8,33633000,7,33625000,8,33634000,10,33624000,10,33635000,12,33623000,10,33636000,10,33622000,23,33637000,9,33621000,11,33638000,13,33620000,12,33639000,11
33626000,1,33628000,4,33625000,6,33629000,6,33624000,7,33630000,7,33623000,8,33631000,7,33622000,21,33632000,9,33621000,12,33633000,9,33620000,10,33634000,14,33619000,9,33635000,14,33618000,14,33636000,11,33617000,9,33637000,8
33628000,3,33629000,1,33627000,6,33630000,3,33626000,4,33631000,8,33625000,6,33632000,9,33624000,7,33633000,8,33623000,8,33634000,12,33622000,20,33635000,12,33621000,12,33636000,11,33620000,12,33637000,9,33619000,10,33638000,11
33630000,4,33632000,2,33629000,4,33633000,7,33628000,7,33634000,10,33627000,8,33635000,10,33626000,10,33636000,9,33625000,10,33637000,9,33624000,13,33638000,12,33623000,13,33639000,11,33622000,22,33640000,14,33621000,11,33641000,16
33629000,1,33630000,2,33628000,5,33631000,5,33627000,8,33632000,5,33626000,11,33633000,8,33625000,8,33634000,11,33624000,12,33635000,9,33623000,12,33636000,9,33622000,21,33637000,10,33621000,11,33638000,12,33620000,11,33639000,12
33630000,3,33632000,5,33629000,5,33633000,4,33628000,5,33634000,9,33627000,7,33635000,7,33626000,7,33636000,9,33625000,10,33637000,9,33624000,14,33638000,12,33623000,15,33639000,11,33622000,12,33640000,14,33621000,12,33641000,16
33633000,4,33635000,2,33632000,6,33636000,7,33631000,8,33637000,10,33630000,7,33638000,12,33629000,5,33639000,9,33628000,8,33640000,12,33627000,8,33641000,16,33626000,10,33642000,15,33625000,9,33643000,11,33624000,13,33644000,15
33632000,1,33633000,2,33631000,3,33634000,8,33630000,6,33635000,7,33629000,4,33636000,7,33628000,8,33637000,9,33627000,9,33638000,13,33626000,8,33639000,10,33625000,9,33640000,13,33624000,12,33641000,17,33623000,13,33642000,15
33633000,3,33635000,3,33632000,15,33636000,5,33631000,7,33637000,12,33630000,5,33638000,10,33629000,5,33639000,9,33628000,11,33640000,13,33627000,9,33641000,17,33626000,10,33642000,15,33625000,9,33643000,11,33624000,14,33644000,15
33637000,1,33638000,6,33636000,4,33639000,8,33635000,5,33640000,12,33634000,8,33641000,14,33633000,10,33642000,13,33632000,5,33643000,11,33631000,10,33644000,16,33630000,10,33645000,20,33629000,8,33646000,15,33628000,12,33647000,10
33636000,2,33638000,5,33635000,6,33639000,5,33634000,8,33640000,7,33633000,10,33641000,9,33632000,7,33642000,11,33631000,11,33643000,10,33630000,11,33644000,17,33629000,8,33645000,20,33628000,10,33646000,14,33627000,9,33647000,11
33632000,4,33634000,3,33631000,6,33635000,5,33630000,6,33636000,7,33629000,6,33637000,8,33628000,9,33638000,10,33627000,11,33639000,10,33626000,12,33640000,12,33625000,11,33641000,12,33624000,16,33642000,12,33623000,14,33643000,9
33633000,2,33635000,5,33632000,5,33636000,7,33631000,5,33637000,9,33630000,6,33638000,11,33629000,7,33639000,9,33628000,10,33640000,13,33627000,10,33641000,12,33626000,11,33642000,11,33625000,11,33643000,10,33624000,16,33644000,15
33632000,4,33635000,5,33631000,5,33636000,5,33630000,6,33637000,5,33629000,9,33638000,10,33628000,13,33639000,9,33627000,9,33640000,13,33626000,12,33641000,12,33625000,10,33642000,12,33624000,15,33643000,12,33623000,15,33644000,15
33629000,1,33630000,1,33628000,6,33631000,5,33627000,6,33632000,7,33626000,9,33633000,6,33625000,10,33634000,8,33624000,16,33635000,10,33623000,14,33636000,11,33622000,13,33637000,10,33621000,13,33638000,12,33620000,14,33639000,10
33625000,1,33626000,3,33624000,5,33627000,5,33623000,11,33628000,6,33622000,11,33629000,5,33621000,12,33630000,7,33620000,12,33631000,9,33619000,9,33632000,11,33618000,13,33633000,9,33617000,7,33634000,12,33616000,11,33635000,11
33622000,1,33623000,2,33621000,5,33624000,4,33620000,7,33625000,6,33619000,11,33626000,5,33618000,13,33627000,7,33617000,9,33628000,10,33616000,11,33629000,8,33615000,11,33630000,12,33614000,9,33631000,9,33613000,10,33632000,12
33620000,1,33621000,3,33619000,4,33622000,5,33618000,11,33623000,5,33617000,8,33624000,5,33616000,12,33625000,6,33615000,14,33626000,7,33614000,10,33627000,8,33613000,11,33628000,11,33612000,12,33629000,8,33611000,7,33630000,12
33622000,2,33623000,1,33621000,6,33624000,3,33620000,7,33625000,7,33619000,5,33626000,4,33618000,6,33627000,7,33617000,11,33628000,10,33616000,11,33629000,9,33615000,9,33630000,11,33614000,11,33631000,9,33613000,12,33632000,14
33621000,3,33623000,3,33620000,9,33624000,4,33619000,4,33625000,6,33618000,6,33626000,6,33617000,7,33627000,8,33616000,8,33628000,12,33615000,10,33629000,9,33614000,11,33630000,12,33613000,12,33631000,8,33612000,13,33632000,14
33621000,1,33623000,6,33620000,5,33624000,4,33619000,6,33625000,8,33618000,5,33626000,6,33617000,5,33627000,9,33616000,9,33628000,11,33615000,12,33629000,9,33614000,11,33630000,11,33613000,13,33631000,8,33612000,15,33632000,14
33618000,3,33620000,1,33617000,5,33621000,6,33616000,7,33622000,7,33615000,10,33623000,7,33614000,9,33624000,8,33613000,14,33625000,10,33612000,14,33626000,6,33611000,10,33627000,9,33610000,11,33628000,12,33609000,10,33629000,9
33621000,1,33623000,4,33620000,4,33624000,6,33619000,4,33625000,8,33618000,6,33626000,7,33617000,5,33627000,9,33616000,9,33628000,11,33615000,12,33629000,8,33614000,11,33630000,10,33613000,14,33631000,9,33612000,15,33632000,14
33620000,3,33621000,1,33619000,4,33622000,3,33618000,6,33623000,5,33617000,6,33624000,6,33616000,11,33625000,7,33615000,12,33626000,7,33614000,11,33627000,10,33613000,14,33628000,11,33612000,14,33629000,8,33611000,10,33630000,10
33622000,5,33623000,1,33620000,5,33624000,6,33619000,6,33625000,7,33618000,6,33626000,6,33617000,7,33627000,10,33616000,11,33628000,11,33615000,12,33629000,8,33614000,11,33630000,10,33613000,13,33631000,9,33612000,14,33632000,14
33626000,1,33627000,2,33625000,5,33628000,6,33624000,5,33629000,6,33623000,6,33630000,9,33622000,8,33631000,8,33621000,6,33632000,13,33620000,7,33633000,10,33619000,10,33634000,13,33618000,11,33635000,9,33617000,9,33636000,17
33624000,1,33625000,3,33623000,5,33626000,5,33622000,3,33627000,4,33621000,4,33628000,5,33620000,7,33629000,7,33619000,10,33630000,9,33618000,11,33631000,9,33617000,8,33632000,15,33616000,12,33633000,10,33615000,12,33634000,14
33625000,2,33627000,3,33624000,4,33628000,9,33623000,7,33629000,9,33622000,7,33630000,8,33621000,6,33631000,8,33620000,10,33632000,13,33619000,10,33633000,37,33618000,11,33634000,14,33617000,10,33635000,11,33616000,12,33636000,17
33624000,1,33625000,4,33623000,3,33626000,5,33622000,7,33627000,5,33621000,9,33628000,6,33620000,8,33629000,9,33619000,10,33630000,11,33618000,10,33631000,10,33617000,8,33632000,17,33616000,11,33633000,36,33615000,11,33634000,14
33626000,2,33627000,1,33625000,6,33628000,6,33624000,5,33629000,8,33623000,7,33630000,10,33622000,6,33631000,10,33621000,7,33632000,16,33620000,9,33633000,36,33619000,10,33634000,13,33618000,11,33635000,11,33617000,9,33636000,16
33625000,2,33627000,4,33624000,5,33628000,6,33623000,7,33629000,7,33622000,7,33630000,11,33621000,9,33631000,8,33620000,10,33632000,16,33619000,10,33633000,37,33618000,10,33634000,14,33617000,8,33635000,11,33616000,11,33636000,16
33619000,1,33620000,1,33618000,5,33621000,3,33617000,6,33622000,5,33616000,8,33623000,5,33615000,13,33624000,8,33614000,9,33625000,9,33613000,12,33626000,9,33612000,13,33627000,9,33611000,11,33628000,12,33610000,10,33629000,10
33623000,1,33624000,5,33622000,2,33625000,8,33621000,3,33626000,7,33620000,5,33627000,9,33619000,6,33628000,10,33618000,6,33629000,10,33617000,8,33630000,13,33616000,12,33631000,9,33615000,11,33632000,17,33614000,11,33633000,37
33620000,2,33621000,2,33619000,6,33622000,5,33618000,5,33623000,5,33617000,6,33624000,6,33616000,10,33625000,6,33615000,12,33626000,9,33614000,11,33627000,10,33613000,12,33628000,11,33612000,13,33629000,11,33611000,11,33630000,13
33617000,1,33618000,2,33616000,3,33619000,3,33615000,7,33620000,7,33614000,8,33621000,7,33613000,11,33622000,8,33612000,10,33623000,8,33611000,12,33624000,10,33610000,11,33625000,10,33609000,10,33626000,8,33608000,11,33627000,9
33614000,1,33616000,5,33613000,5,33617000,7,33612000,6,33618000,8,33611000,8,33619000,7,33610000,11,33620000,8,33609000,10,33621000,9,33608000,14,33622000,11,33607000,11,33623000,8,33606000,11,33624000,10,33605000,12,33625000,9
33612000,4,33615000,6,33611000,4,33616000,7,33610000,8,33617000,7,33609000,8,33618000,9,33608000,12,33619000,9,33607000,13,33620000,7,33606000,11,33621000,10,33605000,11,33622000,9,33604000,11,33623000,7,33603000,15,33624000,10
33613000,2,33614000,3,33612000,4,33615000,10,33611000,5,33616000,9,33610000,6,33617000,9,33609000,7,33618000,10,33608000,9,33619000,8,33607000,13,33620000,10,33606000,13,33621000,10,33605000,11,33622000,9,33604000,11,33623000,8
33612000,2,33614000,4,33611000,6,33615000,7,33610000,6,33616000,7,33609000,8,33617000,8,33608000,9,33618000,9,33607000,13,33619000,8,33606000,13,33620000,10,33605000,11,33621000,11,33604000,10,33622000,9,33603000,13,33623000,8
33608000,5,33610000,2,33607000,6,33611000,5,33606000,11,33612000,6,33605000,12,33613000,8,33604000,12,33614000,6,33603000,13,33615000,11,33602000,11,33616000,11,33601000,11,33617000,10,33600000,18,33618000,9,33599000,13,33619000,12
33605000,2,33607000,5,33604000,7,33608000,6,33603000,13,33609000,7,33602000,10,33610000,8,33601000,11,33611000,8,33600000,16,33612000,11,33599000,13,33613000,11,33598000,14,33614000,9,33597000,15,33615000,12,33596000,14,33616000,11
33608000,2,33610000,8,33607000,6,33611000,7,33606000,9,33612000,9,33605000,8,33613000,8,33604000,9,33614000,6,33603000,14,33615000,12,33602000,12,33616000,11,33601000,10,33617000,7,33600000,15,33618000,11,33599000,14,33619000,12
33605000,3,33607000,4,33604000,7,33608000,6,33603000,12,33609000,6,33602000,12,33610000,14,33601000,9,33611000,9,33600000,15,33612000,12,33599000,14,33613000,12,33598000,13,33614000,10,33597000,13,33615000,12,33596000,14,33616000,11
33606000,3,33608000,3,33605000,5,33609000,5,33604000,9,33610000,9,33603000,10,33611000,10,33602000,10,33612000,11,33601000,11,33613000,12,33600000,16,33614000,9,33599000,14,33615000,13,33598000,14,33616000,12,33597000,13,33617000,8
33605000,1,33606000,3,33604000,7,33607000,6,33603000,10,33608000,6,33602000,10,33609000,6,33601000,9,33610000,10,33600000,14,33611000,11,33599000,14,33612000,12,33598000,14,33613000,12,33597000,13,33614000,10,33596000,15,33615000,13
33603000,3,33604000,1,33602000,6,33605000,3,33601000,6,33606000,4,33600000,16,33607000,8,33599000,11,33608000,8,33598000,12,33609000,10,33597000,14,33610000,9,33596000,15,33611000,10,33595000,12,33612000,13,33594000,13,33613000,13
33604000,7,33606000,2,33603000,8,33607000,4,33602000,8,33608000,7,33601000,7,33609000,7,33600000,14,33610000,8,33599000,13,33611000,11,33598000,14,33612000,13,33597000,15,33613000,13,33596000,16,33614000,10,33595000,11,33615000,13
33604000,3,33606000,2,33603000,6,33607000,7,33602000,8,33608000,7,33601000,7,33609000,7,33600000,13,33610000,8,33599000,13,33611000,12,33598000,14,33612000,13,33597000,15,33613000,13,33596000,16,33614000,10,33595000,11,33615000,13
33603000,1,33605000,4,33602000,12,33606000,8,33601000,7,33607000,8,33600000,12,33608000,13,33599000,10,33609000,12,33598000,10,33610000,11,33597000,15,33611000,10,33596000,17,33612000,16,33595000,11,33613000,14,33594000,14,33614000,12
33602000,8,33603000,6,33601000,7,33604000,6,33600000,12,33605000,9,33599000,10,33606000,9,33598000,11,33607000,10,33597000,15,33608000,13,33596000,16,33609000,17,33595000,11,33610000,12,33594000,14,33611000,10,33593000,16,33612000,16
33599000,5,33600000,2,33598000,5,33601000,5,33597000,9,33602000,4,33596000,12,33603000,6,33595000,9,33604000,12,33594000,14,33605000,11,33593000,16,33606000,10,33592000,9,33607000,12,33591000,14,33608000,17,33590000,22,33609000,17
33599000,1,33601000,6,33598000,6,33602000,6,33597000,5,33603000,8,33596000,5,33604000,14,33595000,7,33605000,12,33594000,12,33606000,11,33593000,17,33607000,12,33592000,12,33608000,15,33591000,14,33609000,16,33590000,22,33610000,11
33599000,1,33601000,6,33598000,6,33602000,6,33597000,5,33603000,8,33596000,5,33604000,14,33595000,7,33605000,12,33594000,12,33606000,11,33593000,17,33607000,12,33592000,12,33608000,15,33591000,14,33609000,16,33590000,22,33610000,11
33596000,1,33597000,1,33595000,1,33598000,6,33594000,8,33599000,10,33593000,9,33600000,11,33592000,6,33601000,10,33591000,11,33602000,7,33590000,20,33603000,9,33589000,9,33604000,15,33588000,13,33605000,11,33587000,10,33606000,11
33598000,3,33600000,4,33597000,6,33601000,10,33596000,7,33602000,6,33595000,7,33603000,7,33594000,7,33604000,13,33593000,17,33605000,12,33592000,10,33606000,15,33591000,14,33607000,12,33590000,22,33608000,17,33589000,14,33609000,17
33598000,1,33599000,4,33597000,6,33600000,4,33596000,6,33601000,7,33595000,8,33602000,21,33594000,7,33603000,8,33593000,18,33604000,14,33592000,12,33605000,11,33591000,14,33606000,15,33590000,21,33607000,12,33589000,15,33608000,18
33599000,2,33600000,1,33598000,7,33601000,4,33597000,6,33602000,5,33596000,7,33603000,9,33595000,5,33604000,15,33594000,7,33605000,12,33593000,18,33606000,15,33592000,12,33607000,11,33591000,14,33608000,16,33590000,22,33609000,15
33601000,12,33603000,4,33600000,3,33604000,11,33599000,4,33605000,9,33598000,7,33606000,13,33597000,7,33607000,12,33596000,9,33608000,16,33595000,8,33609000,17,33594000,11,33610000,14,33593000,19,33611000,11,33592000,12,33612000,18
33605000,1,33606000,2,33604000,4,33607000,8,33603000,6,33608000,12,33602000,4,33609000,14,33601000,12,33610000,13,33600000,5,33611000,12,33599000,11,33612000,16,33598000,11,33613000,12,33597000,11,33614000,14,33596000,11,33615000,13
33603000,4,33604000,1,33602000,2,33605000,7,33601000,2,33606000,7,33600000,6,33607000,8,33599000,6,33608000,11,33598000,8,33609000,15,33597000,8,33610000,13,33596000,9,33611000,12,33595000,18,33612000,16,33594000,12,33613000,13
33603000,5,33606000,5,33602000,4,33607000,8,33601000,5,33608000,13,33600000,5,33609000,14,33599000,5,33610000,11,33598000,8,33611000,13,33597000,9,33612000,15,33596000,10,33613000,11,33595000,18,33614000,14,33594000,12,33615000,12
33601000,1,33603000,3,33600000,5,33604000,7,33599000,3,33605000,7,33598000,8,33606000,7,33597000,6,33607000,8,33596000,8,33608000,12,33595000,18,33609000,16,33594000,11,33610000,16,33593000,17,33611000,12,33592000,11,33612000,15
33600000,4,33601000,1,33599000,3,33602000,5,33598000,7,33603000,7,33597000,6,33604000,7,33596000,7,33605000,7,33595000,18,33606000,8,33594000,13,33607000,11,33593000,17,33608000,14,33592000,11,33609000,17,33591000,11,33610000,16
33596000,1,33597000,1,33595000,16,33598000,6,33594000,10,33599000,5,33593000,17,33600000,5,33592000,9,33601000,7,33591000,13,33602000,10,33590000,26,33603000,11,33589000,11,33604000,13,33588000,13,33605000,13,33587000,9,33606000,11
33599000,3,33601000,2,33598000,6,33602000,5,33597000,5,33603000,10,33596000,6,33604000,10,33595000,16,33605000,11,33594000,11,33606000,11,33593000,15,33607000,10,33592000,12,33608000,13,33591000,14,33609000,16,33590000,25,33610000,14
33604000,2,33605000,2,33603000,4,33606000,4,33602000,5,33607000,7,33601000,4,33608000,11,33600000,5,33609000,15,33599000,7,33610000,13,33598000,12,33611000,12,33597000,8,33612000,15,33596000,9,33613000,10,33595000,17,33614000,13
33606000,1,33608000,5,33605000,10,33609000,15,33604000,6,33610000,12,33603000,6,33611000,10,33602000,4,33612000,12,33601000,7,33613000,12,33600000,10,33614000,15,33599000,11,33615000,9,33598000,13,33616000,14,33597000,9,33617000,7
33604000,1,33605000,2,33603000,6,33607000,5,33602000,13,33608000,7,33601000,7,33609000,15,33600000,10,33610000,12,33599000,10,33611000,13,33598000,12,33612000,15,33597000,9,33613000,11,33596000,9,33614000,15,33595000,18,33615000,8
33602000,11,33603000,2,33601000,5,33604000,6,33600000,6,33605000,7,33599000,8,33606000,9,33598000,8,33607000,8,33597000,10,33608000,14,33596000,9,33609000,16,33595000,17,33610000,15,33594000,13,33611000,13,33593000,13,33612000,15
33604000,1,33605000,2,33603000,4,33606000,8,33602000,6,33607000,8,33601000,5,33608000,13,33600000,3,33609000,16,33599000,8,33610000,16,33598000,11,33611000,11,33597000,10,33612000,14,33596000,10,33613000,11,33595000,19,33614000,13
33607000,10,33608000,9,33606000,4,33609000,14,33605000,4,33610000,12,33604000,5,33611000,9,33603000,4,33612000,12,33602000,6,33613000,11,33601000,8,33614000,14,33600000,8,33615000,8,33599000,10,33616000,14,33598000,12,33617000,7
33609000,5,33611000,1,33608000,4,33612000,8,33607000,11,33613000,8,33606000,5,33614000,13,33605000,4,33615000,9,33604000,7,33616000,14,33603000,8,33617000,9,33602000,11,33618000,14,33601000,11,33619000,8,33600000,9,33620000,10
33609000,5,33612000,6,33608000,4,33613000,5,33607000,3,33614000,7,33606000,6,33615000,7,33605000,8,33616000,14,33604000,8,33617000,11,33603000,10,33618000,16,33602000,10,33619000,10,33601000,10,33620000,11,33600000,10,33621000,10
33609000,5,33612000,6,33608000,4,33613000,5,33607000,3,33614000,7,33606000,6,33615000,7,33605000,8,33616000,14,33604000,8,33617000,11,33603000,10,33618000,16,33602000,10,33619000,10,33601000,10,33620000,11,33600000,10,33621000,10
33609000,5,33612000,6,33608000,4,33613000,5,33607000,3,33614000,7,33606000,6,33615000,7,33605000,8,33616000,14,33604000,8,33617000,11,33603000,10,33618000,16,33602000,10,33619000,10,33601000,10,33620000,11,33600000,10,33621000,10
33609000,5,33612000,6,33608000,4,33613000,5,33607000,3,33614000,7,33606000,6,33615000,7,33605000,8,33616000,14,33604000,8,33617000,11,33603000,10,33618000,16,33602000,10,33619000,10,33601000,10,33620000,11,33600000,10,33621000,10
33603000,1,33604000,3,33602000,1,33605000,6,33601000,3,33606000,6,33600000,7,33607000,7,33599000,7,33608000,11,33598000,9,33609000,14,33597000,9,33610000,10,33596000,9,33611000,14,33595000,21,33612000,12,33594000,14,33613000,8
33604000,2,33606000,2,33603000,4,33607000,4,33602000,2,33608000,10,33601000,4,33609000,10,33600000,8,33610000,9,33599000,8,33611000,14,33598000,13,33612000,13,33597000,10,33613000,8,33596000,11,33614000,12,33595000,19,33615000,11
33603000,3,33605000,4,33602000,5,33606000,4,33601000,4,33607000,6,33600000,4,33608000,10,33599000,8,33609000,10,33598000,13,33610000,10,33597000,10,33611000,13,33596000,11,33612000,12,33595000,20,33613000,9,33594000,13,33614000,13
33600000,3,33601000,4,33599000,4,33602000,5,33598000,9,33603000,4,33597000,8,33604000,6,33596000,7,33605000,7,33595000,20,33606000,7,33594000,13,33607000,8,33593000,11,33608000,12,33592000,11,33609000,13,33591000,11,33610000,11
33595000,11,33597000,4,33594000,7,33598000,7,33593000,16,33599000,8,33592000,8,33600000,7,33591000,9,33601000,9,33590000,23,33602000,9,33589000,12,33603000,11,33588000,12,33604000,12,33587000,11,33605000,13,33586000,11,33606000,10
33592000,4,33594000,2,33591000,8,33595000,4,33590000,22,33596000,6,33589000,10,33597000,6,33588000,12,33598000,9,33587000,12,33599000,13,33586000,11,33600000,15,33585000,11,33601000,10,33584000,10,33602000,12,33583000,8,33603000,11
33595000,1,33597000,3,33594000,4,33598000,6,33593000,4,33599000,9,33592000,4,33600000,12,33591000,9,33601000,9,33590000,21,33602000,10,33589000,10,33603000,12,33588000,15,33604000,10,33587000,13,33605000,10,33586000,13,33606000,11
33590000,16,33592000,4,33589000,5,33593000,5,33588000,11,33594000,6,33587000,10,33595000,6,33586000,8,33596000,7,33585000,12,33597000,12,33584000,10,33598000,13,33583000,9,33599000,12,33582000,16,33600000,14,33581000,8,33601000,9
33591000,6,33593000,1,33590000,10,33594000,6,33589000,8,33595000,10,33588000,10,33596000,8,33587000,12,33597000,9,33586000,11,33598000,11,33585000,12,33599000,12,33584000,11,33600000,14,33583000,9,33601000,9,33582000,16,33602000,12
33590000,6,33592000,5,33589000,7,33593000,6,33588000,9,33594000,8,33587000,11,33595000,7,33586000,8,33596000,8,33585000,11,33597000,11,33584000,10,33598000,12,33583000,8,33599000,12,33582000,16,33600000,18,33581000,8,33601000,8
33586000,3,33587000,2,33585000,7,33588000,3,33584000,8,33589000,6,33583000,11,33590000,6,33582000,17,33591000,7,33581000,10,33592000,10,33580000,15,33593000,11,33579000,19,33594000,13,33578000,18,33595000,9,33577000,7,33596000,11
33585000,1,33586000,3,33584000,4,33587000,6,33583000,7,33588000,4,33582000,15,33589000,6,33581000,10,33590000,9,33580000,14,33591000,11,33579000,19,33592000,11,33578000,19,33593000,12,33577000,9,33594000,13,33576000,12,33595000,9
33580000,9,33581000,2,33579000,15,33582000,2,33578000,14,33583000,7,33577000,8,33584000,8,33576000,10,33585000,8,33575000,17,33586000,11,33574000,12,33587000,13,33573000,9,33588000,9,33572000,12,33589000,10,33571000,13,33590000,13
33578000,7,33579000,5,33577000,1,33580000,7,33576000,6,33581000,7,33575000,17,33582000,9,33574000,9,33583000,10,33573000,12,33584000,13,33572000,13,33585000,11,33571000,13,33586000,15,33570000,13,33587000,12,33569000,11,33588000,10
33575000,14,33578000,6,33574000,6,33579000,6,33573000,8,33580000,9,33572000,12,33581000,9,33571000,14,33582000,12,33570000,15,33583000,11,33569000,13,33584000,15,33568000,9,33585000,12,33567000,11,33586000,14,33566000,16,33587000,12
33578000,1,33579000,1,33577000,3,33580000,6,33576000,5,33581000,9,33575000,13,33582000,12,33574000,6,33583000,9,33573000,8,33584000,13,33572000,13,33585000,13,33571000,15,33586000,14,33570000,16,33587000,12,33569000,13,33588000,11
33580000,2,33581000,1,33579000,5,33582000,6,33578000,6,33583000,8,33577000,6,33584000,10,33576000,8,33585000,10,33575000,14,33586000,13,33574000,9,33587000,13,33573000,12,33588000,13,33572000,15,33589000,10,33571000,17,33590000,13
33578000,1,33579000,2,33577000,3,33580000,7,33576000,7,33581000,9,33575000,15,33582000,9,33574000,9,33583000,7,33573000,12,33584000,11,33572000,15,33585000,14,33571000,17,33586000,12,33570000,14,33587000,11,33569000,12,33588000,12
33575000,8,33576000,2,33574000,5,33577000,6,33573000,8,33578000,6,33572000,11,33579000,8,33571000,16,33580000,9,33570000,15,33581000,10,33569000,14,33582000,14,33568000,9,33583000,10,33567000,13,33584000,13,33566000,14,33585000,15
33572000,5,33575000,2,33571000,14,33576000,7,33570000,13,33577000,10,33569000,14,33578000,9,33568000,12,33579000,12,33567000,13,33580000,13,33566000,15,33581000,14,33565000,7,33582000,16,33564000,11,33583000,9,33563000,9,33584000,12
33575000,3,33577000,2,33574000,5,33578000,7,33573000,6,33579000,10,33572000,6,33580000,13,33571000,12,33581000,12,33570000,17,33582000,14,33569000,16,33583000,9,33568000,13,33584000,12,33567000,13,33585000,15,33566000,14,33586000,13
33575000,4,33577000,1,33574000,5,33578000,6,33573000,5,33579000,8,33572000,5,33580000,12,33571000,12,33581000,10,33570000,18,33582000,15,33569000,16,33583000,11,33568000,12,33584000,13,33567000,12,33585000,16,33566000,14,33586000,13
33579000,2,33581000,2,33578000,6,33582000,10,33577000,8,33583000,10,33576000,7,33584000,11,33575000,11,33585000,15,33574000,10,33586000,13,33573000,11,33587000,11,33572000,11,33588000,12,33571000,15,33589000,11,33570000,18,33590000,14
33580000,1,33581000,1,33579000,6,33582000,6,33578000,7,33583000,3,33577000,8,33584000,11,33576000,7,33585000,14,33575000,10,33586000,12,33574000,10,33587000,11,33573000,11,33588000,13,33572000,12,33589000,11,33571000,14,33590000,14
33575000,3,33576000,3,33574000,5,33577000,4,33573000,6,33578000,7,33572000,10,33579000,7,33571000,16,33580000,8,33570000,16,33581000,14,33569000,15,33582000,11,33568000,11,33583000,10,33567000,12,33584000,14,33566000,12,33585000,15
33572000,2,33573000,3,33571000,14,33574000,4,33570000,14,33575000,8,33569000,12,33576000,4,33568000,10,33577000,6,33567000,13,33578000,10,33566000,12,33579000,11,33565000,8,33580000,12,33564000,11,33581000,14,33563000,9,33582000,13
33569000,4,33571000,4,33568000,4,33572000,7,33567000,10,33573000,9,33566000,12,33574000,8,33565000,10,33575000,15,33564000,11,33576000,11,33563000,11,33577000,15,33562000,20,33578000,14,33561000,10,33579000,14,33560000,14,33580000,13
33566000,3,33568000,2,33565000,5,33569000,4,33564000,7,33570000,9,33563000,12,33571000,12,33562000,21,33572000,11,33561000,9,33573000,13,33560000,15,33574000,12,33559000,9,33575000,17,33558000,14,33576000,13,33557000,8,33577000,14
33565000,4,33567000,1,33564000,6,33568000,6,33563000,9,33569000,5,33562000,21,33570000,9,33561000,11,33571000,11,33560000,15,33572000,13,33559000,9,33573000,15,33558000,14,33574000,13,33557000,8,33575000,16,33556000,10,33576000,13
33564000,4,33566000,3,33563000,8,33567000,7,33562000,17,33568000,12,33561000,8,33569000,8,33560000,13,33570000,9,33559000,12,33571000,14,33558000,15,33572000,15,33557000,10,33573000,15,33556000,11,33574000,12,33555000,14,33575000,16
33563000,2,33565000,3,33562000,12,33566000,8,33561000,8,33567000,12,33560000,13,33568000,9,33559000,12,33569000,7,33558000,15,33570000,14,33557000,8,33571000,14,33556000,11,33572000,14,33555000,14,33573000,15,33554000,12,33574000,12
33561000,2,33562000,2,33560000,8,33563000,4,33559000,8,33564000,7,33558000,13,33565000,7,33557000,10,33566000,8,33556000,10,33567000,15,33555000,12,33568000,12,33554000,12,33569000,10,33553000,8,33570000,16,33552000,13,33571000,13
33562000,1,33563000,2,33561000,6,33564000,5,33560000,6,33565000,6,33559000,7,33566000,8,33558000,10,33567000,14,33557000,11,33568000,11,33556000,11,33569000,10,33555000,13,33570000,16,33554000,9,33571000,12,33553000,8,33572000,16
33561000,2,33563000,3,33560000,10,33564000,4,33559000,7,33565000,7,33558000,9,33566000,5,33557000,11,33567000,9,33556000,11,33568000,9,33555000,17,33569000,12,33554000,11,33570000,13,33553000,9,33571000,13,33552000,13,33572000,16
33561000,2,33563000,3,33560000,5,33564000,6,33559000,7,33565000,9,33558000,7,33566000,7,33557000,7,33567000,12,33556000,10,33568000,11,33555000,18,33569000,11,33554000,19,33570000,12,33553000,10,33571000,12,33552000,13,33572000,16
33560000,2,33562000,3,33559000,7,33563000,5,33558000,7,33564000,6,33557000,7,33565000,9,33556000,10,33566000,7,33555000,18,33567000,14,33554000,19,33568000,11,33553000,10,33569000,11,33552000,13,33570000,12,33551000,12,33571000,12
33561000,1,33563000,4,33560000,6,33564000,6,33559000,6,33565000,8,33558000,7,33566000,7,33557000,8,33567000,12,33556000,11,33568000,11,33555000,17,33569000,11,33554000,18,33570000,13,33553000,10,33571000,12,33552000,13,33572000,16
33559000,7,33561000,1,33558000,6,33562000,6,33557000,7,33563000,7,33556000,9,33564000,6,33555000,15,33565000,9,33554000,9,33566000,9,33553000,10,33567000,13,33552000,13,33568000,12,33551000,12,33569000,11,33550000,14,33570000,13
33557000,2,33559000,2,33556000,5,33560000,5,33555000,12,33561000,6,33554000,14,33562000,9,33553000,14,33563000,7,33552000,14,33564000,11,33551000,11,33565000,12,33550000,15,33566000,14,33549000,13,33567000,14,33548000,10,33568000,10
33558000,1,33559000,1,33557000,3,33560000,5,33556000,5,33561000,6,33555000,12,33562000,9,33554000,14,33563000,8,33553000,14,33564000,11,33552000,14,33565000,12,33551000,11,33566000,13,33550000,15,33567000,14,33549000,13,33568000,10
33561000,4,33562000,3,33559000,2,33563000,6,33558000,4,33564000,8,33557000,5,33565000,8,33556000,6,33566000,8,33555000,15,33567000,14,33554000,17,33568000,11,33553000,17,33569000,10,33552000,16,33570000,13,33551000,10,33571000,10
33558000,5,33560000,1,33557000,6,33561000,4,33556000,5,33562000,3,33555000,11,33563000,5,33554000,14,33564000,7,33553000,16,33565000,11,33552000,15,33566000,11,33551000,10,33567000,14,33550000,14,33568000,12,33549000,14,33569000,11
33560000,1,33561000,3,33559000,8,33562000,3,33558000,2,33563000,5,33557000,4,33564000,9,33556000,4,33565000,13,33555000,11,33566000,9,33554000,15,33567000,15,33553000,16,33568000,11,33552000,13,33569000,10,33551000,10,33570000,13
33558000,1,33560000,4,33557000,4,33561000,4,33556000,4,33562000,7,33555000,11,33563000,7,33554000,15,33564000,10,33553000,15,33565000,14,33552000,13,33566000,10,33551000,10,33567000,15,33550000,14,33568000,12,33549000,12,33569000,10
33560000,1,33561000,1,33559000,4,33562000,4,33558000,6,33563000,8,33557000,5,33564000,9,33556000,4,33565000,10,33555000,12,33566000,8,33554000,17,33567000,16,33553000,11,33568000,10,33552000,15,33569000,10,33551000,13,33570000,13
33563000,1,33564000,1,33562000,5,33565000,9,33561000,14,33566000,6,33560000,3,33567000,13,33559000,5,33568000,7,33558000,7,33569000,11,33557000,9,33570000,14,33556000,9,33571000,10,33555000,12,33572000,14,33554000,19,33573000,18
33561000,12,33562000,3,33560000,3,33563000,1,33559000,5,33564000,4,33558000,7,33565000,6,33557000,10,33566000,7,33556000,10,33567000,10,33555000,12,33568000,9,33554000,11,33569000,12,33553000,10,33570000,14,33552000,14,33571000,11
33560000,2,33562000,4,33559000,5,33563000,4,33558000,6,33564000,4,33557000,9,33565000,7,33556000,7,33566000,7,33555000,11,33567000,13,33554000,12,33568000,10,33553000,10,33569000,12,33552000,14,33570000,13,33551000,12,33571000,10
33555000,4,33556000,2,33554000,10,33557000,6,33553000,14,33558000,4,33552000,11,33559000,4,33551000,10,33560000,7,33550000,15,33561000,8,33549000,13,33562000,13,33548000,10,33563000,11,33547000,13,33564000,10,33546000,13,33565000,12
33555000,4,33556000,2,33554000,10,33557000,6,33553000,14,33558000,4,33552000,11,33559000,4,33551000,10,33560000,7,33550000,15,33561000,8,33549000,13,33562000,13,33548000,10,33563000,11,33547000,13,33564000,10,33546000,13,33565000,12
33550000,8,33551000,2,33549000,9,33552000,2,33548000,6,33553000,78,33547000,10,33554000,2,33546000,10,33555000,9,33545000,9,33556000,10,33544000,10,33557000,8,33543000,10,33558000,7,33542000,10,33559000,7,33541000,20,33560000,10
33546000,5,33548000,1,33545000,5,33549000,6,33544000,7,33550000,59,33543000,7,33551000,7,33542000,6,33552000,9,33541000,19,33553000,81,33540000,25,33554000,7,33539000,11,33555000,14,33538000,9,33556000,11,33537000,8,33557000,9
33547000,4,33550000,57,33546000,6,33551000,8,33545000,10,33552000,10,33544000,8,33553000,84,33543000,11,33554000,8,33542000,11,33555000,21,33541000,21,33556000,15,33540000,26,33557000,10,33539000,11,33558000,12,33538000,9,33559000,7
33548000,2,33550000,6,33547000,6,33551000,8,33546000,7,33552000,9,33545000,9,33553000,84,33544000,9,33554000,9,33543000,10,33555000,21,33542000,12,33556000,15,33541000,22,33557000,12,33540000,26,33558000,13,33539000,10,33559000,7
33548000,2,33550000,6,33547000,6,33551000,8,33546000,7,33552000,9,33545000,9,33553000,84,33544000,9,33554000,9,33543000,10,33555000,21,33542000,12,33556000,15,33541000,22,33557000,12,33540000,26,33558000,13,33539000,10,33559000,7
33545000,4,33547000,1,33544000,7,33548000,2,33543000,7,33549000,10,33542000,8,33550000,8,33541000,20,33551000,8,33540000,24,33552000,13,33539000,9,33553000,86,33538000,10,33554000,13,33537000,7,33555000,20,33536000,9,33556000,15
33544000,9,33545000,51,33543000,9,33547000,1,33542000,10,33548000,6,33541000,21,33549000,8,33540000,26,33550000,5,33539000,10,33551000,7,33538000,9,33552000,10,33537000,7,33553000,6,33536000,9,33554000,13,33535000,7,33555000,23
33544000,4,33547000,2,33543000,4,33548000,4,33542000,31,33549000,8,33541000,19,33550000,5,33540000,27,33551000,11,33539000,11,33552000,10,33538000,9,33553000,8,33537000,7,33554000,15,33536000,9,33555000,24,33535000,7,33556000,14
33549000,4,33550000,5,33548000,2,33551000,6,33547000,3,33552000,6,33546000,7,33553000,8,33545000,7,33554000,11,33544000,7,33555000,25,33543000,11,33556000,15,33542000,37,33557000,11,33541000,21,33558000,13,33540000,29,33559000,8
33546000,2,33548000,3,33545000,6,33549000,6,33544000,6,33550000,6,33543000,8,33551000,7,33542000,33,33552000,7,33541000,20,33553000,10,33540000,28,33554000,15,33539000,12,33555000,24,33538000,10,33556000,15,33537000,7,33557000,11
33543000,4,33544000,1,33542000,28,33545000,5,33541000,18,33546000,7,33540000,25,33547000,6,33539000,10,33548000,6,33538000,10,33549000,11,33537000,10,33550000,8,33536000,9,33551000,10,33535000,7,33552000,13,33534000,13,33553000,12
33540000,17,33542000,5,33539000,7,33543000,10,33538000,6,33544000,6,33537000,8,33545000,8,33536000,11,33546000,8,33535000,7,33547000,9,33534000,11,33548000,11,33533000,13,33549000,13,33532000,10,33550000,12,33531000,12,33551000,10
33541000,4,33543000,5,33540000,6,33544000,5,33539000,7,33545000,7,33538000,22,33546000,9,33537000,6,33547000,10,33536000,9,33548000,13,33535000,9,33549000,12,33534000,15,33550000,14,33533000,15,33551000,8,33532000,13,33552000,12
33540000,2,33542000,3,33539000,5,33543000,8,33538000,22,33544000,5,33537000,5,33545000,7,33536000,8,33546000,9,33535000,9,33547000,11,33534000,14,33548000,14,33533000,15,33549000,12,33532000,12,33550000,14,33531000,12,33551000,8
33538000,17,33539000,1,33537000,4,33540000,6,33536000,8,33541000,6,33535000,5,33542000,5,33534000,12,33543000,9,33533000,14,33544000,9,33532000,13,33545000,12,33531000,12,33546000,13,33530000,30,33547000,11,33529000,8,33548000,13
33538000,17,33539000,1,33537000,4,33540000,6,33536000,8,33541000,6,33535000,5,33542000,5,33534000,12,33543000,9,33533000,14,33544000,9,33532000,13,33545000,12,33531000,12,33546000,13,33530000,30,33547000,11,33529000,8,33548000,13
33537000,3,33539000,1,33536000,6,33540000,4,33535000,6,33541000,10,33534000,5,33542000,10,33533000,12,33543000,12,33532000,11,33544000,13,33531000,10,33545000,11,33530000,30,33546000,12,33529000,9,33547000,10,33528000,12,33548000,12
33534000,2,33536000,4,33533000,10,33537000,7,33532000,7,33538000,5,33531000,11,33539000,5,33530000,29,33540000,5,33529000,9,33541000,14,33528000,15,33542000,13,33527000,8,33543000,13,33526000,9,33544000,13,33525000,20,33545000,11
33535000,1,33536000,1,33534000,5,33537000,5,33533000,9,33538000,5,33532000,6,33539000,9,33531000,8,33540000,6,33530000,27,33541000,15,33529000,8,33542000,13,33528000,17,33543000,14,33527000,9,33544000,12,33526000,9,33545000,10
33537000,1,33538000,3,33536000,4,33539000,5,33535000,5,33540000,8,33534000,6,33541000,11,33533000,11,33542000,11,33532000,9,33543000,13,33531000,12,33544000,12,33530000,29,33545000,11,33529000,10,33546000,13,33528000,16,33547000,11
33536000,3,33539000,4,33535000,5,33540000,8,33534000,5,33541000,10,33533000,11,33542000,10,33532000,8,33543000,11,33531000,12,33544000,12,33530000,29,33545000,12,33529000,10,33546000,14,33528000,16,33547000,11,33527000,8,33548000,13
33537000,1,33538000,1,33536000,4,33539000,2,33535000,5,33540000,8,33534000,5,33541000,10,33533000,11,33542000,10,33532000,8,33543000,12,33531000,12,33544000,12,33530000,29,33545000,12,33529000,10,33546000,14,33528000,16,33547000,11
33538000,3,33541000,6,33537000,4,33542000,7,33536000,5,33543000,9,33535000,6,33544000,9,33534000,7,33545000,14,33533000,12,33546000,14,33532000,12,33547000,11,33531000,12,33548000,11,33530000,28,33549000,11,33529000,9,33550000,14
33533000,4,33534000,1,33532000,6,33535000,4,33531000,8,33536000,5,33530000,26,33537000,5,33529000,8,33538000,10,33528000,18,33539000,6,33527000,9,33540000,16,33526000,9,33541000,10,33525000,19,33542000,13,33524000,12,33543000,14
33532000,5,33534000,1,33531000,10,33535000,4,33530000,27,33536000,5,33529000,7,33537000,5,33528000,17,33538000,12,33527000,9,33539000,7,33526000,9,33540000,17,33525000,19,33541000,12,33524000,12,33542000,13,33523000,8,33543000,14
33537000,4,33539000,1,33536000,6,33540000,4,33535000,6,33541000,7,33534000,5,33542000,9,33533000,8,33543000,11,33532000,14,33544000,12,33531000,15,33545000,13,33530000,30,33546000,13,33529000,9,33547000,10,33528000,16,33548000,11
33538000,2,33540000,2,33537000,5,33541000,5,33536000,6,33542000,7,33535000,7,33543000,9,33534000,6,33544000,12,33533000,9,33545000,14,33532000,14,33546000,15,33531000,16,33547000,10,33530000,30,33548000,11,33529000,9,33549000,11
33537000,1,33538000,1,33536000,3,33539000,2,33535000,6,33540000,6,33534000,5,33541000,7,33533000,9,33542000,7,33532000,12,33543000,8,33531000,13,33544000,11,33530000,29,33545000,14,33529000,9,33546000,17,33528000,17,33547000,11
33537000,3,33539000,1,33536000,4,33540000,6,33535000,7,33541000,7,33534000,5,33542000,7,33533000,9,33543000,8,33532000,12,33544000,11,33531000,13,33545000,13,33530000,29,33546000,18,33529000,9,33547000,11,33528000,17,33548000,11
33540000,4,33543000,5,33539000,5,33544000,10,33538000,5,33545000,9,33537000,5,33546000,14,33536000,5,33547000,10,33535000,9,33548000,11,33534000,9,33549000,12,33533000,11,33550000,13,33532000,14,33551000,8,33531000,13,33552000,14
33539000,1,33540000,1,33538000,5,33541000,3,33537000,6,33542000,4,33536000,5,33543000,7,33535000,10,33544000,7,33534000,6,33545000,10,33533000,11,33546000,13,33532000,15,33547000,12,33531000,13,33548000,15,33530000,30,33549000,14
33542000,3,33544000,1,33541000,4,33545000,8,33540000,6,33546000,8,33539000,5,33547000,9,33538000,6,33548000,11,33537000,7,33549000,15,33536000,8,33550000,14,33535000,12,33551000,8,33534000,9,33552000,13,33533000,11,33553000,10
33546000,4,33547000,1,33545000,1,33548000,8,33544000,5,33549000,9,33543000,5,33550000,11,33542000,5,33551000,9,33541000,4,33552000,14,33540000,7,33553000,11,33539000,9,33554000,15,33538000,12,33555000,20,33537000,9,33556000,12
33544000,3,33545000,1,33543000,3,33546000,2,33542000,5,33547000,4,33541000,4,33548000,4,33540000,7,33549000,13,33539000,9,33550000,12,33538000,12,33551000,9,33537000,11,33552000,13,33536000,9,33553000,15,33535000,11,33554000,15
33548000,2,33549000,1,33547000,3,33550000,8,33546000,10,33551000,7,33545000,6,33552000,9,33544000,4,33553000,13,33543000,7,33554000,14,33542000,8,33555000,21,33541000,10,33556000,12,33540000,14,33557000,9,33539000,8,33558000,12
33548000,4,33550000,2,33547000,3,33551000,6,33546000,10,33552000,8,33545000,6,33553000,12,33544000,5,33554000,11,33543000,9,33555000,21,33542000,9,33556000,13,33541000,10,33557000,9,33540000,13,33558000,13,33539000,7,33559000,5
33547000,1,33549000,4,33546000,4,33550000,6,33545000,6,33551000,8,33544000,6,33552000,7,33543000,8,33553000,14,33542000,8,33554000,14,33541000,12,33555000,22,33540000,14,33556000,12,33539000,8,33557000,9,33538000,11,33558000,13
33550000,1,33552000,6,33549000,5,33553000,10,33548000,5,33554000,11,33547000,5,33555000,18,33546000,5,33556000,13,33545000,9,33557000,10,33544000,11,33558000,14,33543000,11,33559000,5,33542000,12,33560000,11,33541000,12,33561000,12
33549000,2,33551000,5,33548000,4,33552000,4,33547000,5,33553000,10,33546000,5,33554000,11,33545000,10,33555000,19,33544000,11,33556000,12,33543000,11,33557000,10,33542000,12,33558000,14,33541000,12,33559000,6,33540000,14,33560000,11
33546000,2,33548000,3,33545000,7,33549000,8,33544000,8,33550000,6,33543000,11,33551000,10,33542000,9,33552000,10,33541000,12,33553000,11,33540000,15,33554000,15,33539000,7,33555000,19,33538000,10,33556000,15,33537000,9,33557000,9
33548000,4,33550000,4,33547000,5,33551000,9,33546000,5,33552000,10,33545000,7,33553000,9,33544000,9,33554000,12,33543000,12,33555000,19,33542000,10,33556000,15,33541000,12,33557000,9,33540000,15,33558000,13,33539000,8,33559000,7
33551000,3,33553000,5,33550000,8,33554000,9,33549000,8,33555000,16,33548000,12,33556000,10,33547000,7,33557000,7,33546000,6,33558000,14,33545000,13,33559000,8,33544000,11,33560000,12,33543000,12,33561000,8,33542000,10,33562000,18
33550000,3,33551000,1,33549000,8,33552000,4,33548000,9,33553000,5,33547000,17,33554000,7,33546000,8,33555000,12,33545000,13,33556000,10,33544000,11,33557000,9,33543000,12,33558000,12,33542000,11,33559000,11,33541000,11,33560000,13
33552000,1,33554000,4,33551000,7,33555000,11,33550000,9,33556000,10,33549000,8,33557000,7,33548000,10,33558000,13,33547000,18,33559000,11,33546000,10,33560000,12,33545000,14,33561000,9,33544000,11,33562000,17,33543000,13,33563000,8
33556000,2,33558000,6,33555000,5,33559000,7,33554000,5,33560000,10,33553000,9,33561000,9,33552000,7,33562000,17,33551000,10,33563000,10,33550000,8,33564000,13,33549000,12,33565000,11,33548000,12,33566000,12,33547000,20,33567000,15
33557000,1,33558000,1,33556000,5,33559000,3,33555000,5,33560000,10,33554000,5,33561000,8,33553000,9,33562000,15,33552000,9,33563000,10,33551000,12,33564000,12,33550000,11,33565000,12,33549000,12,33566000,12,33548000,12,33567000,12
33557000,2,33558000,2,33556000,4,33559000,4,33555000,6,33560000,10,33554000,5,33561000,8,33553000,9,33562000,15,33552000,9,33563000,10,33551000,11,33564000,13,33550000,11,33565000,12,33549000,12,33566000,12,33548000,13,33567000,12
33559000,1,33561000,5,33558000,6,33562000,12,33557000,6,33563000,6,33556000,8,33564000,9,33555000,8,33565000,13,33554000,7,33566000,11,33553000,12,33567000,13,33552000,11,33568000,12,33551000,11,33569000,9,33550000,10,33570000,13
33558000,4,33561000,4,33557000,6,33562000,12,33556000,8,33563000,5,33555000,8,33564000,8,33554000,9,33565000,12,33553000,11,33566000,13,33552000,11,33567000,13,33551000,11,33568000,12,33550000,10,33569000,10,33549000,12,33570000,13
33555000,4,33557000,2,33554000,5,33558000,4,33553000,9,33559000,6,33552000,8,33560000,12,33551000,8,33561000,10,33550000,10,33562000,14,33549000,13,33563000,9,33548000,11,33564000,12,33547000,21,33565000,11,33546000,12,33566000,13
33557000,3,33558000,2,33556000,6,33559000,5,33555000,7,33560000,12,33554000,5,33561000,9,33553000,8,33562000,13,33552000,9,33563000,9,33551000,10,33564000,12,33550000,11,33565000,11,33549000,13,33566000,13,33548000,11,33567000,12
33561000,2,33562000,6,33560000,6,33563000,4,33559000,6,33564000,8,33558000,6,33565000,8,33557000,5,33566000,12,33556000,8,33567000,13,33555000,10,33568000,11,33554000,10,33569000,10,33553000,11,33570000,13,33552000,10,33571000,10
33565000,2,33566000,2,33564000,4,33567000,4,33563000,5,33568000,6,33562000,6,33569000,9,33561000,6,33570000,12,33560000,6,33571000,13,33559000,8,33572000,15,33558000,11,33573000,13,33557000,9,33574000,18,33556000,11,33575000,11
33565000,4,33568000,5,33564000,4,33569000,6,33563000,8,33570000,10,33562000,6,33571000,12,33561000,6,33572000,12,33560000,7,33573000,14,33559000,8,33574000,19,33558000,11,33575000,11,33557000,9,33576000,14,33556000,11,33577000,8
33563000,5,33565000,2,33562000,5,33566000,5,33561000,7,33567000,4,33560000,6,33568000,6,33559000,7,33569000,8,33558000,10,33570000,9,33557000,9,33571000,12,33556000,10,33572000,15,33555000,11,33573000,14,33554000,10,33574000,19
33564000,3,33566000,1,33563000,5,33567000,7,33562000,7,33568000,7,33561000,6,33569000,6,33560000,6,33570000,7,33559000,7,33571000,12,33558000,11,33572000,15,33557000,9,33573000,14,33556000,10,33574000,18,33555000,11,33575000,12
33564000,3,33566000,1,33563000,5,33567000,7,33562000,7,33568000,7,33561000,6,33569000,6,33560000,6,33570000,7,33559000,7,33571000,12,33558000,11,33572000,15,33557000,9,33573000,14,33556000,10,33574000,18,33555000,11,33575000,12
33556000,4,33558000,3,33555000,7,33559000,5,33554000,6,33560000,4,33553000,9,33561000,6,33552000,11,33562000,4,33551000,12,33563000,9,33550000,12,33564000,11,33549000,13,33565000,15,33548000,11,33566000,14,33547000,10,33567000,14
33554000,2,33556000,3,33553000,7,33557000,4,33552000,10,33558000,5,33551000,9,33559000,7,33550000,9,33560000,5,33549000,13,33561000,8,33548000,11,33562000,8,33547000,9,33563000,11,33546000,12,33564000,13,33545000,13,33565000,15
33554000,4,33556000,3,33553000,4,33557000,3,33552000,2,33558000,5,33551000,7,33559000,7,33550000,14,33560000,6,33549000,11,33561000,7,33548000,10,33562000,10,33547000,9,33563000,8,33546000,11,33564000,10,33545000,11,33565000,13
33557000,2,33559000,3,33556000,4,33560000,4,33555000,4,33561000,4,33554000,6,33562000,7,33553000,6,33563000,7,33552000,5,33564000,8,33551000,8,33565000,12,33550000,15,33566000,13,33549000,14,33567000,13,33548000,9,33568000,13
33562000,1,33563000,5,33561000,1,33564000,5,33560000,3,33565000,9,33559000,6,33566000,10,33558000,10,33567000,15,33557000,8,33568000,12,33556000,8,33569000,15,33555000,10,33570000,13,33554000,9,33571000,10,33553000,9,33572000,12
33559000,5,33561000,2,33558000,9,33562000,5,33557000,7,33563000,6,33556000,4,33564000,5,33555000,9,33565000,11,33554000,8,33566000,10,33553000,9,33567000,14,33552000,8,33568000,14,33551000,10,33569000,15,33550000,20,33570000,13
33560000,3,33562000,2,33559000,9,33563000,4,33558000,9,33564000,5,33557000,7,33565000,10,33556000,4,33566000,9,33555000,11,33567000,14,33554000,9,33568000,14,33553000,9,33569000,15,33552000,8,33570000,13,33551000,10,33571000,10
33563000,1,33565000,2,33562000,6,33566000,4,33561000,5,33567000,9,33560000,7,33568000,9,33559000,12,33569000,12,33558000,12,33570000,12,33557000,11,33571000,12,33556000,9,33572000,12,33555000,9,33573000,15,33554000,8,33574000,17
33566000,8,33568000,4,33565000,2,33569000,10,33564000,5,33570000,8,33563000,6,33571000,9,33562000,4,33572000,11,33561000,9,33573000,16,33560000,11,33574000,17,33559000,12,33575000,17,33558000,14,33576000,15,33557000,21,33577000,9
33568000,1,33570000,2,33567000,4,33571000,7,33566000,12,33572000,7,33565000,3,33573000,13,33564000,7,33574000,15,33563000,7,33575000,17,33562000,8,33576000,15,33561000,9,33577000,11,33560000,11,33578000,13,33559000,15,33579000,12
33571000,5,33574000,7,33570000,5,33575000,13,33569000,8,33576000,12,33568000,7,33577000,11,33567000,10,33578000,14,33566000,17,33579000,13,33565000,8,33580000,13,33564000,9,33581000,11,33563000,8,33582000,18,33562000,10,33583000,9
33577000,1,33578000,4,33576000,4,33579000,7,33575000,8,33580000,7,33574000,7,33581000,10,33573000,8,33582000,16,33572000,9,33583000,10,33571000,8,33584000,13,33570000,10,33585000,11,33569000,8,33586000,11,33568000,9,33587000,10
33577000,5,33580000,4,33576000,6,33581000,7,33575000,8,33582000,14,33574000,7,33583000,8,33573000,9,33584000,10,33572000,11,33585000,12,33571000,9,33586000,13,33570000,11,33587000,11,33569000,10,33588000,13,33568000,8,33589000,7
33577000,5,33580000,3,33576000,6,33581000,7,33575000,8,33582000,12,33574000,7,33583000,6,33573000,10,33584000,9,33572000,12,33585000,11,33571000,11,33586000,14,33570000,11,33587000,12,33569000,9,33588000,14,33568000,8,33589000,8
33579000,3,33580000,1,33578000,4,33581000,4,33577000,12,33582000,10,33576000,6,33583000,7,33575000,8,33584000,10,33574000,8,33585000,13,33573000,11,33586000,13,33572000,13,33587000,12,33571000,11,33588000,14,33570000,11,33589000,8
33582000,2,33584000,3,33581000,11,33585000,11,33580000,4,33586000,9,33579000,6,33587000,9,33578000,5,33588000,15,33577000,14,33589000,11,33576000,11,33590000,12,33575000,11,33591000,9,33574000,11,33592000,9,33573000,11,33593000,8
33581000,5,33583000,5,33580000,4,33584000,5,33579000,8,33585000,7,33578000,5,33586000,8,33577000,15,33587000,9,33576000,10,33588000,16,33575000,11,33589000,13,33574000,10,33590000,14,33573000,11,33591000,10,33572000,14,33592000,9
33582000,4,33584000,4,33581000,8,33585000,7,33580000,8,33586000,6,33579000,10,33587000,7,33578000,7,33588000,15,33577000,14,33589000,13,33576000,11,33590000,15,33575000,11,33591000,10,33574000,11,33592000,10,33573000,11,33593000,9
33582000,4,33584000,4,33581000,7,33585000,5,33580000,9,33586000,5,33579000,11,33587000,6,33578000,7,33588000,19,33577000,16,33589000,12,33576000,11,33590000,13,33575000,11,33591000,11,33574000,10,33592000,10,33573000,11,33593000,10
33582000,6,33584000,1,33581000,7,33585000,6,33580000,9,33586000,7,33579000,10,33587000,9,33578000,8,33588000,17,33577000,16,33589000,11,33576000,11,33590000,15,33575000,11,33591000,11,33574000,10,33592000,10,33573000,11,33593000,9
33581000,2,33583000,2,33580000,6,33584000,4,33579000,12,33585000,9,33578000,7,33586000,7,33577000,15,33587000,8,33576000,10,33588000,20,33575000,11,33589000,12,33574000,11,33590000,16,33573000,11,33591000,11,33572000,12,33592000,11
33578000,2,33579000,3,33577000,11,33580000,5,33576000,7,33581000,7,33575000,9,33582000,7,33574000,9,33583000,6,33573000,13,33584000,8,33572000,13,33585000,13,33571000,7,33586000,14,33570000,13,33587000,11,33569000,8,33588000,20
33575000,1,33576000,2,33574000,5,33577000,5,33573000,9,33578000,4,33572000,9,33579000,9,33571000,7,33580000,6,33570000,14,33581000,8,33569000,9,33582000,10,33568000,10,33583000,10,33567000,10,33584000,10,33566000,9,33585000,14
33576000,5,33578000,2,33575000,5,33579000,8,33574000,4,33580000,6,33573000,7,33581000,6,33572000,9,33582000,8,33571000,7,33583000,9,33570000,15,33584000,11,33569000,9,33585000,15,33568000,12,33586000,14,33567000,10,33587000,12
33579000,3,33581000,2,33578000,5,33582000,4,33577000,5,33583000,7,33576000,8,33584000,12,33575000,6,33585000,14,33574000,5,33586000,14,33573000,11,33587000,13,33572000,15,33588000,21,33571000,8,33589000,10,33570000,15,33590000,15
33582000,1,33584000,9,33581000,4,33585000,9,33580000,8,33586000,9,33579000,7,33587000,9,33578000,7,33588000,20,33577000,5,33589000,11,33576000,12,33590000,16,33575000,9,33591000,11,33574000,9,33592000,11,33573000,11,33593000,8
33585000,3,33587000,5,33584000,5,33588000,16,33583000,7,33589000,9,33582000,5,33590000,11,33581000,7,33591000,12,33580000,8,33592000,9,33579000,10,33593000,9,33578000,12,33594000,13,33577000,8,33595000,15,33576000,14,33596000,9
33589000,1,33590000,2,33588000,4,33591000,7,33587000,7,33592000,6,33586000,5,33593000,7,33585000,7,33594000,13,33584000,7,33595000,15,33583000,11,33596000,11,33582000,14,33597000,9,33581000,13,33598000,24,33580000,9,33599000,8
33591000,1,33593000,3,33590000,6,33594000,6,33589000,6,33595000,12,33588000,11,33596000,9,33587000,6,33597000,11,33586000,6,33598000,23,33585000,11,33599000,10,33584000,12,33600000,19,33583000,13,33601000,8,33582000,13,33602000,12
33590000,7,33592000,3,33589000,8,33593000,6,33588000,11,33594000,6,33587000,9,33595000,13,33586000,6,33596000,9,33585000,11,33597000,11,33584000,12,33598000,23,33583000,13,33599000,10,33582000,14,33600000,20,33581000,12,33601000,8
33593000,1,33594000,1,33592000,6,33595000,13,33591000,6,33596000,7,33590000,8,33597000,10,33589000,9,33598000,21,33588000,7,33599000,10,33587000,12,33600000,19,33586000,10,33601000,8,33585000,12,33602000,13,33584000,11,33603000,12
33595000,1,33596000,1,33594000,6,33597000,6,33593000,10,33598000,22,33592000,6,33599000,10,33591000,7,33600000,20,33590000,8,33601000,9,33589000,12,33602000,15,33588000,10,33603000,9,33587000,15,33604000,13,33586000,11,33605000,7
33597000,4,33599000,3,33596000,5,33600000,10,33595000,9,33601000,8,33594000,9,33602000,12,33593000,20,33603000,9,33592000,9,33604000,13,33591000,10,33605000,9,33590000,12,33606000,12,33589000,13,33607000,10,33588000,12,33608000,10
33596000,2,33597000,3,33595000,7,33598000,6,33594000,8,33599000,7,33593000,23,33600000,9,33592000,7,33601000,10,33591000,11,33602000,11,33590000,11,33603000,14,33589000,14,33604000,14,33588000,13,33605000,9,33587000,14,33606000,12
33593000,16,33594000,2,33592000,4,33595000,4,33591000,9,33596000,9,33590000,10,33597000,8,33589000,23,33598000,10,33588000,10,33599000,11,33587000,15,33600000,11,33586000,11,33601000,12,33585000,12,33602000,14,33584000,12,33603000,12
33590000,9,33592000,3,33589000,9,33593000,5,33588000,11,33594000,7,33587000,11,33595000,6,33586000,19,33596000,11,33585000,13,33597000,10,33584000,13,33598000,12,33583000,11,33599000,11,33582000,16,33600000,14,33581000,11,33601000,12
33592000,2,33593000,1,33591000,5,33594000,8,33590000,8,33595000,6,33589000,8,33596000,10,33588000,9,33597000,10,33587000,22,33598000,13,33586000,13,33599000,11,33585000,13,33600000,13,33584000,13,33601000,11,33583000,11,33602000,13
33595000,3,33596000,3,33594000,8,33597000,5,33593000,5,33598000,10,33592000,7,33599000,11,33591000,8,33600000,10,33590000,20,33601000,12,33589000,11,33602000,14,33588000,14,33603000,11,33587000,15,33604000,16,33586000,13,33605000,10
33596000,5,33598000,1,33595000,7,33599000,6,33594000,6,33600000,9,33593000,4,33601000,8,33592000,9,33602000,11,33591000,19,33603000,11,33590000,9,33604000,15,33589000,10,33605000,8,33588000,14,33606000,10,33587000,14,33607000,9
33597000,3,33599000,1,33596000,9,33600000,7,33595000,7,33601000,8,33594000,7,33602000,10,33593000,14,33603000,12,33592000,10,33604000,16,33591000,11,33605000,8,33590000,10,33606000,10,33589000,9,33607000,9,33588000,14,33608000,10
33599000,7,33600000,5,33598000,3,33601000,5,33597000,7,33602000,10,33596000,6,33603000,10,33595000,5,33604000,16,33594000,18,33605000,9,33593000,9,33606000,11,33592000,13,33607000,9,33591000,11,33608000,10,33590000,10,33609000,11
33597000,4,33599000,7,33596000,4,33600000,8,33595000,5,33601000,10,33594000,7,33602000,9,33593000,18,33603000,8,33592000,11,33604000,13,33591000,12,33605000,13,33590000,11,33606000,13,33589000,8,33607000,11,33588000,13,33608000,10
33598000,6,33600000,1,33597000,5,33601000,8,33596000,8,33602000,8,33595000,7,33603000,9,33594000,18,33604000,10,33593000,8,33605000,13,33592000,14,33606000,13,33591000,13,33607000,11,33590000,14,33608000,10,33589000,8,33609000,9
33601000,3,33603000,2,33600000,6,33604000,8,33599000,6,33605000,9,33598000,11,33606000,10,33597000,6,33607000,10,33596000,12,33608000,10,33595000,12,33609000,10,33594000,25,33610000,11,33593000,10,33611000,8,33592000,13,33612000,13
33600000,1,33602000,7,33599000,5,33603000,7,33598000,10,33604000,6,33597000,6,33605000,8,33596000,10,33606000,11,33595000,24,33607000,9,33594000,15,33608000,13,33593000,10,33609000,10,33592000,13,33610000,11,33591000,14,33611000,9
33596000,2,33597000,3,33595000,3,33598000,6,33594000,10,33599000,8,33593000,8,33600000,5,33592000,12,33601000,7,33591000,23,33602000,9,33590000,22,33603000,11,33589000,8,33604000,11,33588000,13,33605000,12,33587000,10,33606000,13
33599000,1,33600000,4,33598000,7,33602000,7,33597000,5,33603000,7,33596000,5,33604000,8,33595000,18,33605000,8,33594000,11,33606000,15,33593000,11,33607000,11,33592000,14,33608000,13,33591000,15,33609000,9,33590000,22,33610000,10
33596000,3,33597000,3,33595000,8,33598000,5,33594000,6,33599000,5,33593000,7,33600000,8,33592000,11,33601000,8,33591000,23,33602000,9,33590000,22,33603000,12,33589000,8,33604000,12,33588000,14,33605000,10,33587000,12,33606000,15
33594000,4,33596000,5,33593000,7,33597000,5,33592000,9,33598000,8,33591000,12,33599000,5,33590000,30,33600000,8,33589000,8,33601000,10,33588000,15,33602000,11,33587000,12,33603000,13,33586000,12,33604000,13,33585000,16,33605000,10
33590000,10,33591000,2,33589000,7,33592000,4,33588000,9,33593000,5,33587000,8,33594000,4,33586000,19,33595000,5,33585000,15,33596000,5,33584000,15,33597000,11,33583000,11,33598000,13,33582000,14,33599000,10,33581000,15,33600000,13
33587000,1,33588000,3,33586000,3,33589000,6,33585000,10,33590000,5,33584000,10,33591000,9,33583000,8,33592000,7,33582000,23,33593000,8,33581000,16,33594000,9,33580000,8,33595000,9,33579000,9,33596000,10,33578000,8,33597000,10
33585000,1,33586000,1,33584000,9,33587000,3,33583000,8,33588000,7,33582000,11,33589000,7,33581000,13,33590000,7,33580000,20,33591000,13,33579000,10,33592000,10,33578000,8,33593000,9,33577000,5,33594000,9,33576000,10,33595000,9
33581000,5,33582000,2,33580000,3,33583000,5,33579000,9,33584000,6,33578000,8,33585000,6,33577000,15,33586000,8,33576000,12,33587000,9,33575000,9,33588000,9,33574000,8,33589000,10,33573000,9,33590000,10,33572000,13,33591000,12
33578000,6,33580000,1,33577000,5,33581000,2,33576000,8,33582000,3,33575000,9,33583000,5,33574000,19,33584000,7,33573000,10,33585000,10,33572000,15,33586000,12,33571000,8,33587000,10,33570000,18,33588000,9,33569000,9,33589000,9
33580000,2,33581000,1,33579000,4,33582000,5,33578000,7,33583000,7,33577000,6,33584000,7,33576000,7,33585000,8,33575000,20,33586000,9,33574000,9,33587000,9,33573000,12,33588000,13,33572000,13,33589000,11,33571000,10,33590000,10
33578000,4,33579000,2,33577000,4,33580000,5,33576000,7,33581000,6,33575000,8,33582000,6,33574000,20,33583000,7,33573000,11,33584000,8,33572000,13,33585000,11,33571000,8,33586000,11,33570000,19,33587000,9,33569000,10,33588000,13
33576000,2,33577000,2,33575000,4,33578000,6,33574000,8,33579000,7,33573000,11,33580000,5,33572000,9,33581000,7,33571000,18,33582000,8,33570000,20,33583000,10,33569000,9,33584000,12,33568000,14,33585000,10,33567000,14,33586000,11
33577000,1,33578000,2,33576000,4,33579000,4,33575000,5,33580000,5,33574000,9,33581000,7,33573000,9,33582000,8,33572000,19,33583000,9,33571000,8,33584000,11,33570000,22,33585000,10,33569000,10,33586000,11,33568000,14,33587000,9
33576000,4,33578000,2,33575000,6,33579000,5,33574000,9,33580000,5,33573000,9,33581000,8,33572000,18,33582000,7,33571000,7,33583000,8,33570000,22,33584000,10,33569000,11,33585000,11,33568000,14,33586000,12,33567000,13,33587000,9
33575000,4,33577000,4,33574000,10,33578000,6,33573000,8,33579000,6,33572000,8,33580000,7,33571000,6,33581000,7,33570000,30,33582000,9,33569000,11,33583000,8,33568000,14,33584000,11,33567000,13,33585000,11,33566000,11,33586000,11
33576000,3,33578000,3,33575000,7,33579000,4,33574000,8,33580000,4,33573000,9,33581000,7,33572000,8,33582000,8,33571000,18,33583000,8,33570000,21,33584000,11,33569000,11,33585000,9,33568000,14,33586000,10,33567000,12,33587000,8
33574000,3,33575000,5,33573000,6,33576000,4,33572000,6,33577000,9,33571000,7,33578000,3,33570000,17,33579000,10,33569000,10,33580000,7,33568000,24,33581000,10,33567000,11,33582000,10,33566000,13,33583000,7,33565000,9,33584000,11
33570000,8,33572000,4,33569000,6,33573000,4,33568000,11,33574000,6,33567000,11,33575000,4,33566000,9,33576000,6,33565000,18,33577000,14,33564000,11,33578000,7,33563000,9,33579000,10,33562000,10,33580000,9,33561000,12,33581000,10
33569000,2,33570000,6,33568000,7,33571000,4,33567000,8,33572000,4,33566000,9,33573000,6,33565000,9,33574000,6,33564000,24,33575000,6,33563000,10,33576000,7,33562000,9,33577000,6,33561000,9,33578000,8,33560000,16,33579000,10
33566000,1,33567000,2,33565000,5,33568000,5,33564000,10,33569000,7,33563000,9,33570000,9,33562000,21,33571000,6,33561000,9,33572000,8,33560000,17,33573000,9,33559000,9,33574000,11,33558000,12,33575000,8,33557000,11,33576000,9
33563000,4,33565000,3,33562000,6,33566000,4,33561000,8,33567000,7,33560000,15,33568000,5,33559000,6,33569000,9,33558000,23,33570000,11,33557000,11,33571000,9,33556000,13,33572000,10,33555000,12,33573000,9,33554000,13,33574000,11
33564000,5,33566000,2,33563000,5,33567000,6,33562000,8,33568000,6,33561000,8,33569000,9,33560000,10,33570000,11,33559000,16,33571000,11,33558000,13,33572000,10,33557000,11,33573000,9,33556000,13,33574000,11,33555000,10,33575000,7
33561000,6,33563000,3,33560000,9,33564000,5,33559000,5,33565000,3,33558000,9,33566000,6,33557000,8,33567000,7,33556000,21,33568000,8,33555000,10,33569000,11,33554000,14,33570000,14,33553000,13,33571000,9,33552000,14,33572000,11
33560000,6,33562000,1,33559000,6,33563000,4,33558000,7,33564000,4,33557000,7,33565000,4,33556000,10,33566000,7,33555000,21,33567000,8,33554000,14,33568000,10,33553000,13,33569000,11,33552000,13,33570000,13,33551000,9,33571000,9
33556000,4,33557000,1,33555000,7,33558000,2,33554000,9,33559000,5,33553000,7,33560000,5,33552000,9,33561000,8,33551000,18,33562000,5,33550000,27,33563000,8,33549000,13,33564000,11,33548000,12,33565000,8,33547000,10,33566000,12
33559000,3,33560000,1,33558000,5,33561000,4,33557000,7,33562000,5,33556000,6,33563000,8,33555000,9,33564000,10,33554000,9,33565000,7,33553000,19,33566000,11,33552000,14,33567000,9,33551000,10,33568000,8,33550000,27,33569000,10
33560000,5,33562000,2,33559000,6,33563000,3,33558000,5,33564000,6,33557000,5,33565000,5,33556000,6,33566000,9,33555000,22,33567000,11,33554000,9,33568000,9,33553000,11,33569000,11,33552000,13,33570000,15,33551000,10,33571000,7
33564000,2,33566000,2,33563000,7,33567000,7,33562000,6,33568000,5,33561000,6,33569000,9,33560000,7,33570000,13,33559000,16,33571000,9,33558000,11,33572000,11,33557000,10,33573000,8,33556000,10,33574000,13,33555000,11,33575000,7
33568000,3,33569000,3,33567000,8,33570000,4,33566000,6,33571000,4,33565000,10,33572000,7,33564000,7,33573000,9,33563000,19,33574000,8,33562000,21,33575000,8,33561000,12,33576000,9,33560000,13,33577000,5,33559000,9,33578000,10
33570000,6,33572000,1,33569000,6,33573000,4,33568000,7,33574000,5,33567000,8,33575000,6,33566000,8,33576000,7,33565000,22,33577000,8,33564000,13,33578000,10,33563000,12,33579000,10,33562000,22,33580000,8,33561000,12,33581000,6
33574000,1,33576000,4,33573000,6,33577000,5,33572000,8,33578000,5,33571000,7,33579000,9,33570000,9,33580000,8,33569000,25,33581000,9,33568000,11,33582000,11,33567000,11,33583000,5,33566000,13,33584000,8,33565000,14,33585000,9
33573000,2,33574000,2,33572000,4,33575000,4,33571000,6,33576000,4,33570000,9,33577000,6,33569000,15,33578000,7,33568000,8,33579000,9,33567000,21,33580000,9,33566000,12,33581000,8,33565000,14,33582000,11,33564000,15,33583000,6
33569000,9,33570000,1,33568000,7,33571000,3,33567000,9,33572000,6,33566000,8,33573000,5,33565000,23,33574000,4,33564000,13,33575000,8,33563000,11,33576000,8,33562000,22,33577000,10,33561000,12,33578000,12,33560000,14,33579000,11
33569000,4,33571000,3,33568000,6,33572000,7,33567000,9,33573000,5,33566000,6,33574000,7,33565000,11,33575000,7,33564000,23,33576000,9,33563000,11,33577000,10,33562000,23,33578000,12,33561000,12,33579000,11,33560000,14,33580000,8
33567000,1,33568000,1,33566000,9,33569000,4,33565000,11,33570000,5,33564000,9,33571000,6,33563000,9,33572000,10,33562000,25,33573000,10,33561000,23,33574000,11,33560000,15,33575000,10,33559000,9,33576000,10,33558000,14,33577000,9
33567000,1,33568000,1,33566000,9,33569000,3,33565000,11,33570000,6,33564000,9,33571000,6,33563000,9,33572000,10,33562000,36,33573000,10,33561000,12,33574000,10,33560000,15,33575000,10,33559000,10,33576000,9,33558000,14,33577000,9
33564000,12,33566000,3,33563000,7,33567000,5,33562000,10,33568000,6,33561000,10,33569000,7,33560000,22,33570000,8,33559000,9,33571000,10,33558000,14,33572000,12,33557000,14,33573000,11,33556000,11,33574000,11,33555000,13,33575000,10
33560000,6,33562000,2,33559000,8,33563000,3,33558000,14,33564000,6,33557000,13,33565000,4,33556000,11,33566000,7,33555000,10,33567000,7,33554000,11,33568000,7,33553000,11,33569000,9,33552000,13,33570000,11,33551000,9,33571000,10
33561000,2,33563000,3,33560000,9,33564000,6,33559000,7,33565000,3,33558000,12,33566000,6,33557000,13,33567000,6,33556000,13,33568000,8,33555000,10,33569000,19,33554000,11,33570000,11,33553000,11,33571000,10,33552000,13,33572000,13
33565000,2,33566000,3,33564000,11,33567000,4,33563000,7,33568000,7,33562000,6,33569000,21,33561000,7,33570000,10,33560000,8,33571000,11,33559000,12,33572000,13,33558000,14,33573000,11,33557000,16,33574000,16,33556000,14,33575000,9
33563000,1,33564000,2,33562000,6,33565000,5,33561000,9,33566000,8,33560000,12,33567000,5,33559000,10,33568000,5,33558000,12,33569000,22,33557000,16,33570000,12,33556000,14,33571000,12,33555000,11,33572000,14,33554000,11,33573000,11
33563000,5,33565000,1,33562000,7,33566000,4,33561000,10,33567000,4,33560000,6,33568000,5,33559000,8,33569000,20,33558000,13,33570000,12,33557000,15,33571000,13,33556000,15,33572000,15,33555000,11,33573000,11,33554000,10,33574000,16
33563000,2,33564000,2,33562000,8,33565000,4,33561000,9,33566000,6,33560000,6,33567000,6,33559000,10,33568000,5,33558000,13,33569000,21,33557000,14,33570000,11,33556000,13,33571000,14,33555000,8,33572000,14,33554000,11,33573000,12
33560000,3,33562000,5,33559000,4,33563000,7,33558000,10,33564000,4,33557000,13,33565000,6,33556000,12,33566000,8,33555000,9,33567000,9,33554000,12,33568000,10,33553000,11,33569000,21,33552000,13,33570000,13,33551000,9,33571000,11
33561000,6,33563000,2,33560000,8,33564000,3,33559000,8,33565000,8,33558000,8,33566000,9,33557000,14,33567000,10,33556000,13,33568000,10,33555000,10,33569000,21,33554000,11,33570000,13,33553000,10,33571000,11,33552000,12,33572000,13
33560000,1,33561000,4,33559000,6,33562000,3,33558000,7,33563000,2,33557000,13,33564000,5,33556000,11,33565000,7,33555000,8,33566000,10,33554000,12,33567000,12,33553000,10,33568000,12,33552000,12,33569000,21,33551000,9,33570000,14
33557000,11,33558000,1,33556000,9,33560000,5,33555000,7,33561000,4,33554000,7,33562000,4,33553000,9,33563000,5,33552000,11,33564000,7,33551000,11,33565000,9,33550000,24,33566000,10,33549000,11,33567000,12,33548000,12,33568000,11
33554000,2,33556000,5,33553000,5,33557000,4,33552000,8,33558000,6,33551000,5,33559000,7,33550000,24,33560000,7,33549000,11,33561000,8,33548000,12,33562000,10,33547000,12,33563000,6,33546000,14,33564000,10,33545000,14,33565000,9
33555000,1,33556000,2,33554000,6,33557000,3,33553000,8,33558000,6,33552000,7,33559000,9,33551000,5,33560000,8,33550000,22,33561000,9,33549000,10,33562000,10,33548000,13,33563000,8,33547000,13,33564000,10,33546000,15,33565000,8
33554000,4,33557000,5,33553000,9,33558000,5,33552000,7,33559000,7,33551000,6,33560000,7,33550000,21,33561000,7,33549000,11,33562000,7,33548000,13,33563000,9,33547000,12,33564000,11,33546000,14,33565000,8,33545000,14,33566000,11
33554000,5,33556000,2,33553000,5,33557000,6,33552000,7,33558000,6,33551000,8,33559000,7,33550000,20,33560000,8,33549000,9,33561000,8,33548000,14,33562000,9,33547000,12,33563000,7,33546000,14,33564000,9,33545000,14,33565000,8
33553000,1,33554000,1,33552000,7,33555000,3,33551000,9,33556000,12,33550000,20,33557000,4,33549000,7,33558000,7,33548000,13,33559000,8,33547000,12,33560000,8,33546000,13,33561000,7,33545000,14,33562000,9,33544000,23,33563000,8
33556000,3,33557000,1,33555000,7,33558000,3,33554000,9,33559000,5,33553000,8,33560000,8,33552000,6,33561000,6,33551000,9,33562000,7,33550000,20,33563000,9,33549000,8,33564000,10,33548000,14,33565000,12,33547000,11,33566000,14
33554000,2,33556000,11,33553000,7,33557000,2,33552000,6,33558000,4,33551000,8,33559000,6,33550000,19,33560000,10,33549000,11,33561000,11,33548000,14,33562000,10,33547000,11,33563000,9,33546000,13,33564000,11,33545000,15,33565000,12
33555000,2,33557000,3,33554000,7,33558000,5,33553000,6,33559000,6,33552000,5,33560000,10,33551000,8,33561000,11,33550000,21,33562000,12,33549000,9,33563000,8,33548000,13,33564000,10,33547000,12,33565000,12,33546000,13,33566000,13
33553000,5,33554000,1,33552000,5,33555000,4,33551000,8,33556000,4,33550000,19,33557000,7,33549000,9,33558000,9,33548000,12,33559000,8,33547000,12,33560000,10,33546000,12,33561000,12,33545000,14,33562000,11,33544000,22,33563000,8
33551000,2,33552000,2,33550000,14,33553000,12,33549000,7,33554000,7,33548000,10,33555000,7,33547000,11,33556000,6,33546000,12,33557000,10,33545000,15,33558000,11,33544000,22,33559000,8,33543000,11,33560000,11,33542000,13,33561000,11
33552000,6,33554000,2,33551000,9,33555000,7,33550000,9,33556000,5,33549000,8,33557000,8,33548000,8,33558000,10,33547000,9,33559000,9,33546000,13,33560000,10,33545000,13,33561000,11,33544000,23,33562000,11,33543000,11,33563000,8
33550000,3,33552000,10,33549000,8,33553000,2,33548000,8,33554000,5,33547000,8,33555000,8,33546000,10,33556000,6,33545000,15,33557000,10,33544000,22,33558000,11,33543000,11,33559000,10,33542000,12,33560000,11,33541000,9,33561000,12
33547000,2,33548000,2,33546000,7,33549000,11,33545000,12,33550000,3,33544000,20,33551000,5,33543000,13,33552000,4,33542000,11,33553000,7,33541000,11,33554000,9,33540000,15,33555000,12,33539000,8,33556000,10,33538000,12,33557000,10
33547000,1,33548000,1,33546000,5,33549000,10,33545000,9,33550000,3,33544000,19,33551000,8,33543000,11,33552000,4,33542000,12,33553000,7,33541000,11,33554000,9,33540000,16,33555000,12,33539000,8,33556000,10,33538000,11,33557000,10
33545000,6,33546000,1,33544000,19,33547000,6,33543000,10,33548000,15,33542000,11,33549000,9,33541000,10,33550000,7,33540000,16,33551000,7,33539000,9,33552000,11,33538000,12,33553000,8,33537000,17,33554000,12,33536000,10,33555000,13
33543000,2,33544000,2,33542000,3,33545000,6,33541000,9,33546000,11,33540000,15,33547000,5,33539000,8,33548000,6,33538000,13,33549000,13,33537000,18,33550000,8,33536000,11,33551000,9,33535000,9,33552000,13,33534000,11,33553000,10
33540000,3,33542000,13,33539000,9,33543000,5,33538000,9,33544000,5,33537000,17,33545000,9,33536000,10,33546000,7,33535000,9,33547000,8,33534000,12,33548000,9,33533000,12,33549000,11,33532000,13,33550000,11,33531000,13,33551000,8
33537000,7,33538000,2,33536000,6,33539000,6,33535000,8,33540000,7,33534000,11,33541000,15,33533000,11,33542000,5,33532000,12,33543000,9,33531000,13,33544000,9,33530000,27,33545000,11,33529000,8,33546000,9,33528000,13,33547000,8
33535000,2,33537000,15,33534000,8,33538000,5,33533000,10,33539000,7,33532000,11,33540000,8,33531000,15,33541000,7,33530000,27,33542000,8,33529000,10,33543000,9,33528000,12,33544000,10,33527000,7,33545000,12,33526000,11,33546000,9
33531000,4,33533000,11,33530000,24,33534000,2,33529000,8,33535000,8,33528000,12,33536000,5,33527000,8,33537000,12,33526000,9,33538000,8,33525000,17,33539000,11,33524000,12,33540000,12,33523000,13,33541000,9,33522000,17,33542000,8
33529000,5,33531000,5,33528000,10,33532000,7,33527000,9,33533000,14,33526000,9,33534000,3,33525000,17,33535000,9,33524000,12,33536000,7,33523000,16,33537000,13,33522000,15,33538000,11,33521000,27,33539000,11,33520000,27,33540000,11
33529000,4,33531000,2,33528000,7,33532000,11,33527000,9,33533000,10,33526000,7,33534000,7,33525000,13,33535000,9,33524000,11,33536000,8,33523000,17,33537000,13,33522000,20,33538000,11,33521000,30,33539000,10,33520000,30,33540000,12
33532000,4,33534000,3,33531000,7,33535000,8,33530000,7,33536000,9,33529000,8,33537000,15,33528000,9,33538000,10,33527000,11,33539000,11,33526000,12,33540000,14,33525000,17,33541000,8,33524000,14,33542000,7,33523000,17,33543000,15
33531000,6,33533000,2,33530000,8,33534000,4,33529000,8,33535000,7,33528000,10,33536000,7,33527000,10,33537000,12,33526000,11,33538000,11,33525000,18,33539000,12,33524000,12,33540000,15,33523000,16,33541000,10,33522000,18,33542000,8
33532000,3,33534000,1,33531000,16,33535000,8,33530000,9,33536000,8,33529000,8,33537000,13,33528000,10,33538000,9,33527000,11,33539000,12,33526000,13,33540000,15,33525000,19,33541000,11,33524000,13,33542000,7,33523000,13,33543000,11
33535000,1,33537000,5,33534000,7,33538000,8,33533000,7,33539000,11,33532000,6,33540000,15,33531000,19,33541000,9,33530000,12,33542000,7,33529000,15,33543000,12,33528000,17,33544000,10,33527000,13,33545000,9,33526000,13,33546000,12
33537000,8,33539000,1,33536000,6,33540000,5,33535000,4,33541000,9,33534000,6,33542000,8,33533000,10,33543000,12,33532000,10,33544000,11,33531000,22,33545000,11,33530000,15,33546000,11,33529000,14,33547000,7,33528000,16,33548000,9
33542000,1,33543000,1,33541000,7,33544000,5,33540000,7,33545000,12,33539000,7,33546000,11,33538000,8,33547000,8,33537000,11,33548000,11,33536000,8,33549000,11,33535000,8,33550000,10,33534000,10,33551000,6,33533000,11,33552000,11
33545000,2,33546000,1,33544000,5,33547000,4,33543000,6,33548000,10,33542000,4,33549000,10,33541000,5,33550000,8,33540000,8,33551000,8,33539000,8,33552000,11,33538000,14,33553000,7,33537000,15,33554000,11,33536000,11,33555000,16
33548000,1,33550000,6,33547000,5,33551000,6,33546000,7,33552000,9,33545000,9,33553000,7,33544000,7,33554000,11,33543000,9,33555000,14,33542000,10,33556000,10,33541000,9,33557000,8,33540000,12,33558000,12,33539000,8,33559000,11
33552000,1,33553000,2,33551000,5,33554000,7,33550000,6,33555000,11,33549000,7,33556000,8,33548000,8,33557000,12,33547000,9,33558000,13,33546000,8,33559000,13,33545000,10,33560000,14,33544000,10,33561000,12,33543000,11,33562000,10
33549000,2,33550000,1,33548000,8,33551000,6,33547000,6,33552000,5,33546000,9,33553000,10,33545000,9,33554000,9,33544000,9,33555000,14,33543000,11,33556000,10,33542000,9,33557000,10,33541000,8,33558000,14,33540000,13,33559000,10
33547000,2,33549000,5,33546000,4,33550000,5,33545000,7,33551000,6,33544000,7,33552000,5,33543000,10,33553000,9,33542000,9,33554000,14,33541000,10,33555000,13,33540000,13,33556000,11,33539000,6,33557000,15,33538000,14,33558000,16
33545000,4,33546000,1,33544000,4,33547000,3,33543000,8,33548000,5,33542000,5,33549000,35,33541000,9,33550000,6,33540000,11,33551000,10,33539000,7,33552000,8,33538000,14,33553000,11,33537000,11,33554000,15,33536000,12,33555000,13
33541000,2,33543000,4,33540000,6,33544000,6,33539000,4,33545000,6,33538000,11,33546000,7,33537000,11,33547000,10,33536000,11,33548000,10,33535000,7,33549000,39,33534000,10,33550000,10,33533000,7,33551000,10,33532000,9,33552000,9
33544000,2,33545000,1,33543000,8,33546000,4,33542000,5,33547000,8,33541000,5,33548000,6,33540000,5,33549000,39,33539000,8,33550000,9,33538000,12,33551000,10,33537000,13,33552000,10,33536000,13,33553000,11,33535000,8,33554000,14
33546000,1,33547000,2,33545000,2,33548000,4,33544000,5,33549000,39,33543000,7,33550000,8,33542000,5,33551000,10,33541000,7,33552000,10,33540000,8,33553000,13,33539000,10,33554000,15,33538000,15,33555000,13,33537000,12,33556000,11
33544000,1,33545000,2,33543000,6,33546000,3,33542000,5,33547000,6,33541000,5,33548000,7,33540000,7,33549000,38,33539000,11,33550000,10,33538000,14,33551000,12,33537000,11,33552000,12,33536000,10,33553000,12,33535000,8,33554000,15
33540000,1,33541000,3,33539000,5,33542000,5,33538000,8,33543000,7,33537000,11,33544000,7,33536000,11,33545000,8,33535000,9,33546000,6,33534000,11,33547000,14,33533000,9,33548000,12,33532000,11,33549000,40,33531000,23,33550000,13
33538000,3,33540000,2,33537000,7,33541000,7,33536000,7,33542000,6,33535000,4,33543000,9,33534000,9,33544000,7,33533000,10,33545000,9,33532000,11,33546000,9,33531000,22,33547000,15,33530000,14,33548000,13,33529000,9,33549000,39
33540000,2,33541000,1,33539000,6,33542000,6,33538000,7,33543000,8,33537000,7,33544000,7,33536000,7,33545000,7,33535000,6,33546000,9,33534000,10,33547000,16,33533000,11,33548000,13,33532000,12,33549000,39,33531000,22,33550000,12
33542000,3,33544000,3,33541000,6,33545000,5,33540000,4,33546000,8,33539000,5,33547000,14,33538000,9,33548000,11,33537000,10,33549000,41,33536000,12,33550000,12,33535000,8,33551000,11,33534000,11,33552000,8,33533000,10,33553000,11
33539000,3,33541000,1,33538000,7,33542000,6,33537000,7,33543000,7,33536000,10,33544000,8,33535000,7,33545000,8,33534000,11,33546000,11,33533000,11,33547000,15,33532000,11,33548000,12,33531000,21,33549000,40,33530000,14,33550000,13
33541000,2,33543000,5,33540000,4,33544000,7,33539000,4,33545000,8,33538000,7,33546000,10,33537000,7,33547000,14,33536000,11,33548000,11,33535000,8,33549000,40,33534000,11,33550000,13,33533000,11,33551000,10,33532000,11,33552000,8
33533000,3,33534000,2,33532000,4,33535000,5,33531000,18,33536000,5,33530000,10,33537000,5,33529000,11,33538000,8,33528000,17,33539000,9,33527000,10,33540000,8,33526000,10,33541000,10,33525000,17,33542000,13,33524000,15,33543000,9
33530000,1,33531000,3,33529000,6,33532000,6,33528000,13,33533000,7,33527000,10,33534000,6,33526000,9,33535000,8,33525000,20,33536000,9,33524000,15,33537000,9,33523000,17,33538000,11,33522000,19,33539000,11,33521000,28,33540000,7
33527000,5,33530000,3,33526000,9,33531000,8,33525000,18,33532000,8,33524000,11,33533000,8,33523000,19,33534000,9,33522000,18,33535000,8,33521000,28,33536000,8,33520000,27,33537000,9,33519000,12,33538000,11,33518000,14,33539000,11
33525000,10,33527000,2,33524000,7,33528000,8,33523000,14,33529000,6,33522000,17,33530000,6,33521000,29,33531000,12,33520000,28,33532000,10,33519000,13,33533000,12,33518000,14,33534000,12,33517000,8,33535000,8,33516000,12,33536000,8
33525000,10,33527000,2,33524000,7,33528000,8,33523000,14,33529000,6,33522000,17,33530000,6,33521000,29,33531000,12,33520000,28,33532000,10,33519000,13,33533000,12,33518000,14,33534000,12,33517000,8,33535000,8,33516000,12,33536000,8
33525000,1,33527000,8,33524000,5,33528000,9,33523000,6,33529000,8,33522000,7,33530000,11,33521000,8,33531000,12,33520000,31,33532000,10,33519000,12,33533000,11,33518000,16,33534000,11,33517000,8,33535000,8,33516000,9,33536000,10
33527000,3,33529000,2,33526000,6,33530000,6,33525000,5,33531000,9,33524000,6,33532000,9,33523000,8,33533000,12,33522000,10,33534000,12,33521000,12,33535000,11,33520000,34,33536000,10,33519000,12,33537000,10,33518000,16,33538000,12
33526000,1,33528000,8,33525000,6,33529000,8,33524000,6,33530000,8,33523000,8,33531000,8,33522000,10,33532000,9,33521000,12,33533000,13,33520000,33,33534000,13,33519000,12,33535000,11,33518000,18,33536000,10,33517000,9,33537000,9
33523000,6,33526000,3,33522000,9,33527000,5,33521000,9,33528000,9,33520000,31,33529000,7,33519000,10,33530000,11,33518000,19,33531000,10,33517000,10,33532000,12,33516000,11,33533000,13,33515000,9,33534000,14,33514000,15,33535000,10
33522000,3,33524000,1,33521000,8,33525000,6,33520000,29,33526000,10,33519000,10,33527000,6,33518000,16,33528000,11,33517000,12,33529000,11,33516000,12,33530000,12,33515000,10,33531000,12,33514000,16,33532000,13,33513000,19,33533000,12
33528000,2,33530000,2,33527000,6,33531000,8,33526000,6,33532000,7,33525000,8,33533000,11,33524000,8,33534000,11,33523000,13,33535000,10,33522000,14,33536000,11,33521000,13,33537000,10,33520000,35,33538000,12,33519000,12,33539000,10
33527000,6,33529000,3,33526000,7,33530000,3,33525000,5,33531000,7,33524000,7,33532000,7,33523000,13,33533000,9,33522000,13,33534000,12,33521000,12,33535000,9,33520000,35,33536000,10,33519000,11,33537000,10,33518000,17,33538000,12
33528000,2,33530000,4,33527000,5,33531000,7,33526000,5,33532000,8,33525000,10,33533000,9,33524000,6,33534000,11,33523000,15,33535000,9,33522000,14,33536000,10,33521000,14,33537000,9,33520000,28,33538000,12,33519000,12,33539000,10
33532000,1,33534000,4,33531000,7,33535000,7,33530000,6,33536000,6,33529000,5,33537000,8,33528000,7,33538000,9,33527000,8,33539000,10,33526000,8,33540000,12,33525000,14,33541000,12,33524000,11,33542000,13,33523000,17,33543000,14
33531000,1,33532000,1,33530000,6,33533000,5,33529000,5,33534000,9,33528000,7,33535000,7,33527000,9,33536000,6,33526000,8,33537000,8,33525000,14,33538000,10,33524000,11,33539000,10,33523000,16,33540000,12,33522000,15,33541000,12
33528000,1,33529000,2,33527000,5,33530000,3,33526000,5,33531000,6,33525000,12,33532000,6,33524000,8,33533000,7,33523000,17,33534000,12,33522000,16,33535000,8,33521000,13,33536000,9,33520000,35,33537000,9,33519000,11,33538000,11
33529000,2,33531000,5,33528000,6,33532000,7,33527000,6,33533000,8,33526000,5,33534000,11,33525000,10,33535000,7,33524000,9,33536000,8,33523000,16,33537000,8,33522000,16,33538000,11,33521000,14,33539000,9,33520000,35,33540000,10
33533000,2,33534000,1,33532000,3,33535000,5,33531000,6,33536000,6,33530000,4,33537000,7,33529000,4,33538000,10,33528000,9,33539000,9,33527000,7,33540000,11,33526000,9,33541000,11,33525000,13,33542000,13,33524000,11,33543000,13
33531000,2,33533000,2,33530000,5,33534000,5,33529000,4,33535000,7,33528000,8,33536000,6,33527000,7,33537000,7,33526000,9,33538000,10,33525000,14,33539000,8,33524000,11,33540000,11,33523000,16,33541000,12,33522000,16,33542000,13
33527000,4,33528000,1,33526000,5,33529000,1,33525000,11,33530000,5,33524000,9,33531000,6,33523000,13,33532000,6,33522000,14,33533000,8,33521000,14,33534000,9,33520000,34,33535000,10,33519000,11,33536000,10,33518000,20,33537000,10
33524000,3,33526000,2,33523000,9,33527000,3,33522000,10,33528000,5,33521000,10,33529000,9,33520000,31,33530000,9,33519000,11,33531000,10,33518000,18,33532000,16,33517000,9,33533000,11,33516000,11,33534000,12,33515000,10,33535000,11
33521000,5,33523000,2,33520000,28,33524000,5,33519000,10,33525000,6,33518000,12,33526000,8,33517000,11,33527000,4,33516000,15,33528000,8,33515000,10,33529000,13,33514000,15,33530000,14,33513000,19,33531000,12,33512000,13,33532000,14
33519000,1,33521000,3,33518000,6,33522000,5,33517000,8,33523000,5,33516000,9,33524000,7,33515000,10,33525000,7,33514000,18,33526000,10,33513000,21,33527000,8,33512000,13,33528000,11,33511000,12,33529000,13,33510000,24,33530000,11
33518000,1,33520000,4,33517000,5,33521000,6,33516000,7,33522000,6,33515000,7,33523000,6,33514000,17,33524000,8,33513000,22,33525000,10,33512000,15,33526000,12,33511000,13,33527000,8,33510000,22,33528000,12,33509000,7,33529000,11
33517000,3,33519000,3,33516000,5,33520000,4,33515000,7,33521000,7,33514000,16,33522000,12,33513000,20,33523000,9,33512000,13,33524000,12,33511000,13,33525000,11,33510000,22,33526000,11,33509000,7,33527000,8,33508000,13,33528000,13
33515000,8,33517000,2,33514000,14,33518000,1,33513000,18,33519000,5,33512000,10,33520000,6,33511000,11,33521000,8,33510000,21,33522000,13,33509000,9,33523000,12,33508000,13,33524000,14,33507000,11,33525000,13,33506000,11,33526000,12
33517000,1,33518000,3,33516000,6,33519000,4,33515000,7,33520000,6,33514000,10,33521000,8,33513000,17,33522000,13,33512000,10,33523000,11,33511000,14,33524000,13,33510000,19,33525000,13,33509000,8,33526000,10,33508000,14,33527000,8
33517000,2,33519000,5,33516000,6,33520000,6,33515000,4,33521000,8,33514000,10,33522000,14,33513000,17,33523000,13,33512000,10,33524000,14,33511000,14,33525000,13,33510000,20,33526000,10,33509000,8,33527000,8,33508000,14,33528000,13
33520000,3,33522000,1,33519000,8,33523000,4,33518000,7,33524000,8,33517000,6,33525000,11,33516000,7,33526000,9,33515000,9,33527000,8,33514000,15,33528000,14,33513000,20,33529000,12,33512000,13,33530000,13,33511000,15,33531000,13
33520000,2,33522000,2,33519000,8,33523000,6,33518000,7,33524000,9,33517000,6,33525000,11,33516000,6,33526000,9,33515000,9,33527000,8,33514000,15,33528000,15,33513000,20,33529000,12,33512000,13,33530000,13,33511000,15,33531000,13
33519000,2,33521000,2,33518000,6,33522000,4,33517000,6,33523000,9,33516000,6,33524000,8,33515000,6,33525000,11,33514000,15,33526000,12,33513000,19,33527000,10,33512000,13,33528000,15,33511000,15,33529000,12,33510000,20,33530000,13
33521000,1,33523000,3,33520000,5,33524000,7,33519000,6,33525000,11,33518000,6,33526000,8,33517000,6,33527000,8,33516000,7,33528000,14,33515000,10,33529000,13,33514000,16,33530000,13,33513000,19,33531000,13,33512000,13,33532000,13
33527000,1,33528000,1,33526000,4,33529000,8,33525000,6,33530000,8,33524000,5,33531000,11,33523000,5,33532000,11,33522000,6,33533000,9,33521000,10,33534000,14,33520000,10,33535000,9,33519000,11,33536000,11,33518000,11,33537000,12
33528000,2,33530000,2,33527000,5,33531000,6,33526000,5,33532000,8,33525000,7,33533000,8,33524000,7,33534000,11,33523000,9,33535000,8,33522000,11,33536000,10,33521000,11,33537000,9,33520000,10,33538000,10,33519000,12,33539000,8
33530000,3,33532000,2,33529000,7,33533000,5,33528000,4,33534000,10,33527000,5,33535000,7,33526000,5,33536000,10,33525000,7,33537000,10,33524000,11,33538000,11,33523000,9,33539000,8,33522000,11,33540000,10,33521000,11,33541000,9
33530000,2,33531000,1,33529000,6,33532000,5,33528000,4,33533000,7,33527000,6,33534000,7,33526000,7,33535000,8,33525000,9,33536000,9,33524000,11,33537000,8,33523000,9,33538000,11,33522000,10,33539000,9,33521000,10,33540000,12
33531000,2,33532000,1,33530000,6,33533000,1,33529000,6,33534000,6,33528000,4,33535000,8,33527000,6,33536000,8,33526000,7,33537000,8,33525000,9,33538000,11,33524000,11,33539000,9,33523000,9,33540000,12,33522000,10,33541000,9
33533000,4,33536000,4,33532000,5,33537000,5,33531000,6,33538000,7,33530000,7,33539000,7,33529000,6,33540000,8,33528000,7,33541000,11,33527000,8,33542000,13,33526000,10,33543000,10,33525000,9,33544000,12,33524000,11,33545000,10
33530000,2,33532000,4,33529000,6,33533000,6,33528000,5,33534000,5,33527000,8,33535000,5,33526000,7,33536000,7,33525000,11,33537000,6,33524000,11,33538000,8,33523000,8,33539000,9,33522000,11,33540000,11,33521000,10,33541000,11
33532000,1,33533000,2,33531000,5,33534000,3,33530000,7,33535000,4,33529000,6,33536000,8,33528000,5,33537000,7,33527000,6,33538000,8,33526000,9,33539000,11,33525000,11,33540000,11,33524000,10,33541000,10,33523000,9,33542000,13
33529000,2,33531000,5,33528000,4,33532000,3,33527000,5,33533000,4,33526000,5,33534000,4,33525000,9,33535000,5,33524000,8,33536000,11,33523000,9,33537000,8,33522000,11,33538000,9,33521000,11,33539000,10,33520000,13,33540000,12
33525000,1,33526000,1,33524000,3,33527000,3,33523000,6,33528000,5,33522000,7,33529000,6,33521000,8,33530000,5,33520000,14,33531000,6,33519000,14,33532000,7,33518000,12,33533000,8,33517000,10,33534000,10,33516000,14,33535000,9
33521000,1,33523000,3,33520000,10,33524000,4,33519000,11,33525000,9,33518000,9,33526000,7,33517000,7,33527000,5,33516000,11,33528000,7,33515000,9,33529000,10,33514000,15,33530000,11,33513000,19,33531000,9,33512000,12,33532000,9
33518000,2,33520000,3,33517000,5,33521000,4,33516000,7,33522000,5,33515000,5,33523000,8,33514000,14,33524000,8,33513000,17,33525000,12,33512000,12,33526000,14,33511000,14,33527000,9,33510000,19,33528000,10,33509000,7,33529000,9
33521000,1,33522000,3,33520000,2,33523000,7,33519000,8,33524000,6,33518000,10,33525000,12,33517000,6,33526000,12,33516000,7,33527000,9,33515000,10,33528000,10,33514000,16,33529000,9,33513000,19,33530000,10,33512000,12,33531000,9
33518000,7,33520000,3,33517000,5,33521000,5,33516000,6,33522000,6,33515000,8,33523000,7,33514000,13,33524000,6,33513000,19,33525000,15,33512000,12,33526000,12,33511000,15,33527000,9,33510000,21,33528000,10,33509000,8,33529000,9
33515000,4,33516000,3,33514000,11,33517000,2,33513000,16,33518000,4,33512000,8,33519000,7,33511000,12,33520000,6,33510000,19,33521000,8,33509000,9,33522000,8,33508000,12,33523000,11,33507000,13,33524000,10,33506000,13,33525000,14
33512000,5,33513000,1,33511000,9,33514000,7,33510000,22,33515000,6,33509000,14,33516000,6,33508000,10,33517000,7,33507000,14,33518000,9,33506000,11,33519000,7,33505000,12,33520000,10,33504000,14,33521000,10,33503000,7,33522000,10
33509000,2,33511000,2,33508000,7,33512000,5,33507000,11,33513000,7,33506000,13,33514000,6,33505000,13,33515000,6,33504000,13,33516000,11,33503000,7,33517000,9,33502000,10,33518000,13,33501000,16,33519000,11,33500000,70,33520000,9
33507000,1,33508000,3,33506000,2,33509000,5,33505000,10,33510000,4,33504000,12,33511000,5,33503000,7,33512000,7,33502000,12,33513000,13,33501000,17,33514000,12,33500000,69,33515000,9,33499000,7,33516000,13,33498000,15,33517000,10
33506000,3,33508000,2,33505000,7,33509000,5,33504000,10,33510000,4,33503000,4,33511000,8,33502000,9,33512000,8,33501000,15,33513000,14,33500000,71,33514000,13,33499000,7,33515000,9,33498000,13,33516000,13,33497000,10,33517000,9
33505000,4,33507000,4,33504000,11,33508000,5,33503000,4,33509000,5,33502000,10,33510000,9,33501000,17,33511000,7,33500000,70,33512000,11,33499000,7,33513000,15,33498000,13,33514000,15,33497000,11,33515000,10,33496000,9,33516000,12
33506000,6,33508000,2,33505000,5,33509000,5,33504000,10,33510000,9,33503000,5,33511000,8,33502000,10,33512000,11,33501000,17,33513000,15,33500000,69,33514000,15,33499000,6,33515000,10,33498000,13,33516000,11,33497000,11,33517000,9
33505000,3,33507000,2,33504000,7,33508000,6,33503000,6,33509000,6,33502000,9,33510000,9,33501000,17,33511000,7,33500000,73,33512000,9,33499000,6,33513000,14,33498000,13,33514000,14,33497000,11,33515000,10,33496000,9,33516000,12
33506000,3,33508000,7,33505000,6,33509000,6,33504000,7,33510000,19,33503000,7,33511000,8,33502000,10,33512000,9,33501000,17,33513000,14,33500000,76,33514000,14,33499000,19,33515000,9,33498000,14,33516000,13,33497000,11,33517000,10
33504000,2,33505000,1,33503000,5,33506000,2,33502000,7,33507000,8,33501000,15,33508000,6,33500000,75,33509000,6,33499000,18,33510000,16,33498000,12,33511000,9,33497000,11,33512000,12,33496000,10,33513000,13,33495000,9,33514000,14
33505000,1,33507000,3,33504000,4,33508000,4,33503000,5,33509000,4,33502000,9,33510000,14,33501000,16,33511000,7,33500000,77,33512000,10,33499000,18,33513000,14,33498000,12,33514000,14,33497000,11,33515000,11,33496000,10,33516000,14
33510000,1,33511000,1,33509000,5,33512000,5,33508000,8,33513000,9,33507000,7,33514000,9,33506000,7,33515000,10,33505000,6,33516000,16,33504000,8,33517000,11,33503000,12,33518000,15,33502000,13,33519000,9,33501000,18,33520000,11
33512000,1,33513000,2,33511000,5,33514000,7,33510000,5,33515000,9,33509000,5,33516000,14,33508000,9,33517000,10,33507000,10,33518000,12,33506000,11,33519000,10,33505000,12,33520000,11,33504000,11,33521000,8,33503000,10,33522000,13
33510000,1,33512000,5,33509000,4,33513000,10,33508000,5,33514000,9,33507000,7,33515000,9,33506000,8,33516000,14,33505000,8,33517000,13,33504000,10,33518000,14,33503000,10,33519000,9,33502000,13,33520000,11,33501000,20,33521000,8
33513000,1,33515000,6,33512000,4,33516000,13,33511000,5,33517000,10,33510000,10,33518000,12,33509000,6,33519000,7,33508000,9,33520000,12,33507000,12,33521000,9,33506000,13,33522000,11,33505000,11,33523000,13,33504000,11,33524000,14
33510000,6,33512000,1,33509000,8,33513000,5,33508000,7,33514000,6,33507000,9,33515000,8,33506000,9,33516000,12,33505000,11,33517000,12,33504000,11,33518000,15,33503000,9,33519000,9,33502000,11,33520000,12,33501000,20,33521000,9
33511000,2,33513000,3,33510000,6,33514000,6,33509000,8,33515000,8,33508000,8,33516000,12,33507000,9,33517000,11,33506000,11,33518000,15,33505000,11,33519000,9,33504000,11,33520000,12,33503000,9,33521000,9,33502000,10,33522000,11
33509000,2,33511000,6,33508000,6,33512000,6,33507000,8,33513000,8,33506000,8,33514000,6,33505000,7,33515000,5,33504000,10,33516000,16,33503000,10,33517000,13,33502000,10,33518000,16,33501000,20,33519000,12,33500000,76,33520000,10
33511000,4,33512000,3,33510000,4,33513000,5,33509000,6,33514000,8,33508000,6,33515000,7,33507000,5,33516000,14,33506000,8,33517000,12,33505000,10,33518000,16,33504000,11,33519000,13,33503000,12,33520000,12,33502000,11,33521000,9
33511000,1,33512000,1,33510000,5,33513000,6,33509000,7,33514000,6,33508000,8,33515000,7,33507000,14,33516000,14,33506000,8,33517000,13,33505000,10,33518000,16,33504000,11,33519000,13,33503000,11,33520000,12,33502000,10,33521000,9
33507000,10,33509000,5,33506000,5,33510000,8,33505000,6,33511000,9,33504000,7,33512000,9,33503000,8,33513000,8,33502000,12,33514000,11,33501000,21,33515000,10,33500000,77,33516000,16,33499000,18,33517000,13,33498000,13,33518000,16
33507000,10,33509000,5,33506000,5,33510000,8,33505000,6,33511000,9,33504000,7,33512000,9,33503000,8,33513000,8,33502000,12,33514000,11,33501000,21,33515000,10,33500000,77,33516000,16,33499000,18,33517000,13,33498000,13,33518000,16
33507000,10,33509000,5,33506000,5,33510000,8,33505000,6,33511000,9,33504000,7,33512000,9,33503000,8,33513000,8,33502000,12,33514000,11,33501000,21,33515000,10,33500000,77,33516000,16,33499000,18,33517000,13,33498000,13,33518000,16
33507000,10,33509000,5,33506000,5,33510000,8,33505000,6,33511000,9,33504000,7,33512000,9,33503000,8,33513000,8,33502000,12,33514000,11,33501000,21,33515000,10,33500000,77,33516000,16,33499000,18,33517000,13,33498000,13,33518000,16
33507000,10,33509000,5,33506000,5,33510000,8,33505000,6,33511000,9,33504000,7,33512000,9,33503000,8,33513000,8,33502000,12,33514000,11,33501000,21,33515000,10,33500000,77,33516000,16,33499000,18,33517000,13,33498000,13,33518000,16
33507000,10,33509000,5,33506000,5,33510000,8,33505000,6,33511000,9,33504000,7,33512000,9,33503000,8,33513000,8,33502000,12,33514000,11,33501000,21,33515000,10,33500000,77,33516000,16,33499000,18,33517000,13,33498000,13,33518000,16
33507000,10,33509000,5,33506000,5,33510000,8,33505000,6,33511000,9,33504000,7,33512000,9,33503000,8,33513000,8,33502000,12,33514000,11,33501000,21,33515000,10,33500000,77,33516000,16,33499000,18,33517000,13,33498000,13,33518000,16
33490000,2,33491000,1,33488000,1,33493000,1,33487000,2,33494000,2,33486000,5,33495000,9,33485000,17,33498000,1,33484000,9,33499000,2,33483000,8,33500000,6,33482000,34,33501000,2,33481000,7,33502000,2,33480000,31,33503000,7
33490000,2,33494000,1,33489000,1,33495000,14,33487000,2,33498000,1,33486000,6,33499000,3,33485000,18,33500000,6,33484000,10,33501000,3,33483000,8,33502000,3,33482000,34,33503000,7,33481000,7,33504000,9,33480000,31,33505000,2
33490000,2,33495000,14,33489000,1,33498000,1,33487000,2,33499000,3,33486000,6,33500000,5,33485000,18,33501000,4,33484000,10,33502000,2,33483000,8,33503000,7,33482000,34,33504000,8,33481000,7,33505000,2,33480000,31,33506000,6
33490000,1,33495000,14,33489000,1,33498000,1,33487000,2,33499000,3,33486000,6,33500000,5,33485000,18,33501000,4,33484000,10,33502000,2,33483000,8,33503000,7,33482000,34,33504000,8,33481000,7,33505000,2,33480000,31,33506000,6
33494000,1,33498000,1,33489000,1,33499000,4,33487000,2,33500000,6,33486000,6,33501000,3,33485000,18,33502000,3,33484000,10,33503000,7,33483000,8,33504000,8,33482000,34,33505000,2,33481000,7,33506000,6,33480000,31,33507000,10
33495000,1,33499000,4,33494000,1,33500000,6,33491000,1,33501000,3,33489000,1,33502000,3,33487000,2,33503000,7,33486000,6,33504000,8,33485000,18,33505000,2,33484000,10,33506000,6,33483000,8,33507000,10,33482000,34,33508000,8
33491000,1,33499000,4,33490000,1,33500000,6,33489000,1,33501000,3,33487000,3,33502000,3,33486000,6,33503000,7,33485000,18,33504000,8,33484000,10,33505000,2,33483000,8,33506000,6,33482000,34,33507000,10,33481000,7,33508000,8
33494000,4,33495000,1,33491000,3,33496000,1,33490000,6,33497000,2,33489000,5,33498000,6,33488000,6,33499000,6,33487000,13,33500000,6,33486000,8,33501000,6,33485000,20,33502000,5,33484000,10,33503000,8,33483000,9,33504000,7
33491000,3,33494000,1,33490000,7,33495000,3,33489000,7,33497000,1,33488000,5,33498000,7,33487000,14,33499000,4,33486000,8,33500000,7,33485000,21,33501000,5,33484000,10,33502000,5,33483000,9,33503000,8,33482000,34,33504000,8
33492000,1,33493000,1,33491000,1,33494000,1,33490000,7,33495000,3,33489000,9,33497000,1,33488000,5,33498000,7,33487000,14,33499000,4,33486000,7,33500000,7,33485000,21,33501000,5,33484000,10,33502000,5,33483000,9,33503000,8
33495000,2,33496000,1,33494000,5,33497000,6,33493000,4,33498000,9,33492000,5,33499000,6,33491000,6,33500000,6,33490000,7,33501000,7,33489000,12,33502000,5,33488000,11,33503000,8,33487000,15,33504000,7,33486000,12,33505000,3
33498000,1,33500000,5,33497000,5,33501000,5,33496000,7,33502000,6,33495000,6,33503000,6,33494000,9,33504000,6,33493000,6,33505000,4,33492000,9,33506000,7,33491000,8,33507000,7,33490000,9,33508000,8,33489000,11,33509000,8
33498000,1,33500000,3,33497000,4,33501000,7,33496000,6,33502000,7,33495000,6,33503000,7,33494000,11,33504000,7,33493000,8,33505000,5,33492000,10,33506000,9,33491000,9,33507000,8,33490000,10,33508000,9,33489000,12,33509000,9
33497000,3,33500000,6,33496000,6,33501000,9,33495000,6,33502000,10,33494000,9,33503000,10,33493000,7,33504000,9,33492000,10,33505000,6,33491000,9,33506000,6,33490000,10,33507000,8,33489000,12,33508000,9,33488000,10,33509000,9
33498000,2,33500000,2,33497000,6,33501000,7,33496000,6,33502000,10,33495000,6,33503000,12,33494000,9,33504000,10,33493000,7,33505000,8,33492000,10,33506000,7,33491000,9,33507000,8,33490000,10,33508000,9,33489000,12,33509000,9
33498000,3,33500000,2,33497000,4,33501000,7,33496000,6,33502000,10,33495000,6,33503000,13,33494000,9,33504000,9,33493000,8,33505000,8,33492000,10,33506000,7,33491000,9,33507000,8,33490000,10,33508000,9,33489000,12,33509000,9
33494000,2,33496000,5,33493000,5,33497000,5,33492000,6,33498000,5,33491000,7,33499000,6,33490000,8,33500000,10,33489000,14,33501000,12,33488000,13,33502000,11,33487000,16,33503000,12,33486000,13,33504000,11,33485000,23,33505000,9
33493000,1,33494000,2,33492000,5,33495000,5,33491000,7,33496000,6,33490000,8,33497000,5,33489000,11,33498000,7,33488000,12,33499000,9,33487000,17,33500000,11,33486000,14,33501000,12,33485000,22,33502000,11,33484000,13,33503000,12
33494000,2,33496000,2,33493000,10,33497000,5,33492000,8,33498000,6,33491000,6,33499000,7,33490000,9,33500000,9,33489000,14,33501000,12,33488000,11,33502000,12,33487000,15,33503000,11,33486000,15,33504000,10,33485000,21,33505000,9
33497000,4,33499000,1,33496000,13,33500000,8,33495000,10,33501000,6,33494000,9,33502000,9,33493000,6,33503000,11,33492000,8,33504000,11,33491000,8,33505000,10,33490000,11,33506000,13,33489000,11,33507000,13,33488000,8,33508000,14
33496000,10,33498000,6,33495000,4,33499000,4,33494000,3,33500000,8,33493000,7,33501000,8,33492000,8,33502000,7,33491000,8,33503000,12,33490000,10,33504000,11,33489000,12,33505000,10,33488000,8,33506000,14,33487000,16,33507000,13
33490000,7,33492000,3,33489000,7,33493000,5,33488000,6,33494000,8,33487000,17,33495000,8,33486000,11,33496000,9,33485000,19,33497000,11,33484000,13,33498000,19,33483000,7,33499000,11,33482000,19,33500000,12,33481000,8,33501000,15
33493000,1,33495000,10,33492000,7,33496000,5,33491000,4,33497000,10,33490000,9,33498000,17,33489000,7,33499000,10,33488000,8,33500000,11,33487000,18,33501000,13,33486000,14,33502000,13,33485000,20,33503000,10,33484000,14,33504000,12
33491000,3,33493000,2,33490000,8,33494000,4,33489000,7,33495000,7,33488000,6,33496000,8,33487000,16,33497000,10,33486000,13,33498000,20,33485000,20,33499000,12,33484000,14,33500000,12,33483000,8,33501000,13,33482000,19,33502000,13
33492000,3,33494000,1,33491000,3,33495000,7,33490000,8,33496000,7,33489000,7,33497000,10,33488000,6,33498000,17,33487000,17,33499000,11,33486000,12,33500000,11,33485000,20,33501000,14,33484000,14,33502000,13,33483000,8,33503000,10
33496000,2,33497000,1,33495000,9,33498000,10,33494000,5,33499000,8,33493000,7,33500000,9,33492000,8,33501000,12,33491000,7,33502000,11,33490000,13,33503000,11,33489000,10,33504000,12,33488000,10,33505000,10,33487000,17,33506000,13
33498000,2,33500000,3,33497000,5,33501000,10,33496000,6,33502000,9,33495000,10,33503000,9,33494000,7,33504000,9,33493000,10,33505000,11,33492000,12,33506000,14,33491000,9,33507000,13,33490000,15,33508000,11,33489000,11,33509000,12
33502000,1,33503000,1,33501000,6,33504000,7,33500000,8,33505000,8,33499000,7,33506000,10,33498000,9,33507000,17,33497000,7,33508000,9,33496000,12,33509000,12,33495000,10,33510000,17,33494000,8,33511000,12,33493000,10,33512000,19
33505000,2,33506000,2,33504000,5,33507000,11,33503000,7,33508000,9,33502000,6,33509000,6,33501000,5,33510000,18,33500000,12,33511000,12,33499000,10,33512000,19,33498000,11,33513000,9,33497000,9,33514000,10,33496000,12,33515000,10
33508000,4,33510000,13,33507000,7,33511000,8,33506000,10,33512000,16,33505000,5,33513000,7,33504000,6,33514000,8,33503000,6,33515000,12,33502000,7,33516000,16,33501000,8,33517000,10,33500000,17,33518000,15,33499000,8,33519000,14
33507000,4,33508000,3,33506000,9,33509000,7,33505000,5,33510000,11,33504000,5,33511000,6,33503000,5,33512000,16,33502000,9,33513000,8,33501000,8,33514000,10,33500000,20,33515000,12,33499000,9,33516000,16,33498000,12,33517000,10
33504000,2,33505000,2,33503000,4,33506000,5,33502000,6,33507000,10,33501000,12,33508000,8,33500000,12,33509000,9,33499000,11,33510000,16,33498000,12,33511000,10,33497000,8,33512000,20,33496000,13,33513000,10,33495000,7,33514000,13
33501000,3,33502000,2,33500000,5,33503000,19,33499000,7,33504000,4,33498000,10,33505000,8,33497000,8,33506000,7,33496000,14,33507000,12,33495000,7,33508000,9,33494000,9,33509000,15,33493000,10,33510000,18,33492000,18,33511000,13
33496000,1,33497000,3,33495000,4,33498000,5,33494000,5,33499000,7,33493000,6,33500000,9,33492000,13,33501000,9,33491000,9,33502000,11,33490000,29,33503000,33,33489000,12,33504000,11,33488000,14,33505000,15,33487000,18,33506000,12
33497000,1,33499000,4,33496000,7,33500000,8,33495000,6,33501000,7,33494000,5,33502000,11,33493000,7,33503000,33,33492000,13,33504000,11,33491000,9,33505000,16,33490000,29,33506000,12,33489000,11,33507000,12,33488000,13,33508000,12
33500000,4,33502000,4,33499000,6,33503000,29,33498000,6,33504000,4,33497000,3,33505000,12,33496000,11,33506000,8,33495000,9,33507000,12,33494000,9,33508000,12,33493000,11,33509000,10,33492000,15,33510000,17,33491000,9,33511000,13
33504000,1,33505000,7,33503000,2,33506000,4,33502000,3,33507000,11,33501000,7,33508000,8,33500000,8,33509000,7,33499000,9,33510000,17,33498000,8,33511000,14,33497000,6,33512000,19,33496000,13,33513000,10,33495000,11,33514000,12
33505000,2,33507000,5,33504000,4,33508000,9,33503000,2,33509000,9,33502000,4,33510000,14,33501000,7,33511000,11,33500000,12,33512000,19,33499000,10,33513000,12,33498000,9,33514000,14,33497000,6,33515000,11,33496000,13,33516000,15
33505000,2,33507000,5,33504000,4,33508000,9,33503000,2,33509000,9,33502000,4,33510000,14,33501000,7,33511000,11,33500000,12,33512000,19,33499000,10,33513000,12,33498000,9,33514000,14,33497000,6,33515000,11,33496000,13,33516000,15
33502000,1,33503000,1,33500000,1,33505000,3,33499000,6,33506000,8,33498000,6,33507000,10,33497000,5,33508000,10,33496000,11,33509000,10,33495000,11,33510000,16,33494000,8,33511000,12,33493000,10,33512000,20,33492000,14,33513000,12
33498000,1,33499000,2,33497000,5,33500000,4,33496000,7,33501000,6,33495000,8,33502000,5,33494000,8,33503000,5,33493000,10,33504000,10,33492000,14,33505000,12,33491000,8,33506000,13,33490000,33,33507000,11,33489000,13,33508000,14
33501000,1,33502000,1,33500000,5,33503000,3,33499000,4,33504000,8,33498000,7,33505000,8,33497000,5,33506000,12,33496000,8,33507000,12,33495000,10,33508000,13,33494000,9,33509000,13,33493000,10,33510000,17,33492000,14,33511000,13
33503000,1,33505000,5,33502000,4,33506000,8,33501000,4,33507000,10,33500000,6,33508000,10,33499000,6,33509000,13,33498000,8,33510000,17,33497000,9,33511000,13,33496000,12,33512000,19,33495000,10,33513000,10,33494000,7,33514000,13
33501000,2,33502000,1,33500000,5,33503000,5,33499000,4,33504000,5,33498000,7,33505000,6,33497000,7,33506000,6,33496000,11,33507000,12,33495000,10,33508000,12,33494000,7,33509000,13,33493000,10,33510000,17,33492000,14,33511000,14
33503000,1,33505000,5,33502000,5,33506000,6,33501000,9,33507000,10,33500000,7,33508000,11,33499000,4,33509000,11,33498000,7,33510000,16,33497000,8,33511000,14,33496000,12,33512000,19,33495000,10,33513000,10,33494000,6,33514000,13
33503000,3,33505000,1,33502000,5,33506000,5,33501000,9,33507000,10,33500000,7,33508000,10,33499000,4,33509000,11,33498000,9,33510000,16,33497000,8,33511000,14,33496000,12,33512000,19,33495000,10,33513000,10,33494000,7,33514000,13
33503000,4,33505000,1,33502000,6,33506000,5,33501000,4,33507000,10,33500000,7,33508000,10,33499000,5,33509000,11,33498000,6,33510000,17,33497000,7,33511000,16,33496000,12,33512000,19,33495000,11,33513000,10,33494000,8,33514000,13
33506000,1,33508000,5,33505000,5,33509000,9,33504000,7,33510000,15,33503000,7,33511000,13,33502000,7,33512000,18,33501000,5,33513000,12,33500000,9,33514000,14,33499000,8,33515000,12,33498000,9,33516000,16,33497000,9,33517000,10
33506000,1,33508000,4,33505000,5,33509000,9,33504000,7,33510000,15,33503000,7,33511000,12,33502000,7,33512000,17,33501000,6,33513000,12,33500000,9,33514000,14,33499000,8,33515000,12,33498000,9,33516000,16,33497000,10,33517000,10
33506000,1,33508000,4,33505000,5,33509000,9,33504000,7,33510000,15,33503000,7,33511000,12,33502000,7,33512000,17,33501000,6,33513000,12,33500000,9,33514000,14,33499000,8,33515000,12,33498000,9,33516000,16,33497000,10,33517000,10
33499000,2,33500000,1,33498000,6,33501000,4,33497000,5,33502000,4,33496000,7,33503000,6,33495000,9,33504000,2,33494000,6,33505000,9,33493000,9,33506000,10,33492000,12,33507000,16,33491000,9,33508000,12,33490000,30,33509000,12
33500000,2,33503000,6,33499000,5,33504000,3,33498000,7,33505000,8,33497000,6,33506000,9,33496000,8,33507000,15,33495000,11,33508000,12,33494000,6,33509000,13,33493000,8,33510000,19,33492000,13,33511000,15,33491000,8,33512000,19
33500000,5,33503000,4,33499000,6,33504000,3,33498000,7,33505000,7,33497000,6,33506000,9,33496000,9,33507000,15,33495000,12,33508000,13,33494000,7,33509000,13,33493000,10,33510000,20,33492000,15,33511000,15,33491000,8,33512000,19
33501000,2,33503000,2,33500000,3,33504000,3,33499000,5,33505000,9,33498000,7,33506000,8,33497000,6,33507000,15,33496000,10,33508000,11,33495000,11,33509000,14,33494000,8,33510000,20,33493000,11,33511000,15,33492000,15,33512000,19
33501000,1,33503000,3,33500000,4,33504000,4,33499000,5,33505000,9,33498000,7,33506000,8,33497000,6,33507000,15,33496000,10,33508000,10,33495000,11,33509000,14,33494000,8,33510000,20,33493000,11,33511000,15,33492000,15,33512000,19
33497000,1,33499000,2,33496000,8,33500000,11,33495000,7,33501000,2,33494000,7,33502000,6,33493000,9,33503000,9,33492000,13,33504000,11,33491000,9,33505000,12,33490000,25,33506000,11,33489000,10,33507000,15,33488000,11,33508000,12
33498000,4,33500000,10,33497000,7,33501000,2,33496000,6,33502000,6,33495000,7,33503000,9,33494000,9,33504000,8,33493000,10,33505000,12,33492000,14,33506000,11,33491000,9,33507000,16,33490000,25,33508000,11,33489000,10,33509000,13
33497000,3,33498000,5,33496000,1,33499000,6,33495000,3,33500000,6,33494000,5,33501000,7,33493000,7,33502000,4,33492000,12,33503000,10,33491000,10,33504000,9,33490000,25,33505000,13,33489000,10,33506000,12,33488000,12,33507000,16
33493000,2,33494000,1,33492000,3,33495000,7,33491000,6,33496000,8,33490000,26,33497000,7,33489000,11,33498000,8,33488000,11,33499000,14,33487000,18,33500000,8,33486000,12,33501000,10,33485000,23,33502000,10,33484000,12,33503000,11
33490000,12,33492000,4,33489000,7,33493000,6,33488000,5,33494000,7,33487000,16,33495000,9,33486000,11,33496000,10,33485000,23,33497000,11,33484000,17,33498000,13,33483000,8,33499000,12,33482000,20,33500000,10,33481000,9,33501000,9
33492000,1,33493000,2,33491000,4,33494000,9,33490000,5,33495000,10,33489000,6,33496000,9,33488000,6,33497000,9,33487000,8,33498000,12,33486000,8,33499000,13,33485000,20,33500000,11,33484000,16,33501000,9,33483000,8,33502000,10
33490000,1,33492000,1,33489000,6,33493000,5,33488000,7,33494000,5,33487000,10,33495000,8,33486000,11,33496000,9,33485000,23,33497000,8,33484000,17,33498000,12,33483000,10,33499000,12,33482000,19,33500000,13,33481000,10,33501000,9
33490000,2,33492000,2,33489000,7,33493000,5,33488000,8,33494000,4,33487000,10,33495000,8,33486000,10,33496000,10,33485000,23,33497000,8,33484000,17,33498000,11,33483000,10,33499000,14,33482000,18,33500000,13,33481000,11,33501000,9
33494000,1,33496000,2,33493000,7,33497000,6,33492000,6,33498000,8,33491000,8,33499000,11,33490000,9,33500000,10,33489000,8,33501000,10,33488000,8,33502000,11,33487000,11,33503000,11,33486000,9,33504000,12,33485000,23,33505000,12
33497000,1,33499000,8,33496000,4,33500000,9,33495000,14,33501000,10,33494000,4,33502000,11,33493000,6,33503000,10,33492000,10,33504000,12,33491000,8,33505000,13,33490000,10,33506000,43,33489000,9,33507000,18,33488000,8,33508000,10
33496000,1,33498000,4,33495000,14,33499000,4,33494000,4,33500000,9,33493000,7,33501000,10,33492000,7,33502000,10,33491000,8,33503000,11,33490000,10,33504000,11,33489000,9,33505000,13,33488000,10,33506000,43,33487000,12,33507000,17
33491000,2,33493000,3,33490000,6,33494000,5,33489000,6,33495000,6,33488000,8,33496000,12,33487000,9,33497000,9,33486000,9,33498000,11,33485000,20,33499000,11,33484000,17,33500000,12,33483000,10,33501000,11,33482000,18,33502000,12
33489000,2,33491000,8,33488000,6,33492000,5,33487000,8,33493000,5,33486000,8,33494000,5,33485000,22,33495000,8,33484000,12,33496000,14,33483000,10,33497000,14,33482000,17,33498000,12,33481000,9,33499000,10,33480000,47,33500000,13
33487000,5,33490000,4,33486000,8,33491000,6,33485000,18,33492000,7,33484000,9,33493000,7,33483000,9,33494000,8,33482000,19,33495000,10,33481000,11,33496000,16,33480000,44,33497000,16,33479000,8,33498000,14,33478000,11,33499000,11
33495000,1,33496000,1,33494000,5,33497000,8,33493000,5,33498000,10,33492000,7,33499000,8,33491000,4,33500000,12,33490000,5,33501000,10,33489000,8,33502000,11,33488000,7,33503000,12,33487000,11,33504000,12,33486000,10,33505000,11
33496000,1,33498000,3,33495000,5,33499000,7,33494000,5,33500000,11,33493000,5,33501000,9,33492000,16,33502000,9,33491000,4,33503000,11,33490000,6,33504000,13,33489000,8,33505000,11,33488000,8,33506000,43,33487000,14,33507000,20
33498000,2,33500000,2,33497000,5,33501000,6,33496000,6,33502000,7,33495000,6,33503000,9,33494000,5,33504000,10,33493000,8,33505000,10,33492000,18,33506000,44,33491000,7,33507000,19,33490000,7,33508000,10,33489000,10,33509000,12
33503000,4,33504000,1,33502000,5,33505000,1,33501000,7,33506000,35,33500000,6,33507000,13,33499000,6,33508000,6,33498000,7,33509000,10,33497000,7,33510000,19,33496000,7,33511000,16,33495000,9,33512000,19,33494000,7,33513000,9
33500000,1,33501000,2,33499000,6,33502000,3,33498000,5,33503000,4,33497000,5,33504000,6,33496000,8,33505000,6,33495000,11,33506000,30,33494000,7,33507000,16,33493000,8,33508000,9,33492000,19,33509000,9,33491000,8,33510000,19
33503000,1,33504000,1,33502000,4,33505000,5,33501000,6,33506000,30,33500000,5,33507000,15,33499000,6,33508000,8,33498000,5,33509000,9,33497000,5,33510000,20,33496000,9,33511000,15,33495000,10,33512000,20,33494000,7,33513000,9
33502000,1,33503000,2,33501000,3,33504000,6,33500000,4,33505000,5,33499000,7,33506000,29,33498000,6,33507000,13,33497000,7,33508000,7,33496000,8,33509000,9,33495000,10,33510000,19,33494000,8,33511000,16,33493000,8,33512000,20
33502000,1,33504000,5,33501000,5,33505000,4,33500000,6,33506000,32,33499000,7,33507000,15,33498000,6,33508000,8,33497000,6,33509000,9,33496000,8,33510000,20,33495000,10,33511000,15,33494000,7,33512000,20,33493000,8,33513000,9
33506000,5,33507000,2,33505000,8,33508000,6,33504000,8,33509000,7,33503000,10,33510000,16,33502000,9,33511000,11,33501000,8,33512000,21,33500000,6,33513000,9,33499000,6,33514000,11,33498000,9,33515000,12,33497000,8,33516000,15
33505000,1,33507000,7,33504000,6,33508000,6,33503000,9,33509000,6,33502000,8,33510000,15,33501000,9,33511000,12,33500000,10,33512000,20,33499000,7,33513000,10,33498000,7,33514000,12,33497000,8,33515000,11,33496000,10,33516000,14
33504000,3,33506000,3,33503000,10,33507000,8,33502000,7,33508000,8,33501000,8,33509000,6,33500000,10,33510000,16,33499000,7,33511000,15,33498000,9,33512000,20,33497000,8,33513000,10,33496000,10,33514000,12,33495000,13,33515000,11
33503000,4,33504000,2,33502000,6,33505000,1,33501000,8,33506000,5,33500000,11,33507000,8,33499000,8,33508000,6,33498000,9,33509000,9,33497000,7,33510000,18,33496000,10,33511000,14,33495000,12,33512000,21,33494000,8,33513000,9
33504000,5,33506000,3,33503000,5,33507000,7,33502000,9,33508000,7,33501000,7,33509000,7,33500000,10,33510000,16,33499000,8,33511000,14,33498000,9,33512000,21,33497000,7,33513000,9,33496000,10,33514000,11,33495000,12,33515000,11
33504000,4,33506000,6,33503000,5,33507000,7,33502000,6,33508000,6,33501000,9,33509000,6,33500000,10,33510000,15,33499000,8,33511000,12,33498000,9,33512000,20,33497000,7,33513000,9,33496000,10,33514000,11,33495000,12,33515000,11
33501000,5,33503000,1,33500000,11,33504000,4,33499000,7,33505000,5,33498000,11,33506000,9,33497000,10,33507000,10,33496000,8,33508000,9,33495000,10,33509000,10,33494000,8,33510000,19,33493000,8,33511000,13,33492000,22,33512000,21
33498000,7,33500000,2,33497000,9,33501000,5,33496000,9,33502000,5,33495000,13,33503000,8,33494000,7,33504000,6,33493000,7,33505000,8,33492000,19,33506000,11,33491000,7,33507000,14,33490000,10,33508000,11,33489000,12,33509000,10
33499000,2,33501000,5,33498000,5,33502000,11,33497000,9,33503000,8,33496000,8,33504000,9,33495000,9,33505000,8,33494000,10,33506000,12,33493000,8,33507000,16,33492000,24,33508000,13,33491000,7,33509000,10,33490000,10,33510000,17
33502000,7,33504000,2,33501000,6,33505000,5,33500000,5,33506000,9,33499000,7,33507000,14,33498000,7,33508000,12,33497000,12,33509000,10,33496000,9,33510000,17,33495000,11,33511000,13,33494000,10,33512000,22,33493000,9,33513000,17
33505000,1,33507000,8,33504000,4,33508000,9,33503000,4,33509000,7,33502000,7,33510000,16,33501000,6,33511000,13,33500000,7,33512000,21,33499000,9,33513000,11,33498000,10,33514000,10,33497000,14,33515000,11,33496000,10,33516000,16
33504000,4,33506000,1,33503000,4,33507000,4,33502000,7,33508000,9,33501000,6,33509000,7,33500000,7,33510000,15,33499000,9,33511000,13,33498000,10,33512000,21,33497000,14,33513000,11,33496000,10,33514000,10,33495000,12,33515000,11
33501000,1,33502000,2,33500000,7,33503000,5,33499000,8,33504000,4,33498000,9,33505000,5,33497000,13,33506000,7,33496000,10,33507000,12,33495000,11,33508000,12,33494000,10,33509000,10,33493000,10,33510000,18,33492000,24,33511000,14
33498000,1,33499000,2,33497000,9,33500000,4,33496000,7,33501000,7,33495000,11,33502000,5,33494000,10,33503000,7,33493000,9,33504000,10,33492000,24,33505000,10,33491000,7,33506000,10,33490000,10,33507000,10,33489000,12,33508000,13
33495000,4,33496000,3,33494000,3,33497000,3,33493000,7,33498000,4,33492000,27,33499000,6,33491000,8,33500000,5,33490000,10,33501000,10,33489000,10,33502000,11,33488000,9,33503000,10,33487000,11,33504000,10,33486000,15,33505000,11
33497000,4,33499000,1,33496000,5,33500000,5,33495000,5,33501000,7,33494000,5,33502000,9,33493000,7,33503000,9,33492000,26,33504000,10,33491000,8,33505000,11,33490000,11,33506000,10,33489000,10,33507000,11,33488000,10,33508000,12
33496000,1,33498000,3,33495000,5,33499000,6,33494000,5,33500000,8,33493000,9,33501000,4,33492000,26,33502000,8,33491000,8,33503000,9,33490000,11,33504000,10,33489000,9,33505000,10,33488000,10,33506000,11,33487000,11,33507000,12
33493000,2,33495000,2,33492000,20,33496000,6,33491000,7,33497000,6,33490000,11,33498000,8,33489000,12,33499000,9,33488000,9,33500000,10,33487000,10,33501000,9,33486000,11,33502000,12,33485000,14,33503000,10,33484000,13,33504000,12
33493000,3,33495000,1,33492000,17,33496000,6,33491000,7,33497000,7,33490000,11,33498000,8,33489000,12,33499000,10,33488000,9,33500000,10,33487000,10,33501000,9,33486000,11,33502000,12,33485000,12,33503000,10,33484000,13,33504000,11
33493000,1,33494000,3,33492000,16,33495000,4,33491000,7,33496000,8,33490000,14,33497000,5,33489000,13,33498000,7,33488000,9,33499000,10,33487000,11,33500000,11,33486000,10,33501000,9,33485000,14,33502000,12,33484000,13,33503000,10
33494000,3,33496000,1,33493000,8,33497000,5,33492000,19,33498000,7,33491000,8,33499000,9,33490000,13,33500000,10,33489000,13,33501000,9,33488000,9,33502000,12,33487000,12,33503000,10,33486000,10,33504000,11,33485000,14,33505000,10
33494000,1,33496000,2,33493000,7,33497000,7,33492000,20,33498000,5,33491000,8,33499000,8,33490000,13,33500000,9,33489000,13,33501000,8,33488000,9,33502000,10,33487000,13,33503000,10,33486000,11,33504000,12,33485000,14,33505000,10
33495000,3,33496000,2,33494000,5,33497000,5,33493000,8,33498000,6,33492000,20,33499000,8,33491000,9,33500000,11,33490000,15,33501000,8,33489000,13,33502000,11,33488000,9,33503000,10,33487000,11,33504000,11,33486000,10,33505000,10
33493000,8,33495000,2,33492000,18,33496000,7,33491000,9,33497000,7,33490000,15,33498000,7,33489000,13,33499000,7,33488000,9,33500000,12,33487000,11,33501000,8,33486000,10,33502000,11,33485000,14,33503000,10,33484000,13,33504000,11
33490000,13,33492000,1,33489000,12,33493000,3,33488000,10,33494000,4,33487000,11,33495000,5,33486000,12,33496000,8,33485000,13,33497000,8,33484000,12,33498000,10,33483000,11,33499000,10,33482000,21,33500000,13,33481000,11,33501000,9
33492000,1,33493000,1,33491000,5,33494000,4,33490000,9,33495000,5,33489000,12,33496000,9,33488000,9,33497000,7,33487000,11,33498000,10,33486000,12,33499000,10,33485000,13,33500000,14,33484000,12,33501000,9,33483000,10,33502000,11
33490000,5,33491000,1,33489000,8,33492000,5,33488000,10,33493000,5,33487000,11,33494000,4,33486000,12,33495000,5,33485000,13,33496000,8,33484000,12,33497000,10,33483000,10,33498000,10,33482000,22,33499000,11,33481000,11,33500000,14
33487000,2,33488000,2,33486000,9,33489000,6,33485000,11,33490000,8,33484000,12,33491000,7,33483000,10,33492000,7,33482000,19,33493000,8,33481000,10,33494000,11,33480000,44,33495000,13,33479000,13,33496000,13,33478000,12,33497000,10
33490000,3,33492000,4,33489000,5,33493000,5,33488000,7,33494000,7,33487000,6,33495000,11,33486000,8,33496000,11,33485000,7,33497000,12,33484000,11,33498000,13,33483000,10,33499000,9,33482000,19,33500000,13,33481000,11,33501000,13
33493000,2,33495000,3,33492000,5,33496000,7,33491000,6,33497000,8,33490000,7,33498000,13,33489000,6,33499000,9,33488000,5,33500000,14,33487000,8,33501000,9,33486000,11,33502000,12,33485000,9,33503000,9,33484000,13,33504000,12
33494000,4,33496000,1,33493000,7,33497000,4,33492000,5,33498000,11,33491000,5,33499000,8,33490000,7,33500000,14,33489000,9,33501000,12,33488000,8,33502000,12,33487000,9,33503000,11,33486000,9,33504000,12,33485000,10,33505000,14
33497000,2,33499000,4,33496000,6,33500000,11,33495000,5,33501000,9,33494000,5,33502000,11,33493000,7,33503000,11,33492000,8,33504000,13,33491000,6,33505000,15,33490000,8,33506000,11,33489000,8,33507000,15,33488000,8,33508000,15
33495000,4,33496000,1,33494000,5,33498000,5,33493000,7,33499000,7,33492000,7,33500000,9,33491000,7,33501000,9,33490000,9,33502000,12,33489000,8,33503000,12,33488000,9,33504000,16,33487000,10,33505000,16,33486000,11,33506000,12
33491000,2,33493000,2,33490000,10,33494000,6,33489000,13,33495000,6,33488000,13,33496000,10,33487000,8,33497000,9,33486000,11,33498000,9,33485000,10,33499000,10,33484000,13,33500000,13,33483000,10,33501000,11,33482000,22,33502000,14
33490000,8,33492000,5,33489000,13,33493000,7,33488000,12,33494000,6,33487000,8,33495000,7,33486000,11,33496000,9,33485000,10,33497000,9,33484000,13,33498000,8,33483000,8,33499000,10,33482000,21,33500000,13,33481000,12,33501000,11
33493000,1,33494000,3,33492000,5,33495000,5,33491000,6,33496000,10,33490000,5,33497000,8,33489000,7,33498000,7,33488000,10,33499000,11,33487000,8,33500000,14,33486000,11,33501000,10,33485000,10,33502000,13,33484000,15,33503000,13
33495000,1,33496000,3,33494000,4,33497000,5,33493000,6,33498000,7,33492000,8,33499000,9,33491000,6,33500000,11,33490000,5,33501000,12,33489000,9,33502000,14,33488000,12,33503000,13,33487000,8,33504000,14,33486000,11,33505000,13
33496000,4,33499000,5,33495000,7,33500000,9,33494000,5,33501000,8,33493000,6,33502000,10,33492000,8,33503000,14,33491000,7,33504000,14,33490000,7,33505000,14,33489000,10,33506000,12,33488000,14,33507000,15,33487000,10,33508000,15
33494000,5,33495000,1,33493000,8,33496000,4,33492000,6,33497000,5,33491000,9,33498000,4,33490000,7,33499000,8,33489000,10,33500000,11,33488000,12,33501000,12,33487000,9,33502000,12,33486000,11,33503000,13,33485000,11,33504000,16
33492000,2,33493000,4,33491000,3,33494000,4,33490000,5,33495000,5,33489000,11,33496000,6,33488000,12,33497000,8,33487000,10,33498000,6,33486000,10,33499000,10,33485000,10,33500000,14,33484000,14,33501000,13,33483000,9,33502000,13
33494000,1,33495000,1,33493000,5,33496000,5,33492000,6,33497000,9,33491000,4,33498000,7,33490000,7,33499000,12,33489000,8,33500000,15,33488000,9,33501000,11,33487000,9,33502000,13,33486000,11,33503000,13,33485000,11,33504000,16
33492000,4,33495000,5,33491000,3,33496000,8,33490000,8,33497000,6,33489000,9,33498000,9,33488000,12,33499000,12,33487000,11,33500000,14,33486000,10,33501000,11,33485000,11,33502000,14,33484000,15,33503000,14,33483000,9,33504000,16
33493000,3,33495000,3,33492000,8,33496000,6,33491000,4,33497000,7,33490000,8,33498000,10,33489000,8,33499000,12,33488000,14,33500000,14,33487000,10,33501000,12,33486000,11,33502000,14,33485000,11,33503000,11,33484000,14,33504000,15
33494000,2,33496000,3,33493000,7,33497000,4,33492000,7,33498000,9,33491000,4,33499000,11,33490000,9,33500000,13,33489000,9,33501000,12,33488000,13,33502000,13,33487000,10,33503000,15,33486000,10,33504000,17,33485000,12,33505000,19
33500000,2,33501000,1,33499000,6,33502000,6,33498000,8,33503000,13,33497000,5,33504000,14,33496000,6,33505000,20,33495000,6,33506000,10,33494000,6,33507000,14,33493000,7,33508000,16,33492000,11,33509000,12,33491000,6,33510000,14
33497000,3,33498000,1,33496000,5,33499000,6,33495000,8,33500000,3,33494000,6,33501000,8,33493000,7,33502000,10,33492000,10,33503000,13,33491000,6,33504000,16,33490000,12,33505000,21,33489000,13,33506000,14,33488000,16,33507000,14
33500000,1,33501000,2,33499000,4,33502000,7,33498000,7,33503000,13,33497000,7,33504000,15,33496000,7,33505000,21,33495000,6,33506000,12,33494000,7,33507000,14,33493000,8,33508000,16,33492000,10,33509000,12,33491000,7,33510000,13
33502000,6,33504000,7,33501000,5,33505000,19,33500000,8,33506000,8,33499000,7,33507000,12,33498000,8,33508000,15,33497000,6,33509000,12,33496000,19,33510000,14,33495000,11,33511000,11,33494000,9,33512000,16,33493000,9,33513000,13
33505000,4,33507000,2,33504000,5,33508000,13,33503000,4,33509000,8,33502000,6,33510000,8,33501000,5,33511000,8,33500000,7,33512000,18,33499000,8,33513000,10,33498000,10,33514000,11,33497000,8,33515000,10,33496000,20,33516000,16
33509000,2,33510000,2,33508000,4,33511000,5,33507000,7,33512000,11,33506000,9,33513000,8,33505000,8,33514000,8,33504000,9,33515000,11,33503000,7,33516000,16,33502000,8,33517000,9,33501000,7,33518000,13,33500000,10,33519000,15
33507000,1,33509000,6,33506000,10,33510000,5,33505000,7,33511000,8,33504000,11,33512000,10,33503000,8,33513000,8,33502000,8,33514000,9,33501000,6,33515000,12,33500000,10,33516000,14,33499000,9,33517000,11,33498000,11,33518000,13
33504000,2,33505000,2,33503000,5,33506000,5,33502000,7,33507000,8,33501000,10,33508000,7,33500000,11,33509000,8,33499000,10,33510000,10,33498000,9,33511000,13,33497000,6,33512000,16,33496000,21,33513000,11,33495000,17,33514000,12
33505000,2,33507000,4,33504000,8,33508000,8,33503000,7,33509000,8,33502000,8,33510000,11,33501000,7,33511000,9,33500000,11,33512000,16,33499000,11,33513000,12,33498000,12,33514000,13,33497000,8,33515000,13,33496000,22,33516000,14
33504000,2,33505000,4,33503000,6,33506000,3,33502000,7,33507000,5,33501000,7,33508000,6,33500000,13,33509000,7,33499000,12,33510000,11,33498000,11,33511000,15,33497000,8,33512000,16,33496000,22,33513000,12,33495000,16,33514000,13
33502000,2,33504000,4,33501000,7,33505000,9,33500000,10,33506000,8,33499000,13,33507000,7,33498000,12,33508000,7,33497000,8,33509000,10,33496000,21,33510000,13,33495000,15,33511000,14,33494000,9,33512000,15,33493000,8,33513000,9
33503000,2,33504000,2,33502000,6,33505000,7,33501000,6,33506000,7,33500000,9,33507000,9,33499000,11,33508000,8,33498000,12,33509000,9,33497000,8,33510000,12,33496000,23,33511000,15,33495000,15,33512000,15,33494000,8,33513000,9
33501000,3,33503000,6,33500000,9,33504000,8,33499000,14,33505000,6,33498000,13,33506000,7,33497000,9,33507000,9,33496000,25,33508000,9,33495000,15,33509000,12,33494000,9,33510000,14,33493000,8,33511000,15,33492000,15,33512000,15
33502000,3,33504000,4,33501000,5,33505000,6,33500000,8,33506000,8,33499000,13,33507000,11,33498000,12,33508000,8,33497000,9,33509000,12,33496000,25,33510000,14,33495000,17,33511000,15,33494000,9,33512000,14,33493000,8,33513000,9
33505000,4,33507000,4,33504000,7,33508000,6,33503000,6,33509000,8,33502000,7,33510000,10,33501000,5,33511000,12,33500000,9,33512000,14,33499000,15,33513000,10,33498000,14,33514000,11,33497000,9,33515000,13,33496000,25,33516000,14
33508000,3,33509000,1,33507000,5,33510000,8,33506000,10,33511000,11,33505000,8,33512000,9,33504000,7,33513000,8,33503000,9,33514000,9,33502000,13,33515000,14,33501000,7,33516000,14,33500000,12,33517000,12,33499000,13,33518000,17
33511000,4,33513000,3,33510000,8,33514000,5,33509000,7,33515000,10,33508000,7,33516000,10,33507000,6,33517000,12,33506000,12,33518000,16,33505000,12,33519000,13,33504000,10,33520000,11,33503000,10,33521000,8,33502000,14,33522000,11
33515000,2,33516000,2,33514000,7,33517000,8,33513000,8,33518000,10,33512000,8,33519000,9,33511000,6,33520000,11,33510000,17,33521000,9,33509000,7,33522000,12,33508000,12,33523000,12,33507000,8,33524000,12,33506000,13,33525000,18
33516000,7,33518000,1,33515000,10,33519000,6,33514000,8,33520000,9,33513000,7,33521000,9,33512000,7,33522000,11,33511000,10,33523000,14,33510000,19,33524000,13,33509000,7,33525000,15,33508000,12,33526000,10,33507000,9,33527000,10
33516000,3,33517000,1,33515000,8,33518000,8,33514000,8,33519000,8,33513000,8,33520000,6,33512000,9,33521000,7,33511000,11,33522000,13,33510000,20,33523000,13,33509000,7,33524000,16,33508000,29,33525000,14,33507000,9,33526000,13
33513000,4,33515000,2,33512000,8,33516000,7,33511000,8,33517000,8,33510000,21,33518000,11,33509000,9,33519000,8,33508000,29,33520000,9,33507000,9,33521000,11,33506000,13,33522000,14,33505000,12,33523000,12,33504000,15,33524000,15
33514000,3,33516000,5,33513000,6,33517000,7,33512000,8,33518000,11,33511000,8,33519000,9,33510000,20,33520000,8,33509000,10,33521000,11,33508000,29,33522000,14,33507000,9,33523000,12,33506000,12,33524000,15,33505000,12,33525000,13
33518000,23,33519000,5,33517000,4,33520000,6,33516000,7,33521000,8,33515000,9,33522000,10,33514000,6,33523000,11,33513000,7,33524000,15,33512000,9,33525000,14,33511000,12,33526000,12,33510000,29,33527000,11,33509000,11,33528000,11
33516000,3,33518000,6,33515000,8,33519000,7,33514000,6,33520000,12,33513000,8,33521000,9,33512000,8,33522000,11,33511000,12,33523000,13,33510000,29,33524000,16,33509000,10,33525000,14,33508000,29,33526000,13,33507000,9,33527000,11
33515000,3,33517000,4,33514000,6,33518000,7,33513000,5,33519000,10,33512000,7,33520000,10,33511000,10,33521000,9,33510000,28,33522000,13,33509000,11,33523000,14,33508000,29,33524000,15,33507000,9,33525000,13,33506000,12,33526000,12
33517000,5,33519000,2,33516000,10,33520000,6,33515000,10,33521000,7,33514000,10,33522000,11,33513000,8,33523000,11,33512000,10,33524000,14,33511000,11,33525000,15,33510000,29,33526000,13,33509000,10,33527000,10,33508000,29,33528000,11
33519000,2,33520000,10,33518000,5,33521000,7,33517000,9,33522000,11,33516000,6,33523000,11,33515000,11,33524000,12,33514000,11,33525000,15,33513000,9,33526000,13,33512000,10,33527000,9,33511000,11,33528000,11,33510000,23,33529000,9
33521000,2,33522000,8,33520000,5,33523000,8,33519000,7,33524000,9,33518000,10,33525000,13,33517000,7,33526000,15,33516000,7,33527000,10,33515000,12,33528000,13,33514000,15,33529000,9,33513000,11,33530000,14,33512000,11,33531000,12
33525000,2,33526000,4,33524000,4,33527000,6,33523000,7,33528000,11,33522000,7,33529000,12,33521000,6,33530000,14,33520000,9,33531000,13,33519000,10,33532000,15,33518000,6,33533000,12,33517000,8,33534000,12,33516000,13,33535000,14
33522000,1,33523000,1,33521000,5,33524000,5,33520000,11,33525000,8,33519000,8,33526000,9,33518000,7,33527000,10,33517000,10,33528000,13,33516000,13,33529000,13,33515000,14,33530000,17,33514000,13,33531000,13,33513000,11,33532000,12
33524000,3,33525000,3,33523000,8,33526000,6,33522000,7,33527000,10,33521000,6,33528000,11,33520000,12,33529000,11,33519000,9,33530000,16,33518000,7,33531000,14,33517000,11,33532000,12,33516000,15,33533000,11,33515000,10,33534000,12
33522000,6,33524000,3,33521000,6,33525000,5,33520000,9,33526000,9,33519000,8,33527000,9,33518000,8,33528000,10,33517000,9,33529000,11,33516000,16,33530000,14,33515000,10,33531000,13,33514000,13,33532000,15,33513000,12,33533000,12
33523000,3,33525000,3,33522000,7,33526000,8,33521000,5,33527000,8,33520000,9,33528000,10,33519000,8,33529000,11,33518000,10,33530000,14,33517000,9,33531000,13,33516000,16,33532000,16,33515000,10,33533000,12,33514000,13,33534000,12
33527000,6,33529000,2,33526000,7,33530000,12,33525000,5,33531000,12,33524000,6,33532000,15,33523000,5,33533000,13,33522000,15,33534000,12,33521000,9,33535000,17,33520000,11,33536000,12,33519000,9,33537000,12,33518000,12,33538000,10
33525000,5,33526000,5,33524000,8,33527000,3,33523000,5,33528000,5,33522000,8,33529000,8,33521000,7,33530000,12,33520000,9,33531000,14,33519000,10,33532000,15,33518000,9,33533000,12,33517000,8,33534000,13,33516000,16,33535000,17
33522000,2,33523000,3,33521000,4,33524000,7,33520000,14,33525000,5,33519000,9,33526000,9,33518000,8,33527000,9,33517000,10,33528000,11,33516000,17,33529000,12,33515000,8,33530000,14,33514000,13,33531000,12,33513000,11,33532000,15
33518000,6,33519000,1,33517000,7,33520000,1,33516000,13,33521000,4,33515000,8,33522000,12,33514000,13,33523000,8,33513000,13,33524000,10,33512000,12,33525000,10,33511000,10,33526000,11,33510000,23,33527000,13,33509000,10,33528000,12
33521000,1,33522000,2,33520000,6,33523000,6,33519000,6,33524000,11,33518000,6,33525000,8,33517000,9,33526000,9,33516000,10,33527000,11,33515000,12,33528000,12,33514000,14,33529000,11,33513000,12,33530000,15,33512000,12,33531000,11
33519000,1,33520000,2,33518000,4,33521000,5,33517000,8,33522000,7,33516000,9,33523000,7,33515000,9,33524000,11,33514000,11,33525000,10,33513000,12,33526000,8,33512000,12,33527000,9,33511000,10,33528000,12,33510000,23,33529000,13
33516000,8,33518000,3,33515000,6,33519000,6,33514000,9,33520000,6,33513000,9,33521000,6,33512000,10,33522000,8,33511000,11,33523000,10,33510000,24,33524000,13,33509000,11,33525000,10,33508000,28,33526000,10,33507000,9,33527000,10
33518000,1,33519000,3,33517000,4,33520000,8,33516000,8,33521000,6,33515000,5,33522000,8,33514000,9,33523000,9,33513000,10,33524000,11,33512000,11,33525000,10,33511000,11,33526000,10,33510000,24,33527000,10,33509000,11,33528000,12
33514000,6,33516000,2,33513000,14,33517000,5,33512000,10,33518000,5,33511000,9,33519000,7,33510000,21,33520000,8,33509000,14,33521000,9,33508000,32,33522000,19,33507000,8,33523000,11,33506000,10,33524000,13,33505000,11,33525000,10
33511000,7,33513000,1,33510000,19,33514000,6,33509000,13,33515000,7,33508000,32,33516000,8,33507000,9,33517000,9,33506000,10,33518000,10,33505000,10,33519000,9,33504000,10,33520000,13,33503000,6,33521000,10,33502000,12,33522000,21
33508000,22,33509000,2,33507000,7,33510000,5,33506000,7,33511000,6,33505000,7,33512000,9,33504000,9,33513000,10,33503000,9,33514000,13,33502000,13,33515000,12,33501000,5,33516000,11,33500000,13,33517000,11,33499000,13,33518000,11
33513000,1,33514000,2,33512000,5,33515000,7,33511000,8,33516000,12,33510000,7,33517000,12,33509000,10,33518000,12,33508000,23,33519000,10,33507000,13,33520000,13,33506000,13,33521000,9,33505000,10,33522000,23,33504000,11,33523000,12
33510000,3,33512000,5,33509000,8,33513000,7,33508000,22,33514000,7,33507000,12,33515000,8,33506000,11,33516000,11,33505000,9,33517000,13,33504000,11,33518000,14,33503000,7,33519000,10,33502000,22,33520000,14,33501000,7,33521000,10
33507000,4,33508000,3,33506000,8,33509000,8,33505000,9,33510000,12,33504000,9,33511000,7,33503000,7,33512000,6,33502000,22,33513000,10,33501000,8,33514000,9,33500000,15,33515000,10,33499000,11,33516000,13,33498000,17,33517000,14
33505000,1,33506000,1,33504000,4,33507000,5,33503000,5,33508000,5,33502000,23,33509000,7,33501000,8,33510000,12,33500000,17,33511000,11,33499000,11,33512000,10,33498000,15,33513000,13,33497000,9,33514000,10,33496000,23,33515000,10
33501000,1,33502000,3,33500000,7,33503000,6,33499000,7,33504000,9,33498000,19,33505000,12,33497000,8,33506000,9,33496000,22,33507000,14,33495000,15,33508000,13,33494000,10,33509000,13,33493000,6,33510000,17,33492000,14,33511000,14
33498000,12,33500000,4,33497000,5,33501000,5,33496000,18,33502000,7,33495000,17,33503000,8,33494000,13,33504000,11,33493000,6,33505000,13,33492000,11,33506000,10,33491000,6,33507000,14,33490000,13,33508000,14,33489000,15,33509000,13
33500000,1,33501000,1,33499000,6,33502000,6,33498000,13,33503000,9,33497000,8,33504000,18,33496000,16,33505000,9,33495000,17,33506000,12,33494000,13,33507000,13,33493000,8,33508000,14,33492000,11,33509000,13,33491000,6,33510000,18
33499000,5,33501000,2,33498000,13,33502000,7,33497000,9,33503000,6,33496000,16,33504000,16,33495000,16,33505000,10,33494000,12,33506000,10,33493000,8,33507000,16,33492000,11,33508000,14,33491000,6,33509000,13,33490000,14,33510000,18
33499000,7,33502000,7,33498000,13,33503000,6,33497000,9,33504000,12,33496000,18,33505000,9,33495000,17,33506000,10,33494000,13,33507000,16,33493000,8,33508000,14,33492000,12,33509000,13,33491000,7,33510000,18,33490000,15,33511000,13
33498000,7,33499000,1,33497000,6,33500000,4,33496000,16,33501000,6,33495000,17,33502000,9,33494000,11,33503000,7,33493000,8,33504000,13,33492000,12,33505000,9,33491000,7,33506000,11,33490000,16,33507000,16,33489000,15,33508000,15
33495000,6,33496000,1,33494000,6,33497000,6,33493000,8,33498000,6,33492000,12,33499000,10,33491000,9,33500000,10,33490000,15,33501000,9,33489000,15,33502000,10,33488000,11,33503000,9,33487000,9,33504000,16,33486000,18,33505000,11
33497000,1,33499000,5,33496000,7,33500000,9,33495000,6,33501000,8,33494000,6,33502000,6,33493000,8,33503000,8,33492000,8,33504000,14,33491000,9,33505000,12,33490000,16,33506000,14,33489000,15,33507000,16,33488000,10,33508000,15
33501000,2,33502000,2,33500000,5,33503000,6,33499000,5,33504000,10,33498000,8,33505000,9,33497000,6,33506000,11,33496000,9,33507000,17,33495000,9,33508000,16,33494000,11,33509000,13,33493000,10,33510000,17,33492000,11,33511000,12
33504000,1,33505000,2,33503000,7,33506000,9,33502000,6,33507000,13,33501000,10,33508000,12,33500000,7,33509000,10,33499000,8,33510000,18,33498000,12,33511000,14,33497000,8,33512000,14,33496000,13,33513000,12,33495000,9,33514000,10
33501000,5,33502000,2,33500000,8,33503000,3,33499000,7,33504000,4,33498000,11,33505000,9,33497000,9,33506000,8,33496000,11,33507000,11,33495000,11,33508000,12,33494000,10,33509000,12,33493000,9,33510000,18,33492000,12,33511000,11
33499000,1,33500000,1,33498000,9,33501000,4,33497000,7,33502000,5,33496000,10,33503000,4,33495000,12,33504000,7,33494000,9,33505000,12,33493000,10,33506000,13,33492000,12,33507000,11,33491000,7,33508000,13,33490000,17,33509000,12
33495000,2,33497000,4,33494000,7,33498000,8,33493000,10,33499000,7,33492000,11,33500000,8,33491000,8,33501000,11,33490000,16,33502000,16,33489000,16,33503000,12,33488000,11,33504000,13,33487000,9,33505000,11,33486000,18,33506000,13
33492000,1,33493000,1,33491000,2,33494000,6,33490000,13,33495000,8,33489000,14,33496000,8,33488000,10,33497000,10,33487000,12,33498000,11,33486000,15,33499000,11,33485000,13,33500000,15,33484000,12,33501000,11,33483000,12,33502000,16
33493000,4,33495000,2,33492000,3,33496000,8,33491000,6,33497000,9,33490000,14,33498000,10,33489000,14,33499000,11,33488000,11,33500000,14,33487000,12,33501000,11,33486000,16,33502000,16,33485000,13,33503000,10,33484000,12,33504000,14
33496000,1,33497000,2,33495000,6,33498000,9,33494000,6,33499000,9,33493000,7,33500000,11,33492000,4,33501000,10,33491000,8,33502000,12,33490000,16,33503000,11,33489000,15,33504000,14,33488000,12,33505000,9,33487000,12,33506000,13
33503000,1,33504000,1,33502000,5,33505000,6,33501000,3,33506000,11,33500000,7,33507000,10,33499000,6,33508000,14,33498000,8,33509000,13,33497000,17,33510000,15,33496000,11,33511000,9,33495000,8,33512000,12,33494000,10,33513000,13
33507000,1,33508000,5,33506000,4,33509000,9,33505000,7,33510000,11,33504000,5,33511000,8,33503000,7,33512000,11,33502000,8,33513000,11,33501000,6,33514000,13,33500000,11,33515000,10,33499000,9,33516000,13,33498000,9,33517000,9
33502000,2,33503000,1,33501000,7,33504000,3,33500000,7,33505000,6,33499000,8,33506000,4,33498000,7,33507000,7,33497000,10,33508000,8,33496000,10,33509000,8,33495000,10,33510000,13,33494000,11,33511000,10,33493000,12,33512000,14
33504000,5,33506000,1,33503000,6,33507000,5,33502000,7,33508000,8,33501000,5,33509000,6,33500000,8,33510000,10,33499000,9,33511000,10,33498000,8,33512000,15,33497000,10,33513000,13,33496000,9,33514000,13,33495000,11,33515000,9
33508000,2,33510000,2,33507000,7,33511000,7,33506000,8,33512000,11,33505000,6,33513000,9,33504000,8,33514000,18,33503000,7,33515000,11,33502000,10,33516000,14,33501000,8,33517000,10,33500000,9,33518000,11,33499000,11,33519000,10
33511000,3,33513000,3,33510000,6,33514000,16,33509000,8,33515000,7,33508000,6,33516000,11,33507000,7,33517000,9,33506000,8,33518000,12,33505000,8,33519000,9,33504000,11,33520000,11,33503000,8,33521000,7,33502000,11,33522000,25
33509000,6,33510000,1,33508000,6,33511000,2,33507000,7,33512000,5,33506000,8,33513000,5,33505000,6,33514000,17,33504000,8,33515000,9,33503000,8,33516000,12,33502000,10,33517000,11,33501000,8,33518000,13,33500000,9,33519000,9
33505000,1,33506000,1,33504000,5,33507000,5,33503000,5,33508000,8,33502000,7,33509000,8,33501000,9,33510000,7,33500000,9,33511000,8,33499000,10,33512000,9,33498000,11,33513000,10,33497000,11,33514000,19,33496000,10,33515000,8
33501000,5,33502000,1,33500000,7,33503000,5,33499000,9,33504000,3,33498000,9,33505000,6,33497000,12,33506000,7,33496000,13,33507000,9,33495000,11,33508000,9,33494000,11,33509000,11,33493000,8,33510000,11,33492000,11,33511000,11
33502000,2,33504000,2,33501000,7,33505000,6,33500000,6,33506000,7,33499000,10,33507000,7,33498000,9,33508000,7,33497000,14,33509000,12,33496000,13,33510000,16,33495000,11,33511000,10,33494000,11,33512000,9,33493000,8,33513000,11
33501000,3,33502000,2,33500000,6,33503000,3,33499000,11,33504000,5,33498000,10,33505000,7,33497000,11,33506000,8,33496000,12,33507000,9,33495000,11,33508000,9,33494000,12,33509000,12,33493000,9,33510000,16,33492000,9,33511000,10
33499000,2,33501000,6,33498000,7,33502000,6,33497000,9,33503000,8,33496000,12,33504000,9,33495000,12,33505000,9,33494000,13,33506000,11,33493000,10,33507000,10,33492000,9,33508000,10,33491000,7,33509000,12,33490000,16,33510000,16
33501000,3,33503000,1,33500000,4,33504000,6,33499000,5,33505000,9,33498000,8,33506000,8,33497000,6,33507000,9,33496000,12,33508000,11,33495000,13,33509000,10,33494000,15,33510000,17,33493000,11,33511000,9,33492000,11,33512000,10
33503000,5,33506000,4,33502000,6,33507000,6,33501000,8,33508000,6,33500000,6,33509000,9,33499000,5,33510000,16,33498000,9,33511000,11,33497000,9,33512000,11,33496000,13,33513000,12,33495000,13,33514000,19,33494000,15,33515000,8
33506000,1,33508000,4,33505000,6,33509000,4,33504000,5,33510000,9,33503000,7,33511000,7,33502000,7,33512000,10,33501000,11,33513000,11,33500000,12,33514000,20,33499000,8,33515000,10,33498000,12,33516000,14,33497000,7,33517000,10
33504000,4,33506000,2,33503000,6,33507000,4,33502000,6,33508000,7,33501000,8,33509000,7,33500000,9,33510000,11,33499000,10,33511000,10,33498000,13,33512000,11,33497000,7,33513000,12,33496000,14,33514000,19,33495000,13,33515000,9
33506000,4,33509000,6,33505000,6,33510000,9,33504000,5,33511000,9,33503000,6,33512000,7,33502000,6,33513000,10,33501000,8,33514000,19,33500000,8,33515000,9,33499000,10,33516000,13,33498000,13,33517000,10,33497000,7,33518000,11
33502000,4,33504000,1,33501000,7,33505000,6,33500000,7,33506000,5,33499000,6,33507000,7,33498000,12,33508000,8,33497000,9,33509000,8,33496000,14,33510000,15,33495000,13,33511000,12,33494000,14,33512000,11,33493000,12,33513000,10
33505000,1,33507000,3,33504000,4,33508000,8,33503000,5,33509000,6,33502000,6,33510000,12,33501000,8,33511000,10,33500000,8,33512000,10,33499000,8,33513000,10,33498000,15,33514000,19,33497000,8,33515000,9,33496000,15,33516000,14
33501000,4,33503000,1,33500000,6,33504000,5,33499000,6,33505000,7,33498000,14,33506000,7,33497000,8,33507000,8,33496000,12,33508000,9,33495000,15,33509000,9,33494000,13,33510000,13,33493000,11,33511000,11,33492000,12,33512000,11
33500000,3,33501000,1,33499000,6,33502000,6,33498000,10,33503000,6,33497000,10,33504000,8,33496000,14,33505000,5,33495000,16,33506000,4,33494000,14,33507000,5,33493000,10,33508000,11,33492000,11,33509000,10,33491000,7,33510000,15
33498000,2,33499000,3,33497000,6,33500000,3,33496000,11,33501000,4,33495000,13,33502000,8,33494000,13,33503000,7,33493000,10,33504000,13,33492000,12,33505000,9,33491000,8,33506000,10,33490000,19,33507000,8,33489000,15,33508000,10
33498000,3,33500000,5,33497000,3,33501000,4,33496000,7,33502000,9,33495000,12,33503000,8,33494000,13,33504000,11,33493000,10,33505000,9,33492000,12,33506000,9,33491000,8,33507000,9,33490000,18,33508000,10,33489000,11,33509000,9
33497000,1,33499000,4,33496000,7,33500000,7,33495000,13,33501000,6,33494000,12,33502000,9,33493000,9,33503000,8,33492000,12,33504000,13,33491000,8,33505000,9,33490000,19,33506000,9,33489000,12,33507000,9,33488000,13,33508000,10
33498000,5,33500000,2,33497000,5,33501000,5,33496000,7,33502000,9,33495000,12,33503000,8,33494000,10,33504000,12,33493000,10,33505000,9,33492000,12,33506000,9,33491000,8,33507000,8,33490000,18,33508000,10,33489000,11,33509000,9
33496000,2,33497000,1,33495000,8,33498000,7,33494000,9,33499000,6,33493000,8,33500000,7,33492000,12,33501000,7,33491000,11,33502000,11,33490000,18,33503000,12,33489000,12,33504000,14,33488000,14,33505000,9,33487000,9,33506000,9
33492000,2,33494000,5,33491000,7,33495000,5,33490000,15,33496000,7,33489000,12,33497000,6,33488000,12,33498000,10,33487000,10,33499000,9,33486000,16,33500000,11,33485000,11,33501000,10,33484000,14,33502000,13,33483000,13,33503000,10
33494000,2,33495000,3,33493000,18,33496000,4,33492000,5,33497000,5,33491000,6,33498000,8,33490000,11,33499000,8,33489000,11,33500000,12,33488000,12,33501000,10,33487000,10,33502000,13,33486000,16,33503000,10,33485000,12,33504000,12
33497000,1,33498000,1,33496000,4,33499000,4,33495000,9,33500000,11,33494000,6,33501000,7,33493000,22,33502000,11,33492000,7,33503000,10,33491000,9,33504000,12,33490000,14,33505000,9,33489000,11,33506000,10,33488000,13,33507000,9
33500000,3,33501000,1,33499000,7,33502000,7,33498000,7,33503000,6,33497000,7,33504000,8,33496000,4,33505000,8,33495000,7,33506000,10,33494000,7,33507000,10,33493000,5,33508000,12,33492000,12,33509000,11,33491000,10,33510000,18
33503000,2,33505000,5,33502000,5,33506000,7,33501000,5,33507000,7,33500000,8,33508000,11,33499000,8,33509000,9,33498000,8,33510000,17,33497000,9,33511000,13,33496000,9,33512000,11,33495000,9,33513000,11,33494000,12,33514000,17
33506000,7,33508000,4,33505000,6,33509000,7,33504000,5,33510000,14,33503000,5,33511000,11,33502000,7,33512000,11,33501000,15,33513000,12,33500000,10,33514000,17,33499000,12,33515000,8,33498000,10,33516000,14,33497000,10,33517000,9
33509000,1,33510000,7,33508000,3,33511000,7,33507000,6,33512000,7,33506000,6,33513000,10,33505000,6,33514000,18,33504000,6,33515000,8,33503000,7,33516000,13,33502000,12,33517000,9,33501000,17,33518000,10,33500000,12,33519000,11
33513000,2,33514000,11,33512000,7,33515000,7,33511000,6,33516000,10,33510000,6,33517000,10,33509000,8,33518000,9,33508000,8,33519000,9,33507000,8,33520000,18,33506000,11,33521000,8,33505000,10,33522000,24,33504000,11,33523000,9
33515000,5,33517000,3,33514000,8,33518000,8,33513000,8,33519000,8,33512000,8,33520000,18,33511000,7,33521000,7,33510000,10,33522000,23,33509000,11,33523000,10,33508000,10,33524000,12,33507000,10,33525000,11,33506000,11,33526000,12
33514000,1,33515000,2,33513000,7,33516000,5,33512000,3,33517000,7,33511000,7,33518000,6,33510000,9,33519000,8,33509000,11,33520000,18,33508000,11,33521000,8,33507000,10,33522000,23,33506000,10,33523000,12,33505000,9,33524000,15
33511000,3,33513000,5,33510000,7,33514000,11,33509000,8,33515000,8,33508000,11,33516000,7,33507000,7,33517000,7,33506000,9,33518000,10,33505000,9,33519000,11,33504000,12,33520000,21,33503000,8,33521000,8,33502000,14,33522000,22
33507000,2,33509000,4,33506000,4,33510000,6,33505000,6,33511000,4,33504000,13,33512000,7,33503000,7,33513000,10,33502000,11,33514000,15,33501000,9,33515000,13,33500000,11,33516000,11,33499000,11,33517000,13,33498000,13,33518000,11
33504000,2,33505000,2,33503000,5,33506000,3,33502000,8,33507000,7,33501000,8,33508000,4,33500000,10,33509000,6,33499000,13,33510000,10,33498000,12,33511000,10,33497000,9,33512000,12,33496000,9,33513000,11,33495000,11,33514000,15
33504000,3,33506000,4,33503000,6,33507000,7,33502000,7,33508000,4,33501000,7,33509000,7,33500000,10,33510000,8,33499000,12,33511000,10,33498000,11,33512000,12,33497000,10,33513000,11,33496000,8,33514000,15,33495000,10,33515000,12
33509000,4,33511000,2,33508000,6,33512000,5,33507000,8,33513000,7,33506000,5,33514000,10,33505000,9,33515000,10,33504000,13,33516000,13,33503000,12,33517000,12,33502000,16,33518000,12,33501000,11,33519000,10,33500000,13,33520000,19
33513000,2,33514000,4,33512000,5,33515000,5,33511000,6,33516000,7,33510000,6,33517000,10,33509000,8,33518000,9,33508000,9,33519000,11,33507000,11,33520000,20,33506000,10,33521000,9,33505000,14,33522000,22,33504000,15,33523000,10
33510000,1,33511000,1,33509000,7,33512000,3,33508000,9,33513000,7,33507000,10,33514000,5,33506000,7,33515000,7,33505000,12,33516000,8,33504000,15,33517000,13,33503000,10,33518000,11,33502000,13,33519000,10,33501000,11,33520000,20
33514000,2,33516000,3,33513000,7,33517000,7,33512000,6,33518000,7,33511000,13,33519000,8,33510000,6,33520000,19,33509000,9,33521000,10,33508000,8,33522000,22,33507000,13,33523000,10,33506000,10,33524000,14,33505000,14,33525000,11
33511000,11,33512000,2,33510000,5,33513000,5,33509000,7,33514000,6,33508000,6,33515000,7,33507000,11,33516000,6,33506000,11,33517000,10,33505000,12,33518000,10,33504000,14,33519000,11,33503000,10,33520000,21,33502000,19,33521000,10
33508000,1,33510000,5,33507000,6,33511000,6,33506000,8,33512000,9,33505000,8,33513000,8,33504000,14,33514000,12,33503000,10,33515000,9,33502000,18,33516000,10,33501000,10,33517000,12,33500000,10,33518000,12,33499000,11,33519000,10
33511000,1,33512000,3,33510000,5,33513000,7,33509000,6,33514000,10,33508000,6,33515000,9,33507000,7,33516000,9,33506000,9,33517000,14,33505000,9,33518000,12,33504000,16,33519000,10,33503000,10,33520000,19,33502000,19,33521000,9
33508000,2,33510000,9,33507000,9,33511000,3,33506000,7,33512000,5,33505000,10,33513000,5,33504000,13,33514000,7,33503000,12,33515000,12,33502000,19,33516000,13,33501000,10,33517000,15,33500000,10,33518000,12,33499000,11,33519000,11
33504000,2,33505000,1,33503000,8,33506000,4,33502000,16,33507000,7,33501000,11,33508000,6,33500000,11,33509000,7,33499000,10,33510000,11,33498000,10,33511000,12,33497000,7,33512000,12,33496000,9,33513000,11,33495000,9,33514000,12
33505000,4,33507000,2,33504000,3,33508000,6,33503000,4,33509000,8,33502000,12,33510000,11,33501000,10,33511000,11,33500000,12,33512000,11,33499000,12,33513000,10,33498000,14,33514000,11,33497000,8,33515000,12,33496000,9,33516000,15
33511000,4,33513000,1,33510000,6,33514000,4,33509000,5,33515000,9,33508000,7,33516000,12,33507000,8,33517000,10,33506000,8,33518000,12,33505000,8,33519000,11,33504000,9,33520000,19,33503000,7,33521000,9,33502000,17,33522000,23
33515000,5,33516000,1,33514000,4,33517000,5,33513000,9,33518000,6,33512000,6,33519000,8,33511000,5,33520000,18,33510000,9,33521000,11,33509000,8,33522000,23,33508000,10,33523000,11,33507000,12,33524000,14,33506000,11,33525000,14
33513000,4,33515000,5,33512000,4,33516000,6,33511000,5,33517000,9,33510000,9,33518000,8,33509000,9,33519000,8,33508000,9,33520000,18,33507000,12,33521000,12,33506000,9,33522000,23,33505000,9,33523000,12,33504000,11,33524000,14
33519000,1,33520000,9,33518000,5,33521000,5,33517000,9,33522000,19,33516000,11,33523000,9,33515000,10,33524000,12,33514000,10,33525000,12,33513000,9,33526000,12,33512000,8,33527000,9,33511000,8,33528000,16,33510000,11,33529000,10
33516000,4,33518000,9,33515000,6,33519000,10,33514000,6,33520000,14,33513000,5,33521000,8,33512000,5,33522000,17,33511000,8,33523000,10,33510000,11,33524000,13,33509000,8,33525000,13,33508000,10,33526000,12,33507000,12,33527000,10
33513000,2,33515000,4,33512000,7,33516000,5,33511000,6,33517000,10,33510000,8,33518000,8,33509000,7,33519000,12,33508000,10,33520000,15,33507000,13,33521000,10,33506000,9,33522000,23,33505000,9,33523000,12,33504000,11,33524000,14
33515000,8,33517000,2,33514000,6,33518000,6,33513000,7,33519000,9,33512000,4,33520000,14,33511000,5,33521000,8,33510000,8,33522000,22,33509000,9,33523000,12,33508000,11,33524000,14,33507000,13,33525000,11,33506000,11,33526000,12
33518000,6,33520000,7,33517000,7,33521000,7,33516000,9,33522000,17,33515000,12,33523000,9,33514000,8,33524000,11,33513000,9,33525000,13,33512000,7,33526000,13,33511000,8,33527000,10,33510000,10,33528000,17,33509000,11,33529000,10
33522000,5,33523000,2,33521000,7,33524000,8,33520000,5,33525000,7,33519000,9,33526000,8,33518000,6,33527000,11,33517000,7,33528000,18,33516000,8,33529000,11,33515000,11,33530000,16,33514000,10,33531000,13,33513000,10,33532000,11
33525000,4,33526000,2,33524000,7,33527000,4,33523000,8,33528000,10,33522000,10,33529000,10,33521000,11,33530000,16,33520000,8,33531000,13,33519000,8,33532000,12,33518000,9,33533000,9,33517000,9,33534000,12,33516000,11,33535000,13
33528000,1,33529000,2,33527000,8,33530000,12,33526000,8,33531000,9,33525000,9,33532000,13,33524000,5,33533000,10,33523000,8,33534000,12,33522000,13,33535000,15,33521000,9,33536000,14,33520000,8,33537000,10,33519000,9,33538000,13
33532000,2,33533000,8,33531000,1,33534000,10,33530000,7,33535000,14,33529000,8,33536000,15,33528000,7,33537000,11,33527000,9,33538000,15,33526000,11,33539000,12,33525000,12,33540000,14,33524000,10,33541000,9,33523000,11,33542000,11
33529000,3,33530000,3,33528000,5,33531000,8,33527000,9,33532000,8,33526000,10,33533000,11,33525000,7,33534000,9,33524000,10,33535000,13,33523000,12,33536000,15,33522000,14,33537000,11,33521000,10,33538000,16,33520000,11,33539000,13
33526000,1,33527000,1,33525000,4,33528000,3,33524000,8,33529000,8,33523000,10,33530000,7,33522000,14,33531000,8,33521000,11,33532000,9,33520000,11,33533000,13,33519000,8,33534000,13,33518000,10,33535000,14,33517000,10,33536000,15
33528000,2,33529000,3,33527000,6,33530000,8,33526000,10,33531000,8,33525000,4,33532000,10,33524000,6,33533000,11,33523000,11,33534000,12,33522000,15,33535000,14,33521000,11,33536000,15,33520000,13,33537000,11,33519000,9,33538000,13
33524000,1,33525000,1,33523000,9,33526000,3,33522000,12,33527000,4,33521000,10,33528000,8,33520000,10,33529000,9,33519000,10,33530000,10,33518000,10,33531000,13,33517000,8,33532000,11,33516000,14,33533000,12,33515000,14,33534000,12
33527000,4,33528000,1,33526000,4,33529000,4,33525000,6,33530000,5,33524000,6,33531000,9,33523000,9,33532000,8,33522000,15,33533000,14,33521000,11,33534000,13,33520000,13,33535000,15,33519000,9,33536000,14,33518000,10,33537000,11
33531000,1,33532000,3,33530000,7,33533000,9,33529000,7,33534000,10,33528000,7,33535000,15,33527000,7,33536000,13,33526000,7,33537000,12,33525000,9,33538000,14,33524000,8,33539000,12,33523000,11,33540000,16,33522000,16,33541000,11
33530000,4,33532000,2,33529000,6,33533000,6,33528000,7,33534000,9,33527000,7,33535000,14,33526000,7,33536000,14,33525000,10,33537000,14,33524000,9,33538000,14,33523000,11,33539000,12,33522000,15,33540000,14,33521000,11,33541000,11
33530000,1,33531000,3,33529000,4,33532000,5,33528000,9,33533000,5,33527000,7,33534000,8,33526000,7,33535000,12,33525000,10,33536000,13,33524000,8,33537000,16,33523000,11,33538000,14,33522000,14,33539000,13,33521000,10,33540000,15
33527000,2,33529000,3,33526000,6,33530000,9,33525000,8,33531000,4,33524000,8,33532000,9,33523000,11,33533000,7,33522000,14,33534000,11,33521000,11,33535000,14,33520000,13,33536000,14,33519000,8,33537000,14,33518000,11,33538000,13
33527000,5,33530000,7,33526000,7,33531000,4,33525000,8,33532000,10,33524000,8,33533000,8,33523000,11,33534000,10,33522000,14,33535000,14,33521000,11,33536000,14,33520000,12,33537000,13,33519000,8,33538000,13,33518000,11,33539000,11
33524000,1,33526000,5,33523000,4,33527000,4,33522000,11,33528000,8,33521000,8,33529000,14,33520000,9,33530000,9,33519000,13,33531000,11,33518000,11,33532000,15,33517000,9,33533000,11,33516000,12,33534000,14,33515000,13,33535000,13
33526000,1,33527000,3,33525000,5,33528000,4,33524000,8,33529000,8,33523000,4,33530000,8,33522000,7,33531000,11,33521000,9,33532000,12,33520000,11,33533000,11,33519000,12,33534000,16,33518000,15,33535000,13,33517000,10,33536000,13
33529000,3,33530000,2,33528000,7,33531000,3,33527000,14,33532000,12,33526000,9,33533000,11,33525000,8,33534000,12,33524000,11,33535000,14,33523000,6,33536000,14,33522000,12,33537000,13,33521000,11,33538000,13,33520000,12,33539000,13
33527000,1,33528000,1,33526000,9,33529000,6,33525000,9,33530000,7,33524000,9,33531000,6,33523000,8,33532000,8,33522000,13,33533000,12,33521000,12,33534000,15,33520000,13,33535000,14,33519000,11,33536000,15,33518000,13,33537000,14
33529000,2,33530000,2,33528000,4,33531000,4,33527000,5,33532000,9,33526000,9,33533000,11,33525000,8,33534000,14,33524000,9,33535000,13,33523000,9,33536000,15,33522000,16,33537000,13,33521000,12,33538000,13,33520000,12,33539000,11
33532000,2,33533000,4,33531000,5,33534000,8,33530000,6,33535000,12,33529000,6,33536000,12,33528000,5,33537000,12,33527000,6,33538000,13,33526000,12,33539000,12,33525000,11,33540000,15,33524000,11,33541000,12,33523000,8,33542000,12
33534000,2,33535000,1,33533000,5,33536000,3,33532000,6,33537000,9,33531000,6,33538000,12,33530000,6,33539000,10,33529000,7,33540000,15,33528000,7,33541000,13,33527000,7,33542000,13,33526000,13,33543000,12,33525000,12,33544000,10
33537000,1,33539000,8,33536000,5,33540000,10,33535000,9,33541000,13,33534000,8,33542000,13,33533000,5,33543000,11,33532000,8,33544000,11,33531000,9,33545000,12,33530000,11,33546000,15,33529000,9,33547000,12,33528000,13,33548000,13
33536000,1,33538000,6,33535000,7,33539000,8,33534000,8,33540000,12,33533000,5,33541000,12,33532000,7,33542000,13,33531000,9,33543000,12,33530000,11,33544000,11,33529000,9,33545000,12,33528000,12,33546000,15,33527000,8,33547000,12
33535000,2,33537000,1,33534000,6,33538000,7,33533000,6,33539000,6,33532000,6,33540000,8,33531000,7,33541000,12,33530000,9,33542000,13,33529000,9,33543000,16,33528000,12,33544000,13,33527000,8,33545000,12,33526000,13,33546000,16
33540000,5,33542000,5,33539000,6,33543000,12,33538000,9,33544000,9,33537000,9,33545000,11,33536000,4,33546000,15,33535000,8,33547000,12,33534000,10,33548000,16,33533000,9,33549000,15,33532000,13,33550000,25,33531000,11,33551000,7
33539000,4,33540000,1,33538000,8,33541000,4,33537000,7,33542000,4,33536000,5,33543000,7,33535000,7,33544000,9,33534000,10,33545000,11,33533000,9,33546000,17,33532000,12,33547000,11,33531000,11,33548000,16,33530000,9,33549000,15
33539000,4,33542000,4,33538000,6,33543000,7,33537000,8,33544000,9,33536000,4,33545000,10,33535000,8,33546000,17,33534000,10,33547000,11,33533000,10,33548000,16,33532000,12,33549000,14,33531000,11,33550000,26,33530000,10,33551000,11
33539000,1,33541000,4,33538000,6,33542000,4,33537000,7,33543000,7,33536000,4,33544000,8,33535000,7,33545000,11,33534000,10,33546000,17,33533000,11,33547000,13,33532000,12,33548000,16,33531000,11,33549000,14,33530000,10,33550000,26
33539000,2,33541000,2,33538000,7,33542000,5,33537000,7,33543000,8,33536000,4,33544000,10,33535000,7,33545000,12,33534000,11,33546000,17,33533000,10,33547000,12,33532000,11,33548000,16,33531000,11,33549000,14,33530000,10,33550000,26
33541000,3,33543000,1,33540000,7,33544000,4,33539000,5,33545000,10,33538000,8,33546000,12,33537000,7,33547000,14,33536000,8,33548000,16,33535000,11,33549000,17,33534000,13,33550000,28,33533000,11,33551000,9,33532000,12,33552000,9
33541000,2,33543000,3,33540000,7,33544000,5,33539000,4,33545000,7,33538000,8,33546000,11,33537000,7,33547000,14,33536000,8,33548000,16,33535000,11,33549000,16,33534000,14,33550000,30,33533000,10,33551000,9,33532000,12,33552000,9
33542000,1,33544000,6,33541000,4,33545000,5,33540000,7,33546000,12,33539000,4,33547000,16,33538000,9,33548000,15,33537000,8,33549000,16,33536000,9,33550000,28,33535000,13,33551000,9,33534000,13,33552000,9,33533000,10,33553000,10
33546000,3,33547000,6,33545000,6,33548000,11,33544000,8,33549000,14,33543000,6,33550000,26,33542000,6,33551000,7,33541000,5,33552000,8,33540000,9,33553000,13,33539000,8,33554000,22,33538000,14,33555000,16,33537000,9,33556000,11
33549000,9,33550000,15,33548000,11,33551000,2,33547000,8,33552000,5,33546000,8,33553000,8,33545000,6,33554000,42,33544000,7,33555000,16,33543000,10,33556000,14,33542000,12,33557000,9,33541000,12,33558000,14,33540000,15,33559000,10
33552000,2,33553000,3,33551000,5,33554000,35,33550000,9,33555000,10,33549000,7,33556000,9,33548000,11,33557000,9,33547000,9,33558000,12,33546000,12,33559000,10,33545000,12,33560000,12,33544000,10,33561000,11,33543000,12,33562000,10
33555000,2,33556000,3,33554000,6,33557000,4,33553000,7,33558000,7,33552000,7,33559000,7,33551000,7,33560000,11,33550000,8,33561000,11,33549000,9,33562000,11,33548000,13,33563000,8,33547000,11,33564000,12,33546000,12,33565000,11
33556000,2,33557000,1,33555000,5,33558000,5,33554000,8,33559000,5,33553000,6,33560000,8,33552000,7,33561000,7,33551000,8,33562000,11,33550000,10,33563000,9,33549000,10,33564000,13,33548000,13,33565000,11,33547000,11,33566000,13
33556000,2,33557000,1,33555000,5,33558000,5,33554000,8,33559000,5,33553000,6,33560000,8,33552000,7,33561000,7,33551000,8,33562000,11,33550000,10,33563000,9,33549000,10,33564000,13,33548000,13,33565000,11,33547000,11,33566000,13
33558000,4,33559000,1,33557000,7,33561000,1,33556000,12,33562000,12,33555000,8,33563000,7,33554000,11,33564000,6,33553000,9,33565000,8,33552000,11,33566000,8,33551000,8,33567000,8,33550000,11,33568000,9,33549000,10,33569000,10
33557000,4,33559000,2,33556000,10,33560000,6,33555000,9,33561000,8,33554000,11,33562000,11,33553000,10,33563000,7,33552000,10,33564000,7,33551000,8,33565000,8,33550000,11,33566000,9,33549000,10,33567000,8,33548000,15,33568000,9
33559000,2,33561000,3,33558000,10,33562000,9,33557000,12,33563000,7,33556000,11,33564000,5,33555000,9,33565000,8,33554000,10,33566000,8,33553000,10,33567000,8,33552000,10,33568000,9,33551000,9,33569000,9,33550000,11,33570000,17
33556000,2,33557000,2,33555000,6,33558000,5,33554000,8,33559000,3,33553000,10,33560000,6,33552000,11,33561000,8,33551000,10,33562000,10,33550000,13,33563000,12,33549000,11,33564000,10,33548000,15,33565000,10,33547000,12,33566000,12
33554000,2,33555000,3,33553000,7,33556000,8,33552000,10,33557000,2,33551000,12,33558000,3,33550000,13,33559000,6,33549000,12,33560000,7,33548000,17,33561000,9,33547000,11,33562000,14,33546000,14,33563000,12,33545000,13,33564000,9
33550000,5,33551000,1,33549000,10,33552000,21,33548000,12,33553000,4,33547000,11,33554000,3,33546000,13,33555000,8,33545000,13,33556000,16,33544000,12,33557000,7,33543000,12,33558000,10,33542000,15,33559000,8,33541000,10,33560000,10
33546000,3,33548000,3,33545000,9,33549000,9,33544000,14,33550000,37,33543000,12,33551000,3,33542000,11,33552000,5,33541000,12,33553000,8,33540000,16,33554000,6,33539000,10,33555000,12,33538000,15,33556000,8,33537000,10,33557000,10
33542000,1,33543000,1,33541000,5,33544000,4,33540000,12,33545000,6,33539000,9,33546000,6,33538000,13,33547000,7,33537000,9,33548000,6,33536000,10,33549000,7,33535000,10,33550000,42,33534000,11,33551000,5,33533000,8,33552000,9
33547000,1,33548000,2,33546000,6,33549000,3,33545000,9,33550000,39,33544000,9,33551000,4,33543000,8,33552000,8,33542000,11,33553000,9,33541000,11,33554000,9,33540000,12,33555000,13,33539000,12,33556000,9,33538000,15,33557000,9
33548000,3,33550000,36,33547000,14,33551000,2,33546000,8,33552000,18,33545000,8,33553000,8,33544000,9,33554000,7,33543000,11,33555000,13,33542000,13,33556000,10,33541000,10,33557000,9,33540000,14,33558000,10,33539000,12,33559000,10
33551000,4,33553000,3,33550000,8,33554000,3,33549000,9,33555000,11,33548000,9,33556000,7,33547000,16,33557000,8,33546000,14,33558000,10,33545000,12,33559000,9,33544000,13,33560000,10,33543000,12,33561000,9,33542000,13,33562000,17
33550000,1,33551000,4,33549000,6,33552000,6,33548000,8,33553000,5,33547000,17,33554000,7,33546000,15,33555000,9,33545000,12,33556000,9,33544000,13,33557000,10,33543000,13,33558000,11,33542000,14,33559000,10,33541000,10,33560000,12
33552000,5,33553000,3,33551000,3,33554000,6,33550000,8,33555000,8,33549000,5,33556000,9,33548000,9,33557000,8,33547000,10,33558000,9,33546000,13,33559000,10,33545000,14,33560000,12,33544000,13,33561000,9,33543000,13,33562000,17
33555000,6,33556000,2,33554000,4,33557000,6,33553000,8,33558000,5,33552000,9,33559000,8,33551000,6,33560000,11,33550000,11,33561000,10,33549000,8,33562000,18,33548000,14,33563000,10,33547000,11,33564000,9,33546000,16,33565000,8
33552000,1,33554000,3,33551000,5,33555000,7,33550000,9,33556000,8,33549000,7,33557000,7,33548000,10,33558000,7,33547000,19,33559000,10,33546000,15,33560000,13,33545000,13,33561000,10,33544000,15,33562000,17,33543000,13,33563000,10
33553000,4,33555000,3,33552000,6,33556000,4,33551000,8,33557000,8,33550000,9,33558000,6,33549000,6,33559000,10,33548000,11,33560000,11,33547000,19,33561000,10,33546000,15,33562000,17,33545000,14,33563000,10,33544000,15,33564000,9
33553000,4,33555000,1,33552000,6,33556000,6,33551000,7,33557000,7,33550000,11,33558000,5,33549000,6,33559000,10,33548000,11,33560000,9,33547000,18,33561000,11,33546000,16,33562000,17,33545000,13,33563000,11,33544000,14,33564000,9
33549000,8,33551000,2,33548000,8,33552000,5,33547000,15,33553000,6,33546000,12,33554000,6,33545000,12,33555000,9,33544000,14,33556000,11,33543000,13,33557000,11,33542000,14,33558000,9,33541000,10,33559000,10,33540000,16,33560000,12
33551000,6,33552000,1,33550000,8,33553000,6,33549000,4,33554000,10,33548000,6,33555000,10,33547000,14,33556000,9,33546000,12,33557000,11,33545000,11,33558000,9,33544000,12,33559000,10,33543000,14,33560000,11,33542000,15,33561000,10
33554000,8,33555000,3,33553000,23,33556000,5,33552000,24,33557000,8,33551000,6,33558000,7,33550000,5,33559000,10,33549000,4,33560000,11,33548000,6,33561000,10,33547000,16,33562000,16,33546000,15,33563000,9,33545000,11,33564000,11
33558000,2,33559000,1,33557000,6,33560000,5,33556000,8,33561000,8,33555000,10,33562000,13,33554000,7,33563000,8,33553000,9,33564000,9,33552000,11,33565000,9,33551000,13,33566000,10,33550000,12,33567000,11,33549000,10,33568000,11
33558000,1,33559000,2,33557000,1,33560000,6,33556000,6,33561000,8,33555000,9,33562000,12,33554000,8,33563000,8,33553000,10,33564000,9,33552000,12,33565000,9,33551000,14,33566000,11,33550000,14,33567000,11,33549000,11,33568000,12
33560000,5,33563000,4,33559000,7,33564000,7,33558000,7,33565000,7,33557000,5,33566000,9,33556000,6,33567000,10,33555000,13,33568000,11,33554000,11,33569000,12,33553000,11,33570000,16,33552000,13,33571000,11,33551000,14,33572000,43
33561000,1,33562000,1,33560000,6,33563000,3,33559000,8,33564000,6,33558000,7,33565000,7,33557000,6,33566000,7,33556000,7,33567000,11,33555000,14,33568000,11,33554000,12,33569000,13,33553000,11,33570000,17,33552000,13,33571000,11
33557000,6,33559000,1,33556000,7,33560000,7,33555000,9,33561000,5,33554000,10,33562000,5,33553000,8,33563000,9,33552000,13,33564000,9,33551000,9,33565000,12,33550000,14,33566000,12,33549000,11,33567000,13,33548000,13,33568000,12
33559000,4,33560000,2,33558000,4,33561000,6,33557000,6,33562000,6,33556000,6,33563000,9,33555000,7,33564000,8,33554000,10,33565000,11,33553000,10,33566000,11,33552000,13,33567000,12,33551000,7,33568000,11,33550000,15,33569000,12
33557000,6,33559000,1,33556000,6,33560000,4,33555000,7,33561000,7,33554000,11,33562000,6,33553000,10,33563000,9,33552000,12,33564000,7,33551000,9,33565000,10,33550000,14,33566000,11,33549000,11,33567000,13,33548000,11,33568000,11
33557000,6,33560000,4,33556000,5,33561000,7,33555000,8,33562000,7,33554000,11,33563000,8,33553000,10,33564000,8,33552000,12,33565000,10,33551000,9,33566000,12,33550000,14,33567000,13,33549000,11,33568000,12,33548000,11,33569000,12
33560000,5,33563000,4,33559000,8,33564000,6,33558000,8,33565000,8,33557000,8,33566000,10,33556000,8,33567000,12,33555000,11,33568000,12,33554000,13,33569000,12,33553000,11,33570000,15,33552000,13,33571000,11,33551000,9,33572000,15
33564000,2,33566000,3,33563000,10,33567000,6,33562000,10,33568000,5,33561000,9,33569000,11,33560000,8,33570000,13,33559000,10,33571000,11,33558000,14,33572000,44,33557000,11,33573000,12,33556000,13,33574000,14,33555000,12,33575000,8
33566000,5,33569000,4,33565000,8,33570000,7,33564000,6,33571000,6,33563000,11,33572000,43,33562000,11,33573000,13,33561000,14,33574000,14,33560000,13,33575000,9,33559000,10,33576000,13,33558000,14,33577000,9,33557000,11,33578000,13
33569000,6,33571000,3,33568000,8,33572000,35,33567000,7,33573000,7,33566000,12,33574000,9,33565000,12,33575000,6,33564000,8,33576000,12,33563000,14,33577000,10,33562000,17,33578000,13,33561000,14,33579000,14,33560000,13,33580000,26
33568000,1,33569000,3,33567000,7,33570000,5,33566000,9,33571000,8,33565000,12,33572000,33,33564000,8,33573000,7,33563000,13,33574000,10,33562000,16,33575000,9,33561000,14,33576000,13,33560000,13,33577000,10,33559000,10,33578000,13
33567000,3,33569000,4,33566000,9,33570000,5,33565000,11,33571000,7,33564000,5,33572000,34,33563000,11,33573000,8,33562000,11,33574000,12,33561000,8,33575000,10,33560000,14,33576000,14,33559000,11,33577000,10,33558000,15,33578000,12
33567000,4,33568000,7,33566000,5,33569000,4,33565000,10,33570000,7,33564000,5,33571000,7,33563000,11,33572000,27,33562000,8,33573000,10,33561000,8,33574000,14,33560000,14,33575000,11,33559000,11,33576000,14,33558000,15,33577000,10
33568000,3,33570000,3,33567000,6,33571000,8,33566000,6,33572000,27,33565000,10,33573000,8,33564000,7,33574000,12,33563000,12,33575000,12,33562000,10,33576000,14,33561000,8,33577000,10,33560000,14,33578000,12,33559000,11,33579000,15
33567000,5,33569000,3,33566000,6,33570000,4,33565000,9,33571000,3,33564000,7,33572000,26,33563000,11,33573000,7,33562000,12,33574000,12,33561000,8,33575000,13,33560000,14,33576000,16,33559000,11,33577000,10,33558000,15,33578000,13
33567000,5,33569000,2,33566000,7,33570000,4,33565000,10,33571000,3,33564000,6,33572000,27,33563000,11,33573000,8,33562000,11,33574000,12,33561000,8,33575000,14,33560000,14,33576000,16,33559000,11,33577000,10,33558000,15,33578000,13
33572000,10,33573000,1,33571000,7,33574000,6,33570000,8,33575000,11,33569000,9,33576000,11,33568000,11,33577000,9,33567000,7,33578000,11,33566000,12,33579000,15,33565000,10,33580000,28,33564000,10,33581000,10,33563000,15,33582000,14
33570000,6,33572000,4,33569000,8,33573000,6,33568000,10,33574000,11,33567000,8,33575000,7,33566000,13,33576000,8,33565000,10,33577000,12,33564000,11,33578000,14,33563000,14,33579000,15,33562000,11,33580000,29,33561000,8,33581000,10
33570000,4,33572000,1,33569000,8,33573000,7,33568000,7,33574000,10,33567000,7,33575000,7,33566000,13,33576000,11,33565000,11,33577000,11,33564000,9,33578000,14,33563000,15,33579000,15,33562000,11,33580000,29,33561000,8,33581000,10
33570000,3,33572000,1,33569000,8,33573000,6,33568000,7,33574000,10,33567000,7,33575000,7,33566000,12,33576000,11,33565000,11,33577000,12,33564000,8,33578000,14,33563000,15,33579000,15,33562000,11,33580000,30,33561000,8,33581000,11
33567000,2,33568000,1,33566000,9,33569000,5,33565000,7,33570000,7,33564000,5,33571000,7,33563000,13,33572000,8,33562000,10,33573000,8,33561000,7,33574000,14,33560000,14,33575000,12,33559000,11,33576000,13,33558000,15,33577000,11
33564000,2,33566000,3,33563000,9,33567000,5,33562000,6,33568000,7,33561000,7,33569000,10,33560000,9,33570000,6,33559000,11,33571000,11,33558000,13,33572000,12,33557000,14,33573000,12,33556000,14,33574000,15,33555000,14,33575000,11
33561000,3,33563000,5,33560000,7,33564000,5,33559000,8,33565000,8,33558000,10,33566000,6,33557000,11,33567000,6,33556000,14,33568000,10,33555000,13,33569000,15,33554000,14,33570000,10,33553000,11,33571000,11,33552000,14,33572000,10
33563000,1,33564000,3,33562000,6,33565000,6,33561000,7,33566000,6,33560000,7,33567000,6,33559000,9,33568000,8,33558000,9,33569000,13,33557000,11,33570000,12,33556000,13,33571000,11,33555000,13,33572000,11,33554000,15,33573000,14
33559000,5,33561000,3,33558000,9,33562000,4,33557000,9,33563000,5,33556000,10,33564000,5,33555000,10,33565000,6,33554000,11,33566000,11,33553000,11,33567000,8,33552000,13,33568000,9,33551000,9,33569000,11,33550000,13,33570000,10
33558000,2,33559000,3,33557000,9,33560000,2,33556000,8,33561000,3,33555000,9,33562000,5,33554000,11,33563000,7,33553000,12,33564000,7,33552000,13,33565000,10,33551000,9,33566000,13,33550000,13,33567000,9,33549000,13,33568000,10
33556000,1,33557000,3,33555000,6,33558000,6,33554000,7,33559000,4,33553000,8,33560000,4,33552000,10,33561000,4,33551000,9,33562000,8,33550000,13,33563000,10,33549000,11,33564000,10,33548000,10,33565000,10,33547000,7,33566000,12
33552000,2,33553000,2,33551000,2,33554000,5,33550000,8,33555000,7,33549000,11,33556000,6,33548000,7,33557000,6,33547000,7,33558000,9,33546000,13,33559000,7,33545000,11,33560000,8,33544000,9,33561000,5,33543000,12,33562000,8
33552000,4,33554000,2,33551000,8,33555000,6,33550000,7,33556000,5,33549000,8,33557000,5,33548000,5,33558000,6,33547000,6,33559000,9,33546000,11,33560000,6,33545000,11,33561000,5,33544000,8,33562000,7,33543000,10,33563000,8
33549000,7,33552000,5,33548000,4,33553000,3,33547000,5,33554000,5,33546000,10,33555000,7,33545000,9,33556000,8,33544000,8,33557000,9,33543000,9,33558000,7,33542000,23,33559000,7,33541000,9,33560000,12,33540000,15,33561000,6
33549000,6,33551000,1,33548000,6,33552000,4,33547000,6,33553000,5,33546000,7,33554000,5,33545000,8,33555000,8,33544000,7,33556000,12,33543000,10,33557000,8,33542000,24,33558000,10,33541000,10,33559000,7,33540000,14,33560000,13
33549000,6,33551000,1,33548000,5,33552000,5,33547000,6,33553000,5,33546000,8,33554000,6,33545000,9,33555000,10,33544000,7,33556000,11,33543000,10,33557000,9,33542000,24,33558000,10,33541000,10,33559000,7,33540000,14,33560000,12
33552000,3,33554000,4,33551000,6,33555000,7,33550000,8,33556000,8,33549000,7,33557000,8,33548000,6,33558000,7,33547000,8,33559000,6,33546000,11,33560000,13,33545000,11,33561000,7,33544000,9,33562000,7,33543000,10,33563000,10
33552000,1,33553000,2,33551000,2,33554000,6,33550000,7,33555000,7,33549000,7,33556000,9,33548000,8,33557000,7,33547000,9,33558000,9,33546000,11,33559000,8,33545000,11,33560000,13,33544000,9,33561000,8,33543000,9,33562000,9
33554000,2,33555000,3,33553000,7,33556000,7,33552000,7,33557000,7,33551000,6,33558000,7,33550000,8,33559000,6,33549000,8,33560000,10,33548000,8,33561000,8,33547000,10,33562000,9,33546000,12,33563000,8,33545000,12,33564000,10
33552000,4,33555000,6,33551000,7,33556000,6,33550000,8,33557000,7,33549000,6,33558000,6,33548000,7,33559000,6,33547000,9,33560000,10,33546000,12,33561000,7,33545000,10,33562000,8,33544000,8,33563000,7,33543000,8,33564000,9
33553000,5,33555000,1,33552000,6,33556000,6,33551000,6,33557000,7,33550000,8,33558000,6,33549000,7,33559000,6,33548000,8,33560000,10,33547000,9,33561000,7,33546000,11,33562000,8,33545000,11,33563000,7,33544000,8,33564000,8
33556000,4,33558000,1,33555000,7,33559000,4,33554000,6,33560000,8,33553000,6,33561000,7,33552000,6,33562000,8,33551000,9,33563000,9,33550000,12,33564000,10,33549000,9,33565000,5,33548000,11,33566000,7,33547000,9,33567000,10
33559000,6,33561000,4,33558000,5,33562000,4,33557000,6,33563000,8,33556000,6,33564000,6,33555000,8,33565000,6,33554000,7,33566000,9,33553000,10,33567000,10,33552000,10,33568000,10,33551000,10,33569000,9,33550000,12,33570000,10
33562000,2,33564000,5,33561000,5,33565000,5,33560000,7,33566000,4,33559000,7,33567000,7,33558000,7,33568000,12,33557000,10,33569000,12,33556000,11,33570000,10,33555000,12,33571000,9,33554000,10,33572000,9,33553000,8,33573000,12
33560000,4,33561000,2,33559000,6,33562000,3,33558000,7,33563000,4,33557000,9,33564000,4,33556000,8,33565000,7,33555000,10,33566000,4,33554000,11,33567000,11,33553000,8,33568000,14,33552000,11,33569000,12,33551000,10,33570000,10
33558000,2,33559000,3,33557000,6,33560000,3,33556000,6,33561000,4,33555000,7,33562000,6,33554000,8,33563000,8,33553000,8,33564000,7,33552000,10,33565000,10,33551000,10,33566000,8,33550000,14,33567000,11,33549000,11,33568000,15
33559000,2,33561000,3,33558000,5,33562000,9,33557000,5,33563000,9,33556000,6,33564000,8,33555000,19,33565000,11,33554000,9,33566000,7,33553000,7,33567000,12,33552000,11,33568000,14,33551000,12,33569000,11,33550000,15,33570000,10
33558000,1,33560000,5,33557000,5,33561000,7,33556000,6,33562000,9,33555000,18,33563000,8,33554000,10,33564000,8,33553000,7,33565000,10,33552000,10,33566000,10,33551000,11,33567000,14,33550000,14,33568000,15,33549000,11,33569000,11
33555000,13,33557000,5,33554000,8,33558000,8,33553000,6,33559000,6,33552000,10,33560000,4,33551000,10,33561000,7,33550000,13,33562000,10,33549000,11,33563000,11,33548000,11,33564000,8,33547000,10,33565000,11,33546000,14,33566000,10
33558000,4,33560000,2,33557000,7,33561000,5,33556000,6,33562000,9,33555000,15,33563000,9,33554000,8,33564000,7,33553000,8,33565000,11,33552000,10,33566000,10,33551000,10,33567000,14,33550000,15,33568000,14,33549000,12,33569000,11
33561000,1,33562000,6,33560000,6,33563000,6,33559000,5,33564000,5,33558000,7,33565000,9,33557000,6,33566000,7,33556000,7,33567000,15,33555000,16,33568000,15,33554000,12,33569000,11,33553000,9,33570000,9,33552000,12,33571000,11
33564000,1,33566000,4,33563000,5,33567000,10,33562000,5,33568000,11,33561000,6,33569000,8,33560000,9,33570000,8,33559000,10,33571000,11,33558000,11,33572000,10,33557000,13,33573000,11,33556000,11,33574000,13,33555000,18,33575000,8
33562000,3,33564000,3,33561000,6,33565000,6,33560000,9,33566000,6,33559000,7,33567000,10,33558000,9,33568000,12,33557000,14,33569000,11,33556000,11,33570000,9,33555000,19,33571000,11,33554000,12,33572000,10,33553000,9,33573000,11
33559000,4,33561000,2,33558000,5,33562000,5,33557000,8,33563000,9,33556000,8,33564000,9,33555000,19,33565000,8,33554000,11,33566000,8,33553000,9,33567000,12,33552000,13,33568000,14,33551000,10,33569000,13,33550000,14,33570000,9
33561000,2,33562000,1,33560000,5,33563000,8,33559000,7,33564000,10,33558000,6,33565000,9,33557000,5,33566000,7,33556000,7,33567000,13,33555000,17,33568000,14,33554000,12,33569000,11,33553000,10,33570000,9,33552000,14,33571000,9
33559000,1,33560000,3,33558000,6,33561000,4,33557000,4,33562000,8,33556000,6,33563000,12,33555000,17,33564000,10,33554000,11,33565000,13,33553000,11,33566000,11,33552000,12,33567000,12,33551000,11,33568000,14,33550000,16,33569000,12
33555000,11,33556000,1,33554000,6,33557000,5,33553000,6,33558000,4,33552000,8,33559000,8,33551000,9,33560000,8,33550000,13,33561000,9,33549000,12,33562000,13,33548000,12,33563000,13,33547000,11,33564000,17,33546000,15,33565000,13
33552000,3,33553000,4,33551000,5,33554000,3,33550000,7,33555000,4,33549000,8,33556000,6,33548000,8,33557000,5,33547000,10,33558000,7,33546000,11,33559000,9,33545000,8,33560000,11,33544000,8,33561000,9,33543000,9,33562000,13
33547000,1,33548000,1,33546000,7,33549000,5,33545000,7,33550000,5,33544000,8,33551000,6,33543000,9,33552000,7,33542000,23,33553000,6,33541000,10,33554000,9,33540000,13,33555000,8,33539000,10,33556000,10,33538000,14,33557000,8
33544000,3,33546000,3,33543000,7,33547000,3,33542000,20,33548000,5,33541000,9,33549000,7,33540000,12,33550000,10,33539000,12,33551000,8,33538000,15,33552000,9,33537000,12,33553000,9,33536000,15,33554000,9,33535000,10,33555000,10
33541000,5,33543000,2,33540000,9,33544000,6,33539000,6,33545000,7,33538000,11,33546000,10,33537000,13,33547000,7,33536000,13,33548000,9,33535000,12,33549000,9,33534000,15,33550000,12,33533000,9,33551000,10,33532000,14,33552000,11
33540000,4,33542000,4,33539000,3,33543000,6,33538000,7,33544000,8,33537000,11,33545000,7,33536000,23,33546000,10,33535000,15,33547000,9,33534000,14,33548000,10,33533000,10,33549000,9,33532000,16,33550000,12,33531000,16,33551000,9
33541000,1,33543000,6,33540000,7,33544000,15,33539000,7,33545000,8,33538000,8,33546000,13,33537000,8,33547000,9,33536000,21,33548000,9,33535000,15,33549000,10,33534000,14,33550000,13,33533000,11,33551000,8,33532000,15,33552000,11
33542000,4,33544000,2,33541000,6,33545000,6,33540000,7,33546000,13,33539000,8,33547000,9,33538000,8,33548000,10,33537000,10,33549000,9,33536000,21,33550000,14,33535000,15,33551000,8,33534000,14,33552000,11,33533000,11,33553000,6
33541000,1,33543000,4,33540000,6,33544000,6,33539000,7,33545000,8,33538000,9,33546000,12,33537000,8,33547000,10,33536000,21,33548000,11,33535000,15,33549000,12,33534000,13,33550000,13,33533000,10,33551000,9,33532000,15,33552000,10
33538000,1,33539000,1,33537000,4,33540000,4,33536000,20,33541000,5,33535000,13,33542000,6,33534000,11,33543000,9,33533000,11,33544000,12,33532000,16,33545000,9,33531000,14,33546000,15,33530000,14,33547000,10,33529000,9,33548000,12
33536000,10,33538000,6,33535000,6,33539000,8,33534000,9,33540000,8,33533000,7,33541000,9,33532000,13,33542000,10,33531000,16,33543000,10,33530000,14,33544000,12,33529000,9,33545000,9,33528000,14,33546000,15,33527000,9,33547000,10
33536000,3,33537000,7,33535000,7,33538000,6,33534000,8,33539000,10,33533000,7,33540000,10,33532000,10,33541000,12,33531000,14,33542000,10,33530000,16,33543000,10,33529000,9,33544000,11,33528000,14,33545000,9,33527000,10,33546000,14
33534000,3,33535000,5,33533000,5,33536000,9,33532000,10,33537000,7,33531000,13,33538000,13,33530000,17,33539000,10,33529000,9,33540000,13,33528000,14,33541000,15,33527000,10,33542000,12,33526000,13,33543000,10,33525000,12,33544000,11
33534000,4,33537000,6,33533000,10,33538000,12,33532000,7,33539000,10,33531000,9,33540000,11,33530000,13,33541000,15,33529000,11,33542000,11,33528000,17,33543000,12,33527000,11,33544000,10,33526000,14,33545000,8,33525000,10,33546000,14
33536000,4,33538000,6,33535000,10,33539000,7,33534000,8,33540000,11,33533000,9,33541000,13,33532000,8,33542000,10,33531000,13,33543000,13,33530000,15,33544000,11,33529000,10,33545000,8,33528000,16,33546000,14,33527000,10,33547000,9
33536000,2,33537000,7,33535000,6,33538000,5,33534000,6,33539000,5,33533000,9,33540000,6,33532000,9,33541000,10,33531000,12,33542000,14,33530000,14,33543000,13,33529000,10,33544000,14,33528000,16,33545000,9,33527000,10,33546000,15
33532000,5,33533000,3,33531000,8,33534000,3,33530000,11,33535000,7,33529000,9,33536000,5,33528000,15,33537000,8,33527000,11,33538000,8,33526000,13,33539000,10,33525000,11,33540000,11,33524000,15,33541000,10,33523000,7,33542000,13
33534000,1,33536000,5,33533000,5,33537000,8,33532000,9,33538000,7,33531000,8,33539000,8,33530000,11,33540000,10,33529000,8,33541000,10,33528000,16,33542000,12,33527000,11,33543000,13,33526000,13,33544000,12,33525000,11,33545000,7
33538000,3,33539000,1,33537000,5,33540000,7,33536000,6,33541000,8,33535000,7,33542000,10,33534000,9,33543000,13,33533000,7,33544000,12,33532000,11,33545000,10,33531000,13,33546000,14,33530000,14,33547000,8,33529000,11,33548000,13
33541000,1,33542000,1,33540000,5,33543000,8,33539000,6,33544000,11,33538000,5,33545000,10,33537000,5,33546000,13,33536000,6,33547000,10,33535000,10,33548000,12,33534000,15,33549000,10,33533000,9,33550000,12,33532000,14,33551000,8
33537000,2,33538000,1,33536000,5,33539000,5,33535000,7,33540000,9,33534000,11,33541000,8,33533000,8,33542000,8,33532000,10,33543000,11,33531000,13,33544000,9,33530000,16,33545000,11,33529000,10,33546000,14,33528000,16,33547000,10
33533000,2,33534000,5,33532000,6,33535000,1,33531000,9,33536000,5,33530000,12,33537000,7,33529000,8,33538000,8,33528000,15,33539000,10,33527000,11,33540000,7,33526000,12,33541000,12,33525000,11,33542000,11,33524000,16,33543000,11
33535000,4,33537000,1,33534000,5,33538000,7,33533000,9,33539000,9,33532000,6,33540000,7,33531000,10,33541000,10,33530000,13,33542000,11,33529000,9,33543000,10,33528000,16,33544000,9,33527000,11,33545000,8,33526000,12,33546000,12
33539000,1,33540000,2,33538000,6,33541000,7,33537000,8,33542000,9,33536000,6,33543000,10,33535000,10,33544000,8,33534000,9,33545000,11,33533000,14,33546000,14,33532000,9,33547000,10,33531000,11,33548000,11,33530000,14,33549000,11
33542000,1,33543000,1,33541000,5,33544000,5,33540000,8,33545000,7,33539000,7,33546000,10,33538000,7,33547000,8,33537000,10,33548000,13,33536000,10,33549000,12,33535000,13,33550000,13,33534000,13,33551000,9,33533000,16,33552000,12
33540000,1,33542000,3,33539000,7,33543000,6,33538000,8,33544000,10,33537000,9,33545000,9,33536000,8,33546000,12,33535000,17,33547000,10,33534000,16,33548000,13,33533000,15,33549000,11,33532000,12,33550000,14,33531000,12,33551000,8
33537000,2,33538000,2,33536000,7,33539000,6,33535000,10,33540000,5,33534000,12,33541000,4,33533000,11,33542000,7,33532000,8,33543000,8,33531000,14,33544000,9,33530000,14,33545000,7,33529000,11,33546000,12,33528000,16,33547000,8
33539000,2,33540000,1,33538000,5,33541000,3,33537000,6,33542000,8,33536000,7,33543000,8,33535000,8,33544000,8,33534000,9,33545000,7,33533000,14,33546000,10,33532000,10,33547000,8,33531000,13,33548000,10,33530000,14,33549000,9
33535000,5,33536000,2,33534000,7,33537000,3,33533000,9,33538000,5,33532000,8,33539000,4,33531000,8,33540000,10,33530000,14,33541000,9,33529000,13,33542000,10,33528000,18,33543000,11,33527000,12,33544000,10,33526000,12,33545000,6
33537000,2,33538000,1,33536000,6,33539000,5,33535000,10,33540000,10,33534000,9,33541000,7,33533000,9,33542000,9,33532000,9,33543000,11,33531000,9,33544000,10,33530000,16,33545000,6,33529000,11,33546000,9,33528000,19,33547000,9
33540000,3,33541000,1,33539000,21,33542000,5,33538000,6,33543000,7,33537000,8,33544000,8,33536000,6,33545000,5,33535000,12,33546000,12,33534000,11,33547000,10,33533000,12,33548000,11,33532000,10,33549000,11,33531000,12,33550000,12
33542000,1,33543000,2,33541000,3,33544000,5,33540000,8,33545000,6,33539000,5,33546000,9,33538000,10,33547000,8,33537000,5,33548000,11,33536000,9,33549000,12,33535000,15,33550000,12,33534000,16,33551000,10,33533000,15,33552000,13
33541000,2,33542000,5,33540000,6,33543000,7,33539000,6,33544000,6,33538000,12,33545000,7,33537000,5,33546000,9,33536000,8,33547000,7,33535000,14,33548000,12,33534000,14,33549000,12,33533000,14,33550000,13,33532000,12,33551000,10
33543000,5,33544000,1,33542000,7,33545000,7,33541000,5,33546000,7,33540000,14,33547000,7,33539000,8,33548000,12,33538000,9,33549000,9,33537000,5,33550000,13,33536000,11,33551000,11,33535000,15,33552000,10,33534000,14,33553000,7
33546000,7,33547000,2,33545000,7,33548000,7,33544000,6,33549000,8,33543000,9,33550000,10,33542000,7,33551000,10,33541000,7,33552000,12,33540000,8,33553000,7,33539000,12,33554000,10,33538000,15,33555000,9,33537000,9,33556000,11
33549000,3,33550000,6,33548000,7,33551000,5,33547000,7,33552000,11,33546000,7,33553000,8,33545000,6,33554000,11,33544000,8,33555000,9,33543000,7,33556000,11,33542000,14,33557000,10,33541000,13,33558000,13,33540000,14,33559000,9
33547000,1,33548000,2,33546000,5,33549000,7,33545000,7,33550000,8,33544000,8,33551000,8,33543000,9,33552000,10,33542000,11,33553000,8,33541000,11,33554000,12,33540000,14,33555000,11,33539000,14,33556000,11,33538000,16,33557000,10
33549000,3,33550000,4,33548000,7,33551000,5,33547000,8,33552000,10,33546000,7,33553000,7,33545000,7,33554000,11,33544000,7,33555000,11,33543000,9,33556000,11,33542000,11,33557000,10,33541000,11,33558000,12,33540000,15,33559000,9
33545000,4,33547000,4,33544000,6,33548000,5,33543000,7,33549000,8,33542000,9,33550000,9,33541000,8,33551000,7,33540000,11,33552000,11,33539000,13,33553000,9,33538000,18,33554000,14,33537000,10,33555000,12,33536000,12,33556000,11
33544000,6,33545000,5,33543000,6,33546000,9,33542000,7,33547000,9,33541000,7,33548000,5,33540000,11,33549000,8,33539000,12,33550000,10,33538000,18,33551000,9,33537000,10,33552000,14,33536000,12,33553000,9,33535000,13,33554000,12
33549000,1,33550000,2,33548000,4,33551000,6,33547000,6,33552000,11,33546000,6,33553000,7,33545000,4,33554000,10,33544000,7,33555000,10,33543000,7,33556000,10,33542000,10,33557000,9,33541000,12,33558000,11,33540000,16,33559000,9
33551000,2,33552000,1,33550000,7,33553000,7,33549000,6,33554000,8,33548000,6,33555000,9,33547000,6,33556000,10,33546000,6,33557000,9,33545000,12,33558000,11,33544000,13,33559000,7,33543000,11,33560000,12,33542000,11,33561000,10
33552000,6,33554000,2,33551000,6,33555000,10,33550000,8,33556000,9,33549000,6,33557000,9,33548000,6,33558000,10,33547000,8,33559000,6,33546000,9,33560000,12,33545000,13,33561000,8,33544000,12,33562000,13,33543000,11,33563000,13
33551000,2,33552000,1,33550000,7,33553000,5,33549000,5,33554000,7,33548000,9,33555000,8,33547000,7,33556000,9,33546000,9,33557000,9,33545000,10,33558000,11,33544000,11,33559000,8,33543000,11,33560000,12,33542000,11,33561000,8
33554000,1,33555000,3,33553000,6,33556000,7,33552000,7,33557000,8,33551000,4,33558000,8,33550000,6,33559000,7,33549000,5,33560000,12,33548000,9,33561000,8,33547000,10,33562000,12,33546000,10,33563000,10,33545000,10,33564000,16
33557000,2,33558000,2,33556000,4,33559000,7,33555000,9,33560000,10,33554000,7,33561000,7,33553000,10,33562000,8,33552000,6,33563000,11,33551000,7,33564000,16,33550000,11,33565000,10,33549000,9,33566000,11,33548000,12,33567000,16
33555000,4,33556000,8,33554000,6,33557000,7,33553000,5,33558000,6,33552000,6,33559000,8,33551000,6,33560000,11,33550000,7,33561000,6,33549000,9,33562000,11,33548000,12,33563000,13,33547000,12,33564000,16,33546000,11,33565000,10
33552000,1,33554000,2,33551000,4,33555000,6,33550000,5,33556000,12,33549000,6,33557000,8,33548000,9,33558000,9,33547000,11,33559000,7,33546000,12,33560000,13,33545000,11,33561000,8,33544000,12,33562000,12,33543000,13,33563000,12
33554000,1,33555000,1,33553000,5,33556000,10,33552000,6,33557000,10,33551000,5,33558000,11,33550000,5,33559000,9,33549000,5,33560000,12,33548000,12,33561000,8,33547000,11,33562000,12,33546000,11,33563000,11,33545000,11,33564000,15
33552000,1,33553000,1,33551000,3,33554000,4,33550000,8,33555000,5,33549000,6,33556000,13,33548000,9,33557000,10,33547000,9,33558000,11,33546000,9,33559000,9,33545000,10,33560000,14,33544000,13,33561000,9,33543000,10,33562000,12
33554000,3,33555000,2,33553000,8,33556000,7,33552000,7,33557000,12,33551000,9,33558000,12,33550000,9,33559000,8,33549000,8,33560000,11,33548000,9,33561000,13,33547000,12,33562000,12,33546000,12,33563000,10,33545000,9,33564000,16
33552000,5,33554000,2,33551000,9,33555000,4,33550000,9,33556000,8,33549000,8,33557000,9,33548000,9,33558000,13,33547000,11,33559000,8,33546000,12,33560000,13,33545000,10,33561000,13,33544000,12,33562000,12,33543000,10,33563000,11
33550000,3,33551000,1,33549000,6,33552000,5,33548000,6,33553000,5,33547000,10,33554000,4,33546000,11,33555000,7,33545000,8,33556000,8,33544000,13,33557000,10,33543000,12,33558000,15,33542000,10,33559000,9,33541000,9,33560000,14
33546000,2,33548000,5,33545000,6,33549000,7,33544000,8,33550000,9,33543000,9,33551000,7,33542000,9,33552000,8,33541000,8,33553000,6,33540000,15,33554000,8,33539000,11,33555000,9,33538000,14,33556000,13,33537000,13,33557000,11
33549000,2,33550000,1,33548000,5,33551000,3,33547000,5,33552000,5,33546000,8,33553000,6,33545000,6,33554000,6,33544000,5,33555000,9,33543000,10,33556000,12,33542000,10,33557000,10,33541000,8,33558000,15,33540000,13,33559000,7
33546000,1,33547000,2,33545000,4,33548000,4,33544000,4,33549000,5,33543000,8,33550000,5,33542000,7,33551000,6,33541000,5,33552000,6,33540000,13,33553000,7,33539000,10,33554000,8,33538000,13,33555000,7,33537000,8,33556000,11
33543000,4,33545000,5,33542000,6,33546000,7,33541000,5,33547000,4,33540000,9,33548000,7,33539000,8,33549000,6,33538000,10,33550000,6,33537000,9,33551000,10,33536000,10,33552000,7,33535000,12,33553000,7,33534000,15,33554000,8
33545000,1,33546000,1,33544000,5,33547000,5,33543000,8,33548000,8,33542000,6,33549000,6,33541000,6,33550000,7,33540000,9,33551000,10,33539000,8,33552000,6,33538000,11,33553000,7,33537000,9,33554000,8,33536000,11,33555000,8
33541000,4,33543000,1,33540000,9,33544000,5,33539000,8,33545000,6,33538000,11,33546000,5,33537000,7,33547000,8,33536000,12,33548000,9,33535000,13,33549000,9,33534000,13,33550000,13,33533000,9,33551000,11,33532000,11,33552000,9
33544000,5,33546000,1,33543000,12,33547000,5,33542000,8,33548000,6,33541000,6,33549000,8,33540000,9,33550000,11,33539000,10,33551000,11,33538000,13,33552000,7,33537000,9,33553000,7,33536000,11,33554000,8,33535000,13,33555000,8
33547000,4,33549000,2,33546000,8,33550000,7,33545000,7,33551000,11,33544000,7,33552000,7,33543000,13,33553000,8,33542000,7,33554000,8,33541000,9,33555000,9,33540000,12,33556000,8,33539000,10,33557000,9,33538000,13,33558000,15
33546000,2,33548000,5,33545000,5,33549000,6,33544000,7,33550000,8,33543000,12,33551000,10,33542000,10,33552000,6,33541000,7,33553000,9,33540000,12,33554000,11,33539000,11,33555000,9,33538000,15,33556000,8,33537000,10,33557000,9
33545000,5,33548000,5,33544000,7,33549000,5,33543000,12,33550000,11,33542000,10,33551000,11,33541000,7,33552000,6,33540000,11,33553000,10,33539000,11,33554000,9,33538000,15,33555000,9,33537000,9,33556000,9,33536000,13,33557000,9
33546000,3,33548000,3,33545000,6,33549000,6,33544000,7,33550000,10,33543000,13,33551000,11,33542000,9,33552000,6,33541000,7,33553000,10,33540000,13,33554000,10,33539000,11,33555000,9,33538000,15,33556000,9,33537000,9,33557000,9
33547000,1,33549000,5,33546000,4,33550000,12,33545000,6,33551000,10,33544000,7,33552000,6,33543000,12,33553000,10,33542000,9,33554000,8,33541000,9,33555000,9,33540000,13,33556000,9,33539000,11,33557000,9,33538000,15,33558000,15
33550000,4,33552000,1,33549000,5,33553000,11,33548000,6,33554000,7,33547000,6,33555000,10,33546000,5,33556000,8,33545000,8,33557000,9,33544000,11,33558000,13,33543000,17,33559000,8,33542000,13,33560000,13,33541000,11,33561000,11
33549000,1,33550000,1,33548000,4,33551000,2,33547000,6,33552000,5,33546000,5,33553000,8,33545000,6,33554000,6,33544000,10,33555000,11,33543000,17,33556000,8,33542000,13,33557000,9,33541000,11,33558000,12,33540000,13,33559000,7
33551000,5,33552000,3,33550000,8,33553000,6,33549000,9,33554000,8,33548000,9,33555000,11,33547000,8,33556000,8,33546000,7,33557000,8,33545000,7,33558000,12,33544000,11,33559000,7,33543000,17,33560000,13,33542000,14,33561000,9
33552000,4,33554000,2,33551000,8,33555000,7,33550000,7,33556000,11,33549000,8,33557000,9,33548000,10,33558000,9,33547000,11,33559000,5,33546000,14,33560000,13,33545000,10,33561000,9,33544000,13,33562000,14,33543000,17,33563000,11
33556000,2,33558000,5,33555000,7,33559000,6,33554000,6,33560000,11,33553000,9,33561000,9,33552000,8,33562000,11,33551000,8,33563000,10,33550000,18,33564000,17,33549000,13,33565000,10,33548000,15,33566000,11,33547000,13,33567000,15
33555000,4,33557000,6,33554000,5,33558000,4,33553000,5,33559000,5,33552000,8,33560000,10,33551000,9,33561000,9,33550000,17,33562000,11,33549000,13,33563000,12,33548000,17,33564000,18,33547000,11,33565000,9,33546000,14,33566000,12
33552000,1,33553000,2,33551000,4,33554000,6,33550000,16,33555000,7,33549000,11,33556000,12,33548000,13,33557000,7,33547000,9,33558000,8,33546000,15,33559000,8,33545000,10,33560000,15,33544000,13,33561000,12,33543000,14,33562000,13
33549000,3,33551000,1,33548000,8,33552000,6,33547000,8,33553000,8,33546000,11,33554000,9,33545000,8,33555000,9,33544000,11,33556000,17,33543000,11,33557000,9,33542000,12,33558000,12,33541000,10,33559000,8,33540000,14,33560000,14
33550000,5,33552000,2,33549000,5,33553000,4,33548000,7,33554000,7,33547000,6,33555000,11,33546000,8,33556000,16,33545000,8,33557000,9,33544000,14,33558000,12,33543000,12,33559000,7,33542000,13,33560000,12,33541000,11,33561000,12
33554000,1,33556000,9,33553000,5,33557000,9,33552000,7,33558000,9,33551000,5,33559000,7,33550000,8,33560000,10,33549000,6,33561000,11,33548000,9,33562000,13,33547000,9,33563000,11,33546000,13,33564000,17,33545000,9,33565000,11
33553000,1,33554000,1,33552000,3,33555000,6,33551000,7,33556000,6,33550000,7,33557000,10,33549000,8,33558000,9,33548000,8,33559000,8,33547000,10,33560000,12,33546000,14,33561000,12,33545000,11,33562000,13,33544000,14,33563000,10
33551000,2,33552000,2,33550000,6,33553000,3,33549000,6,33554000,5,33548000,8,33555000,5,33547000,7,33556000,8,33546000,12,33557000,10,33545000,11,33558000,11,33544000,14,33559000,10,33543000,12,33560000,12,33542000,16,33561000,12
33550000,4,33553000,5,33549000,5,33554000,6,33548000,5,33555000,6,33547000,6,33556000,11,33546000,10,33557000,10,33545000,10,33558000,13,33544000,14,33559000,9,33543000,13,33560000,12,33542000,15,33561000,11,33541000,11,33562000,13
33550000,1,33551000,2,33549000,5,33552000,4,33548000,5,33553000,5,33547000,7,33554000,5,33546000,9,33555000,6,33545000,8,33556000,12,33544000,14,33557000,12,33543000,13,33558000,14,33542000,15,33559000,9,33541000,11,33560000,13
33547000,5,33550000,5,33546000,8,33551000,5,33545000,5,33552000,6,33544000,11,33553000,10,33543000,10,33554000,7,33542000,14,33555000,6,33541000,11,33556000,14,33540000,14,33557000,11,33539000,10,33558000,14,33538000,15,33559000,8
33549000,2,33550000,3,33548000,6,33551000,4,33547000,4,33552000,8,33546000,8,33553000,10,33545000,5,33554000,8,33544000,11,33555000,8,33543000,11,33556000,14,33542000,15,33557000,11,33541000,11,33558000,13,33540000,14,33559000,8
33551000,5,33553000,3,33550000,11,33554000,3,33549000,9,33555000,6,33548000,8,33556000,10,33547000,7,33557000,11,33546000,11,33558000,11,33545000,9,33559000,8,33544000,14,33560000,14,33543000,12,33561000,12,33542000,15,33562000,13
33554000,2,33556000,4,33553000,7,33557000,10,33552000,6,33558000,7,33551000,7,33559000,9,33550000,7,33560000,13,33549000,9,33561000,11,33548000,12,33562000,13,33547000,10,33563000,11,33546000,15,33564000,17,33545000,10,33565000,11
33556000,7,33558000,6,33555000,7,33559000,6,33554000,5,33560000,10,33553000,9,33561000,9,33552000,6,33562000,11,33551000,10,33563000,9,33550000,17,33564000,17,33549000,13,33565000,10,33548000,14,33566000,11,33547000,12,33567000,15
33561000,4,33562000,3,33560000,6,33563000,4,33559000,9,33564000,13,33558000,6,33565000,8,33557000,9,33566000,8,33556000,7,33567000,11,33555000,12,33568000,13,33554000,14,33569000,13,33553000,13,33570000,17,33552000,11,33571000,11
33563000,5,33565000,4,33562000,7,33566000,8,33561000,8,33567000,7,33560000,8,33568000,11,33559000,9,33569000,12,33558000,18,33570000,16,33557000,13,33571000,9,33556000,12,33572000,12,33555000,13,33573000,12,33554000,14,33574000,14
33562000,4,33563000,1,33561000,7,33564000,6,33560000,8,33565000,6,33559000,8,33566000,7,33558000,18,33567000,6,33557000,13,33568000,11,33556000,12,33569000,12,33555000,13,33570000,17,33554000,14,33571000,9,33553000,12,33572000,12
33564000,2,33565000,1,33563000,5,33566000,3,33562000,5,33567000,5,33561000,9,33568000,11,33560000,9,33569000,9,33559000,5,33570000,15,33558000,19,33571000,8,33557000,12,33572000,11,33556000,12,33573000,13,33555000,12,33574000,15
33564000,3,33566000,3,33563000,5,33567000,5,33562000,5,33568000,9,33561000,9,33569000,7,33560000,10,33570000,15,33559000,5,33571000,8,33558000,20,33572000,10,33557000,12,33573000,14,33556000,12,33574000,15,33555000,12,33575000,13
33564000,3,33566000,3,33563000,5,33567000,5,33562000,5,33568000,9,33561000,9,33569000,7,33560000,10,33570000,15,33559000,5,33571000,8,33558000,20,33572000,10,33557000,12,33573000,14,33556000,12,33574000,15,33555000,12,33575000,13
33564000,3,33566000,3,33563000,5,33567000,5,33562000,5,33568000,9,33561000,9,33569000,7,33560000,10,33570000,15,33559000,5,33571000,8,33558000,20,33572000,10,33557000,12,33573000,14,33556000,12,33574000,15,33555000,12,33575000,13
33553000,3,33556000,3,33552000,4,33557000,4,33551000,7,33558000,1,33550000,13,33559000,2,33549000,7,33560000,2,33548000,10,33563000,3,33547000,8,33564000,3,33546000,13,33565000,9,33545000,6,33566000,8,33544000,11,33567000,4
33552000,3,33556000,2,33551000,7,33557000,4,33550000,13,33558000,1,33549000,7,33559000,2,33548000,10,33560000,2,33547000,8,33563000,3,33546000,13,33564000,3,33545000,6,33565000,9,33544000,11,33566000,8,33543000,11,33567000,4
33554000,2,33560000,2,33552000,4,33563000,3,33551000,7,33564000,3,33550000,12,33565000,9,33549000,7,33566000,8,33548000,10,33567000,4,33547000,8,33568000,13,33546000,13,33569000,9,33545000,6,33570000,19,33544000,11,33571000,9
33556000,1,33563000,3,33554000,2,33564000,3,33553000,1,33565000,10,33552000,4,33566000,9,33551000,6,33567000,5,33550000,11,33568000,12,33549000,8,33569000,10,33548000,9,33570000,18,33547000,8,33571000,8,33546000,13,33572000,10
33554000,1,33563000,3,33553000,1,33564000,5,33552000,4,33565000,10,33551000,6,33566000,9,33550000,11,33567000,4,33549000,8,33568000,11,33548000,9,33569000,9,33547000,8,33570000,18,33546000,12,33571000,8,33545000,6,33572000,10
33554000,1,33556000,1,33553000,2,33563000,3,33552000,4,33564000,5,33551000,6,33565000,10,33550000,11,33566000,9,33549000,8,33567000,4,33548000,9,33568000,11,33547000,8,33569000,9,33546000,12,33570000,18,33545000,6,33571000,8
33553000,5,33554000,1,33552000,3,33555000,4,33551000,7,33556000,7,33550000,12,33557000,5,33549000,7,33558000,6,33548000,8,33559000,6,33547000,9,33560000,6,33546000,13,33561000,8,33545000,7,33562000,10,33544000,10,33563000,10
33554000,3,33556000,3,33553000,5,33557000,6,33552000,4,33558000,5,33551000,6,33559000,7,33550000,11,33560000,4,33549000,12,33561000,9,33548000,11,33562000,10,33547000,10,33563000,11,33546000,14,33564000,10,33545000,8,33565000,12
33559000,2,33560000,1,33558000,5,33561000,5,33557000,5,33562000,8,33556000,6,33563000,10,33555000,14,33564000,11,33554000,4,33565000,12,33553000,5,33566000,11,33552000,8,33567000,9,33551000,9,33568000,13,33550000,15,33569000,11
33556000,1,33558000,4,33555000,14,33559000,3,33554000,4,33560000,6,33553000,6,33561000,6,33552000,4,33562000,8,33551000,8,33563000,11,33550000,16,33564000,14,33549000,11,33565000,16,33548000,11,33566000,11,33547000,9,33567000,11
33553000,5,33555000,3,33552000,8,33556000,4,33551000,6,33557000,7,33550000,12,33558000,8,33549000,9,33559000,6,33548000,9,33560000,10,33547000,10,33561000,14,33546000,14,33562000,12,33545000,9,33563000,12,33544000,11,33564000,13
33551000,1,33552000,3,33550000,8,33553000,6,33549000,7,33554000,6,33548000,9,33555000,10,33547000,7,33556000,6,33546000,10,33557000,8,33545000,9,33558000,12,33544000,12,33559000,9,33543000,10,33560000,12,33542000,12,33561000,13
33552000,2,33553000,2,33551000,6,33554000,4,33550000,6,33555000,6,33549000,4,33556000,6,33548000,6,33557000,9,33547000,5,33558000,12,33546000,10,33559000,9,33545000,10,33560000,13,33544000,12,33561000,11,33543000,11,33562000,10
33548000,6,33550000,3,33547000,5,33551000,8,33546000,8,33552000,7,33545000,9,33553000,5,33544000,11,33554000,6,33543000,11,33555000,7,33542000,11,33556000,6,33541000,7,33557000,9,33540000,12,33558000,16,33539000,9,33559000,9
33551000,3,33553000,2,33550000,10,33554000,4,33549000,6,33555000,4,33548000,5,33556000,6,33547000,5,33557000,7,33546000,9,33558000,13,33545000,10,33559000,9,33544000,11,33560000,13,33543000,11,33561000,11,33542000,12,33562000,10
33555000,1,33556000,2,33554000,2,33557000,6,33553000,5,33558000,13,33552000,5,33559000,8,33551000,6,33560000,13,33550000,11,33561000,12,33549000,5,33562000,10,33548000,9,33563000,11,33547000,8,33564000,14,33546000,12,33565000,15
33559000,1,33560000,2,33558000,4,33561000,9,33557000,4,33562000,6,33556000,6,33563000,9,33555000,6,33564000,12,33554000,3,33565000,14,33553000,7,33566000,11,33552000,7,33567000,10,33551000,8,33568000,14,33550000,15,33569000,12
33562000,3,33564000,4,33561000,4,33565000,11,33560000,5,33566000,8,33559000,4,33567000,8,33558000,5,33568000,12,33557000,5,33569000,11,33556000,6,33570000,16,33555000,8,33571000,8,33554000,6,33572000,10,33553000,7,33573000,15
33566000,1,33567000,1,33565000,5,33568000,6,33564000,4,33569000,6,33563000,5,33570000,14,33562000,5,33571000,8,33561000,5,33572000,9,33560000,6,33573000,12,33559000,6,33574000,14,33558000,8,33575000,12,33557000,6,33576000,14
33569000,1,33570000,7,33568000,6,33571000,7,33567000,7,33572000,8,33566000,4,33573000,10,33565000,7,33574000,12,33564000,6,33575000,11,33563000,7,33576000,14,33562000,7,33577000,13,33561000,18,33578000,12,33560000,8,33579000,15
33570000,2,33572000,5,33569000,7,33573000,9,33568000,7,33574000,9,33567000,4,33575000,10,33566000,8,33576000,12,33565000,9,33577000,13,33564000,8,33578000,13,33563000,9,33579000,14,33562000,8,33580000,22,33561000,19,33581000,15
33572000,4,33574000,1,33571000,10,33575000,7,33570000,8,33576000,11,33569000,9,33577000,8,33568000,7,33578000,11,33567000,4,33579000,16,33566000,13,33580000,24,33565000,13,33581000,15,33564000,10,33582000,13,33563000,8,33583000,9
33567000,1,33568000,3,33566000,3,33569000,5,33565000,10,33570000,6,33564000,10,33571000,6,33563000,10,33572000,8,33562000,8,33573000,8,33561000,18,33574000,13,33560000,10,33575000,11,33559000,7,33576000,15,33558000,12,33577000,10
33572000,1,33574000,6,33571000,6,33575000,9,33570000,7,33576000,10,33569000,9,33577000,8,33568000,6,33578000,10,33567000,12,33579000,22,33566000,13,33580000,23,33565000,10,33581000,15,33564000,12,33582000,13,33563000,11,33583000,10
33569000,1,33570000,1,33568000,5,33571000,4,33567000,14,33572000,5,33566000,10,33573000,6,33565000,9,33574000,8,33564000,10,33575000,7,33563000,11,33576000,10,33562000,10,33577000,12,33561000,19,33578000,14,33560000,9,33579000,21
33565000,2,33566000,2,33564000,9,33567000,4,33563000,9,33568000,5,33562000,9,33569000,4,33561000,19,33570000,7,33560000,7,33571000,7,33559000,6,33572000,8,33558000,12,33573000,9,33557000,7,33574000,12,33556000,10,33575000,16
33562000,1,33563000,1,33561000,17,33564000,3,33560000,8,33565000,4,33559000,6,33566000,7,33558000,10,33567000,7,33557000,3,33568000,6,33556000,8,33569000,11,33555000,10,33570000,13,33554000,9,33571000,11,33553000,7,33572000,10
33559000,1,33560000,1,33558000,8,33561000,2,33557000,5,33562000,6,33556000,10,33563000,8,33555000,11,33564000,9,33554000,10,33565000,6,33553000,8,33566000,9,33552000,10,33567000,14,33551000,8,33568000,14,33550000,17,33569000,12
33556000,1,33558000,7,33555000,10,33559000,4,33554000,9,33560000,5,33553000,9,33561000,4,33552000,7,33562000,8,33551000,7,33563000,10,33550000,18,33564000,12,33549000,12,33565000,11,33548000,11,33566000,12,33547000,9,33567000,14
33553000,3,33555000,2,33552000,7,33556000,5,33551000,7,33557000,7,33550000,15,33558000,8,33549000,9,33559000,6,33548000,9,33560000,10,33547000,11,33561000,8,33546000,15,33562000,10,33545000,10,33563000,14,33544000,13,33564000,14
33551000,1,33553000,3,33550000,10,33554000,4,33549000,6,33555000,6,33548000,8,33556000,6,33547000,9,33557000,9,33546000,12,33558000,10,33545000,11,33559000,9,33544000,15,33560000,12,33543000,12,33561000,10,33542000,14,33562000,13
33551000,19,33553000,5,33550000,5,33554000,8,33549000,7,33555000,8,33548000,7,33556000,12,33547000,7,33557000,9,33546000,11,33558000,8,33545000,10,33559000,7,33544000,15,33560000,12,33543000,12,33561000,10,33542000,15,33562000,13
33550000,3,33551000,1,33549000,8,33552000,3,33548000,6,33553000,4,33547000,9,33554000,6,33546000,12,33555000,8,33545000,11,33556000,9,33544000,13,33557000,12,33543000,12,33558000,12,33542000,15,33559000,9,33541000,10,33560000,12
33546000,5,33549000,6,33545000,6,33550000,6,33544000,8,33551000,4,33543000,10,33552000,7,33542000,12,33553000,8,33541000,8,33554000,10,33540000,18,33555000,11,33539000,13,33556000,13,33538000,14,33557000,13,33537000,12,33558000,13
33548000,2,33549000,1,33547000,6,33550000,5,33546000,11,33551000,8,33545000,7,33552000,7,33544000,8,33553000,10,33543000,8,33554000,10,33542000,13,33555000,11,33541000,10,33556000,13,33540000,17,33557000,13,33539000,13,33558000,14
33546000,6,33548000,3,33545000,6,33549000,6,33544000,9,33550000,7,33543000,7,33551000,9,33542000,14,33552000,7,33541000,8,33553000,10,33540000,15,33554000,12,33539000,13,33555000,11,33538000,16,33556000,13,33537000,12,33557000,13
33547000,1,33549000,4,33546000,8,33550000,8,33545000,5,33551000,8,33544000,8,33552000,8,33543000,9,33553000,11,33542000,12,33554000,10,33541000,10,33555000,12,33540000,15,33556000,13,33539000,13,33557000,12,33538000,16,33558000,14
33549000,9,33551000,2,33548000,5,33552000,5,33547000,4,33553000,7,33546000,6,33554000,9,33545000,6,33555000,11,33544000,11,33556000,12,33543000,11,33557000,13,33542000,15,33558000,15,33541000,11,33559000,8,33540000,16,33560000,13
33551000,1,33553000,4,33550000,6,33554000,6,33549000,7,33555000,8,33548000,4,33556000,8,33547000,4,33557000,11,33546000,8,33558000,11,33545000,9,33559000,9,33544000,14,33560000,14,33543000,12,33561000,11,33542000,15,33562000,14
33551000,7,33553000,1,33550000,5,33554000,7,33549000,3,33555000,8,33548000,3,33556000,8,33547000,7,33557000,11,33546000,6,33558000,11,33545000,10,33559000,9,33544000,14,33560000,15,33543000,12,33561000,11,33542000,15,33562000,14
33553000,5,33556000,3,33552000,4,33557000,8,33551000,5,33558000,8,33550000,5,33559000,6,33549000,5,33560000,14,33548000,7,33561000,10,33547000,10,33562000,14,33546000,11,33563000,13,33545000,9,33564000,15,33544000,14,33565000,11
33553000,7,33554000,1,33552000,3,33555000,6,33551000,5,33556000,9,33550000,5,33557000,8,33549000,6,33558000,7,33548000,7,33559000,6,33547000,9,33560000,14,33546000,12,33561000,13,33545000,9,33562000,14,33544000,14,33563000,12
33550000,1,33552000,4,33549000,5,33553000,4,33548000,5,33554000,7,33547000,7,33555000,7,33546000,7,33556000,11,33545000,6,33557000,12,33544000,13,33558000,12,33543000,13,33559000,8,33542000,16,33560000,17,33541000,10,33561000,14
33552000,2,33553000,1,33551000,5,33554000,4,33550000,7,33555000,8,33549000,5,33556000,11,33548000,4,33557000,10,33547000,7,33558000,9,33546000,8,33559000,8,33545000,8,33560000,16,33544000,14,33561000,13,33543000,12,33562000,13
33555000,4,33556000,2,33554000,4,33557000,7,33553000,6,33558000,8,33552000,7,33559000,5,33551000,5,33560000,14,33550000,7,33561000,11,33549000,9,33562000,14,33548000,10,33563000,13,33547000,10,33564000,17,33546000,12,33565000,11
33557000,3,33559000,4,33556000,7,33560000,8,33555000,7,33561000,10,33554000,18,33562000,12,33553000,5,33563000,10,33552000,6,33564000,13,33551000,10,33565000,11,33550000,13,33566000,13,33549000,12,33567000,14,33548000,12,33568000,11
33560000,5,33562000,2,33559000,4,33563000,7,33558000,7,33564000,11,33557000,10,33565000,9,33556000,11,33566000,11,33555000,13,33567000,15,33554000,24,33568000,10,33553000,8,33569000,8,33552000,9,33570000,12,33551000,10,33571000,9
33559000,2,33560000,3,33558000,5,33561000,6,33557000,9,33562000,6,33556000,11,33563000,9,33555000,11,33564000,10,33554000,20,33565000,9,33553000,7,33566000,12,33552000,10,33567000,15,33551000,11,33568000,12,33550000,13,33569000,10
33561000,1,33562000,1,33560000,6,33563000,8,33559000,5,33564000,8,33558000,6,33565000,9,33557000,7,33566000,9,33556000,9,33567000,16,33555000,9,33568000,17,33554000,22,33569000,10,33553000,9,33570000,13,33552000,16,33571000,8
33556000,3,33558000,6,33555000,6,33559000,6,33554000,19,33560000,8,33553000,9,33561000,7,33552000,11,33562000,7,33551000,9,33563000,9,33550000,17,33564000,10,33549000,13,33565000,10,33548000,15,33566000,12,33547000,11,33567000,16
33556000,3,33557000,2,33555000,4,33558000,7,33554000,19,33559000,8,33553000,9,33560000,8,33552000,11,33561000,7,33551000,9,33562000,7,33550000,17,33563000,9,33549000,13,33564000,10,33548000,15,33565000,10,33547000,11,33566000,12
33552000,1,33553000,4,33551000,5,33554000,6,33550000,10,33555000,8,33549000,9,33556000,8,33548000,11,33557000,8,33547000,12,33558000,9,33546000,15,33559000,11,33545000,10,33560000,17,33544000,14,33561000,11,33543000,13,33562000,13
33546000,2,33547000,3,33545000,2,33548000,6,33544000,7,33549000,5,33543000,9,33550000,5,33542000,11,33551000,7,33541000,11,33552000,10,33540000,16,33553000,10,33539000,10,33554000,10,33538000,10,33555000,10,33537000,15,33556000,11
33546000,1,33548000,9,33545000,5,33549000,8,33544000,9,33550000,10,33543000,10,33551000,9,33542000,8,33552000,7,33541000,7,33553000,9,33540000,13,33554000,10,33539000,10,33555000,12,33538000,11,33556000,12,33537000,13,33557000,9
33543000,3,33544000,1,33542000,7,33545000,4,33541000,7,33546000,6,33540000,11,33547000,7,33539000,9,33548000,9,33538000,10,33549000,7,33537000,13,33550000,10,33536000,13,33551000,10,33535000,15,33552000,11,33534000,17,33553000,11
33541000,2,33542000,1,33540000,6,33543000,4,33539000,7,33544000,9,33538000,6,33545000,8,33537000,9,33546000,10,33536000,10,33547000,10,33535000,17,33548000,10,33534000,18,33549000,9,33533000,11,33550000,10,33532000,11,33551000,12
33543000,1,33544000,1,33542000,6,33545000,7,33541000,6,33546000,10,33540000,9,33547000,9,33539000,8,33548000,10,33538000,6,33549000,11,33537000,10,33550000,10,33536000,24,33551000,12,33535000,16,33552000,10,33534000,17,33553000,11
33546000,3,33547000,3,33545000,4,33548000,7,33544000,6,33549000,10,33543000,7,33550000,11,33542000,7,33551000,11,33541000,8,33552000,8,33540000,12,33553000,11,33539000,11,33554000,13,33538000,10,33555000,11,33537000,12,33556000,12
33548000,6,33550000,3,33547000,7,33551000,5,33546000,6,33552000,8,33545000,8,33553000,9,33544000,7,33554000,8,33543000,9,33555000,9,33542000,11,33556000,13,33541000,23,33557000,13,33540000,15,33558000,16,33539000,13,33559000,10
33546000,2,33547000,2,33545000,7,33548000,7,33544000,6,33549000,7,33543000,9,33550000,7,33542000,16,33551000,8,33541000,23,33552000,8,33540000,16,33553000,10,33539000,13,33554000,11,33538000,11,33555000,14,33537000,24,33556000,13
33546000,6,33549000,5,33545000,24,33550000,7,33544000,7,33551000,9,33543000,9,33552000,10,33542000,9,33553000,10,33541000,24,33554000,10,33540000,16,33555000,14,33539000,12,33556000,14,33538000,10,33557000,13,33537000,12,33558000,18
33546000,1,33548000,4,33545000,24,33549000,7,33544000,7,33550000,9,33543000,10,33551000,10,33542000,9,33552000,8,33541000,23,33553000,11,33540000,17,33554000,11,33539000,11,33555000,14,33538000,10,33556000,13,33537000,11,33557000,15
33541000,22,33542000,1,33540000,11,33543000,6,33539000,6,33544000,6,33538000,8,33545000,6,33537000,10,33546000,6,33536000,12,33547000,9,33535000,17,33548000,11,33534000,17,33549000,8,33533000,11,33550000,16,33532000,12,33551000,15
33540000,5,33541000,1,33539000,5,33542000,5,33538000,8,33543000,7,33537000,9,33544000,6,33536000,12,33545000,7,33535000,16,33546000,8,33534000,17,33547000,11,33533000,12,33548000,13,33532000,12,33549000,8,33531000,15,33550000,16
33540000,3,33541000,2,33539000,6,33542000,3,33538000,7,33543000,8,33537000,7,33544000,9,33536000,5,33545000,13,33535000,12,33546000,14,33534000,13,33547000,12,33533000,9,33548000,14,33532000,12,33549000,11,33531000,12,33550000,15
33542000,3,33543000,2,33541000,7,33544000,5,33540000,7,33545000,12,33539000,6,33546000,13,33538000,7,33547000,12,33537000,8,33548000,12,33536000,7,33549000,11,33535000,15,33550000,16,33534000,14,33551000,13,33533000,10,33552000,14
33547000,2,33548000,1,33546000,6,33549000,8,33545000,6,33550000,13,33544000,7,33551000,10,33543000,7,33552000,9,33542000,7,33553000,9,33541000,10,33554000,12,33540000,12,33555000,13,33539000,10,33556000,14,33538000,13,33557000,12
33545000,3,33547000,4,33544000,7,33548000,5,33543000,8,33549000,5,33542000,7,33550000,10,33541000,6,33551000,10,33540000,14,33552000,9,33539000,11,33553000,9,33538000,27,33554000,13,33537000,13,33555000,13,33536000,9,33556000,14
33547000,1,33548000,2,33546000,5,33549000,9,33545000,6,33550000,12,33544000,6,33551000,9,33543000,8,33552000,9,33542000,6,33553000,9,33541000,9,33554000,12,33540000,12,33555000,13,33539000,11,33556000,13,33538000,26,33557000,11
33549000,8,33551000,5,33548000,6,33552000,8,33547000,6,33553000,7,33546000,6,33554000,9,33545000,6,33555000,12,33544000,9,33556000,11,33543000,12,33557000,12,33542000,10,33558000,15,33541000,11,33559000,9,33540000,16,33560000,12
33546000,2,33547000,2,33545000,6,33548000,3,33544000,8,33549000,5,33543000,9,33550000,6,33542000,7,33551000,6,33541000,8,33552000,10,33540000,18,33553000,9,33539000,11,33554000,11,33538000,28,33555000,13,33537000,13,33556000,16
33549000,2,33550000,2,33548000,6,33551000,6,33547000,7,33552000,9,33546000,16,33553000,9,33545000,8,33554000,8,33544000,4,33555000,14,33543000,9,33556000,14,33542000,7,33557000,10,33541000,10,33558000,15,33540000,12,33559000,8
33551000,3,33553000,4,33550000,6,33554000,7,33549000,6,33555000,10,33548000,8,33556000,10,33547000,7,33557000,10,33546000,19,33558000,15,33545000,11,33559000,9,33544000,11,33560000,14,33543000,12,33561000,10,33542000,11,33562000,12
33554000,3,33556000,8,33553000,7,33557000,4,33552000,7,33558000,12,33551000,6,33559000,5,33550000,10,33560000,12,33549000,11,33561000,11,33548000,13,33562000,13,33547000,10,33563000,10,33546000,23,33564000,13,33545000,12,33565000,10
33553000,1,33554000,2,33552000,6,33555000,8,33551000,6,33556000,7,33550000,12,33557000,6,33549000,11,33558000,13,33548000,11,33559000,5,33547000,10,33560000,14,33546000,21,33561000,12,33545000,12,33562000,13,33544000,12,33563000,10
33550000,5,33552000,5,33549000,7,33553000,7,33548000,10,33554000,7,33547000,8,33555000,8,33546000,20,33556000,11,33545000,10,33557000,11,33544000,12,33558000,15,33543000,14,33559000,10,33542000,14,33560000,17,33541000,10,33561000,11
33546000,10,33547000,2,33545000,6,33548000,5,33544000,7,33549000,7,33543000,12,33550000,7,33542000,13,33551000,6,33541000,10,33552000,9,33540000,13,33553000,11,33539000,11,33554000,14,33538000,29,33555000,15,33537000,17,33556000,13
33544000,5,33546000,3,33543000,9,33547000,6,33542000,11,33548000,7,33541000,10,33549000,7,33540000,14,33550000,10,33539000,9,33551000,8,33538000,29,33552000,12,33537000,16,33553000,11,33536000,12,33554000,15,33535000,14,33555000,15
33541000,2,33543000,4,33540000,6,33544000,11,33539000,9,33545000,11,33538000,29,33546000,9,33537000,15,33547000,11,33536000,11,33548000,11,33535000,15,33549000,14,33534000,15,33550000,12,33533000,11,33551000,10,33532000,11,33552000,13
33537000,2,33538000,3,33536000,6,33539000,9,33535000,12,33540000,10,33534000,11,33541000,7,33533000,12,33542000,13,33532000,9,33543000,15,33531000,11,33544000,15,33530000,16,33545000,13,33529000,10,33546000,14,33528000,20,33547000,12
33539000,1,33540000,2,33538000,4,33541000,6,33537000,4,33542000,13,33536000,5,33543000,12,33535000,10,33544000,14,33534000,6,33545000,13,33533000,10,33546000,15,33532000,10,33547000,13,33531000,13,33548000,14,33530000,16,33549000,12
33536000,1,33537000,3,33535000,6,33538000,5,33534000,5,33539000,5,33533000,9,33540000,5,33532000,8,33541000,4,33531000,10,33542000,10,33530000,15,33543000,14,33529000,10,33544000,16,33528000,18,33545000,14,33527000,10,33546000,15
33533000,2,33534000,2,33532000,3,33535000,7,33531000,7,33536000,5,33530000,12,33537000,7,33529000,11,33538000,7,33528000,16,33539000,10,33527000,11,33540000,12,33526000,14,33541000,12,33525000,11,33542000,15,33524000,14,33543000,15
33527000,1,33528000,1,33526000,8,33529000,4,33525000,12,33530000,14,33524000,13,33531000,8,33523000,10,33532000,7,33522000,13,33533000,11,33521000,10,33534000,12,33520000,37,33535000,13,33519000,13,33536000,12,33518000,11,33537000,14
33525000,1,33526000,1,33524000,8,33527000,7,33523000,8,33528000,6,33522000,12,33529000,8,33521000,12,33530000,16,33520000,38,33531000,12,33519000,14,33532000,8,33518000,12,33533000,13,33517000,8,33534000,13,33516000,16,33535000,14
33527000,6,33529000,1,33526000,9,33530000,13,33525000,6,33531000,8,33524000,6,33532000,12,33523000,5,33533000,11,33522000,14,33534000,12,33521000,12,33535000,14,33520000,41,33536000,14,33519000,16,33537000,14,33518000,13,33538000,12
33527000,1,33528000,2,33526000,6,33529000,5,33525000,8,33530000,13,33524000,6,33531000,8,33523000,5,33532000,13,33522000,12,33533000,11,33521000,12,33534000,13,33520000,41,33535000,15,33519000,16,33536000,13,33518000,13,33537000,15
33527000,2,33529000,5,33526000,8,33530000,18,33525000,7,33531000,8,33524000,7,33532000,8,33523000,5,33533000,11,33522000,13,33534000,12,33521000,12,33535000,15,33520000,41,33536000,14,33519000,16,33537000,16,33518000,12,33538000,12
33525000,2,33526000,1,33524000,8,33527000,6,33523000,5,33528000,7,33522000,13,33529000,9,33521000,13,33530000,12,33520000,41,33531000,10,33519000,17,33532000,9,33518000,12,33533000,11,33517000,9,33534000,13,33516000,13,33535000,14
33527000,2,33529000,8,33526000,7,33530000,9,33525000,8,33531000,9,33524000,8,33532000,8,33523000,5,33533000,9,33522000,11,33534000,12,33521000,13,33535000,15,33520000,38,33536000,14,33519000,15,33537000,15,33518000,13,33538000,12
33530000,1,33531000,1,33529000,6,33532000,4,33528000,10,33533000,9,33527000,8,33534000,11,33526000,9,33535000,12,33525000,9,33536000,12,33524000,8,33537000,16,33523000,8,33538000,13,33522000,15,33539000,9,33521000,14,33540000,14
33527000,4,33529000,1,33526000,9,33530000,12,33525000,10,33531000,6,33524000,10,33532000,7,33523000,10,33533000,7,33522000,13,33534000,11,33521000,13,33535000,14,33520000,37,33536000,13,33519000,14,33537000,16,33518000,12,33538000,14
33526000,1,33527000,2,33525000,6,33528000,5,33524000,9,33529000,5,33523000,9,33530000,12,33522000,12,33531000,7,33521000,11,33532000,9,33520000,37,33533000,11,33519000,15,33534000,13,33518000,12,33535000,14,33517000,10,33536000,14
33527000,2,33529000,4,33526000,11,33530000,14,33525000,12,33531000,10,33524000,9,33532000,12,33523000,9,33533000,13,33522000,12,33534000,12,33521000,13,33535000,12,33520000,38,33536000,14,33519000,16,33537000,15,33518000,13,33538000,13
33530000,5,33532000,4,33529000,6,33533000,11,33528000,10,33534000,12,33527000,8,33535000,13,33526000,11,33536000,12,33525000,11,33537000,15,33524000,13,33538000,13,33523000,11,33539000,8,33522000,15,33540000,13,33521000,14,33541000,13
33535000,4,33537000,5,33534000,6,33538000,10,33533000,6,33539000,7,33532000,6,33540000,11,33531000,7,33541000,9,33530000,8,33542000,12,33529000,11,33543000,15,33528000,15,33544000,13,33527000,11,33545000,13,33526000,15,33546000,15
33536000,2,33537000,2,33535000,6,33538000,6,33534000,5,33539000,9,33533000,6,33540000,8,33532000,7,33541000,10,33531000,9,33542000,12,33530000,11,33543000,14,33529000,11,33544000,13,33528000,16,33545000,13,33527000,10,33546000,16
33535000,3,33537000,4,33534000,5,33538000,4,33533000,8,33539000,5,33532000,9,33540000,8,33531000,11,33541000,9,33530000,9,33542000,12,33529000,11,33543000,15,33528000,17,33544000,13,33527000,10,33545000,13,33526000,16,33546000,16
33537000,4,33539000,1,33536000,8,33540000,5,33535000,7,33541000,9,33534000,5,33542000,11,33533000,8,33543000,13,33532000,11,33544000,10,33531000,12,33545000,13,33530000,12,33546000,16,33529000,12,33547000,11,33528000,17,33548000,12
33537000,1,33538000,1,33536000,6,33539000,6,33535000,7,33540000,8,33534000,6,33541000,6,33533000,10,33542000,7,33532000,10,33543000,11,33531000,14,33544000,10,33530000,13,33545000,12,33529000,12,33546000,17,33528000,17,33547000,10
33534000,4,33537000,4,33533000,9,33538000,4,33532000,9,33539000,4,33531000,12,33540000,10,33530000,11,33541000,8,33529000,12,33542000,10,33528000,18,33543000,12,33527000,12,33544000,13,33526000,16,33545000,13,33525000,17,33546000,15
33538000,2,33539000,1,33537000,4,33540000,6,33536000,8,33541000,8,33535000,11,33542000,8,33534000,8,33543000,10,33533000,8,33544000,11,33532000,11,33545000,13,33531000,14,33546000,15,33530000,13,33547000,11,33529000,12,33548000,12
33539000,1,33540000,1,33538000,5,33541000,4,33537000,6,33542000,7,33536000,8,33543000,9,33535000,9,33544000,9,33534000,9,33545000,11,33533000,11,33546000,15,33532000,14,33547000,11,33531000,14,33548000,13,33530000,13,33549000,12
33538000,1,33539000,2,33537000,4,33540000,5,33536000,7,33541000,7,33535000,10,33542000,6,33534000,11,33543000,7,33533000,10,33544000,10,33532000,14,33545000,12,33531000,14,33546000,16,33530000,12,33547000,10,33529000,12,33548000,13
33531000,1,33532000,1,33530000,8,33533000,3,33529000,8,33534000,7,33528000,15,33535000,5,33527000,9,33536000,5,33526000,12,33537000,12,33525000,14,33538000,13,33524000,17,33539000,12,33523000,12,33540000,17,33522000,18,33541000,10
33533000,2,33534000,2,33532000,5,33535000,6,33531000,7,33536000,10,33530000,7,33537000,11,33529000,8,33538000,13,33528000,14,33539000,11,33527000,10,33540000,13,33526000,16,33541000,10,33525000,14,33542000,13,33524000,17,33543000,11
33532000,1,33534000,4,33531000,7,33535000,8,33530000,7,33536000,9,33529000,8,33537000,11,33528000,14,33538000,12,33527000,9,33539000,12,33526000,16,33540000,15,33525000,14,33541000,9,33524000,17,33542000,13,33523000,12,33543000,12
33527000,2,33529000,3,33526000,11,33530000,10,33525000,10,33531000,8,33524000,14,33532000,7,33523000,11,33533000,9,33522000,14,33534000,11,33521000,14,33535000,14,33520000,37,33536000,13,33519000,14,33537000,14,33518000,12,33538000,17
33526000,1,33528000,7,33525000,8,33529000,7,33524000,12,33530000,11,33523000,10,33531000,9,33522000,13,33532000,9,33521000,11,33533000,11,33520000,37,33534000,14,33519000,15,33535000,14,33518000,11,33536000,13,33517000,8,33537000,15
33523000,4,33525000,3,33522000,8,33526000,6,33521000,11,33527000,8,33520000,36,33528000,10,33519000,15,33529000,10,33518000,14,33530000,15,33517000,10,33531000,12,33516000,13,33532000,12,33515000,15,33533000,14,33514000,17,33534000,15
33527000,2,33529000,10,33526000,5,33530000,13,33525000,5,33531000,10,33524000,8,33532000,12,33523000,8,33533000,11,33522000,7,33534000,16,33521000,8,33535000,13,33520000,34,33536000,13,33519000,14,33537000,16,33518000,14,33538000,16
33529000,2,33530000,4,33528000,4,33531000,7,33527000,4,33532000,11,33526000,8,33533000,11,33525000,8,33534000,12,33524000,10,33535000,14,33523000,11,33536000,13,33522000,15,33537000,13,33521000,11,33538000,15,33520000,36,33539000,11
33525000,4,33526000,6,33524000,8,33527000,6,33523000,8,33528000,10,33522000,13,33529000,6,33521000,10,33530000,6,33520000,36,33531000,7,33519000,14,33532000,11,33518000,14,33533000,12,33517000,13,33534000,14,33516000,16,33535000,13
33522000,4,33524000,6,33521000,6,33525000,10,33520000,34,33526000,4,33519000,11,33527000,7,33518000,11,33528000,9,33517000,12,33529000,7,33516000,15,33530000,11,33515000,14,33531000,10,33514000,17,33532000,13,33513000,11,33533000,12
33523000,3,33525000,5,33522000,6,33526000,8,33521000,7,33527000,8,33520000,35,33528000,9,33519000,10,33529000,8,33518000,11,33530000,10,33517000,13,33531000,10,33516000,15,33532000,13,33515000,14,33533000,11,33514000,17,33534000,13
33522000,2,33523000,2,33521000,4,33524000,4,33520000,36,33525000,7,33519000,11,33526000,9,33518000,11,33527000,9,33517000,10,33528000,8,33516000,14,33529000,11,33515000,14,33530000,13,33514000,17,33531000,11,33513000,10,33532000,14
33523000,2,33524000,2,33522000,6,33525000,4,33521000,6,33526000,10,33520000,34,33527000,13,33519000,10,33528000,11,33518000,11,33529000,10,33517000,14,33530000,14,33516000,15,33531000,10,33515000,14,33532000,14,33514000,18,33533000,11
33522000,1,33523000,3,33521000,4,33524000,5,33520000,34,33525000,7,33519000,10,33526000,7,33518000,11,33527000,8,33517000,11,33528000,10,33516000,15,33529000,11,33515000,14,33530000,15,33514000,17,33531000,9,33513000,9,33532000,14
33525000,3,33526000,5,33524000,7,33527000,8,33523000,5,33528000,10,33522000,10,33529000,9,33521000,9,33530000,11,33520000,25,33531000,10,33519000,9,33532000,14,33518000,8,33533000,12,33517000,12,33534000,15,33516000,15,33535000,13
33524000,4,33526000,3,33523000,7,33527000,7,33522000,9,33528000,10,33521000,8,33529000,9,33520000,26,33530000,10,33519000,10,33531000,8,33518000,10,33532000,14,33517000,12,33533000,12,33516000,15,33534000,15,33515000,17,33535000,13
33530000,3,33531000,2,33529000,5,33532000,5,33528000,8,33533000,8,33527000,7,33534000,10,33526000,6,33535000,13,33525000,8,33536000,12,33524000,11,33537000,13,33523000,13,33538000,15,33522000,14,33539000,10,33521000,11,33540000,15
33530000,1,33531000,3,33529000,4,33532000,5,33528000,8,33533000,8,33527000,7,33534000,10,33526000,5,33535000,10,33525000,9,33536000,11,33524000,11,33537000,14,33523000,13,33538000,16,33522000,14,33539000,11,33521000,11,33540000,14
33533000,4,33535000,2,33532000,6,33537000,9,33531000,7,33538000,13,33530000,8,33539000,11,33529000,6,33540000,13,33528000,8,33541000,10,33527000,7,33542000,11,33526000,10,33543000,10,33525000,12,33544000,13,33524000,11,33545000,35
33539000,7,33540000,3,33538000,11,33541000,4,33537000,7,33542000,6,33536000,7,33543000,9,33535000,11,33544000,10,33534000,13,33545000,35,33533000,11,33546000,13,33532000,13,33547000,9,33531000,11,33548000,13,33530000,12,33549000,15
33541000,5,33543000,1,33540000,7,33544000,6,33539000,5,33545000,33,33538000,24,33546000,9,33537000,8,33547000,7,33536000,8,33548000,16,33535000,14,33549000,12,33534000,15,33550000,14,33533000,14,33551000,10,33532000,13,33552000,14
33540000,2,33541000,3,33539000,4,33542000,5,33538000,25,33543000,6,33537000,9,33544000,3,33536000,8,33545000,32,33535000,13,33546000,9,33534000,15,33547000,9,33533000,14,33548000,16,33532000,13,33549000,12,33531000,13,33550000,16
33537000,3,33538000,2,33536000,4,33539000,7,33535000,13,33540000,6,33534000,11,33541000,10,33533000,11,33542000,6,33532000,12,33543000,7,33531000,13,33544000,6,33530000,14,33545000,35,33529000,9,33546000,12,33528000,13,33547000,12
33540000,3,33541000,3,33539000,7,33542000,5,33538000,8,33543000,10,33537000,7,33544000,7,33536000,5,33545000,39,33535000,8,33546000,13,33534000,9,33547000,10,33533000,10,33548000,14,33532000,13,33549000,12,33531000,13,33550000,15
33537000,4,33539000,3,33536000,5,33540000,4,33535000,7,33541000,5,33534000,7,33542000,7,33533000,7,33543000,11,33532000,13,33544000,10,33531000,13,33545000,40,33530000,13,33546000,14,33529000,12,33547000,11,33528000,15,33548000,15
33537000,4,33539000,3,33536000,5,33540000,4,33535000,7,33541000,5,33534000,7,33542000,7,33533000,7,33543000,11,33532000,13,33544000,10,33531000,13,33545000,40,33530000,13,33546000,14,33529000,12,33547000,11,33528000,15,33548000,15
33531000,1,33532000,1,33530000,5,33533000,4,33529000,10,33534000,5,33528000,13,33535000,7,33527000,10,33536000,3,33526000,11,33537000,6,33525000,13,33538000,9,33524000,12,33539000,12,33523000,12,33540000,7,33522000,18,33541000,8
33527000,4,33529000,1,33526000,8,33530000,4,33525000,10,33531000,6,33524000,11,33532000,6,33523000,9,33533000,7,33522000,14,33534000,10,33521000,10,33535000,12,33520000,31,33536000,10,33519000,12,33537000,10,33518000,12,33538000,16
33524000,4,33526000,5,33523000,5,33527000,5,33522000,10,33528000,5,33521000,8,33529000,9,33520000,30,33530000,7,33519000,13,33531000,8,33518000,13,33532000,12,33517000,13,33533000,11,33516000,15,33534000,13,33515000,11,33535000,10
33521000,2,33523000,3,33520000,23,33524000,6,33519000,12,33525000,8,33518000,9,33526000,11,33517000,9,33527000,9,33516000,12,33528000,10,33515000,16,33529000,11,33514000,14,33530000,12,33513000,10,33531000,11,33512000,12,33532000,16
33517000,2,33519000,4,33516000,3,33520000,8,33515000,11,33521000,9,33514000,10,33522000,6,33513000,11,33523000,8,33512000,13,33524000,11,33511000,12,33525000,12,33510000,16,33526000,14,33509000,8,33527000,12,33508000,11,33528000,13
33514000,1,33516000,6,33513000,7,33517000,6,33512000,9,33518000,7,33511000,13,33519000,5,33510000,17,33520000,11,33509000,9,33521000,11,33508000,14,33522000,12,33507000,14,33523000,10,33506000,10,33524000,12,33505000,10,33525000,12
33511000,4,33513000,3,33510000,12,33514000,7,33509000,8,33515000,5,33508000,14,33516000,7,33507000,13,33517000,7,33506000,9,33518000,7,33505000,10,33519000,10,33504000,14,33520000,15,33503000,15,33521000,12,33502000,12,33522000,13
33512000,3,33513000,3,33511000,5,33514000,8,33510000,8,33515000,6,33509000,9,33516000,8,33508000,6,33517000,8,33507000,10,33518000,6,33506000,12,33519000,10,33505000,12,33520000,14,33504000,13,33521000,10,33503000,16,33522000,13
33509000,4,33511000,3,33508000,6,33512000,5,33507000,9,33513000,7,33506000,10,33514000,7,33505000,10,33515000,10,33504000,10,33516000,9,33503000,16,33517000,10,33502000,14,33518000,10,33501000,9,33519000,11,33500000,37,33520000,14
33511000,2,33512000,5,33510000,6,33513000,6,33509000,8,33514000,7,33508000,7,33515000,11,33507000,8,33516000,10,33506000,8,33517000,9,33505000,11,33518000,10,33504000,14,33519000,10,33503000,17,33520000,14,33502000,16,33521000,11
33511000,4,33513000,1,33510000,7,33514000,3,33509000,8,33515000,9,33508000,7,33516000,9,33507000,8,33517000,8,33506000,11,33518000,8,33505000,12,33519000,10,33504000,14,33520000,15,33503000,17,33521000,11,33502000,16,33522000,13
33517000,2,33518000,2,33516000,5,33519000,4,33515000,7,33520000,11,33514000,7,33521000,11,33513000,7,33522000,14,33512000,10,33523000,8,33511000,10,33524000,15,33510000,17,33525000,13,33509000,14,33526000,16,33508000,12,33527000,12
33519000,1,33520000,3,33518000,5,33521000,10,33517000,6,33522000,13,33516000,5,33523000,9,33515000,8,33524000,12,33514000,6,33525000,13,33513000,7,33526000,17,33512000,10,33527000,13,33511000,10,33528000,14,33510000,17,33529000,6
33518000,1,33519000,1,33517000,9,33520000,5,33516000,7,33521000,5,33515000,10,33522000,7,33514000,10,33523000,6,33513000,9,33524000,12,33512000,12,33525000,13,33511000,9,33526000,16,33510000,14,33527000,15,33509000,13,33528000,14
33519000,6,33521000,2,33518000,6,33522000,7,33517000,8,33523000,8,33516000,6,33524000,12,33515000,7,33525000,11,33514000,12,33526000,14,33513000,15,33527000,14,33512000,12,33528000,13,33511000,10,33529000,7,33510000,17,33530000,11
33522000,2,33523000,1,33521000,6,33524000,10,33520000,6,33525000,7,33519000,7,33526000,11,33518000,6,33527000,11,33517000,10,33528000,12,33516000,9,33529000,8,33515000,11,33530000,11,33514000,12,33531000,9,33513000,16,33532000,12
33525000,1,33527000,6,33524000,6,33528000,7,33523000,7,33529000,5,33522000,6,33530000,8,33521000,8,33531000,10,33520000,7,33532000,10,33519000,10,33533000,9,33518000,12,33534000,14,33517000,12,33535000,9,33516000,11,33536000,9
33529000,1,33530000,6,33528000,6,33531000,10,33527000,8,33532000,10,33526000,8,33533000,8,33525000,7,33534000,14,33524000,7,33535000,10,33523000,11,33536000,11,33522000,14,33537000,10,33521000,11,33538000,16,33520000,11,33539000,9
33531000,5,33532000,1,33530000,6,33533000,3,33529000,7,33534000,12,33528000,8,33535000,10,33527000,8,33536000,11,33526000,9,33537000,13,33525000,9,33538000,16,33524000,12,33539000,10,33523000,12,33540000,12,33522000,14,33541000,8
33534000,3,33535000,1,33533000,6,33536000,10,33532000,5,33537000,11,33531000,9,33538000,14,33530000,9,33539000,12,33529000,10,33540000,12,33528000,9,33541000,10,33527000,11,33542000,13,33526000,13,33543000,37,33525000,11,33544000,12
33534000,1,33535000,1,33533000,7,33536000,7,33532000,4,33537000,7,33531000,9,33538000,10,33530000,10,33539000,9,33529000,11,33540000,13,33528000,11,33541000,12,33527000,11,33542000,13,33526000,15,33543000,37,33525000,12,33544000,12
33534000,1,33536000,5,33533000,5,33537000,7,33532000,7,33538000,9,33531000,11,33539000,9,33530000,12,33540000,14,33529000,14,33541000,12,33528000,8,33542000,13,33527000,11,33543000,37,33526000,15,33544000,12,33525000,12,33545000,14
33533000,2,33534000,2,33532000,6,33535000,7,33531000,10,33536000,4,33530000,12,33537000,7,33529000,14,33538000,9,33528000,7,33539000,9,33527000,10,33540000,14,33526000,14,33541000,12,33525000,12,33542000,13,33524000,12,33543000,37
33534000,2,33536000,6,33533000,5,33537000,8,33532000,6,33538000,9,33531000,8,33539000,11,33530000,12,33540000,15,33529000,12,33541000,12,33528000,10,33542000,13,33527000,10,33543000,36,33526000,15,33544000,11,33525000,12,33545000,14
33532000,3,33533000,5,33531000,8,33534000,3,33530000,11,33535000,10,33529000,13,33536000,8,33528000,10,33537000,11,33527000,9,33538000,9,33526000,15,33539000,10,33525000,12,33540000,14,33524000,12,33541000,12,33523000,10,33542000,13
33530000,2,33532000,4,33529000,9,33533000,8,33528000,8,33534000,4,33527000,10,33535000,9,33526000,12,33536000,8,33525000,9,33537000,12,33524000,10,33538000,11,33523000,11,33539000,12,33522000,17,33540000,14,33521000,11,33541000,12
33526000,1,33527000,1,33525000,7,33528000,3,33524000,7,33529000,5,33523000,11,33530000,4,33522000,13,33531000,5,33521000,11,33532000,7,33520000,11,33533000,12,33519000,10,33534000,8,33518000,11,33535000,12,33517000,11,33536000,12
33522000,2,33523000,2,33521000,5,33524000,6,33520000,8,33525000,8,33519000,11,33526000,7,33518000,11,33527000,8,33517000,10,33528000,12,33516000,10,33529000,11,33515000,10,33530000,12,33514000,12,33531000,10,33513000,12,33532000,10
33520000,1,33521000,2,33519000,4,33522000,6,33518000,6,33523000,4,33517000,9,33524000,7,33516000,11,33525000,10,33515000,13,33526000,9,33514000,11,33527000,12,33513000,12,33528000,13,33512000,14,33529000,11,33511000,8,33530000,12
33519000,3,33521000,3,33518000,5,33522000,6,33517000,9,33523000,4,33516000,11,33524000,8,33515000,13,33525000,9,33514000,9,33526000,9,33513000,12,33527000,13,33512000,14,33528000,13,33511000,8,33529000,11,33510000,17,33530000,12
33519000,2,33520000,1,33518000,4,33521000,4,33517000,7,33522000,7,33516000,5,33523000,8,33515000,10,33524000,10,33514000,9,33525000,10,33513000,12,33526000,11,33512000,16,33527000,12,33511000,9,33528000,13,33510000,16,33529000,10
33520000,5,33523000,6,33519000,5,33524000,5,33518000,5,33525000,11,33517000,8,33526000,10,33516000,6,33527000,10,33515000,12,33528000,12,33514000,13,33529000,11,33513000,12,33530000,13,33512000,14,33531000,9,33511000,9,33532000,12
33524000,2,33526000,3,33523000,5,33527000,7,33522000,7,33528000,11,33521000,5,33529000,10,33520000,6,33530000,11,33519000,8,33531000,10,33518000,13,33532000,11,33517000,11,33533000,9,33516000,10,33534000,11,33515000,13,33535000,10
33528000,3,33529000,1,33527000,4,33530000,7,33526000,7,33531000,10,33525000,6,33532000,11,33524000,6,33533000,8,33523000,7,33534000,9,33522000,8,33535000,11,33521000,10,33536000,14,33520000,11,33537000,12,33519000,11,33538000,14
33527000,1,33528000,1,33526000,2,33529000,6,33525000,7,33530000,6,33524000,6,33531000,7,33523000,7,33532000,9,33522000,9,33533000,9,33521000,9,33534000,13,33520000,11,33535000,13,33519000,11,33536000,14,33518000,11,33537000,13
33527000,1,33529000,3,33526000,8,33530000,6,33525000,7,33531000,8,33524000,5,33532000,9,33523000,7,33533000,8,33522000,7,33534000,10,33521000,12,33535000,14,33520000,14,33536000,14,33519000,12,33537000,13,33518000,13,33538000,13
33532000,2,33533000,1,33531000,4,33534000,3,33530000,7,33535000,12,33529000,7,33536000,8,33528000,9,33537000,12,33527000,7,33538000,12,33526000,8,33539000,11,33525000,10,33540000,13,33524000,9,33541000,11,33523000,8,33542000,11
33536000,1,33537000,3,33535000,2,33538000,8,33534000,8,33539000,8,33533000,7,33540000,10,33532000,4,33541000,13,33531000,8,33542000,11,33530000,10,33543000,35,33529000,11,33544000,11,33528000,13,33545000,14,33527000,10,33546000,16
33540000,1,33541000,2,33539000,5,33542000,4,33538000,6,33543000,36,33537000,6,33544000,11,33536000,9,33545000,15,33535000,7,33546000,14,33534000,10,33547000,13,33533000,12,33548000,18,33532000,9,33549000,15,33531000,12,33550000,17
33542000,6,33545000,7,33541000,6,33546000,10,33540000,6,33547000,8,33539000,7,33548000,13,33538000,8,33549000,17,33537000,6,33550000,15,33536000,12,33551000,12,33535000,11,33552000,14,33534000,11,33553000,10,33533000,12,33554000,13
33543000,5,33545000,5,33542000,7,33546000,5,33541000,7,33547000,10,33540000,10,33548000,12,33539000,11,33549000,16,33538000,8,33550000,16,33537000,8,33551000,12,33536000,11,33552000,14,33535000,11,33553000,11,33534000,11,33554000,14
33539000,2,33541000,4,33538000,11,33542000,6,33537000,8,33543000,6,33536000,11,33544000,4,33535000,10,33545000,8,33534000,8,33546000,14,33533000,11,33547000,12,33532000,10,33548000,14,33531000,11,33549000,16,33530000,15,33550000,18
33539000,1,33541000,3,33538000,5,33542000,7,33537000,6,33543000,7,33536000,10,33544000,5,33535000,10,33545000,9,33534000,10,33546000,13,33533000,13,33547000,13,33532000,10,33548000,14,33531000,14,33549000,14,33530000,12,33550000,18
33542000,2,33544000,2,33541000,6,33545000,10,33540000,7,33546000,12,33539000,6,33547000,12,33538000,6,33548000,11,33537000,8,33549000,15,33536000,11,33550000,18,33535000,12,33551000,19,33534000,13,33552000,13,33533000,13,33553000,10
33540000,6,33542000,22,33539000,5,33543000,4,33538000,9,33544000,4,33537000,8,33545000,15,33536000,9,33546000,9,33535000,9,33547000,8,33534000,13,33548000,9,33533000,12,33549000,13,33532000,9,33550000,16,33531000,16,33551000,18
33542000,4,33543000,4,33541000,10,33544000,4,33540000,8,33545000,18,33539000,9,33546000,12,33538000,9,33547000,7,33537000,10,33548000,10,33536000,8,33549000,14,33535000,13,33550000,25,33534000,14,33551000,17,33533000,13,33552000,15
33544000,4,33546000,3,33543000,15,33547000,4,33542000,11,33548000,7,33541000,10,33549000,11,33540000,9,33550000,25,33539000,9,33551000,17,33538000,12,33552000,17,33537000,13,33553000,11,33536000,11,33554000,14,33535000,13,33555000,18
33543000,12,33545000,15,33542000,9,33546000,4,33541000,7,33547000,6,33540000,9,33548000,7,33539000,10,33549000,11,33538000,32,33550000,24,33537000,13,33551000,19,33536000,12,33552000,17,33535000,12,33553000,10,33534000,13,33554000,14
33542000,1,33543000,2,33541000,5,33544000,7,33540000,7,33545000,5,33539000,8,33546000,8,33538000,31,33547000,7,33537000,12,33548000,10,33536000,13,33549000,14,33535000,14,33550000,27,33534000,14,33551000,19,33533000,13,33552000,18
33536000,6,33538000,1,33535000,10,33539000,8,33534000,11,33540000,9,33533000,12,33541000,107,33532000,10,33542000,8,33531000,9,33543000,15,33530000,12,33544000,13,33529000,13,33545000,8,33528000,15,33546000,11,33527000,10,33547000,10
33539000,1,33540000,1,33538000,6,33541000,26,33537000,5,33542000,9,33536000,6,33543000,16,33535000,8,33544000,12,33534000,10,33545000,8,33533000,13,33546000,12,33532000,13,33547000,10,33531000,13,33548000,13,33530000,13,33549000,13
33537000,5,33539000,4,33536000,6,33540000,5,33535000,9,33541000,8,33534000,9,33542000,9,33533000,10,33543000,16,33532000,11,33544000,12,33531000,12,33545000,8,33530000,13,33546000,11,33529000,11,33547000,11,33528000,15,33548000,15
33539000,3,33540000,5,33538000,6,33541000,6,33537000,9,33542000,7,33536000,9,33543000,17,33535000,11,33544000,10,33534000,9,33545000,7,33533000,12,33546000,11,33532000,14,33547000,12,33531000,12,33548000,14,33530000,13,33549000,13
33541000,6,33543000,6,33540000,10,33544000,6,33539000,7,33545000,6,33538000,6,33546000,9,33537000,8,33547000,9,33536000,9,33548000,12,33535000,15,33549000,14,33534000,13,33550000,27,33533000,12,33551000,13,33532000,13,33552000,17
33545000,4,33546000,6,33544000,6,33547000,8,33543000,7,33548000,9,33542000,7,33549000,13,33541000,7,33550000,24,33540000,8,33551000,14,33539000,8,33552000,17,33538000,10,33553000,9,33537000,11,33554000,13,33536000,13,33555000,17
33543000,5,33545000,3,33542000,5,33546000,9,33541000,10,33547000,9,33540000,8,33548000,11,33539000,10,33549000,14,33538000,10,33550000,24,33537000,11,33551000,16,33536000,14,33552000,16,33535000,14,33553000,31,33534000,14,33554000,15
33544000,1,33545000,1,33543000,5,33546000,10,33542000,6,33547000,10,33541000,11,33548000,11,33540000,7,33549000,15,33539000,9,33550000,24,33538000,11,33551000,17,33537000,11,33552000,15,33536000,14,33553000,31,33535000,15,33554000,14
33542000,2,33543000,1,33541000,12,33544000,4,33540000,7,33545000,6,33539000,9,33546000,8,33538000,8,33547000,7,33537000,9,33548000,11,33536000,13,33549000,17,33535000,15,33550000,26,33534000,13,33551000,18,33533000,14,33552000,15
33544000,4,33546000,7,33543000,5,33547000,7,33542000,5,33548000,12,33541000,10,33549000,16,33540000,8,33550000,24,33539000,11,33551000,17,33538000,10,33552000,15,33537000,11,33553000,31,33536000,14,33554000,14,33535000,15,33555000,15
33547000,4,33549000,12,33546000,6,33550000,25,33545000,10,33551000,15,33544000,7,33552000,12,33543000,9,33553000,31,33542000,8,33554000,15,33541000,16,33555000,15,33540000,12,33556000,15,33539000,13,33557000,12,33538000,10,33558000,25
33545000,1,33546000,3,33544000,3,33547000,7,33543000,12,33548000,8,33542000,8,33549000,10,33541000,14,33550000,20,33540000,10,33551000,15,33539000,11,33552000,14,33538000,12,33553000,31,33537000,11,33554000,17,33536000,13,33555000,15
33547000,3,33549000,7,33546000,7,33550000,21,33545000,9,33551000,14,33544000,7,33552000,12,33543000,10,33553000,30,33542000,12,33554000,15,33541000,17,33555000,15,33540000,13,33556000,16,33539000,11,33557000,12,33538000,12,33558000,25
33546000,3,33548000,4,33545000,10,33549000,7,33544000,189,33550000,8,33543000,12,33551000,10,33542000,13,33552000,12,33541000,14,33553000,32,33540000,14,33554000,17,33539000,11,33555000,15,33538000,11,33556000,16,33537000,11,33557000,12
33543000,8,33544000,2,33542000,9,33545000,3,33541000,14,33546000,7,33540000,11,33547000,9,33539000,10,33548000,10,33538000,12,33549000,15,33537000,11,33550000,14,33536000,14,33551000,12,33535000,15,33552000,17,33534000,14,33553000,32
33544000,4,33546000,2,33543000,7,33547000,6,33542000,5,33548000,9,33541000,11,33549000,11,33540000,11,33550000,15,33539000,10,33551000,10,33538000,14,33552000,14,33537000,12,33553000,13,33536000,14,33554000,17,33535000,16,33555000,14
33549000,1,33550000,4,33548000,5,33551000,8,33547000,4,33552000,11,33546000,7,33553000,9,33545000,28,33554000,16,33544000,8,33555000,15,33543000,10,33556000,18,33542000,10,33557000,12,33541000,14,33558000,38,33540000,14,33559000,9
33546000,6,33547000,4,33545000,20,33548000,5,33544000,34,33549000,7,33543000,8,33550000,8,33542000,8,33551000,10,33541000,12,33552000,12,33540000,14,33553000,11,33539000,11,33554000,18,33538000,14,33555000,16,33537000,10,33556000,18
33549000,1,33550000,12,33548000,6,33551000,11,33547000,9,33552000,12,33546000,10,33553000,9,33545000,11,33554000,16,33544000,10,33555000,16,33543000,30,33556000,16,33542000,11,33557000,12,33541000,72,33558000,19,33540000,14,33559000,9
33545000,1,33546000,2,33544000,6,33547000,5,33543000,9,33548000,8,33542000,8,33549000,24,33541000,13,33550000,24,33540000,14,33551000,9,33539000,12,33552000,12,33538000,14,33553000,13,33537000,11,33554000,17,33536000,14,33555000,17
33542000,2,33543000,1,33541000,7,33544000,7,33540000,13,33545000,4,33539000,9,33546000,8,33538000,12,33547000,10,33537000,10,33548000,10,33536000,13,33549000,14,33535000,15,33550000,30,33534000,16,33551000,13,33533000,14,33552000,16
33544000,2,33545000,1,33543000,7,33546000,8,33542000,6,33547000,9,33541000,9,33548000,10,33540000,11,33549000,15,33539000,8,33550000,10,33538000,14,33551000,12,33537000,12,33552000,16,33536000,14,33553000,14,33535000,15,33554000,16
33553000,1,33554000,7,33552000,4,33555000,13,33551000,8,33556000,14,33550000,8,33557000,12,33549000,6,33558000,16,33548000,7,33559000,12,33547000,7,33560000,15,33546000,15,33561000,15,33545000,14,33562000,14,33544000,13,33563000,12
33548000,4,33549000,1,33547000,7,33550000,6,33546000,11,33551000,7,33545000,12,33552000,6,33544000,12,33553000,10,33543000,13,33554000,14,33542000,16,33555000,17,33541000,14,33556000,15,33540000,15,33557000,13,33539000,14,33558000,19
33551000,1,33552000,2,33550000,8,33553000,11,33549000,25,33554000,12,33548000,6,33555000,14,33547000,8,33556000,12,33546000,11,33557000,13,33545000,15,33558000,19,33544000,16,33559000,12,33543000,13,33560000,16,33542000,16,33561000,15
33553000,2,33555000,7,33552000,6,33556000,9,33551000,7,33557000,8,33550000,11,33558000,14,33549000,9,33559000,9,33548000,14,33560000,16,33547000,13,33561000,16,33546000,18,33562000,17,33545000,14,33563000,11,33544000,16,33564000,16
33555000,3,33557000,4,33554000,8,33558000,8,33553000,6,33559000,7,33552000,25,33560000,13,33551000,117,33561000,10,33550000,13,33562000,16,33549000,11,33563000,12,33548000,15,33564000,18,33547000,12,33565000,12,33546000,17,33566000,15
33555000,6,33557000,3,33554000,7,33558000,8,33553000,6,33559000,7,33552000,26,33560000,13,33551000,119,33561000,10,33550000,14,33562000,16,33549000,11,33563000,12,33548000,15,33564000,18,33547000,12,33565000,12,33546000,17,33566000,14
33552000,13,33553000,1,33551000,9,33554000,7,33550000,10,33555000,11,33549000,8,33556000,9,33548000,12,33557000,9,33547000,11,33558000,11,33546000,18,33559000,11,33545000,15,33560000,15,33544000,15,33561000,13,33543000,13,33562000,17
33554000,3,33555000,4,33553000,20,33556000,7,33552000,6,33557000,9,33551000,9,33558000,9,33550000,8,33559000,11,33549000,9,33560000,15,33548000,14,33561000,12,33547000,12,33562000,17,33546000,19,33563000,11,33545000,14,33564000,17
33557000,20,33558000,3,33556000,5,33559000,7,33555000,9,33560000,12,33554000,9,33561000,9,33553000,22,33562000,15,33552000,9,33563000,14,33551000,13,33564000,19,33550000,14,33565000,11,33549000,12,33566000,14,33548000,16,33567000,13
33555000,7,33556000,1,33554000,9,33557000,1,33553000,23,33558000,8,33552000,10,33559000,10,33551000,14,33560000,12,33550000,16,33561000,9,33549000,14,33562000,15,33548000,15,33563000,13,33547000,13,33564000,19,33546000,19,33565000,13
33555000,5,33557000,4,33554000,10,33558000,11,33553000,22,33559000,10,33552000,10,33560000,11,33551000,12,33561000,10,33550000,14,33562000,16,33549000,14,33563000,14,33548000,16,33564000,19,33547000,13,33565000,13,33546000,19,33566000,15
33555000,16,33556000,3,33554000,8,33557000,10,33553000,22,33558000,9,33552000,11,33559000,11,33551000,12,33560000,11,33550000,13,33561000,12,33549000,13,33562000,15,33548000,14,33563000,15,33547000,13,33564000,19,33546000,19,33565000,14
33552000,1,33553000,7,33551000,7,33554000,8,33550000,11,33555000,8,33549000,10,33556000,9,33548000,11,33557000,11,33547000,13,33558000,14,33546000,19,33559000,17,33545000,14,33560000,18,33544000,17,33561000,14,33543000,17,33562000,16
33548000,2,33549000,2,33547000,5,33550000,13,33546000,15,33551000,8,33545000,13,33552000,9,33544000,14,33553000,15,33543000,14,33554000,10,33542000,16,33555000,14,33541000,16,33556000,17,33540000,15,33557000,17,33539000,13,33558000,18
33550000,6,33552000,2,33549000,7,33553000,11,33548000,11,33554000,7,33547000,8,33555000,10,33546000,16,33556000,13,33545000,15,33557000,13,33544000,17,33558000,17,33543000,13,33559000,15,33542000,16,33560000,16,33541000,15,33561000,13
33549000,6,33551000,3,33548000,9,33552000,8,33547000,9,33553000,10,33546000,14,33554000,7,33545000,12,33555000,9,33544000,16,33556000,15,33543000,13,33557000,13,33542000,16,33558000,17,33541000,15,33559000,16,33540000,15,33560000,16
33546000,2,33547000,2,33545000,6,33548000,5,33544000,13,33549000,8,33543000,12,33550000,10,33542000,14,33551000,9,33541000,15,33552000,14,33540000,15,33553000,10,33539000,12,33554000,15,33538000,14,33555000,13,33537000,13,33556000,16
33550000,2,33551000,3,33549000,4,33552000,8,33548000,9,33553000,8,33547000,7,33554000,10,33546000,12,33555000,11,33545000,11,33556000,16,33544000,12,33557000,11,33543000,14,33558000,18,33542000,18,33559000,15,33541000,14,33560000,16
33552000,1,33553000,1,33551000,4,33554000,5,33550000,10,33555000,16,33549000,6,33556000,11,33548000,6,33557000,16,33547000,11,33558000,17,33546000,16,33559000,16,33545000,14,33560000,19,33544000,14,33561000,13,33543000,14,33562000,14
33550000,1,33551000,6,33549000,5,33552000,9,33548000,6,33553000,8,33547000,11,33554000,9,33546000,14,33555000,13,33545000,14,33556000,13,33544000,15,33557000,16,33543000,13,33558000,17,33542000,16,33559000,16,33541000,15,33560000,19
33552000,1,33553000,2,33551000,7,33554000,6,33550000,8,33555000,12,33549000,10,33556000,10,33548000,6,33557000,13,33547000,11,33558000,17,33546000,17,33559000,16,33545000,14,33560000,19,33544000,15,33561000,13,33543000,14,33562000,15
33553000,1,33555000,4,33552000,8,33556000,11,33551000,7,33557000,11,33550000,6,33558000,14,33549000,10,33559000,14,33548000,10,33560000,21,33547000,14,33561000,15,33546000,17,33562000,16,33545000,13,33563000,13,33544000,14,33564000,16
33557000,3,33559000,6,33556000,7,33560000,15,33555000,8,33561000,10,33554000,8,33562000,11,33553000,19,33563000,12,33552000,11,33564000,21,33551000,14,33565000,14,33550000,13,33566000,15,33549000,11,33567000,12,33548000,12,33568000,12
33556000,8,33558000,4,33555000,9,33559000,9,33554000,11,33560000,12,33553000,23,33561000,8,33552000,12,33562000,10,33551000,13,33563000,9,33550000,15,33564000,20,33549000,11,33565000,15,33548000,12,33566000,17,33547000,13,33567000,13
33559000,2,33560000,9,33558000,5,33561000,7,33557000,7,33562000,8,33556000,9,33563000,9,33555000,10,33564000,12,33554000,12,33565000,15,33553000,13,33566000,16,33552000,15,33567000,13,33551000,13,33568000,14,33550000,15,33569000,12
33562000,4,33563000,5,33561000,6,33564000,5,33560000,7,33565000,8,33559000,8,33566000,11,33558000,8,33567000,12,33557000,11,33568000,15,33556000,12,33569000,14,33555000,16,33570000,25,33554000,15,33571000,14,33553000,12,33572000,12
33565000,3,33566000,1,33564000,6,33567000,10,33563000,7,33568000,12,33562000,7,33569000,15,33561000,7,33570000,24,33560000,11,33571000,15,33559000,10,33572000,14,33558000,15,33573000,11,33557000,13,33574000,15,33556000,12,33575000,12
33562000,3,33563000,1,33561000,8,33564000,6,33560000,9,33565000,6,33559000,9,33566000,8,33558000,11,33567000,7,33557000,10,33568000,10,33556000,12,33569000,14,33555000,16,33570000,24,33554000,14,33571000,16,33553000,11,33572000,14
33560000,2,33561000,4,33559000,4,33562000,6,33558000,9,33563000,8,33557000,10,33564000,5,33556000,9,33565000,7,33555000,15,33566000,10,33554000,14,33567000,10,33553000,13,33568000,40,33552000,21,33569000,15,33551000,13,33570000,24
33562000,1,33563000,3,33561000,7,33564000,4,33560000,9,33565000,7,33559000,8,33566000,12,33558000,8,33567000,8,33557000,9,33568000,40,33556000,10,33569000,15,33555000,16,33570000,24,33554000,14,33571000,16,33553000,12,33572000,13
33565000,6,33566000,3,33564000,10,33567000,5,33563000,6,33568000,14,33562000,7,33569000,15,33561000,10,33570000,21,33560000,10,33571000,17,33559000,10,33572000,15,33558000,13,33573000,11,33557000,11,33574000,39,33556000,12,33575000,12
33564000,3,33566000,6,33563000,6,33567000,9,33562000,7,33568000,13,33561000,17,33569000,11,33560000,10,33570000,21,33559000,11,33571000,15,33558000,13,33572000,40,33557000,12,33573000,13,33556000,13,33574000,45,33555000,16,33575000,11
33564000,3,33566000,3,33563000,5,33567000,10,33562000,6,33568000,12,33561000,9,33569000,12,33560000,11,33570000,22,33559000,10,33571000,15,33558000,18,33572000,15,33557000,12,33573000,13,33556000,12,33574000,22,33555000,17,33575000,10
33568000,1,33569000,10,33567000,7,33570000,19,33566000,8,33571000,14,33565000,9,33572000,14,33564000,60,33573000,11,33563000,11,33574000,19,33562000,26,33575000,11,33561000,14,33576000,14,33560000,15,33577000,11,33559000,13,33578000,10
33564000,5,33566000,5,33563000,7,33567000,7,33562000,10,33568000,14,33561000,12,33569000,9,33560000,12,33570000,32,33559000,13,33571000,23,33558000,14,33572000,16,33557000,13,33573000,13,33556000,13,33574000,22,33555000,16,33575000,11
33567000,5,33569000,4,33566000,8,33570000,20,33565000,6,33571000,22,33564000,8,33572000,12,33563000,10,33573000,11,33562000,15,33574000,31,33561000,13,33575000,10,33560000,13,33576000,25,33559000,12,33577000,22,33558000,15,33578000,11
33566000,9,33567000,5,33565000,156,33568000,7,33564000,10,33569000,7,33563000,10,33570000,17,33562000,12,33571000,12,33561000,10,33572000,11,33560000,13,33573000,12,33559000,12,33574000,43,33558000,14,33575000,12,33557000,12,33576000,26
33563000,2,33565000,2,33562000,5,33566000,7,33561000,10,33567000,9,33560000,12,33568000,11,33559000,13,33569000,9,33558000,15,33570000,17,33557000,12,33571000,12,33556000,12,33572000,13,33555000,16,33573000,12,33554000,16,33574000,43
33566000,2,33567000,4,33565000,6,33568000,10,33564000,8,33569000,9,33563000,8,33570000,18,33562000,7,33571000,11,33561000,8,33572000,12,33560000,14,33573000,12,33559000,13,33574000,43,33558000,15,33575000,10,33557000,11,33576000,26
33561000,10,33562000,2,33560000,11,33563000,8,33559000,12,33564000,5,33558000,12,33565000,15,33557000,11,33566000,9,33556000,22,33567000,10,33555000,13,33568000,10,33554000,17,33569000,11,33553000,12,33570000,22,33552000,18,33571000,12
33559000,7,33561000,2,33558000,11,33562000,7,33557000,9,33563000,7,33556000,22,33564000,9,33555000,11,33565000,10,33554000,14,33566000,12,33553000,13,33567000,14,33552000,18,33568000,15,33551000,10,33569000,12,33550000,12,33570000,22
33560000,4,33562000,7,33559000,7,33563000,9,33558000,7,33564000,10,33557000,8,33565000,11,33556000,17,33566000,13,33555000,9,33567000,12,33554000,14,33568000,15,33553000,25,33569000,12,33552000,16,33570000,22,33551000,10,33571000,10
33559000,5,33561000,7,33558000,6,33562000,9,33557000,10,33563000,11,33556000,21,33564000,13,33555000,10,33565000,9,33554000,13,33566000,11,33553000,60,33567000,12,33552000,17,33568000,16,33551000,10,33569000,12,33550000,25,33570000,22
33557000,4,33559000,8,33556000,7,33560000,9,33555000,9,33561000,12,33554000,12,33562000,9,33553000,12,33563000,9,33552000,14,33564000,17,33551000,10,33565000,13,33550000,14,33566000,14,33549000,11,33567000,12,33548000,11,33568000,15
33557000,2,33559000,7,33556000,8,33560000,9,33555000,12,33561000,12,33554000,10,33562000,11,33553000,10,33563000,10,33552000,15,33564000,11,33551000,12,33565000,13,33550000,14,33566000,16,33549000,10,33567000,12,33548000,11,33568000,14
33561000,2,33562000,2,33560000,7,33563000,6,33559000,9,33564000,7,33558000,11,33565000,10,33557000,9,33566000,13,33556000,11,33567000,13,33555000,12,33568000,15,33554000,13,33569000,12,33553000,11,33570000,23,33552000,17,33571000,10
33564000,24,33565000,6,33563000,7,33566000,8,33562000,8,33567000,11,33561000,10,33568000,14,33560000,5,33569000,11,33559000,8,33570000,24,33558000,11,33571000,11,33557000,13,33572000,14,33556000,12,33573000,11,33555000,11,33574000,19
33568000,3,33570000,14,33567000,6,33571000,9,33566000,8,33572000,13,33565000,8,33573000,12,33564000,57,33574000,19,33563000,10,33575000,11,33562000,12,33576000,12,33561000,16,33577000,9,33560000,11,33578000,10,33559000,10,33579000,13
33565000,5,33567000,5,33564000,58,33568000,6,33563000,8,33569000,7,33562000,10,33570000,15,33561000,12,33571000,9,33560000,9,33572000,12,33559000,8,33573000,13,33558000,16,33574000,20,33557000,13,33575000,11,33556000,11,33576000,14
33568000,2,33570000,13,33567000,7,33571000,8,33566000,8,33572000,11,33565000,8,33573000,12,33564000,57,33574000,19,33563000,12,33575000,12,33562000,14,33576000,15,33561000,13,33577000,12,33560000,12,33578000,12,33559000,9,33579000,14
33566000,2,33567000,5,33565000,6,33568000,7,33564000,57,33569000,8,33563000,10,33570000,11,33562000,11,33571000,8,33561000,13,33572000,13,33560000,12,33573000,11,33559000,9,33574000,17,33558000,16,33575000,12,33557000,14,33576000,14
33568000,3,33569000,3,33567000,11,33570000,11,33566000,7,33571000,9,33565000,8,33572000,12,33564000,56,33573000,12,33563000,13,33574000,20,33562000,14,33575000,18,33561000,12,33576000,16,33560000,13,33577000,11,33559000,9,33578000,12
33566000,3,33567000,2,33565000,7,33568000,5,33564000,57,33569000,12,33563000,12,33570000,11,33562000,11,33571000,12,33561000,13,33572000,13,33560000,14,33573000,13,33559000,10,33574000,21,33558000,17,33575000,17,33557000,15,33576000,15
33568000,2,33569000,5,33567000,8,33570000,9,33566000,10,33571000,10,33565000,9,33572000,11,33564000,56,33573000,10,33563000,11,33574000,17,33562000,13,33575000,17,33561000,13,33576000,17,33560000,12,33577000,10,33559000,10,33578000,12
33566000,3,33567000,4,33565000,8,33568000,5,33564000,57,33569000,12,33563000,9,33570000,12,33562000,11,33571000,11,33561000,13,33572000,14,33560000,14,33573000,15,33559000,11,33574000,18,33558000,17,33575000,17,33557000,15,33576000,15
33563000,4,33565000,7,33562000,8,33566000,10,33561000,9,33567000,13,33560000,10,33568000,11,33559000,11,33569000,15,33558000,16,33570000,18,33557000,16,33571000,15,33556000,14,33572000,16,33555000,12,33573000,12,33554000,16,33574000,17
33560000,1,33561000,5,33559000,9,33562000,7,33558000,13,33563000,8,33557000,13,33564000,9,33556000,12,33565000,9,33555000,12,33566000,12,33554000,16,33567000,18,33553000,11,33568000,17,33552000,17,33569000,17,33551000,13,33570000,17
33561000,7,33563000,5,33560000,7,33564000,8,33559000,7,33565000,6,33558000,9,33566000,9,33557000,9,33567000,11,33556000,13,33568000,15,33555000,11,33569000,14,33554000,14,33570000,16,33553000,10,33571000,12,33552000,17,33572000,12
33558000,6,33559000,16,33557000,9,33560000,16,33556000,11,33561000,5,33555000,8,33562000,4,33554000,14,33563000,10,33553000,11,33564000,11,33552000,17,33565000,12,33551000,11,33566000,14,33550000,12,33567000,13,33549000,10,33568000,15
33560000,3,33561000,1,33559000,9,33562000,10,33558000,8,33563000,10,33557000,7,33564000,10,33556000,8,33565000,9,33555000,11,33566000,14,33554000,15,33567000,14,33553000,12,33568000,15,33552000,16,33569000,14,33551000,11,33570000,16
33557000,1,33558000,2,33556000,4,33559000,6,33555000,8,33560000,8,33554000,10,33561000,7,33553000,10,33562000,9,33552000,14,33563000,13,33551000,13,33564000,14,33550000,14,33565000,16,33549000,11,33566000,15,33548000,11,33567000,14
33553000,4,33554000,2,33552000,10,33555000,3,33551000,9,33556000,9,33550000,13,33557000,11,33549000,12,33558000,9,33548000,9,33559000,11,33547000,16,33560000,18,33546000,13,33561000,14,33545000,11,33562000,17,33544000,12,33563000,14
33555000,2,33557000,9,33554000,5,33558000,8,33553000,6,33559000,11,33552000,8,33560000,13,33551000,10,33561000,10,33550000,14,33562000,13,33549000,13,33563000,13,33548000,11,33564000,15,33547000,15,33565000,13,33546000,13,33566000,14
33552000,8,33554000,1,33551000,8,33555000,7,33550000,13,33556000,8,33549000,12,33557000,10,33548000,9,33558000,9,33547000,16,33559000,11,33546000,13,33560000,15,33545000,10,33561000,13,33544000,12,33562000,16,33543000,12,33563000,14
33556000,5,33557000,4,33555000,8,33558000,5,33554000,9,33559000,11,33553000,9,33560000,13,33552000,8,33561000,12,33551000,9,33562000,12,33550000,14,33563000,14,33549000,13,33564000,15,33548000,11,33565000,13,33547000,16,33566000,14
33554000,7,33555000,14,33553000,9,33556000,4,33552000,8,33557000,8,33551000,10,33558000,9,33550000,13,33559000,10,33549000,13,33560000,13,33548000,11,33561000,13,33547000,15,33562000,14,33546000,12,33563000,13,33545000,10,33564000,15
33550000,4,33551000,3,33549000,6,33552000,5,33548000,9,33553000,8,33547000,17,33554000,8,33546000,13,33555000,9,33545000,11,33556000,11,33544000,13,33557000,13,33543000,11,33558000,13,33542000,15,33559000,14,33541000,10,33560000,13
33554000,1,33555000,2,33553000,4,33556000,7,33552000,5,33557000,11,33551000,5,33558000,11,33550000,7,33559000,11,33549000,10,33560000,11,33548000,10,33561000,15,33547000,18,33562000,16,33546000,14,33563000,13,33545000,12,33564000,14
33550000,1,33551000,1,33549000,8,33552000,5,33548000,8,33553000,7,33547000,15,33554000,8,33546000,13,33555000,7,33545000,11,33556000,10,33544000,13,33557000,14,33543000,11,33558000,16,33542000,15,33559000,14,33541000,11,33560000,14
33551000,4,33553000,4,33550000,7,33554000,8,33549000,5,33555000,8,33548000,8,33556000,10,33547000,14,33557000,12,33546000,12,33558000,13,33545000,11,33559000,14,33544000,15,33560000,16,33543000,10,33561000,13,33542000,15,33562000,15
33545000,1,33546000,3,33544000,5,33547000,4,33543000,7,33548000,4,33542000,11,33549000,9,33541000,10,33550000,10,33540000,12,33551000,14,33539000,11,33552000,18,33538000,13,33553000,14,33537000,12,33554000,13,33536000,14,33555000,11
33543000,2,33545000,6,33542000,5,33546000,8,33541000,7,33547000,10,33540000,10,33548000,9,33539000,10,33549000,11,33538000,11,33550000,13,33537000,12,33551000,17,33536000,15,33552000,21,33535000,11,33553000,15,33534000,14,33554000,14
33544000,1,33545000,2,33543000,4,33546000,4,33542000,5,33547000,14,33541000,4,33548000,12,33540000,6,33549000,12,33539000,6,33550000,14,33538000,11,33551000,14,33537000,12,33552000,21,33536000,13,33553000,15,33535000,9,33554000,14
33539000,2,33540000,1,33538000,6,33541000,3,33537000,6,33542000,6,33536000,12,33543000,5,33535000,8,33544000,9,33534000,12,33545000,10,33533000,9,33546000,11,33532000,14,33547000,18,33531000,13,33548000,15,33530000,14,33549000,14
33542000,2,33543000,2,33541000,4,33544000,5,33540000,5,33545000,13,33539000,8,33546000,11,33538000,9,33547000,15,33537000,10,33548000,15,33536000,12,33549000,15,33535000,9,33550000,16,33534000,14,33551000,12,33533000,9,33552000,20
33546000,2,33547000,11,33545000,2,33548000,15,33544000,4,33549000,13,33543000,7,33550000,14,33542000,10,33551000,14,33541000,5,33552000,20,33540000,6,33553000,13,33539000,10,33554000,13,33538000,12,33555000,18,33537000,11,33556000,15
33543000,5,33544000,3,33542000,5,33545000,7,33541000,7,33546000,8,33540000,11,33547000,10,33539000,13,33548000,10,33538000,12,33549000,14,33537000,13,33550000,13,33536000,14,33551000,14,33535000,9,33552000,22,33534000,13,33553000,14
33545000,3,33546000,3,33544000,3,33547000,8,33543000,6,33548000,7,33542000,7,33549000,11,33541000,6,33550000,12,33540000,10,33551000,12,33539000,12,33552000,20,33538000,14,33553000,14,33537000,13,33554000,13,33536000,14,33555000,15
33542000,5,33544000,2,33541000,9,33545000,5,33540000,12,33546000,7,33539000,10,33547000,9,33538000,11,33548000,9,33537000,14,33549000,10,33536000,15,33550000,15,33535000,10,33551000,14,33534000,13,33552000,20,33533000,9,33553000,15
33544000,2,33545000,2,33543000,5,33546000,6,33542000,11,33547000,7,33541000,8,33548000,10,33540000,12,33549000,11,33539000,10,33550000,14,33538000,13,33551000,14,33537000,15,33552000,20,33536000,15,33553000,15,33535000,10,33554000,15
33547000,2,33548000,1,33546000,4,33549000,5,33545000,9,33550000,12,33544000,4,33551000,11,33543000,7,33552000,17,33542000,7,33553000,13,33541000,10,33554000,15,33540000,15,33555000,16,33539000,11,33556000,14,33538000,15,33557000,10
33551000,1,33553000,10,33550000,3,33554000,10,33549000,6,33555000,15,33548000,4,33556000,11,33547000,9,33557000,11,33546000,8,33558000,14,33545000,10,33559000,12,33544000,13,33560000,14,33543000,12,33561000,12,33542000,14,33562000,15
33554000,1,33555000,8,33553000,4,33556000,11,33552000,8,33557000,9,33551000,6,33558000,15,33550000,6,33559000,10,33549000,6,33560000,13,33548000,11,33561000,13,33547000,13,33562000,14,33546000,16,33563000,9,33545000,11,33564000,14
33552000,1,33554000,5,33551000,8,33555000,15,33550000,6,33556000,8,33549000,8,33557000,9,33548000,8,33558000,17,33547000,11,33559000,11,33546000,16,33560000,18,33545000,11,33561000,13,33544000,14,33562000,14,33543000,12,33563000,10
33554000,2,33555000,11,33553000,5,33556000,6,33552000,9,33557000,10,33551000,7,33558000,15,33550000,7,33559000,11,33549000,7,33560000,16,33548000,11,33561000,13,33547000,12,33562000,14,33546000,16,33563000,10,33545000,11,33564000,14
33556000,2,33557000,1,33555000,5,33558000,9,33554000,7,33559000,7,33553000,6,33560000,17,33552000,9,33561000,12,33551000,9,33562000,12,33550000,10,33563000,11,33549000,10,33564000,14,33548000,13,33565000,12,33547000,13,33566000,12
33555000,3,33556000,3,33554000,7,33557000,3,33553000,8,33558000,8,33552000,11,33559000,7,33551000,12,33560000,9,33550000,14,33561000,10,33549000,10,33562000,13,33548000,15,33563000,11,33547000,11,33564000,19,33546000,16,33565000,14
33558000,3,33559000,2,33557000,5,33560000,8,33556000,6,33561000,14,33555000,7,33562000,11,33554000,5,33563000,9,33553000,8,33564000,16,33552000,10,33565000,14,33551000,12,33566000,14,33550000,17,33567000,10,33549000,12,33568000,16
33556000,3,33557000,1,33555000,7,33558000,4,33554000,4,33559000,10,33553000,8,33560000,8,33552000,8,33561000,10,33551000,11,33562000,12,33550000,17,33563000,10,33549000,13,33564000,16,33548000,14,33565000,14,33547000,11,33566000,14
33558000,3,33559000,3,33557000,5,33560000,10,33556000,6,33561000,10,33555000,7,33562000,12,33554000,6,33563000,9,33553000,8,33564000,15,33552000,11,33565000,14,33551000,13,33566000,14,33550000,17,33567000,14,33549000,14,33568000,15
33560000,3,33561000,1,33559000,5,33562000,7,33558000,5,33563000,9,33557000,7,33564000,15,33556000,8,33565000,12,33555000,9,33566000,14,33554000,9,33567000,16,33553000,10,33568000,15,33552000,11,33569000,15,33551000,13,33570000,16
33559000,3,33560000,4,33558000,8,33561000,4,33557000,5,33562000,4,33556000,9,33563000,9,33555000,10,33564000,13,33554000,6,33565000,11,33553000,11,33566000,17,33552000,12,33567000,17,33551000,12,33568000,15,33550000,17,33569000,19
33561000,2,33562000,2,33560000,5,33563000,8,33559000,9,33564000,12,33558000,7,33565000,11,33557000,6,33566000,14,33556000,8,33567000,17,33555000,13,33568000,15,33554000,9,33569000,19,33553000,11,33570000,17,33552000,12,33571000,11
33564000,3,33565000,4,33563000,5,33566000,10,33562000,7,33567000,15,33561000,8,33568000,13,33560000,8,33569000,18,33559000,8,33570000,16,33558000,13,33571000,12,33557000,9,33572000,16,33556000,13,33573000,13,33555000,13,33574000,15
33566000,4,33568000,5,33565000,6,33569000,18,33564000,7,33570000,12,33563000,7,33571000,9,33562000,8,33572000,14,33561000,8,33573000,14,33560000,13,33574000,14,33559000,10,33575000,14,33558000,14,33576000,12,33557000,10,33577000,8
33565000,6,33567000,4,33564000,7,33568000,6,33563000,7,33569000,10,33562000,8,33570000,10,33561000,10,33571000,8,33560000,11,33572000,14,33559000,10,33573000,15,33558000,15,33574000,16,33557000,9,33575000,14,33556000,13,33576000,13
33563000,7,33565000,4,33562000,5,33566000,7,33561000,7,33567000,8,33560000,8,33568000,8,33559000,8,33569000,12,33558000,13,33570000,13,33557000,10,33571000,11,33556000,13,33572000,16,33555000,12,33573000,14,33554000,10,33574000,15
33564000,4,33566000,4,33563000,6,33567000,6,33562000,8,33568000,12,33561000,7,33569000,14,33560000,9,33570000,15,33559000,8,33571000,9,33558000,13,33572000,15,33557000,10,33573000,14,33556000,13,33574000,14,33555000,13,33575000,14
33568000,4,33569000,4,33567000,8,33570000,10,33566000,8,33571000,9,33565000,7,33572000,11,33564000,6,33573000,16,33563000,8,33574000,12,33562000,12,33575000,15,33561000,11,33576000,13,33560000,14,33577000,9,33559000,11,33578000,10
33566000,5,33568000,4,33565000,4,33569000,6,33564000,7,33570000,6,33563000,7,33571000,8,33562000,8,33572000,12,33561000,10,33573000,17,33560000,14,33574000,14,33559000,11,33575000,16,33558000,14,33576000,14,33557000,9,33577000,11
33567000,5,33569000,1,33566000,6,33570000,6,33565000,7,33571000,11,33564000,5,33572000,11,33563000,6,33573000,14,33562000,11,33574000,11,33561000,11,33575000,15,33560000,14,33576000,14,33559000,11,33577000,10,33558000,15,33578000,11
33571000,1,33572000,6,33570000,5,33573000,10,33569000,8,33574000,12,33568000,9,33575000,16,33567000,9,33576000,14,33566000,10,33577000,10,33565000,11,33578000,12,33564000,12,33579000,14,33563000,11,33580000,27,33562000,13,33581000,9
33568000,1,33569000,1,33567000,5,33570000,3,33566000,9,33571000,5,33565000,8,33572000,5,33564000,10,33573000,9,33563000,10,33574000,14,33562000,11,33575000,17,33561000,12,33576000,18,33560000,14,33577000,13,33559000,10,33578000,11
33564000,3,33566000,5,33563000,7,33567000,8,33562000,9,33568000,9,33561000,13,33569000,8,33560000,19,33570000,9,33559000,10,33571000,11,33558000,14,33572000,10,33557000,10,33573000,12,33556000,14,33574000,14,33555000,13,33575000,16
33561000,2,33562000,3,33560000,12,33563000,5,33559000,8,33564000,9,33558000,15,33565000,8,33557000,8,33566000,8,33556000,13,33567000,10,33555000,13,33568000,12,33554000,12,33569000,12,33553000,11,33570000,20,33552000,20,33571000,13
33558000,2,33559000,4,33557000,8,33560000,7,33556000,10,33561000,7,33555000,14,33562000,5,33554000,12,33563000,9,33553000,11,33564000,21,33552000,20,33565000,13,33551000,12,33566000,13,33550000,12,33567000,10,33549000,14,33568000,12
33555000,9,33557000,5,33554000,8,33558000,8,33553000,13,33559000,6,33552000,21,33560000,9,33551000,11,33561000,9,33550000,11,33562000,11,33549000,12,33563000,11,33548000,15,33564000,24,33547000,9,33565000,13,33546000,14,33566000,13
33557000,3,33559000,5,33556000,8,33560000,8,33555000,9,33561000,6,33554000,7,33562000,12,33553000,10,33563000,10,33552000,9,33564000,24,33551000,11,33565000,11,33550000,13,33566000,13,33549000,13,33567000,10,33548000,14,33568000,14
33560000,4,33562000,5,33559000,7,33563000,6,33558000,7,33564000,22,33557000,8,33565000,10,33556000,10,33566000,11,33555000,12,33567000,13,33554000,14,33568000,13,33553000,14,33569000,12,33552000,13,33570000,21,33551000,12,33571000,9
33563000,3,33565000,4,33562000,5,33566000,8,33561000,6,33567000,11,33560000,6,33568000,10,33559000,8,33569000,13,33558000,11,33570000,13,33557000,12,33571000,19,33556000,13,33572000,11,33555000,15,33573000,12,33554000,13,33574000,14
33562000,2,33563000,4,33561000,6,33564000,6,33560000,5,33565000,9,33559000,9,33566000,9,33558000,9,33567000,11,33557000,11,33568000,11,33556000,13,33569000,12,33555000,14,33570000,13,33554000,13,33571000,20,33553000,12,33572000,11
33565000,1,33566000,6,33564000,6,33567000,12,33563000,7,33568000,12,33562000,9,33569000,13,33561000,8,33570000,13,33560000,9,33571000,20,33559000,9,33572000,11,33558000,12,33573000,12,33557000,12,33574000,13,33556000,13,33575000,13
33562000,8,33564000,1,33561000,8,33565000,10,33560000,10,33566000,8,33559000,8,33567000,12,33558000,11,33568000,12,33557000,11,33569000,14,33556000,13,33570000,13,33555000,14,33571000,20,33554000,12,33572000,11,33553000,12,33573000,12
33566000,1,33567000,2,33565000,7,33568000,8,33564000,7,33569000,14,33563000,9,33570000,13,33562000,8,33571000,22,33561000,9,33572000,11,33560000,15,33573000,13,33559000,13,33574000,13,33558000,13,33575000,14,33557000,9,33576000,17
33563000,1,33564000,3,33562000,6,33565000,7,33561000,7,33566000,10,33560000,10,33567000,8,33559000,12,33568000,11,33558000,11,33569000,13,33557000,9,33570000,15,33556000,12,33571000,22,33555000,13,33572000,11,33554000,13,33573000,12
33566000,1,33567000,6,33565000,3,33568000,8,33564000,8,33569000,14,33563000,7,33570000,13,33562000,7,33571000,22,33561000,9,33572000,11,33560000,12,33573000,12,33559000,11,33574000,13,33558000,13,33575000,14,33557000,9,33576000,17
33563000,2,33564000,2,33562000,5,33565000,6,33561000,8,33566000,6,33560000,10,33567000,6,33559000,11,33568000,10,33558000,10,33569000,12,33557000,9,33570000,16,33556000,13,33571000,22,33555000,13,33572000,12,33554000,13,33573000,13
33565000,1,33566000,3,33564000,4,33567000,5,33563000,5,33568000,10,33562000,6,33569000,12,33561000,13,33570000,14,33560000,8,33571000,22,33559000,12,33572000,12,33558000,13,33573000,13,33557000,10,33574000,13,33556000,13,33575000,14
33568000,3,33570000,5,33567000,6,33571000,20,33566000,4,33572000,12,33565000,8,33573000,15,33564000,11,33574000,13,33563000,12,33575000,14,33562000,14,33576000,15,33561000,12,33577000,13,33560000,13,33578000,11,33559000,13,33579000,16
33567000,3,33568000,22,33566000,6,33569000,7,33565000,7,33570000,6,33564000,11,33571000,17,33563000,12,33572000,11,33562000,12,33573000,15,33561000,12,33574000,15,33560000,13,33575000,14,33559000,13,33576000,15,33558000,14,33577000,13
33569000,2,33570000,2,33568000,7,33571000,17,33567000,9,33572000,11,33566000,11,33573000,14,33565000,8,33574000,14,33564000,13,33575000,14,33563000,13,33576000,15,33562000,13,33577000,13,33561000,12,33578000,11,33560000,13,33579000,15
33572000,1,33573000,4,33571000,5,33574000,8,33570000,8,33575000,13,33569000,9,33576000,14,33568000,8,33577000,14,33567000,10,33578000,11,33566000,12,33579000,13,33565000,12,33580000,27,33564000,14,33581000,11,33563000,13,33582000,13
33575000,2,33576000,2,33574000,7,33577000,9,33573000,9,33578000,10,33572000,9,33579000,15,33571000,9,33580000,40,33570000,11,33581000,12,33569000,11,33582000,13,33568000,15,33583000,10,33567000,13,33584000,12,33566000,14,33585000,14
33575000,5,33577000,4,33574000,8,33578000,7,33573000,10,33579000,12,33572000,11,33580000,38,33571000,12,33581000,12,33570000,13,33582000,14,33569000,13,33583000,10,33568000,16,33584000,14,33567000,14,33585000,12,33566000,13,33586000,11
33580000,6,33582000,7,33579000,9,33583000,9,33578000,11,33584000,12,33577000,11,33585000,12,33576000,10,33586000,12,33575000,13,33587000,10,33574000,14,33588000,13,33573000,15,33589000,8,33572000,15,33590000,22,33571000,15,33591000,13
33579000,4,33580000,3,33578000,8,33581000,9,33577000,8,33582000,12,33576000,13,33583000,11,33575000,12,33584000,12,33574000,13,33585000,12,33573000,16,33586000,14,33572000,16,33587000,11,33571000,13,33588000,12,33570000,16,33589000,9
33580000,2,33582000,5,33579000,10,33583000,10,33578000,9,33584000,11,33577000,9,33585000,12,33576000,10,33586000,11,33575000,12,33587000,13,33574000,15,33588000,12,33573000,16,33589000,9,33572000,16,33590000,25,33571000,13,33591000,13
33576000,6,33578000,3,33575000,8,33579000,8,33574000,11,33580000,8,33573000,15,33581000,8,33572000,14,33582000,11,33571000,11,33583000,12,33570000,18,33584000,15,33569000,13,33585000,11,33568000,15,33586000,14,33567000,15,33587000,13
33575000,1,33576000,2,33574000,10,33577000,5,33573000,8,33578000,7,33572000,15,33579000,7,33571000,11,33580000,9,33570000,16,33581000,9,33569000,13,33582000,14,33568000,16,33583000,12,33567000,13,33584000,15,33566000,14,33585000,11
33576000,1,33578000,9,33575000,5,33579000,10,33574000,14,33580000,12,33573000,11,33581000,10,33572000,8,33582000,14,33571000,13,33583000,12,33570000,18,33584000,15,33569000,14,33585000,12,33568000,14,33586000,18,33567000,14,33587000,12
33581000,2,33582000,3,33580000,6,33583000,7,33579000,8,33584000,13,33578000,9,33585000,13,33577000,11,33586000,17,33576000,11,33587000,12,33575000,15,33588000,15,33574000,14,33589000,9,33573000,14,33590000,25,33572000,16,33591000,15
33583000,2,33584000,2,33582000,7,33585000,10,33581000,4,33586000,16,33580000,11,33587000,12,33579000,9,33588000,14,33578000,9,33589000,7,33577000,13,33590000,25,33576000,15,33591000,14,33575000,13,33592000,10,33574000,15,33593000,8
33585000,5,33587000,6,33584000,7,33588000,10,33583000,7,33589000,9,33582000,12,33590000,25,33581000,9,33591000,12,33580000,13,33592000,8,33579000,12,33593000,10,33578000,13,33594000,15,33577000,12,33595000,12,33576000,15,33596000,13
33584000,1,33585000,4,33583000,4,33586000,7,33582000,11,33587000,9,33581000,6,33588000,11,33580000,14,33589000,8,33579000,11,33590000,26,33578000,12,33591000,16,33577000,12,33592000,10,33576000,15,33593000,10,33575000,11,33594000,15
33586000,5,33587000,2,33585000,8,33588000,6,33584000,9,33589000,8,33583000,8,33590000,25,33582000,11,33591000,16,33581000,8,33592000,7,33580000,14,33593000,10,33579000,11,33594000,14,33578000,13,33595000,12,33577000,12,33596000,13
33589000,3,33590000,18,33588000,6,33591000,11,33587000,8,33592000,8,33586000,14,33593000,10,33585000,9,33594000,11,33584000,11,33595000,13,33583000,12,33596000,13,33582000,13,33597000,10,33581000,10,33598000,12,33580000,16,33599000,8
33591000,5,33593000,5,33590000,10,33594000,9,33589000,11,33595000,11,33588000,16,33596000,10,33587000,8,33597000,10,33586000,12,33598000,13,33585000,13,33599000,10,33584000,16,33600000,80,33583000,12,33601000,7,33582000,13,33602000,14
33590000,5,33592000,6,33589000,11,33593000,7,33588000,10,33594000,7,33587000,15,33595000,8,33586000,14,33596000,8,33585000,12,33597000,8,33584000,12,33598000,32,33583000,11,33599000,10,33582000,14,33600000,80,33581000,9,33601000,9
33587000,10,33589000,3,33586000,11,33590000,4,33585000,13,33591000,8,33584000,13,33592000,6,33583000,12,33593000,8,33582000,14,33594000,10,33581000,10,33595000,13,33580000,16,33596000,13,33579000,10,33597000,9,33578000,14,33598000,30
33591000,1,33592000,3,33590000,7,33593000,9,33589000,7,33594000,9,33588000,8,33595000,9,33587000,10,33596000,10,33586000,9,33597000,11,33585000,11,33598000,31,33584000,14,33599000,9,33583000,13,33600000,79,33582000,17,33601000,8
33593000,3,33594000,1,33592000,9,33595000,7,33591000,8,33596000,10,33590000,8,33597000,8,33589000,9,33598000,29,33588000,10,33599000,13,33587000,13,33600000,74,33586000,14,33601000,8,33585000,18,33602000,13,33584000,12,33603000,12
33591000,18,33592000,2,33590000,10,33593000,6,33589000,10,33594000,13,33588000,13,33595000,25,33587000,14,33596000,10,33586000,13,33597000,9,33585000,18,33598000,32,33584000,13,33599000,10,33583000,14,33600000,86,33582000,17,33601000,11
33588000,2,33589000,6,33587000,10,33590000,8,33586000,11,33591000,16,33585000,14,33592000,7,33584000,11,33593000,7,33583000,14,33594000,8,33582000,16,33595000,12,33581000,12,33596000,15,33580000,20,33597000,11,33579000,15,33598000,32
33589000,4,33591000,8,33588000,8,33592000,8,33587000,8,33593000,10,33586000,11,33594000,8,33585000,15,33595000,10,33584000,12,33596000,14,33583000,15,33597000,10,33582000,16,33598000,32,33581000,12,33599000,9,33580000,21,33600000,85
33592000,5,33595000,4,33591000,20,33596000,13,33590000,14,33597000,9,33589000,7,33598000,33,33588000,10,33599000,11,33587000,13,33600000,86,33586000,15,33601000,8,33585000,18,33602000,15,33584000,13,33603000,9,33583000,15,33604000,10
33592000,9,33593000,1,33591000,17,33594000,7,33590000,14,33595000,12,33589000,13,33596000,17,33588000,16,33597000,12,33587000,13,33598000,34,33586000,16,33599000,11,33585000,19,33600000,86,33584000,12,33601000,9,33583000,14,33602000,18
33589000,3,33590000,3,33588000,17,33591000,18,33587000,16,33592000,30,33586000,18,33593000,10,33585000,17,33594000,16,33584000,12,33595000,13,33583000,15,33596000,20,33582000,16,33597000,14,33581000,11,33598000,32,33580000,18,33599000,10
33591000,7,33592000,1,33590000,8,33593000,7,33589000,7,33594000,9,33588000,6,33595000,11,33587000,9,33596000,17,33586000,10,33597000,11,33585000,15,33598000,31,33584000,14,33599000,9,33583000,13,33600000,83,33582000,16,33601000,8
33594000,1,33595000,3,33593000,5,33596000,12,33592000,7,33597000,11,33591000,12,33598000,33,33590000,7,33599000,8,33589000,9,33600000,83,33588000,12,33601000,9,33587000,14,33602000,14,33586000,13,33603000,11,33585000,15,33604000,11
33592000,9,33594000,9,33591000,8,33595000,8,33590000,10,33596000,9,33589000,10,33597000,6,33588000,11,33598000,32,33587000,15,33599000,12,33586000,13,33600000,86,33585000,14,33601000,14,33584000,12,33602000,15,33583000,12,33603000,9
33593000,4,33595000,5,33592000,6,33596000,10,33591000,8,33597000,8,33590000,9,33598000,33,33589000,9,33599000,11,33588000,11,33600000,86,33587000,14,33601000,13,33586000,13,33602000,14,33585000,15,33603000,9,33584000,13,33604000,10
33595000,7,33597000,5,33594000,9,33598000,28,33593000,10,33599000,10,33592000,9,33600000,84,33591000,10,33601000,13,33590000,16,33602000,17,33589000,11,33603000,11,33588000,13,33604000,11,33587000,13,33605000,11,33586000,14,33606000,10
33599000,4,33601000,8,33598000,6,33602000,13,33597000,7,33603000,12,33596000,12,33604000,13,33595000,7,33605000,11,33594000,10,33606000,10,33593000,13,33607000,13,33592000,13,33608000,11,33591000,13,33609000,14,33590000,17,33610000,43
33598000,7,33601000,1,33597000,7,33602000,12,33596000,12,33603000,12,33595000,8,33604000,13,33594000,11,33605000,11,33593000,13,33606000,10,33592000,13,33607000,13,33591000,13,33608000,11,33590000,17,33609000,11,33589000,11,33610000,43
33595000,5,33597000,9,33594000,10,33598000,7,33593000,12,33599000,7,33592000,11,33600000,10,33591000,15,33601000,12,33590000,17,33602000,14,33589000,11,33603000,11,33588000,15,33604000,15,33587000,12,33605000,11,33586000,15,33606000,11
33595000,6,33597000,5,33594000,10,33598000,6,33593000,12,33599000,8,33592000,11,33600000,10,33591000,14,33601000,12,33590000,16,33602000,14,33589000,11,33603000,11,33588000,15,33604000,15,33587000,12,33605000,11,33586000,15,33606000,11
33595000,4,33596000,4,33594000,6,33597000,7,33593000,9,33598000,9,33592000,11,33599000,10,33591000,15,33600000,8,33590000,19,33601000,12,33589000,11,33602000,14,33588000,15,33603000,11,33587000,12,33604000,16,33586000,15,33605000,11
33597000,4,33599000,5,33596000,9,33600000,6,33595000,8,33601000,11,33594000,7,33602000,10,33593000,11,33603000,11,33592000,12,33604000,14,33591000,15,33605000,11,33590000,20,33606000,12,33589000,11,33607000,14,33588000,16,33608000,12
33596000,6,33598000,8,33595000,7,33599000,8,33594000,9,33600000,8,33593000,10,33601000,9,33592000,12,33602000,11,33591000,15,33603000,12,33590000,20,33604000,15,33589000,11,33605000,11,33588000,16,33606000,12,33587000,12,33607000,14
33593000,3,33595000,8,33592000,8,33596000,6,33591000,12,33597000,5,33590000,18,33598000,6,33589000,13,33599000,11,33588000,14,33600000,12,33587000,13,33601000,10,33586000,13,33602000,15,33585000,13,33603000,11,33584000,14,33604000,15
33590000,3,33591000,1,33589000,9,33592000,9,33588000,15,33593000,6,33587000,15,33594000,6,33586000,15,33595000,8,33585000,14,33596000,9,33584000,13,33597000,8,33583000,12,33598000,10,33582000,15,33599000,13,33581000,8,33600000,13
33592000,3,33593000,2,33591000,8,33594000,6,33590000,6,33595000,7,33589000,8,33596000,10,33588000,12,33597000,7,33587000,12,33598000,7,33586000,15,33599000,13,33585000,16,33600000,15,33584000,13,33601000,10,33583000,13,33602000,15
33589000,5,33590000,1,33588000,15,33591000,8,33587000,12,33592000,6,33586000,15,33593000,6,33585000,13,33594000,8,33584000,11,33595000,7,33583000,13,33596000,11,33582000,17,33597000,9,33581000,9,33598000,11,33580000,18,33599000,15
33588000,5,33589000,1,33587000,12,33590000,4,33586000,12,33591000,11,33585000,13,33592000,7,33584000,11,33593000,7,33583000,12,33594000,9,33582000,17,33595000,9,33581000,10,33596000,14,33580000,17,33597000,9,33579000,9,33598000,10
33590000,1,33591000,2,33589000,4,33592000,9,33588000,5,33593000,7,33587000,8,33594000,9,33586000,9,33595000,9,33585000,10,33596000,10,33584000,13,33597000,11,33583000,13,33598000,10,33582000,16,33599000,13,33581000,10,33600000,14
33587000,3,33588000,4,33586000,8,33589000,14,33585000,9,33590000,6,33584000,12,33591000,8,33583000,12,33592000,6,33582000,14,33593000,9,33581000,10,33594000,9,33580000,18,33595000,10,33579000,8,33596000,13,33578000,12,33597000,11
33584000,1,33585000,5,33583000,5,33586000,15,33582000,11,33587000,5,33581000,11,33588000,5,33580000,18,33589000,5,33579000,9,33590000,8,33578000,12,33591000,10,33577000,9,33592000,10,33576000,12,33593000,10,33575000,13,33594000,11
33587000,1,33588000,5,33586000,4,33589000,4,33585000,6,33590000,6,33584000,7,33591000,9,33583000,8,33592000,8,33582000,10,33593000,11,33581000,10,33594000,14,33580000,13,33595000,12,33579000,11,33596000,14,33578000,13,33597000,12
33585000,2,33587000,6,33584000,6,33588000,15,33583000,7,33589000,9,33582000,12,33590000,7,33581000,11,33591000,9,33580000,11,33592000,8,33579000,11,33593000,11,33578000,13,33594000,13,33577000,12,33595000,11,33576000,14,33596000,15
33586000,4,33588000,12,33585000,6,33589000,8,33584000,8,33590000,8,33583000,7,33591000,12,33582000,14,33592000,8,33581000,11,33593000,10,33580000,12,33594000,13,33579000,10,33595000,12,33578000,13,33596000,15,33577000,12,33597000,10
33585000,1,33586000,2,33584000,9,33587000,6,33583000,8,33588000,7,33582000,7,33589000,7,33581000,8,33590000,18,33580000,11,33591000,13,33579000,10,33592000,9,33578000,14,33593000,12,33577000,13,33594000,14,33576000,14,33595000,12
33587000,2,33588000,1,33586000,6,33589000,5,33585000,7,33590000,18,33584000,7,33591000,13,33583000,8,33592000,9,33582000,7,33593000,10,33581000,11,33594000,14,33580000,12,33595000,12,33579000,10,33596000,14,33578000,14,33597000,10
33585000,4,33587000,3,33584000,6,33588000,6,33583000,7,33589000,16,33582000,8,33590000,16,33581000,10,33591000,14,33580000,10,33592000,7,33579000,10,33593000,11,33578000,14,33594000,13,33577000,12,33595000,12,33576000,14,33596000,15
33586000,11,33589000,6,33585000,11,33590000,16,33584000,10,33591000,9,33583000,10,33592000,7,33582000,9,33593000,13,33581000,12,33594000,12,33580000,11,33595000,12,33579000,10,33596000,15,33578000,14,33597000,11,33577000,12,33598000,14
33591000,6,33593000,2,33590000,6,33594000,7,33589000,10,33595000,9,33588000,8,33596000,13,33587000,11,33597000,11,33586000,15,33598000,14,33585000,13,33599000,14,33584000,16,33600000,15,33583000,14,33601000,10,33582000,16,33602000,15
33590000,5,33591000,10,33589000,8,33592000,5,33588000,9,33593000,10,33587000,12,33594000,6,33586000,13,33595000,6,33585000,12,33596000,12,33584000,16,33597000,11,33583000,14,33598000,16,33582000,15,33599000,14,33581000,12,33600000,15
33586000,7,33587000,1,33585000,9,33588000,8,33584000,12,33589000,10,33583000,12,33590000,7,33582000,14,33591000,10,33581000,12,33592000,7,33580000,13,33593000,9,33579000,10,33594000,10,33578000,13,33595000,11,33577000,12,33596000,16
33583000,6,33585000,4,33582000,8,33586000,9,33581000,11,33587000,9,33580000,12,33588000,9,33579000,11,33589000,10,33578000,11,33590000,8,33577000,13,33591000,12,33576000,15,33592000,12,33575000,18,33593000,10,33574000,17,33594000,13
33584000,12,33586000,2,33583000,8,33587000,8,33582000,8,33588000,10,33581000,11,33589000,10,33580000,14,33590000,8,33579000,13,33591000,10,33578000,13,33592000,11,33577000,13,33593000,10,33576000,15,33594000,15,33575000,17,33595000,10
33589000,1,33590000,5,33588000,9,33591000,8,33587000,6,33592000,8,33586000,9,33593000,7,33585000,10,33594000,11,33584000,12,33595000,12,33583000,11,33596000,14,33582000,15,33597000,12,33581000,12,33598000,13,33580000,16,33599000,12
33591000,2,33592000,3,33590000,10,33593000,4,33589000,8,33594000,9,33588000,9,33595000,12,33587000,13,33596000,9,33586000,10,33597000,12,33585000,12,33598000,14,33584000,14,33599000,12,33583000,12,33600000,16,33582000,14,33601000,10
33592000,4,33594000,3,33591000,8,33595000,11,33590000,8,33596000,8,33589000,11,33597000,10,33588000,10,33598000,13,33587000,20,33599000,14,33586000,14,33600000,17,33585000,13,33601000,10,33584000,14,33602000,14,33583000,11,33603000,13
33592000,3,33594000,5,33591000,9,33595000,9,33590000,9,33596000,7,33589000,8,33597000,10,33588000,10,33598000,13,33587000,20,33599000,14,33586000,14,33600000,17,33585000,13,33601000,11,33584000,14,33602000,14,33583000,11,33603000,11
33593000,1,33594000,2,33592000,6,33595000,6,33591000,8,33596000,10,33590000,8,33597000,9,33589000,7,33598000,17,33588000,9,33599000,13,33587000,11,33600000,17,33586000,14,33601000,10,33585000,13,33602000,12,33584000,14,33603000,11
33592000,3,33594000,6,33591000,8,33595000,5,33590000,11,33596000,7,33589000,12,33597000,7,33588000,11,33598000,12,33587000,13,33599000,11,33586000,13,33600000,16,33585000,13,33601000,12,33584000,14,33602000,13,33583000,11,33603000,10
33593000,5,33595000,2,33592000,5,33596000,8,33591000,9,33597000,8,33590000,8,33598000,12,33589000,11,33599000,11,33588000,12,33600000,16,33587000,12,33601000,11,33586000,14,33602000,13,33585000,14,33603000,10,33584000,14,33604000,15
33591000,3,33592000,1,33590000,6,33593000,4,33589000,10,33594000,8,33588000,10,33595000,9,33587000,11,33596000,7,33586000,12,33597000,10,33585000,14,33598000,13,33584000,15,33599000,12,33583000,11,33600000,15,33582000,14,33601000,12
33594000,1,33595000,8,33593000,8,33596000,3,33592000,9,33597000,7,33591000,11,33598000,13,33590000,9,33599000,10,33589000,12,33600000,15,33588000,12,33601000,12,33587000,13,33602000,12,33586000,14,33603000,10,33585000,14,33604000,15
33592000,4,33593000,4,33591000,6,33594000,6,33590000,12,33595000,7,33589000,11,33596000,5,33588000,9,33597000,8,33587000,12,33598000,13,33586000,13,33599000,10,33585000,13,33600000,15,33584000,14,33601000,12,33583000,11,33602000,13
33594000,3,33595000,5,33593000,5,33596000,4,33592000,7,33597000,8,33591000,6,33598000,12,33590000,9,33599000,11,33589000,13,33600000,15,33588000,12,33601000,12,33587000,13,33602000,12,33586000,14,33603000,10,33585000,13,33604000,15
33592000,2,33593000,5,33591000,6,33594000,6,33590000,8,33595000,7,33589000,11,33596000,7,33588000,10,33597000,7,33587000,12,33598000,14,33586000,14,33599000,12,33585000,13,33600000,20,33584000,14,33601000,12,33583000,11,33602000,13
33592000,4,33594000,2,33591000,6,33595000,6,33590000,7,33596000,8,33589000,7,33597000,7,33588000,9,33598000,13,33587000,11,33599000,12,33586000,14,33600000,19,33585000,14,33601000,11,33584000,14,33602000,13,33583000,12,33603000,10
33591000,1,33592000,10,33590000,6,33593000,3,33589000,8,33594000,7,33588000,10,33595000,4,33587000,12,33596000,7,33586000,10,33597000,9,33585000,14,33598000,13,33584000,14,33599000,13,33583000,11,33600000,21,33582000,14,33601000,11
33588000,1,33589000,10,33587000,6,33590000,5,33586000,7,33591000,7,33585000,10,33592000,8,33584000,12,33593000,6,33583000,11,33594000,7,33582000,14,33595000,9,33581000,12,33596000,11,33580000,16,33597000,12,33579000,11,33598000,14
33591000,1,33592000,1,33590000,5,33593000,8,33589000,16,33594000,9,33588000,5,33595000,8,33587000,9,33596000,11,33586000,10,33597000,12,33585000,13,33598000,15,33584000,14,33599000,14,33583000,12,33600000,22,33582000,15,33601000,10
33590000,21,33591000,2,33589000,6,33592000,6,33588000,6,33593000,10,33587000,12,33594000,8,33586000,10,33595000,9,33585000,12,33596000,9,33584000,14,33597000,12,33583000,12,33598000,18,33582000,16,33599000,16,33581000,11,33600000,22
33592000,3,33593000,5,33591000,8,33594000,7,33590000,8,33595000,8,33589000,9,33596000,10,33588000,6,33597000,11,33587000,12,33598000,17,33586000,12,33599000,16,33585000,13,33600000,22,33584000,14,33601000,10,33583000,12,33602000,12
33594000,5,33596000,3,33593000,5,33597000,12,33592000,7,33598000,13,33591000,10,33599000,13,33590000,10,33600000,23,33589000,11,33601000,12,33588000,12,33602000,13,33587000,13,33603000,9,33586000,13,33604000,15,33585000,13,33605000,29
33598000,3,33599000,2,33597000,6,33600000,17,33596000,9,33601000,12,33595000,9,33602000,11,33594000,10,33603000,10,33593000,22,33604000,14,33592000,12,33605000,31,33591000,14,33606000,21,33590000,16,33607000,14,33589000,11,33608000,12
33597000,1,33598000,2,33596000,7,33599000,7,33595000,8,33600000,11,33594000,11,33601000,12,33593000,23,33602000,9,33592000,12,33603000,11,33591000,14,33604000,14,33590000,17,33605000,29,33589000,10,33606000,22,33588000,13,33607000,14
33593000,12,33594000,4,33592000,5,33595000,7,33591000,11,33596000,10,33590000,15,33597000,6,33589000,9,33598000,10,33588000,13,33599000,12,33587000,12,33600000,12,33586000,13,33601000,14,33585000,13,33602000,13,33584000,15,33603000,10
33592000,1,33593000,3,33591000,8,33594000,6,33590000,10,33595000,8,33589000,9,33596000,9,33588000,11,33597000,6,33587000,13,33598000,11,33586000,14,33599000,13,33585000,14,33600000,16,33584000,13,33601000,14,33583000,13,33602000,12
33592000,2,33593000,2,33591000,6,33594000,7,33590000,7,33595000,9,33589000,8,33596000,9,33588000,11,33597000,7,33587000,13,33598000,13,33586000,15,33599000,14,33585000,14,33600000,16,33584000,13,33601000,14,33583000,11,33602000,12
33589000,1,33590000,2,33588000,7,33591000,8,33587000,9,33592000,8,33586000,12,33593000,7,33585000,12,33594000,8,33584000,14,33595000,13,33583000,12,33596000,10,33582000,14,33597000,10,33581000,10,33598000,13,33580000,16,33599000,15
33586000,4,33587000,2,33585000,10,33588000,7,33584000,9,33589000,8,33583000,11,33590000,8,33582000,13,33591000,9,33581000,13,33592000,8,33580000,18,33593000,9,33579000,11,33594000,14,33578000,13,33595000,17,33577000,13,33596000,13
33588000,3,33590000,3,33587000,8,33591000,8,33586000,9,33592000,7,33585000,9,33593000,7,33584000,11,33594000,11,33583000,12,33595000,7,33582000,15,33596000,14,33581000,12,33597000,10,33580000,17,33598000,12,33579000,11,33599000,14
33587000,5,33589000,4,33586000,6,33590000,9,33585000,10,33591000,10,33584000,8,33592000,7,33583000,11,33593000,7,33582000,16,33594000,12,33581000,13,33595000,7,33580000,18,33596000,14,33579000,11,33597000,11,33578000,12,33598000,12
33589000,2,33590000,10,33588000,6,33591000,8,33587000,8,33592000,8,33586000,8,33593000,8,33585000,9,33594000,10,33584000,13,33595000,7,33583000,13,33596000,14,33582000,16,33597000,10,33581000,12,33598000,12,33580000,18,33599000,14
33587000,2,33589000,4,33586000,11,33590000,5,33585000,13,33591000,8,33584000,11,33592000,9,33583000,11,33593000,9,33582000,15,33594000,13,33581000,12,33595000,8,33580000,18,33596000,14,33579000,11,33597000,11,33578000,12,33598000,12
33584000,4,33586000,6,33583000,10,33587000,10,33582000,13,33588000,9,33581000,12,33589000,7,33580000,16,33590000,11,33579000,12,33591000,12,33578000,13,33592000,15,33577000,13,33593000,14,33576000,15,33594000,13,33575000,18,33595000,6
33581000,2,33583000,4,33580000,13,33584000,8,33579000,8,33585000,9,33578000,12,33586000,6,33577000,12,33587000,8,33576000,15,33588000,10,33575000,18,33589000,11,33574000,16,33590000,14,33573000,13,33591000,13,33572000,15,33592000,14
33578000,6,33580000,2,33577000,11,33581000,6,33576000,15,33582000,7,33575000,17,33583000,7,33574000,15,33584000,8,33573000,14,33585000,12,33572000,15,33586000,11,33571000,11,33587000,11,33570000,19,33588000,14,33569000,12,33589000,11
33579000,2,33580000,3,33578000,8,33581000,8,33577000,11,33582000,8,33576000,14,33583000,9,33575000,17,33584000,10,33574000,16,33585000,15,33573000,14,33586000,12,33572000,16,33587000,12,33571000,12,33588000,14,33570000,19,33589000,10
33578000,6,33580000,1,33577000,10,33581000,8,33576000,14,33582000,8,33575000,18,33583000,9,33574000,15,33584000,10,33573000,14,33585000,13,33572000,15,33586000,11,33571000,12,33587000,12,33570000,19,33588000,14,33569000,12,33589000,10
33579000,4,33581000,4,33578000,7,33582000,8,33577000,11,33583000,9,33576000,14,33584000,10,33575000,17,33585000,12,33574000,16,33586000,11,33573000,14,33587000,12,33572000,15,33588000,14,33571000,12,33589000,10,33570000,19,33590000,13
33577000,3,33578000,1,33576000,13,33579000,5,33575000,16,33580000,9,33574000,13,33581000,6,33573000,13,33582000,7,33572000,15,33583000,8,33571000,12,33584000,13,33570000,19,33585000,15,33569000,11,33586000,13,33568000,11,33587000,10
33576000,7,33578000,2,33575000,16,33579000,5,33574000,14,33580000,10,33573000,12,33581000,7,33572000,13,33582000,8,33571000,12,33583000,11,33570000,20,33584000,14,33569000,11,33585000,16,33568000,12,33586000,12,33567000,14,33587000,10
33576000,3,33577000,1,33575000,7,33578000,5,33574000,6,33579000,7,33573000,8,33580000,11,33572000,13,33581000,13,33571000,12,33582000,14,33570000,19,33583000,13,33569000,12,33584000,16,33568000,13,33585000,15,33567000,14,33586000,14
33579000,3,33580000,1,33578000,6,33581000,4,33577000,6,33582000,12,33576000,8,33583000,10,33575000,7,33584000,14,33574000,9,33585000,17,33573000,13,33586000,15,33572000,16,33587000,10,33571000,13,33588000,15,33570000,19,33589000,10
33577000,1,33578000,1,33576000,5,33579000,6,33575000,5,33580000,17,33574000,8,33581000,7,33573000,11,33582000,16,33572000,14,33583000,11,33571000,13,33584000,17,33570000,19,33585000,16,33569000,11,33586000,15,33568000,12,33587000,11
33573000,3,33574000,1,33572000,10,33575000,6,33571000,10,33576000,7,33570000,16,33577000,6,33569000,11,33578000,9,33568000,12,33579000,10,33567000,14,33580000,14,33566000,14,33581000,12,33565000,11,33582000,18,33564000,15,33583000,12
33571000,1,33572000,3,33570000,12,33573000,5,33569000,7,33574000,7,33568000,11,33575000,6,33567000,14,33576000,9,33566000,14,33577000,10,33565000,13,33578000,9,33564000,14,33579000,13,33563000,11,33580000,14,33562000,11,33581000,12
33568000,1,33569000,3,33567000,8,33570000,4,33566000,13,33571000,7,33565000,9,33572000,8,33564000,13,33573000,10,33563000,12,33574000,12,33562000,13,33575000,13,33561000,12,33576000,13,33560000,16,33577000,10,33559000,9,33578000,10
33567000,3,33569000,4,33566000,10,33570000,6,33565000,6,33571000,8,33564000,7,33572000,7,33563000,11,33573000,9,33562000,12,33574000,12,33561000,13,33575000,14,33560000,17,33576000,13,33559000,10,33577000,10,33558000,14,33578000,11
33567000,1,33568000,1,33566000,9,33569000,6,33565000,7,33570000,5,33564000,9,33571000,6,33563000,12,33572000,7,33562000,12,33573000,11,33561000,13,33574000,12,33560000,17,33575000,14,33559000,10,33576000,15,33558000,14,33577000,11
33565000,4,33567000,3,33564000,5,33568000,8,33563000,8,33569000,7,33562000,9,33570000,8,33561000,15,33571000,9,33560000,16,33572000,11,33559000,11,33573000,14,33558000,15,33574000,15,33557000,10,33575000,13,33556000,12,33576000,16
33566000,8,33568000,1,33565000,5,33569000,5,33564000,7,33570000,8,33563000,10,33571000,9,33562000,10,33572000,12,33561000,17,33573000,14,33560000,17,33574000,15,33559000,11,33575000,13,33558000,16,33576000,16,33557000,10,33577000,10
33570000,3,33571000,1,33569000,6,33572000,6,33568000,6,33573000,8,33567000,6,33574000,9,33566000,11,33575000,13,33565000,9,33576000,16,33564000,13,33577000,11,33563000,11,33578000,11,33562000,12,33579000,12,33561000,15,33580000,15
33573000,4,33574000,2,33572000,7,33575000,5,33571000,6,33576000,13,33570000,7,33577000,10,33569000,8,33578000,13,33568000,9,33579000,12,33567000,11,33580000,15,33566000,12,33581000,11,33565000,12,33582000,20,33564000,13,33583000,12
33574000,4,33576000,2,33573000,5,33577000,9,33572000,5,33578000,12,33571000,7,33579000,11,33570000,8,33580000,16,33569000,10,33581000,12,33568000,11,33582000,21,33567000,11,33583000,12,33566000,12,33584000,13,33565000,12,33585000,18
33579000,4,33580000,2,33578000,8,33581000,9,33577000,8,33582000,21,33576000,8,33583000,11,33575000,7,33584000,12,33574000,10,33585000,15,33573000,11,33586000,15,33572000,12,33587000,9,33571000,12,33588000,13,33570000,11,33589000,7
33576000,4,33578000,3,33575000,6,33579000,8,33574000,6,33580000,6,33573000,5,33581000,9,33572000,8,33582000,15,33571000,12,33583000,14,33570000,12,33584000,17,33569000,11,33585000,16,33568000,12,33586000,15,33567000,10,33587000,9
33576000,1,33578000,6,33575000,5,33579000,9,33574000,6,33580000,6,33573000,5,33581000,9,33572000,8,33582000,15,33571000,11,33583000,14,33570000,12,33584000,17,33569000,11,33585000,16,33568000,12,33586000,15,33567000,10,33587000,9
33576000,3,33577000,1,33575000,5,33578000,6,33574000,6,33579000,12,33573000,8,33580000,12,33572000,7,33581000,11,33571000,10,33582000,18,33570000,12,33583000,13,33569000,14,33584000,17,33568000,13,33585000,14,33567000,11,33586000,14
33580000,4,33582000,11,33579000,5,33583000,11,33578000,6,33584000,14,33577000,8,33585000,12,33576000,9,33586000,14,33575000,10,33587000,10,33574000,12,33588000,14,33573000,14,33589000,8,33572000,14,33590000,11,33571000,13,33591000,17
33583000,3,33585000,12,33582000,5,33586000,13,33581000,9,33587000,7,33580000,5,33588000,13,33579000,6,33589000,9,33578000,10,33590000,11,33577000,14,33591000,15,33576000,14,33592000,13,33575000,12,33593000,10,33574000,16,33594000,16
33588000,1,33589000,4,33587000,1,33590000,10,33586000,6,33591000,13,33585000,7,33592000,14,33584000,9,33593000,10,33583000,7,33594000,13,33582000,7,33595000,8,33581000,10,33596000,12,33580000,11,33597000,10,33579000,9,33598000,12
33585000,5,33586000,3,33584000,8,33587000,6,33583000,4,33588000,10,33582000,8,33589000,7,33581000,9,33590000,9,33580000,11,33591000,14,33579000,9,33592000,17,33578000,9,33593000,11,33577000,11,33594000,14,33576000,16,33595000,8
33589000,3,33591000,10,33588000,6,33592000,10,33587000,6,33593000,10,33586000,8,33594000,12,33585000,16,33595000,9,33584000,7,33596000,14,33583000,7,33597000,10,33582000,11,33598000,13,33581000,12,33599000,11,33580000,12,33600000,22
33592000,1,33593000,2,33591000,5,33594000,10,33590000,6,33595000,9,33589000,6,33596000,12,33588000,10,33597000,11,33587000,10,33598000,14,33586000,12,33599000,16,33585000,22,33600000,19,33584000,12,33601000,11,33583000,12,33602000,20
33594000,1,33595000,5,33593000,4,33596000,9,33592000,7,33597000,10,33591000,12,33598000,12,33590000,6,33599000,15,33589000,9,33600000,20,33588000,14,33601000,12,33587000,14,33602000,21,33586000,14,33603000,12,33585000,21,33604000,14
33592000,3,33594000,4,33591000,11,33595000,10,33590000,9,33596000,7,33589000,8,33597000,8,33588000,13,33598000,11,33587000,13,33599000,14,33586000,15,33600000,19,33585000,22,33601000,17,33584000,11,33602000,14,33583000,9,33603000,12
33589000,2,33591000,5,33588000,9,33592000,8,33587000,8,33593000,8,33586000,11,33594000,6,33585000,22,33595000,11,33584000,11,33596000,13,33583000,10,33597000,12,33582000,14,33598000,13,33581000,10,33599000,13,33580000,13,33600000,26
33590000,6,33592000,1,33589000,9,33593000,9,33588000,10,33594000,8,33587000,8,33595000,12,33586000,10,33596000,12,33585000,22,33597000,12,33584000,13,33598000,13,33583000,10,33599000,13,33582000,14,33600000,26,33581000,10,33601000,15
33594000,1,33595000,4,33593000,8,33596000,8,33592000,9,33597000,8,33591000,10,33598000,10,33590000,8,33599000,11,33589000,8,33600000,26,33588000,14,33601000,16,33587000,13,33602000,13,33586000,15,33603000,11,33585000,23,33604000,13
33592000,6,33594000,3,33591000,7,33595000,6,33590000,8,33596000,9,33589000,7,33597000,9,33588000,14,33598000,11,33587000,12,33599000,13,33586000,18,33600000,28,33585000,23,33601000,16,33584000,13,33602000,14,33583000,9,33603000,11
33588000,3,33589000,4,33587000,5,33590000,9,33586000,13,33591000,10,33585000,20,33592000,11,33584000,11,33593000,15,33583000,12,33594000,9,33582000,14,33595000,15,33581000,10,33596000,14,33580000,14,33597000,13,33579000,11,33598000,14
33585000,11,33587000,9,33584000,10,33588000,9,33583000,11,33589000,9,33582000,15,33590000,13,33581000,12,33591000,11,33580000,14,33592000,13,33579000,11,33593000,18,33578000,12,33594000,11,33577000,10,33595000,12,33576000,15,33596000,14
33581000,3,33582000,1,33580000,9,33583000,4,33579000,12,33584000,7,33578000,13,33585000,9,33577000,11,33586000,11,33576000,15,33587000,12,33575000,10,33588000,14,33574000,13,33589000,14,33573000,12,33590000,16,33572000,12,33591000,14
33579000,5,33581000,4,33578000,8,33582000,8,33577000,8,33583000,9,33576000,13,33584000,11,33575000,10,33585000,13,33574000,13,33586000,16,33573000,12,33587000,14,33572000,11,33588000,14,33571000,9,33589000,13,33570000,17,33590000,17
33576000,7,33578000,4,33575000,7,33579000,9,33574000,11,33580000,13,33573000,10,33581000,10,33572000,11,33582000,13,33571000,11,33583000,15,33570000,17,33584000,14,33569000,10,33585000,14,33568000,11,33586000,17,33567000,9,33587000,12
33572000,7,33574000,3,33571000,9,33575000,6,33570000,16,33576000,8,33569000,9,33577000,9,33568000,9,33578000,11,33567000,11,33579000,12,33566000,13,33580000,17,33565000,14,33581000,14,33564000,15,33582000,14,33563000,13,33583000,14
33575000,1,33576000,3,33574000,6,33577000,10,33573000,7,33578000,9,33572000,13,33579000,10,33571000,9,33580000,13,33570000,17,33581000,14,33569000,10,33582000,14,33568000,14,33583000,13,33567000,10,33584000,14,33566000,13,33585000,14
33578000,3,33579000,2,33577000,6,33580000,10,33576000,9,33581000,12,33575000,6,33582000,10,33574000,8,33583000,14,33573000,9,33584000,13,33572000,16,33585000,15,33571000,13,33586000,16,33570000,18,33587000,12,33569000,10,33588000,16
33577000,4,33579000,3,33576000,9,33580000,8,33575000,6,33581000,9,33574000,8,33582000,9,33573000,9,33583000,14,33572000,17,33584000,13,33571000,13,33585000,15,33570000,17,33586000,17,33569000,10,33587000,12,33568000,13,33588000,14
33577000,8,33579000,6,33576000,5,33580000,11,33575000,6,33581000,10,33574000,7,33582000,10,33573000,9,33583000,15,33572000,16,33584000,18,33571000,12,33585000,15,33570000,17,33586000,17,33569000,10,33587000,12,33568000,13,33588000,14
33582000,7,33583000,10,33581000,1,33584000,14,33580000,6,33585000,12,33579000,8,33586000,16,33578000,10,33587000,13,33577000,8,33588000,17,33576000,12,33589000,12,33575000,13,33590000,15,33574000,15,33591000,15,33573000,12,33592000,13
33579000,3,33581000,6,33578000,9,33582000,8,33577000,7,33583000,8,33576000,9,33584000,14,33575000,13,33585000,11,33574000,15,33586000,18,33573000,12,33587000,13,33572000,19,33588000,15,33571000,13,33589000,13,33570000,15,33590000,15
33580000,3,33582000,6,33579000,4,33583000,7,33578000,5,33584000,14,33577000,7,33585000,12,33576000,10,33586000,16,33575000,14,33587000,13,33574000,16,33588000,16,33573000,12,33589000,12,33572000,20,33590000,15,33571000,13,33591000,15
33584000,4,33586000,5,33583000,6,33587000,11,33582000,4,33588000,13,33581000,10,33589000,12,33580000,9,33590000,15,33579000,10,33591000,14,33578000,13,33592000,16,33577000,10,33593000,18,33576000,12,33594000,12,33575000,13,33595000,8
33584000,3,33586000,5,33583000,6,33587000,8,33582000,4,33588000,12,33581000,10,33589000,11,33580000,9,33590000,16,33579000,10,33591000,15,33578000,13,33592000,17,33577000,10,33593000,18,33576000,12,33594000,12,33575000,13,33595000,9
33583000,6,33585000,3,33582000,6,33586000,8,33581000,10,33587000,7,33580000,7,33588000,12,33579000,8,33589000,14,33578000,12,33590000,16,33577000,11,33591000,15,33576000,13,33592000,17,33575000,13,33593000,18,33574000,14,33594000,12
33583000,1,33584000,1,33582000,5,33585000,8,33581000,10,33586000,9,33580000,9,33587000,9,33579000,8,33588000,15,33578000,11,33589000,16,33577000,12,33590000,15,33576000,12,33591000,15,33575000,13,33592000,16,33574000,14,33593000,17
33586000,4,33588000,3,33585000,9,33589000,8,33584000,5,33590000,11,33583000,6,33591000,14,33582000,8,33592000,16,33581000,14,33593000,18,33580000,15,33594000,16,33579000,12,33595000,9,33578000,14,33596000,12,33577000,9,33597000,11
33585000,1,33586000,2,33584000,6,33587000,5,33583000,6,33588000,5,33582000,9,33589000,6,33581000,13,33590000,9,33580000,13,33591000,12,33579000,14,33592000,15,33578000,14,33593000,18,33577000,9,33594000,13,33576000,15,33595000,10
33588000,2,33589000,1,33587000,3,33590000,6,33586000,6,33591000,12,33585000,7,33592000,13,33584000,7,33593000,14,33583000,11,33594000,14,33582000,11,33595000,11,33581000,14,33596000,14,33580000,20,33597000,10,33579000,13,33598000,14
33591000,3,33592000,3,33590000,10,33593000,9,33589000,9,33594000,9,33588000,10,33595000,10,33587000,6,33596000,12,33586000,10,33597000,13,33585000,14,33598000,16,33584000,14,33599000,17,33583000,17,33600000,26,33582000,12,33601000,14
33594000,3,33595000,6,33593000,6,33596000,7,33592000,7,33597000,11,33591000,10,33598000,12,33590000,6,33599000,16,33589000,12,33600000,27,33588000,15,33601000,16,33587000,13,33602000,15,33586000,14,33603000,13,33585000,13,33604000,12
33598000,1,33599000,14,33597000,3,33600000,17,33596000,8,33601000,14,33595000,7,33602000,15,33594000,6,33603000,13,33593000,10,33604000,15,33592000,10,33605000,11,33591000,15,33606000,11,33590000,15,33607000,10,33589000,14,33608000,9
33595000,2,33596000,2,33594000,7,33597000,6,33593000,9,33598000,11,33592000,17,33599000,15,33591000,15,33600000,20,33590000,13,33601000,15,33589000,13,33602000,18,33588000,16,33603000,12,33587000,11,33604000,14,33586000,14,33605000,12
33592000,4,33594000,7,33591000,8,33595000,6,33590000,8,33596000,8,33589000,14,33597000,9,33588000,15,33598000,11,33587000,13,33599000,18,33586000,14,33600000,23,33585000,14,33601000,15,33584000,15,33602000,17,33583000,15,33603000,11
33590000,3,33592000,5,33589000,8,33593000,6,33588000,13,33594000,9,33587000,11,33595000,9,33586000,15,33596000,13,33585000,15,33597000,14,33584000,16,33598000,15,33583000,16,33599000,18,33582000,13,33600000,22,33581000,10,33601000,15
33592000,2,33593000,1,33591000,5,33594000,6,33590000,6,33595000,8,33589000,7,33596000,12,33588000,12,33597000,16,33587000,13,33598000,15,33586000,16,33599000,16,33585000,15,33600000,23,33584000,16,33601000,10,33583000,15,33602000,14
33588000,5,33589000,4,33587000,2,33590000,8,33586000,8,33591000,9,33585000,15,33592000,9,33584000,15,33593000,10,33583000,18,33594000,12,33582000,14,33595000,15,33581000,12,33596000,18,33580000,21,33597000,14,33579000,15,33598000,15
33585000,4,33587000,3,33584000,8,33588000,6,33583000,10,33589000,8,33582000,14,33590000,10,33581000,15,33591000,15,33580000,22,33592000,15,33579000,16,33593000,11,33578000,15,33594000,15,33577000,8,33595000,13,33576000,14,33596000,15
33582000,2,33584000,4,33581000,9,33585000,8,33580000,19,33586000,8,33579000,11,33587000,10,33578000,14,33588000,11,33577000,11,33589000,16,33576000,11,33590000,16,33575000,10,33591000,15,33574000,12,33592000,15,33573000,11,33593000,11
33584000,5,33585000,2,33583000,9,33586000,2,33582000,9,33587000,9,33581000,9,33588000,9,33580000,19,33589000,15,33579000,13,33590000,15,33578000,15,33591000,16,33577000,12,33592000,16,33576000,13,33593000,11,33575000,10,33594000,15
33582000,3,33584000,4,33581000,9,33585000,7,33580000,19,33586000,7,33579000,10,33587000,9,33578000,14,33588000,12,33577000,13,33589000,15,33576000,13,33590000,15,33575000,10,33591000,15,33574000,12,33592000,15,33573000,10,33593000,11
33582000,2,33584000,4,33581000,6,33585000,9,33580000,16,33586000,7,33579000,13,33587000,9,33578000,15,33588000,13,33577000,16,33589000,15,33576000,12,33590000,15,33575000,10,33591000,15,33574000,12,33592000,14,33573000,10,33593000,11
33581000,1,33582000,2,33580000,10,33583000,9,33579000,11,33584000,9,33578000,12,33585000,18,33577000,15,33586000,13,33576000,13,33587000,11,33575000,12,33588000,14,33574000,13,33589000,14,33573000,10,33590000,15,33572000,19,33591000,15
33578000,1,33579000,4,33577000,7,33580000,10,33576000,10,33581000,9,33575000,10,33582000,7,33574000,14,33583000,10,33573000,12,33584000,13,33572000,19,33585000,22,33571000,13,33586000,16,33570000,18,33587000,11,33569000,9,33588000,13
33575000,5,33577000,2,33574000,8,33578000,7,33573000,11,33579000,10,33572000,17,33580000,12,33571000,14,33581000,14,33570000,18,33582000,14,33569000,11,33583000,13,33568000,14,33584000,14,33567000,9,33585000,21,33566000,16,33586000,15
33572000,8,33574000,5,33571000,9,33575000,9,33570000,16,33576000,11,33569000,10,33577000,10,33568000,13,33578000,12,33567000,12,33579000,14,33566000,16,33580000,18,33565000,16,33581000,13,33564000,15,33582000,13,33563000,11,33583000,11
33573000,6,33575000,5,33572000,8,33576000,12,33571000,9,33577000,11,33570000,16,33578000,11,33569000,10,33579000,12,33568000,15,33580000,16,33567000,12,33581000,13,33566000,14,33582000,14,33565000,17,33583000,11,33564000,15,33584000,13
33576000,4,33578000,6,33575000,5,33579000,11,33574000,7,33580000,12,33573000,8,33581000,12,33572000,8,33582000,12,33571000,14,33583000,12,33570000,17,33584000,15,33569000,12,33585000,18,33568000,15,33586000,14,33567000,11,33587000,11
33575000,3,33577000,4,33574000,8,33578000,7,33573000,9,33579000,8,33572000,11,33580000,10,33571000,12,33581000,9,33570000,16,33582000,14,33569000,12,33583000,12,33568000,14,33584000,15,33567000,10,33585000,13,33566000,14,33586000,14
33579000,1,33580000,3,33578000,4,33581000,8,33577000,7,33582000,9,33576000,7,33583000,11,33575000,6,33584000,12,33574000,9,33585000,13,33573000,15,33586000,16,33572000,13,33587000,11,33571000,13,33588000,13,33570000,17,33589000,14
33576000,1,33578000,4,33575000,8,33579000,9,33574000,9,33580000,10,33573000,11,33581000,11,33572000,11,33582000,12,33571000,12,33583000,12,33570000,15,33584000,15,33569000,12,33585000,11,33568000,14,33586000,15,33567000,10,33587000,11
33578000,4,33579000,1,33577000,6,33580000,7,33576000,6,33581000,8,33575000,7,33582000,9,33574000,8,33583000,11,33573000,13,33584000,13,33572000,14,33585000,13,33571000,13,33586000,16,33570000,17,33587000,10,33569000,11,33588000,13
33576000,2,33578000,4,33575000,6,33579000,8,33574000,8,33580000,10,33573000,12,33581000,10,33572000,12,33582000,11,33571000,13,33583000,13,33570000,17,33584000,15,33569000,11,33585000,12,33568000,14,33586000,15,33567000,11,33587000,10
33577000,2,33579000,8,33576000,5,33580000,10,33575000,6,33581000,9,33574000,8,33582000,14,33573000,10,33583000,12,33572000,12,33584000,14,33571000,12,33585000,11,33570000,17,33586000,14,33569000,11,33587000,10,33568000,14,33588000,13
33574000,10,33576000,3,33573000,7,33577000,5,33572000,10,33578000,8,33571000,12,33579000,7,33570000,14,33580000,10,33569000,12,33581000,12,33568000,15,33582000,14,33567000,11,33583000,15,33566000,14,33584000,15,33565000,16,33585000,11
33578000,1,33579000,3,33577000,14,33580000,10,33576000,7,33581000,12,33575000,7,33582000,12,33574000,7,33583000,14,33573000,10,33584000,13,33572000,14,33585000,11,33571000,13,33586000,16,33570000,17,33587000,10,33569000,11,33588000,13
33581000,5,33583000,10,33580000,6,33584000,10,33579000,6,33585000,10,33578000,8,33586000,15,33577000,6,33587000,11,33576000,11,33588000,14,33575000,13,33589000,15,33574000,15,33590000,14,33573000,14,33591000,16,33572000,15,33592000,13
33585000,4,33586000,4,33584000,6,33587000,8,33583000,8,33588000,11,33582000,7,33589000,13,33581000,6,33590000,14,33580000,10,33591000,18,33579000,12,33592000,16,33578000,14,33593000,12,33577000,11,33594000,13,33576000,13,33595000,9
33583000,4,33585000,6,33582000,5,33586000,10,33581000,6,33587000,8,33580000,10,33588000,11,33579000,10,33589000,13,33578000,12,33590000,15,33577000,11,33591000,18,33576000,13,33592000,15,33575000,11,33593000,12,33574000,14,33594000,13
33580000,10,33582000,3,33579000,4,33583000,8,33578000,10,33584000,9,33577000,10,33585000,10,33576000,11,33586000,10,33575000,13,33587000,12,33574000,15,33588000,16,33573000,15,33589000,15,33572000,16,33590000,15,33571000,10,33591000,16
33582000,3,33583000,2,33581000,6,33584000,7,33580000,11,33585000,9,33579000,5,33586000,9,33578000,9,33587000,13,33577000,11,33588000,15,33576000,11,33589000,15,33575000,13,33590000,16,33574000,15,33591000,15,33573000,14,33592000,16
33580000,7,33582000,4,33579000,6,33583000,7,33578000,8,33584000,10,33577000,8,33585000,11,33576000,10,33586000,10,33575000,13,33587000,13,33574000,15,33588000,14,33573000,15,33589000,15,33572000,16,33590000,15,33571000,10,33591000,16
33583000,1,33584000,4,33582000,4,33585000,7,33581000,6,33586000,11,33580000,7,33587000,12,33579000,6,33588000,13,33578000,9,33589000,15,33577000,13,33590000,16,33576000,14,33591000,15,33575000,13,33592000,16,33574000,15,33593000,10
33584000,4,33586000,1,33583000,7,33587000,10,33582000,7,33588000,11,33581000,10,33589000,14,33580000,9,33590000,15,33579000,14,33591000,17,33578000,14,33592000,16,33577000,12,33593000,12,33576000,13,33594000,13,33575000,11,33595000,9
33588000,2,33589000,4,33587000,4,33590000,11,33586000,5,33591000,15,33585000,10,33592000,12,33584000,7,33593000,9,33583000,10,33594000,15,33582000,13,33595000,13,33581000,15,33596000,14,33580000,13,33597000,13,33579000,12,33598000,11
33585000,2,33586000,1,33584000,7,33587000,5,33583000,5,33588000,9,33582000,10,33589000,9,33581000,14,33590000,12,33580000,12,33591000,15,33579000,14,33592000,21,33578000,15,33593000,15,33577000,11,33594000,14,33576000,14,33595000,16
33587000,7,33589000,1,33586000,7,33590000,8,33585000,10,33591000,12,33584000,7,33592000,20,33583000,9,33593000,13,33582000,12,33594000,15,33581000,15,33595000,15,33580000,22,33596000,15,33579000,13,33597000,12,33578000,14,33598000,12
33585000,1,33586000,2,33584000,8,33587000,5,33583000,6,33588000,5,33582000,9,33589000,8,33581000,15,33590000,11,33580000,11,33591000,14,33579000,14,33592000,21,33578000,15,33593000,15,33577000,11,33594000,16,33576000,14,33595000,16
33583000,4,33585000,4,33582000,6,33586000,5,33581000,8,33587000,7,33580000,11,33588000,11,33579000,13,33589000,12,33578000,13,33590000,13,33577000,13,33591000,16,33576000,15,33592000,21,33575000,12,33593000,15,33574000,14,33594000,13
33585000,38,33586000,6,33584000,3,33587000,8,33583000,5,33588000,10,33582000,5,33589000,13,33581000,7,33590000,13,33580000,9,33591000,14,33579000,12,33592000,21,33578000,13,33593000,14,33577000,12,33594000,13,33576000,16,33595000,13
33588000,1,33589000,1,33587000,4,33590000,8,33586000,6,33591000,10,33585000,42,33592000,19,33584000,8,33593000,13,33583000,11,33594000,24,33582000,11,33595000,14,33581000,16,33596000,14,33580000,15,33597000,12,33579000,13,33598000,12
33586000,3,33588000,5,33585000,42,33589000,4,33584000,7,33590000,7,33583000,9,33591000,11,33582000,11,33592000,22,33581000,16,33593000,15,33580000,14,33594000,25,33579000,14,33595000,14,33578000,13,33596000,14,33577000,11,33597000,12
33588000,3,33589000,2,33587000,8,33590000,6,33586000,9,33591000,12,33585000,15,33592000,16,33584000,8,33593000,16,33583000,11,33594000,25,33582000,14,33595000,15,33581000,17,33596000,15,33580000,16,33597000,13,33579000,14,33598000,13
33590000,4,33592000,13,33589000,8,33593000,14,33588000,8,33594000,13,33587000,10,33595000,12,33586000,11,33596000,15,33585000,22,33597000,15,33584000,14,33598000,15,33583000,15,33599000,10,33582000,15,33600000,23,33581000,15,33601000,10
33589000,1,33590000,4,33588000,7,33591000,8,33587000,10,33592000,10,33586000,9,33593000,14,33585000,21,33594000,15,33584000,13,33595000,14,33583000,15,33596000,16,33582000,15,33597000,15,33581000,14,33598000,14,33580000,15,33599000,10
33586000,4,33588000,4,33585000,15,33589000,6,33584000,7,33590000,8,33583000,11,33591000,13,33582000,15,33592000,16,33581000,16,33593000,10,33580000,16,33594000,20,33579000,14,33595000,13,33578000,14,33596000,14,33577000,12,33597000,13
33589000,1,33590000,1,33588000,6,33591000,10,33587000,6,33592000,10,33586000,7,33593000,7,33585000,18,33594000,19,33584000,10,33595000,11,33583000,15,33596000,15,33582000,16,33597000,13,33581000,15,33598000,13,33580000,16,33599000,10
33587000,2,33588000,3,33586000,3,33589000,6,33585000,13,33590000,9,33584000,7,33591000,14,33583000,11,33592000,15,33582000,15,33593000,11,33581000,16,33594000,19,33580000,16,33595000,12,33579000,14,33596000,14,33578000,14,33597000,13
33586000,5,33588000,5,33585000,16,33589000,5,33584000,7,33590000,12,33583000,7,33591000,15,33582000,13,33592000,14,33581000,16,33593000,11,33580000,16,33594000,19,33579000,15,33595000,12,33578000,14,33596000,14,33577000,12,33597000,13
33585000,2,33586000,2,33584000,10,33587000,11,33583000,5,33588000,12,33582000,5,33589000,12,33581000,10,33590000,16,33580000,13,33591000,18,33579000,13,33592000,17,33578000,16,33593000,11,33577000,16,33594000,14,33576000,15,33595000,11
33588000,1,33589000,1,33587000,6,33590000,12,33586000,5,33591000,12,33585000,8,33592000,12,33584000,14,33593000,10,33583000,11,33594000,16,33582000,14,33595000,11,33581000,14,33596000,14,33580000,17,33597000,13,33579000,14,33598000,13
33590000,3,33592000,7,33589000,6,33593000,5,33588000,5,33594000,14,33587000,6,33595000,9,33586000,9,33596000,13,33585000,12,33597000,15,33584000,21,33598000,15,33583000,15,33599000,10,33582000,13,33600000,23,33581000,14,33601000,10
33589000,2,33591000,7,33588000,6,33592000,7,33587000,5,33593000,9,33586000,10,33594000,13,33585000,11,33595000,9,33584000,19,33596000,13,33583000,13,33597000,14,33582000,13,33598000,13,33581000,12,33599000,10,33580000,14,33600000,22
33590000,3,33592000,4,33589000,6,33593000,6,33588000,8,33594000,13,33587000,6,33595000,11,33586000,6,33596000,12,33585000,13,33597000,14,33584000,21,33598000,14,33583000,16,33599000,9,33582000,14,33600000,22,33581000,13,33601000,9
33590000,2,33591000,3,33589000,4,33592000,9,33588000,5,33593000,13,33587000,7,33594000,14,33586000,10,33595000,10,33585000,14,33596000,13,33584000,21,33597000,14,33583000,15,33598000,14,33582000,13,33599000,10,33581000,12,33600000,22
33590000,4,33592000,4,33589000,4,33593000,6,33588000,10,33594000,13,33587000,8,33595000,12,33586000,8,33596000,12,33585000,13,33597000,14,33584000,21,33598000,14,33583000,14,33599000,9,33582000,14,33600000,22,33581000,21,33601000,9
33589000,1,33590000,4,33588000,6,33591000,7,33587000,7,33592000,9,33586000,8,33593000,9,33585000,13,33594000,13,33584000,21,33595000,11,33583000,14,33596000,13,33582000,15,33597000,13,33581000,20,33598000,14,33580000,15,33599000,10
33586000,5,33588000,5,33585000,10,33589000,11,33584000,17,33590000,8,33583000,13,33591000,12,33582000,12,33592000,10,33581000,22,33593000,12,33580000,17,33594000,19,33579000,12,33595000,14,33578000,14,33596000,13,33577000,13,33597000,12
33587000,4,33589000,5,33586000,4,33590000,9,33585000,4,33591000,14,33584000,12,33592000,11,33583000,12,33593000,11,33582000,11,33594000,19,33581000,22,33595000,15,33580000,16,33596000,13,33579000,13,33597000,11,33578000,14,33598000,12
33585000,4,33587000,1,33584000,12,33588000,9,33583000,10,33589000,6,33582000,10,33590000,9,33581000,22,33591000,14,33580000,15,33592000,13,33579000,13,33593000,12,33578000,14,33594000,20,33577000,13,33595000,15,33576000,15,33596000,12
33586000,4,33588000,6,33585000,6,33589000,7,33584000,13,33590000,13,33583000,11,33591000,14,33582000,9,33592000,12,33581000,23,33593000,12,33580000,15,33594000,19,33579000,13,33595000,15,33578000,14,33596000,12,33577000,13,33597000,11
33584000,11,33586000,1,33583000,10,33587000,6,33582000,8,33588000,9,33581000,22,33589000,9,33580000,13,33590000,11,33579000,13,33591000,13,33578000,15,33592000,13,33577000,13,33593000,13,33576000,15,33594000,18,33575000,11,33595000,15
33585000,4,33587000,4,33584000,7,33588000,8,33583000,5,33589000,10,33582000,9,33590000,12,33581000,17,33591000,12,33580000,12,33592000,13,33579000,12,33593000,13,33578000,16,33594000,20,33577000,14,33595000,14,33576000,15,33596000,12
33583000,2,33585000,4,33582000,7,33586000,7,33581000,16,33587000,8,33580000,9,33588000,11,33579000,11,33589000,11,33578000,15,33590000,12,33577000,14,33591000,13,33576000,17,33592000,14,33575000,12,33593000,13,33574000,14,33594000,17
33580000,3,33582000,7,33579000,8,33583000,28,33578000,10,33584000,8,33577000,12,33585000,10,33576000,17,33586000,12,33575000,14,33587000,11,33574000,15,33588000,18,33573000,14,33589000,11,33572000,14,33590000,15,33571000,9,33591000,12
33581000,2,33583000,25,33580000,8,33584000,7,33579000,7,33585000,12,33578000,9,33586000,16,33577000,11,33587000,12,33576000,14,33588000,19,33575000,13,33589000,12,33574000,16,33590000,13,33573000,15,33591000,13,33572000,15,33592000,12
33579000,1,33580000,4,33578000,8,33581000,6,33577000,9,33582000,8,33576000,12,33583000,9,33575000,14,33584000,15,33574000,14,33585000,14,33573000,15,33586000,15,33572000,15,33587000,12,33571000,10,33588000,17,33570000,15,33589000,12
33577000,2,33578000,5,33576000,8,33579000,9,33575000,6,33580000,10,33574000,12,33581000,8,33573000,15,33582000,12,33572000,15,33583000,14,33571000,11,33584000,18,33570000,16,33585000,13,33569000,11,33586000,14,33568000,15,33587000,12
33579000,2,33580000,3,33578000,6,33581000,7,33577000,7,33582000,9,33576000,6,33583000,14,33575000,7,33584000,17,33574000,12,33585000,13,33573000,14,33586000,15,33572000,17,33587000,11,33571000,11,33588000,16,33570000,17,33589000,11
33577000,6,33579000,2,33576000,5,33580000,9,33575000,7,33581000,7,33574000,12,33582000,10,33573000,14,33583000,15,33572000,16,33584000,16,33571000,11,33585000,15,33570000,17,33586000,15,33569000,11,33587000,11,33568000,14,33588000,16
33574000,7,33576000,2,33573000,12,33577000,6,33572000,12,33578000,18,33571000,9,33579000,9,33570000,17,33580000,14,33569000,13,33581000,14,33568000,16,33582000,15,33567000,10,33583000,15,33566000,14,33584000,16,33565000,15,33585000,14
33575000,2,33577000,4,33574000,9,33578000,16,33573000,9,33579000,8,33572000,11,33580000,12,33571000,9,33581000,15,33570000,17,33582000,15,33569000,13,33583000,15,33568000,16,33584000,17,33567000,10,33585000,14,33566000,13,33586000,13
33574000,1,33576000,4,33573000,5,33577000,7,33572000,8,33578000,17,33571000,7,33579000,12,33570000,18,33580000,16,33569000,12,33581000,14,33568000,16,33582000,15,33567000,11,33583000,15,33566000,13,33584000,14,33565000,16,33585000,14
33576000,3,33578000,14,33575000,12,33579000,8,33574000,6,33580000,16,33573000,11,33581000,13,33572000,8,33582000,16,33571000,8,33583000,13,33570000,17,33584000,15,33569000,12,33585000,14,33568000,15,33586000,13,33567000,12,33587000,12
33573000,12,33575000,3,33572000,7,33576000,7,33571000,9,33577000,8,33570000,15,33578000,19,33569000,12,33579000,12,33568000,15,33580000,18,33567000,12,33581000,13,33566000,13,33582000,16,33565000,16,33583000,14,33564000,15,33584000,14
33576000,1,33577000,3,33575000,5,33578000,16,33574000,9,33579000,9,33573000,11,33580000,15,33572000,7,33581000,14,33571000,10,33582000,16,33570000,16,33583000,13,33569000,12,33584000,15,33568000,16,33585000,14,33567000,12,33586000,13
33573000,7,33574000,1,33572000,5,33575000,8,33571000,9,33576000,11,33570000,13,33577000,10,33569000,12,33578000,20,33568000,15,33579000,11,33567000,12,33580000,17,33566000,14,33581000,13,33565000,16,33582000,16,33564000,15,33583000,14
33576000,3,33577000,1,33575000,6,33578000,16,33574000,6,33579000,7,33573000,6,33580000,30,33572000,32,33581000,14,33571000,8,33582000,17,33570000,17,33583000,15,33569000,13,33584000,15,33568000,14,33585000,14,33567000,12,33586000,14
33574000,1,33575000,2,33573000,7,33576000,5,33572000,28,33577000,5,33571000,7,33578000,18,33570000,15,33579000,12,33569000,13,33580000,36,33568000,15,33581000,13,33567000,12,33582000,17,33566000,13,33583000,14,33565000,17,33584000,14
33572000,26,33574000,5,33571000,6,33575000,8,33570000,11,33576000,8,33569000,10,33577000,10,33568000,14,33578000,21,33567000,12,33579000,13,33566000,15,33580000,34,33565000,17,33581000,13,33564000,15,33582000,17,33563000,14,33583000,14
33567000,6,33568000,1,33566000,8,33569000,2,33565000,17,33570000,15,33564000,14,33571000,7,33563000,15,33572000,11,33562000,13,33573000,17,33561000,13,33574000,13,33560000,17,33575000,12,33559000,9,33576000,14,33558000,15,33577000,14
33566000,2,33568000,4,33565000,14,33569000,8,33564000,13,33570000,16,33563000,12,33571000,9,33562000,11,33572000,14,33561000,14,33573000,18,33560000,19,33574000,15,33559000,11,33575000,13,33558000,14,33576000,16,33557000,13,33577000,14
33568000,1,33569000,3,33567000,4,33570000,11,33566000,7,33571000,10,33565000,9,33572000,12,33564000,5,33573000,17,33563000,11,33574000,16,33562000,11,33575000,13,33561000,15,33576000,16,33560000,19,33577000,13,33559000,11,33578000,25
33565000,5,33567000,1,33564000,6,33568000,6,33563000,7,33569000,11,33562000,8,33570000,12,33561000,14,33571000,10,33560000,17,33572000,12,33559000,12,33573000,18,33558000,14,33574000,16,33557000,13,33575000,13,33556000,10,33576000,16
33567000,1,33568000,3,33566000,5,33569000,11,33565000,5,33570000,12,33564000,7,33571000,12,33563000,9,33572000,12,33562000,10,33573000,18,33561000,14,33574000,17,33560000,19,33575000,13,33559000,11,33576000,16,33558000,14,33577000,13
33564000,3,33565000,1,33563000,6,33566000,6,33562000,5,33567000,7,33561000,12,33568000,10,33560000,18,33569000,13,33559000,15,33570000,12,33558000,15,33571000,16,33557000,15,33572000,15,33556000,10,33573000,17,33555000,15,33574000,16
33566000,3,33568000,5,33565000,9,33569000,7,33564000,7,33570000,11,33563000,9,33571000,11,33562000,9,33572000,12,33561000,12,33573000,18,33560000,19,33574000,18,33559000,14,33575000,12,33558000,16,33576000,16,33557000,14,33577000,13
33565000,3,33566000,3,33564000,6,33567000,10,33563000,9,33568000,9,33562000,9,33569000,10,33561000,11,33570000,10,33560000,20,33571000,13,33559000,14,33572000,14,33558000,15,33573000,18,33557000,14,33574000,18,33556000,12,33575000,12
33568000,2,33569000,3,33567000,4,33570000,9,33566000,6,33571000,11,33565000,9,33572000,13,33564000,11,33573000,16,33563000,13,33574000,17,33562000,11,33575000,28,33561000,13,33576000,16,33560000,21,33577000,13,33559000,13,33578000,13
33569000,5,33571000,2,33568000,6,33572000,9,33567000,6,33573000,13,33566000,8,33574000,18,33565000,10,33575000,26,33564000,12,33576000,15,33563000,15,33577000,15,33562000,12,33578000,13,33561000,12,33579000,12,33560000,20,33580000,31
33574000,3,33575000,19,33573000,4,33576000,8,33572000,9,33577000,14,33571000,6,33578000,11,33570000,7,33579000,14,33569000,11,33580000,19,33568000,14,33581000,12,33567000,13,33582000,15,33566000,15,33583000,12,33565000,16,33584000,12
33572000,2,33573000,1,33571000,6,33574000,6,33570000,9,33575000,6,33569000,8,33576000,8,33568000,11,33577000,8,33567000,12,33578000,11,33566000,15,33579000,14,33565000,16,33580000,19,33564000,17,33581000,13,33563000,13,33582000,14
33569000,1,33570000,1,33568000,6,33571000,6,33567000,7,33572000,5,33566000,9,33573000,6,33565000,16,33574000,9,33564000,17,33575000,12,33563000,14,33576000,14,33562000,14,33577000,14,33561000,11,33578000,13,33560000,20,33579000,13
33573000,6,33575000,1,33572000,7,33576000,6,33571000,7,33577000,13,33570000,7,33578000,12,33569000,8,33579000,14,33568000,14,33580000,18,33567000,22,33581000,13,33566000,14,33582000,15,33565000,16,33583000,13,33564000,17,33584000,13
33569000,2,33570000,1,33568000,4,33571000,5,33567000,18,33572000,5,33566000,11,33573000,7,33565000,16,33574000,10,33564000,17,33575000,12,33563000,14,33576000,16,33562000,14,33577000,18,33561000,11,33578000,15,33560000,19,33579000,13
33567000,9,33568000,4,33566000,4,33569000,9,33565000,9,33570000,8,33564000,16,33571000,9,33563000,13,33572000,9,33562000,14,33573000,13,33561000,12,33574000,13,33560000,28,33575000,12,33559000,12,33576000,19,33558000,16,33577000,15
33563000,5,33565000,5,33562000,4,33566000,5,33561000,10,33567000,9,33560000,18,33568000,11,33559000,13,33569000,10,33558000,18,33570000,14,33557000,10,33571000,13,33556000,13,33572000,15,33555000,14,33573000,14,33554000,11,33574000,13
33563000,5,33565000,3,33562000,6,33566000,5,33561000,9,33567000,9,33560000,17,33568000,11,33559000,13,33569000,13,33558000,18,33570000,14,33557000,10,33571000,13,33556000,14,33572000,15,33555000,14,33573000,14,33554000,11,33574000,13
33563000,4,33565000,3,33562000,6,33566000,4,33561000,9,33567000,5,33560000,19,33568000,11,33559000,14,33569000,13,33558000,19,33570000,13,33557000,10,33571000,13,33556000,13,33572000,15,33555000,14,33573000,14,33554000,11,33574000,13
33560000,5,33562000,6,33559000,5,33563000,7,33558000,16,33564000,11,33557000,9,33565000,9,33556000,14,33566000,11,33555000,15,33567000,8,33554000,14,33568000,15,33553000,10,33569000,12,33552000,10,33570000,14,33551000,58,33571000,12
33561000,10,33563000,2,33560000,6,33564000,8,33559000,7,33565000,9,33558000,11,33566000,10,33557000,7,33567000,10,33556000,14,33568000,14,33555000,16,33569000,12,33554000,13,33570000,15,33553000,11,33571000,12,33552000,11,33572000,14
33561000,2,33563000,5,33560000,6,33564000,7,33559000,7,33565000,7,33558000,10,33566000,6,33557000,7,33567000,10,33556000,14,33568000,14,33555000,16,33569000,13,33554000,14,33570000,15,33553000,11,33571000,12,33552000,11,33572000,14
33563000,4,33565000,1,33562000,7,33566000,6,33561000,7,33567000,6,33560000,9,33568000,11,33559000,10,33569000,13,33558000,13,33570000,13,33557000,10,33571000,13,33556000,13,33572000,16,33555000,22,33573000,14,33554000,12,33574000,13
33564000,4,33566000,2,33563000,5,33567000,5,33562000,8,33568000,9,33561000,7,33569000,11,33560000,8,33570000,12,33559000,12,33571000,13,33558000,14,33572000,16,33557000,10,33573000,15,33556000,12,33574000,13,33555000,22,33575000,11
33567000,5,33569000,2,33566000,8,33570000,8,33565000,6,33571000,9,33564000,6,33572000,14,33563000,7,33573000,13,33562000,14,33574000,14,33561000,12,33575000,12,33560000,14,33576000,20,33559000,12,33577000,14,33558000,14,33578000,14
33566000,2,33567000,17,33565000,5,33568000,4,33564000,5,33569000,6,33563000,7,33570000,7,33562000,12,33571000,9,33561000,12,33572000,15,33560000,15,33573000,14,33559000,12,33574000,15,33558000,14,33575000,12,33557000,9,33576000,20
33563000,3,33565000,10,33562000,6,33566000,7,33561000,8,33567000,21,33560000,10,33568000,7,33559000,11,33569000,9,33558000,15,33570000,13,33557000,10,33571000,13,33556000,12,33572000,16,33555000,21,33573000,14,33554000,12,33574000,13
33561000,1,33563000,4,33560000,8,33564000,8,33559000,10,33565000,4,33558000,14,33566000,10,33557000,9,33567000,13,33556000,13,33568000,14,33555000,22,33569000,14,33554000,14,33570000,13,33553000,11,33571000,13,33552000,12,33572000,14
33556000,2,33557000,3,33555000,19,33558000,5,33554000,6,33559000,8,33553000,14,33560000,8,33552000,13,33561000,15,33551000,61,33562000,13,33550000,20,33563000,11,33549000,10,33564000,15,33548000,17,33565000,12,33547000,8,33566000,15
33553000,2,33554000,1,33552000,12,33555000,5,33551000,60,33556000,8,33550000,19,33557000,9,33549000,10,33558000,9,33548000,18,33559000,12,33547000,10,33560000,16,33546000,12,33561000,18,33545000,7,33562000,15,33544000,14,33563000,10
33554000,2,33556000,5,33553000,9,33557000,9,33552000,11,33558000,9,33551000,61,33559000,11,33550000,19,33560000,16,33549000,12,33561000,18,33548000,21,33562000,15,33547000,10,33563000,10,33546000,12,33564000,15,33545000,8,33565000,11
33554000,2,33556000,5,33553000,6,33557000,9,33552000,8,33558000,9,33551000,59,33559000,11,33550000,19,33560000,16,33549000,12,33561000,18,33548000,22,33562000,15,33547000,10,33563000,10,33546000,12,33564000,15,33545000,8,33565000,11
33554000,5,33556000,2,33553000,7,33557000,9,33552000,10,33558000,9,33551000,59,33559000,11,33550000,19,33560000,17,33549000,13,33561000,18,33548000,22,33562000,15,33547000,10,33563000,10,33546000,12,33564000,15,33545000,8,33565000,11
33554000,1,33555000,2,33553000,7,33556000,4,33552000,9,33557000,6,33551000,59,33558000,8,33550000,20,33559000,8,33549000,12,33560000,17,33548000,23,33561000,19,33547000,10,33562000,15,33546000,12,33563000,10,33545000,8,33564000,15
33557000,1,33559000,3,33556000,5,33560000,5,33555000,7,33561000,12,33554000,6,33562000,9,33553000,7,33563000,10,33552000,12,33564000,16,33551000,62,33565000,12,33550000,23,33566000,16,33549000,12,33567000,14,33548000,20,33568000,14
33555000,4,33557000,1,33554000,5,33558000,6,33553000,6,33559000,5,33552000,10,33560000,6,33551000,60,33561000,12,33550000,22,33562000,13,33549000,12,33563000,12,33548000,20,33564000,17,33547000,9,33565000,12,33546000,12,33566000,15
33551000,47,33552000,7,33550000,16,33553000,5,33549000,8,33554000,26,33548000,17,33555000,4,33547000,9,33556000,8,33546000,12,33557000,10,33545000,9,33558000,16,33544000,13,33559000,13,33543000,11,33560000,15,33542000,13,33561000,17
33548000,11,33550000,3,33547000,7,33551000,8,33546000,11,33552000,10,33545000,8,33553000,7,33544000,13,33554000,28,33543000,12,33555000,8,33542000,14,33556000,11,33541000,8,33557000,12,33540000,15,33558000,17,33539000,8,33559000,12
33549000,6,33551000,10,33548000,10,33552000,10,33547000,9,33553000,7,33546000,10,33554000,28,33545000,7,33555000,7,33544000,14,33556000,13,33543000,12,33557000,13,33542000,14,33558000,17,33541000,9,33559000,13,33540000,15,33560000,14
33548000,6,33550000,5,33547000,9,33551000,10,33546000,9,33552000,12,33545000,8,33553000,8,33544000,14,33554000,31,33543000,12,33555000,9,33542000,14,33556000,14,33541000,9,33557000,13,33540000,15,33558000,16,33539000,8,33559000,12
33549000,5,33551000,9,33548000,11,33552000,11,33547000,9,33553000,9,33546000,9,33554000,29,33545000,8,33555000,8,33544000,15,33556000,14,33543000,12,33557000,13,33542000,14,33558000,17,33541000,9,33559000,12,33540000,15,33560000,14
33552000,5,33554000,23,33551000,8,33555000,4,33550000,7,33556000,8,33549000,10,33557000,12,33548000,12,33558000,15,33547000,11,33559000,13,33546000,14,33560000,17,33545000,11,33561000,17,33544000,16,33562000,14,33543000,11,33563000,10
33550000,7,33552000,3,33549000,10,33553000,6,33548000,12,33554000,27,33547000,9,33555000,10,33546000,12,33556000,10,33545000,11,33557000,12,33544000,17,33558000,15,33543000,11,33559000,14,33542000,12,33560000,17,33541000,9,33561000,18
33550000,1,33551000,2,33549000,7,33552000,6,33548000,11,33553000,6,33547000,10,33554000,28,33546000,12,33555000,9,33545000,11,33556000,14,33544000,17,33557000,13,33543000,12,33558000,17,33542000,12,33559000,13,33541000,9,33560000,16
33550000,1,33551000,4,33549000,4,33552000,7,33548000,6,33553000,7,33547000,7,33554000,31,33546000,7,33555000,13,33545000,8,33556000,12,33544000,15,33557000,13,33543000,13,33558000,16,33542000,14,33559000,12,33541000,9,33560000,15
33547000,2,33549000,13,33546000,7,33550000,6,33545000,7,33551000,8,33544000,11,33552000,8,33543000,12,33553000,11,33542000,14,33554000,10,33541000,10,33555000,13,33540000,28,33556000,14,33539000,10,33557000,12,33538000,13,33558000,16
33549000,1,33550000,1,33548000,2,33551000,6,33547000,9,33552000,8,33546000,8,33553000,9,33545000,6,33554000,9,33544000,12,33555000,14,33543000,14,33556000,13,33542000,15,33557000,13,33541000,10,33558000,17,33540000,27,33559000,12
33549000,4,33551000,1,33548000,6,33552000,8,33547000,10,33553000,8,33546000,9,33554000,9,33545000,6,33555000,12,33544000,13,33556000,12,33543000,14,33557000,13,33542000,14,33558000,18,33541000,10,33559000,12,33540000,27,33560000,17
33552000,1,33553000,2,33551000,5,33554000,5,33550000,6,33555000,7,33549000,5,33556000,9,33548000,6,33557000,14,33547000,6,33558000,17,33546000,10,33559000,15,33545000,12,33560000,18,33544000,14,33561000,18,33543000,14,33562000,14
33555000,1,33556000,6,33554000,5,33557000,4,33553000,7,33558000,8,33552000,8,33559000,11,33551000,7,33560000,15,33550000,8,33561000,18,33549000,10,33562000,15,33548000,17,33563000,12,33547000,11,33564000,16,33546000,11,33565000,11
33552000,6,33555000,4,33551000,6,33556000,6,33550000,6,33557000,7,33549000,7,33558000,11,33548000,10,33559000,13,33547000,10,33560000,16,33546000,12,33561000,20,33545000,11,33562000,15,33544000,13,33563000,10,33543000,13,33564000,15
33547000,1,33548000,2,33546000,4,33549000,4,33545000,8,33550000,5,33544000,10,33551000,5,33543000,11,33552000,7,33542000,12,33553000,12,33541000,9,33554000,13,33540000,27,33555000,13,33539000,9,33556000,13,33538000,15,33557000,12
33543000,2,33544000,1,33542000,11,33545000,5,33541000,7,33546000,6,33540000,27,33547000,8,33539000,10,33548000,7,33538000,13,33549000,9,33537000,11,33550000,12,33536000,11,33551000,8,33535000,6,33552000,11,33534000,13,33553000,11
33543000,2,33545000,6,33542000,10,33546000,7,33541000,9,33547000,8,33540000,27,33548000,7,33539000,10,33549000,8,33538000,14,33550000,13,33537000,11,33551000,8,33536000,12,33552000,11,33535000,6,33553000,11,33534000,11,33554000,12
33538000,2,33539000,4,33537000,3,33540000,8,33536000,6,33541000,7,33535000,12,33542000,10,33534000,14,33543000,11,33533000,9,33544000,16,33532000,11,33545000,14,33531000,11,33546000,14,33530000,20,33547000,14,33529000,9,33548000,13
33537000,1,33539000,8,33536000,5,33540000,9,33535000,8,33541000,9,33534000,12,33542000,10,33533000,8,33543000,12,33532000,11,33544000,16,33531000,12,33545000,14,33530000,20,33546000,14,33529000,9,33547000,13,33528000,13,33548000,13
33536000,3,33538000,2,33535000,8,33539000,9,33534000,8,33540000,9,33533000,7,33541000,10,33532000,13,33542000,11,33531000,12,33543000,15,33530000,20,33544000,16,33529000,9,33545000,15,33528000,12,33546000,14,33527000,7,33547000,13
33536000,2,33538000,5,33535000,8,33539000,9,33534000,8,33540000,10,33533000,7,33541000,9,33532000,13,33542000,11,33531000,12,33543000,15,33530000,20,33544000,16,33529000,9,33545000,15,33528000,12,33546000,15,33527000,7,33547000,13
33537000,1,33538000,4,33536000,7,33539000,7,33535000,7,33540000,10,33534000,7,33541000,9,33533000,7,33542000,12,33532000,14,33543000,15,33531000,11,33544000,17,33530000,21,33545000,15,33529000,10,33546000,15,33528000,12,33547000,12
33540000,3,33542000,2,33539000,4,33543000,11,33538000,6,33544000,11,33537000,4,33545000,11,33536000,9,33546000,11,33535000,11,33547000,15,33534000,10,33548000,12,33533000,8,33549000,11,33532000,13,33550000,9,33531000,12,33551000,7
33543000,2,33545000,4,33542000,8,33546000,5,33541000,5,33547000,9,33540000,11,33548000,11,33539000,7,33549000,11,33538000,10,33550000,12,33537000,9,33551000,9,33536000,13,33552000,12,33535000,12,33553000,10,33534000,11,33554000,12
33542000,7,33545000,4,33541000,8,33546000,5,33540000,11,33547000,7,33539000,7,33548000,10,33538000,10,33549000,11,33537000,10,33550000,12,33536000,13,33551000,11,33535000,11,33552000,12,33534000,12,33553000,11,33533000,7,33554000,12
33541000,2,33543000,4,33540000,7,33544000,6,33539000,10,33545000,6,33538000,7,33546000,8,33537000,8,33547000,12,33536000,12,33548000,12,33535000,11,33549000,15,33534000,14,33550000,12,33533000,7,33551000,10,33532000,12,33552000,11
33535000,1,33536000,5,33534000,3,33537000,5,33533000,5,33538000,5,33532000,10,33539000,29,33531000,11,33540000,14,33530000,22,33541000,10,33529000,16,33542000,13,33528000,14,33543000,14,33527000,7,33544000,14,33526000,15,33545000,13
33531000,6,33532000,1,33530000,15,33533000,1,33529000,15,33534000,5,33528000,13,33535000,6,33527000,9,33536000,5,33526000,14,33537000,6,33525000,11,33538000,8,33524000,10,33539000,32,33523000,8,33540000,20,33522000,12,33541000,12
33531000,4,33533000,1,33530000,15,33534000,5,33529000,14,33535000,6,33528000,14,33536000,5,33527000,9,33537000,7,33526000,14,33538000,8,33525000,11,33539000,32,33524000,10,33540000,20,33523000,8,33541000,11,33522000,12,33542000,15
33536000,1,33538000,4,33535000,6,33539000,30,33534000,6,33540000,13,33533000,4,33541000,6,33532000,8,33542000,15,33531000,8,33543000,14,33530000,32,33544000,15,33529000,11,33545000,12,33528000,16,33546000,13,33527000,10,33547000,12
33540000,1,33541000,1,33539000,5,33542000,8,33538000,5,33543000,10,33537000,6,33544000,11,33536000,7,33545000,11,33535000,9,33546000,15,33534000,8,33547000,12,33533000,8,33548000,13,33532000,11,33549000,11,33531000,11,33550000,11
33543000,2,33544000,1,33542000,5,33545000,5,33541000,4,33546000,9,33540000,7,33547000,9,33539000,5,33548000,12,33538000,9,33549000,13,33537000,7,33550000,13,33536000,12,33551000,9,33535000,11,33552000,11,33534000,10,33553000,9
33546000,2,33547000,1,33545000,5,33548000,5,33544000,6,33549000,9,33543000,5,33550000,9,33542000,7,33551000,9,33541000,7,33552000,15,33540000,10,33553000,10,33539000,8,33554000,12,33538000,12,33555000,13,33537000,11,33556000,12
33547000,2,33549000,3,33546000,5,33550000,8,33545000,6,33551000,8,33544000,7,33552000,12,33543000,6,33553000,10,33542000,10,33554000,11,33541000,9,33555000,13,33540000,11,33556000,12,33539000,10,33557000,9,33538000,12,33558000,16
33547000,5,33548000,3,33546000,7,33549000,3,33545000,8,33550000,4,33544000,10,33551000,35,33543000,10,33552000,5,33542000,14,33553000,9,33541000,9,33554000,11,33540000,10,33555000,11,33539000,9,33556000,12,33538000,12,33557000,10
33548000,2,33550000,3,33547000,6,33551000,37,33546000,7,33552000,8,33545000,8,33553000,9,33544000,7,33554000,12,33543000,8,33555000,13,33542000,11,33556000,13,33541000,9,33557000,9,33540000,11,33558000,12,33539000,9,33559000,11
33546000,1,33548000,5,33545000,7,33549000,8,33544000,6,33550000,9,33543000,6,33551000,37,33542000,10,33552000,9,33541000,9,33553000,10,33540000,12,33554000,15,33539000,9,33555000,13,33538000,12,33556000,12,33537000,9,33557000,9
33545000,4,33548000,6,33544000,8,33549000,5,33543000,5,33550000,9,33542000,7,33551000,38,33541000,6,33552000,11,33540000,10,33553000,13,33539000,12,33554000,15,33538000,13,33555000,12,33537000,10,33556000,12,33536000,11,33557000,9
33545000,1,33546000,2,33544000,3,33547000,5,33543000,5,33548000,8,33542000,8,33549000,5,33541000,7,33550000,7,33540000,9,33551000,33,33539000,13,33552000,11,33538000,12,33553000,14,33537000,9,33554000,14,33536000,11,33555000,13
33543000,2,33545000,4,33542000,5,33546000,4,33541000,5,33547000,7,33540000,7,33548000,9,33539000,10,33549000,8,33538000,10,33550000,10,33537000,11,33551000,34,33536000,12,33552000,12,33535000,8,33553000,13,33534000,10,33554000,13
33545000,4,33547000,6,33544000,4,33548000,7,33543000,5,33549000,7,33542000,7,33550000,8,33541000,7,33551000,33,33540000,10,33552000,13,33539000,9,33553000,14,33538000,13,33554000,14,33537000,12,33555000,12,33536000,12,33556000,11
33542000,1,33543000,3,33541000,4,33544000,5,33540000,7,33545000,5,33539000,7,33546000,7,33538000,9,33547000,10,33537000,12,33548000,10,33536000,12,33549000,11,33535000,9,33550000,11,33534000,10,33551000,33,33533000,8,33552000,12
33538000,2,33540000,4,33537000,6,33541000,7,33536000,6,33542000,7,33535000,10,33543000,10,33534000,7,33544000,8,33533000,10,33545000,12,33532000,12,33546000,11,33531000,11,33547000,12,33530000,25,33548000,13,33529000,12,33549000,10
33535000,6,33537000,2,33534000,7,33538000,7,33533000,6,33539000,7,33532000,8,33540000,8,33531000,9,33541000,8,33530000,24,33542000,12,33529000,14,33543000,13,33528000,13,33544000,12,33527000,11,33545000,14,33526000,15,33546000,12
33536000,3,33538000,3,33535000,5,33539000,6,33534000,9,33540000,8,33533000,7,33541000,9,33532000,6,33542000,9,33531000,7,33543000,13,33530000,22,33544000,12,33529000,14,33545000,11,33528000,13,33546000,12,33527000,12,33547000,10
33535000,3,33537000,1,33534000,8,33538000,6,33533000,6,33539000,6,33532000,7,33540000,7,33531000,8,33541000,9,33530000,22,33542000,11,33529000,13,33543000,11,33528000,13,33544000,11,33527000,11,33545000,12,33526000,13,33546000,12
33540000,2,33542000,5,33539000,5,33543000,9,33538000,4,33544000,7,33537000,7,33545000,11,33536000,4,33546000,11,33535000,6,33547000,12,33534000,10,33548000,14,33533000,12,33549000,10,33532000,13,33550000,20,33531000,13,33551000,33
33540000,1,33542000,5,33539000,5,33543000,3,33538000,6,33544000,7,33537000,5,33545000,10,33536000,8,33546000,13,33535000,8,33547000,11,33534000,11,33548000,14,33533000,12,33549000,12,33532000,12,33550000,20,33531000,12,33551000,33
33540000,1,33542000,5,33539000,5,33543000,3,33538000,6,33544000,7,33537000,5,33545000,10,33536000,8,33546000,13,33535000,8,33547000,11,33534000,11,33548000,14,33533000,12,33549000,12,33532000,12,33550000,20,33531000,12,33551000,33
33539000,1,33540000,5,33538000,2,33541000,6,33537000,5,33542000,7,33536000,6,33543000,6,33535000,6,33544000,10,33534000,9,33545000,11,33533000,10,33546000,12,33532000,12,33547000,11,33531000,14,33548000,14,33530000,23,33549000,11
33539000,4,33541000,1,33538000,5,33542000,6,33537000,5,33543000,6,33536000,7,33544000,8,33535000,7,33545000,9,33534000,10,33546000,12,33533000,9,33547000,13,33532000,13,33548000,13,33531000,12,33549000,11,33530000,23,33550000,20
33538000,2,33539000,1,33537000,4,33540000,3,33536000,7,33541000,3,33535000,7,33542000,5,33534000,8,33543000,6,33533000,9,33544000,11,33532000,12,33545000,12,33531000,14,33546000,13,33530000,23,33547000,12,33529000,12,33548000,13
33536000,1,33537000,3,33535000,5,33538000,3,33534000,5,33539000,4,33533000,8,33540000,6,33532000,8,33541000,5,33531000,14,33542000,8,33530000,24,33543000,8,33529000,13,33544000,12,33528000,15,33545000,11,33527000,11,33546000,14
33531000,8,33533000,1,33530000,16,33534000,4,33529000,11,33535000,6,33528000,13,33536000,6,33527000,11,33537000,9,33526000,13,33538000,6,33525000,12,33539000,7,33524000,10,33540000,10,33523000,8,33541000,10,33522000,12,33542000,9
33530000,8,33532000,6,33529000,12,33533000,7,33528000,10,33534000,6,33527000,10,33535000,7,33526000,12,33536000,8,33525000,13,33537000,11,33524000,11,33538000,9,33523000,8,33539000,7,33522000,10,33540000,11,33521000,12,33541000,8
33526000,5,33527000,1,33525000,9,33528000,4,33524000,9,33529000,4,33523000,9,33530000,5,33522000,10,33531000,6,33521000,12,33532000,15,33520000,9,33533000,13,33519000,11,33534000,11,33518000,13,33535000,12,33517000,8,33536000,10
33527000,3,33529000,2,33526000,5,33530000,4,33525000,7,33531000,4,33524000,6,33532000,10,33523000,7,33533000,11,33522000,10,33534000,10,33521000,14,33535000,10,33520000,11,33536000,9,33519000,11,33537000,11,33518000,13,33538000,9
33527000,2,33529000,4,33526000,5,33530000,4,33525000,6,33531000,3,33524000,6,33532000,8,33523000,7,33533000,9,33522000,10,33534000,9,33521000,15,33535000,12,33520000,12,33536000,10,33519000,11,33537000,11,33518000,12,33538000,9
33528000,3,33529000,2,33527000,6,33530000,3,33526000,4,33531000,3,33525000,8,33532000,10,33524000,7,33533000,9,33523000,8,33534000,9,33522000,11,33535000,12,33521000,14,33536000,10,33520000,11,33537000,11,33519000,12,33538000,9
33530000,3,33532000,3,33529000,6,33533000,6,33528000,4,33534000,6,33527000,6,33535000,10,33526000,5,33536000,8,33525000,11,33537000,13,33524000,9,33538000,9,33523000,11,33539000,8,33522000,12,33540000,11,33521000,14,33541000,8
33529000,2,33530000,14,33528000,3,33532000,4,33527000,7,33533000,6,33526000,5,33534000,11,33525000,19,33535000,9,33524000,11,33536000,9,33523000,13,33537000,11,33522000,11,33538000,10,33521000,13,33539000,8,33520000,12,33540000,12
33532000,1,33533000,1,33531000,5,33534000,11,33530000,4,33535000,8,33529000,7,33536000,6,33528000,8,33537000,11,33527000,6,33538000,11,33526000,6,33539000,9,33525000,19,33540000,11,33524000,12,33541000,8,33523000,12,33542000,10
33534000,5,33535000,1,33533000,3,33536000,3,33532000,5,33537000,9,33531000,5,33538000,8,33530000,11,33539000,9,33529000,8,33540000,12,33528000,10,33541000,10,33527000,7,33542000,10,33526000,9,33543000,8,33525000,18,33544000,12
33532000,4,33534000,2,33531000,5,33535000,3,33530000,9,33536000,6,33529000,7,33537000,8,33528000,7,33538000,6,33527000,8,33539000,10,33526000,10,33540000,12,33525000,19,33541000,10,33524000,12,33542000,11,33523000,11,33543000,9
33535000,1,33536000,4,33534000,3,33537000,4,33533000,4,33538000,7,33532000,6,33539000,6,33531000,5,33540000,10,33530000,9,33541000,11,33529000,7,33542000,10,33528000,8,33543000,7,33527000,8,33544000,12,33526000,9,33545000,10
33531000,7,33532000,24,33530000,8,33534000,4,33529000,4,33535000,6,33528000,6,33536000,4,33527000,8,33537000,4,33526000,10,33538000,6,33525000,21,33539000,8,33524000,11,33540000,14,33523000,11,33541000,13,33522000,10,33542000,13
33532000,4,33535000,7,33531000,6,33536000,6,33530000,7,33537000,6,33529000,6,33538000,9,33528000,6,33539000,9,33527000,7,33540000,13,33526000,8,33541000,12,33525000,21,33542000,13,33524000,11,33543000,7,33523000,11,33544000,12
33532000,1,33533000,2,33531000,5,33534000,4,33530000,7,33535000,7,33529000,5,33536000,6,33528000,6,33537000,7,33527000,8,33538000,10,33526000,9,33539000,10,33525000,21,33540000,14,33524000,11,33541000,11,33523000,11,33542000,13
33529000,1,33531000,4,33528000,3,33532000,7,33527000,6,33533000,8,33526000,5,33534000,7,33525000,19,33535000,10,33524000,10,33536000,9,33523000,13,33537000,11,33522000,12,33538000,13,33521000,12,33539000,10,33520000,11,33540000,16
33530000,2,33532000,2,33529000,5,33533000,4,33528000,3,33534000,4,33527000,6,33535000,8,33526000,8,33536000,7,33525000,21,33537000,11,33524000,12,33538000,11,33523000,13,33539000,11,33522000,11,33540000,16,33521000,12,33541000,10
33530000,2,33532000,2,33529000,5,33533000,4,33528000,3,33534000,4,33527000,6,33535000,8,33526000,8,33536000,7,33525000,21,33537000,11,33524000,12,33538000,11,33523000,13,33539000,11,33522000,11,33540000,16,33521000,12,33541000,10
33529000,1,33531000,3,33528000,4,33532000,3,33527000,4,33533000,5,33526000,5,33534000,7,33525000,17,33535000,13,33524000,11,33536000,12,33523000,10,33537000,11,33522000,13,33538000,13,33521000,12,33539000,11,33520000,11,33540000,19
33525000,11,33527000,1,33524000,4,33528000,5,33523000,6,33529000,8,33522000,10,33530000,7,33521000,9,33531000,7,33520000,12,33532000,11,33519000,15,33533000,12,33518000,13,33534000,11,33517000,8,33535000,14,33516000,9,33536000,14
33529000,3,33532000,5,33528000,5,33533000,7,33527000,5,33534000,7,33526000,5,33535000,14,33525000,10,33536000,12,33524000,7,33537000,13,33523000,10,33538000,14,33522000,13,33539000,10,33521000,12,33540000,15,33520000,12,33541000,10
33529000,2,33531000,1,33528000,5,33532000,5,33527000,4,33533000,7,33526000,4,33534000,7,33525000,11,33535000,13,33524000,9,33536000,11,33523000,11,33537000,13,33522000,13,33538000,14,33521000,12,33539000,10,33520000,12,33540000,15
33529000,4,33532000,4,33528000,7,33533000,6,33527000,5,33534000,7,33526000,5,33535000,15,33525000,12,33536000,11,33524000,9,33537000,13,33523000,10,33538000,14,33522000,12,33539000,10,33521000,12,33540000,15,33520000,12,33541000,10
33531000,3,33533000,2,33530000,3,33534000,7,33529000,4,33535000,13,33528000,5,33536000,10,33527000,5,33537000,10,33526000,8,33538000,14,33525000,13,33539000,12,33524000,10,33540000,15,33523000,11,33541000,10,33522000,11,33542000,12
33535000,2,33536000,2,33534000,6,33537000,7,33533000,4,33538000,9,33532000,3,33539000,6,33531000,5,33540000,13,33530000,9,33541000,13,33529000,6,33542000,13,33528000,10,33543000,8,33527000,9,33544000,13,33526000,10,33545000,10
33537000,2,33539000,4,33536000,7,33540000,7,33535000,4,33541000,5,33534000,7,33542000,10,33533000,5,33543000,11,33532000,6,33544000,14,33531000,9,33545000,13,33530000,14,33546000,13,33529000,8,33547000,10,33528000,11,33548000,12
33539000,2,33541000,2,33538000,2,33542000,7,33537000,2,33543000,9,33536000,4,33544000,9,33535000,4,33545000,10,33534000,11,33546000,12,33533000,10,33547000,14,33532000,12,33548000,14,33531000,10,33549000,10,33530000,13,33550000,20
33539000,2,33540000,2,33538000,2,33541000,5,33537000,4,33542000,5,33536000,3,33543000,9,33535000,5,33544000,8,33534000,13,33545000,11,33533000,9,33546000,12,33532000,12,33547000,14,33531000,9,33548000,14,33530000,15,33549000,11
33544000,1,33545000,2,33543000,3,33546000,9,33542000,4,33547000,9,33541000,2,33548000,9,33540000,4,33549000,9,33539000,9,33550000,20,33538000,9,33551000,10,33537000,9,33552000,13,33536000,12,33553000,11,33535000,12,33554000,14
33542000,2,33544000,2,33541000,6,33545000,6,33540000,4,33546000,8,33539000,7,33547000,8,33538000,9,33548000,9,33537000,8,33549000,10,33536000,11,33550000,20,33535000,11,33551000,10,33534000,15,33552000,14,33533000,11,33553000,10
33537000,1,33539000,32,33536000,2,33540000,2,33535000,7,33541000,1,33534000,11,33542000,4,33533000,11,33543000,5,33532000,12,33544000,13,33531000,9,33545000,14,33530000,15,33546000,12,33529000,7,33547000,11,33528000,12,33548000,14
33538000,2,33540000,1,33537000,3,33541000,2,33536000,3,33542000,6,33535000,6,33543000,8,33534000,12,33544000,12,33533000,11,33545000,14,33532000,13,33546000,14,33531000,9,33547000,11,33530000,15,33548000,12,33529000,9,33549000,10
33543000,1,33544000,5,33542000,2,33545000,8,33541000,18,33546000,6,33540000,5,33547000,10,33539000,5,33548000,12,33538000,6,33549000,9,33537000,6,33550000,21,33536000,11,33551000,7,33535000,10,33552000,12,33534000,16,33553000,10
33540000,3,33542000,1,33539000,3,33543000,4,33538000,6,33544000,5,33537000,5,33545000,8,33536000,8,33546000,8,33535000,9,33547000,12,33534000,17,33548000,13,33533000,11,33549000,9,33532000,13,33550000,21,33531000,8,33551000,7
33538000,3,33540000,2,33537000,5,33541000,5,33536000,4,33542000,8,33535000,6,33543000,6,33534000,13,33544000,7,33533000,11,33545000,12,33532000,15,33546000,11,33531000,8,33547000,11,33530000,13,33548000,12,33529000,7,33549000,10
33537000,4,33539000,1,33536000,3,33540000,4,33535000,6,33541000,6,33534000,11,33542000,8,33533000,10,33543000,6,33532000,13,33544000,9,33531000,9,33545000,14,33530000,13,33546000,12,33529000,7,33547000,11,33528000,11,33548000,12
33542000,3,33544000,1,33541000,6,33545000,8,33540000,3,33546000,6,33539000,6,33547000,10,33538000,9,33548000,11,33537000,9,33549000,8,33536000,14,33550000,21,33535000,10,33551000,8,33534000,15,33552000,12,33533000,11,33553000,10
33543000,2,33545000,4,33542000,7,33546000,4,33541000,5,33547000,7,33540000,6,33548000,7,33539000,10,33549000,7,33538000,9,33550000,20,33537000,10,33551000,8,33536000,13,33552000,14,33535000,9,33553000,11,33534000,15,33554000,14
33537000,1,33538000,1,33536000,5,33539000,5,33535000,4,33540000,12,33534000,13,33541000,4,33533000,9,33542000,7,33532000,13,33543000,7,33531000,9,33544000,10,33530000,16,33545000,10,33529000,8,33546000,8,33528000,10,33547000,12
33539000,2,33540000,1,33538000,4,33541000,4,33537000,4,33542000,5,33536000,7,33543000,6,33535000,7,33544000,9,33534000,11,33545000,10,33533000,12,33546000,9,33532000,15,33547000,10,33531000,11,33548000,11,33530000,18,33549000,9
33537000,2,33538000,1,33536000,6,33539000,3,33535000,7,33540000,3,33534000,8,33541000,6,33533000,10,33542000,6,33532000,14,33543000,8,33531000,11,33544000,9,33530000,19,33545000,10,33529000,8,33546000,9,33528000,11,33547000,11
33534000,3,33535000,1,33533000,5,33536000,6,33532000,11,33537000,8,33531000,8,33538000,6,33530000,17,33539000,6,33529000,10,33540000,7,33528000,13,33541000,7,33527000,9,33542000,12,33526000,11,33543000,8,33525000,12,33544000,10
33533000,2,33535000,4,33532000,7,33536000,5,33531000,5,33537000,7,33530000,13,33538000,11,33529000,10,33539000,9,33528000,12,33540000,10,33527000,9,33541000,7,33526000,13,33542000,10,33525000,13,33543000,7,33524000,10,33544000,10
33533000,5,33536000,5,33532000,9,33537000,4,33531000,6,33538000,11,33530000,15,33539000,7,33529000,9,33540000,8,33528000,12,33541000,8,33527000,9,33542000,11,33526000,12,33543000,7,33525000,13,33544000,10,33524000,10,33545000,8
33530000,8,33532000,3,33529000,9,33533000,8,33528000,9,33534000,6,33527000,9,33535000,5,33526000,10,33536000,9,33525000,14,33537000,8,33524000,12,33538000,13,33523000,10,33539000,11,33522000,10,33540000,10,33521000,9,33541000,8
33531000,3,33533000,7,33530000,8,33534000,3,33529000,8,33535000,6,33528000,9,33536000,9,33527000,9,33537000,6,33526000,13,33538000,14,33525000,14,33539000,11,33524000,12,33540000,10,33523000,10,33541000,7,33522000,10,33542000,9
33531000,4,33533000,2,33530000,7,33534000,4,33529000,8,33535000,5,33528000,10,33536000,6,33527000,9,33537000,6,33526000,14,33538000,13,33525000,14,33539000,10,33524000,12,33540000,11,33523000,10,33541000,8,33522000,10,33542000,10
33530000,3,33532000,1,33529000,7,33533000,4,33528000,9,33534000,3,33527000,8,33535000,7,33526000,13,33536000,8,33525000,14,33537000,9,33524000,12,33538000,12,33523000,10,33539000,10,33522000,10,33540000,10,33521000,9,33541000,8
33530000,2,33532000,3,33529000,7,33533000,6,33528000,9,33534000,6,33527000,9,33535000,5,33526000,12,33536000,8,33525000,14,33537000,7,33524000,12,33538000,11,33523000,10,33539000,10,33522000,10,33540000,10,33521000,9,33541000,9
33531000,3,33533000,1,33530000,5,33534000,4,33529000,5,33535000,4,33528000,8,33536000,6,33527000,9,33537000,6,33526000,14,33538000,11,33525000,13,33539000,11,33524000,11,33540000,11,33523000,11,33541000,9,33522000,10,33542000,9
33534000,2,33536000,4,33533000,4,33537000,5,33532000,7,33538000,8,33531000,6,33539000,9,33530000,8,33540000,9,33529000,7,33541000,10,33528000,12,33542000,11,33527000,9,33543000,7,33526000,14,33544000,12,33525000,14,33545000,10
33532000,4,33534000,1,33531000,4,33535000,3,33530000,6,33536000,4,33529000,7,33537000,6,33528000,12,33538000,10,33527000,10,33539000,9,33526000,15,33540000,10,33525000,13,33541000,10,33524000,10,33542000,10,33523000,10,33543000,8
33534000,2,33536000,3,33533000,5,33537000,3,33532000,5,33538000,9,33531000,4,33539000,9,33530000,6,33540000,8,33529000,7,33541000,10,33528000,14,33542000,12,33527000,9,33543000,7,33526000,14,33544000,12,33525000,12,33545000,10
33533000,3,33535000,1,33532000,5,33536000,4,33531000,5,33537000,3,33530000,12,33538000,6,33529000,8,33539000,7,33528000,14,33540000,8,33527000,10,33541000,10,33526000,13,33542000,14,33525000,13,33543000,8,33524000,10,33544000,13
33538000,1,33540000,2,33537000,6,33541000,6,33536000,5,33542000,9,33535000,5,33543000,9,33534000,7,33544000,13,33533000,6,33545000,12,33532000,10,33546000,9,33531000,9,33547000,11,33530000,14,33548000,11,33529000,10,33549000,9
33537000,2,33539000,3,33536000,5,33540000,4,33535000,3,33541000,6,33534000,5,33542000,8,33533000,3,33543000,9,33532000,10,33544000,14,33531000,9,33545000,12,33530000,15,33546000,10,33529000,9,33547000,11,33528000,12,33548000,11
33533000,3,33536000,5,33532000,4,33537000,3,33531000,3,33538000,9,33530000,11,33539000,4,33529000,8,33540000,8,33528000,14,33541000,10,33527000,10,33542000,12,33526000,12,33543000,11,33525000,13,33544000,15,33524000,10,33545000,11
33534000,1,33536000,3,33533000,5,33537000,4,33532000,6,33538000,6,33531000,4,33539000,7,33530000,12,33540000,9,33529000,7,33541000,10,33528000,12,33542000,12,33527000,9,33543000,11,33526000,13,33544000,14,33525000,13,33545000,10
33536000,4,33539000,3,33535000,5,33540000,7,33534000,4,33541000,7,33533000,5,33542000,11,33532000,7,33543000,10,33531000,6,33544000,15,33530000,15,33545000,11,33529000,10,33546000,8,33528000,12,33547000,10,33527000,10,33548000,11
33535000,2,33537000,1,33534000,5,33538000,6,33533000,6,33539000,4,33532000,10,33540000,6,33531000,10,33541000,7,33530000,14,33542000,12,33529000,10,33543000,12,33528000,13,33544000,15,33527000,9,33545000,11,33526000,12,33546000,9
33535000,4,33538000,4,33534000,5,33539000,4,33533000,6,33540000,7,33532000,9,33541000,9,33531000,7,33542000,11,33530000,10,33543000,11,33529000,9,33544000,16,33528000,13,33545000,10,33527000,10,33546000,8,33526000,13,33547000,10
33536000,2,33538000,1,33535000,3,33539000,2,33534000,5,33540000,3,33533000,4,33541000,9,33532000,10,33542000,10,33531000,10,33543000,11,33530000,11,33544000,13,33529000,8,33545000,12,33528000,12,33546000,9,33527000,9,33547000,10
33537000,2,33538000,1,33536000,3,33539000,3,33535000,4,33540000,4,33534000,4,33541000,5,33533000,6,33542000,8,33532000,11,33543000,11,33531000,12,33544000,13,33530000,10,33545000,13,33529000,9,33546000,9,33528000,12,33547000,10
33535000,3,33538000,3,33534000,4,33539000,6,33533000,6,33540000,6,33532000,8,33541000,6,33531000,13,33542000,7,33530000,10,33543000,12,33529000,9,33544000,11,33528000,12,33545000,14,33527000,9,33546000,11,33526000,14,33547000,11
33539000,1,33540000,2,33538000,3,33541000,3,33537000,5,33542000,3,33536000,3,33543000,9,33535000,5,33544000,8,33534000,6,33545000,15,33533000,9,33546000,11,33532000,12,33547000,12,33531000,11,33548000,12,33530000,10,33549000,9
33540000,2,33542000,6,33539000,3,33543000,9,33538000,5,33544000,8,33537000,6,33545000,14,33536000,4,33546000,8,33535000,8,33547000,12,33534000,8,33548000,12,33533000,9,33549000,9,33532000,12,33550000,12,33531000,10,33551000,6
33539000,1,33541000,6,33538000,3,33542000,8,33537000,5,33543000,5,33536000,4,33544000,7,33535000,8,33545000,14,33534000,8,33546000,10,33533000,10,33547000,13,33532000,13,33548000,12,33531000,9,33549000,9,33530000,9,33550000,12
33540000,1,33542000,6,33539000,6,33543000,6,33538000,3,33544000,8,33537000,4,33545000,14,33536000,4,33546000,8,33535000,8,33547000,13,33534000,7,33548000,12,33533000,9,33549000,9,33532000,13,33550000,12,33531000,10,33551000,6
33539000,1,33540000,1,33538000,3,33541000,4,33537000,4,33542000,8,33536000,4,33543000,4,33535000,7,33544000,8,33534000,8,33545000,14,33533000,9,33546000,10,33532000,13,33547000,13,33531000,10,33548000,12,33530000,9,33549000,9
33535000,1,33536000,2,33534000,4,33537000,2,33533000,5,33538000,4,33532000,8,33539000,5,33531000,9,33540000,8,33530000,8,33541000,11,33529000,10,33542000,13,33528000,13,33543000,10,33527000,9,33544000,12,33526000,14,33545000,14
33532000,5,33533000,2,33531000,5,33534000,5,33530000,5,33535000,6,33529000,5,33536000,8,33528000,10,33537000,6,33527000,10,33538000,9,33526000,13,33539000,11,33525000,14,33540000,11,33524000,10,33541000,12,33523000,9,33542000,13
33533000,1,33535000,5,33532000,6,33536000,11,33531000,4,33537000,7,33530000,4,33538000,8,33529000,6,33539000,10,33528000,10,33540000,10,33527000,10,33541000,11,33526000,11,33542000,12,33525000,15,33543000,9,33524000,11,33544000,12
33531000,1,33532000,1,33530000,3,33533000,3,33529000,6,33534000,5,33528000,9,33535000,5,33527000,9,33536000,8,33526000,11,33537000,10,33525000,16,33538000,10,33524000,9,33539000,11,33523000,10,33540000,19,33522000,10,33541000,11
33528000,2,33530000,4,33527000,6,33531000,6,33526000,10,33532000,6,33525000,14,33533000,7,33524000,9,33534000,5,33523000,12,33535000,11,33522000,12,33536000,12,33521000,11,33537000,12,33520000,10,33538000,12,33519000,9,33539000,9
33525000,9,33527000,4,33524000,5,33528000,4,33523000,6,33529000,4,33522000,7,33530000,5,33521000,9,33531000,8,33520000,9,33532000,9,33519000,12,33533000,12,33518000,12,33534000,8,33517000,7,33535000,10,33516000,8,33536000,12
33521000,4,33523000,3,33520000,6,33524000,2,33519000,11,33525000,6,33518000,9,33526000,5,33517000,9,33527000,6,33516000,9,33528000,6,33515000,12,33529000,8,33514000,9,33530000,10,33513000,10,33531000,8,33512000,17,33532000,10
33520000,1,33521000,5,33519000,6,33522000,3,33518000,9,33523000,5,33517000,8,33524000,5,33516000,8,33525000,7,33515000,12,33526000,7,33514000,10,33527000,8,33513000,11,33528000,7,33512000,16,33529000,7,33511000,10,33530000,10
33516000,6,33519000,4,33515000,10,33520000,6,33514000,9,33521000,6,33513000,10,33522000,7,33512000,15,33523000,10,33511000,12,33524000,12,33510000,12,33525000,13,33509000,8,33526000,9,33508000,22,33527000,6,33507000,6,33528000,6
33512000,3,33513000,3,33511000,7,33514000,7,33510000,11,33515000,7,33509000,7,33516000,5,33508000,18,33517000,7,33507000,11,33518000,8,33506000,9,33519000,9,33505000,9,33520000,13,33504000,8,33521000,9,33503000,11,33522000,10
33513000,6,33515000,2,33512000,5,33516000,3,33511000,9,33517000,8,33510000,6,33518000,7,33509000,8,33519000,8,33508000,9,33520000,12,33507000,12,33521000,9,33506000,10,33522000,9,33505000,9,33523000,9,33504000,8,33524000,14
33512000,6,33515000,4,33511000,6,33516000,3,33510000,10,33517000,5,33509000,9,33518000,7,33508000,8,33519000,8,33507000,13,33520000,12,33506000,11,33521000,9,33505000,8,33522000,10,33504000,8,33523000,10,33503000,12,33524000,14
33516000,1,33517000,3,33515000,1,33518000,6,33514000,4,33519000,7,33513000,6,33520000,10,33512000,5,33521000,7,33511000,9,33522000,9,33510000,12,33523000,11,33509000,11,33524000,14,33508000,11,33525000,10,33507000,11,33526000,9
33517000,2,33519000,3,33516000,5,33520000,8,33515000,4,33521000,4,33514000,6,33522000,7,33513000,8,33523000,11,33512000,7,33524000,12,33511000,11,33525000,12,33510000,15,33526000,10,33509000,11,33527000,6,33508000,13,33528000,6
33516000,4,33519000,4,33515000,2,33520000,5,33514000,9,33521000,7,33513000,8,33522000,6,33512000,5,33523000,11,33511000,15,33524000,12,33510000,14,33525000,12,33509000,10,33526000,10,33508000,12,33527000,7,33507000,10,33528000,7
33512000,2,33513000,1,33511000,7,33514000,2,33510000,11,33515000,3,33509000,9,33516000,5,33508000,8,33517000,7,33507000,13,33518000,8,33506000,11,33519000,10,33505000,8,33520000,10,33504000,8,33521000,11,33503000,14,33522000,10
33510000,8,33512000,3,33509000,10,33513000,4,33508000,7,33514000,5,33507000,10,33515000,3,33506000,8,33516000,8,33505000,10,33517000,10,33504000,9,33518000,11,33503000,12,33519000,10,33502000,9,33520000,11,33501000,11,33521000,10
33511000,1,33513000,3,33510000,4,33514000,3,33509000,5,33515000,5,33508000,5,33516000,7,33507000,9,33517000,9,33506000,9,33518000,11,33505000,11,33519000,11,33504000,11,33520000,11,33503000,13,33521000,9,33502000,10,33522000,9
33509000,3,33510000,1,33508000,5,33512000,4,33507000,8,33513000,2,33506000,8,33514000,3,33505000,9,33515000,7,33504000,11,33516000,8,33503000,14,33517000,10,33502000,10,33518000,13,33501000,12,33519000,9,33500000,36,33520000,11
33507000,2,33508000,3,33506000,4,33509000,3,33505000,9,33510000,3,33504000,7,33511000,5,33503000,12,33512000,5,33502000,8,33513000,7,33501000,14,33514000,9,33500000,36,33515000,9,33499000,12,33516000,11,33498000,6,33517000,10
33503000,7,33505000,1,33502000,6,33507000,6,33501000,13,33508000,6,33500000,37,33509000,6,33499000,14,33510000,5,33498000,7,33511000,9,33497000,10,33512000,7,33496000,7,33513000,8,33495000,6,33514000,10,33494000,37,33515000,8
33503000,5,33506000,2,33502000,4,33507000,4,33501000,12,33508000,6,33500000,36,33509000,5,33499000,16,33510000,6,33498000,8,33511000,9,33497000,10,33512000,9,33496000,8,33513000,8,33495000,7,33514000,9,33494000,37,33515000,7
33508000,4,33510000,1,33507000,3,33511000,5,33506000,5,33512000,4,33505000,5,33513000,3,33504000,4,33514000,6,33503000,11,33515000,8,33502000,10,33516000,10,33501000,15,33517000,11,33500000,39,33518000,12,33499000,18,33519000,9
33508000,3,33511000,7,33507000,3,33512000,3,33506000,5,33513000,3,33505000,5,33514000,4,33504000,4,33515000,7,33503000,11,33516000,10,33502000,9,33517000,12,33501000,16,33518000,13,33500000,39,33519000,9,33499000,18,33520000,11
33508000,2,33510000,2,33507000,4,33511000,7,33506000,7,33512000,4,33505000,4,33513000,4,33504000,4,33514000,7,33503000,11,33515000,9,33502000,9,33516000,11,33501000,16,33517000,13,33500000,40,33518000,12,33499000,18,33519000,9
33512000,1,33513000,1,33511000,1,33514000,3,33510000,3,33515000,6,33509000,4,33516000,5,33508000,5,33517000,10,33507000,7,33518000,13,33506000,7,33519000,12,33505000,7,33520000,10,33504000,9,33521000,9,33503000,10,33522000,9
33510000,3,33512000,2,33509000,2,33513000,5,33508000,6,33514000,3,33507000,8,33515000,10,33506000,7,33516000,6,33505000,9,33517000,12,33504000,10,33518000,12,33503000,9,33519000,10,33502000,9,33520000,11,33501000,14,33521000,10
33508000,1,33510000,3,33507000,3,33511000,4,33506000,7,33512000,5,33505000,5,33513000,8,33504000,6,33514000,3,33503000,12,33515000,13,33502000,10,33516000,10,33501000,15,33517000,12,33500000,38,33518000,13,33499000,18,33519000,9
33508000,2,33510000,1,33507000,4,33511000,5,33506000,7,33512000,5,33505000,5,33513000,8,33504000,6,33514000,5,33503000,10,33515000,13,33502000,8,33516000,11,33501000,15,33517000,12,33500000,38,33518000,13,33499000,18,33519000,9
33510000,3,33513000,3,33509000,5,33514000,3,33508000,4,33515000,12,33507000,5,33516000,8,33506000,6,33517000,10,33505000,6,33518000,13,33504000,10,33519000,11,33503000,9,33520000,10,33502000,10,33521000,9,33501000,16,33522000,9
33507000,1,33509000,2,33506000,7,33510000,3,33505000,4,33511000,5,33504000,7,33512000,6,33503000,9,33513000,8,33502000,7,33514000,7,33501000,16,33515000,10,33500000,37,33516000,9,33499000,18,33517000,10,33498000,12,33518000,12
33504000,1,33506000,3,33503000,5,33507000,4,33502000,4,33508000,5,33501000,15,33509000,4,33500000,35,33510000,4,33499000,19,33511000,8,33498000,11,33512000,10,33497000,7,33513000,10,33496000,5,33514000,10,33495000,6,33515000,8
33502000,3,33505000,4,33501000,12,33506000,4,33500000,34,33507000,5,33499000,17,33508000,6,33498000,8,33509000,8,33497000,9,33510000,7,33496000,7,33511000,9,33495000,7,33512000,10,33494000,37,33513000,9,33493000,6,33514000,13
33505000,4,33508000,4,33504000,5,33509000,5,33503000,6,33510000,7,33502000,4,33511000,10,33501000,6,33512000,9,33500000,32,33513000,10,33499000,15,33514000,14,33498000,10,33515000,7,33497000,10,33516000,8,33496000,9,33517000,9
33502000,1,33503000,1,33501000,3,33504000,2,33500000,26,33505000,4,33499000,12,33506000,3,33498000,8,33507000,4,33497000,10,33508000,4,33496000,7,33509000,8,33495000,16,33510000,8,33494000,36,33511000,10,33493000,7,33512000,10
33503000,3,33505000,1,33502000,4,33506000,4,33501000,5,33507000,3,33500000,23,33508000,4,33499000,11,33509000,6,33498000,7,33510000,7,33497000,8,33511000,9,33496000,8,33512000,8,33495000,18,33513000,7,33494000,35,33514000,12
33503000,3,33505000,1,33502000,4,33506000,4,33501000,5,33507000,3,33500000,23,33508000,4,33499000,11,33509000,6,33498000,7,33510000,7,33497000,8,33511000,9,33496000,8,33512000,8,33495000,18,33513000,7,33494000,35,33514000,12
33511000,1,33512000,4,33510000,1,33513000,4,33509000,3,33514000,8,33508000,3,33515000,6,33507000,4,33516000,8,33506000,3,33517000,11,33505000,7,33518000,11,33504000,10,33519000,9,33503000,9,33520000,8,33502000,9,33521000,7
33510000,2,33511000,3,33508000,4,33512000,6,33507000,4,33513000,3,33506000,3,33514000,9,33505000,5,33515000,7,33504000,8,33516000,7,33503000,9,33517000,10,33502000,7,33518000,10,33501000,7,33519000,9,33500000,27,33520000,8
33508000,1,33510000,2,33507000,3,33511000,6,33506000,4,33512000,9,33505000,5,33513000,7,33504000,5,33514000,14,33503000,8,33515000,11,33502000,6,33516000,11,33501000,9,33517000,8,33500000,28,33518000,10,33499000,13,33519000,8
33512000,4,33514000,3,33511000,3,33515000,4,33510000,5,33516000,7,33509000,6,33517000,7,33508000,7,33518000,8,33507000,10,33519000,8,33506000,10,33520000,9,33505000,12,33521000,9,33504000,10,33522000,9,33503000,8,33523000,8
33516000,24,33517000,7,33515000,1,33518000,7,33514000,3,33519000,7,33513000,2,33520000,8,33512000,5,33521000,10,33511000,6,33522000,9,33510000,4,33523000,9,33509000,8,33524000,11,33508000,8,33525000,10,33507000,12,33526000,6
33514000,1,33516000,10,33513000,4,33517000,2,33512000,4,33518000,6,33511000,5,33519000,6,33510000,5,33520000,7,33509000,10,33521000,10,33508000,11,33522000,10,33507000,11,33523000,11,33506000,9,33524000,13,33505000,11,33525000,8
33515000,2,33517000,2,33514000,4,33518000,6,33513000,4,33519000,4,33512000,5,33520000,6,33511000,7,33521000,8,33510000,8,33522000,10,33509000,11,33523000,12,33508000,12,33524000,13,33507000,10,33525000,8,33506000,9,33526000,8
33515000,2,33517000,3,33514000,4,33518000,3,33513000,4,33519000,3,33512000,4,33520000,6,33511000,7,33521000,8,33510000,10,33522000,10,33509000,11,33523000,12,33508000,12,33524000,13,33507000,10,33525000,8,33506000,9,33526000,8
33518000,1,33519000,4,33517000,2,33520000,4,33516000,5,33521000,4,33515000,6,33522000,8,33514000,2,33523000,11,33513000,4,33524000,10,33512000,5,33525000,10,33511000,11,33526000,7,33510000,12,33527000,5,33509000,9,33528000,5
33515000,1,33517000,4,33514000,3,33518000,4,33513000,2,33519000,6,33512000,3,33520000,5,33511000,8,33521000,8,33510000,9,33522000,9,33509000,9,33523000,11,33508000,10,33524000,11,33507000,7,33525000,10,33506000,8,33526000,7
33521000,1,33523000,4,33520000,6,33524000,8,33519000,33,33525000,9,33518000,2,33526000,10,33517000,3,33527000,6,33516000,6,33528000,7,33515000,9,33529000,9,33514000,10,33530000,6,33513000,10,33531000,7,33512000,9,33532000,7
33521000,1,33523000,4,33520000,6,33524000,8,33519000,33,33525000,9,33518000,2,33526000,10,33517000,3,33527000,6,33516000,6,33528000,7,33515000,9,33529000,9,33514000,10,33530000,6,33513000,10,33531000,7,33512000,9,33532000,7
33521000,2,33524000,5,33520000,6,33525000,6,33519000,34,33526000,6,33518000,4,33527000,4,33517000,4,33528000,6,33516000,7,33529000,7,33515000,5,33530000,6,33514000,6,33531000,4,33513000,8,33532000,6,33512000,5,33533000,5
