32430.9782144,4,0,3,33663000,1
32461.2145755,4,1,1,33660000,-1
32470.9815405,4,2,1,33657000,1
32473.5198203,4,3,1,33660000,-1
32486.1033525,4,4,19,33655000,1
32494.9240363,4,5,16,33652000,1
32504.4113682,4,6,3,33649000,1
32511.3789897,4,7,7,33654000,1
32600.7142786,4,8,6,33651000,-1
32605.730226,4,9,7,33647000,-1
32605.9201072,4,10,1,33650000,-1
32607.7577766,4,11,1,33646000,1
32611.5866279,4,12,2,33642000,-1
32611.7311638,4,13,1,33645000,1
32625.9460242,4,14,3,33642000,1
32636.1314212,4,15,25,33638000,-1
32644.3393827,4,16,3,33641000,1
32677.5598511,4,17,6,33638000,-1
32684.3529473,4,18,5,33641000,-1
32694.9892358,4,19,2,33644000,-1
32709.9891861,4,20,1,33648000,-1
32725.6900509,4,21,7,33643000,1
32740.8423228,4,22,4,33640000,-1
32745.0247782,4,23,8,33643000,-1
32786.7541426,4,24,2,33646000,1
32845.5737575,4,25,25,33649000,1
32879.0628397,4,26,13,33646000,-1
32891.7133894,4,27,1,33650000,-1
32953.3859404,4,28,2,33647000,-1
32960.2979606,4,29,5,33644000,1
32963.1881358,4,30,1,33641000,1
32975.7381803,4,31,1,33637000,1
33011.9637676,4,32,2,33640000,-1
33068.1076475,4,33,2,33637000,-1
33077.0335543,4,34,1,33640000,-1
33117.4310347,4,35,8,33637000,1
33218.7497868,4,36,1,33634000,-1
33255.5483081,4,37,11,33630000,1
33255.6916179,4,38,1,33627000,-1
33272.7532334,4,39,10,33630000,-1
33286.1732538,4,40,1,33627000,1
33289.1502727,4,41,1,33633000,1
33305.5155285,4,42,1,33630000,1
33326.7961925,4,43,1,33634000,-1
33390.7662915,4,44,13,33629000,1
33423.135815,4,45,14,33626000,1
33456.5714154,4,46,2,33631000,1
33462.921469,4,47,2,33628000,-1
33471.0108248,4,48,1,33631000,-1
33474.99503,4,49,10,33628000,1
33483.1103898,4,50,5,33625000,-1
33498.6337705,4,51,3,33628000,1
33528.9874141,4,52,13,33625000,1
33565.2680643,4,53,2,33628000,1
33566.3899046,4,54,42,33625000,1
33568.7324829,4,55,15,33622000,1
33575.0970561,4,56,20,33618000,-1
33580.1004861,4,57,4,33621000,-1
33584.2106865,4,58,3,33624000,1
33584.2145644,4,59,6,33621000,1
33622.0272612,4,60,7,33624000,1
33650.3281792,4,61,12,33621000,-1
33657.8330574,4,62,1,33624000,-1
33711.6565566,4,63,23,33621000,-1
33712.6477371,4,64,12,33618000,1
33717.3085251,4,65,5,33615000,1
33719.572954,4,66,5,33612000,-1
33720.7963207,4,67,21,33615000,-1
33728.1879423,4,68,1,33618000,1
33730.811632,4,69,2,33615000,-1
33731.0121989,4,70,5,33618000,-1
33731.0334305,4,71,1,33621000,1
33744.3061856,4,72,6,33618000,-1
33744.4414722,4,73,1,33621000,1
33757.2115195,4,74,3,33618000,-1
33757.3779635,4,75,1,33621000,-1
33772.0474077,4,76,2,33618000,1
33772.0474307,4,77,1,33615000,1
33789.3668527,4,78,8,33618000,-1
33839.8980572,4,79,5,33621000,-1
33839.9011182,4,80,18,33624000,-1
33852.8598052,4,81,12,33627000,-1
33886.9898154,4,82,17,33624000,1
33930.4749961,4,83,10,33621000,1
33936.0242389,4,84,10,33618000,1
33938.7998537,4,85,2,33614000,1
33938.9118811,4,86,19,33611000,1
33938.9141993,4,87,29,33608000,1
33938.9675657,4,88,14,33605000,1
33939.4556869,4,89,9,33608000,1
33940.0614885,4,90,2,33605000,-1
33941.3010907,4,91,2,33609000,1
33950.3695362,4,92,4,33606000,-1
33952.8059901,4,93,1,33609000,-1
33960.0575008,4,94,2,33605000,-1
33987.1048255,4,95,66,33602000,-1
33992.7144707,4,96,3,33605000,-1
34022.3166327,4,97,43,33608000,1
34024.3125165,4,98,1,33605000,1
34035.2045487,4,99,40,33602000,1
34043.6926968,4,100,73,33599000,-1
34097.9514192,4,101,37,33602000,-1
34102.2653109,4,102,8,33605000,-1
34103.7388198,4,103,1,33608000,-1
34115.6303746,4,104,30,33603000,-1
34135.2189486,4,105,5,33600000,-1
34165.744337,4,106,1,33604000,-1
34166.0038281,4,107,4,33601000,-1
34166.6257345,4,108,2,33604000,1
34170.2591297,4,109,7,33601000,-1
34190.7088668,4,110,18,33604000,-1
34217.333114,4,111,21,33607000,-1
34230.5386563,4,112,17,33610000,1
34234.8313507,4,113,4,33607000,1
34243.9878071,4,114,10,33604000,-1
34260.3343175,4,115,15,33600000,1
34260.367793,4,116,11,33597000,-1
34265.702538,4,117,52,33600000,1
34280.0410174,4,118,9,33605000,-1
34288.6623681,4,119,13,33608000,1
34305.8150447,4,120,7,33605000,-1
34315.6495373,4,121,19,33608000,1
34322.0181339,4,122,7,33605000,1
34421.9915945,4,123,23,33601000,1
34422.07746,4,124,3,33598000,1
34441.6239853,4,125,31,33595000,1
34467.1802361,4,126,15,33592000,1
34471.8943446,4,127,2,33595000,1
34483.2242305,4,128,2,33592000,-1
34483.2436872,4,129,10,33595000,-1
34487.928162,4,130,1,33592000,1
34491.4399105,4,131,12,33596000,-1
34493.934354,4,132,1,33599000,-1
34506.1599153,4,133,38,33596000,-1
34506.1739488,4,134,9,33593000,-1
34518.111153,4,135,6,33596000,-1
34544.7310575,4,136,42,33592000,1
34544.7676037,4,137,10,33589000,1
34549.730957,4,138,13,33586000,1
34569.1846513,4,139,10,33583000,-1
34591.0822584,4,140,22,33580000,-1
34606.2153608,4,141,24,33583000,-1
34618.9234946,4,142,6,33586000,1
34619.7910878,4,143,17,33583000,1
34624.1693701,4,144,3,33580000,1
34628.8805015,4,145,1,33584000,-1
34638.1583693,4,146,7,33581000,1
34638.2806184,4,147,16,33577000,1
34638.2873533,4,148,43,33574000,1
34644.5438551,4,149,36,33571000,1
34646.2111583,4,150,12,33568000,-1
34646.2111659,4,151,1,33571000,-1
34650.9258165,4,152,2,33568000,1
34652.2518753,4,153,7,33565000,1
34657.6536958,4,154,1,33572000,1
34660.3011811,4,155,4,33575000,-1
34662.9686011,4,156,1,33572000,-1
34669.0583049,4,157,8,33569000,-1
34675.6404227,4,158,9,33572000,-1
34675.955153,4,159,4,33575000,-1
34680.0954365,4,160,31,33578000,-1
34683.6520996,4,161,1,33582000,-1
34685.4870152,4,162,23,33579000,1
34702.0880412,4,163,10,33576000,1
34702.7648047,4,164,1,33573000,-1
34708.1631623,4,165,13,33568000,1
34709.2685243,4,166,1,33565000,-1
34709.5280191,4,167,5,33562000,1
34709.5292113,4,168,19,33559000,1
34709.667578,4,169,2,33556000,1
34710.4488975,4,170,3,33559000,-1
34714.9671181,4,171,20,33562000,1
34719.5062259,4,172,12,33559000,1
34719.9345803,4,173,3,33556000,1
34728.0232908,4,174,1,33563000,1
34736.2511866,4,175,3,33569000,1
34740.3003172,4,176,14,33566000,-1
34748.3854557,4,177,3,33570000,1
34763.6611336,4,178,2,33567000,-1
34772.9521732,4,179,2,33570000,-1
34791.3871666,4,180,9,33573000,-1
34796.4048895,4,181,4,33576000,1
34802.4665687,4,182,3,33573000,1
34814.0325684,4,183,10,33570000,1
34821.9563691,4,184,15,33567000,1
34824.1792886,4,185,5,33564000,1
34828.6661812,4,186,20,33560000,1
34829.6324029,4,187,9,33557000,1
34829.6348416,4,188,14,33554000,1
34837.0022545,4,189,1,33559000,-1
34838.1641812,4,190,1,33562000,-1
34843.2233858,4,191,14,33565000,-1
34860.7858635,4,192,14,33568000,-1
34867.1522302,4,193,6,33572000,-1
34869.4592469,4,194,2,33575000,-1
34877.8336776,4,195,6,33571000,1
34882.5477241,4,196,2,33567000,1
34887.4214828,4,197,4,33571000,-1
34895.6993839,4,198,5,33576000,-1
34901.4897245,4,199,1,33579000,-1
34907.2292832,4,200,3,33572000,-1
34914.0950727,4,201,3,33575000,1
34917.3275486,4,202,4,33571000,1
34924.053423,4,203,5,33568000,-1
34932.5428995,4,204,3,33571000,-1
34951.0254073,4,205,9,33574000,1
34956.9231165,4,206,6,33569000,1
34965.2109705,4,207,6,33565000,1
34965.727281,4,208,3,33562000,-1
34968.7866331,4,209,1,33565000,-1
34977.2646278,4,210,10,33562000,1
34987.2343228,4,211,8,33568000,1
34996.988243,4,212,1,33565000,1
35001.1435261,4,213,5,33568000,-1
35001.2472421,4,214,2,33571000,-1
35001.610976,4,215,2,33574000,1
35001.636735,4,216,1,33571000,1
35012.4897402,4,217,5,33574000,1
35015.2260841,4,218,3,33571000,1
35019.3574401,4,219,1,33568000,1
35028.6250984,4,220,1,33564000,1
35042.7425542,4,221,1,33567000,-1
35052.1910954,4,222,13,33563000,1
35081.2433498,4,223,13,33560000,-1
35086.7346352,4,224,2,33563000,1
35090.9895484,4,225,11,33560000,1
35090.9906022,4,226,30,33557000,1
35091.2852195,4,227,4,33554000,-1
35092.0034529,4,228,1,33557000,-1
35093.7160126,4,229,8,33554000,1
35096.7995414,4,230,11,33551000,1
35100.8040837,4,231,4,33554000,1
35105.1435877,4,232,23,33551000,1
35105.1448238,4,233,22,33548000,1
35105.2308086,4,234,9,33545000,1
35113.7176072,4,235,3,33548000,1
35122.6179515,4,236,2,33545000,1
35124.4568958,4,237,2,33542000,-1
35130.9573507,4,238,1,33545000,-1
35135.6705407,4,239,1,33548000,-1
35140.0111143,4,240,2,33544000,1
35141.1336554,4,241,18,33541000,1
35141.1336876,4,242,3,33538000,1
35141.1966116,4,243,2,33541000,-1
35150.5939534,4,244,2,33544000,-1
35151.8689838,4,245,2,33547000,-1
35153.9147246,4,246,4,33544000,-1
35175.2673058,4,247,25,33547000,1
35181.6928362,4,248,1,33544000,-1
35209.9304031,4,249,2,33547000,-1
35215.242938,4,250,1,33550000,1
35229.4201385,4,251,5,33553000,-1
35235.9504608,4,252,2,33556000,-1
35247.0550336,4,253,5,33559000,-1
35248.9175282,4,254,5,33562000,1
35278.4829938,4,255,14,33559000,1
35278.4830051,4,256,1,33556000,1
35283.3011316,4,257,7,33560000,-1
35285.4823549,4,258,32,33564000,-1
35286.3578016,4,259,4,33569000,1
35289.512757,4,260,9,33566000,1
35297.6069503,4,261,4,33562000,1
35297.9913057,4,262,2,33559000,-1
35306.0692044,4,263,3,33562000,1
35310.4779292,4,264,2,33565000,-1
35311.2932804,4,265,6,33562000,1
35327.7500208,4,266,4,33559000,1
35331.0480221,4,267,4,33556000,-1
35333.0821187,4,268,1,33559000,1
35341.5547346,4,269,7,33562000,-1
35361.5771789,4,270,5,33558000,1
35361.5795822,4,271,11,33555000,1
35361.5796829,4,272,4,33552000,1
35363.093984,4,273,14,33558000,1
35367.6735847,4,274,6,33561000,-1
35373.4759473,4,275,7,33564000,-1
35374.2331263,4,276,5,33560000,1
35378.2666781,4,277,1,33563000,1
35386.5338766,4,278,8,33566000,1
35402.057445,4,279,16,33563000,1
35402.0632602,4,280,1,33560000,1
35417.7044845,4,281,4,33563000,-1
35431.7844949,4,282,16,33560000,-1
35461.0510377,4,283,2,33563000,-1
35472.9117276,4,284,9,33560000,-1
35486.7341592,4,285,9,33557000,1
35486.7392524,4,286,1,33554000,1
35489.2987351,4,287,1,33557000,1
35493.1315782,4,288,2,33554000,-1
35494.035483,4,289,9,33557000,-1
35503.0694875,4,290,4,33560000,1
35541.6913589,4,291,1,33556000,1
35561.3647589,4,292,6,33559000,1
35565.8989959,4,293,3,33562000,-1
35571.0276862,4,294,1,33565000,1
35581.2906683,4,295,24,33570000,1
35614.4880671,4,296,2,33567000,1
35618.1409519,4,297,2,33571000,1
35621.306568,4,298,15,33574000,1
35627.6767393,4,299,14,33571000,1
35630.6863115,4,300,1,33568000,1
35636.0028718,4,301,7,33572000,1
35650.633322,4,302,1,33569000,1
35701.284228,4,303,5,33572000,1
35723.5560773,4,304,6,33575000,1
35740.9865215,4,305,3,33572000,1
35764.8368544,4,306,10,33569000,1
35764.8407764,4,307,14,33566000,1
35764.8408419,4,308,7,33563000,1
35769.9365413,4,309,4,33566000,1
35777.0314812,4,310,18,33560000,1
35783.8016761,4,311,11,33557000,1
35790.8361319,4,312,1,33553000,1
35803.2621706,4,313,8,33556000,-1
35812.90063,4,314,1,33559000,1
35832.064671,4,315,2,33555000,-1
35855.271422,4,316,11,33558000,1
35878.2873263,4,317,1,33555000,1
35907.0156144,4,318,2,33558000,1
35922.1534867,4,319,4,33555000,-1
35945.68468,4,320,3,33558000,1
35961.5030035,4,321,4,33554000,-1
35981.5930453,4,322,7,33557000,-1
35997.5073163,4,323,3,33560000,-1
36004.406013,4,324,13,33563000,-1
36014.8616943,4,325,1,33567000,-1
36035.7590572,4,326,3,33562000,1
36035.7614662,4,327,19,33559000,1
36035.7954476,4,328,1,33556000,1
36046.3550291,4,329,6,33559000,1
36053.8365235,4,330,10,33555000,1
36056.1287836,4,331,1,33552000,1
36068.0354178,4,332,3,33555000,-1
36072.0723068,4,333,2,33560000,1
36098.0487819,4,334,12,33557000,1
36122.7481174,4,335,3,33554000,1
36128.9986386,4,336,1,33551000,1
36143.9901941,4,337,1,33554000,1
36150.644183,4,338,2,33558000,1
36151.2567426,4,339,2,33555000,-1
36151.6038372,4,340,1,33559000,-1
36154.0986625,4,341,4,33556000,-1
36159.5952173,4,342,6,33559000,1
36164.3989932,4,343,2,33556000,1
36177.360274,4,344,3,33560000,-1
36213.6303468,4,345,5,33563000,-1
36216.1552047,4,346,6,33566000,-1
36216.1560393,4,347,19,33569000,-1
36221.8471664,4,348,8,33572000,-1
36245.4106298,4,349,1,33568000,-1
36249.9205755,4,350,1,33571000,-1
36309.0338168,4,351,13,33568000,-1
36324.977145,4,352,29,33572000,1
36326.1040302,4,353,6,33569000,1
36328.1645022,4,354,1,33566000,1
36338.6039101,4,355,1,33569000,-1
36348.5035348,4,356,6,33564000,1
36348.5317358,4,357,16,33561000,1
36381.0560706,4,358,1,33558000,1
36382.7908516,4,359,3,33563000,-1
36384.3597218,4,360,3,33566000,1
36397.0062438,4,361,9,33560000,-1
36423.6595332,4,362,1,33563000,-1
36442.9265792,4,363,6,33560000,1
36480.6192617,4,364,1,33557000,1
36541.2744453,4,365,8,33560000,1
36558.5659314,4,366,2,33563000,-1
36561.3904212,4,367,1,33566000,-1
36581.694798,4,368,18,33569000,-1
36583.5520563,4,369,19,33572000,-1
36585.2652699,4,370,1,33575000,-1
36641.0356625,4,371,17,33570000,-1
36648.9386352,4,372,3,33573000,-1
36675.3640146,4,373,6,33576000,-1
36693.7408624,4,374,7,33572000,1
36704.914398,4,375,19,33569000,1
36708.4590307,4,376,1,33566000,1
36713.9127935,4,377,1,33569000,1
36786.0384292,4,378,9,33566000,-1
36804.610413,4,379,11,33569000,-1
36807.5730057,4,380,7,33572000,-1
36816.8842036,4,381,3,33575000,1
36822.5840869,4,382,5,33572000,-1
36829.4035496,4,383,2,33575000,1
36841.2591628,4,384,5,33572000,1
36875.4804384,4,385,6,33569000,-1
36898.1390495,4,386,2,33572000,1
36941.8811407,4,387,5,33569000,-1
36958.4042416,4,388,4,33566000,-1
36981.6584703,4,389,2,33571000,-1
37001.5601021,4,390,4,33574000,1
37005.5297297,4,391,16,33571000,1
37012.9792492,4,392,7,33568000,-1
37038.8776023,4,393,8,33572000,-1
37060.7309149,4,394,8,33575000,1
37061.0812231,4,395,12,33579000,-1
37061.0848682,4,396,21,33582000,-1
37079.3558279,4,397,23,33585000,-1
37085.8744986,4,398,3,33580000,-1
37127.5309778,4,399,1,33583000,-1
37142.7319658,4,400,10,33580000,1
37150.35457,4,401,1,33577000,1
37190.9837541,4,402,5,33580000,-1
37193.8858671,4,403,11,33583000,-1
37201.1694451,4,404,1,33587000,1
37206.6616121,4,405,12,33590000,-1
37212.0518699,4,406,3,33593000,1
37222.2420788,4,407,9,33590000,1
37226.1216653,4,408,2,33587000,-1
37273.3629371,4,409,4,33590000,-1
37284.1490331,4,410,10,33593000,-1
37284.153387,4,411,29,33596000,-1
37284.2317063,4,412,62,33599000,-1
37284.2484749,4,413,1,33602000,-1
37323.016837,4,414,148,33599000,1
37329.0946352,4,415,5,33596000,1
37342.8778295,4,416,1,33592000,1
37383.5581053,4,417,2,33595000,1
37405.5364639,4,418,4,33592000,1
37444.5596452,4,419,6,33589000,-1
37478.0318138,4,420,1,33592000,1
37492.1779084,4,421,2,33596000,1
37513.2946603,4,422,18,33593000,1
37514.6576288,4,423,1,33590000,1
37529.45317,4,424,9,33593000,-1
37633.7167755,4,425,16,33596000,-1
37887.0644997,4,426,37,33599000,-1
37899.325789,4,427,1,33602000,-1
37912.5071553,4,428,3,33599000,1
37973.0747829,4,429,1,33596000,1
37980.5140965,4,430,9,33600000,-1
37982.4078791,4,431,28,33603000,-1
37982.4637563,4,432,17,33606000,-1
37983.6360465,4,433,1,33609000,-1
37983.7018934,4,434,1,33606000,1
37986.3232578,4,435,9,33609000,1
37986.5011232,4,436,1,33606000,1
37993.5926229,4,437,1,33610000,-1
37994.4540932,4,438,1,33607000,1
37995.2009121,4,439,2,33610000,1
38030.6296916,4,440,11,33606000,-1
38128.9910268,4,441,12,33609000,1
38235.9180623,4,442,3,33612000,-1
38239.2690622,4,443,1,33609000,1
38249.2252741,4,444,1,33612000,-1
38257.4445897,4,445,6,33609000,-1
38285.5228323,4,446,18,33612000,-1
38335.3357413,4,447,9,33609000,-1
38340.6975809,4,448,1,33612000,-1
38340.7187227,4,449,1,33609000,1
38393.9159988,4,450,14,33612000,-1
38405.5895555,4,451,9,33609000,-1
38417.8551879,4,452,11,33612000,-1
38417.9144546,4,453,2,33615000,1
38427.7528012,4,454,2,33611000,-1
38427.766993,4,455,3,33614000,1
38428.7951213,4,456,1,33610000,1
38444.3135242,4,457,10,33613000,-1
38448.1086282,4,458,10,33616000,-1
38457.3745827,4,459,15,33619000,-1
38485.036026,4,460,1,33622000,1
38498.4294978,4,461,10,33626000,-1
38508.8715193,4,462,2,33629000,1
38524.7781572,4,463,8,33626000,-1
38534.341436,4,464,1,33630000,-1
38545.5603263,4,465,1,33626000,1
38583.2987822,4,466,8,33629000,1
38628.0343099,4,467,5,33633000,1
38629.2206024,4,468,7,33637000,-1
38629.2477105,4,469,2,33640000,1
38640.8701548,4,470,7,33637000,1
38657.7521206,4,471,7,33640000,1
38693.0676753,4,472,16,33637000,-1
38721.3783114,4,473,7,33640000,1
38724.9604614,4,474,40,33637000,-1
38733.444012,4,475,6,33641000,-1
38745.4767297,4,476,1,33644000,-1
38771.9743204,4,477,11,33640000,-1
38786.4285715,4,478,12,33643000,-1
38846.8809626,4,479,8,33646000,-1
38874.4402306,4,480,5,33642000,-1
38881.4765383,4,481,1,33645000,-1
38991.3155721,4,482,15,33642000,1
38991.6605299,4,483,11,33645000,-1
38996.051263,4,484,24,33648000,-1
39000.7698643,4,485,9,33651000,1
39028.2410928,4,486,7,33654000,1
39029.2019329,4,487,3,33651000,-1
39039.8060998,4,488,1,33654000,-1
39065.0346682,4,489,6,33651000,-1
39114.7581283,4,490,14,33654000,-1
39114.9946859,4,491,9,33657000,-1
39115.7830799,4,492,3,33660000,1
39118.6908252,4,493,6,33657000,-1
39123.1952929,4,494,2,33660000,1
39139.8026511,4,495,2,33657000,1
39199.9847221,4,496,9,33660000,-1
39225.5701309,4,497,22,33657000,1
39228.3600676,4,498,6,33654000,1
39230.4049731,4,499,5,33651000,1
39239.2709774,4,500,13,33648000,1
39239.4332267,4,501,22,33645000,1
39239.433369,4,502,8,33642000,1
39242.6619567,4,503,2,33646000,-1
39250.6288643,4,504,1,33649000,1
39265.9093036,4,505,7,33646000,-1
39265.9575649,4,506,2,33649000,1
39266.1431218,4,507,3,33646000,-1
39267.7249861,4,508,3,33649000,1
39282.5513959,4,509,5,33646000,-1
39301.0634316,4,510,8,33649000,-1
39327.1995222,4,511,33,33645000,-1
39330.6411956,4,512,5,33649000,-1
39334.4568615,4,513,6,33652000,-1
39366.2602932,4,514,19,33655000,-1
39381.4545271,4,515,8,33646000,1
39392.6954884,4,516,9,33643000,1
39398.3952947,4,517,2,33640000,-1
39398.8280645,4,518,2,33643000,-1
39405.7205096,4,519,12,33640000,1
39409.7543432,4,520,2,33637000,-1
39436.7356291,4,521,13,33640000,-1
39458.8124455,4,522,5,33636000,1
39462.3300006,4,523,1,33633000,1
39477.0766844,4,524,13,33636000,-1
39483.185766,4,525,1,33639000,1
39502.6358322,4,526,9,33636000,-1
39507.8735709,4,527,4,33639000,-1
39515.8830353,4,528,1,33635000,1
39516.3503266,4,529,2,33639000,1
39524.4651684,4,530,5,33636000,-1
39538.9507761,4,531,1,33639000,1
39544.0145465,4,532,1,33642000,-1
39559.9996112,4,533,20,33639000,-1
39586.1795776,4,534,1,33642000,1
39605.04962,4,535,3,33636000,1
39611.9434205,4,536,2,33633000,1
39623.8932167,4,537,32,33630000,1
39623.8932482,4,538,1,33627000,1
39637.3148178,4,539,8,33630000,-1
39643.1912618,4,540,10,33633000,-1
39656.5873148,4,541,6,33636000,-1
39660.7335783,4,542,5,33639000,-1
39669.6016184,4,543,11,33642000,1
39670.5053072,4,544,4,33638000,1
39671.9073995,4,545,16,33635000,1
39677.1456082,4,546,9,33632000,1
39677.4750931,4,547,2,33628000,-1
39686.779549,4,548,1,33631000,-1
39694.3130973,4,549,1,33628000,1
39696.2117147,4,550,6,33631000,-1
39712.8404668,4,551,1,33634000,-1
39717.4152025,4,552,6,33631000,1
39747.4847728,4,553,11,33628000,1
39764.6105209,4,554,26,33624000,-1
39766.6189448,4,555,5,33627000,-1
39770.6114168,4,556,4,33630000,-1
39782.5416499,4,557,3,33633000,1
39791.9384531,4,558,3,33628000,1
39795.0683256,4,559,1,33624000,1
39809.7015185,4,560,9,33627000,1
39810.7490474,4,561,9,33624000,1
39830.4738796,4,562,4,33621000,1
39864.7289961,4,563,7,33618000,1
39866.3456788,4,564,3,33615000,1
39873.629862,4,565,14,33618000,-1
39887.8859939,4,566,8,33615000,1
39897.5557538,4,567,2,33612000,-1
39905.244527,4,568,10,33615000,-1
39930.9799095,4,569,43,33610000,-1
39931.3111848,4,570,9,33613000,-1
39937.0449131,4,571,1,33618000,-1
39955.3252898,4,572,1,33614000,-1
39988.093672,4,573,2,33611000,1
39999.5359815,4,574,10,33608000,-1
40006.743903,4,575,14,33611000,-1
40023.9772086,4,576,2,33614000,-1
40045.7678162,4,577,14,33605000,-1
40066.2389519,4,578,32,33608000,-1
40066.2474254,4,579,1,33611000,-1
40129.2040361,4,580,4,33608000,1
40142.3885589,4,581,4,33605000,1
40163.2820785,4,582,55,33602000,1
40166.6544737,4,583,13,33599000,1
40185.5778162,4,584,6,33595000,-1
40185.6368647,4,585,25,33598000,1
40214.0742032,4,586,32,33595000,-1
40229.3229766,4,587,1,33598000,-1
40270.9186527,4,588,17,33594000,-1
40279.5651235,4,589,2,33597000,-1
40281.7231423,4,590,5,33594000,-1
40283.3662237,4,591,12,33597000,-1
40284.7267698,4,592,9,33600000,-1
40304.3121139,4,593,20,33603000,-1
40304.4576068,4,594,2,33606000,-1
40349.9835145,4,595,24,33609000,1
40394.1031152,4,596,49,33606000,-1
40394.1381273,4,597,2,33609000,1
40414.4798049,4,598,16,33604000,-1
40422.0826015,4,599,2,33600000,1
40423.9445123,4,600,15,33597000,1
40424.1070111,4,601,1,33594000,-1
40426.9407773,4,602,15,33590000,1
40429.4161189,4,603,2,33587000,-1
40447.5196101,4,604,6,33590000,-1
40455.3621684,4,605,3,33586000,-1
40461.6736331,4,606,2,33589000,1
40494.1392541,4,607,13,33586000,1
40501.4262211,4,608,8,33583000,1
40509.1046648,4,609,9,33580000,-1
40523.4739278,4,610,1,33583000,-1
40526.9235881,4,611,10,33578000,1
40533.2520052,4,612,6,33581000,1
40535.7697132,4,613,1,33578000,1
40551.878433,4,614,4,33581000,1
40551.8784662,4,615,1,33578000,1
40570.5647953,4,616,5,33581000,-1
40582.0197087,4,617,2,33584000,1
40625.070979,4,618,1,33581000,-1
40636.5160376,4,619,2,33577000,-1
40660.0193556,4,620,12,33580000,-1
40689.726666,4,621,21,33577000,1
40712.1076845,4,622,5,33574000,1
40741.4288614,4,623,6,33577000,1
40782.6336247,4,624,29,33574000,-1
40818.8398788,4,625,8,33577000,-1
40833.2669355,4,626,10,33580000,-1
40833.288009,4,627,1,33583000,-1
40841.5744591,4,628,1,33580000,1
40861.5409864,4,629,10,33584000,-1
40865.3416023,4,630,7,33587000,1
40885.5136663,4,631,4,33584000,-1
40895.2556663,4,632,2,33587000,1
40898.6644565,4,633,9,33583000,1
40898.676662,4,634,1,33580000,1
40903.3823489,4,635,3,33584000,1
40904.4457211,4,636,1,33587000,-1
40937.9526003,4,637,13,33584000,-1
40937.9825775,4,638,15,33587000,-1
40942.1422759,4,639,7,33590000,-1
40948.540071,4,640,6,33593000,1
40965.2468593,4,641,11,33590000,-1
40968.8698541,4,642,37,33587000,1
40969.4034646,4,643,4,33584000,1
40977.680266,4,644,8,33581000,1
40979.988622,4,645,1,33585000,-1
40986.7362634,4,646,4,33581000,-1
40989.2589755,4,647,1,33584000,-1
41008.6345951,4,648,13,33581000,1
41030.5001373,4,649,8,33578000,1
41038.7748177,4,650,1,33575000,1
41052.3569018,4,651,6,33579000,1
41089.1419454,4,652,6,33576000,1
41094.4510501,4,653,1,33579000,1
41136.2367969,4,654,7,33582000,1
41179.0996337,4,655,22,33579000,1
41183.6504796,4,656,2,33576000,-1
41215.0647233,4,657,26,33579000,-1
41229.7731622,4,658,6,33584000,1
41332.1852603,4,659,70,33581000,-1
41349.7817459,4,660,4,33578000,-1
41433.8538922,4,661,2,33582000,-1
41517.9783946,4,662,1,33578000,1
41579.1545441,4,663,17,33575000,1
41579.2553233,4,664,30,33572000,-1
41601.5641856,4,665,8,33569000,-1
41612.2682433,4,666,1,33572000,-1
41655.3238067,4,667,8,33569000,-1
41663.8065062,4,668,1,33572000,1
41665.5448684,4,669,2,33575000,-1
41666.8027408,4,670,2,33578000,1
41669.135494,4,671,3,33575000,1
41706.7813952,4,672,1,33572000,1
41717.1590002,4,673,8,33575000,1
41745.1188774,4,674,6,33572000,1
41749.3419814,4,675,4,33575000,1
41765.4831637,4,676,14,33572000,1
41774.7607394,4,677,10,33569000,1
41774.8927151,4,678,18,33566000,-1
41833.6879716,4,679,2,33570000,-1
41848.9297736,4,680,4,33573000,1
41849.0111019,4,681,9,33570000,1
41850.4845459,4,682,6,33567000,1
41868.9399479,4,683,19,33564000,1
41882.2149052,4,684,5,33561000,-1
41888.3942623,4,685,1,33564000,-1
41893.5461826,4,686,1,33561000,1
41894.202699,4,687,1,33564000,-1
41944.340436,4,688,10,33567000,-1
41956.1277915,4,689,15,33572000,1
41959.0430458,4,690,23,33569000,1
41963.8369346,4,691,1,33566000,1
41987.7536726,4,692,13,33571000,1
41991.0346364,4,693,1,33568000,-1
41993.3436928,4,694,21,33565000,-1
42008.3566183,4,695,14,33568000,1
42013.5880973,4,696,3,33564000,1
42046.773243,4,697,11,33561000,1
42066.9350513,4,698,8,33558000,-1
42087.9206495,4,699,19,33561000,-1
42091.9707155,4,700,21,33564000,1
42107.0119887,4,701,5,33561000,1
42122.7378983,4,702,10,33558000,1
42146.035809,4,703,6,33555000,1
42146.0398723,4,704,54,33552000,1
42146.1012591,4,705,7,33549000,1
42180.8215496,4,706,22,33553000,-1
42183.1517661,4,707,6,33556000,-1
42183.1907898,4,708,5,33559000,-1
42183.266962,4,709,3,33562000,-1
42185.1193513,4,710,5,33565000,-1
42213.047236,4,711,44,33568000,-1
42217.0760575,4,712,2,33565000,1
42237.8271217,4,713,2,33562000,-1
42255.5603468,4,714,13,33565000,1
42303.1409826,4,715,18,33562000,-1
42303.3015718,4,716,1,33565000,-1
42331.5206715,4,717,5,33569000,-1
42338.4940523,4,718,1,33572000,-1
42351.6519981,4,719,6,33569000,1
42363.3416345,4,720,4,33566000,1
42391.8875579,4,721,12,33563000,1
42395.0683583,4,722,11,33560000,-1
42400.6726641,4,723,2,33563000,-1
42425.9925974,4,724,7,33560000,1
42435.9072947,4,725,6,33557000,1
42456.1576807,4,726,7,33554000,-1
42463.7738456,4,727,1,33557000,1
42471.3116371,4,728,7,33554000,1
42487.81282,4,729,14,33551000,-1
42495.2153601,4,730,12,33554000,-1
42500.7164279,4,731,20,33558000,-1
42501.7874341,4,732,19,33555000,-1
42512.6350518,4,733,1,33558000,-1
42523.8920878,4,734,2,33553000,-1
42526.5237437,4,735,17,33550000,1
42531.981312,4,736,9,33547000,1
42536.6384841,4,737,1,33552000,-1
42543.1874499,4,738,10,33549000,-1
42554.3467785,4,739,1,33552000,-1
42593.3771451,4,740,6,33548000,-1
42604.533843,4,741,3,33551000,-1
42606.3801587,4,742,1,33548000,1
42619.5642155,4,743,6,33551000,-1
42621.6275707,4,744,1,33554000,1
42627.9849355,4,745,5,33550000,-1
42631.8493036,4,746,8,33554000,-1
42638.6092134,4,747,11,33557000,-1
42655.2069401,4,748,13,33560000,-1
42661.3694145,4,749,10,33563000,1
42671.1421093,4,750,11,33560000,1
42689.3095554,4,751,14,33557000,1
42689.56768,4,752,2,33554000,-1
42689.5901739,4,753,1,33557000,-1
42722.7034732,4,754,7,33554000,1
42734.5249174,4,755,1,33551000,-1
42740.1639826,4,756,5,33548000,1
42742.6960274,4,757,17,33545000,1
42742.7695107,4,758,31,33542000,1
42743.365468,4,759,35,33539000,-1
42743.4041171,4,760,4,33542000,1
42743.449596,4,761,1,33539000,1
42747.3103036,4,762,2,33542000,1
42759.9087793,4,763,18,33539000,-1
42763.6861743,4,764,16,33543000,-1
42797.5876742,4,765,39,33536000,-1
42801.3214955,4,766,4,33539000,-1
42807.6961288,4,767,4,33542000,1
42810.4207601,4,768,2,33539000,-1
42822.8260785,4,769,20,33542000,-1
42826.9080094,4,770,17,33545000,-1
42830.5875774,4,771,13,33548000,-1
42830.6239644,4,772,24,33551000,1
42842.6347363,4,773,12,33548000,1
42849.0985667,4,774,7,33545000,-1
42870.3513491,4,775,7,33548000,-1
42870.3873889,4,776,12,33551000,1
42882.9723247,4,777,4,33554000,-1
42884.3350739,4,778,3,33557000,-1
42889.8221018,4,779,10,33560000,-1
42891.5185312,4,780,2,33564000,1
42892.590825,4,781,3,33561000,1
42897.6960163,4,782,7,33558000,-1
42898.9318718,4,783,2,33561000,1
42906.4332541,4,784,2,33557000,-1
42906.5686901,4,785,1,33560000,-1
42913.6337654,4,786,3,33557000,1
42942.4633515,4,787,11,33560000,-1
42952.5518574,4,788,9,33563000,1
42976.8308063,4,789,16,33560000,-1
42990.1775344,4,790,16,33563000,1
43021.3568414,4,791,7,33560000,1
43027.157464,4,792,5,33557000,1
43042.2830014,4,793,9,33554000,1
43052.9390432,4,794,2,33559000,-1
43063.1776626,4,795,3,33562000,1
43144.3727345,4,796,11,33559000,-1
43154.3547796,4,797,10,33562000,-1
43173.1151383,4,798,5,33565000,-1
43174.7018244,4,799,1,33562000,1
43200.2267883,4,800,14,33565000,1
43201.6559269,4,801,9,33562000,1
43205.5707165,4,802,1,33565000,-1
43212.2965292,4,803,7,33562000,1
43212.4294537,4,804,1,33559000,-1
43221.6455835,4,805,1,33563000,-1
43223.0460508,4,806,1,33559000,1
43236.0272759,4,807,2,33562000,-1
43241.2302633,4,808,16,33558000,1
43243.4972531,4,809,2,33555000,1
43255.0751284,4,810,1,33552000,1
43266.1027053,4,811,14,33555000,-1
43283.3422416,4,812,7,33558000,-1
43297.7604371,4,813,1,33553000,1
43312.9176114,4,814,1,33556000,-1
43352.3820958,4,815,33,33552000,-1
43353.9164448,4,816,2,33549000,-1
43356.6744518,4,817,22,33552000,-1
43368.3144567,4,818,5,33557000,-1
43398.4019773,4,819,7,33560000,-1
43400.0889279,4,820,10,33563000,-1
43400.311696,4,821,6,33566000,-1
43401.24402,4,822,16,33569000,-1
43410.79081,4,823,5,33573000,1
43436.7436717,4,824,37,33570000,1
43445.3703983,4,825,14,33567000,1
43447.7247764,4,826,19,33564000,1
43450.8446014,4,827,13,33561000,1
43453.1945657,4,828,10,33558000,1
43454.8561482,4,829,8,33554000,1
43460.2337935,4,830,15,33551000,1
43471.4389844,4,831,6,33556000,1
43471.4395253,4,832,1,33553000,1
43478.4827865,4,833,3,33556000,1
43495.0719296,4,834,4,33553000,1
43505.2368772,4,835,5,33556000,1
43509.2179898,4,836,4,33552000,-1
43528.3121357,4,837,5,33555000,1
43540.6799615,4,838,1,33552000,1
43560.6931739,4,839,4,33559000,-1
43565.4531133,4,840,10,33562000,-1
43568.0300399,4,841,11,33565000,-1
43573.3475756,4,842,1,33568000,1
43577.5506064,4,843,3,33564000,1
43579.8555162,4,844,7,33561000,1
43580.8168257,4,845,1,33558000,1
43583.8697877,4,846,3,33561000,1
43583.8844808,4,847,2,33558000,-1
43590.8078643,4,848,2,33561000,1
43606.2274337,4,849,15,33558000,1
43613.6677553,4,850,1,33554000,-1
43621.3336086,4,851,7,33550000,1
43626.8348343,4,852,4,33547000,-1
43656.1203004,4,853,4,33551000,-1
43672.5001664,4,854,3,33554000,1
43672.7262977,4,855,5,33557000,-1
43688.8637003,4,856,1,33554000,1
43694.4910362,4,857,1,33558000,-1
43707.766509,4,858,5,33553000,1
43724.5969571,4,859,1,33546000,-1
43733.1874621,4,860,2,33542000,1
43754.3171915,4,861,1,33547000,-1
43777.8446906,4,862,12,33541000,1
43804.7630561,4,863,5,33544000,-1
43815.6281936,4,864,16,33540000,1
43828.8924528,4,865,6,33536000,1
43835.4623064,4,866,1,33533000,-1
43855.0744529,4,867,31,33536000,-1
43861.4609046,4,868,4,33539000,-1
43863.9049391,4,869,3,33542000,-1
43880.1916323,4,870,1,33545000,1
43888.250714,4,871,6,33550000,-1
43889.949146,4,872,1,33554000,-1
43901.5579712,4,873,5,33550000,-1
43933.1693206,4,874,11,33553000,-1
43938.6179067,4,875,7,33556000,-1
43942.6400993,4,876,4,33559000,-1
43984.5843814,4,877,25,33562000,1
43988.7147391,4,878,4,33557000,-1
44023.4048094,4,879,16,33561000,-1
44041.2237888,4,880,28,33564000,-1
44045.7392936,4,881,22,33567000,-1
44045.8279441,4,882,22,33570000,-1
44048.3433589,4,883,28,33573000,-1
44050.8662242,4,884,25,33577000,-1
44053.1091208,4,885,4,33574000,-1
44053.2962519,4,886,13,33577000,-1
44056.2531934,4,887,5,33574000,-1
44056.2531991,4,888,1,33577000,-1
44061.0540789,4,889,3,33574000,1
44074.5223269,4,890,2,33577000,1
44086.5525428,4,891,4,33581000,1
44086.5525743,4,892,1,33578000,1
44099.8002516,4,893,7,33581000,1
44113.9905293,4,894,5,33578000,-1
44115.1010325,4,895,2,33582000,1
44129.1125247,4,896,14,33579000,-1
44140.2889294,4,897,14,33582000,-1
44155.7711437,4,898,11,33585000,1
44161.5142156,4,899,3,33582000,1
44199.8686206,4,900,16,33585000,1
44238.1120207,4,901,4,33582000,-1
44244.8505532,4,902,3,33585000,1
44250.9744392,4,903,10,33589000,-1
44255.0607833,4,904,9,33592000,-1
44261.6672368,4,905,4,33589000,-1
44262.8392229,4,906,14,33592000,-1
44271.2033205,4,907,11,33595000,1
44284.3607871,4,908,7,33600000,1
44285.8950719,4,909,10,33603000,1
44287.3099839,4,910,11,33600000,-1
44293.8480825,4,911,17,33603000,-1
44303.8191554,4,912,5,33606000,1
44305.0732525,4,913,9,33603000,1
44305.4409084,4,914,11,33600000,1
44310.2535963,4,915,1,33596000,-1
44334.8125657,4,916,7,33599000,1
44337.3501924,4,917,31,33603000,1
44342.5414691,4,918,1,33600000,1
44368.0093739,4,919,9,33603000,-1
44369.171833,4,920,1,33606000,1
44385.2025629,4,921,10,33609000,1
44390.958307,4,922,11,33606000,1
44400.049683,4,923,4,33603000,-1
44417.5040224,4,924,26,33606000,-1
44439.5371216,4,925,5,33609000,1
44441.8023892,4,926,6,33613000,-1
44442.5904243,4,927,6,33617000,-1
44443.8195488,4,928,23,33620000,-1
44455.8716163,4,929,1,33623000,-1
44468.5017066,4,930,14,33620000,1
44468.5574375,4,931,47,33617000,1
44473.2599941,4,932,4,33614000,-1
44473.3066685,4,933,1,33617000,1
44479.3619601,4,934,20,33620000,1
44484.230778,4,935,3,33617000,1
44488.7248146,4,936,12,33613000,-1
44491.7511424,4,937,1,33616000,-1
44502.6689266,4,938,9,33613000,-1
44509.8116029,4,939,6,33617000,1
44521.0725198,4,940,10,33612000,-1
44521.1058363,4,941,4,33609000,-1
44521.6605957,4,942,4,33606000,-1
44524.1455308,4,943,1,33609000,-1
44526.6046794,4,944,6,33606000,1
44526.8250494,4,945,6,33603000,1
44528.7044526,4,946,11,33600000,1
44551.2476831,4,947,23,33597000,-1
44553.6148728,4,948,3,33601000,-1
44562.279199,4,949,2,33597000,1
44566.0731772,4,950,5,33593000,-1
44575.8750115,4,951,11,33596000,-1
44588.7100671,4,952,21,33599000,1
44602.8657648,4,953,9,33602000,-1
44609.337179,4,954,2,33599000,-1
44615.182931,4,955,6,33596000,-1
44618.5018255,4,956,3,33599000,-1
44618.7059864,4,957,1,33602000,1
44632.8737416,4,958,13,33605000,1
44642.9510377,4,959,4,33602000,-1
44657.9480182,4,960,6,33606000,1
44665.1136155,4,961,38,33609000,-1
44667.8048325,4,962,17,33612000,-1
44674.8832534,4,963,3,33615000,-1
44688.2756016,4,964,7,33611000,-1
44701.3463654,4,965,1,33606000,1
44707.7375821,4,966,1,33614000,1
44722.6869641,4,967,20,33611000,1
44723.0318787,4,968,2,33608000,-1
44742.3374373,4,969,4,33611000,-1
44745.6344324,4,970,2,33615000,-1
44752.9144724,4,971,3,33618000,-1
44756.5840518,4,972,6,33615000,1
44762.7080673,4,973,11,33612000,1
44807.0412745,4,974,14,33609000,1
44812.3622802,4,975,1,33606000,1
44816.6839724,4,976,1,33609000,-1
44823.2369796,4,977,4,33606000,1
44836.1065406,4,978,9,33603000,-1
44896.3413069,4,979,26,33600000,-1
44896.7164281,4,980,2,33603000,1
44896.7253513,4,981,4,33600000,1
44907.6386285,4,982,2,33597000,-1
44907.6497239,4,983,1,33600000,-1
44908.0495365,4,984,1,33596000,1
44910.2339033,4,985,1,33599000,-1
44926.0794287,4,986,8,33596000,1
44929.5546963,4,987,6,33593000,-1
44943.9907383,4,988,16,33596000,1
44952.5646757,4,989,7,33593000,-1
44952.5646972,4,990,1,33596000,-1
44963.3070686,4,991,8,33592000,1
44966.9924907,4,992,1,33589000,1
44968.0889701,4,993,12,33593000,-1
44968.0889957,4,994,2,33596000,-1
44968.2952145,4,995,1,33592000,1
44986.5822609,4,996,2,33596000,-1
44992.0644141,4,997,1,33593000,1
44996.1057165,4,998,1,33603000,-1
44996.4456856,4,999,2,33596000,1
44999.8824907,4,1000,1,33599000,1
45000.6766885,4,1001,1,33594000,1
45001.1631329,4,1002,1,33601000,1
45001.2055898,4,1003,4,33594000,1
45001.2056115,4,1004,12,33589000,1
45001.2120353,4,1005,3,33585000,1
45001.2120798,4,1006,3,33581000,1
45001.2121143,4,1007,15,33578000,1
45001.2121354,4,1008,3,33575000,1
45001.2145862,4,1009,3,33572000,1
45001.2146312,4,1010,3,33569000,1
45001.2147155,4,1011,5,33566000,1
45001.2147365,4,1012,3,33563000,1
45001.2147634,4,1013,4,33560000,1
45001.2147882,4,1014,3,33557000,1
45001.2148223,4,1015,7,33554000,1
45001.2182445,4,1016,12,33551000,1
45001.2183275,4,1017,8,33548000,1
45001.2226037,4,1018,6,33545000,1
45001.2226864,4,1019,4,33542000,1
45001.222735,4,1020,5,33539000,1
45001.2227672,4,1021,4,33536000,1
45001.2286526,4,1022,14,33533000,1
45001.2287816,4,1023,13,33530000,1
45001.2605991,4,1024,13,33527000,1
45001.2606757,4,1025,6,33524000,1
45001.26082,4,1026,21,33521000,1
45001.2609003,4,1027,16,33518000,1
45001.2609437,4,1028,6,33515000,1
45001.2610581,4,1029,18,33512000,1
45001.2681355,4,1030,11,33509000,1
45001.2683584,4,1031,61,33506000,1
45001.268464,4,1032,14,33503000,1
45001.2861634,4,1033,22,33500000,1
45001.6495828,4,1034,19,33505000,-1
45001.8554033,4,1035,49,33500000,-1
45001.8554134,4,1036,1,33504000,-1
45002.0059636,4,1037,13,33499000,1
45002.0107734,4,1038,2,33519000,-1
45002.0662481,4,1039,10,33501000,1
45002.1528928,4,1040,1,33496000,1
45002.1578551,4,1041,3,33504000,-1
45002.1591638,4,1042,2,33519000,-1
45002.1607198,4,1043,10,33496000,1
45002.2311528,4,1044,1,33518000,1
45002.4144095,4,1045,6,33496000,1
45002.4147177,4,1046,1,33504000,1
45002.4170169,4,1047,7,33495000,1
45002.4186151,4,1048,2,33500000,1
45002.4201462,4,1049,1,33505000,1
45002.4223918,4,1050,1,33500000,1
45002.4230211,4,1051,1,33496000,-1
45002.4233507,4,1052,1,33517000,-1
45002.4237064,4,1053,1,33509000,1
45002.4244272,4,1054,1,33515000,-1
45002.424478,4,1055,1,33493000,1
45002.4289988,4,1056,1,33515000,-1
45002.4427987,4,1057,10,33492000,1
45002.4429508,4,1058,1,33489000,1
45002.4489946,4,1059,1,33509000,-1
45002.4491036,4,1060,1,33490000,1
45002.4644366,4,1061,3,33509000,-1
45002.4976165,4,1062,4,33491000,-1
45002.5044443,4,1063,1,33500000,-1
45002.5177387,4,1064,1,33486000,1
45002.527798,4,1065,3,33500000,-1
45002.5342097,4,1066,1,33488000,-1
45002.5364068,4,1067,1,33501000,-1
45002.5389952,4,1068,1,33486000,1
45002.5444192,4,1069,2,33500000,-1
45002.5462339,4,1070,1,33504000,-1
45002.5465022,4,1071,1,33489000,-1
45002.5483702,4,1072,1,33486000,1
45002.5601638,4,1073,3,33502000,-1
45002.5726463,4,1074,1,33506000,-1
45002.5984518,4,1075,1,33491000,1
45002.6346174,4,1076,1,33508000,-1
45002.6403018,4,1077,1,33495000,1
45002.653429,4,1078,1,33508000,-1
45002.6539325,4,1079,1,33499000,1
45002.6621129,4,1080,1,33504000,1
45002.6710658,4,1081,1,33498000,1
45002.6748129,4,1082,1,33501000,-1
45002.6786791,4,1083,1,33493000,-1
45002.6844314,4,1084,1,33503000,-1
45002.6893443,4,1085,1,33496000,-1
45002.6904543,4,1086,2,33506000,1
45002.6933136,4,1087,3,33491000,1
45002.6958394,4,1088,1,33497000,1
45002.6965399,4,1089,1,33500000,-1
45002.6965775,4,1090,1,33509000,-1
45002.6990912,4,1091,6,33492000,1
45002.7008851,4,1092,5,33486000,1
45002.7073179,4,1093,1,33489000,1
45002.7074975,4,1094,1,33497000,1
45002.716297,4,1095,5,33489000,1
45002.716325,4,1096,5,33486000,1
45002.7167472,4,1097,12,33483000,1
45002.7168404,4,1098,7,33480000,1
45002.7168565,4,1099,1,33476000,1
45002.73613,4,1100,2,33480000,1
45002.7366396,4,1101,3,33492000,1
45002.7446043,4,1102,4,33479000,1
45002.7446525,4,1103,3,33476000,1
45002.7624983,4,1104,4,33492000,1
45002.7649606,4,1105,3,33479000,1
45002.7682289,4,1106,1,33476000,1
45002.7724199,4,1107,4,33485000,-1
45002.7734292,4,1108,2,33489000,-1
45002.7746027,4,1109,1,33492000,-1
45002.776464,4,1110,1,33476000,1
45002.7823493,4,1111,2,33493000,-1
45002.8014258,4,1112,1,33499000,-1
45002.8079367,4,1113,1,33492000,-1
45002.8228446,4,1114,4,33487000,-1
45002.8806733,4,1115,1,33506000,-1
45002.9538784,4,1116,1,33497000,1
45003.1307637,4,1117,1,33504000,-1
45003.1402513,4,1118,1,33501000,1
45003.3325815,4,1119,1,33505000,-1
45003.4163937,4,1120,2,33486000,1
45003.429168,4,1121,2,33492000,-1
45003.4373354,4,1122,1,33504000,-1
45003.5185766,4,1123,1,33487000,1
45003.7727861,4,1124,3,33502000,-1
45003.8297977,4,1125,1,33505000,-1
45004.1472139,4,1126,4,33495000,1
45004.1543139,4,1127,2,33491000,1
45004.6040675,4,1128,5,33494000,-1
45004.6041332,4,1129,7,33504000,-1
45004.6047712,4,1130,8,33507000,-1
45004.6047784,4,1131,2,33510000,-1
45004.6087084,4,1132,1,33495000,-1
45004.6269025,4,1133,1,33490000,1
45004.631974,4,1134,1,33497000,-1
45004.7188342,4,1135,4,33500000,1
45004.7188432,4,1136,1,33497000,1
45004.7188533,4,1137,1,33494000,1
45004.7198686,4,1138,1,33490000,1
45004.8570324,4,1139,2,33509000,-1
45004.8877332,4,1140,4,33505000,-1
45004.9333511,4,1141,1,33509000,-1
45004.9471967,4,1142,1,33490000,1
45005.187482,4,1143,8,33498000,1
45005.188617,4,1144,5,33493000,1
45005.1886427,4,1145,1,33490000,1
45005.2407887,4,1146,1,33487000,1
45005.2789578,4,1147,2,33481000,-1
45005.2922305,4,1148,5,33487000,-1
45005.3044735,4,1149,1,33484000,-1
45005.3166227,4,1150,6,33487000,-1
45005.3263361,4,1151,1,33483000,-1
45005.3937866,4,1152,2,33492000,-1
45005.4226298,4,1153,2,33485000,-1
45005.54822,4,1154,2,33491000,1
45005.7896357,4,1155,1,33488000,1
45005.8929246,4,1156,4,33493000,-1
45005.9625871,4,1157,2,33487000,1
45006.0981361,4,1158,4,33493000,1
45006.1528494,4,1159,5,33498000,1
45006.1816332,4,1160,6,33495000,1
45006.1816634,4,1161,3,33489000,1
45006.2229676,4,1162,4,33493000,1
45006.2358502,4,1163,5,33485000,1
45006.2550942,4,1164,7,33482000,1
45006.2551221,4,1165,3,33479000,1
45006.3270203,4,1166,2,33496000,-1
45006.4557567,4,1167,2,33482000,-1
45006.5055426,4,1168,2,33485000,-1
45006.5312103,4,1169,2,33482000,-1
45006.5645423,4,1170,1,33485000,-1
45006.6490778,4,1171,5,33489000,1
45006.7048359,4,1172,1,33484000,1
45006.7137221,4,1173,1,33487000,-1
45006.9340295,4,1174,10,33498000,-1
45007.3914458,4,1175,5,33495000,-1
45007.3914548,4,1176,1,33498000,-1
45007.494051,4,1177,3,33495000,-1
45007.5043578,4,1178,1,33498000,-1
45007.8725478,4,1179,6,33495000,-1
45008.2120428,4,1180,6,33492000,-1
45008.2165871,4,1181,1,33498000,1
45008.2484145,4,1182,2,33492000,-1
45008.262192,4,1183,2,33495000,-1
45008.3401605,4,1184,1,33492000,-1
45008.365127,4,1185,9,33487000,1
45008.4864105,4,1186,4,33483000,1
45008.5173847,4,1187,6,33478000,1
45008.5277673,4,1188,1,33475000,1
45008.5494827,4,1189,1,33492000,-1
45008.8040355,4,1190,5,33476000,1
45008.9322508,4,1191,1,33483000,1
45009.0898275,4,1192,3,33490000,-1
45009.100358,4,1193,1,33487000,-1
45009.1114304,4,1194,10,33474000,1
45009.1114932,4,1195,11,33471000,1
45009.1124891,4,1196,2,33468000,1
45009.1348406,4,1197,7,33465000,1
45009.1349094,4,1198,1,33462000,1
45009.1471415,4,1199,4,33477000,-1
45009.147148,4,1200,1,33480000,-1
45009.4561297,4,1201,6,33486000,-1
45009.4561606,4,1202,5,33491000,-1
45009.4597521,4,1203,7,33494000,-1
45009.4597898,4,1204,4,33498000,-1
45009.4598666,4,1205,9,33502000,-1
45009.4615689,4,1206,4,33506000,-1
45009.4616104,4,1207,5,33510000,-1
45009.5177673,4,1208,63,33513000,1
45009.5779714,4,1209,1,33508000,-1
45009.6106966,4,1210,3,33505000,1
45009.6636958,4,1211,1,33502000,1
45010.1303393,4,1212,9,33507000,-1
45010.2618934,4,1213,4,33502000,-1
45010.2715149,4,1214,1,33505000,-1
45010.5011263,4,1215,1,33502000,1
45010.7524568,4,1216,7,33509000,1
45010.8509268,4,1217,2,33506000,1
45010.9250801,4,1218,3,33503000,1
45010.9323343,4,1219,1,33500000,1
45011.3617288,4,1220,1,33503000,-1
45011.3859907,4,1221,8,33498000,1
45011.4812679,4,1222,5,33494000,1
45011.5268654,4,1223,4,33490000,-1
45011.8470445,4,1224,2,33484000,-1
45012.1608626,4,1225,1,33479000,-1
45012.300478,4,1226,2,33474000,-1
45012.4833315,4,1227,7,33470000,-1
45012.653759,4,1228,6,33473000,-1
45012.6549167,4,1229,1,33476000,-1
45012.6721332,4,1230,1,33479000,-1
45012.7526664,4,1231,3,33476000,1
45013.3092529,4,1232,12,33472000,-1
45013.3142963,4,1233,1,33476000,-1
45013.3809392,4,1234,2,33471000,1
45014.2805783,4,1235,4,33468000,1
45014.5736536,4,1236,1,33463000,1
45014.6194364,4,1237,2,33468000,-1
45014.6194775,4,1238,1,33471000,-1
45014.6759257,4,1239,1,33466000,1
45015.0877581,4,1240,5,33470000,-1
45015.6681865,4,1241,13,33462000,1
45015.7173364,4,1242,12,33458000,1
45016.1427599,4,1243,33,33455000,1
45016.1711414,4,1244,32,33452000,1
45016.172584,4,1245,6,33449000,1
45016.17265,4,1246,8,33446000,1
45016.1727106,4,1247,8,33443000,1
45016.1738928,4,1248,15,33440000,1
45016.1752535,4,1249,10,33437000,1
45016.1770785,4,1250,17,33434000,1
45016.1771886,4,1251,20,33431000,1
45016.1779478,4,1252,2,33428000,1
45016.2316578,4,1253,9,33434000,-1
45016.2348903,4,1254,32,33422000,1
45016.23614,4,1255,9,33419000,1
45016.2370312,4,1256,5,33416000,1
45016.2371359,4,1257,20,33413000,1
45016.2385757,4,1258,26,33410000,1
45016.239089,4,1259,4,33407000,1
45016.2580421,4,1260,4,33434000,1
45016.2636193,4,1261,3,33405000,1
45016.2860123,4,1262,1,33432000,1
45016.2983108,4,1263,1,33435000,-1
45016.3301362,4,1264,1,33422000,1
45016.3411614,4,1265,1,33427000,-1
45016.351537,4,1266,1,33422000,1
45016.3551356,4,1267,1,33427000,-1
45016.367022,4,1268,1,33423000,1
45016.3928332,4,1269,4,33428000,-1
45016.4024777,4,1270,4,33431000,-1
45016.4518139,4,1271,2,33434000,-1
45016.4970585,4,1272,5,33431000,1
45016.4971352,4,1273,8,33428000,1
45016.4971738,4,1274,5,33425000,1
45016.4971866,4,1275,1,33420000,1
45016.4980194,4,1276,5,33416000,1
45016.6440516,4,1277,4,33429000,1
45016.6978161,4,1278,1,33425000,1
45016.7351363,4,1279,1,33429000,1
45016.7672005,4,1280,1,33432000,-1
45016.7733563,4,1281,1,33425000,1
45016.8209606,4,1282,1,33428000,1
45016.9477802,4,1283,3,33425000,-1
45016.9961203,4,1284,3,33418000,-1
45017.0232848,4,1285,2,33424000,-1
45017.0714569,4,1286,3,33427000,-1
45017.0817069,4,1287,1,33431000,-1
45017.099943,4,1288,3,33424000,1
45017.1494841,4,1289,3,33418000,-1
45017.1791218,4,1290,1,33421000,1
45017.2420193,4,1291,6,33427000,-1
45017.2593269,4,1292,1,33430000,1
45017.2621249,4,1293,1,33419000,1
45017.2665981,4,1294,1,33425000,-1
45017.307035,4,1295,1,33430000,-1
45017.3290223,4,1296,2,33418000,1
45017.3348705,4,1297,1,33427000,1
45017.3506351,4,1298,1,33431000,-1
45017.5595556,4,1299,6,33424000,-1
45017.5649299,4,1300,3,33427000,-1
45017.6080212,4,1301,4,33430000,-1
45017.8127627,4,1302,3,33433000,-1
45018.1452236,4,1303,2,33428000,1
45018.2029624,4,1304,1,33418000,1
45018.2454686,4,1305,5,33425000,-1
45018.3264076,4,1306,3,33433000,1
45018.3264237,4,1307,1,33430000,1
45018.3273766,4,1308,1,33433000,1
45018.3880077,4,1309,4,33428000,-1
45018.6882789,4,1310,4,33425000,-1
45018.7018081,4,1311,1,33428000,-1
45018.7740816,4,1312,6,33423000,-1
45018.7901915,4,1313,4,33426000,-1
45018.8099436,4,1314,5,33429000,1
45018.8771419,4,1315,6,33419000,1
45018.9037637,4,1316,5,33416000,1
45018.9164311,4,1317,7,33413000,1
45018.9769876,4,1318,1,33417000,-1
45019.0251218,4,1319,1,33420000,1
45019.0735932,4,1320,6,33417000,-1
45019.5604967,4,1321,2,33421000,-1
45019.5785618,4,1322,1,33424000,-1
45019.6868503,4,1323,4,33417000,-1
45019.8295934,4,1324,1,33420000,1
45019.9048992,4,1325,2,33423000,1
45019.9102528,4,1326,1,33420000,1
45019.9395029,4,1327,2,33414000,1
45019.9396321,4,1328,5,33410000,1
45019.9396564,4,1329,3,33407000,1
45019.981136,4,1330,2,33413000,-1
45020.0513255,4,1331,1,33416000,-1
45020.0698732,4,1332,1,33421000,-1
45020.1695417,4,1333,1,33424000,-1
45020.1736271,4,1334,1,33418000,1
45020.2755101,4,1335,2,33423000,-1
45020.2828275,4,1336,7,33420000,1
45020.5740042,4,1337,6,33417000,1
45020.6520415,4,1338,1,33423000,1
45020.8503057,4,1339,1,33416000,1
45020.8741001,4,1340,1,33422000,-1
45020.9632368,4,1341,1,33414000,1
45021.5455151,4,1342,1,33418000,-1
45021.6705843,4,1343,1,33412000,1
45021.6751529,4,1344,1,33416000,-1
45021.6785648,4,1345,1,33412000,1
45021.74577,4,1346,1,33417000,-1
45021.7485882,4,1347,3,33413000,1
45022.0295579,4,1348,6,33408000,-1
45022.3935132,4,1349,1,33412000,-1
45022.4277136,4,1350,1,33406000,1
45022.4341043,4,1351,1,33412000,-1
45022.447283,4,1352,1,33405000,1
45022.5446857,4,1353,6,33410000,1
45022.5446911,4,1354,1,33407000,1
45022.6116678,4,1355,10,33411000,1
45022.6215334,4,1356,6,33406000,1
45022.6216199,4,1357,14,33403000,1
45022.622185,4,1358,15,33400000,1
45022.684858,4,1359,2,33403000,1
45022.685169,4,1360,24,33400000,1
45022.6879728,4,1361,1,33405000,-1
45022.6891187,4,1362,2,33398000,1
45022.6891367,4,1363,1,33395000,1
45022.6903181,4,1364,2,33402000,-1
45022.6903395,4,1365,3,33409000,-1
45022.6987493,4,1366,1,33402000,1
45022.7180248,4,1367,5,33411000,-1
45022.7180335,4,1368,1,33414000,-1
45022.7808905,4,1369,6,33417000,1
45022.7820359,4,1370,4,33406000,1
45022.7820458,4,1371,1,33400000,1
45022.7977987,4,1372,1,33416000,-1
45022.9822415,4,1373,1,33401000,1
45023.462602,4,1374,6,33408000,-1
45023.5272886,4,1375,1,33411000,-1
45023.7253454,4,1376,1,33407000,-1
45023.7722286,4,1377,1,33403000,1
45024.245415,4,1378,19,33407000,1
45024.3601498,4,1379,9,33404000,-1
45024.5815639,4,1380,9,33407000,-1
45024.8492728,4,1381,10,33401000,-1
45024.9889173,4,1382,2,33404000,1
45024.9889863,4,1383,1,33401000,1
45024.9936566,4,1384,4,33404000,1
45025.2311834,4,1385,11,33400000,1
45025.2333513,4,1386,4,33397000,-1
45025.3445992,4,1387,3,33400000,-1
45025.4100049,4,1388,8,33404000,1
45025.5618785,4,1389,4,33399000,1
45025.5619067,4,1390,3,33396000,1
45025.6784497,4,1391,1,33401000,-1
45025.9214598,4,1392,2,33396000,-1
45026.0951787,4,1393,5,33399000,-1
45026.1644609,4,1394,15,33395000,1
45027.0549433,4,1395,6,33398000,-1
45027.3406601,4,1396,1,33401000,-1
45027.5441558,4,1397,1,33397000,1
45027.7868973,4,1398,4,33405000,-1
45027.8982448,4,1399,9,33408000,-1
45028.0675658,4,1400,1,33411000,1
45028.1367381,4,1401,6,33416000,-1
45028.1367695,4,1402,1,33419000,-1
45028.241597,4,1403,4,33416000,-1
45028.2693041,4,1404,1,33419000,-1
45028.5081044,4,1405,3,33423000,1
45028.5082495,4,1406,4,33420000,1
45028.5310946,4,1407,1,33417000,1
45028.5840695,4,1408,1,33420000,1
45028.9356557,4,1409,1,33423000,1
45029.1832219,4,1410,2,33429000,-1
45029.6522924,4,1411,5,33426000,1
45029.958538,4,1412,1,33429000,1
45030.61747,4,1413,2,33432000,-1
45030.7503477,4,1414,1,33423000,1
45030.8395935,4,1415,6,33426000,-1
45030.8396296,4,1416,5,33429000,-1
45031.0236632,4,1417,14,33432000,-1
45031.0462224,4,1418,5,33435000,1
45031.0629358,4,1419,1,33432000,1
45031.2516783,4,1420,3,33435000,-1
45031.2604237,4,1421,3,33438000,1
45031.3491848,4,1422,6,33435000,-1
45031.5434337,4,1423,2,33438000,-1
45031.5434599,4,1424,4,33441000,-1
45031.5436655,4,1425,13,33445000,-1
45031.5436994,4,1426,1,33448000,-1
45031.5787468,4,1427,10,33443000,1
45031.5796265,4,1428,2,33440000,1
45031.5888321,4,1429,1,33444000,-1
45031.6474887,4,1430,1,33440000,1
45031.7923428,4,1431,1,33446000,-1
45031.7987888,4,1432,1,33441000,1
45031.8517121,4,1433,1,33444000,-1
45032.4643672,4,1434,24,33440000,1
45032.5211705,4,1435,1,33437000,1
45032.9862535,4,1436,3,33442000,1
45032.9873698,4,1437,1,33439000,1
45033.0202668,4,1438,20,33436000,1
45033.0228343,4,1439,3,33433000,-1
45033.1187607,4,1440,5,33436000,-1
45033.1201744,4,1441,1,33433000,-1
45033.5914488,4,1442,5,33436000,1
45033.8845188,4,1443,1,33432000,1
45034.0190056,4,1444,1,33437000,-1
45034.3273598,4,1445,4,33434000,-1
45034.3274182,4,1446,5,33437000,-1
45034.3274521,4,1447,2,33440000,-1
45035.565531,4,1448,9,33436000,-1
45035.8326641,4,1449,1,33439000,-1
45036.2315246,4,1450,5,33434000,-1
45036.2316341,4,1451,7,33438000,-1
45036.2316543,4,1452,1,33441000,-1
45036.3828723,4,1453,7,33436000,1
45036.9630359,4,1454,2,33433000,-1
45037.4063651,4,1455,2,33436000,-1
45037.5048922,4,1456,2,33439000,-1
45037.6776079,4,1457,1,33442000,-1
45037.9046446,4,1458,3,33437000,1
45038.3166419,4,1459,3,33440000,-1
45038.3167233,4,1460,1,33443000,-1
45038.549566,4,1461,6,33435000,1
45038.6221965,4,1462,76,33432000,1
45038.6917334,4,1463,3,33429000,-1
45039.4526341,4,1464,3,33433000,-1
45040.6213145,4,1465,4,33436000,1
45041.238965,4,1466,2,33439000,-1
45041.5143959,4,1467,1,33442000,-1
45042.0636482,4,1468,5,33439000,-1
45042.3395417,4,1469,4,33442000,-1
45042.3396504,4,1470,11,33445000,-1
45042.3406447,4,1471,10,33448000,-1
45042.5520965,4,1472,5,33444000,1
45042.5748508,4,1473,12,33441000,-1
45042.5892434,4,1474,2,33445000,-1
45043.0114029,4,1475,9,33448000,-1
45043.9729358,4,1476,10,33452000,1
45044.1529182,4,1477,1,33449000,1
45044.2740454,4,1478,1,33454000,-1
45044.3507983,4,1479,13,33451000,1
45044.3509327,4,1480,6,33448000,1
45044.4143265,4,1481,7,33445000,1
45044.4143321,4,1482,1,33442000,1
45044.7262812,4,1483,6,33446000,-1
45045.2030812,4,1484,7,33449000,1
45045.2031865,4,1485,10,33446000,1
45045.2041239,4,1486,13,33443000,1
45046.4356313,4,1487,5,33440000,1
45046.4676908,4,1488,6,33443000,-1
45046.5324033,4,1489,13,33440000,1
45046.5929361,4,1490,1,33437000,1
45048.0088527,4,1491,33,33441000,-1
45048.0264769,4,1492,10,33444000,1
45048.0740641,4,1493,3,33440000,-1
45050.167013,4,1494,9,33443000,1
45051.256992,4,1495,6,33448000,-1
45051.8576177,4,1496,2,33453000,-1
45051.9892202,4,1497,9,33456000,-1
45052.6744709,4,1498,11,33451000,1
45052.7420789,4,1499,3,33448000,-1
45053.6883771,4,1500,6,33451000,-1
45054.5539299,4,1501,9,33454000,-1
45054.9974031,4,1502,7,33457000,-1
45055.0315839,4,1503,8,33460000,-1
45056.3142712,4,1504,7,33463000,-1
45058.0788322,4,1505,5,33466000,-1
45059.0353226,4,1506,7,33463000,1
45059.3497786,4,1507,50,33460000,1
45059.803142,4,1508,2,33457000,-1
45060.391607,4,1509,9,33461000,-1
45060.4324674,4,1510,1,33465000,-1
45061.6686177,4,1511,11,33461000,1
45061.7161296,4,1512,1,33456000,1
45062.534946,4,1513,8,33459000,1
45062.6529176,4,1514,1,33455000,1
45063.4131838,4,1515,4,33458000,1
45063.5682173,4,1516,7,33455000,1
45063.7518717,4,1517,2,33452000,-1
45064.6130981,4,1518,11,33455000,1
45065.3653062,4,1519,11,33452000,1
45065.4165034,4,1520,53,33448000,1
45065.6023448,4,1521,4,33444000,1
45066.7270557,4,1522,41,33441000,1
45066.8442374,4,1523,5,33438000,1
45066.95371,4,1524,8,33435000,1
45066.9726423,4,1525,1,33432000,1
45067.6010884,4,1526,6,33438000,-1
45067.6281518,4,1527,7,33441000,-1
45067.6816406,4,1528,1,33444000,-1
45067.8974587,4,1529,2,33440000,-1
45068.5606537,4,1530,4,33444000,1
45068.5843959,4,1531,3,33441000,1
45069.2755684,4,1532,16,33447000,1
45070.3144119,4,1533,2,33451000,1
45070.8156823,4,1534,2,33448000,-1
45070.8157402,4,1535,2,33451000,-1
45070.8812395,4,1536,1,33447000,1
45071.2185185,4,1537,5,33451000,-1
45072.1323885,4,1538,2,33455000,1
45072.141528,4,1539,1,33452000,1
45072.6475532,4,1540,3,33455000,-1
45072.9054394,4,1541,6,33452000,1
45073.0432991,4,1542,4,33449000,1
45073.0903867,4,1543,7,33446000,-1
45073.1658431,4,1544,12,33451000,-1
45073.2777263,4,1545,21,33454000,-1
45073.2791204,4,1546,18,33457000,-1
45073.2795949,4,1547,4,33460000,-1
45073.6722461,4,1548,8,33457000,1
45074.061872,4,1549,3,33454000,1
45074.5163233,4,1550,4,33450000,-1
45074.5646206,4,1551,2,33453000,1
45074.6179112,4,1552,1,33450000,-1
45075.4916631,4,1553,2,33453000,-1
45075.9704386,4,1554,10,33459000,-1
45076.1494349,4,1555,5,33462000,-1
45076.1569397,4,1556,2,33465000,-1
45077.810123,4,1557,9,33469000,-1
45077.9676028,4,1558,5,33465000,1
45079.3503142,4,1559,3,33469000,1
45079.8750386,4,1560,2,33463000,-1
45080.3674674,4,1561,13,33466000,-1
45080.5579111,4,1562,1,33469000,-1
45080.8526874,4,1563,27,33465000,1
45081.0781842,4,1564,9,33462000,1
45081.1250689,4,1565,2,33457000,1
45081.3233877,4,1566,1,33454000,1
45081.5534149,4,1567,2,33457000,1
45083.5625179,4,1568,5,33454000,-1
45083.6931086,4,1569,2,33451000,-1
45083.69312,4,1570,1,33454000,-1
45084.5495733,4,1571,26,33450000,-1
45084.6252114,4,1572,1,33445000,-1
45084.6609254,4,1573,1,33441000,1
45085.6475113,4,1574,5,33444000,1
45086.2975091,4,1575,1,33441000,1
45086.9213494,4,1576,5,33444000,1
45087.1718461,4,1577,70,33441000,-1
45088.0379891,4,1578,6,33438000,1
45088.8998801,4,1579,1,33435000,1
45089.4842845,4,1580,1,33439000,1
45090.4671381,4,1581,2,33436000,-1
45091.1321175,4,1582,4,33439000,-1
45091.7035235,4,1583,3,33435000,1
45093.6327358,4,1584,8,33432000,-1
45093.8246186,4,1585,8,33428000,-1
45093.9029078,4,1586,4,33431000,-1
45094.3601889,4,1587,2,33428000,-1
45094.6283055,4,1588,1,33432000,-1
45094.7308523,4,1589,12,33429000,1
45097.7997288,4,1590,5,33426000,1
45098.7416133,4,1591,7,33423000,1
45099.2068485,4,1592,3,33420000,1
45099.3102531,4,1593,2,33413000,-1
45099.807113,4,1594,3,33417000,-1
45100.3829615,4,1595,1,33420000,-1
45100.4231566,4,1596,1,33416000,1
45101.3021865,4,1597,9,33413000,-1
45101.4778107,4,1598,1,33417000,-1
45101.6181695,4,1599,11,33413000,1
45101.6234632,4,1600,23,33410000,1
45101.6235779,4,1601,6,33407000,1
45102.0915442,4,1602,2,33414000,-1
45102.3580001,4,1603,12,33417000,-1
45102.4176069,4,1604,19,33420000,-1
45102.4189748,4,1605,14,33423000,-1
45102.4195361,4,1606,2,33426000,-1
45102.5534024,4,1607,3,33421000,1
45102.8070866,4,1608,2,33418000,-1
45103.123855,4,1609,1,33421000,-1
45103.6600401,4,1610,1,33418000,1
45105.3984567,4,1611,1,33423000,1
45106.3844862,4,1612,6,33429000,-1
45107.6858715,4,1613,15,33432000,1
45107.9780294,4,1614,6,33428000,1
45108.3405592,4,1615,1,33425000,1
45109.2296735,4,1616,11,33428000,-1
45109.849787,4,1617,1,33431000,-1
45110.1778041,4,1618,2,33427000,1
45110.2949298,4,1619,1,33431000,1
45110.3109346,4,1620,1,33434000,-1
45110.5311641,4,1621,3,33431000,1
45111.1438562,4,1622,1,33428000,1
45111.9093128,4,1623,10,33425000,-1
45111.9406268,4,1624,1,33428000,-1
45112.5469758,4,1625,1,33423000,1
45113.0168358,4,1626,1,33426000,-1
45113.5928264,4,1627,1,33423000,-1
45113.7166287,4,1628,1,33426000,-1
45114.7116186,4,1629,2,33429000,1
45115.7921779,4,1630,1,33426000,1
45116.6395674,4,1631,2,33431000,1
45118.686409,4,1632,1,33428000,1
45118.8307177,4,1633,3,33431000,-1
45118.8586282,4,1634,1,33435000,-1
45119.9796798,4,1635,3,33432000,1
45120.049844,4,1636,1,33429000,1
45121.3502913,4,1637,1,33432000,-1
45121.4366834,4,1638,1,33428000,-1
45121.7420264,4,1639,1,33425000,1
45122.5123909,4,1640,2,33428000,-1
45122.8253726,4,1641,4,33434000,1
45123.0209657,4,1642,1,33431000,1
45123.8027296,4,1643,1,33435000,1
45124.0679768,4,1644,9,33431000,1
45124.0679884,4,1645,1,33428000,1
45124.1160379,4,1646,1,33435000,-1
45124.1311285,4,1647,2,33432000,-1
45124.4467323,4,1648,8,33435000,-1
45124.4481666,4,1649,14,33438000,-1
45125.7719444,4,1650,17,33441000,-1
45125.9549497,4,1651,2,33444000,-1
45126.242747,4,1652,1,33447000,-1
45126.3464187,4,1653,3,33444000,1
45127.8770196,4,1654,5,33441000,1
45128.4368613,4,1655,4,33444000,1
45128.8534094,4,1656,9,33440000,1
45129.7702035,4,1657,9,33437000,1
45129.7715564,4,1658,1,33434000,1
45132.0986266,4,1659,1,33438000,-1
45132.467516,4,1660,9,33434000,1
45132.4706722,4,1661,2,33431000,1
45132.4707869,4,1662,1,33434000,-1
45132.5140173,4,1663,9,33430000,1
45134.2170399,4,1664,18,33424000,1
45134.2304775,4,1665,16,33421000,1
45136.1101908,4,1666,8,33418000,1
45136.1103365,4,1667,1,33415000,1
45136.4653775,4,1668,1,33411000,1
45139.0292806,4,1669,15,33415000,-1
45139.427359,4,1670,8,33412000,-1
45141.8239956,4,1671,5,33415000,1
45142.1502272,4,1672,5,33412000,1
45142.1828136,4,1673,3,33409000,1
45143.7736844,4,1674,7,33406000,-1
45144.8281084,4,1675,8,33403000,-1
45145.122925,4,1676,10,33406000,-1
45145.1509407,4,1677,1,33409000,-1
45145.6954151,4,1678,2,33406000,-1
45147.2100997,4,1679,6,33409000,1
45147.2101932,4,1680,11,33406000,1
45147.8657815,4,1681,17,33403000,-1
45147.8658673,4,1682,9,33406000,-1
45147.8658728,4,1683,1,33409000,-1
45148.2302775,4,1684,1,33405000,1
45148.2823495,4,1685,5,33408000,-1
45148.3553716,4,1686,12,33411000,-1
45148.3554517,4,1687,8,33414000,-1
45148.3987797,4,1688,15,33417000,-1
45148.5350583,4,1689,1,33420000,-1
45148.8887085,4,1690,7,33417000,1
45148.8887557,4,1691,2,33414000,1
45149.3676323,4,1692,3,33417000,-1
45149.9561879,4,1693,1,33421000,1
45150.0454074,4,1694,2,33425000,1
45150.1507866,4,1695,1,33422000,1
45150.2218689,4,1696,1,33427000,-1
45151.7410105,4,1697,9,33423000,1
45152.0303106,4,1698,7,33419000,1
45152.4217814,4,1699,1,33416000,1
45152.5739743,4,1700,8,33412000,1
45153.6222993,4,1701,4,33415000,1
45153.6266763,4,1702,15,33412000,1
45153.7012217,4,1703,13,33409000,1
45153.8486125,4,1704,2,33406000,-1
45154.8053004,4,1705,4,33409000,-1
45155.6296866,4,1706,18,33403000,1
45155.7037602,4,1707,83,33400000,-1
45156.5962515,4,1708,6,33403000,-1
45156.6111197,4,1709,1,33406000,1
45157.04709,4,1710,3,33403000,-1
45158.3531095,4,1711,29,33406000,1
45158.3736282,4,1712,18,33403000,1
45160.7177265,4,1713,5,33400000,-1
45161.251427,4,1714,5,33397000,1
45161.3298683,4,1715,14,33394000,1
45161.6908986,4,1716,34,33391000,1
45161.6909083,4,1717,1,33388000,1
45161.7373695,4,1718,1,33393000,-1
45161.7731502,4,1719,1,33390000,1
45162.3638882,4,1720,2,33393000,-1
45162.5144499,4,1721,1,33390000,1
45162.5790333,4,1722,14,33395000,-1
45163.103742,4,1723,9,33398000,-1
45163.185473,4,1724,4,33395000,-1
45164.2355388,4,1725,5,33400000,1
45164.9096625,4,1726,1,33397000,1
45165.9515063,4,1727,1,33402000,-1
45166.8680986,4,1728,14,33399000,1
45167.047352,4,1729,14,33395000,1
45167.0831556,4,1730,14,33392000,1
45167.4475497,4,1731,11,33389000,1
45167.4538294,4,1732,34,33385000,1
45167.4791732,4,1733,1,33382000,1
45167.7814729,4,1734,3,33385000,1
45167.8203448,4,1735,7,33382000,1
45168.0889561,4,1736,81,33386000,-1
45168.2555504,4,1737,6,33389000,-1
45169.0592563,4,1738,2,33392000,1
45169.4409089,4,1739,2,33388000,-1
45170.1199294,4,1740,1,33391000,-1
45171.2303817,4,1741,7,33388000,1
45172.187871,4,1742,3,33392000,-1
45172.4867323,4,1743,1,33395000,-1
45173.0039346,4,1744,1,33392000,-1
45173.3102076,4,1745,5,33395000,-1
45174.1750633,4,1746,1,33398000,-1
45174.6002907,4,1747,1,33401000,-1
45175.4920933,4,1748,5,33404000,-1
45176.1680189,4,1749,1,33407000,-1
45176.2486885,4,1750,1,33404000,1
45177.4850292,4,1751,10,33407000,1
45179.3133264,4,1752,5,33404000,1
45179.3278959,4,1753,20,33401000,1
45179.6994185,4,1754,6,33398000,1
45180.2863996,4,1755,3,33405000,1
45180.5558232,4,1756,1,33402000,1
45181.2231503,4,1757,1,33399000,-1
45182.2046659,4,1758,2,33394000,-1
45182.7178798,4,1759,1,33397000,1
45183.9674248,4,1760,1,33403000,-1
45184.2995881,4,1761,6,33396000,1
45184.339813,4,1762,8,33393000,1
45185.1225278,4,1763,1,33390000,1
45185.6183276,4,1764,1,33394000,-1
45186.9171842,4,1765,5,33391000,1
45188.2729271,4,1766,7,33388000,1
45188.3665276,4,1767,11,33385000,1
45189.6879111,4,1768,80,33382000,-1
45190.4191681,4,1769,6,33386000,1
45190.4306678,4,1770,69,33383000,-1
45190.5172611,4,1771,5,33386000,-1
45191.0522136,4,1772,3,33389000,1
45191.2794067,4,1773,20,33386000,-1
45191.9530976,4,1774,2,33389000,1
45193.1730679,4,1775,8,33386000,1
45193.1745779,4,1776,23,33383000,1
45193.1771739,4,1777,24,33380000,1
45193.2056687,4,1778,30,33377000,1
45193.3207229,4,1779,3,33380000,1
45193.3208412,4,1780,1,33377000,1
45194.1301803,4,1781,2,33383000,-1
45194.1428053,4,1782,1,33386000,-1
45194.197708,4,1783,1,33383000,1
45194.8617666,4,1784,1,33389000,1
45195.7864008,4,1785,1,33392000,-1
45196.6199307,4,1786,1,33389000,1
45197.1290361,4,1787,5,33392000,-1
45197.7221363,4,1788,1,33396000,-1
45198.5570673,4,1789,2,33392000,1
45200.6437803,4,1790,11,33389000,-1
45201.2579957,4,1791,6,33392000,1
45201.6061561,4,1792,11,33395000,-1
45201.9356189,4,1793,11,33398000,-1
45201.9367306,4,1794,1,33401000,-1
45203.6051794,4,1795,9,33398000,1
45203.6225389,4,1796,2,33395000,-1
45204.0491394,4,1797,4,33398000,-1
45205.9856998,4,1798,20,33401000,-1
45206.7785358,4,1799,4,33398000,1
45208.1334299,4,1800,22,33394000,-1
45208.134413,4,1801,18,33397000,-1
45208.7235411,4,1802,12,33400000,1
45212.0344825,4,1803,3,33397000,1
45212.305608,4,1804,7,33394000,-1
45214.759589,4,1805,15,33397000,-1
45215.0240493,4,1806,10,33400000,-1
45215.0252775,4,1807,19,33403000,-1
45215.0914574,4,1808,20,33406000,-1
45215.4399843,4,1809,18,33410000,-1
45215.4400505,4,1810,5,33413000,-1
45216.1478042,4,1811,11,33410000,-1
45217.0805311,4,1812,5,33413000,1
45218.2154198,4,1813,3,33410000,1
45218.8278525,4,1814,2,33404000,-1
45218.9581728,4,1815,1,33407000,-1
45219.1035873,4,1816,5,33403000,1
45219.1761831,4,1817,1,33400000,1
45221.5172633,4,1818,4,33395000,-1
45222.7819914,4,1819,3,33391000,-1
45223.1700972,4,1820,1,33394000,-1
45224.5536874,4,1821,4,33398000,-1
45224.9579331,4,1822,3,33402000,1
45225.6380984,4,1823,2,33399000,1
45226.580615,4,1824,6,33403000,1
45227.7446597,4,1825,17,33400000,1
45229.4456541,4,1826,1,33405000,-1
45232.0024708,4,1827,13,33402000,1
45232.002604,4,1828,10,33399000,1
45232.0026124,4,1829,1,33396000,1
45233.8250132,4,1830,4,33400000,-1
45233.9022275,4,1831,8,33397000,-1
45233.9038141,4,1832,12,33400000,-1
45235.3130922,4,1833,2,33403000,-1
45235.8412438,4,1834,3,33406000,-1
45237.3969598,4,1835,7,33409000,1
45238.9606123,4,1836,8,33406000,1
45242.6802145,4,1837,15,33411000,-1
45243.0042734,4,1838,2,33414000,1
45243.7581725,4,1839,1,33410000,1
45245.6205562,4,1840,3,33417000,-1
45245.7600968,4,1841,5,33414000,1
45248.0919608,4,1842,9,33417000,1
45248.1138402,4,1843,1,33414000,1
45249.1865608,4,1844,1,33418000,-1
45249.9421362,4,1845,1,33414000,1
45250.8631647,4,1846,5,33417000,-1
45250.8748493,4,1847,3,33420000,-1
45251.4969578,4,1848,4,33417000,-1
45251.8350182,4,1849,10,33420000,-1
45252.7741379,4,1850,3,33423000,-1
45253.7180606,4,1851,7,33427000,-1
45254.4550965,4,1852,31,33424000,1
45254.4569995,4,1853,15,33421000,1
45254.4601796,4,1854,26,33418000,1
45254.463099,4,1855,28,33415000,1
45254.5499432,4,1856,23,33412000,-1
45254.5784527,4,1857,1,33415000,-1
45254.8673484,4,1858,9,33412000,-1
45258.658512,4,1859,3,33407000,-1
45265.7601546,4,1860,16,33404000,1
45267.2674484,4,1861,6,33401000,-1
45268.7776705,4,1862,5,33396000,1
45269.9319873,4,1863,1,33399000,-1
45273.1927602,4,1864,28,33392000,1
45273.8717716,4,1865,9,33389000,1
45274.0917245,4,1866,7,33386000,-1
45276.076313,4,1867,2,33389000,-1
45278.0755818,4,1868,3,33394000,1
45278.4799827,4,1869,4,33390000,1
45278.7872264,4,1870,6,33387000,1
45278.8709106,4,1871,9,33384000,1
45279.725607,4,1872,1,33381000,1
45283.4302003,4,1873,5,33387000,-1
45286.3380735,4,1874,8,33390000,-1
45287.9870566,4,1875,15,33386000,-1
45288.0153817,4,1876,3,33382000,-1
45288.0154141,4,1877,1,33385000,-1
45288.0206376,4,1878,5,33380000,1
45288.6364524,4,1879,6,33383000,1
45288.6364906,4,1880,4,33380000,1
45290.6312697,4,1881,8,33383000,1
45290.7508683,4,1882,7,33380000,1
45292.7444797,4,1883,8,33377000,-1
45292.8227586,4,1884,1,33380000,-1
45296.1151118,4,1885,1,33377000,1
45296.1899784,4,1886,2,33380000,1
45299.2776961,4,1887,6,33377000,-1
45301.4426691,4,1888,8,33380000,-1
45302.0895961,4,1889,6,33377000,1
45302.4345836,4,1890,1,33374000,1
45302.4527686,4,1891,13,33377000,-1
45302.4553772,4,1892,19,33380000,-1
45302.5567332,4,1893,1,33383000,-1
45303.4703861,4,1894,10,33378000,1
45304.1976676,4,1895,17,33375000,1
45304.2024513,4,1896,68,33372000,1
45304.3096488,4,1897,19,33369000,-1
45304.3183189,4,1898,2,33372000,1
45304.3432779,4,1899,1,33369000,1
45304.4310347,4,1900,6,33372000,-1
45304.4823069,4,1901,3,33375000,1
45304.6751092,4,1902,21,33372000,1
45304.9441608,4,1903,12,33368000,1
45305.4003551,4,1904,1,33365000,1
45306.4809344,4,1905,13,33370000,-1
45306.9083352,4,1906,1,33373000,1
45306.9965287,4,1907,17,33376000,-1
45306.9978538,4,1908,4,33379000,-1
45307.6242408,4,1909,1,33371000,1
45308.4204058,4,1910,5,33376000,-1
45308.9728029,4,1911,4,33373000,-1
45310.1723508,4,1912,11,33376000,-1
45310.6584829,4,1913,3,33379000,1
45311.0811667,4,1914,2,33376000,1
45311.5247207,4,1915,15,33373000,1
45311.5296498,4,1916,34,33370000,1
45314.4517036,4,1917,93,33367000,-1
45314.4517444,4,1918,1,33370000,-1
45314.7924478,4,1919,1,33365000,1
45316.5446358,4,1920,5,33368000,-1
45316.9874452,4,1921,15,33371000,-1
45317.5608069,4,1922,8,33374000,-1
45317.5608278,4,1923,1,33377000,-1
45317.6611503,4,1924,17,33374000,1
45317.6636787,4,1925,23,33371000,1
45317.6925263,4,1926,17,33368000,1
45318.4989333,4,1927,48,33365000,-1
45318.546306,4,1928,4,33368000,-1
45320.4528365,4,1929,8,33371000,1
45322.4502868,4,1930,8,33368000,-1
45323.7216442,4,1931,2,33372000,-1
45323.7216574,4,1932,1,33375000,-1
45324.210583,4,1933,1,33372000,1
45328.570703,4,1934,8,33378000,-1
45328.9643577,4,1935,1,33372000,1
45330.2233105,4,1936,6,33376000,-1
45330.2233645,4,1937,1,33379000,-1
45330.9501627,4,1938,1,33373000,-1
45331.622314,4,1939,11,33370000,1
45332.8330121,4,1940,3,33367000,-1
45334.5123878,4,1941,2,33370000,-1
45335.5940366,4,1942,5,33366000,-1
45335.860557,4,1943,4,33370000,-1
45337.2604445,4,1944,6,33375000,1
45340.1326307,4,1945,3,33378000,1
45340.409414,4,1946,3,33375000,1
45340.4350894,4,1947,1,33372000,1
45340.5883904,4,1948,3,33376000,-1
45340.983852,4,1949,16,33379000,-1
45341.0448313,4,1950,5,33382000,-1
45341.110345,4,1951,11,33385000,1
45341.111391,4,1952,14,33382000,1
45344.5754386,4,1953,31,33379000,-1
45344.9325606,4,1954,6,33382000,-1
45345.6042197,4,1955,116,33386000,-1
45345.7859376,4,1956,1,33383000,-1
45346.0323772,4,1957,1,33386000,-1
45346.4746582,4,1958,5,33383000,-1
45348.1130407,4,1959,14,33387000,1
45348.6444806,4,1960,7,33390000,-1
45348.6701996,4,1961,1,33393000,-1
45350.3558299,4,1962,12,33390000,-1
45350.6569089,4,1963,1,33393000,-1
45351.9625444,4,1964,7,33390000,-1
45352.0717866,4,1965,2,33387000,-1
45352.1090278,4,1966,1,33390000,-1
45352.6972079,4,1967,2,33393000,1
45352.9183764,4,1968,3,33390000,-1
45353.4118704,4,1969,1,33393000,-1
45353.4798492,4,1970,1,33390000,1
45353.5478522,4,1971,1,33393000,-1
45354.6657051,4,1972,6,33390000,-1
45355.4967797,4,1973,1,33393000,-1
45355.866739,4,1974,8,33388000,1
45355.9113846,4,1975,2,33385000,1
45357.1942376,4,1976,2,33382000,-1
45357.1943287,4,1977,11,33385000,-1
45357.4815858,4,1978,22,33388000,-1
45359.5532332,4,1979,14,33391000,-1
45360.8902675,4,1980,1,33388000,-1
45362.8181894,4,1981,5,33385000,1
45364.8902056,4,1982,25,33382000,-1
45364.9353635,4,1983,5,33385000,-1
45368.2343099,4,1984,13,33388000,1
45368.6918528,4,1985,2,33384000,-1
45369.6156099,4,1986,5,33389000,-1
45371.3230071,4,1987,12,33392000,-1
45371.7180394,4,1988,1,33395000,-1
45372.3116689,4,1989,6,33391000,1
45372.3843352,4,1990,4,33388000,1
45372.3948142,4,1991,1,33385000,1
45372.4458662,4,1992,2,33389000,1
45373.0251937,4,1993,5,33385000,1
45377.5427794,4,1994,19,33382000,1
45379.7382728,4,1995,10,33379000,1
45381.7336498,4,1996,12,33382000,1
45382.497352,4,1997,9,33379000,1
45383.1510116,4,1998,1,33376000,1
45384.1649364,4,1999,3,33379000,1
45384.221496,4,2000,1,33376000,1
45386.5339482,4,2001,1,33379000,-1
45387.4477963,4,2002,5,33374000,1
45387.7143176,4,2003,13,33371000,1
45388.5781051,4,2004,11,33366000,1
45389.1074868,4,2005,8,33363000,1
45389.6326359,4,2006,2,33366000,-1
45390.1577703,4,2007,5,33369000,-1
45391.8995486,4,2008,6,33372000,-1
45391.9116708,4,2009,3,33375000,-1
45395.6614217,4,2010,10,33378000,-1
45397.0951231,4,2011,11,33375000,-1
45399.9598511,4,2012,12,33378000,-1
45400.5370789,4,2013,2,33381000,-1
45400.5466439,4,2014,1,33384000,1
45401.8699554,4,2015,2,33381000,1
45404.95126,4,2016,1,33378000,-1
45409.7875391,4,2017,13,33374000,1
45410.0781382,4,2018,2,33381000,-1
45413.058154,4,2019,9,33385000,-1
45413.4144077,4,2020,1,33381000,1
45414.3374886,4,2021,4,33384000,-1
45414.3667981,4,2022,1,33387000,-1
45416.8825665,4,2023,1,33383000,-1
45418.7189801,4,2024,8,33379000,1
45419.330817,4,2025,7,33376000,1
45421.3294618,4,2026,10,33373000,1
45421.4944934,4,2027,24,33370000,1
45424.1615906,4,2028,8,33367000,-1
45424.6972419,4,2029,2,33371000,1
45424.9630757,4,2030,1,33367000,1
45425.361975,4,2031,2,33371000,1
45425.7466762,4,2032,1,33368000,1
45428.6706789,4,2033,10,33371000,1
45432.4892779,4,2034,16,33368000,1
45433.2376679,4,2035,17,33365000,1
45433.5242758,4,2036,10,33362000,-1
45433.5342329,4,2037,1,33365000,-1
45434.0900394,4,2038,1,33362000,-1
45434.7320763,4,2039,1,33365000,-1
45437.9318328,4,2040,33,33362000,-1
45438.6245807,4,2041,2,33365000,1
45438.8398606,4,2042,2,33362000,-1
45440.0300278,4,2043,3,33366000,-1
45440.6991127,4,2044,1,33362000,1
45441.0693013,4,2045,2,33365000,-1
45441.413976,4,2046,1,33368000,-1
45441.6008322,4,2047,1,33365000,1
45441.734498,4,2048,1,33368000,-1
45442.5710661,4,2049,5,33365000,1
45444.544272,4,2050,11,33362000,1
45445.0714535,4,2051,2,33359000,1
45445.7222313,4,2052,4,33362000,-1
45445.9208556,4,2053,1,33365000,-1
45446.0477673,4,2054,2,33362000,-1
45446.4449926,4,2055,3,33365000,-1
45447.1028483,4,2056,6,33368000,-1
45447.9221243,4,2057,1,33371000,-1
45448.6190953,4,2058,11,33366000,1
45450.2101781,4,2059,3,33363000,1
45450.307782,4,2060,2,33367000,1
45450.703439,4,2061,2,33363000,-1
45450.8120727,4,2062,2,33366000,-1
45451.7622498,4,2063,5,33362000,-1
45452.4312405,4,2064,7,33365000,-1
45453.4921296,4,2065,1,33368000,1
45456.2567114,4,2066,2,33365000,1
45456.8130427,4,2067,6,33368000,-1
45457.7169484,4,2068,9,33371000,1
45457.7184949,4,2069,5,33368000,1
45458.403184,4,2070,2,33372000,-1
45459.0659771,4,2071,1,33375000,-1
45459.6462529,4,2072,16,33379000,-1
45460.4616097,4,2073,8,33382000,-1
45460.6688632,4,2074,7,33385000,1
45461.2611714,4,2075,11,33382000,1
45461.2638728,4,2076,18,33379000,1
45461.2663967,4,2077,34,33376000,1
45461.2691276,4,2078,25,33373000,1
45461.2692233,4,2079,3,33370000,1
45465.1001934,4,2080,11,33373000,1
45465.1230226,4,2081,12,33370000,1
45465.7436105,4,2082,1,33367000,-1
45465.8285388,4,2083,1,33370000,-1
45466.137975,4,2084,6,33367000,1
45466.2324008,4,2085,8,33364000,1
45467.074774,4,2086,8,33361000,-1
45467.2308965,4,2087,20,33358000,1
45467.5409988,4,2088,1,33355000,1
45467.7482678,4,2089,9,33358000,-1
45470.252721,4,2090,13,33361000,1
45472.0361577,4,2091,18,33358000,-1
45472.7767427,4,2092,5,33362000,-1
45474.3391549,4,2093,2,33359000,-1
45474.6302969,4,2094,2,33362000,1
45474.7742361,4,2095,2,33359000,-1
45476.7085025,4,2096,7,33362000,-1
45476.9755076,4,2097,3,33365000,1
45477.5250252,4,2098,7,33362000,1
45477.5262444,4,2099,15,33359000,1
45477.5288373,4,2100,47,33356000,1
45479.5783571,4,2101,49,33353000,1
45479.6117532,4,2102,58,33350000,1
45479.6134434,4,2103,25,33347000,1
45479.7023403,4,2104,15,33344000,-1
45479.7365196,4,2105,20,33340000,1
45479.7428379,4,2106,28,33337000,1
45479.7452753,4,2107,24,33334000,1
45479.7653402,4,2108,2,33343000,-1
45480.2300093,4,2109,7,33338000,-1
45480.382132,4,2110,3,33333000,1
45480.790809,4,2111,35,33330000,-1
45480.8822646,4,2112,1,33333000,-1
45481.7873446,4,2113,14,33329000,-1
45481.7937455,4,2114,1,33332000,-1
45482.8014556,4,2115,6,33329000,-1
45483.475668,4,2116,14,33333000,1
45483.488027,4,2117,1,33329000,1
45483.8028428,4,2118,4,33332000,-1
45484.5394902,4,2119,1,33329000,1
45485.3747152,4,2120,6,33326000,-1
45486.942237,4,2121,34,33329000,-1
45487.1733789,4,2122,7,33333000,-1
45487.4214769,4,2123,2,33336000,-1
45487.8030849,4,2124,1,33339000,-1
45488.2703231,4,2125,1,33336000,1
45488.4996576,4,2126,1,33339000,-1
45489.0062388,4,2127,5,33336000,1
45489.0064072,4,2128,1,33333000,1
45489.8306421,4,2129,1,33337000,-1
45490.0688029,4,2130,2,33333000,-1
45490.7443738,4,2131,3,33337000,1
45491.6221688,4,2132,8,33333000,1
45492.1535464,4,2133,8,33330000,1
45492.826562,4,2134,18,33333000,-1
45493.2895372,4,2135,1,33336000,-1
45496.5400589,4,2136,14,33332000,-1
45496.556749,4,2137,22,33326000,1
45496.5567999,4,2138,1,33323000,1
45497.6794123,4,2139,9,33326000,-1
45500.9639764,4,2140,43,33323000,1
45501.087602,4,2141,24,33320000,1
45502.7906784,4,2142,22,33317000,1
45503.0338362,4,2143,72,33314000,-1
45503.0496058,4,2144,2,33311000,1
45503.4339128,4,2145,11,33314000,-1
45503.5096451,4,2146,48,33311000,1
45503.5134707,4,2147,22,33308000,1
45503.5156559,4,2148,26,33305000,1
45503.5499935,4,2149,17,33302000,-1
45503.9624819,4,2150,5,33305000,-1
45504.0542316,4,2151,1,33308000,-1
45505.5711456,4,2152,8,33305000,-1
45506.1747163,4,2153,15,33302000,1
45506.1773003,4,2154,23,33299000,1
45506.2989736,4,2155,26,33296000,-1
45506.3565755,4,2156,3,33299000,-1
45506.4134521,4,2157,2,33303000,1
45506.7483934,4,2158,2,33299000,-1
45507.443765,4,2159,9,33302000,1
45508.2166031,4,2160,8,33306000,-1
45508.4538484,4,2161,7,33309000,-1
45508.5123252,4,2162,19,33312000,-1
45508.9811535,4,2163,3,33315000,1
45508.9812491,4,2164,8,33312000,1
45509.0389872,4,2165,1,33309000,1
45509.5286649,4,2166,2,33312000,1
45509.8932605,4,2167,12,33308000,1
45509.9264033,4,2168,8,33305000,1
45510.1046236,4,2169,22,33302000,1
45510.105953,4,2170,5,33299000,1
45510.3209717,4,2171,5,33302000,1
45511.5677327,4,2172,7,33299000,-1
45511.5677413,4,2173,1,33302000,-1
45511.761027,4,2174,1,33298000,1
45512.2251199,4,2175,3,33303000,1
45514.3572885,4,2176,10,33300000,1
45514.6932355,4,2177,1,33297000,1
45515.0209577,4,2178,1,33300000,-1
45515.4304187,4,2179,11,33297000,1
45516.3025381,4,2180,2,33294000,-1
45516.9755752,4,2181,4,33297000,-1
45517.1165604,4,2182,2,33300000,1
45517.6113816,4,2183,6,33303000,-1
45517.6113871,4,2184,1,33306000,-1
45517.7991072,4,2185,1,33302000,1
45517.95134,4,2186,3,33305000,1
45517.9514225,4,2187,11,33302000,1
45517.9534641,4,2188,26,33299000,1
45517.9554567,4,2189,19,33296000,1
45517.9577256,4,2190,27,33293000,1
45517.9593824,4,2191,14,33290000,1
45518.1077797,4,2192,1,33293000,1
45518.1428351,4,2193,1,33296000,-1
45518.3093276,4,2194,1,33293000,1
45521.0598454,4,2195,13,33296000,1
45522.6156061,4,2196,2,33293000,-1
45523.0948103,4,2197,1,33290000,1
45523.1043707,4,2198,15,33294000,-1
45523.1043789,4,2199,1,33297000,-1
45523.6193172,4,2200,2,33294000,-1
45523.7708746,4,2201,1,33297000,-1
45523.9209296,4,2202,2,33293000,-1
45524.1224677,4,2203,1,33296000,-1
45524.2290105,4,2204,2,33293000,1
45524.4803321,4,2205,2,33290000,-1
45524.5754889,4,2206,3,33293000,-1
45524.6422965,4,2207,3,33297000,1
45525.0304527,4,2208,3,33294000,1
45525.2200142,4,2209,1,33291000,1
45525.404227,4,2210,1,33294000,-1
45526.0947761,4,2211,6,33291000,1
45527.4863918,4,2212,4,33288000,1
45527.9306367,4,2213,9,33285000,1
45527.9592835,4,2214,62,33282000,1
45528.0103179,4,2215,5,33279000,1
45528.0666768,4,2216,1,33276000,1
45528.1391833,4,2217,1,33281000,-1
45528.5443349,4,2218,1,33278000,-1
45528.7736349,4,2219,1,33281000,-1
45529.1210967,4,2220,1,33278000,-1
45529.2219569,4,2221,9,33275000,1
45529.8542928,4,2222,10,33272000,-1
45530.01917,4,2223,9,33275000,-1
45530.1581109,4,2224,1,33278000,1
45530.6210313,4,2225,1,33281000,1
45531.1547417,4,2226,4,33278000,1
45531.1567996,4,2227,13,33275000,1
45531.1582444,4,2228,22,33272000,1
45531.1590537,4,2229,11,33269000,1
45531.2456962,4,2230,1,33272000,-1
45532.2106323,4,2231,6,33269000,1
45532.613116,4,2232,7,33266000,1
45533.0212346,4,2233,1,33263000,1
45533.4117437,4,2234,3,33267000,-1
45533.7666211,4,2235,8,33264000,-1
45533.7889613,4,2236,1,33267000,-1
45533.8066001,4,2237,1,33263000,1
45534.1758882,4,2238,12,33267000,-1
45534.3311615,4,2239,1,33264000,-1
45534.4946659,4,2240,1,33261000,1
45534.545801,4,2241,1,33265000,-1
45535.1624608,4,2242,7,33260000,1
45535.2143195,4,2243,1,33257000,1
45535.4057366,4,2244,1,33260000,-1
45535.5296702,4,2245,3,33256000,1
45535.7061234,4,2246,23,33262000,-1
45537.9193028,4,2247,29,33266000,1
45538.0071467,4,2248,2,33263000,-1
45538.4556399,4,2249,17,33266000,1
45538.6340115,4,2250,12,33263000,1
45539.5329427,4,2251,1,33259000,-1
45539.82776,4,2252,5,33256000,-1
45540.0573794,4,2253,3,33260000,-1
45540.6113773,4,2254,4,33256000,-1
45540.7869878,4,2255,1,33252000,1
45540.975871,4,2256,5,33255000,-1
45541.6875874,4,2257,1,33259000,-1
45542.0026406,4,2258,8,33256000,-1
45542.2280576,4,2259,1,33260000,-1
45542.4313109,4,2260,1,33256000,1
45542.6995592,4,2261,7,33259000,1
45542.9485865,4,2262,1,33262000,1
45543.2523473,4,2263,20,33265000,1
45543.2537531,4,2264,18,33262000,1
45543.3121251,4,2265,4,33259000,1
45543.3780621,4,2266,3,33262000,1
45543.508219,4,2267,4,33259000,-1
45543.8923471,4,2268,4,33262000,-1
45544.137129,4,2269,8,33265000,-1
45544.1817136,4,2270,6,33268000,-1
45544.2006812,4,2271,4,33271000,1
45544.5436237,4,2272,16,33268000,1
45544.5928641,4,2273,7,33265000,-1
45544.6414865,4,2274,1,33268000,-1
45545.9760915,4,2275,9,33265000,1
45546.3583056,4,2276,2,33262000,1
45546.3988616,4,2277,8,33266000,-1
45546.4276649,4,2278,1,33270000,-1
45546.4585334,4,2279,2,33267000,-1
45546.8144928,4,2280,2,33270000,-1
45547.0537581,4,2281,7,33266000,-1
45547.0559269,4,2282,17,33269000,-1
45547.1491912,4,2283,1,33272000,-1
45547.3877808,4,2284,6,33268000,1
45549.1027545,4,2285,8,33264000,1
45550.4238607,4,2286,25,33261000,-1
45550.9418085,4,2287,5,33264000,-1
45550.9651791,4,2288,1,33267000,-1
45552.5165802,4,2289,17,33263000,-1
45553.296241,4,2290,12,33266000,-1
45553.3496176,4,2291,1,33269000,-1
45553.7750515,4,2292,1,33266000,1
45554.1076519,4,2293,11,33269000,-1
45554.2364429,4,2294,4,33272000,-1
45554.2594018,4,2295,1,33275000,-1
45554.2656659,4,2296,1,33272000,1
45554.3260112,4,2297,15,33275000,-1
45555.2277928,4,2298,27,33278000,-1
45555.6566942,4,2299,12,33281000,-1
45555.7003052,4,2300,2,33284000,1
45558.1843174,4,2301,7,33280000,1
45558.3473818,4,2302,3,33277000,1
45558.5258159,4,2303,1,33274000,1
45558.8368999,4,2304,1,33277000,-1
45559.4729076,4,2305,4,33273000,1
45559.6874704,4,2306,1,33270000,1
45559.9794986,4,2307,3,33275000,-1
45560.4163755,4,2308,1,33265000,-1
45560.6851183,4,2309,8,33268000,-1
45560.6851257,4,2310,1,33271000,-1
45560.7230259,4,2311,1,33266000,1
45561.4409678,4,2312,1,33269000,-1
45561.5203335,4,2313,1,33264000,1
45562.2601154,4,2314,6,33268000,-1
45562.412781,4,2315,2,33273000,-1
45564.9776977,4,2316,9,33277000,-1
45566.359549,4,2317,4,33273000,1
45567.9775296,4,2318,4,33270000,-1
45568.4915743,4,2319,5,33273000,-1
45569.8773801,4,2320,7,33276000,-1
45570.0510331,4,2321,5,33279000,-1
45570.7866291,4,2322,5,33282000,1
45571.2351292,4,2323,3,33279000,-1
45571.9345026,4,2324,11,33282000,-1
45571.9366335,4,2325,28,33285000,-1
45571.9366422,4,2326,1,33288000,-1
45572.733202,4,2327,7,33285000,1
45572.8564144,4,2328,23,33281000,1
45573.931542,4,2329,2,33278000,-1
45575.0389248,4,2330,1,33281000,-1
45577.0060267,4,2331,2,33278000,1
45578.4448155,4,2332,2,33275000,1
45579.4130764,4,2333,17,33272000,1
45579.4223079,4,2334,1,33269000,1
45581.6280894,4,2335,1,33272000,-1
45581.7224278,4,2336,3,33268000,-1
45583.8359422,4,2337,11,33271000,-1
45584.1185108,4,2338,7,33274000,-1
45584.1185447,4,2339,2,33277000,-1
45584.1735241,4,2340,1,33274000,1
45585.5020658,4,2341,4,33277000,1
45587.7708417,4,2342,19,33274000,-1
45590.0766125,4,2343,11,33277000,-1
45590.0783836,4,2344,22,33280000,-1
45590.0784154,4,2345,1,33283000,-1
45591.219262,4,2346,13,33280000,-1
45592.9506825,4,2347,23,33283000,1
45594.8516943,4,2348,14,33280000,1
45595.7443956,4,2349,33,33285000,-1
45595.744459,4,2350,5,33288000,-1
45597.022422,4,2351,5,33285000,1
45597.11395,4,2352,2,33282000,-1
45597.7685513,4,2353,5,33285000,-1
45598.6379464,4,2354,19,33288000,-1
45598.9284078,4,2355,11,33291000,-1
45599.5557049,4,2356,10,33294000,-1
45600.0632682,4,2357,5,33297000,-1
45600.3395043,4,2358,5,33293000,1
45600.9383268,4,2359,10,33290000,1
45600.9825121,4,2360,16,33287000,-1
45601.6869964,4,2361,35,33290000,-1
45601.7317624,4,2362,1,33293000,-1
45601.9317613,4,2363,1,33296000,-1
45603.2141864,4,2364,4,33293000,1
45603.6489102,4,2365,1,33290000,1
45603.752463,4,2366,2,33293000,1
45604.0814282,4,2367,1,33290000,1
45604.3085313,4,2368,16,33293000,-1
45604.6362612,4,2369,5,33296000,1
45604.7158324,4,2370,4,33293000,1
45605.0130067,4,2371,7,33290000,1
45605.7166115,4,2372,22,33287000,-1
45605.7515622,4,2373,2,33290000,1
45605.8321102,4,2374,8,33287000,1
45606.1330421,4,2375,2,33284000,-1
45606.6860061,4,2376,4,33287000,1
45609.6878279,4,2377,11,33284000,-1
45609.779336,4,2378,3,33287000,-1
45610.275615,4,2379,3,33290000,1
45610.2756289,4,2380,1,33287000,1
45611.9894057,4,2381,19,33290000,-1
45612.243449,4,2382,2,33293000,1
45614.4363256,4,2383,18,33290000,-1
45614.9377683,4,2384,2,33293000,1
45614.9378714,4,2385,7,33290000,1
45614.9395273,4,2386,2,33287000,1
45615.4749791,4,2387,2,33290000,-1
45616.5811645,4,2388,1,33293000,-1
45617.0947787,4,2389,2,33290000,-1
45617.2986291,4,2390,2,33293000,1
45618.3070405,4,2391,2,33290000,-1
45618.3226704,4,2392,1,33293000,-1
45619.8246779,4,2393,1,33285000,1
45620.0761576,4,2394,2,33290000,1
45620.1756575,4,2395,4,33287000,1
45620.200764,4,2396,11,33284000,1
45621.2292178,4,2397,1,33287000,-1
45622.4933327,4,2398,13,33280000,1
45622.5116478,4,2399,4,33277000,1
45622.5786196,4,2400,2,33274000,-1
45623.1423085,4,2401,3,33277000,1
45623.1423682,4,2402,2,33274000,1
45624.0403125,4,2403,8,33277000,-1
45624.2310267,4,2404,1,33274000,-1
45625.8394143,4,2405,1,33277000,1
45628.0964044,4,2406,7,33280000,-1
45628.1469047,4,2407,5,33283000,-1
45629.5540207,4,2408,8,33286000,-1
45629.6134283,4,2409,12,33289000,-1
45630.5496474,4,2410,1,33283000,-1
45631.6714965,4,2411,1,33279000,-1
45633.5150635,4,2412,4,33276000,-1
45633.5655597,4,2413,4,33279000,-1
45636.6196735,4,2414,5,33275000,-1
45637.1613302,4,2415,1,33278000,-1
45638.6126957,4,2416,1,33281000,1
45640.1152178,4,2417,4,33286000,1
45640.5344117,4,2418,9,33282000,-1
45641.4549951,4,2419,1,33278000,1
45642.6319012,4,2420,5,33274000,1
45642.8298069,4,2421,1,33271000,1
45643.222409,4,2422,1,33274000,-1
45643.385468,4,2423,12,33271000,1
45644.2327907,4,2424,6,33268000,-1
45645.5512508,4,2425,12,33265000,-1
45645.7434412,4,2426,15,33268000,-1
45646.7881502,4,2427,1,33264000,-1
45647.046755,4,2428,1,33260000,1
45647.6623096,4,2429,1,33263000,-1
45649.5834304,4,2430,32,33260000,-1
45650.536701,4,2431,15,33263000,-1
45650.7624795,4,2432,2,33266000,-1
45651.2864467,4,2433,1,33262000,1
45652.8566994,4,2434,21,33265000,-1
45653.1859016,4,2435,15,33268000,-1
45653.2292242,4,2436,4,33273000,1
45653.2539707,4,2437,1,33269000,1
45653.8868914,4,2438,4,33272000,-1
45654.8270963,4,2439,9,33275000,-1
45655.4392818,4,2440,5,33279000,1
45655.4425159,4,2441,11,33276000,1
45655.4437634,4,2442,1,33273000,1
45658.1690758,4,2443,3,33277000,-1
45659.0517615,4,2444,3,33280000,-1
45659.1261597,4,2445,1,33284000,-1
45659.3183294,4,2446,7,33287000,-1
45660.4220264,4,2447,1,33290000,1
45660.8794187,4,2448,3,33287000,1
45661.1193061,4,2449,3,33284000,-1
45661.6143049,4,2450,1,33287000,-1
45662.3957789,4,2451,4,33284000,-1
45663.1870688,4,2452,7,33287000,-1
45665.1870698,4,2453,5,33290000,-1
45665.3107679,4,2454,1,33286000,1
45666.0723015,4,2455,5,33283000,1
45666.314033,4,2456,1,33279000,1
45666.698757,4,2457,3,33282000,1
45666.7215497,4,2458,2,33278000,-1
45667.3970986,4,2459,1,33281000,-1
45668.9222947,4,2460,1,33277000,-1
45670.6640517,4,2461,2,33274000,-1
45670.9836637,4,2462,1,33277000,-1
45671.8140868,4,2463,1,33273000,1
45672.7013597,4,2464,15,33277000,-1
45672.7022609,4,2465,6,33280000,-1
45672.8048066,4,2466,1,33277000,-1
45673.8045573,4,2467,5,33273000,1
45675.1030448,4,2468,4,33270000,1
45675.1387046,4,2469,1,33267000,1
45676.0815308,4,2470,11,33270000,-1
45676.0855736,4,2471,2,33273000,-1
45676.1839115,4,2472,9,33276000,-1
45676.1851991,4,2473,14,33279000,-1
45676.3089674,4,2474,17,33282000,-1
45677.0434897,4,2475,6,33285000,-1
45677.5076621,4,2476,13,33288000,-1
45678.6354599,4,2477,2,33292000,1
45682.0114318,4,2478,27,33289000,-1
45682.0447193,4,2479,1,33292000,-1
45682.4094845,4,2480,1,33287000,1
45683.0547058,4,2481,9,33290000,-1
45683.6963885,4,2482,3,33293000,-1
45683.6964213,4,2483,1,33296000,-1
45683.8829704,4,2484,1,33292000,1
45683.9311283,4,2485,3,33295000,-1
45685.0796303,4,2486,2,33288000,-1
45685.4820496,4,2487,2,33285000,-1
45686.0490061,4,2488,15,33288000,-1
45686.0490153,4,2489,1,33291000,-1
45686.3037231,4,2490,4,33288000,1
45686.4225108,4,2491,2,33284000,1
45687.2650221,4,2492,5,33281000,1
45687.305215,4,2493,22,33278000,1
45687.6311896,4,2494,3,33275000,1
45687.858092,4,2495,13,33270000,1
45688.1702973,4,2496,7,33267000,1
45688.8195728,4,2497,9,33264000,-1
45688.9865815,4,2498,2,33267000,1
45689.5124047,4,2499,1,33264000,1
45689.6159406,4,2500,5,33268000,-1
45689.6806786,4,2501,1,33271000,1
45689.8017703,4,2502,1,33274000,1
45689.8795258,4,2503,2,33271000,-1
45690.7616488,4,2504,6,33275000,-1
45692.3808134,4,2505,7,33279000,-1
45693.087009,4,2506,2,33282000,-1
45693.0870541,4,2507,1,33285000,-1
45693.8053375,4,2508,8,33280000,1
45694.7128707,4,2509,2,33277000,1
45696.3920382,4,2510,8,33274000,-1
45697.4331826,4,2511,7,33277000,-1
45697.4343206,4,2512,16,33280000,-1
45697.4362793,4,2513,27,33283000,-1
45698.4452801,4,2514,1,33286000,-1
45701.5890389,4,2515,12,33289000,-1
45702.5141466,4,2516,2,33285000,1
45704.7046741,4,2517,14,33282000,1
45704.756169,4,2518,3,33278000,1
45705.344748,4,2519,5,33275000,1
45705.5719011,4,2520,3,33271000,-1
45708.0026785,4,2521,10,33275000,-1
45708.0027247,4,2522,1,33278000,-1
45709.0419825,4,2523,2,33275000,1
45709.6570653,4,2524,1,33272000,-1
45709.9138652,4,2525,8,33269000,1
45710.0743618,4,2526,3,33266000,-1
45710.0743962,4,2527,1,33269000,-1
45715.5655004,4,2528,44,33266000,-1
45715.7821067,4,2529,7,33269000,-1
45715.812557,4,2530,1,33272000,-1
45716.0009745,4,2531,1,33278000,1
45716.7065736,4,2532,1,33275000,-1
45718.7237428,4,2533,6,33272000,-1
45718.7406516,4,2534,2,33275000,-1
45718.8285291,4,2535,1,33278000,-1
45719.9208257,4,2536,5,33275000,1
45719.9917995,4,2537,51,33272000,1
45720.6901196,4,2538,2,33267000,-1
45720.690153,4,2539,1,33270000,-1
45721.0124715,4,2540,1,33265000,1
45721.157787,4,2541,1,33268000,-1
45721.7852542,4,2542,7,33265000,1
45721.8120536,4,2543,10,33262000,1
45722.3472445,4,2544,5,33265000,-1
45722.5793103,4,2545,6,33268000,-1
45722.6128074,4,2546,2,33271000,-1
45722.8425089,4,2547,2,33274000,1
45722.9329469,4,2548,2,33271000,1
45723.7176441,4,2549,1,33268000,-1
45724.0499851,4,2550,13,33265000,1
45725.0347793,4,2551,19,33262000,1
45725.4387501,4,2552,2,33265000,-1
45726.2383908,4,2553,1,33268000,-1
45726.4554525,4,2554,1,33264000,1
45727.2396196,4,2555,1,33267000,-1
45730.2131601,4,2556,1,33264000,1
45732.1348138,4,2557,4,33267000,1
45733.1738632,4,2558,3,33264000,-1
45733.4578575,4,2559,5,33267000,-1
45733.4593385,4,2560,16,33270000,-1
45733.4639318,4,2561,27,33273000,-1
45733.4645938,4,2562,31,33276000,-1
45733.5876851,4,2563,54,33279000,-1
45733.5907741,4,2564,1,33276000,1
45733.5947485,4,2565,3,33280000,-1
45733.6420589,4,2566,1,33276000,1
45733.7252441,4,2567,7,33279000,1
45734.0621472,4,2568,1,33276000,-1
45734.6387837,4,2569,3,33273000,1
45734.6907892,4,2570,8,33270000,1
45734.7106238,4,2571,1,33266000,1
45736.4860486,4,2572,3,33269000,-1
45736.9524615,4,2573,2,33273000,-1
45738.1879319,4,2574,5,33276000,-1
45738.3748103,4,2575,1,33279000,-1
45739.5414572,4,2576,8,33282000,-1
45740.6498625,4,2577,11,33287000,-1
45741.461518,4,2578,3,33290000,-1
45742.6070856,4,2579,3,33286000,-1
45743.7918946,4,2580,11,33289000,-1
45744.4394859,4,2581,8,33292000,-1
45746.0880257,4,2582,7,33289000,1
45748.1740463,4,2583,13,33286000,1
45748.1772582,4,2584,20,33283000,1
45749.1706899,4,2585,3,33280000,1
45750.0798847,4,2586,1,33285000,1
45750.2437251,4,2587,1,33288000,-1
45751.7242198,4,2588,5,33284000,1
45752.1375545,4,2589,7,33281000,-1
45752.2852908,4,2590,2,33284000,1
45754.5590308,4,2591,6,33279000,-1
45755.3166211,4,2592,4,33282000,-1
45756.0218243,4,2593,4,33286000,-1
45757.1021296,4,2594,7,33289000,1
45757.2266536,4,2595,3,33286000,1
45757.4693734,4,2596,1,33283000,-1
45759.149211,4,2597,2,33278000,-1
45759.8354368,4,2598,3,33281000,-1
45761.5362602,4,2599,12,33284000,-1
45762.1551978,4,2600,1,33287000,-1
45763.0612257,4,2601,1,33282000,1
45763.4544536,4,2602,2,33285000,-1
45766.3950403,4,2603,1,33288000,-1
45767.8284159,4,2604,8,33283000,1
45767.8557292,4,2605,8,33280000,1
45771.0914936,4,2606,6,33277000,-1
45771.1627027,4,2607,11,33280000,-1
45771.1642237,4,2608,1,33283000,-1
45772.50216,4,2609,7,33278000,1
45772.5116868,4,2610,1,33275000,1
45773.1432046,4,2611,1,33278000,-1
45778.6720531,4,2612,8,33274000,-1
45779.284795,4,2613,2,33279000,1
45780.5096162,4,2614,1,33276000,-1
45781.7169031,4,2615,16,33272000,1
45781.768084,4,2616,3,33269000,1
45782.4285671,4,2617,17,33265000,1
45782.5397855,4,2618,30,33262000,1
45783.6712462,4,2619,5,33259000,-1
45784.4598099,4,2620,12,33256000,1
45785.0174164,4,2621,4,33253000,1
45785.4990375,4,2622,6,33256000,1
45785.4990727,4,2623,1,33253000,1
45785.9754984,4,2624,1,33257000,-1
45786.3562188,4,2625,2,33253000,1
45786.918625,4,2626,1,33256000,-1
45787.3071625,4,2627,3,33253000,-1
45787.5122797,4,2628,1,33257000,-1
45787.5949441,4,2629,1,33254000,1
45788.1430427,4,2630,3,33258000,-1
45788.2440508,4,2631,1,33262000,-1
45788.5383266,4,2632,3,33259000,1
45789.6353573,4,2633,12,33264000,-1
45789.7189793,4,2634,3,33267000,-1
45790.1680456,4,2635,1,33270000,-1
45790.9681173,4,2636,5,33267000,-1
45791.7498266,4,2637,24,33261000,1
45792.4486735,4,2638,2,33258000,-1
45793.7987896,4,2639,1,33261000,1
45794.0367582,4,2640,1,33264000,-1
45797.1752201,4,2641,23,33260000,1
45798.4215466,4,2642,20,33257000,1
45799.0290236,4,2643,4,33254000,1
45800.185685,4,2644,3,33257000,-1
45802.5067071,4,2645,1,33261000,-1
45803.1214019,4,2646,1,33258000,-1
45803.4172492,4,2647,5,33255000,-1
45804.5040514,4,2648,45,33252000,1
45804.6149808,4,2649,17,33249000,1
45804.6330197,4,2650,6,33246000,-1
45804.6488493,4,2651,1,33249000,-1
45804.7087599,4,2652,3,33246000,1
45805.5676417,4,2653,4,33249000,1
45805.9565477,4,2654,31,33246000,1
45810.1041092,4,2655,16,33243000,-1
45810.5803552,4,2656,39,33240000,1
45810.683959,4,2657,8,33237000,1
45811.1102096,4,2658,8,33234000,-1
45812.5479807,4,2659,8,33237000,1
45812.9743803,4,2660,3,33234000,-1
45813.7256378,4,2661,2,33238000,1
45815.153085,4,2662,1,33235000,-1
45817.0260712,4,2663,2,33232000,-1
45819.0495697,4,2664,14,33235000,-1
45819.085618,4,2665,1,33238000,-1
45819.29833,4,2666,1,33233000,1
45820.3511898,4,2667,21,33240000,-1
45820.510938,4,2668,1,33243000,-1
45820.9913413,4,2669,3,33237000,-1
45821.3167316,4,2670,11,33240000,-1
45821.3333025,4,2671,12,33243000,-1
45821.4180072,4,2672,4,33246000,1
45822.0535812,4,2673,1,33249000,-1
45822.3151839,4,2674,2,33246000,-1
45822.5018189,4,2675,2,33249000,1
45822.8458025,4,2676,2,33246000,1
45823.5713434,4,2677,2,33250000,1
45823.7333946,4,2678,102,33246000,1
45824.0060822,4,2679,3,33243000,-1
45824.7320354,4,2680,13,33246000,-1
45826.3288552,4,2681,13,33252000,-1
45826.5619105,4,2682,1,33255000,-1
45826.6396311,4,2683,11,33252000,1
45826.6441385,4,2684,15,33249000,1
45826.6480376,4,2685,27,33246000,1
45826.6512294,4,2686,25,33243000,1
45826.917531,4,2687,10,33240000,1
45827.0483086,4,2688,3,33243000,1
45828.5863175,4,2689,6,33240000,-1
45829.1704444,4,2690,1,33243000,1
45832.4887412,4,2691,3,33246000,1
45832.8264327,4,2692,3,33243000,1
45832.9543236,4,2693,1,33240000,-1
45833.5604109,4,2694,4,33243000,-1
45837.950835,4,2695,18,33247000,-1
45837.9924276,4,2696,3,33244000,1
45838.0374197,4,2697,6,33241000,-1
45839.8473668,4,2698,25,33244000,-1
45839.8632273,4,2699,22,33241000,1
45839.8662798,4,2700,28,33238000,1
45839.8693542,4,2701,30,33235000,1
45840.127731,4,2702,7,33232000,-1
45840.4189551,4,2703,2,33235000,1
45841.7092117,4,2704,1,33232000,-1
45842.9589047,4,2705,7,33228000,1
45846.8818629,4,2706,18,33233000,1
45846.9010281,4,2707,14,33230000,1
45847.220669,4,2708,5,33227000,-1
45848.8869172,4,2709,49,33230000,-1
45848.8869341,4,2710,1,33233000,-1
45848.8908023,4,2711,2,33230000,1
45848.9919021,4,2712,4,33233000,1
45850.0447201,4,2713,1,33230000,-1
45850.3108384,4,2714,1,33227000,-1
45850.9961155,4,2715,12,33224000,1
45852.8574413,4,2716,13,33227000,-1
45852.9265878,4,2717,5,33223000,-1
45852.9728675,4,2718,1,33226000,-1
45853.1138532,4,2719,4,33223000,1
45853.2803184,4,2720,7,33220000,1
45853.8242736,4,2721,5,33217000,-1
45853.8889174,4,2722,2,33221000,-1
45854.0051695,4,2723,3,33218000,-1
45854.292904,4,2724,1,33221000,-1
45855.0250117,4,2725,5,33218000,1
45855.3085612,4,2726,2,33215000,-1
45856.1144147,4,2727,7,33218000,-1
45856.4075123,4,2728,5,33221000,1
45856.4866983,4,2729,2,33218000,-1
45856.9093544,4,2730,11,33221000,-1
45856.987555,4,2731,11,33225000,-1
45857.1088644,4,2732,1,33229000,-1
45857.4724769,4,2733,1,33224000,-1
45858.1760233,4,2734,1,33227000,-1
45858.4832245,4,2735,4,33223000,-1
45859.3892867,4,2736,6,33226000,1
45860.4104384,4,2737,1,33223000,-1
45861.8785867,4,2738,10,33219000,-1
45861.9195323,4,2739,42,33222000,-1
45861.9884797,4,2740,8,33225000,1
45862.0172601,4,2741,2,33222000,1
45862.1936945,4,2742,2,33219000,-1
45863.0216637,4,2743,1,33222000,-1
45864.1456096,4,2744,12,33219000,-1
45864.1712465,4,2745,9,33222000,-1
45864.2354405,4,2746,5,33225000,-1
45866.2461285,4,2747,4,33228000,1
45866.9018769,4,2748,11,33225000,1
45866.9791511,4,2749,34,33222000,1
45867.028062,4,2750,54,33219000,-1
45867.0734286,4,2751,1,33222000,-1
45867.451422,4,2752,6,33225000,1
45867.4524314,4,2753,14,33222000,1
45867.4524571,4,2754,1,33219000,1
45867.9434588,4,2755,4,33222000,-1
45869.0933888,4,2756,2,33225000,-1
45869.4369714,4,2757,7,33221000,-1
45870.492973,4,2758,18,33224000,-1
45870.6067265,4,2759,1,33221000,-1
45871.2201415,4,2760,19,33217000,1
45871.3793179,4,2761,7,33214000,-1
45876.9633389,4,2762,16,33217000,-1
45877.0106266,4,2763,5,33220000,-1
45877.0234172,4,2764,14,33223000,-1
45877.0829524,4,2765,8,33226000,-1
45879.4482368,4,2766,3,33229000,-1
45879.7240417,4,2767,12,33225000,-1
45880.6406018,4,2768,6,33229000,-1
45882.41696,4,2769,1,33233000,1
45885.0155178,4,2770,2,33238000,-1
45885.9661051,4,2771,7,33241000,1
45885.967785,4,2772,13,33238000,1
45885.9678476,4,2773,1,33235000,1
45886.0555945,4,2774,1,33240000,-1
45886.1947943,4,2775,6,33236000,-1
45886.2532696,4,2776,1,33239000,-1
45886.4926715,4,2777,13,33236000,1
45886.7532379,4,2778,19,33233000,1
45886.8263814,4,2779,1,33230000,1
45887.2589495,4,2780,1,33235000,-1
45887.283005,4,2781,11,33231000,1
45888.7706468,4,2782,18,33228000,1
45888.7974505,4,2783,47,33225000,1
45889.003396,4,2784,5,33222000,1
45889.741836,4,2785,15,33219000,-1
45890.0964143,4,2786,2,33222000,1
45890.4063932,4,2787,3,33219000,-1
45891.2210366,4,2788,4,33222000,-1
45891.8172537,4,2789,10,33225000,-1
45892.1493353,4,2790,11,33228000,1
45894.3101183,4,2791,8,33225000,1
45896.8514668,4,2792,14,33222000,1
45897.6536811,4,2793,3,33225000,1
45899.1049507,4,2794,2,33221000,-1
45899.5679713,4,2795,7,33224000,-1
45900.135728,4,2796,4,33221000,-1
45900.3011712,4,2797,1,33224000,-1
45900.4216599,4,2798,4,33221000,-1
45900.6883945,4,2799,1,33224000,-1
45901.053783,4,2800,6,33220000,-1
45901.1086334,4,2801,1,33223000,-1
45901.1966214,4,2802,2,33220000,-1
45901.2645595,4,2803,5,33223000,-1
45901.2915149,4,2804,5,33227000,-1
45901.4027421,4,2805,6,33231000,-1
45901.4438564,4,2806,4,33234000,-1
45901.5230204,4,2807,4,33237000,-1
45901.6004152,4,2808,7,33240000,-1
45901.7092458,4,2809,6,33243000,-1
45902.1616988,4,2810,1,33235000,1
45902.2789431,4,2811,3,33238000,1
45902.6340078,4,2812,1,33235000,1
45902.7694888,4,2813,1,33242000,-1
45902.808027,4,2814,1,33245000,-1
45903.4169555,4,2815,6,33242000,1
45903.5459805,4,2816,1,33238000,1
45903.7458505,4,2817,2,33241000,1
45903.889154,4,2818,2,33238000,1
45904.1999716,4,2819,3,33235000,-1
45904.2462554,4,2820,4,33239000,-1
45904.3049877,4,2821,5,33243000,-1
45904.327429,4,2822,5,33246000,1
45904.4879101,4,2823,3,33242000,-1
45904.7978385,4,2824,2,33246000,1
45906.1005973,4,2825,7,33243000,-1
45906.4478349,4,2826,4,33247000,-1
45906.64197,4,2827,2,33244000,1
45906.8365132,4,2828,14,33249000,-1
45906.9612877,4,2829,1,33252000,1
45907.1459426,4,2830,6,33256000,-1
45907.8210707,4,2831,4,33252000,1
45907.9384785,4,2832,3,33249000,-1
45908.2050867,4,2833,5,33252000,1
45908.2051214,4,2834,1,33249000,1
45909.2812677,4,2835,2,33253000,-1
45910.1153014,4,2836,16,33256000,1
45910.848121,4,2837,13,33253000,1
45912.0198399,4,2838,2,33250000,-1
45912.9176556,4,2839,2,33244000,1
45913.7557931,4,2840,9,33240000,-1
45913.7558007,4,2841,1,33243000,-1
45914.4396005,4,2842,6,33239000,1
45915.1752136,4,2843,6,33236000,-1
45918.8553642,4,2844,3,33232000,1
45919.4804428,4,2845,1,33228000,1
45920.4174275,4,2846,6,33224000,1
45922.3096394,4,2847,6,33229000,-1
45926.8835249,4,2848,5,33226000,-1
45927.6419841,4,2849,6,33223000,1
45928.143401,4,2850,3,33220000,1
45928.1867955,4,2851,2,33217000,1
45928.7267346,4,2852,1,33220000,1
45930.3016454,4,2853,3,33223000,1
45930.6062295,4,2854,3,33220000,-1
45930.6062509,4,2855,1,33223000,-1
45931.1665411,4,2856,2,33220000,-1
45933.7391306,4,2857,5,33217000,-1
45934.0333012,4,2858,7,33220000,-1
45934.5686815,4,2859,2,33223000,1
45934.7614694,4,2860,3,33219000,1
45934.9469234,4,2861,2,33216000,-1
45935.5138237,4,2862,3,33219000,-1
45937.0510993,4,2863,6,33222000,1
45937.5127706,4,2864,2,33218000,1
45940.0604237,4,2865,1,33215000,1
45942.3007468,4,2866,4,33218000,-1
45944.6331071,4,2867,13,33221000,-1
45946.4525927,4,2868,3,33224000,-1
45947.7259661,4,2869,3,33230000,-1
45947.7576007,4,2870,2,33233000,1
45948.8737552,4,2871,3,33229000,-1
45949.1960628,4,2872,4,33232000,-1
45949.245617,4,2873,1,33235000,-1
45949.5282845,4,2874,2,33239000,1
45949.5399289,4,2875,2,33236000,1
45950.1341334,4,2876,5,33233000,-1
45950.2409524,4,2877,3,33237000,-1
45950.5091984,4,2878,1,33240000,-1
45951.1355383,4,2879,3,33236000,-1
45951.5572074,4,2880,2,33241000,1
45952.2938204,4,2881,2,33238000,-1
45953.2124526,4,2882,5,33242000,1
45954.7989687,4,2883,5,33245000,1
45956.3133198,4,2884,1,33242000,1
45956.7345531,4,2885,1,33245000,-1
45959.2738264,4,2886,1,33240000,-1
45959.9219356,4,2887,1,33237000,1
45960.272325,4,2888,10,33241000,-1
45960.6643844,4,2889,4,33245000,-1
45960.7216996,4,2890,9,33248000,-1
45962.3907424,4,2891,1,33251000,-1
45962.5145297,4,2892,4,33247000,-1
45964.1018477,4,2893,4,33251000,-1
45964.6632094,4,2894,5,33255000,1
45967.7259942,4,2895,4,33252000,1
45970.7674015,4,2896,6,33256000,-1
45971.4478142,4,2897,9,33253000,-1
45975.8282978,4,2898,18,33256000,-1
45977.3946544,4,2899,5,33250000,-1
45977.758749,4,2900,10,33253000,-1
45977.7587586,4,2901,1,33256000,-1
45977.7842276,4,2902,1,33253000,1
45978.5756568,4,2903,5,33256000,-1
45979.6491335,4,2904,1,33259000,-1
45980.4690369,4,2905,10,33255000,-1
45980.506197,4,2906,16,33258000,1
45980.8138396,4,2907,1,33255000,-1
45981.4249696,4,2908,7,33252000,1
45981.467558,4,2909,5,33249000,1
45981.4980213,4,2910,11,33246000,-1
45982.2002444,4,2911,1,33249000,-1
45984.0550904,4,2912,3,33254000,-1
45984.969729,4,2913,6,33251000,1
45985.5431152,4,2914,15,33256000,-1
45990.0503474,4,2915,11,33261000,-1
45992.7313666,4,2916,27,33264000,-1
45994.022732,4,2917,5,33267000,-1
45995.0870369,4,2918,9,33270000,-1
45996.7397856,4,2919,25,33267000,-1
45996.9550656,4,2920,14,33264000,1
45997.2096355,4,2921,14,33261000,-1
45999.3423002,4,2922,10,33258000,-1
45999.6511941,4,2923,16,33255000,1
46001.3628278,4,2924,7,33252000,1
46001.7887012,4,2925,1,33249000,-1
46003.7607563,4,2926,2,33245000,-1
46005.586339,4,2927,2,33248000,1
46006.7180729,4,2928,1,33244000,-1
46008.8903683,4,2929,5,33241000,-1
46009.6197844,4,2930,7,33244000,-1
46011.6149943,4,2931,2,33247000,-1
46013.958419,4,2932,5,33250000,-1
46016.1976958,4,2933,2,33255000,-1
46017.5410619,4,2934,4,33259000,-1
46018.4959312,4,2935,7,33262000,-1
46018.4959637,4,2936,1,33265000,-1
46018.5670387,4,2937,22,33262000,1
46019.2603129,4,2938,4,33266000,1
46019.3696334,4,2939,18,33262000,1
46019.8877603,4,2940,1,33258000,-1
46022.9485392,4,2941,5,33255000,-1
46023.4070184,4,2942,1,33258000,1
46024.7930235,4,2943,1,33255000,1
46024.865642,4,2944,1,33258000,-1
46025.4924414,4,2945,1,33255000,1
46026.3302406,4,2946,1,33252000,1
46031.3522075,4,2947,9,33255000,-1
46031.562399,4,2948,2,33252000,-1
46034.7746047,4,2949,12,33256000,1
46034.9826052,4,2950,14,33262000,-1
46035.5994902,4,2951,18,33265000,-1
46036.6090283,4,2952,10,33268000,-1
46037.3856098,4,2953,10,33272000,-1
46038.1763238,4,2954,15,33275000,1
46038.8496848,4,2955,4,33272000,-1
46038.8509382,4,2956,9,33275000,-1
46040.201771,4,2957,14,33272000,1
46040.2496186,4,2958,4,33269000,-1
46040.7810044,4,2959,3,33272000,1
46044.9780659,4,2960,22,33269000,-1
46046.044213,4,2961,21,33266000,-1
46046.0990679,4,2962,49,33269000,1
46047.0177935,4,2963,6,33266000,1
46047.6741794,4,2964,1,33263000,1
46050.0604476,4,2965,5,33266000,-1
46050.2266545,4,2966,3,33269000,-1
46052.5448357,4,2967,2,33266000,1
46054.2362001,4,2968,4,33272000,1
46056.1893932,4,2969,5,33269000,1
46056.4815133,4,2970,4,33266000,-1
46060.0274813,4,2971,36,33269000,1
46060.0562995,4,2972,1,33272000,1
46060.276962,4,2973,1,33269000,1
46062.4360909,4,2974,2,33266000,1
46064.1300663,4,2975,1,33269000,1
46064.2422476,4,2976,11,33272000,-1
46067.3913588,4,2977,10,33275000,-1
46067.3913975,4,2978,1,33278000,-1
46068.0589914,4,2979,3,33274000,-1
46068.7497097,4,2980,1,33277000,-1
46070.7627205,4,2981,6,33271000,-1
46073.2325448,4,2982,4,33274000,-1
46075.3777704,4,2983,8,33269000,1
46075.3860489,4,2984,5,33266000,-1
46077.3530261,4,2985,3,33270000,-1
46077.4168326,4,2986,6,33273000,-1
46078.4151641,4,2987,3,33276000,1
46079.4113515,4,2988,2,33273000,-1
46080.2865394,4,2989,7,33276000,-1
46080.371423,4,2990,1,33279000,-1
46081.2922084,4,2991,1,33273000,1
46082.0171137,4,2992,5,33276000,-1
46082.0400306,4,2993,2,33273000,1
46082.0749057,4,2994,2,33270000,1
46082.5105296,4,2995,3,33267000,-1
46082.8410116,4,2996,4,33271000,-1
46083.6384523,4,2997,3,33274000,-1
46084.7937193,4,2998,1,33269000,-1
46085.1972773,4,2999,1,33266000,1
46088.7539845,4,3000,17,33269000,-1
46089.6415632,4,3001,8,33272000,-1
46089.6459485,4,3002,24,33275000,-1
46089.648069,4,3003,29,33278000,-1
46089.7406464,4,3004,5,33281000,-1
46091.0071366,4,3005,5,33278000,-1
46096.0928578,4,3006,1,33275000,-1
46096.8234205,4,3007,7,33271000,1
46097.1281581,4,3008,2,33268000,-1
46097.5691972,4,3009,1,33272000,-1
46097.8983343,4,3010,3,33269000,-1
46100.5794072,4,3011,1,33272000,1
46101.342252,4,3012,15,33278000,-1
46101.342792,4,3013,1,33281000,-1
46103.2981001,4,3014,1,33276000,-1
46106.0172084,4,3015,1,33273000,1
46107.5128235,4,3016,2,33277000,-1
46107.5128467,4,3017,1,33280000,-1
46108.9430902,4,3018,2,33277000,-1
46110.5680059,4,3019,3,33280000,-1
46110.7522894,4,3020,10,33283000,1
46111.9434057,4,3021,7,33280000,1
46111.9601467,4,3022,1,33277000,1
46115.3046175,4,3023,10,33280000,-1
46115.6786063,4,3024,13,33283000,1
46117.6288057,4,3025,5,33280000,-1
46120.2718143,4,3026,5,33283000,-1
46122.7341948,4,3027,1,33280000,1
46123.3378796,4,3028,3,33283000,-1
46131.1570586,4,3029,1,33279000,-1
46132.407389,4,3030,2,33276000,-1
46135.0133897,4,3031,9,33279000,-1
46135.6467322,4,3032,2,33282000,1
46136.7222126,4,3033,4,33279000,-1
46140.5559864,4,3034,5,33282000,-1
46141.5992654,4,3035,1,33285000,1
46141.6297945,4,3036,3,33282000,1
46144.1199018,4,3037,2,33279000,1
46146.6759261,4,3038,4,33282000,-1
46146.721365,4,3039,17,33285000,1
46148.6699697,4,3040,4,33282000,-1
46148.6943499,4,3041,1,33285000,-1
46150.4186396,4,3042,1,33280000,1
46150.515468,4,3043,3,33284000,-1
46152.511759,4,3044,5,33280000,1
46153.9862824,4,3045,10,33277000,1
46154.2987873,4,3046,2,33274000,-1
46155.5813627,4,3047,12,33277000,-1
46156.9111311,4,3048,27,33281000,1
46160.3676216,4,3049,6,33275000,1
46160.9047969,4,3050,4,33272000,-1
46160.967071,4,3051,7,33275000,-1
46162.9114104,4,3052,5,33279000,1
46163.721157,4,3053,1,33276000,1
46164.8332808,4,3054,20,33280000,-1
46164.8333114,4,3055,1,33283000,-1
46166.7041321,4,3056,2,33279000,-1
46167.3177908,4,3057,9,33282000,-1
46168.1976558,4,3058,11,33285000,-1
46169.6663011,4,3059,44,33288000,-1
46169.749036,4,3060,3,33291000,1
46171.6987277,4,3061,3,33287000,1
46171.7522558,4,3062,4,33284000,1
46171.9855661,4,3063,3,33281000,1
46172.0416388,4,3064,1,33278000,-1
46172.1819108,4,3065,1,33281000,1
46172.7100602,4,3066,2,33278000,-1
46173.0536246,4,3067,3,33281000,1
46174.8600908,4,3068,1,33278000,-1
46178.3739601,4,3069,11,33275000,-1
46179.794751,4,3070,7,33278000,1
46180.8789682,4,3071,9,33282000,-1
46180.8803641,4,3072,3,33285000,-1
46182.0024639,4,3073,2,33282000,1
46185.443403,4,3074,2,33279000,-1
46185.8508009,4,3075,1,33282000,1
46187.9828975,4,3076,17,33286000,-1
46187.9944144,4,3077,1,33289000,1
46189.3983147,4,3078,6,33285000,1
46189.5992586,4,3079,4,33282000,1
46189.7912332,4,3080,12,33279000,1
46189.8831228,4,3081,12,33276000,1
46189.9542731,4,3082,22,33273000,1
46190.1638554,4,3083,1,33270000,1
46191.9191628,4,3084,2,33273000,-1
46194.0169016,4,3085,5,33278000,1
46195.0662686,4,3086,1,33274000,1
46199.4888301,4,3087,7,33278000,1
46203.7423865,4,3088,3,33275000,1
46204.356084,4,3089,16,33272000,1
46204.3881847,4,3090,9,33269000,1
46204.4884103,4,3091,3,33266000,-1
46204.5200835,4,3092,2,33269000,-1
46205.4027918,4,3093,3,33273000,1
46205.6104609,4,3094,1,33270000,-1
46208.4373626,4,3095,12,33273000,-1
46209.0845768,4,3096,16,33276000,-1
46210.5119269,4,3097,4,33279000,-1
46212.4475313,4,3098,15,33276000,-1
46212.4494267,4,3099,19,33279000,-1
46212.4520378,4,3100,25,33282000,-1
46212.5939157,4,3101,40,33285000,1
46220.1667037,4,3102,1,33282000,-1
46227.4911626,4,3103,7,33274000,-1
46228.4235244,4,3104,3,33277000,1
46229.3347349,4,3105,1,33274000,1
46235.9811718,4,3106,37,33278000,-1
46236.0198951,4,3107,2,33281000,-1
46236.28598,4,3108,2,33278000,1
46236.834912,4,3109,10,33275000,1
46237.91058,4,3110,2,33272000,-1
46243.4193842,4,3111,1,33275000,-1
46243.814316,4,3112,15,33271000,1
46244.4389118,4,3113,2,33268000,1
46246.0082861,4,3114,5,33271000,-1
46248.8506536,4,3115,28,33274000,1
46250.3470287,4,3116,4,33278000,1
46250.5374626,4,3117,27,33275000,1
46251.0037793,4,3118,1,33272000,1
46252.7654833,4,3119,1,33279000,1
46253.1080935,4,3120,1,33276000,-1
46254.7717864,4,3121,3,33271000,1
46257.1393659,4,3122,1,33268000,-1
46257.8837908,4,3123,11,33265000,1
46258.2487369,4,3124,10,33262000,1
46258.3194757,4,3125,3,33259000,-1
46258.6477119,4,3126,15,33262000,1
46261.209621,4,3127,33,33259000,1
46263.2500466,4,3128,11,33256000,-1
46263.9394921,4,3129,3,33260000,1
46264.4365018,4,3130,7,33257000,1
46264.5484131,4,3131,7,33254000,1
46264.7431209,4,3132,4,33251000,1
46266.2640608,4,3133,7,33255000,-1
46268.4328107,4,3134,3,33258000,-1
46271.9352241,4,3135,3,33263000,-1
46277.640043,4,3136,11,33260000,-1
46279.2559658,4,3137,25,33257000,-1
46281.9370491,4,3138,10,33260000,-1
46284.631652,4,3139,3,33263000,-1
46284.8926493,4,3140,6,33266000,-1
46285.5447108,4,3141,1,33269000,1
46287.3716558,4,3142,5,33273000,-1
46296.8834057,4,3143,12,33276000,-1
46297.1443203,4,3144,12,33279000,1
46302.5762215,4,3145,3,33283000,-1
46305.0791912,4,3146,2,33280000,-1
46307.1431979,4,3147,9,33283000,-1
46309.2651559,4,3148,1,33287000,1
46312.0034487,4,3149,4,33284000,-1
46314.0476702,4,3150,3,33287000,1
46314.4097022,4,3151,2,33284000,1
46315.1766183,4,3152,1,33281000,1
46315.7554904,4,3153,12,33284000,-1
46318.884135,4,3154,15,33287000,-1
46324.288591,4,3155,18,33290000,1
46324.8600791,4,3156,2,33293000,1
46325.0671513,4,3157,1,33296000,-1
46327.6238224,4,3158,11,33292000,1
46331.1442423,4,3159,2,33295000,-1
46332.5142285,4,3160,17,33292000,1
46332.883109,4,3161,12,33289000,-1
46332.8847233,4,3162,15,33292000,-1
46334.3340359,4,3163,1,33289000,-1
46334.6207278,4,3164,1,33286000,1
46335.7951651,4,3165,1,33289000,1
46340.5675452,4,3166,4,33292000,-1
46341.8792217,4,3167,2,33289000,-1
46344.3403367,4,3168,5,33286000,1
46344.367629,4,3169,2,33283000,1
46347.1321071,4,3170,24,33286000,1
46349.3694231,4,3171,8,33283000,1
46350.5177491,4,3172,7,33286000,-1
46350.5555168,4,3173,6,33289000,-1
46351.5964705,4,3174,5,33292000,1
46353.7447759,4,3175,10,33287000,-1
46353.8193354,4,3176,1,33290000,-1
46354.4174281,4,3177,59,33287000,1
46356.1187539,4,3178,12,33284000,1
46356.1609138,4,3179,14,33281000,1
46356.8461238,4,3180,4,33278000,-1
46359.237005,4,3181,2,33281000,1
46360.7529106,4,3182,5,33278000,-1
46362.0416171,4,3183,6,33274000,1
46363.1780205,4,3184,1,33270000,1
46367.0396962,4,3185,6,33273000,-1
46369.8172585,4,3186,1,33277000,1
46370.9287274,4,3187,9,33282000,-1
46370.9353704,4,3188,16,33285000,-1
46370.937604,4,3189,28,33288000,-1
46370.9389872,4,3190,25,33291000,-1
46371.1734091,4,3191,17,33294000,-1
46371.192291,4,3192,2,33297000,1
46372.3157368,4,3193,21,33294000,1
46375.5036762,4,3194,2,33291000,1
46376.5833419,4,3195,4,33294000,1
46378.609516,4,3196,2,33291000,1
46378.8671337,4,3197,2,33295000,-1
46380.3084158,4,3198,37,33298000,1
46380.8628059,4,3199,8,33295000,1
46381.1841459,4,3200,6,33292000,1
46381.2671493,4,3201,5,33289000,-1
46381.624973,4,3202,1,33292000,-1
46382.8519279,4,3203,12,33289000,1
46384.113361,4,3204,10,33286000,1
46384.6702189,4,3205,1,33289000,1
46384.8993593,4,3206,3,33292000,1
46386.9092406,4,3207,5,33289000,1
46387.274482,4,3208,4,33286000,1
46388.0767065,4,3209,4,33283000,1
46389.608285,4,3210,8,33280000,1
46389.8183781,4,3211,2,33277000,-1
46390.1434524,4,3212,1,33280000,-1
46391.6323669,4,3213,3,33275000,-1
46391.9074381,4,3214,2,33278000,1
46392.1648123,4,3215,3,33274000,-1
46392.4681875,4,3216,1,33277000,-1
46393.1160058,4,3217,1,33274000,1
46393.9363291,4,3218,4,33277000,1
46394.59617,4,3219,2,33274000,-1
46394.8750474,4,3220,2,33278000,1
46396.9981155,4,3221,1,33275000,1
46397.2271206,4,3222,2,33278000,1
46398.0417132,4,3223,2,33275000,-1
46398.1043792,4,3224,1,33278000,-1
46398.5481289,4,3225,3,33281000,-1
46400.4325807,4,3226,1,33285000,1
46401.9515213,4,3227,7,33281000,1
46403.3815961,4,3228,9,33278000,1
46404.1939121,4,3229,18,33275000,1
46404.3494992,4,3230,3,33272000,1
46404.8876264,4,3231,7,33276000,-1
46404.9549432,4,3232,4,33280000,-1
46407.2350698,4,3233,8,33283000,-1
46407.3123113,4,3234,5,33286000,-1
46407.3319084,4,3235,3,33289000,-1
46407.5351432,4,3236,11,33292000,-1
46407.7166405,4,3237,1,33295000,-1
46409.7165588,4,3238,5,33289000,1
46410.6764812,4,3239,6,33285000,1
46411.4444554,4,3240,9,33282000,1
46411.5885294,4,3241,7,33279000,-1
46411.5886133,4,3242,7,33282000,-1
46411.5912978,4,3243,22,33285000,-1
46411.7037291,4,3244,1,33288000,-1
46412.8035224,4,3245,1,33282000,1
46413.0294855,4,3246,5,33287000,-1
46413.3220651,4,3247,6,33291000,-1
46413.73288,4,3248,9,33295000,-1
46418.2564903,4,3249,14,33298000,1
46418.256532,4,3250,1,33295000,1
46419.4627883,4,3251,1,33299000,-1
46429.7210396,4,3252,10,33295000,-1
46431.968826,4,3253,42,33299000,1
46434.9007237,4,3254,1,33296000,1
46440.7012178,4,3255,2,33299000,-1
46442.9323715,4,3256,6,33296000,-1
46444.1808053,4,3257,1,33299000,-1
46445.4950612,4,3258,19,33294000,1
46447.7719871,4,3259,5,33297000,-1
46461.7831269,4,3260,15,33294000,1
46464.1174025,4,3261,3,33291000,-1
46465.4248374,4,3262,2,33295000,-1
46469.8583529,4,3263,19,33298000,-1
46474.6739343,4,3264,4,33301000,-1
46475.0379247,4,3265,4,33297000,1
46476.8769687,4,3266,6,33303000,-1
46477.4103104,4,3267,15,33306000,-1
46478.4718814,4,3268,1,33303000,1
46479.4304557,4,3269,7,33306000,1
46479.9752777,4,3270,20,33303000,-1
46480.6331589,4,3271,6,33306000,-1
46481.8609451,4,3272,2,33303000,1
46481.8609744,4,3273,1,33300000,1
46482.0277929,4,3274,1,33304000,-1
46487.9208595,4,3275,7,33300000,-1
46488.5986261,4,3276,1,33303000,1
46491.0081594,4,3277,5,33306000,-1
46491.0239116,4,3278,3,33309000,1
46493.3143189,4,3279,10,33306000,1
46498.5026421,4,3280,31,33309000,-1
46498.9864285,4,3281,1,33312000,1
46499.9535259,4,3282,2,33315000,1
46500.2033622,4,3283,1,33312000,-1
46502.3820321,4,3284,15,33315000,-1
46502.4032986,4,3285,1,33318000,-1
46502.639054,4,3286,5,33315000,1
46502.6755073,4,3287,2,33312000,-1
46504.791444,4,3288,4,33316000,1
46505.2618922,4,3289,1,33319000,-1
46505.4906327,4,3290,2,33316000,-1
46505.7189321,4,3291,1,33319000,-1
46507.054611,4,3292,1,33316000,1
46507.0641408,4,3293,3,33319000,1
46508.3250836,4,3294,1,33316000,1
46511.0120198,4,3295,7,33319000,-1
46513.5858016,4,3296,6,33316000,-1
46516.6612455,4,3297,20,33319000,-1
46517.2193605,4,3298,17,33322000,-1
46517.2691393,4,3299,5,33325000,-1
46518.3367724,4,3300,33,33328000,-1
46518.3771366,4,3301,1,33331000,-1
46521.306128,4,3302,1,33328000,-1
46521.384452,4,3303,3,33324000,-1
46525.8576392,4,3304,28,33327000,1
46528.0459352,4,3305,16,33331000,-1
46529.9446625,4,3306,1,33328000,-1
46531.3524775,4,3307,4,33323000,-1
46531.3524894,4,3308,1,33326000,-1
46531.6040768,4,3309,1,33323000,1
46532.3129091,4,3310,5,33326000,-1
46534.9045681,4,3311,3,33329000,1
46535.5011499,4,3312,4,33333000,-1
46536.2187792,4,3313,21,33330000,1
46536.2201762,4,3314,2,33327000,1
46536.7953832,4,3315,3,33330000,-1
46537.7753037,4,3316,2,33333000,-1
46540.3876051,4,3317,3,33330000,1
46542.8722181,4,3318,8,33327000,-1
46543.1859219,4,3319,1,33330000,-1
46549.9960991,4,3320,22,33327000,1
46555.2321865,4,3321,7,33324000,-1
46557.0748633,4,3322,8,33320000,-1
46557.3374498,4,3323,2,33315000,1
46559.1788563,4,3324,1,33312000,1
46559.8615751,4,3325,3,33315000,1
46561.2903366,4,3326,6,33312000,1
46561.6540398,4,3327,2,33315000,1
46561.6585979,4,3328,20,33312000,1
46562.3122209,4,3329,3,33309000,-1
46565.1794111,4,3330,1,33312000,1
46575.1553578,4,3331,17,33316000,1
46579.4645088,4,3332,4,33320000,1
46579.6286033,4,3333,9,33317000,1
46584.7952203,4,3334,7,33314000,1
46586.2195722,4,3335,10,33319000,1
46590.9029586,4,3336,33,33322000,1
46591.1723568,4,3337,1,33318000,1
46591.19637,4,3338,7,33321000,-1
46592.8114063,4,3339,3,33324000,-1
46597.9187785,4,3340,3,33329000,-1
46599.7607258,4,3341,2,33326000,-1
46602.2309482,4,3342,25,33329000,1
46602.6607016,4,3343,4,33326000,-1
46607.0614422,4,3344,11,33329000,-1
46607.1160248,4,3345,37,33332000,-1
46607.3312234,4,3346,20,33335000,-1
46610.8007351,4,3347,22,33338000,1
46614.0220721,4,3348,5,33335000,1
46614.3884755,4,3349,9,33332000,1
46614.4865337,4,3350,1,33328000,-1
46614.916091,4,3351,5,33331000,1
46619.8838594,4,3352,24,33328000,-1
46623.0528114,4,3353,15,33332000,-1
46624.5236238,4,3354,20,33336000,-1
46628.3812292,4,3355,17,33339000,-1
46629.1394215,4,3356,1,33342000,-1
46629.9127923,4,3357,1,33339000,1
46631.3650524,4,3358,2,33343000,1
46633.4993407,4,3359,1,33340000,1
46634.0177569,4,3360,1,33343000,-1
46635.5417251,4,3361,1,33339000,1
46635.593915,4,3362,1,33343000,-1
46636.0767182,4,3363,8,33340000,-1
46638.3340634,4,3364,29,33344000,-1
46648.0691256,4,3365,77,33348000,-1
46650.9143461,4,3366,7,33351000,-1
46651.0626217,4,3367,2,33354000,1
46653.7342991,4,3368,1,33351000,-1
46654.2603388,4,3369,19,33348000,-1
46656.1345988,4,3370,9,33351000,1
46658.3903293,4,3371,28,33348000,1
46658.4638603,4,3372,4,33345000,-1
46663.5315646,4,3373,29,33349000,-1
46665.6791285,4,3374,6,33352000,1
46666.1206351,4,3375,6,33349000,-1
46666.1206841,4,3376,1,33352000,-1
46667.512738,4,3377,11,33348000,-1
46668.6712372,4,3378,5,33351000,1
46669.4889693,4,3379,1,33348000,-1
46672.4230574,4,3380,13,33343000,-1
46672.729148,4,3381,4,33346000,1
46678.8707307,4,3382,22,33343000,-1
46678.8725561,4,3383,15,33346000,-1
46678.8748977,4,3384,24,33349000,-1
46680.3107801,4,3385,32,33352000,-1
46680.986546,4,3386,1,33355000,1
46685.8738215,4,3387,17,33352000,-1
46692.3679339,4,3388,9,33355000,-1
46693.3106579,4,3389,147,33352000,1
46695.080179,4,3390,7,33349000,-1
46700.7541539,4,3391,15,33352000,1
46702.0104446,4,3392,5,33349000,-1
46703.9056254,4,3393,7,33352000,-1
46704.7907682,4,3394,17,33355000,1
46704.7931769,4,3395,25,33352000,1
46704.7958528,4,3396,33,33349000,1
46704.7970264,4,3397,9,33346000,1
46704.9455417,4,3398,1,33351000,1
46710.4861204,4,3399,14,33354000,-1
46711.0967987,4,3400,6,33350000,-1
46711.7512636,4,3401,2,33353000,-1
46714.8580357,4,3402,5,33350000,1
46715.3060112,4,3403,16,33347000,1
46718.359845,4,3404,27,33350000,-1
46718.6618669,4,3405,6,33347000,1
46719.7012563,4,3406,2,33344000,-1
46725.0693199,4,3407,11,33347000,-1
46726.0720848,4,3408,3,33350000,1
46726.0721075,4,3409,1,33347000,1
46730.3579379,4,3410,1,33350000,-1
46731.5716217,4,3411,2,33347000,-1
46732.060319,4,3412,21,33350000,-1
46734.3894426,4,3413,1,33354000,-1
46740.4019231,4,3414,1,33351000,-1
46740.6152041,4,3415,11,33347000,1
46741.631504,4,3416,10,33350000,-1
46745.2511372,4,3417,14,33353000,-1
46747.608008,4,3418,12,33357000,-1
46749.6324091,4,3419,16,33360000,-1
46750.6335624,4,3420,3,33363000,-1
46754.1932576,4,3421,1,33358000,-1
46754.2446025,4,3422,22,33355000,1
46758.1113175,4,3423,16,33352000,1
46758.1126472,4,3424,18,33349000,1
46758.1146258,4,3425,28,33346000,1
46758.2165623,4,3426,1,33343000,1
46761.5925041,4,3427,1,33346000,-1
46762.0808393,4,3428,20,33341000,1
46762.5664645,4,3429,10,33338000,1
46764.2954711,4,3430,12,33341000,-1
46765.2143603,4,3431,1,33344000,-1
46766.3028907,4,3432,30,33341000,-1
46767.4977719,4,3433,9,33338000,1
46767.501954,4,3434,28,33335000,1
46767.5023005,4,3435,12,33332000,1
46768.2759391,4,3436,5,33335000,1
46768.4647279,4,3437,2,33332000,-1
46771.0211815,4,3438,7,33335000,-1
46772.5882895,4,3439,16,33332000,1
46772.6390551,4,3440,9,33329000,1
46773.4395748,4,3441,1,33326000,-1
46774.8079606,4,3442,3,33323000,-1
46776.2541118,4,3443,5,33328000,-1
46779.2993798,4,3444,30,33331000,-1
46781.9547465,4,3445,10,33334000,1
46783.8226922,4,3446,6,33331000,1
46786.4833515,4,3447,2,33328000,1
46789.2709531,4,3448,1,33332000,1
46793.0518263,4,3449,12,33335000,-1
46795.0718114,4,3450,18,33338000,-1
46795.8513466,4,3451,5,33341000,-1
46795.8676804,4,3452,1,33344000,-1
46797.0892556,4,3453,4,33341000,-1
46799.3577791,4,3454,17,33345000,-1
46800.5113562,4,3455,20,33348000,1
46800.678785,4,3456,11,33345000,1
46800.7659725,4,3457,2,33342000,1
46801.5274677,4,3458,6,33346000,-1
46802.0490931,4,3459,2,33343000,-1
46802.1043532,4,3460,18,33346000,-1
46802.2653507,4,3461,8,33351000,1
46802.3603343,4,3462,2,33348000,1
46802.6638722,4,3463,1,33351000,1
46803.9639629,4,3464,10,33348000,-1
46803.9860148,4,3465,6,33351000,1
46804.0530779,4,3466,3,33348000,1
46804.3593599,4,3467,6,33351000,-1
46804.3777187,4,3468,1,33355000,-1
46805.1885823,4,3469,17,33352000,-1
46805.4777542,4,3470,1,33356000,-1
46806.1342664,4,3471,13,33353000,1
46806.7945085,4,3472,6,33350000,1
46809.1598722,4,3473,9,33347000,-1
46810.2224309,4,3474,4,33351000,1
46811.7113484,4,3475,1,33348000,-1
46811.9288776,4,3476,7,33345000,1
46812.1420497,4,3477,9,33342000,-1
46812.4367516,4,3478,14,33345000,-1
46812.4418529,4,3479,31,33348000,-1
46812.4485387,4,3480,31,33351000,-1
46812.4858918,4,3481,1,33354000,-1
46812.6880671,4,3482,2,33351000,1
46813.6643333,4,3483,4,33348000,-1
46815.1564915,4,3484,11,33352000,-1
46818.0550878,4,3485,22,33355000,-1
46818.5385707,4,3486,1,33358000,-1
46818.8722069,4,3487,1,33355000,-1
46819.0547205,4,3488,1,33352000,-1
46819.3381919,4,3489,1,33355000,-1
46819.9110606,4,3490,1,33352000,-1
46820.7331301,4,3491,5,33355000,-1
46821.9076203,4,3492,2,33359000,-1
46822.7254962,4,3493,6,33355000,-1
46823.4664188,4,3494,1,33358000,-1
46823.6849214,4,3495,7,33355000,1
46823.9783645,4,3496,1,33352000,1
46825.6010176,4,3497,8,33356000,-1
46826.0678185,4,3498,1,33359000,-1
46826.7915649,4,3499,3,33355000,1
46826.811567,4,3500,2,33359000,1
46827.0332472,4,3501,2,33356000,-1
46827.3453181,4,3502,15,33359000,-1
46827.5555603,4,3503,6,33362000,-1
46827.7897176,4,3504,1,33365000,-1
46828.2062022,4,3505,1,33361000,-1
46828.3557202,4,3506,3,33357000,-1
46828.6643686,4,3507,9,33360000,-1
46829.9051954,4,3508,10,33363000,1
46830.8106182,4,3509,9,33360000,1
46830.9665211,4,3510,4,33357000,-1
46833.4897064,4,3511,11,33360000,-1
46834.8052751,4,3512,1,33363000,-1
46835.8966596,4,3513,9,33360000,-1
46835.9678466,4,3514,11,33356000,1
46836.1436144,4,3515,1,33353000,-1
46836.7979758,4,3516,9,33350000,-1
46837.2340949,4,3517,3,33347000,1
46837.6386549,4,3518,3,33343000,1
46838.0186361,4,3519,1,33340000,-1
46838.6692728,4,3520,2,33343000,-1
46839.8889902,4,3521,1,33340000,-1
46841.1012004,4,3522,3,33337000,-1
46841.2603144,4,3523,12,33340000,-1
46841.2603354,4,3524,1,33343000,-1
46842.1293907,4,3525,3,33340000,1
46843.141599,4,3526,5,33336000,1
46846.7933588,4,3527,17,33333000,-1
46847.4931251,4,3528,4,33337000,-1
46848.6460527,4,3529,3,33340000,1
46848.9535498,4,3530,1,33337000,1
46849.2132885,4,3531,1,33340000,-1
46850.0592892,4,3532,1,33337000,1
46856.5480637,4,3533,7,33340000,1
46860.1070578,4,3534,4,33336000,1
46860.1152994,4,3535,1,33333000,1
46860.6385885,4,3536,3,33339000,1
46860.6587078,4,3537,4,33335000,1
46862.1344856,4,3538,7,33330000,1
46862.3736619,4,3539,2,33327000,1
46863.2611532,4,3540,11,33330000,-1
46864.8933217,4,3541,5,33333000,-1
46869.4285006,4,3542,3,33329000,1
46870.0640541,4,3543,1,33326000,-1
46871.1491985,4,3544,1,33330000,-1
46871.8321106,4,3545,4,33326000,-1
46871.8666596,4,3546,4,33329000,-1
46872.617531,4,3547,8,33332000,-1
46873.9449032,4,3548,20,33335000,1
46876.9163428,4,3549,1,33331000,1
46878.0278021,4,3550,3,33334000,-1
46881.20473,4,3551,1,33339000,-1
46891.2206745,4,3552,6,33335000,1
46894.8320633,4,3553,2,33332000,-1
46897.6975218,4,3554,2,33335000,-1
46899.8126897,4,3555,7,33332000,1
46901.2285751,4,3556,11,33335000,-1
46906.5822833,4,3557,9,33338000,1
46911.9128221,4,3558,14,33335000,1
46915.5790713,4,3559,28,33332000,1
46916.8085468,4,3560,2,33329000,-1
46918.0017753,4,3561,3,33333000,1
46918.9800119,4,3562,1,33329000,1
46919.3445658,4,3563,5,33334000,-1
46920.3965736,4,3564,10,33337000,-1
46920.9150497,4,3565,1,33340000,-1
46921.4989584,4,3566,3,33337000,-1
46924.2731969,4,3567,8,33340000,-1
46925.5932193,4,3568,8,33336000,-1
46925.6249995,4,3569,12,33339000,-1
46926.1479229,4,3570,10,33342000,-1
46926.8075752,4,3571,12,33345000,-1
46927.8991974,4,3572,1,33348000,-1
46928.8824491,4,3573,1,33344000,-1
46929.4772984,4,3574,6,33341000,1
46936.2228258,4,3575,1,33338000,1
46938.9084879,4,3576,3,33341000,1
46938.908495,4,3577,1,33338000,1
46943.2853483,4,3578,3,33341000,-1
46947.1203755,4,3579,4,33344000,1
46955.935257,4,3580,41,33347000,-1
46956.9870272,4,3581,18,33350000,1
46958.4077002,4,3582,1,33347000,1
46959.7577579,4,3583,10,33350000,1
46959.8107147,4,3584,4,33347000,1
46959.9524992,4,3585,1,33344000,1
46963.0376414,4,3586,5,33349000,-1
46964.2417792,4,3587,11,33352000,-1
46972.0797881,4,3588,1,33355000,1
46976.388778,4,3589,13,33358000,-1
46976.4097499,4,3590,1,33361000,-1
46977.6336672,4,3591,3,33358000,-1
46979.5704025,4,3592,5,33361000,-1
46981.3405196,4,3593,4,33357000,1
46981.3405259,4,3594,1,33354000,1
46981.777081,4,3595,3,33357000,-1
46982.1270552,4,3596,5,33360000,-1
46982.4094595,4,3597,1,33363000,-1
46983.2273565,4,3598,2,33360000,-1
46984.426297,4,3599,13,33363000,-1
46985.5997728,4,3600,4,33366000,1
46986.1607491,4,3601,3,33363000,1
46990.319699,4,3602,6,33368000,-1
46991.1074371,4,3603,9,33364000,1
46991.4757716,4,3604,23,33361000,1
46991.7288449,4,3605,10,33358000,1
46992.8906414,4,3606,1,33355000,1
46994.1454753,4,3607,8,33360000,1
46994.5345501,4,3608,3,33364000,1
46996.4622402,4,3609,1,33361000,1
46997.3357927,4,3610,1,33365000,-1
47001.6668437,4,3611,22,33368000,-1
47003.7550915,4,3612,10,33365000,-1
47005.4562186,4,3613,2,33368000,1
47009.3183238,4,3614,1,33365000,1
47011.7516334,4,3615,1,33368000,-1
47014.0150908,4,3616,5,33365000,1
47018.0716475,4,3617,34,33369000,-1
47018.6190227,4,3618,10,33372000,-1
47019.3489791,4,3619,4,33375000,-1
47022.4627402,4,3620,6,33372000,-1
47023.3904437,4,3621,7,33375000,1
47023.7656832,4,3622,4,33372000,-1
47023.7657142,4,3623,1,33375000,-1
47025.1723945,4,3624,1,33372000,1
47028.1190874,4,3625,51,33375000,-1
47029.307225,4,3626,17,33378000,-1
47032.3605672,4,3627,30,33381000,-1
47032.4193698,4,3628,16,33384000,-1
47034.4627575,4,3629,19,33387000,-1
47034.4628316,4,3630,1,33390000,-1
47037.5087034,4,3631,25,33386000,-1
47037.5087757,4,3632,1,33389000,-1
47038.5759184,4,3633,7,33386000,-1
47039.623936,4,3634,40,33390000,-1
47039.8692549,4,3635,4,33393000,-1
47041.293877,4,3636,11,33389000,1
47042.5540797,4,3637,12,33386000,-1
47043.1171224,4,3638,4,33389000,1
47043.6883394,4,3639,2,33386000,-1
47046.5900761,4,3640,5,33389000,1
47051.6309996,4,3641,20,33386000,-1
47055.0759886,4,3642,1,33382000,1
47055.8443775,4,3643,1,33385000,-1
47059.5886524,4,3644,3,33388000,-1
47060.6220991,4,3645,9,33385000,-1
47062.3064143,4,3646,16,33388000,-1
47065.3285683,4,3647,23,33391000,-1
47066.6908434,4,3648,9,33394000,-1
47067.2434011,4,3649,4,33398000,1
47067.6286238,4,3650,2,33394000,-1
47067.8282189,4,3651,1,33397000,-1
47068.599494,4,3652,2,33394000,-1
47068.8440287,4,3653,1,33397000,-1
47071.3712479,4,3654,8,33394000,-1
47071.3712568,4,3655,1,33397000,-1
47075.7917828,4,3656,41,33394000,-1
47076.9607888,4,3657,5,33397000,-1
47078.2948019,4,3658,2,33393000,-1
47081.8147621,4,3659,26,33397000,1
47082.603994,4,3660,5,33394000,-1
47085.4120377,4,3661,4,33397000,1
47088.8992311,4,3662,21,33393000,-1
47091.2336698,4,3663,12,33396000,-1
47093.2450803,4,3664,14,33393000,1
47096.8739029,4,3665,11,33390000,1
47100.3534223,4,3666,3,33393000,1
47101.7883906,4,3667,5,33390000,1
47102.0145097,4,3668,23,33394000,-1
47102.018517,4,3669,32,33397000,-1
47107.768941,4,3670,45,33400000,1
47108.5278097,4,3671,27,33406000,1
47108.8875671,4,3672,6,33409000,-1
47110.1382486,4,3673,11,33412000,-1
47112.4774284,4,3674,11,33408000,1
47118.057405,4,3675,32,33402000,-1
47120.3748707,4,3676,7,33405000,1
47120.7930887,4,3677,1,33402000,1
47123.6715658,4,3678,6,33405000,1
47125.9767352,4,3679,3,33402000,1
47130.7667682,4,3680,1,33399000,1
47132.1444705,4,3681,10,33404000,-1
47132.8889738,4,3682,6,33407000,-1
47134.8127305,4,3683,4,33411000,-1
47139.8239927,4,3684,8,33408000,-1
47144.2417664,4,3685,5,33411000,-1
47148.3602274,4,3686,31,33408000,1
47149.9487934,4,3687,6,33405000,1
47154.3909059,4,3688,9,33408000,-1
47154.3909266,4,3689,1,33411000,-1
47154.7894093,4,3690,1,33407000,-1
47155.8477948,4,3691,5,33404000,1
47157.0931748,4,3692,19,33407000,-1
47157.1373645,4,3693,5,33410000,-1
47157.3607091,4,3694,1,33406000,-1
47157.9351435,4,3695,9,33403000,1
47160.5430308,4,3696,15,33400000,1
47162.6279317,4,3697,20,33397000,-1
47162.7916962,4,3698,107,33400000,1
47166.5532844,4,3699,11,33397000,-1
47167.3629353,4,3700,8,33400000,-1
47168.7180372,4,3701,1,33404000,1
47172.3792326,4,3702,8,33408000,1
47172.6223451,4,3703,2,33404000,1
47177.0646124,4,3704,5,33401000,-1
47177.1535749,4,3705,16,33398000,1
47180.328516,4,3706,2,33395000,1
47183.523848,4,3707,4,33398000,1
47185.2378704,4,3708,1,33395000,-1
47185.9540339,4,3709,7,33392000,1
47188.2030409,4,3710,25,33388000,1
47188.2082434,4,3711,28,33385000,1
47195.0131417,4,3712,23,33382000,1
47195.0573709,4,3713,1,33379000,-1
47195.072682,4,3714,1,33376000,1
47195.8066711,4,3715,5,33380000,1
47196.8232683,4,3716,3,33377000,-1
47202.8152337,4,3717,2,33380000,1
47205.1125647,4,3718,10,33377000,1
47206.1693103,4,3719,6,33374000,1
47207.1860746,4,3720,6,33371000,1
47210.7804356,4,3721,6,33368000,-1
47214.4016794,4,3722,9,33371000,-1
47215.7542842,4,3723,5,33374000,-1
47221.7343794,4,3724,1,33378000,-1
47225.0318553,4,3725,8,33374000,1
47229.160139,4,3726,3,33371000,1
47230.4645056,4,3727,3,33368000,-1
47237.2641356,4,3728,23,33371000,-1
47237.7019327,4,3729,3,33374000,-1
47238.4497311,4,3730,3,33377000,-1
47241.6725643,4,3731,6,33380000,-1
47243.4299703,4,3732,1,33383000,-1
47247.3455764,4,3733,1,33380000,1
47249.1304556,4,3734,2,33377000,-1
47252.1573089,4,3735,8,33380000,-1
47254.1777738,4,3736,29,33383000,1
47257.4679248,4,3737,11,33386000,-1
47257.7345477,4,3738,3,33389000,1
47257.8333692,4,3739,1,33386000,1
47259.2519426,4,3740,9,33389000,-1
47260.9495277,4,3741,4,33392000,1
47265.0763791,4,3742,9,33395000,-1
47272.1327499,4,3743,40,33398000,1
47276.4310884,4,3744,16,33395000,1
47280.3353322,4,3745,14,33398000,1
47281.3045701,4,3746,5,33393000,-1
47282.690466,4,3747,6,33396000,-1
47286.2923656,4,3748,18,33399000,-1
47287.7962771,4,3749,12,33402000,-1
47294.0328728,4,3750,13,33405000,-1
47295.1312393,4,3751,1,33409000,-1
47300.8341679,4,3752,3,33406000,-1
47302.3762319,4,3753,2,33403000,1
47303.6527977,4,3754,6,33400000,-1
47308.189496,4,3755,1,33403000,-1
47309.3086739,4,3756,1,33399000,1
47317.3296257,4,3757,7,33402000,-1
47321.2294775,4,3758,10,33399000,1
47326.227484,4,3759,1,33395000,1
47330.8420988,4,3760,15,33398000,-1
47332.8183063,4,3761,15,33401000,-1
47335.274603,4,3762,13,33404000,-1
47335.3657488,4,3763,2,33401000,-1
47339.7617644,4,3764,21,33405000,-1
47341.2396317,4,3765,4,33402000,-1
47341.9153841,4,3766,3,33405000,-1
47342.1685038,4,3767,8,33408000,-1
47343.2366376,4,3768,1,33405000,-1
47344.2352037,4,3769,9,33408000,-1
47344.2352285,4,3770,1,33411000,-1
47344.2675087,4,3771,17,33408000,1
47345.7270091,4,3772,22,33405000,1
47345.7287525,4,3773,22,33402000,1
47345.7596329,4,3774,16,33399000,1
47345.8158392,4,3775,2,33396000,-1
47345.8184544,4,3776,3,33399000,1
47345.8438445,4,3777,1,33396000,1
47347.4868477,4,3778,49,33399000,-1
47348.0870293,4,3779,15,33402000,-1
47349.923347,4,3780,1,33406000,1
47351.0988549,4,3781,1,33403000,1
47354.9117208,4,3782,3,33400000,-1
47361.7416255,4,3783,32,33403000,1
47365.5884341,4,3784,4,33400000,1
47365.8933617,4,3785,7,33395000,1
47366.6588075,4,3786,1,33392000,1
47368.2020744,4,3787,4,33395000,1
47368.3689721,4,3788,1,33392000,1
47369.0215014,4,3789,18,33388000,1
47369.1120265,4,3790,20,33385000,1
47369.9750087,4,3791,1,33388000,1
47371.654577,4,3792,3,33391000,1
47372.3846492,4,3793,1,33388000,1
47378.5104865,4,3794,6,33391000,-1
47381.8992424,4,3795,15,33394000,-1
47384.8416331,4,3796,5,33390000,1
47385.1080607,4,3797,111,33387000,1
47386.6143023,4,3798,1,33384000,-1
47387.3886427,4,3799,3,33380000,-1
47388.0396148,4,3800,2,33383000,1
47389.2639586,4,3801,3,33380000,-1
47389.9893276,4,3802,2,33383000,1
47393.914406,4,3803,10,33380000,1
47393.9657826,4,3804,14,33377000,1
47397.6494798,4,3805,35,33374000,-1
47399.6978068,4,3806,10,33377000,-1
47400.2120358,4,3807,4,33372000,-1
47400.8340755,4,3808,2,33375000,1
47403.2464231,4,3809,11,33371000,1
47404.0569888,4,3810,3,33368000,1
47410.0693368,4,3811,1,33371000,1
47411.8234946,4,3812,6,33367000,1
47413.7976133,4,3813,3,33364000,-1
47413.9829628,4,3814,1,33368000,1
47416.9602671,4,3815,8,33365000,1
47417.9069917,4,3816,70,33362000,1
47418.4409312,4,3817,2,33359000,1
47419.7064549,4,3818,1,33356000,1
47421.38445,4,3819,2,33360000,-1
47425.1871499,4,3820,1,33355000,-1
47426.8366853,4,3821,32,33352000,1
47427.2203679,4,3822,6,33349000,-1
47427.3252075,4,3823,3,33352000,-1
47427.8159021,4,3824,6,33355000,1
47431.9367962,4,3825,3,33352000,-1
47433.3476888,4,3826,3,33348000,-1
47435.8421295,4,3827,6,33351000,-1
47436.7427408,4,3828,4,33354000,1
47437.6790089,4,3829,1,33351000,1
47445.0182457,4,3830,8,33357000,1
47445.7542183,4,3831,2,33353000,-1
47445.7712739,4,3832,1,33356000,-1
47446.2647804,4,3833,5,33353000,-1
47448.2204251,4,3834,3,33356000,1
47455.8349846,4,3835,12,33352000,-1
47455.8460718,4,3836,10,33355000,1
47455.8747695,4,3837,2,33352000,1
47455.8901468,4,3838,1,33349000,1
47455.9041699,4,3839,1,33352000,-1
47455.9968197,4,3840,20,33349000,1
47456.2761776,4,3841,2,33345000,1
47457.2139951,4,3842,15,33341000,1
47457.2140382,4,3843,4,33338000,1
47460.3839854,4,3844,15,33341000,-1
47460.7075549,4,3845,1,33344000,-1
47462.3215733,4,3846,5,33340000,-1
47463.3465665,4,3847,3,33337000,-1
47463.9064194,4,3848,4,33340000,-1
47463.9743759,4,3849,6,33343000,-1
47466.9624257,4,3850,9,33346000,1
47467.5025916,4,3851,1,33343000,1
47471.082632,4,3852,2,33346000,-1
47474.9174507,4,3853,10,33343000,-1
47475.5779517,4,3854,3,33346000,1
47478.630421,4,3855,1,33342000,-1
47479.6499418,4,3856,5,33345000,-1
47481.6234791,4,3857,18,33348000,-1
47482.6831325,4,3858,3,33351000,-1
47485.3355845,4,3859,4,33347000,1
47488.5204419,4,3860,6,33344000,-1
47488.5274425,4,3861,7,33347000,1
47499.4667609,4,3862,25,33342000,1
47499.9831089,4,3863,23,33339000,1
47500.1164808,4,3864,22,33336000,1
47500.1216749,4,3865,5,33333000,1
47503.8019417,4,3866,10,33336000,-1
47504.0284244,4,3867,1,33339000,-1
47509.6642257,4,3868,19,33342000,-1
47515.7030025,4,3869,24,33337000,-1
47522.1271177,4,3870,6,33340000,1
47522.146222,4,3871,1,33337000,1
47523.3275709,4,3872,4,33340000,-1
47529.057683,4,3873,15,33337000,-1
47533.5074166,4,3874,10,33340000,-1
47534.2991622,4,3875,4,33343000,1
47534.5168152,4,3876,2,33340000,1
47540.3883647,4,3877,9,33337000,-1
47544.3544331,4,3878,5,33340000,-1
47544.7837915,4,3879,2,33344000,1
47544.7926799,4,3880,1,33341000,1
47548.2261142,4,3881,7,33337000,-1
47557.86812,4,3882,2,33340000,1
47564.1276002,4,3883,13,33337000,1
47565.9098156,4,3884,5,33334000,1
47568.0181821,4,3885,7,33331000,1
47568.5660804,4,3886,4,33336000,-1
47571.2102728,4,3887,3,33333000,1
47573.9381558,4,3888,9,33328000,1
47574.4262923,4,3889,2,33331000,1
47575.7934583,4,3890,2,33328000,-1
47581.4555101,4,3891,24,33331000,1
47581.9311058,4,3892,5,33328000,1
47585.5217278,4,3893,18,33325000,-1
47587.3271205,4,3894,12,33328000,-1
47587.3304723,4,3895,14,33331000,-1
47587.3305202,4,3896,1,33334000,-1
47589.7812904,4,3897,14,33331000,-1
47589.78256,4,3898,8,33334000,-1
47592.8876418,4,3899,6,33331000,-1
47597.0797359,4,3900,8,33334000,-1
47597.1964343,4,3901,2,33337000,1
47599.6831693,4,3902,7,33334000,-1
47600.5091473,4,3903,11,33337000,1
47600.624163,4,3904,11,33334000,1
47606.5390693,4,3905,9,33331000,-1
47606.6099348,4,3906,1,33334000,-1
47608.6101017,4,3907,2,33331000,1
47612.0622553,4,3908,6,33328000,1
47616.1335884,4,3909,14,33331000,-1
47618.0198298,4,3910,3,33334000,-1
47618.806427,4,3911,3,33331000,1
47623.0356282,4,3912,18,33336000,-1
47623.9830976,4,3913,20,33339000,-1
47627.2362177,4,3914,16,33342000,-1
47629.0735589,4,3915,5,33345000,1
47630.0595139,4,3916,1,33342000,1
47630.6595894,4,3917,6,33345000,-1
47630.8620678,4,3918,2,33348000,1
47632.1771885,4,3919,7,33345000,1
47632.7461871,4,3920,4,33348000,-1
47638.0058497,4,3921,11,33354000,1
47638.8812964,4,3922,11,33357000,-1
47642.0961326,4,3923,9,33360000,-1
47652.7274005,4,3924,22,33357000,-1
47657.5814313,4,3925,7,33354000,1
47658.3970206,4,3926,1,33351000,1
47663.5176818,4,3927,9,33355000,-1
47665.470602,4,3928,22,33358000,-1
47665.4917139,4,3929,2,33361000,1
47667.2424565,4,3930,2,33358000,-1
47669.8615363,4,3931,17,33361000,1
47669.9580381,4,3932,6,33358000,1
47675.6784532,4,3933,37,33363000,-1
47675.8716725,4,3934,3,33366000,-1
47682.7241571,4,3935,14,33370000,-1
47687.4040737,4,3936,15,33374000,-1
47688.1886104,4,3937,1,33377000,-1
47690.7301304,4,3938,10,33372000,-1
47696.0573827,4,3939,1,33376000,1
47703.3319139,4,3940,12,33379000,-1
47704.0559896,4,3941,5,33382000,1
47704.0592634,4,3942,18,33379000,1
47704.4541628,4,3943,4,33376000,1
47705.7833017,4,3944,1,33380000,1
47709.0264044,4,3945,1,33383000,-1
47709.5864578,4,3946,2,33378000,-1
47713.1212875,4,3947,11,33381000,-1
47713.7368133,4,3948,1,33385000,1
47716.1773726,4,3949,1,33388000,-1
47717.2686177,4,3950,10,33383000,-1
47720.6482619,4,3951,9,33386000,-1
47722.8696019,4,3952,1,33389000,-1
47723.7879806,4,3953,2,33385000,-1
47738.0004094,4,3954,24,33388000,-1
47741.4777976,4,3955,14,33385000,1
47743.9981081,4,3956,8,33382000,1
47746.8350859,4,3957,7,33379000,-1
47752.3013722,4,3958,2,33383000,-1
47758.0759056,4,3959,6,33386000,-1
47759.8171115,4,3960,7,33389000,-1
47760.3450409,4,3961,9,33392000,-1
47760.591574,4,3962,1,33395000,-1
47761.4428749,4,3963,1,33392000,-1
47772.1676337,4,3964,36,33395000,1
47780.0542613,4,3965,36,33398000,-1
47781.7369551,4,3966,1,33402000,-1
47782.2518066,4,3967,1,33399000,1
47787.8494487,4,3968,5,33402000,-1
47789.0285231,4,3969,5,33399000,-1
47792.7669642,4,3970,28,33402000,1
47792.835467,4,3971,14,33406000,-1
47793.8073273,4,3972,37,33402000,-1
47794.4276996,4,3973,24,33405000,-1
47794.4466742,4,3974,1,33408000,-1
47794.6883194,4,3975,3,33405000,1
47796.5823672,4,3976,2,33409000,1
47796.5824037,4,3977,2,33406000,1
47797.4037198,4,3978,9,33409000,1
47797.4052612,4,3979,12,33406000,1
47800.8597964,4,3980,15,33409000,-1
47803.5185799,4,3981,23,33412000,-1
47804.2379779,4,3982,1,33415000,-1
47807.4580571,4,3983,23,33411000,1
47810.4955715,4,3984,1,33414000,1
47812.270295,4,3985,1,33417000,-1
47813.2073374,4,3986,6,33412000,1
47815.2756605,4,3987,7,33406000,-1
47815.4223502,4,3988,11,33409000,1
47815.5581428,4,3989,8,33406000,-1
47816.8660296,4,3990,17,33409000,-1
47818.0021629,4,3991,3,33406000,-1
47819.557935,4,3992,25,33402000,1
47819.6140771,4,3993,12,33399000,1
47819.6430428,4,3994,2,33396000,1
47822.0347196,4,3995,23,33393000,-1
47822.036503,4,3996,20,33396000,-1
47823.1233914,4,3997,24,33399000,-1
47823.1372589,4,3998,5,33402000,1
47823.2991289,4,3999,2,33399000,-1
47828.2233772,4,4000,12,33403000,1
47834.1130282,4,4001,6,33400000,1
47836.9760793,4,4002,5,33396000,-1
47846.2188347,4,4003,1,33393000,1
47851.364975,4,4004,7,33399000,-1
47854.258966,4,4005,1,33402000,1
47856.4910888,4,4006,1,33398000,-1
47859.0771206,4,4007,1,33402000,-1
47861.7222188,4,4008,12,33399000,1
47872.8930567,4,4009,13,33396000,1
47873.9503043,4,4010,6,33393000,1
47874.0633518,4,4011,17,33390000,1
47875.275167,4,4012,6,33387000,-1
47875.2751746,4,4013,1,33390000,-1
47878.3281288,4,4014,5,33386000,1
47880.5377272,4,4015,15,33383000,-1
47883.825486,4,4016,1,33380000,1
47891.3090521,4,4017,7,33386000,1
47899.5069537,4,4018,16,33383000,1
47901.0602933,4,4019,4,33380000,1
47901.8892126,4,4020,14,33377000,1
47907.4860403,4,4021,2,33374000,1
47908.5302407,4,4022,2,33377000,1
47919.6532418,4,4023,10,33374000,-1
47921.4810173,4,4024,1,33371000,1
47922.6238803,4,4025,1,33377000,-1
47923.629946,4,4026,1,33373000,-1
47934.4031368,4,4027,2,33376000,-1
47937.0213687,4,4028,1,33379000,-1
47939.4073416,4,4029,3,33385000,-1
47942.1404542,4,4030,3,33380000,-1
47942.9809461,4,4031,2,33383000,-1
47944.0069143,4,4032,1,33388000,1
47944.1236803,4,4033,2,33391000,1
47947.5220756,4,4034,2,33386000,-1
47953.4315632,4,4035,5,33389000,1
47953.6523629,4,4036,7,33386000,-1
47958.887268,4,4037,2,33389000,1
47960.8265187,4,4038,4,33386000,1
47962.0683125,4,4039,6,33382000,1
47967.1178783,4,4040,56,33379000,1
47968.6626557,4,4041,6,33376000,-1
47969.5089549,4,4042,3,33379000,-1
47979.5499164,4,4043,8,33382000,1
47983.1031328,4,4044,4,33379000,1
47990.7230584,4,4045,128,33376000,1
47998.2478424,4,4046,4,33379000,-1
47999.1133819,4,4047,2,33383000,-1
48001.4256299,4,4048,4,33386000,-1
48002.4384906,4,4049,3,33390000,1
48004.720735,4,4050,2,33385000,-1
48004.7208553,4,4051,11,33388000,-1
48004.7254671,4,4052,22,33391000,-1
48004.7255031,4,4053,6,33394000,-1
48004.9330498,4,4054,1,33391000,-1
48006.033051,4,4055,2,33388000,1
48009.5462456,4,4056,14,33395000,-1
48031.3874155,4,4057,28,33398000,1
48035.6237511,4,4058,8,33402000,1
48041.6332744,4,4059,6,33399000,1
48043.4924695,4,4060,3,33392000,1
48046.1057759,4,4061,8,33388000,1
48046.259733,4,4062,1,33385000,1
48047.4274446,4,4063,1,33382000,1
48048.3888701,4,4064,2,33385000,-1
48055.649561,4,4065,3,33388000,-1
48056.2623546,4,4066,1,33391000,-1
48056.3401183,4,4067,1,33388000,1
48059.1126619,4,4068,3,33391000,1
48060.1844117,4,4069,2,33388000,-1
48069.5308503,4,4070,12,33391000,1
48070.8164498,4,4071,5,33388000,1
48072.6252759,4,4072,3,33385000,-1
48079.0326219,4,4073,8,33388000,-1
48079.3202079,4,4074,4,33392000,-1
48082.7325519,4,4075,2,33395000,-1
48085.0623596,4,4076,8,33399000,1
48088.0382263,4,4077,13,33396000,-1
48091.4046687,4,4078,1,33400000,1
48095.4408044,4,4079,2,33407000,1
48103.6280501,4,4080,6,33404000,1
48104.1092178,4,4081,1,33401000,1
48114.7300066,4,4082,5,33404000,1
48116.1612386,4,4083,5,33400000,-1
48116.1922556,4,4084,5,33403000,1
48121.2926744,4,4085,2,33400000,-1
48124.7016242,4,4086,3,33403000,-1
48125.0236282,4,4087,3,33406000,1
48125.0363423,4,4088,1,33403000,1
48125.1223124,4,4089,1,33407000,-1
48136.6764294,4,4090,4,33402000,-1
48138.9006734,4,4091,8,33405000,-1
48149.0284236,4,4092,95,33408000,-1
48149.1000043,4,4093,44,33411000,1
48149.1551623,4,4094,2,33408000,1
48158.6990296,4,4095,10,33405000,-1
48162.1097296,4,4096,7,33402000,1
48164.271963,4,4097,3,33399000,-1
48186.6761147,4,4098,2,33402000,-1
48189.2786508,4,4099,2,33405000,-1
48192.4277875,4,4100,5,33409000,-1
48193.1875559,4,4101,3,33406000,-1
48194.1008511,4,4102,19,33409000,-1
48194.1671289,4,4103,42,33412000,-1
48194.2830458,4,4104,29,33415000,-1
48196.4863785,4,4105,47,33418000,-1
48200.7790936,4,4106,8,33421000,-1
48205.5992563,4,4107,45,33425000,1
48211.0680295,4,4108,12,33422000,-1
48211.0680696,4,4109,1,33425000,-1
48213.0162016,4,4110,1,33421000,-1
48213.5800835,4,4111,2,33418000,-1
48221.7635771,4,4112,6,33421000,1
48224.2329348,4,4113,11,33418000,1
48224.3192585,4,4114,4,33415000,1
48228.6529468,4,4115,13,33412000,1
48238.6703933,4,4116,18,33409000,-1
48240.389199,4,4117,5,33412000,-1
48241.1953173,4,4118,3,33415000,-1
48242.9581651,4,4119,14,33418000,-1
48243.6735358,4,4120,6,33421000,-1
48245.9670578,4,4121,7,33424000,1
48248.9899626,4,4122,3,33421000,1
48249.5064136,4,4123,23,33418000,-1
48249.6385044,4,4124,1,33422000,-1
48252.5021168,4,4125,4,33419000,-1
48260.3616382,4,4126,4,33423000,1
48260.5124645,4,4127,4,33420000,1
48260.7020863,4,4128,3,33416000,1
48261.1245191,4,4129,3,33419000,-1
48263.1588121,4,4130,1,33422000,1
48265.9765696,4,4131,10,33425000,-1
48281.746551,4,4132,80,33428000,1
48284.0910626,4,4133,3,33425000,-1
48290.2213291,4,4134,8,33428000,1
48290.3317787,4,4135,20,33425000,1
48290.3847587,4,4136,12,33422000,1
48291.4500179,4,4137,1,33425000,-1
48295.4779702,4,4138,1,33428000,-1
48300.3008129,4,4139,9,33425000,-1
48309.3136402,4,4140,21,33428000,-1
48311.9623164,4,4141,13,33431000,-1
48340.574393,4,4142,23,33434000,1
48341.8669804,4,4143,6,33431000,1
48344.4476866,4,4144,13,33434000,-1
48356.8631548,4,4145,9,33431000,1
48357.1836197,4,4146,7,33435000,-1
48364.8894426,4,4147,25,33430000,-1
48372.5905567,4,4148,5,33433000,1
48378.9807505,4,4149,1,33436000,-1
48381.4731815,4,4150,3,33433000,-1
48384.5210265,4,4151,13,33436000,1
48384.7793043,4,4152,1,33433000,1
48392.5060873,4,4153,20,33436000,1
48392.5081997,4,4154,23,33433000,1
48392.5090083,4,4155,6,33430000,1
48394.1184463,4,4156,15,33433000,1
48394.1193312,4,4157,6,33430000,1
48405.4224335,4,4158,13,33434000,1
48408.2587459,4,4159,23,33437000,-1
48411.9405218,4,4160,21,33440000,-1
48429.1862949,4,4161,9,33437000,1
48433.7669986,4,4162,3,33441000,1
48443.2672807,4,4163,16,33438000,1
48443.2873877,4,4164,17,33435000,-1
48443.3039128,4,4165,1,33438000,-1
48443.6241134,4,4166,1,33434000,1
48443.7750406,4,4167,5,33438000,-1
48453.1703203,4,4168,9,33435000,1
48461.1500492,4,4169,14,33432000,1
48468.2960275,4,4170,4,33435000,1
48470.8962169,4,4171,6,33432000,1
48476.1212654,4,4172,22,33428000,1
48477.369159,4,4173,1,33425000,1
48480.1847203,4,4174,9,33428000,1
48481.2319087,4,4175,4,33425000,-1
48481.2449837,4,4176,18,33428000,-1
48481.247164,4,4177,30,33431000,-1
48481.2514211,4,4178,33,33434000,-1
48481.2514766,4,4179,8,33437000,-1
48481.46126,4,4180,1,33429000,1
48483.6436462,4,4181,16,33433000,1
48484.2042279,4,4182,1,33429000,1
48488.522252,4,4183,2,33432000,1
48493.7080282,4,4184,8,33428000,1
48496.9884041,4,4185,5,33424000,-1
48498.9451253,4,4186,152,33421000,1
48505.6999794,4,4187,8,33418000,1
48511.6572478,4,4188,1,33415000,1
48513.8817472,4,4189,1,33419000,1
48513.9683637,4,4190,16,33422000,-1
48514.6321059,4,4191,8,33425000,-1
48518.5735488,4,4192,14,33428000,-1
48521.6640057,4,4193,4,33431000,1
48525.0961529,4,4194,2,33428000,1
48525.752653,4,4195,5,33432000,1
48530.3230256,4,4196,6,33429000,-1
48534.5793715,4,4197,8,33433000,-1
48547.6631444,4,4198,19,33436000,-1
48549.7197696,4,4199,3,33439000,1
48549.775775,4,4200,2,33436000,1
48550.9785172,4,4201,3,33433000,1
48552.1920527,4,4202,1,33430000,1
48559.9934184,4,4203,2,33427000,1
48560.6552354,4,4204,8,33432000,-1
48561.079543,4,4205,1,33435000,-1
48562.8131783,4,4206,28,33438000,-1
48564.6643375,4,4207,7,33441000,1
48566.1131108,4,4208,4,33437000,-1
48587.0721934,4,4209,17,33440000,1
48589.1840025,4,4210,7,33437000,1
48590.442517,4,4211,21,33434000,1
48590.4811323,4,4212,32,33431000,1
48591.606282,4,4213,10,33428000,1
48592.0175989,4,4214,1,33425000,-1
48592.4882356,4,4215,1,33428000,-1
48593.4966372,4,4216,6,33425000,1
48593.8803781,4,4217,3,33422000,1
48594.2777684,4,4218,1,33419000,1
48600.2903266,4,4219,1,33423000,-1
48601.0126547,4,4220,63,33428000,-1
48601.0757076,4,4221,2,33432000,1
48601.375628,4,4222,4,33428000,1
48602.1860814,4,4223,1,33431000,-1
48604.1984275,4,4224,2,33428000,-1
48604.77742,4,4225,2,33425000,1
48605.4773072,4,4226,2,33422000,1
48607.5515536,4,4227,5,33425000,-1
48610.7603852,4,4228,2,33430000,-1
48611.283157,4,4229,5,33433000,1
48612.289576,4,4230,2,33430000,1
48612.3068452,4,4231,2,33427000,1
48613.269349,4,4232,3,33430000,-1
48615.5795168,4,4233,1,33427000,1
48616.4230311,4,4234,2,33432000,-1
48619.1290614,4,4235,2,33435000,-1
48625.2007151,4,4236,24,33438000,-1
48626.0658076,4,4237,1,33441000,1
48629.5843826,4,4238,7,33437000,-1
48629.9456421,4,4239,2,33440000,1
48630.7538541,4,4240,4,33437000,-1
48630.8032878,4,4241,1,33440000,-1
48632.5010865,4,4242,1,33435000,-1
48642.0577864,4,4243,7,33438000,1
48642.4230217,4,4244,2,33435000,1
48645.3364718,4,4245,15,33431000,-1
48645.643175,4,4246,1,33434000,-1
48650.1240214,4,4247,7,33440000,1
48652.0847403,4,4248,3,33436000,-1
48653.7213436,4,4249,1,33439000,-1
48655.909651,4,4250,13,33435000,1
48656.0750916,4,4251,7,33430000,1
48656.1721201,4,4252,5,33427000,1
48658.178562,4,4253,11,33422000,-1
48661.9213557,4,4254,6,33428000,1
48665.0579971,4,4255,8,33425000,-1
48665.3927471,4,4256,2,33428000,-1
48667.7045941,4,4257,12,33432000,-1
48668.4178565,4,4258,1,33435000,1
48670.7677157,4,4259,1,33439000,-1
48671.5591979,4,4260,1,33436000,-1
48674.8525113,4,4261,2,33432000,1
48677.7018115,4,4262,11,33435000,-1
48680.7857246,4,4263,5,33438000,1
48681.6474902,4,4264,5,33435000,1
48681.7247704,4,4265,3,33431000,1
48682.8349182,4,4266,1,33428000,1
48685.4176588,4,4267,2,33433000,-1
48685.6814367,4,4268,5,33436000,1
48697.5204113,4,4269,1,33433000,-1
48699.8200112,4,4270,6,33430000,-1
48699.8944828,4,4271,3,33433000,1
48702.6028158,4,4272,1,33429000,1
48704.4717547,4,4273,4,33432000,-1
48705.0076535,4,4274,4,33435000,1
48709.1484565,4,4275,2,33432000,1
48711.0134594,4,4276,17,33436000,1
48711.0154806,4,4277,21,33433000,1
48711.0195812,4,4278,26,33430000,1
48711.0225444,4,4279,29,33427000,1
48711.0236052,4,4280,13,33424000,1
48711.2150205,4,4281,9,33428000,-1
48711.4991615,4,4282,4,33431000,-1
48713.5875006,4,4283,12,33428000,1
48717.6206017,4,4284,5,33425000,-1
48717.6296872,4,4285,2,33428000,-1
48721.2867678,4,4286,10,33431000,1
48722.4001407,4,4287,5,33428000,1
48722.5562576,4,4288,1,33425000,1
48722.5854193,4,4289,1,33422000,1
48725.5824316,4,4290,6,33426000,-1
48726.107659,4,4291,1,33429000,-1
48729.1998347,4,4292,6,33424000,-1
48734.4436246,4,4293,10,33427000,-1
48736.1313287,4,4294,5,33430000,-1
48739.6473791,4,4295,9,33433000,-1
48740.5789109,4,4296,4,33436000,1
48748.8151054,4,4297,1,33431000,1
48752.8129766,4,4298,3,33435000,-1
48755.0570527,4,4299,41,33438000,-1
48755.3013318,4,4300,12,33441000,-1
48755.3782596,4,4301,1,33444000,-1
48757.2600219,4,4302,4,33441000,1
48757.2899622,4,4303,1,33445000,-1
48759.1394062,4,4304,11,33441000,-1
48763.7046809,4,4305,4,33438000,-1
48767.371929,4,4306,7,33441000,-1
48771.2245027,4,4307,9,33445000,-1
48772.0093343,4,4308,1,33448000,-1
48773.3718423,4,4309,1,33445000,1
48778.0451057,4,4310,2,33442000,-1
48779.3281567,4,4311,8,33445000,-1
48784.5451681,4,4312,49,33448000,1
48784.9273977,4,4313,19,33451000,1
48784.9479828,4,4314,22,33448000,-1
48785.9367776,4,4315,3,33445000,-1
48787.4793284,4,4316,4,33448000,-1
48788.1790745,4,4317,8,33452000,-1
48789.1800645,4,4318,3,33448000,1
48791.2150317,4,4319,1,33445000,1
48792.3744417,4,4320,1,33449000,1
48797.3680281,4,4321,1,33452000,1
48799.9619659,4,4322,22,33456000,1
48800.3871639,4,4323,2,33453000,-1
48800.4152,4,4324,8,33456000,1
48801.5246857,4,4325,6,33453000,-1
48801.5247047,4,4326,2,33456000,-1
48804.3285951,4,4327,1,33453000,1
48806.0492497,4,4328,1,33457000,-1
48806.6863156,4,4329,2,33454000,1
48813.156132,4,4330,4,33451000,-1
48813.1775377,4,4331,2,33454000,1
48819.0978971,4,4332,5,33450000,1
48823.756471,4,4333,6,33447000,1
48823.7934898,4,4334,1,33444000,1
48826.4452593,4,4335,2,33447000,1
48827.4450958,4,4336,8,33444000,1
48833.2104226,4,4337,29,33441000,-1
48835.2420802,4,4338,3,33438000,-1
48838.4628167,4,4339,3,33443000,1
48838.598043,4,4340,5,33440000,1
48839.6136108,4,4341,1,33437000,1
48842.8653079,4,4342,1,33440000,-1
48843.1498705,4,4343,1,33436000,1
48846.1565948,4,4344,6,33441000,-1
48846.5747971,4,4345,16,33444000,-1
48846.5791322,4,4346,36,33447000,-1
48861.5502729,4,4347,66,33450000,1
48863.2806127,4,4348,3,33447000,1
48864.4424155,4,4349,1,33444000,1
48868.4506703,4,4350,8,33447000,-1
48869.3145777,4,4351,1,33450000,1
48870.2561388,4,4352,1,33447000,1
48879.2466607,4,4353,4,33452000,-1
48881.4806735,4,4354,2,33455000,1
48890.5963168,4,4355,3,33452000,1
48891.6152276,4,4356,2,33447000,1
48895.0330116,4,4357,4,33444000,1
48902.5790855,4,4358,1,33447000,-1
48905.5975027,4,4359,2,33450000,-1
48911.8144534,4,4360,13,33453000,1
48913.3751833,4,4361,4,33449000,1
48914.2419086,4,4362,20,33445000,1
48914.302931,4,4363,25,33442000,1
48914.3905465,4,4364,22,33439000,1
48916.3491851,4,4365,1,33436000,1
48920.8065189,4,4366,3,33441000,1
48923.3247174,4,4367,1,33437000,1
48927.6131979,4,4368,5,33440000,1
48930.6595996,4,4369,4,33437000,1
48932.5974131,4,4370,4,33433000,1
48933.4850831,4,4371,13,33430000,1
48934.2125988,4,4372,3,33427000,1
48940.7904141,4,4373,25,33430000,1
48943.1448405,4,4374,14,33427000,-1
48944.3864703,4,4375,5,33430000,-1
48953.8483518,4,4376,1,33433000,1
48954.3697315,4,4377,1,33436000,-1
48971.0878938,4,4378,23,33431000,1
48975.90317,4,4379,6,33428000,1
48977.2622406,4,4380,9,33425000,1
48979.5868014,4,4381,1,33429000,-1
48980.4558187,4,4382,9,33426000,1
48987.2192598,4,4383,2,33423000,1
48989.0991605,4,4384,1,33420000,1
48991.3877419,4,4385,1,33427000,1
48993.3638139,4,4386,9,33430000,-1
48997.0325642,4,4387,5,33433000,-1
49004.6631255,4,4388,3,33429000,1
49007.2631666,4,4389,4,33425000,1
49010.3714034,4,4390,2,33421000,-1
49010.4016888,4,4391,1,33424000,-1
49010.9545633,4,4392,1,33421000,1
49015.5574709,4,4393,2,33424000,1
49017.6514839,4,4394,2,33421000,1
49019.9115969,4,4395,8,33418000,1
49020.8854533,4,4396,8,33415000,1
49021.3934478,4,4397,20,33412000,1
49025.7916439,4,4398,11,33409000,1
49031.9847011,4,4399,13,33415000,1
49032.9820821,4,4400,1,33412000,1
49036.4437622,4,4401,1,33416000,-1
49039.2135232,4,4402,9,33412000,1
49040.8461237,4,4403,11,33409000,-1
49042.3762628,4,4404,2,33412000,1
49044.3327672,4,4405,1,33409000,1
49044.6995739,4,4406,1,33412000,-1
49046.124389,4,4407,1,33409000,1
49050.1100209,4,4408,1,33413000,-1
49055.1146457,4,4409,4,33416000,-1
49055.2432907,4,4410,13,33419000,-1
49058.481833,4,4411,6,33422000,1
49059.4487384,4,4412,7,33427000,-1
49061.6205502,4,4413,3,33430000,1
49072.0363037,4,4414,13,33427000,1
49075.1174515,4,4415,9,33424000,1
49076.3159149,4,4416,1,33421000,1
49077.5756818,4,4417,3,33424000,1
49077.5882923,4,4418,5,33421000,1
49077.6748697,4,4419,2,33418000,1
49081.6339157,4,4420,10,33415000,-1
49083.7646142,4,4421,1,33418000,-1
49085.1608509,4,4422,1,33425000,-1
49085.4239253,4,4423,13,33422000,1
49088.5108921,4,4424,12,33419000,1
49094.3796571,4,4425,4,33415000,-1
49094.3803368,4,4426,16,33418000,-1
49094.4005264,4,4427,13,33421000,-1
49112.1286253,4,4428,41,33424000,-1
49119.0944803,4,4429,10,33429000,-1
49119.92973,4,4430,19,33432000,-1
49126.7912387,4,4431,10,33435000,-1
49129.2283864,4,4432,7,33438000,1
49137.2256423,4,4433,1,33435000,1
49141.0130423,4,4434,1,33431000,1
49144.6671833,4,4435,4,33435000,1
49146.4434325,4,4436,13,33432000,1
49154.8190603,4,4437,6,33429000,-1
49157.08901,4,4438,3,33432000,1
49165.363749,4,4439,3,33429000,1
49169.6830392,4,4440,5,33426000,1
49178.6562038,4,4441,4,33423000,-1
49183.1204561,4,4442,11,33426000,-1
49190.8585104,4,4443,2,33423000,-1
49197.0692334,4,4444,10,33426000,-1
49197.2257952,4,4445,7,33429000,-1
49202.6249553,4,4446,11,33433000,-1
49203.1072501,4,4447,9,33436000,-1
49205.0833258,4,4448,11,33440000,-1
49205.1974837,4,4449,13,33443000,-1
49210.4884983,4,4450,7,33446000,-1
49213.036584,4,4451,15,33449000,1
49214.4570207,4,4452,1,33453000,-1
49216.0952145,4,4453,9,33450000,-1
49222.2492982,4,4454,5,33453000,1
49226.2117149,4,4455,1,33458000,-1
49228.5018497,4,4456,2,33454000,1
49230.9602643,4,4457,1,33451000,1
49231.8765081,4,4458,1,33455000,-1
49233.7854011,4,4459,3,33452000,-1
49241.4726249,4,4460,7,33455000,1
49245.1691244,4,4461,1,33452000,1
49247.8978966,4,4462,2,33455000,1
49251.6514251,4,4463,15,33458000,-1
49253.3473092,4,4464,11,33461000,-1
49264.3080579,4,4465,7,33464000,1
49268.7279265,4,4466,13,33467000,1
49269.1872929,4,4467,2,33464000,-1
49272.4479229,4,4468,9,33467000,1
49273.5377046,4,4469,3,33464000,-1
49274.6703448,4,4470,1,33467000,-1
49281.5209261,4,4471,2,33464000,-1
49285.8926657,4,4472,33,33467000,-1
49286.0465771,4,4473,10,33470000,-1
49289.6533942,4,4474,6,33466000,1
49292.4460287,4,4475,10,33463000,1
49294.9096128,4,4476,1,33460000,1
49301.3948006,4,4477,5,33465000,-1
49302.5513961,4,4478,29,33470000,-1
49304.590821,4,4479,10,33473000,-1
49305.287943,4,4480,11,33476000,1
49308.6528686,4,4481,15,33473000,-1
49312.3750245,4,4482,5,33476000,-1
49315.4835703,4,4483,13,33479000,-1
49316.1253527,4,4484,34,33482000,1
49316.6419662,4,4485,13,33479000,1
49317.1807152,4,4486,1,33476000,1
49321.5675441,4,4487,12,33481000,-1
49322.8734384,4,4488,18,33484000,1
49326.6584379,4,4489,13,33480000,-1
49326.6584428,4,4490,1,33483000,-1
49333.9301894,4,4491,4,33480000,1
49338.1941309,4,4492,1,33484000,1
49341.4694349,4,4493,10,33480000,1
49345.3964795,4,4494,14,33477000,1
49349.9711766,4,4495,1,33474000,-1
49351.5590494,4,4496,1,33471000,1
49354.3659115,4,4497,1,33475000,-1
49366.3811037,4,4498,1,33472000,1
49368.0293039,4,4499,2,33476000,1
49374.3114467,4,4500,19,33479000,1
49375.5438496,4,4501,7,33476000,1
49375.5439123,4,4502,1,33473000,1
49396.3759634,4,4503,11,33476000,-1
49397.1893536,4,4504,29,33471000,1
49397.1972674,4,4505,34,33468000,1
49397.4042285,4,4506,15,33465000,1
49398.3097004,4,4507,2,33462000,-1
49398.6736948,4,4508,1,33465000,-1
49400.8941841,4,4509,2,33461000,-1
49405.9843036,4,4510,7,33464000,1
49406.0081371,4,4511,5,33467000,1
49406.1809212,4,4512,1,33464000,1
49408.5533463,4,4513,10,33461000,1
49408.8685945,4,4514,2,33464000,1
49408.8686004,4,4515,1,33461000,1
49410.1237182,4,4516,3,33464000,-1
49411.168364,4,4517,4,33468000,-1
49417.4513185,4,4518,11,33472000,1
49419.6035024,4,4519,8,33469000,1
49422.4306678,4,4520,7,33466000,1
49425.1832068,4,4521,1,33463000,1
49432.0696029,4,4522,3,33466000,-1
49441.1457501,4,4523,9,33470000,-1
49443.7228606,4,4524,5,33473000,-1
49444.5773418,4,4525,1,33476000,-1
49446.2610139,4,4526,4,33473000,1
49451.9696708,4,4527,2,33468000,1
49454.0514692,4,4528,12,33471000,-1
49458.5123874,4,4529,3,33474000,1
49458.6740445,4,4530,16,33471000,-1
49466.6152834,4,4531,25,33474000,1
49469.2028602,4,4532,6,33477000,-1
49469.6031931,4,4533,4,33480000,1
49469.6032305,4,4534,2,33477000,1
49470.4935436,4,4535,6,33480000,-1
49477.4135604,4,4536,7,33483000,1
49489.7959997,4,4537,10,33480000,1
49491.1267055,4,4538,11,33477000,1
49492.3606496,4,4539,1,33473000,1
49495.8466466,4,4540,3,33477000,1
49495.848788,4,4541,8,33474000,-1
49495.9536022,4,4542,4,33477000,1
49503.3393528,4,4543,10,33474000,1
49505.5158014,4,4544,9,33471000,-1
49511.2263103,4,4545,13,33474000,1
49512.5919747,4,4546,5,33470000,1
49512.99993,4,4547,1,33467000,1
49516.5602108,4,4548,6,33470000,1
49519.9725661,4,4549,7,33467000,1
49525.0247252,4,4550,20,33464000,-1
49527.8316114,4,4551,10,33467000,1
49533.0366527,4,4552,1,33464000,-1
49538.0358534,4,4553,7,33460000,-1
49542.2197209,4,4554,8,33456000,1
49555.2262698,4,4555,6,33461000,1
49555.2262797,4,4556,1,33458000,1
49558.5119871,4,4557,1,33461000,-1
49562.7688041,4,4558,1,33458000,-1
49565.6499467,4,4559,3,33452000,1
49566.9141469,4,4560,4,33449000,1
49570.7107552,4,4561,4,33452000,-1
49571.9189072,4,4562,3,33448000,1
49579.1694554,4,4563,14,33445000,-1
49579.1709918,4,4564,22,33448000,-1
49579.1750757,4,4565,34,33451000,-1
49579.1779953,4,4566,26,33454000,-1
49579.1790779,4,4567,1,33457000,-1
49580.4083721,4,4568,3,33452000,1
49582.1915154,4,4569,7,33459000,-1
49589.2361163,4,4570,6,33462000,1
49590.6809989,4,4571,1,33459000,-1
49598.6252368,4,4572,14,33455000,-1
49603.3411821,4,4573,3,33461000,1
49603.4545128,4,4574,10,33458000,-1
49604.3312615,4,4575,13,33461000,1
49612.0939104,4,4576,4,33465000,-1
49612.3121946,4,4577,18,33468000,-1
49617.0106334,4,4578,1,33471000,-1
49619.7292241,4,4579,49,33468000,-1
49619.7331816,4,4580,1,33472000,-1
49619.8784177,4,4581,3,33469000,1
49621.8653478,4,4582,2,33466000,1
49629.6812336,4,4583,2,33463000,-1
49636.0377611,4,4584,4,33468000,1
49641.5376345,4,4585,6,33463000,-1
49654.8373972,4,4586,11,33469000,1
49654.889692,4,4587,9,33466000,1
49658.4028289,4,4588,13,33463000,1
49660.2206361,4,4589,4,33460000,1
49673.4772044,4,4590,8,33467000,1
49680.0722163,4,4591,3,33459000,-1
49688.9188098,4,4592,8,33462000,1
49691.747954,4,4593,2,33457000,-1
49696.4618088,4,4594,2,33460000,1
49697.0858702,4,4595,1,33457000,1
49705.1981107,4,4596,1,33454000,-1
49717.5713667,4,4597,5,33457000,-1
49717.5867843,4,4598,1,33460000,-1
49727.5472471,4,4599,11,33465000,1
49729.6009191,4,4600,1,33462000,1
49744.0200159,4,4601,4,33465000,1
49749.8221321,4,4602,6,33462000,-1
49755.4758952,4,4603,5,33465000,1
49757.6923697,4,4604,1,33462000,1
49759.6991004,4,4605,8,33465000,-1
49768.6254456,4,4606,2,33468000,1
49773.3356408,4,4607,2,33465000,-1
49779.1501852,4,4608,4,33468000,1
49779.4039446,4,4609,3,33465000,1
49796.4327258,4,4610,20,33462000,1
49800.690017,4,4611,2,33459000,1
49802.3519835,4,4612,4,33456000,1
49803.6776684,4,4613,5,33453000,1
49810.5856204,4,4614,2,33450000,-1
49823.9734175,4,4615,2,33453000,1
49826.041272,4,4616,3,33450000,1
49826.5614846,4,4617,2,33447000,1
49826.585155,4,4618,2,33444000,-1
49832.1747914,4,4619,5,33447000,1
49835.0122349,4,4620,2,33444000,1
49840.9823667,4,4621,3,33450000,-1
49851.5685827,4,4622,17,33454000,1
49858.6346973,4,4623,3,33450000,1
49865.3220215,4,4624,3,33447000,1
49866.9246122,4,4625,2,33444000,-1
49877.584317,4,4626,1,33449000,1
49888.5720856,4,4627,2,33452000,-1
49895.1500762,4,4628,8,33455000,-1
49904.4250014,4,4629,1,33459000,-1
49906.155425,4,4630,3,33455000,1
49908.4097845,4,4631,1,33452000,-1
49914.8941511,4,4632,2,33447000,1
49915.1745345,4,4633,2,33442000,1
49920.4866942,4,4634,2,33450000,1
49926.0065529,4,4635,5,33447000,-1
49926.3982831,4,4636,9,33450000,-1
49951.8238271,4,4637,6,33453000,1
49954.9403004,4,4638,2,33458000,1
49960.2413217,4,4639,6,33455000,1
49962.5960602,4,4640,2,33452000,1
49964.4660588,4,4641,6,33449000,1
49969.2418459,4,4642,1,33453000,-1
49975.2664306,4,4643,1,33450000,-1
49984.4050057,4,4644,2,33453000,-1
49990.0107829,4,4645,2,33456000,1
50001.2467374,4,4646,2,33452000,-1
50008.1753585,4,4647,5,33455000,1
50040.2972789,4,4648,14,33450000,1
50040.510904,4,4649,1,33447000,1
50041.5755693,4,4650,1,33450000,-1
50042.1398958,4,4651,7,33447000,1
50045.5260786,4,4652,18,33444000,1
50045.5261046,4,4653,1,33441000,1
50049.4772217,4,4654,1,33444000,-1
50056.1281141,4,4655,1,33447000,1
50066.8080488,4,4656,7,33450000,-1
50074.3488705,4,4657,5,33453000,-1
50077.9536694,4,4658,8,33457000,-1
50083.0641814,4,4659,1,33460000,-1
50090.5969334,4,4660,1,33456000,1
50097.5939358,4,4661,6,33451000,1
50104.7541817,4,4662,3,33455000,1
50116.3666941,4,4663,3,33452000,-1
50145.6401159,4,4664,20,33455000,1
50160.2984754,4,4665,41,33452000,1
50161.1220277,4,4666,1,33449000,1
50188.7492989,4,4667,9,33452000,-1
50194.7580723,4,4668,3,33455000,-1
50198.4750859,4,4669,4,33458000,1
50202.87897,4,4670,12,33463000,-1
50212.2148591,4,4671,6,33466000,1
50219.5174133,4,4672,1,33463000,1
50224.4337654,4,4673,6,33466000,1
50227.4733116,4,4674,2,33463000,1
50231.0110285,4,4675,2,33460000,1
50237.9607964,4,4676,7,33457000,-1
50241.0825264,4,4677,10,33460000,-1
50252.922528,4,4678,9,33464000,1
50252.9271522,4,4679,20,33461000,1
50254.2713987,4,4680,18,33458000,1
50311.6240193,4,4681,4,33455000,-1
50312.7484193,4,4682,5,33451000,1
50327.994711,4,4683,2,33448000,-1
50334.5579321,4,4684,2,33451000,1
50340.235396,4,4685,31,33454000,1
50345.9865502,4,4686,40,33451000,1
50350.3634322,4,4687,5,33447000,1
50351.8831626,4,4688,2,33444000,1
50361.9078517,4,4689,2,33447000,1
50365.9505825,4,4690,10,33444000,1
50365.9531926,4,4691,26,33441000,1
50365.9732272,4,4692,1,33444000,1
50365.9948511,4,4693,14,33440000,1
50366.0197144,4,4694,8,33437000,1
50366.6452491,4,4695,1,33440000,-1
50368.6594793,4,4696,1,33436000,-1
50374.4187636,4,4697,5,33433000,1
50376.0942026,4,4698,13,33430000,-1
50385.0703073,4,4699,9,33433000,1
50388.0713611,4,4700,24,33430000,1
50390.3802606,4,4701,16,33427000,1
50391.7926672,4,4702,5,33424000,1
50393.6369631,4,4703,11,33428000,-1
50394.9893027,4,4704,6,33425000,-1
50394.9917013,4,4705,3,33428000,-1
50394.9944656,4,4706,1,33421000,1
50395.3797653,4,4707,3,33427000,1
50395.3798253,4,4708,5,33424000,1
50395.3807731,4,4709,3,33421000,1
50397.9808175,4,4710,9,33428000,1
50399.4685128,4,4711,2,33421000,-1
50399.8886381,4,4712,2,33424000,-1
50400.0373578,4,4713,7,33420000,1
50400.1384352,4,4714,2,33423000,1
50400.1385033,4,4715,3,33420000,1
50400.1385722,4,4716,5,33417000,1
50400.1387032,4,4717,4,33414000,1
50400.2545814,4,4718,1,33411000,1
50400.4702906,4,4719,2,33422000,-1
50400.6707554,4,4720,23,33427000,-1
50402.4910803,4,4721,1,33430000,-1
50402.7580964,4,4722,9,33426000,-1
50403.0001153,4,4723,1,33431000,-1
50403.1942932,4,4724,1,33427000,1
50405.741028,4,4725,27,33424000,-1
50406.3486505,4,4726,1,33430000,-1
50407.5451784,4,4727,12,33427000,1
50407.5703692,4,4728,3,33424000,1
50407.6026297,4,4729,5,33420000,-1
50408.2848409,4,4730,6,33425000,1
50409.7506964,4,4731,10,33422000,1
50410.2631282,4,4732,1,33419000,1
50411.0521964,4,4733,5,33422000,-1
50411.787025,4,4734,3,33419000,-1
50411.8785504,4,4735,9,33422000,1
50411.9267681,4,4736,19,33419000,-1
50412.2871507,4,4737,1,33422000,-1
50413.0704344,4,4738,4,33427000,1
50413.7367105,4,4739,3,33424000,1
50417.1915811,4,4740,2,33421000,1
50417.4752986,4,4741,1,33418000,1
50418.6547289,4,4742,1,33422000,-1
50422.9388374,4,4743,17,33418000,-1
50424.3108718,4,4744,14,33423000,1
50427.521062,4,4745,5,33420000,-1
50429.8321372,4,4746,5,33416000,1
50429.8999071,4,4747,12,33413000,1
50430.6993244,4,4748,19,33410000,1
50430.8862245,4,4749,2,33407000,1
50431.9330535,4,4750,3,33412000,-1
50432.5405931,4,4751,4,33415000,-1
50433.9993851,4,4752,20,33418000,-1
50434.9843724,4,4753,10,33414000,1
50435.2235934,4,4754,7,33411000,1
50436.2890437,4,4755,2,33408000,-1
50438.6496927,4,4756,15,33411000,-1
50439.0896317,4,4757,1,33414000,-1
50440.6126783,4,4758,1,33409000,-1
50440.906747,4,4759,7,33405000,1
50440.9079287,4,4760,4,33402000,1
50441.0424339,4,4761,3,33405000,-1
50442.6453435,4,4762,46,33408000,-1
50445.042167,4,4763,5,33412000,1
50446.6108479,4,4764,15,33409000,-1
50447.5853795,4,4765,8,33412000,1
50450.2466263,4,4766,1,33408000,1
50452.4029075,4,4767,7,33411000,1
50452.5590802,4,4768,2,33408000,-1
50457.7347038,4,4769,67,33411000,-1
50460.7016186,4,4770,5,33415000,-1
50460.7562069,4,4771,20,33418000,-1
50461.0874233,4,4772,13,33421000,-1
50462.0907405,4,4773,5,33425000,-1
50462.7707545,4,4774,1,33428000,-1
50463.3775391,4,4775,2,33425000,1
50465.581032,4,4776,22,33422000,1
50467.1734135,4,4777,9,33419000,1
50467.1734323,4,4778,1,33416000,1
50468.1173841,4,4779,4,33419000,1
50468.4495836,4,4780,4,33416000,-1
50472.1313382,4,4781,7,33419000,1
50473.3834108,4,4782,17,33415000,1
50474.0835075,4,4783,10,33412000,1
50474.7470195,4,4784,1,33409000,1
50475.4076952,4,4785,1,33413000,-1
50477.0827889,4,4786,15,33416000,1
50486.9084979,4,4787,3,33413000,1
50489.7903202,4,4788,6,33417000,1
50489.8500205,4,4789,3,33413000,1
50496.0437394,4,4790,5,33416000,1
50496.7204144,4,4791,2,33413000,-1
50499.5706131,4,4792,10,33416000,-1
50500.8155821,4,4793,14,33412000,1
50502.433391,4,4794,1,33408000,-1
50503.2341345,4,4795,3,33403000,-1
50504.2270917,4,4796,7,33408000,-1
50507.3272934,4,4797,1,33411000,-1
50513.7747008,4,4798,5,33414000,1
50519.4108884,4,4799,5,33410000,1
50528.8726506,4,4800,9,33407000,-1
50530.1343869,4,4801,8,33410000,-1
50540.0648695,4,4802,9,33407000,1
50540.4056504,4,4803,3,33404000,1
50542.4531231,4,4804,5,33407000,1
50550.5575947,4,4805,3,33410000,-1
50552.2838642,4,4806,2,33405000,-1
50554.197084,4,4807,55,33402000,-1
50558.6806802,4,4808,6,33399000,1
50558.7152432,4,4809,15,33396000,1
50559.0872965,4,4810,13,33393000,1
50563.0524943,4,4811,2,33390000,-1
50569.5856554,4,4812,19,33394000,1
50570.7977224,4,4813,8,33391000,1
50578.0617491,4,4814,13,33388000,1
50578.291596,4,4815,7,33385000,1
50578.9553396,4,4816,1,33382000,1
50582.3203076,4,4817,17,33386000,-1
50583.0503362,4,4818,3,33389000,1
50585.4899312,4,4819,3,33384000,1
50588.1191167,4,4820,23,33381000,-1
50588.3963104,4,4821,3,33378000,1
50591.268242,4,4822,9,33375000,1
50593.2630901,4,4823,11,33372000,1
50593.2910673,4,4824,5,33369000,1
50593.7715105,4,4825,8,33366000,1
50594.1653934,4,4826,3,33370000,1
50595.8641741,4,4827,15,33367000,-1
50596.7595081,4,4828,3,33364000,1
50598.5188071,4,4829,6,33367000,-1
50598.5544681,4,4830,1,33362000,1
50598.6310866,4,4831,6,33365000,-1
50600.4463363,4,4832,18,33369000,1
50602.8299302,4,4833,17,33366000,-1
50605.0321914,4,4834,29,33370000,-1
50606.4307149,4,4835,5,33373000,-1
50609.4320262,4,4836,1,33376000,1
50610.0328299,4,4837,8,33379000,-1
50611.3025272,4,4838,6,33382000,1
50616.4708497,4,4839,1,33379000,1
50616.6992896,4,4840,3,33382000,-1
50617.1381281,4,4841,25,33385000,-1
50617.5506503,4,4842,1,33389000,-1
50619.3081836,4,4843,6,33386000,1
50620.3483021,4,4844,1,33381000,1
50622.3328371,4,4845,7,33384000,1
50623.6707937,4,4846,5,33381000,-1
50627.0884736,4,4847,4,33384000,-1
50629.5606939,4,4848,17,33387000,-1
50631.7512291,4,4849,17,33390000,-1
50632.4915441,4,4850,10,33393000,-1
50633.0599342,4,4851,1,33397000,1
50633.9939786,4,4852,5,33394000,-1
50635.2585889,4,4853,5,33397000,-1
50638.0895416,4,4854,7,33390000,-1
50638.0972846,4,4855,2,33393000,1
50639.8765886,4,4856,2,33390000,1
50641.4370119,4,4857,6,33393000,-1
50650.5605615,4,4858,14,33396000,-1
50652.0792685,4,4859,1,33399000,1
50652.7086276,4,4860,26,33403000,-1
50652.7086327,4,4861,1,33406000,-1
50664.6444897,4,4862,3,33403000,-1
50666.7406682,4,4863,7,33400000,-1
50675.1916182,4,4864,15,33403000,1
50675.7552775,4,4865,11,33400000,-1
50678.6769112,4,4866,11,33403000,1
50680.1862903,4,4867,2,33400000,-1
50681.9679697,4,4868,2,33403000,1
50685.5159795,4,4869,6,33400000,-1
50689.8446931,4,4870,8,33403000,-1
50695.9440514,4,4871,13,33406000,-1
50697.575786,4,4872,18,33409000,-1
50702.972441,4,4873,11,33412000,1
50703.0303331,4,4874,1,33409000,1
50704.2487297,4,4875,1,33412000,1
50707.0458498,4,4876,10,33415000,-1
50707.815822,4,4877,1,33418000,-1
50708.5427201,4,4878,21,33414000,-1
50709.91608,4,4879,11,33417000,1
50716.0157478,4,4880,11,33414000,-1
50723.0850737,4,4881,7,33417000,-1
50725.047949,4,4882,12,33420000,1
50728.6217491,4,4883,7,33417000,1
50731.422475,4,4884,12,33414000,1
50732.2104325,4,4885,3,33411000,-1
50734.2512536,4,4886,5,33414000,1
50739.7527572,4,4887,3,33411000,1
50744.286658,4,4888,7,33408000,1
50744.3543375,4,4889,7,33405000,1
50746.5824663,4,4890,2,33402000,1
50750.4392224,4,4891,7,33399000,1
50750.7828707,4,4892,3,33396000,-1
50753.4498065,4,4893,1,33399000,-1
50753.8936241,4,4894,4,33396000,1
50758.8520205,4,4895,2,33391000,-1
50760.7694906,4,4896,13,33394000,1
50761.0206995,4,4897,1,33391000,1
50763.9425537,4,4898,5,33394000,-1
50765.8767041,4,4899,5,33397000,-1
50778.0093261,4,4900,1,33403000,1
50781.1052997,4,4901,10,33406000,-1
50783.0572745,4,4902,5,33409000,-1
50784.8345425,4,4903,5,33412000,-1
50786.4134871,4,4904,6,33415000,1
50786.5358295,4,4905,6,33411000,1
50791.8274314,4,4906,2,33408000,-1
50802.3175029,4,4907,2,33413000,1
50803.9373662,4,4908,3,33416000,1
50807.5428412,4,4909,1,33413000,1
50810.1631803,4,4910,1,33418000,-1
50812.7767871,4,4911,1,33414000,-1
50814.6199183,4,4912,9,33407000,1
50815.4681036,4,4913,8,33404000,1
50815.481192,4,4914,1,33401000,1
50820.7663447,4,4915,9,33405000,-1
50821.8843832,4,4916,2,33408000,1
50823.900528,4,4917,1,33404000,1
50824.2478557,4,4918,3,33407000,-1
50826.2003801,4,4919,2,33404000,-1
50826.2191612,4,4920,2,33408000,1
50829.766869,4,4921,2,33405000,1
50831.137512,4,4922,2,33401000,1
50832.3702416,4,4923,7,33398000,1
50832.762467,4,4924,9,33395000,1
50834.002327,4,4925,3,33391000,1
50834.0265295,4,4926,1,33388000,1
50839.2410464,4,4927,9,33391000,-1
50840.7180524,4,4928,4,33387000,-1
50844.7205945,4,4929,2,33384000,1
50846.6788807,4,4930,4,33388000,1
50848.8335326,4,4931,3,33385000,1
50858.6089437,4,4932,6,33381000,-1
50860.9355935,4,4933,10,33385000,-1
50861.1912846,4,4934,6,33388000,-1
50861.5004322,4,4935,9,33391000,1
50862.8076993,4,4936,7,33395000,-1
50864.5492593,4,4937,10,33398000,-1
50868.5007986,4,4938,3,33394000,1
50871.1387621,4,4939,2,33397000,-1
50876.7622265,4,4940,16,33400000,-1
50879.4501475,4,4941,23,33403000,-1
50879.8358887,4,4942,2,33406000,-1
50884.8127027,4,4943,2,33409000,1
50884.9620734,4,4944,1,33405000,1
50890.8964003,4,4945,14,33409000,1
50894.1498587,4,4946,1,33406000,1
50897.6880473,4,4947,2,33412000,-1
50897.7115973,4,4948,27,33415000,1
50900.2273938,4,4949,25,33418000,1
50911.5717993,4,4950,11,33415000,-1
50912.5585643,4,4951,15,33418000,-1
50912.790538,4,4952,1,33421000,-1
50920.8523256,4,4953,2,33417000,1
50925.7976828,4,4954,2,33414000,-1
50927.6266166,4,4955,2,33417000,-1
50935.441978,4,4956,4,33420000,-1
50937.8241751,4,4957,1,33424000,-1
50939.6312326,4,4958,2,33419000,-1
50943.2506949,4,4959,6,33423000,-1
50943.5374498,4,4960,3,33426000,1
50945.1117242,4,4961,1,33423000,1
50959.0493509,4,4962,7,33427000,-1
50977.4890026,4,4963,29,33424000,1
50977.6342072,4,4964,1,33421000,-1
50998.0320596,4,4965,16,33425000,-1
51007.3492378,4,4966,36,33428000,-1
51008.3640057,4,4967,1,33431000,-1
51011.4232409,4,4968,6,33428000,-1
51015.6278705,4,4969,7,33431000,-1
51018.7607254,4,4970,6,33434000,-1
51019.2020916,4,4971,1,33437000,-1
51024.0137855,4,4972,22,33434000,-1
51031.6080995,4,4973,10,33438000,-1
51041.724137,4,4974,1,33441000,1
51044.2819836,4,4975,1,33444000,-1
51048.3761388,4,4976,3,33441000,-1
51051.6191464,4,4977,6,33444000,1
51051.6520987,4,4978,5,33441000,1
51059.1071665,4,4979,9,33438000,1
51062.2891673,4,4980,4,33435000,-1
51065.4104866,4,4981,1,33438000,1
51070.6501075,4,4982,6,33441000,-1
51071.0812338,4,4983,1,33445000,-1
51074.0480272,4,4984,1,33442000,-1
51081.4442702,4,4985,9,33439000,-1
51087.6829062,4,4986,7,33442000,-1
51089.5762308,4,4987,13,33439000,1
51099.5094002,4,4988,17,33436000,-1
51107.4874251,4,4989,19,33439000,1
51112.463223,4,4990,2,33436000,-1
51121.6197359,4,4991,2,33439000,1
51125.3089921,4,4992,8,33442000,1
51126.9359276,4,4993,1,33437000,1
51131.1189821,4,4994,5,33440000,1
51138.0956416,4,4995,1,33437000,-1
51138.5757347,4,4996,1,33434000,-1
51150.713251,4,4997,1,33438000,-1
51158.5624596,4,4998,25,33441000,1
51167.3027993,4,4999,5,33438000,1
51171.404079,4,5000,22,33434000,1
51182.224737,4,5001,22,33431000,-1
51182.9926217,4,5002,5,33435000,-1
51196.5138689,4,5003,1,33430000,1
51205.2029229,4,5004,14,33427000,1
51209.8402515,4,5005,12,33424000,1
51212.4293097,4,5006,20,33421000,1
51213.7798652,4,5007,6,33417000,1
51213.8189272,4,5008,16,33414000,1
51215.9863581,4,5009,7,33411000,1
51216.0391634,4,5010,9,33408000,1
51216.8180227,4,5011,11,33405000,1
51217.1810732,4,5012,2,33402000,-1
51221.2692265,4,5013,10,33405000,-1
51222.4654261,4,5014,13,33408000,-1
51227.8378786,4,5015,4,33411000,1
51238.4454957,4,5016,10,33407000,-1
51240.6412557,4,5017,2,33410000,1
51241.4640661,4,5018,1,33407000,-1
51244.0935441,4,5019,1,33403000,1
51247.3603126,4,5020,14,33407000,-1
51250.215058,4,5021,5,33410000,1
51254.66492,4,5022,2,33407000,-1
51260.4653849,4,5023,5,33410000,-1
51260.5613388,4,5024,2,33413000,1
51268.9740025,4,5025,1,33410000,1
51278.5223558,4,5026,18,33414000,1
51291.2183804,4,5027,6,33409000,1
51293.871649,4,5028,2,33406000,-1
51293.8717385,4,5029,11,33409000,-1
51293.945005,4,5030,1,33412000,-1
51303.2763941,4,5031,13,33409000,1
51309.099594,4,5032,2,33405000,-1
51312.4287985,4,5033,1,33408000,-1
51317.9155071,4,5034,1,33405000,1
51319.1981307,4,5035,3,33410000,-1
51322.4076833,4,5036,4,33413000,-1
51323.6725062,4,5037,5,33416000,-1
51328.1487524,4,5038,4,33419000,-1
51333.2605892,4,5039,2,33416000,-1
51345.6861157,4,5040,4,33412000,1
51346.9362333,4,5041,10,33409000,1
51348.3121329,4,5042,3,33405000,1
51348.3563727,4,5043,16,33402000,1
51348.4364017,4,5044,6,33398000,1
51348.5625523,4,5045,2,33395000,-1
51359.1182193,4,5046,4,33398000,1
51363.5532164,4,5047,1,33401000,-1
51376.3421458,4,5048,5,33396000,-1
51376.3447975,4,5049,21,33399000,-1
51396.0444088,4,5050,7,33402000,1
51400.0583745,4,5051,30,33399000,1
51400.0599505,4,5052,16,33396000,1
51404.5259268,4,5053,9,33393000,-1
51422.1240123,4,5054,2,33396000,-1
51423.4716198,4,5055,4,33399000,1
51423.9113893,4,5056,5,33396000,1
51427.2391267,4,5057,1,33393000,1
51434.1324931,4,5058,6,33397000,1
51435.1581235,4,5059,1,33394000,1
51438.302725,4,5060,2,33397000,-1
51439.4338633,4,5061,1,33400000,1
51445.7608036,4,5062,1,33396000,-1
51451.8503413,4,5063,2,33401000,-1
51453.5946829,4,5064,3,33398000,1
51460.7548608,4,5065,6,33394000,1
51484.1454025,4,5066,7,33391000,1
51484.7272194,4,5067,8,33388000,1
51490.1974565,4,5068,7,33385000,-1
51492.2269272,4,5069,15,33382000,1
51495.1756786,4,5070,1,33379000,1
51496.5644832,4,5071,12,33382000,1
51500.4187435,4,5072,14,33379000,1
51501.4662738,4,5073,2,33376000,-1
51506.159678,4,5074,12,33379000,-1
51508.6893779,4,5075,7,33382000,-1
51518.7133723,4,5076,69,33379000,1
51538.7593937,4,5077,6,33376000,1
51540.3904492,4,5078,19,33373000,1
51540.4368156,4,5079,1,33370000,1
51541.0374856,4,5080,3,33375000,-1
51541.6873297,4,5081,3,33378000,1
51542.116615,4,5082,2,33375000,1
51545.4319591,4,5083,8,33379000,-1
51546.3978126,4,5084,6,33382000,-1
51547.4180568,4,5085,1,33385000,-1
51548.3798498,4,5086,16,33382000,1
51549.1929913,4,5087,29,33379000,1
51561.7658612,4,5088,9,33376000,1
51584.7390982,4,5089,11,33373000,1
51586.2429455,4,5090,16,33370000,1
51588.1437751,4,5091,1,33367000,1
51588.9431082,4,5092,5,33370000,-1
51592.0479147,4,5093,4,33373000,-1
51594.2707363,4,5094,1,33369000,-1
51596.0400793,4,5095,5,33372000,-1
51601.0254489,4,5096,5,33375000,1
51602.525638,4,5097,2,33372000,1
51603.2432369,4,5098,2,33369000,-1
51606.4286809,4,5099,3,33372000,-1
51610.6640926,4,5100,6,33375000,-1
51618.2919847,4,5101,4,33378000,-1
51623.80833,4,5102,8,33381000,-1
51625.1345601,4,5103,10,33377000,1
51626.7216976,4,5104,3,33374000,-1
51630.1600736,4,5105,2,33377000,-1
51630.4655862,4,5106,1,33381000,-1
51631.5538572,4,5107,5,33378000,1
51649.6645441,4,5108,30,33375000,-1
51651.7261739,4,5109,3,33378000,1
51651.7945923,4,5110,1,33375000,1
51655.3718264,4,5111,4,33372000,1
51660.8464648,4,5112,13,33369000,1
51668.0212581,4,5113,5,33372000,1
51677.4194658,4,5114,9,33369000,1
51683.8119386,4,5115,9,33372000,-1
51690.0381929,4,5116,8,33368000,1
51696.6366354,4,5117,4,33373000,-1
51702.5145022,4,5118,37,33376000,1
51702.5175506,4,5119,24,33373000,1
51702.5175719,4,5120,1,33370000,1
51702.5688326,4,5121,6,33374000,-1
51702.5688601,4,5122,3,33377000,-1
51703.5228202,4,5123,7,33374000,-1
51705.5218048,4,5124,4,33377000,1
51706.9770301,4,5125,6,33374000,1
51714.8980502,4,5126,4,33370000,1
51715.5349379,4,5127,17,33367000,1
51715.6185602,4,5128,16,33364000,1
51717.6478502,4,5129,11,33361000,-1
51722.9557429,4,5130,42,33356000,-1
51724.2691821,4,5131,1,33360000,1
51726.2485346,4,5132,7,33365000,1
51726.5734466,4,5133,6,33362000,1
51734.5363512,4,5134,24,33359000,1
51735.8043397,4,5135,12,33356000,-1
51735.869033,4,5136,1,33359000,-1
51737.5090412,4,5137,22,33355000,-1
51740.0770829,4,5138,2,33352000,1
51741.6640426,4,5139,1,33356000,-1
51750.6376281,4,5140,28,33353000,-1
51754.3857085,4,5141,11,33349000,1
51759.0158258,4,5142,3,33346000,-1
51762.4895606,4,5143,49,33349000,-1
51774.1884347,4,5144,39,33352000,1
51776.407401,4,5145,8,33349000,1
51785.1736775,4,5146,84,33346000,1
51785.1867391,4,5147,1,33343000,1
51785.4483952,4,5148,24,33346000,-1
51786.0358451,4,5149,2,33349000,-1
51787.7894216,4,5150,7,33346000,1
51800.2605055,4,5151,29,33343000,-1
51804.314174,4,5152,20,33340000,1
51805.1132623,4,5153,3,33337000,1
51807.4165563,4,5154,7,33340000,-1
51811.9393191,4,5155,5,33337000,1
51813.6481935,4,5156,11,33334000,1
51815.0156106,4,5157,4,33338000,1
51815.0156553,4,5158,1,33335000,1
51815.5486753,4,5159,1,33338000,-1
51815.6455692,4,5160,21,33335000,1
51816.2458043,4,5161,1,33332000,1
51821.9401789,4,5162,11,33336000,-1
51829.2597548,4,5163,24,33339000,-1
51833.1473469,4,5164,11,33343000,-1
51837.7099133,4,5165,8,33346000,-1
51837.8513751,4,5166,11,33350000,-1
51847.0729547,4,5167,32,33353000,-1
51847.9316699,4,5168,9,33350000,-1
51849.7433933,4,5169,12,33353000,-1
51849.7468621,4,5170,29,33356000,-1
51849.7504998,4,5171,27,33359000,-1
51849.7512414,4,5172,9,33362000,-1
51851.5191914,4,5173,19,33359000,-1
51852.0800783,4,5174,3,33362000,1
51854.3864435,4,5175,4,33359000,-1
51860.8565101,4,5176,2,33355000,-1
51864.4046969,4,5177,5,33358000,1
51865.4291743,4,5178,15,33355000,1
51886.652082,4,5179,22,33352000,1
51890.3074419,4,5180,5,33349000,-1
51891.4461103,4,5181,8,33352000,-1
51893.8787645,4,5182,2,33355000,-1
51895.0281317,4,5183,2,33352000,-1
51897.8196403,4,5184,8,33355000,-1
51898.7725489,4,5185,1,33358000,-1
51899.984317,4,5186,3,33355000,1
51900.8921062,4,5187,4,33352000,-1
51902.3154731,4,5188,3,33355000,1
51902.3836626,4,5189,12,33352000,1
51910.4547234,4,5190,8,33349000,1
51923.6915847,4,5191,9,33346000,-1
51923.7407574,4,5192,1,33350000,-1
51928.2851171,4,5193,4,33347000,1
51932.3037357,4,5194,2,33343000,-1
51932.400208,4,5195,1,33346000,-1
51936.3056486,4,5196,11,33349000,-1
51945.7709986,4,5197,14,33353000,-1
51946.2589058,4,5198,9,33356000,-1
51949.3914938,4,5199,5,33359000,1
51956.0398762,4,5200,6,33356000,1
51958.3710693,4,5201,15,33353000,-1
51960.5608104,4,5202,1,33356000,-1
51972.8405022,4,5203,3,33352000,-1
51980.6842123,4,5204,1,33355000,-1
51983.2458497,4,5205,8,33350000,1
51985.6853447,4,5206,6,33346000,1
51993.0471849,4,5207,1,33351000,1
51993.6265966,4,5208,8,33355000,-1
51993.7196322,4,5209,10,33358000,-1
52010.0447812,4,5210,36,33361000,1
52016.5811857,4,5211,4,33358000,-1
52016.8330063,4,5212,1,33361000,-1
52019.4041751,4,5213,1,33357000,1
52024.973968,4,5214,11,33360000,1
52027.3549128,4,5215,3,33357000,1
52027.4157488,4,5216,8,33361000,-1
52028.5814248,4,5217,7,33364000,-1
52029.2534917,4,5218,6,33361000,-1
52031.2258962,4,5219,2,33358000,-1
52035.9665486,4,5220,1,33361000,-1
52044.6972343,4,5221,6,33357000,1
52048.2652398,4,5222,21,33354000,1
52050.3948395,4,5223,7,33357000,-1
52050.9191661,4,5224,6,33361000,-1
52062.6469013,4,5225,1,33353000,1
52080.1401931,4,5226,10,33356000,-1
52082.5971051,4,5227,6,33351000,-1
52105.2832926,4,5228,21,33354000,-1
52109.2663677,4,5229,14,33358000,1
52109.5604749,4,5230,1,33354000,1
52114.1240043,4,5231,2,33357000,1
52115.4629462,4,5232,6,33354000,1
52118.0554133,4,5233,37,33351000,1
52120.690638,4,5234,5,33347000,-1
52120.7223704,4,5235,2,33350000,-1
52140.0557375,4,5236,9,33354000,-1
52149.1794651,4,5237,2,33351000,1
52172.8556857,4,5238,11,33355000,-1
52177.1681043,4,5239,4,33358000,-1
52178.5213402,4,5240,11,33361000,-1
52181.998948,4,5241,16,33364000,-1
52182.0902599,4,5242,35,33367000,-1
52182.0976376,4,5243,17,33370000,-1
52182.1360167,4,5244,25,33373000,1
52197.5381548,4,5245,20,33370000,1
52200.1359652,4,5246,1,33373000,1
52205.3533997,4,5247,9,33376000,-1
52205.6577847,4,5248,21,33379000,-1
52205.6578201,4,5249,1,33382000,-1
52211.9387422,4,5250,3,33378000,-1
52221.1791378,4,5251,11,33381000,1
52221.1792274,4,5252,1,33378000,1
52227.2737778,4,5253,7,33381000,-1
52235.6902199,4,5254,12,33384000,-1
52239.9472464,4,5255,1,33387000,-1
52246.9988713,4,5256,2,33383000,-1
52259.6989358,4,5257,8,33386000,1
52269.3804041,4,5258,11,33383000,-1
52284.3569859,4,5259,4,33386000,-1
52286.9098366,4,5260,5,33389000,-1
52291.0831995,4,5261,8,33392000,-1
52305.4943449,4,5262,20,33389000,1
52312.2035628,4,5263,10,33392000,1
52318.7044527,4,5264,1,33389000,1
52318.9993641,4,5265,17,33392000,-1
52320.8493047,4,5266,3,33395000,1
52321.8079622,4,5267,5,33392000,-1
52327.7817048,4,5268,2,33395000,-1
52332.2274538,4,5269,1,33390000,1
52334.5389043,4,5270,20,33386000,1
52335.1754496,4,5271,5,33383000,1
52335.9057417,4,5272,1,33380000,1
52343.6133444,4,5273,4,33383000,-1
52344.0058461,4,5274,1,33386000,-1
52355.9181361,4,5275,2,33382000,1
52361.1533519,4,5276,11,33379000,1
52364.4794317,4,5277,8,33375000,-1
52367.3967896,4,5278,5,33378000,1
52370.2886762,4,5279,1,33375000,-1
52376.455276,4,5280,1,33372000,1
52380.632292,4,5281,4,33375000,1
52384.9742268,4,5282,5,33372000,1
52392.3280501,4,5283,3,33369000,1
52405.8378053,4,5284,6,33374000,1
52406.6511783,4,5285,1,33371000,-1
52426.4589927,4,5286,10,33368000,-1
52426.8523224,4,5287,1,33371000,1
52431.6788583,4,5288,6,33376000,1
52434.8404227,4,5289,6,33372000,1
52439.0757994,4,5290,5,33369000,1
52440.1282278,4,5291,1,33374000,-1
52451.2024884,4,5292,5,33378000,-1
52453.9716271,4,5293,10,33382000,-1
52456.6146119,4,5294,10,33385000,-1
52460.1653156,4,5295,7,33388000,-1
52466.9152775,4,5296,6,33391000,-1
52467.0952052,4,5297,20,33394000,-1
52470.584273,4,5298,5,33397000,1
52493.6703743,4,5299,21,33394000,1
52498.8852667,4,5300,1,33397000,1
52501.5586228,4,5301,1,33391000,1
52508.4473844,4,5302,4,33394000,1
52516.4698176,4,5303,3,33391000,-1
52532.1306793,4,5304,2,33395000,-1
52537.2046819,4,5305,15,33391000,1
52537.9217514,4,5306,1,33387000,1
52540.7813712,4,5307,3,33383000,1
52544.0914209,4,5308,3,33380000,-1
52550.3706221,4,5309,2,33387000,-1
52556.5123517,4,5310,1,33390000,1
52567.6191253,4,5311,2,33387000,1
52572.4126343,4,5312,8,33384000,1
52591.4002488,4,5313,7,33381000,1
52596.4781058,4,5314,1,33378000,1
52606.5843494,4,5315,14,33375000,-1
52606.603775,4,5316,6,33378000,1
52611.6993372,4,5317,4,33375000,-1
52615.324027,4,5318,1,33379000,-1
52616.0135256,4,5319,1,33376000,1
52619.296002,4,5320,1,33380000,-1
52622.1013508,4,5321,1,33377000,1
52630.1317385,4,5322,6,33381000,-1
52637.9311238,4,5323,5,33384000,1
52669.9250973,4,5324,14,33381000,-1
52669.9909422,4,5325,1,33384000,1
52675.0552977,4,5326,3,33387000,1
52681.0049704,4,5327,6,33384000,1
52683.0777388,4,5328,9,33378000,1
52695.7021615,4,5329,1,33375000,1
52700.7171639,4,5330,1,33378000,1
52708.774623,4,5331,1,33381000,1
52715.5073042,4,5332,9,33384000,1
52720.3781805,4,5333,6,33392000,1
52748.4623828,4,5334,13,33389000,1
52749.3340681,4,5335,4,33392000,1
52764.6381569,4,5336,9,33395000,-1
52765.3864622,4,5337,15,33398000,-1
52766.9628789,4,5338,12,33401000,-1
52770.1875586,4,5339,21,33405000,-1
52773.2090731,4,5340,7,33408000,-1
52773.3204981,4,5341,43,33411000,-1
52774.2168386,4,5342,6,33414000,-1
52778.7943931,4,5343,8,33410000,-1
52778.9662643,4,5344,2,33413000,-1
52783.5900889,4,5345,2,33408000,1
52786.3741078,4,5346,9,33405000,-1
52788.4822823,4,5347,1,33408000,-1
52799.331516,4,5348,1,33404000,1
52806.0333861,4,5349,5,33407000,-1
52828.9605767,4,5350,17,33410000,-1
52833.7436234,4,5351,1,33406000,-1
52837.8011339,4,5352,9,33409000,1
52846.9456852,4,5353,26,33406000,1
52848.9472829,4,5354,5,33403000,1
52861.2870228,4,5355,17,33400000,1
52873.8772449,4,5356,7,33397000,1
52873.902106,4,5357,8,33394000,1
52877.2428522,4,5358,11,33391000,1
52877.658958,4,5359,10,33387000,1
52879.0825836,4,5360,1,33383000,1
52882.8130432,4,5361,9,33386000,-1
52882.8732303,4,5362,1,33389000,-1
52896.6022551,4,5363,10,33386000,1
52901.0213218,4,5364,6,33382000,1
52901.8397717,4,5365,29,33379000,1
52903.3564062,4,5366,17,33376000,1
52904.9600918,4,5367,21,33373000,1
52908.0116323,4,5368,1,33370000,1
52911.2043708,4,5369,2,33373000,1
52912.3607627,4,5370,2,33370000,-1
52912.3663298,4,5371,1,33373000,-1
52915.4720647,4,5372,2,33370000,-1
52916.8857698,4,5373,1,33373000,-1
52923.3653566,4,5374,14,33370000,1
52931.9671542,4,5375,11,33367000,1
52941.7200313,4,5376,33,33364000,-1
52944.9587258,4,5377,2,33367000,-1
52954.7743242,4,5378,12,33364000,1
52958.9457899,4,5379,8,33361000,1
52962.8950818,4,5380,4,33358000,-1
52970.9953575,4,5381,4,33361000,-1
52980.6331782,4,5382,1,33364000,-1
52982.2048763,4,5383,7,33361000,-1
52982.2226812,4,5384,1,33364000,-1
52982.4854336,4,5385,1,33367000,-1
52992.5452291,4,5386,4,33364000,-1
52997.032715,4,5387,3,33367000,-1
53010.1328977,4,5388,9,33363000,1
53021.4241595,4,5389,5,33360000,-1
53034.1486779,4,5390,6,33363000,-1
53053.6249521,4,5391,2,33367000,-1
53069.3802459,4,5392,16,33359000,-1
53084.1245584,4,5393,15,33356000,1
53093.7732648,4,5394,4,33359000,-1
53096.4208287,4,5395,4,33362000,1
53109.9274593,4,5396,10,33355000,-1
53112.4547264,4,5397,1,33351000,1
53112.7097391,4,5398,1,33354000,-1
53130.3304671,4,5399,33,33351000,-1
53139.1907621,4,5400,6,33354000,1
53154.7836633,4,5401,8,33360000,-1
53160.8663378,4,5402,10,33357000,-1
53165.9361189,4,5403,6,33361000,-1
53177.2012307,4,5404,1,33364000,1
53181.8563931,4,5405,3,33368000,1
53185.4453595,4,5406,4,33371000,-1
53191.605979,4,5407,12,33374000,-1
53219.6090152,4,5408,2,33370000,-1
53238.5447853,4,5409,2,33373000,-1
53239.7014256,4,5410,11,33376000,-1
53283.5789946,4,5411,23,33379000,1
53283.5806158,4,5412,11,33376000,1
53286.1746663,4,5413,1,33380000,-1
53295.9072164,4,5414,1,33377000,1
53318.3915854,4,5415,33,33382000,-1
53318.9668459,4,5416,7,33385000,-1
53323.3159287,4,5417,1,33388000,-1
53338.0960769,4,5418,2,33384000,1
53340.2127567,4,5419,1,33381000,1
53348.6640893,4,5420,2,33384000,-1
53364.2490138,4,5421,6,33387000,1
53366.9828043,4,5422,6,33384000,-1
53391.0079704,4,5423,1,33387000,1
53405.5549147,4,5424,4,33390000,1
53455.1894145,4,5425,17,33387000,1
53457.2574751,4,5426,3,33384000,1
53461.1699301,4,5427,1,33378000,-1
53470.797766,4,5428,8,33375000,1
53496.6071242,4,5429,3,33370000,-1
53500.3779197,4,5430,4,33367000,-1
53516.2516627,4,5431,2,33370000,1
53521.4149046,4,5432,17,33367000,1
53546.9420457,4,5433,16,33364000,-1
53547.7683833,4,5434,3,33360000,1
53549.1960533,4,5435,5,33357000,-1
53556.8307405,4,5436,7,33360000,-1
53568.6202562,4,5437,9,33363000,1
53586.5037375,4,5438,2,33360000,-1
53616.8536425,4,5439,3,33357000,1
53623.8676769,4,5440,10,33354000,-1
53625.7248492,4,5441,3,33357000,1
53639.8140327,4,5442,6,33354000,1
53644.1900848,4,5443,27,33351000,1
53644.2188421,4,5444,1,33348000,1
53647.1221715,4,5445,4,33353000,-1
53661.9966962,4,5446,13,33356000,1
53671.4455102,4,5447,18,33353000,1
53673.1840549,4,5448,17,33350000,-1
53674.5231299,4,5449,12,33353000,1
53678.0102072,4,5450,28,33350000,1
53679.1028049,4,5451,6,33347000,1
53681.316618,4,5452,3,33344000,-1
53716.4160262,4,5453,16,33347000,-1
53728.3485007,4,5454,11,33344000,-1
53731.7463543,4,5455,1,33347000,-1
53741.7613739,4,5456,1,33344000,1
53742.1555743,4,5457,4,33347000,-1
53755.1968604,4,5458,5,33344000,-1
53764.880901,4,5459,16,33348000,-1
53765.7162506,4,5460,5,33351000,-1
53767.7212152,4,5461,18,33355000,-1
53775.5498434,4,5462,40,33358000,1
53780.0336725,4,5463,4,33355000,-1
53800.7519907,4,5464,8,33351000,1
53810.2460847,4,5465,2,33348000,1
53810.2481601,4,5466,3,33345000,1
53821.6766093,4,5467,43,33342000,1
53823.9663616,4,5468,7,33339000,1
53834.4577942,4,5469,31,33336000,1
53848.6382228,4,5470,13,33333000,-1
53862.1958686,4,5471,14,33336000,-1
53868.3293704,4,5472,12,33340000,-1
53876.6560297,4,5473,13,33343000,1
53882.3960776,4,5474,1,33339000,1
53890.9931429,4,5475,4,33343000,1
53915.5194033,4,5476,6,33340000,-1
53920.3198142,4,5477,10,33336000,-1
53925.7672122,4,5478,2,33339000,1
53930.8494153,4,5479,15,33336000,1
53932.3146387,4,5480,2,33340000,1
53961.6213481,4,5481,5,33336000,1
53966.1954892,4,5482,5,33339000,-1
53977.0954074,4,5483,3,33342000,-1
53996.788972,4,5484,8,33345000,-1
54000.8449489,4,5485,12,33342000,1
54021.1481774,4,5486,18,33339000,1
54030.0148058,4,5487,7,33336000,1
54030.7072558,4,5488,1,33333000,1
54035.3765747,4,5489,3,33338000,1
54044.384922,4,5490,6,33335000,-1
54047.8448469,4,5491,19,33338000,-1
54048.1202149,4,5492,6,33341000,-1
54050.8753041,4,5493,3,33344000,1
54068.8383523,4,5494,12,33341000,1
54069.1934986,4,5495,13,33338000,1
54070.7260307,4,5496,1,33335000,1
54080.7309352,4,5497,2,33340000,1
54082.9899932,4,5498,2,33335000,-1
54085.0197163,4,5499,1,33339000,-1
54095.0713983,4,5500,10,33335000,-1
54095.7789604,4,5501,5,33339000,-1
54098.9898004,4,5502,5,33343000,-1
54105.2649926,4,5503,3,33346000,1
54119.9613956,4,5504,9,33343000,-1
54121.0957666,4,5505,1,33337000,-1
54122.8600492,4,5506,11,33334000,1
54122.9095695,4,5507,19,33331000,1
54123.1649637,4,5508,4,33328000,-1
54130.3269629,4,5509,9,33331000,-1
54133.9646825,4,5510,2,33334000,-1
54134.2404033,4,5511,1,33337000,-1
54148.3028626,4,5512,18,33334000,1
54148.3209604,4,5513,2,33331000,1
54151.3412398,4,5514,1,33327000,1
54154.1823077,4,5515,1,33331000,1
54160.0910016,4,5516,5,33334000,1
54171.4324931,4,5517,2,33331000,-1
54183.4657985,4,5518,17,33334000,-1
54196.9949908,4,5519,31,33337000,-1
54229.1102352,4,5520,10,33340000,-1
54231.8122661,4,5521,9,33343000,-1
54236.3704583,4,5522,4,33347000,-1
54236.3920236,4,5523,2,33350000,1
54240.2613622,4,5524,4,33347000,-1
54240.2852969,4,5525,22,33350000,-1
54244.8135526,4,5526,7,33353000,-1
54249.9600826,4,5527,8,33350000,1
54250.1342535,4,5528,1,33347000,1
54303.1324103,4,5529,26,33350000,-1
54315.7606605,4,5530,21,33354000,-1
54317.1735812,4,5531,5,33357000,-1
54318.8908454,4,5532,4,33360000,1
54332.8842948,4,5533,2,33357000,-1
54342.5448228,4,5534,1,33354000,-1
54361.6476311,4,5535,3,33351000,1
54362.3884597,4,5536,3,33354000,-1
54373.8114961,4,5537,3,33357000,1
54379.8805289,4,5538,1,33354000,1
54386.3784168,4,5539,11,33351000,1
54392.660148,4,5540,11,33348000,1
54403.8614653,4,5541,25,33344000,-1
54415.030769,4,5542,1,33347000,-1
54422.5483647,4,5543,18,33341000,1
54422.548759,4,5544,1,33338000,1
54427.036319,4,5545,12,33341000,-1
54442.325142,4,5546,5,33346000,-1
54445.652325,4,5547,4,33349000,-1
54457.0797884,4,5548,14,33352000,1
54465.5337651,4,5549,2,33349000,1
54491.5404432,4,5550,17,33353000,-1
54497.5402188,4,5551,5,33356000,-1
54498.8327208,4,5552,36,33359000,-1
54518.7489183,4,5553,15,33362000,1
54520.8748595,4,5554,9,33359000,1
54528.4236474,4,5555,6,33362000,1
54533.9123148,4,5556,2,33359000,1
54535.0626981,4,5557,1,33355000,1
54545.3623513,4,5558,2,33358000,-1
54553.8275431,4,5559,3,33361000,-1
54555.951587,4,5560,16,33364000,-1
54567.47541,4,5561,5,33361000,1
54579.945638,4,5562,15,33358000,-1
54599.0404021,4,5563,1,33361000,-1
54600.8768693,4,5564,16,33358000,-1
54608.1338131,4,5565,15,33361000,-1
54620.6786894,4,5566,3,33364000,1
54629.5182489,4,5567,3,33361000,-1
54633.1282466,4,5568,4,33364000,1
54639.2984874,4,5569,10,33361000,1
54654.8161973,4,5570,1,33358000,-1
54654.8832456,4,5571,4,33355000,1
54663.4238082,4,5572,4,33358000,-1
54670.5244535,4,5573,6,33361000,-1
54672.6135928,4,5574,31,33364000,-1
54677.3938193,4,5575,2,33367000,1
54680.7855476,4,5576,1,33364000,1
54717.7145097,4,5577,4,33361000,1
54728.4797867,4,5578,2,33364000,1
54744.7728421,4,5579,8,33360000,-1
54762.8358277,4,5580,4,33363000,1
54771.9014274,4,5581,5,33366000,-1
54775.00707,4,5582,14,33369000,-1
54775.0327018,4,5583,3,33372000,1
54786.235094,4,5584,8,33369000,-1
54796.8709652,4,5585,9,33372000,-1
54797.0735181,4,5586,1,33375000,-1
54801.4307855,4,5587,1,33372000,-1
54808.4850883,4,5588,10,33375000,-1
54826.4917817,4,5589,11,33378000,-1
54843.3483449,4,5590,25,33381000,1
54857.0825303,4,5591,19,33385000,1
54862.9719259,4,5592,16,33382000,1
54873.680255,4,5593,8,33379000,1
54876.9009024,4,5594,9,33374000,1
54878.3506018,4,5595,1,33370000,1
54904.6747413,4,5596,14,33373000,-1
54918.853395,4,5597,2,33376000,1
54924.108317,4,5598,6,33380000,-1
54942.0184175,4,5599,4,33376000,-1
54943.1178344,4,5600,5,33379000,-1
54943.4369795,4,5601,1,33382000,-1
54988.3364823,4,5602,6,33375000,1
55003.3191302,4,5603,2,33372000,-1
55006.4760676,4,5604,5,33375000,-1
55041.5736547,4,5605,6,33379000,1
55045.9761852,4,5606,4,33382000,1
55061.7882139,4,5607,6,33379000,1
55069.6352742,4,5608,3,33375000,1
55134.6442146,4,5609,9,33380000,1
55142.9181782,4,5610,1,33384000,-1
55147.6889246,4,5611,2,33381000,-1
55168.2011074,4,5612,7,33384000,-1
55176.3194694,4,5613,15,33387000,1
55177.9744462,4,5614,6,33384000,1
55194.0725778,4,5615,9,33381000,1
55198.1194392,4,5616,1,33378000,-1
55204.1717939,4,5617,2,33375000,-1
55207.0730927,4,5618,10,33378000,-1
55211.0528994,4,5619,3,33382000,-1
55243.3447256,4,5620,10,33386000,-1
55258.4781124,4,5621,6,33383000,-1
55262.0134249,4,5622,32,33380000,1
55264.5933059,4,5623,13,33377000,1
55267.922056,4,5624,43,33381000,-1
55276.1360972,4,5625,14,33384000,-1
55280.0573919,4,5626,8,33387000,-1
55280.7111613,4,5627,10,33390000,-1
55293.3020301,4,5628,18,33393000,-1
55298.4816928,4,5629,15,33396000,-1
55298.4842499,4,5630,35,33399000,-1
55298.5343001,4,5631,27,33402000,1
55305.0259571,4,5632,7,33399000,-1
55311.008154,4,5633,19,33402000,-1
55315.6323914,4,5634,19,33399000,-1
55323.4012698,4,5635,4,33402000,-1
55336.1934118,4,5636,7,33399000,-1
55337.854633,4,5637,5,33402000,1
55363.259072,4,5638,9,33399000,-1
55379.5592884,4,5639,8,33402000,-1
55406.5768128,4,5640,18,33405000,-1
55444.6001125,4,5641,30,33402000,-1
55453.0413173,4,5642,2,33398000,-1
55454.3853673,4,5643,3,33401000,-1
55460.8918655,4,5644,8,33398000,-1
55469.4082892,4,5645,23,33401000,-1
55472.8853876,4,5646,17,33404000,-1
55520.3475527,4,5647,114,33407000,-1
55526.6940679,4,5648,15,33410000,-1
55532.8628465,4,5649,7,33414000,1
55533.1023531,4,5650,20,33411000,1
55544.2761168,4,5651,13,33408000,1
55560.6574742,4,5652,17,33405000,1
55561.3909045,4,5653,7,33401000,1
55574.2248634,4,5654,28,33398000,1
55574.310367,4,5655,12,33395000,1
55598.6636188,4,5656,49,33398000,1
55614.1370333,4,5657,1,33395000,-1
55616.9208022,4,5658,27,33390000,1
55621.5796452,4,5659,29,33387000,-1
55631.9637746,4,5660,10,33384000,-1
55634.925523,4,5661,19,33389000,1
55635.0052303,4,5662,7,33386000,1
55638.6229641,4,5663,13,33389000,1
55638.626136,4,5664,10,33386000,1
55642.5415158,4,5665,1,33389000,1
55661.1446702,4,5666,14,33396000,-1
55685.3181589,4,5667,44,33399000,1
55707.6510256,4,5668,5,33402000,-1
55725.5053279,4,5669,7,33405000,-1
55766.4212847,4,5670,22,33402000,1
55770.1875421,4,5671,3,33399000,1
55771.3126904,4,5672,8,33396000,1
55776.2597931,4,5673,10,33393000,-1
55783.6904701,4,5674,5,33396000,-1
55798.400692,4,5675,5,33391000,-1
55822.531187,4,5676,30,33394000,1
55829.0753552,4,5677,17,33391000,-1
55831.3503567,4,5678,4,33395000,-1
55851.883126,4,5679,39,33398000,1
55859.3745652,4,5680,7,33395000,-1
55867.542676,4,5681,4,33398000,1
55869.6301969,4,5682,1,33395000,-1
55882.7395605,4,5683,9,33398000,-1
55886.8771196,4,5684,1,33401000,-1
55898.5638664,4,5685,5,33398000,1
55899.2060826,4,5686,1,33395000,1
55916.9730461,4,5687,13,33399000,-1
55925.3697718,4,5688,1,33396000,-1
55937.3604651,4,5689,1,33399000,-1
55956.703737,4,5690,9,33396000,1
55956.7405504,4,5691,12,33393000,-1
55961.5382059,4,5692,2,33397000,-1
55983.6753059,4,5693,1,33400000,1
55999.4842952,4,5694,9,33397000,1
56015.4621157,4,5695,6,33393000,-1
56036.5742882,4,5696,1,33396000,-1
56075.1570095,4,5697,11,33392000,1
56076.5935252,4,5698,8,33389000,-1
56095.2248206,4,5699,1,33392000,1
56134.4220765,4,5700,1,33389000,1
56167.9526728,4,5701,8,33386000,1
56169.7506384,4,5702,13,33390000,1
56169.7508611,4,5703,22,33387000,1
56208.9168108,4,5704,11,33384000,-1
56249.6175125,4,5705,6,33387000,1
56281.549793,4,5706,1,33383000,1
56290.5771606,4,5707,4,33386000,1
56290.5772099,4,5708,1,33383000,1
56305.09101,4,5709,3,33387000,-1
56309.0566731,4,5710,2,33391000,1
56310.8260438,4,5711,4,33388000,-1
56317.4601191,4,5712,3,33391000,1
56359.2069692,4,5713,6,33388000,-1
56373.6207196,4,5714,5,33385000,-1
56389.9528511,4,5715,6,33388000,1
56391.3572134,4,5716,3,33385000,1
56427.0177088,4,5717,28,33381000,1
56441.0759249,4,5718,5,33378000,1
56454.0454059,4,5719,31,33375000,1
56455.2352136,4,5720,1,33372000,1
56517.7365232,4,5721,13,33375000,1
56524.4333841,4,5722,47,33372000,1
56533.2514113,4,5723,4,33369000,-1
56558.6452798,4,5724,2,33372000,1
56564.5397528,4,5725,5,33369000,-1
56564.5417751,4,5726,16,33372000,-1
56568.0398061,4,5727,2,33375000,-1
56582.1238148,4,5728,10,33372000,-1
56610.9784527,4,5729,17,33375000,1
56630.0709208,4,5730,2,33378000,1
56634.3086285,4,5731,3,33375000,1
56640.6118849,4,5732,3,33372000,1
56683.8362144,4,5733,4,33376000,-1
56766.5214307,4,5734,2,33379000,1
56772.8606898,4,5735,5,33376000,1
56806.7106252,4,5736,12,33373000,-1
56812.774046,4,5737,3,33377000,1
56818.204073,4,5738,5,33374000,1
56837.8874177,4,5739,2,33371000,1
56876.5824831,4,5740,7,33374000,-1
56910.220875,4,5741,7,33377000,1
56941.6270065,4,5742,2,33374000,1
56997.9793624,4,5743,1,33377000,1
57005.0411683,4,5744,1,33380000,1
57033.5099974,4,5745,8,33376000,1
57053.5138308,4,5746,14,33373000,1
57059.4706576,4,5747,30,33370000,1
57067.6517626,4,5748,5,33367000,1
57067.977519,4,5749,2,33364000,-1
57097.4929235,4,5750,9,33367000,-1
57123.2096233,4,5751,7,33370000,-1
57125.4505631,4,5752,2,33373000,-1
57141.0844681,4,5753,4,33370000,1
57161.467491,4,5754,2,33367000,-1
57161.4702587,4,5755,17,33370000,-1
57180.7866944,4,5756,3,33373000,-1
57192.8596572,4,5757,5,33376000,-1
57296.1328072,4,5758,52,33380000,1
57302.5576701,4,5759,1,33377000,1
57305.654215,4,5760,1,33383000,-1
57339.145217,4,5761,1,33380000,1
57366.2089584,4,5762,34,33384000,1
57379.1705509,4,5763,7,33381000,1
57383.2306317,4,5764,13,33384000,-1
57391.553308,4,5765,10,33387000,1
57408.1264375,4,5766,4,33384000,1
57408.3885647,4,5767,9,33381000,1
57412.4682286,4,5768,30,33378000,1
57412.4812796,4,5769,4,33375000,-1
57457.1571066,4,5770,10,33378000,-1
57457.2270553,4,5771,8,33381000,-1
57477.9679702,4,5772,3,33384000,1
57512.0396023,4,5773,26,33381000,1
57515.2804831,4,5774,7,33378000,1
57518.2911819,4,5775,59,33375000,1
57521.171539,4,5776,1,33372000,-1
57553.6353208,4,5777,56,33375000,1
57558.8621797,4,5778,16,33378000,-1
57601.0343439,4,5779,3,33381000,-1
57673.9437714,4,5780,23,33384000,1
57700.0071306,4,5781,2,33381000,-1
57779.8713793,4,5782,30,33384000,-1
57780.0947978,4,5783,2,33387000,1
57835.6622327,4,5784,7,33384000,1
57841.6692204,4,5785,1,33381000,-1
57905.1561077,4,5786,2,33384000,1
57931.1393187,4,5787,15,33381000,-1
57954.1250224,4,5788,1,33377000,-1
57988.4929325,4,5789,15,33381000,1
58001.1187426,4,5790,11,33378000,1
58001.1733161,4,5791,7,33375000,1
58002.6624148,4,5792,14,33372000,1
58019.7360236,4,5793,7,33369000,1
58030.0604146,4,5794,2,33366000,-1
58035.1681212,4,5795,11,33369000,-1
58040.8334161,4,5796,6,33372000,1
58104.5292438,4,5797,9,33368000,-1
58136.9810048,4,5798,20,33371000,-1
58163.2684889,4,5799,18,33374000,1
58173.07653,4,5800,3,33378000,-1
58213.2595837,4,5801,60,33381000,-1
58225.1446546,4,5802,3,33378000,-1
58243.8392051,4,5803,13,33381000,1
58260.2855762,4,5804,12,33384000,-1
58260.4523373,4,5805,6,33387000,1
58263.0720324,4,5806,1,33384000,-1
58287.6498432,4,5807,26,33381000,1
58353.0223168,4,5808,1,33378000,1
58356.2241735,4,5809,2,33375000,1
58389.5406148,4,5810,2,33372000,1
58410.7070699,4,5811,4,33375000,1
58413.1483946,4,5812,40,33372000,1
58414.0868081,4,5813,14,33369000,1
58443.7420034,4,5814,2,33366000,1
58473.0490076,4,5815,9,33369000,-1
58488.8646435,4,5816,7,33372000,1
58507.9805242,4,5817,1,33369000,-1
58525.1543252,4,5818,1,33366000,-1
58527.4395373,4,5819,1,33362000,1
58560.7020842,4,5820,13,33366000,-1
58575.2794767,4,5821,18,33361000,1
58577.0888462,4,5822,6,33358000,-1
58590.1367207,4,5823,26,33361000,1
58598.0806652,4,5824,10,33364000,-1
58605.7313291,4,5825,1,33367000,1
58623.5900989,4,5826,1,33364000,1
58651.0676421,4,5827,15,33367000,1
58659.1054488,4,5828,11,33364000,1
58665.1233724,4,5829,45,33361000,-1
58667.9381655,4,5830,1,33364000,-1
58771.3082278,4,5831,10,33361000,-1
58771.7451496,4,5832,19,33364000,-1
58801.3967493,4,5833,45,33367000,-1
58814.9719378,4,5834,1,33370000,-1
58889.6777092,4,5835,14,33367000,1
58920.10196,4,5836,3,33364000,1
58984.3885963,4,5837,2,33367000,-1
59008.5576526,4,5838,15,33364000,-1
59017.9281156,4,5839,11,33367000,-1
59090.6004223,4,5840,21,33364000,-1
59161.6000328,4,5841,2,33367000,1
59173.3576987,4,5842,18,33370000,-1
59174.2031456,4,5843,4,33373000,-1
59178.0954597,4,5844,5,33376000,1
59217.8607559,4,5845,18,33373000,-1
59241.4058254,4,5846,11,33376000,-1
59310.7222242,4,5847,32,33379000,-1
59340.0421468,4,5848,15,33382000,1
59345.7856417,4,5849,2,33379000,-1
59396.083526,4,5850,9,33383000,-1
59403.7949424,4,5851,26,33386000,-1
59404.1699651,4,5852,13,33389000,-1
59428.2085649,4,5853,11,33392000,1
59470.7738387,4,5854,4,33389000,1
59531.1873496,4,5855,6,33392000,-1
59544.6450224,4,5856,4,33395000,-1
59607.193653,4,5857,21,33398000,1
59608.1909692,4,5858,10,33395000,1
59650.3201781,4,5859,40,33392000,-1
59654.1074716,4,5860,1,33395000,-1
59665.9612532,4,5861,6,33398000,1
59716.7057501,4,5862,2,33395000,-1
59750.4665698,4,5863,46,33398000,1
59769.7433568,4,5864,1,33401000,-1
59799.8201208,4,5865,7,33404000,1
59851.4115028,4,5866,2,33401000,1
59859.891009,4,5867,1,33404000,-1
59867.6823237,4,5868,3,33407000,1
59873.5972049,4,5869,1,33404000,-1
59896.3147339,4,5870,7,33407000,-1
59899.4726792,4,5871,11,33410000,-1
59899.4737406,4,5872,1,33413000,-1
59903.8989521,4,5873,4,33410000,-1
59905.0907188,4,5874,7,33413000,-1
59909.7071196,4,5875,3,33410000,-1
59911.7521816,4,5876,18,33413000,-1
59911.7543765,4,5877,36,33416000,-1
59911.7543854,4,5878,1,33419000,-1
59912.712307,4,5879,3,33416000,-1
59931.0747883,4,5880,19,33419000,-1
59932.2689096,4,5881,9,33422000,-1
60033.7147652,4,5882,14,33425000,-1
60048.1290595,4,5883,16,33428000,-1
60063.9665772,4,5884,1,33425000,1
60069.1925191,4,5885,7,33428000,1
60073.6181478,4,5886,4,33425000,1
60124.4191286,4,5887,55,33422000,1
60170.7485623,4,5888,39,33425000,-1
60233.9535323,4,5889,25,33428000,1
60321.4214831,4,5890,36,33425000,1
60331.0299367,4,5891,12,33429000,-1
60347.3464352,4,5892,8,33432000,-1
60365.3390747,4,5893,6,33435000,-1
60371.2113655,4,5894,1,33438000,1
60373.5090023,4,5895,21,33441000,-1
60389.273522,4,5896,29,33444000,1
60409.86427,4,5897,41,33441000,-1
60419.3562792,4,5898,12,33445000,-1
60484.4069092,4,5899,66,33448000,1
60490.4576042,4,5900,2,33445000,1
60521.167241,4,5901,20,33448000,1
60528.7061482,4,5902,8,33445000,1
60579.0724475,4,5903,43,33442000,1
60588.768804,4,5904,8,33439000,1
60600.2175064,4,5905,6,33436000,-1
60604.0465106,4,5906,1,33431000,1
60637.2925363,4,5907,9,33435000,-1
60642.4236458,4,5908,21,33438000,-1
60655.2442022,4,5909,5,33441000,1
60680.2148126,4,5910,2,33437000,1
60692.9706257,4,5911,5,33434000,1
60710.9515256,4,5912,19,33437000,-1
60719.2736138,4,5913,2,33440000,1
60743.9821184,4,5914,12,33437000,1
60750.0776325,4,5915,1,33433000,1
60759.2232238,4,5916,5,33436000,-1
60771.7554515,4,5917,39,33440000,-1
60772.1199155,4,5918,22,33444000,-1
60780.1653344,4,5919,3,33447000,1
60789.1122012,4,5920,2,33444000,1
60824.6978073,4,5921,47,33447000,1
60844.4162227,4,5922,17,33444000,1
60860.718044,4,5923,3,33441000,-1
60861.4024301,4,5924,4,33444000,1
60869.7518664,4,5925,7,33441000,1
60896.2105867,4,5926,1,33438000,1
60906.0373005,4,5927,1,33441000,1
60925.2185598,4,5928,4,33438000,-1
60933.6207912,4,5929,9,33441000,1
61023.0867138,4,5930,4,33438000,-1
61032.4615846,4,5931,6,33435000,1
61039.9025698,4,5932,6,33438000,-1
61042.910788,4,5933,8,33441000,-1
61046.2400866,4,5934,4,33444000,1
61058.9531718,4,5935,15,33441000,1
61113.0986998,4,5936,20,33438000,1
61125.1543247,4,5937,12,33442000,1
61135.0244233,4,5938,8,33439000,1
61144.2694274,4,5939,5,33442000,1
61172.6689491,4,5940,2,33439000,-1
61175.312519,4,5941,2,33442000,1
61200.1023669,4,5942,4,33439000,-1
61201.6020128,4,5943,4,33442000,-1
61220.8248968,4,5944,20,33439000,-1
61226.5223018,4,5945,5,33442000,1
61228.5504232,4,5946,6,33439000,1
61247.6138393,4,5947,1,33435000,-1
61256.0465991,4,5948,4,33432000,1
61260.138633,4,5949,1,33435000,-1
61280.9675054,4,5950,17,33432000,1
61281.6618363,4,5951,16,33429000,1
61295.6670935,4,5952,7,33433000,-1
61296.3643479,4,5953,22,33436000,1
61305.062972,4,5954,33,33433000,1
61321.6237603,4,5955,23,33436000,1
61324.8275329,4,5956,1,33433000,1
61404.6117361,4,5957,55,33436000,-1
61410.5547474,4,5958,16,33439000,-1
61411.1591191,4,5959,2,33442000,-1
61431.0578426,4,5960,7,33445000,-1
61447.6990429,4,5961,2,33448000,1
61448.3418377,4,5962,1,33445000,1
61450.8015001,4,5963,3,33449000,1
61456.3071807,4,5964,3,33446000,-1
61462.0885746,4,5965,13,33449000,1
61468.176712,4,5966,7,33446000,1
61504.6814782,4,5967,16,33443000,-1
61551.1200981,4,5968,19,33447000,1
61557.2906842,4,5969,6,33444000,1
61570.4613123,4,5970,13,33441000,1
61585.8115578,4,5971,9,33437000,-1
61635.0230116,4,5972,19,33440000,1
61653.2418051,4,5973,19,33437000,1
61676.3950041,4,5974,5,33440000,1
61679.7361043,4,5975,27,33437000,1
61697.8025313,4,5976,2,33434000,1
61734.8578613,4,5977,24,33437000,1
61747.0143315,4,5978,8,33434000,1
61753.9227183,4,5979,2,33437000,-1
61772.4475904,4,5980,5,33434000,1
61802.4281996,4,5981,8,33431000,-1
61818.3471251,4,5982,7,33434000,-1
61821.1052862,4,5983,8,33437000,1
61823.3734912,4,5984,1,33434000,1
61920.0402835,4,5985,34,33437000,1
61934.5180846,4,5986,6,33434000,-1
62032.1362155,4,5987,4,33437000,1
62073.6931855,4,5988,2,33434000,-1
62111.7043324,4,5989,7,33437000,-1
62364.6868287,4,5990,48,33440000,1
62387.1886619,4,5991,2,33437000,-1
62464.2370002,4,5992,4,33440000,-1
62479.3919273,4,5993,1,33437000,1
62509.1003405,4,5994,3,33433000,1
62533.8946465,4,5995,16,33430000,-1
62563.3606562,4,5996,16,33427000,-1
62576.5246431,4,5997,9,33430000,-1
62604.8616981,4,5998,11,33433000,1
62620.0596493,4,5999,3,33436000,-1
62624.8922442,4,6000,4,33439000,-1
62644.7884113,4,6001,1,33442000,-1
62647.3440767,4,6002,6,33438000,1
62680.2572877,4,6003,3,33434000,1
62738.0771168,4,6004,21,33431000,-1
62738.0815719,4,6005,21,33434000,-1
62844.1317715,4,6006,16,33437000,1
62881.3579623,4,6007,8,33434000,1
62886.6736665,4,6008,6,33438000,1
62889.7438193,4,6009,7,33434000,1
62912.5334717,4,6010,38,33431000,1
62944.2939889,4,6011,23,33428000,-1
62945.5230287,4,6012,9,33431000,-1
62948.6804344,4,6013,25,33434000,1
62955.2560418,4,6014,21,33431000,1
62959.450588,4,6015,9,33428000,-1
62962.7649214,4,6016,6,33431000,1
62972.2333769,4,6017,12,33428000,-1
62982.0317054,4,6018,8,33431000,-1
62984.5636726,4,6019,4,33428000,1
62987.2170035,4,6020,20,33425000,-1
63027.2699891,4,6021,10,33428000,-1
63040.5951076,4,6022,4,33425000,1
63077.5978588,4,6023,11,33422000,1
63077.9352089,4,6024,23,33419000,1
63081.0436997,4,6025,11,33416000,1
63081.2287072,4,6026,17,33413000,1
63081.2764826,4,6027,9,33410000,1
63082.2646741,4,6028,2,33413000,1
63088.5320821,4,6029,16,33410000,1
63100.7846751,4,6030,13,33407000,-1
63106.4455173,4,6031,17,33410000,1
63139.8417233,4,6032,6,33407000,1
63157.0932021,4,6033,26,33404000,1
63174.8020802,4,6034,4,33401000,1
63174.8093455,4,6035,2,33405000,-1
63331.6894506,4,6036,68,33401000,1
63349.7095028,4,6037,8,33398000,1
63349.7176478,4,6038,6,33395000,-1
63369.4654275,4,6039,1,33399000,-1
63425.5224599,4,6040,10,33396000,1
63425.6648295,4,6041,6,33393000,-1
63430.0213842,4,6042,4,33396000,1
63439.6462841,4,6043,18,33393000,-1
63442.1906378,4,6044,1,33390000,1
63443.4060816,4,6045,5,33393000,1
63443.4060959,4,6046,1,33390000,1
63447.2664995,4,6047,2,33393000,1
63449.2963582,4,6048,1,33390000,1
63454.3719458,4,6049,18,33393000,1
63461.4730535,4,6050,1,33390000,1
63467.5577789,4,6051,6,33395000,-1
63467.7184258,4,6052,1,33398000,-1
63472.4852349,4,6053,6,33395000,-1
63526.7583524,4,6054,17,33398000,-1
63535.4617763,4,6055,6,33401000,-1
63574.6107222,4,6056,10,33404000,-1
63576.1920363,4,6057,11,33407000,-1
63576.1920538,4,6058,1,33410000,-1
63589.846064,4,6059,10,33407000,1
63591.8882314,4,6060,7,33404000,-1
63671.7662631,4,6061,17,33407000,1
63671.9320355,4,6062,4,33404000,1
63695.4653386,4,6063,6,33401000,1
63710.8530819,4,6064,18,33398000,-1
63798.0583441,4,6065,8,33401000,1
63826.6988789,4,6066,4,33398000,1
63835.0881691,4,6067,2,33395000,-1
63849.1884477,4,6068,9,33398000,-1
63862.2431587,4,6069,10,33401000,-1
63979.506154,4,6070,15,33404000,1
63990.6659728,4,6071,12,33401000,1
64015.5403829,4,6072,1,33398000,-1
64069.6381196,4,6073,7,33395000,1
64084.0748114,4,6074,1,33392000,1
64212.3825408,4,6075,16,33396000,-1
64232.3612183,4,6076,4,33393000,-1
64232.3668348,4,6077,1,33396000,-1
64362.5684141,4,6078,5,33393000,-1
64537.9324178,4,6079,39,33396000,1
64605.8566422,4,6080,12,33393000,1
64800.4093821,4,6081,1,33390000,-1
65117.625678,4,6082,30,33387000,1
65130.5262013,4,6083,4,33384000,-1
65177.6374109,4,6084,14,33387000,-1
65204.9071558,4,6085,1,33390000,-1
65279.8690403,4,6086,8,33387000,1
65286.2736092,4,6087,8,33384000,-1
65315.3577239,4,6088,2,33387000,1
65327.4297061,4,6089,4,33384000,1
65361.8947075,4,6090,1,33387000,1
65466.2082765,4,6091,6,33390000,1
65566.1356662,4,6092,4,33387000,1
65614.3628385,4,6093,1,33384000,-1
65789.7140713,4,6094,10,33380000,1
65815.1362731,4,6095,7,33377000,-1
65913.6849638,4,6096,23,33380000,-1
65954.2981657,4,6097,5,33383000,-1
66008.5435749,4,6098,16,33387000,1
66104.9136382,4,6099,4,33384000,1
66120.4667068,4,6100,6,33387000,-1
66134.7800729,4,6101,5,33390000,1
66150.8200358,4,6102,5,33387000,-1
66172.1963378,4,6103,5,33391000,1
66183.0161579,4,6104,1,33388000,1
66212.7283083,4,6105,3,33391000,1
66274.6271845,4,6106,14,33388000,1
66403.698289,4,6107,3,33385000,1
66625.822599,4,6108,7,33388000,-1
66659.9332915,4,6109,4,33391000,1
67023.9986566,4,6110,3,33388000,-1
67141.7627921,4,6111,2,33385000,-1
67351.8910738,4,6112,5,33388000,1
67391.988302,4,6113,7,33385000,-1
67405.1398044,4,6114,5,33382000,-1
67454.0100305,4,6115,14,33385000,1
67482.3030227,4,6116,2,33382000,-1
67501.7408167,4,6117,9,33385000,-1
67538.7030051,4,6118,6,33388000,-1
67628.6731669,4,6119,9,33391000,-1
67651.0328628,4,6120,6,33394000,-1
67808.966193,4,6121,22,33397000,1
67864.1332614,4,6122,1,33394000,-1
68017.228128,4,6123,4,33398000,1
68077.3890214,4,6124,1,33395000,1
68257.7832983,4,6125,7,33392000,-1
68428.5718694,4,6126,15,33389000,1
68430.4178602,4,6127,7,33386000,1
68495.7912958,4,6128,6,33383000,1
68700.0718682,4,6129,8,33380000,-1
68711.4719764,4,6130,3,33377000,-1
68737.2860523,4,6131,7,33373000,-1
68740.1288351,4,6132,1,33370000,-1
68767.454403,4,6133,2,33367000,-1
68770.8056208,4,6134,4,33370000,-1
68775.8408631,4,6135,1,33373000,-1
68805.5006861,4,6136,6,33369000,-1
68877.7919636,4,6137,16,33372000,-1
68914.8739154,4,6138,1,33375000,-1
69004.875018,4,6139,1,33369000,1
69066.9312487,4,6140,1,33372000,1
69129.517009,4,6141,7,33375000,-1
69152.5466066,4,6142,5,33378000,-1
69191.6921584,4,6143,4,33375000,1
69195.9518184,4,6144,9,33372000,1
69197.7649039,4,6145,1,33369000,-1
69252.2130194,4,6146,23,33372000,-1
69285.4587916,4,6147,5,33375000,1
69330.4729903,4,6148,3,33378000,-1
69366.1106215,4,6149,7,33381000,1
69366.754343,4,6150,1,33378000,-1
69473.4210117,4,6151,8,33381000,-1
69473.6348653,4,6152,1,33386000,-1
69507.2154057,4,6153,2,33383000,-1
69600.0466897,4,6154,7,33386000,1
69600.5567408,4,6155,3,33383000,1
69625.7173252,4,6156,3,33380000,1
69702.290147,4,6157,15,33377000,-1
69710.0439873,4,6158,9,33380000,-1
69976.8476138,4,6159,1,33383000,1
70059.006588,4,6160,1,33387000,-1
70145.1796729,4,6161,5,33384000,-1
70170.7343061,4,6162,10,33381000,-1
70240.6573158,4,6163,2,33385000,1
70351.099303,4,6164,3,33382000,-1
70371.5585431,4,6165,6,33385000,1
70466.6972331,4,6166,2,33382000,-1
70510.1372166,4,6167,11,33385000,-1
70594.4433596,4,6168,27,33388000,-1
70845.7449083,4,6169,5,33391000,1
70854.5106016,4,6170,1,33388000,1
70922.2502964,4,6171,2,33391000,1
70987.2343055,4,6172,9,33388000,1
71096.8989563,4,6173,2,33385000,-1
71100.2668139,4,6174,2,33388000,1
71106.0352715,4,6175,1,33384000,1
71150.7945122,4,6176,6,33389000,-1
71388.102179,4,6177,9,33386000,-1
71966.2266227,4,6178,22,33383000,1
72003.0105095,4,6179,4,33386000,1
72013.1247754,4,6180,10,33383000,1
72013.8646698,4,6181,1,33380000,1
72177.1399462,4,6182,5,33383000,-1
72328.3195208,4,6183,3,33386000,-1
72452.7684006,4,6184,5,33383000,1
72531.2404771,4,6185,5,33380000,1
72586.5961299,4,6186,1,33377000,1
72617.8423033,4,6187,2,33380000,-1
72619.6485603,4,6188,3,33383000,1
72655.3165125,4,6189,10,33379000,1
72680.5624812,4,6190,3,33376000,1
72750.7381611,4,6191,1,33379000,-1
72794.5058781,4,6192,3,33375000,1
72807.0421921,4,6193,1,33372000,-1
72844.8525083,4,6194,1,33368000,1
72882.5323136,4,6195,2,33371000,1
72882.5390437,4,6196,23,33368000,1
72887.1034655,4,6197,26,33365000,1
72896.9609762,4,6198,16,33362000,1
72948.7261849,4,6199,6,33366000,-1
73077.775484,4,6200,4,33369000,1
73088.3354094,4,6201,1,33366000,1
73397.6806738,4,6202,1,33369000,-1
73458.5919248,4,6203,6,33365000,-1
73522.6143849,4,6204,6,33360000,1
73562.0999572,4,6205,21,33357000,-1
73562.1943632,4,6206,8,33360000,-1
73596.7447783,4,6207,13,33364000,-1
73668.0262871,4,6208,8,33367000,1
73833.8836238,4,6209,4,33364000,-1
73841.1555893,4,6210,1,33367000,1
73916.3834621,4,6211,1,33363000,1
74054.5858379,4,6212,18,33366000,-1
74054.5858585,4,6213,1,33369000,-1
74103.0542275,4,6214,6,33366000,1
74280.9466821,4,6215,10,33363000,1
74345.9072881,4,6216,29,33360000,-1
74368.5689495,4,6217,4,33363000,-1
74389.9660581,4,6218,7,33366000,-1
74701.5479532,4,6219,4,33369000,1
74717.321216,4,6220,9,33366000,1
74738.5749519,4,6221,2,33363000,-1
74774.5111184,4,6222,10,33366000,-1
74849.0057404,4,6223,17,33363000,1
74861.2284657,4,6224,20,33360000,1
74927.5972595,4,6225,5,33364000,1
74955.3923846,4,6226,10,33361000,1
75007.3385583,4,6227,1,33358000,-1
75056.1592957,4,6228,27,33354000,-1
75087.3169207,4,6229,3,33357000,1
75121.2707614,4,6230,1,33354000,1
75155.9473006,4,6231,14,33358000,1
75245.1977875,4,6232,6,33355000,1
75256.3415283,4,6233,4,33351000,-1
75287.6243421,4,6234,9,33354000,1
75289.3614599,4,6235,1,33351000,1
75360.2883996,4,6236,1,33354000,-1
75381.9853693,4,6237,13,33351000,1
75382.0403406,4,6238,15,33348000,1
75438.1889216,4,6239,15,33352000,-1
75438.1916508,4,6240,19,33355000,-1
75450.7934611,4,6241,25,33358000,-1
75481.9755096,4,6242,2,33362000,-1
75500.8713324,4,6243,2,33365000,-1
75538.9499872,4,6244,7,33362000,1
75538.9513822,4,6245,13,33359000,1
75569.3812239,4,6246,1,33356000,1
