32451.3582512,4,0,2,32922000,-1
32463.8548337,4,1,3,32926000,-1
32466.1734784,4,2,6,32929000,-1
32486.0275959,4,3,8,32933000,-1
32490.2054197,4,4,22,32936000,-1
32496.2878681,4,5,8,32939000,-1
32496.6393165,4,6,5,32936000,-1
32503.6414218,4,7,10,32939000,-1
32532.5970634,4,8,21,32942000,1
32546.3467115,4,9,6,32939000,1
32555.8412124,4,10,10,32936000,-1
32555.8424197,4,11,14,32939000,-1
32555.8424356,4,12,1,32942000,-1
32592.3136029,4,13,9,32939000,1
32654.8305462,4,14,1,32942000,1
32665.2837729,4,15,3,32947000,1
32695.006774,4,16,13,32943000,-1
32722.5699581,4,17,18,32948000,-1
32729.115154,4,18,5,32951000,-1
32753.7529155,4,19,4,32948000,1
32828.5039806,4,20,10,32951000,-1
32836.5581758,4,21,6,32948000,1
32845.9233651,4,22,2,32945000,1
32852.8835115,4,23,25,32948000,-1
32861.987173,4,24,1,32952000,-1
32863.400409,4,25,2,32948000,-1
32884.287343,4,26,10,32951000,-1
32897.4250787,4,27,3,32954000,1
32904.7676265,4,28,11,32957000,-1
32941.5286523,4,29,16,32960000,-1
32951.723762,4,30,11,32963000,-1
32965.0191651,4,31,13,32966000,1
32965.0224972,4,32,15,32963000,1
32967.5046206,4,33,2,32960000,-1
32973.617538,4,34,1,32964000,-1
32973.894554,4,35,4,32967000,1
32974.0221006,4,36,2,32964000,1
32974.7746303,4,37,6,32960000,1
32977.0599144,4,38,5,32957000,1
32980.5396838,4,39,3,32954000,-1
32980.5641976,4,40,13,32957000,-1
33014.1805268,4,41,1,32960000,-1
33038.2749061,4,42,15,32952000,1
33038.3814643,4,43,1,32949000,1
33047.4405863,4,44,2,32952000,1
33054.947796,4,45,2,32949000,-1
33054.9613446,4,46,1,32952000,-1
33056.394271,4,47,5,32955000,-1
33064.0680035,4,48,8,32958000,-1
33072.5029962,4,49,14,32961000,-1
33077.6468265,4,50,1,32964000,-1
33081.5581793,4,51,1,32961000,1
33082.0468025,4,52,1,32964000,-1
33087.1081589,4,53,1,32967000,1
33090.075729,4,54,3,32963000,1
33100.8865879,4,55,14,32968000,1
33101.0328614,4,56,1,32964000,1
33107.9606329,4,57,5,32967000,1
33115.5078969,4,58,1,32964000,-1
33135.1265928,4,59,5,32960000,1
33155.7325544,4,60,9,32956000,-1
33155.7339261,4,61,14,32959000,-1
33155.7339476,4,62,1,32962000,-1
33155.8698089,4,63,4,32958000,-1
33156.0413406,4,64,12,32961000,-1
33156.0425369,4,65,1,32964000,-1
33169.9801575,4,66,7,32957000,1
33188.0367209,4,67,3,32954000,1
33199.7413204,4,68,6,32951000,-1
33212.042664,4,69,30,32954000,-1
33217.0098301,4,70,4,32957000,-1
33226.4744006,4,71,7,32960000,-1
33226.5568945,4,72,1,32964000,-1
33238.9705245,4,73,5,32959000,1
33247.9087213,4,74,6,32956000,-1
33249.476791,4,75,1,32959000,-1
33264.9348335,4,76,1,32964000,-1
33287.7721312,4,77,3,32961000,-1
33302.6398651,4,78,11,32964000,-1
33306.8930401,4,79,7,32967000,-1
33307.9696061,4,80,21,32970000,1
33312.63069,4,81,2,32967000,-1
33355.5259178,4,82,8,32970000,-1
33362.9626116,4,83,3,32973000,-1
33366.1091813,4,84,25,32978000,-1
33366.3941249,4,85,1,32981000,-1
33367.5549136,4,86,1,32977000,1
33369.6263324,4,87,1,32980000,-1
33374.8836481,4,88,5,32977000,1
33377.980462,4,89,8,32974000,1
33385.6201866,4,90,1,32971000,1
33391.0228272,4,91,2,32975000,1
33391.5822448,4,92,1,32972000,1
33401.6562795,4,93,3,32976000,-1
33404.3137816,4,94,1,32979000,-1
33405.1932386,4,95,2,32975000,1
33453.0255824,4,96,8,32971000,1
33470.5089571,4,97,2,32977000,1
33470.5265505,4,98,3,32974000,1
33526.8329045,4,99,1,32971000,-1
33528.8039578,4,100,1,32966000,1
33539.5244782,4,101,8,32969000,-1
33571.097454,4,102,5,32972000,-1
33574.3442685,4,103,2,32975000,-1
33607.0394589,4,104,16,32978000,-1
33623.2863991,4,105,1,32972000,-1
33634.0548687,4,106,1,32969000,1
33661.1073281,4,107,5,32973000,-1
33662.8069532,4,108,6,32976000,1
33672.2993957,4,109,9,32973000,-1
33672.4374346,4,110,1,32976000,-1
33678.936503,4,111,6,32972000,1
33702.5822715,4,112,2,32966000,-1
33707.6900775,4,113,13,32969000,-1
33708.7427253,4,114,2,32972000,1
33708.742788,4,115,3,32969000,1
33715.1678631,4,116,9,32972000,-1
33734.3537384,4,117,28,32975000,-1
33734.473256,4,118,1,32978000,-1
33766.9105211,4,119,7,32975000,-1
33767.0175269,4,120,9,32979000,-1
33767.0211549,4,121,16,32982000,-1
33767.0240419,4,122,4,32985000,-1
33767.1108631,4,123,3,32982000,1
33771.6115222,4,124,11,32978000,1
33804.101724,4,125,11,32975000,1
33816.7705504,4,126,1,32972000,1
33825.1336195,4,127,1,32975000,-1
33843.6270399,4,128,6,32971000,-1
33875.0558697,4,129,18,32974000,1
33875.2987095,4,130,1,32971000,1
33900.3901522,4,131,3,32978000,-1
33902.0388465,4,132,4,32981000,1
33916.4776361,4,133,14,32978000,1
33939.5709775,4,134,12,32975000,1
33973.5352225,4,135,5,32971000,-1
33974.352291,4,136,2,32974000,1
33974.3523106,4,137,1,32971000,1
34013.3300573,4,138,2,32974000,1
34018.4022512,4,139,4,32971000,-1
34020.0395893,4,140,5,32974000,-1
34023.731741,4,141,6,32977000,-1
34023.7434936,4,142,2,32980000,1
34023.9036515,4,143,4,32977000,1
34034.8901112,4,144,2,32974000,-1
34042.1617263,4,145,1,32978000,-1
34061.5695069,4,146,9,32974000,-1
34065.4658971,4,147,3,32978000,1
34068.5282717,4,148,5,32974000,-1
34069.8079408,4,149,1,32977000,-1
34090.4268582,4,150,8,32974000,1
34090.4269932,4,151,11,32971000,1
34090.432854,4,152,9,32968000,1
34134.8057397,4,153,1,32973000,1
34137.6099406,4,154,4,32970000,1
34141.3011242,4,155,3,32967000,1
34149.3239856,4,156,14,32963000,1
34156.3098544,4,157,1,32960000,1
34161.8307776,4,158,11,32963000,-1
34195.4922486,4,159,12,32966000,1
34199.2461553,4,160,5,32963000,1
34218.7054489,4,161,9,32960000,-1
34224.1431536,4,162,5,32963000,-1
34230.6677769,4,163,13,32966000,1
34230.7735004,4,164,28,32963000,1
34230.7735098,4,165,1,32960000,1
34260.0483349,4,166,6,32967000,-1
34261.4425316,4,167,1,32970000,-1
34268.9583664,4,168,11,32967000,1
34269.0102792,4,169,1,32964000,1
34272.4141328,4,170,1,32967000,1
34275.4610252,4,171,2,32971000,1
34277.1541923,4,172,3,32975000,-1
34281.2497758,4,173,6,32972000,1
34295.8407499,4,174,1,32969000,1
34304.6101306,4,175,1,32973000,-1
34323.6848303,4,176,30,32970000,-1
34402.1032285,4,177,15,32967000,1
34421.4961423,4,178,5,32971000,1
34444.4877938,4,179,21,32968000,1
34444.4925696,4,180,22,32965000,1
34454.4317351,4,181,10,32962000,-1
34454.6013486,4,182,28,32965000,-1
34457.6557495,4,183,11,32968000,-1
34457.661348,4,184,29,32971000,-1
34457.8583676,4,185,15,32974000,-1
34527.0300737,4,186,1,32977000,-1
34548.2061974,4,187,3,32971000,1
34598.1988114,4,188,16,32968000,-1
34619.9593935,4,189,1,32971000,-1
34628.9513552,4,190,2,32974000,-1
34641.4222944,4,191,2,32977000,1
34649.3954587,4,192,2,32974000,-1
34680.4407142,4,193,2,32977000,-1
34753.1587572,4,194,4,32980000,-1
34753.2001148,4,195,21,32983000,-1
34753.2990081,4,196,3,32986000,1
34756.7380339,4,197,2,32983000,1
34757.2580344,4,198,9,32980000,1
34758.1557179,4,199,4,32976000,1
34767.8371011,4,200,3,32973000,-1
34770.2427044,4,201,1,32976000,-1
34802.0716298,4,202,2,32973000,1
34804.7348674,4,203,10,32969000,-1
34805.8711367,4,204,1,32973000,1
34831.5292535,4,205,6,32970000,-1
34882.8671148,4,206,16,32973000,-1
34947.3421309,4,207,23,32976000,-1
34947.5747554,4,208,4,32979000,1
35005.1855177,4,209,11,32976000,1
35017.5905717,4,210,3,32973000,1
35019.0107014,4,211,2,32970000,1
35036.7682871,4,212,13,32967000,1
35036.814104,4,213,1,32964000,1
35128.5554163,4,214,10,32968000,-1
35186.7391711,4,215,1,32971000,-1
35211.8843192,4,216,2,32967000,1
35211.9203979,4,217,4,32964000,-1
35215.791644,4,218,1,32967000,1
35264.609471,4,219,1,32970000,1
35280.2620483,4,220,1,32967000,-1
35303.3072184,4,221,1,32970000,1
35347.26482,4,222,2,32974000,-1
35370.9615243,4,223,6,32977000,1
35376.3198468,4,224,10,32974000,1
35400.0157063,4,225,2,32970000,1
35414.870055,4,226,12,32966000,-1
35425.5093651,4,227,1,32970000,1
35434.8663516,4,228,1,32974000,-1
35531.5088969,4,229,23,32970000,-1
35533.3012525,4,230,4,32973000,1
35584.6884971,4,231,12,32970000,1
35592.255697,4,232,10,32976000,1
35592.4647785,4,233,1,32973000,1
35601.7026655,4,234,5,32976000,1
35611.9552723,4,235,9,32973000,1
35624.7871326,4,236,4,32970000,-1
35637.4805692,4,237,11,32967000,-1
35641.1317615,4,238,12,32970000,1
35646.0039632,4,239,15,32966000,1
35654.9317418,4,240,14,32963000,1
35663.5566051,4,241,17,32960000,1
35667.6122018,4,242,5,32956000,-1
35674.008063,4,243,14,32959000,-1
35694.7629881,4,244,12,32962000,1
35694.7629936,4,245,1,32959000,1
35695.0335517,4,246,3,32963000,-1
35705.3470821,4,247,6,32960000,1
35715.0177839,4,248,7,32963000,1
35715.0178593,4,249,1,32960000,1
35730.0037938,4,250,4,32965000,-1
35745.6975929,4,251,10,32960000,-1
35762.0553091,4,252,4,32964000,-1
35763.2641906,4,253,6,32967000,-1
35774.1902197,4,254,2,32970000,-1
35779.399502,4,255,3,32966000,1
35833.7464938,4,256,12,32963000,-1
35865.461792,4,257,5,32959000,-1
35875.6804342,4,258,1,32963000,-1
35896.4131394,4,259,2,32959000,-1
35919.6593477,4,260,8,32962000,-1
35923.0684705,4,261,4,32958000,-1
35925.4932473,4,262,15,32961000,-1
35936.2643572,4,263,2,32964000,1
35954.4160882,4,264,3,32967000,1
35974.4287079,4,265,8,32962000,-1
35974.6211544,4,266,1,32967000,1
36000.0633889,4,267,10,32970000,-1
36000.898702,4,268,7,32973000,-1
36002.1549909,4,269,10,32976000,-1
36008.3437879,4,270,11,32973000,-1
36025.5545539,4,271,4,32977000,1
36041.7321055,4,272,5,32973000,-1
36089.4350199,4,273,9,32976000,-1
36089.4351461,4,274,10,32979000,-1
36094.2667013,4,275,11,32982000,-1
36111.5496739,4,276,3,32979000,-1
36113.9994992,4,277,12,32982000,-1
36117.6525546,4,278,15,32985000,-1
36122.804735,4,279,5,32988000,-1
36164.2318421,4,280,1,32984000,1
36176.1771369,4,281,25,32990000,1
36204.9181912,4,282,4,32993000,1
36240.3672894,4,283,1,32990000,1
36245.6138937,4,284,21,32994000,-1
36245.6160604,4,285,27,32997000,-1
36245.6505422,4,286,13,33000000,1
36247.5364817,4,287,13,32996000,1
36292.0904838,4,288,19,32992000,1
36292.0915573,4,289,18,32989000,1
36292.0915926,4,290,1,32986000,1
36298.4832624,4,291,3,32992000,-1
36341.4772796,4,292,9,32995000,-1
36353.2768996,4,293,3,32998000,-1
36362.4094552,4,294,10,32994000,-1
36366.332397,4,295,13,32997000,-1
36374.8403625,4,296,44,33000000,1
36387.4481924,4,297,4,32997000,-1
36392.4141134,4,298,2,33000000,1
36422.7973514,4,299,2,32997000,1
36422.7973681,4,300,1,32994000,1
36437.3644365,4,301,6,32997000,1
36494.8825812,4,302,6,32994000,1
36504.211492,4,303,3,32991000,-1
36505.8015645,4,304,8,32994000,-1
36514.0064271,4,305,22,32990000,1
36515.5843445,4,306,7,32987000,1
36520.9487042,4,307,1,32984000,-1
36524.0327889,4,308,9,32981000,1
36536.201538,4,309,5,32977000,-1
36536.4475229,4,310,2,32980000,-1
36540.2116034,4,311,5,32983000,-1
36573.8620139,4,312,6,32987000,-1
36584.6893632,4,313,5,32994000,1
36589.9091645,4,314,9,32991000,1
36634.3565239,4,315,4,32988000,1
36634.9411721,4,316,4,32985000,1
36670.8115752,4,317,5,32982000,-1
36700.041697,4,318,6,32978000,1
36713.7023192,4,319,1,32975000,-1
36760.6453324,4,320,1,32971000,1
36767.0419843,4,321,1,32975000,1
36774.2660971,4,322,5,32972000,-1
36836.5292868,4,323,6,32975000,-1
36910.315966,4,324,12,32971000,-1
36955.9138697,4,325,1,32975000,1
37236.605208,4,326,22,32978000,1
37237.3309599,4,327,8,32975000,1
37237.3333836,4,328,18,32972000,1
37237.3379169,4,329,25,32969000,1
37237.3667099,4,330,7,32966000,-1
37237.6457224,4,331,1,32969000,-1
37259.961001,4,332,7,32965000,1
37275.0050528,4,333,11,32962000,-1
37322.8435144,4,334,13,32965000,-1
37337.8503448,4,335,4,32968000,1
37338.5627263,4,336,6,32965000,1
37373.9068719,4,337,8,32962000,1
37432.3488873,4,338,53,32965000,1
37456.0775196,4,339,25,32968000,-1
37466.1040997,4,340,9,32965000,1
37466.1322499,4,341,5,32968000,1
37480.341646,4,342,6,32965000,-1
37486.8988693,4,343,4,32968000,-1
37486.9428168,4,344,4,32971000,-1
37514.0694516,4,345,7,32974000,1
37535.8858109,4,346,16,32971000,-1
37536.5667342,4,347,1,32974000,-1
37563.8719379,4,348,11,32977000,-1
37580.4630789,4,349,3,32974000,-1
37596.4277793,4,350,1,32979000,-1
37612.758437,4,351,3,32982000,1
37632.0570982,4,352,8,32979000,-1
37668.2285332,4,353,5,32983000,-1
37686.8520614,4,354,4,32986000,-1
37699.0587742,4,355,4,32982000,-1
37761.5915353,4,356,2,32985000,1
37772.1559381,4,357,6,32988000,1
37812.8380494,4,358,1,32985000,-1
37858.2009021,4,359,2,32988000,-1
37858.7224738,4,360,5,32991000,1
37898.7000504,4,361,12,32994000,1
37911.2797256,4,362,3,32991000,1
37937.8513351,4,363,1,32988000,1
37978.4601156,4,364,8,32995000,-1
37979.8112357,4,365,2,32998000,-1
37989.4229798,4,366,1,33001000,-1
37999.0806951,4,367,12,33004000,-1
37999.6346129,4,368,2,33008000,1
38017.0567505,4,369,30,33005000,-1
38021.3910973,4,370,24,33008000,-1
38022.9057541,4,371,2,33012000,-1
38029.6762577,4,372,1,33009000,1
38046.2603931,4,373,7,33012000,-1
38063.6904508,4,374,11,33016000,-1
38069.2492218,4,375,16,33020000,1
38070.2943723,4,376,4,33017000,-1
38070.2944005,4,377,1,33020000,-1
38070.7355628,4,378,2,33017000,-1
38071.7026426,4,379,6,33020000,1
38109.8070477,4,380,11,33017000,1
38130.6554068,4,381,5,33020000,1
38139.2929065,4,382,20,33017000,1
38146.3816765,4,383,2,33014000,1
38159.4130139,4,384,8,33017000,-1
38196.7436428,4,385,5,33020000,-1
38198.1636246,4,386,11,33024000,-1
38198.1671453,4,387,16,33027000,-1
38198.1682704,4,388,18,33030000,-1
38199.0593078,4,389,6,33026000,1
38203.2846293,4,390,1,33023000,1
38223.9119048,4,391,6,33026000,1
38226.1890177,4,392,11,33030000,-1
38242.3936797,4,393,16,33033000,1
38242.6268195,4,394,16,33030000,1
38242.7291287,4,395,1,33027000,1
38251.2956973,4,396,1,33031000,-1
38251.8136942,4,397,4,33028000,-1
38252.7523894,4,398,3,33031000,-1
38303.0844868,4,399,1,33026000,-1
38313.9928695,4,400,2,33022000,-1
38316.9862965,4,401,8,33025000,-1
38325.7566013,4,402,11,33028000,-1
38336.4297191,4,403,7,33031000,1
38391.0834908,4,404,24,33028000,-1
38406.2690266,4,405,5,33032000,1
38410.4794136,4,406,1,33035000,-1
38423.0639824,4,407,15,33032000,1
38462.0018437,4,408,5,33035000,-1
38470.425391,4,409,6,33030000,1
38479.2461812,4,410,7,33027000,-1
38510.2732374,4,411,2,33030000,-1
38525.5955466,4,412,7,33034000,1
38534.8358741,4,413,2,33031000,1
38541.992587,4,414,6,33036000,1
38573.1300864,4,415,1,33033000,1
38580.606338,4,416,3,33037000,1
38633.5444339,4,417,14,33033000,1
38646.8371751,4,418,1,33030000,1
38660.349622,4,419,11,33033000,-1
38672.7599728,4,420,3,33037000,1
38678.3597112,4,421,3,33034000,1
38678.5317503,4,422,8,33031000,1
38746.1113528,4,423,11,33028000,1
38750.8344297,4,424,3,33025000,-1
38765.1173173,4,425,7,33029000,-1
38768.6184014,4,426,7,33033000,-1
38768.9900371,4,427,5,33037000,-1
38777.4077648,4,428,42,33040000,-1
38778.0167268,4,429,2,33043000,1
38783.393801,4,430,1,33040000,-1
38783.4315085,4,431,12,33037000,1
38783.4331636,4,432,14,33034000,1
38783.5605174,4,433,1,33031000,-1
38788.4207077,4,434,27,33026000,1
38817.2726465,4,435,8,33030000,-1
38844.1848216,4,436,1,33034000,-1
38850.8231693,4,437,4,33031000,1
38862.9651321,4,438,1,33028000,1
38864.7665424,4,439,3,33024000,-1
38872.038476,4,440,1,33027000,1
38894.3604975,4,441,2,33030000,1
38904.9307846,4,442,1,33027000,-1
38934.9314613,4,443,2,33021000,1
38936.6409882,4,444,2,33018000,-1
38983.6609659,4,445,4,33021000,-1
38983.7751395,4,446,2,33024000,-1
39030.9223085,4,447,5,33027000,-1
39031.0150955,4,448,1,33031000,-1
39034.2056347,4,449,2,33028000,-1
39034.2056488,4,450,1,33031000,-1
39051.9844065,4,451,1,33028000,-1
39076.5292731,4,452,1,33025000,1
39085.1247474,4,453,3,33028000,1
39134.5209979,4,454,10,33025000,-1
39177.8873013,4,455,11,33028000,1
39196.1658553,4,456,4,33031000,-1
39204.0910665,4,457,13,33034000,-1
39212.4617427,4,458,3,33037000,1
39233.9753783,4,459,4,33034000,1
39248.124233,4,460,1,33031000,1
39261.3731331,4,461,7,33028000,-1
39269.0624192,4,462,9,33031000,-1
39289.5160971,4,463,10,33034000,1
39365.0231264,4,464,11,33031000,-1
39366.5650651,4,465,5,33034000,1
39443.4352777,4,466,6,33031000,-1
39445.9625202,4,467,1,33035000,-1
39449.9845896,4,468,5,33032000,1
39506.8477741,4,469,8,33029000,-1
39529.4647517,4,470,6,33033000,-1
39533.1665111,4,471,2,33036000,1
39548.0423808,4,472,1,33033000,1
39570.539929,4,473,1,33036000,1
39599.4708911,4,474,14,33033000,-1
39600.601262,4,475,10,33036000,-1
39628.1717808,4,476,35,33039000,1
39628.2060382,4,477,5,33036000,1
39635.8154001,4,478,15,33032000,-1
39635.8154394,4,479,1,33035000,-1
39659.8544448,4,480,6,33031000,1
39660.2286055,4,481,1,33028000,1
39666.7889934,4,482,3,33025000,1
39668.8391182,4,483,1,33022000,1
39674.9953375,4,484,6,33027000,1
39699.926619,4,485,8,33024000,1
39730.4158184,4,486,1,33021000,1
39738.4118444,4,487,2,33026000,-1
39738.4954952,4,488,2,33029000,-1
39751.7894988,4,489,22,33032000,1
39751.7895707,4,490,1,33029000,1
39807.8262408,4,491,7,33032000,1
39813.7962354,4,492,4,33029000,1
39818.5345122,4,493,4,33026000,1
39842.789599,4,494,5,33029000,-1
39852.890317,4,495,2,33032000,1
39855.471272,4,496,56,33029000,1
39890.6016049,4,497,1,33024000,1
39910.7830149,4,498,7,33027000,-1
39915.6391439,4,499,1,33030000,-1
39957.2721961,4,500,6,33027000,1
39974.4492054,4,501,6,33024000,-1
39974.465944,4,502,1,33027000,-1
39981.98282,4,503,2,33030000,-1
40042.3423076,4,504,17,33027000,-1
40069.2458652,4,505,9,33030000,-1
40073.3612574,4,506,2,33033000,-1
40081.399123,4,507,6,33038000,1
40084.6057102,4,508,4,33034000,-1
40096.1957533,4,509,3,33037000,1
40113.4621682,4,510,1,33034000,1
40142.9019944,4,511,1,33031000,-1
40235.8351672,4,512,8,33026000,1
40246.1041796,4,513,6,33023000,-1
40246.1042618,4,514,12,33026000,-1
40246.1047116,4,515,9,33029000,-1
40285.9954694,4,516,4,33024000,1
40286.0400824,4,517,3,33021000,1
40310.9486503,4,518,7,33018000,-1
40311.5831103,4,519,6,33021000,1
40311.5831329,4,520,1,33018000,1
40312.3683209,4,521,5,33021000,-1
40312.4697965,4,522,1,33024000,-1
40329.695887,4,523,4,33020000,1
40351.8158338,4,524,18,33017000,1
40351.8158553,4,525,1,33014000,1
40369.3037526,4,526,1,33017000,-1
40408.9275537,4,527,20,33013000,-1
40445.0791193,4,528,5,33017000,-1
40464.8595886,4,529,5,33020000,1
40478.6891924,4,530,3,33017000,-1
40478.6892793,4,531,1,33020000,-1
40478.7234177,4,532,31,33017000,1
40478.7250626,4,533,24,33014000,1
40478.72509,4,534,3,33011000,1
40480.2610959,4,535,4,33015000,1
40501.5895445,4,536,14,33012000,1
40506.4338329,4,537,4,33009000,-1
40514.8655749,4,538,5,33012000,1
40520.8238514,4,539,13,33009000,-1
40525.691903,4,540,2,33012000,1
40550.295364,4,541,10,33008000,1
40567.1410921,4,542,10,33005000,-1
40573.0493547,4,543,23,33001000,1
40585.3044969,4,544,15,32998000,-1
40595.89828,4,545,7,33001000,-1
40606.6166643,4,546,1,32997000,1
40639.7889724,4,547,2,33004000,-1
40652.2981359,4,548,4,33008000,1
40713.6364917,4,549,5,33005000,-1
40734.0188787,4,550,10,33008000,-1
40734.8335587,4,551,2,33011000,1
40741.3910131,4,552,4,33008000,1
40772.9187565,4,553,4,33005000,-1
40790.0385517,4,554,8,33002000,-1
40802.2019876,4,555,4,33006000,1
40855.7646839,4,556,2,33001000,1
40865.9364492,4,557,11,32997000,1
40866.1864233,4,558,7,32994000,1
40875.8826588,4,559,7,32991000,-1
40882.8162726,4,560,7,32994000,-1
40898.6482623,4,561,5,32990000,1
40898.6482805,4,562,1,32987000,1
40935.9152924,4,563,3,32990000,-1
40943.3898993,4,564,16,32983000,1
40944.5083859,4,565,10,32980000,1
40946.8458172,4,566,7,32977000,-1
40955.5737728,4,567,1,32980000,-1
40964.7909109,4,568,4,32976000,-1
40965.280719,4,569,3,32979000,-1
41010.1639976,4,570,4,32982000,-1
41010.2584186,4,571,4,32979000,1
41010.6882142,4,572,25,32976000,1
41029.7214993,4,573,13,32979000,1
41099.0844285,4,574,16,32976000,1
41116.0072583,4,575,7,32973000,-1
41119.0294651,4,576,8,32976000,-1
41135.8896356,4,577,15,32979000,-1
41187.4763467,4,578,41,32976000,1
41194.6988236,4,579,2,32973000,1
41204.6280523,4,580,6,32977000,1
41208.75735,4,581,1,32974000,-1
41212.20159,4,582,18,32971000,1
41215.9225876,4,583,2,32968000,-1
41216.9859558,4,584,1,32971000,-1
41222.203574,4,585,3,32968000,1
41223.3920007,4,586,15,32965000,1
41230.8380845,4,587,1,32962000,1
41233.7775358,4,588,7,32967000,1
41233.9025291,4,589,3,32964000,-1
41236.1486002,4,590,5,32967000,1
41239.7065091,4,591,17,32964000,1
41239.7065285,4,592,1,32961000,1
41249.2242507,4,593,12,32964000,-1
41250.5572975,4,594,14,32967000,-1
41250.6190125,4,595,7,32970000,-1
41253.6143531,4,596,4,32973000,-1
41256.6360864,4,597,16,32976000,-1
41259.2440989,4,598,12,32979000,-1
41268.8674323,4,599,1,32976000,-1
41283.4957451,4,600,3,32972000,-1
41319.4397171,4,601,9,32975000,-1
41326.8813753,4,602,4,32972000,1
41330.6132091,4,603,11,32969000,-1
41333.7935775,4,604,1,32972000,-1
41354.824385,4,605,8,32969000,1
41372.733666,4,606,15,32966000,1
41373.112783,4,607,8,32963000,1
41380.4989923,4,608,15,32960000,1
41394.1027688,4,609,12,32957000,-1
41401.3215177,4,610,20,32954000,1
41404.0316549,4,611,16,32951000,-1
41404.1284524,4,612,2,32946000,1
41405.0438181,4,613,7,32950000,-1
41405.0828837,4,614,2,32953000,1
41425.6182204,4,615,26,32950000,1
41441.0388099,4,616,40,32945000,-1
41441.0556611,4,617,12,32948000,-1
41445.1391513,4,618,9,32951000,-1
41450.7224901,4,619,14,32948000,-1
41450.9848081,4,620,4,32951000,-1
41453.0184917,4,621,5,32955000,-1
41454.1475704,4,622,2,32958000,-1
41455.6745892,4,623,11,32961000,-1
41488.7526569,4,624,8,32958000,-1
41488.768669,4,625,1,32961000,-1
41490.3805586,4,626,1,32964000,1
41504.7465395,4,627,7,32968000,-1
41510.056181,4,628,2,32965000,-1
41551.1365162,4,629,8,32968000,1
41570.1441808,4,630,4,32964000,-1
41576.0422182,4,631,1,32967000,-1
41582.0512231,4,632,2,32964000,1
41582.1495713,4,633,3,32961000,1
41582.3217904,4,634,2,32955000,-1
41582.4404364,4,635,1,32958000,-1
41613.6430038,4,636,6,32952000,-1
41613.716516,4,637,4,32955000,-1
41647.6461192,4,638,15,32952000,1
41647.682385,4,639,10,32949000,1
41647.7531064,4,640,19,32946000,-1
41666.9594399,4,641,1,32949000,-1
41685.7016355,4,642,3,32946000,1
41693.584511,4,643,13,32943000,1
41698.4461762,4,644,11,32940000,1
41701.9428436,4,645,2,32937000,-1
41708.7243522,4,646,1,32940000,-1
41709.3266746,4,647,13,32937000,1
41709.3267155,4,648,2,32934000,1
41710.5206704,4,649,9,32937000,1
41719.9400243,4,650,6,32934000,-1
41734.5032358,4,651,13,32937000,-1
41734.5761204,4,652,4,32941000,-1
41734.6080867,4,653,2,32944000,1
41734.6783103,4,654,1,32940000,1
41739.2228465,4,655,1,32943000,-1
41741.5634882,4,656,3,32939000,-1
41746.0403407,4,657,5,32942000,-1
41783.7759044,4,658,8,32946000,-1
41795.0447485,4,659,1,32942000,-1
41804.5288054,4,660,4,32939000,-1
41807.5282696,4,661,4,32942000,-1
41816.6521534,4,662,6,32939000,1
41829.3709134,4,663,1,32936000,1
41852.7044249,4,664,3,32939000,1
41856.6596276,4,665,7,32936000,-1
41856.6620907,4,666,16,32939000,-1
41904.3593928,4,667,124,32942000,1
41905.8605998,4,668,3,32939000,1
41914.8370419,4,669,11,32936000,1
41915.0550844,4,670,4,32933000,1
41945.3521269,4,671,7,32938000,1
41956.5593408,4,672,8,32935000,1
41956.8340177,4,673,28,32932000,-1
41962.5465698,4,674,7,32937000,1
41968.7503336,4,675,3,32934000,-1
41971.8720958,4,676,1,32937000,-1
41975.5353731,4,677,1,32934000,-1
41981.4839051,4,678,7,32937000,-1
42001.6846236,4,679,26,32940000,-1
42019.2402874,4,680,1,32944000,-1
42024.3020741,4,681,5,32938000,-1
42024.3020813,4,682,1,32941000,-1
42036.0864655,4,683,21,32938000,1
42036.1250353,4,684,3,32935000,-1
42050.4255821,4,685,20,32938000,-1
42061.5150421,4,686,8,32941000,1
42062.7125736,4,687,6,32938000,-1
42065.0852308,4,688,1,32941000,-1
42072.4756557,4,689,3,32936000,-1
42076.7720322,4,690,1,32939000,-1
42087.5650792,4,691,6,32935000,-1
42094.8368918,4,692,3,32938000,1
42103.6163814,4,693,1,32935000,1
42107.5169954,4,694,4,32940000,1
42107.5376729,4,695,1,32936000,1
42108.7243631,4,696,1,32939000,-1
42113.6760088,4,697,4,32936000,1
42146.3825307,4,698,20,32933000,1
42147.2096582,4,699,1,32930000,1
42155.6550623,4,700,8,32933000,-1
42195.4287791,4,701,16,32936000,-1
42244.791309,4,702,8,32939000,-1
42251.617369,4,703,7,32942000,-1
42256.5396253,4,704,1,32945000,-1
42288.7127435,4,705,8,32939000,-1
42301.4984251,4,706,4,32942000,-1
42314.4046189,4,707,6,32939000,1
42323.2822837,4,708,5,32936000,1
42329.1725399,4,709,4,32933000,-1
42339.993409,4,710,1,32936000,-1
42364.3824453,4,711,7,32933000,1
42366.5983024,4,712,2,32930000,-1
42371.6699352,4,713,19,32933000,-1
42377.0153202,4,714,12,32936000,1
42434.1751592,4,715,16,32933000,-1
42438.0818641,4,716,2,32936000,-1
42458.4032147,4,717,7,32933000,1
42462.4288488,4,718,1,32930000,1
42469.4310426,4,719,5,32933000,-1
42491.580483,4,720,21,32937000,-1
42507.8253404,4,721,8,32940000,-1
42519.8216032,4,722,17,32943000,1
42522.6242073,4,723,14,32940000,1
42528.238765,4,724,1,32936000,-1
42570.9355545,4,725,9,32933000,-1
42596.7320471,4,726,7,32936000,1
42608.1678926,4,727,15,32933000,-1
42610.7293685,4,728,2,32936000,1
42617.2093155,4,729,23,32933000,-1
42620.6278385,4,730,2,32936000,-1
42621.7908201,4,731,2,32939000,-1
42647.8299393,4,732,5,32943000,1
42651.8317523,4,733,5,32940000,-1
42658.2814365,4,734,2,32935000,-1
42664.5940053,4,735,3,32940000,1
42665.5076877,4,736,1,32937000,1
42675.7773318,4,737,1,32940000,-1
42701.4586497,4,738,7,32936000,-1
42715.6953078,4,739,1,32933000,1
42716.0758044,4,740,1,32937000,-1
42725.6630065,4,741,11,32934000,1
42732.587031,4,742,6,32931000,-1
42750.4549124,4,743,3,32934000,-1
42756.795624,4,744,31,32930000,1
42756.8500168,4,745,17,32927000,-1
42757.1803831,4,746,4,32930000,-1
42761.4659075,4,747,8,32933000,1
42768.8386452,4,748,10,32930000,1
42782.8038884,4,749,8,32933000,1
42795.3617888,4,750,2,32936000,1
42820.7483372,4,751,8,32933000,1
42839.6703505,4,752,12,32930000,-1
42851.7574945,4,753,14,32933000,-1
42851.7575345,4,754,1,32936000,-1
42870.6183431,4,755,9,32933000,1
42883.9703832,4,756,25,32930000,1
42888.0095738,4,757,1,32927000,1
42900.8627524,4,758,7,32932000,-1
42922.5967463,4,759,8,32935000,1
42934.1341414,4,760,7,32932000,-1
42960.2260767,4,761,3,32935000,1
42961.4091233,4,762,1,32932000,-1
42976.2948734,4,763,8,32929000,1
42982.9558688,4,764,17,32926000,1
42983.0796498,4,765,12,32923000,-1
42983.1274028,4,766,10,32919000,1
42983.1808887,4,767,22,32916000,-1
42983.3586968,4,768,3,32919000,1
42986.2540465,4,769,1,32916000,1
42988.4133381,4,770,15,32919000,-1
42998.4532347,4,771,5,32922000,-1
43007.1640542,4,772,24,32919000,1
43010.1037284,4,773,5,32916000,1
43050.3545283,4,774,10,32913000,-1
43102.2486021,4,775,24,32916000,1
43119.5055882,4,776,7,32913000,-1
43150.5832119,4,777,26,32916000,-1
43151.9909214,4,778,13,32919000,-1
43154.2969275,4,779,1,32923000,-1
43159.3728519,4,780,8,32920000,-1
43164.8113543,4,781,3,32923000,-1
43174.0081138,4,782,6,32926000,-1
43187.5730302,4,783,12,32923000,-1
43198.9954389,4,784,6,32926000,-1
43200.2477721,4,785,14,32929000,-1
43201.0206202,4,786,8,32932000,-1
43201.6175552,4,787,2,32935000,-1
43203.6453603,4,788,6,32938000,-1
43204.3124792,4,789,5,32941000,1
43204.928333,4,790,1,32938000,-1
43224.8834918,4,791,24,32942000,1
43226.4482651,4,792,2,32939000,1
43226.4668703,4,793,2,32936000,-1
43272.280961,4,794,22,32939000,-1
43275.4521163,4,795,1,32933000,-1
43278.1024642,4,796,1,32939000,1
43281.0639806,4,797,22,32942000,-1
43281.7266113,4,798,14,32945000,-1
43281.7266645,4,799,2,32948000,-1
43297.1499747,4,800,2,32945000,-1
43301.5989344,4,801,12,32948000,-1
43311.3670803,4,802,41,32951000,1
43313.5115733,4,803,6,32954000,1
43314.2495332,4,804,4,32951000,1
43314.4894533,4,805,1,32948000,1
43320.6680134,4,806,4,32951000,1
43338.8236373,4,807,15,32956000,-1
43343.3024364,4,808,2,32959000,1
43352.5343058,4,809,2,32956000,-1
43360.9399241,4,810,4,32953000,1
43366.8472655,4,811,10,32950000,1
43369.7615632,4,812,1,32947000,1
43376.7251858,4,813,21,32951000,-1
43378.8415033,4,814,5,32954000,1
43390.2882067,4,815,2,32950000,-1
43402.0878281,4,816,13,32946000,-1
43402.0891881,4,817,1,32949000,-1
43417.6391196,4,818,5,32945000,1
43438.8053539,4,819,7,32949000,-1
43440.5587694,4,820,7,32952000,-1
43442.1552239,4,821,10,32949000,-1
43457.433879,4,822,38,32952000,-1
43458.6443752,4,823,9,32955000,-1
43463.5550236,4,824,1,32958000,-1
43465.0984869,4,825,1,32955000,-1
43470.5653276,4,826,8,32952000,1
43478.9936189,4,827,11,32949000,-1
43480.7728854,4,828,9,32952000,-1
43487.0640587,4,829,5,32955000,-1
43488.615316,4,830,4,32958000,1
43508.8846722,4,831,19,32955000,-1
43515.404464,4,832,26,32958000,-1
43522.9112744,4,833,21,32961000,-1
43522.9186637,4,834,2,32964000,1
43528.0176776,4,835,4,32960000,-1
43545.8858499,4,836,45,32963000,1
43562.9348705,4,837,3,32960000,1
43578.6151101,4,838,1,32963000,1
43601.4055664,4,839,10,32967000,-1
43601.4285176,4,840,1,32970000,-1
43605.6027117,4,841,5,32967000,-1
43629.9881832,4,842,11,32970000,-1
43644.0532517,4,843,1,32973000,1
43667.7613521,4,844,16,32976000,-1
43675.6876214,4,845,15,32979000,-1
43685.2394373,4,846,17,32982000,-1
43695.9338893,4,847,5,32978000,-1
43702.0774606,4,848,3,32981000,-1
43702.0775126,4,849,1,32984000,-1
43726.4571202,4,850,6,32981000,1
43730.032857,4,851,13,32985000,-1
43730.0329082,4,852,1,32988000,-1
43731.283279,4,853,1,32985000,1
43740.1254176,4,854,13,32989000,1
43740.8222838,4,855,3,32986000,-1
43741.6124802,4,856,12,32989000,-1
43742.015627,4,857,2,32992000,-1
43747.9568748,4,858,5,32989000,1
43753.9895552,4,859,2,32992000,-1
43763.1852541,4,860,15,32995000,-1
43765.3416259,4,861,24,32998000,-1
43765.3416614,4,862,1,33001000,-1
43767.1736896,4,863,8,32997000,-1
43770.2305041,4,864,10,33000000,1
43770.3556579,4,865,5,32997000,1
43770.9711894,4,866,13,32994000,1
43770.9747343,4,867,1,32991000,1
43774.4492874,4,868,1,32995000,-1
43779.5465701,4,869,1,32992000,1
43791.012337,4,870,3,32995000,1
43792.7901328,4,871,9,32992000,1
43798.6629616,4,872,12,32989000,1
43805.3241271,4,873,25,32986000,1
43805.960264,4,874,9,32983000,1
43806.0047328,4,875,10,32980000,1
43806.0478357,4,876,5,32977000,-1
43806.3170458,4,877,5,32980000,-1
43806.7492266,4,878,6,32984000,1
43810.1587024,4,879,6,32981000,1
43814.2897086,4,880,1,32978000,1
43824.3720995,4,881,11,32983000,-1
43824.9407121,4,882,8,32986000,-1
43843.147484,4,883,10,32990000,1
43849.062774,4,884,2,32987000,-1
43861.9583962,4,885,1,32990000,-1
43910.4815525,4,886,5,32987000,-1
43927.6077699,4,887,7,32990000,1
43949.7242742,4,888,5,32993000,1
43955.3306067,4,889,1,32988000,1
43986.6068528,4,890,4,32991000,-1
43997.0558458,4,891,1,32994000,-1
44012.7696129,4,892,5,32991000,1
44012.8715784,4,893,5,32988000,1
44012.8899359,4,894,2,32985000,1
44024.8594005,4,895,18,32988000,1
44027.3829931,4,896,4,32985000,1
44039.6389744,4,897,1,32991000,1
44044.6488467,4,898,5,32995000,-1
44057.3851677,4,899,3,32998000,1
44084.4142674,4,900,5,32995000,-1
44095.0319827,4,901,18,32998000,-1
44103.2281197,4,902,8,33001000,-1
44106.836894,4,903,1,32998000,1
44117.0751724,4,904,1,33002000,-1
44124.4024798,4,905,2,32999000,-1
44146.5365935,4,906,1,32996000,1
44153.7693029,4,907,16,33001000,-1
44159.4959242,4,908,5,33005000,-1
44165.8284751,4,909,8,33008000,-1
44165.9451457,4,910,2,33011000,1
44173.7503108,4,911,9,33008000,-1
44173.7503794,4,912,1,33011000,-1
44190.1300429,4,913,9,33008000,-1
44190.1309906,4,914,21,33011000,-1
44190.1472378,4,915,5,33014000,-1
44201.7558995,4,916,8,33011000,-1
44205.6117124,4,917,14,33014000,-1
44205.752634,4,918,25,33017000,-1
44214.7554926,4,919,2,33014000,1
44214.8183671,4,920,3,33011000,1
44214.8754716,4,921,5,33008000,1
44215.0581599,4,922,6,33004000,1
44222.3164678,4,923,5,33001000,1
44228.3939675,4,924,3,33004000,1
44238.1133352,4,925,3,33001000,1
44247.405071,4,926,7,32998000,1
44247.4816026,4,927,5,32995000,1
44250.6063138,4,928,10,32992000,1
44252.1177476,4,929,29,32988000,1
44252.6550965,4,930,5,32985000,1
44257.0508398,4,931,10,32990000,-1
44257.2130026,4,932,5,32987000,-1
44264.0198979,4,933,2,32991000,-1
44280.5165655,4,934,8,32994000,1
44281.627221,4,935,18,32991000,1
44286.7427733,4,936,5,32988000,1
44295.3487354,4,937,2,32995000,-1
44299.9810925,4,938,3,33000000,-1
44308.210568,4,939,1,33003000,1
44313.222379,4,940,3,33006000,-1
44315.6033311,4,941,3,33009000,1
44315.6074826,4,942,1,33006000,1
44328.8556291,4,943,5,33009000,1
44329.1557129,4,944,1,33006000,1
44342.2880894,4,945,6,33010000,1
44342.3228393,4,946,3,33007000,-1
44345.8215614,4,947,4,33010000,1
44345.8254952,4,948,14,33007000,1
44345.8282571,4,949,25,33004000,1
44345.8586716,4,950,6,33001000,-1
44345.874293,4,951,4,33004000,1
44345.9116231,4,952,1,33001000,1
44355.5644531,4,953,3,33005000,1
44358.4293762,4,954,3,33002000,-1
44372.9471951,4,955,5,32995000,-1
44375.7579948,4,956,5,32998000,-1
44391.8189334,4,957,1,33001000,1
44396.4862517,4,958,2,33007000,1
44400.0136269,4,959,21,33004000,1
44400.0491917,4,960,12,33001000,1
44400.1798012,4,961,10,32998000,1
44400.2908119,4,962,6,33001000,-1
44400.6895827,4,963,5,33004000,-1
44402.1825045,4,964,12,33007000,1
44404.5783983,4,965,3,33002000,1
44411.3298292,4,966,10,32998000,1
44412.0216172,4,967,5,32995000,-1
44416.1803617,4,968,1,32999000,-1
44421.3601168,4,969,2,32995000,1
44425.5522539,4,970,3,32992000,1
44427.0855472,4,971,6,32988000,1
44430.0048305,4,972,2,32985000,-1
44444.2850589,4,973,9,32988000,1
44459.5603116,4,974,14,32991000,1
44461.2724247,4,975,1,32986000,1
44461.6708219,4,976,3,32989000,-1
44469.5241517,4,977,13,32992000,1
44470.5472001,4,978,5,32989000,1
44479.3167261,4,979,4,32985000,1
44481.1567876,4,980,2,32982000,1
44490.0670764,4,981,5,32986000,1
44498.5875416,4,982,9,32982000,1
44499.2611156,4,983,3,32979000,1
44523.8612879,4,984,6,32976000,-1
44526.5619347,4,985,3,32972000,-1
44529.2347458,4,986,2,32976000,1
44535.1341936,4,987,6,32973000,1
44542.5196777,4,988,9,32970000,1
44546.6061403,4,989,1,32973000,-1
44555.3310065,4,990,9,32970000,1
44559.4226242,4,991,8,32967000,1
44560.6418141,4,992,5,32964000,-1
44561.6073355,4,993,1,32967000,1
44566.0447852,4,994,15,32971000,1
44583.2371223,4,995,1,32968000,1
44590.595942,4,996,18,32971000,-1
44593.6869267,4,997,4,32974000,-1
44600.5520758,4,998,1,32978000,1
44625.4681071,4,999,13,32981000,-1
44633.5570305,4,1000,2,32984000,1
44633.5808937,4,1001,1,32981000,1
44641.4658431,4,1002,1,32984000,-1
44645.0613478,4,1003,7,32980000,-1
44654.3166027,4,1004,8,32984000,-1
44661.9622899,4,1005,8,32988000,-1
44672.5533736,4,1006,4,32991000,1
44681.0070254,4,1007,6,32988000,-1
44688.9522052,4,1008,3,32982000,-1
44721.9784279,4,1009,10,32985000,1
44726.1085769,4,1010,3,32981000,1
44763.6547851,4,1011,1,32978000,1
44767.5071148,4,1012,2,32982000,1
44783.5399995,4,1013,2,32978000,1
44788.8749987,4,1014,9,32983000,1
44788.8750081,4,1015,1,32980000,1
44792.239417,4,1016,3,32983000,-1
44811.4016992,4,1017,2,32987000,1
44824.6713298,4,1018,9,32990000,-1
44831.1011206,4,1019,9,32993000,-1
44835.5731565,4,1020,7,32996000,-1
44856.9469452,4,1021,3,33000000,1
44858.7817405,4,1022,1,32997000,1
44863.091966,4,1023,2,32994000,-1
44877.1565434,4,1024,27,32997000,1
44882.6521183,4,1025,1,33000000,1
44889.3505454,4,1026,1,33005000,-1
44899.419718,4,1027,12,33002000,1
44904.9437467,4,1028,6,32999000,1
44910.4145545,4,1029,4,32996000,-1
44913.425544,4,1030,3,32999000,-1
44925.1949786,4,1031,1,33002000,-1
44927.1480191,4,1032,1,32999000,1
44940.298213,4,1033,1,32996000,-1
44951.2645837,4,1034,6,32993000,-1
44973.1770287,4,1035,11,32996000,-1
44976.3935012,4,1036,5,32993000,1
44982.5419984,4,1037,3,32990000,-1
44982.581753,4,1038,2,32993000,-1
44983.1598972,4,1039,7,32997000,1
44992.190945,4,1040,1,32994000,-1
45012.1496758,4,1041,2,32991000,1
45017.2101777,4,1042,3,32995000,-1
45021.1882811,4,1043,8,32998000,-1
45052.494248,4,1044,1,33001000,1
45061.6695369,4,1045,14,33004000,-1
45063.8228827,4,1046,2,33008000,1
45064.4087808,4,1047,2,33005000,1
45069.6575921,4,1048,12,33002000,1
45092.5269536,4,1049,10,32998000,-1
45100.8635112,4,1050,2,33002000,-1
45101.0380435,4,1051,7,33006000,-1
45102.2350986,4,1052,17,33010000,-1
45105.4085407,4,1053,17,33013000,-1
45105.4129891,4,1054,6,33016000,-1
45126.0537038,4,1055,20,33019000,1
45127.6242123,4,1056,29,33016000,-1
45129.985001,4,1057,10,33019000,-1
45129.9888258,4,1058,13,33022000,-1
45143.4589399,4,1059,1,33019000,1
45146.3496921,4,1060,19,33023000,-1
45146.3508729,4,1061,14,33026000,-1
45146.4205596,4,1062,6,33023000,1
45149.1450853,4,1063,10,33020000,1
45162.3036724,4,1064,6,33023000,1
45169.5443217,4,1065,16,33020000,1
45185.904656,4,1066,8,33017000,1
45190.3456454,4,1067,3,33014000,1
45199.2094078,4,1068,3,33017000,-1
45204.4867019,4,1069,1,33020000,-1
45221.8329226,4,1070,9,33017000,1
45228.6280866,4,1071,23,33020000,1
45228.67018,4,1072,26,33017000,1
45234.305592,4,1073,9,33014000,1
45244.3214055,4,1074,6,33010000,-1
45244.341334,4,1075,2,33013000,1
45245.3546989,4,1076,1,33010000,1
45245.8917703,4,1077,1,33014000,1
45256.675883,4,1078,1,33017000,1
45259.9724045,4,1079,1,33021000,-1
45266.3532509,4,1080,1,33017000,1
45270.559199,4,1081,13,33020000,-1
45273.6246763,4,1082,13,33023000,-1
45273.6755435,4,1083,7,33026000,-1
45299.8183823,4,1084,4,33021000,-1
45322.1977546,4,1085,15,33024000,1
45334.0769291,4,1086,15,33021000,1
45343.6888005,4,1087,6,33018000,1
45352.7778706,4,1088,3,33014000,1
45352.8133813,4,1089,1,33011000,1
45358.3018375,4,1090,1,33014000,1
45367.3415576,4,1091,6,33011000,1
45380.4769198,4,1092,15,33008000,-1
45408.2753313,4,1093,12,33011000,-1
45409.8915281,4,1094,6,33014000,-1
45417.3241277,4,1095,1,33018000,1
45421.3366046,4,1096,2,33021000,-1
45431.5083256,4,1097,21,33024000,-1
45434.5908843,4,1098,1,33027000,-1
45459.9272016,4,1099,4,33023000,-1
45469.1825908,4,1100,39,33026000,-1
45475.214895,4,1101,12,33029000,1
45480.9436146,4,1102,34,33026000,-1
45490.1407082,4,1103,37,33029000,-1
45491.1504835,4,1104,6,33032000,1
45501.098386,4,1105,4,33029000,-1
45512.8053693,4,1106,16,33032000,-1
45515.6482367,4,1107,11,33035000,-1
45519.313021,4,1108,3,33038000,-1
45521.7752543,4,1109,3,33035000,1
45529.0209286,4,1110,4,33032000,1
45550.3476434,4,1111,6,33035000,-1
45553.9160734,4,1112,1,33038000,-1
45570.9773005,4,1113,19,33035000,-1
45575.907167,4,1114,7,33038000,1
45584.1411309,4,1115,8,33035000,1
45593.446559,4,1116,11,33032000,1
45593.4485499,4,1117,17,33029000,1
45604.1836343,4,1118,18,33026000,1
45608.7237933,4,1119,15,33029000,-1
45620.9491906,4,1120,8,33033000,-1
45626.4735031,4,1121,13,33037000,-1
45630.4843252,4,1122,7,33033000,1
45633.0172003,4,1123,2,33030000,-1
45644.180537,4,1124,3,33033000,1
45645.0383625,4,1125,2,33029000,1
45657.2685223,4,1126,2,33034000,-1
45673.9025591,4,1127,1,33031000,1
45679.9161777,4,1128,2,33035000,1
45689.7099771,4,1129,6,33032000,-1
45706.8601004,4,1130,14,33035000,-1
45710.1775648,4,1131,13,33038000,-1
45710.2848929,4,1132,1,33041000,-1
45711.248634,4,1133,1,33038000,1
45711.3867436,4,1134,1,33041000,-1
45719.3726737,4,1135,9,33038000,-1
45719.3727646,4,1136,1,33041000,-1
45744.3842538,4,1137,11,33038000,1
45744.5447974,4,1138,1,33035000,-1
45745.5896516,4,1139,3,33032000,-1
45750.8614453,4,1140,4,33035000,1
45759.4963762,4,1141,11,33032000,1
45760.6619378,4,1142,1,33029000,-1
45771.1316162,4,1143,17,33025000,1
45771.2940357,4,1144,1,33022000,1
45780.5989016,4,1145,16,33029000,1
45781.5831881,4,1146,3,33026000,1
45802.0221722,4,1147,29,33023000,1
45802.0916958,4,1148,6,33020000,1
45805.8968135,4,1149,8,33024000,-1
45809.6964731,4,1150,20,33027000,1
45853.5059654,4,1151,4,33024000,1
45856.0371358,4,1152,20,33021000,1
45856.2709287,4,1153,31,33018000,-1
45882.6316726,4,1154,14,33021000,1
45886.9368914,4,1155,1,33018000,1
45890.9926241,4,1156,6,33022000,-1
45891.2081132,4,1157,1,33025000,-1
45896.8052958,4,1158,11,33022000,1
45911.4821228,4,1159,15,33018000,1
45912.6230336,4,1160,1,33015000,1
45922.4520213,4,1161,12,33020000,-1
45931.7544032,4,1162,2,33017000,-1
45933.5378193,4,1163,3,33020000,-1
45949.9513478,4,1164,2,33023000,-1
45967.8516558,4,1165,14,33026000,-1
45977.318008,4,1166,13,33029000,-1
45990.5936226,4,1167,12,33032000,1
45990.6817569,4,1168,8,33029000,1
45992.7018862,4,1169,3,33025000,1
46011.1054318,4,1170,10,33029000,1
46049.9397779,4,1171,2,33026000,1
46060.8232754,4,1172,1,33023000,-1
46087.6684633,4,1173,15,33019000,1
46091.5999413,4,1174,1,33016000,1
46119.0657678,4,1175,2,33019000,1
46134.5587552,4,1176,4,33015000,1
46170.1147406,4,1177,10,33018000,1
46170.1407075,4,1178,1,33021000,-1
46174.1733454,4,1179,2,33024000,-1
46186.9342346,4,1180,17,33029000,-1
46190.3291842,4,1181,1,33032000,-1
46191.172973,4,1182,6,33028000,1
46192.4299098,4,1183,1,33025000,1
46202.0113202,4,1184,3,33022000,1
46217.4554371,4,1185,4,33029000,-1
46217.9026861,4,1186,1,33032000,-1
46218.0868115,4,1187,1,33029000,1
46225.6987395,4,1188,10,33032000,-1
46227.2046423,4,1189,4,33035000,-1
46233.4540731,4,1190,3,33038000,-1
46249.61415,4,1191,7,33034000,1
46252.425968,4,1192,39,33038000,-1
46262.2944268,4,1193,6,33041000,1
46286.6870238,4,1194,7,33038000,-1
46286.6870595,4,1195,1,33041000,-1
46312.5440576,4,1196,12,33038000,-1
46313.9930874,4,1197,4,33041000,-1
46318.795275,4,1198,19,33044000,-1
46321.7889454,4,1199,27,33047000,-1
46323.3216534,4,1200,16,33050000,-1
46323.4044948,4,1201,11,33053000,-1
46323.4055447,4,1202,1,33056000,-1
46330.2455158,4,1203,4,33052000,-1
46332.2297978,4,1204,8,33055000,1
46333.7822328,4,1205,7,33052000,1
46360.5608043,4,1206,9,33049000,1
46374.8751485,4,1207,13,33046000,1
46383.3945948,4,1208,5,33043000,1
46386.1780664,4,1209,14,33040000,1
46386.3784128,4,1210,2,33037000,1
46388.2851969,4,1211,1,33034000,-1
46391.2837246,4,1212,7,33031000,-1
46395.9670904,4,1213,18,33034000,1
46397.3420121,4,1214,3,33031000,1
46403.8203435,4,1215,14,33034000,-1
46413.336084,4,1216,8,33037000,-1
46415.9262278,4,1217,4,33040000,-1
46416.1490421,4,1218,1,33043000,-1
46422.8787499,4,1219,4,33039000,-1
46426.728723,4,1220,4,33043000,-1
46429.5555749,4,1221,5,33046000,-1
46429.7726899,4,1222,4,33049000,1
46431.5955317,4,1223,7,33046000,1
46432.3197416,4,1224,4,33043000,1
46440.5478128,4,1225,1,33040000,-1
46464.8614209,4,1226,17,33043000,-1
46493.8196897,4,1227,7,33046000,1
46505.9360407,4,1228,8,33049000,-1
46512.8413245,4,1229,16,33052000,1
46513.06689,4,1230,6,33049000,1
46513.0986429,4,1231,2,33046000,1
46513.2713685,4,1232,4,33043000,-1
46542.3110779,4,1233,18,33047000,1
46563.0981028,4,1234,7,33044000,-1
46571.0732543,4,1235,14,33047000,1
46595.9363796,4,1236,3,33044000,-1
46595.9391921,4,1237,17,33047000,-1
46597.8713851,4,1238,115,33050000,1
46603.7841855,4,1239,7,33044000,1
46631.2479848,4,1240,6,33048000,1
46642.7931463,4,1241,3,33051000,1
46668.8985504,4,1242,13,33054000,1
46700.6614659,4,1243,9,33050000,-1
46712.334337,4,1244,41,33053000,-1
46712.6250674,4,1245,15,33056000,-1
46712.6272819,4,1246,2,33059000,-1
46716.852076,4,1247,3,33055000,-1
46732.5543518,4,1248,16,33059000,1
46732.9185105,4,1249,22,33056000,1
46740.3747332,4,1250,28,33053000,1
46748.2407241,4,1251,1,33050000,-1
46772.018762,4,1252,3,33046000,-1
46777.903438,4,1253,5,33051000,1
46797.4231664,4,1254,6,33048000,-1
46800.6284318,4,1255,13,33051000,-1
46801.6575469,4,1256,11,33048000,1
46804.5745115,4,1257,14,33045000,1
46806.606842,4,1258,9,33042000,1
46809.1262508,4,1259,22,33036000,1
46811.1011219,4,1260,16,33033000,-1
46811.3096092,4,1261,5,33036000,1
46813.0406195,4,1262,1,33033000,1
46815.4795309,4,1263,1,33036000,-1
46816.0220581,4,1264,4,33039000,-1
46816.9761872,4,1265,1,33042000,1
46822.6096166,4,1266,6,33039000,1
46823.1521863,4,1267,10,33036000,1
46823.1540882,4,1268,15,33033000,1
46823.1540979,4,1269,1,33030000,1
46827.7695901,4,1270,5,33033000,-1
46829.1641272,4,1271,5,33036000,-1
46829.3932133,4,1272,5,33039000,-1
46832.0828991,4,1273,3,33042000,-1
46840.5337256,4,1274,6,33045000,-1
46843.5067486,4,1275,3,33048000,-1
46845.5522212,4,1276,2,33051000,1
46845.9178759,4,1277,1,33048000,1
46851.3086439,4,1278,2,33051000,1
46858.1534265,4,1279,3,33054000,-1
46861.1772506,4,1280,5,33057000,-1
46861.1833045,4,1281,26,33060000,-1
46861.18708,4,1282,41,33063000,-1
46861.2662925,4,1283,2,33066000,-1
46868.499274,4,1284,11,33063000,-1
46873.5955795,4,1285,21,33066000,1
46878.5773065,4,1286,27,33069000,-1
46884.6194145,4,1287,5,33072000,-1
46897.1720178,4,1288,23,33075000,1
46898.6004552,4,1289,3,33071000,1
46902.8574345,4,1290,3,33068000,1
46910.3417968,4,1291,5,33064000,-1
46913.9046351,4,1292,1,33060000,-1
46915.0592572,4,1293,2,33055000,-1
46915.0592776,4,1294,1,33058000,-1
46916.9364886,4,1295,1,33055000,1
46917.1049067,4,1296,13,33059000,-1
46917.1973441,4,1297,23,33062000,-1
46917.23829,4,1298,2,33065000,1
46918.6644187,4,1299,3,33062000,1
46923.6668624,4,1300,2,33059000,1
46927.5379544,4,1301,7,33056000,1
46940.9478506,4,1302,15,33053000,1
46947.3229579,4,1303,6,33050000,1
46952.204193,4,1304,6,33054000,-1
46958.8956177,4,1305,5,33057000,1
46960.4992886,4,1306,2,33053000,-1
46970.0516246,4,1307,1,33057000,1
46979.2380647,4,1308,3,33060000,-1
46989.4911777,4,1309,8,33063000,1
46996.6667744,4,1310,18,33060000,1
47004.6412975,4,1311,2,33057000,-1
47010.1120739,4,1312,1,33061000,-1
47010.7406657,4,1313,1,33058000,1
47012.9587929,4,1314,5,33061000,1
47013.392388,4,1315,1,33058000,1
47027.2127338,4,1316,9,33055000,-1
47044.1031452,4,1317,7,33059000,1
47048.5572915,4,1318,5,33056000,1
47048.5613175,4,1319,12,33053000,1
47048.5614219,4,1320,10,33050000,1
47048.8026514,4,1321,1,33054000,1
47051.8517193,4,1322,1,33058000,-1
47053.7560414,4,1323,2,33055000,1
47073.1782121,4,1324,3,33052000,1
47093.3825229,4,1325,8,33048000,-1
47097.1704745,4,1326,15,33045000,1
47100.9861988,4,1327,11,33042000,1
47100.9874558,4,1328,2,33039000,1
47104.8406832,4,1329,4,33042000,-1
47126.0326275,4,1330,5,33045000,1
47131.6665758,4,1331,5,33042000,1
47136.1968017,4,1332,3,33045000,-1
47141.2412101,4,1333,4,33048000,-1
47149.776217,4,1334,7,33051000,-1
47157.4907197,4,1335,13,33054000,1
47160.7639496,4,1336,10,33051000,-1
47169.6211637,4,1337,7,33048000,1
47172.6701778,4,1338,3,33045000,1
47174.1312307,4,1339,2,33042000,1
47175.4650485,4,1340,26,33037000,1
47178.0916066,4,1341,14,33034000,-1
47178.3525582,4,1342,1,33037000,-1
47178.9547303,4,1343,5,33034000,-1
47182.6001243,4,1344,8,33037000,1
47183.4582462,4,1345,6,33034000,1
47192.0066761,4,1346,1,33041000,1
47218.7042688,4,1347,11,33046000,-1
47221.8430962,4,1348,8,33049000,-1
47221.8626464,4,1349,2,33052000,1
47222.9133887,4,1350,1,33049000,1
47237.3531223,4,1351,10,33046000,1
47237.3561742,4,1352,22,33043000,1
47246.205391,4,1353,17,33040000,-1
47255.1613222,4,1354,1,33043000,1
47258.9081528,4,1355,10,33047000,1
47258.9095615,4,1356,16,33044000,1
47281.1888979,4,1357,26,33041000,1
47284.4315045,4,1358,1,33046000,-1
47292.2885247,4,1359,17,33043000,1
47296.0307955,4,1360,8,33040000,-1
47306.7604077,4,1361,17,33043000,-1
47307.0285916,4,1362,2,33046000,1
47310.3758294,4,1363,3,33043000,-1
47316.6299448,4,1364,2,33046000,1
47318.9144014,4,1365,11,33042000,1
47324.0533077,4,1366,1,33039000,1
47332.8569956,4,1367,3,33042000,1
47335.3054,4,1368,3,33039000,1
47344.2102784,4,1369,4,33042000,-1
47370.2309661,4,1370,5,33046000,-1
47379.8089959,4,1371,1,33043000,-1
47398.9598346,4,1372,5,33040000,-1
47401.3683627,4,1373,2,33046000,-1
47401.9904436,4,1374,1,33050000,-1
47408.0417062,4,1375,2,33047000,1
47412.0933286,4,1376,1,33044000,1
47436.1993791,4,1377,4,33048000,-1
47464.2238898,4,1378,50,33051000,-1
47464.2715087,4,1379,11,33054000,-1
47474.0816282,4,1380,24,33057000,-1
47477.304823,4,1381,9,33060000,-1
47519.1575789,4,1382,3,33063000,1
47519.5333704,4,1383,20,33060000,1
47519.5333974,4,1384,2,33057000,1
47522.9985771,4,1385,9,33065000,1
47530.5884783,4,1386,8,33062000,1
47539.4179284,4,1387,7,33066000,-1
47540.0332892,4,1388,17,33069000,-1
47545.5848753,4,1389,5,33066000,1
47558.5193855,4,1390,2,33063000,-1
47604.2354785,4,1391,5,33066000,1
47608.5779551,4,1392,18,33069000,-1
47608.6336517,4,1393,21,33072000,-1
47622.8249003,4,1394,26,33076000,-1
47623.1940408,4,1395,1,33079000,-1
47642.882882,4,1396,7,33076000,1
47660.3717204,4,1397,1,33072000,1
47680.0449391,4,1398,3,33075000,1
47693.486131,4,1399,21,33072000,1
47695.0465286,4,1400,3,33069000,1
47721.6106156,4,1401,4,33066000,-1
47722.5905853,4,1402,3,33069000,-1
47727.8451608,4,1403,1,33073000,-1
47734.6023103,4,1404,5,33069000,1
47749.4368419,4,1405,19,33065000,1
47750.6614164,4,1406,10,33062000,1
47753.447416,4,1407,1,33059000,1
47774.0456244,4,1408,11,33062000,-1
47777.0093504,4,1409,5,33065000,-1
47813.5291423,4,1410,3,33068000,-1
47816.9210045,4,1411,8,33071000,1
47819.7341544,4,1412,9,33068000,1
47833.9701233,4,1413,7,33065000,1
47850.3671461,4,1414,18,33068000,1
47851.2621146,4,1415,28,33071000,1
47851.3058041,4,1416,23,33068000,1
47866.2355956,4,1417,1,33065000,1
47892.0341234,4,1418,1,33071000,-1
47901.1368396,4,1419,3,33068000,1
47918.5036063,4,1420,7,33064000,-1
47935.9017334,4,1421,2,33067000,1
47941.6104665,4,1422,3,33064000,1
48011.3860114,4,1423,18,33061000,1
48034.0667813,4,1424,15,33058000,-1
48035.7055724,4,1425,4,33061000,-1
48048.7426541,4,1426,5,33065000,1
48051.446515,4,1427,4,33068000,-1
48053.1682008,4,1428,7,33071000,-1
48053.9423462,4,1429,6,33074000,1
48066.8037271,4,1430,10,33069000,-1
48071.2964187,4,1431,18,33072000,-1
48093.0613398,4,1432,1,33075000,1
48097.5476126,4,1433,20,33078000,-1
48101.6474659,4,1434,1,33081000,-1
48105.6214657,4,1435,7,33073000,-1
48110.5556593,4,1436,5,33076000,-1
48119.3391072,4,1437,3,33073000,1
48120.362346,4,1438,8,33070000,1
48125.3481566,4,1439,18,33066000,1
48125.6510765,4,1440,10,33063000,1
48126.1453586,4,1441,1,33060000,1
48127.3393189,4,1442,1,33064000,-1
48132.1283371,4,1443,3,33067000,-1
48140.8179387,4,1444,13,33070000,1
48141.9405415,4,1445,8,33067000,1
48145.6527903,4,1446,24,33064000,-1
48151.1577632,4,1447,1,33067000,-1
48154.8348122,4,1448,11,33064000,1
48158.7452826,4,1449,15,33061000,1
48160.1371229,4,1450,2,33058000,-1
48161.0737998,4,1451,1,33062000,-1
48163.77531,4,1452,12,33058000,1
48167.6647691,4,1453,6,33061000,-1
48176.6479894,4,1454,3,33064000,1
48181.6192176,4,1455,6,33061000,-1
48184.2127829,4,1456,7,33057000,1
48186.9703538,4,1457,1,33054000,1
48189.5382227,4,1458,16,33060000,-1
48195.1089331,4,1459,13,33063000,-1
48198.4605607,4,1460,1,33066000,-1
48227.3523837,4,1461,11,33062000,1
48238.5504359,4,1462,5,33057000,-1
48264.7926746,4,1463,12,33061000,1
48268.3875325,4,1464,6,33058000,1
48274.317407,4,1465,2,33055000,1
48278.1220031,4,1466,2,33060000,1
48301.9244294,4,1467,1,33057000,-1
48324.5020991,4,1468,35,33054000,-1
48338.9067264,4,1469,61,33050000,1
48341.7912756,4,1470,1,33047000,1
48346.1512376,4,1471,16,33052000,-1
48350.1937397,4,1472,5,33055000,-1
48356.2565944,4,1473,3,33058000,-1
48362.396507,4,1474,2,33055000,-1
48365.6359573,4,1475,7,33058000,-1
48370.6555951,4,1476,3,33061000,1
48373.5804935,4,1477,1,33058000,1
48377.8452456,4,1478,3,33055000,-1
48379.7106092,4,1479,7,33059000,1
48387.8173818,4,1480,5,33056000,1
48387.819375,4,1481,20,33053000,1
48387.9844064,4,1482,46,33050000,1
48387.9852494,4,1483,1,33047000,1
48401.2444076,4,1484,4,33051000,1
48405.3484673,4,1485,1,33054000,-1
48413.9040545,4,1486,1,33051000,1
48419.4933649,4,1487,9,33048000,1
48432.1793007,4,1488,31,33045000,1
48435.0265808,4,1489,1,33041000,1
48437.1896068,4,1490,1,33044000,1
48439.4692962,4,1491,7,33040000,1
48441.0193724,4,1492,13,33037000,1
48441.0212892,4,1493,18,33034000,1
48441.0223556,4,1494,5,33031000,1
48444.1918438,4,1495,2,33034000,-1
48444.1991942,4,1496,3,33031000,1
48448.60534,4,1497,4,33035000,1
48450.3721264,4,1498,1,33032000,1
48451.5413677,4,1499,1,33037000,-1
48490.2618324,4,1500,9,33040000,-1
48490.3141626,4,1501,18,33043000,-1
48493.5002685,4,1502,16,33046000,-1
48493.5049588,4,1503,29,33049000,-1
48505.3588691,4,1504,26,33052000,-1
48505.358885,4,1505,1,33055000,-1
48506.6499766,4,1506,1,33050000,1
48508.9111961,4,1507,21,33055000,-1
48508.9112399,4,1508,1,33058000,-1
48529.0825618,4,1509,4,33055000,-1
48543.8242787,4,1510,15,33058000,-1
48546.498743,4,1511,19,33061000,-1
48546.5652865,4,1512,8,33064000,1
48551.5404215,4,1513,13,33061000,1
48573.0540519,4,1514,13,33058000,1
48578.897936,4,1515,2,33055000,1
48579.2195525,4,1516,6,33052000,1
48580.2394158,4,1517,3,33049000,1
48581.2178333,4,1518,1,33045000,1
48582.3125426,4,1519,2,33049000,1
48585.301498,4,1520,11,33052000,1
48585.3041846,4,1521,17,33049000,1
48588.0618449,4,1522,14,33046000,-1
48600.1224722,4,1523,2,33043000,-1
48601.402872,4,1524,8,33046000,-1
48602.3447429,4,1525,2,33049000,1
48602.6389984,4,1526,1,33052000,-1
48603.3906774,4,1527,2,33049000,1
48603.4464261,4,1528,1,33046000,1
48603.4915117,4,1529,9,33043000,1
48605.6173383,4,1530,7,33040000,-1
48606.5516622,4,1531,1,33045000,1
48607.4148287,4,1532,4,33048000,-1
48612.3955155,4,1533,1,33052000,-1
48615.2537695,4,1534,1,33049000,1
48619.1434988,4,1535,6,33044000,1
48620.387157,4,1536,5,33041000,1
48625.4808251,4,1537,1,33038000,1
48630.6563925,4,1538,4,33042000,-1
48635.0671136,4,1539,1,33045000,1
48637.3908816,4,1540,9,33049000,-1
48654.0419545,4,1541,12,33046000,-1
48655.9976884,4,1542,5,33049000,-1
48657.2411283,4,1543,1,33052000,1
48657.9724715,4,1544,2,33055000,1
48661.8246796,4,1545,15,33052000,1
48662.5635211,4,1546,1,33049000,-1
48668.9241416,4,1547,1,33044000,1
48680.8259408,4,1548,3,33047000,1
48685.542407,4,1549,6,33042000,1
48687.5696135,4,1550,16,33039000,1
48690.6138575,4,1551,1,33036000,-1
48696.8767731,4,1552,3,33039000,-1
48698.1991708,4,1553,4,33042000,1
48702.346713,4,1554,4,33039000,-1
48706.3895267,4,1555,2,33042000,1
48722.8648632,4,1556,2,33046000,1
48723.9900408,4,1557,2,33042000,1
48727.1779646,4,1558,1,33039000,1
48733.8243631,4,1559,13,33043000,-1
48738.3056929,4,1560,14,33046000,-1
48742.8215236,4,1561,3,33049000,-1
48743.2453561,4,1562,4,33052000,-1
48746.1850951,4,1563,11,33056000,1
48747.6505536,4,1564,1,33053000,1
48750.091198,4,1565,1,33050000,1
48750.5033038,4,1566,1,33046000,-1
48753.7906663,4,1567,1,33049000,1
48761.0464196,4,1568,1,33052000,1
48763.9757895,4,1569,1,33055000,-1
48775.3831459,4,1570,2,33052000,1
48781.6876033,4,1571,3,33048000,-1
48784.5992168,4,1572,3,33051000,1
48787.7124698,4,1573,6,33048000,-1
48790.1945875,4,1574,22,33051000,-1
48790.283698,4,1575,3,33055000,-1
48791.1382222,4,1576,7,33058000,-1
48791.2591282,4,1577,3,33061000,-1
48796.2267366,4,1578,7,33064000,1
48800.7321206,4,1579,1,33061000,-1
48804.5518205,4,1580,1,33054000,1
48805.0867186,4,1581,1,33057000,-1
48806.5180542,4,1582,19,33053000,1
48806.5206704,4,1583,27,33050000,1
48808.2638261,4,1584,1,33047000,1
48813.6793822,4,1585,1,33050000,1
48818.285432,4,1586,3,33053000,1
48819.9925242,4,1587,3,33049000,-1
48824.4974546,4,1588,5,33052000,-1
48832.735981,4,1589,55,33058000,-1
48832.7635524,4,1590,14,33061000,-1
48832.7666011,4,1591,33,33064000,-1
48832.8803462,4,1592,2,33067000,1
48836.9527896,4,1593,2,33064000,-1
48838.7294405,4,1594,6,33067000,-1
48840.0263283,4,1595,9,33070000,-1
48840.5394792,4,1596,5,33073000,-1
48847.6276881,4,1597,19,33076000,-1
48851.8226445,4,1598,4,33073000,-1
48855.695357,4,1599,1,33070000,-1
48857.2504563,4,1600,3,33067000,1
48862.9033515,4,1601,13,33064000,1
48866.2177325,4,1602,2,33061000,-1
48867.3490547,4,1603,1,33066000,-1
48875.2822798,4,1604,2,33063000,1
48880.390814,4,1605,6,33060000,1
48882.2558044,4,1606,2,33056000,-1
48890.190537,4,1607,2,33060000,1
48898.6601989,4,1608,1,33064000,1
48900.066092,4,1609,1,33068000,1
48907.6606923,4,1610,3,33063000,1
48910.978169,4,1611,2,33060000,-1
48918.3645179,4,1612,5,33063000,1
48920.7241438,4,1613,1,33060000,-1
48926.023154,4,1614,4,33057000,-1
48930.0782634,4,1615,10,33060000,-1
48931.1559328,4,1616,1,33063000,-1
48937.5828396,4,1617,1,33066000,-1
48948.0702351,4,1618,6,33063000,1
48971.72505,4,1619,14,33066000,1
48971.8460456,4,1620,1,33063000,1
48992.804713,4,1621,1,33068000,1
49005.5327852,4,1622,6,33065000,1
49007.3201127,4,1623,3,33062000,-1
49010.899782,4,1624,1,33069000,-1
49023.8833124,4,1625,1,33066000,-1
49026.0952773,4,1626,5,33062000,-1
49032.9179604,4,1627,1,33058000,-1
49035.1066811,4,1628,2,33055000,1
49039.7511023,4,1629,13,33052000,1
49041.9804661,4,1630,2,33055000,1
49050.4748381,4,1631,3,33059000,1
49050.821203,4,1632,6,33063000,1
49050.9608109,4,1633,8,33060000,1
49073.57506,4,1634,12,33056000,1
49077.1107712,4,1635,1,33053000,-1
49081.2027081,4,1636,12,33050000,1
49081.2814997,4,1637,2,33047000,1
49081.4437848,4,1638,1,33044000,-1
49084.8854492,4,1639,14,33047000,-1
49102.1059266,4,1640,2,33050000,-1
49115.0381248,4,1641,9,33043000,1
49116.070268,4,1642,23,33040000,1
49120.367987,4,1643,12,33037000,1
49120.4806418,4,1644,17,33034000,1
49120.5827344,4,1645,6,33031000,-1
49121.2194668,4,1646,6,33034000,1
49121.2821077,4,1647,40,33031000,1
49122.3647609,4,1648,2,33027000,1
49123.2537881,4,1649,10,33030000,1
49123.2538764,4,1650,1,33027000,1
49131.4462181,4,1651,8,33030000,-1
49135.2099804,4,1652,16,33033000,1
49139.4311906,4,1653,6,33037000,1
49145.7769034,4,1654,11,33033000,1
49146.9201913,4,1655,4,33030000,1
49148.9705339,4,1656,7,33026000,1
49157.3219052,4,1657,4,33029000,1
49161.4202605,4,1658,9,33032000,1
49161.4217849,4,1659,17,33029000,1
49161.8935171,4,1660,5,33026000,-1
49164.0760225,4,1661,7,33029000,1
49164.9604089,4,1662,20,33026000,1
49169.0842191,4,1663,5,33029000,-1
49171.531952,4,1664,7,33026000,-1
49173.2009062,4,1665,4,33029000,1
49173.2704432,4,1666,13,33026000,-1
49175.5896364,4,1667,5,33029000,1
49180.200072,4,1668,1,33026000,1
49183.6336038,4,1669,5,33029000,1
49183.633728,4,1670,10,33026000,1
49191.9717439,4,1671,27,33023000,1
49192.6891159,4,1672,10,33020000,1
49192.6912443,4,1673,27,33017000,1
49192.691284,4,1674,1,33014000,1
49193.1497258,4,1675,4,33017000,-1
49199.0487122,4,1676,14,33020000,1
49200.1441575,4,1677,7,33017000,1
49202.4821818,4,1678,13,33013000,-1
49203.8502408,4,1679,5,33016000,-1
49204.9650947,4,1680,4,33020000,1
49209.8217537,4,1681,1,33017000,-1
49212.349024,4,1682,20,33011000,1
49214.9663325,4,1683,13,33008000,1
49215.5226706,4,1684,5,33011000,-1
49216.1170462,4,1685,1,33014000,-1
49216.932664,4,1686,17,33011000,1
49216.9327082,4,1687,1,33008000,1
49219.0642136,4,1688,2,33012000,1
49219.2199012,4,1689,2,33009000,-1
49223.0672205,4,1690,11,33012000,-1
49223.6724767,4,1691,6,33008000,1
49225.3719493,4,1692,32,33005000,1
49225.957434,4,1693,15,33002000,1
49225.972212,4,1694,1,32999000,1
49232.9712276,4,1695,9,33002000,-1
49234.7630264,4,1696,7,33005000,-1
49236.5072396,4,1697,1,33008000,-1
49241.7607835,4,1698,3,33002000,1
49249.5515587,4,1699,14,33005000,-1
49255.3822404,4,1700,8,33008000,-1
49258.298386,4,1701,2,33011000,1
49261.2346671,4,1702,13,33008000,-1
49262.1624843,4,1703,17,33012000,-1
49264.3988602,4,1704,14,33016000,1
49266.3005329,4,1705,3,33013000,1
49268.7652672,4,1706,3,33010000,-1
49271.9635754,4,1707,9,33013000,1
49276.6693275,4,1708,2,33016000,-1
49280.5114696,4,1709,18,33019000,-1
49281.8115042,4,1710,1,33022000,-1
49284.9653206,4,1711,9,33019000,-1
49285.1704738,4,1712,2,33023000,1
49286.2039392,4,1713,1,33020000,1
49287.8286202,4,1714,11,33023000,-1
49294.0970024,4,1715,17,33026000,-1
49298.7817546,4,1716,30,33029000,1
49301.9186977,4,1717,21,33032000,-1
49303.6142346,4,1718,1,33035000,-1
49307.9851283,4,1719,4,33031000,1
49311.788559,4,1720,13,33028000,1
49316.5890715,4,1721,13,33025000,1
49326.5157581,4,1722,2,33030000,-1
49329.3565099,4,1723,17,33033000,-1
49338.1328368,4,1724,13,33036000,-1
49338.2933422,4,1725,14,33039000,-1
49338.2938731,4,1726,15,33042000,-1
49341.8867138,4,1727,9,33039000,-1
49362.8168256,4,1728,25,33042000,1
49363.3216859,4,1729,9,33039000,1
49363.4162197,4,1730,5,33036000,1
49363.4783069,4,1731,2,33033000,-1
49365.0678419,4,1732,3,33036000,-1
49380.2720626,4,1733,1,33039000,-1
49384.3441896,4,1734,3,33036000,1
49389.6592769,4,1735,19,33039000,-1
49389.6593841,4,1736,1,33042000,-1
49390.9147853,4,1737,3,33039000,1
49399.9025092,4,1738,9,33043000,-1
49413.4986403,4,1739,9,33046000,-1
49417.2579325,4,1740,3,33050000,1
49417.3633205,4,1741,8,33047000,1
49417.7547642,4,1742,3,33044000,1
49422.8975478,4,1743,18,33041000,1
49422.9850641,4,1744,1,33038000,1
49429.170314,4,1745,16,33042000,-1
49433.3067373,4,1746,1,33046000,1
49439.3903853,4,1747,19,33050000,-1
49440.4958285,4,1748,3,33053000,-1
49444.8286936,4,1749,11,33050000,1
49444.8325989,4,1750,8,33047000,1
49446.8909391,4,1751,2,33043000,1
49470.3055206,4,1752,16,33040000,-1
49470.3119132,4,1753,4,33043000,-1
49473.0800936,4,1754,43,33047000,-1
49475.1789887,4,1755,11,33051000,-1
49485.4641795,4,1756,1,33054000,-1
49486.0760106,4,1757,9,33051000,1
49486.4843747,4,1758,6,33048000,1
49488.1485967,4,1759,9,33045000,1
49501.1914954,4,1760,3,33042000,1
49503.2708444,4,1761,2,33039000,1
49503.3453962,4,1762,3,33036000,1
49503.42471,4,1763,14,33033000,1
49503.4571622,4,1764,1,33030000,1
49506.1419564,4,1765,7,33033000,-1
49507.4332666,4,1766,2,33036000,1
49510.5944976,4,1767,7,33033000,1
49527.1403703,4,1768,1,33036000,-1
49532.248423,4,1769,9,33032000,1
49535.5056408,4,1770,5,33028000,1
49548.0967885,4,1771,14,33033000,-1
49553.5624441,4,1772,7,33036000,1
49560.7820084,4,1773,4,33041000,1
49561.2230876,4,1774,6,33038000,1
49561.276385,4,1775,8,33035000,1
49561.3024785,4,1776,5,33032000,1
49561.9798495,4,1777,8,33029000,1
49563.2336284,4,1778,11,33026000,1
49565.7950896,4,1779,11,33023000,1
49565.8598796,4,1780,6,33020000,1
49567.4819233,4,1781,4,33023000,1
49571.1269797,4,1782,12,33020000,1
49575.5461492,4,1783,1,33024000,1
49577.1049302,4,1784,21,33027000,-1
49580.2853135,4,1785,8,33030000,-1
49580.412543,4,1786,3,33033000,-1
49581.0936485,4,1787,1,33036000,-1
49582.727189,4,1788,3,33033000,1
49584.469497,4,1789,9,33030000,1
49595.9716551,4,1790,10,33027000,1
49602.6326401,4,1791,10,33023000,1
49604.6345021,4,1792,6,33020000,-1
49604.7864498,4,1793,8,33023000,-1
49604.8705974,4,1794,13,33026000,-1
49605.6520004,4,1795,8,33029000,-1
49614.8601868,4,1796,2,33022000,-1
49639.7219984,4,1797,20,33026000,-1
49642.6015045,4,1798,22,33023000,-1
49643.6666,4,1799,21,33020000,-1
49643.7077288,4,1800,12,33023000,-1
49645.101653,4,1801,7,33026000,1
49646.2410122,4,1802,5,33023000,1
49647.5503006,4,1803,26,33020000,-1
49648.4195947,4,1804,16,33023000,1
49650.832431,4,1805,59,33020000,-1
49651.2098288,4,1806,14,33023000,1
49654.6034823,4,1807,4,33020000,-1
49658.6947912,4,1808,49,33017000,-1
49660.9991542,4,1809,18,33014000,1
49661.0001962,4,1810,5,33011000,1
49661.5469393,4,1811,48,33014000,-1
49661.6035418,4,1812,4,33017000,1
49661.8186431,4,1813,1,33014000,1
49661.8846957,4,1814,1,33017000,-1
49662.0446144,4,1815,11,33014000,1
49662.4519467,4,1816,6,33017000,1
49662.8709493,4,1817,2,33014000,1
49664.2448952,4,1818,36,33018000,-1
49665.3826163,4,1819,8,33021000,-1
49666.7871271,4,1820,20,33018000,-1
49667.1790944,4,1821,24,33021000,-1
49674.1474591,4,1822,6,33018000,-1
49677.6143504,4,1823,19,33015000,-1
49678.1801507,4,1824,9,33012000,1
49679.5172057,4,1825,8,33015000,-1
49685.3066872,4,1826,9,33018000,-1
49692.9492146,4,1827,17,33021000,1
49697.8117655,4,1828,3,33018000,1
49697.8250556,4,1829,1,33015000,1
49700.6196142,4,1830,1,33020000,-1
49701.2220379,4,1831,31,33025000,-1
49701.4387696,4,1832,1,33028000,-1
49701.5869118,4,1833,4,33025000,-1
49702.0162343,4,1834,26,33028000,-1
49702.0949791,4,1835,1,33031000,-1
49706.2808383,4,1836,4,33028000,1
49706.386402,4,1837,12,33032000,-1
49707.1933477,4,1838,2,33035000,1
49707.2942487,4,1839,5,33032000,-1
49710.7173468,4,1840,9,33035000,-1
49724.6685487,4,1841,9,33038000,-1
49724.758913,4,1842,1,33044000,-1
49727.2854176,4,1843,3,33041000,-1
49734.2154925,4,1844,5,33044000,-1
49734.2156579,4,1845,19,33047000,-1
49741.4800952,4,1846,10,33050000,-1
49742.4556031,4,1847,7,33047000,1
49743.7049179,4,1848,9,33044000,1
49751.2385461,4,1849,7,33048000,1
49755.7553685,4,1850,1,33045000,1
49763.0996233,4,1851,14,33049000,-1
49766.3562796,4,1852,4,33052000,-1
49766.8502683,4,1853,12,33055000,-1
49774.0787319,4,1854,37,33058000,-1
49775.9452638,4,1855,17,33061000,-1
49777.0781844,4,1856,8,33064000,-1
49777.0797266,4,1857,1,33067000,-1
49784.9962275,4,1858,6,33062000,1
49792.6101653,4,1859,5,33059000,-1
49800.5315684,4,1860,5,33064000,-1
49800.7998709,4,1861,2,33060000,-1
49802.6987929,4,1862,1,33063000,-1
49806.1614809,4,1863,5,33060000,-1
49813.5077883,4,1864,8,33063000,-1
49814.4157377,4,1865,2,33066000,1
49818.1891453,4,1866,44,33069000,-1
49818.65116,4,1867,8,33072000,-1
49820.927696,4,1868,12,33075000,-1
49823.9909926,4,1869,22,33078000,-1
49824.079616,4,1870,1,33081000,-1
49824.1804478,4,1871,7,33077000,-1
49824.182833,4,1872,22,33080000,-1
49824.1878631,4,1873,34,33083000,-1
49824.18791,4,1874,3,33086000,-1
49824.3224665,4,1875,14,33082000,1
49824.5537968,4,1876,9,33079000,-1
49824.553808,4,1877,1,33082000,-1
49824.9344179,4,1878,1,33078000,1
49827.343883,4,1879,5,33082000,1
49828.2197103,4,1880,3,33079000,-1
49828.2219277,4,1881,15,33082000,-1
49828.2219515,4,1882,2,33085000,-1
49832.7530753,4,1883,8,33082000,-1
49844.6641933,4,1884,21,33079000,1
49844.6857521,4,1885,1,33082000,-1
49854.5088609,4,1886,20,33079000,-1
49863.8733696,4,1887,17,33076000,-1
49870.1254765,4,1888,13,33080000,-1
49870.1450039,4,1889,2,33083000,1
49875.2371244,4,1890,2,33080000,-1
49879.3148678,4,1891,10,33083000,1
49884.2442574,4,1892,2,33080000,1
49886.2755809,4,1893,1,33085000,1
49890.2021924,4,1894,13,33088000,-1
49893.2352322,4,1895,11,33085000,1
49914.9143472,4,1896,9,33082000,1
49919.2269038,4,1897,7,33087000,1
49928.0939794,4,1898,5,33084000,1
49930.6018519,4,1899,19,33081000,1
49933.3800421,4,1900,3,33084000,1
49936.9293965,4,1901,4,33081000,-1
49949.5617439,4,1902,1,33084000,-1
49967.5481884,4,1903,4,33081000,-1
49977.6814832,4,1904,7,33084000,1
49978.6069284,4,1905,1,33081000,1
49978.9306081,4,1906,1,33084000,-1
49981.7547016,4,1907,7,33081000,1
49983.9535567,4,1908,2,33077000,1
49988.0105124,4,1909,4,33081000,-1
49989.5427673,4,1910,4,33084000,-1
49996.7725466,4,1911,1,33087000,1
50008.0319402,4,1912,32,33090000,-1
50011.39737,4,1913,13,33094000,-1
50011.3990816,4,1914,27,33097000,-1
50012.9437726,4,1915,46,33100000,1
50013.4303634,4,1916,4,33103000,1
50016.9172406,4,1917,1,33106000,1
50016.9774723,4,1918,1,33109000,1
50018.1071424,4,1919,7,33106000,-1
50020.0875033,4,1920,1,33109000,-1
50020.3128553,4,1921,6,33106000,1
50021.9397939,4,1922,5,33103000,-1
50023.3611495,4,1923,35,33106000,-1
50037.0636961,4,1924,52,33109000,-1
50037.55626,4,1925,4,33112000,-1
50037.558686,4,1926,1,33115000,-1
50037.7167525,4,1927,2,33112000,-1
50037.7492113,4,1928,3,33115000,1
50038.3695131,4,1929,3,33112000,1
50045.5018791,4,1930,11,33109000,1
50051.2644609,4,1931,2,33112000,-1
50053.9977249,4,1932,2,33115000,1
50064.880945,4,1933,7,33112000,1
50065.1174534,4,1934,10,33109000,1
50065.3301986,4,1935,1,33106000,1
50066.8944875,4,1936,2,33109000,1
50081.077396,4,1937,8,33106000,1
50089.5570334,4,1938,7,33109000,-1
50089.9119142,4,1939,8,33112000,-1
50091.7108051,4,1940,7,33115000,-1
50103.3291283,4,1941,6,33111000,-1
50106.8547885,4,1942,5,33114000,-1
50113.1819751,4,1943,46,33118000,-1
50113.1869099,4,1944,25,33121000,-1
50114.3793391,4,1945,20,33124000,-1
50117.8262872,4,1946,28,33127000,-1
50117.8303729,4,1947,29,33130000,-1
50117.8318162,4,1948,28,33133000,-1
50122.4993403,4,1949,5,33130000,1
50122.5203898,4,1950,33,33134000,-1
50122.5205229,4,1951,1,33137000,-1
50123.0010363,4,1952,12,33132000,1
50124.2913795,4,1953,7,33129000,-1
50129.6637863,4,1954,4,33133000,-1
50140.1508136,4,1955,154,33130000,-1
50140.9412626,4,1956,5,33133000,1
50146.8407882,4,1957,13,33130000,-1
50147.1041268,4,1958,1,33133000,-1
50148.2882161,4,1959,2,33130000,-1
50154.4762627,4,1960,52,33133000,1
50154.7001822,4,1961,5,33130000,-1
50155.0839978,4,1962,6,33133000,-1
50158.0028419,4,1963,1,33128000,1
50158.1960463,4,1964,14,33132000,-1
50158.1960732,4,1965,1,33135000,-1
50159.2639938,4,1966,2,33131000,-1
50159.2640602,4,1967,4,33134000,-1
50164.3401089,4,1968,14,33131000,1
50164.7679983,4,1969,5,33127000,1
50164.8663068,4,1970,12,33124000,1
50165.0041392,4,1971,13,33121000,1
50165.3890999,4,1972,4,33118000,-1
50165.8245493,4,1973,16,33115000,-1
50168.0930155,4,1974,7,33118000,-1
50168.7328156,4,1975,8,33121000,-1
50170.7387346,4,1976,14,33124000,-1
50171.3560041,4,1977,7,33127000,-1
50173.507289,4,1978,14,33130000,1
50179.2310153,4,1979,3,33127000,1
50195.1925072,4,1980,25,33124000,1
50204.2633037,4,1981,1,33121000,-1
50205.5922736,4,1982,1,33118000,1
50206.6174777,4,1983,6,33122000,-1
50206.9900699,4,1984,4,33125000,1
50217.6873215,4,1985,13,33122000,1
50218.7336098,4,1986,7,33119000,1
50218.7336185,4,1987,1,33116000,1
50219.327574,4,1988,3,33119000,1
50221.2825728,4,1989,6,33116000,1
50221.9217379,4,1990,7,33113000,1
50222.8116011,4,1991,19,33110000,1
50224.8689326,4,1992,3,33107000,1
50225.9552391,4,1993,7,33110000,-1
50227.3878759,4,1994,2,33113000,1
50235.5751868,4,1995,18,33110000,1
50247.8334599,4,1996,26,33107000,1
50249.1428292,4,1997,8,33104000,1
50250.6048584,4,1998,2,33101000,-1
50251.4869171,4,1999,2,33104000,1
50252.5394288,4,2000,8,33101000,1
50258.4218547,4,2001,17,33104000,1
50259.0501415,4,2002,17,33101000,-1
50264.3455173,4,2003,12,33104000,1
50265.9290482,4,2004,6,33101000,-1
50277.7586807,4,2005,6,33104000,1
50279.8227818,4,2006,12,33110000,-1
50282.8775019,4,2007,7,33106000,1
50287.390076,4,2008,5,33103000,1
50287.7576996,4,2009,22,33100000,1
50304.5875048,4,2010,21,33096000,-1
50316.2104288,4,2011,42,33099000,1
50326.1603646,4,2012,52,33096000,1
50326.1621438,4,2013,18,33093000,1
50326.2033777,4,2014,3,33090000,1
50331.9673769,4,2015,1,33093000,-1
50343.8279845,4,2016,7,33096000,1
50345.1870445,4,2017,30,33093000,1
50346.221916,4,2018,13,33090000,1
50347.4630584,4,2019,30,33087000,1
50362.5597412,4,2020,64,33084000,1
50365.8994033,4,2021,1,33087000,-1
50373.4109993,4,2022,4,33083000,-1
50397.5679315,4,2023,16,33086000,1
50403.1336048,4,2024,23,33089000,-1
50404.3682938,4,2025,11,33092000,-1
50404.5247075,4,2026,1,33096000,-1
50405.332752,4,2027,8,33093000,1
50405.4102949,4,2028,1,33090000,1
50406.1701324,4,2029,9,33087000,1
50406.1989029,4,2030,4,33084000,1
50413.1605361,4,2031,11,33087000,1
50416.7143792,4,2032,13,33090000,-1
50416.7493733,4,2033,1,33093000,-1
50420.3533739,4,2034,1,33090000,1
50420.8856193,4,2035,19,33094000,-1
50420.888374,4,2036,24,33097000,-1
50420.9596309,4,2037,6,33100000,-1
50422.1779623,4,2038,2,33097000,-1
50423.8781276,4,2039,9,33100000,-1
50425.0833432,4,2040,14,33103000,1
50430.6488698,4,2041,12,33100000,1
50430.6490945,4,2042,23,33097000,1
50430.728654,4,2043,12,33094000,1
50430.8081382,4,2044,23,33091000,1
50431.102313,4,2045,38,33088000,1
50431.1838258,4,2046,19,33085000,-1
50431.6656668,4,2047,5,33088000,-1
50432.7968888,4,2048,10,33091000,-1
50433.1285128,4,2049,15,33094000,-1
50433.6185425,4,2050,8,33097000,1
50433.6185628,4,2051,1,33094000,1
50434.3035337,4,2052,6,33097000,-1
50435.7712389,4,2053,13,33094000,1
50448.3034119,4,2054,7,33091000,-1
50452.9121579,4,2055,13,33094000,1
50453.0112726,4,2056,3,33090000,1
50457.321906,4,2057,17,33087000,-1
50461.7407686,4,2058,12,33090000,-1
50462.4598921,4,2059,2,33093000,1
50467.5064315,4,2060,1,33090000,1
50468.1912213,4,2061,7,33094000,-1
50469.5593529,4,2062,4,33091000,1
50474.3674057,4,2063,10,33095000,-1
50474.910065,4,2064,1,33098000,-1
50476.2501131,4,2065,3,33101000,-1
50477.4637102,4,2066,3,33104000,1
50477.5520905,4,2067,20,33101000,1
50477.7094409,4,2068,1,33098000,1
50485.5514054,4,2069,22,33101000,1
50489.5191494,4,2070,1,33098000,1
50490.7993349,4,2071,9,33103000,1
50491.8853434,4,2072,1,33100000,1
50493.124696,4,2073,7,33107000,-1
50494.6027158,4,2074,11,33110000,-1
50494.603709,4,2075,6,33113000,-1
50496.1273462,4,2076,5,33110000,1
50503.2970815,4,2077,24,33106000,1
50507.1690992,4,2078,1,33103000,1
50510.080146,4,2079,45,33108000,1
50515.1540905,4,2080,9,33105000,1
50515.7251963,4,2081,1,33102000,1
50519.8200301,4,2082,5,33099000,1
50520.9400158,4,2083,3,33096000,1
50530.8810048,4,2084,9,33099000,1
50531.4662645,4,2085,11,33096000,1
50535.362621,4,2086,11,33093000,1
50540.1564907,4,2087,17,33090000,-1
50540.2186362,4,2088,8,33093000,-1
50540.2806019,4,2089,4,33096000,-1
50540.391053,4,2090,5,33099000,-1
50562.5421145,4,2091,18,33102000,-1
50567.8374016,4,2092,2,33105000,-1
50567.9307552,4,2093,9,33101000,1
50568.9024319,4,2094,6,33098000,1
50570.0112134,4,2095,1,33094000,1
50575.6007935,4,2096,7,33097000,-1
50582.4978845,4,2097,13,33100000,-1
50583.4054252,4,2098,13,33103000,-1
50585.2515265,4,2099,4,33107000,-1
50588.1800292,4,2100,6,33110000,1
50590.0621194,4,2101,2,33107000,-1
50594.8245505,4,2102,5,33112000,1
50600.0306182,4,2103,8,33109000,-1
50616.4204042,4,2104,7,33112000,-1
50626.8260458,4,2105,16,33115000,-1
50639.4858201,4,2106,11,33112000,1
50643.6901302,4,2107,1,33108000,1
50645.4283634,4,2108,2,33111000,-1
50666.6067567,4,2109,7,33108000,1
50670.2943941,4,2110,5,33105000,-1
50693.7385844,4,2111,14,33108000,-1
50721.2742347,4,2112,15,33111000,1
50743.2164085,4,2113,16,33108000,-1
50771.1254247,4,2114,22,33111000,1
50780.7619073,4,2115,7,33108000,1
50783.9650526,4,2116,4,33105000,-1
50794.4832062,4,2117,6,33108000,-1
50804.1531191,4,2118,8,33111000,-1
50804.9017511,4,2119,6,33114000,-1
50809.5950934,4,2120,12,33117000,-1
50812.291602,4,2121,3,33120000,-1
50813.7434211,4,2122,3,33115000,-1
50815.5370548,4,2123,12,33120000,-1
50823.9620153,4,2124,6,33123000,-1
50835.0006824,4,2125,7,33127000,1
50841.1206251,4,2126,1,33124000,1
50844.7647891,4,2127,4,33127000,1
50846.1924928,4,2128,1,33124000,1
50847.0507971,4,2129,21,33127000,-1
50847.0508611,4,2130,4,33130000,-1
50866.6675463,4,2131,18,33124000,1
50868.837447,4,2132,11,33127000,-1
50873.9043728,4,2133,27,33130000,1
50879.6250892,4,2134,1,33126000,1
50892.5463045,4,2135,14,33132000,-1
50893.193347,4,2136,9,33135000,1
50913.7520445,4,2137,4,33132000,1
50930.6082881,4,2138,6,33138000,-1
50932.5079948,4,2139,11,33135000,1
50934.5801237,4,2140,5,33132000,1
50941.1168015,4,2141,10,33135000,-1
50941.9831193,4,2142,6,33138000,1
50942.695391,4,2143,6,33135000,-1
50944.9137302,4,2144,4,33138000,1
50944.9346623,4,2145,4,33135000,-1
50947.8076038,4,2146,29,33138000,-1
50949.8709024,4,2147,13,33141000,-1
50973.1981248,4,2148,29,33138000,-1
50984.930167,4,2149,60,33141000,-1
50985.0785972,4,2150,8,33144000,-1
50985.6889759,4,2151,6,33141000,1
50993.4414226,4,2152,17,33138000,1
51004.8705469,4,2153,16,33135000,1
51006.5012403,4,2154,1,33131000,1
51020.331585,4,2155,12,33134000,-1
51022.6181713,4,2156,11,33137000,1
51024.1664922,4,2157,7,33134000,-1
51029.116306,4,2158,17,33137000,1
51029.1654468,4,2159,7,33134000,1
51029.2322978,4,2160,7,33131000,1
51029.3365076,4,2161,8,33128000,1
51033.6474822,4,2162,20,33125000,1
51041.5253705,4,2163,18,33122000,1
51042.0323704,4,2164,17,33126000,-1
51044.4230961,4,2165,14,33129000,-1
51045.2705713,4,2166,13,33132000,-1
51047.6541665,4,2167,1,33135000,-1
51054.6645742,4,2168,11,33138000,1
51054.7858992,4,2169,1,33135000,-1
51057.7868178,4,2170,5,33138000,1
51059.3147512,4,2171,1,33135000,1
51073.8415578,4,2172,13,33140000,1
51073.843543,4,2173,19,33137000,1
51073.8490972,4,2174,35,33134000,1
51073.8519459,4,2175,27,33131000,1
51073.8526354,4,2176,9,33128000,1
51090.6603411,4,2177,23,33131000,-1
51090.8999012,4,2178,7,33134000,-1
51091.4865875,4,2179,7,33137000,1
51098.3065125,4,2180,9,33134000,1
51111.5132692,4,2181,6,33131000,1
51119.7172761,4,2182,16,33135000,-1
51122.7305281,4,2183,10,33139000,-1
51122.8889991,4,2184,6,33142000,-1
51124.9521704,4,2185,6,33145000,-1
51163.5663094,4,2186,21,33142000,-1
51167.4347891,4,2187,1,33145000,-1
51178.843254,4,2188,1,33142000,-1
51181.9366719,4,2189,9,33138000,1
51182.5229377,4,2190,1,33135000,1
51194.8554387,4,2191,3,33139000,-1
51195.2592782,4,2192,4,33142000,1
51205.8267017,4,2193,9,33138000,1
51206.7904331,4,2194,7,33135000,1
51246.6514915,4,2195,2,33138000,-1
51255.7480524,4,2196,7,33141000,-1
51266.6538828,4,2197,5,33144000,-1
51271.1072651,4,2198,24,33147000,-1
51272.0460223,4,2199,42,33150000,-1
51275.3863628,4,2200,2,33153000,1
51289.789421,4,2201,4,33150000,1
51292.8098352,4,2202,4,33147000,-1
51294.7750314,4,2203,1,33150000,-1
51301.4634096,4,2204,3,33147000,1
51309.8749824,4,2205,10,33150000,-1
51330.0903619,4,2206,19,33153000,-1
51330.8980453,4,2207,3,33156000,1
51334.6256191,4,2208,1,33152000,1
51356.3248297,4,2209,14,33156000,-1
51356.3248713,4,2210,1,33159000,-1
51367.3184602,4,2211,5,33156000,1
51367.7763531,4,2212,42,33160000,-1
51367.7778084,4,2213,42,33163000,-1
51367.7799178,4,2214,31,33166000,-1
51367.851785,4,2215,94,33169000,1
51367.8829342,4,2216,16,33172000,-1
51367.9373831,4,2217,17,33168000,1
51367.9454424,4,2218,1,33165000,1
51367.9810506,4,2219,4,33170000,-1
51367.9831357,4,2220,2,33166000,1
51367.9831465,4,2221,1,33162000,1
51368.7305146,4,2222,3,33165000,1
51372.4186599,4,2223,27,33162000,1
51373.138075,4,2224,12,33159000,1
51373.7017361,4,2225,1,33156000,1
51385.0337693,4,2226,3,33159000,-1
51386.3761182,4,2227,9,33156000,1
51392.8783488,4,2228,5,33152000,1
51401.4237121,4,2229,10,33156000,-1
51403.0954768,4,2230,6,33159000,1
51403.446423,4,2231,2,33156000,-1
51410.368185,4,2232,1,33159000,-1
51419.6426168,4,2233,16,33155000,1
51422.3354465,4,2234,6,33151000,1
51422.4041957,4,2235,1,33148000,1
51427.6740942,4,2236,5,33151000,-1
51431.1577408,4,2237,5,33154000,-1
51434.8730105,4,2238,5,33158000,1
51442.3858879,4,2239,1,33154000,1
51447.1266546,4,2240,9,33157000,-1
51451.7594027,4,2241,11,33160000,-1
51454.1790072,4,2242,16,33163000,-1
51465.3638196,4,2243,65,33166000,-1
51470.2497811,4,2244,5,33163000,-1
51473.8839304,4,2245,2,33166000,-1
51480.7512366,4,2246,13,33169000,-1
51482.3969091,4,2247,18,33172000,-1
51484.4818381,4,2248,49,33175000,1
51486.5831127,4,2249,24,33172000,-1
51487.7573466,4,2250,13,33175000,-1
51489.839999,4,2251,11,33172000,1
51492.4919136,4,2252,12,33169000,1
51498.631367,4,2253,16,33166000,-1
51500.8749391,4,2254,23,33169000,-1
51503.5753215,4,2255,3,33172000,-1
51531.279534,4,2256,12,33169000,1
51544.2792101,4,2257,12,33172000,-1
51545.7768914,4,2258,1,33169000,-1
51547.2892515,4,2259,1,33165000,1
51554.514956,4,2260,1,33169000,-1
51567.3600189,4,2261,6,33166000,1
51572.5643685,4,2262,22,33163000,1
51576.6060942,4,2263,14,33160000,1
51578.1701694,4,2264,1,33157000,1
51578.8274315,4,2265,1,33160000,-1
51580.3925101,4,2266,2,33157000,-1
51594.878977,4,2267,16,33160000,-1
51598.5706851,4,2268,15,33157000,1
51602.2621144,4,2269,13,33154000,1
51602.8656952,4,2270,31,33151000,1
51602.8972418,4,2271,1,33148000,-1
51603.7376461,4,2272,2,33145000,-1
51610.7327746,4,2273,27,33148000,-1
51611.612034,4,2274,14,33151000,1
51615.552443,4,2275,21,33148000,1
51616.1015264,4,2276,4,33145000,-1
51616.4773346,4,2277,1,33148000,-1
51620.5239852,4,2278,4,33145000,-1
51626.7454068,4,2279,2,33148000,-1
51629.0784202,4,2280,2,33151000,-1
51631.6870592,4,2281,6,33154000,-1
51633.3914399,4,2282,8,33157000,-1
51634.0616877,4,2283,7,33161000,1
51643.544354,4,2284,9,33158000,-1
51649.0691342,4,2285,6,33155000,1
51649.752167,4,2286,3,33151000,1
51657.0929576,4,2287,4,33148000,-1
51660.2533084,4,2288,11,33151000,-1
51678.7038445,4,2289,32,33154000,-1
51685.9291711,4,2290,9,33157000,1
51687.0278353,4,2291,1,33154000,1
51691.5933192,4,2292,7,33157000,-1
51694.2372996,4,2293,4,33160000,-1
51714.3820515,4,2294,1,33163000,-1
51720.0984648,4,2295,15,33160000,1
51720.1200327,4,2296,1,33157000,-1
51729.4773323,4,2297,3,33162000,-1
51731.4148026,4,2298,8,33165000,1
51753.6196722,4,2299,3,33162000,-1
51799.6626434,4,2300,2,33159000,1
51807.0245495,4,2301,28,33156000,-1
51816.038058,4,2302,1,33159000,-1
51827.891321,4,2303,2,33156000,-1
51839.1316646,4,2304,1,33153000,-1
51840.2856796,4,2305,8,33150000,1
51842.0386886,4,2306,13,33147000,1
51843.6404818,4,2307,3,33152000,-1
51843.7937414,4,2308,2,33148000,1
51843.9842023,4,2309,1,33145000,-1
51844.3135845,4,2310,3,33148000,1
51844.7804458,4,2311,25,33145000,1
51850.9671954,4,2312,1,33142000,1
51857.0312149,4,2313,3,33146000,-1
51861.223763,4,2314,6,33143000,-1
51862.0127165,4,2315,15,33140000,1
51867.2104037,4,2316,23,33137000,-1
51871.5811237,4,2317,14,33140000,1
51878.8431722,4,2318,1,33137000,1
51882.6679994,4,2319,2,33141000,-1
51882.90592,4,2320,5,33144000,-1
51883.2604874,4,2321,8,33147000,-1
51884.0543577,4,2322,11,33151000,-1
51884.2010536,4,2323,3,33154000,-1
51885.1037038,4,2324,8,33157000,1
51885.1622724,4,2325,2,33154000,-1
51885.162283,4,2326,1,33157000,-1
51885.6939626,4,2327,20,33154000,1
51885.694043,4,2328,1,33151000,1
51890.0319418,4,2329,8,33155000,1
51895.5692197,4,2330,4,33152000,1
51896.8987962,4,2331,6,33149000,1
51905.8109933,4,2332,1,33145000,1
51911.9381715,4,2333,7,33149000,1
51913.2325308,4,2334,4,33152000,-1
51914.2971969,4,2335,1,33155000,1
51914.4233933,4,2336,1,33158000,-1
51914.5066652,4,2337,2,33154000,-1
51916.7310226,4,2338,1,33157000,-1
51920.561408,4,2339,12,33153000,1
51921.1635424,4,2340,1,33150000,1
51922.0435315,4,2341,1,33154000,1
51923.4028095,4,2342,1,33157000,-1
51927.0110566,4,2343,7,33154000,1
51929.9907104,4,2344,15,33151000,-1
51930.663816,4,2345,5,33154000,-1
51938.6894785,4,2346,1,33158000,1
51939.3944762,4,2347,5,33162000,-1
51942.0841395,4,2348,2,33158000,1
51950.1210137,4,2349,12,33162000,1
51951.7942116,4,2350,3,33159000,1
51959.529461,4,2351,3,33156000,-1
51976.4393099,4,2352,13,33159000,-1
51984.4637684,4,2353,3,33156000,-1
52008.3311217,4,2354,20,33159000,-1
52009.9383862,4,2355,3,33163000,-1
52015.7298244,4,2356,12,33160000,1
52017.0757029,4,2357,3,33156000,-1
52017.0776577,4,2358,16,33159000,-1
52017.3522892,4,2359,2,33162000,-1
52025.0092017,4,2360,13,33157000,1
52026.673184,4,2361,16,33154000,-1
52035.3831445,4,2362,8,33157000,-1
52035.3884305,4,2363,33,33160000,-1
52037.100572,4,2364,14,33163000,1
52040.2405978,4,2365,4,33160000,1
52067.7897361,4,2366,11,33157000,1
52069.6275546,4,2367,18,33154000,1
52071.0534972,4,2368,16,33151000,-1
52086.2185464,4,2369,10,33154000,-1
52092.474783,4,2370,32,33157000,1
52095.6528405,4,2371,11,33154000,1
52104.4948415,4,2372,24,33151000,1
52107.5229551,4,2373,9,33148000,-1
52119.1624934,4,2374,19,33151000,-1
52121.3845903,4,2375,10,33154000,1
52122.5201144,4,2376,20,33157000,-1
52124.3128527,4,2377,2,33160000,-1
52128.1724212,4,2378,10,33163000,1
52132.2408525,4,2379,88,33166000,1
52134.66405,4,2380,20,33163000,-1
52137.250733,4,2381,35,33166000,-1
52143.2346501,4,2382,128,33169000,1
52143.7682407,4,2383,1,33166000,1
52145.6347049,4,2384,61,33169000,1
52146.2988981,4,2385,27,33166000,1
52146.6958937,4,2386,2,33163000,-1
52146.8354778,4,2387,6,33166000,-1
52147.0005169,4,2388,44,33163000,1
52147.369124,4,2389,2,33160000,-1
52148.7441185,4,2390,33,33163000,-1
52171.0312176,4,2391,20,33159000,-1
52192.5822878,4,2392,19,33162000,-1
52195.0487665,4,2393,1,33159000,-1
52200.052717,4,2394,3,33156000,-1
52201.7497727,4,2395,4,33152000,-1
52204.1783161,4,2396,5,33155000,-1
52216.3014751,4,2397,39,33158000,1
52223.4679369,4,2398,1,33155000,1
52244.4961621,4,2399,17,33158000,-1
52247.3686327,4,2400,5,33161000,1
52250.2031496,4,2401,7,33164000,-1
52256.8163949,4,2402,6,33167000,1
52256.9089184,4,2403,3,33164000,1
52260.2810075,4,2404,4,33161000,-1
52260.3313127,4,2405,1,33164000,-1
52262.5291144,4,2406,5,33160000,1
52263.1815473,4,2407,4,33157000,1
52263.2298916,4,2408,1,33154000,1
52266.740903,4,2409,3,33157000,-1
52283.4113664,4,2410,3,33160000,1
52294.9715741,4,2411,2,33164000,1
52313.1095546,4,2412,18,33161000,-1
52334.0691636,4,2413,2,33164000,1
52342.5205173,4,2414,15,33161000,1
52345.4117397,4,2415,8,33164000,1
52357.8625766,4,2416,1,33161000,1
52363.1423392,4,2417,2,33164000,1
52379.1344363,4,2418,9,33161000,-1
52382.3275973,4,2419,7,33164000,-1
52382.5286954,4,2420,2,33167000,1
52383.3392909,4,2421,10,33170000,1
52392.7121582,4,2422,6,33167000,1
52414.2702052,4,2423,8,33164000,1
52416.3373671,4,2424,7,33161000,1
52418.2662905,4,2425,6,33164000,-1
52418.6239753,4,2426,4,33167000,-1
52421.3476875,4,2427,15,33170000,-1
52421.902563,4,2428,27,33173000,-1
52422.8902847,4,2429,27,33176000,-1
52424.2145118,4,2430,18,33179000,-1
52432.5284423,4,2431,3,33176000,1
52434.330327,4,2432,38,33180000,1
52444.3480571,4,2433,41,33177000,-1
52444.4480141,4,2434,23,33180000,-1
52466.1123589,4,2435,51,33183000,-1
52483.000269,4,2436,15,33186000,-1
52488.1595624,4,2437,21,33189000,-1
52492.1534617,4,2438,6,33186000,1
52497.6133112,4,2439,4,33183000,-1
52497.616599,4,2440,19,33186000,-1
52499.8524897,4,2441,31,33189000,-1
52505.9608602,4,2442,17,33192000,-1
52506.1291572,4,2443,1,33189000,1
52506.8794332,4,2444,5,33186000,1
52509.7480612,4,2445,16,33183000,1
52510.5484688,4,2446,28,33180000,-1
52514.037317,4,2447,5,33184000,-1
52516.9594733,4,2448,6,33187000,-1
52523.3366869,4,2449,17,33190000,-1
52524.7497478,4,2450,34,33193000,-1
52527.6846325,4,2451,69,33196000,-1
52536.2259041,4,2452,73,33199000,1
52546.8068205,4,2453,20,33195000,-1
52548.1959415,4,2454,11,33199000,1
52560.8772444,4,2455,10,33196000,1
52564.4641411,4,2456,45,33200000,1
52564.5272075,4,2457,1,33197000,-1
52568.0471482,4,2458,53,33200000,-1
52570.0120477,4,2459,62,33203000,-1
52586.6928334,4,2460,37,33206000,1
52591.4137091,4,2461,32,33210000,1
52604.6173293,4,2462,22,33207000,-1
52608.8681657,4,2463,1,33210000,-1
52623.4228396,4,2464,7,33205000,-1
52628.382354,4,2465,21,33202000,1
52628.6272989,4,2466,7,33199000,1
52632.6110049,4,2467,13,33196000,1
52635.2965678,4,2468,22,33192000,1
52635.428363,4,2469,5,33189000,1
52635.5370462,4,2470,30,33186000,1
52635.6937574,4,2471,10,33183000,1
52637.3283615,4,2472,6,33186000,1
52638.9841123,4,2473,1,33183000,-1
52640.1613787,4,2474,12,33180000,1
52642.4625599,4,2475,26,33184000,1
52655.0926529,4,2476,26,33181000,1
52659.8527277,4,2477,1,33178000,-1
52663.5005001,4,2478,3,33175000,-1
52665.9073247,4,2479,4,33178000,-1
52666.5629343,4,2480,4,33175000,-1
52679.7310275,4,2481,26,33178000,1
52684.7617921,4,2482,1,33175000,1
52694.1945394,4,2483,7,33178000,-1
52697.0986195,4,2484,3,33181000,-1
52699.9434539,4,2485,1,33185000,-1
52702.4579914,4,2486,1,33182000,1
52707.736065,4,2487,13,33185000,-1
52709.2594222,4,2488,8,33188000,-1
52720.2315764,4,2489,8,33192000,1
52733.4972049,4,2490,12,33188000,1
52740.8035625,4,2491,8,33191000,1
52743.2874434,4,2492,2,33188000,-1
52747.922075,4,2493,1,33191000,-1
52751.8973491,4,2494,1,33188000,1
52777.5267438,4,2495,19,33191000,1
52783.8942603,4,2496,16,33188000,-1
52785.6749325,4,2497,2,33191000,1
52791.8767146,4,2498,1,33187000,1
52797.0045492,4,2499,8,33191000,-1
52807.6998203,4,2500,3,33194000,1
52808.5145803,4,2501,5,33191000,1
52814.9370129,4,2502,12,33188000,-1
52816.8600906,4,2503,2,33191000,1
52822.051754,4,2504,47,33188000,1
52827.4951737,4,2505,21,33185000,1
52835.3154764,4,2506,5,33189000,-1
52853.7034892,4,2507,9,33183000,1
52871.7087109,4,2508,24,33186000,-1
52883.4691241,4,2509,13,33183000,-1
52892.1028,4,2510,5,33186000,1
52897.4118151,4,2511,7,33183000,1
52909.4203476,4,2512,31,33186000,-1
52909.8414297,4,2513,15,33189000,-1
52912.4434242,4,2514,4,33192000,-1
52915.137339,4,2515,5,33189000,-1
52940.3973038,4,2516,4,33192000,1
52975.0201748,4,2517,17,33195000,1
52987.2947251,4,2518,7,33192000,1
52993.3117178,4,2519,2,33195000,1
52995.9259956,4,2520,7,33192000,-1
53004.4836754,4,2521,2,33196000,-1
53022.7291441,4,2522,17,33199000,-1
53030.2840655,4,2523,5,33202000,1
53060.3078992,4,2524,17,33198000,1
53075.2183283,4,2525,10,33195000,1
53083.6329561,4,2526,8,33192000,1
53111.0033625,4,2527,11,33195000,-1
53121.76861,4,2528,5,33198000,1
53145.8661297,4,2529,36,33195000,1
53149.2225957,4,2530,8,33192000,1
53160.5120033,4,2531,1,33189000,1
53161.1879583,4,2532,4,33192000,1
53171.6209073,4,2533,11,33189000,1
53183.1950656,4,2534,12,33186000,1
53207.7093005,4,2535,6,33183000,1
53209.6501765,4,2536,1,33180000,1
53213.0850348,4,2537,3,33184000,-1
53228.9665181,4,2538,2,33187000,1
53231.4385346,4,2539,7,33190000,-1
53237.9489209,4,2540,5,33193000,1
53246.0878011,4,2541,1,33190000,1
53247.0368471,4,2542,13,33193000,-1
53251.2757727,4,2543,5,33196000,-1
53253.0502191,4,2544,3,33199000,-1
53271.9277939,4,2545,2,33196000,-1
53280.6480616,4,2546,1,33193000,1
53289.750693,4,2547,3,33196000,1
53289.8790623,4,2548,4,33193000,1
53290.7042328,4,2549,9,33190000,1
53295.457804,4,2550,4,33187000,1
53309.0494729,4,2551,11,33184000,-1
53311.8656046,4,2552,5,33187000,-1
53319.0393828,4,2553,1,33190000,-1
53334.6097912,4,2554,7,33187000,1
53337.3159378,4,2555,4,33184000,1
53348.1989187,4,2556,30,33181000,-1
53352.2517322,4,2557,10,33178000,-1
53357.8936749,4,2558,3,33181000,-1
53360.6916979,4,2559,8,33186000,1
53367.3311269,4,2560,1,33183000,-1
53376.4205924,4,2561,4,33178000,-1
53384.0767303,4,2562,16,33181000,-1
53385.2756756,4,2563,1,33184000,-1
53385.9347371,4,2564,1,33181000,1
53387.7904659,4,2565,3,33178000,-1
53428.1874449,4,2566,38,33181000,1
53429.5405272,4,2567,4,33178000,-1
53439.3304075,4,2568,2,33181000,1
53459.9147474,4,2569,31,33178000,1
53462.6208364,4,2570,18,33175000,1
53462.6949299,4,2571,9,33178000,-1
53463.6256655,4,2572,6,33181000,-1
53466.7820145,4,2573,4,33184000,-1
53467.403534,4,2574,3,33187000,-1
53469.6155142,4,2575,2,33191000,-1
53470.0731527,4,2576,8,33194000,-1
53479.6227745,4,2577,5,33191000,1
53488.3679056,4,2578,7,33188000,1
53488.5690124,4,2579,1,33185000,1
53490.7782986,4,2580,1,33188000,1
53494.5912226,4,2581,19,33185000,1
53496.0995869,4,2582,7,33182000,1
53505.8682648,4,2583,2,33186000,-1
53522.2538022,4,2584,6,33189000,-1
53532.2851918,4,2585,1,33192000,-1
53541.3555786,4,2586,2,33189000,1
53544.5285771,4,2587,2,33186000,-1
53549.7672737,4,2588,3,33189000,-1
53551.0872719,4,2589,12,33192000,1
53558.3756301,4,2590,2,33189000,-1
53587.4617148,4,2591,7,33192000,-1
53591.1604211,4,2592,6,33197000,1
53614.26694,4,2593,8,33194000,-1
53624.2792952,4,2594,7,33197000,1
53636.583712,4,2595,4,33194000,-1
53657.5175534,4,2596,13,33198000,-1
53661.6451705,4,2597,25,33201000,-1
53661.6893081,4,2598,22,33204000,-1
53661.7335036,4,2599,8,33207000,-1
53663.1415104,4,2600,14,33204000,1
53672.6971122,4,2601,5,33201000,1
53690.0365033,4,2602,1,33205000,-1
53699.883814,4,2603,29,33202000,-1
53712.506959,4,2604,25,33206000,-1
53721.4075327,4,2605,9,33209000,1
53729.4669535,4,2606,25,33212000,1
53734.8804456,4,2607,30,33215000,1
53744.8018651,4,2608,15,33212000,1
53746.7186336,4,2609,31,33209000,1
53763.0053946,4,2610,5,33206000,-1
53765.5438787,4,2611,5,33209000,1
53772.3293134,4,2612,41,33206000,-1
53783.0650406,4,2613,5,33209000,1
53784.6974419,4,2614,8,33206000,1
53789.4107346,4,2615,7,33203000,-1
53789.4108282,4,2616,4,33206000,-1
53790.4272482,4,2617,3,33203000,1
53797.1798654,4,2618,3,33206000,1
53828.2452031,4,2619,18,33209000,1
53837.2330934,4,2620,11,33206000,-1
53881.7434243,4,2621,17,33209000,1
53909.0678884,4,2622,1,33206000,1
53937.6764399,4,2623,10,33209000,-1
53943.1971571,4,2624,2,33212000,1
53952.481091,4,2625,16,33215000,1
53955.8768833,4,2626,11,33212000,1
53984.609161,4,2627,11,33209000,1
53992.6869841,4,2628,3,33212000,1
54001.109821,4,2629,7,33209000,-1
54049.3813654,4,2630,10,33212000,1
54056.1871144,4,2631,18,33215000,1
54077.4509855,4,2632,12,33212000,-1
54081.9754708,4,2633,3,33215000,1
54107.0623435,4,2634,6,33212000,1
54121.2650613,4,2635,10,33209000,1
54121.4464365,4,2636,23,33206000,1
54133.8395035,4,2637,26,33203000,1
54135.2261886,4,2638,24,33200000,1
54146.3803999,4,2639,47,33197000,1
54156.4388993,4,2640,24,33194000,1
54161.4103375,4,2641,13,33197000,1
54164.3080135,4,2642,12,33194000,1
54188.8677168,4,2643,26,33198000,1
54199.5667913,4,2644,10,33195000,-1
54200.8617712,4,2645,4,33192000,-1
54220.6136011,4,2646,6,33195000,-1
54223.0551444,4,2647,9,33192000,-1
54226.8278124,4,2648,11,33195000,-1
54232.5136597,4,2649,8,33198000,-1
54242.5226052,4,2650,7,33203000,1
54260.4115663,4,2651,24,33200000,-1
54266.4753972,4,2652,5,33203000,1
54275.7465301,4,2653,5,33200000,-1
54285.4081012,4,2654,24,33203000,1
54296.244128,4,2655,17,33200000,1
54297.7878295,4,2656,2,33197000,-1
54304.449886,4,2657,4,33200000,1
54371.3688565,4,2658,31,33197000,1
54371.4670879,4,2659,3,33194000,1
54374.1769084,4,2660,21,33191000,1
54389.2948874,4,2661,17,33188000,1
54391.9190006,4,2662,19,33185000,1
54421.6282866,4,2663,15,33182000,1
54428.6023189,4,2664,13,33185000,-1
54436.398159,4,2665,15,33188000,-1
54457.1853476,4,2666,15,33192000,-1
54458.203315,4,2667,2,33195000,1
54478.2439,4,2668,26,33192000,-1
54503.6295024,4,2669,14,33188000,1
54526.3536398,4,2670,13,33184000,-1
54535.8842098,4,2671,21,33181000,1
54546.9106815,4,2672,22,33178000,1
54547.8223932,4,2673,14,33175000,1
54553.3076438,4,2674,6,33172000,1
54563.4053125,4,2675,47,33169000,-1
54572.7368094,4,2676,3,33172000,1
54581.2015837,4,2677,12,33169000,-1
54582.5693926,4,2678,11,33172000,-1
54589.8828595,4,2679,4,33176000,1
54591.8582593,4,2680,1,33173000,-1
54607.2822326,4,2681,8,33170000,1
54609.5138679,4,2682,8,33167000,1
54620.8519314,4,2683,14,33170000,-1
54622.1990807,4,2684,6,33173000,-1
54668.1761598,4,2685,12,33176000,-1
54670.2847246,4,2686,2,33180000,-1
54702.3917675,4,2687,20,33177000,1
54706.1126626,4,2688,5,33174000,1
54714.4602345,4,2689,1,33177000,1
54733.559016,4,2690,33,33180000,1
54735.7604941,4,2691,3,33177000,1
54736.2430974,4,2692,4,33174000,-1
54750.650845,4,2693,12,33177000,1
54752.1477422,4,2694,7,33174000,1
54786.6183229,4,2695,2,33171000,1
54808.0020818,4,2696,8,33174000,1
54847.8042334,4,2697,2,33171000,-1
54859.7817688,4,2698,2,33174000,-1
54868.0605794,4,2699,8,33177000,1
54868.8553796,4,2700,13,33174000,1
54871.0049823,4,2701,7,33171000,1
54873.9370784,4,2702,30,33168000,1
54890.3597224,4,2703,6,33165000,1
54917.3287937,4,2704,26,33168000,-1
54923.0321491,4,2705,5,33165000,-1
54946.9211828,4,2706,13,33169000,-1
54950.989211,4,2707,4,33172000,1
54955.5497929,4,2708,8,33169000,-1
55003.0005283,4,2709,7,33172000,1
55012.6688056,4,2710,48,33176000,-1
55012.731538,4,2711,9,33179000,1
55020.4820872,4,2712,7,33176000,1
55026.3833382,4,2713,1,33173000,-1
55072.4274352,4,2714,17,33176000,-1
55089.9877854,4,2715,8,33173000,-1
55097.299459,4,2716,3,33170000,1
55124.3907259,4,2717,7,33175000,1
55124.5284473,4,2718,1,33172000,1
55157.1148779,4,2719,13,33176000,1
55171.1578941,4,2720,46,33173000,1
55208.7698048,4,2721,5,33170000,1
55211.7194789,4,2722,7,33166000,1
55213.6712549,4,2723,4,33163000,-1
55213.8794485,4,2724,2,33166000,1
55222.2519996,4,2725,38,33163000,1
55222.3433125,4,2726,3,33160000,1
55234.2655632,4,2727,1,33163000,1
55247.2476121,4,2728,2,33166000,-1
55248.8830603,4,2729,7,33169000,1
55248.8860774,4,2730,1,33166000,1
55281.4982423,4,2731,1,33169000,1
55298.1237647,4,2732,6,33173000,-1
55301.4015801,4,2733,7,33177000,-1
55322.4627754,4,2734,14,33180000,-1
55334.4822955,4,2735,14,33183000,-1
55337.2797751,4,2736,6,33180000,1
55340.4722311,4,2737,22,33177000,1
55345.6695277,4,2738,2,33174000,-1
55360.565612,4,2739,6,33177000,1
55369.1730228,4,2740,4,33173000,1
55382.0933336,4,2741,6,33170000,1
55406.4371889,4,2742,6,33173000,1
55414.0810665,4,2743,7,33170000,1
55419.0893726,4,2744,5,33167000,-1
55425.6395002,4,2745,10,33170000,1
55430.8919011,4,2746,4,33167000,-1
55460.4875912,4,2747,32,33170000,1
55478.5905301,4,2748,4,33167000,1
55513.8183797,4,2749,10,33170000,-1
55524.1874299,4,2750,20,33173000,-1
55551.6901915,4,2751,3,33179000,1
55562.4076556,4,2752,4,33182000,-1
55606.1575264,4,2753,1,33185000,1
55626.2932053,4,2754,5,33189000,-1
55630.2246803,4,2755,1,33186000,1
55630.2993576,4,2756,7,33183000,-1
55665.1547081,4,2757,40,33186000,1
55686.8169841,4,2758,6,33183000,1
55708.3506508,4,2759,1,33180000,-1
55712.2969634,4,2760,1,33176000,-1
55717.7820698,4,2761,5,33173000,-1
55719.1956256,4,2762,1,33176000,1
55726.4722155,4,2763,1,33173000,1
55733.3891977,4,2764,2,33176000,-1
55773.2430873,4,2765,5,33179000,1
55800.7183703,4,2766,12,33176000,1
55842.1972218,4,2767,1,33173000,1
55852.9792985,4,2768,19,33177000,-1
55859.9840444,4,2769,3,33180000,1
55868.3468026,4,2770,12,33177000,1
55871.0963918,4,2771,2,33174000,-1
55878.7822123,4,2772,5,33177000,-1
55884.6132763,4,2773,2,33180000,-1
55900.4977979,4,2774,1,33177000,1
55907.3728139,4,2775,15,33180000,-1
55909.6198713,4,2776,8,33183000,1
55933.8463346,4,2777,13,33180000,-1
55986.9831181,4,2778,2,33176000,-1
55994.6867656,4,2779,3,33179000,1
56006.7481164,4,2780,26,33182000,1
56009.1796392,4,2781,31,33179000,-1
56017.8943907,4,2782,2,33176000,1
56035.8619941,4,2783,1,33179000,1
56041.1195088,4,2784,3,33182000,-1
56089.9835845,4,2785,29,33185000,1
56098.8652288,4,2786,6,33182000,1
56112.9395456,4,2787,6,33178000,1
56113.6856564,4,2788,19,33175000,-1
56117.0042608,4,2789,2,33170000,1
56189.2610485,4,2790,62,33173000,1
56190.3015453,4,2791,1,33170000,1
56203.4398548,4,2792,6,33173000,1
56206.7458187,4,2793,5,33170000,1
56208.9339821,4,2794,30,33167000,1
56208.9376515,4,2795,35,33164000,1
56208.9390603,4,2796,13,33161000,1
56214.3256137,4,2797,9,33164000,1
56222.1386144,4,2798,14,33161000,-1
56224.5971217,4,2799,2,33164000,1
56242.2163442,4,2800,22,33161000,1
56249.2302232,4,2801,40,33158000,1
56250.9413917,4,2802,17,33155000,1
56282.4034603,4,2803,2,33158000,-1
56283.4836498,4,2804,25,33151000,1
56283.5319584,4,2805,1,33155000,-1
56285.0892733,4,2806,10,33152000,-1
56290.293668,4,2807,7,33155000,1
56290.2942175,4,2808,20,33152000,1
56290.294237,4,2809,1,33149000,1
56324.5408848,4,2810,14,33152000,-1
56325.3598349,4,2811,9,33155000,-1
56329.0962752,4,2812,1,33158000,1
56342.1034403,4,2813,9,33155000,-1
56351.1493649,4,2814,16,33158000,1
56365.7735486,4,2815,5,33155000,-1
56398.4234203,4,2816,32,33158000,-1
56398.427932,4,2817,5,33155000,-1
56401.4980359,4,2818,2,33152000,1
56414.1242602,4,2819,9,33156000,1
56414.1242908,4,2820,1,33153000,1
56415.1817925,4,2821,7,33156000,1
56415.2267784,4,2822,17,33153000,-1
56419.8384179,4,2823,4,33156000,1
56436.8933055,4,2824,33,33153000,1
56443.5956302,4,2825,4,33156000,1
56459.3575434,4,2826,7,33159000,1
56480.5937943,4,2827,3,33156000,-1
56482.7100893,4,2828,16,33153000,-1
56492.2539142,4,2829,20,33156000,-1
56496.5200708,4,2830,1,33160000,-1
56507.7155291,4,2831,15,33157000,-1
56516.9289619,4,2832,16,33160000,-1
56522.2889526,4,2833,1,33163000,-1
56528.0241377,4,2834,2,33160000,-1
56551.1556029,4,2835,32,33163000,-1
56558.6725049,4,2836,13,33166000,-1
56585.0184619,4,2837,18,33169000,1
56598.6764961,4,2838,8,33172000,-1
56608.2796105,4,2839,12,33175000,1
56608.3109604,4,2840,6,33172000,1
56634.932626,4,2841,9,33175000,-1
56642.7831632,4,2842,16,33178000,-1
56643.6735491,4,2843,1,33181000,-1
56655.517283,4,2844,9,33178000,1
56655.5352396,4,2845,2,33175000,-1
56672.7410055,4,2846,29,33178000,1
56672.7887462,4,2847,1,33175000,1
56730.3686404,4,2848,109,33178000,1
56737.5835697,4,2849,4,33175000,1
56759.8614649,4,2850,1,33172000,1
56766.8152633,4,2851,4,33176000,-1
56789.6774815,4,2852,4,33179000,1
56842.8088489,4,2853,3,33175000,1
56851.2331671,4,2854,9,33172000,1
56851.2366312,4,2855,27,33169000,1
56852.5374269,4,2856,13,33166000,1
56855.5752845,4,2857,13,33163000,1
56857.4855592,4,2858,13,33160000,1
56860.1780533,4,2859,9,33157000,-1
56865.2626423,4,2860,6,33160000,1
56871.3262975,4,2861,7,33157000,1
56902.9656654,4,2862,13,33161000,-1
56906.163728,4,2863,2,33165000,-1
56928.4380581,4,2864,1,33168000,1
56935.5344271,4,2865,18,33172000,-1
56967.179183,4,2866,6,33175000,-1
56983.2087504,4,2867,46,33178000,-1
56986.0951389,4,2868,1,33182000,1
56999.0155747,4,2869,8,33185000,-1
57010.7684581,4,2870,9,33188000,1
57019.8995193,4,2871,13,33185000,-1
57024.4917883,4,2872,12,33188000,-1
57053.694895,4,2873,20,33185000,-1
57068.8357731,4,2874,5,33188000,-1
57072.6940309,4,2875,4,33191000,1
57077.2333429,4,2876,8,33188000,-1
57115.0876796,4,2877,67,33191000,1
57122.8045509,4,2878,12,33188000,-1
57126.4573889,4,2879,5,33191000,1
57138.5961321,4,2880,19,33188000,1
57142.6818461,4,2881,9,33185000,1
57152.602231,4,2882,1,33188000,1
57165.8620149,4,2883,9,33191000,1
57168.9072508,4,2884,9,33188000,1
57180.8987497,4,2885,3,33191000,1
57186.2111754,4,2886,1,33188000,1
57191.3466392,4,2887,2,33191000,1
57202.2112205,4,2888,38,33188000,1
57210.1797489,4,2889,8,33185000,1
57210.3121037,4,2890,14,33182000,1
57210.3138776,4,2891,26,33179000,1
57210.7621244,4,2892,6,33176000,-1
57213.0374287,4,2893,9,33179000,-1
57214.4445592,4,2894,16,33182000,-1
57215.134624,4,2895,3,33185000,-1
57222.105305,4,2896,1,33189000,1
57230.3132936,4,2897,3,33186000,-1
57256.2563067,4,2898,6,33182000,-1
57275.2588422,4,2899,10,33186000,-1
57306.2879469,4,2900,14,33189000,1
57401.7426204,4,2901,36,33186000,1
57420.5796307,4,2902,60,33183000,1
57443.3454598,4,2903,6,33180000,1
57486.1556299,4,2904,12,33186000,-1
57612.1269346,4,2905,3,33183000,-1
57616.4078916,4,2906,1,33186000,-1
57663.8052829,4,2907,1,33183000,1
57667.8941771,4,2908,6,33186000,1
57672.1901262,4,2909,1,33183000,-1
57678.1623818,4,2910,9,33186000,-1
57678.3576298,4,2911,7,33189000,-1
57694.5646997,4,2912,5,33192000,-1
57703.515332,4,2913,9,33195000,1
57737.4417353,4,2914,27,33192000,1
57737.46959,4,2915,31,33189000,-1
57743.1860141,4,2916,8,33186000,1
57743.5340718,4,2917,20,33183000,1
57743.7427705,4,2918,3,33180000,-1
57788.1322607,4,2919,46,33183000,1
57788.1487822,4,2920,1,33180000,1
57795.0628937,4,2921,2,33183000,1
57804.3297418,4,2922,2,33180000,1
57840.1176366,4,2923,71,33177000,1
57840.4405224,4,2924,7,33174000,-1
57885.2697985,4,2925,10,33178000,1
57887.2745103,4,2926,20,33175000,1
57887.9466862,4,2927,13,33172000,-1
57893.4135105,4,2928,74,33175000,1
57912.4973691,4,2929,12,33172000,1
57920.0675293,4,2930,9,33169000,1
57938.0182539,4,2931,9,33166000,1
57960.3935366,4,2932,34,33169000,-1
57999.3944404,4,2933,27,33172000,-1
58009.6037598,4,2934,5,33169000,-1
58016.5317031,4,2935,3,33172000,-1
58016.5805561,4,2936,5,33175000,-1
58017.4262123,4,2937,15,33178000,-1
58017.4570637,4,2938,6,33181000,-1
58018.3822903,4,2939,7,33184000,1
58028.634527,4,2940,9,33181000,-1
58032.9814674,4,2941,1,33178000,-1
58150.8727937,4,2942,24,33175000,1
58204.2719336,4,2943,12,33178000,1
58227.2736546,4,2944,1,33175000,1
58286.2125529,4,2945,15,33178000,-1
58294.4744868,4,2946,9,33183000,-1
58298.5035546,4,2947,3,33186000,1
58315.0416809,4,2948,1,33183000,-1
58320.1445127,4,2949,17,33186000,-1
58320.1489151,4,2950,36,33189000,-1
58320.2805597,4,2951,16,33192000,-1
58323.8937107,4,2952,8,33189000,-1
58330.7905953,4,2953,9,33192000,-1
58346.1577165,4,2954,15,33195000,-1
58361.4779856,4,2955,51,33198000,-1
58384.0862364,4,2956,22,33201000,-1
58385.4054314,4,2957,9,33204000,1
58410.7409944,4,2958,16,33201000,1
58419.3352405,4,2959,10,33198000,1
58420.5320041,4,2960,8,33195000,-1
58422.33359,4,2961,6,33198000,1
58430.1798653,4,2962,8,33195000,1
58441.0252632,4,2963,4,33198000,-1
58451.5814885,4,2964,9,33195000,1
58460.7249921,4,2965,5,33192000,1
58466.8437345,4,2966,7,33189000,-1
58467.8710374,4,2967,5,33193000,1
58472.5682632,4,2968,22,33190000,-1
58480.5661927,4,2969,3,33193000,-1
58511.6799224,4,2970,9,33196000,1
58521.6285882,4,2971,2,33193000,-1
58529.344417,4,2972,2,33196000,-1
58545.3338586,4,2973,2,33199000,1
58557.7859011,4,2974,18,33202000,1
58559.1684767,4,2975,1,33199000,1
58560.974565,4,2976,1,33203000,-1
58600.2870678,4,2977,5,33200000,-1
58607.7058298,4,2978,64,33203000,1
58657.4893711,4,2979,15,33200000,1
58707.7076444,4,2980,3,33197000,1
58708.2396346,4,2981,5,33194000,1
58738.4438163,4,2982,3,33191000,1
58887.3849337,4,2983,15,33194000,1
58947.6317508,4,2984,2,33198000,1
58961.2455044,4,2985,5,33194000,-1
58973.1281652,4,2986,14,33197000,1
58999.3828534,4,2987,7,33194000,1
59009.8801705,4,2988,11,33197000,1
59044.5217968,4,2989,13,33194000,-1
59058.6672529,4,2990,8,33191000,1
59073.9392341,4,2991,4,33188000,-1
59081.2082456,4,2992,6,33191000,-1
59098.1565048,4,2993,12,33194000,-1
59101.5952514,4,2994,18,33197000,-1
59114.1054263,4,2995,17,33200000,-1
59145.1361531,4,2996,2,33203000,1
59185.0277611,4,2997,27,33200000,-1
59198.0363485,4,2998,5,33196000,-1
59240.4036272,4,2999,1,33199000,-1
59268.6794411,4,3000,7,33196000,1
59278.2905266,4,3001,1,33193000,1
59297.6096623,4,3002,1,33196000,1
59327.3894663,4,3003,8,33199000,1
59332.3493961,4,3004,15,33196000,1
59334.6180877,4,3005,11,33199000,-1
59342.4217277,4,3006,3,33202000,1
59366.409911,4,3007,38,33199000,1
59366.5309914,4,3008,19,33196000,-1
59424.1965466,4,3009,14,33200000,-1
59426.7403614,4,3010,7,33203000,-1
59461.1359591,4,3011,8,33206000,-1
59477.2768253,4,3012,3,33209000,1
59478.4018921,4,3013,5,33206000,1
59486.2136841,4,3014,1,33203000,1
59498.5889779,4,3015,8,33206000,1
59498.6102691,4,3016,1,33203000,1
59537.942581,4,3017,10,33206000,1
59538.8240104,4,3018,9,33203000,1
59592.0668228,4,3019,1,33200000,1
59606.9418677,4,3020,3,33203000,1
59633.9057725,4,3021,14,33200000,1
59636.0985559,4,3022,1,33197000,1
59641.2169233,4,3023,1,33200000,-1
59652.5438238,4,3024,4,33196000,-1
59662.6343052,4,3025,4,33199000,-1
59700.3620444,4,3026,1,33202000,1
59712.0840624,4,3027,10,33205000,-1
59728.1290544,4,3028,12,33208000,1
59730.9035121,4,3029,1,33205000,1
59742.6840443,4,3030,1,33208000,-1
59760.4763993,4,3031,15,33205000,1
59806.7566944,4,3032,21,33202000,-1
59835.4486508,4,3033,12,33205000,1
59844.7177464,4,3034,43,33208000,1
59881.5277114,4,3035,11,33205000,-1
59905.4682733,4,3036,8,33208000,1
59950.6091722,4,3037,1,33205000,1
59977.095159,4,3038,28,33208000,-1
59978.3748629,4,3039,7,33211000,-1
59983.1685234,4,3040,9,33214000,1
60021.2211692,4,3041,19,33211000,1
60025.0953029,4,3042,7,33208000,1
60082.554223,4,3043,10,33211000,1
60141.4481687,4,3044,26,33208000,1
60171.2879251,4,3045,24,33205000,1
60194.3989339,4,3046,1,33202000,-1
60209.7807258,4,3047,26,33198000,1
60250.8388395,4,3048,16,33201000,1
60254.0432851,4,3049,2,33198000,-1
60264.0579341,4,3050,2,33201000,1
60292.8845546,4,3051,20,33198000,-1
60310.9729212,4,3052,4,33201000,1
60323.4601957,4,3053,1,33198000,1
60350.5582402,4,3054,5,33204000,-1
60360.4558164,4,3055,17,33207000,-1
60369.0958998,4,3056,11,33210000,-1
60369.192506,4,3057,28,33213000,-1
60369.1932927,4,3058,10,33216000,-1
60379.6123162,4,3059,4,33213000,1
60403.7133311,4,3060,11,33210000,1
60421.1550487,4,3061,5,33207000,1
60447.7580525,4,3062,2,33210000,1
60461.5967656,4,3063,2,33213000,-1
60461.6927583,4,3064,38,33216000,1
60461.7174616,4,3065,29,33219000,-1
60461.8963849,4,3066,5,33222000,-1
60487.7535749,4,3067,10,33219000,-1
60500.1491711,4,3068,17,33215000,-1
60505.8832048,4,3069,9,33218000,1
60515.5126742,4,3070,17,33214000,1
60521.7224177,4,3071,2,33210000,-1
60559.2174845,4,3072,4,33215000,-1
60570.7859929,4,3073,19,33212000,1
60590.876018,4,3074,8,33209000,1
60618.4177866,4,3075,1,33212000,1
60628.5071314,4,3076,1,33215000,1
60640.6114001,4,3077,2,33218000,1
60723.0336916,4,3078,36,33215000,-1
60803.8944084,4,3079,19,33218000,-1
60909.3927055,4,3080,78,33215000,1
60962.3954076,4,3081,29,33212000,-1
60964.6205893,4,3082,5,33215000,1
61031.3831108,4,3083,1,33211000,-1
61043.4317174,4,3084,17,33205000,1
61058.3101933,4,3085,9,33202000,-1
61076.1557826,4,3086,1,33205000,-1
61127.5921899,4,3087,2,33208000,1
61142.4858574,4,3088,13,33205000,1
61158.8476252,4,3089,1,33202000,1
61163.1894984,4,3090,1,33205000,-1
61190.2390994,4,3091,15,33202000,-1
61210.2244405,4,3092,15,33205000,1
61257.7906855,4,3093,18,33202000,1
61260.0098871,4,3094,1,33199000,1
61262.356205,4,3095,3,33202000,-1
61266.5653002,4,3096,2,33205000,1
61266.5653136,4,3097,1,33202000,1
61290.5652369,4,3098,2,33205000,-1
61334.0436598,4,3099,2,33202000,1
61341.7623155,4,3100,1,33199000,-1
61342.423344,4,3101,1,33195000,1
61342.9284338,4,3102,5,33198000,-1
61345.4938314,4,3103,1,33201000,1
61357.0567746,4,3104,13,33198000,-1
61394.2919569,4,3105,18,33201000,1
61394.3480991,4,3106,8,33198000,1
61400.5265941,4,3107,8,33195000,-1
61441.5331508,4,3108,13,33198000,1
61452.4238474,4,3109,7,33195000,1
61475.6799081,4,3110,18,33192000,1
61475.9717755,4,3111,11,33189000,1
61481.0737457,4,3112,10,33186000,1
61502.713466,4,3113,14,33190000,-1
61513.8169255,4,3114,12,33193000,-1
61514.59474,4,3115,8,33196000,-1
61520.9876695,4,3116,14,33199000,-1
61525.5065471,4,3117,11,33202000,-1
61525.5228763,4,3118,1,33205000,-1
61529.8424216,4,3119,4,33202000,-1
61566.2614565,4,3120,16,33205000,-1
61579.5375066,4,3121,10,33208000,1
61596.2941264,4,3122,7,33205000,1
61600.6698638,4,3123,4,33202000,-1
61613.6889812,4,3124,7,33205000,1
61632.5141029,4,3125,14,33201000,-1
61661.1427412,4,3126,5,33206000,1
61680.8118449,4,3127,1,33201000,1
61705.8573444,4,3128,3,33204000,-1
61766.8315361,4,3129,1,33207000,1
61774.7818994,4,3130,10,33210000,-1
61779.9019584,4,3131,19,33213000,-1
61798.4408264,4,3132,10,33217000,-1
61802.0260526,4,3133,4,33220000,1
61803.7804912,4,3134,5,33217000,-1
61811.4984249,4,3135,3,33220000,-1
61840.8139344,4,3136,14,33217000,1
61841.4611038,4,3137,5,33214000,1
61855.3049141,4,3138,25,33218000,-1
61855.4392995,4,3139,6,33221000,1
61864.5813839,4,3140,29,33218000,-1
61883.8668292,4,3141,11,33221000,-1
61883.8675797,4,3142,25,33224000,-1
61883.9289316,4,3143,46,33227000,1
61883.9786435,4,3144,1,33224000,1
61884.0978595,4,3145,5,33227000,1
61884.1591961,4,3146,1,33224000,1
61931.3939554,4,3147,27,33228000,-1
61946.4841641,4,3148,25,33231000,1
61995.1908468,4,3149,31,33228000,-1
62018.4628534,4,3150,22,33231000,-1
62018.4682319,4,3151,7,33234000,-1
62036.0237889,4,3152,22,33231000,-1
62047.8607531,4,3153,23,33234000,1
62064.5500525,4,3154,7,33231000,-1
62069.443706,4,3155,5,33234000,1
62072.5888066,4,3156,28,33231000,1
62075.9590703,4,3157,19,33228000,-1
62075.9590759,4,3158,1,33231000,-1
62082.016579,4,3159,1,33228000,1
62085.1184762,4,3160,3,33231000,1
62093.0051259,4,3161,3,33228000,-1
62105.5675707,4,3162,6,33231000,-1
62149.095924,4,3163,7,33228000,1
62154.3780069,4,3164,14,33225000,1
62190.7248478,4,3165,18,33222000,1
62205.8691097,4,3166,13,33219000,1
62217.5182521,4,3167,11,33216000,-1
62217.5283875,4,3168,1,33219000,-1
62242.4935027,4,3169,12,33215000,1
62282.9875183,4,3170,1,33212000,1
62289.3538185,4,3171,9,33217000,-1
62290.3338797,4,3172,2,33220000,-1
62301.89166,4,3173,10,33217000,1
62329.0651548,4,3174,33,33214000,1
62347.5517584,4,3175,2,33211000,-1
62420.945613,4,3176,15,33208000,-1
62438.3643736,4,3177,7,33212000,-1
62464.4815875,4,3178,16,33215000,1
62491.4852115,4,3179,12,33211000,1
62491.4907903,4,3180,21,33208000,1
62491.4969109,4,3181,41,33205000,1
62491.4970113,4,3182,2,33202000,1
62502.884365,4,3183,4,33205000,1
62510.5216997,4,3184,5,33202000,-1
62521.5214221,4,3185,19,33205000,-1
62539.8418054,4,3186,5,33208000,-1
62549.9123461,4,3187,11,33204000,1
62549.9140628,4,3188,1,33201000,1
62582.0056988,4,3189,8,33205000,-1
62586.4268028,4,3190,10,33208000,1
62644.4404734,4,3191,26,33205000,-1
62644.5480639,4,3192,8,33208000,-1
62647.1426841,4,3193,5,33212000,1
62679.7096981,4,3194,9,33209000,-1
62737.6483213,4,3195,4,33206000,1
62778.5773265,4,3196,24,33203000,1
62789.3587136,4,3197,5,33208000,-1
62881.2206692,4,3198,34,33211000,-1
62887.4277276,4,3199,2,33214000,-1
62888.9615658,4,3200,24,33211000,1
62896.4847043,4,3201,6,33208000,-1
62918.4144915,4,3202,18,33211000,-1
62927.3127755,4,3203,3,33214000,1
62940.2083035,4,3204,48,33211000,1
62955.1027081,4,3205,63,33208000,1
62961.2009552,4,3206,6,33205000,1
62967.6578221,4,3207,24,33208000,-1
62975.0173362,4,3208,8,33211000,1
62982.0477556,4,3209,15,33208000,-1
63023.8905194,4,3210,81,33211000,-1
63057.005847,4,3211,9,33215000,1
63057.6293972,4,3212,1,33212000,-1
63062.1550746,4,3213,24,33209000,1
63062.2244428,4,3214,1,33206000,1
63072.5135396,4,3215,4,33210000,1
63076.5652299,4,3216,28,33207000,1
63134.9143759,4,3217,75,33203000,1
63134.9144618,4,3218,1,33200000,1
63144.0111744,4,3219,15,33203000,1
63148.4726193,4,3220,19,33200000,1
63148.8710595,4,3221,27,33197000,1
63161.7670134,4,3222,5,33194000,1
63191.8521138,4,3223,39,33191000,1
63192.5438296,4,3224,10,33188000,1
63193.8432536,4,3225,3,33192000,1
63201.3216774,4,3226,28,33189000,-1
63214.215574,4,3227,18,33192000,1
63224.9334637,4,3228,8,33189000,1
63240.6178308,4,3229,19,33185000,-1
63251.1218041,4,3230,13,33189000,1
63252.982353,4,3231,14,33192000,-1
63255.0658299,4,3232,17,33195000,-1
63298.7194157,4,3233,31,33198000,1
63320.0063869,4,3234,17,33195000,-1
63330.6930622,4,3235,1,33191000,1
63359.1644175,4,3236,1,33194000,1
63399.3014448,4,3237,9,33197000,1
63409.5499511,4,3238,4,33194000,1
63409.5500979,4,3239,3,33191000,1
63486.3283086,4,3240,3,33195000,-1
63500.0961856,4,3241,1,33199000,1
63545.9008292,4,3242,6,33196000,1
63551.4193264,4,3243,8,33192000,-1
63615.59196,4,3244,15,33195000,1
63623.8500262,4,3245,7,33192000,-1
63693.9296828,4,3246,2,33195000,1
63726.7981813,4,3247,3,33191000,1
63795.1921275,4,3248,21,33194000,1
63804.838279,4,3249,6,33191000,1
63811.234439,4,3250,9,33194000,1
63814.1934846,4,3251,18,33191000,1
63827.0008125,4,3252,3,33186000,-1
63830.8442911,4,3253,6,33189000,1
63830.8456398,4,3254,1,33186000,1
63874.7318894,4,3255,12,33189000,1
63878.3617356,4,3256,1,33186000,1
63917.4638797,4,3257,11,33189000,1
63957.193804,4,3258,31,33186000,-1
63966.638231,4,3259,13,33189000,-1
63972.8273012,4,3260,16,33193000,-1
64050.6070227,4,3261,31,33196000,1
64202.5772564,4,3262,3,33192000,-1
64252.6644682,4,3263,5,33197000,1
64294.1844198,4,3264,17,33194000,1
64386.6054367,4,3265,8,33191000,-1
64419.54557,4,3266,1,33195000,-1
64450.2588322,4,3267,4,33190000,1
64465.9124931,4,3268,21,33187000,1
64471.0512841,4,3269,4,33184000,1
64518.5288435,4,3270,6,33187000,1
64570.2592614,4,3271,1,33184000,-1
64598.6051292,4,3272,30,33181000,1
64654.7726714,4,3273,6,33177000,-1
64657.2266516,4,3274,3,33174000,1
64665.4119516,4,3275,17,33171000,1
64676.3511078,4,3276,25,33168000,-1
64682.4165652,4,3277,13,33171000,-1
64752.7506256,4,3278,19,33174000,1
64789.2318501,4,3279,10,33177000,-1
64800.5950991,4,3280,7,33181000,1
64804.8610825,4,3281,6,33178000,1
64817.0625859,4,3282,6,33175000,-1
64830.4749543,4,3283,1,33172000,-1
64831.5875176,4,3284,13,33166000,1
64831.5875408,4,3285,6,33163000,1
64831.8025882,4,3286,7,33168000,-1
64882.5689752,4,3287,33,33171000,-1
64883.8405719,4,3288,5,33174000,-1
64897.7271693,4,3289,6,33177000,-1
64897.7284974,4,3290,17,33180000,-1
64897.8500338,4,3291,4,33183000,-1
64899.4008016,4,3292,10,33180000,-1
64909.6223482,4,3293,2,33183000,1
64912.0153567,4,3294,10,33180000,1
64914.9647928,4,3295,3,33177000,-1
64924.1461571,4,3296,3,33180000,-1
64930.7923454,4,3297,17,33183000,-1
64943.3130977,4,3298,11,33180000,1
64943.7597814,4,3299,5,33177000,1
64984.9712724,4,3300,8,33173000,1
65011.9633755,4,3301,4,33177000,1
65030.78015,4,3302,9,33174000,1
65043.3019032,4,3303,15,33171000,1
65058.539893,4,3304,2,33174000,-1
65068.314486,4,3305,2,33177000,1
65079.1036209,4,3306,1,33174000,-1
65085.4059064,4,3307,10,33177000,1
65093.8704042,4,3308,6,33180000,1
65100.3788394,4,3309,1,33177000,1
65104.3830192,4,3310,3,33174000,1
65107.386719,4,3311,3,33171000,-1
65127.4465459,4,3312,3,33175000,-1
65148.2547246,4,3313,26,33178000,-1
65148.2557704,4,3314,12,33181000,-1
65178.7055668,4,3315,12,33178000,1
65178.7533986,4,3316,5,33175000,1
65194.2449364,4,3317,17,33180000,-1
65199.4846999,4,3318,4,33183000,-1
65203.319112,4,3319,11,33186000,-1
65231.4771083,4,3320,21,33189000,-1
65238.3541011,4,3321,12,33192000,-1
65254.8312431,4,3322,10,33195000,-1
65254.8319686,4,3323,4,33198000,1
65254.9925449,4,3324,40,33195000,1
65261.1067179,4,3325,4,33192000,-1
65282.0637576,4,3326,6,33195000,-1
65290.2101733,4,3327,10,33198000,1
65292.1393432,4,3328,9,33195000,-1
65330.888396,4,3329,26,33198000,-1
65340.0551594,4,3330,15,33201000,1
65364.1816281,4,3331,8,33198000,1
65392.4780786,4,3332,22,33194000,1
65480.6643872,4,3333,14,33190000,1
65511.9951321,4,3334,1,33195000,-1
65587.951753,4,3335,16,33192000,-1
65613.4982045,4,3336,25,33195000,-1
65623.1530695,4,3337,7,33189000,1
65643.3797424,4,3338,31,33186000,1
65643.3797536,4,3339,1,33183000,1
65648.9551693,4,3340,3,33186000,-1
65668.5166433,4,3341,5,33189000,-1
65703.1404718,4,3342,6,33193000,-1
65728.2152186,4,3343,21,33196000,-1
65790.7368606,4,3344,43,33199000,1
65811.0599129,4,3345,1,33196000,1
65850.6554477,4,3346,16,33199000,-1
65857.4683815,4,3347,19,33202000,-1
65880.7830508,4,3348,54,33205000,1
65901.0079172,4,3349,6,33202000,-1
65907.0565477,4,3350,4,33205000,-1
65930.9479376,4,3351,3,33208000,-1
66007.2532914,4,3352,5,33205000,1
66039.7705961,4,3353,10,33208000,-1
66061.4600421,4,3354,7,33211000,-1
66096.3327576,4,3355,25,33214000,-1
66110.0980769,4,3356,11,33217000,-1
66141.1383846,4,3357,22,33220000,-1
66145.1880187,4,3358,5,33223000,1
66202.1743555,4,3359,26,33220000,1
66245.4639278,4,3360,11,33223000,1
66248.0744432,4,3361,10,33220000,1
66289.5476693,4,3362,31,33217000,1
66289.6111313,4,3363,8,33214000,1
66294.1069021,4,3364,10,33211000,1
66294.2031966,4,3365,26,33208000,1
66350.5460075,4,3366,3,33205000,-1
66355.7683289,4,3367,1,33209000,1
66473.4001066,4,3368,5,33205000,-1
66486.7515211,4,3369,20,33201000,1
66532.6027489,4,3370,6,33204000,-1
66540.649119,4,3371,6,33207000,1
66579.0900144,4,3372,1,33204000,1
66621.639074,4,3373,3,33208000,-1
66648.4488936,4,3374,38,33205000,1
66733.172133,4,3375,3,33208000,1
66760.6822443,4,3376,1,33211000,-1
66776.4991809,4,3377,5,33207000,1
66800.6253232,4,3378,2,33204000,1
66953.1365813,4,3379,9,33208000,1
66953.2349693,4,3380,1,33205000,1
67100.1667616,4,3381,13,33208000,-1
67146.2013813,4,3382,11,33204000,1
67156.3625843,4,3383,5,33201000,1
67176.9517536,4,3384,1,33198000,1
67230.9618332,4,3385,22,33195000,1
67253.9258423,4,3386,13,33192000,-1
67298.7024284,4,3387,20,33195000,1
67335.284962,4,3388,17,33198000,-1
67335.2849676,4,3389,1,33201000,-1
67390.049105,4,3390,9,33198000,1
67418.4056062,4,3391,1,33195000,1
67448.2002782,4,3392,4,33200000,-1
67515.5262007,4,3393,9,33197000,1
67515.5304489,4,3394,37,33194000,1
67556.4045452,4,3395,23,33191000,1
67577.327504,4,3396,5,33188000,-1
67616.0127039,4,3397,19,33191000,-1
67778.9234552,4,3398,27,33195000,1
67835.2661371,4,3399,26,33198000,-1
67835.4625439,4,3400,14,33194000,-1
67839.6776035,4,3401,12,33197000,-1
67858.991402,4,3402,1,33200000,-1
67871.3637881,4,3403,6,33196000,-1
67886.508322,4,3404,11,33199000,-1
67956.9303363,4,3405,13,33202000,-1
68008.7818333,4,3406,12,33205000,-1
68116.6685896,4,3407,31,33208000,-1
68153.1263281,4,3408,36,33212000,-1
68153.1306289,4,3409,29,33215000,-1
68153.1334419,4,3410,14,33218000,-1
68183.6746728,4,3411,6,33214000,-1
68187.7226378,4,3412,3,33211000,-1
68216.9344336,4,3413,21,33214000,1
68221.281412,4,3414,3,33217000,1
68257.3331147,4,3415,15,33214000,-1
68275.5362616,4,3416,5,33217000,-1
68328.7306585,4,3417,17,33220000,1
68334.7792207,4,3418,27,33216000,1
68335.7572584,4,3419,23,33213000,1
68341.9475225,4,3420,16,33210000,1
68352.0438268,4,3421,17,33206000,1
68353.464355,4,3422,6,33203000,-1
68395.0696225,4,3423,7,33200000,1
68395.3131634,4,3424,1,33197000,1
68400.2576321,4,3425,1,33200000,1
68409.8325391,4,3426,10,33197000,1
68410.2658713,4,3427,1,33193000,1
68413.9578903,4,3428,1,33196000,-1
68419.2967041,4,3429,7,33199000,-1
68469.3580138,4,3430,7,33202000,-1
68481.9148221,4,3431,1,33205000,1
68511.1127906,4,3432,16,33209000,-1
68523.2913948,4,3433,11,33212000,1
68578.2307924,4,3434,7,33209000,1
68587.4995426,4,3435,12,33206000,-1
68617.8891137,4,3436,37,33210000,1
68621.8635149,4,3437,36,33213000,-1
68635.9234977,4,3438,37,33216000,-1
68635.9276998,4,3439,39,33219000,-1
68642.1852711,4,3440,51,33222000,-1
68646.683547,4,3441,16,33225000,1
68660.1965076,4,3442,36,33228000,-1
68662.7490307,4,3443,6,33231000,1
68663.0158309,4,3444,17,33235000,-1
68663.2428052,4,3445,30,33238000,-1
68663.3312446,4,3446,1,33241000,-1
68667.3334856,4,3447,17,33238000,1
68700.1725048,4,3448,56,33235000,1
68713.4646114,4,3449,5,33232000,-1
68724.6333663,4,3450,4,33235000,-1
68725.0636729,4,3451,8,33238000,1
68727.6288488,4,3452,8,33235000,-1
68751.2585762,4,3453,17,33239000,1
68760.3762377,4,3454,2,33236000,-1
68767.5259618,4,3455,3,33239000,1
68770.2482128,4,3456,5,33236000,-1
68789.3920862,4,3457,30,33239000,-1
68789.5426558,4,3458,24,33235000,1
68789.5467878,4,3459,39,33232000,1
68789.5468395,4,3460,4,33229000,1
68789.6867107,4,3461,8,33233000,1
68790.0212778,4,3462,22,33230000,-1
68790.0213142,4,3463,2,33233000,-1
68835.0874783,4,3464,7,33230000,-1
68845.7997002,4,3465,6,33233000,-1
68902.3324182,4,3466,12,33237000,-1
68906.3679833,4,3467,1,33240000,-1
69026.9639923,4,3468,27,33237000,-1
69040.8214053,4,3469,3,33234000,-1
69044.8995302,4,3470,6,33237000,-1
69056.4614445,4,3471,9,33240000,1
69062.1123162,4,3472,1,33237000,-1
69131.6511852,4,3473,5,33240000,-1
69146.0361223,4,3474,22,33243000,-1
69213.2684454,4,3475,14,33246000,-1
69247.8049107,4,3476,3,33249000,1
69327.8518754,4,3477,45,33246000,1
69335.9523254,4,3478,8,33243000,-1
69359.266535,4,3479,39,33240000,-1
69380.6089434,4,3480,25,33243000,-1
69395.666774,4,3481,7,33246000,-1
69450.6597915,4,3482,24,33249000,1
69488.6366949,4,3483,13,33246000,1
69494.1260646,4,3484,12,33250000,1
69550.5033368,4,3485,8,33247000,-1
69586.7269926,4,3486,21,33250000,-1
69586.8656687,4,3487,27,33253000,-1
69586.8666973,4,3488,13,33256000,-1
69610.3227553,4,3489,22,33253000,-1
69616.8791948,4,3490,13,33250000,1
69624.0362877,4,3491,3,33247000,-1
69639.9136005,4,3492,40,33250000,1
69677.1135343,4,3493,4,33247000,1
69678.4292871,4,3494,1,33244000,1
69765.3083281,4,3495,43,33248000,1
69785.1341717,4,3496,13,33244000,1
69841.0398276,4,3497,8,33241000,1
69872.5515438,4,3498,4,33244000,-1
69926.9136211,4,3499,4,33247000,1
69938.3491262,4,3500,11,33244000,1
70080.3101981,4,3501,25,33241000,1
70108.9041599,4,3502,7,33238000,-1
70122.7865121,4,3503,24,33235000,1
70129.0057032,4,3504,15,33232000,1
70129.0689224,4,3505,3,33229000,1
70159.9674542,4,3506,1,33232000,1
70203.3361732,4,3507,38,33235000,-1
70203.4208494,4,3508,43,33238000,-1
70210.4787149,4,3509,14,33241000,-1
70224.3845922,4,3510,14,33244000,1
70231.0726943,4,3511,4,33241000,1
70241.5381475,4,3512,5,33244000,1
70246.7610808,4,3513,1,33241000,1
70262.2374332,4,3514,4,33245000,-1
70276.7234178,4,3515,1,33248000,-1
70292.1039711,4,3516,6,33245000,1
70313.6333661,4,3517,1,33248000,1
70338.1161314,4,3518,6,33244000,1
70346.272625,4,3519,2,33240000,1
70374.7271404,4,3520,1,33243000,1
70443.8896417,4,3521,1,33247000,-1
70461.6412779,4,3522,11,33244000,1
70540.1409842,4,3523,33,33239000,-1
70547.7470549,4,3524,21,33242000,-1
70582.0646893,4,3525,3,33245000,-1
70603.4100122,4,3526,20,33248000,-1
70671.0924377,4,3527,21,33251000,1
70740.9953199,4,3528,14,33248000,1
70753.9534558,4,3529,6,33245000,-1
70764.1692257,4,3530,1,33248000,-1
70771.3146396,4,3531,1,33245000,1
70790.462225,4,3532,4,33248000,1
70801.7090165,4,3533,1,33245000,1
70829.7770459,4,3534,17,33249000,-1
70852.0822982,4,3535,17,33252000,-1
70868.5010366,4,3536,9,33255000,1
70940.2895593,4,3537,16,33252000,1
70971.8509616,4,3538,22,33249000,1
70980.6680265,4,3539,8,33246000,1
71024.829481,4,3540,13,33243000,-1
71048.9529183,4,3541,1,33249000,1
71172.6593757,4,3542,9,33245000,1
71175.1761112,4,3543,12,33242000,1
71183.972032,4,3544,4,33239000,-1
71192.379382,4,3545,11,33242000,1
71192.3827179,4,3546,26,33239000,1
71192.3865036,4,3547,39,33236000,1
71192.3865544,4,3548,3,33233000,1
71232.4269285,4,3549,9,33237000,-1
71260.1223594,4,3550,6,33240000,1
71340.2137575,4,3551,6,33237000,1
71348.7764662,4,3552,2,33234000,1
71356.2796182,4,3553,2,33231000,-1
71394.9797924,4,3554,24,33234000,1
71395.0118754,4,3555,2,33231000,-1
71475.0484574,4,3556,23,33234000,-1
71492.1062076,4,3557,6,33237000,-1
71639.8040855,4,3558,6,33240000,1
71679.223926,4,3559,2,33243000,1
71680.7068054,4,3560,1,33240000,1
71694.1110662,4,3561,2,33243000,1
71700.4956663,4,3562,3,33240000,1
71700.5992222,4,3563,8,33237000,1
71700.8109597,4,3564,7,33234000,1
71759.6415845,4,3565,11,33231000,1
71786.449325,4,3566,15,33228000,1
71866.9407589,4,3567,6,33232000,1
71873.3720755,4,3568,2,33235000,-1
71876.5622321,4,3569,21,33238000,-1
71886.985798,4,3570,2,33241000,1
71887.064036,4,3571,3,33238000,1
71939.1025792,4,3572,20,33241000,-1
71940.1622286,4,3573,1,33244000,-1
71974.1056257,4,3574,1,33241000,1
71990.0765549,4,3575,9,33245000,-1
71990.0994724,4,3576,2,33242000,-1
72000.1689346,4,3577,2,33245000,1
72000.215364,4,3578,7,33242000,-1
72000.6068705,4,3579,19,33245000,1
72022.9264099,4,3580,5,33242000,1
72033.6835084,4,3581,5,33239000,1
72082.9661265,4,3582,9,33234000,1
72117.5545256,4,3583,2,33237000,-1
72128.9656106,4,3584,1,33240000,1
72193.3189487,4,3585,6,33243000,1
72238.0882005,4,3586,13,33240000,1
72355.9520731,4,3587,33,33237000,-1
72400.7033287,4,3588,1,33240000,-1
72442.2043949,4,3589,7,33237000,-1
72521.2487598,4,3590,32,33234000,1
72559.3057548,4,3591,17,33237000,1
72601.2912109,4,3592,20,33233000,1
72602.4473499,4,3593,5,33230000,-1
72624.4390887,4,3594,6,33226000,-1
72625.1709139,4,3595,3,33221000,1
72626.7712229,4,3596,20,33224000,1
72643.7619556,4,3597,1,33221000,-1
72650.7830279,4,3598,28,33218000,1
72652.2407894,4,3599,27,33215000,1
72664.3733941,4,3600,7,33221000,-1
72822.6841022,4,3601,10,33224000,-1
72868.4591099,4,3602,9,33220000,-1
72875.9574987,4,3603,9,33223000,-1
72914.4384641,4,3604,7,33226000,-1
72923.6832224,4,3605,1,33222000,1
72948.7290898,4,3606,1,33225000,-1
72980.4254768,4,3607,2,33220000,1
72996.0549393,4,3608,20,33216000,-1
73115.3275491,4,3609,6,33219000,1
73115.3289045,4,3610,17,33216000,1
73115.3293781,4,3611,5,33213000,1
73415.2595522,4,3612,11,33217000,-1
73514.2142884,4,3613,22,33212000,1
73543.6023689,4,3614,1,33209000,1
73744.1529616,4,3615,3,33212000,1
73932.8364839,4,3616,11,33216000,1
73998.9597884,4,3617,9,33213000,1
74022.4100459,4,3618,15,33210000,1
74022.6315406,4,3619,5,33207000,1
74046.0825061,4,3620,2,33204000,-1
74261.1530235,4,3621,24,33207000,-1
74282.0844565,4,3622,5,33210000,-1
74365.0219063,4,3623,17,33214000,-1
74366.792726,4,3624,2,33217000,-1
74450.2206939,4,3625,1,33214000,-1
74464.4676222,4,3626,1,33209000,1
74583.6312826,4,3627,7,33212000,1
74678.3113935,4,3628,4,33215000,-1
74681.2390867,4,3629,6,33218000,1
74811.1571177,4,3630,11,33215000,1
74867.1506533,4,3631,16,33220000,-1
74867.4495837,4,3632,46,33223000,-1
74867.4952458,4,3633,13,33226000,-1
74867.4971177,4,3634,24,33229000,-1
74867.4983618,4,3635,22,33232000,-1
74867.5002778,4,3636,23,33235000,-1
74867.5013605,4,3637,19,33238000,-1
74867.6676602,4,3638,8,33232000,1
74937.3017228,4,3639,24,33229000,1
75048.8463425,4,3640,7,33226000,-1
75194.1434951,4,3641,21,33229000,1
75282.3376002,4,3642,4,33226000,-1
75314.9053131,4,3643,8,33229000,-1
75379.0630549,4,3644,1,33232000,-1
75465.0252791,4,3645,10,33228000,-1
75521.9633537,4,3646,5,33225000,1
75531.7031043,4,3647,1,33222000,1
75570.2130016,4,3648,5,33226000,1
75578.1674595,4,3649,20,33223000,1
75578.423017,4,3650,1,33220000,1
