32428.7219253,4,0,2,33410000,-1
32438.2038717,4,1,2,33407000,-1
32438.2038896,4,2,1,33410000,-1
32444.053148,4,3,10,33407000,1
32456.1874193,4,4,37,33404000,-1
32460.8609548,4,5,1,33407000,1
32469.1889138,4,6,17,33412000,-1
32477.073722,4,7,15,33415000,1
32479.8025606,4,8,2,33412000,-1
32484.6531558,4,9,3,33415000,-1
32491.5742273,4,10,6,33418000,-1
32500.6574845,4,11,1,33415000,1
32514.9780922,4,12,20,33419000,1
32553.4876135,4,13,8,33422000,-1
32567.8099931,4,14,2,33425000,-1
32571.1972735,4,15,12,33422000,1
32588.1973137,4,16,1,33418000,1
32612.4265506,4,17,11,33423000,-1
32632.7388828,4,18,11,33428000,-1
32653.7228739,4,19,7,33432000,-1
32669.9637935,4,20,19,33435000,-1
32684.0433302,4,21,25,33438000,-1
32692.2559327,4,22,1,33441000,-1
32726.0552797,4,23,3,33438000,-1
32734.702311,4,24,5,33435000,1
32737.854647,4,25,13,33432000,1
32740.3638859,4,26,9,33429000,1
32742.2567826,4,27,1,33426000,1
32742.4826398,4,28,5,33429000,-1
32752.8073406,4,29,2,33432000,1
32756.1293695,4,30,1,33429000,1
32776.8664796,4,31,1,33432000,-1
32807.4993784,4,32,1,33435000,1
32841.9483976,4,33,12,33438000,1
32842.8666589,4,34,12,33435000,1
32843.8683659,4,35,7,33432000,1
32846.5988452,4,36,20,33429000,1
32853.9779587,4,37,15,33426000,1
32858.500934,4,38,12,33429000,-1
32868.228211,4,39,1,33432000,-1
32890.6364323,4,40,1,33428000,1
32911.5872611,4,41,1,33431000,1
32923.0119053,4,42,6,33434000,1
32953.9922182,4,43,3,33431000,1
32963.5657543,4,44,3,33427000,-1
32968.2880106,4,45,3,33430000,-1
33041.2894699,4,46,7,33433000,-1
33068.7837532,4,47,4,33436000,1
33124.8998427,4,48,8,33439000,-1
33191.5920437,4,49,6,33436000,-1
33199.5293969,4,50,6,33439000,-1
33211.9862129,4,51,19,33442000,1
33232.2203191,4,52,1,33439000,1
33239.9101874,4,53,9,33436000,-1
33257.1902603,4,54,16,33439000,-1
33261.2959157,4,55,1,33442000,-1
33314.2236797,4,56,6,33439000,1
33398.3480157,4,57,11,33436000,1
33480.2527234,4,58,16,33439000,1
33489.4341569,4,59,4,33435000,1
33516.9265682,4,60,2,33432000,-1
33540.1585305,4,61,1,33435000,-1
33555.6165811,4,62,6,33432000,1
33557.7355711,4,63,4,33429000,1
33561.175122,4,64,10,33426000,1
33567.8442366,4,65,12,33423000,1
33604.001224,4,66,20,33420000,1
33619.5642385,4,67,6,33417000,1
33650.5407512,4,68,1,33420000,-1
33672.4382339,4,69,6,33417000,1
33672.6566148,4,70,14,33414000,1
33674.1727808,4,71,13,33411000,1
33679.1085586,4,72,8,33408000,-1
33705.6365058,4,73,13,33411000,1
33727.2924885,4,74,13,33408000,-1
33732.6737619,4,75,1,33411000,-1
33764.4464029,4,76,2,33408000,-1
33775.1166972,4,77,8,33411000,1
33780.6235619,4,78,8,33408000,1
33790.1535154,4,79,14,33405000,1
33798.0639723,4,80,47,33402000,1
33798.3404905,4,81,1,33397000,1
33804.7444202,4,82,2,33401000,-1
33816.8091948,4,83,2,33398000,-1
33839.519337,4,84,16,33393000,1
33839.5217579,4,85,30,33390000,1
33839.6372448,4,86,14,33387000,1
33839.7454536,4,87,1,33390000,1
33846.8620255,4,88,34,33393000,-1
33846.9976002,4,89,4,33396000,1
33854.5918976,4,90,15,33392000,1
33862.9608646,4,91,6,33389000,1
33876.4089145,4,92,12,33386000,1
33876.4829093,4,93,3,33383000,-1
33879.9509794,4,94,5,33386000,1
33895.1205319,4,95,4,33383000,-1
33897.1466202,4,96,13,33380000,1
33898.2716725,4,97,1,33377000,1
33903.6251186,4,98,25,33382000,-1
33907.7601661,4,99,16,33385000,-1
33907.8709153,4,100,4,33388000,1
33922.2714954,4,101,10,33385000,1
33941.0807695,4,102,1,33382000,1
33954.4498694,4,103,1,33386000,-1
33955.7368443,4,104,1,33382000,1
33961.7905856,4,105,7,33385000,-1
33962.6230759,4,106,2,33388000,-1
33971.1822025,4,107,6,33391000,-1
33971.5990824,4,108,1,33394000,-1
33989.1375595,4,109,11,33391000,1
33989.1734694,4,110,1,33388000,1
34032.1510676,4,111,21,33391000,-1
34082.2102079,4,112,1,33394000,1
34100.8308694,4,113,4,33397000,-1
34107.7686656,4,114,27,33400000,-1
34111.6601311,4,115,1,33404000,-1
34124.2190183,4,116,13,33401000,1
34134.3836779,4,117,8,33398000,-1
34136.6396425,4,118,13,33401000,-1
34140.0796842,4,119,15,33404000,-1
34140.5856449,4,120,2,33407000,1
34145.5514911,4,121,15,33404000,-1
34153.9616023,4,122,14,33407000,-1
34168.3788191,4,123,24,33403000,-1
34177.1893279,4,124,2,33400000,-1
34189.0177487,4,125,8,33403000,-1
34189.1387345,4,126,36,33400000,1
34194.5783423,4,127,5,33397000,-1
34195.2743732,4,128,2,33400000,1
34202.2103414,4,129,15,33397000,1
34212.2346044,4,130,2,33401000,-1
34230.4726829,4,131,10,33404000,1
34230.4901534,4,132,21,33401000,1
34230.4928124,4,133,16,33398000,1
34230.5089748,4,134,1,33401000,1
34253.3995268,4,135,13,33397000,1
34269.1339322,4,136,11,33394000,1
34272.9133523,4,137,4,33399000,-1
34275.1804228,4,138,7,33402000,1
34275.1804292,4,139,1,33399000,1
34282.6212842,4,140,19,33403000,1
34288.9453957,4,141,19,33400000,1
34291.4501406,4,142,3,33397000,-1
34291.4945671,4,143,27,33400000,1
34296.3913411,4,144,10,33397000,1
34296.3913461,4,145,1,33394000,1
34304.1529133,4,146,6,33397000,1
34306.3242438,4,147,5,33394000,1
34310.5747446,4,148,4,33397000,-1
34321.070236,4,149,3,33400000,1
34329.4064729,4,150,12,33403000,-1
34356.3717989,4,151,15,33406000,1
34367.1115294,4,152,12,33409000,-1
34381.3290883,4,153,2,33412000,-1
34383.2772679,4,154,20,33415000,-1
34423.7572914,4,155,38,33418000,-1
34451.3114618,4,156,11,33415000,-1
34475.6570882,4,157,14,33418000,1
34480.9293479,4,158,13,33415000,1
34485.082812,4,159,1,33412000,1
34485.9748977,4,160,1,33415000,-1
34493.6423692,4,161,6,33412000,1
34501.2708701,4,162,1,33409000,-1
34503.675095,4,163,8,33413000,-1
34509.054536,4,164,4,33417000,-1
34520.1491781,4,165,6,33420000,-1
34553.1786908,4,166,4,33423000,-1
34570.4601572,4,167,7,33426000,1
34607.8155924,4,168,30,33421000,-1
34621.2708868,4,169,3,33424000,1
34635.8241954,4,170,3,33421000,-1
34638.5037499,4,171,1,33424000,-1
34648.897417,4,172,3,33420000,-1
34661.6066283,4,173,1,33424000,-1
34709.4745293,4,174,2,33421000,1
34737.8871024,4,175,1,33418000,1
34748.011522,4,176,10,33422000,-1
34751.1616583,4,177,4,33425000,-1
34820.3128363,4,178,4,33429000,-1
34864.9867902,4,179,10,33432000,-1
34867.1345707,4,180,16,33435000,-1
34872.6603699,4,181,6,33432000,1
34884.1840711,4,182,4,33429000,1
34895.6566823,4,183,6,33426000,1
34920.9248857,4,184,1,33430000,1
34936.3317164,4,185,14,33435000,-1
34988.1997074,4,186,28,33431000,-1
34997.4423963,4,187,2,33434000,1
34999.9672601,4,188,5,33431000,1
35015.5410433,4,189,13,33428000,1
35030.5600424,4,190,11,33425000,1
35030.5612504,4,191,1,33422000,1
35044.1181826,4,192,16,33425000,-1
35044.1191629,4,193,15,33428000,-1
35059.603509,4,194,36,33431000,-1
35059.6362059,4,195,7,33434000,-1
35091.8808074,4,196,4,33431000,-1
35104.2613598,4,197,4,33428000,-1
35115.8093414,4,198,3,33431000,1
35150.4986603,4,199,10,33427000,-1
35160.8181715,4,200,1,33430000,-1
35189.755605,4,201,2,33427000,-1
35225.3160156,4,202,8,33424000,-1
35226.2355913,4,203,2,33427000,-1
35230.659521,4,204,3,33424000,-1
35267.7194242,4,205,21,33428000,-1
35270.4027233,4,206,23,33431000,-1
35270.8371633,4,207,5,33434000,-1
35292.5876832,4,208,1,33430000,1
35302.1787551,4,209,2,33433000,1
35344.1645007,4,210,15,33430000,1
35360.1451447,4,211,40,33427000,-1
35362.6394268,4,212,32,33424000,-1
35388.2676376,4,213,9,33421000,1
35400.3247792,4,214,12,33418000,1
35419.052324,4,215,4,33415000,1
35421.9651482,4,216,6,33411000,1
35422.191478,4,217,1,33408000,1
35430.0725921,4,218,2,33413000,-1
35455.3060998,4,219,8,33410000,-1
35505.0432056,4,220,5,33413000,1
35511.5569871,4,221,4,33416000,1
35522.8710085,4,222,4,33413000,1
35548.1833211,4,223,12,33416000,1
35554.0423055,4,224,1,33412000,-1
35585.9864611,4,225,1,33409000,1
35603.4861012,4,226,4,33415000,1
35614.1137221,4,227,1,33412000,1
35670.2341852,4,228,12,33416000,-1
35685.2588969,4,229,26,33419000,1
35761.8293934,4,230,2,33416000,-1
35787.4122511,4,231,1,33420000,1
35795.8895204,4,232,3,33417000,1
35804.927422,4,233,3,33414000,1
35811.7186042,4,234,10,33410000,1
35811.7186146,4,235,1,33407000,1
35834.3654328,4,236,4,33410000,1
35846.7747493,4,237,7,33407000,1
35876.3188115,4,238,9,33404000,-1
35877.2066148,4,239,1,33407000,-1
35925.8178965,4,240,3,33403000,-1
35931.9012889,4,241,8,33400000,1
35936.3703773,4,242,2,33397000,1
35952.8255284,4,243,21,33401000,-1
35967.1725819,4,244,1,33395000,1
35984.6297693,4,245,3,33400000,1
35992.7161173,4,246,10,33397000,1
36033.0560071,4,247,5,33394000,-1
36084.2416056,4,248,7,33397000,-1
36114.2552639,4,249,10,33394000,1
36134.5194098,4,250,41,33400000,-1
36173.5263582,4,251,8,33391000,1
36177.5068013,4,252,1,33388000,1
36208.2936905,4,253,1,33391000,1
36259.065881,4,254,16,33395000,-1
36259.8517559,4,255,13,33398000,-1
36262.1458946,4,256,10,33401000,-1
36262.2801401,4,257,5,33404000,1
36262.282849,4,258,16,33401000,1
36262.2855381,4,259,1,33398000,1
36270.4830604,4,260,9,33404000,1
36274.7079847,4,261,8,33401000,1
36279.2125893,4,262,5,33398000,1
36279.2126095,4,263,1,33395000,1
36285.6004957,4,264,2,33401000,-1
36326.6876419,4,265,2,33404000,-1
36328.7179053,4,266,1,33407000,1
36366.0874296,4,267,8,33404000,1
36366.8134904,4,268,6,33401000,1
36367.0992187,4,269,1,33397000,1
36367.3006776,4,270,3,33400000,1
36384.9325513,4,271,1,33397000,1
36424.4424236,4,272,11,33400000,-1
36434.5326759,4,273,7,33397000,-1
36435.8535312,4,274,11,33400000,-1
36459.9134249,4,275,2,33403000,1
36480.2438603,4,276,3,33400000,-1
36488.9492631,4,277,8,33403000,-1
36524.3256222,4,278,1,33406000,-1
36582.5792097,4,279,23,33399000,1
36583.3642218,4,280,3,33396000,1
36583.7751088,4,281,1,33393000,1
36594.3719729,4,282,1,33396000,-1
36601.2066847,4,283,3,33391000,-1
36603.937357,4,284,3,33394000,-1
36606.2256759,4,285,3,33397000,1
36630.0596156,4,286,1,33393000,-1
36657.1783904,4,287,10,33388000,1
36662.4562133,4,288,6,33385000,1
36668.1260392,4,289,1,33388000,1
36693.3465037,4,290,11,33385000,1
36721.8828021,4,291,17,33382000,1
36724.8078508,4,292,10,33385000,-1
36731.630322,4,293,12,33388000,-1
36736.7149689,4,294,8,33391000,-1
36740.7986904,4,295,3,33394000,-1
36824.594236,4,296,12,33397000,-1
36850.4031838,4,297,27,33400000,-1
36859.8019756,4,298,1,33403000,-1
36883.5020744,4,299,10,33400000,-1
36894.9291998,4,300,15,33403000,-1
36928.0636706,4,301,1,33406000,-1
36942.476572,4,302,1,33402000,-1
36984.5545955,4,303,12,33394000,1
37040.3373018,4,304,4,33398000,1
37051.000321,4,305,4,33394000,1
37077.3732104,4,306,12,33391000,1
37077.4784898,4,307,14,33388000,1
37086.7461427,4,308,1,33385000,1
37125.2774844,4,309,16,33388000,1
37138.8834288,4,310,1,33385000,1
37148.8297043,4,311,4,33382000,1
37150.1104309,4,312,1,33379000,1
37161.4924388,4,313,2,33383000,-1
37171.4371879,4,314,4,33386000,1
37171.5556706,4,315,1,33383000,1
37208.4047403,4,316,2,33386000,-1
37208.4083145,4,317,18,33389000,-1
37208.4083412,4,318,1,33392000,-1
37209.570139,4,319,1,33389000,1
37230.6349257,4,320,3,33393000,-1
37268.422122,4,321,11,33390000,1
37318.6771516,4,322,2,33386000,1
37319.7273242,4,323,3,33383000,1
37326.4281322,4,324,3,33379000,-1
37334.301685,4,325,8,33382000,1
37339.3644347,4,326,8,33379000,-1
37364.6287378,4,327,1,33382000,-1
37387.3162872,4,328,3,33379000,1
37387.3325034,4,329,4,33376000,1
37387.3947272,4,330,13,33373000,1
37400.8773992,4,331,1,33370000,1
37401.0166823,4,332,15,33374000,-1
37404.9340025,4,333,10,33377000,-1
37406.4042099,4,334,5,33380000,1
37421.5465049,4,335,2,33377000,1
37421.5465244,4,336,2,33374000,1
37440.6272043,4,337,9,33377000,1
37440.6272142,4,338,1,33374000,1
37441.6391082,4,339,2,33378000,-1
37448.5668048,4,340,1,33375000,1
37458.6352432,4,341,14,33378000,-1
37471.789099,4,342,1,33381000,-1
37490.4157066,4,343,13,33378000,1
37491.3112544,4,344,2,33375000,-1
37492.1424758,4,345,1,33378000,1
37520.8706558,4,346,6,33374000,1
37542.7369612,4,347,2,33371000,-1
37566.9823733,4,348,22,33374000,1
37572.1586453,4,349,1,33371000,1
37577.1792407,4,350,20,33374000,1
37595.8411296,4,351,1,33377000,1
37623.9373536,4,352,3,33380000,-1
37657.5428552,4,353,1,33383000,1
37682.2173061,4,354,2,33386000,1
37727.7209924,4,355,9,33383000,-1
37731.3219558,4,356,7,33379000,1
37741.3651992,4,357,1,33375000,1
37748.6708991,4,358,2,33378000,-1
37773.1608439,4,359,3,33374000,-1
37774.4044561,4,360,13,33378000,-1
37794.5850224,4,361,10,33381000,-1
37816.809684,4,362,1,33375000,-1
37843.2096628,4,363,2,33378000,1
37888.8037853,4,364,3,33374000,-1
37950.4726194,4,365,6,33371000,-1
37966.7980878,4,366,2,33375000,1
37976.5645458,4,367,21,33372000,1
37984.1838579,4,368,8,33369000,1
38004.2816337,4,369,8,33366000,1
38004.5035414,4,370,9,33363000,1
38026.6495786,4,371,10,33366000,-1
38028.378091,4,372,1,33369000,-1
38057.0931747,4,373,18,33366000,-1
38070.1932417,4,374,2,33370000,1
38089.599149,4,375,8,33367000,-1
38148.6833534,4,376,2,33364000,1
38179.0667983,4,377,1,33361000,1
38200.6922181,4,378,3,33366000,-1
38215.5931673,4,379,11,33359000,1
38219.4914141,4,380,7,33356000,1
38223.0523217,4,381,14,33353000,-1
38224.4914478,4,382,7,33356000,-1
38227.9624984,4,383,3,33359000,1
38252.7802124,4,384,7,33362000,1
38260.9198594,4,385,4,33359000,1
38266.6125492,4,386,5,33362000,1
38272.5536506,4,387,2,33359000,-1
38278.1067039,4,388,7,33362000,1
38306.9957498,4,389,16,33359000,1
38312.0547425,4,390,9,33356000,-1
38316.2144707,4,391,2,33359000,1
38330.078279,4,392,5,33356000,1
38334.0412366,4,393,4,33353000,-1
38354.6790816,4,394,26,33356000,-1
38374.3615087,4,395,1,33360000,1
38394.7114642,4,396,8,33363000,1
38408.8632308,4,397,2,33360000,-1
38408.8632892,4,398,1,33363000,-1
38411.1582225,4,399,1,33360000,1
38416.708003,4,400,1,33363000,-1
38419.2773898,4,401,1,33358000,1
38421.4132245,4,402,3,33361000,1
38441.4627467,4,403,8,33358000,-1
38441.4702003,4,404,4,33361000,-1
38455.6776136,4,405,2,33358000,1
38463.8811887,4,406,1,33355000,1
38486.0439716,4,407,47,33352000,1
38486.0855752,4,408,5,33349000,1
38493.45781,4,409,1,33346000,1
38502.342399,4,410,24,33350000,-1
38509.3520065,4,411,3,33353000,-1
38519.2734369,4,412,19,33348000,1
38536.3200503,4,413,17,33345000,-1
38551.6735298,4,414,18,33348000,-1
38553.0484056,4,415,58,33351000,-1
38574.3065691,4,416,37,33354000,-1
38584.0667598,4,417,4,33357000,-1
38590.397876,4,418,2,33354000,1
38621.9953931,4,419,23,33351000,1
38646.1731064,4,420,20,33348000,1
38648.4678629,4,421,6,33345000,1
38670.1245028,4,422,29,33341000,1
38670.1245174,4,423,1,33338000,1
38676.2308392,4,424,8,33341000,1
38676.2322274,4,425,16,33338000,1
38689.5437831,4,426,17,33335000,1
38689.5438043,4,427,1,33332000,1
38707.2819143,4,428,1,33336000,1
38722.1297359,4,429,9,33341000,-1
38728.1829033,4,430,5,33346000,-1
38742.5013094,4,431,16,33343000,-1
38760.1368999,4,432,6,33347000,-1
38770.2237292,4,433,3,33350000,-1
38772.0283915,4,434,3,33354000,-1
38775.5344415,4,435,7,33357000,1
38793.2045077,4,436,3,33354000,1
38801.5474997,4,437,1,33350000,-1
38807.8187929,4,438,8,33346000,1
38821.0407853,4,439,5,33343000,1
38829.8902634,4,440,2,33340000,-1
38830.039047,4,441,9,33343000,1
38860.073706,4,442,4,33340000,1
38864.9144719,4,443,4,33345000,1
38880.22455,4,444,1,33342000,1
38884.751253,4,445,51,33345000,-1
38889.281845,4,446,6,33348000,1
38889.6877172,4,447,4,33345000,1
38908.2583259,4,448,6,33342000,1
38908.2646355,4,449,2,33339000,1
38911.3632081,4,450,3,33336000,1
38972.9780329,4,451,16,33345000,1
39017.8518205,4,452,10,33342000,1
39031.7971215,4,453,1,33348000,-1
39034.6883048,4,454,12,33345000,1
39035.0240387,4,455,1,33342000,1
39035.2067276,4,456,10,33345000,-1
39038.1179854,4,457,16,33348000,1
39038.2832323,4,458,2,33345000,1
39043.5277953,4,459,8,33342000,1
39089.3119234,4,460,7,33338000,-1
39089.4321946,4,461,4,33341000,1
39131.1654215,4,462,1,33336000,1
39165.2631572,4,463,8,33339000,1
39201.8884221,4,464,5,33336000,1
39204.8145926,4,465,15,33333000,1
39204.8400364,4,466,1,33330000,1
39248.8502496,4,467,13,33336000,1
39250.4454101,4,468,1,33340000,-1
39300.0129799,4,469,20,33337000,1
39424.9174075,4,470,1,33334000,1
39426.1396365,4,471,11,33338000,-1
39426.2942005,4,472,4,33344000,1
39426.5977371,4,473,3,33341000,1
39434.3522519,4,474,7,33338000,-1
39439.0439783,4,475,11,33341000,-1
39440.1832345,4,476,2,33345000,1
39462.4960329,4,477,1,33342000,1
39491.835982,4,478,9,33347000,-1
39498.5323863,4,479,6,33350000,1
39498.7056655,4,480,3,33347000,-1
39530.777819,4,481,6,33350000,1
39558.4241955,4,482,4,33347000,1
39585.489643,4,483,1,33344000,1
39592.6081477,4,484,13,33347000,-1
39595.8382046,4,485,32,33350000,-1
39597.9813781,4,486,20,33353000,-1
39598.0268905,4,487,2,33356000,-1
39599.2833481,4,488,13,33353000,-1
39600.8206022,4,489,21,33356000,-1
39600.9972829,4,490,18,33359000,-1
39601.1142647,4,491,4,33362000,1
39603.5327657,4,492,6,33359000,-1
39607.2661615,4,493,35,33362000,-1
39609.6142188,4,494,13,33365000,-1
39611.005181,4,495,8,33368000,-1
39612.0161412,4,496,7,33365000,-1
39616.9680662,4,497,1,33368000,-1
39621.0214556,4,498,8,33364000,1
39627.485521,4,499,4,33361000,1
39632.9279398,4,500,7,33358000,1
39644.9890117,4,501,14,33355000,-1
39661.757009,4,502,2,33360000,1
39661.7987928,4,503,11,33357000,1
39668.7546992,4,504,1,33354000,1
39686.5544202,4,505,3,33358000,1
39691.8264389,4,506,1,33355000,1
39703.853705,4,507,1,33358000,1
39716.2333807,4,508,4,33352000,-1
39757.1731067,4,509,5,33355000,-1
39779.8184125,4,510,6,33358000,-1
39805.2413502,4,511,14,33353000,1
39805.3029736,4,512,11,33350000,-1
39831.2236677,4,513,4,33353000,-1
39845.5082936,4,514,4,33356000,-1
39852.7554326,4,515,13,33359000,-1
39855.2466854,4,516,1,33362000,1
39880.7253138,4,517,3,33365000,-1
39899.7094988,4,518,10,33362000,-1
39899.7103021,4,519,3,33365000,-1
39911.6328756,4,520,8,33360000,1
39925.0853908,4,521,19,33366000,1
39925.1127953,4,522,2,33363000,1
39925.2397168,4,523,2,33360000,-1
39936.2290917,4,524,1,33363000,1
39936.8029952,4,525,15,33366000,-1
39945.3777071,4,526,15,33369000,-1
39959.6773477,4,527,12,33372000,1
39963.8518719,4,528,1,33369000,1
39969.2195872,4,529,5,33373000,-1
39971.4099316,4,530,16,33376000,-1
39971.4149179,4,531,29,33379000,-1
39971.4160684,4,532,8,33382000,-1
39976.9987688,4,533,7,33377000,-1
39982.6329878,4,534,9,33380000,-1
39988.5249345,4,535,25,33383000,-1
39989.6011887,4,536,3,33386000,1
39997.4540025,4,537,9,33383000,-1
40001.611542,4,538,20,33386000,1
40005.5705099,4,539,4,33383000,1
40006.6858412,4,540,1,33380000,1
40014.8741616,4,541,2,33384000,1
40041.783035,4,542,10,33380000,-1
40067.5050379,4,543,2,33377000,-1
40082.0262192,4,544,6,33381000,1
40101.1511062,4,545,9,33378000,1
40137.1269784,4,546,1,33373000,1
40161.1008313,4,547,5,33377000,-1
40161.1254729,4,548,3,33380000,-1
40173.4372492,4,549,2,33383000,1
40183.085115,4,550,5,33380000,1
40194.524445,4,551,2,33377000,-1
40203.142309,4,552,2,33380000,-1
40223.0887744,4,553,8,33384000,-1
40224.12046,4,554,1,33388000,-1
40241.2435723,4,555,9,33385000,1
40261.8352727,4,556,5,33381000,1
40262.5345428,4,557,1,33378000,-1
40284.9179648,4,558,1,33373000,1
40300.8282329,4,559,5,33376000,-1
40303.9631644,4,560,1,33379000,-1
40377.1654681,4,561,3,33376000,1
40377.23575,4,562,57,33379000,-1
40377.3131884,4,563,3,33382000,1
40377.5648893,4,564,4,33379000,1
40394.675639,4,565,4,33376000,-1
40411.5750871,4,566,6,33379000,-1
40425.0145924,4,567,8,33382000,-1
40475.4908543,4,568,8,33385000,1
40481.0483907,4,569,10,33382000,-1
40481.0500027,4,570,1,33385000,-1
40489.271408,4,571,6,33382000,1
40500.1883263,4,572,10,33379000,-1
40500.1883732,4,573,9,33382000,-1
40504.5182797,4,574,15,33385000,-1
40529.3838311,4,575,2,33388000,1
40542.2721332,4,576,2,33385000,-1
40555.4071699,4,577,1,33389000,-1
40571.3726671,4,578,13,33385000,1
40571.4910366,4,579,1,33381000,1
40576.9307035,4,580,1,33384000,-1
40579.4321558,4,581,2,33378000,-1
40599.7057849,4,582,4,33381000,1
40599.7135343,4,583,21,33378000,1
40599.7677532,4,584,23,33375000,-1
40599.9437874,4,585,16,33372000,-1
40600.350481,4,586,2,33369000,-1
40603.4466913,4,587,1,33366000,1
40608.4538186,4,588,12,33369000,1
40620.7702726,4,589,1,33366000,1
40622.5935353,4,590,9,33369000,-1
40623.3446999,4,591,1,33372000,1
40635.4753067,4,592,14,33369000,-1
40635.5666024,4,593,12,33372000,-1
40635.8335272,4,594,5,33375000,1
40635.9239352,4,595,4,33372000,1
40638.9170877,4,596,1,33375000,1
40640.5813492,4,597,1,33378000,-1
40663.9575303,4,598,3,33381000,-1
40672.3270612,4,599,1,33384000,1
40682.2053389,4,600,3,33380000,1
40688.6525947,4,601,1,33383000,1
40710.6100712,4,602,5,33387000,1
40715.9220794,4,603,2,33384000,1
40726.3407343,4,604,9,33388000,1
40726.3450863,4,605,20,33385000,1
40726.4116418,4,606,12,33382000,1
40774.3366484,4,607,6,33385000,-1
40785.0420628,4,608,2,33388000,-1
40800.2104752,4,609,6,33385000,1
40809.1505171,4,610,2,33382000,-1
40810.4405479,4,611,1,33385000,-1
40824.3387788,4,612,3,33390000,-1
40865.3620156,4,613,1,33393000,1
40890.1066407,4,614,13,33397000,1
40896.2501505,4,615,13,33394000,1
40929.0321651,4,616,1,33391000,1
40947.3775868,4,617,3,33396000,-1
40952.4866027,4,618,9,33399000,1
40952.4899974,4,619,18,33396000,1
40995.67962,4,620,1,33393000,-1
41018.9171666,4,621,45,33389000,1
41036.5052489,4,622,12,33393000,-1
41036.5052659,4,623,1,33396000,-1
41064.124977,4,624,1,33392000,-1
41131.5073071,4,625,25,33387000,1
41154.4597482,4,626,5,33394000,1
41158.5865387,4,627,28,33391000,1
41166.4504188,4,628,4,33385000,-1
41201.8543493,4,629,4,33389000,-1
41224.7504963,4,630,4,33392000,1
41256.4021317,4,631,3,33389000,-1
41345.1168175,4,632,34,33393000,1
41369.0362656,4,633,21,33390000,-1
41402.2599063,4,634,11,33394000,-1
41417.4578224,4,635,14,33397000,1
41424.1521323,4,636,2,33394000,-1
41435.7144756,4,637,2,33397000,-1
41439.0898955,4,638,6,33393000,-1
41466.4593936,4,639,29,33397000,-1
41481.0592589,4,640,48,33400000,1
41491.5135736,4,641,1,33403000,1
41500.7463031,4,642,20,33407000,1
41538.4788061,4,643,2,33404000,-1
41545.4932144,4,644,20,33408000,-1
41546.8306453,4,645,1,33411000,1
41552.0181194,4,646,3,33408000,1
41570.5863064,4,647,3,33405000,1
41571.1134872,4,648,1,33408000,-1
41593.1587371,4,649,1,33405000,-1
41604.1130149,4,650,4,33402000,1
41607.2227445,4,651,8,33397000,1
41627.6321154,4,652,14,33391000,1
41627.6362386,4,653,25,33388000,1
41630.249735,4,654,31,33385000,1
41633.7846017,4,655,2,33382000,-1
41633.9237423,4,656,5,33385000,-1
41644.6519361,4,657,12,33382000,1
41665.3414136,4,658,24,33385000,-1
41677.7096158,4,659,12,33382000,-1
41685.0939341,4,660,4,33386000,-1
41699.2046522,4,661,3,33389000,-1
41717.9436943,4,662,4,33392000,1
41718.3858808,4,663,1,33389000,1
41727.1040026,4,664,5,33392000,-1
41728.2648739,4,665,5,33396000,-1
41763.9325544,4,666,12,33399000,-1
41767.8792001,4,667,13,33403000,1
41772.9828394,4,668,8,33400000,-1
41800.3034617,4,669,1,33403000,1
41811.6508293,4,670,10,33406000,-1
41820.3623532,4,671,4,33409000,1
41822.4372426,4,672,3,33406000,1
41826.4874415,4,673,74,33410000,1
41830.5159385,4,674,10,33407000,-1
41843.5804949,4,675,10,33412000,-1
41844.2426773,4,676,5,33415000,-1
41851.9662237,4,677,7,33418000,1
41855.2333354,4,678,1,33415000,1
41868.4453839,4,679,1,33418000,-1
41870.5520147,4,680,7,33414000,1
41887.9383949,4,681,21,33417000,-1
41898.524196,4,682,7,33420000,-1
41903.1306733,4,683,4,33417000,1
41916.3453968,4,684,5,33414000,1
41933.6485151,4,685,27,33411000,1
41933.6504855,4,686,23,33408000,1
41933.6504918,4,687,1,33405000,1
41949.9458883,4,688,3,33409000,-1
42001.2701646,4,689,2,33412000,1
42022.5340445,4,690,8,33407000,-1
42055.5655556,4,691,9,33410000,-1
42061.8180593,4,692,4,33413000,-1
42156.4280269,4,693,3,33416000,1
42181.6650481,4,694,4,33419000,1
42181.6650553,4,695,1,33416000,1
42192.9151892,4,696,5,33419000,-1
42201.4059777,4,697,1,33422000,-1
42243.6211826,4,698,14,33419000,1
42246.1412428,4,699,16,33416000,1
42248.7811629,4,700,2,33413000,-1
42252.301094,4,701,2,33416000,-1
42261.081621,4,702,1,33419000,-1
42264.8327933,4,703,1,33415000,1
42320.3664731,4,704,17,33419000,-1
42371.3532829,4,705,22,33422000,1
42377.9640906,4,706,1,33419000,-1
42385.3303505,4,707,5,33416000,-1
42391.5327546,4,708,3,33419000,1
42403.0905368,4,709,15,33415000,-1
42451.0110037,4,710,16,33418000,1
42465.18625,4,711,1,33415000,1
42478.5166691,4,712,6,33418000,1
42483.2294532,4,713,5,33415000,-1
42492.7644905,4,714,1,33412000,-1
42523.9723658,4,715,1,33415000,-1
42524.4024503,4,716,3,33412000,1
42524.8567335,4,717,8,33409000,1
42552.5272482,4,718,17,33405000,1
42556.1937314,4,719,1,33402000,1
42585.5871413,4,720,27,33407000,1
42589.402499,4,721,2,33410000,1
42600.4571146,4,722,6,33407000,1
42611.1304296,4,723,3,33403000,-1
42613.8987775,4,724,31,33400000,1
42631.0116902,4,725,2,33404000,1
42657.0464564,4,726,1,33400000,1
42661.1584569,4,727,2,33403000,1
42665.6751006,4,728,2,33400000,-1
42667.2280969,4,729,4,33403000,1
42667.2297617,4,730,15,33400000,1
42667.2329251,4,731,34,33397000,1
42675.6586999,4,732,41,33394000,1
42680.6743497,4,733,2,33391000,1
42681.6369701,4,734,2,33386000,-1
42682.9610151,4,735,17,33389000,-1
42682.9610374,4,736,1,33392000,-1
42683.9982295,4,737,6,33388000,1
42689.4274926,4,738,25,33385000,-1
42711.6723041,4,739,1,33388000,-1
42712.5239032,4,740,18,33385000,1
42720.0090247,4,741,5,33382000,-1
42725.1984028,4,742,23,33385000,-1
42729.2624334,4,743,7,33380000,1
42735.4396485,4,744,11,33377000,1
42736.9725245,4,745,19,33374000,1
42736.9922121,4,746,28,33371000,1
42742.464271,4,747,7,33368000,1
42745.3631747,4,748,18,33365000,1
42745.4398557,4,749,34,33362000,1
42746.7240754,4,750,2,33365000,1
42749.9158501,4,751,6,33362000,-1
42753.3073556,4,752,4,33365000,-1
42755.8097648,4,753,11,33362000,1
42756.7953051,4,754,1,33359000,1
42762.1577902,4,755,15,33365000,-1
42773.5817682,4,756,15,33368000,-1
42774.2375222,4,757,21,33371000,-1
42776.1784579,4,758,3,33375000,1
42780.7532372,4,759,4,33372000,1
42785.0274562,4,760,8,33369000,1
42787.1814436,4,761,10,33366000,-1
42799.5592277,4,762,30,33370000,1
42801.7995087,4,763,9,33367000,1
42802.3626941,4,764,2,33364000,1
42822.4893626,4,765,8,33361000,1
42828.2203969,4,766,4,33358000,-1
42836.0862933,4,767,1,33361000,-1
42850.0387417,4,768,9,33357000,1
42866.014649,4,769,9,33353000,-1
42875.7480063,4,770,14,33350000,1
42879.0713988,4,771,6,33347000,1
42879.0714182,4,772,3,33344000,1
42880.3689778,4,773,8,33347000,-1
42903.6257996,4,774,22,33350000,-1
42904.8793115,4,775,2,33353000,-1
42906.3641665,4,776,9,33356000,-1
42907.3619741,4,777,3,33360000,-1
42908.3287001,4,778,7,33363000,-1
42913.5383581,4,779,7,33366000,-1
42914.1304307,4,780,1,33369000,-1
42918.6904837,4,781,9,33366000,-1
42921.502082,4,782,5,33369000,-1
42921.7414768,4,783,1,33366000,1
42933.7887653,4,784,6,33370000,-1
43044.6385475,4,785,4,33373000,1
43053.6943072,4,786,12,33378000,-1
43055.3001824,4,787,7,33381000,-1
43058.6957909,4,788,8,33384000,-1
43065.9832511,4,789,9,33388000,1
43112.7223267,4,790,20,33385000,1
43121.4847943,4,791,9,33381000,1
43135.7331925,4,792,1,33377000,-1
43150.9791683,4,793,3,33382000,1
43167.3883705,4,794,1,33378000,1
43181.0007757,4,795,3,33384000,1
43184.0443442,4,796,1,33381000,1
43200.2705852,4,797,1,33384000,1
43236.1842982,4,798,16,33389000,1
43269.0573269,4,799,4,33386000,1
43313.3233835,4,800,15,33394000,1
43314.4285398,4,801,2,33391000,-1
43324.554109,4,802,1,33394000,-1
43330.9823643,4,803,9,33391000,1
43333.9272015,4,804,3,33388000,1
43335.0837897,4,805,1,33385000,1
43350.3286052,4,806,4,33389000,-1
43364.4691189,4,807,2,33393000,1
43373.3367265,4,808,11,33396000,1
43384.5613715,4,809,6,33393000,-1
43384.5799981,4,810,1,33396000,-1
43401.3004389,4,811,5,33393000,1
43403.5681933,4,812,8,33390000,1
43422.9604582,4,813,3,33387000,1
43428.7399254,4,814,2,33381000,-1
43428.7556522,4,815,1,33385000,-1
43435.4648248,4,816,1,33382000,1
43438.5967689,4,817,4,33388000,1
43441.4274526,4,818,4,33384000,1
43442.6935491,4,819,1,33380000,1
43445.0410668,4,820,1,33386000,-1
43452.2931371,4,821,11,33383000,1
43452.419718,4,822,2,33380000,1
43460.6567489,4,823,14,33387000,1
43481.2304058,4,824,14,33384000,1
43488.3951396,4,825,14,33381000,1
43488.9966488,4,826,2,33377000,-1
43494.4404846,4,827,14,33380000,1
43494.4612061,4,828,9,33377000,1
43503.7978105,4,829,6,33381000,1
43504.1460881,4,830,3,33378000,-1
43509.997415,4,831,3,33382000,1
43509.9974199,4,832,1,33379000,1
43524.4528518,4,833,5,33383000,-1
43528.3234885,4,834,3,33386000,-1
43541.8038818,4,835,5,33389000,-1
43555.7565955,4,836,2,33385000,-1
43560.671646,4,837,1,33380000,1
43567.7736994,4,838,1,33387000,1
43572.8535495,4,839,4,33391000,1
43586.2755627,4,840,5,33387000,1
43610.0267473,4,841,7,33383000,-1
43623.2623876,4,842,1,33380000,-1
43629.0030495,4,843,3,33376000,1
43648.7188506,4,844,11,33373000,1
43650.0206111,4,845,25,33370000,1
43659.6892934,4,846,6,33367000,1
43662.4943148,4,847,23,33363000,1
43662.907153,4,848,7,33360000,1
43665.1663225,4,849,1,33357000,1
43667.2048405,4,850,2,33360000,1
43675.9941721,4,851,1,33357000,-1
43695.6998293,4,852,3,33354000,-1
43698.4297429,4,853,5,33351000,-1
43699.7591858,4,854,4,33355000,-1
43700.1282604,4,855,3,33358000,1
43702.1203368,4,856,2,33355000,-1
43703.3769479,4,857,2,33358000,1
43703.3769736,4,858,1,33355000,1
43716.3466304,4,859,12,33358000,-1
43739.7142257,4,860,3,33355000,1
43745.2341655,4,861,9,33352000,-1
43751.359493,4,862,7,33355000,-1
43754.8360755,4,863,4,33358000,-1
43758.5730315,4,864,16,33365000,-1
43758.5780043,4,865,28,33368000,-1
43759.0917328,4,866,1,33371000,-1
43764.1107513,4,867,4,33366000,1
43764.8041094,4,868,6,33362000,1
43772.6281013,4,869,8,33359000,-1
43772.7951396,4,870,3,33362000,1
43788.9071007,4,871,3,33359000,-1
43790.5315161,4,872,2,33362000,1
43801.068676,4,873,14,33359000,1
43812.7632888,4,874,18,33362000,1
43813.4055432,4,875,1,33356000,1
43819.1561494,4,876,2,33360000,-1
43821.7251463,4,877,4,33364000,1
43823.6222927,4,878,3,33361000,1
43826.3193512,4,879,5,33358000,-1
43828.2264071,4,880,2,33361000,-1
43837.4297802,4,881,1,33364000,-1
43838.2207258,4,882,1,33361000,1
43846.5283849,4,883,3,33365000,1
43847.2241222,4,884,1,33362000,1
43856.9656728,4,885,1,33367000,-1
43857.0750321,4,886,4,33364000,1
43857.0836491,4,887,2,33361000,1
43886.8249619,4,888,5,33368000,1
43899.3854464,4,889,1,33365000,-1
43909.5681417,4,890,4,33368000,-1
43913.4634608,4,891,1,33371000,-1
43934.7619142,4,892,11,33366000,-1
43939.1153201,4,893,1,33369000,-1
43942.9154066,4,894,1,33366000,-1
43945.7874948,4,895,1,33369000,1
43975.8431651,4,896,5,33372000,1
43975.858722,4,897,10,33369000,1
43981.4222724,4,898,4,33365000,1
43986.1084732,4,899,4,33362000,-1
43986.122486,4,900,2,33365000,1
44006.801802,4,901,1,33362000,-1
44009.4204791,4,902,6,33358000,1
44019.3515669,4,903,8,33361000,1
44025.152315,4,904,18,33358000,1
44025.2355321,4,905,16,33355000,1
44044.2352914,4,906,14,33351000,1
44055.8249193,4,907,21,33348000,1
44062.9069619,4,908,1,33345000,1
44066.0529088,4,909,12,33353000,-1
44082.0201122,4,910,12,33356000,-1
44086.7494933,4,911,2,33359000,-1
44089.1147947,4,912,31,33363000,1
44100.8163265,4,913,1,33368000,-1
44102.5470613,4,914,11,33365000,1
44115.2154738,4,915,2,33362000,1
44135.6631893,4,916,6,33365000,-1
44165.0142982,4,917,12,33368000,-1
44193.6187553,4,918,12,33372000,-1
44226.8044368,4,919,2,33367000,-1
44229.7514309,4,920,3,33370000,-1
44237.9522815,4,921,3,33373000,-1
44238.345013,4,922,2,33369000,1
44288.8321281,4,923,1,33366000,-1
44309.9423191,4,924,4,33369000,1
44315.1199129,4,925,13,33365000,1
44315.1364381,4,926,2,33362000,1
44325.0562341,4,927,2,33359000,1
44340.2276994,4,928,24,33364000,1
44344.1200134,4,929,3,33360000,1
44344.1200355,4,930,1,33357000,1
44346.2354398,4,931,8,33352000,1
44348.0449802,4,932,3,33348000,1
44348.0449928,4,933,1,33345000,1
44351.7746906,4,934,4,33348000,-1
44353.9814248,4,935,2,33351000,1
44355.590853,4,936,1,33348000,-1
44363.3518717,4,937,24,33352000,1
44372.1850312,4,938,5,33349000,-1
44383.1568,4,939,3,33346000,-1
44391.9056324,4,940,1,33349000,-1
44400.062934,4,941,9,33344000,1
44400.1306737,4,942,15,33341000,1
44403.4031522,4,943,12,33338000,-1
44403.4206226,4,944,1,33341000,-1
44405.0670818,4,945,3,33344000,-1
44405.37389,4,946,6,33347000,1
44408.6393504,4,947,3,33344000,1
44411.9955397,4,948,5,33352000,-1
44430.9159308,4,949,10,33355000,-1
44432.9551387,4,950,16,33358000,-1
44436.0248966,4,951,2,33361000,1
44465.0851999,4,952,7,33358000,1
44465.797032,4,953,2,33362000,-1
44466.4107035,4,954,9,33366000,-1
44466.410719,4,955,2,33369000,-1
44490.8575905,4,956,8,33366000,1
44501.6235863,4,957,8,33363000,1
44501.6395782,4,958,2,33360000,1
44517.6545085,4,959,4,33363000,-1
44522.900613,4,960,4,33366000,1
44527.8782432,4,961,2,33363000,1
44527.9015424,4,962,10,33360000,1
44530.312083,4,963,5,33357000,1
44534.7602128,4,964,3,33354000,1
44536.6628012,4,965,4,33350000,1
44539.8541949,4,966,7,33347000,-1
44540.1635781,4,967,5,33351000,-1
44540.8788554,4,968,3,33354000,-1
44547.4548474,4,969,2,33357000,1
44547.4549136,4,970,5,33354000,1
44562.4666438,4,971,1,33357000,-1
44570.2573782,4,972,4,33360000,1
44570.2574137,4,973,1,33357000,1
44579.2802004,4,974,3,33361000,1
44589.6788198,4,975,11,33353000,-1
44590.6294416,4,976,5,33356000,1
44596.3818834,4,977,3,33353000,-1
44601.7281863,4,978,5,33356000,-1
44605.2848128,4,979,3,33359000,-1
44606.9269916,4,980,15,33362000,1
44612.8691799,4,981,2,33358000,-1
44632.6708136,4,982,1,33361000,-1
44641.1125439,4,983,1,33357000,1
44643.5573915,4,984,4,33361000,1
44653.7749349,4,985,5,33358000,-1
44666.9116186,4,986,6,33361000,-1
44670.6279763,4,987,11,33364000,1
44671.0308464,4,988,4,33361000,-1
44677.6914091,4,989,4,33364000,1
44683.307259,4,990,1,33360000,1
44688.7594591,4,991,1,33357000,-1
44701.2971525,4,992,1,33361000,1
44736.2369878,4,993,14,33365000,1
44757.9562904,4,994,1,33362000,1
44796.3246209,4,995,21,33365000,1
44796.3729926,4,996,1,33362000,1
44799.2660777,4,997,6,33359000,1
44799.2814387,4,998,2,33356000,1
44815.327919,4,999,5,33353000,-1
44818.0430535,4,1000,4,33356000,1
44829.8025245,4,1001,1,33352000,1
44839.2146747,4,1002,4,33357000,1
44839.4119946,4,1003,13,33354000,-1
44839.4520333,4,1004,6,33357000,-1
44840.5402668,4,1005,7,33361000,-1
44861.8593705,4,1006,6,33365000,-1
44871.6074202,4,1007,1,33368000,1
44879.6296702,4,1008,11,33374000,-1
44879.6308131,4,1009,27,33377000,-1
44879.6351708,4,1010,34,33380000,-1
44879.6351769,4,1011,1,33383000,-1
44879.8282375,4,1012,10,33380000,1
44879.8751364,4,1013,2,33377000,1
44891.9519038,4,1014,1,33380000,1
44892.6442071,4,1015,1,33384000,-1
44899.728642,4,1016,3,33381000,-1
44903.8071139,4,1017,3,33385000,1
44912.2226833,4,1018,6,33382000,-1
44912.2226885,4,1019,1,33385000,-1
44920.470067,4,1020,3,33382000,-1
44920.4718256,4,1021,4,33385000,-1
44928.4153127,4,1022,5,33379000,1
44940.1971018,4,1023,12,33385000,1
44940.8036059,4,1024,19,33381000,1
44940.8036108,4,1025,1,33378000,1
44942.4634022,4,1026,1,33381000,1
44944.7328956,4,1027,25,33386000,-1
44966.5802063,4,1028,8,33389000,1
44992.9031245,4,1029,3,33386000,-1
45002.0246961,4,1030,11,33389000,-1
45005.3263654,4,1031,9,33392000,1
45021.6202433,4,1032,1,33387000,1
45025.4061052,4,1033,1,33390000,-1
45060.3022731,4,1034,9,33387000,1
45080.7940777,4,1035,6,33391000,-1
45083.7714931,4,1036,7,33395000,-1
45096.3240123,4,1037,33,33398000,1
45097.0828982,4,1038,30,33402000,1
45099.9330864,4,1039,10,33399000,-1
45111.9999668,4,1040,8,33402000,1
45113.6699645,4,1041,42,33406000,-1
45122.0926296,4,1042,9,33401000,1
45126.7014819,4,1043,5,33398000,-1
45129.3986545,4,1044,1,33401000,-1
45134.0380392,4,1045,15,33404000,-1
45138.7189763,4,1046,26,33407000,-1
45144.1845269,4,1047,5,33410000,-1
45149.1993291,4,1048,2,33406000,1
45149.2158111,4,1049,5,33403000,-1
45158.0658195,4,1050,14,33406000,-1
45172.6167915,4,1051,1,33409000,-1
45174.6027316,4,1052,5,33406000,1
45178.547104,4,1053,3,33402000,-1
45181.4313176,4,1054,1,33405000,1
45192.5876231,4,1055,1,33402000,1
45192.8228372,4,1056,3,33405000,-1
45204.0954952,4,1057,3,33410000,-1
45210.2581251,4,1058,1,33413000,-1
45210.6429792,4,1059,7,33409000,1
45221.2712823,4,1060,1,33412000,1
45228.4262191,4,1061,3,33415000,-1
45239.4412713,4,1062,62,33418000,-1
45241.5178863,4,1063,2,33421000,-1
45247.993612,4,1064,23,33418000,1
45248.0452507,4,1065,9,33415000,-1
45250.4185488,4,1066,5,33418000,-1
45253.3215446,4,1067,9,33421000,1
45253.3259384,4,1068,21,33418000,1
45257.0624197,4,1069,5,33415000,-1
45257.4982573,4,1070,1,33418000,1
45261.2547956,4,1071,2,33421000,1
45273.6796078,4,1072,3,33418000,1
45287.8774721,4,1073,3,33421000,-1
45287.9117771,4,1074,19,33424000,-1
45287.9505301,4,1075,1,33429000,-1
45301.2995572,4,1076,3,33426000,1
45305.2864425,4,1077,14,33423000,1
45314.4253458,4,1078,16,33429000,-1
45331.7463787,4,1079,39,33432000,-1
45335.7907079,4,1080,8,33428000,1
45346.5555086,4,1081,12,33425000,-1
45355.2180338,4,1082,4,33432000,1
45360.2984219,4,1083,4,33428000,1
45364.263279,4,1084,11,33425000,1
45368.6898878,4,1085,12,33422000,1
45379.0681505,4,1086,1,33426000,1
45390.5931896,4,1087,5,33423000,-1
45402.3658616,4,1088,2,33427000,1
45405.0505463,4,1089,4,33424000,1
45409.2363343,4,1090,10,33421000,1
45409.3284187,4,1091,3,33418000,1
45409.8078822,4,1092,8,33415000,1
45410.2007224,4,1093,6,33412000,1
45411.9221756,4,1094,11,33409000,1
45423.5941396,4,1095,6,33406000,1
45447.39641,4,1096,12,33413000,-1
45450.827232,4,1097,5,33416000,-1
45453.6299663,4,1098,7,33419000,-1
45460.6452278,4,1099,2,33415000,1
45463.3763846,4,1100,13,33412000,1
45463.5052894,4,1101,7,33408000,1
45465.3885872,4,1102,2,33405000,1
45475.8140652,4,1103,2,33408000,1
45477.6577246,4,1104,25,33405000,1
45478.3084779,4,1105,22,33402000,1
45478.3090566,4,1106,16,33399000,1
45478.3090647,4,1107,1,33396000,1
45479.6010746,4,1108,17,33399000,1
45481.3904702,4,1109,5,33402000,-1
45499.4213489,4,1110,10,33406000,-1
45500.6060948,4,1111,9,33409000,-1
45508.1041057,4,1112,2,33413000,-1
45509.7523224,4,1113,1,33416000,1
45521.2494319,4,1114,1,33420000,1
45530.2827623,4,1115,9,33423000,1
45558.4454885,4,1116,11,33420000,-1
45566.2329424,4,1117,5,33425000,-1
45582.8550392,4,1118,11,33428000,1
45601.5823601,4,1119,18,33424000,1
45601.8201059,4,1120,1,33421000,1
45612.5283013,4,1121,10,33418000,-1
45639.0775939,4,1122,5,33421000,1
45649.7274574,4,1123,5,33417000,1
45684.1078033,4,1124,5,33413000,-1
45688.8436239,4,1125,2,33417000,1
45700.724776,4,1126,1,33413000,-1
45705.1315255,4,1127,1,33410000,-1
45730.4605891,4,1128,24,33407000,1
45740.0613032,4,1129,4,33413000,-1
45741.7441622,4,1130,1,33418000,-1
45762.8592135,4,1131,1,33415000,1
45766.7830989,4,1132,3,33418000,1
45781.0045851,4,1133,6,33415000,1
45824.9691467,4,1134,7,33418000,1
45839.7086315,4,1135,10,33422000,1
45844.6893526,4,1136,3,33419000,1
45849.81528,4,1137,2,33414000,1
45852.3383129,4,1138,2,33411000,-1
45852.4533284,4,1139,3,33414000,1
45853.0939791,4,1140,3,33410000,-1
45853.3064367,4,1141,3,33414000,1
45862.2922385,4,1142,5,33411000,1
45866.0270453,4,1143,1,33408000,1
45870.9589372,4,1144,2,33413000,-1
45879.5293784,4,1145,4,33410000,1
45882.1261492,4,1146,2,33407000,-1
45882.1719159,4,1147,1,33410000,-1
45882.1843699,4,1148,1,33407000,1
45890.3764154,4,1149,5,33410000,1
45890.378727,4,1150,15,33407000,1
45890.3787467,4,1151,3,33404000,1
45908.9327115,4,1152,1,33407000,-1
45918.2291833,4,1153,4,33403000,1
45924.6339424,4,1154,5,33400000,1
45930.8585611,4,1155,8,33397000,-1
45931.286269,4,1156,2,33400000,1
45935.0277455,4,1157,3,33397000,1
45955.7954622,4,1158,28,33394000,1
45956.0215689,4,1159,11,33391000,1
45956.8201632,4,1160,1,33388000,1
45957.3731288,4,1161,1,33391000,-1
45959.909987,4,1162,1,33388000,1
45960.7999282,4,1163,5,33391000,-1
45986.3265673,4,1164,8,33394000,1
45987.4414503,4,1165,2,33391000,-1
45990.9044838,4,1166,14,33394000,-1
46014.1744123,4,1167,12,33397000,-1
46020.2625842,4,1168,6,33400000,-1
46027.8125908,4,1169,7,33395000,-1
46032.1887586,4,1170,2,33398000,1
46035.3862073,4,1171,1,33395000,1
46049.7182968,4,1172,1,33400000,1
46057.3773743,4,1173,1,33403000,-1
46062.0353025,4,1174,4,33400000,1
46065.7649082,4,1175,3,33403000,1
46080.8768553,4,1176,5,33398000,1
46114.9364838,4,1177,5,33395000,-1
46115.0711616,4,1178,9,33398000,1
46116.1831301,4,1179,2,33395000,1
46124.1469072,4,1180,9,33398000,1
46130.8843108,4,1181,4,33395000,1
46134.5507074,4,1182,12,33392000,1
46139.4155661,4,1183,1,33388000,1
46147.4315877,4,1184,3,33391000,-1
46147.9403247,4,1185,5,33394000,1
46159.247682,4,1186,3,33390000,-1
46161.8016063,4,1187,10,33393000,-1
46161.8855348,4,1188,1,33396000,-1
46174.6331109,4,1189,1,33393000,-1
46217.9844732,4,1190,1,33389000,-1
46229.7509263,4,1191,7,33386000,1
46230.3055387,4,1192,5,33383000,1
46246.2247452,4,1193,15,33380000,1
46247.0685234,4,1194,8,33377000,1
46252.9873545,4,1195,21,33374000,1
46259.5585489,4,1196,16,33371000,1
46259.5605278,4,1197,20,33368000,1
46259.5605447,4,1198,1,33365000,1
46261.1374708,4,1199,1,33369000,1
46262.5692352,4,1200,3,33372000,-1
46270.1170258,4,1201,9,33375000,-1
46277.0736933,4,1202,8,33372000,1
46321.6332399,4,1203,24,33369000,-1
46328.9159984,4,1204,13,33372000,-1
46332.2231328,4,1205,1,33375000,-1
46341.2649712,4,1206,3,33372000,-1
46345.4324462,4,1207,5,33375000,-1
46357.8855374,4,1208,6,33378000,-1
46364.9092716,4,1209,1,33373000,-1
46378.3103545,4,1210,10,33377000,-1
46383.4130452,4,1211,4,33380000,1
46385.8053912,4,1212,8,33377000,-1
46391.7692006,4,1213,17,33380000,-1
46395.2186416,4,1214,13,33383000,-1
46395.9833025,4,1215,12,33386000,-1
46398.2626236,4,1216,18,33389000,-1
46411.9097003,4,1217,14,33392000,-1
46422.2353662,4,1218,4,33389000,-1
46430.1622218,4,1219,6,33392000,1
46430.4889783,4,1220,1,33389000,-1
46440.9036538,4,1221,1,33386000,1
46441.0996439,4,1222,1,33389000,1
46445.0524364,4,1223,3,33392000,-1
46447.6549002,4,1224,2,33395000,1
46453.8473029,4,1225,4,33392000,-1
46459.0952757,4,1226,5,33395000,1
46475.1887809,4,1227,12,33392000,-1
46489.856807,4,1228,8,33396000,1
46500.520887,4,1229,2,33393000,-1
46505.7281418,4,1230,1,33396000,1
46514.5062482,4,1231,7,33400000,-1
46519.5601907,4,1232,13,33403000,-1
46535.0450525,4,1233,7,33406000,1
46542.1995043,4,1234,16,33409000,1
46549.3927371,4,1235,14,33406000,1
46553.171535,4,1236,19,33403000,1
46553.3249765,4,1237,8,33400000,1
46557.8478339,4,1238,7,33397000,1
46559.7588518,4,1239,5,33400000,-1
46559.7588601,4,1240,1,33403000,-1
46560.4045207,4,1241,1,33400000,1
46579.9805763,4,1242,2,33403000,1
46618.8531113,4,1243,11,33406000,-1
46621.0577514,4,1244,3,33409000,-1
46635.5946449,4,1245,21,33412000,-1
46640.5783351,4,1246,1,33415000,1
46640.6933418,4,1247,1,33419000,-1
46640.8031244,4,1248,4,33415000,-1
46640.80314,4,1249,1,33418000,-1
46681.0795041,4,1250,10,33414000,1
46693.8290721,4,1251,26,33410000,1
46693.8290819,4,1252,1,33407000,1
46698.5045959,4,1253,9,33410000,-1
46715.3963377,4,1254,8,33414000,-1
46730.4746259,4,1255,5,33417000,1
46736.7154127,4,1256,5,33420000,-1
46740.4329304,4,1257,1,33423000,-1
46768.310838,4,1258,25,33420000,1
46772.5621064,4,1259,11,33417000,1
46773.2904668,4,1260,2,33413000,1
46788.3274726,4,1261,2,33410000,1
46800.4474179,4,1262,9,33413000,-1
46800.6496079,4,1263,14,33416000,-1
46801.0787287,4,1264,10,33419000,-1
46801.4555303,4,1265,9,33416000,-1
46803.8840948,4,1266,11,33412000,1
46808.2562329,4,1267,2,33408000,1
46812.7370394,4,1268,10,33405000,1
46816.5945747,4,1269,13,33402000,-1
46820.130191,4,1270,8,33405000,1
46822.6193255,4,1271,6,33402000,1
46824.1151616,4,1272,9,33399000,1
46824.9896638,4,1273,1,33396000,-1
46829.3023904,4,1274,2,33393000,1
46841.275317,4,1275,6,33396000,-1
46841.6751589,4,1276,1,33399000,-1
46855.152452,4,1277,4,33396000,1
46855.3459266,4,1278,3,33393000,-1
46855.3490398,4,1279,19,33396000,-1
46855.349048,4,1280,1,33399000,-1
46863.1303432,4,1281,13,33396000,-1
46866.3982894,4,1282,1,33400000,1
46873.3128189,4,1283,1,33397000,1
46891.767522,4,1284,1,33400000,-1
46900.0955375,4,1285,10,33396000,1
46902.3899872,4,1286,5,33393000,1
46904.1842525,4,1287,4,33390000,-1
46904.5920947,4,1288,2,33393000,-1
46918.1890038,4,1289,2,33396000,-1
46919.9597501,4,1290,3,33399000,-1
46920.1258395,4,1291,1,33402000,-1
46923.8257347,4,1292,8,33399000,1
46930.1055302,4,1293,1,33396000,1
46938.3585681,4,1294,1,33393000,1
46950.1080523,4,1295,1,33396000,-1
46954.1024181,4,1296,3,33392000,1
46954.3682788,4,1297,4,33389000,1
46955.3228802,4,1298,1,33386000,-1
46956.2026084,4,1299,10,33383000,1
46956.6740306,4,1300,1,33380000,1
46959.0338461,4,1301,3,33384000,1
46967.5618003,4,1302,11,33381000,1
46976.1047769,4,1303,6,33378000,1
46976.7324715,4,1304,4,33375000,-1
46976.7368402,4,1305,12,33378000,-1
46976.7368906,4,1306,6,33381000,-1
46978.0232942,4,1307,1,33378000,-1
46983.2502151,4,1308,1,33375000,-1
46983.9094635,4,1309,1,33372000,1
46990.8251896,4,1310,1,33376000,1
47001.0344861,4,1311,2,33380000,-1
47003.392109,4,1312,4,33383000,-1
47005.7388118,4,1313,1,33387000,-1
47049.1267963,4,1314,2,33384000,-1
47054.116293,4,1315,11,33379000,-1
47059.6076008,4,1316,7,33382000,1
47065.2117287,4,1317,15,33378000,-1
47065.4451958,4,1318,1,33381000,1
47075.888248,4,1319,9,33384000,-1
47075.925513,4,1320,2,33387000,-1
47076.4000578,4,1321,1,33384000,1
47085.774012,4,1322,28,33381000,1
47098.5208274,4,1323,15,33384000,1
47105.5386492,4,1324,13,33381000,1
47119.7261667,4,1325,3,33378000,1
47121.7555587,4,1326,5,33375000,-1
47122.8824293,4,1327,4,33378000,1
47129.8104384,4,1328,3,33372000,-1
47134.0384355,4,1329,1,33375000,-1
47138.3720709,4,1330,1,33372000,1
47149.8357432,4,1331,8,33377000,1
47160.3151991,4,1332,1,33371000,-1
47162.758744,4,1333,4,33368000,1
47175.0565575,4,1334,11,33365000,-1
47175.8863769,4,1335,5,33369000,-1
47176.1050682,4,1336,3,33374000,-1
47178.3748811,4,1337,2,33371000,-1
47178.4219845,4,1338,1,33374000,-1
47180.0377454,4,1339,1,33371000,1
47182.4243561,4,1340,3,33375000,-1
47187.6962405,4,1341,1,33371000,-1
47200.1350434,4,1342,4,33376000,-1
47200.1372256,4,1343,15,33379000,-1
47209.9189117,4,1344,2,33374000,-1
47215.7767575,4,1345,1,33369000,-1
47221.7852254,4,1346,3,33364000,1
47221.8428571,4,1347,16,33361000,1
47227.3944197,4,1348,8,33358000,-1
47231.8411036,4,1349,9,33355000,1
47233.8473589,4,1350,11,33358000,-1
47245.4063621,4,1351,12,33361000,-1
47246.9134818,4,1352,14,33364000,-1
47249.7267864,4,1353,6,33359000,1
47256.4045575,4,1354,5,33362000,-1
47258.3856159,4,1355,2,33365000,-1
47272.4836349,4,1356,16,33368000,-1
47273.1776588,4,1357,5,33371000,1
47280.1912604,4,1358,1,33368000,1
47287.7993875,4,1359,12,33372000,-1
47288.7536475,4,1360,1,33376000,1
47291.4992015,4,1361,2,33379000,1
47293.468707,4,1362,3,33375000,-1
47294.4678032,4,1363,3,33379000,-1
47295.9972425,4,1364,1,33376000,-1
47348.947748,4,1365,1,33379000,-1
47364.1883436,4,1366,4,33371000,1
47365.8875289,4,1367,2,33368000,1
47370.3537286,4,1368,2,33364000,-1
47375.4136504,4,1369,1,33368000,1
47393.0432567,4,1370,4,33371000,1
47408.5666088,4,1371,2,33375000,1
47424.0867285,4,1372,3,33372000,1
47427.8672525,4,1373,1,33369000,1
47436.0057984,4,1374,5,33366000,-1
47439.6030761,4,1375,4,33370000,-1
47452.6238469,4,1376,3,33373000,-1
47462.4806809,4,1377,2,33370000,-1
47468.8744935,4,1378,9,33367000,-1
47469.2602797,4,1379,3,33370000,-1
47486.6317724,4,1380,20,33373000,-1
47487.476826,4,1381,3,33376000,1
47491.5500454,4,1382,1,33373000,-1
47492.8660751,4,1383,2,33370000,1
47520.6930349,4,1384,12,33367000,1
47522.1405552,4,1385,2,33364000,1
47525.8700338,4,1386,1,33367000,1
47528.1823956,4,1387,8,33375000,-1
47541.6063056,4,1388,1,33378000,-1
47547.5382298,4,1389,1,33374000,1
47557.262918,4,1390,1,33371000,-1
47585.5633679,4,1391,2,33368000,1
47596.7470705,4,1392,2,33371000,1
47603.3871115,4,1393,5,33368000,1
47605.9939049,4,1394,2,33365000,-1
47606.0247392,4,1395,1,33368000,-1
47608.3932253,4,1396,1,33365000,-1
47609.9043861,4,1397,1,33368000,-1
47616.5960312,4,1398,5,33365000,1
47616.5995866,4,1399,1,33362000,1
47642.5619577,4,1400,17,33365000,1
47660.1636223,4,1401,7,33368000,-1
47662.0427143,4,1402,2,33371000,-1
47663.9305057,4,1403,7,33374000,1
47666.8371559,4,1404,8,33371000,1
47675.1314752,4,1405,22,33368000,1
47684.7560652,4,1406,15,33371000,1
47700.5138445,4,1407,9,33368000,1
47700.5402391,4,1408,1,33365000,1
47700.8383695,4,1409,1,33362000,1
47701.5262676,4,1410,10,33365000,1
47702.5395256,4,1411,5,33362000,1
47705.4208982,4,1412,6,33358000,1
47712.5147333,4,1413,1,33355000,1
47722.1764868,4,1414,2,33367000,-1
47725.2958731,4,1415,1,33370000,1
47730.318442,4,1416,3,33373000,1
47733.5626226,4,1417,2,33370000,1
47742.3128327,4,1418,1,33365000,1
47748.465749,4,1419,3,33368000,1
47758.3278834,4,1420,1,33371000,-1
47763.4470307,4,1421,1,33366000,-1
47770.4152636,4,1422,4,33361000,1
47778.3891265,4,1423,2,33356000,-1
47783.5850481,4,1424,1,33359000,-1
47797.4188459,4,1425,1,33356000,1
47812.937627,4,1426,5,33361000,1
47816.2106512,4,1427,10,33358000,1
47819.0915441,4,1428,3,33355000,-1
47820.4343171,4,1429,1,33358000,-1
47823.9860073,4,1430,8,33354000,1
47825.7496184,4,1431,33,33351000,1
47828.4590016,4,1432,7,33348000,1
47834.2513693,4,1433,15,33345000,1
47834.2794309,4,1434,1,33342000,1
47835.720292,4,1435,2,33345000,1
47835.7203013,4,1436,1,33342000,1
47839.2155053,4,1437,2,33345000,1
47839.215516,4,1438,1,33342000,1
47843.4712958,4,1439,7,33345000,-1
47854.4921181,4,1440,1,33348000,-1
47858.3801453,4,1441,1,33344000,1
47860.664226,4,1442,5,33348000,-1
47861.7022005,4,1443,3,33351000,-1
47873.6965834,4,1444,1,33354000,1
47882.7373908,4,1445,4,33360000,-1
47885.0204749,4,1446,6,33363000,-1
47888.1356827,4,1447,1,33366000,-1
47895.2789619,4,1448,4,33361000,1
47969.3055364,4,1449,10,33358000,1
47976.2332678,4,1450,5,33355000,1
47985.3625388,4,1451,3,33352000,1
47986.6751768,4,1452,11,33349000,1
47987.7194081,4,1453,3,33346000,-1
47992.4380215,4,1454,2,33352000,1
47993.7934027,4,1455,10,33349000,-1
47999.5796466,4,1456,1,33353000,-1
48005.5447151,4,1457,6,33349000,-1
48006.4476815,4,1458,1,33346000,-1
48016.2767616,4,1459,11,33343000,-1
48016.2917372,4,1460,3,33346000,-1
48017.1617309,4,1461,2,33349000,1
48023.6709617,4,1462,5,33345000,1
48026.8362876,4,1463,17,33342000,1
48031.6183298,4,1464,3,33347000,-1
48036.8747612,4,1465,12,33350000,-1
48046.014684,4,1466,5,33353000,-1
48061.5704807,4,1467,5,33357000,-1
48065.0951941,4,1468,1,33360000,1
48073.6286432,4,1469,1,33356000,-1
48081.3356491,4,1470,2,33353000,-1
48090.5257488,4,1471,1,33349000,1
48097.9403526,4,1472,7,33346000,-1
48104.3355832,4,1473,10,33349000,1
48108.8053961,4,1474,2,33346000,1
48115.924488,4,1475,8,33343000,-1
48123.8187109,4,1476,7,33340000,1
48125.9973558,4,1477,8,33337000,1
48127.4824569,4,1478,13,33334000,1
48128.4181311,4,1479,2,33338000,1
48129.5536492,4,1480,6,33335000,1
48136.9194012,4,1481,25,33332000,1
48140.2329308,4,1482,7,33329000,1
48140.4642062,4,1483,1,33326000,1
48141.8801568,4,1484,2,33330000,1
48142.0582696,4,1485,1,33327000,1
48144.2936165,4,1486,1,33330000,1
48148.1638119,4,1487,1,33327000,1
48152.3239675,4,1488,2,33330000,1
48157.3272997,4,1489,7,33327000,1
48158.7132964,4,1490,2,33324000,-1
48162.6233162,4,1491,2,33327000,1
48165.3597442,4,1492,11,33324000,-1
48168.5607685,4,1493,8,33327000,-1
48169.5055107,4,1494,22,33330000,1
48173.0128092,4,1495,10,33327000,-1
48181.9146961,4,1496,30,33330000,1
48188.7471352,4,1497,1,33326000,-1
48189.4648001,4,1498,13,33320000,1
48189.8986806,4,1499,6,33323000,-1
48198.8211983,4,1500,8,33326000,-1
48207.5416476,4,1501,13,33323000,1
48216.9679071,4,1502,14,33320000,-1
48226.1529116,4,1503,2,33317000,1
48236.8533627,4,1504,5,33324000,-1
48237.6650392,4,1505,1,33327000,-1
48239.1210436,4,1506,2,33323000,-1
48244.0026023,4,1507,1,33327000,-1
48250.2974297,4,1508,13,33323000,-1
48252.5602022,4,1509,19,33327000,-1
48256.1044443,4,1510,7,33330000,-1
48267.7980477,4,1511,8,33327000,-1
48291.755009,4,1512,12,33331000,-1
48296.7005178,4,1513,2,33335000,-1
48307.1378117,4,1514,15,33332000,-1
48310.7823157,4,1515,4,33335000,-1
48319.9769084,4,1516,6,33338000,-1
48324.6625221,4,1517,1,33341000,-1
48329.7690876,4,1518,7,33337000,1
48330.7390854,4,1519,4,33334000,1
48338.1243598,4,1520,2,33339000,-1
48341.2829369,4,1521,18,33342000,-1
48355.8139857,4,1522,18,33345000,-1
48359.5012885,4,1523,1,33339000,-1
48366.2436275,4,1524,4,33336000,1
48372.8370273,4,1525,9,33333000,1
48380.0590875,4,1526,4,33330000,1
48386.4582894,4,1527,6,33327000,-1
48413.464477,4,1528,2,33332000,1
48415.8019033,4,1529,3,33329000,1
48415.8019144,4,1530,1,33326000,1
48425.1370108,4,1531,5,33330000,-1
48427.7991247,4,1532,9,33333000,-1
48438.5939896,4,1533,1,33338000,-1
48447.8681217,4,1534,1,33331000,1
48456.367503,4,1535,12,33334000,1
48474.1498417,4,1536,4,33331000,-1
48480.1793489,4,1537,2,33334000,-1
48482.3493983,4,1538,1,33337000,-1
48493.6231199,4,1539,1,33334000,1
48495.1586672,4,1540,13,33339000,-1
48496.6976586,4,1541,9,33343000,-1
48499.0926369,4,1542,14,33346000,-1
48502.0890683,4,1543,5,33343000,-1
48504.8800816,4,1544,15,33346000,-1
48512.6253365,4,1545,13,33349000,-1
48516.3845377,4,1546,6,33352000,1
48527.2472819,4,1547,10,33349000,1
48527.3046354,4,1548,6,33346000,1
48534.0209652,4,1549,2,33349000,1
48538.2348931,4,1550,4,33346000,1
48550.8286685,4,1551,4,33343000,1
48561.0475933,4,1552,9,33350000,-1
48572.5799016,4,1553,1,33353000,-1
48575.5996935,4,1554,7,33348000,-1
48575.5997294,4,1555,5,33351000,-1
48578.2956639,4,1556,1,33347000,1
48588.7512891,4,1557,1,33350000,1
48595.0559005,4,1558,2,33354000,1
48597.7516093,4,1559,8,33351000,1
48601.3388549,4,1560,8,33347000,1
48603.0373649,4,1561,4,33351000,1
48603.2452837,4,1562,3,33348000,1
48605.0785555,4,1563,4,33345000,-1
48606.025009,4,1564,18,33342000,1
48610.9978497,4,1565,1,33345000,1
48618.9088424,4,1566,9,33353000,-1
48618.9088477,4,1567,1,33356000,-1
48619.1987664,4,1568,1,33353000,1
48620.4991757,4,1569,3,33356000,-1
48622.1125821,4,1570,9,33359000,-1
48623.0474753,4,1571,17,33362000,1
48628.6188981,4,1572,11,33359000,-1
48631.043468,4,1573,4,33356000,1
48637.4105801,4,1574,5,33353000,-1
48637.410596,4,1575,1,33356000,-1
48639.9402943,4,1576,2,33350000,-1
48639.9783034,4,1577,1,33353000,-1
48645.719279,4,1578,2,33350000,-1
48647.2467291,4,1579,29,33353000,-1
48647.2922999,4,1580,1,33356000,-1
48649.2734851,4,1581,42,33353000,1
48656.4584282,4,1582,2,33350000,-1
48660.1489658,4,1583,11,33345000,-1
48667.2402717,4,1584,8,33348000,-1
48667.8410174,4,1585,1,33351000,-1
48675.0387077,4,1586,9,33354000,-1
48676.8506211,4,1587,1,33357000,1
48681.7136111,4,1588,7,33360000,-1
48682.4770641,4,1589,1,33363000,-1
48687.3258874,4,1590,1,33359000,1
48687.8395958,4,1591,2,33363000,1
48690.4313894,4,1592,2,33360000,-1
48693.0631641,4,1593,13,33363000,1
48693.8767132,4,1594,7,33367000,-1
48695.0726689,4,1595,9,33370000,-1
48696.9983892,4,1596,8,33373000,-1
48699.3888309,4,1597,21,33376000,1
48699.788836,4,1598,12,33373000,1
48701.469829,4,1599,5,33370000,1
48701.6568405,4,1600,1,33367000,1
48704.2503385,4,1601,3,33370000,1
48704.9638834,4,1602,3,33367000,1
48706.7805619,4,1603,4,33370000,-1
48709.5052821,4,1604,1,33373000,1
48711.7428324,4,1605,11,33377000,-1
48713.459846,4,1606,15,33380000,-1
48713.5984451,4,1607,10,33383000,-1
48713.669266,4,1608,13,33386000,1
48714.9208537,4,1609,4,33382000,1
48720.7972668,4,1610,8,33379000,-1
48723.4689648,4,1611,6,33382000,1
48724.1999804,4,1612,1,33379000,1
48728.0949126,4,1613,5,33382000,1
48729.6710716,4,1614,21,33379000,-1
48730.5072145,4,1615,1,33382000,-1
48732.1024354,4,1616,3,33379000,1
48732.6374179,4,1617,1,33376000,1
48733.4432793,4,1618,3,33379000,1
48737.5690865,4,1619,1,33376000,1
48738.8911172,4,1620,2,33380000,1
48743.1039626,4,1621,1,33383000,1
48750.7425374,4,1622,4,33386000,1
48754.2586345,4,1623,13,33383000,1
48760.4540774,4,1624,21,33380000,1
48761.4126666,4,1625,6,33377000,1
48761.4805599,4,1626,3,33374000,1
48762.4061167,4,1627,43,33371000,1
48766.8673513,4,1628,20,33367000,1
48767.3567663,4,1629,1,33364000,1
48770.9425345,4,1630,5,33367000,1
48775.8685432,4,1631,3,33364000,1
48776.100934,4,1632,1,33368000,1
48776.6109931,4,1633,8,33372000,-1
48776.7691259,4,1634,6,33375000,-1
48777.316725,4,1635,2,33378000,1
48780.1876888,4,1636,1,33374000,1
48782.3840964,4,1637,8,33377000,1
48782.8308384,4,1638,1,33374000,-1
48791.0313493,4,1639,12,33371000,1
48791.0510253,4,1640,1,33368000,1
48794.9606757,4,1641,2,33371000,1
48798.7859143,4,1642,4,33374000,-1
48802.189692,4,1643,5,33377000,-1
48809.2405332,4,1644,23,33380000,-1
48832.1470239,4,1645,12,33383000,1
48839.8967145,4,1646,11,33380000,-1
48843.1910174,4,1647,3,33383000,1
48846.0812119,4,1648,3,33380000,-1
48847.5716548,4,1649,2,33383000,1
48848.7047427,4,1650,4,33380000,-1
48851.2769953,4,1651,9,33383000,-1
48853.9650976,4,1652,7,33386000,-1
48856.5009226,4,1653,7,33389000,1
48858.1015975,4,1654,5,33386000,-1
48859.0936066,4,1655,1,33389000,-1
48860.5475444,4,1656,1,33386000,-1
48863.6284633,4,1657,1,33383000,-1
48868.7289028,4,1658,1,33380000,-1
48868.8871003,4,1659,2,33375000,1
48875.1803602,4,1660,3,33370000,-1
48879.5237419,4,1661,1,33373000,-1
48885.5741603,4,1662,2,33370000,-1
48897.7184627,4,1663,9,33373000,1
48900.2733423,4,1664,1,33370000,-1
48900.5213748,4,1665,19,33366000,1
48900.5916315,4,1666,38,33363000,1
48900.7949139,4,1667,32,33360000,1
48901.0397307,4,1668,6,33357000,1
48905.8347682,4,1669,7,33361000,1
48905.8440642,4,1670,1,33358000,1
48908.7260522,4,1671,5,33361000,1
48912.6285822,4,1672,3,33368000,1
48922.3822866,4,1673,3,33365000,1
48923.928099,4,1674,25,33370000,-1
48924.2905414,4,1675,33,33373000,-1
48935.1656939,4,1676,36,33376000,-1
48939.9517219,4,1677,2,33373000,1
48940.3542474,4,1678,2,33369000,1
48942.0800187,4,1679,1,33366000,1
48944.0991056,4,1680,2,33362000,-1
48952.9386882,4,1681,1,33367000,-1
48955.1367055,4,1682,3,33362000,-1
48955.3277901,4,1683,2,33365000,1
48961.9414216,4,1684,8,33361000,1
48962.7443596,4,1685,16,33358000,1
48984.67698,4,1686,15,33355000,1
48987.3115094,4,1687,4,33352000,1
48989.471052,4,1688,5,33355000,1
48990.733587,4,1689,11,33351000,1
48990.7335921,4,1690,1,33348000,1
48991.3573283,4,1691,1,33351000,1
48992.0925403,4,1692,2,33355000,1
48995.2933928,4,1693,1,33349000,1
48998.8222883,4,1694,2,33354000,-1
48999.5856833,4,1695,2,33351000,1
49002.9129943,4,1696,15,33355000,1
49014.0450812,4,1697,14,33352000,1
49014.0882366,4,1698,1,33348000,1
49019.7569112,4,1699,4,33355000,1
49024.1426999,4,1700,17,33352000,1
49025.423104,4,1701,4,33349000,1
49028.2348404,4,1702,5,33346000,1
49029.3214095,4,1703,1,33343000,1
49030.3784466,4,1704,2,33348000,-1
49031.1087208,4,1705,5,33351000,1
49032.3237187,4,1706,3,33348000,1
49036.317419,4,1707,8,33344000,1
49036.5638862,4,1708,5,33341000,1
49037.6970708,4,1709,7,33338000,1
49039.9881433,4,1710,1,33335000,1
49042.4986326,4,1711,8,33339000,-1
49043.4281861,4,1712,7,33343000,1
49046.1977383,4,1713,10,33338000,1
49050.0585649,4,1714,5,33334000,-1
49050.2164495,4,1715,15,33331000,1
49051.032126,4,1716,6,33327000,1
49051.0321337,4,1717,1,33324000,1
49051.8350838,4,1718,6,33328000,-1
49052.358638,4,1719,1,33332000,-1
49060.9803095,4,1720,26,33329000,1
49062.5513797,4,1721,18,33324000,1
49064.1739874,4,1722,6,33321000,-1
49065.8837523,4,1723,1,33324000,-1
49067.4068062,4,1724,9,33321000,1
49072.6283057,4,1725,6,33318000,1
49072.693926,4,1726,1,33321000,1
49073.5347514,4,1727,3,33324000,-1
49077.5407779,4,1728,3,33328000,1
49078.4713358,4,1729,4,33325000,1
49083.052253,4,1730,26,33322000,1
49085.7541084,4,1731,3,33319000,-1
49093.7110997,4,1732,9,33322000,-1
49093.7135609,4,1733,17,33325000,-1
49094.1262851,4,1734,3,33328000,1
49096.6777293,4,1735,2,33323000,1
49099.4024388,4,1736,4,33327000,-1
49099.9771736,4,1737,2,33331000,-1
49100.3039816,4,1738,1,33334000,-1
49101.2119655,4,1739,2,33329000,-1
49101.2512152,4,1740,2,33333000,1
49101.9023162,4,1741,5,33330000,-1
49101.9107626,4,1742,2,33333000,-1
49102.2368073,4,1743,3,33330000,-1
49108.8766669,4,1744,3,33334000,-1
49109.3853967,4,1745,1,33338000,-1
49114.3861808,4,1746,1,33333000,1
49122.7717865,4,1747,9,33338000,-1
49122.906195,4,1748,1,33341000,-1
49124.1442108,4,1749,1,33334000,1
49132.7316935,4,1750,3,33340000,-1
49137.503763,4,1751,1,33337000,-1
49143.3658404,4,1752,1,33334000,1
49156.2650626,4,1753,3,33339000,1
49157.1488068,4,1754,5,33343000,-1
49159.4663711,4,1755,4,33346000,-1
49173.3075578,4,1756,2,33342000,1
49185.0527209,4,1757,2,33336000,1
49194.4644369,4,1758,5,33341000,1
49202.9282638,4,1759,1,33337000,1
49206.8847198,4,1760,1,33342000,-1
49211.1636012,4,1761,1,33338000,-1
49213.1772584,4,1762,1,33332000,1
49214.5285021,4,1763,1,33335000,-1
49216.9584478,4,1764,8,33338000,-1
49225.7294355,4,1765,10,33342000,1
49229.3727141,4,1766,2,33345000,-1
49234.8898073,4,1767,5,33348000,-1
49241.1242074,4,1768,2,33345000,1
49241.5811838,4,1769,1,33348000,1
49242.9744686,4,1770,2,33345000,-1
49244.698492,4,1771,12,33348000,-1
49245.0820089,4,1772,15,33351000,-1
49245.1861004,4,1773,7,33354000,-1
49251.0192823,4,1774,21,33357000,-1
49252.0628969,4,1775,46,33360000,-1
49254.0695643,4,1776,40,33363000,1
49258.5772178,4,1777,8,33359000,-1
49267.4163476,4,1778,5,33363000,-1
49271.9714923,4,1779,11,33367000,-1
49272.9295245,4,1780,20,33370000,1
49276.1965124,4,1781,17,33367000,-1
49276.1993709,4,1782,1,33370000,-1
49284.8364162,4,1783,10,33367000,1
49284.9038534,4,1784,1,33363000,1
49298.2598649,4,1785,19,33368000,1
49303.5454683,4,1786,2,33365000,-1
49313.6672382,4,1787,8,33368000,1
49317.4521345,4,1788,4,33363000,1
49319.9145102,4,1789,2,33359000,1
49321.5530865,4,1790,22,33356000,1
49323.8632546,4,1791,2,33353000,1
49325.8761292,4,1792,3,33357000,-1
49332.0507017,4,1793,3,33360000,-1
49337.1593484,4,1794,2,33364000,1
49340.3713298,4,1795,2,33359000,-1
49343.3553345,4,1796,1,33362000,1
49346.1081339,4,1797,2,33358000,1
49363.0507915,4,1798,2,33355000,1
49364.3609599,4,1799,1,33352000,-1
49367.1681381,4,1800,3,33349000,-1
49372.2420209,4,1801,34,33352000,1
49373.4515178,4,1802,9,33349000,-1
49374.383784,4,1803,1,33352000,-1
49378.0654504,4,1804,10,33355000,1
49379.0914166,4,1805,1,33352000,1
49379.353565,4,1806,2,33355000,1
49380.08886,4,1807,13,33351000,1
49384.9603543,4,1808,1,33347000,1
49399.1781281,4,1809,1,33350000,1
49403.0022311,4,1810,1,33353000,1
49415.5764013,4,1811,10,33350000,1
49417.34365,4,1812,1,33346000,-1
49417.4242547,4,1813,1,33349000,-1
49423.1103806,4,1814,7,33345000,1
49432.7330427,4,1815,1,33348000,1
49437.9535226,4,1816,1,33351000,-1
49444.0632674,4,1817,3,33345000,-1
49445.9563246,4,1818,6,33348000,-1
49447.1397939,4,1819,2,33351000,-1
49459.133385,4,1820,5,33348000,1
49460.2628597,4,1821,3,33352000,-1
49463.3667566,4,1822,6,33355000,-1
49468.7688561,4,1823,4,33352000,-1
49473.5508674,4,1824,17,33355000,-1
49477.1991513,4,1825,14,33358000,-1
49478.1055504,4,1826,4,33361000,1
49479.9334004,4,1827,5,33356000,1
49481.2128273,4,1828,1,33353000,-1
49486.8604031,4,1829,2,33357000,1
49489.7406039,4,1830,7,33354000,-1
49492.7468232,4,1831,6,33357000,-1
49496.0712678,4,1832,3,33354000,1
49500.0510267,4,1833,10,33351000,-1
49501.8883886,4,1834,9,33348000,1
49507.5601881,4,1835,1,33352000,1
49514.0811261,4,1836,5,33359000,-1
49517.1362138,4,1837,6,33362000,1
49519.4593258,4,1838,1,33359000,1
49521.9585845,4,1839,2,33365000,1
49524.9631143,4,1840,1,33362000,1
49529.2141378,4,1841,1,33365000,1
49536.4662443,4,1842,13,33368000,-1
49537.5922102,4,1843,16,33371000,-1
49539.7653032,4,1844,22,33374000,-1
49541.5564645,4,1845,1,33377000,1
49542.0416058,4,1846,29,33381000,-1
49545.104562,4,1847,4,33384000,-1
49548.1334908,4,1848,5,33380000,1
49557.1126877,4,1849,17,33376000,1
49561.2341689,4,1850,13,33380000,-1
49565.9314029,4,1851,10,33383000,-1
49567.2549222,4,1852,2,33386000,1
49567.2829864,4,1853,1,33383000,1
49570.9912549,4,1854,5,33386000,-1
49575.1758597,4,1855,11,33389000,-1
49575.1937271,4,1856,2,33392000,1
49578.0750875,4,1857,8,33389000,1
49582.1272261,4,1858,2,33386000,1
49583.1825724,4,1859,1,33390000,1
49584.2522284,4,1860,1,33394000,-1
49587.4642311,4,1861,1,33391000,1
49587.8787967,4,1862,5,33395000,1
49588.4682684,4,1863,12,33392000,1
49594.6789895,4,1864,9,33397000,1
49594.7092263,4,1865,2,33400000,1
49596.1574782,4,1866,7,33397000,1
49596.6840881,4,1867,10,33394000,-1
49600.0615295,4,1868,5,33397000,-1
49600.0774298,4,1869,2,33400000,1
49600.7551451,4,1870,5,33396000,1
49613.4573539,4,1871,13,33400000,-1
49616.5626539,4,1872,5,33403000,1
49619.6033386,4,1873,2,33400000,1
49623.4879652,4,1874,1,33405000,1
49639.2226219,4,1875,42,33409000,1
49640.4632721,4,1876,10,33406000,1
49646.0307726,4,1877,4,33403000,1
49656.1121624,4,1878,6,33406000,1
49663.1448658,4,1879,15,33403000,-1
49666.8451393,4,1880,4,33406000,1
49675.9613693,4,1881,5,33403000,1
49680.5369638,4,1882,8,33406000,-1
49680.5567812,4,1883,2,33409000,1
49683.0840053,4,1884,1,33406000,-1
49685.4368924,4,1885,15,33409000,1
49686.7147322,4,1886,6,33412000,1
49692.3196404,4,1887,12,33409000,1
49703.1550332,4,1888,1,33406000,1
49704.4382988,4,1889,1,33409000,1
49714.2013434,4,1890,14,33406000,1
49714.3614396,4,1891,26,33403000,1
49714.4083119,4,1892,2,33400000,1
49714.6824065,4,1893,13,33397000,-1
49719.5456677,4,1894,19,33400000,-1
49720.9884432,4,1895,2,33396000,1
49721.5001013,4,1896,3,33392000,-1
49726.7528557,4,1897,1,33396000,-1
49726.9681031,4,1898,4,33392000,-1
49730.2268094,4,1899,1,33395000,1
49742.031875,4,1900,9,33398000,-1
49748.2674372,4,1901,5,33401000,1
49754.9484721,4,1902,6,33398000,1
49762.3604176,4,1903,1,33391000,1
49766.0030905,4,1904,15,33394000,-1
49768.5415433,4,1905,3,33397000,1
49772.9373926,4,1906,7,33392000,-1
49772.9826121,4,1907,1,33395000,-1
49778.1661734,4,1908,3,33391000,1
49778.2062315,4,1909,12,33388000,1
49778.8307829,4,1910,19,33385000,1
49780.981606,4,1911,10,33382000,-1
49782.0036496,4,1912,2,33385000,1
49784.291509,4,1913,1,33382000,1
49804.5787214,4,1914,13,33387000,-1
49804.7370242,4,1915,1,33390000,-1
49810.5066998,4,1916,6,33383000,-1
49811.3425847,4,1917,1,33386000,-1
49814.1456283,4,1918,5,33390000,-1
49814.2208075,4,1919,1,33393000,-1
49819.9063824,4,1920,10,33396000,-1
49823.5055928,4,1921,3,33400000,1
49836.7609606,4,1922,8,33397000,-1
49841.0892862,4,1923,2,33400000,1
49845.6079233,4,1924,1,33396000,-1
49851.1046934,4,1925,1,33392000,1
49856.9637924,4,1926,1,33396000,-1
49859.6287232,4,1927,6,33400000,-1
49864.2095126,4,1928,17,33403000,-1
49865.1217671,4,1929,12,33406000,-1
49868.5206323,4,1930,26,33409000,-1
49883.756231,4,1931,15,33405000,-1
49886.7108391,4,1932,4,33408000,1
49893.5188164,4,1933,7,33405000,1
49894.6430965,4,1934,5,33402000,-1
49894.7630691,4,1935,4,33405000,-1
49898.6436448,4,1936,3,33402000,-1
49905.3944073,4,1937,3,33407000,1
49912.3356929,4,1938,10,33402000,1
49921.8073706,4,1939,9,33405000,1
49923.1192703,4,1940,8,33408000,1
49923.2521122,4,1941,1,33404000,1
49925.0555319,4,1942,3,33407000,-1
49930.3524209,4,1943,4,33410000,1
49933.6107166,4,1944,8,33405000,1
49934.1194528,4,1945,3,33402000,1
49934.8506532,4,1946,2,33405000,-1
49936.4938612,4,1947,2,33408000,1
49945.9743911,4,1948,19,33404000,1
49946.3125,4,1949,8,33401000,1
49947.756718,4,1950,7,33398000,-1
49949.8414569,4,1951,4,33401000,1
49950.4793938,4,1952,1,33398000,1
49952.1694249,4,1953,4,33401000,1
49955.058071,4,1954,3,33398000,1
49959.4471642,4,1955,1,33395000,1
49959.5621764,4,1956,3,33398000,-1
49962.4735082,4,1957,2,33401000,1
49965.4566256,4,1958,4,33397000,-1
49993.2941399,4,1959,14,33400000,1
50000.7326743,4,1960,14,33396000,-1
50001.9412624,4,1961,2,33399000,-1
50004.0183619,4,1962,1,33402000,-1
50010.6781169,4,1963,11,33399000,1
50011.9346831,4,1964,3,33395000,-1
50023.4126858,4,1965,1,33399000,-1
50039.8603989,4,1966,1,33395000,-1
50041.1985327,4,1967,4,33391000,-1
50047.9402507,4,1968,2,33394000,-1
50050.4526305,4,1969,4,33398000,1
50053.1614168,4,1970,2,33393000,-1
50055.885727,4,1971,3,33396000,1
50056.5685116,4,1972,1,33393000,1
50059.3406327,4,1973,1,33397000,-1
50063.2822402,4,1974,3,33400000,-1
50065.3058718,4,1975,13,33403000,-1
50076.3244477,4,1976,23,33406000,-1
50076.5615432,4,1977,1,33409000,1
50083.0196569,4,1978,1,33406000,-1
50087.2641036,4,1979,1,33402000,1
50093.0260535,4,1980,1,33405000,-1
50096.5493331,4,1981,2,33401000,-1
50099.8946772,4,1982,4,33405000,-1
50100.0687869,4,1983,2,33408000,1
50100.3177612,4,1984,2,33405000,-1
50114.6564872,4,1985,14,33408000,-1
50116.5535739,4,1986,6,33412000,-1
50118.6693707,4,1987,3,33415000,1
50131.3751409,4,1988,1,33412000,-1
50131.4740708,4,1989,11,33407000,1
50131.4740954,4,1990,1,33404000,1
50141.9121517,4,1991,8,33409000,-1
50154.2307001,4,1992,7,33414000,1
50158.8903071,4,1993,16,33417000,-1
50158.8903293,4,1994,1,33420000,-1
50159.7128053,4,1995,2,33416000,1
50160.0546065,4,1996,1,33413000,1
50162.545815,4,1997,9,33416000,-1
50163.9541095,4,1998,1,33412000,-1
50165.6726463,4,1999,1,33415000,-1
50170.6885047,4,2000,4,33411000,1
50171.3160536,4,2001,1,33408000,1
50191.7877637,4,2002,1,33411000,1
50198.4664286,4,2003,10,33419000,-1
50204.6229634,4,2004,9,33422000,-1
50209.4185785,4,2005,1,33425000,-1
50210.2413151,4,2006,2,33419000,-1
50210.241327,4,2007,1,33422000,-1
50211.6430741,4,2008,2,33419000,1
50211.6630606,4,2009,1,33416000,1
50217.4003513,4,2010,6,33420000,-1
50220.9689059,4,2011,4,33411000,-1
50229.0182804,4,2012,2,33414000,1
50237.340813,4,2013,9,33411000,-1
50237.5944696,4,2014,4,33407000,-1
50241.0785528,4,2015,2,33410000,1
50241.3839339,4,2016,12,33407000,1
50241.3839469,4,2017,1,33404000,1
50248.9170037,4,2018,1,33407000,1
50261.9392637,4,2019,5,33410000,-1
50280.8998389,4,2020,5,33413000,1
50294.7347924,4,2021,2,33410000,1
50299.2898179,4,2022,7,33407000,1
50300.1094295,4,2023,11,33404000,1
50308.3230215,4,2024,5,33401000,1
50312.4509125,4,2025,3,33404000,1
50329.4521309,4,2026,16,33401000,1
50331.8542173,4,2027,8,33398000,1
50343.9291474,4,2028,2,33401000,-1
50344.310591,4,2029,1,33404000,-1
50353.5783181,4,2030,3,33399000,-1
50357.083387,4,2031,2,33402000,1
50370.556738,4,2032,22,33399000,1
50370.7533024,4,2033,48,33396000,1
50371.9003267,4,2034,35,33393000,1
50373.7038192,4,2035,23,33390000,1
50375.2418544,4,2036,2,33393000,-1
50376.6555541,4,2037,2,33396000,1
50379.1821135,4,2038,9,33393000,-1
50388.09194,4,2039,6,33396000,-1
50389.9412456,4,2040,1,33401000,-1
50390.3470671,4,2041,1,33398000,1
50390.6073423,4,2042,1,33401000,-1
50398.687566,4,2043,10,33398000,-1
50400.6881412,4,2044,18,33401000,-1
50403.9152912,4,2045,64,33404000,1
50403.9809094,4,2046,16,33401000,1
50404.0853884,4,2047,5,33398000,1
50404.1306545,4,2048,6,33395000,1
50404.2415547,4,2049,1,33392000,1
50408.2735848,4,2050,2,33398000,-1
50417.7597687,4,2051,2,33394000,1
50417.9913377,4,2052,10,33391000,1
50421.6059927,4,2053,8,33388000,1
50422.0870493,4,2054,8,33385000,1
50426.6419626,4,2055,3,33382000,-1
50427.0002584,4,2056,4,33385000,-1
50430.7439025,4,2057,10,33390000,1
50432.3842457,4,2058,9,33387000,1
50443.7149802,4,2059,1,33393000,1
50448.0591461,4,2060,8,33397000,1
50450.2811856,4,2061,1,33393000,1
50475.0330629,4,2062,21,33399000,-1
50480.2788366,4,2063,7,33402000,-1
50481.5484066,4,2064,15,33406000,-1
50482.6122896,4,2065,33,33409000,1
50489.2195479,4,2066,1,33413000,1
50491.7547713,4,2067,2,33410000,1
50502.264856,4,2068,7,33407000,-1
50504.8570807,4,2069,5,33410000,-1
50520.3402441,4,2070,18,33413000,1
50521.2379734,4,2071,7,33410000,1
50522.6632875,4,2072,10,33406000,1
50526.4486809,4,2073,9,33402000,1
50533.5831139,4,2074,5,33398000,-1
50537.9557107,4,2075,6,33401000,-1
50537.9689818,4,2076,14,33405000,-1
50550.09456,4,2077,18,33408000,-1
50551.5165302,4,2078,5,33411000,1
50551.5165546,4,2079,5,33408000,1
50559.113832,4,2080,8,33404000,1
50562.243129,4,2081,3,33401000,-1
50567.9674596,4,2082,1,33395000,1
50568.1998686,4,2083,9,33398000,-1
50569.6366134,4,2084,2,33401000,-1
50587.6865083,4,2085,10,33404000,-1
50605.0194739,4,2086,6,33408000,1
50608.9272186,4,2087,7,33405000,1
50614.1365957,4,2088,9,33402000,-1
50614.1385352,4,2089,20,33405000,-1
50614.203161,4,2090,29,33408000,-1
50616.6919247,4,2091,7,33411000,1
50628.8430344,4,2092,16,33408000,1
50636.2288032,4,2093,4,33411000,-1
50638.6423585,4,2094,8,33414000,-1
50644.9783733,4,2095,23,33417000,1
50645.0259589,4,2096,1,33414000,1
50646.5780756,4,2097,7,33417000,1
50652.7765047,4,2098,10,33413000,1
50655.7347594,4,2099,13,33416000,-1
50656.652567,4,2100,17,33419000,-1
50657.9289307,4,2101,3,33422000,-1
50660.1016232,4,2102,2,33418000,1
50665.1410089,4,2103,1,33415000,-1
50667.7529084,4,2104,8,33412000,1
50670.6812884,4,2105,1,33409000,1
50676.0570863,4,2106,6,33412000,-1
50679.1737906,4,2107,9,33415000,-1
50682.5326054,4,2108,3,33418000,-1
50694.0050111,4,2109,3,33415000,1
50695.2581045,4,2110,3,33412000,-1
50696.4411163,4,2111,15,33415000,-1
50697.0947888,4,2112,17,33418000,-1
50702.4816603,4,2113,26,33421000,-1
50705.9249478,4,2114,1,33417000,-1
50715.4534408,4,2115,14,33414000,-1
50717.1999334,4,2116,8,33417000,-1
50724.2551419,4,2117,13,33420000,-1
50724.2702833,4,2118,5,33423000,-1
50724.7806824,4,2119,4,33420000,-1
50733.5020729,4,2120,2,33423000,-1
50744.0732219,4,2121,3,33420000,-1
50746.4664647,4,2122,4,33417000,1
50746.8923234,4,2123,1,33414000,-1
50751.9253005,4,2124,16,33411000,1
50755.2372536,4,2125,15,33408000,-1
50784.7401615,4,2126,14,33411000,-1
50785.7106741,4,2127,1,33414000,1
50788.7466665,4,2128,2,33418000,-1
50797.2820928,4,2129,8,33421000,-1
50798.3887222,4,2130,7,33424000,-1
50799.9223838,4,2131,19,33427000,-1
50802.6544145,4,2132,31,33430000,-1
50803.6188663,4,2133,12,33427000,-1
50805.4877283,4,2134,1,33432000,-1
50806.9985286,4,2135,10,33429000,-1
50806.998552,4,2136,1,33432000,-1
50808.4070367,4,2137,9,33429000,1
50813.3127805,4,2138,21,33426000,1
50816.9883952,4,2139,6,33422000,1
50819.1064156,4,2140,2,33419000,-1
50820.4038572,4,2141,6,33416000,1
50822.1469994,4,2142,9,33413000,1
50828.5257236,4,2143,1,33420000,1
50829.5449306,4,2144,17,33426000,-1
50829.6486615,4,2145,5,33429000,-1
50830.9166316,4,2146,2,33426000,1
50832.6385117,4,2147,2,33423000,-1
50846.9798005,4,2148,5,33426000,1
50847.3416351,4,2149,7,33423000,-1
50849.8567654,4,2150,4,33426000,-1
50856.3481238,4,2151,8,33429000,1
50862.0534021,4,2152,4,33426000,1
50867.5509971,4,2153,1,33423000,1
50870.7144923,4,2154,1,33426000,1
50876.0270033,4,2155,3,33423000,-1
50883.1191291,4,2156,14,33427000,-1
50885.6654231,4,2157,7,33430000,-1
50889.4840859,4,2158,14,33434000,-1
50889.7205351,4,2159,25,33437000,-1
50890.6306989,4,2160,34,33440000,-1
50892.8385809,4,2161,21,33443000,-1
50892.838642,4,2162,1,33446000,-1
50899.4037178,4,2163,35,33442000,-1
50899.4037437,4,2164,1,33445000,-1
50899.7858473,4,2165,3,33442000,1
50901.1656616,4,2166,14,33445000,-1
50901.9744886,4,2167,58,33448000,1
50905.3319073,4,2168,22,33445000,-1
50907.8090223,4,2169,1,33442000,1
50911.6837126,4,2170,5,33445000,-1
50919.3883612,4,2171,6,33448000,-1
50921.5994313,4,2172,15,33444000,1
50928.5638224,4,2173,9,33447000,1
50929.3997558,4,2174,10,33444000,1
50934.2932591,4,2175,25,33441000,1
50941.9753491,4,2176,11,33438000,-1
50944.6020449,4,2177,10,33441000,-1
50952.1758647,4,2178,3,33438000,1
50959.1229907,4,2179,13,33441000,-1
50965.727196,4,2180,6,33444000,-1
50969.2897278,4,2181,12,33440000,1
50973.0557153,4,2182,11,33437000,-1
50973.8411154,4,2183,10,33440000,1
50979.7356228,4,2184,4,33437000,-1
50981.7428146,4,2185,12,33440000,1
50997.593064,4,2186,9,33436000,1
50998.6520776,4,2187,7,33440000,1
51001.7836067,4,2188,3,33437000,-1
51005.8029817,4,2189,5,33440000,1
51011.8488353,4,2190,2,33437000,-1
51012.9241524,4,2191,2,33440000,1
51013.9115881,4,2192,7,33437000,-1
51015.5845287,4,2193,5,33440000,1
51015.5845467,4,2194,1,33437000,1
51035.189302,4,2195,7,33440000,-1
51061.2000254,4,2196,39,33444000,1
51061.6164706,4,2197,1,33441000,1
51062.6854614,4,2198,1,33444000,-1
51073.2176622,4,2199,5,33441000,1
51076.3959696,4,2200,40,33438000,-1
51080.2866285,4,2201,2,33435000,-1
51082.4274605,4,2202,9,33438000,1
51082.8790816,4,2203,17,33434000,1
51082.9907246,4,2204,28,33431000,-1
51085.0929004,4,2205,8,33428000,1
51085.3160027,4,2206,42,33431000,-1
51086.3412507,4,2207,11,33434000,-1
51087.9573901,4,2208,3,33437000,1
51088.033136,4,2209,1,33434000,1
51088.331916,4,2210,1,33437000,-1
51089.928202,4,2211,1,33434000,1
51101.468692,4,2212,12,33437000,1
51123.5683942,4,2213,19,33434000,-1
51136.7980757,4,2214,7,33438000,-1
51140.8372016,4,2215,18,33441000,-1
51141.5360231,4,2216,8,33444000,-1
51141.5655571,4,2217,1,33447000,-1
51142.2018245,4,2218,1,33443000,1
51150.5563855,4,2219,3,33440000,-1
51155.6083302,4,2220,3,33443000,-1
51163.0916697,4,2221,1,33446000,-1
51163.5653785,4,2222,1,33443000,1
51170.9457842,4,2223,4,33440000,1
51173.521015,4,2224,1,33437000,1
51179.7411112,4,2225,1,33441000,-1
51181.0460069,4,2226,2,33437000,-1
51181.9269063,4,2227,1,33440000,-1
51183.8999956,4,2228,4,33443000,1
51191.8566505,4,2229,14,33440000,1
51205.3539629,4,2230,5,33443000,-1
51211.2830374,4,2231,28,33447000,1
51212.2962927,4,2232,38,33450000,-1
51212.4377393,4,2233,21,33453000,-1
51212.5256092,4,2234,10,33456000,-1
51212.5256336,4,2235,1,33459000,-1
51215.4306574,4,2236,12,33452000,1
51222.6755505,4,2237,9,33449000,-1
51225.8489751,4,2238,3,33452000,-1
51225.8514562,4,2239,22,33455000,-1
51226.9214318,4,2240,18,33458000,-1
51227.1300757,4,2241,8,33461000,-1
51240.9522578,4,2242,9,33456000,-1
51248.7472068,4,2243,158,33459000,-1
51248.7486327,4,2244,18,33462000,-1
51249.1343328,4,2245,35,33465000,-1
51257.9441527,4,2246,22,33468000,1
51258.1593031,4,2247,2,33473000,-1
51259.0556076,4,2248,13,33470000,1
51265.5079208,4,2249,73,33467000,1
51270.3078359,4,2250,19,33464000,1
51272.151889,4,2251,11,33467000,1
51277.0679169,4,2252,40,33473000,-1
51277.4403426,4,2253,11,33470000,1
51279.166652,4,2254,1,33466000,-1
51279.3517353,4,2255,1,33461000,1
51280.2022336,4,2256,9,33464000,1
51280.4897104,4,2257,2,33461000,-1
51281.2281279,4,2258,17,33464000,1
51282.8093968,4,2259,14,33461000,-1
51283.8664629,4,2260,1,33464000,-1
51285.7818251,4,2261,19,33461000,-1
51289.665449,4,2262,3,33464000,1
51289.7507317,4,2263,1,33461000,1
51292.5420653,4,2264,8,33464000,-1
51297.1172223,4,2265,3,33468000,1
51301.4584588,4,2266,18,33471000,-1
51304.1654317,4,2267,8,33475000,1
51306.5131069,4,2268,7,33472000,-1
51306.5147621,4,2269,19,33475000,-1
51306.6066954,4,2270,24,33478000,-1
51308.1061242,4,2271,1,33475000,-1
51312.7042424,4,2272,1,33478000,-1
51312.759284,4,2273,3,33475000,-1
51318.1025826,4,2274,5,33478000,-1
51320.819434,4,2275,6,33474000,1
51325.923784,4,2276,17,33470000,1
51326.2733722,4,2277,8,33466000,1
51329.3005336,4,2278,3,33463000,1
51330.7002795,4,2279,53,33460000,1
51334.33433,4,2280,7,33456000,1
51336.7382379,4,2281,1,33453000,1
51341.1018581,4,2282,7,33456000,1
51343.150645,4,2283,14,33453000,1
51349.7496565,4,2284,48,33450000,1
51350.8803026,4,2285,1,33447000,1
51355.3297702,4,2286,1,33450000,-1
51361.7668874,4,2287,3,33447000,-1
51366.4099166,4,2288,21,33443000,1
51369.3584989,4,2289,2,33440000,1
51381.0617594,4,2290,7,33443000,-1
51395.6333541,4,2291,7,33446000,1
51405.2550917,4,2292,7,33449000,-1
51405.8427264,4,2293,3,33453000,1
51407.6852163,4,2294,12,33450000,-1
51410.8701374,4,2295,1,33454000,1
51416.2172557,4,2296,2,33451000,1
51423.0682844,4,2297,7,33448000,1
51427.4567073,4,2298,5,33445000,1
51434.3611836,4,2299,1,33439000,1
51436.3337254,4,2300,19,33442000,-1
51436.335638,4,2301,11,33445000,-1
51436.4603809,4,2302,2,33442000,-1
51437.6758313,4,2303,12,33445000,1
51438.1421725,4,2304,2,33442000,-1
51441.0928369,4,2305,6,33445000,-1
51446.1440231,4,2306,3,33448000,1
51449.0271125,4,2307,1,33444000,1
51453.3173048,4,2308,6,33441000,1
51457.6501737,4,2309,2,33438000,-1
51459.1936002,4,2310,3,33441000,1
51463.3940021,4,2311,4,33438000,-1
51465.8388734,4,2312,5,33441000,-1
51469.1253843,4,2313,1,33444000,1
51490.5826196,4,2314,16,33448000,-1
51490.6356666,4,2315,2,33451000,1
51491.3223327,4,2316,2,33448000,1
51496.4036777,4,2317,1,33445000,1
51498.2241581,4,2318,3,33448000,1
51512.4418393,4,2319,3,33445000,-1
51520.6476649,4,2320,6,33440000,-1
51521.9464081,4,2321,5,33443000,-1
51525.2390533,4,2322,5,33446000,1
51530.8124184,4,2323,5,33443000,1
51531.7746868,4,2324,1,33446000,1
51538.8353951,4,2325,12,33443000,1
51540.0398555,4,2326,2,33440000,-1
51540.5986091,4,2327,12,33443000,-1
51540.8160303,4,2328,4,33446000,-1
51544.044032,4,2329,9,33449000,-1
51547.1402,4,2330,14,33452000,1
51553.7544744,4,2331,1,33449000,1
51558.5871567,4,2332,2,33452000,1
51562.2089001,4,2333,3,33449000,-1
51573.5667105,4,2334,11,33452000,1
51586.533598,4,2335,3,33448000,1
51589.1339062,4,2336,2,33445000,1
51589.7594931,4,2337,1,33440000,1
51600.4944257,4,2338,2,33444000,1
51608.8398476,4,2339,5,33441000,1
51609.0219045,4,2340,7,33438000,1
51609.9919188,4,2341,8,33435000,1
51614.5332865,4,2342,1,33438000,1
51614.8247035,4,2343,16,33441000,-1
51626.1963627,4,2344,1,33444000,-1
51628.0148868,4,2345,1,33441000,-1
51632.4495814,4,2346,8,33437000,-1
51637.3925242,4,2347,31,33440000,-1
51640.8437973,4,2348,10,33444000,1
51640.8580449,4,2349,2,33441000,-1
51647.8601059,4,2350,8,33445000,-1
51647.8655947,4,2351,3,33442000,1
51651.966338,4,2352,1,33439000,-1
51659.0662597,4,2353,8,33436000,-1
51661.6077387,4,2354,12,33439000,-1
51681.5673068,4,2355,25,33442000,-1
51681.569223,4,2356,3,33445000,-1
51687.3403006,4,2357,8,33442000,-1
51687.4277177,4,2358,4,33445000,-1
51696.6070646,4,2359,4,33442000,1
51702.9249931,4,2360,4,33439000,-1
51703.2423191,4,2361,2,33442000,1
51716.9134538,4,2362,6,33437000,1
51720.4469691,4,2363,8,33434000,1
51720.8663078,4,2364,4,33437000,1
51725.9515655,4,2365,1,33433000,1
51730.2254524,4,2366,3,33436000,1
51731.5933157,4,2367,2,33433000,1
51736.8382986,4,2368,8,33436000,-1
51737.0388335,4,2369,2,33432000,1
51753.6125272,4,2370,35,33429000,1
51755.4093216,4,2371,12,33426000,1
51755.4137218,4,2372,27,33423000,1
51755.5093016,4,2373,11,33420000,1
51757.5860988,4,2374,25,33423000,1
51762.7032537,4,2375,9,33420000,1
51766.6010844,4,2376,6,33426000,-1
51769.7501831,4,2377,1,33430000,-1
51785.0771632,4,2378,1,33433000,-1
51792.3783669,4,2379,10,33430000,-1
51793.6704232,4,2380,2,33434000,1
51800.0512753,4,2381,3,33431000,-1
51801.5672048,4,2382,14,33434000,-1
51820.2943551,4,2383,6,33438000,-1
51825.3304214,4,2384,8,33441000,1
51829.1686109,4,2385,2,33444000,-1
51832.8109039,4,2386,1,33447000,-1
51834.3984807,4,2387,13,33443000,-1
51853.9454157,4,2388,3,33447000,-1
51859.0467761,4,2389,6,33444000,1
51860.0019,4,2390,1,33441000,1
51860.9142528,4,2391,4,33445000,-1
51871.0995796,4,2392,6,33448000,-1
51872.2860253,4,2393,2,33444000,1
51884.9222243,4,2394,3,33447000,1
51887.1791871,4,2395,9,33444000,1
51910.4379331,4,2396,1,33441000,-1
51913.3864478,4,2397,5,33438000,-1
51916.5878406,4,2398,1,33441000,-1
51930.7149766,4,2399,1,33437000,1
51945.6157569,4,2400,10,33434000,1
51947.0753894,4,2401,1,33431000,-1
51949.4665679,4,2402,2,33435000,1
51957.8857844,4,2403,7,33432000,1
51958.0728689,4,2404,1,33429000,1
51961.8029332,4,2405,3,33432000,1
51970.3217972,4,2406,6,33429000,1
51974.8799316,4,2407,1,33426000,1
51975.2114532,4,2408,1,33431000,-1
51981.5016567,4,2409,7,33428000,1
51983.1154312,4,2410,7,33425000,1
51985.8879792,4,2411,4,33422000,-1
51988.4041548,4,2412,1,33425000,-1
52003.4202406,4,2413,14,33422000,1
52003.6792771,4,2414,2,33419000,1
52022.0579418,4,2415,8,33422000,-1
52024.600508,4,2416,21,33419000,1
52027.5824991,4,2417,1,33416000,-1
52035.2146649,4,2418,10,33413000,1
52041.4414467,4,2419,2,33416000,-1
52058.2272192,4,2420,10,33419000,1
52067.124941,4,2421,1,33422000,-1
52072.2751762,4,2422,2,33419000,1
52073.4376693,4,2423,1,33416000,1
52082.7360219,4,2424,4,33419000,-1
52084.220893,4,2425,1,33422000,-1
52089.5827373,4,2426,4,33419000,1
52095.6110983,4,2427,6,33416000,1
52098.1256475,4,2428,15,33413000,-1
52102.7016416,4,2429,7,33416000,-1
52104.2153316,4,2430,19,33419000,1
52122.7596644,4,2431,15,33422000,1
52135.1983612,4,2432,1,33418000,1
52156.6206068,4,2433,23,33421000,-1
52161.2693485,4,2434,34,33424000,-1
52164.8892385,4,2435,11,33427000,-1
52165.7996532,4,2436,3,33430000,1
52166.088046,4,2437,2,33426000,1
52171.7517339,4,2438,2,33423000,1
52180.8285582,4,2439,1,33419000,1
52183.6115496,4,2440,6,33422000,-1
52194.2730316,4,2441,11,33426000,-1
52200.735488,4,2442,4,33429000,-1
52206.2244609,4,2443,24,33432000,1
52207.7155022,4,2444,5,33429000,1
52213.0403369,4,2445,1,33426000,1
52224.6390367,4,2446,8,33429000,1
52230.9134684,4,2447,9,33426000,1
52231.3075297,4,2448,2,33423000,-1
52240.8425685,4,2449,7,33427000,1
52246.8947697,4,2450,4,33430000,1
52259.0377077,4,2451,9,33433000,-1
52261.7801122,4,2452,30,33436000,1
52267.3187383,4,2453,4,33433000,-1
52269.9715081,4,2454,3,33436000,1
52270.6612935,4,2455,12,33433000,1
52272.0603745,4,2456,6,33430000,1
52285.6527574,4,2457,11,33426000,1
52310.4453108,4,2458,2,33423000,1
52313.9809211,4,2459,5,33428000,1
52325.6963425,4,2460,4,33425000,1
52327.7307284,4,2461,1,33422000,1
52334.3711177,4,2462,5,33426000,1
52338.2499796,4,2463,1,33423000,1
52347.5166025,4,2464,1,33426000,-1
52348.954606,4,2465,3,33421000,1
52349.735891,4,2466,9,33418000,1
52349.7625503,4,2467,4,33415000,-1
52349.9622627,4,2468,2,33418000,-1
52354.6395906,4,2469,15,33415000,-1
52359.7720389,4,2470,38,33410000,1
52360.3037498,4,2471,31,33407000,1
52363.3687391,4,2472,14,33404000,-1
52364.9993662,4,2473,4,33407000,-1
52365.6485164,4,2474,1,33410000,-1
52370.6460773,4,2475,3,33413000,-1
52379.7482775,4,2476,23,33416000,-1
52385.0214846,4,2477,13,33419000,-1
52389.0843236,4,2478,16,33413000,1
52389.0903215,4,2479,11,33410000,1
52393.7262586,4,2480,1,33414000,-1
52399.5171035,4,2481,1,33411000,-1
52400.2527953,4,2482,4,33407000,1
52404.3048697,4,2483,1,33410000,-1
52405.4433682,4,2484,2,33407000,1
52405.9099557,4,2485,1,33404000,1
52409.8840891,4,2486,4,33408000,1
52409.9525661,4,2487,1,33404000,1
52411.1031549,4,2488,4,33407000,-1
52411.2723201,4,2489,6,33410000,-1
52418.743859,4,2490,7,33407000,1
52421.5597471,4,2491,1,33404000,1
52424.3335032,4,2492,11,33407000,1
52424.6080383,4,2493,1,33404000,1
52427.4969875,4,2494,1,33407000,-1
52431.8626826,4,2495,6,33413000,-1
52432.9063507,4,2496,3,33416000,1
52434.553993,4,2497,7,33413000,1
52441.2821109,4,2498,4,33417000,-1
52442.1037449,4,2499,30,33420000,-1
52442.5828578,4,2500,1,33423000,-1
52443.5574487,4,2501,1,33418000,1
52446.5702635,4,2502,3,33422000,1
52447.2725853,4,2503,4,33419000,-1
52451.9800364,4,2504,12,33422000,1
52463.447888,4,2505,5,33418000,-1
52466.3842023,4,2506,1,33421000,-1
52470.6274368,4,2507,9,33416000,1
52474.681506,4,2508,4,33419000,1
52481.1248876,4,2509,10,33413000,1
52489.6275519,4,2510,1,33410000,-1
52498.8617654,4,2511,13,33406000,1
52500.6716712,4,2512,12,33403000,1
52501.1524772,4,2513,1,33400000,-1
52502.0901458,4,2514,4,33397000,1
52503.9358782,4,2515,5,33401000,-1
52504.1483357,4,2516,2,33404000,1
52505.2198375,4,2517,1,33400000,-1
52511.8573646,4,2518,15,33395000,1
52514.3363669,4,2519,6,33398000,1
52518.3002645,4,2520,18,33395000,1
52522.6789743,4,2521,14,33392000,1
52523.533713,4,2522,4,33395000,1
52527.4058274,4,2523,2,33392000,-1
52528.1177419,4,2524,1,33395000,-1
52532.9741794,4,2525,8,33392000,-1
52535.3464631,4,2526,5,33395000,1
52558.0510487,4,2527,25,33392000,1
52573.9450368,4,2528,21,33389000,1
52573.9473892,4,2529,13,33386000,1
52574.2393037,4,2530,58,33383000,-1
52576.8404612,4,2531,5,33386000,-1
52577.7991643,4,2532,1,33389000,-1
52578.0601936,4,2533,1,33386000,1
52585.418959,4,2534,3,33390000,1
52591.9488377,4,2535,8,33387000,1
52597.5530712,4,2536,1,33384000,1
52604.4110858,4,2537,4,33387000,-1
52607.2450583,4,2538,7,33390000,-1
52608.1613633,4,2539,3,33393000,-1
52609.9410142,4,2540,7,33396000,-1
52609.9957698,4,2541,23,33399000,-1
52612.6523219,4,2542,6,33402000,1
52617.4993764,4,2543,7,33399000,1
52621.4267478,4,2544,5,33402000,-1
52623.160238,4,2545,1,33405000,-1
52627.9716954,4,2546,3,33402000,1
52647.5696267,4,2547,37,33399000,-1
52655.8375684,4,2548,21,33402000,1
52674.2563574,4,2549,15,33399000,1
52688.1942318,4,2550,1,33396000,1
52688.2347982,4,2551,2,33400000,-1
52690.4122057,4,2552,2,33403000,-1
52702.3007673,4,2553,2,33406000,-1
52707.9299384,4,2554,7,33403000,1
52714.2345082,4,2555,1,33400000,-1
52725.4855454,4,2556,9,33403000,-1
52741.2510493,4,2557,6,33406000,-1
52750.6576682,4,2558,9,33403000,-1
52774.1641365,4,2559,9,33406000,-1
52782.150437,4,2560,1,33401000,-1
52793.9463184,4,2561,9,33397000,1
52800.4214911,4,2562,16,33393000,1
52801.2327563,4,2563,5,33390000,1
52804.6313687,4,2564,14,33387000,1
52806.2854387,4,2565,3,33384000,-1
52807.2881918,4,2566,3,33388000,1
52816.9230174,4,2567,16,33385000,1
52817.5315864,4,2568,24,33382000,1
52818.1000154,4,2569,40,33379000,-1
52818.1365557,4,2570,69,33376000,1
52818.9911371,4,2571,34,33373000,1
52821.6384862,4,2572,1,33376000,-1
52825.4178264,4,2573,17,33372000,1
52825.4914553,4,2574,1,33369000,1
52828.9705551,4,2575,10,33372000,1
52832.5580635,4,2576,1,33369000,1
52833.272565,4,2577,17,33372000,-1
52833.362996,4,2578,6,33375000,-1
52833.6631263,4,2579,1,33378000,-1
52840.1661116,4,2580,6,33375000,1
52844.8819891,4,2581,3,33372000,-1
52845.9535369,4,2582,36,33375000,1
52846.5463416,4,2583,22,33380000,-1
52849.123337,4,2584,44,33383000,-1
52851.332272,4,2585,17,33386000,1
52860.5910458,4,2586,11,33383000,1
52865.5725012,4,2587,6,33380000,-1
52871.1449923,4,2588,2,33383000,-1
52874.5084918,4,2589,1,33386000,-1
52878.0601535,4,2590,2,33381000,-1
52889.4583627,4,2591,7,33385000,1
52896.104263,4,2592,4,33381000,1
52898.1064274,4,2593,4,33378000,1
52900.0076322,4,2594,6,33375000,1
52907.0182229,4,2595,1,33378000,1
52917.0979338,4,2596,4,33381000,-1
52922.4985654,4,2597,7,33384000,-1
52927.8373051,4,2598,11,33387000,-1
52938.130977,4,2599,18,33390000,1
52941.9729714,4,2600,3,33387000,-1
52944.5775567,4,2601,14,33390000,-1
52946.1355548,4,2602,16,33393000,-1
52955.3923254,4,2603,29,33396000,-1
52957.3051392,4,2604,12,33399000,1
52959.6017074,4,2605,38,33396000,1
52962.5384043,4,2606,2,33393000,1
52963.0816597,4,2607,11,33390000,-1
52981.4936951,4,2608,6,33394000,-1
52982.4495779,4,2609,1,33397000,-1
52993.7280964,4,2610,9,33400000,1
52998.1117605,4,2611,5,33397000,-1
53009.5107986,4,2612,8,33400000,1
53017.9937082,4,2613,3,33397000,1
53025.201544,4,2614,3,33393000,1
53027.8826305,4,2615,1,33390000,1
53037.1721376,4,2616,2,33393000,1
53056.2084883,4,2617,14,33390000,1
53058.2927577,4,2618,4,33387000,-1
53062.2909845,4,2619,11,33390000,-1
53073.9603215,4,2620,1,33393000,-1
53084.1758305,4,2621,4,33390000,1
53086.5100596,4,2622,5,33387000,-1
53094.6058484,4,2623,1,33390000,1
53098.5107696,4,2624,2,33393000,1
53100.9537102,4,2625,11,33390000,1
53101.1851126,4,2626,1,33387000,1
53106.5172381,4,2627,4,33391000,1
53126.0003309,4,2628,6,33388000,1
53128.3494645,4,2629,6,33391000,-1
53137.3150424,4,2630,4,33395000,-1
53140.8033628,4,2631,3,33398000,1
53150.1032797,4,2632,4,33395000,-1
53153.0505179,4,2633,2,33398000,-1
53159.0378871,4,2634,1,33402000,-1
53159.070934,4,2635,1,33399000,1
53159.2488306,4,2636,2,33402000,1
53161.5975921,4,2637,1,33399000,1
53168.0908632,4,2638,7,33404000,1
53172.0567645,4,2639,5,33401000,1
53185.2186106,4,2640,2,33404000,-1
53187.6428521,4,2641,2,33407000,-1
53192.945861,4,2642,4,33404000,-1
53196.7293434,4,2643,4,33407000,1
53201.9885192,4,2644,4,33404000,1
53223.5776405,4,2645,5,33401000,-1
53232.3010505,4,2646,8,33404000,-1
53232.3036163,4,2647,12,33407000,-1
53246.6797254,4,2648,7,33402000,1
53246.7756125,4,2649,1,33399000,1
53264.2626694,4,2650,7,33402000,-1
53280.0300431,4,2651,4,33406000,1
53293.5458616,4,2652,13,33403000,-1
53297.5911823,4,2653,2,33406000,-1
53300.6342569,4,2654,3,33409000,1
53320.1910476,4,2655,2,33406000,1
53327.6673127,4,2656,2,33403000,1
53329.1542412,4,2657,1,33406000,1
53334.6994012,4,2658,2,33403000,1
53336.0948604,4,2659,21,33400000,-1
53336.095882,4,2660,28,33403000,-1
53342.3111397,4,2661,5,33406000,-1
53345.0376071,4,2662,12,33400000,-1
53346.604184,4,2663,7,33403000,-1
53350.0098713,4,2664,1,33400000,-1
53358.1777832,4,2665,1,33403000,-1
53362.9343495,4,2666,17,33400000,1
53369.501879,4,2667,1,33397000,1
53373.9682481,4,2668,8,33401000,-1
53376.6305889,4,2669,2,33404000,-1
53384.1374232,4,2670,5,33408000,-1
53387.2428344,4,2671,17,33411000,-1
53393.6353109,4,2672,22,33414000,1
53397.4845436,4,2673,3,33417000,-1
53399.1457741,4,2674,1,33420000,-1
53404.7077728,4,2675,18,33417000,1
53408.122466,4,2676,2,33413000,-1
53413.0114334,4,2677,4,33416000,-1
53426.9699188,4,2678,22,33420000,1
53428.3214395,4,2679,13,33417000,1
53438.9819165,4,2680,6,33413000,1
53442.1104133,4,2681,5,33410000,1
53449.3665638,4,2682,1,33407000,1
53470.5916781,4,2683,3,33411000,-1
53470.5916836,4,2684,1,33414000,-1
53498.9135114,4,2685,12,33411000,1
53499.185617,4,2686,40,33408000,1
53503.8751343,4,2687,12,33405000,1
53538.8817919,4,2688,21,33410000,-1
53539.0383413,4,2689,3,33413000,1
53552.405531,4,2690,18,33410000,1
53566.1673714,4,2691,22,33413000,1
53576.1263188,4,2692,4,33410000,1
53583.560338,4,2693,8,33413000,-1
53588.630228,4,2694,14,33417000,1
53589.0890818,4,2695,5,33414000,1
53605.1819014,4,2696,4,33411000,1
53607.0480665,4,2697,8,33414000,1
53613.5498396,4,2698,12,33411000,1
53621.2651615,4,2699,1,33414000,1
53633.6039663,4,2700,18,33417000,-1
53675.2427794,4,2701,17,33414000,1
53688.9705067,4,2702,27,33411000,1
53688.9705347,4,2703,1,33408000,1
53689.0460839,4,2704,3,33411000,-1
53694.0266963,4,2705,1,33408000,1
53699.851793,4,2706,1,33414000,1
53713.5487847,4,2707,17,33417000,-1
53728.8492633,4,2708,13,33420000,-1
53739.9203566,4,2709,9,33417000,1
53748.8003063,4,2710,1,33414000,-1
53754.5217521,4,2711,1,33410000,1
53761.4493841,4,2712,5,33413000,-1
53779.4574261,4,2713,13,33416000,-1
53780.9078851,4,2714,3,33419000,1
53834.4494357,4,2715,22,33414000,1
53891.213625,4,2716,30,33411000,-1
53902.0673576,4,2717,7,33414000,-1
53906.5433963,4,2718,1,33418000,-1
53917.1999786,4,2719,1,33415000,-1
53934.1614445,4,2720,3,33412000,-1
53954.5093569,4,2721,7,33415000,1
53966.6614676,4,2722,7,33418000,-1
53967.6769974,4,2723,1,33421000,-1
54000.4531999,4,2724,25,33416000,-1
54006.6050245,4,2725,2,33419000,-1
54007.1126478,4,2726,16,33422000,-1
54007.3792558,4,2727,50,33425000,-1
54013.6050252,4,2728,33,33428000,1
54013.6842983,4,2729,9,33425000,1
54014.6806194,4,2730,4,33422000,1
54015.9485202,4,2731,5,33418000,1
54016.5642336,4,2732,4,33415000,1
54017.9942317,4,2733,13,33412000,1
54025.9839443,4,2734,6,33415000,-1
54041.3264838,4,2735,1,33418000,1
54049.6317078,4,2736,1,33423000,-1
54050.0717262,4,2737,1,33420000,1
54061.428817,4,2738,5,33423000,1
54073.3897017,4,2739,4,33426000,-1
54085.890655,4,2740,33,33429000,1
54094.6565123,4,2741,8,33426000,-1
54098.0963699,4,2742,15,33430000,-1
54113.0215965,4,2743,3,33433000,1
54120.7865266,4,2744,1,33430000,-1
54121.5480027,4,2745,10,33426000,1
54121.9614206,4,2746,1,33423000,1
54134.2251852,4,2747,1,33427000,1
54160.418798,4,2748,21,33423000,1
54160.5047558,4,2749,6,33426000,-1
54167.6938146,4,2750,6,33429000,-1
54169.5167085,4,2751,1,33433000,-1
54184.8901764,4,2752,1,33436000,1
54199.5494974,4,2753,20,33440000,-1
54206.1345778,4,2754,22,33443000,-1
54212.8852747,4,2755,23,33446000,1
54219.388152,4,2756,5,33443000,1
54219.5418154,4,2757,1,33440000,1
54235.3511,4,2758,16,33445000,1
54236.6348143,4,2759,3,33442000,-1
54238.2503543,4,2760,9,33445000,-1
54266.1851509,4,2761,39,33448000,-1
54267.1546889,4,2762,4,33452000,1
54268.2821679,4,2763,1,33446000,1
54273.5782924,4,2764,21,33441000,1
54274.8595483,4,2765,7,33438000,1
54276.9153233,4,2766,18,33435000,-1
54285.6189564,4,2767,1,33438000,-1
54300.4488783,4,2768,5,33435000,1
54310.030088,4,2769,13,33432000,1
54318.7084606,4,2770,28,33429000,1
54321.545086,4,2771,6,33426000,-1
54326.323052,4,2772,2,33423000,1
54335.7593191,4,2773,5,33426000,1
54362.1654214,4,2774,34,33423000,-1
54370.2834417,4,2775,5,33427000,-1
54380.5341385,4,2776,4,33430000,-1
54420.4790886,4,2777,10,33433000,-1
54432.0860562,4,2778,1,33436000,-1
54477.1229333,4,2779,14,33439000,1
54484.6152243,4,2780,3,33444000,1
54491.2226549,4,2781,1,33441000,-1
54492.949049,4,2782,6,33438000,1
54509.8319748,4,2783,4,33434000,1
54528.5511154,4,2784,5,33431000,1
54538.5502695,4,2785,8,33428000,-1
54546.7878423,4,2786,6,33432000,-1
54547.0404167,4,2787,6,33437000,-1
54548.7476622,4,2788,12,33440000,-1
54553.742295,4,2789,1,33443000,-1
54585.3318892,4,2790,16,33440000,-1
54593.6925371,4,2791,1,33444000,-1
54609.2889968,4,2792,6,33448000,1
54628.0533075,4,2793,10,33445000,1
54652.6858657,4,2794,2,33442000,1
54666.3524115,4,2795,15,33439000,1
54688.8430009,4,2796,18,33436000,-1
54713.7628477,4,2797,28,33439000,-1
54720.2099215,4,2798,1,33436000,1
54793.603393,4,2799,20,33439000,-1
54794.9202525,4,2800,16,33443000,-1
54805.5037047,4,2801,1,33446000,-1
54845.098141,4,2802,1,33442000,-1
54852.4742899,4,2803,6,33446000,-1
54853.4675927,4,2804,9,33449000,1
54858.6416156,4,2805,28,33446000,1
54858.6416263,4,2806,1,33443000,1
54878.4755602,4,2807,16,33446000,1
54878.5480117,4,2808,15,33443000,1
54888.1946565,4,2809,30,33440000,1
54889.8270174,4,2810,4,33437000,1
54901.660743,4,2811,4,33440000,1
54904.8702454,4,2812,6,33444000,1
54904.9207022,4,2813,9,33441000,1
54919.7310851,4,2814,8,33444000,1
54919.7751544,4,2815,5,33441000,1
54943.8095645,4,2816,13,33444000,-1
54954.0474155,4,2817,3,33447000,1
54965.8018838,4,2818,24,33444000,1
54988.9612391,4,2819,1,33450000,-1
55006.5722612,4,2820,8,33447000,-1
55010.6690897,4,2821,1,33450000,-1
55023.1468661,4,2822,15,33447000,1
55046.6700211,4,2823,9,33450000,-1
55053.9087299,4,2824,11,33453000,-1
55054.1835422,4,2825,6,33457000,1
55065.7052553,4,2826,1,33454000,-1
55070.1823561,4,2827,29,33457000,-1
55071.2683213,4,2828,35,33460000,-1
55071.2714578,4,2829,45,33463000,-1
55071.2714787,4,2830,1,33466000,-1
55085.1133561,4,2831,3,33462000,1
55088.678461,4,2832,10,33459000,1
55088.7361301,4,2833,5,33456000,1
55096.2776964,4,2834,9,33453000,-1
55101.2193862,4,2835,8,33457000,1
55106.7248847,4,2836,3,33454000,-1
55129.2632841,4,2837,32,33458000,-1
55149.3560206,4,2838,9,33461000,1
55157.9781462,4,2839,6,33464000,-1
55158.0097247,4,2840,30,33467000,-1
55161.1978028,4,2841,1,33470000,-1
55173.5386559,4,2842,20,33467000,-1
55195.462194,4,2843,11,33470000,-1
55199.0171486,4,2844,9,33473000,1
55200.5952041,4,2845,8,33470000,1
55210.1301511,4,2846,44,33474000,1
55210.1598653,4,2847,2,33471000,-1
55223.5981086,4,2848,6,33474000,1
55227.4871032,4,2849,12,33470000,1
55228.6441154,4,2850,2,33467000,-1
55228.6830097,4,2851,1,33470000,-1
55245.7024924,4,2852,5,33467000,-1
55247.8130996,4,2853,3,33470000,1
55266.740912,4,2854,21,33467000,-1
55291.4667749,4,2855,16,33470000,-1
55297.3685134,4,2856,8,33473000,-1
55297.403524,4,2857,17,33476000,-1
55300.2688084,4,2858,60,33479000,-1
55301.7466893,4,2859,7,33482000,1
55301.824922,4,2860,28,33479000,-1
55319.8846576,4,2861,29,33482000,1
55326.5604911,4,2862,4,33479000,-1
55326.8197335,4,2863,1,33482000,-1
55338.1483625,4,2864,10,33485000,-1
55346.0317123,4,2865,26,33488000,1
55346.1821889,4,2866,4,33485000,1
55363.6848319,4,2867,97,33488000,-1
55372.0177445,4,2868,18,33491000,-1
55373.1787057,4,2869,32,33495000,-1
55374.6400935,4,2870,100,33498000,-1
55375.0874927,4,2871,35,33501000,-1
55380.9748942,4,2872,27,33504000,1
55381.4584408,4,2873,1,33501000,1
55385.057056,4,2874,9,33504000,-1
55402.6222002,4,2875,37,33507000,1
55412.6660265,4,2876,19,33510000,-1
55440.1119012,4,2877,10,33507000,-1
55441.083193,4,2878,20,33510000,-1
55444.0750785,4,2879,11,33513000,1
55444.3369988,4,2880,1,33510000,1
55460.2662794,4,2881,1,33507000,-1
55467.4471055,4,2882,6,33510000,-1
55493.0468234,4,2883,5,33513000,1
55500.3869342,4,2884,1,33510000,1
55501.4243849,4,2885,27,33514000,-1
55512.4276951,4,2886,9,33517000,1
55512.6087817,4,2887,5,33514000,-1
55526.8497545,4,2888,26,33517000,-1
55529.7091428,4,2889,7,33514000,1
55532.4314441,4,2890,17,33511000,1
55537.6226922,4,2891,20,33508000,1
55539.1030132,4,2892,15,33505000,1
55557.9524747,4,2893,1,33508000,-1
55560.4756422,4,2894,8,33503000,-1
55560.5201238,4,2895,4,33506000,1
55582.2187327,4,2896,43,33503000,1
55582.3082189,4,2897,8,33500000,1
55584.7234357,4,2898,1,33503000,-1
55596.2465515,4,2899,3,33499000,1
55619.4713322,4,2900,2,33503000,1
55623.3536292,4,2901,6,33500000,-1
55624.3710162,4,2902,4,33503000,-1
55626.6139361,4,2903,29,33506000,-1
55630.5781192,4,2904,1,33509000,1
55643.0720851,4,2905,11,33513000,-1
55658.9183489,4,2906,19,33516000,-1
55666.5643702,4,2907,41,33519000,1
55666.5863464,4,2908,1,33516000,1
55674.1649011,4,2909,8,33519000,-1
55682.2419889,4,2910,6,33516000,-1
55686.7220546,4,2911,22,33519000,-1
55697.649727,4,2912,2,33515000,1
55697.649751,4,2913,1,33512000,1
55700.0317406,4,2914,3,33515000,1
55713.1972587,4,2915,6,33512000,-1
55721.30048,4,2916,5,33515000,1
55735.5782349,4,2917,1,33518000,-1
55737.9443615,4,2918,2,33515000,1
55740.5340611,4,2919,9,33512000,1
55744.0060118,4,2920,3,33509000,1
55759.7534949,4,2921,20,33512000,-1
55763.788589,4,2922,1,33516000,-1
55767.0695049,4,2923,1,33512000,1
55771.9596022,4,2924,4,33515000,-1
55778.3515331,4,2925,10,33518000,1
55781.0801591,4,2926,16,33515000,1
55795.3287452,4,2927,16,33518000,1
55796.8781075,4,2928,2,33515000,1
55800.3464018,4,2929,30,33518000,-1
55801.2335016,4,2930,10,33521000,-1
55801.2335222,4,2931,1,33524000,-1
55807.2829013,4,2932,4,33521000,-1
55807.858317,4,2933,1,33524000,-1
55812.9355228,4,2934,6,33521000,1
55817.6974345,4,2935,6,33518000,1
55833.3075117,4,2936,45,33513000,1
55836.1782626,4,2937,12,33510000,-1
55840.2420226,4,2938,4,33513000,-1
55846.834117,4,2939,14,33508000,-1
55875.5711125,4,2940,27,33511000,1
55882.8481035,4,2941,17,33508000,1
55903.3800629,4,2942,5,33505000,1
55932.7512689,4,2943,7,33510000,-1
55941.6232496,4,2944,1,33507000,1
55954.0539075,4,2945,1,33504000,1
55970.3738713,4,2946,2,33507000,1
55973.9272963,4,2947,6,33510000,-1
56009.2667875,4,2948,88,33513000,-1
56013.5851,4,2949,2,33516000,1
56025.6008814,4,2950,15,33513000,-1
56025.6610692,4,2951,2,33516000,1
56031.9683024,4,2952,5,33513000,1
56055.3653443,4,2953,18,33516000,1
56055.7147779,4,2954,12,33513000,1
56080.340122,4,2955,11,33510000,1
56116.1234672,4,2956,17,33513000,1
56120.269551,4,2957,8,33510000,1
56133.6491796,4,2958,38,33507000,-1
56139.6748814,4,2959,4,33511000,1
56144.8226753,4,2960,9,33508000,1
56155.8324029,4,2961,9,33504000,1
56166.3301843,4,2962,27,33501000,-1
56177.3957472,4,2963,14,33504000,-1
56200.1515915,4,2964,3,33507000,1
56254.5266,4,2965,16,33504000,1
56257.556885,4,2966,9,33501000,1
56258.3726521,4,2967,40,33498000,1
56271.2844618,4,2968,3,33495000,-1
56281.8945745,4,2969,14,33498000,-1
56283.5091597,4,2970,1,33495000,1
56305.0880279,4,2971,27,33499000,1
56307.9561635,4,2972,23,33496000,-1
56313.2687595,4,2973,15,33499000,-1
56338.1265116,4,2974,39,33502000,-1
56338.8687719,4,2975,1,33505000,-1
56339.6713287,4,2976,1,33501000,1
56367.5657827,4,2977,44,33505000,-1
56375.0682983,4,2978,21,33508000,1
56384.1569155,4,2979,19,33505000,-1
56400.2933169,4,2980,23,33508000,1
56403.7663647,4,2981,5,33511000,1
56417.5199344,4,2982,9,33508000,-1
56431.7954361,4,2983,9,33511000,-1
56443.5411314,4,2984,11,33514000,-1
56452.8149317,4,2985,18,33517000,-1
56454.5159479,4,2986,7,33520000,-1
56456.9559693,4,2987,6,33523000,-1
56456.9589268,4,2988,35,33526000,-1
56456.9617734,4,2989,43,33529000,-1
56457.1438474,4,2990,12,33526000,1
56457.228969,4,2991,4,33523000,-1
56464.1015581,4,2992,19,33526000,-1
56472.6967833,4,2993,103,33529000,-1
56472.6981999,4,2994,23,33532000,-1
56472.7624496,4,2995,1,33535000,-1
56473.1792291,4,2996,5,33532000,1
56476.2926884,4,2997,10,33529000,-1
56479.8201786,4,2998,14,33532000,1
56483.7757932,4,2999,23,33529000,1
56497.0278024,4,3000,8,33532000,-1
56501.3702894,4,3001,5,33529000,-1
56513.2975698,4,3002,1,33532000,-1
56572.6043068,4,3003,19,33526000,1
56578.2208576,4,3004,6,33523000,1
56584.4438702,4,3005,15,33520000,1
56586.0929902,4,3006,18,33517000,1
56593.4601461,4,3007,1,33514000,1
56599.1743462,4,3008,1,33517000,1
56614.6640069,4,3009,4,33520000,1
56617.1786693,4,3010,5,33516000,1
56623.3504463,4,3011,6,33513000,1
56628.9374831,4,3012,1,33517000,-1
56647.2850601,4,3013,2,33514000,1
56684.2143485,4,3014,6,33517000,-1
56699.9392993,4,3015,7,33513000,-1
56709.6158781,4,3016,5,33517000,-1
56711.6473129,4,3017,2,33521000,1
56762.3250646,4,3018,4,33518000,1
56774.7664343,4,3019,3,33515000,-1
56820.4070327,4,3020,1,33519000,-1
56849.4760605,4,3021,23,33515000,-1
56856.9800895,4,3022,3,33518000,-1
56859.8021371,4,3023,1,33521000,1
56873.1823246,4,3024,5,33518000,1
56897.106497,4,3025,9,33515000,-1
56909.4819983,4,3026,17,33518000,1
56936.8835566,4,3027,28,33515000,1
56941.6665113,4,3028,14,33512000,1
56946.6478605,4,3029,7,33509000,1
56957.4777346,4,3030,21,33506000,1
56957.6873117,4,3031,3,33503000,1
56983.3998075,4,3032,1,33506000,1
57027.7790513,4,3033,10,33510000,1
57028.1801451,4,3034,1,33513000,1
57033.7883341,4,3035,8,33519000,-1
57041.2814914,4,3036,1,33523000,-1
57046.58194,4,3037,1,33520000,-1
57056.2836722,4,3038,2,33517000,1
57094.2276272,4,3039,10,33514000,-1
57114.5232822,4,3040,4,33510000,-1
57122.4126366,4,3041,4,33513000,-1
57148.0817295,4,3042,1,33510000,1
57153.9488118,4,3043,7,33513000,1
57153.9569307,4,3044,3,33510000,1
57311.7773371,4,3045,25,33514000,1
57320.9793799,4,3046,3,33517000,1
57333.5694745,4,3047,1,33514000,-1
57341.2541572,4,3048,2,33517000,1
57346.620462,4,3049,7,33514000,1
57366.083321,4,3050,19,33511000,1
57374.8796764,4,3051,3,33515000,1
57376.3131239,4,3052,1,33510000,1
57378.6186016,4,3053,1,33513000,-1
57395.0815913,4,3054,12,33509000,1
57395.0892153,4,3055,23,33506000,1
57404.1667835,4,3056,4,33503000,1
57461.2554463,4,3057,22,33507000,-1
57483.0838395,4,3058,31,33510000,1
57515.7943913,4,3059,1,33507000,-1
57523.0127939,4,3060,21,33504000,1
57556.9690232,4,3061,1,33501000,1
57563.1484298,4,3062,2,33504000,1
57587.1093493,4,3063,1,33501000,1
57600.9785141,4,3064,7,33498000,-1
57601.0221613,4,3065,1,33501000,-1
57607.2172374,4,3066,6,33495000,1
57610.0174191,4,3067,21,33492000,1
57611.0761495,4,3068,16,33489000,1
57611.5472817,4,3069,2,33486000,-1
57622.829431,4,3070,6,33489000,-1
57634.3923945,4,3071,2,33492000,-1
57641.0865232,4,3072,2,33496000,-1
57656.1417037,4,3073,1,33499000,-1
57722.819454,4,3074,4,33496000,1
57723.1667579,4,3075,4,33493000,1
57723.7621456,4,3076,6,33490000,-1
57739.225134,4,3077,5,33493000,1
57760.8327354,4,3078,6,33490000,1
57777.6324771,4,3079,22,33487000,-1
57844.7358425,4,3080,2,33490000,-1
57857.4353084,4,3081,2,33494000,1
57861.1366209,4,3082,5,33490000,-1
57888.1096341,4,3083,5,33493000,-1
57919.9762794,4,3084,10,33497000,-1
57921.0650804,4,3085,8,33500000,1
57935.0702914,4,3086,2,33497000,1
57936.1841255,4,3087,6,33500000,-1
57949.5850309,4,3088,18,33497000,-1
57950.366487,4,3089,14,33494000,-1
57957.7519316,4,3090,4,33497000,-1
57966.0207128,4,3091,11,33493000,-1
57973.110414,4,3092,10,33496000,1
57975.4268096,4,3093,7,33493000,-1
57996.4447261,4,3094,8,33496000,-1
58009.4602727,4,3095,44,33499000,-1
58022.1246381,4,3096,11,33502000,1
58022.3429788,4,3097,2,33499000,-1
58029.8923939,4,3098,24,33502000,-1
58032.1570303,4,3099,2,33505000,-1
58032.9593572,4,3100,20,33508000,-1
58048.4849131,4,3101,17,33511000,1
58054.6038132,4,3102,3,33507000,-1
58061.4449093,4,3103,12,33510000,-1
58078.2734917,4,3104,2,33507000,-1
58095.7065046,4,3105,19,33510000,-1
58100.4398252,4,3106,7,33506000,-1
58109.2406852,4,3107,16,33509000,-1
58119.8818592,4,3108,25,33512000,-1
58129.2465117,4,3109,6,33515000,1
58141.6525219,4,3110,1,33512000,1
58154.9896512,4,3111,18,33515000,-1
58164.5486347,4,3112,30,33518000,-1
58180.5802999,4,3113,24,33521000,1
58180.9721147,4,3114,1,33518000,-1
58188.3721406,4,3115,3,33515000,1
58200.0762904,4,3116,9,33512000,1
58214.9381484,4,3117,2,33508000,-1
58226.2993551,4,3118,2,33504000,-1
58240.5427016,4,3119,11,33507000,1
58293.1901948,4,3120,11,33503000,1
58318.3519797,4,3121,6,33507000,-1
58383.2862585,4,3122,4,33510000,-1
58406.6442516,4,3123,6,33506000,1
58406.7563052,4,3124,7,33503000,1
58414.4591704,4,3125,4,33500000,1
58418.7876905,4,3126,5,33497000,-1
58430.0687524,4,3127,8,33500000,-1
58447.4935898,4,3128,19,33504000,-1
58484.539821,4,3129,39,33507000,-1
58496.1647625,4,3130,26,33510000,-1
58496.1647979,4,3131,1,33513000,-1
58513.092009,4,3132,1,33509000,1
58514.4998727,4,3133,15,33513000,-1
58514.4998787,4,3134,1,33516000,-1
58527.931016,4,3135,6,33512000,-1
58535.1687221,4,3136,11,33515000,-1
58535.9831818,4,3137,13,33518000,-1
58539.0392216,4,3138,30,33521000,-1
58554.5288023,4,3139,54,33524000,-1
58555.1669202,4,3140,1,33528000,-1
58556.8622762,4,3141,5,33525000,1
58557.6563287,4,3142,6,33522000,-1
58558.3440255,4,3143,2,33525000,-1
58561.2310026,4,3144,6,33520000,-1
58562.2164811,4,3145,16,33523000,-1
58568.1747851,4,3146,4,33526000,1
58572.8080929,4,3147,2,33523000,1
58575.9332356,4,3148,22,33526000,-1
58579.2908974,4,3149,45,33529000,-1
58579.2953108,4,3150,41,33532000,-1
58579.3244711,4,3151,18,33535000,1
58581.0240952,4,3152,12,33532000,-1
58581.0520058,4,3153,1,33535000,-1
58589.1000294,4,3154,7,33532000,-1
58589.3580978,4,3155,2,33535000,-1
58590.7502251,4,3156,16,33531000,1
58591.1494916,4,3157,7,33528000,1
58591.9890427,4,3158,1,33525000,1
58594.5547604,4,3159,2,33529000,-1
58602.1866396,4,3160,14,33526000,-1
58602.1883582,4,3161,14,33529000,-1
58605.3019631,4,3162,21,33532000,1
58613.819612,4,3163,1,33529000,1
58628.0992287,4,3164,6,33532000,1
58630.2346218,4,3165,13,33529000,1
58630.2346317,4,3166,1,33526000,1
58638.0277934,4,3167,23,33530000,1
58638.0652348,4,3168,22,33527000,1
58639.7153828,4,3169,3,33524000,-1
58646.5549383,4,3170,9,33527000,1
58649.8899511,4,3171,29,33524000,-1
58651.6071752,4,3172,4,33521000,1
58660.6282093,4,3173,11,33518000,-1
58660.9290884,4,3174,1,33521000,-1
58670.3546669,4,3175,27,33518000,1
58677.5256541,4,3176,6,33515000,1
58687.8745572,4,3177,6,33518000,1
58706.970377,4,3178,1,33515000,1
58721.4279729,4,3179,1,33518000,-1
58723.6756804,4,3180,9,33521000,-1
58746.5616824,4,3181,10,33524000,1
58775.0886436,4,3182,9,33527000,1
58778.8767135,4,3183,1,33524000,1
58790.7114294,4,3184,8,33528000,-1
58800.450647,4,3185,3,33531000,-1
58800.8772122,4,3186,1,33534000,-1
58847.8404643,4,3187,3,33531000,-1
58860.3127237,4,3188,27,33534000,1
58870.8147692,4,3189,12,33530000,1
58912.5625686,4,3190,22,33527000,-1
58917.7419993,4,3191,1,33530000,1
58943.3328924,4,3192,4,33535000,-1
58954.1742061,4,3193,30,33538000,-1
58958.4918981,4,3194,13,33541000,-1
58962.7985079,4,3195,6,33544000,1
58974.1372436,4,3196,4,33541000,1
58982.7870229,4,3197,8,33546000,-1
58983.2009643,4,3198,63,33549000,-1
59003.8364731,4,3199,23,33552000,1
59020.1883019,4,3200,40,33555000,1
59024.8180069,4,3201,16,33552000,1
59027.6898976,4,3202,8,33549000,1
59034.0229062,4,3203,5,33546000,-1
59041.1307626,4,3204,11,33549000,-1
59050.9361113,4,3205,6,33552000,-1
59051.0811356,4,3206,15,33555000,-1
59055.7596412,4,3207,2,33558000,1
59059.5891047,4,3208,1,33555000,1
59118.8567687,4,3209,30,33558000,-1
59118.8591212,4,3210,29,33561000,-1
59118.8630435,4,3211,31,33564000,-1
59118.9569013,4,3212,30,33567000,-1
59120.9343605,4,3213,3,33564000,-1
59121.1555667,4,3214,8,33567000,1
59123.0811105,4,3215,1,33564000,1
59123.6488105,4,3216,25,33568000,-1
59124.1914142,4,3217,13,33571000,-1
59125.5587624,4,3218,11,33568000,1
59127.981575,4,3219,6,33565000,1
59128.9015244,4,3220,4,33562000,1
59138.3942839,4,3221,17,33558000,1
59150.4512713,4,3222,7,33555000,1
59160.4723329,4,3223,6,33558000,-1
59180.1490986,4,3224,47,33555000,1
59192.3279168,4,3225,4,33552000,-1
59197.6375184,4,3226,1,33555000,-1
59200.6169773,4,3227,10,33552000,1
59208.2071828,4,3228,16,33555000,1
59212.7508845,4,3229,23,33552000,-1
59219.6949986,4,3230,14,33548000,-1
59245.9375326,4,3231,6,33551000,-1
59251.288643,4,3232,4,33554000,1
59275.5219811,4,3233,36,33551000,-1
59294.6424329,4,3234,35,33554000,1
59320.865308,4,3235,28,33551000,1
59322.8997222,4,3236,4,33548000,1
59324.6146643,4,3237,3,33545000,-1
59381.1989572,4,3238,12,33548000,1
59401.1485133,4,3239,7,33545000,1
59415.5087051,4,3240,16,33542000,1
59420.1777593,4,3241,17,33539000,-1
59481.5956156,4,3242,12,33542000,1
59481.6389278,4,3243,17,33539000,1
59481.6389762,4,3244,3,33536000,1
59484.4631696,4,3245,2,33539000,1
59489.1595791,4,3246,16,33536000,1
59493.2835071,4,3247,16,33533000,-1
59500.51052,4,3248,23,33536000,-1
59506.9821248,4,3249,5,33539000,1
59512.9501919,4,3250,13,33536000,1
59520.0637455,4,3251,17,33533000,-1
59585.4504048,4,3252,4,33536000,-1
59593.1141714,4,3253,4,33533000,-1
59594.7816374,4,3254,1,33537000,-1
59612.5437984,4,3255,7,33534000,1
59619.323812,4,3256,5,33537000,1
59633.4145334,4,3257,15,33534000,-1
59644.0087448,4,3258,8,33537000,-1
59644.0103844,4,3259,9,33540000,-1
59658.8365299,4,3260,4,33537000,-1
59664.7097621,4,3261,24,33540000,-1
59667.3846984,4,3262,8,33543000,-1
59669.7752641,4,3263,12,33546000,1
59686.6471182,4,3264,18,33543000,1
59687.4754336,4,3265,18,33540000,1
59687.5448357,4,3266,4,33537000,-1
59691.5714753,4,3267,12,33540000,-1
59691.9809966,4,3268,13,33543000,-1
59693.5381046,4,3269,9,33546000,-1
59699.1864282,4,3270,12,33549000,-1
59699.2309031,4,3271,2,33552000,-1
59704.2775926,4,3272,10,33549000,1
59705.0598239,4,3273,1,33545000,1
59708.1225931,4,3274,18,33548000,-1
59718.9428369,4,3275,19,33551000,-1
59720.8770079,4,3276,1,33554000,-1
59730.5176772,4,3277,3,33551000,1
59738.2421077,4,3278,1,33548000,1
59739.7558903,4,3279,15,33551000,-1
59741.2874051,4,3280,18,33554000,-1
59747.5188302,4,3281,5,33557000,1
59756.7718354,4,3282,6,33554000,-1
59771.1828805,4,3283,11,33557000,-1
59778.9285759,4,3284,8,33553000,-1
59808.4447577,4,3285,1,33556000,-1
59810.969109,4,3286,49,33550000,1
59834.8508109,4,3287,1,33547000,-1
59846.1084728,4,3288,7,33544000,1
59851.0420979,4,3289,8,33541000,1
59867.2084239,4,3290,14,33538000,1
59902.3534527,4,3291,26,33535000,1
59905.1586675,4,3292,1,33532000,1
59920.0540761,4,3293,7,33535000,1
59946.1498782,4,3294,6,33532000,-1
59953.9913838,4,3295,25,33535000,1
59978.4269988,4,3296,17,33538000,-1
59978.4373155,4,3297,1,33541000,-1
59983.7984312,4,3298,17,33544000,-1
59986.1200306,4,3299,24,33547000,-1
59990.4380427,4,3300,2,33550000,1
59991.6262347,4,3301,8,33547000,-1
60011.7365407,4,3302,7,33550000,-1
60011.8632026,4,3303,1,33553000,-1
60031.7510025,4,3304,1,33549000,-1
60044.438104,4,3305,18,33546000,-1
60073.0461152,4,3306,12,33549000,-1
60098.5093827,4,3307,2,33546000,1
60115.9893632,4,3308,3,33550000,1
60256.0431132,4,3309,31,33546000,-1
60315.1704187,4,3310,12,33542000,-1
60337.2564172,4,3311,3,33545000,1
60346.6610865,4,3312,4,33548000,1
60346.7671121,4,3313,4,33545000,1
60357.3420974,4,3314,6,33550000,-1
60357.88738,4,3315,14,33553000,-1
60359.6170093,4,3316,1,33556000,-1
60366.7416921,4,3317,9,33553000,-1
60372.9328343,4,3318,1,33556000,1
60422.6024136,4,3319,6,33553000,-1
60450.5242155,4,3320,19,33556000,1
60458.6191772,4,3321,9,33560000,-1
60462.3785369,4,3322,5,33563000,1
60479.1354617,4,3323,27,33560000,-1
60483.6199958,4,3324,5,33563000,1
60506.9662896,4,3325,56,33560000,-1
60533.0493494,4,3326,24,33563000,1
60535.0931504,4,3327,18,33568000,-1
60538.5253352,4,3328,11,33571000,-1
60538.5957852,4,3329,5,33574000,1
60541.2361142,4,3330,4,33571000,1
60545.8927436,4,3331,11,33574000,1
60547.1321505,4,3332,8,33571000,1
60549.1954715,4,3333,14,33568000,1
60549.3914709,4,3334,4,33565000,-1
60549.3915056,4,3335,1,33568000,-1
60556.7140537,4,3336,26,33565000,-1
60560.2169044,4,3337,6,33568000,1
60561.0876311,4,3338,1,33571000,1
60603.5595625,4,3339,1,33574000,1
60612.1032718,4,3340,36,33579000,-1
60612.1493565,4,3341,10,33582000,1
60620.4833855,4,3342,7,33579000,-1
60623.8272978,4,3343,6,33582000,1
60624.4232656,4,3344,3,33579000,-1
60662.6744346,4,3345,28,33582000,1
60665.2500243,4,3346,1,33585000,-1
60704.4680055,4,3347,13,33581000,1
60706.1130413,4,3348,2,33578000,1
60715.0386416,4,3349,23,33575000,1
60715.0621517,4,3350,1,33572000,-1
60722.6017364,4,3351,1,33575000,-1
60748.2642765,4,3352,14,33572000,-1
60754.1925014,4,3353,9,33575000,-1
60772.0623922,4,3354,18,33578000,-1
60772.1382096,4,3355,10,33582000,1
60793.3792137,4,3356,11,33579000,-1
60816.1068809,4,3357,10,33582000,-1
60816.1269449,4,3358,3,33585000,1
60816.7536523,4,3359,10,33581000,1
60825.906591,4,3360,8,33577000,-1
60835.7792251,4,3361,20,33580000,-1
60835.7792404,4,3362,1,33583000,-1
60842.0137969,4,3363,11,33580000,-1
60842.0138122,4,3364,1,33583000,-1
60852.7137429,4,3365,2,33579000,-1
60856.506648,4,3366,19,33582000,-1
60856.5641867,4,3367,1,33585000,-1
60862.8524123,4,3368,2,33582000,1
60864.5874727,4,3369,18,33579000,-1
60864.5874882,4,3370,1,33582000,-1
60878.8792454,4,3371,1,33579000,1
60888.6933353,4,3372,26,33582000,-1
60896.1074521,4,3373,4,33585000,1
60896.1074623,4,3374,1,33582000,1
60898.9931343,4,3375,7,33585000,1
60900.9326821,4,3376,9,33582000,1
60911.7671178,4,3377,4,33579000,1
60920.4509023,4,3378,9,33582000,1
60944.9776959,4,3379,5,33579000,-1
60952.1567589,4,3380,1,33576000,1
60958.8256352,4,3381,5,33579000,1
60968.6984251,4,3382,19,33575000,-1
60982.8369999,4,3383,1,33578000,-1
61007.4113142,4,3384,1,33575000,-1
61016.0832336,4,3385,1,33572000,-1
61017.5996866,4,3386,6,33569000,-1
61045.5962958,4,3387,4,33572000,-1
61063.7958817,4,3388,2,33568000,1
61074.4074584,4,3389,12,33573000,-1
61074.4738595,4,3390,5,33576000,-1
61084.7960378,4,3391,10,33579000,-1
61092.202339,4,3392,9,33582000,1
61094.5404384,4,3393,5,33579000,1
61118.0768647,4,3394,5,33576000,1
61154.5611405,4,3395,1,33579000,1
61178.9017112,4,3396,8,33582000,1
61200.132747,4,3397,14,33586000,-1
61200.5715246,4,3398,9,33589000,1
61200.7725307,4,3399,1,33586000,1
61205.2154125,4,3400,11,33589000,1
61239.8115724,4,3401,26,33586000,-1
61239.8405572,4,3402,1,33589000,-1
61246.7306406,4,3403,10,33586000,-1
61253.0903603,4,3404,11,33589000,1
61262.0602606,4,3405,11,33586000,1
61298.4100392,4,3406,24,33583000,-1
61306.6052186,4,3407,5,33586000,1
61308.7599974,4,3408,10,33583000,1
61311.0451152,4,3409,3,33580000,1
61313.8465718,4,3410,5,33577000,1
61315.577872,4,3411,12,33574000,1
61315.5960934,4,3412,33,33571000,1
61315.596109,4,3413,3,33568000,1
61315.6084761,4,3414,1,33571000,1
61315.617318,4,3415,1,33568000,1
61317.2698713,4,3416,12,33571000,1
61317.9380642,4,3417,2,33568000,-1
61325.0812279,4,3418,1,33571000,-1
61329.2678826,4,3419,3,33568000,-1
61339.4764876,4,3420,12,33571000,1
61340.0964846,4,3421,11,33568000,1
61359.1448965,4,3422,14,33565000,1
61382.8100875,4,3423,4,33562000,1
61385.0889852,4,3424,10,33565000,-1
61407.0461971,4,3425,4,33568000,-1
61410.3803917,4,3426,21,33571000,1
61414.0262549,4,3427,4,33568000,-1
61435.3868378,4,3428,33,33571000,1
61439.468725,4,3429,1,33568000,1
61453.8240078,4,3430,10,33571000,1
61455.3855354,4,3431,1,33575000,-1
61477.7836728,4,3432,17,33572000,-1
61477.8184729,4,3433,1,33575000,-1
61490.140705,4,3434,7,33572000,-1
61491.1825679,4,3435,14,33568000,1
61502.7564328,4,3436,1,33565000,1
61510.6441848,4,3437,7,33569000,-1
61511.9209945,4,3438,20,33565000,1
61511.9234592,4,3439,5,33562000,1
61522.9366694,4,3440,37,33565000,-1
61523.796298,4,3441,1,33568000,-1
61535.8554196,4,3442,35,33563000,-1
61567.1689258,4,3443,13,33566000,-1
61573.2814716,4,3444,3,33563000,1
61582.7664659,4,3445,9,33566000,-1
61585.8501522,4,3446,8,33569000,-1
61622.5560632,4,3447,1,33572000,1
61639.5788999,4,3448,9,33575000,-1
61673.1916331,4,3449,6,33572000,1
61710.5819756,4,3450,4,33568000,1
61728.2923624,4,3451,2,33565000,-1
61734.4833053,4,3452,6,33568000,-1
61760.9440255,4,3453,8,33571000,1
61807.8754913,4,3454,6,33568000,1
61818.9123396,4,3455,10,33565000,1
61826.5599079,4,3456,31,33562000,1
61828.7717402,4,3457,16,33559000,1
61846.779408,4,3458,24,33556000,1
61868.0719971,4,3459,8,33553000,-1
61898.3839747,4,3460,16,33556000,1
61927.0080732,4,3461,10,33553000,1
61934.5705031,4,3462,4,33550000,1
61975.0960432,4,3463,1,33547000,1
62011.2317114,4,3464,13,33551000,-1
62014.0657868,4,3465,7,33555000,-1
62024.4264505,4,3466,8,33558000,-1
62047.3706397,4,3467,1,33555000,1
62049.727997,4,3468,1,33558000,1
62054.871405,4,3469,1,33561000,-1
62061.6156844,4,3470,10,33557000,1
62074.8443589,4,3471,5,33560000,1
62103.7629447,4,3472,7,33556000,1
62128.6870371,4,3473,1,33553000,1
62219.4861734,4,3474,15,33556000,-1
62276.0064762,4,3475,1,33559000,-1
62284.8277091,4,3476,3,33555000,1
62372.3704926,4,3477,25,33552000,1
62372.4865896,4,3478,18,33549000,1
62400.0363845,4,3479,5,33546000,-1
62441.4479178,4,3480,49,33550000,-1
62449.1239274,4,3481,2,33553000,1
62458.0079108,4,3482,5,33550000,1
62468.5336407,4,3483,2,33547000,-1
62479.7474127,4,3484,1,33550000,1
62492.3673029,4,3485,9,33553000,1
62500.063366,4,3486,1,33550000,1
62512.1750626,4,3487,31,33553000,-1
62513.1915668,4,3488,4,33556000,-1
62515.8959127,4,3489,2,33559000,1
62575.1993408,4,3490,2,33555000,-1
62639.0070794,4,3491,9,33552000,-1
62655.5657193,4,3492,11,33556000,1
62686.1154937,4,3493,12,33553000,1
62701.0397779,4,3494,17,33550000,1
62707.5507428,4,3495,6,33547000,1
62742.1663532,4,3496,17,33544000,-1
62760.5473642,4,3497,18,33541000,-1
62765.3965216,4,3498,5,33544000,-1
62775.4240804,4,3499,14,33541000,1
62778.7919392,4,3500,10,33538000,1
62801.8232794,4,3501,9,33541000,-1
62817.3116857,4,3502,13,33538000,-1
62819.8979189,4,3503,12,33541000,1
62838.0993725,4,3504,7,33544000,-1
62841.6792357,4,3505,8,33547000,-1
62851.3276617,4,3506,2,33550000,1
62868.4227887,4,3507,2,33547000,1
62871.411443,4,3508,1,33543000,1
62881.26262,4,3509,4,33540000,-1
62895.4034369,4,3510,18,33543000,-1
62915.7806747,4,3511,36,33546000,-1
62918.5539927,4,3512,12,33549000,-1
62940.0966429,4,3513,3,33552000,1
62940.8032452,4,3514,18,33549000,1
62941.0239052,4,3515,17,33546000,-1
62954.5507009,4,3516,16,33549000,1
62954.5773683,4,3517,4,33546000,-1
62992.3083541,4,3518,70,33549000,-1
63000.7960739,4,3519,17,33546000,-1
63001.4108013,4,3520,15,33549000,1
63001.8117268,4,3521,3,33546000,-1
63007.1541105,4,3522,12,33549000,-1
63011.2375266,4,3523,10,33552000,1
63014.6306901,4,3524,1,33549000,1
63030.1530828,4,3525,8,33552000,-1
63030.6581778,4,3526,25,33555000,-1
63089.488483,4,3527,37,33558000,-1
63159.968967,4,3528,14,33553000,1
63162.5145618,4,3529,10,33550000,1
63177.3557154,4,3530,15,33554000,1
63184.023726,4,3531,5,33551000,1
63242.9677032,4,3532,25,33548000,1
63243.0742346,4,3533,21,33545000,-1
63247.1268303,4,3534,2,33542000,1
63276.4943582,4,3535,9,33539000,1
63288.0457457,4,3536,10,33536000,-1
63315.0764033,4,3537,7,33539000,-1
63321.5702392,4,3538,11,33542000,-1
63327.5575272,4,3539,3,33545000,1
63363.013966,4,3540,7,33542000,1
63400.4025493,4,3541,10,33539000,-1
63425.7957827,4,3542,23,33542000,1
63443.6531706,4,3543,31,33546000,1
63455.1945993,4,3544,4,33549000,-1
63467.2639501,4,3545,7,33552000,-1
63521.72129,4,3546,5,33555000,-1
63568.4164755,4,3547,8,33552000,-1
63687.3243281,4,3548,4,33555000,1
63704.2959429,4,3549,4,33558000,1
63789.8657064,4,3550,4,33555000,1
63815.9364661,4,3551,31,33559000,-1
63815.9407649,4,3552,32,33562000,-1
63815.940771,4,3553,1,33565000,-1
63826.6672371,4,3554,7,33562000,-1
63828.7206867,4,3555,12,33565000,-1
63833.1251603,4,3556,3,33568000,-1
63870.7015621,4,3557,4,33565000,1
63889.0558464,4,3558,2,33562000,-1
63910.9547219,4,3559,1,33565000,-1
63929.1985597,4,3560,1,33558000,1
63953.9800448,4,3561,19,33562000,1
63967.7452858,4,3562,1,33559000,-1
63983.7466232,4,3563,2,33556000,1
64006.9826475,4,3564,2,33560000,1
64116.2442841,4,3565,4,33556000,-1
64231.7872626,4,3566,1,33559000,-1
64254.8141364,4,3567,8,33553000,1
64266.6544908,4,3568,56,33550000,1
64273.2271376,4,3569,1,33547000,1
64279.6482716,4,3570,2,33551000,1
64288.2326792,4,3571,3,33548000,-1
64303.2849851,4,3572,5,33552000,-1
64356.7281864,4,3573,4,33549000,-1
64369.8964062,4,3574,3,33552000,-1
64391.2627222,4,3575,6,33555000,1
64458.2536321,4,3576,13,33551000,1
64463.6638642,4,3577,14,33554000,-1
64528.1066956,4,3578,8,33557000,-1
64537.1228014,4,3579,1,33561000,-1
64564.2297163,4,3580,1,33554000,1
64570.0300976,4,3581,8,33557000,1
64611.264144,4,3582,6,33554000,1
64662.8959592,4,3583,1,33558000,-1
64675.5282587,4,3584,12,33555000,1
64691.2425494,4,3585,19,33551000,1
64708.0895527,4,3586,8,33548000,1
64720.1707788,4,3587,14,33545000,-1
64740.0418704,4,3588,1,33548000,-1
64761.0472632,4,3589,13,33544000,1
64786.1401221,4,3590,12,33541000,1
64787.7647303,4,3591,3,33537000,-1
64796.5285073,4,3592,6,33540000,1
64796.5340457,4,3593,11,33537000,1
64818.2557656,4,3594,11,33540000,1
64819.2864968,4,3595,2,33537000,-1
64820.7645321,4,3596,1,33540000,-1
64832.2063951,4,3597,1,33537000,1
64834.8317538,4,3598,3,33540000,1
64841.2121133,4,3599,3,33544000,1
64862.4909065,4,3600,5,33540000,1
64868.0004186,4,3601,2,33544000,1
64870.8278019,4,3602,10,33540000,1
64875.6963501,4,3603,9,33537000,-1
64915.1727315,4,3604,5,33540000,-1
64925.6998931,4,3605,1,33544000,-1
64935.5948306,4,3606,2,33541000,-1
64946.9111886,4,3607,4,33545000,1
64974.2984187,4,3608,2,33542000,1
64993.5165149,4,3609,2,33545000,-1
65007.1396336,4,3610,1,33548000,-1
65068.2560412,4,3611,8,33545000,1
65078.6306314,4,3612,19,33549000,-1
65079.1156945,4,3613,2,33552000,-1
65079.8124381,4,3614,23,33555000,-1
65079.8124617,4,3615,1,33558000,-1
65100.5498982,4,3616,8,33555000,-1
65110.4221304,4,3617,1,33558000,-1
65218.7100193,4,3618,7,33555000,1
65225.6012761,4,3619,5,33552000,1
65324.0707418,4,3620,18,33555000,-1
65332.6545646,4,3621,7,33558000,-1
65430.0096414,4,3622,3,33561000,1
65438.7001571,4,3623,8,33558000,1
65447.9006234,4,3624,2,33554000,-1
65489.0891715,4,3625,4,33557000,1
65503.779768,4,3626,2,33561000,1
65520.7306023,4,3627,5,33564000,1
65529.7287217,4,3628,5,33561000,1
65530.9098312,4,3629,1,33558000,1
65600.3793296,4,3630,16,33562000,1
65622.9083186,4,3631,5,33565000,1
65713.4650067,4,3632,7,33562000,1
65723.1281898,4,3633,4,33559000,1
65731.2260981,4,3634,1,33555000,1
65732.017046,4,3635,1,33558000,-1
65757.9965375,4,3636,4,33554000,1
65798.7144407,4,3637,6,33557000,1
65922.9772803,4,3638,7,33554000,1
65977.9938441,4,3639,3,33557000,1
66012.2605276,4,3640,4,33560000,-1
66015.492631,4,3641,2,33563000,-1
66089.2730554,4,3642,34,33566000,-1
66094.3761615,4,3643,16,33569000,-1
66094.3761822,4,3644,1,33572000,-1
66103.7969841,4,3645,3,33569000,-1
66116.1113152,4,3646,2,33572000,1
66147.3474981,4,3647,6,33568000,1
66151.1096973,4,3648,3,33564000,-1
66180.1721625,4,3649,7,33567000,-1
66195.4956698,4,3650,8,33571000,-1
66195.5139612,4,3651,2,33574000,1
66229.9013174,4,3652,5,33571000,-1
66252.6051316,4,3653,17,33574000,1
66287.8743569,4,3654,1,33569000,1
66311.1422106,4,3655,9,33573000,-1
66361.4116769,4,3656,11,33570000,-1
66384.1856157,4,3657,2,33573000,-1
66480.5893199,4,3658,19,33570000,1
66483.2472788,4,3659,2,33567000,-1
66483.5177135,4,3660,1,33570000,-1
66506.3880211,4,3661,2,33567000,-1
66516.6770968,4,3662,5,33570000,1
66542.7915232,4,3663,12,33567000,1
66543.5238735,4,3664,1,33564000,1
66595.4333352,4,3665,3,33567000,1
66607.8767934,4,3666,4,33570000,-1
66616.0635528,4,3667,16,33573000,-1
66618.6807005,4,3668,1,33576000,1
66755.7787396,4,3669,12,33573000,-1
66882.3596939,4,3670,4,33570000,-1
66928.3851436,4,3671,3,33567000,1
66931.017818,4,3672,2,33570000,-1
66942.806245,4,3673,7,33573000,1
66948.793165,4,3674,1,33570000,1
66995.25798,4,3675,13,33573000,1
67005.4641324,4,3676,4,33570000,1
67053.5763207,4,3677,15,33567000,1
67099.2035837,4,3678,21,33564000,-1
67115.0387013,4,3679,5,33561000,1
67115.0387104,4,3680,1,33558000,1
67139.8322833,4,3681,3,33561000,-1
67154.1641569,4,3682,6,33564000,1
67159.6165834,4,3683,2,33561000,-1
67168.7367284,4,3684,1,33558000,-1
67298.0516805,4,3685,31,33555000,-1
67357.0269784,4,3686,36,33552000,1
67424.6578131,4,3687,1,33549000,-1
67441.3408393,4,3688,7,33546000,1
67443.7194725,4,3689,2,33543000,-1
67501.0489153,4,3690,9,33546000,1
67695.8370337,4,3691,22,33543000,1
67741.3615998,4,3692,6,33540000,1
67823.9145513,4,3693,10,33543000,-1
67878.7447621,4,3694,23,33540000,-1
67903.7759091,4,3695,9,33543000,-1
67911.4338653,4,3696,1,33546000,1
67938.9405685,4,3697,6,33543000,1
68017.0413695,4,3698,18,33540000,1
68040.9676556,4,3699,11,33537000,1
68058.928361,4,3700,10,33534000,1
68106.6568997,4,3701,9,33537000,-1
68123.4417861,4,3702,5,33540000,1
68175.9843768,4,3703,1,33536000,1
68219.434161,4,3704,33,33539000,-1
68219.4492172,4,3705,31,33542000,-1
68219.6694867,4,3706,28,33545000,1
68253.5360808,4,3707,30,33548000,-1
68288.2052794,4,3708,7,33545000,1
68312.56539,4,3709,81,33549000,1
68374.0480007,4,3710,19,33544000,1
68400.3260319,4,3711,10,33541000,1
68402.7550484,4,3712,1,33538000,1
68426.0227151,4,3713,5,33541000,1
68461.3435145,4,3714,1,33538000,1
68475.6408383,4,3715,1,33544000,1
68491.0527578,4,3716,6,33547000,-1
68499.6138532,4,3717,21,33550000,-1
68499.6138739,4,3718,1,33553000,-1
68509.0215737,4,3719,8,33549000,1
68510.7711035,4,3720,7,33546000,1
68557.1886403,4,3721,22,33549000,1
68574.7684098,4,3722,2,33554000,-1
68582.6234041,4,3723,3,33557000,1
68595.9540713,4,3724,4,33554000,1
68625.1161753,4,3725,10,33557000,-1
68643.0302887,4,3726,5,33554000,1
68658.412541,4,3727,1,33551000,1
68670.5913642,4,3728,1,33548000,1
68728.4751146,4,3729,7,33545000,1
68769.9269209,4,3730,7,33548000,-1
68876.4721807,4,3731,31,33551000,1
68947.0504265,4,3732,6,33548000,-1
68950.857098,4,3733,7,33551000,-1
68975.9938499,4,3734,17,33554000,1
69003.7211293,4,3735,5,33551000,-1
69017.4223584,4,3736,5,33554000,-1
69024.9592143,4,3737,11,33557000,-1
69179.3445401,4,3738,3,33560000,1
69182.4342703,4,3739,1,33557000,1
69204.3300471,4,3740,17,33560000,-1
69204.3300709,4,3741,1,33563000,-1
69224.1390782,4,3742,6,33560000,-1
69242.490622,4,3743,3,33555000,1
69243.5572376,4,3744,4,33551000,1
69322.5547954,4,3745,19,33548000,1
69370.8431585,4,3746,1,33545000,1
69403.3205885,4,3747,4,33548000,1
69406.0307543,4,3748,3,33545000,-1
69448.9137587,4,3749,1,33548000,-1
69476.9024603,4,3750,9,33545000,-1
69532.4652807,4,3751,2,33548000,1
69549.1358479,4,3752,2,33545000,-1
69581.1206921,4,3753,6,33548000,1
69584.0662955,4,3754,6,33545000,1
69600.5126069,4,3755,2,33542000,-1
69613.7061367,4,3756,5,33545000,1
69634.2901727,4,3757,6,33549000,1
69663.2217482,4,3758,22,33545000,-1
69857.9948294,4,3759,15,33541000,-1
69890.1311127,4,3760,27,33538000,1
69914.4737726,4,3761,1,33541000,-1
69968.6385842,4,3762,5,33538000,1
69970.5163559,4,3763,11,33535000,1
69979.9851079,4,3764,55,33532000,1
70031.8561395,4,3765,9,33529000,1
70075.7445027,4,3766,24,33526000,1
70104.6114225,4,3767,1,33532000,-1
70123.4857822,4,3768,14,33529000,-1
70181.0974477,4,3769,3,33526000,-1
70186.7412694,4,3770,9,33523000,1
70217.8941906,4,3771,25,33520000,-1
70231.5028547,4,3772,7,33523000,-1
70247.5160675,4,3773,11,33520000,-1
70323.2350221,4,3774,23,33523000,1
70373.2814387,4,3775,21,33520000,1
70407.346614,4,3776,13,33516000,-1
70424.2140063,4,3777,2,33513000,1
70436.2520442,4,3778,12,33510000,-1
70442.517081,4,3779,6,33513000,-1
70460.5189393,4,3780,45,33516000,-1
70462.0239756,4,3781,36,33519000,1
70468.0675147,4,3782,5,33515000,1
70469.9675013,4,3783,18,33511000,1
70469.9675114,4,3784,1,33508000,1
70500.2183918,4,3785,3,33511000,-1
70511.6270924,4,3786,7,33514000,-1
70536.8263166,4,3787,18,33517000,-1
70564.5312687,4,3788,15,33514000,-1
70577.9530506,4,3789,4,33510000,-1
70640.0651412,4,3790,22,33513000,-1
70648.8716463,4,3791,10,33508000,-1
70666.8901465,4,3792,9,33505000,1
70673.9457589,4,3793,16,33502000,1
70679.8094756,4,3794,52,33499000,-1
70693.8613353,4,3795,12,33502000,1
70758.781734,4,3796,1,33499000,-1
70762.8620974,4,3797,5,33496000,-1
70808.288484,4,3798,11,33499000,1
70837.7350872,4,3799,8,33496000,1
70846.1583247,4,3800,8,33493000,-1
70856.7018042,4,3801,1,33496000,-1
70879.5514542,4,3802,1,33493000,-1
70904.6507402,4,3803,9,33490000,1
70915.4219096,4,3804,20,33487000,-1
70917.1613362,4,3805,15,33490000,-1
71040.4581095,4,3806,103,33493000,1
71062.8934556,4,3807,1,33488000,1
71078.697118,4,3808,11,33491000,-1
71098.2000719,4,3809,5,33494000,1
71098.2576609,4,3810,14,33491000,1
71163.3767066,4,3811,10,33488000,1
71185.2821316,4,3812,6,33493000,-1
71192.0037611,4,3813,16,33497000,-1
71207.6201557,4,3814,7,33500000,-1
71225.8760433,4,3815,5,33503000,-1
71248.5012576,4,3816,1,33500000,1
71279.5364163,4,3817,19,33503000,1
71291.017382,4,3818,3,33500000,-1
71335.3256735,4,3819,9,33503000,-1
71385.6138243,4,3820,33,33506000,1
71388.0092331,4,3821,1,33503000,-1
71404.9548008,4,3822,4,33506000,1
71415.0188663,4,3823,5,33502000,-1
71417.7629229,4,3824,5,33505000,1
71425.5072601,4,3825,1,33502000,1
71443.2074363,4,3826,1,33509000,-1
71459.4053026,4,3827,1,33506000,-1
71513.8860305,4,3828,5,33503000,-1
71517.3596284,4,3829,8,33500000,1
71545.2851203,4,3830,13,33497000,1
71552.8324831,4,3831,6,33494000,-1
71593.4217191,4,3832,21,33497000,1
71606.5482961,4,3833,6,33494000,1
71621.273785,4,3834,8,33491000,1
71625.2844491,4,3835,4,33488000,1
71628.0888224,4,3836,4,33485000,-1
71629.1322461,4,3837,4,33488000,1
71668.5383279,4,3838,7,33485000,1
71680.0931468,4,3839,1,33482000,1
71700.4518046,4,3840,6,33485000,1
71704.3948565,4,3841,2,33489000,-1
71720.3425702,4,3842,7,33492000,-1
71725.8806704,4,3843,1,33495000,-1
71760.0777083,4,3844,8,33492000,1
71782.0228445,4,3845,1,33485000,-1
71788.357352,4,3846,14,33480000,1
71788.9710168,4,3847,33,33477000,1
71791.2449358,4,3848,8,33474000,-1
71839.2134838,4,3849,22,33477000,-1
71848.5957997,4,3850,19,33473000,1
71851.7710894,4,3851,30,33470000,-1
71867.7031581,4,3852,13,33473000,-1
71879.5908854,4,3853,3,33476000,1
71883.7382855,4,3854,4,33473000,-1
71891.1515909,4,3855,3,33476000,-1
71907.6862181,4,3856,3,33479000,-1
71916.3602222,4,3857,1,33482000,-1
71925.801385,4,3858,3,33479000,-1
71946.3217959,4,3859,2,33483000,1
72000.0630852,4,3860,31,33486000,-1
72000.4242432,4,3861,2,33483000,1
72002.1312762,4,3862,4,33480000,1
72006.7561602,4,3863,7,33476000,-1
72006.8212732,4,3864,14,33479000,-1
72036.2531685,4,3865,5,33484000,-1
72047.9663002,4,3866,12,33481000,1
72063.032147,4,3867,1,33478000,1
72109.3196536,4,3868,24,33487000,-1
72114.2279351,4,3869,8,33490000,1
72115.6023574,4,3870,8,33493000,-1
72117.965912,4,3871,1,33496000,-1
72122.7032718,4,3872,10,33499000,-1
72124.7084976,4,3873,2,33502000,-1
72131.6127859,4,3874,1,33497000,-1
72147.3076067,4,3875,7,33494000,1
72207.1844964,4,3876,1,33491000,1
72244.1527715,4,3877,2,33495000,-1
72335.8632976,4,3878,14,33498000,-1
72402.9290135,4,3879,12,33501000,-1
72445.3198792,4,3880,20,33504000,-1
72483.7629134,4,3881,24,33507000,1
72489.5121517,4,3882,6,33504000,1
72505.6698059,4,3883,3,33501000,1
72600.9441328,4,3884,7,33498000,1
72617.0245111,4,3885,8,33495000,-1
72658.9277377,4,3886,9,33499000,1
72698.3461239,4,3887,2,33495000,1
72701.1397098,4,3888,1,33492000,-1
72710.2582373,4,3889,11,33489000,1
72727.2122708,4,3890,5,33486000,1
72743.9753159,4,3891,1,33483000,1
72873.7193982,4,3892,52,33486000,1
72910.5359132,4,3893,5,33483000,-1
72987.7062561,4,3894,4,33486000,1
73029.5409729,4,3895,27,33482000,1
73101.6799962,4,3896,9,33479000,-1
73131.5816112,4,3897,1,33482000,-1
73278.9055851,4,3898,11,33478000,-1
73499.3841131,4,3899,23,33475000,1
73512.3604605,4,3900,28,33472000,1
73555.5466468,4,3901,1,33469000,-1
73616.2581148,4,3902,8,33473000,-1
73667.7019136,4,3903,8,33469000,-1
73675.3491675,4,3904,3,33472000,1
73761.2042115,4,3905,2,33469000,1
73798.415351,4,3906,21,33466000,1
73800.6003641,4,3907,1,33469000,1
73827.9651657,4,3908,2,33472000,-1
73893.0927849,4,3909,5,33469000,1
73990.8304962,4,3910,4,33466000,-1
73994.6708418,4,3911,11,33469000,-1
74092.650038,4,3912,12,33472000,1
74104.3583392,4,3913,48,33469000,1
74130.2407674,4,3914,6,33466000,1
74130.2407782,4,3915,1,33463000,1
74138.9059298,4,3916,2,33467000,1
74138.9071953,4,3917,17,33464000,1
74139.7451365,4,3918,1,33461000,1
74225.246864,4,3919,1,33466000,1
74241.2048767,4,3920,10,33470000,-1
74258.9417023,4,3921,1,33473000,1
74387.4257209,4,3922,9,33478000,-1
74390.6253537,4,3923,17,33481000,-1
74390.6253591,4,3924,1,33484000,-1
74397.6721191,4,3925,1,33481000,1
74400.9894116,4,3926,5,33484000,1
74444.5345362,4,3927,6,33481000,-1
74450.8730322,4,3928,4,33484000,1
74460.8419123,4,3929,1,33481000,1
74487.0136609,4,3930,10,33478000,1
74549.5777517,4,3931,5,33483000,1
74554.048598,4,3932,4,33479000,1
74562.5203247,4,3933,4,33476000,-1
74640.184734,4,3934,5,33479000,1
74691.5023853,4,3935,1,33475000,1
74814.9751861,4,3936,11,33478000,-1
74903.0151722,4,3937,11,33473000,-1
74923.6926691,4,3938,6,33476000,-1
75016.2194998,4,3939,8,33480000,-1
75037.0030751,4,3940,2,33484000,-1
75108.3977773,4,3941,1,33481000,-1
75122.6137849,4,3942,13,33475000,1
75219.9904186,4,3943,15,33472000,1
75240.7717613,4,3944,3,33477000,1
75291.6373763,4,3945,4,33471000,-1
75310.5792002,4,3946,16,33474000,1
75349.0770378,4,3947,15,33470000,1
75352.0429059,4,3948,5,33467000,1
75422.3596351,4,3949,27,33464000,-1
75425.2496767,4,3950,4,33467000,1
75439.0048881,4,3951,3,33463000,-1
75446.7523095,4,3952,4,33466000,1
75469.7909845,4,3953,8,33463000,1
75520.2910079,4,3954,8,33468000,1
75548.7396427,4,3955,3,33465000,1
75580.1171906,4,3956,16,33469000,1
