33407000,5,33408000,2,33406000,7,33409000,5,33405000,6,33410000,3,33404000,4,33411000,3,33403000,8,33412000,5,33402000,11,33413000,10,33401000,8,33414000,13,33400000,44,33415000,13,33399000,6,33416000,8,33398000,6,33417000,8
33407000,2,33409000,1,33406000,4,33410000,5,33405000,7,33411000,5,33404000,5,33412000,9,33403000,8,33413000,10,33402000,10,33414000,12,33401000,9,33415000,12,33400000,44,33416000,7,33399000,6,33417000,7,33398000,6,33418000,8
33407000,2,33409000,4,33406000,4,33410000,5,33405000,7,33411000,5,33404000,5,33412000,9,33403000,8,33413000,10,33402000,11,33414000,11,33401000,9,33415000,11,33400000,44,33416000,7,33399000,6,33417000,7,33398000,6,33418000,9
33404000,4,33407000,5,33403000,5,33408000,5,33402000,9,33409000,5,33401000,8,33410000,5,33400000,44,33411000,9,33399000,6,33412000,10,33398000,6,33413000,11,33397000,6,33414000,13,33396000,9,33415000,11,33395000,6,33416000,8
33404000,4,33407000,6,33403000,3,33408000,6,33402000,4,33409000,6,33401000,5,33410000,8,33400000,41,33411000,10,33399000,5,33412000,14,33398000,8,33413000,11,33397000,6,33414000,13,33396000,9,33415000,12,33395000,6,33416000,9
33410000,3,33412000,7,33409000,5,33413000,9,33408000,3,33414000,10,33407000,10,33415000,10,33406000,7,33416000,6,33405000,6,33417000,8,33404000,8,33418000,9,33403000,8,33419000,8,33402000,10,33420000,13,33401000,7,33421000,10
33413000,4,33415000,1,33412000,8,33416000,6,33411000,5,33417000,7,33410000,3,33418000,5,33409000,8,33419000,8,33408000,4,33420000,14,33407000,12,33421000,10,33406000,9,33422000,15,33405000,7,33423000,10,33404000,8,33424000,10
33412000,2,33414000,4,33411000,3,33415000,5,33410000,2,33416000,5,33409000,7,33417000,6,33408000,6,33418000,8,33407000,12,33419000,8,33406000,8,33420000,13,33405000,6,33421000,11,33404000,8,33422000,14,33403000,7,33423000,10
33413000,3,33415000,1,33412000,4,33416000,4,33411000,4,33417000,6,33410000,2,33418000,7,33409000,10,33419000,8,33408000,6,33420000,13,33407000,6,33421000,10,33406000,8,33422000,14,33405000,6,33423000,9,33404000,6,33424000,9
33416000,2,33418000,4,33415000,4,33419000,5,33414000,5,33420000,9,33413000,5,33421000,7,33412000,4,33422000,13,33411000,6,33423000,11,33410000,6,33424000,9,33409000,12,33425000,10,33408000,7,33426000,13,33407000,6,33427000,9
33415000,4,33417000,3,33414000,4,33418000,4,33413000,5,33419000,4,33412000,3,33420000,6,33411000,6,33421000,7,33410000,6,33422000,12,33409000,11,33423000,12,33408000,8,33424000,12,33407000,6,33425000,9,33406000,9,33426000,13
33417000,5,33419000,1,33416000,3,33420000,6,33415000,6,33421000,8,33414000,5,33422000,12,33413000,6,33423000,10,33412000,6,33424000,10,33411000,8,33425000,9,33410000,6,33426000,13,33409000,11,33427000,9,33408000,8,33428000,11
33420000,4,33422000,2,33419000,3,33423000,6,33418000,6,33424000,7,33417000,5,33425000,9,33416000,6,33426000,12,33415000,9,33427000,9,33414000,10,33428000,11,33413000,7,33429000,8,33412000,8,33430000,17,33411000,6,33431000,9
33423000,3,33425000,2,33422000,4,33426000,8,33421000,4,33427000,7,33420000,8,33428000,7,33419000,7,33429000,9,33418000,5,33430000,17,33417000,9,33431000,10,33416000,10,33432000,12,33415000,10,33433000,8,33414000,9,33434000,11
33422000,6,33424000,3,33421000,9,33425000,6,33420000,3,33426000,5,33419000,5,33427000,5,33418000,5,33428000,5,33417000,7,33429000,8,33416000,8,33430000,15,33415000,7,33431000,12,33414000,10,33432000,11,33413000,7,33433000,8
33418000,3,33420000,1,33417000,4,33421000,3,33416000,5,33422000,5,33415000,9,33423000,5,33414000,8,33424000,6,33413000,7,33425000,8,33412000,7,33426000,9,33411000,5,33427000,8,33410000,7,33428000,9,33409000,10,33429000,8
33421000,1,33423000,2,33420000,5,33424000,4,33419000,3,33425000,7,33418000,3,33426000,8,33417000,9,33427000,6,33416000,2,33428000,10,33415000,6,33429000,7,33414000,8,33430000,10,33413000,6,33431000,10,33412000,9,33432000,12
33427000,2,33428000,4,33426000,3,33429000,5,33425000,3,33430000,7,33424000,7,33431000,8,33423000,6,33432000,9,33422000,6,33433000,8,33421000,6,33434000,11,33420000,7,33435000,9,33419000,10,33436000,14,33418000,8,33437000,8
33430000,3,33432000,1,33429000,3,33433000,3,33428000,4,33434000,9,33427000,7,33435000,9,33426000,7,33436000,10,33425000,7,33437000,8,33424000,9,33438000,12,33423000,12,33439000,8,33422000,10,33440000,11,33421000,7,33441000,8
33431000,3,33434000,4,33430000,4,33435000,8,33429000,6,33436000,8,33428000,6,33437000,8,33427000,8,33438000,10,33426000,9,33439000,8,33425000,9,33440000,11,33424000,10,33441000,8,33423000,12,33442000,11,33422000,10,33443000,6
33435000,1,33437000,2,33434000,3,33438000,7,33433000,5,33439000,8,33432000,8,33440000,5,33431000,8,33441000,7,33430000,10,33442000,11,33429000,7,33443000,6,33428000,10,33444000,8,33427000,10,33445000,8,33426000,6,33446000,12
33439000,2,33441000,5,33438000,5,33442000,7,33437000,2,33443000,6,33436000,7,33444000,5,33435000,7,33445000,7,33434000,8,33446000,11,33433000,5,33447000,9,33432000,13,33448000,5,33431000,10,33449000,6,33430000,13,33450000,11
33438000,3,33441000,5,33437000,6,33442000,9,33436000,9,33443000,6,33435000,11,33444000,5,33434000,11,33445000,7,33433000,5,33446000,11,33432000,14,33447000,9,33431000,9,33448000,6,33430000,13,33449000,6,33429000,10,33450000,11
33435000,4,33437000,4,33434000,5,33438000,5,33433000,5,33439000,4,33432000,9,33440000,5,33431000,10,33441000,4,33430000,12,33442000,9,33429000,9,33443000,7,33428000,11,33444000,7,33427000,10,33445000,8,33426000,8,33446000,11
33432000,5,33434000,3,33431000,6,33435000,3,33430000,6,33436000,6,33429000,9,33437000,5,33428000,8,33438000,4,33427000,10,33439000,5,33426000,8,33440000,6,33425000,9,33441000,7,33424000,10,33442000,10,33423000,8,33443000,8
33429000,5,33431000,1,33428000,7,33432000,3,33427000,8,33433000,5,33426000,9,33434000,8,33425000,8,33435000,6,33424000,9,33436000,8,33423000,7,33437000,7,33422000,10,33438000,8,33421000,6,33439000,6,33420000,11,33440000,7
33426000,5,33429000,4,33425000,10,33430000,3,33424000,9,33431000,5,33423000,7,33432000,4,33422000,8,33433000,6,33421000,6,33434000,7,33420000,11,33435000,7,33419000,7,33436000,11,33418000,8,33437000,9,33417000,10,33438000,10
33427000,3,33429000,3,33426000,2,33430000,4,33425000,6,33431000,5,33424000,7,33432000,4,33423000,7,33433000,6,33422000,8,33434000,8,33421000,5,33435000,7,33420000,10,33436000,12,33419000,7,33437000,9,33418000,8,33438000,10
33430000,3,33432000,2,33429000,6,33433000,4,33428000,4,33434000,5,33427000,2,33435000,5,33426000,6,33436000,7,33425000,8,33437000,6,33424000,8,33438000,8,33423000,8,33439000,3,33422000,14,33440000,5,33421000,6,33441000,8
33429000,1,33431000,2,33428000,3,33432000,3,33427000,5,33433000,3,33426000,6,33434000,7,33425000,11,33435000,6,33424000,12,33436000,7,33423000,9,33437000,6,33422000,13,33438000,10,33421000,6,33439000,6,33420000,11,33440000,5
33431000,1,33432000,1,33430000,2,33433000,4,33429000,5,33434000,6,33428000,3,33435000,6,33427000,5,33436000,7,33426000,8,33437000,6,33425000,12,33438000,10,33424000,8,33439000,6,33423000,9,33440000,5,33422000,13,33441000,8
33433000,1,33435000,2,33432000,5,33436000,5,33431000,7,33437000,5,33430000,9,33438000,9,33429000,7,33439000,5,33428000,7,33440000,5,33427000,10,33441000,8,33426000,11,33442000,9,33425000,12,33443000,7,33424000,12,33444000,8
33438000,2,33440000,1,33437000,3,33441000,4,33436000,5,33442000,7,33435000,6,33443000,6,33434000,7,33444000,4,33433000,5,33445000,8,33432000,10,33446000,11,33431000,8,33447000,9,33430000,8,33448000,5,33429000,8,33449000,6
33436000,2,33438000,2,33435000,9,33439000,7,33434000,10,33440000,7,33433000,6,33441000,10,33432000,9,33442000,7,33431000,8,33443000,8,33430000,8,33444000,7,33429000,8,33445000,8,33428000,7,33446000,11,33427000,6,33447000,10
33432000,3,33434000,2,33431000,6,33435000,5,33430000,5,33436000,5,33429000,6,33437000,5,33428000,6,33438000,8,33427000,4,33439000,8,33426000,10,33440000,9,33425000,10,33441000,12,33424000,12,33442000,9,33423000,11,33443000,8
33430000,1,33432000,3,33429000,4,33433000,5,33428000,3,33434000,6,33427000,5,33435000,9,33426000,9,33436000,7,33425000,9,33437000,7,33424000,13,33438000,9,33423000,10,33439000,8,33422000,12,33440000,9,33421000,8,33441000,13
33427000,1,33429000,2,33426000,5,33430000,4,33425000,8,33431000,6,33424000,7,33432000,6,33423000,8,33433000,5,33422000,11,33434000,8,33421000,6,33435000,9,33420000,11,33436000,11,33419000,7,33437000,8,33418000,8,33438000,11
33429000,1,33430000,3,33427000,1,33431000,5,33426000,3,33432000,7,33425000,6,33433000,5,33424000,8,33434000,8,33423000,8,33435000,9,33422000,12,33436000,11,33421000,8,33437000,8,33420000,14,33438000,12,33419000,7,33439000,8
33431000,1,33432000,1,33430000,4,33433000,4,33429000,3,33434000,7,33428000,7,33435000,8,33427000,6,33436000,8,33426000,3,33437000,7,33425000,10,33438000,12,33424000,12,33439000,8,33423000,9,33440000,12,33422000,14,33441000,12
33429000,1,33431000,3,33428000,8,33432000,5,33427000,6,33433000,6,33426000,2,33434000,8,33425000,10,33435000,8,33424000,11,33436000,8,33423000,9,33437000,7,33422000,14,33438000,11,33421000,8,33439000,9,33420000,15,33440000,12
33431000,1,33432000,2,33430000,2,33433000,6,33429000,3,33434000,7,33428000,3,33435000,7,33427000,10,33436000,9,33426000,11,33437000,8,33425000,14,33438000,13,33424000,11,33439000,9,33423000,11,33440000,12,33422000,16,33441000,12
33432000,3,33434000,1,33431000,3,33435000,8,33430000,3,33436000,7,33429000,8,33437000,6,33428000,8,33438000,10,33427000,9,33439000,10,33426000,16,33440000,12,33425000,14,33441000,12,33424000,13,33442000,9,33423000,10,33443000,7
33431000,2,33433000,3,33430000,5,33434000,3,33429000,7,33435000,4,33428000,8,33436000,7,33427000,11,33437000,7,33426000,16,33438000,9,33425000,13,33439000,10,33424000,13,33440000,13,33423000,10,33441000,12,33422000,17,33442000,9
33427000,1,33429000,3,33426000,4,33430000,4,33425000,12,33431000,2,33424000,4,33432000,6,33423000,13,33433000,8,33422000,17,33434000,8,33421000,8,33435000,5,33420000,14,33436000,12,33419000,6,33437000,9,33418000,8,33438000,12
33429000,1,33430000,3,33428000,1,33431000,2,33427000,3,33432000,5,33426000,6,33433000,6,33425000,11,33434000,11,33424000,5,33435000,5,33423000,14,33436000,12,33422000,18,33437000,7,33421000,9,33438000,12,33420000,14,33439000,9
33432000,1,33433000,1,33430000,2,33434000,4,33429000,3,33435000,3,33428000,3,33436000,10,33427000,7,33437000,9,33426000,11,33438000,11,33425000,13,33439000,9,33424000,9,33440000,11,33423000,13,33441000,13,33422000,17,33442000,9
33434000,1,33436000,4,33433000,3,33437000,6,33432000,5,33438000,12,33431000,6,33439000,9,33430000,11,33440000,10,33429000,11,33441000,12,33428000,10,33442000,9,33427000,13,33443000,7,33426000,11,33444000,7,33425000,12,33445000,11
33437000,4,33439000,2,33436000,6,33440000,9,33435000,5,33441000,9,33434000,7,33442000,7,33433000,7,33443000,8,33432000,10,33444000,8,33431000,10,33445000,16,33430000,13,33446000,11,33429000,12,33447000,10,33428000,11,33448000,8
33434000,1,33436000,2,33433000,3,33437000,6,33432000,7,33438000,5,33431000,8,33439000,7,33430000,6,33440000,5,33429000,5,33441000,10,33428000,5,33442000,10,33427000,6,33443000,10,33426000,11,33444000,7,33425000,10,33445000,13
33437000,10,33439000,2,33436000,7,33440000,6,33435000,7,33441000,8,33434000,10,33442000,10,33433000,11,33443000,10,33432000,10,33444000,7,33431000,9,33445000,14,33430000,8,33446000,13,33429000,6,33447000,12,33428000,5,33448000,7
33441000,7,33442000,5,33440000,4,33443000,7,33439000,1,33444000,5,33438000,6,33445000,10,33437000,4,33446000,14,33436000,7,33447000,12,33435000,9,33448000,7,33434000,12,33449000,8,33433000,13,33450000,11,33432000,11,33451000,11
33439000,3,33440000,1,33438000,5,33441000,4,33437000,5,33442000,7,33436000,8,33443000,7,33435000,11,33444000,9,33434000,12,33445000,11,33433000,11,33446000,10,33432000,13,33447000,15,33431000,9,33448000,11,33430000,10,33449000,8
33436000,2,33438000,3,33435000,4,33439000,6,33434000,7,33440000,6,33433000,6,33441000,5,33432000,13,33442000,10,33431000,12,33443000,8,33430000,11,33444000,13,33429000,7,33445000,15,33428000,7,33446000,11,33427000,7,33447000,14
33434000,5,33437000,3,33433000,8,33438000,5,33432000,12,33439000,8,33431000,10,33440000,8,33430000,8,33441000,6,33429000,8,33442000,10,33428000,7,33443000,8,33427000,7,33444000,13,33426000,12,33445000,15,33425000,10,33446000,11
33439000,1,33441000,3,33438000,4,33442000,3,33437000,7,33443000,9,33436000,7,33444000,11,33435000,13,33445000,12,33434000,7,33446000,13,33433000,11,33447000,15,33432000,16,33448000,9,33431000,11,33449000,8,33430000,10,33450000,11
33439000,2,33441000,2,33438000,4,33442000,5,33437000,8,33443000,7,33436000,7,33444000,10,33435000,10,33445000,13,33434000,8,33446000,13,33433000,11,33447000,17,33432000,16,33448000,10,33431000,10,33449000,8,33430000,11,33450000,11
33436000,1,33437000,1,33435000,7,33438000,4,33434000,6,33439000,4,33433000,6,33440000,1,33432000,9,33441000,5,33431000,7,33442000,6,33430000,7,33443000,4,33429000,7,33444000,13,33428000,7,33445000,16,33427000,9,33446000,15
33439000,1,33440000,1,33438000,4,33441000,6,33437000,6,33442000,7,33436000,11,33443000,7,33435000,7,33444000,12,33434000,7,33445000,13,33433000,10,33446000,11,33432000,15,33447000,12,33431000,9,33448000,7,33430000,11,33449000,6
33435000,1,33437000,3,33434000,3,33438000,4,33433000,8,33439000,5,33432000,8,33440000,6,33431000,7,33441000,7,33430000,9,33442000,11,33429000,6,33443000,11,33428000,7,33444000,13,33427000,7,33445000,12,33426000,11,33446000,13
33432000,3,33434000,1,33431000,8,33435000,4,33430000,10,33436000,7,33429000,10,33437000,6,33428000,7,33438000,6,33427000,7,33439000,8,33426000,11,33440000,11,33425000,10,33441000,10,33424000,9,33442000,13,33423000,10,33443000,11
33433000,2,33435000,3,33432000,2,33436000,7,33431000,7,33437000,7,33430000,12,33438000,5,33429000,12,33439000,8,33428000,12,33440000,12,33427000,10,33441000,9,33426000,12,33442000,12,33425000,10,33443000,11,33424000,9,33444000,11
33432000,1,33433000,1,33431000,9,33434000,5,33430000,12,33435000,4,33429000,10,33436000,4,33428000,14,33437000,8,33427000,13,33438000,7,33426000,15,33439000,8,33425000,12,33440000,11,33424000,11,33441000,10,33423000,10,33442000,12
33429000,1,33431000,2,33428000,7,33432000,5,33427000,8,33433000,6,33426000,14,33434000,6,33425000,13,33435000,8,33424000,9,33436000,8,33423000,9,33437000,9,33422000,12,33438000,10,33421000,8,33439000,8,33420000,22,33440000,11
33426000,9,33429000,3,33425000,12,33430000,5,33424000,9,33431000,8,33423000,7,33432000,6,33422000,11,33433000,7,33421000,9,33434000,9,33420000,22,33435000,9,33419000,6,33436000,12,33418000,8,33437000,10,33417000,10,33438000,10
33423000,3,33425000,2,33422000,12,33426000,3,33421000,6,33427000,4,33420000,20,33428000,5,33419000,7,33429000,6,33418000,9,33430000,8,33417000,9,33431000,10,33416000,9,33432000,10,33415000,6,33433000,11,33414000,11,33434000,9
33420000,17,33422000,1,33419000,5,33423000,5,33418000,10,33424000,4,33417000,11,33425000,7,33416000,9,33426000,5,33415000,7,33427000,6,33414000,10,33428000,8,33413000,6,33429000,8,33412000,10,33430000,11,33411000,7,33431000,9
33418000,1,33419000,2,33417000,9,33420000,4,33416000,9,33421000,3,33415000,8,33422000,4,33414000,15,33423000,5,33413000,7,33424000,8,33412000,10,33425000,10,33411000,6,33426000,11,33410000,8,33427000,7,33409000,11,33428000,9
33420000,1,33421000,1,33419000,2,33422000,3,33418000,4,33423000,3,33417000,5,33424000,6,33416000,3,33425000,11,33415000,9,33426000,10,33414000,17,33427000,8,33413000,13,33428000,9,33412000,12,33429000,11,33411000,14,33430000,11
33417000,1,33418000,1,33416000,2,33419000,3,33415000,9,33420000,7,33414000,13,33421000,6,33413000,8,33422000,6,33412000,16,33423000,8,33411000,14,33424000,9,33410000,8,33425000,13,33409000,14,33426000,12,33408000,14,33427000,7
33414000,6,33416000,3,33413000,7,33417000,6,33412000,11,33418000,5,33411000,14,33419000,3,33410000,8,33420000,9,33409000,15,33421000,9,33408000,14,33422000,10,33407000,7,33423000,9,33406000,10,33424000,11,33405000,7,33425000,12
33411000,10,33412000,1,33410000,5,33413000,4,33409000,14,33414000,7,33408000,12,33415000,4,33407000,9,33416000,6,33406000,10,33417000,7,33405000,6,33418000,9,33404000,8,33419000,5,33403000,8,33420000,10,33402000,7,33421000,11
33408000,1,33410000,3,33407000,8,33411000,4,33406000,9,33412000,5,33405000,9,33413000,4,33404000,8,33414000,9,33403000,8,33415000,6,33402000,8,33416000,11,33401000,6,33417000,8,33400000,45,33418000,10,33399000,8,33419000,5
33410000,1,33411000,3,33409000,4,33412000,6,33408000,4,33413000,6,33407000,4,33414000,9,33406000,10,33415000,9,33405000,12,33416000,8,33404000,10,33417000,7,33403000,11,33418000,8,33402000,9,33419000,5,33401000,6,33420000,10
33408000,1,33410000,5,33407000,3,33411000,3,33406000,10,33412000,6,33405000,12,33413000,5,33404000,8,33414000,8,33403000,11,33415000,7,33402000,8,33416000,13,33401000,7,33417000,11,33400000,45,33418000,11,33399000,8,33419000,7
33405000,1,33407000,4,33404000,5,33408000,6,33403000,11,33409000,5,33402000,7,33410000,5,33401000,8,33411000,7,33400000,47,33412000,8,33399000,7,33413000,8,33398000,6,33414000,11,33397000,6,33415000,8,33396000,8,33416000,14
33408000,3,33410000,4,33407000,3,33411000,6,33406000,12,33412000,5,33405000,13,33413000,5,33404000,8,33414000,9,33403000,15,33415000,9,33402000,10,33416000,13,33401000,9,33417000,12,33400000,48,33418000,12,33399000,7,33419000,7
33409000,1,33411000,3,33408000,3,33412000,6,33407000,7,33413000,5,33406000,5,33414000,8,33405000,5,33415000,8,33404000,7,33416000,12,33403000,16,33417000,12,33402000,13,33418000,13,33401000,9,33419000,7,33400000,51,33420000,11
33408000,2,33410000,4,33407000,7,33411000,4,33406000,10,33412000,5,33405000,9,33413000,5,33404000,6,33414000,8,33403000,14,33415000,9,33402000,12,33416000,14,33401000,8,33417000,12,33400000,51,33418000,12,33399000,7,33419000,7
33405000,5,33406000,1,33404000,5,33407000,3,33403000,10,33408000,5,33402000,10,33409000,6,33401000,9,33410000,7,33400000,50,33411000,5,33399000,7,33412000,9,33398000,6,33413000,9,33397000,6,33414000,11,33396000,8,33415000,7
33403000,5,33404000,2,33402000,6,33405000,4,33401000,9,33406000,5,33400000,46,33407000,3,33399000,8,33408000,6,33398000,9,33409000,8,33397000,6,33410000,9,33396000,8,33411000,8,33395000,6,33412000,10,33394000,7,33413000,10
33397000,4,33399000,1,33396000,6,33400000,5,33395000,6,33401000,7,33394000,8,33402000,7,33393000,7,33403000,10,33392000,8,33404000,9,33391000,5,33405000,9,33390000,16,33406000,10,33389000,5,33407000,6,33388000,7,33408000,9
33399000,2,33401000,2,33398000,7,33402000,8,33397000,6,33403000,8,33396000,6,33404000,6,33395000,9,33405000,8,33394000,7,33406000,7,33393000,10,33407000,6,33392000,9,33408000,10,33391000,5,33409000,10,33390000,16,33410000,8
33395000,5,33398000,4,33394000,6,33399000,3,33393000,7,33400000,12,33392000,8,33401000,5,33391000,7,33402000,7,33390000,17,33403000,8,33389000,5,33404000,9,33388000,7,33405000,7,33387000,6,33406000,10,33386000,7,33407000,5
33392000,3,33393000,1,33391000,7,33394000,6,33390000,16,33395000,6,33389000,7,33396000,6,33388000,8,33397000,8,33387000,5,33398000,7,33386000,7,33399000,6,33385000,4,33400000,15,33384000,11,33401000,9,33383000,4,33402000,10
33392000,3,33393000,7,33391000,2,33394000,4,33390000,17,33395000,5,33389000,5,33396000,4,33388000,8,33397000,8,33387000,7,33398000,11,33386000,7,33399000,9,33385000,4,33400000,18,33384000,11,33401000,12,33383000,4,33402000,9
33392000,3,33393000,7,33391000,2,33394000,4,33390000,17,33395000,5,33389000,5,33396000,4,33388000,8,33397000,8,33387000,7,33398000,11,33386000,7,33399000,9,33385000,4,33400000,18,33384000,11,33401000,12,33383000,4,33402000,9
33390000,4,33393000,6,33389000,6,33394000,7,33388000,8,33395000,6,33387000,4,33396000,8,33386000,12,33397000,10,33385000,5,33398000,14,33384000,13,33399000,10,33383000,4,33400000,17,33382000,8,33401000,12,33381000,7,33402000,10
33390000,3,33393000,6,33389000,6,33394000,9,33388000,8,33395000,6,33387000,5,33396000,8,33386000,11,33397000,10,33385000,6,33398000,15,33384000,13,33399000,10,33383000,4,33400000,17,33382000,8,33401000,12,33381000,7,33402000,11
33395000,1,33396000,1,33394000,4,33397000,6,33393000,6,33398000,11,33392000,7,33399000,8,33391000,8,33400000,15,33390000,10,33401000,12,33389000,6,33402000,11,33388000,10,33403000,10,33387000,9,33404000,12,33386000,13,33405000,8
33392000,4,33394000,1,33391000,7,33395000,5,33390000,6,33396000,4,33389000,6,33397000,5,33388000,9,33398000,11,33387000,8,33399000,10,33386000,10,33400000,17,33385000,7,33401000,14,33384000,12,33402000,12,33383000,4,33403000,10
33389000,3,33391000,2,33388000,6,33392000,6,33387000,8,33393000,6,33386000,9,33394000,4,33385000,6,33395000,8,33384000,12,33396000,8,33383000,5,33397000,9,33382000,7,33398000,14,33381000,7,33399000,10,33380000,9,33400000,17
33386000,1,33387000,3,33385000,2,33388000,5,33384000,8,33389000,5,33383000,5,33390000,3,33382000,10,33391000,10,33381000,8,33392000,9,33380000,9,33393000,8,33379000,5,33394000,9,33378000,7,33395000,9,33377000,7,33396000,8
33383000,4,33386000,4,33382000,4,33387000,10,33381000,7,33388000,5,33380000,9,33389000,6,33379000,8,33390000,5,33378000,8,33391000,9,33377000,7,33392000,10,33376000,6,33393000,9,33375000,7,33394000,9,33374000,8,33395000,8
33385000,1,33386000,2,33384000,3,33387000,10,33383000,2,33388000,5,33382000,4,33389000,7,33381000,7,33390000,6,33380000,9,33391000,9,33379000,7,33392000,10,33378000,8,33393000,9,33377000,7,33394000,8,33376000,6,33395000,8
33384000,1,33386000,2,33383000,4,33387000,11,33382000,4,33388000,5,33381000,7,33389000,8,33380000,8,33390000,5,33379000,6,33391000,6,33378000,7,33392000,9,33377000,7,33393000,8,33376000,6,33394000,8,33375000,6,33395000,8
33380000,6,33382000,1,33379000,4,33383000,4,33378000,7,33384000,8,33377000,8,33385000,8,33376000,6,33386000,9,33375000,7,33387000,10,33374000,8,33388000,10,33373000,5,33389000,13,33372000,8,33390000,8,33371000,6,33391000,8
33378000,1,33380000,4,33377000,6,33381000,6,33376000,6,33382000,7,33375000,8,33383000,7,33374000,6,33384000,9,33373000,5,33385000,7,33372000,8,33386000,10,33371000,6,33387000,11,33370000,16,33388000,12,33369000,14,33389000,13
33379000,4,33381000,2,33378000,4,33382000,8,33377000,8,33383000,7,33376000,6,33384000,9,33375000,8,33385000,8,33374000,8,33386000,9,33373000,7,33387000,10,33372000,9,33388000,11,33371000,7,33389000,12,33370000,16,33390000,9
33379000,2,33381000,3,33378000,5,33382000,4,33377000,4,33383000,7,33376000,6,33384000,9,33375000,8,33385000,8,33374000,8,33386000,8,33373000,7,33387000,11,33372000,8,33388000,11,33371000,6,33389000,12,33370000,16,33390000,9
33386000,1,33387000,2,33385000,4,33388000,3,33384000,4,33389000,9,33383000,4,33390000,6,33382000,5,33391000,9,33381000,7,33392000,13,33380000,11,33393000,9,33379000,11,33394000,10,33378000,9,33395000,8,33377000,9,33396000,10
33386000,1,33388000,5,33385000,4,33389000,6,33384000,5,33390000,7,33383000,4,33391000,8,33382000,5,33392000,14,33381000,8,33393000,11,33380000,12,33394000,9,33379000,11,33395000,8,33378000,9,33396000,10,33377000,9,33397000,8
33382000,1,33383000,1,33381000,3,33384000,6,33380000,8,33385000,4,33379000,6,33386000,4,33378000,5,33387000,6,33377000,6,33388000,7,33376000,9,33389000,8,33375000,7,33390000,10,33374000,10,33391000,11,33373000,7,33392000,13
33384000,3,33386000,2,33383000,4,33387000,5,33382000,4,33388000,5,33381000,6,33389000,6,33380000,13,33390000,9,33379000,8,33391000,9,33378000,20,33392000,12,33377000,8,33393000,11,33376000,8,33394000,10,33375000,7,33395000,8
33382000,3,33385000,6,33381000,5,33386000,5,33380000,14,33387000,4,33379000,6,33388000,7,33378000,16,33389000,9,33377000,5,33390000,9,33376000,8,33391000,11,33375000,7,33392000,13,33374000,41,33393000,11,33373000,11,33394000,10
33384000,1,33385000,4,33383000,5,33386000,3,33382000,3,33387000,5,33381000,6,33388000,7,33380000,13,33389000,8,33379000,9,33390000,9,33378000,20,33391000,13,33377000,6,33392000,12,33376000,9,33393000,11,33375000,7,33394000,10
33386000,4,33388000,1,33385000,5,33389000,5,33384000,5,33390000,6,33383000,5,33391000,10,33382000,4,33392000,12,33381000,8,33393000,11,33380000,16,33394000,10,33379000,11,33395000,9,33378000,21,33396000,10,33377000,8,33397000,8
33388000,3,33391000,6,33387000,4,33392000,8,33386000,4,33393000,9,33385000,7,33394000,11,33384000,6,33395000,11,33383000,6,33396000,11,33382000,8,33397000,8,33381000,9,33398000,15,33380000,17,33399000,10,33379000,8,33400000,17
33391000,2,33394000,6,33390000,3,33395000,9,33389000,5,33396000,11,33388000,4,33397000,9,33387000,6,33398000,13,33386000,6,33399000,10,33385000,9,33400000,12,33384000,11,33401000,12,33383000,8,33402000,11,33382000,7,33403000,9
33391000,2,33392000,1,33390000,3,33394000,4,33389000,5,33395000,7,33388000,5,33396000,11,33387000,7,33397000,9,33386000,9,33398000,13,33385000,9,33399000,9,33384000,11,33400000,12,33383000,7,33401000,12,33382000,7,33402000,11
33388000,5,33390000,1,33387000,6,33391000,4,33386000,4,33392000,7,33385000,5,33393000,7,33384000,8,33394000,7,33383000,8,33395000,11,33382000,7,33396000,14,33381000,9,33397000,10,33380000,15,33398000,14,33379000,8,33399000,9
33389000,2,33391000,3,33388000,4,33392000,6,33387000,6,33393000,7,33386000,4,33394000,6,33385000,5,33395000,11,33384000,10,33396000,14,33383000,8,33397000,10,33382000,7,33398000,14,33381000,9,33399000,9,33380000,15,33400000,12
33393000,1,33394000,1,33392000,4,33395000,6,33391000,5,33396000,11,33390000,2,33397000,6,33389000,5,33398000,13,33388000,6,33399000,9,33387000,7,33400000,11,33386000,10,33401000,12,33385000,7,33402000,11,33384000,11,33403000,9
33396000,1,33397000,1,33395000,3,33398000,8,33394000,4,33399000,6,33393000,4,33400000,21,33392000,6,33401000,10,33391000,7,33402000,12,33390000,14,33403000,9,33389000,13,33404000,12,33388000,12,33405000,7,33387000,11,33406000,13
33398000,1,33399000,1,33397000,4,33400000,15,33396000,4,33401000,8,33395000,4,33402000,8,33394000,7,33403000,11,33393000,13,33404000,12,33392000,6,33405000,8,33391000,7,33406000,10,33390000,14,33407000,7,33389000,16,33408000,10
33402000,3,33404000,1,33401000,5,33405000,4,33400000,7,33406000,5,33399000,5,33407000,8,33398000,5,33408000,9,33397000,7,33409000,9,33396000,6,33410000,11,33395000,9,33411000,8,33394000,11,33412000,9,33393000,13,33413000,7
33401000,5,33403000,1,33400000,6,33404000,5,33399000,4,33405000,5,33398000,4,33406000,5,33397000,7,33407000,7,33396000,6,33408000,10,33395000,9,33409000,10,33394000,10,33410000,11,33393000,15,33411000,8,33392000,8,33412000,9
33398000,2,33400000,2,33397000,4,33401000,4,33396000,3,33402000,5,33395000,7,33403000,6,33394000,10,33404000,7,33393000,13,33405000,8,33392000,9,33406000,9,33391000,7,33407000,8,33390000,15,33408000,13,33389000,14,33409000,9
33398000,4,33401000,3,33397000,3,33402000,5,33396000,6,33403000,5,33395000,6,33404000,9,33394000,10,33405000,8,33393000,15,33406000,10,33392000,9,33407000,7,33391000,9,33408000,12,33390000,15,33409000,9,33389000,8,33410000,11
33398000,4,33401000,3,33397000,3,33402000,5,33396000,6,33403000,5,33395000,6,33404000,9,33394000,10,33405000,8,33393000,15,33406000,10,33392000,9,33407000,7,33391000,9,33408000,12,33390000,15,33409000,9,33389000,8,33410000,11
33402000,1,33404000,2,33401000,4,33405000,5,33400000,5,33406000,4,33399000,6,33407000,7,33398000,7,33408000,13,33397000,7,33409000,9,33396000,9,33410000,11,33395000,11,33411000,8,33394000,12,33412000,11,33393000,16,33413000,7
33404000,1,33406000,3,33403000,6,33407000,5,33402000,5,33408000,8,33401000,6,33409000,8,33400000,7,33410000,11,33399000,10,33411000,9,33398000,9,33412000,12,33397000,9,33413000,7,33396000,9,33414000,11,33395000,10,33415000,6
33401000,2,33403000,2,33400000,5,33404000,5,33399000,8,33405000,4,33398000,7,33406000,6,33397000,6,33407000,7,33396000,12,33408000,11,33395000,12,33409000,11,33394000,12,33410000,11,33393000,16,33411000,9,33392000,10,33412000,11
33403000,3,33404000,23,33402000,11,33406000,5,33401000,11,33407000,4,33400000,8,33408000,5,33399000,15,33409000,6,33398000,10,33410000,7,33397000,10,33411000,8,33396000,14,33412000,10,33395000,11,33413000,7,33394000,13,33414000,11
33399000,2,33400000,1,33398000,5,33401000,2,33397000,9,33402000,4,33396000,14,33403000,4,33395000,10,33404000,21,33394000,11,33405000,5,33393000,16,33406000,11,33392000,10,33407000,9,33391000,7,33408000,9,33390000,16,33409000,9
33400000,1,33402000,1,33399000,4,33403000,5,33398000,6,33404000,19,33397000,7,33405000,4,33396000,13,33406000,10,33395000,10,33407000,9,33394000,16,33408000,8,33393000,16,33409000,9,33392000,11,33410000,10,33391000,7,33411000,8
33399000,4,33400000,1,33398000,10,33401000,25,33397000,9,33403000,3,33396000,13,33404000,4,33395000,10,33405000,7,33394000,15,33406000,8,33393000,15,33407000,9,33392000,8,33408000,10,33391000,5,33409000,8,33390000,9,33410000,11
33397000,3,33398000,1,33396000,10,33399000,3,33395000,9,33400000,4,33394000,12,33401000,23,33393000,16,33402000,4,33392000,8,33403000,10,33391000,5,33404000,9,33390000,9,33405000,8,33389000,8,33406000,11,33388000,7,33407000,8
33398000,1,33400000,1,33397000,4,33401000,23,33396000,7,33402000,3,33395000,10,33403000,9,33394000,13,33404000,8,33393000,19,33405000,9,33392000,9,33406000,12,33391000,6,33407000,8,33390000,9,33408000,10,33389000,8,33409000,9
33397000,4,33399000,1,33396000,8,33400000,4,33395000,9,33401000,21,33394000,12,33402000,3,33393000,19,33403000,9,33392000,9,33404000,8,33391000,6,33405000,10,33390000,9,33406000,11,33389000,8,33407000,8,33388000,7,33408000,10
33401000,4,33404000,4,33400000,3,33405000,6,33399000,7,33406000,6,33398000,9,33407000,8,33397000,8,33408000,10,33396000,9,33409000,9,33395000,9,33410000,12,33394000,10,33411000,8,33393000,13,33412000,12,33392000,14,33413000,8
33401000,4,33404000,2,33400000,3,33405000,7,33399000,7,33406000,6,33398000,10,33407000,8,33397000,8,33408000,10,33396000,9,33409000,9,33395000,9,33410000,12,33394000,10,33411000,8,33393000,13,33412000,12,33392000,14,33413000,8
33402000,3,33405000,4,33401000,6,33406000,7,33400000,7,33407000,6,33399000,8,33408000,8,33398000,13,33409000,7,33397000,9,33410000,11,33396000,9,33411000,9,33395000,8,33412000,11,33394000,9,33413000,8,33393000,13,33414000,10
33399000,4,33404000,7,33398000,12,33405000,5,33397000,9,33406000,7,33396000,9,33407000,6,33395000,8,33408000,8,33394000,9,33409000,7,33393000,13,33410000,11,33392000,14,33411000,9,33391000,6,33412000,11,33390000,11,33413000,8
33401000,1,33403000,6,33397000,3,33404000,7,33396000,8,33405000,7,33395000,7,33406000,7,33394000,9,33407000,6,33393000,13,33408000,10,33392000,14,33409000,8,33391000,6,33410000,12,33390000,11,33411000,9,33389000,7,33412000,11
33397000,3,33398000,1,33396000,6,33401000,1,33395000,8,33402000,9,33394000,8,33403000,11,33393000,12,33404000,9,33392000,14,33405000,8,33391000,6,33406000,10,33390000,8,33407000,8,33389000,8,33408000,13,33388000,7,33409000,8
33394000,2,33396000,3,33393000,8,33397000,4,33392000,12,33398000,5,33391000,7,33399000,5,33390000,10,33400000,6,33389000,6,33401000,9,33388000,7,33402000,11,33387000,41,33403000,17,33386000,12,33404000,14,33385000,8,33405000,10
33398000,15,33399000,4,33396000,3,33400000,7,33395000,2,33401000,8,33394000,2,33402000,11,33393000,4,33403000,17,33392000,11,33404000,15,33391000,9,33405000,12,33390000,13,33406000,13,33389000,11,33407000,10,33388000,14,33408000,11
33401000,1,33402000,2,33400000,1,33403000,8,33399000,2,33404000,11,33398000,16,33405000,10,33397000,3,33406000,11,33396000,5,33407000,10,33395000,5,33408000,12,33394000,6,33409000,8,33393000,6,33410000,13,33392000,13,33411000,8
33401000,3,33403000,2,33400000,1,33404000,6,33399000,3,33405000,10,33398000,16,33406000,9,33397000,5,33407000,10,33396000,8,33408000,11,33395000,7,33409000,8,33394000,6,33410000,13,33393000,6,33411000,8,33392000,13,33412000,15
33402000,1,33403000,2,33401000,1,33404000,4,33400000,3,33405000,10,33399000,5,33406000,9,33398000,19,33407000,10,33397000,5,33408000,11,33396000,9,33409000,8,33395000,7,33410000,13,33394000,6,33411000,8,33393000,6,33412000,15
33401000,3,33403000,4,33400000,3,33404000,3,33399000,5,33405000,7,33398000,21,33406000,8,33397000,5,33407000,9,33396000,8,33408000,10,33395000,7,33409000,9,33394000,5,33410000,14,33393000,7,33411000,8,33392000,13,33412000,12
33397000,1,33400000,3,33396000,3,33401000,9,33395000,4,33402000,7,33394000,6,33403000,8,33393000,7,33404000,6,33392000,14,33405000,11,33391000,8,33406000,15,33390000,12,33407000,9,33389000,12,33408000,12,33388000,13,33409000,8
33397000,1,33399000,2,33396000,3,33400000,5,33395000,4,33401000,9,33394000,6,33402000,7,33393000,6,33403000,9,33392000,13,33404000,7,33391000,9,33405000,10,33390000,12,33406000,15,33389000,12,33407000,9,33388000,13,33408000,12
33397000,1,33399000,2,33396000,3,33400000,4,33395000,4,33401000,8,33394000,6,33402000,7,33393000,8,33403000,9,33392000,14,33404000,5,33391000,9,33405000,9,33390000,12,33406000,14,33389000,12,33407000,9,33388000,13,33408000,12
33395000,4,33398000,2,33394000,5,33399000,5,33393000,10,33400000,5,33392000,11,33401000,7,33391000,7,33402000,8,33390000,13,33403000,11,33389000,12,33404000,8,33388000,13,33405000,8,33387000,14,33406000,13,33386000,12,33407000,9
33395000,2,33397000,1,33394000,5,33398000,5,33393000,8,33399000,5,33392000,12,33400000,5,33391000,7,33401000,9,33390000,12,33402000,9,33389000,11,33403000,12,33388000,13,33404000,8,33387000,13,33405000,8,33386000,12,33406000,13
33395000,1,33397000,3,33394000,3,33398000,6,33393000,4,33399000,5,33392000,14,33400000,5,33391000,7,33401000,9,33390000,13,33402000,9,33389000,12,33403000,13,33388000,13,33404000,8,33387000,13,33405000,8,33386000,12,33406000,13
33397000,5,33398000,1,33396000,6,33399000,3,33395000,3,33400000,4,33394000,1,33401000,7,33393000,8,33402000,10,33392000,9,33403000,10,33391000,11,33404000,9,33390000,17,33405000,9,33389000,13,33406000,14,33388000,13,33407000,10
33400000,5,33401000,2,33399000,1,33402000,4,33398000,3,33403000,7,33397000,14,33404000,5,33396000,9,33405000,9,33395000,7,33406000,13,33394000,10,33407000,11,33393000,8,33408000,12,33392000,10,33409000,8,33391000,10,33410000,14
33403000,1,33405000,5,33402000,4,33406000,9,33401000,3,33407000,10,33400000,6,33408000,9,33399000,7,33409000,9,33398000,7,33410000,16,33397000,11,33411000,7,33396000,8,33412000,12,33395000,10,33413000,7,33394000,9,33414000,10
33404000,3,33406000,1,33403000,3,33407000,6,33402000,7,33408000,9,33401000,5,33409000,7,33400000,12,33410000,13,33399000,12,33411000,8,33398000,11,33412000,13,33397000,15,33413000,7,33396000,7,33414000,10,33395000,9,33415000,6
33407000,3,33409000,4,33406000,8,33410000,12,33405000,4,33411000,6,33404000,5,33412000,10,33403000,10,33413000,7,33402000,15,33414000,11,33401000,11,33415000,7,33400000,14,33416000,13,33399000,9,33417000,11,33398000,9,33418000,13
33410000,4,33412000,2,33409000,5,33413000,2,33408000,6,33414000,7,33407000,4,33415000,7,33406000,10,33416000,10,33405000,7,33417000,11,33404000,9,33418000,10,33403000,13,33419000,6,33402000,17,33420000,19,33401000,12,33421000,7
33412000,6,33414000,1,33411000,3,33415000,7,33410000,4,33416000,8,33409000,8,33417000,10,33408000,7,33418000,9,33407000,5,33419000,7,33406000,12,33420000,19,33405000,7,33421000,7,33404000,9,33422000,9,33403000,12,33423000,11
33415000,6,33417000,3,33414000,5,33418000,5,33413000,4,33419000,6,33412000,9,33420000,18,33411000,4,33421000,6,33410000,6,33422000,9,33409000,11,33423000,11,33408000,9,33424000,10,33407000,7,33425000,12,33406000,11,33426000,12
33415000,5,33416000,1,33414000,7,33417000,7,33413000,5,33418000,6,33412000,5,33419000,5,33411000,5,33420000,9,33410000,8,33421000,6,33409000,9,33422000,10,33408000,9,33423000,8,33407000,7,33424000,12,33406000,7,33425000,13
33417000,2,33418000,2,33416000,6,33419000,2,33415000,7,33420000,5,33414000,7,33421000,5,33413000,7,33422000,6,33412000,3,33423000,8,33411000,7,33424000,10,33410000,5,33425000,12,33409000,8,33426000,12,33408000,8,33427000,6
33417000,5,33419000,4,33416000,4,33420000,4,33415000,8,33421000,6,33414000,8,33422000,5,33413000,6,33423000,7,33412000,7,33424000,8,33411000,6,33425000,12,33410000,7,33426000,12,33409000,9,33427000,6,33408000,8,33428000,10
33414000,1,33416000,5,33413000,5,33417000,7,33412000,6,33418000,5,33411000,5,33419000,6,33410000,6,33420000,6,33409000,6,33421000,8,33408000,8,33422000,9,33407000,6,33423000,10,33406000,7,33424000,10,33405000,9,33425000,12
33412000,6,33415000,3,33411000,8,33416000,6,33410000,7,33417000,9,33409000,6,33418000,7,33408000,9,33419000,7,33407000,6,33420000,9,33406000,5,33421000,10,33405000,8,33422000,9,33404000,7,33423000,10,33403000,7,33424000,10
33412000,5,33415000,2,33411000,5,33416000,5,33410000,7,33417000,8,33409000,6,33418000,5,33408000,10,33419000,7,33407000,7,33420000,7,33406000,7,33421000,9,33405000,7,33422000,8,33404000,6,33423000,10,33403000,6,33424000,10
33409000,3,33411000,2,33408000,8,33412000,5,33407000,7,33413000,6,33406000,6,33414000,5,33405000,8,33415000,5,33404000,6,33416000,6,33403000,7,33417000,9,33402000,11,33418000,9,33401000,7,33419000,8,33400000,12,33420000,10
33410000,4,33413000,3,33409000,5,33414000,5,33408000,7,33415000,5,33407000,6,33416000,5,33406000,6,33417000,10,33405000,10,33418000,6,33404000,6,33419000,7,33403000,6,33420000,12,33402000,11,33421000,10,33401000,7,33422000,9
33415000,7,33417000,2,33414000,7,33418000,6,33413000,5,33419000,5,33412000,5,33420000,11,33411000,6,33421000,7,33410000,4,33422000,9,33409000,6,33423000,10,33408000,9,33424000,10,33407000,8,33425000,12,33406000,9,33426000,12
33418000,3,33420000,3,33417000,4,33421000,6,33416000,3,33422000,5,33415000,24,33423000,7,33414000,6,33424000,9,33413000,5,33425000,11,33412000,9,33426000,11,33411000,7,33427000,6,33410000,7,33428000,10,33409000,10,33429000,7
33421000,2,33423000,2,33420000,3,33424000,3,33419000,4,33425000,10,33418000,4,33426000,9,33417000,5,33427000,6,33416000,3,33428000,6,33415000,25,33429000,7,33414000,10,33430000,14,33413000,5,33431000,8,33412000,9,33432000,11
33423000,2,33426000,5,33422000,5,33427000,3,33421000,4,33428000,5,33420000,3,33429000,9,33419000,6,33430000,15,33418000,5,33431000,9,33417000,8,33432000,11,33416000,7,33433000,9,33415000,5,33434000,9,33414000,12,33435000,15
33421000,3,33423000,1,33420000,5,33424000,3,33419000,4,33425000,6,33418000,6,33426000,5,33417000,5,33427000,5,33416000,5,33428000,5,33415000,4,33429000,7,33414000,12,33430000,15,33413000,6,33431000,8,33412000,10,33432000,11
33422000,1,33424000,1,33421000,3,33425000,8,33420000,3,33426000,5,33419000,4,33427000,8,33418000,8,33428000,6,33417000,14,33429000,7,33416000,8,33430000,14,33415000,4,33431000,8,33414000,12,33432000,12,33413000,6,33433000,9
33421000,1,33422000,2,33420000,2,33423000,4,33419000,5,33424000,5,33418000,8,33425000,7,33417000,14,33426000,6,33416000,8,33427000,5,33415000,4,33428000,7,33414000,12,33429000,8,33413000,6,33430000,14,33412000,10,33431000,8
33422000,1,33424000,2,33421000,3,33425000,7,33420000,7,33426000,6,33419000,5,33427000,6,33418000,6,33428000,7,33417000,13,33429000,7,33416000,8,33430000,13,33415000,4,33431000,8,33414000,12,33432000,12,33413000,6,33433000,9
33420000,1,33422000,4,33419000,2,33423000,5,33418000,6,33424000,5,33417000,15,33425000,8,33416000,9,33426000,6,33415000,4,33427000,7,33414000,12,33428000,9,33413000,6,33429000,8,33412000,10,33430000,13,33411000,8,33431000,8
33421000,4,33424000,3,33420000,4,33425000,6,33419000,9,33426000,6,33418000,8,33427000,6,33417000,14,33428000,8,33416000,3,33429000,7,33415000,4,33430000,13,33414000,12,33431000,8,33413000,6,33432000,12,33412000,10,33433000,9
33421000,3,33422000,1,33420000,4,33423000,3,33419000,5,33424000,6,33418000,4,33425000,8,33417000,14,33426000,5,33416000,4,33427000,5,33415000,4,33428000,9,33414000,12,33429000,7,33413000,6,33430000,13,33412000,10,33431000,8
33418000,3,33420000,2,33417000,11,33421000,4,33416000,3,33422000,5,33415000,4,33423000,6,33414000,9,33424000,6,33413000,5,33425000,11,33412000,10,33426000,7,33411000,7,33427000,7,33410000,8,33428000,9,33409000,10,33429000,8
33420000,3,33422000,1,33419000,4,33423000,4,33418000,4,33424000,5,33417000,12,33425000,9,33416000,3,33426000,7,33415000,4,33427000,7,33414000,12,33428000,8,33413000,6,33429000,7,33412000,11,33430000,13,33411000,7,33431000,8
33423000,3,33425000,2,33422000,5,33426000,5,33421000,6,33427000,6,33420000,6,33428000,8,33419000,6,33429000,7,33418000,5,33430000,13,33417000,15,33431000,9,33416000,5,33432000,11,33415000,4,33433000,9,33414000,12,33434000,10
33427000,3,33429000,1,33426000,3,33430000,6,33425000,3,33431000,7,33424000,3,33432000,10,33423000,5,33433000,6,33422000,5,33434000,9,33421000,8,33435000,18,33420000,6,33436000,12,33419000,8,33437000,5,33418000,13,33438000,10
33430000,3,33432000,1,33429000,3,33433000,8,33428000,7,33434000,8,33427000,8,33435000,16,33426000,7,33436000,10,33425000,9,33437000,6,33424000,8,33438000,10,33423000,6,33439000,6,33422000,8,33440000,15,33421000,9,33441000,6
33433000,4,33435000,14,33432000,5,33436000,6,33431000,5,33437000,5,33430000,11,33438000,10,33429000,10,33439000,10,33428000,11,33440000,17,33427000,12,33441000,6,33426000,11,33442000,9,33425000,12,33443000,7,33424000,9,33444000,8
33430000,6,33432000,1,33429000,5,33433000,3,33428000,10,33434000,6,33427000,10,33435000,13,33426000,10,33436000,8,33425000,11,33437000,7,33424000,9,33438000,12,33423000,7,33439000,10,33422000,10,33440000,19,33421000,11,33441000,6
33429000,1,33431000,2,33428000,7,33432000,4,33427000,12,33433000,6,33426000,10,33434000,7,33425000,12,33435000,15,33424000,7,33436000,12,33423000,7,33437000,8,33422000,10,33438000,13,33421000,11,33439000,11,33420000,12,33440000,14
33426000,2,33428000,3,33425000,9,33429000,3,33424000,8,33430000,7,33423000,11,33431000,6,33422000,9,33432000,7,33421000,10,33433000,8,33420000,10,33434000,10,33419000,8,33435000,16,33418000,15,33436000,16,33417000,20,33437000,7
33430000,7,33432000,3,33429000,1,33433000,6,33428000,6,33434000,6,33427000,10,33435000,14,33426000,10,33436000,13,33425000,12,33437000,9,33424000,14,33438000,12,33423000,12,33439000,9,33422000,14,33440000,14,33421000,13,33441000,6
33433000,5,33435000,10,33432000,4,33436000,7,33431000,3,33437000,6,33430000,6,33438000,11,33429000,7,33439000,9,33428000,10,33440000,14,33427000,12,33441000,6,33426000,13,33442000,9,33425000,12,33443000,8,33424000,15,33444000,8
33433000,2,33435000,3,33432000,5,33436000,7,33431000,4,33437000,6,33430000,9,33438000,10,33429000,9,33439000,9,33428000,10,33440000,16,33427000,10,33441000,7,33426000,13,33442000,9,33425000,11,33443000,8,33424000,15,33444000,8
33433000,1,33434000,5,33432000,2,33435000,6,33431000,2,33436000,7,33430000,5,33437000,7,33429000,6,33438000,11,33428000,14,33439000,10,33427000,10,33440000,15,33426000,15,33441000,7,33425000,11,33442000,9,33424000,16,33443000,7
33431000,3,33432000,1,33430000,5,33433000,4,33429000,3,33434000,7,33428000,12,33435000,6,33427000,10,33436000,8,33426000,16,33437000,8,33425000,10,33438000,12,33424000,16,33439000,10,33423000,11,33440000,17,33422000,13,33441000,7
33428000,1,33430000,2,33427000,3,33431000,3,33426000,8,33432000,5,33425000,9,33433000,3,33424000,11,33434000,9,33423000,12,33435000,8,33422000,13,33436000,10,33421000,12,33437000,9,33420000,12,33438000,13,33419000,8,33439000,10
33425000,3,33427000,5,33424000,5,33428000,7,33423000,9,33429000,7,33422000,8,33430000,5,33421000,11,33431000,8,33420000,11,33432000,7,33419000,8,33433000,7,33418000,9,33434000,12,33417000,19,33435000,8,33416000,9,33436000,11
33424000,3,33426000,3,33423000,3,33427000,4,33422000,5,33428000,7,33421000,8,33429000,7,33420000,12,33430000,10,33419000,9,33431000,12,33418000,9,33432000,9,33417000,19,33433000,8,33416000,9,33434000,10,33415000,5,33435000,10
33419000,4,33422000,2,33418000,8,33423000,2,33417000,17,33424000,4,33416000,8,33425000,8,33415000,6,33426000,5,33414000,13,33427000,9,33413000,6,33428000,12,33412000,10,33429000,9,33411000,8,33430000,10,33410000,9,33431000,13
33425000,3,33427000,2,33424000,5,33428000,2,33423000,3,33429000,7,33422000,4,33430000,6,33421000,11,33431000,11,33420000,11,33432000,12,33419000,9,33433000,8,33418000,12,33434000,10,33417000,20,33435000,10,33416000,10,33436000,30
33425000,3,33427000,2,33424000,5,33428000,2,33423000,3,33429000,7,33422000,4,33430000,6,33421000,11,33431000,11,33420000,11,33432000,12,33419000,9,33433000,8,33418000,12,33434000,10,33417000,20,33435000,10,33416000,10,33436000,30
33430000,1,33432000,4,33429000,3,33433000,8,33428000,6,33434000,9,33427000,7,33435000,9,33426000,9,33436000,32,33425000,12,33437000,9,33424000,10,33438000,12,33423000,6,33439000,8,33422000,9,33440000,18,33421000,7,33441000,6
33429000,2,33431000,1,33428000,5,33432000,3,33427000,9,33433000,4,33426000,12,33434000,7,33425000,11,33435000,9,33424000,7,33436000,29,33423000,7,33437000,9,33422000,8,33438000,13,33421000,7,33439000,10,33420000,16,33440000,19
33426000,5,33428000,2,33425000,14,33429000,2,33424000,10,33430000,4,33423000,5,33431000,5,33422000,7,33432000,7,33421000,6,33433000,8,33420000,14,33434000,10,33419000,9,33435000,11,33418000,9,33436000,32,33417000,19,33437000,9
33428000,2,33430000,1,33427000,4,33431000,5,33426000,7,33432000,6,33425000,11,33433000,9,33424000,11,33434000,9,33423000,6,33435000,11,33422000,10,33436000,32,33421000,7,33437000,8,33420000,13,33438000,12,33419000,9,33439000,8
33427000,1,33428000,2,33426000,5,33429000,7,33425000,10,33430000,6,33424000,7,33431000,3,33423000,6,33432000,3,33422000,8,33433000,6,33421000,7,33434000,8,33420000,13,33435000,12,33419000,9,33436000,32,33418000,9,33437000,9
33427000,3,33430000,5,33426000,5,33431000,3,33425000,9,33432000,5,33424000,5,33433000,6,33423000,6,33434000,9,33422000,7,33435000,9,33421000,10,33436000,32,33420000,14,33437000,8,33419000,9,33438000,12,33418000,9,33439000,8
33429000,1,33431000,3,33428000,3,33432000,3,33427000,5,33433000,6,33426000,5,33434000,10,33425000,10,33435000,9,33424000,6,33436000,32,33423000,8,33437000,8,33422000,10,33438000,12,33421000,10,33439000,8,33420000,13,33440000,18
33422000,4,33424000,1,33421000,7,33425000,2,33420000,13,33426000,5,33419000,7,33427000,5,33418000,8,33428000,6,33417000,19,33429000,7,33416000,10,33430000,7,33415000,6,33431000,9,33414000,14,33432000,9,33413000,7,33433000,12
33425000,1,33427000,4,33424000,5,33428000,9,33423000,5,33429000,10,33422000,5,33430000,9,33421000,6,33431000,8,33420000,13,33432000,9,33419000,7,33433000,11,33418000,10,33434000,11,33417000,19,33435000,9,33416000,10,33436000,32
33423000,2,33424000,1,33422000,3,33425000,1,33421000,5,33426000,4,33420000,12,33427000,3,33419000,7,33428000,9,33418000,9,33429000,10,33417000,18,33430000,8,33416000,10,33431000,10,33415000,6,33432000,10,33414000,14,33433000,11
33425000,3,33428000,7,33424000,4,33429000,11,33423000,7,33430000,6,33422000,3,33431000,7,33421000,6,33432000,9,33420000,14,33433000,11,33419000,8,33434000,11,33418000,10,33435000,10,33417000,18,33436000,32,33416000,10,33437000,8
33428000,1,33430000,6,33427000,3,33431000,14,33426000,4,33432000,10,33425000,7,33433000,9,33424000,6,33434000,9,33423000,9,33435000,13,33422000,7,33436000,32,33421000,9,33437000,8,33420000,16,33438000,12,33419000,10,33439000,8
33432000,2,33434000,2,33431000,5,33435000,10,33430000,6,33436000,28,33429000,8,33437000,6,33428000,7,33438000,12,33427000,11,33439000,8,33426000,10,33440000,16,33425000,12,33441000,7,33424000,11,33442000,9,33423000,13,33443000,7
33428000,4,33430000,1,33427000,8,33431000,4,33426000,6,33432000,3,33425000,9,33433000,4,33424000,9,33434000,6,33423000,13,33435000,15,33422000,9,33436000,30,33421000,8,33437000,13,33420000,15,33438000,14,33419000,9,33439000,8
33431000,1,33433000,4,33430000,11,33434000,4,33429000,6,33435000,13,33428000,6,33436000,30,33427000,9,33437000,12,33426000,10,33438000,10,33425000,11,33439000,9,33424000,11,33440000,16,33423000,11,33441000,7,33422000,9,33442000,9
33430000,11,33432000,2,33429000,6,33433000,3,33428000,6,33434000,8,33427000,8,33435000,14,33426000,9,33436000,29,33425000,10,33437000,10,33424000,10,33438000,14,33423000,11,33439000,10,33422000,9,33440000,17,33421000,8,33441000,7
33427000,1,33428000,2,33426000,5,33429000,1,33425000,8,33430000,3,33424000,7,33431000,6,33423000,8,33432000,7,33422000,10,33433000,10,33421000,8,33434000,13,33420000,15,33435000,21,33419000,9,33436000,36,33418000,9,33437000,12
33424000,5,33425000,1,33423000,7,33426000,4,33422000,8,33428000,2,33421000,10,33429000,3,33420000,14,33430000,7,33419000,8,33431000,8,33418000,9,33432000,7,33417000,19,33433000,11,33416000,10,33434000,13,33415000,5,33435000,15
33419000,2,33421000,2,33418000,5,33422000,5,33417000,17,33423000,5,33416000,9,33424000,3,33415000,5,33425000,9,33414000,12,33426000,9,33413000,6,33427000,7,33412000,10,33428000,8,33411000,8,33429000,7,33410000,9,33430000,10
33418000,2,33420000,1,33417000,15,33421000,5,33416000,8,33422000,5,33415000,7,33423000,7,33414000,13,33424000,8,33413000,6,33425000,10,33412000,11,33426000,12,33411000,7,33427000,7,33410000,9,33428000,9,33409000,8,33429000,7
33415000,1,33417000,4,33414000,6,33418000,6,33413000,6,33419000,2,33412000,7,33420000,8,33411000,9,33421000,8,33410000,8,33422000,13,33409000,8,33423000,12,33408000,19,33424000,11,33407000,10,33425000,10,33406000,10,33426000,13
33411000,5,33414000,3,33410000,5,33415000,3,33409000,7,33416000,6,33408000,16,33417000,8,33407000,9,33418000,12,33406000,10,33419000,9,33405000,12,33420000,10,33404000,7,33421000,10,33403000,8,33422000,13,33402000,11,33423000,14
33409000,4,33412000,3,33408000,16,33413000,6,33407000,8,33414000,6,33406000,7,33415000,3,33405000,11,33416000,9,33404000,6,33417000,10,33403000,8,33418000,15,33402000,11,33419000,8,33401000,7,33420000,9,33400000,7,33421000,10
33412000,1,33413000,1,33411000,3,33414000,3,33410000,4,33415000,7,33409000,6,33416000,11,33408000,9,33417000,12,33407000,9,33418000,16,33406000,11,33419000,8,33405000,11,33420000,10,33404000,10,33421000,10,33403000,8,33422000,14
33408000,6,33410000,3,33407000,6,33411000,4,33406000,8,33412000,5,33405000,11,33413000,6,33404000,6,33414000,8,33403000,7,33415000,6,33402000,11,33416000,10,33401000,6,33417000,14,33400000,7,33418000,18,33399000,8,33419000,11
33410000,1,33413000,4,33409000,5,33414000,5,33408000,6,33415000,2,33407000,9,33416000,14,33406000,10,33417000,14,33405000,10,33418000,17,33404000,10,33419000,10,33403000,8,33420000,17,33402000,11,33421000,10,33401000,6,33422000,14
33416000,1,33417000,2,33415000,2,33418000,9,33414000,3,33419000,4,33413000,4,33420000,17,33412000,4,33421000,9,33411000,8,33422000,11,33410000,5,33423000,13,33409000,7,33424000,11,33408000,10,33425000,12,33407000,11,33426000,14
33414000,1,33416000,3,33413000,3,33417000,5,33412000,5,33418000,9,33411000,7,33419000,4,33410000,6,33420000,18,33409000,6,33421000,9,33408000,10,33422000,11,33407000,10,33423000,13,33406000,11,33424000,11,33405000,10,33425000,12
33416000,4,33418000,7,33415000,4,33419000,5,33414000,7,33420000,17,33413000,5,33421000,9,33412000,6,33422000,11,33411000,6,33423000,13,33410000,7,33424000,11,33409000,7,33425000,12,33408000,9,33426000,14,33407000,10,33427000,6
33412000,1,33413000,3,33411000,3,33414000,5,33410000,2,33415000,5,33409000,5,33416000,3,33408000,7,33417000,5,33407000,11,33418000,5,33406000,10,33419000,7,33405000,10,33420000,15,33404000,9,33421000,12,33403000,8,33422000,10
33410000,2,33412000,1,33409000,5,33413000,4,33408000,7,33414000,4,33407000,9,33415000,3,33406000,8,33416000,5,33405000,11,33417000,7,33404000,10,33418000,7,33403000,8,33419000,7,33402000,11,33420000,15,33401000,6,33421000,10
33413000,2,33415000,1,33412000,3,33416000,3,33411000,3,33417000,5,33410000,3,33418000,5,33409000,6,33419000,6,33408000,7,33420000,17,33407000,8,33421000,10,33406000,10,33422000,10,33405000,11,33423000,13,33404000,9,33424000,13
33412000,1,33414000,2,33411000,3,33415000,4,33410000,3,33416000,6,33409000,5,33417000,8,33408000,7,33418000,6,33407000,7,33419000,6,33406000,10,33420000,17,33405000,10,33421000,10,33404000,9,33422000,11,33403000,10,33423000,13
33415000,1,33416000,1,33414000,6,33417000,2,33413000,3,33418000,5,33412000,4,33419000,4,33411000,4,33420000,16,33410000,5,33421000,9,33409000,7,33422000,11,33408000,11,33423000,13,33407000,9,33424000,11,33406000,9,33425000,12
33414000,2,33416000,1,33413000,4,33417000,5,33412000,4,33418000,5,33411000,4,33419000,4,33410000,5,33420000,16,33409000,6,33421000,9,33408000,10,33422000,11,33407000,8,33423000,13,33406000,9,33424000,11,33405000,10,33425000,10
33416000,3,33418000,1,33415000,4,33419000,4,33414000,8,33420000,6,33413000,7,33421000,4,33412000,8,33422000,7,33411000,7,33423000,10,33410000,7,33424000,13,33409000,8,33425000,11,33408000,10,33426000,17,33407000,9,33427000,6
33417000,3,33420000,3,33416000,4,33421000,4,33415000,6,33422000,7,33414000,7,33423000,11,33413000,7,33424000,11,33412000,7,33425000,11,33411000,7,33426000,16,33410000,11,33427000,6,33409000,10,33428000,9,33408000,9,33429000,9
33416000,1,33417000,1,33415000,5,33418000,2,33414000,7,33419000,2,33413000,7,33420000,2,33412000,6,33421000,5,33411000,7,33422000,7,33410000,10,33423000,12,33409000,10,33424000,11,33408000,10,33425000,11,33407000,9,33426000,16
33414000,1,33415000,1,33413000,3,33416000,3,33412000,6,33417000,6,33411000,6,33418000,5,33410000,7,33419000,6,33409000,9,33420000,5,33408000,10,33421000,6,33407000,9,33422000,9,33406000,9,33423000,13,33405000,11,33424000,11
33410000,5,33413000,3,33409000,7,33414000,4,33408000,8,33415000,3,33407000,8,33416000,2,33406000,8,33417000,8,33405000,11,33418000,8,33404000,9,33419000,7,33403000,10,33420000,6,33402000,12,33421000,8,33401000,6,33422000,8
33408000,6,33410000,2,33407000,7,33411000,3,33406000,6,33412000,5,33405000,10,33413000,4,33404000,9,33414000,6,33403000,10,33415000,5,33402000,12,33416000,5,33401000,6,33417000,7,33400000,13,33418000,11,33399000,7,33419000,7
33408000,1,33410000,2,33407000,3,33411000,5,33406000,5,33412000,6,33405000,9,33413000,6,33404000,6,33414000,9,33403000,8,33415000,5,33402000,10,33416000,6,33401000,6,33417000,7,33400000,13,33418000,10,33399000,7,33419000,7
33407000,2,33408000,1,33406000,4,33409000,4,33405000,9,33410000,3,33404000,5,33411000,4,33403000,9,33412000,6,33402000,12,33413000,6,33401000,6,33414000,9,33400000,13,33415000,7,33399000,7,33416000,10,33398000,7,33417000,10
33404000,4,33406000,1,33403000,6,33407000,3,33402000,11,33408000,5,33401000,6,33409000,5,33400000,12,33410000,5,33399000,6,33411000,7,33398000,7,33412000,10,33397000,7,33413000,9,33396000,6,33414000,10,33395000,6,33415000,7
33406000,1,33407000,2,33404000,4,33408000,3,33403000,5,33409000,6,33402000,9,33410000,3,33401000,5,33411000,5,33400000,13,33412000,8,33399000,9,33413000,9,33398000,6,33414000,9,33397000,6,33415000,7,33396000,6,33416000,9
33406000,1,33408000,4,33405000,1,33409000,5,33404000,4,33410000,3,33403000,4,33411000,4,33402000,9,33412000,5,33401000,6,33413000,8,33400000,13,33414000,9,33399000,8,33415000,7,33398000,7,33416000,9,33397000,6,33417000,11
33400000,6,33401000,2,33399000,3,33402000,3,33398000,5,33403000,5,33397000,4,33404000,6,33396000,8,33405000,5,33395000,6,33406000,7,33394000,7,33407000,8,33393000,6,33408000,10,33392000,8,33409000,9,33391000,9,33410000,8
33398000,3,33401000,3,33397000,6,33402000,83,33396000,7,33403000,5,33395000,5,33404000,6,33394000,7,33405000,6,33393000,6,33406000,8,33392000,8,33407000,8,33391000,9,33408000,11,33390000,8,33409000,10,33389000,9,33410000,8
33399000,2,33401000,3,33398000,5,33402000,83,33397000,4,33403000,8,33396000,5,33404000,6,33395000,6,33405000,6,33394000,5,33406000,9,33393000,9,33407000,8,33392000,9,33408000,11,33391000,9,33409000,10,33390000,8,33410000,8
33401000,2,33402000,38,33400000,4,33403000,4,33399000,5,33404000,5,33398000,4,33405000,4,33397000,5,33406000,8,33396000,8,33407000,8,33395000,8,33408000,10,33394000,8,33409000,10,33393000,8,33410000,8,33392000,9,33411000,8
33397000,1,33399000,1,33396000,3,33400000,5,33395000,7,33401000,10,33394000,7,33402000,44,33393000,6,33403000,9,33392000,7,33404000,6,33391000,9,33405000,5,33390000,8,33406000,10,33389000,10,33407000,8,33388000,9,33408000,11
33398000,1,33400000,68,33397000,7,33402000,38,33396000,3,33403000,4,33395000,6,33404000,4,33394000,10,33405000,4,33393000,8,33406000,8,33392000,9,33407000,7,33391000,8,33408000,11,33390000,9,33409000,10,33389000,11,33410000,9
33395000,3,33397000,1,33394000,4,33398000,7,33393000,6,33399000,5,33392000,8,33400000,74,33391000,10,33401000,5,33390000,10,33402000,41,33389000,10,33403000,7,33388000,9,33404000,9,33387000,9,33405000,6,33386000,12,33406000,11
33392000,1,33393000,1,33391000,6,33394000,3,33390000,6,33395000,3,33389000,6,33396000,3,33388000,12,33397000,6,33387000,10,33398000,8,33386000,12,33399000,9,33385000,6,33400000,77,33384000,10,33401000,9,33383000,5,33402000,44
33394000,8,33395000,1,33392000,5,33396000,5,33391000,4,33397000,4,33390000,5,33398000,7,33389000,7,33399000,8,33388000,9,33400000,80,33387000,12,33401000,9,33386000,14,33402000,43,33385000,6,33403000,9,33384000,10,33404000,7
33399000,1,33400000,70,33398000,3,33401000,3,33397000,3,33402000,40,33396000,3,33403000,7,33395000,4,33404000,6,33394000,4,33405000,8,33393000,5,33406000,10,33392000,8,33407000,7,33391000,8,33408000,13,33390000,7,33409000,10
33390000,7,33391000,7,33389000,11,33394000,1,33388000,10,33396000,6,33387000,11,33397000,5,33386000,13,33398000,7,33385000,6,33399000,7,33384000,12,33400000,4,33383000,5,33401000,7,33382000,8,33402000,8,33381000,11,33403000,10
33388000,2,33390000,2,33387000,7,33391000,5,33386000,12,33392000,9,33385000,6,33393000,6,33384000,10,33394000,3,33383000,5,33395000,5,33382000,8,33396000,6,33381000,9,33397000,10,33380000,9,33398000,9,33379000,6,33399000,8
33389000,1,33391000,3,33388000,3,33392000,9,33387000,7,33393000,6,33386000,12,33394000,3,33385000,6,33395000,5,33384000,10,33396000,6,33383000,5,33397000,10,33382000,9,33398000,9,33381000,9,33399000,8,33380000,9,33400000,8
33392000,3,33395000,4,33391000,4,33396000,2,33390000,4,33397000,8,33389000,5,33398000,10,33388000,6,33399000,9,33387000,9,33400000,7,33386000,14,33401000,8,33385000,8,33402000,41,33384000,13,33403000,10,33383000,5,33404000,10
33393000,5,33395000,2,33392000,3,33396000,4,33391000,3,33397000,8,33390000,4,33398000,9,33389000,5,33399000,11,33388000,6,33400000,8,33387000,10,33401000,8,33386000,15,33402000,40,33385000,8,33403000,9,33384000,12,33404000,9
33399000,3,33401000,1,33398000,4,33402000,37,33397000,2,33403000,7,33396000,5,33404000,5,33395000,5,33405000,8,33394000,8,33406000,10,33393000,6,33407000,8,33392000,9,33408000,14,33391000,7,33409000,9,33390000,7,33410000,9
33400000,3,33402000,1,33399000,6,33403000,4,33398000,4,33404000,5,33397000,2,33405000,6,33396000,4,33406000,8,33395000,6,33407000,7,33394000,9,33408000,12,33393000,7,33409000,9,33392000,9,33410000,9,33391000,7,33411000,8
33402000,3,33404000,1,33401000,6,33405000,5,33400000,4,33406000,6,33399000,6,33407000,6,33398000,6,33408000,10,33397000,4,33409000,7,33396000,4,33410000,9,33395000,6,33411000,8,33394000,10,33412000,15,33393000,9,33413000,8
33402000,3,33404000,1,33401000,6,33405000,5,33400000,4,33406000,6,33399000,6,33407000,6,33398000,6,33408000,10,33397000,4,33409000,7,33396000,4,33410000,9,33395000,6,33411000,8,33394000,10,33412000,15,33393000,9,33413000,8
33401000,1,33402000,1,33400000,4,33403000,5,33399000,6,33404000,7,33398000,4,33405000,5,33397000,1,33406000,9,33396000,5,33407000,8,33395000,8,33408000,14,33394000,10,33409000,9,33393000,8,33410000,9,33392000,8,33411000,8
33404000,2,33406000,2,33403000,7,33407000,6,33402000,7,33408000,8,33401000,8,33409000,7,33400000,3,33410000,8,33399000,7,33411000,8,33398000,6,33412000,14,33397000,5,33413000,8,33396000,6,33414000,11,33395000,9,33415000,8
33398000,1,33400000,4,33397000,1,33401000,3,33396000,4,33402000,3,33395000,7,33403000,6,33394000,8,33404000,7,33393000,7,33405000,9,33392000,8,33406000,11,33391000,7,33407000,9,33390000,7,33408000,13,33389000,8,33409000,9
33397000,2,33399000,2,33396000,4,33400000,3,33395000,7,33401000,4,33394000,9,33402000,3,33393000,6,33403000,6,33392000,8,33404000,7,33391000,8,33405000,8,33390000,7,33406000,12,33389000,8,33407000,9,33388000,7,33408000,14
33398000,3,33400000,1,33397000,4,33401000,3,33396000,3,33402000,3,33395000,3,33403000,9,33394000,5,33404000,7,33393000,9,33405000,8,33392000,7,33406000,13,33391000,8,33407000,9,33390000,7,33408000,14,33389000,8,33409000,9
33403000,1,33404000,1,33402000,3,33405000,2,33401000,4,33406000,7,33400000,3,33407000,11,33399000,5,33408000,10,33398000,5,33409000,10,33397000,7,33410000,9,33396000,7,33411000,9,33395000,6,33412000,14,33394000,8,33413000,8
33405000,1,33407000,2,33404000,5,33408000,12,33403000,5,33409000,8,33402000,4,33410000,8,33401000,5,33411000,8,33400000,4,33412000,17,33399000,7,33413000,10,33398000,7,33414000,11,33397000,7,33415000,8,33396000,8,33416000,10
33404000,3,33406000,2,33403000,4,33407000,5,33402000,4,33408000,12,33401000,6,33409000,8,33400000,4,33410000,8,33399000,5,33411000,8,33398000,7,33412000,17,33397000,7,33413000,10,33396000,8,33414000,11,33395000,6,33415000,8
33401000,2,33402000,1,33400000,2,33403000,3,33399000,5,33404000,4,33398000,5,33405000,4,33397000,7,33406000,6,33396000,7,33407000,9,33395000,5,33408000,11,33394000,5,33409000,12,33393000,7,33410000,11,33392000,7,33411000,11
33397000,4,33400000,2,33396000,5,33401000,5,33395000,2,33402000,6,33394000,5,33403000,3,33393000,7,33404000,5,33392000,7,33405000,4,33391000,7,33406000,10,33390000,7,33407000,9,33389000,8,33408000,13,33388000,9,33409000,12
33398000,3,33400000,1,33397000,4,33401000,4,33396000,5,33402000,4,33395000,3,33403000,3,33394000,5,33404000,7,33393000,7,33405000,4,33392000,6,33406000,11,33391000,7,33407000,10,33390000,7,33408000,13,33389000,8,33409000,12
33397000,2,33399000,1,33396000,5,33400000,3,33395000,2,33401000,6,33394000,4,33402000,4,33393000,8,33403000,4,33392000,4,33404000,8,33391000,6,33405000,4,33390000,7,33406000,11,33389000,8,33407000,9,33388000,8,33408000,13
33398000,4,33400000,1,33397000,4,33401000,7,33396000,4,33402000,8,33395000,1,33403000,6,33394000,5,33404000,4,33393000,9,33405000,5,33392000,5,33406000,11,33391000,6,33407000,10,33390000,7,33408000,14,33389000,8,33409000,13
33396000,3,33397000,1,33395000,3,33398000,5,33394000,4,33399000,2,33393000,7,33400000,3,33392000,4,33401000,4,33391000,5,33402000,6,33390000,7,33403000,11,33389000,8,33404000,7,33388000,8,33405000,6,33387000,12,33406000,10
33398000,1,33400000,4,33397000,5,33401000,6,33396000,4,33402000,6,33395000,3,33403000,12,33394000,4,33404000,9,33393000,7,33405000,6,33392000,6,33406000,10,33391000,5,33407000,9,33390000,7,33408000,14,33389000,8,33409000,13
33402000,1,33403000,2,33401000,3,33404000,5,33400000,3,33405000,5,33399000,4,33406000,6,33398000,6,33407000,8,33397000,5,33408000,11,33396000,7,33409000,12,33395000,5,33410000,11,33394000,6,33411000,11,33393000,9,33412000,16
33400000,1,33402000,4,33399000,4,33403000,4,33398000,6,33404000,5,33397000,5,33405000,7,33396000,6,33406000,10,33395000,3,33407000,10,33394000,6,33408000,11,33393000,8,33409000,11,33392000,7,33410000,11,33391000,7,33411000,11
33401000,2,33403000,4,33400000,5,33404000,5,33399000,4,33405000,7,33398000,4,33406000,11,33397000,5,33407000,11,33396000,5,33408000,12,33395000,3,33409000,11,33394000,6,33410000,11,33393000,8,33411000,11,33392000,7,33412000,16
33405000,1,33406000,2,33404000,5,33407000,2,33403000,5,33408000,12,33402000,6,33409000,12,33401000,5,33410000,10,33400000,5,33411000,10,33399000,6,33412000,16,33398000,6,33413000,10,33397000,7,33414000,11,33396000,6,33415000,8
33399000,1,33400000,4,33398000,4,33401000,1,33397000,4,33402000,5,33396000,4,33403000,5,33395000,3,33404000,4,33394000,7,33405000,6,33393000,9,33406000,9,33392000,7,33407000,5,33391000,7,33408000,12,33390000,17,33409000,9
33396000,1,33397000,2,33395000,3,33398000,5,33394000,4,33399000,3,33393000,7,33400000,4,33392000,5,33401000,6,33391000,5,33402000,4,33390000,9,33403000,8,33389000,8,33404000,10,33388000,8,33405000,9,33387000,12,33406000,13
33393000,4,33394000,1,33392000,3,33395000,3,33391000,3,33396000,4,33390000,9,33397000,4,33389000,7,33398000,5,33388000,8,33399000,3,33387000,11,33400000,5,33386000,14,33401000,7,33385000,7,33402000,6,33384000,12,33403000,10
33396000,1,33398000,3,33395000,3,33399000,3,33394000,5,33400000,5,33393000,4,33401000,7,33392000,6,33402000,6,33391000,4,33403000,8,33390000,8,33404000,6,33389000,9,33405000,6,33388000,8,33406000,7,33387000,10,33407000,6
33392000,2,33394000,3,33391000,3,33395000,3,33390000,7,33396000,2,33389000,7,33397000,3,33388000,6,33398000,5,33387000,10,33399000,5,33386000,14,33400000,7,33385000,7,33401000,8,33384000,12,33402000,7,33383000,6,33403000,9
33392000,3,33394000,2,33391000,3,33395000,3,33390000,5,33396000,2,33389000,7,33397000,4,33388000,6,33398000,5,33387000,10,33399000,6,33386000,13,33400000,7,33385000,7,33401000,9,33384000,12,33402000,7,33383000,6,33403000,9
33395000,1,33397000,4,33394000,2,33398000,4,33393000,5,33399000,5,33392000,6,33400000,4,33391000,4,33401000,6,33390000,6,33402000,7,33389000,9,33403000,9,33388000,8,33404000,7,33387000,11,33405000,6,33386000,14,33406000,7
33391000,5,33393000,3,33390000,4,33394000,2,33389000,6,33395000,4,33388000,6,33396000,5,33387000,11,33397000,5,33386000,12,33398000,7,33385000,7,33399000,6,33384000,12,33400000,7,33383000,6,33401000,9,33382000,7,33402000,7
33388000,2,33390000,2,33387000,8,33391000,3,33386000,11,33392000,4,33385000,7,33393000,6,33384000,9,33394000,4,33383000,5,33395000,7,33382000,8,33396000,8,33381000,8,33397000,8,33380000,9,33398000,12,33379000,6,33399000,8
33385000,2,33387000,3,33384000,7,33388000,5,33383000,7,33389000,5,33382000,6,33390000,6,33381000,9,33391000,7,33380000,8,33392000,9,33379000,6,33393000,7,33378000,8,33394000,8,33377000,6,33395000,9,33376000,11,33396000,10
33388000,1,33389000,3,33387000,4,33390000,5,33386000,3,33391000,6,33385000,5,33392000,8,33384000,5,33393000,7,33383000,4,33394000,8,33382000,7,33395000,10,33381000,8,33396000,11,33380000,11,33397000,9,33379000,5,33398000,14
33385000,2,33387000,3,33384000,5,33388000,8,33383000,4,33389000,4,33382000,6,33390000,7,33381000,10,33391000,6,33380000,10,33392000,9,33379000,5,33393000,7,33378000,8,33394000,8,33377000,6,33395000,10,33376000,9,33396000,11
33382000,2,33383000,1,33381000,5,33384000,7,33380000,7,33385000,6,33379000,4,33386000,4,33378000,7,33387000,3,33377000,6,33388000,12,33376000,9,33389000,7,33375000,7,33390000,8,33374000,12,33391000,8,33373000,7,33392000,10
33384000,1,33385000,2,33383000,4,33386000,2,33382000,3,33387000,5,33381000,4,33388000,9,33380000,4,33389000,7,33379000,2,33390000,10,33378000,5,33391000,10,33377000,9,33392000,12,33376000,8,33393000,10,33375000,5,33394000,10
33387000,1,33388000,5,33386000,1,33389000,5,33385000,4,33390000,8,33384000,3,33391000,7,33383000,4,33392000,10,33382000,3,33393000,8,33381000,5,33394000,9,33380000,6,33395000,10,33379000,5,33396000,12,33378000,6,33397000,8
33389000,3,33391000,1,33388000,4,33392000,9,33387000,4,33393000,8,33386000,6,33394000,6,33385000,4,33395000,9,33384000,5,33396000,11,33383000,5,33397000,9,33382000,7,33398000,14,33381000,6,33399000,10,33380000,7,33400000,12
33391000,2,33393000,2,33390000,5,33394000,2,33389000,4,33395000,6,33388000,5,33396000,8,33387000,5,33397000,9,33386000,8,33398000,12,33385000,5,33399000,10,33384000,7,33400000,10,33383000,5,33401000,8,33382000,7,33402000,8
33395000,2,33397000,4,33394000,4,33398000,5,33393000,5,33399000,9,33392000,7,33400000,9,33391000,5,33401000,7,33390000,4,33402000,8,33389000,6,33403000,9,33388000,5,33404000,9,33387000,7,33405000,6,33386000,10,33406000,9
33398000,1,33400000,3,33397000,5,33401000,6,33396000,4,33402000,7,33395000,6,33403000,8,33394000,5,33404000,12,33393000,4,33405000,6,33392000,5,33406000,8,33391000,6,33407000,7,33390000,6,33408000,13,33389000,9,33409000,7
33398000,3,33400000,2,33397000,4,33401000,5,33396000,3,33402000,6,33395000,5,33403000,6,33394000,5,33404000,10,33393000,5,33405000,9,33392000,7,33406000,8,33391000,6,33407000,6,33390000,9,33408000,13,33389000,9,33409000,7
33400000,4,33402000,2,33399000,5,33403000,4,33398000,5,33404000,4,33397000,3,33405000,3,33396000,4,33406000,7,33395000,6,33407000,7,33394000,11,33408000,12,33393000,8,33409000,8,33392000,10,33410000,13,33391000,7,33411000,9
33398000,3,33401000,2,33397000,3,33402000,7,33396000,3,33403000,7,33395000,7,33404000,7,33394000,8,33405000,7,33393000,6,33406000,10,33392000,9,33407000,9,33391000,7,33408000,13,33390000,10,33409000,7,33389000,9,33410000,13
33402000,3,33404000,1,33401000,3,33405000,3,33400000,6,33406000,3,33399000,6,33407000,8,33398000,4,33408000,11,33397000,5,33409000,10,33396000,5,33410000,15,33395000,7,33411000,9,33394000,11,33412000,16,33393000,8,33413000,10
33402000,3,33404000,10,33401000,4,33405000,2,33400000,5,33406000,4,33399000,6,33407000,4,33398000,5,33408000,7,33397000,7,33409000,11,33396000,6,33410000,22,33395000,8,33411000,11,33394000,12,33412000,16,33393000,7,33413000,10
33394000,6,33395000,2,33393000,2,33396000,3,33392000,7,33397000,5,33391000,8,33398000,4,33390000,9,33399000,5,33389000,6,33400000,7,33388000,11,33401000,9,33387000,8,33402000,7,33386000,9,33403000,10,33385000,6,33404000,17
33398000,1,33399000,7,33397000,3,33400000,7,33396000,3,33401000,9,33395000,4,33402000,7,33394000,4,33403000,9,33393000,5,33404000,16,33392000,6,33405000,9,33391000,8,33406000,11,33390000,11,33407000,6,33389000,8,33408000,17
33394000,1,33395000,1,33393000,3,33396000,3,33392000,6,33397000,4,33391000,6,33398000,4,33390000,10,33399000,6,33389000,7,33400000,6,33388000,10,33401000,11,33387000,9,33402000,11,33386000,9,33403000,11,33385000,6,33404000,17
33391000,1,33392000,2,33390000,7,33394000,4,33389000,5,33395000,4,33388000,8,33396000,6,33387000,7,33397000,6,33386000,8,33398000,6,33385000,6,33399000,9,33384000,9,33400000,8,33383000,6,33401000,12,33382000,8,33402000,13
33388000,3,33390000,2,33387000,5,33391000,6,33386000,5,33392000,3,33385000,5,33393000,8,33384000,8,33394000,5,33383000,5,33395000,9,33382000,8,33396000,8,33381000,7,33397000,8,33380000,8,33398000,9,33379000,6,33399000,12
33385000,3,33387000,3,33384000,7,33388000,8,33383000,3,33389000,4,33382000,6,33390000,2,33381000,7,33391000,6,33380000,8,33392000,5,33379000,6,33393000,8,33378000,8,33394000,6,33377000,8,33395000,9,33376000,9,33396000,9
33386000,3,33388000,1,33385000,6,33389000,4,33384000,4,33390000,2,33383000,3,33391000,7,33382000,7,33392000,5,33381000,8,33393000,6,33380000,8,33394000,4,33379000,6,33395000,6,33378000,8,33396000,10,33377000,8,33397000,8
33385000,1,33387000,3,33384000,1,33388000,4,33383000,3,33389000,5,33382000,5,33390000,8,33381000,9,33391000,4,33380000,6,33392000,4,33379000,6,33393000,8,33378000,8,33394000,7,33377000,8,33395000,7,33376000,9,33396000,10
33382000,1,33384000,1,33381000,8,33385000,3,33380000,4,33386000,5,33379000,5,33387000,4,33378000,8,33388000,3,33377000,7,33389000,6,33376000,9,33390000,9,33375000,7,33391000,5,33374000,9,33392000,7,33373000,5,33393000,8
33379000,3,33382000,4,33378000,6,33383000,3,33377000,5,33384000,4,33376000,7,33385000,5,33375000,6,33386000,6,33374000,8,33387000,4,33373000,5,33388000,5,33372000,8,33389000,7,33371000,5,33390000,11,33370000,14,33391000,6
33381000,1,33383000,3,33380000,4,33384000,4,33379000,3,33385000,4,33378000,7,33386000,6,33377000,6,33387000,4,33376000,9,33388000,6,33375000,8,33389000,7,33374000,11,33390000,11,33373000,5,33391000,6,33372000,8,33392000,8
33384000,4,33386000,1,33383000,3,33387000,3,33382000,4,33388000,4,33381000,7,33389000,8,33380000,5,33390000,9,33379000,6,33391000,5,33378000,8,33392000,8,33377000,9,33393000,9,33376000,11,33394000,7,33375000,10,33395000,7
33383000,2,33385000,1,33382000,4,33386000,3,33381000,7,33387000,4,33380000,5,33388000,6,33379000,8,33389000,5,33378000,9,33390000,8,33377000,9,33391000,4,33376000,10,33392000,6,33375000,10,33393000,9,33374000,10,33394000,7
33383000,3,33386000,4,33382000,3,33387000,4,33381000,7,33388000,6,33380000,6,33389000,5,33379000,8,33390000,9,33378000,8,33391000,5,33377000,9,33392000,8,33376000,10,33393000,9,33375000,10,33394000,6,33374000,10,33395000,7
33386000,2,33388000,2,33385000,6,33389000,3,33384000,5,33390000,10,33383000,6,33391000,3,33382000,3,33392000,5,33381000,9,33393000,7,33380000,8,33394000,5,33379000,10,33395000,7,33378000,9,33396000,10,33377000,9,33397000,8
33386000,2,33388000,2,33385000,6,33389000,3,33384000,5,33390000,10,33383000,6,33391000,3,33382000,3,33392000,5,33381000,9,33393000,7,33380000,8,33394000,5,33379000,10,33395000,7,33378000,9,33396000,10,33377000,9,33397000,8
33389000,5,33392000,4,33388000,4,33393000,7,33387000,6,33394000,6,33386000,6,33395000,6,33385000,8,33396000,8,33384000,7,33397000,7,33383000,7,33398000,10,33382000,7,33399000,8,33381000,11,33400000,7,33380000,9,33401000,9
33391000,2,33393000,3,33390000,11,33394000,4,33389000,4,33395000,6,33388000,6,33396000,7,33387000,4,33397000,10,33386000,6,33398000,9,33385000,8,33399000,8,33384000,8,33400000,7,33383000,6,33401000,9,33382000,7,33402000,9
33390000,9,33392000,4,33389000,2,33393000,6,33388000,8,33394000,4,33387000,8,33395000,6,33386000,6,33396000,5,33385000,10,33397000,8,33384000,9,33398000,10,33383000,7,33399000,10,33382000,5,33400000,7,33381000,8,33401000,9
33386000,1,33387000,1,33385000,4,33388000,3,33384000,9,33389000,4,33383000,5,33390000,6,33382000,4,33391000,7,33381000,7,33392000,9,33380000,8,33393000,11,33379000,7,33394000,7,33378000,8,33395000,9,33377000,8,33396000,10
33383000,1,33384000,1,33382000,4,33385000,4,33381000,7,33386000,3,33380000,4,33387000,5,33379000,5,33388000,5,33378000,8,33389000,7,33377000,9,33390000,7,33376000,9,33391000,8,33375000,8,33392000,6,33374000,8,33393000,12
33379000,1,33381000,3,33378000,4,33382000,5,33377000,5,33383000,5,33376000,6,33384000,4,33375000,8,33385000,6,33374000,6,33386000,5,33373000,5,33387000,7,33372000,8,33388000,9,33371000,5,33389000,8,33370000,14,33390000,8
33381000,5,33382000,4,33380000,2,33383000,6,33379000,5,33384000,5,33378000,3,33385000,8,33377000,6,33386000,5,33376000,6,33387000,8,33375000,9,33388000,9,33374000,7,33389000,9,33373000,5,33390000,10,33372000,8,33391000,9
33378000,2,33379000,5,33377000,5,33381000,2,33376000,5,33382000,6,33375000,8,33383000,8,33374000,5,33384000,5,33373000,5,33385000,8,33372000,8,33386000,7,33371000,5,33387000,9,33370000,14,33388000,8,33369000,15,33389000,9
33380000,3,33382000,4,33379000,4,33383000,6,33378000,6,33384000,5,33377000,6,33385000,8,33376000,4,33386000,5,33375000,7,33387000,9,33374000,6,33388000,8,33373000,6,33389000,9,33372000,8,33390000,10,33371000,5,33391000,9
33379000,5,33381000,1,33378000,5,33382000,2,33377000,7,33383000,5,33376000,6,33384000,6,33375000,8,33385000,3,33374000,7,33386000,5,33373000,9,33387000,7,33372000,8,33388000,8,33371000,5,33389000,8,33370000,14,33390000,9
33376000,1,33377000,2,33375000,4,33378000,5,33374000,4,33379000,4,33373000,8,33380000,8,33372000,7,33381000,7,33371000,4,33382000,6,33370000,14,33383000,13,33369000,14,33384000,8,33368000,7,33385000,5,33367000,6,33386000,10
33373000,6,33376000,4,33372000,3,33377000,4,33371000,2,33378000,5,33370000,13,33379000,4,33369000,10,33380000,8,33368000,7,33381000,8,33367000,6,33382000,8,33366000,7,33383000,14,33365000,3,33384000,9,33364000,11,33385000,5
33372000,1,33373000,2,33371000,3,33374000,3,33370000,11,33375000,9,33369000,8,33376000,6,33368000,4,33377000,6,33367000,3,33378000,6,33366000,7,33379000,5,33365000,3,33380000,8,33364000,9,33381000,10,33363000,5,33382000,8
33372000,1,33374000,5,33371000,7,33375000,8,33370000,6,33376000,5,33369000,4,33377000,8,33368000,5,33378000,7,33367000,4,33379000,7,33366000,5,33380000,8,33365000,3,33381000,11,33364000,7,33382000,10,33363000,4,33383000,16
33372000,3,33377000,6,33371000,7,33378000,5,33370000,5,33379000,6,33369000,6,33380000,4,33368000,6,33381000,10,33367000,7,33382000,10,33366000,6,33383000,14,33365000,3,33384000,11,33364000,8,33385000,6,33363000,4,33386000,10
33378000,1,33380000,2,33377000,4,33381000,5,33376000,4,33382000,7,33375000,5,33383000,10,33374000,6,33384000,11,33373000,11,33385000,8,33372000,10,33386000,9,33371000,10,33387000,9,33370000,10,33388000,9,33369000,9,33389000,9
33378000,4,33381000,4,33377000,4,33382000,7,33376000,4,33383000,10,33375000,5,33384000,11,33374000,6,33385000,8,33373000,11,33386000,9,33372000,10,33387000,9,33371000,10,33388000,9,33370000,10,33389000,9,33369000,9,33390000,9
33376000,4,33378000,1,33375000,2,33379000,3,33374000,6,33380000,5,33373000,9,33381000,4,33372000,7,33382000,6,33371000,7,33383000,9,33370000,8,33384000,8,33369000,10,33385000,7,33368000,10,33386000,11,33367000,7,33387000,6
33377000,4,33380000,3,33376000,4,33381000,3,33375000,4,33382000,8,33374000,3,33383000,9,33373000,10,33384000,9,33372000,8,33385000,7,33371000,8,33386000,12,33370000,8,33387000,7,33369000,9,33388000,10,33368000,10,33389000,7
33376000,4,33379000,3,33375000,4,33380000,6,33374000,3,33381000,3,33373000,10,33382000,8,33372000,8,33383000,9,33371000,8,33384000,9,33370000,8,33385000,7,33369000,9,33386000,12,33368000,10,33387000,7,33367000,7,33388000,10
33376000,1,33378000,2,33375000,4,33379000,6,33374000,2,33380000,6,33373000,10,33381000,5,33372000,6,33382000,8,33371000,8,33383000,10,33370000,7,33384000,10,33369000,9,33385000,7,33368000,10,33386000,13,33367000,7,33387000,7
33374000,1,33375000,1,33373000,7,33376000,2,33372000,6,33377000,5,33371000,6,33378000,8,33370000,7,33379000,4,33369000,7,33380000,8,33368000,10,33381000,7,33367000,7,33382000,9,33366000,7,33383000,11,33365000,3,33384000,10
33374000,3,33377000,4,33373000,6,33378000,9,33372000,6,33379000,6,33371000,6,33380000,9,33370000,7,33381000,7,33369000,9,33382000,9,33368000,10,33383000,11,33367000,7,33384000,10,33366000,7,33385000,7,33365000,3,33386000,13
33380000,1,33381000,1,33379000,5,33382000,5,33378000,3,33383000,7,33377000,5,33384000,7,33376000,5,33385000,8,33375000,7,33386000,13,33374000,4,33387000,9,33373000,8,33388000,10,33372000,11,33389000,7,33371000,8,33390000,8
33378000,2,33380000,1,33377000,5,33381000,3,33376000,5,33382000,3,33375000,8,33383000,4,33374000,4,33384000,3,33373000,5,33385000,7,33372000,10,33386000,10,33371000,8,33387000,11,33370000,10,33388000,11,33369000,10,33389000,9
33375000,2,33378000,3,33374000,3,33379000,5,33373000,3,33380000,7,33372000,6,33381000,6,33371000,8,33382000,5,33370000,9,33383000,6,33369000,9,33384000,6,33368000,11,33385000,6,33367000,7,33386000,11,33366000,8,33387000,11
33375000,2,33378000,2,33374000,4,33379000,6,33373000,3,33380000,7,33372000,5,33381000,6,33371000,8,33382000,6,33370000,8,33383000,7,33369000,9,33384000,6,33368000,11,33385000,7,33367000,7,33386000,12,33366000,8,33387000,11
33374000,3,33376000,2,33373000,6,33377000,1,33372000,5,33378000,5,33371000,6,33379000,4,33370000,8,33380000,8,33369000,8,33381000,7,33368000,11,33382000,6,33367000,7,33383000,5,33366000,8,33384000,5,33365000,3,33385000,5
33370000,5,33371000,2,33369000,3,33373000,3,33368000,9,33374000,2,33367000,4,33375000,5,33366000,7,33376000,2,33365000,3,33377000,4,33364000,10,33378000,4,33363000,4,33379000,5,33362000,9,33380000,9,33361000,9,33381000,7
33371000,2,33373000,3,33370000,3,33374000,3,33369000,4,33375000,5,33368000,9,33376000,2,33367000,4,33377000,4,33366000,7,33378000,4,33365000,3,33379000,5,33364000,10,33380000,10,33363000,4,33381000,8,33362000,9,33382000,6
33371000,4,33374000,3,33370000,4,33375000,6,33369000,5,33376000,4,33368000,10,33377000,5,33367000,4,33378000,6,33366000,7,33379000,5,33365000,4,33380000,7,33364000,9,33381000,8,33363000,4,33382000,6,33362000,9,33383000,6
33371000,2,33374000,3,33370000,4,33375000,6,33369000,5,33376000,4,33368000,10,33377000,5,33367000,4,33378000,6,33366000,7,33379000,5,33365000,4,33380000,7,33364000,9,33381000,8,33363000,4,33382000,6,33362000,9,33383000,6
33377000,1,33379000,3,33376000,2,33380000,4,33375000,3,33381000,6,33374000,3,33382000,6,33373000,6,33383000,5,33372000,4,33384000,6,33371000,6,33385000,5,33370000,5,33386000,11,33369000,10,33387000,9,33368000,11,33388000,14
33378000,2,33380000,3,33377000,3,33381000,5,33376000,3,33382000,5,33375000,3,33383000,5,33374000,3,33384000,5,33373000,6,33385000,5,33372000,6,33386000,11,33371000,5,33387000,9,33370000,5,33388000,14,33369000,10,33389000,12
33382000,1,33383000,1,33381000,4,33384000,6,33379000,5,33385000,5,33378000,4,33386000,12,33377000,4,33387000,8,33376000,6,33388000,11,33375000,4,33389000,11,33374000,7,33390000,10,33373000,7,33391000,6,33372000,8,33392000,8
33384000,3,33386000,3,33383000,3,33387000,4,33382000,3,33388000,7,33381000,5,33389000,10,33380000,2,33390000,10,33379000,5,33391000,8,33378000,6,33392000,8,33377000,7,33393000,10,33376000,8,33394000,10,33375000,5,33395000,10
33383000,4,33386000,2,33382000,3,33387000,5,33381000,7,33388000,4,33380000,3,33389000,9,33379000,5,33390000,10,33378000,6,33391000,7,33377000,7,33392000,10,33376000,7,33393000,9,33375000,5,33394000,9,33374000,9,33395000,9
33378000,2,33379000,1,33377000,3,33380000,3,33376000,3,33381000,3,33375000,4,33382000,4,33374000,5,33383000,4,33373000,6,33384000,5,33372000,8,33385000,7,33371000,5,33386000,7,33370000,6,33387000,8,33369000,12,33388000,6
33374000,3,33375000,2,33373000,5,33377000,2,33372000,5,33378000,5,33371000,6,33379000,5,33370000,5,33380000,5,33369000,9,33381000,9,33368000,11,33382000,5,33367000,7,33383000,7,33366000,7,33384000,8,33365000,3,33385000,7
33376000,2,33378000,3,33375000,5,33379000,6,33374000,4,33380000,6,33373000,4,33381000,10,33372000,5,33382000,5,33371000,6,33383000,5,33370000,5,33384000,8,33369000,10,33385000,6,33368000,11,33386000,10,33367000,7,33387000,9
33372000,4,33374000,2,33371000,3,33375000,3,33370000,4,33376000,5,33369000,8,33377000,5,33368000,9,33378000,5,33367000,6,33379000,5,33366000,6,33380000,8,33365000,3,33381000,7,33364000,9,33382000,7,33363000,5,33383000,9
33376000,2,33378000,3,33375000,5,33379000,4,33374000,4,33380000,6,33373000,3,33381000,7,33372000,5,33382000,5,33371000,5,33383000,6,33370000,6,33384000,9,33369000,10,33385000,6,33368000,11,33386000,10,33367000,8,33387000,8
33376000,2,33378000,3,33375000,5,33379000,4,33374000,4,33380000,6,33373000,3,33381000,7,33372000,5,33382000,5,33371000,5,33383000,6,33370000,6,33384000,9,33369000,10,33385000,6,33368000,11,33386000,10,33367000,8,33387000,8
33373000,2,33375000,1,33372000,7,33376000,3,33371000,3,33377000,7,33370000,4,33378000,7,33369000,8,33379000,4,33368000,12,33380000,11,33367000,8,33381000,5,33366000,6,33382000,8,33365000,3,33383000,5,33364000,10,33384000,7
33376000,2,33378000,1,33375000,3,33379000,4,33374000,4,33380000,9,33373000,4,33381000,4,33372000,9,33382000,8,33371000,4,33383000,5,33370000,5,33384000,6,33369000,9,33385000,5,33368000,11,33386000,8,33367000,8,33387000,10
33374000,2,33376000,2,33373000,3,33377000,2,33372000,8,33378000,5,33371000,3,33379000,5,33370000,4,33380000,5,33369000,9,33381000,5,33368000,12,33382000,8,33367000,8,33383000,6,33366000,6,33384000,6,33365000,3,33385000,7
33369000,1,33371000,2,33368000,7,33372000,4,33367000,7,33373000,3,33366000,4,33374000,5,33365000,7,33375000,4,33364000,8,33376000,4,33363000,4,33377000,4,33362000,8,33378000,6,33361000,9,33379000,8,33360000,8,33380000,9
33374000,1,33375000,1,33373000,4,33376000,2,33372000,3,33377000,2,33371000,5,33378000,8,33370000,22,33379000,9,33369000,7,33380000,8,33368000,7,33381000,10,33367000,8,33382000,8,33366000,6,33383000,7,33365000,7,33384000,9
33372000,1,33374000,1,33371000,5,33375000,3,33370000,22,33376000,4,33369000,7,33377000,2,33368000,7,33378000,9,33367000,7,33379000,9,33366000,6,33380000,8,33365000,7,33381000,10,33364000,8,33382000,8,33363000,4,33383000,7
33369000,1,33370000,1,33368000,4,33371000,8,33367000,5,33372000,5,33366000,6,33373000,3,33365000,7,33374000,5,33364000,10,33375000,3,33363000,4,33376000,5,33362000,8,33377000,4,33361000,9,33378000,5,33360000,7,33379000,9
33367000,1,33369000,3,33366000,2,33370000,2,33365000,5,33371000,6,33364000,5,33372000,7,33363000,4,33373000,4,33362000,9,33374000,7,33361000,9,33375000,4,33360000,8,33376000,9,33359000,7,33377000,5,33358000,12,33378000,8
33363000,3,33366000,3,33362000,5,33367000,4,33361000,7,33368000,4,33360000,7,33369000,4,33359000,6,33370000,3,33358000,12,33371000,7,33357000,5,33372000,8,33356000,7,33373000,6,33355000,7,33374000,9,33354000,6,33375000,5
33366000,1,33367000,2,33364000,2,33368000,3,33363000,3,33369000,5,33362000,4,33370000,3,33361000,8,33371000,8,33360000,7,33372000,9,33359000,7,33373000,6,33358000,9,33374000,8,33357000,6,33375000,6,33356000,7,33376000,12
33365000,3,33368000,3,33364000,4,33369000,4,33363000,4,33370000,2,33362000,5,33371000,7,33361000,9,33372000,9,33360000,7,33373000,5,33359000,7,33374000,9,33358000,10,33375000,6,33357000,6,33376000,11,33356000,7,33377000,5
33366000,3,33368000,1,33365000,4,33369000,4,33364000,4,33370000,7,33363000,5,33371000,5,33362000,6,33372000,8,33361000,11,33373000,6,33360000,6,33374000,7,33359000,7,33375000,5,33358000,10,33376000,11,33357000,5,33377000,5
33369000,2,33370000,4,33368000,2,33371000,4,33367000,4,33372000,9,33366000,4,33373000,4,33365000,3,33374000,8,33364000,7,33375000,5,33363000,5,33376000,10,33362000,9,33377000,5,33361000,10,33378000,9,33360000,7,33379000,7
33369000,2,33371000,1,33368000,2,33372000,7,33367000,4,33373000,3,33366000,4,33374000,8,33365000,4,33375000,5,33364000,8,33376000,8,33363000,5,33377000,5,33362000,9,33378000,9,33361000,10,33379000,7,33360000,7,33380000,10
33362000,2,33364000,1,33361000,7,33365000,4,33360000,2,33366000,12,33359000,7,33367000,2,33358000,9,33368000,6,33357000,7,33369000,10,33356000,6,33370000,8,33355000,7,33371000,5,33354000,6,33372000,9,33353000,9,33373000,7
33361000,5,33364000,4,33360000,3,33365000,4,33359000,4,33366000,12,33358000,9,33367000,2,33357000,4,33368000,7,33356000,7,33369000,10,33355000,7,33370000,10,33354000,6,33371000,6,33353000,9,33372000,10,33352000,9,33373000,7
33364000,3,33366000,10,33363000,4,33367000,3,33362000,3,33368000,6,33361000,5,33369000,10,33360000,3,33370000,8,33359000,7,33371000,5,33358000,8,33372000,10,33357000,7,33373000,7,33356000,9,33374000,11,33355000,7,33375000,6
33360000,1,33362000,4,33359000,4,33363000,2,33358000,7,33364000,4,33357000,5,33365000,5,33356000,8,33366000,3,33355000,7,33367000,4,33354000,6,33368000,6,33353000,9,33369000,11,33352000,9,33370000,9,33351000,18,33371000,6
33356000,3,33358000,3,33355000,5,33359000,5,33354000,5,33360000,4,33353000,9,33361000,6,33352000,8,33362000,6,33351000,15,33363000,4,33350000,22,33364000,7,33349000,12,33365000,5,33348000,8,33366000,5,33347000,5,33367000,5
33353000,4,33355000,4,33352000,4,33356000,4,33351000,13,33357000,4,33350000,21,33358000,6,33349000,10,33359000,4,33348000,9,33360000,6,33347000,5,33361000,8,33346000,10,33362000,9,33345000,7,33363000,4,33344000,9,33364000,8
33354000,3,33356000,1,33353000,4,33357000,4,33352000,5,33358000,5,33351000,14,33359000,4,33350000,19,33360000,8,33349000,12,33361000,7,33348000,6,33362000,10,33347000,6,33363000,6,33346000,10,33364000,8,33345000,6,33365000,6
33356000,2,33358000,1,33355000,3,33359000,4,33354000,5,33360000,4,33353000,6,33361000,6,33352000,6,33362000,10,33351000,16,33363000,4,33350000,21,33364000,6,33349000,11,33365000,6,33348000,7,33366000,7,33347000,6,33367000,6
33359000,3,33362000,6,33358000,5,33363000,3,33357000,6,33364000,6,33356000,4,33365000,5,33355000,4,33366000,8,33354000,8,33367000,6,33353000,7,33368000,9,33352000,10,33369000,13,33351000,15,33370000,11,33350000,22,33371000,5
33359000,4,33362000,4,33358000,3,33363000,4,33357000,5,33364000,3,33356000,4,33365000,5,33355000,7,33366000,5,33354000,11,33367000,10,33353000,8,33368000,11,33352000,11,33369000,13,33351000,15,33370000,12,33350000,22,33371000,6
33359000,2,33361000,1,33358000,4,33362000,6,33357000,6,33363000,5,33356000,4,33364000,3,33355000,5,33365000,5,33354000,9,33366000,5,33353000,7,33367000,7,33352000,10,33368000,11,33351000,15,33369000,12,33350000,22,33370000,12
33359000,2,33362000,4,33358000,5,33363000,5,33357000,5,33364000,3,33356000,5,33365000,3,33355000,5,33366000,5,33354000,12,33367000,8,33353000,9,33368000,11,33352000,10,33369000,12,33351000,15,33370000,12,33350000,22,33371000,5
33361000,7,33362000,4,33359000,4,33363000,5,33358000,5,33364000,4,33357000,5,33365000,3,33356000,4,33366000,6,33355000,3,33367000,8,33354000,5,33368000,10,33353000,10,33369000,11,33352000,8,33370000,12,33351000,15,33371000,5
33359000,1,33361000,4,33358000,2,33362000,4,33357000,5,33363000,5,33356000,3,33364000,3,33355000,4,33365000,3,33354000,9,33366000,16,33353000,9,33367000,7,33352000,9,33368000,10,33351000,15,33369000,10,33350000,23,33370000,10
33356000,1,33357000,9,33355000,3,33358000,1,33354000,4,33359000,5,33353000,6,33360000,4,33352000,8,33361000,6,33351000,14,33362000,7,33350000,23,33363000,7,33349000,14,33364000,7,33348000,7,33365000,3,33347000,6,33366000,18
33357000,3,33359000,1,33356000,5,33360000,5,33355000,4,33361000,5,33354000,5,33362000,7,33353000,8,33363000,8,33352000,6,33364000,8,33351000,16,33365000,3,33350000,23,33366000,19,33349000,14,33367000,7,33348000,7,33368000,10
33356000,1,33358000,2,33355000,5,33359000,5,33354000,4,33360000,6,33353000,9,33361000,6,33352000,8,33362000,8,33351000,17,33363000,8,33350000,23,33364000,8,33349000,14,33365000,5,33348000,7,33366000,19,33347000,6,33367000,8
33353000,2,33355000,4,33352000,3,33356000,5,33351000,13,33357000,5,33350000,21,33358000,6,33349000,12,33359000,6,33348000,10,33360000,8,33347000,6,33361000,7,33346000,7,33362000,11,33345000,8,33363000,9,33344000,8,33364000,9
33353000,6,33356000,3,33352000,4,33357000,6,33351000,12,33358000,5,33350000,21,33359000,7,33349000,13,33360000,9,33348000,8,33361000,8,33347000,7,33362000,10,33346000,7,33363000,9,33345000,8,33364000,9,33344000,8,33365000,6
33357000,3,33360000,4,33356000,5,33361000,8,33355000,3,33362000,7,33354000,5,33363000,8,33353000,7,33364000,7,33352000,8,33365000,9,33351000,17,33366000,21,33350000,24,33367000,8,33349000,13,33368000,11,33348000,12,33369000,12
33363000,1,33364000,1,33362000,3,33365000,7,33361000,4,33366000,6,33360000,3,33367000,7,33359000,6,33368000,9,33358000,9,33369000,13,33357000,7,33370000,16,33356000,9,33371000,4,33355000,9,33372000,10,33354000,9,33373000,8
33360000,2,33362000,4,33359000,4,33363000,5,33358000,4,33364000,8,33357000,4,33365000,6,33356000,9,33366000,7,33355000,9,33367000,9,33354000,9,33368000,10,33353000,9,33369000,13,33352000,7,33370000,16,33351000,15,33371000,4
33360000,3,33361000,1,33359000,3,33362000,2,33358000,5,33363000,3,33357000,4,33364000,6,33356000,8,33365000,6,33355000,10,33366000,9,33354000,10,33367000,8,33353000,9,33368000,11,33352000,7,33369000,12,33351000,15,33370000,15
33360000,3,33362000,4,33359000,3,33363000,7,33358000,8,33364000,8,33357000,4,33365000,6,33356000,8,33366000,8,33355000,10,33367000,8,33354000,10,33368000,10,33353000,9,33369000,12,33352000,7,33370000,15,33351000,15,33371000,4
33360000,3,33363000,4,33359000,3,33364000,6,33358000,9,33365000,6,33357000,4,33366000,7,33356000,9,33367000,8,33355000,12,33368000,10,33354000,10,33369000,12,33353000,9,33370000,15,33352000,7,33371000,4,33351000,15,33372000,10
33359000,1,33361000,4,33358000,8,33362000,7,33357000,3,33363000,7,33356000,6,33364000,7,33355000,9,33365000,7,33354000,11,33366000,9,33353000,9,33367000,8,33352000,7,33368000,11,33351000,15,33369000,13,33350000,20,33370000,15
33358000,4,33361000,5,33357000,3,33362000,7,33356000,5,33363000,7,33355000,6,33364000,7,33354000,9,33365000,8,33353000,11,33366000,10,33352000,7,33367000,7,33351000,15,33368000,11,33350000,20,33369000,12,33349000,13,33370000,15
33358000,3,33360000,3,33357000,3,33361000,4,33356000,5,33362000,7,33355000,6,33363000,8,33354000,9,33364000,7,33353000,11,33365000,9,33352000,7,33366000,10,33351000,15,33367000,8,33350000,20,33368000,11,33349000,13,33369000,12
33359000,3,33361000,10,33358000,4,33362000,6,33357000,2,33363000,7,33356000,5,33364000,6,33355000,9,33365000,9,33354000,10,33366000,10,33353000,9,33367000,7,33352000,7,33368000,11,33351000,15,33369000,12,33350000,19,33370000,15
33355000,6,33358000,3,33354000,5,33359000,6,33353000,7,33360000,4,33352000,5,33361000,7,33351000,15,33362000,11,33350000,22,33363000,9,33349000,13,33364000,9,33348000,11,33365000,11,33347000,6,33366000,12,33346000,12,33367000,8
33355000,3,33357000,3,33354000,5,33358000,6,33353000,6,33359000,6,33352000,4,33360000,4,33351000,15,33361000,8,33350000,22,33362000,12,33349000,13,33363000,9,33348000,11,33364000,9,33347000,6,33365000,11,33346000,12,33366000,12
33352000,3,33354000,1,33351000,12,33355000,4,33350000,16,33356000,6,33349000,11,33357000,9,33348000,11,33358000,8,33347000,8,33359000,9,33346000,8,33360000,9,33345000,8,33361000,8,33344000,8,33362000,13,33343000,5,33363000,10
33349000,3,33350000,1,33348000,2,33351000,4,33347000,4,33352000,5,33346000,6,33353000,8,33345000,7,33354000,10,33344000,8,33355000,6,33343000,5,33356000,9,33342000,6,33357000,9,33341000,7,33358000,12,33340000,30,33359000,8
33347000,1,33349000,3,33346000,4,33350000,5,33345000,7,33351000,5,33344000,7,33352000,5,33343000,8,33353000,10,33342000,5,33354000,10,33341000,7,33355000,8,33340000,26,33356000,10,33339000,6,33357000,10,33338000,8,33358000,11
33346000,4,33348000,10,33345000,7,33349000,7,33344000,4,33350000,7,33343000,5,33351000,7,33342000,4,33352000,11,33341000,9,33353000,11,33340000,27,33354000,11,33339000,6,33355000,9,33338000,8,33356000,10,33337000,7,33357000,12
33352000,2,33353000,7,33351000,2,33354000,8,33350000,5,33355000,4,33349000,5,33356000,6,33348000,5,33357000,12,33347000,12,33358000,13,33346000,10,33359000,7,33345000,9,33360000,12,33344000,9,33361000,8,33343000,5,33362000,14
33346000,4,33348000,1,33345000,7,33349000,9,33344000,5,33350000,4,33343000,5,33351000,4,33342000,5,33352000,4,33341000,9,33353000,9,33340000,26,33354000,12,33339000,6,33355000,10,33338000,8,33356000,10,33337000,7,33357000,9
33345000,6,33347000,1,33344000,5,33348000,5,33343000,4,33349000,7,33342000,7,33350000,8,33341000,9,33351000,6,33340000,26,33352000,6,33339000,6,33353000,8,33338000,8,33354000,11,33337000,7,33355000,11,33336000,7,33356000,9
33347000,2,33348000,6,33346000,4,33349000,7,33345000,5,33350000,7,33344000,4,33351000,6,33343000,8,33352000,8,33342000,7,33353000,9,33341000,8,33354000,11,33340000,28,33355000,9,33339000,7,33356000,10,33338000,8,33357000,9
33350000,1,33351000,1,33349000,3,33352000,2,33348000,6,33353000,6,33347000,6,33354000,4,33346000,4,33355000,6,33345000,7,33356000,6,33344000,9,33357000,7,33343000,11,33358000,11,33342000,7,33359000,5,33341000,8,33360000,12
33353000,1,33354000,3,33351000,6,33355000,4,33350000,3,33356000,4,33349000,5,33357000,8,33348000,4,33358000,11,33347000,5,33359000,5,33346000,6,33360000,11,33345000,7,33361000,6,33344000,11,33362000,6,33343000,9,33363000,7
33354000,3,33357000,6,33353000,4,33358000,10,33352000,5,33359000,6,33351000,6,33360000,12,33350000,4,33361000,5,33349000,8,33362000,6,33348000,7,33363000,8,33347000,7,33364000,8,33346000,7,33365000,8,33345000,7,33366000,12
33352000,2,33354000,2,33351000,5,33355000,5,33350000,4,33356000,6,33349000,7,33357000,2,33348000,5,33358000,12,33347000,7,33359000,7,33346000,7,33360000,11,33345000,7,33361000,8,33344000,9,33362000,6,33343000,8,33363000,8
33351000,1,33352000,1,33350000,4,33353000,4,33349000,5,33354000,4,33348000,4,33355000,4,33347000,6,33356000,5,33346000,7,33357000,3,33345000,6,33358000,12,33344000,9,33359000,7,33343000,8,33360000,12,33342000,6,33361000,8
33352000,2,33354000,3,33351000,4,33355000,6,33350000,5,33356000,8,33349000,4,33357000,7,33348000,5,33358000,11,33347000,8,33359000,7,33346000,8,33360000,14,33345000,6,33361000,8,33344000,10,33362000,6,33343000,8,33363000,7
33345000,4,33347000,1,33344000,4,33348000,4,33343000,7,33349000,5,33342000,6,33350000,5,33341000,7,33351000,5,33340000,29,33352000,6,33339000,6,33353000,9,33338000,8,33354000,9,33337000,7,33355000,8,33336000,7,33356000,12
33341000,2,33342000,1,33340000,23,33343000,3,33339000,3,33344000,3,33338000,7,33345000,5,33337000,5,33346000,4,33336000,9,33347000,9,33335000,7,33348000,6,33334000,8,33349000,7,33333000,7,33350000,7,33332000,7,33351000,8
33339000,1,33341000,2,33338000,5,33342000,6,33337000,6,33343000,3,33336000,6,33344000,4,33335000,6,33345000,7,33334000,9,33346000,8,33333000,6,33347000,8,33332000,8,33348000,9,33331000,4,33349000,8,33330000,16,33350000,8
33338000,3,33341000,4,33337000,5,33342000,5,33336000,6,33343000,3,33335000,6,33344000,4,33334000,7,33345000,7,33333000,8,33346000,8,33332000,8,33347000,8,33331000,4,33348000,9,33330000,16,33349000,8,33329000,8,33350000,8
33339000,5,33342000,4,33338000,4,33343000,3,33337000,6,33344000,3,33336000,6,33345000,7,33335000,7,33346000,8,33334000,10,33347000,8,33333000,6,33348000,9,33332000,8,33349000,7,33331000,4,33350000,9,33330000,16,33351000,9
33339000,5,33342000,4,33338000,4,33343000,3,33337000,6,33344000,3,33336000,6,33345000,7,33335000,7,33346000,8,33334000,10,33347000,8,33333000,6,33348000,9,33332000,8,33349000,7,33331000,4,33350000,9,33330000,16,33351000,9
33334000,1,33336000,3,33333000,2,33337000,2,33332000,5,33338000,3,33331000,4,33339000,4,33330000,15,33340000,5,33329000,9,33341000,11,33328000,6,33342000,9,33327000,5,33343000,7,33326000,8,33344000,9,33325000,6,33345000,9
33334000,3,33336000,3,33333000,3,33337000,2,33332000,4,33338000,4,33331000,2,33339000,5,33330000,15,33340000,5,33329000,10,33341000,10,33328000,6,33342000,9,33327000,5,33343000,7,33326000,8,33344000,10,33325000,6,33345000,9
33338000,4,33341000,3,33337000,4,33342000,5,33336000,22,33343000,6,33335000,2,33344000,6,33334000,4,33345000,9,33333000,9,33346000,11,33332000,9,33347000,7,33331000,4,33348000,11,33330000,16,33349000,7,33329000,9,33350000,10
33343000,5,33346000,4,33342000,4,33347000,8,33341000,3,33348000,10,33340000,6,33349000,9,33339000,6,33350000,12,33338000,6,33351000,9,33337000,6,33352000,11,33336000,23,33353000,11,33335000,6,33354000,11,33334000,7,33355000,8
33341000,4,33343000,10,33340000,6,33344000,1,33339000,8,33345000,4,33338000,4,33346000,4,33337000,8,33347000,6,33336000,23,33348000,9,33335000,5,33349000,10,33334000,7,33350000,12,33333000,8,33351000,12,33332000,8,33352000,11
33345000,1,33347000,2,33344000,5,33348000,8,33343000,6,33349000,12,33342000,4,33350000,10,33341000,4,33351000,11,33340000,9,33352000,12,33339000,8,33353000,11,33338000,7,33354000,11,33337000,8,33355000,8,33336000,23,33356000,13
33348000,2,33350000,2,33347000,5,33351000,4,33346000,4,33352000,10,33345000,6,33353000,12,33344000,5,33354000,11,33343000,9,33355000,9,33342000,7,33356000,14,33341000,6,33357000,10,33340000,9,33358000,14,33339000,8,33359000,9
33352000,4,33354000,1,33351000,5,33355000,6,33350000,3,33356000,9,33349000,4,33357000,10,33348000,7,33358000,15,33347000,9,33359000,8,33346000,7,33360000,14,33345000,8,33361000,8,33344000,8,33362000,6,33343000,6,33363000,7
33355000,3,33357000,1,33354000,6,33358000,12,33353000,4,33359000,7,33352000,3,33360000,11,33351000,7,33361000,8,33350000,7,33362000,7,33349000,7,33363000,7,33348000,9,33364000,8,33347000,8,33365000,7,33346000,6,33366000,10
33354000,1,33355000,1,33353000,2,33356000,4,33352000,5,33357000,3,33351000,5,33358000,9,33350000,5,33359000,11,33349000,8,33360000,12,33348000,9,33361000,8,33347000,7,33362000,9,33346000,7,33363000,9,33345000,8,33364000,8
33350000,3,33352000,1,33349000,4,33353000,3,33348000,6,33354000,3,33347000,5,33355000,6,33346000,6,33356000,4,33345000,8,33357000,5,33344000,7,33358000,11,33343000,7,33359000,10,33342000,7,33360000,13,33341000,7,33361000,7
33347000,2,33350000,4,33346000,4,33351000,4,33345000,5,33352000,5,33344000,4,33353000,3,33343000,7,33354000,5,33342000,8,33355000,9,33341000,6,33356000,7,33340000,9,33357000,8,33339000,7,33358000,12,33338000,10,33359000,8
33343000,4,33346000,3,33342000,4,33347000,3,33341000,3,33348000,5,33340000,7,33349000,6,33339000,5,33350000,5,33338000,11,33351000,8,33337000,7,33352000,8,33336000,26,33353000,7,33335000,5,33354000,5,33334000,11,33355000,10
33340000,2,33343000,3,33339000,4,33344000,4,33338000,5,33345000,6,33337000,8,33346000,4,33336000,26,33347000,5,33335000,6,33348000,6,33334000,8,33349000,8,33333000,8,33350000,15,33332000,10,33351000,9,33331000,6,33352000,10
33340000,2,33343000,2,33339000,4,33344000,5,33338000,4,33345000,5,33337000,7,33346000,4,33336000,25,33347000,5,33335000,5,33348000,6,33334000,8,33349000,8,33333000,8,33350000,15,33332000,10,33351000,10,33331000,4,33352000,10
33340000,3,33343000,5,33339000,4,33344000,5,33338000,4,33345000,4,33337000,8,33346000,4,33336000,26,33347000,5,33335000,6,33348000,5,33334000,8,33349000,8,33333000,8,33350000,15,33332000,10,33351000,10,33331000,4,33352000,10
33344000,2,33345000,1,33343000,2,33346000,3,33342000,4,33347000,4,33341000,4,33348000,6,33340000,5,33349000,8,33339000,5,33350000,7,33338000,7,33351000,10,33337000,6,33352000,10,33336000,25,33353000,9,33335000,5,33354000,8
33342000,1,33344000,3,33341000,2,33345000,5,33340000,5,33346000,2,33339000,5,33347000,6,33338000,5,33348000,6,33337000,8,33349000,8,33336000,25,33350000,6,33335000,5,33351000,10,33334000,8,33352000,11,33333000,7,33353000,9
33344000,2,33345000,2,33343000,4,33346000,1,33342000,3,33347000,4,33341000,3,33348000,5,33340000,8,33349000,9,33339000,5,33350000,7,33338000,6,33351000,10,33337000,7,33352000,10,33336000,25,33353000,9,33335000,5,33354000,8
33346000,1,33348000,3,33345000,4,33349000,5,33344000,4,33350000,5,33343000,4,33351000,7,33342000,5,33352000,8,33341000,5,33353000,8,33340000,9,33354000,8,33339000,5,33355000,12,33338000,7,33356000,10,33337000,7,33357000,9
33345000,4,33346000,1,33344000,2,33347000,3,33343000,2,33348000,3,33342000,5,33349000,3,33341000,8,33350000,5,33340000,8,33351000,9,33339000,5,33352000,8,33338000,8,33353000,10,33337000,7,33354000,8,33336000,24,33355000,12
33342000,1,33343000,1,33341000,3,33344000,4,33340000,6,33345000,5,33339000,5,33346000,4,33338000,5,33347000,6,33337000,7,33348000,3,33336000,24,33349000,4,33335000,5,33350000,7,33334000,8,33351000,11,33333000,8,33352000,9
33339000,3,33341000,3,33338000,4,33342000,4,33337000,5,33343000,3,33336000,22,33344000,2,33335000,5,33345000,5,33334000,8,33346000,5,33333000,8,33347000,7,33332000,9,33348000,4,33331000,4,33349000,5,33330000,17,33350000,8
33336000,21,33339000,3,33335000,2,33340000,5,33334000,6,33341000,5,33333000,6,33342000,7,33332000,9,33343000,5,33331000,6,33344000,5,33330000,17,33345000,6,33329000,9,33346000,9,33328000,7,33347000,7,33327000,5,33348000,8
33345000,1,33347000,2,33344000,4,33348000,4,33343000,2,33349000,5,33342000,5,33350000,6,33341000,6,33351000,9,33340000,10,33352000,10,33339000,8,33353000,9,33338000,10,33354000,8,33337000,9,33355000,12,33336000,8,33356000,10
33342000,5,33344000,1,33341000,3,33345000,4,33340000,7,33346000,5,33339000,7,33347000,6,33338000,10,33348000,5,33337000,7,33349000,6,33336000,8,33350000,7,33335000,6,33351000,11,33334000,8,33352000,12,33333000,10,33353000,9
33348000,1,33349000,2,33347000,2,33350000,5,33346000,4,33351000,7,33345000,5,33352000,7,33344000,3,33353000,9,33343000,6,33354000,9,33342000,7,33355000,12,33341000,6,33356000,11,33340000,7,33357000,9,33339000,8,33358000,12
33345000,4,33348000,4,33344000,2,33349000,3,33343000,4,33350000,4,33342000,7,33351000,7,33341000,5,33352000,7,33340000,9,33353000,9,33339000,8,33354000,9,33338000,10,33355000,12,33337000,10,33356000,11,33336000,9,33357000,9
33342000,5,33345000,4,33341000,4,33346000,4,33340000,4,33347000,5,33339000,8,33348000,4,33338000,7,33349000,4,33337000,10,33350000,5,33336000,9,33351000,10,33335000,7,33352000,11,33334000,9,33353000,9,33333000,10,33354000,10
33342000,2,33344000,2,33341000,4,33345000,6,33340000,4,33346000,3,33339000,7,33347000,6,33338000,6,33348000,5,33337000,9,33349000,4,33336000,8,33350000,6,33335000,7,33351000,10,33334000,9,33352000,11,33333000,10,33353000,9
33342000,2,33344000,2,33341000,4,33345000,6,33340000,4,33346000,3,33339000,7,33347000,6,33338000,6,33348000,5,33337000,9,33349000,4,33336000,8,33350000,6,33335000,7,33351000,10,33334000,9,33352000,11,33333000,10,33353000,9
33345000,1,33347000,4,33344000,4,33348000,3,33343000,5,33349000,7,33342000,6,33350000,6,33341000,5,33351000,6,33340000,7,33352000,9,33339000,8,33353000,8,33338000,9,33354000,10,33337000,10,33355000,13,33336000,9,33356000,11
33342000,2,33344000,1,33341000,3,33345000,6,33340000,5,33346000,5,33339000,8,33347000,6,33338000,7,33348000,3,33337000,9,33349000,6,33336000,9,33350000,6,33335000,7,33351000,9,33334000,9,33352000,10,33333000,10,33353000,8
33338000,3,33340000,6,33337000,5,33341000,1,33336000,6,33342000,3,33335000,5,33343000,3,33334000,6,33344000,3,33333000,10,33345000,6,33332000,10,33346000,7,33331000,6,33347000,5,33330000,16,33348000,12,33329000,9,33349000,13
33338000,5,33341000,4,33337000,4,33342000,2,33336000,5,33343000,4,33335000,4,33344000,4,33334000,8,33345000,6,33333000,10,33346000,9,33332000,10,33347000,6,33331000,6,33348000,11,33330000,16,33349000,13,33329000,9,33350000,13
33336000,1,33338000,3,33335000,3,33339000,5,33334000,6,33340000,3,33333000,8,33341000,5,33332000,9,33342000,2,33331000,7,33343000,5,33330000,16,33344000,5,33329000,9,33345000,6,33328000,6,33346000,9,33327000,5,33347000,6
33338000,5,33339000,5,33337000,3,33340000,3,33336000,5,33341000,4,33335000,4,33342000,2,33334000,3,33343000,3,33333000,7,33344000,4,33332000,10,33345000,6,33331000,7,33346000,9,33330000,14,33347000,6,33329000,9,33348000,12
33336000,7,33339000,3,33335000,5,33340000,8,33334000,3,33341000,4,33333000,7,33342000,5,33332000,12,33343000,3,33331000,5,33344000,3,33330000,14,33345000,8,33329000,9,33346000,9,33328000,6,33347000,6,33327000,5,33348000,12
33335000,2,33337000,1,33334000,4,33338000,4,33333000,4,33339000,5,33332000,6,33340000,10,33331000,5,33341000,6,33330000,19,33342000,5,33329000,8,33343000,4,33328000,6,33344000,4,33327000,5,33345000,8,33326000,7,33346000,10
33330000,10,33331000,1,33329000,4,33332000,4,33328000,4,33333000,4,33327000,6,33334000,3,33326000,8,33335000,4,33325000,6,33336000,10,33324000,5,33337000,9,33323000,5,33338000,10,33322000,8,33339000,6,33321000,7,33340000,14
33334000,4,33336000,3,33333000,8,33337000,9,33332000,2,33338000,7,33331000,2,33339000,4,33330000,4,33340000,12,33329000,6,33341000,7,33328000,9,33342000,7,33327000,6,33343000,6,33326000,9,33344000,6,33325000,7,33345000,8
33339000,1,33340000,6,33338000,6,33341000,2,33337000,4,33342000,6,33336000,5,33343000,5,33335000,3,33344000,8,33334000,2,33345000,9,33333000,4,33346000,11,33332000,7,33347000,7,33331000,6,33348000,14,33330000,7,33349000,13
33336000,1,33337000,1,33335000,4,33338000,3,33334000,1,33339000,5,33333000,4,33340000,3,33332000,4,33341000,4,33331000,6,33342000,5,33330000,9,33343000,6,33329000,9,33344000,8,33328000,9,33345000,9,33327000,8,33346000,13
33334000,1,33335000,2,33333000,3,33336000,7,33332000,3,33337000,8,33331000,5,33338000,4,33330000,9,33339000,9,33329000,6,33340000,9,33328000,9,33341000,6,33327000,8,33342000,5,33326000,9,33343000,6,33325000,6,33344000,8
33335000,5,33338000,2,33334000,2,33339000,10,33333000,6,33340000,6,33332000,3,33341000,7,33331000,6,33342000,7,33330000,5,33343000,8,33329000,7,33344000,10,33328000,8,33345000,10,33327000,8,33346000,13,33326000,10,33347000,7
33343000,1,33344000,3,33342000,3,33345000,9,33341000,3,33346000,10,33340000,4,33347000,8,33339000,4,33348000,15,33338000,9,33349000,15,33337000,8,33350000,12,33336000,11,33351000,13,33335000,8,33352000,13,33334000,6,33353000,13
33341000,2,33343000,3,33340000,4,33344000,5,33339000,4,33345000,8,33338000,6,33346000,7,33337000,8,33347000,8,33336000,13,33348000,14,33335000,8,33349000,14,33334000,6,33350000,11,33333000,11,33351000,13,33332000,6,33352000,13
33338000,3,33339000,5,33337000,5,33340000,3,33336000,7,33341000,3,33335000,6,33342000,4,33334000,3,33343000,5,33333000,9,33344000,6,33332000,8,33345000,10,33331000,8,33346000,11,33330000,7,33347000,9,33329000,9,33348000,16
33340000,1,33341000,1,33339000,3,33342000,4,33338000,3,33343000,4,33337000,5,33344000,6,33336000,6,33345000,10,33335000,7,33346000,11,33334000,6,33347000,9,33333000,10,33348000,16,33332000,7,33349000,14,33331000,8,33350000,10
33342000,6,33345000,8,33341000,5,33346000,7,33340000,2,33347000,9,33339000,5,33348000,10,33338000,7,33349000,14,33337000,6,33350000,10,33336000,8,33351000,13,33335000,8,33352000,13,33334000,6,33353000,11,33333000,10,33354000,10
33343000,1,33344000,1,33342000,6,33345000,6,33341000,6,33346000,7,33340000,2,33347000,9,33339000,4,33348000,9,33338000,9,33349000,14,33337000,6,33350000,10,33336000,8,33351000,13,33335000,8,33352000,13,33334000,6,33353000,11
33345000,4,33347000,1,33344000,3,33348000,12,33343000,4,33349000,6,33342000,6,33350000,9,33341000,4,33351000,10,33340000,7,33352000,13,33339000,4,33353000,9,33338000,10,33354000,10,33337000,7,33355000,9,33336000,9,33356000,8
33348000,6,33350000,1,33347000,5,33351000,9,33346000,4,33352000,7,33345000,4,33353000,9,33344000,4,33354000,9,33343000,7,33355000,8,33342000,9,33356000,8,33341000,7,33357000,8,33340000,7,33358000,11,33339000,8,33359000,10
33348000,1,33350000,5,33347000,5,33351000,8,33346000,3,33352000,8,33345000,5,33353000,9,33344000,3,33354000,8,33343000,5,33355000,10,33342000,8,33356000,8,33341000,8,33357000,8,33340000,7,33358000,11,33339000,8,33359000,10
33348000,3,33350000,2,33347000,5,33351000,8,33346000,3,33352000,8,33345000,5,33353000,9,33344000,3,33354000,8,33343000,7,33355000,10,33342000,8,33356000,8,33341000,7,33357000,8,33340000,6,33358000,11,33339000,8,33359000,10
33347000,1,33348000,3,33346000,4,33349000,4,33345000,3,33350000,4,33344000,3,33351000,5,33343000,5,33352000,7,33342000,10,33353000,7,33341000,7,33354000,10,33340000,7,33355000,12,33339000,8,33356000,9,33338000,8,33357000,8
33344000,1,33345000,1,33343000,3,33346000,5,33342000,6,33347000,6,33341000,3,33348000,4,33340000,4,33349000,5,33339000,6,33350000,8,33338000,8,33351000,7,33337000,10,33352000,11,33336000,10,33353000,8,33335000,8,33354000,10
33345000,2,33347000,3,33344000,3,33348000,4,33343000,5,33349000,5,33342000,6,33350000,6,33341000,4,33351000,6,33340000,9,33352000,9,33339000,6,33353000,8,33338000,7,33354000,10,33337000,9,33355000,11,33336000,10,33356000,9
33348000,2,33350000,2,33347000,3,33351000,3,33346000,5,33352000,7,33345000,8,33353000,7,33344000,5,33354000,10,33343000,5,33355000,10,33342000,7,33356000,9,33341000,5,33357000,8,33340000,9,33358000,12,33339000,6,33359000,9
33350000,8,33353000,8,33349000,3,33354000,8,33348000,5,33355000,9,33347000,4,33356000,8,33346000,6,33357000,8,33345000,8,33358000,12,33344000,9,33359000,9,33343000,5,33360000,17,33342000,8,33361000,7,33341000,7,33362000,9
33352000,7,33354000,1,33351000,6,33355000,7,33350000,8,33356000,10,33349000,4,33357000,9,33348000,5,33358000,11,33347000,6,33359000,9,33346000,8,33360000,17,33345000,8,33361000,7,33344000,9,33362000,9,33343000,6,33363000,7
33352000,2,33353000,2,33351000,5,33354000,2,33350000,8,33355000,6,33349000,3,33356000,6,33348000,5,33357000,9,33347000,6,33358000,10,33346000,7,33359000,9,33345000,9,33360000,17,33344000,9,33361000,7,33343000,6,33362000,9
33353000,3,33355000,5,33352000,4,33356000,7,33351000,3,33357000,8,33350000,8,33358000,10,33349000,5,33359000,8,33348000,7,33360000,16,33347000,8,33361000,7,33346000,8,33362000,9,33345000,9,33363000,8,33344000,10,33364000,7
33357000,3,33359000,4,33356000,5,33360000,14,33355000,4,33361000,6,33354000,4,33362000,8,33353000,5,33363000,7,33352000,6,33364000,7,33351000,5,33365000,7,33350000,9,33366000,8,33349000,6,33367000,9,33348000,6,33368000,9
33360000,4,33362000,4,33359000,4,33363000,7,33358000,7,33364000,6,33357000,4,33365000,7,33356000,3,33366000,7,33355000,6,33367000,8,33354000,4,33368000,9,33353000,5,33369000,13,33352000,7,33370000,14,33351000,5,33371000,7
33359000,3,33360000,1,33358000,5,33361000,2,33357000,3,33362000,4,33356000,4,33363000,8,33355000,4,33364000,6,33354000,6,33365000,7,33353000,5,33366000,7,33352000,7,33367000,8,33351000,6,33368000,9,33350000,9,33369000,13
33359000,2,33361000,3,33358000,5,33362000,6,33357000,7,33363000,7,33356000,6,33364000,5,33355000,5,33365000,7,33354000,6,33366000,10,33353000,7,33367000,9,33352000,8,33368000,9,33351000,6,33369000,13,33350000,9,33370000,14
33362000,2,33364000,2,33361000,4,33365000,6,33360000,5,33366000,6,33359000,6,33367000,9,33358000,7,33368000,9,33357000,15,33369000,13,33356000,7,33370000,14,33355000,7,33371000,5,33354000,8,33372000,7,33353000,6,33373000,9
33364000,2,33366000,3,33363000,5,33367000,5,33362000,3,33368000,5,33361000,6,33369000,10,33360000,5,33370000,11,33359000,9,33371000,4,33358000,9,33372000,7,33357000,15,33373000,9,33356000,8,33374000,11,33355000,8,33375000,7
33363000,3,33365000,2,33362000,2,33366000,5,33361000,7,33367000,4,33360000,6,33368000,5,33359000,10,33369000,8,33358000,9,33370000,11,33357000,17,33371000,4,33356000,9,33372000,7,33355000,8,33373000,10,33354000,10,33374000,11
33366000,3,33368000,2,33365000,4,33369000,4,33364000,5,33370000,9,33363000,6,33371000,3,33362000,2,33372000,6,33361000,10,33373000,9,33360000,8,33374000,10,33359000,9,33375000,8,33358000,10,33376000,12,33357000,17,33377000,6
33364000,2,33366000,3,33363000,8,33367000,4,33362000,2,33368000,3,33361000,8,33369000,6,33360000,7,33370000,12,33359000,10,33371000,4,33358000,10,33372000,8,33357000,17,33373000,9,33356000,10,33374000,10,33355000,8,33375000,7
33361000,1,33362000,2,33360000,4,33363000,3,33359000,7,33364000,4,33358000,7,33365000,5,33357000,13,33366000,6,33356000,10,33367000,3,33355000,7,33368000,5,33354000,11,33369000,10,33353000,7,33370000,14,33352000,9,33371000,5
33358000,1,33360000,2,33357000,12,33361000,5,33356000,6,33362000,4,33355000,5,33363000,4,33354000,9,33364000,7,33353000,7,33365000,6,33352000,9,33366000,7,33351000,7,33367000,5,33350000,9,33368000,7,33349000,9,33369000,10
33355000,3,33358000,4,33354000,7,33359000,5,33353000,6,33360000,4,33352000,8,33361000,6,33351000,7,33362000,6,33350000,11,33363000,5,33349000,9,33364000,7,33348000,8,33365000,6,33347000,8,33366000,9,33346000,12,33367000,5
33358000,2,33360000,2,33357000,4,33361000,4,33356000,4,33362000,4,33355000,6,33363000,2,33354000,4,33364000,6,33353000,8,33365000,6,33352000,5,33366000,9,33351000,8,33367000,5,33350000,12,33368000,8,33349000,9,33369000,12
33358000,1,33360000,2,33357000,4,33361000,4,33356000,7,33362000,5,33355000,6,33363000,3,33354000,6,33364000,8,33353000,8,33365000,6,33352000,6,33366000,7,33351000,7,33367000,5,33350000,12,33368000,8,33349000,9,33369000,10
33354000,2,33356000,5,33353000,4,33357000,4,33352000,2,33358000,5,33351000,6,33359000,2,33350000,12,33360000,6,33349000,9,33361000,6,33348000,11,33362000,4,33347000,8,33363000,4,33346000,10,33364000,8,33345000,11,33365000,6
33356000,2,33358000,1,33355000,7,33359000,2,33354000,5,33360000,6,33353000,7,33361000,5,33352000,5,33362000,5,33351000,8,33363000,3,33350000,11,33364000,9,33349000,9,33365000,7,33348000,10,33366000,9,33347000,7,33367000,5
33355000,4,33358000,4,33354000,5,33359000,4,33353000,6,33360000,5,33352000,6,33361000,6,33351000,7,33362000,4,33350000,15,33363000,3,33349000,9,33364000,7,33348000,11,33365000,6,33347000,8,33366000,8,33346000,10,33367000,5
33355000,4,33358000,2,33354000,4,33359000,6,33353000,6,33360000,4,33352000,5,33361000,7,33351000,7,33362000,5,33350000,15,33363000,3,33349000,8,33364000,7,33348000,10,33365000,8,33347000,7,33366000,9,33346000,9,33367000,5
33350000,4,33352000,1,33349000,5,33353000,4,33348000,8,33354000,4,33347000,8,33355000,7,33346000,9,33356000,4,33345000,10,33357000,5,33344000,10,33358000,7,33343000,5,33359000,5,33342000,10,33360000,7,33341000,7,33361000,7
33354000,1,33355000,2,33353000,5,33356000,4,33352000,6,33357000,5,33351000,5,33358000,6,33350000,6,33359000,5,33349000,5,33360000,7,33348000,10,33361000,7,33347000,10,33362000,6,33346000,11,33363000,5,33345000,11,33364000,10
33356000,3,33358000,2,33355000,5,33359000,5,33354000,8,33360000,5,33353000,9,33361000,5,33352000,6,33362000,4,33351000,8,33363000,4,33350000,8,33364000,10,33349000,9,33365000,9,33348000,10,33366000,9,33347000,9,33367000,5
33353000,5,33355000,2,33352000,6,33356000,4,33351000,5,33357000,4,33350000,7,33358000,6,33349000,6,33359000,6,33348000,13,33360000,5,33347000,10,33361000,7,33346000,12,33362000,6,33345000,12,33363000,5,33344000,13,33364000,10
33351000,1,33352000,14,33350000,5,33354000,2,33349000,8,33355000,6,33348000,11,33356000,4,33347000,9,33357000,5,33346000,12,33358000,5,33345000,12,33359000,5,33344000,11,33360000,6,33343000,6,33361000,6,33342000,10,33362000,6
33351000,1,33353000,2,33350000,4,33354000,3,33349000,6,33355000,5,33348000,8,33356000,5,33347000,7,33357000,6,33346000,13,33358000,8,33345000,11,33359000,7,33344000,11,33360000,7,33343000,6,33361000,8,33342000,10,33362000,7
33354000,4,33356000,1,33353000,4,33357000,5,33352000,4,33358000,7,33351000,6,33359000,5,33350000,7,33360000,5,33349000,9,33361000,6,33348000,10,33362000,6,33347000,9,33363000,6,33346000,12,33364000,9,33345000,13,33365000,9
33357000,1,33359000,3,33356000,4,33360000,5,33355000,6,33361000,5,33354000,7,33362000,5,33353000,9,33363000,7,33352000,7,33364000,8,33351000,8,33365000,9,33350000,9,33366000,9,33349000,11,33367000,5,33348000,11,33368000,9
33359000,2,33360000,1,33358000,5,33362000,3,33357000,5,33363000,5,33356000,5,33364000,6,33355000,5,33365000,10,33354000,10,33366000,9,33353000,10,33367000,5,33352000,11,33368000,9,33351000,8,33369000,12,33350000,9,33370000,10
33363000,1,33365000,6,33362000,3,33366000,4,33361000,8,33367000,3,33360000,11,33368000,9,33359000,5,33369000,10,33358000,9,33370000,10,33357000,8,33371000,5,33356000,7,33372000,9,33355000,8,33373000,6,33354000,11,33374000,10
33360000,6,33362000,1,33359000,4,33363000,4,33358000,6,33364000,5,33357000,6,33365000,3,33356000,6,33366000,8,33355000,8,33367000,11,33354000,12,33368000,7,33353000,10,33369000,10,33352000,12,33370000,10,33351000,10,33371000,5
33360000,6,33362000,1,33359000,4,33363000,4,33358000,6,33364000,5,33357000,6,33365000,3,33356000,6,33366000,8,33355000,8,33367000,11,33354000,12,33368000,7,33353000,10,33369000,10,33352000,12,33370000,10,33351000,10,33371000,5
33360000,7,33362000,6,33359000,2,33363000,4,33358000,5,33364000,4,33357000,5,33365000,6,33356000,5,33366000,6,33355000,8,33367000,12,33354000,12,33368000,7,33353000,10,33369000,10,33352000,12,33370000,11,33351000,10,33371000,5
33362000,1,33363000,2,33361000,4,33364000,4,33360000,11,33365000,4,33359000,3,33366000,6,33358000,6,33367000,10,33357000,8,33368000,8,33356000,5,33369000,10,33355000,7,33370000,10,33354000,10,33371000,5,33353000,9,33372000,8
33363000,2,33364000,1,33362000,4,33365000,2,33361000,6,33366000,4,33360000,3,33367000,5,33359000,6,33368000,5,33358000,8,33369000,11,33357000,9,33370000,10,33356000,7,33371000,5,33355000,7,33372000,7,33354000,11,33373000,6
33360000,1,33361000,1,33359000,4,33362000,2,33358000,5,33363000,3,33357000,6,33364000,3,33356000,4,33365000,4,33355000,6,33366000,5,33354000,12,33367000,7,33353000,9,33368000,7,33352000,13,33369000,11,33351000,10,33370000,10
33362000,3,33363000,1,33361000,6,33365000,3,33360000,4,33366000,4,33359000,4,33367000,7,33358000,6,33368000,5,33357000,10,33369000,11,33356000,6,33370000,10,33355000,7,33371000,5,33354000,11,33372000,8,33353000,9,33373000,6
33363000,5,33365000,1,33362000,3,33366000,4,33361000,6,33367000,6,33360000,4,33368000,5,33359000,5,33369000,9,33358000,8,33370000,9,33357000,10,33371000,5,33356000,7,33372000,8,33355000,8,33373000,6,33354000,11,33374000,11
33363000,5,33365000,1,33362000,3,33366000,4,33361000,6,33367000,6,33360000,4,33368000,5,33359000,5,33369000,9,33358000,8,33370000,9,33357000,10,33371000,5,33356000,7,33372000,8,33355000,8,33373000,6,33354000,11,33374000,11
33367000,2,33369000,1,33366000,5,33370000,7,33365000,9,33371000,2,33364000,7,33372000,6,33363000,8,33373000,7,33362000,9,33374000,9,33361000,11,33375000,8,33360000,10,33376000,11,33359000,7,33377000,6,33358000,9,33378000,15
33369000,4,33371000,1,33368000,7,33372000,2,33367000,5,33373000,5,33366000,5,33374000,6,33365000,10,33375000,6,33364000,10,33376000,9,33363000,9,33377000,7,33362000,10,33378000,14,33361000,11,33379000,11,33360000,12,33380000,14
33372000,3,33373000,2,33371000,4,33374000,1,33370000,6,33375000,4,33369000,4,33376000,7,33368000,6,33377000,7,33367000,6,33378000,15,33366000,5,33379000,11,33365000,10,33380000,13,33364000,12,33381000,6,33363000,9,33382000,8
33374000,2,33376000,3,33373000,4,33377000,4,33372000,3,33378000,13,33371000,4,33379000,11,33370000,6,33380000,13,33369000,5,33381000,6,33368000,7,33382000,8,33367000,10,33383000,5,33366000,7,33384000,8,33365000,11,33385000,6
33374000,5,33376000,2,33373000,4,33377000,3,33372000,3,33378000,12,33371000,5,33379000,11,33370000,7,33380000,12,33369000,5,33381000,6,33368000,8,33382000,8,33367000,10,33383000,5,33366000,7,33384000,8,33365000,11,33385000,6
33374000,5,33376000,2,33373000,4,33377000,3,33372000,3,33378000,12,33371000,5,33379000,11,33370000,7,33380000,12,33369000,5,33381000,6,33368000,8,33382000,8,33367000,10,33383000,5,33366000,7,33384000,8,33365000,11,33385000,6
33376000,1,33377000,5,33375000,3,33378000,3,33374000,7,33379000,5,33373000,6,33380000,6,33372000,5,33381000,3,33371000,7,33382000,4,33370000,8,33383000,7,33369000,8,33384000,3,33368000,9,33385000,6,33367000,11,33386000,10
33377000,9,33380000,5,33376000,2,33381000,8,33375000,4,33382000,5,33374000,9,33383000,6,33373000,8,33384000,6,33372000,7,33385000,6,33371000,8,33386000,10,33370000,11,33387000,7,33369000,9,33388000,8,33368000,9,33389000,7
33381000,1,33383000,4,33380000,3,33384000,3,33379000,4,33385000,6,33378000,5,33386000,8,33377000,11,33387000,6,33376000,4,33388000,7,33375000,5,33389000,7,33374000,13,33390000,8,33373000,9,33391000,6,33372000,8,33392000,10
33384000,5,33386000,3,33383000,9,33387000,2,33382000,6,33388000,3,33381000,6,33389000,5,33380000,7,33390000,8,33379000,6,33391000,6,33378000,7,33392000,10,33377000,12,33393000,7,33376000,7,33394000,7,33375000,6,33395000,9
33383000,3,33386000,6,33382000,6,33387000,5,33381000,6,33388000,5,33380000,8,33389000,7,33379000,7,33390000,7,33378000,10,33391000,6,33377000,5,33392000,9,33376000,6,33393000,7,33375000,7,33394000,7,33374000,13,33395000,8
33381000,2,33384000,4,33380000,5,33385000,6,33379000,3,33386000,11,33378000,9,33387000,7,33377000,6,33388000,5,33376000,6,33389000,7,33375000,8,33390000,8,33374000,13,33391000,7,33373000,9,33392000,9,33372000,9,33393000,7
33383000,2,33385000,4,33382000,6,33386000,2,33381000,5,33387000,6,33380000,7,33388000,6,33379000,7,33389000,7,33378000,9,33390000,6,33377000,8,33391000,6,33376000,8,33392000,9,33375000,9,33393000,7,33374000,13,33394000,7
33380000,3,33381000,1,33379000,3,33382000,2,33378000,8,33383000,3,33377000,6,33384000,3,33376000,6,33385000,8,33375000,8,33386000,5,33374000,13,33387000,7,33373000,9,33388000,7,33372000,9,33389000,7,33371000,9,33390000,9
33381000,2,33384000,2,33380000,4,33385000,4,33379000,3,33386000,4,33378000,6,33387000,6,33377000,6,33388000,6,33376000,6,33389000,8,33375000,8,33390000,10,33374000,15,33391000,6,33373000,9,33392000,9,33372000,9,33393000,7
33380000,3,33381000,2,33379000,5,33382000,1,33378000,5,33383000,3,33377000,5,33384000,5,33376000,6,33385000,6,33375000,8,33386000,4,33374000,15,33387000,7,33373000,9,33388000,6,33372000,9,33389000,7,33371000,9,33390000,10
33374000,3,33377000,3,33373000,6,33378000,4,33372000,5,33379000,5,33371000,7,33380000,4,33370000,9,33381000,5,33369000,8,33382000,8,33368000,9,33383000,5,33367000,10,33384000,7,33366000,9,33385000,8,33365000,9,33386000,8
33379000,2,33381000,2,33378000,5,33382000,6,33377000,5,33383000,4,33376000,5,33384000,5,33375000,5,33385000,5,33374000,7,33386000,7,33373000,9,33387000,8,33372000,28,33388000,6,33371000,8,33389000,7,33370000,10,33390000,10
33378000,4,33381000,2,33377000,5,33382000,3,33376000,6,33383000,5,33375000,7,33384000,4,33374000,6,33385000,5,33373000,7,33386000,7,33372000,29,33387000,7,33371000,9,33388000,6,33370000,9,33389000,7,33369000,10,33390000,10
33373000,1,33375000,2,33372000,24,33376000,1,33371000,5,33377000,5,33370000,9,33378000,5,33369000,10,33379000,6,33368000,9,33380000,7,33367000,10,33381000,5,33366000,9,33382000,5,33365000,9,33383000,6,33364000,14,33384000,6
33375000,2,33377000,2,33374000,3,33378000,4,33373000,4,33379000,6,33372000,27,33380000,7,33371000,5,33381000,5,33370000,7,33382000,5,33369000,10,33383000,6,33368000,12,33384000,7,33367000,9,33385000,6,33366000,11,33386000,9
33379000,1,33380000,3,33378000,4,33381000,2,33377000,4,33382000,2,33376000,4,33383000,6,33375000,6,33384000,6,33374000,3,33385000,6,33373000,5,33386000,9,33372000,27,33387000,8,33371000,7,33388000,6,33370000,9,33389000,8
33380000,3,33383000,3,33379000,3,33384000,4,33378000,5,33385000,7,33377000,5,33386000,6,33376000,4,33387000,9,33375000,8,33388000,6,33374000,6,33389000,7,33373000,7,33390000,10,33372000,29,33391000,6,33371000,8,33392000,9
33380000,3,33382000,2,33379000,3,33383000,3,33378000,4,33384000,4,33377000,7,33385000,6,33376000,5,33386000,6,33375000,5,33387000,7,33374000,8,33388000,7,33373000,8,33389000,7,33372000,31,33390000,10,33371000,8,33391000,6
33377000,4,33380000,2,33376000,4,33381000,4,33375000,3,33382000,4,33374000,4,33383000,4,33373000,8,33384000,5,33372000,30,33385000,8,33371000,8,33386000,8,33370000,9,33387000,8,33369000,11,33388000,6,33368000,13,33389000,7
33379000,3,33380000,1,33378000,10,33381000,2,33377000,5,33382000,4,33376000,6,33383000,3,33375000,6,33384000,6,33374000,6,33385000,8,33373000,7,33386000,8,33372000,31,33387000,8,33371000,7,33388000,6,33370000,9,33389000,7
33381000,2,33384000,3,33380000,5,33385000,7,33379000,4,33386000,5,33378000,10,33387000,10,33377000,4,33388000,5,33376000,7,33389000,7,33375000,7,33390000,10,33374000,10,33391000,6,33373000,7,33392000,10,33372000,31,33393000,7
33385000,10,33388000,2,33384000,6,33389000,4,33383000,5,33390000,8,33382000,6,33391000,5,33381000,8,33392000,10,33380000,9,33393000,8,33379000,11,33394000,9,33378000,10,33395000,9,33377000,8,33396000,7,33376000,8,33397000,7
33385000,9,33387000,5,33384000,6,33388000,2,33383000,6,33389000,4,33382000,6,33390000,4,33381000,8,33391000,5,33380000,9,33392000,9,33379000,11,33393000,8,33378000,10,33394000,8,33377000,8,33395000,9,33376000,9,33396000,7
33381000,1,33382000,1,33380000,7,33383000,2,33379000,6,33385000,3,33378000,9,33386000,4,33377000,7,33387000,4,33376000,7,33388000,6,33375000,9,33389000,7,33374000,10,33390000,7,33373000,7,33391000,6,33372000,32,33392000,10
33378000,3,33380000,1,33377000,5,33381000,4,33376000,6,33382000,4,33375000,7,33383000,2,33374000,6,33384000,5,33373000,7,33385000,5,33372000,32,33386000,6,33371000,8,33387000,5,33370000,10,33388000,8,33369000,11,33389000,7
33374000,2,33376000,1,33373000,5,33377000,3,33372000,29,33378000,5,33371000,6,33379000,6,33370000,10,33380000,5,33369000,9,33381000,4,33368000,11,33382000,6,33367000,10,33383000,4,33366000,11,33384000,4,33365000,9,33385000,5
33374000,1,33375000,2,33373000,5,33376000,2,33372000,26,33377000,4,33371000,4,33378000,6,33370000,7,33379000,7,33369000,8,33380000,8,33368000,9,33381000,7,33367000,9,33382000,6,33366000,11,33383000,5,33365000,9,33384000,6
33376000,1,33379000,3,33375000,3,33380000,4,33374000,4,33381000,5,33373000,16,33382000,4,33372000,25,33383000,5,33371000,4,33384000,6,33370000,8,33385000,5,33369000,12,33386000,8,33368000,10,33387000,5,33367000,10,33388000,10
33376000,1,33378000,1,33375000,6,33379000,5,33374000,4,33380000,3,33373000,16,33381000,5,33372000,27,33382000,4,33371000,5,33383000,3,33370000,10,33384000,6,33369000,11,33385000,5,33368000,10,33386000,8,33367000,10,33387000,6
33375000,1,33377000,2,33374000,3,33378000,4,33373000,9,33379000,5,33372000,24,33380000,3,33371000,5,33381000,7,33370000,6,33382000,4,33369000,10,33383000,12,33368000,10,33384000,6,33367000,10,33385000,5,33366000,11,33386000,8
33378000,2,33382000,1,33377000,5,33383000,8,33376000,7,33384000,4,33375000,9,33385000,4,33374000,6,33386000,9,33373000,10,33387000,5,33372000,26,33388000,9,33371000,6,33389000,8,33370000,7,33390000,13,33369000,11,33391000,6
33379000,1,33381000,2,33378000,6,33382000,4,33377000,7,33383000,9,33376000,6,33384000,3,33375000,9,33385000,4,33374000,6,33386000,8,33373000,13,33387000,5,33372000,28,33388000,8,33371000,6,33389000,7,33370000,8,33390000,11
33376000,3,33378000,2,33375000,7,33379000,2,33374000,5,33380000,2,33373000,12,33381000,7,33372000,26,33382000,4,33371000,5,33383000,10,33370000,8,33384000,4,33369000,11,33385000,4,33368000,11,33386000,9,33367000,10,33387000,5
33378000,1,33379000,2,33377000,4,33380000,2,33376000,4,33381000,6,33375000,6,33382000,4,33374000,6,33383000,10,33373000,11,33384000,6,33372000,25,33385000,4,33371000,4,33386000,8,33370000,8,33387000,5,33369000,10,33388000,9
33381000,1,33382000,2,33380000,4,33383000,8,33379000,5,33384000,2,33378000,5,33385000,4,33377000,4,33386000,7,33376000,7,33387000,5,33375000,7,33388000,8,33374000,7,33389000,6,33373000,13,33390000,11,33372000,28,33391000,5
33382000,5,33385000,3,33381000,6,33386000,3,33380000,7,33387000,5,33379000,7,33388000,9,33378000,8,33389000,5,33377000,9,33390000,10,33376000,8,33391000,6,33375000,9,33392000,11,33374000,9,33393000,8,33373000,14,33394000,9
33382000,3,33384000,4,33381000,7,33385000,1,33380000,6,33386000,4,33379000,7,33387000,5,33378000,8,33388000,6,33377000,8,33389000,7,33376000,8,33390000,12,33375000,9,33391000,6,33374000,9,33392000,10,33373000,14,33393000,8
33379000,3,33381000,3,33378000,8,33382000,2,33377000,7,33383000,5,33376000,5,33384000,2,33375000,8,33385000,3,33374000,6,33386000,6,33373000,13,33387000,6,33372000,32,33388000,7,33371000,6,33389000,8,33370000,9,33390000,13
33382000,1,33384000,4,33381000,4,33385000,2,33380000,5,33386000,5,33379000,5,33387000,4,33378000,8,33388000,6,33377000,8,33389000,7,33376000,9,33390000,11,33375000,8,33391000,6,33374000,9,33392000,10,33373000,13,33393000,8
33379000,1,33381000,3,33378000,8,33383000,3,33377000,7,33384000,3,33376000,5,33385000,5,33375000,8,33386000,7,33374000,7,33387000,5,33373000,13,33388000,6,33372000,32,33389000,8,33371000,6,33390000,11,33370000,9,33391000,7
33378000,4,33380000,1,33377000,5,33381000,2,33376000,2,33382000,2,33375000,8,33383000,3,33374000,6,33384000,4,33373000,13,33385000,4,33372000,32,33386000,9,33371000,6,33387000,7,33370000,8,33388000,7,33369000,11,33389000,8
33378000,4,33380000,1,33377000,5,33381000,2,33376000,2,33382000,2,33375000,8,33383000,3,33374000,6,33384000,4,33373000,13,33385000,4,33372000,32,33386000,9,33371000,6,33387000,7,33370000,8,33388000,7,33369000,11,33389000,8
33386000,1,33388000,3,33385000,2,33389000,4,33384000,5,33390000,9,33383000,4,33391000,7,33382000,7,33392000,7,33381000,4,33393000,8,33380000,6,33394000,9,33379000,10,33395000,11,33378000,8,33396000,8,33377000,11,33397000,7
33385000,6,33387000,2,33384000,3,33388000,2,33383000,5,33389000,2,33382000,3,33390000,8,33381000,5,33391000,4,33380000,6,33392000,9,33379000,10,33393000,8,33378000,9,33394000,8,33377000,11,33395000,11,33376000,8,33396000,7
33388000,2,33389000,1,33387000,4,33390000,6,33386000,4,33391000,3,33385000,6,33392000,6,33384000,2,33393000,7,33383000,9,33394000,9,33382000,7,33395000,11,33381000,6,33396000,7,33380000,6,33397000,7,33379000,10,33398000,10
33385000,5,33387000,21,33384000,3,33388000,4,33383000,10,33389000,2,33382000,6,33390000,3,33381000,6,33391000,2,33380000,6,33392000,6,33379000,11,33393000,9,33378000,9,33394000,9,33377000,11,33395000,10,33376000,9,33396000,8
33381000,2,33383000,1,33380000,6,33384000,3,33379000,8,33385000,3,33378000,9,33386000,4,33377000,9,33387000,22,33376000,8,33388000,6,33375000,10,33389000,3,33374000,10,33390000,6,33373000,8,33391000,4,33372000,32,33392000,7
33381000,3,33384000,4,33380000,5,33385000,3,33379000,8,33386000,4,33378000,9,33387000,23,33377000,9,33388000,6,33376000,7,33389000,4,33375000,9,33390000,6,33374000,10,33391000,5,33373000,8,33392000,7,33372000,12,33393000,9
33378000,4,33381000,2,33377000,9,33382000,1,33376000,8,33383000,4,33375000,9,33384000,4,33374000,7,33385000,5,33373000,8,33386000,5,33372000,12,33387000,24,33371000,7,33388000,8,33370000,8,33389000,5,33369000,13,33390000,8
33379000,1,33381000,1,33378000,7,33382000,2,33377000,8,33383000,5,33376000,6,33384000,3,33375000,9,33385000,5,33374000,8,33386000,5,33373000,8,33387000,4,33372000,32,33388000,8,33371000,7,33389000,5,33370000,8,33390000,8
33379000,4,33381000,1,33378000,8,33383000,3,33377000,7,33384000,5,33376000,6,33385000,3,33375000,9,33386000,6,33374000,8,33387000,3,33373000,7,33388000,9,33372000,32,33389000,5,33371000,7,33390000,8,33370000,8,33391000,6
33379000,4,33381000,1,33378000,8,33383000,3,33377000,7,33384000,5,33376000,6,33385000,3,33375000,9,33386000,6,33374000,8,33387000,3,33373000,7,33388000,9,33372000,32,33389000,5,33371000,7,33390000,8,33370000,8,33391000,6
33372000,26,33373000,70,33371000,6,33378000,1,33370000,8,33379000,2,33369000,9,33380000,7,33368000,10,33381000,10,33367000,9,33382000,1,33366000,11,33383000,4,33365000,9,33384000,6,33364000,13,33385000,5,33363000,11,33386000,6
33367000,3,33369000,2,33366000,6,33370000,3,33365000,8,33371000,9,33364000,10,33372000,4,33363000,9,33373000,70,33362000,13,33374000,1,33361000,10,33375000,4,33360000,18,33376000,5,33359000,6,33377000,4,33358000,11,33378000,5
33366000,3,33368000,2,33365000,5,33369000,4,33364000,8,33370000,5,33363000,7,33371000,6,33362000,12,33372000,4,33361000,12,33373000,3,33360000,19,33374000,7,33359000,7,33375000,5,33358000,11,33376000,7,33357000,13,33377000,4
33369000,3,33371000,5,33368000,5,33372000,3,33367000,4,33373000,2,33366000,4,33374000,5,33365000,7,33375000,5,33364000,9,33376000,6,33363000,9,33377000,5,33362000,15,33378000,8,33361000,10,33379000,6,33360000,21,33380000,10
33366000,1,33368000,4,33365000,6,33369000,4,33364000,6,33370000,1,33363000,9,33371000,9,33362000,12,33372000,6,33361000,11,33373000,3,33360000,21,33374000,5,33359000,7,33375000,5,33358000,9,33376000,7,33357000,11,33377000,5
33368000,3,33369000,1,33367000,4,33370000,1,33366000,5,33371000,3,33365000,9,33372000,6,33364000,8,33373000,2,33363000,12,33374000,5,33362000,14,33375000,6,33361000,9,33376000,8,33360000,20,33377000,5,33359000,7,33378000,8
33370000,3,33372000,2,33369000,7,33373000,2,33368000,6,33374000,4,33367000,4,33375000,4,33366000,6,33376000,6,33365000,9,33377000,3,33364000,8,33378000,8,33363000,12,33379000,6,33362000,15,33380000,10,33361000,9,33381000,12
33369000,1,33370000,3,33367000,3,33371000,3,33366000,4,33372000,4,33365000,7,33373000,6,33364000,9,33374000,5,33363000,8,33375000,5,33362000,15,33376000,7,33361000,9,33377000,4,33360000,21,33378000,8,33359000,7,33379000,6
33366000,1,33368000,2,33365000,7,33369000,4,33364000,8,33370000,3,33363000,7,33371000,4,33362000,11,33372000,4,33361000,11,33373000,5,33360000,21,33374000,6,33359000,7,33375000,6,33358000,9,33376000,9,33357000,13,33377000,5
33373000,65,33375000,7,33369000,1,33376000,8,33368000,2,33377000,5,33367000,7,33378000,8,33366000,7,33379000,6,33365000,7,33380000,10,33364000,8,33381000,12,33363000,7,33382000,5,33362000,11,33383000,9,33361000,11,33384000,10
33372000,3,33375000,2,33371000,3,33376000,4,33370000,4,33377000,4,33369000,7,33378000,6,33368000,5,33379000,6,33367000,9,33380000,7,33366000,10,33381000,9,33365000,8,33382000,7,33364000,13,33383000,7,33363000,9,33384000,11
33375000,2,33377000,1,33374000,6,33378000,5,33373000,4,33379000,6,33372000,4,33380000,7,33371000,6,33381000,10,33370000,6,33382000,6,33369000,10,33383000,7,33368000,7,33384000,11,33367000,8,33385000,6,33366000,12,33386000,8
33376000,2,33378000,1,33375000,4,33379000,5,33374000,4,33380000,7,33373000,4,33381000,9,33372000,7,33382000,6,33371000,8,33383000,7,33370000,8,33384000,11,33369000,8,33385000,6,33368000,7,33386000,8,33367000,8,33387000,4
33381000,1,33383000,3,33380000,3,33384000,8,33379000,5,33385000,7,33378000,5,33386000,7,33377000,5,33387000,6,33376000,6,33388000,9,33375000,4,33389000,5,33374000,8,33390000,8,33373000,6,33391000,5,33372000,12,33392000,8
33382000,3,33384000,1,33381000,5,33385000,3,33380000,7,33386000,8,33379000,6,33387000,6,33378000,6,33388000,10,33377000,7,33389000,6,33376000,7,33390000,8,33375000,4,33391000,5,33374000,9,33392000,8,33373000,6,33393000,8
33380000,3,33382000,3,33379000,4,33383000,4,33378000,7,33384000,6,33377000,7,33385000,4,33376000,7,33386000,10,33375000,4,33387000,6,33374000,9,33388000,11,33373000,6,33389000,7,33372000,12,33390000,9,33371000,8,33391000,5
33383000,4,33386000,5,33382000,5,33387000,5,33381000,5,33388000,9,33380000,3,33389000,7,33379000,5,33390000,8,33378000,8,33391000,5,33377000,10,33392000,8,33376000,11,33393000,8,33375000,6,33394000,8,33374000,11,33395000,10
33387000,1,33388000,1,33386000,3,33389000,2,33385000,5,33390000,8,33384000,9,33391000,7,33383000,3,33392000,8,33382000,5,33393000,10,33381000,5,33394000,8,33380000,7,33395000,9,33379000,9,33396000,8,33378000,9,33397000,7
33384000,5,33387000,3,33383000,4,33388000,6,33382000,5,33389000,5,33381000,4,33390000,61,33380000,4,33391000,8,33379000,7,33392000,10,33378000,9,33393000,11,33377000,11,33394000,8,33376000,12,33395000,9,33375000,9,33396000,8
33388000,1,33389000,2,33387000,3,33390000,56,33386000,5,33391000,6,33385000,7,33392000,7,33384000,9,33393000,12,33383000,7,33394000,11,33382000,11,33395000,9,33381000,9,33396000,8,33380000,18,33397000,9,33379000,8,33398000,9
33388000,2,33390000,55,33387000,3,33391000,4,33386000,4,33392000,6,33385000,7,33393000,9,33384000,6,33394000,10,33383000,7,33395000,10,33382000,9,33396000,8,33381000,9,33397000,9,33380000,18,33398000,9,33379000,8,33399000,10
33388000,2,33390000,55,33387000,3,33391000,4,33386000,4,33392000,6,33385000,7,33393000,9,33384000,6,33394000,10,33383000,7,33395000,10,33382000,9,33396000,8,33381000,9,33397000,9,33380000,18,33398000,9,33379000,8,33399000,10
33385000,3,33388000,3,33384000,4,33389000,7,33383000,7,33390000,10,33382000,8,33391000,7,33381000,6,33392000,10,33380000,17,33393000,12,33379000,8,33394000,11,33378000,8,33395000,10,33377000,10,33396000,9,33376000,11,33397000,8
33387000,3,33388000,1,33386000,4,33389000,4,33385000,8,33390000,8,33384000,4,33391000,5,33383000,6,33392000,9,33382000,4,33393000,12,33381000,8,33394000,11,33380000,20,33395000,10,33379000,11,33396000,9,33378000,8,33397000,8
33385000,2,33386000,2,33384000,5,33387000,3,33383000,4,33388000,3,33382000,4,33389000,7,33381000,8,33390000,8,33380000,19,33391000,5,33379000,11,33392000,9,33378000,8,33393000,13,33377000,10,33394000,12,33376000,12,33395000,10
33382000,3,33383000,1,33381000,4,33384000,3,33380000,15,33385000,3,33379000,8,33386000,4,33378000,7,33387000,6,33377000,10,33388000,5,33376000,12,33389000,12,33375000,11,33390000,13,33374000,11,33391000,8,33373000,8,33392000,10
33383000,4,33385000,1,33382000,5,33386000,4,33381000,4,33387000,5,33380000,15,33388000,4,33379000,8,33389000,10,33378000,10,33390000,10,33377000,13,33391000,7,33376000,13,33392000,10,33375000,11,33393000,11,33374000,11,33394000,11
33389000,1,33390000,3,33388000,3,33391000,2,33387000,5,33392000,7,33386000,4,33393000,9,33385000,4,33394000,10,33384000,6,33395000,11,33383000,7,33396000,8,33382000,7,33397000,8,33381000,7,33398000,9,33380000,18,33399000,11
33392000,3,33393000,1,33391000,5,33394000,6,33390000,4,33395000,11,33389000,7,33396000,7,33388000,5,33397000,10,33387000,6,33398000,10,33386000,8,33399000,10,33385000,6,33400000,34,33384000,10,33401000,8,33383000,8,33402000,9
33395000,2,33396000,2,33394000,4,33397000,7,33393000,6,33398000,7,33392000,5,33399000,10,33391000,7,33400000,33,33390000,3,33401000,9,33389000,7,33402000,9,33388000,6,33403000,10,33387000,8,33404000,9,33386000,8,33405000,9
33396000,3,33398000,1,33395000,6,33399000,9,33394000,4,33400000,32,33393000,4,33401000,11,33392000,7,33402000,9,33391000,8,33403000,12,33390000,11,33404000,9,33389000,6,33405000,7,33388000,6,33406000,16,33387000,9,33407000,7
33391000,3,33392000,2,33390000,7,33393000,3,33389000,3,33394000,4,33388000,6,33395000,6,33387000,9,33396000,7,33386000,7,33397000,7,33385000,6,33398000,9,33384000,10,33399000,9,33383000,8,33400000,36,33382000,11,33401000,13
33394000,2,33396000,2,33393000,4,33397000,5,33392000,5,33398000,9,33391000,3,33399000,8,33390000,6,33400000,36,33389000,9,33401000,13,33388000,9,33402000,12,33387000,11,33403000,12,33386000,10,33404000,8,33385000,8,33405000,9
33398000,4,33399000,1,33397000,4,33400000,30,33396000,4,33401000,8,33395000,7,33402000,7,33394000,6,33403000,11,33393000,7,33404000,11,33392000,8,33405000,7,33391000,6,33406000,18,33390000,6,33407000,5,33389000,9,33408000,15
33398000,4,33400000,30,33397000,4,33401000,5,33396000,4,33402000,7,33395000,7,33403000,9,33394000,7,33404000,9,33393000,8,33405000,7,33392000,10,33406000,18,33391000,9,33407000,5,33390000,7,33408000,15,33389000,10,33409000,8
33398000,4,33400000,30,33397000,4,33401000,5,33396000,4,33402000,7,33395000,7,33403000,9,33394000,7,33404000,9,33393000,8,33405000,7,33392000,10,33406000,18,33391000,9,33407000,5,33390000,7,33408000,15,33389000,10,33409000,8
33389000,5,33390000,41,33388000,8,33392000,6,33387000,8,33393000,4,33386000,8,33394000,3,33385000,9,33395000,3,33384000,10,33396000,6,33383000,8,33397000,12,33382000,10,33398000,10,33381000,7,33399000,20,33380000,16,33400000,43
33391000,7,33393000,4,33390000,5,33394000,4,33389000,5,33395000,7,33388000,5,33396000,7,33387000,6,33397000,13,33386000,8,33398000,10,33385000,11,33399000,20,33384000,15,33400000,42,33383000,10,33401000,13,33382000,10,33402000,12
33392000,2,33394000,3,33391000,4,33395000,5,33390000,6,33396000,6,33389000,6,33397000,11,33388000,9,33398000,11,33387000,8,33399000,21,33386000,10,33400000,42,33385000,11,33401000,13,33384000,14,33402000,12,33383000,10,33403000,12
33392000,1,33393000,3,33391000,2,33394000,5,33390000,6,33395000,5,33389000,6,33396000,6,33388000,8,33397000,11,33387000,10,33398000,10,33386000,9,33399000,21,33385000,11,33400000,52,33384000,13,33401000,13,33383000,10,33402000,12
33387000,1,33389000,4,33386000,2,33390000,5,33385000,9,33391000,3,33384000,10,33392000,6,33383000,9,33393000,6,33382000,13,33394000,9,33381000,8,33395000,7,33380000,16,33396000,11,33379000,12,33397000,11,33378000,11,33398000,11
33394000,2,33396000,3,33393000,4,33397000,10,33392000,5,33398000,9,33391000,4,33399000,14,33390000,5,33400000,49,33389000,4,33401000,14,33388000,8,33402000,12,33387000,8,33403000,12,33386000,10,33404000,11,33385000,8,33405000,9
33391000,3,33392000,18,33390000,4,33393000,1,33389000,8,33394000,6,33388000,6,33395000,5,33387000,8,33396000,4,33386000,8,33397000,12,33385000,7,33398000,11,33384000,11,33399000,15,33383000,9,33400000,50,33382000,13,33401000,14
33385000,5,33387000,1,33384000,8,33388000,4,33383000,7,33389000,4,33382000,12,33390000,6,33381000,10,33391000,5,33380000,18,33392000,8,33379000,11,33393000,9,33378000,12,33394000,8,33377000,11,33395000,11,33376000,12,33396000,9
33387000,2,33389000,1,33386000,3,33390000,4,33385000,7,33391000,4,33384000,4,33392000,9,33383000,8,33393000,9,33382000,11,33394000,8,33381000,10,33395000,11,33380000,19,33396000,10,33379000,12,33397000,12,33378000,12,33398000,11
33391000,1,33392000,3,33390000,5,33393000,5,33389000,7,33394000,4,33388000,2,33395000,11,33387000,4,33396000,6,33386000,6,33397000,13,33385000,8,33398000,11,33384000,9,33399000,16,33383000,9,33400000,51,33382000,13,33401000,13
33389000,3,33390000,1,33388000,2,33391000,6,33387000,3,33392000,5,33386000,6,33393000,8,33385000,7,33394000,8,33384000,7,33395000,13,33383000,8,33396000,7,33382000,12,33397000,12,33381000,9,33398000,11,33380000,18,33399000,16
33391000,3,33393000,1,33390000,5,33394000,4,33389000,4,33395000,12,33388000,4,33396000,4,33387000,7,33397000,12,33386000,7,33398000,11,33385000,10,33399000,16,33384000,10,33400000,50,33383000,10,33401000,13,33382000,13,33402000,12
33391000,3,33393000,1,33390000,8,33394000,6,33389000,6,33395000,5,33388000,6,33396000,5,33387000,7,33397000,9,33386000,12,33398000,8,33385000,9,33399000,16,33384000,11,33400000,51,33383000,10,33401000,13,33382000,13,33402000,12
33392000,2,33394000,3,33391000,4,33395000,13,33390000,4,33396000,7,33389000,5,33397000,9,33388000,7,33398000,10,33387000,7,33399000,17,33386000,10,33400000,51,33385000,9,33401000,13,33384000,11,33402000,12,33383000,8,33403000,12
33396000,2,33397000,1,33395000,4,33398000,5,33394000,3,33399000,15,33393000,7,33400000,48,33392000,5,33401000,12,33391000,7,33402000,9,33390000,6,33403000,12,33389000,9,33404000,11,33388000,11,33405000,7,33387000,9,33406000,14
33394000,1,33396000,4,33393000,8,33397000,6,33392000,7,33398000,4,33391000,7,33399000,3,33390000,8,33400000,40,33389000,8,33401000,8,33388000,10,33402000,11,33387000,9,33403000,13,33386000,12,33404000,10,33385000,9,33405000,9
33395000,5,33397000,4,33394000,5,33398000,4,33393000,7,33399000,7,33392000,6,33400000,40,33391000,8,33401000,11,33390000,10,33402000,11,33389000,11,33403000,11,33388000,11,33404000,10,33387000,13,33405000,10,33386000,12,33406000,14
33392000,5,33393000,1,33391000,7,33394000,1,33390000,7,33395000,4,33389000,9,33396000,4,33388000,11,33397000,3,33387000,13,33398000,7,33386000,12,33399000,7,33385000,9,33400000,41,33384000,12,33401000,12,33383000,10,33402000,12
33395000,2,33397000,4,33394000,4,33398000,5,33393000,9,33399000,6,33392000,6,33400000,40,33391000,8,33401000,11,33390000,8,33402000,12,33389000,11,33403000,12,33388000,11,33404000,10,33387000,13,33405000,9,33386000,12,33406000,14
33399000,1,33400000,36,33398000,5,33401000,5,33397000,6,33402000,14,33396000,9,33403000,9,33395000,10,33404000,8,33394000,7,33405000,10,33393000,10,33406000,14,33392000,11,33407000,5,33391000,12,33408000,14,33390000,12,33409000,13
33403000,2,33405000,4,33402000,8,33406000,6,33401000,8,33407000,7,33400000,24,33408000,11,33399000,9,33409000,15,33398000,8,33410000,20,33397000,7,33411000,7,33396000,11,33412000,7,33395000,11,33413000,9,33394000,10,33414000,31
33405000,4,33407000,3,33404000,5,33408000,11,33403000,4,33409000,9,33402000,6,33410000,16,33401000,12,33411000,7,33400000,7,33412000,10,33399000,11,33413000,8,33398000,7,33414000,30,33397000,8,33415000,5,33396000,9,33416000,8
33404000,3,33405000,1,33403000,4,33406000,3,33402000,9,33407000,4,33401000,10,33408000,4,33400000,8,33409000,6,33399000,8,33410000,19,33398000,7,33411000,8,33397000,7,33412000,11,33396000,10,33413000,11,33395000,10,33414000,30
33406000,2,33408000,2,33405000,7,33409000,5,33404000,4,33410000,16,33403000,9,33411000,6,33402000,5,33412000,9,33401000,9,33413000,13,33400000,10,33414000,30,33399000,11,33415000,7,33398000,7,33416000,8,33397000,8,33417000,9
33410000,1,33411000,1,33409000,3,33412000,4,33408000,4,33413000,8,33407000,4,33414000,29,33406000,8,33415000,9,33405000,11,33416000,8,33404000,11,33417000,7,33403000,13,33418000,13,33402000,8,33419000,9,33401000,11,33420000,8
33408000,2,33410000,2,33407000,5,33411000,3,33406000,6,33412000,6,33405000,9,33413000,8,33404000,7,33414000,30,33403000,12,33415000,11,33402000,9,33416000,9,33401000,11,33417000,7,33400000,9,33418000,13,33399000,12,33419000,9
33405000,5,33407000,3,33404000,6,33408000,13,33403000,10,33409000,5,33402000,6,33410000,5,33401000,9,33411000,8,33400000,8,33412000,11,33399000,12,33413000,10,33398000,7,33414000,32,33397000,8,33415000,11,33396000,12,33416000,8
33407000,6,33408000,11,33406000,7,33409000,1,33405000,6,33410000,5,33404000,9,33411000,6,33403000,9,33412000,19,33402000,7,33413000,12,33401000,12,33414000,11,33400000,10,33415000,10,33399000,12,33416000,8,33398000,7,33417000,7
33405000,4,33407000,2,33404000,6,33408000,4,33403000,8,33409000,6,33402000,7,33410000,4,33401000,10,33411000,7,33400000,8,33412000,18,33399000,12,33413000,10,33398000,7,33414000,12,33397000,8,33415000,9,33396000,12,33416000,8
33402000,1,33404000,3,33401000,5,33405000,3,33400000,6,33406000,6,33399000,7,33407000,3,33398000,7,33408000,9,33397000,6,33409000,12,33396000,12,33410000,9,33395000,11,33411000,10,33394000,11,33412000,20,33393000,8,33413000,10
33397000,1,33398000,2,33396000,8,33399000,4,33395000,9,33400000,4,33394000,9,33401000,6,33393000,10,33402000,4,33392000,13,33403000,6,33391000,13,33404000,10,33390000,12,33405000,6,33389000,11,33406000,11,33388000,11,33407000,6
33391000,2,33392000,3,33390000,6,33393000,4,33389000,9,33394000,4,33388000,8,33395000,4,33387000,10,33396000,5,33386000,10,33397000,8,33385000,9,33398000,7,33384000,12,33399000,8,33383000,10,33400000,8,33382000,13,33401000,8
33391000,1,33393000,4,33390000,1,33394000,3,33389000,6,33395000,4,33388000,6,33396000,5,33387000,10,33397000,8,33386000,9,33398000,7,33385000,10,33399000,7,33384000,12,33400000,9,33383000,10,33401000,9,33382000,11,33402000,8
33391000,1,33393000,4,33390000,1,33394000,3,33389000,6,33395000,4,33388000,6,33396000,5,33387000,10,33397000,8,33386000,9,33398000,7,33385000,10,33399000,7,33384000,12,33400000,9,33383000,10,33401000,9,33382000,11,33402000,8
33382000,7,33385000,3,33381000,7,33386000,5,33380000,20,33387000,4,33379000,6,33388000,4,33378000,12,33389000,4,33377000,12,33390000,7,33376000,12,33391000,10,33375000,9,33392000,11,33374000,12,33393000,12,33373000,7,33394000,9
33382000,1,33384000,3,33381000,3,33385000,4,33380000,15,33386000,4,33379000,5,33387000,3,33378000,12,33388000,6,33377000,11,33389000,7,33376000,13,33390000,8,33375000,9,33391000,10,33374000,12,33392000,11,33373000,7,33393000,13
33382000,2,33383000,2,33381000,4,33384000,3,33380000,17,33385000,4,33379000,6,33386000,6,33378000,12,33387000,7,33377000,11,33388000,6,33376000,12,33389000,9,33375000,9,33390000,10,33374000,12,33391000,13,33373000,7,33392000,11
33385000,1,33386000,3,33384000,3,33387000,6,33383000,4,33388000,4,33382000,6,33389000,9,33381000,5,33390000,10,33380000,7,33391000,12,33379000,10,33392000,12,33378000,11,33393000,13,33377000,12,33394000,10,33376000,12,33395000,9
33382000,12,33383000,1,33381000,2,33384000,5,33380000,5,33385000,5,33379000,8,33386000,3,33378000,7,33387000,6,33377000,10,33388000,6,33376000,12,33389000,9,33375000,10,33390000,11,33374000,12,33391000,12,33373000,7,33392000,13
33384000,1,33386000,3,33383000,3,33387000,2,33382000,4,33388000,5,33381000,6,33389000,9,33380000,9,33390000,10,33379000,9,33391000,12,33378000,10,33392000,13,33377000,13,33393000,13,33376000,13,33394000,10,33375000,10,33395000,9
33388000,2,33389000,1,33387000,4,33390000,3,33386000,4,33391000,4,33385000,7,33392000,8,33384000,7,33393000,9,33383000,8,33394000,10,33382000,12,33395000,10,33381000,10,33396000,14,33380000,21,33397000,9,33379000,11,33398000,9
33390000,2,33392000,1,33389000,3,33393000,3,33388000,7,33394000,6,33387000,6,33395000,7,33386000,9,33396000,12,33385000,9,33397000,10,33384000,11,33398000,9,33383000,8,33399000,9,33382000,12,33400000,9,33381000,10,33401000,11
33389000,1,33390000,1,33388000,8,33391000,5,33387000,6,33392000,5,33386000,6,33393000,11,33385000,9,33394000,7,33384000,7,33395000,8,33383000,8,33396000,11,33382000,12,33397000,11,33381000,10,33398000,13,33380000,22,33399000,11
33390000,2,33392000,4,33389000,5,33393000,10,33388000,6,33394000,5,33387000,4,33395000,10,33386000,7,33396000,11,33385000,9,33397000,11,33384000,8,33398000,11,33383000,7,33399000,11,33382000,12,33400000,9,33381000,10,33401000,10
33395000,2,33396000,5,33394000,2,33397000,4,33393000,7,33398000,7,33392000,6,33399000,12,33391000,5,33400000,11,33390000,8,33401000,11,33389000,6,33402000,9,33388000,13,33403000,9,33387000,8,33404000,11,33386000,11,33405000,8
33398000,1,33399000,1,33397000,2,33400000,4,33396000,3,33401000,10,33395000,2,33402000,9,33394000,4,33403000,12,33393000,9,33404000,14,33392000,11,33405000,8,33391000,8,33406000,12,33390000,11,33407000,6,33389000,8,33408000,16
33402000,1,33403000,1,33401000,1,33404000,4,33400000,4,33405000,8,33399000,6,33406000,10,33398000,7,33407000,9,33397000,7,33408000,16,33396000,5,33409000,10,33395000,9,33410000,30,33394000,11,33411000,10,33393000,12,33412000,13
33402000,4,33405000,4,33401000,7,33406000,10,33400000,4,33407000,9,33399000,6,33408000,12,33398000,7,33409000,10,33397000,7,33410000,33,33396000,8,33411000,10,33395000,11,33412000,11,33394000,11,33413000,11,33393000,11,33414000,12
33401000,1,33403000,1,33400000,6,33404000,4,33399000,4,33405000,5,33398000,6,33406000,10,33397000,6,33407000,10,33396000,8,33408000,13,33395000,10,33409000,11,33394000,10,33410000,29,33393000,11,33411000,10,33392000,12,33412000,10
33404000,1,33406000,4,33403000,4,33407000,12,33402000,6,33408000,10,33401000,5,33409000,8,33400000,4,33410000,30,33399000,6,33411000,14,33398000,9,33412000,11,33397000,9,33413000,11,33396000,9,33414000,12,33395000,11,33415000,9
33407000,4,33408000,1,33406000,5,33409000,6,33405000,4,33410000,27,33404000,4,33411000,9,33403000,8,33412000,12,33402000,6,33413000,12,33401000,7,33414000,12,33400000,7,33415000,9,33399000,10,33416000,8,33398000,10,33417000,8
33406000,4,33407000,1,33405000,3,33408000,3,33404000,4,33409000,5,33403000,6,33410000,24,33402000,7,33411000,9,33401000,7,33412000,13,33400000,8,33413000,9,33399000,9,33414000,13,33398000,10,33415000,12,33397000,9,33416000,8
33409000,1,33410000,22,33408000,6,33411000,5,33407000,5,33412000,6,33406000,12,33413000,8,33405000,8,33414000,12,33404000,7,33415000,13,33403000,9,33416000,8,33402000,6,33417000,8,33401000,9,33418000,13,33400000,7,33419000,10
33407000,1,33408000,6,33406000,11,33409000,2,33405000,6,33410000,4,33404000,6,33411000,6,33403000,10,33412000,8,33402000,8,33413000,9,33401000,6,33414000,15,33400000,7,33415000,12,33399000,10,33416000,8,33398000,10,33417000,8
33410000,2,33412000,3,33409000,4,33413000,6,33408000,5,33414000,9,33407000,6,33415000,7,33406000,10,33416000,10,33405000,7,33417000,10,33404000,11,33418000,13,33403000,11,33419000,9,33402000,9,33420000,9,33401000,7,33421000,9
33414000,1,33415000,4,33413000,4,33416000,2,33412000,7,33417000,6,33411000,8,33418000,10,33410000,16,33419000,11,33409000,5,33420000,13,33408000,6,33421000,8,33407000,7,33422000,7,33406000,13,33423000,10,33405000,9,33424000,11
33415000,4,33418000,5,33414000,7,33419000,8,33413000,7,33420000,8,33412000,8,33421000,7,33411000,8,33422000,10,33410000,16,33423000,13,33409000,7,33424000,8,33408000,7,33425000,12,33407000,8,33426000,15,33406000,13,33427000,8
33415000,6,33416000,1,33414000,5,33417000,2,33413000,6,33418000,18,33412000,7,33419000,5,33411000,9,33420000,11,33410000,16,33421000,11,33409000,10,33422000,12,33408000,8,33423000,14,33407000,7,33424000,10,33406000,11,33425000,13
33417000,3,33418000,15,33416000,5,33419000,3,33415000,4,33420000,8,33414000,6,33421000,6,33413000,5,33422000,10,33412000,8,33423000,13,33411000,8,33424000,7,33410000,16,33425000,12,33409000,8,33426000,15,33408000,8,33427000,8
33418000,2,33420000,2,33417000,4,33421000,6,33416000,5,33422000,7,33415000,6,33423000,8,33414000,6,33424000,11,33413000,9,33425000,14,33412000,11,33426000,15,33411000,10,33427000,7,33410000,17,33428000,9,33409000,8,33429000,9
33417000,1,33418000,2,33416000,1,33419000,7,33414000,2,33420000,7,33413000,3,33421000,6,33412000,8,33422000,7,33411000,10,33423000,8,33410000,17,33424000,11,33409000,8,33425000,14,33408000,8,33426000,15,33407000,7,33427000,7
33418000,2,33420000,3,33417000,4,33421000,5,33416000,4,33422000,8,33415000,5,33423000,10,33414000,7,33424000,11,33413000,8,33425000,15,33412000,10,33426000,26,33411000,9,33427000,8,33410000,17,33428000,10,33409000,9,33429000,9
33416000,2,33417000,2,33415000,5,33418000,4,33414000,6,33419000,4,33413000,6,33420000,6,33412000,10,33421000,5,33411000,9,33422000,7,33410000,16,33423000,9,33409000,8,33424000,13,33408000,9,33425000,15,33407000,8,33426000,28
33414000,1,33416000,4,33413000,5,33417000,4,33412000,9,33418000,6,33411000,9,33419000,3,33410000,12,33420000,7,33409000,7,33421000,9,33408000,9,33422000,10,33407000,8,33423000,11,33406000,11,33424000,12,33405000,9,33425000,14
33411000,1,33412000,1,33410000,8,33413000,3,33409000,6,33414000,5,33408000,7,33415000,6,33407000,8,33416000,7,33406000,11,33417000,5,33405000,9,33418000,11,33404000,12,33419000,7,33403000,10,33420000,8,33402000,28,33421000,9
33409000,1,33411000,2,33408000,5,33412000,4,33407000,4,33413000,8,33406000,8,33414000,6,33405000,9,33415000,7,33404000,10,33416000,13,33403000,9,33417000,7,33402000,11,33418000,9,33401000,8,33419000,7,33400000,47,33420000,8
33409000,1,33411000,2,33408000,5,33412000,4,33407000,4,33413000,8,33406000,8,33414000,6,33405000,9,33415000,7,33404000,10,33416000,13,33403000,9,33417000,7,33402000,11,33418000,9,33401000,8,33419000,7,33400000,47,33420000,8
33405000,7,33409000,1,33404000,10,33410000,2,33403000,9,33411000,2,33402000,11,33412000,4,33401000,8,33413000,8,33400000,47,33414000,6,33399000,10,33415000,7,33398000,27,33416000,13,33397000,10,33417000,7,33396000,14,33418000,9
33410000,1,33412000,4,33409000,2,33413000,7,33408000,5,33414000,7,33407000,5,33415000,7,33406000,5,33416000,12,33405000,8,33417000,13,33404000,9,33418000,10,33403000,10,33419000,7,33402000,11,33420000,10,33401000,11,33421000,9
33407000,2,33409000,2,33406000,4,33410000,4,33405000,5,33411000,4,33404000,6,33412000,3,33403000,9,33413000,9,33402000,11,33414000,11,33401000,11,33415000,10,33400000,47,33416000,13,33399000,10,33417000,11,33398000,27,33418000,9
33408000,3,33410000,2,33407000,4,33411000,5,33406000,3,33412000,3,33405000,5,33413000,9,33404000,6,33414000,9,33403000,9,33415000,9,33402000,16,33416000,13,33401000,11,33417000,10,33400000,47,33418000,8,33399000,9,33419000,7
33412000,1,33413000,2,33411000,4,33414000,4,33410000,4,33415000,6,33409000,6,33416000,8,33408000,10,33417000,10,33407000,9,33418000,11,33406000,8,33419000,7,33405000,7,33420000,10,33404000,10,33421000,8,33403000,9,33422000,9
33414000,3,33416000,2,33413000,4,33417000,7,33412000,5,33418000,5,33411000,5,33419000,6,33410000,5,33420000,13,33409000,10,33421000,11,33408000,12,33422000,9,33407000,10,33423000,11,33406000,10,33424000,10,33405000,7,33425000,17
33419000,1,33420000,3,33418000,3,33421000,6,33417000,2,33422000,6,33416000,6,33423000,8,33415000,5,33424000,10,33414000,6,33425000,17,33413000,4,33426000,29,33412000,11,33427000,9,33411000,9,33428000,9,33410000,12,33429000,8
33417000,2,33419000,4,33416000,6,33420000,6,33415000,4,33421000,10,33414000,4,33422000,6,33413000,4,33423000,10,33412000,8,33424000,13,33411000,8,33425000,16,33410000,11,33426000,28,33409000,10,33427000,9,33408000,10,33428000,9
33418000,2,33419000,1,33417000,3,33420000,6,33416000,3,33421000,10,33415000,3,33422000,7,33414000,4,33423000,11,33413000,5,33424000,13,33412000,10,33425000,15,33411000,8,33426000,27,33410000,11,33427000,9,33409000,10,33428000,9
33420000,2,33422000,2,33419000,3,33423000,9,33418000,3,33424000,8,33417000,5,33425000,13,33416000,2,33426000,25,33415000,5,33427000,11,33414000,8,33428000,9,33413000,5,33429000,10,33412000,11,33430000,17,33411000,9,33431000,10
33419000,3,33421000,5,33418000,3,33422000,6,33417000,5,33423000,9,33416000,2,33424000,8,33415000,5,33425000,14,33414000,6,33426000,27,33413000,4,33427000,9,33412000,11,33428000,9,33411000,9,33429000,10,33410000,12,33430000,17
33416000,4,33417000,6,33415000,4,33418000,5,33414000,3,33419000,5,33413000,4,33420000,7,33412000,8,33421000,6,33411000,11,33422000,6,33410000,12,33423000,11,33409000,11,33424000,14,33408000,10,33425000,15,33407000,8,33426000,27
33413000,4,33415000,1,33412000,5,33416000,3,33411000,9,33417000,6,33410000,8,33418000,10,33409000,9,33419000,7,33408000,9,33420000,12,33407000,9,33421000,11,33406000,12,33422000,12,33405000,8,33423000,12,33404000,12,33424000,11
33414000,2,33416000,1,33413000,4,33417000,6,33412000,5,33418000,9,33411000,7,33419000,5,33410000,8,33420000,9,33409000,9,33421000,12,33408000,12,33422000,12,33407000,9,33423000,12,33406000,12,33424000,11,33405000,8,33425000,14
33417000,1,33419000,4,33416000,5,33420000,6,33415000,4,33421000,8,33414000,5,33422000,6,33413000,4,33423000,12,33412000,7,33424000,14,33411000,9,33425000,14,33410000,12,33426000,27,33409000,12,33427000,9,33408000,11,33428000,9
33416000,1,33418000,4,33415000,5,33419000,4,33414000,5,33420000,5,33413000,3,33421000,6,33412000,8,33422000,8,33411000,9,33423000,16,33410000,11,33424000,12,33409000,11,33425000,14,33408000,11,33426000,27,33407000,8,33427000,9
33417000,4,33419000,1,33416000,4,33420000,5,33415000,5,33421000,9,33414000,5,33422000,7,33413000,4,33423000,12,33412000,7,33424000,14,33411000,9,33425000,13,33410000,12,33426000,27,33409000,12,33427000,9,33408000,10,33428000,9
33420000,4,33422000,1,33419000,10,33423000,6,33418000,3,33424000,8,33417000,3,33425000,11,33416000,6,33426000,28,33415000,7,33427000,10,33414000,10,33428000,9,33413000,6,33429000,10,33412000,10,33430000,18,33411000,9,33431000,10
33419000,2,33420000,5,33418000,1,33421000,4,33417000,4,33422000,7,33416000,6,33423000,7,33415000,9,33424000,6,33414000,10,33425000,10,33413000,5,33426000,27,33412000,10,33427000,13,33411000,11,33428000,12,33410000,13,33429000,12
33416000,1,33418000,4,33415000,6,33419000,7,33414000,7,33420000,5,33413000,4,33421000,8,33412000,8,33422000,7,33411000,12,33423000,10,33410000,13,33424000,11,33409000,11,33425000,14,33408000,11,33426000,27,33407000,8,33427000,11
33416000,2,33418000,5,33415000,6,33419000,6,33414000,6,33420000,6,33413000,4,33421000,9,33412000,7,33422000,9,33411000,12,33423000,12,33410000,13,33424000,11,33409000,12,33425000,13,33408000,11,33426000,26,33407000,8,33427000,11
33415000,3,33417000,2,33414000,5,33418000,4,33413000,5,33419000,7,33412000,6,33420000,4,33411000,13,33421000,10,33410000,12,33422000,12,33409000,11,33423000,10,33408000,11,33424000,11,33407000,8,33425000,13,33406000,13,33426000,26
33416000,4,33418000,2,33415000,6,33419000,4,33414000,6,33420000,3,33413000,4,33421000,8,33412000,8,33422000,9,33411000,12,33423000,12,33410000,13,33424000,11,33409000,12,33425000,12,33408000,11,33426000,26,33407000,8,33427000,11
33415000,2,33416000,2,33414000,3,33417000,5,33413000,5,33418000,5,33412000,5,33419000,4,33411000,9,33420000,8,33410000,11,33421000,12,33409000,12,33422000,13,33408000,12,33423000,10,33407000,8,33424000,14,33406000,12,33425000,12
33416000,1,33418000,3,33415000,5,33419000,6,33414000,9,33420000,8,33413000,6,33421000,7,33412000,7,33422000,12,33411000,9,33423000,12,33410000,13,33424000,14,33409000,12,33425000,12,33408000,12,33426000,26,33407000,8,33427000,11
33415000,2,33416000,4,33414000,9,33417000,1,33413000,6,33418000,4,33412000,6,33419000,5,33411000,8,33420000,9,33410000,11,33421000,10,33409000,12,33422000,13,33408000,11,33423000,10,33407000,8,33424000,14,33406000,12,33425000,12
33411000,4,33412000,1,33410000,6,33413000,2,33409000,7,33414000,5,33408000,8,33415000,6,33407000,9,33416000,4,33406000,11,33417000,9,33405000,8,33418000,8,33404000,12,33419000,7,33403000,10,33420000,12,33402000,18,33421000,12
33412000,5,33415000,5,33411000,5,33416000,3,33410000,6,33417000,8,33409000,6,33418000,7,33408000,9,33419000,6,33407000,9,33420000,14,33406000,12,33421000,11,33405000,8,33422000,11,33404000,12,33423000,10,33403000,10,33424000,13
33412000,4,33414000,4,33411000,4,33415000,4,33410000,5,33416000,5,33409000,7,33417000,3,33408000,9,33418000,7,33407000,10,33419000,7,33406000,12,33420000,14,33405000,8,33421000,12,33404000,12,33422000,11,33403000,10,33423000,10
33409000,4,33411000,4,33408000,5,33412000,7,33407000,7,33413000,4,33406000,9,33414000,7,33405000,9,33415000,5,33404000,12,33416000,10,33403000,10,33417000,11,33402000,18,33418000,10,33401000,16,33419000,7,33400000,41,33420000,11
33405000,4,33407000,1,33404000,4,33408000,4,33403000,7,33409000,6,33402000,14,33410000,4,33401000,14,33411000,6,33400000,38,33412000,13,33399000,11,33413000,10,33398000,11,33414000,15,33397000,9,33415000,8,33396000,14,33416000,12
33402000,7,33404000,4,33401000,9,33405000,6,33400000,36,33406000,3,33399000,9,33407000,4,33398000,8,33408000,9,33397000,9,33409000,15,33396000,14,33410000,11,33395000,15,33411000,12,33394000,13,33412000,11,33393000,11,33413000,10
33405000,1,33407000,5,33404000,4,33408000,6,33403000,5,33409000,9,33402000,4,33410000,8,33401000,14,33411000,11,33400000,36,33412000,13,33399000,13,33413000,10,33398000,11,33414000,16,33397000,11,33415000,8,33396000,14,33416000,13
33410000,2,33411000,2,33409000,2,33412000,7,33408000,4,33413000,7,33407000,7,33414000,14,33406000,6,33415000,10,33405000,8,33416000,14,33404000,7,33417000,14,33403000,9,33418000,11,33402000,10,33419000,11,33401000,18,33420000,22
33407000,1,33408000,4,33406000,4,33409000,6,33405000,12,33410000,6,33404000,6,33411000,6,33403000,9,33412000,6,33402000,9,33413000,10,33401000,17,33414000,16,33400000,40,33415000,8,33399000,10,33416000,15,33398000,10,33417000,14
33403000,1,33404000,5,33401000,8,33405000,6,33400000,35,33406000,7,33399000,6,33407000,7,33398000,8,33408000,10,33397000,9,33409000,12,33396000,14,33410000,11,33395000,15,33411000,10,33394000,12,33412000,9,33393000,12,33413000,10
33400000,31,33402000,5,33399000,6,33403000,7,33398000,6,33404000,7,33397000,7,33405000,5,33396000,12,33406000,8,33395000,11,33407000,6,33394000,11,33408000,13,33393000,12,33409000,16,33392000,14,33410000,10,33391000,8,33411000,9
33404000,2,33406000,4,33403000,3,33407000,5,33402000,4,33408000,11,33401000,5,33409000,11,33400000,5,33410000,8,33399000,8,33411000,10,33398000,10,33412000,11,33397000,14,33413000,10,33396000,13,33414000,16,33395000,11,33415000,8
33400000,3,33402000,2,33399000,5,33403000,4,33398000,5,33404000,5,33397000,11,33405000,9,33396000,11,33406000,8,33395000,10,33407000,7,33394000,12,33408000,15,33393000,12,33409000,11,33392000,13,33410000,9,33391000,8,33411000,10
33401000,3,33403000,5,33400000,5,33404000,4,33399000,3,33405000,8,33398000,5,33406000,8,33397000,10,33407000,7,33396000,9,33408000,14,33395000,12,33409000,11,33394000,12,33410000,10,33393000,13,33411000,10,33392000,13,33412000,11
33400000,4,33402000,1,33399000,3,33403000,6,33398000,5,33404000,3,33397000,10,33405000,9,33396000,9,33406000,9,33395000,10,33407000,7,33394000,12,33408000,15,33393000,12,33409000,10,33392000,13,33410000,10,33391000,8,33411000,10
33402000,1,33403000,4,33401000,3,33404000,3,33400000,6,33405000,9,33399000,4,33406000,8,33398000,6,33407000,7,33397000,11,33408000,14,33396000,9,33409000,10,33395000,11,33410000,10,33394000,12,33411000,10,33393000,12,33412000,11
33402000,1,33404000,4,33401000,4,33405000,10,33400000,5,33406000,7,33399000,3,33407000,5,33398000,7,33408000,11,33397000,11,33409000,13,33396000,12,33410000,10,33395000,11,33411000,10,33394000,12,33412000,11,33393000,12,33413000,10
33402000,1,33404000,4,33401000,4,33405000,10,33400000,5,33406000,7,33399000,3,33407000,5,33398000,7,33408000,11,33397000,11,33409000,13,33396000,12,33410000,10,33395000,11,33411000,10,33394000,12,33412000,11,33393000,12,33413000,10
33402000,1,33404000,4,33401000,4,33405000,10,33400000,5,33406000,7,33399000,3,33407000,5,33398000,7,33408000,11,33397000,11,33409000,13,33396000,12,33410000,10,33395000,11,33411000,10,33394000,12,33412000,11,33393000,12,33413000,10
33391000,3,33393000,6,33390000,3,33394000,4,33389000,4,33395000,24,33388000,6,33396000,4,33387000,9,33397000,7,33386000,12,33398000,10,33385000,11,33399000,8,33384000,11,33400000,8,33383000,8,33401000,8,33382000,13,33402000,8
33386000,6,33388000,1,33385000,9,33389000,4,33384000,8,33390000,4,33383000,7,33391000,4,33382000,11,33392000,10,33381000,13,33393000,9,33380000,15,33394000,7,33379000,10,33395000,25,33378000,14,33396000,10,33377000,11,33397000,9
33386000,5,33389000,3,33385000,9,33390000,4,33384000,8,33391000,5,33383000,7,33392000,8,33382000,11,33393000,9,33381000,12,33394000,7,33380000,15,33395000,25,33379000,10,33396000,10,33378000,14,33397000,10,33377000,12,33398000,10
33386000,3,33388000,2,33385000,8,33389000,4,33384000,8,33390000,4,33383000,7,33391000,5,33382000,11,33392000,8,33381000,12,33393000,8,33380000,15,33394000,8,33379000,10,33395000,25,33378000,14,33396000,10,33377000,12,33397000,10
33388000,1,33389000,1,33387000,3,33390000,4,33386000,6,33391000,6,33385000,8,33392000,7,33384000,9,33393000,5,33383000,9,33394000,10,33382000,13,33395000,25,33381000,12,33396000,9,33380000,15,33397000,9,33379000,10,33398000,10
33385000,1,33386000,3,33384000,5,33387000,5,33383000,5,33388000,4,33382000,9,33389000,4,33381000,11,33390000,10,33380000,15,33391000,8,33379000,10,33392000,11,33378000,14,33393000,9,33377000,12,33394000,11,33376000,12,33395000,25
33382000,4,33384000,1,33381000,5,33385000,6,33380000,7,33386000,6,33379000,5,33387000,7,33378000,12,33388000,8,33377000,9,33389000,8,33376000,12,33390000,12,33375000,8,33391000,12,33374000,12,33392000,11,33373000,8,33393000,11
33387000,1,33389000,3,33386000,5,33390000,11,33385000,14,33391000,6,33384000,7,33392000,8,33383000,12,33393000,8,33382000,8,33394000,10,33381000,12,33395000,8,33380000,13,33396000,12,33379000,9,33397000,7,33378000,14,33398000,10
33382000,1,33384000,8,33381000,6,33385000,80,33380000,10,33386000,1,33379000,7,33387000,3,33378000,14,33388000,8,33377000,12,33389000,8,33376000,11,33390000,13,33375000,9,33391000,8,33374000,11,33392000,11,33373000,7,33393000,9
33383000,4,33385000,81,33382000,4,33386000,8,33381000,5,33387000,4,33380000,6,33388000,11,33379000,6,33389000,11,33378000,14,33390000,16,33377000,12,33391000,9,33376000,14,33392000,12,33375000,8,33393000,10,33374000,11,33394000,11
33380000,4,33382000,2,33379000,5,33383000,62,33378000,11,33384000,7,33377000,9,33385000,5,33376000,11,33386000,10,33375000,8,33387000,6,33374000,11,33388000,14,33373000,8,33389000,11,33372000,14,33390000,14,33371000,10,33391000,15
33377000,2,33379000,4,33376000,4,33380000,4,33375000,7,33381000,7,33374000,7,33382000,7,33373000,10,33383000,65,33372000,15,33384000,13,33371000,9,33385000,9,33370000,8,33386000,14,33369000,12,33387000,7,33368000,14,33388000,15
33376000,4,33378000,2,33375000,6,33379000,4,33374000,7,33380000,6,33373000,8,33381000,10,33372000,15,33382000,7,33371000,11,33383000,66,33370000,8,33384000,15,33369000,12,33385000,9,33368000,14,33386000,14,33367000,8,33387000,8
33373000,2,33375000,2,33372000,8,33376000,17,33371000,8,33377000,8,33370000,8,33378000,8,33369000,12,33379000,5,33368000,16,33380000,8,33367000,8,33381000,11,33366000,14,33382000,10,33365000,6,33383000,68,33364000,12,33384000,15
33372000,3,33373000,1,33371000,6,33374000,6,33370000,8,33375000,7,33369000,10,33376000,17,33368000,13,33377000,8,33367000,8,33378000,8,33366000,14,33379000,6,33365000,6,33380000,9,33364000,11,33381000,11,33363000,7,33382000,10
33366000,1,33367000,2,33365000,3,33368000,5,33364000,4,33369000,7,33363000,8,33370000,5,33362000,9,33371000,5,33361000,12,33372000,8,33360000,21,33373000,15,33359000,8,33374000,11,33358000,9,33375000,9,33357000,9,33376000,23
33366000,3,33368000,4,33365000,6,33369000,5,33364000,5,33370000,4,33363000,8,33371000,4,33362000,8,33372000,9,33361000,13,33373000,13,33360000,24,33374000,11,33359000,9,33375000,8,33358000,9,33376000,24,33357000,7,33377000,12
33365000,1,33366000,3,33363000,4,33367000,10,33362000,4,33368000,8,33361000,6,33369000,11,33360000,5,33370000,9,33359000,9,33371000,9,33358000,12,33372000,11,33357000,9,33373000,14,33356000,8,33374000,10,33355000,9,33375000,9
33362000,3,33365000,7,33361000,5,33366000,3,33360000,6,33367000,10,33359000,8,33368000,7,33358000,10,33369000,11,33357000,9,33370000,9,33356000,8,33371000,10,33355000,9,33372000,11,33354000,9,33373000,14,33353000,8,33374000,10
33363000,2,33365000,2,33362000,4,33366000,2,33361000,5,33367000,9,33360000,6,33368000,9,33359000,9,33369000,12,33358000,8,33370000,9,33357000,10,33371000,9,33356000,10,33372000,10,33355000,9,33373000,15,33354000,9,33374000,11
33360000,4,33362000,2,33359000,6,33363000,4,33358000,6,33364000,4,33357000,8,33365000,7,33356000,8,33366000,5,33355000,8,33367000,10,33354000,9,33368000,11,33353000,7,33369000,13,33352000,8,33370000,9,33351000,8,33371000,9
33361000,3,33363000,3,33360000,3,33364000,5,33359000,6,33365000,7,33358000,6,33366000,6,33357000,8,33367000,14,33356000,11,33368000,8,33355000,9,33369000,14,33354000,9,33370000,8,33353000,7,33371000,9,33352000,8,33372000,11
33363000,2,33365000,1,33362000,4,33366000,3,33361000,5,33367000,11,33360000,3,33368000,7,33359000,7,33369000,12,33358000,8,33370000,9,33357000,11,33371000,10,33356000,11,33372000,10,33355000,9,33373000,13,33354000,9,33374000,11
33363000,2,33365000,1,33362000,4,33366000,3,33361000,5,33367000,11,33360000,3,33368000,7,33359000,7,33369000,12,33358000,8,33370000,9,33357000,11,33371000,10,33356000,11,33372000,10,33355000,9,33373000,13,33354000,9,33374000,11
33368000,1,33369000,2,33367000,3,33370000,3,33366000,3,33371000,8,33365000,3,33372000,8,33364000,8,33373000,12,33363000,10,33374000,12,33362000,10,33375000,9,33361000,8,33376000,10,33360000,9,33377000,11,33359000,8,33378000,12
33372000,5,33375000,4,33371000,2,33376000,6,33370000,3,33377000,9,33369000,10,33378000,9,33368000,8,33379000,8,33367000,7,33380000,14,33366000,10,33381000,13,33365000,9,33382000,11,33364000,10,33383000,10,33363000,11,33384000,16
33372000,1,33373000,2,33371000,1,33374000,5,33370000,3,33375000,6,33369000,7,33376000,7,33368000,8,33377000,8,33367000,6,33378000,11,33366000,10,33379000,8,33365000,8,33380000,13,33364000,10,33381000,13,33363000,11,33382000,11
33369000,3,33370000,23,33368000,5,33371000,3,33367000,4,33372000,4,33366000,7,33373000,4,33365000,7,33374000,6,33364000,10,33375000,8,33363000,11,33376000,8,33362000,11,33377000,10,33361000,7,33378000,12,33360000,10,33379000,8
33367000,3,33369000,1,33366000,5,33370000,23,33365000,5,33371000,4,33364000,7,33372000,4,33363000,14,33373000,7,33362000,11,33374000,8,33361000,7,33375000,10,33360000,10,33376000,11,33359000,7,33377000,10,33358000,13,33378000,12
33368000,4,33370000,23,33367000,3,33371000,3,33366000,6,33372000,3,33365000,5,33373000,6,33364000,12,33374000,9,33363000,14,33375000,9,33362000,12,33376000,11,33361000,10,33377000,10,33360000,11,33378000,12,33359000,7,33379000,8
33367000,3,33369000,4,33366000,5,33370000,3,33365000,4,33371000,4,33364000,9,33372000,5,33363000,11,33373000,7,33362000,11,33374000,9,33361000,9,33375000,9,33360000,10,33376000,12,33359000,7,33377000,10,33358000,14,33378000,12
33364000,2,33366000,5,33363000,6,33367000,5,33362000,6,33368000,3,33361000,8,33369000,7,33360000,11,33370000,5,33359000,7,33371000,7,33358000,14,33372000,9,33357000,11,33373000,10,33356000,10,33374000,11,33355000,8,33375000,8
33361000,1,33362000,1,33360000,6,33363000,3,33359000,4,33364000,3,33358000,9,33365000,5,33357000,9,33366000,5,33356000,13,33367000,8,33355000,8,33368000,8,33354000,10,33369000,11,33353000,10,33370000,9,33352000,9,33371000,8
33358000,2,33359000,3,33357000,3,33360000,3,33356000,5,33361000,5,33355000,11,33362000,7,33354000,10,33363000,8,33353000,11,33364000,12,33352000,8,33365000,7,33351000,7,33366000,12,33350000,9,33367000,11,33349000,7,33368000,8
33359000,1,33361000,2,33358000,4,33362000,4,33357000,6,33363000,7,33356000,3,33364000,10,33355000,12,33365000,8,33354000,11,33366000,10,33353000,11,33367000,11,33352000,10,33368000,8,33351000,7,33369000,11,33350000,9,33370000,10
33356000,1,33357000,1,33355000,10,33358000,3,33354000,7,33359000,3,33353000,9,33360000,3,33352000,11,33361000,4,33351000,8,33362000,6,33350000,9,33363000,8,33349000,7,33364000,15,33348000,9,33365000,10,33347000,8,33366000,12
33353000,3,33354000,1,33352000,4,33355000,4,33351000,6,33356000,8,33350000,7,33357000,4,33349000,9,33358000,8,33348000,10,33359000,4,33347000,8,33360000,8,33346000,10,33361000,8,33345000,10,33362000,11,33344000,12,33363000,10
33352000,2,33354000,2,33351000,3,33355000,2,33350000,6,33356000,5,33349000,5,33357000,5,33348000,8,33358000,11,33347000,9,33359000,6,33346000,10,33360000,9,33345000,11,33361000,8,33344000,10,33362000,10,33343000,6,33363000,11
33347000,2,33349000,3,33346000,6,33350000,5,33345000,8,33351000,5,33344000,7,33352000,7,33343000,8,33353000,10,33342000,11,33354000,8,33341000,7,33355000,8,33340000,11,33356000,14,33339000,7,33357000,9,33338000,11,33358000,14
33345000,4,33347000,5,33344000,6,33348000,3,33343000,6,33349000,4,33342000,10,33350000,4,33341000,8,33351000,7,33340000,12,33352000,9,33339000,7,33353000,12,33338000,11,33354000,12,33337000,8,33355000,7,33336000,13,33356000,13
33345000,3,33347000,5,33344000,4,33348000,3,33343000,6,33349000,4,33342000,10,33350000,4,33341000,7,33351000,8,33340000,12,33352000,9,33339000,8,33353000,12,33338000,11,33354000,12,33337000,8,33355000,7,33336000,13,33356000,13
33349000,2,33350000,2,33348000,9,33351000,4,33347000,3,33352000,7,33346000,6,33353000,10,33345000,7,33354000,10,33344000,5,33355000,8,33343000,8,33356000,12,33342000,15,33357000,10,33341000,10,33358000,14,33340000,11,33359000,5
33352000,2,33353000,1,33351000,3,33354000,2,33350000,4,33355000,4,33349000,7,33356000,6,33348000,7,33357000,11,33347000,5,33358000,16,33346000,11,33359000,5,33345000,10,33360000,11,33344000,11,33361000,8,33343000,10,33362000,10
33353000,5,33356000,6,33352000,4,33357000,7,33351000,3,33358000,13,33350000,3,33359000,6,33349000,8,33360000,12,33348000,8,33361000,9,33347000,7,33362000,10,33346000,11,33363000,11,33345000,10,33364000,11,33344000,10,33365000,9
33358000,2,33360000,2,33357000,5,33361000,5,33356000,5,33362000,8,33355000,5,33363000,12,33354000,6,33364000,10,33353000,6,33365000,8,33352000,7,33366000,13,33351000,6,33367000,10,33350000,8,33368000,9,33349000,11,33369000,10
33361000,2,33363000,1,33360000,4,33364000,7,33359000,6,33365000,5,33358000,5,33366000,10,33357000,5,33367000,10,33356000,6,33368000,9,33355000,7,33369000,10,33354000,9,33370000,10,33353000,8,33371000,8,33352000,8,33372000,14
33365000,2,33366000,1,33364000,4,33367000,3,33363000,4,33368000,7,33362000,5,33369000,11,33361000,6,33370000,8,33360000,4,33371000,9,33359000,7,33372000,14,33358000,9,33373000,10,33357000,8,33374000,12,33356000,7,33375000,7
33366000,4,33369000,8,33365000,6,33370000,6,33364000,7,33371000,6,33363000,5,33372000,13,33362000,5,33373000,10,33361000,7,33374000,12,33360000,7,33375000,7,33359000,8,33376000,11,33358000,9,33377000,10,33357000,9,33378000,13
33366000,1,33368000,5,33365000,3,33369000,7,33364000,7,33370000,8,33363000,6,33371000,4,33362000,6,33372000,13,33361000,7,33373000,10,33360000,8,33374000,13,33359000,8,33375000,8,33358000,10,33376000,12,33357000,9,33377000,9
33367000,1,33369000,5,33366000,3,33370000,7,33365000,4,33371000,5,33364000,6,33372000,12,33363000,5,33373000,10,33362000,6,33374000,12,33361000,8,33375000,8,33360000,7,33376000,11,33359000,9,33377000,9,33358000,10,33378000,12
33367000,1,33369000,3,33366000,3,33370000,6,33365000,4,33371000,5,33364000,8,33372000,11,33363000,6,33373000,10,33362000,8,33374000,11,33361000,7,33375000,9,33360000,8,33376000,11,33359000,9,33377000,9,33358000,10,33378000,12
33368000,1,33370000,3,33367000,4,33371000,4,33366000,3,33372000,11,33365000,4,33373000,8,33364000,6,33374000,11,33363000,7,33375000,10,33362000,9,33376000,11,33361000,7,33377000,9,33360000,8,33378000,12,33359000,9,33379000,10
33370000,4,33373000,4,33369000,4,33374000,7,33368000,7,33375000,6,33367000,6,33376000,9,33366000,4,33377000,9,33365000,6,33378000,11,33364000,10,33379000,10,33363000,8,33380000,13,33362000,10,33381000,12,33361000,7,33382000,13
33377000,1,33378000,2,33376000,3,33379000,5,33375000,3,33380000,11,33374000,5,33381000,8,33373000,5,33382000,11,33372000,6,33383000,10,33371000,7,33384000,16,33370000,9,33385000,8,33369000,10,33386000,12,33368000,7,33387000,8
33380000,1,33381000,2,33379000,4,33382000,4,33378000,3,33383000,7,33377000,5,33384000,12,33376000,5,33385000,8,33375000,4,33386000,11,33374000,7,33387000,8,33373000,8,33388000,13,33372000,10,33389000,10,33371000,7,33390000,13
33382000,3,33384000,5,33381000,3,33385000,4,33380000,5,33386000,6,33379000,4,33387000,8,33378000,6,33388000,11,33377000,7,33389000,9,33376000,9,33390000,12,33375000,4,33391000,10,33374000,10,33392000,14,33373000,8,33393000,9
33386000,2,33388000,1,33385000,7,33389000,5,33384000,6,33390000,8,33383000,6,33391000,8,33382000,5,33392000,13,33381000,4,33393000,11,33380000,8,33394000,11,33379000,9,33395000,7,33378000,6,33396000,13,33377000,9,33397000,9
33386000,4,33389000,3,33385000,8,33390000,6,33384000,6,33391000,5,33383000,8,33392000,11,33382000,6,33393000,8,33381000,6,33394000,12,33380000,8,33395000,8,33379000,8,33396000,14,33378000,8,33397000,12,33377000,10,33398000,9
33381000,4,33384000,3,33380000,7,33385000,5,33379000,6,33386000,5,33378000,7,33387000,6,33377000,10,33388000,10,33376000,11,33389000,9,33375000,6,33390000,12,33374000,11,33391000,9,33373000,8,33392000,14,33372000,11,33393000,9
33377000,1,33378000,1,33376000,4,33379000,3,33375000,6,33380000,4,33374000,7,33381000,5,33373000,9,33382000,12,33372000,11,33383000,8,33371000,7,33384000,9,33370000,11,33385000,8,33369000,10,33386000,11,33368000,11,33387000,10
33381000,1,33382000,1,33380000,3,33383000,4,33379000,3,33384000,8,33378000,4,33385000,8,33377000,8,33386000,11,33376000,6,33387000,9,33375000,5,33388000,13,33374000,11,33389000,9,33373000,10,33390000,13,33372000,12,33391000,9
33378000,3,33380000,1,33377000,5,33381000,4,33376000,4,33382000,6,33375000,4,33383000,3,33374000,7,33384000,9,33373000,9,33385000,11,33372000,13,33386000,13,33371000,9,33387000,9,33370000,32,33388000,12,33369000,12,33389000,9
33383000,1,33384000,1,33382000,2,33385000,8,33381000,4,33386000,9,33380000,7,33387000,6,33379000,5,33388000,11,33378000,7,33389000,10,33377000,9,33390000,13,33376000,11,33391000,7,33375000,8,33392000,14,33374000,11,33393000,9
33381000,2,33383000,2,33380000,6,33384000,5,33379000,5,33385000,8,33378000,5,33386000,7,33377000,7,33387000,8,33376000,9,33388000,12,33375000,8,33389000,11,33374000,11,33390000,13,33373000,9,33391000,7,33372000,14,33392000,14
33384000,3,33386000,1,33383000,3,33387000,6,33382000,2,33388000,9,33381000,4,33389000,9,33380000,6,33390000,12,33379000,8,33391000,9,33378000,9,33392000,14,33377000,10,33393000,9,33376000,10,33394000,10,33375000,7,33395000,8
33388000,1,33389000,1,33387000,3,33390000,8,33386000,4,33391000,3,33385000,5,33392000,12,33384000,3,33393000,10,33383000,5,33394000,12,33382000,5,33395000,7,33381000,6,33396000,12,33380000,9,33397000,9,33379000,8,33398000,8
33386000,1,33387000,2,33385000,3,33388000,4,33384000,3,33389000,5,33383000,5,33390000,4,33382000,4,33391000,5,33381000,5,33392000,9,33380000,8,33393000,6,33379000,7,33394000,8,33378000,8,33395000,6,33377000,7,33396000,12
33394000,1,33396000,2,33393000,4,33397000,5,33392000,7,33398000,7,33391000,3,33399000,12,33390000,3,33400000,11,33389000,5,33401000,7,33388000,4,33402000,9,33387000,5,33403000,10,33386000,8,33404000,9,33385000,6,33405000,14
33391000,7,33393000,1,33390000,4,33394000,5,33389000,6,33395000,5,33388000,9,33396000,4,33387000,7,33397000,5,33386000,9,33398000,5,33385000,6,33399000,13,33384000,8,33400000,12,33383000,6,33401000,7,33382000,8,33402000,9
33392000,4,33394000,1,33391000,8,33395000,2,33390000,5,33396000,6,33389000,6,33397000,5,33388000,8,33398000,6,33387000,7,33399000,13,33386000,10,33400000,12,33385000,6,33401000,7,33384000,8,33402000,9,33383000,6,33403000,10
33391000,5,33393000,2,33390000,5,33394000,2,33389000,6,33395000,7,33388000,5,33396000,8,33387000,7,33397000,7,33386000,10,33398000,7,33385000,6,33399000,11,33384000,8,33400000,12,33383000,5,33401000,7,33382000,8,33402000,9
33388000,2,33391000,3,33387000,5,33392000,7,33386000,6,33393000,6,33385000,6,33394000,5,33384000,8,33395000,9,33383000,5,33396000,11,33382000,8,33397000,9,33381000,9,33398000,8,33380000,13,33399000,10,33379000,9,33400000,12
33386000,1,33388000,3,33385000,4,33389000,7,33384000,5,33390000,8,33383000,4,33391000,6,33382000,6,33392000,8,33381000,9,33393000,11,33380000,14,33394000,9,33379000,9,33395000,9,33378000,10,33396000,11,33377000,7,33397000,9
33388000,1,33389000,2,33387000,4,33390000,4,33386000,6,33391000,6,33385000,7,33392000,7,33384000,6,33393000,12,33383000,5,33394000,8,33382000,6,33395000,9,33381000,9,33396000,10,33380000,13,33397000,7,33379000,8,33398000,9
33391000,4,33393000,3,33390000,6,33394000,4,33389000,5,33395000,9,33388000,5,33396000,10,33387000,4,33397000,6,33386000,6,33398000,8,33385000,9,33399000,10,33384000,7,33400000,11,33383000,5,33401000,7,33382000,8,33402000,10
33395000,2,33396000,2,33394000,3,33397000,2,33393000,5,33398000,6,33392000,5,33399000,10,33391000,8,33400000,10,33390000,5,33401000,9,33389000,8,33402000,9,33388000,10,33403000,11,33387000,5,33404000,11,33386000,8,33405000,7
33393000,1,33394000,2,33392000,2,33395000,4,33391000,9,33396000,7,33390000,6,33397000,4,33389000,6,33398000,4,33388000,6,33399000,9,33387000,7,33400000,11,33386000,13,33401000,10,33385000,7,33402000,11,33384000,8,33403000,13
33395000,2,33396000,2,33394000,4,33397000,4,33393000,8,33398000,4,33392000,5,33399000,9,33391000,5,33400000,11,33390000,6,33401000,9,33389000,7,33402000,11,33388000,6,33403000,13,33387000,7,33404000,11,33386000,13,33405000,7
33393000,7,33395000,3,33392000,6,33396000,3,33391000,5,33397000,4,33390000,7,33398000,6,33389000,7,33399000,8,33388000,8,33400000,11,33387000,7,33401000,9,33386000,13,33402000,11,33385000,7,33403000,13,33384000,8,33404000,11
33390000,1,33391000,2,33389000,3,33392000,5,33388000,4,33393000,5,33387000,6,33394000,7,33386000,5,33395000,5,33385000,7,33396000,8,33384000,8,33397000,7,33383000,5,33398000,10,33382000,9,33399000,12,33381000,8,33400000,10
33387000,1,33388000,2,33386000,5,33389000,4,33385000,5,33390000,8,33384000,7,33391000,6,33383000,5,33392000,3,33382000,9,33393000,6,33381000,8,33394000,5,33380000,14,33395000,9,33379000,8,33396000,8,33378000,11,33397000,7
33381000,3,33383000,1,33380000,8,33384000,5,33379000,6,33385000,4,33378000,10,33386000,5,33377000,6,33387000,4,33376000,10,33388000,4,33375000,9,33389000,6,33374000,12,33390000,6,33373000,9,33391000,10,33372000,13,33392000,10
33382000,2,33385000,3,33381000,5,33386000,5,33380000,6,33387000,6,33379000,4,33388000,5,33378000,10,33389000,6,33377000,6,33390000,7,33376000,10,33391000,10,33375000,9,33392000,10,33374000,12,33393000,12,33373000,9,33394000,13
33381000,2,33382000,1,33380000,4,33383000,3,33379000,5,33384000,4,33378000,8,33385000,6,33377000,5,33386000,3,33376000,9,33387000,7,33375000,9,33388000,8,33374000,12,33389000,9,33373000,9,33390000,7,33372000,13,33391000,11
33386000,1,33388000,2,33385000,10,33389000,5,33384000,6,33390000,4,33383000,7,33391000,10,33382000,6,33392000,9,33381000,8,33393000,13,33380000,8,33394000,13,33379000,7,33395000,9,33378000,9,33396000,9,33377000,6,33397000,7
33384000,1,33386000,3,33383000,7,33387000,4,33382000,6,33388000,3,33381000,8,33389000,5,33380000,8,33390000,3,33379000,8,33391000,8,33378000,10,33392000,9,33377000,7,33393000,16,33376000,10,33394000,13,33375000,9,33395000,9
33380000,3,33381000,1,33379000,2,33382000,3,33378000,7,33383000,2,33377000,5,33384000,5,33376000,7,33385000,7,33375000,10,33386000,5,33374000,11,33387000,6,33373000,9,33388000,5,33372000,13,33389000,8,33371000,10,33390000,7
33383000,3,33386000,5,33382000,6,33387000,4,33381000,7,33388000,4,33380000,7,33389000,9,33379000,6,33390000,7,33378000,7,33391000,10,33377000,7,33392000,10,33376000,10,33393000,14,33375000,9,33394000,14,33374000,12,33395000,10
33383000,2,33385000,4,33382000,3,33386000,7,33381000,7,33387000,5,33380000,8,33388000,5,33379000,7,33389000,7,33378000,7,33390000,7,33377000,6,33391000,10,33376000,10,33392000,10,33375000,9,33393000,14,33374000,11,33394000,12
33383000,2,33385000,4,33382000,3,33386000,7,33381000,7,33387000,5,33380000,8,33388000,5,33379000,7,33389000,7,33378000,7,33390000,7,33377000,6,33391000,10,33376000,10,33392000,10,33375000,9,33393000,14,33374000,11,33394000,12
33387000,1,33389000,3,33386000,3,33390000,4,33385000,5,33391000,8,33384000,4,33392000,9,33383000,5,33393000,13,33382000,5,33394000,12,33381000,6,33395000,10,33380000,11,33396000,9,33379000,8,33397000,7,33378000,8,33398000,10
33387000,3,33390000,3,33386000,7,33391000,7,33385000,5,33392000,7,33384000,5,33393000,14,33383000,5,33394000,10,33382000,5,33395000,11,33381000,6,33396000,9,33380000,12,33397000,7,33379000,9,33398000,10,33378000,8,33399000,13
33384000,2,33386000,1,33383000,5,33387000,4,33382000,3,33388000,3,33381000,6,33389000,6,33380000,9,33390000,7,33379000,7,33391000,10,33378000,6,33392000,9,33377000,7,33393000,13,33376000,10,33394000,12,33375000,9,33395000,10
33377000,4,33380000,3,33376000,5,33381000,5,33375000,9,33382000,3,33374000,8,33383000,4,33373000,8,33384000,6,33372000,12,33385000,8,33371000,9,33386000,10,33370000,32,33387000,9,33369000,12,33388000,9,33368000,8,33389000,10
33378000,1,33380000,3,33377000,4,33381000,5,33376000,5,33382000,3,33375000,8,33383000,4,33374000,7,33384000,6,33373000,8,33385000,8,33372000,13,33386000,10,33371000,9,33387000,9,33370000,32,33388000,9,33369000,12,33389000,10
33380000,3,33383000,2,33379000,2,33384000,4,33378000,4,33385000,7,33377000,7,33386000,8,33376000,7,33387000,10,33375000,9,33388000,9,33374000,11,33389000,10,33373000,9,33390000,10,33372000,13,33391000,11,33371000,9,33392000,11
33381000,1,33383000,3,33380000,4,33384000,7,33379000,2,33385000,8,33378000,2,33386000,10,33377000,5,33387000,9,33376000,7,33388000,9,33375000,7,33389000,10,33374000,10,33390000,10,33373000,9,33391000,11,33372000,13,33392000,11
33378000,1,33380000,2,33377000,5,33381000,2,33376000,6,33382000,3,33375000,5,33383000,3,33374000,11,33384000,7,33373000,8,33385000,10,33372000,13,33386000,9,33371000,9,33387000,9,33370000,32,33388000,9,33369000,12,33389000,10
33380000,2,33382000,4,33379000,1,33383000,3,33378000,4,33384000,7,33377000,5,33385000,10,33376000,4,33386000,8,33375000,7,33387000,8,33374000,13,33388000,9,33373000,9,33389000,10,33372000,13,33390000,10,33371000,9,33391000,11
33381000,2,33383000,1,33380000,4,33384000,2,33379000,1,33385000,5,33378000,6,33386000,5,33377000,8,33387000,6,33376000,6,33388000,7,33375000,7,33389000,8,33374000,11,33390000,11,33373000,9,33391000,10,33372000,13,33392000,11
33382000,3,33383000,1,33381000,3,33384000,2,33380000,3,33385000,5,33379000,3,33386000,7,33378000,4,33387000,9,33377000,6,33388000,6,33376000,6,33389000,8,33375000,6,33390000,10,33374000,11,33391000,11,33373000,10,33392000,11
33384000,2,33386000,1,33383000,6,33387000,3,33382000,2,33388000,7,33381000,4,33389000,7,33380000,5,33390000,9,33379000,5,33391000,10,33378000,5,33392000,11,33377000,8,33393000,13,33376000,7,33394000,12,33375000,6,33395000,11
33387000,5,33389000,1,33386000,2,33390000,4,33385000,2,33391000,8,33384000,3,33392000,9,33383000,5,33393000,14,33382000,4,33394000,12,33381000,4,33395000,10,33380000,8,33396000,9,33379000,6,33397000,7,33378000,5,33398000,10
33384000,1,33385000,1,33383000,2,33386000,5,33382000,1,33387000,4,33381000,2,33388000,3,33380000,5,33389000,6,33379000,6,33390000,7,33378000,6,33391000,9,33377000,8,33392000,14,33376000,8,33393000,13,33375000,8,33394000,13
33380000,3,33382000,4,33379000,1,33383000,5,33378000,4,33384000,4,33377000,7,33385000,5,33376000,6,33386000,5,33375000,8,33387000,3,33374000,12,33388000,6,33373000,9,33389000,8,33372000,13,33390000,9,33371000,10,33391000,8
33385000,2,33387000,2,33384000,3,33388000,5,33383000,3,33389000,5,33382000,2,33390000,7,33381000,6,33391000,8,33380000,12,33392000,12,33379000,6,33393000,13,33378000,5,33394000,13,33377000,8,33395000,12,33376000,7,33396000,11
33389000,2,33391000,1,33388000,4,33392000,3,33387000,6,33393000,12,33386000,3,33394000,11,33385000,4,33395000,12,33384000,4,33396000,10,33383000,5,33397000,9,33382000,6,33398000,10,33381000,6,33399000,11,33380000,12,33400000,10
33387000,4,33390000,3,33386000,3,33391000,9,33385000,2,33392000,9,33384000,4,33393000,12,33383000,6,33394000,11,33382000,5,33395000,12,33381000,6,33396000,11,33380000,12,33397000,9,33379000,7,33398000,10,33378000,8,33399000,11
33383000,7,33386000,3,33382000,3,33387000,4,33381000,5,33388000,4,33380000,7,33389000,5,33379000,6,33390000,7,33378000,7,33391000,12,33377000,8,33392000,13,33376000,7,33393000,13,33375000,7,33394000,13,33374000,14,33395000,12
33380000,2,33381000,2,33379000,2,33382000,2,33378000,6,33383000,3,33377000,7,33384000,7,33376000,6,33385000,4,33375000,7,33386000,9,33374000,12,33387000,7,33373000,9,33388000,9,33372000,13,33389000,10,33371000,10,33390000,10
33374000,4,33376000,2,33373000,5,33377000,2,33372000,8,33378000,5,33371000,7,33379000,3,33370000,32,33380000,4,33369000,12,33381000,7,33368000,8,33382000,6,33367000,8,33383000,9,33366000,9,33384000,12,33365000,7,33385000,8
33374000,2,33376000,2,33373000,4,33377000,2,33372000,8,33378000,4,33371000,5,33379000,4,33370000,32,33380000,5,33369000,11,33381000,7,33368000,8,33382000,8,33367000,8,33383000,10,33366000,9,33384000,11,33365000,7,33385000,8
33370000,23,33372000,3,33369000,6,33373000,2,33368000,5,33374000,2,33367000,6,33375000,4,33366000,11,33376000,7,33365000,6,33377000,8,33364000,6,33378000,9,33363000,27,33379000,8,33362000,9,33380000,6,33361000,7,33381000,9
33367000,2,33369000,2,33366000,6,33370000,5,33365000,6,33371000,4,33364000,6,33372000,6,33363000,29,33373000,6,33362000,9,33374000,9,33361000,7,33375000,8,33360000,15,33376000,10,33359000,6,33377000,9,33358000,11,33378000,8
33363000,23,33364000,2,33362000,1,33365000,3,33361000,7,33366000,6,33360000,15,33367000,5,33359000,7,33368000,5,33358000,12,33369000,8,33357000,8,33370000,8,33356000,9,33371000,9,33355000,7,33372000,10,33354000,9,33373000,7
33360000,7,33361000,3,33359000,4,33362000,5,33358000,7,33363000,4,33357000,7,33364000,4,33356000,12,33365000,2,33355000,8,33366000,8,33354000,9,33367000,8,33353000,5,33368000,9,33352000,9,33369000,11,33351000,10,33370000,9
33357000,2,33359000,1,33356000,8,33360000,4,33355000,7,33361000,5,33354000,10,33362000,5,33353000,8,33363000,3,33352000,9,33364000,6,33351000,10,33365000,7,33350000,8,33366000,9,33349000,11,33367000,10,33348000,12,33368000,9
33358000,5,33360000,2,33357000,4,33361000,2,33356000,8,33362000,5,33355000,7,33363000,3,33354000,10,33364000,6,33353000,7,33365000,7,33352000,11,33366000,10,33351000,10,33367000,10,33350000,8,33368000,9,33349000,11,33369000,10
33357000,2,33358000,1,33356000,6,33359000,4,33355000,6,33360000,4,33354000,9,33361000,7,33353000,7,33362000,5,33352000,9,33363000,4,33351000,10,33364000,8,33350000,9,33365000,5,33349000,11,33366000,10,33348000,12,33367000,9
33354000,2,33355000,3,33353000,5,33356000,4,33352000,5,33357000,5,33351000,11,33358000,4,33350000,10,33359000,2,33349000,10,33360000,6,33348000,11,33361000,11,33347000,7,33362000,13,33346000,12,33363000,6,33345000,11,33364000,7
33350000,3,33351000,1,33349000,6,33352000,5,33348000,9,33353000,7,33347000,9,33354000,6,33346000,11,33355000,8,33345000,14,33356000,7,33344000,10,33357000,9,33343000,8,33358000,11,33342000,12,33359000,6,33341000,10,33360000,11
33354000,1,33355000,1,33353000,4,33356000,2,33352000,3,33357000,7,33351000,7,33358000,9,33350000,8,33359000,6,33349000,10,33360000,9,33348000,11,33361000,13,33347000,11,33362000,10,33346000,14,33363000,8,33345000,13,33364000,8
33355000,5,33357000,1,33354000,4,33358000,6,33353000,4,33359000,4,33352000,3,33360000,6,33351000,9,33361000,12,33350000,10,33362000,10,33349000,12,33363000,8,33348000,12,33364000,8,33347000,11,33365000,5,33346000,13,33366000,11
33356000,1,33358000,3,33355000,4,33359000,6,33354000,4,33360000,7,33353000,5,33361000,10,33352000,7,33362000,9,33351000,11,33363000,8,33350000,11,33364000,11,33349000,12,33365000,7,33348000,11,33366000,11,33347000,9,33367000,9
33355000,2,33358000,3,33354000,4,33359000,4,33353000,5,33360000,7,33352000,4,33361000,11,33351000,12,33362000,10,33350000,11,33363000,8,33349000,14,33364000,10,33348000,12,33365000,5,33347000,9,33366000,11,33346000,14,33367000,9
33356000,1,33358000,2,33355000,3,33359000,5,33354000,4,33360000,7,33353000,5,33361000,11,33352000,5,33362000,10,33351000,12,33363000,8,33350000,11,33364000,10,33349000,14,33365000,5,33348000,12,33366000,11,33347000,9,33367000,9
33356000,2,33358000,1,33355000,4,33359000,5,33354000,5,33360000,7,33353000,6,33361000,9,33352000,5,33362000,10,33351000,13,33363000,8,33350000,11,33364000,10,33349000,13,33365000,5,33348000,12,33366000,11,33347000,9,33367000,10
33352000,5,33355000,2,33351000,8,33356000,3,33350000,7,33357000,3,33349000,10,33358000,4,33348000,11,33359000,4,33347000,10,33360000,7,33346000,14,33361000,14,33345000,14,33362000,10,33344000,10,33363000,8,33343000,8,33364000,10
33352000,2,33353000,3,33351000,1,33354000,6,33350000,5,33355000,3,33349000,7,33356000,3,33348000,9,33357000,7,33347000,10,33358000,8,33346000,16,33359000,8,33345000,14,33360000,11,33344000,10,33361000,13,33343000,8,33362000,10
33351000,4,33354000,2,33350000,5,33355000,5,33349000,7,33356000,4,33348000,10,33357000,6,33347000,10,33358000,9,33346000,16,33359000,8,33345000,14,33360000,11,33344000,10,33361000,15,33343000,8,33362000,10,33342000,12,33363000,8
33357000,1,33358000,1,33356000,2,33359000,6,33355000,3,33360000,5,33354000,5,33361000,12,33353000,7,33362000,8,33352000,9,33363000,9,33351000,6,33364000,10,33350000,11,33365000,9,33349000,12,33366000,11,33348000,13,33367000,11
33363000,2,33365000,3,33362000,2,33366000,7,33361000,4,33367000,6,33360000,3,33368000,7,33359000,4,33369000,11,33358000,6,33370000,10,33357000,9,33371000,9,33356000,7,33372000,11,33355000,8,33373000,8,33354000,9,33374000,10
33363000,2,33365000,3,33362000,2,33366000,7,33361000,4,33367000,6,33360000,3,33368000,7,33359000,4,33369000,11,33358000,6,33370000,10,33357000,9,33371000,9,33356000,7,33372000,11,33355000,8,33373000,8,33354000,9,33374000,10
33363000,2,33365000,3,33362000,2,33366000,7,33361000,4,33367000,6,33360000,3,33368000,7,33359000,4,33369000,11,33358000,6,33370000,10,33357000,9,33371000,9,33356000,7,33372000,11,33355000,8,33373000,8,33354000,9,33374000,10
33366000,3,33367000,1,33365000,2,33368000,3,33364000,7,33369000,7,33363000,5,33370000,6,33362000,7,33371000,7,33361000,9,33372000,6,33360000,8,33373000,10,33359000,4,33374000,12,33358000,8,33375000,10,33357000,9,33376000,8
33362000,5,33365000,3,33361000,5,33366000,5,33360000,6,33367000,3,33359000,7,33368000,3,33358000,6,33369000,10,33357000,7,33370000,8,33356000,6,33371000,9,33355000,7,33372000,9,33354000,11,33373000,10,33353000,9,33374000,10
33359000,5,33362000,1,33358000,5,33363000,4,33357000,7,33364000,3,33356000,9,33365000,4,33355000,7,33366000,5,33354000,11,33367000,8,33353000,8,33368000,9,33352000,13,33369000,10,33351000,9,33370000,9,33350000,11,33371000,7
33359000,4,33361000,2,33358000,3,33362000,2,33357000,7,33363000,4,33356000,7,33364000,4,33355000,10,33365000,6,33354000,13,33366000,5,33353000,8,33367000,7,33352000,11,33368000,10,33351000,9,33369000,11,33350000,11,33370000,8
33359000,4,33361000,1,33358000,3,33362000,3,33357000,7,33363000,7,33356000,6,33364000,6,33355000,10,33365000,9,33354000,13,33366000,8,33353000,8,33367000,7,33352000,11,33368000,10,33351000,9,33369000,11,33350000,11,33370000,8
33359000,11,33362000,2,33358000,3,33363000,5,33357000,5,33364000,7,33356000,9,33365000,6,33355000,8,33366000,8,33354000,10,33367000,10,33353000,10,33368000,11,33352000,15,33369000,12,33351000,11,33370000,12,33350000,13,33371000,6
33359000,10,33361000,2,33358000,3,33362000,4,33357000,5,33363000,4,33356000,9,33364000,6,33355000,8,33365000,8,33354000,10,33366000,8,33353000,10,33367000,9,33352000,15,33368000,11,33351000,11,33369000,12,33350000,13,33370000,12
33362000,4,33365000,3,33361000,4,33366000,6,33360000,4,33367000,7,33359000,6,33368000,8,33358000,8,33369000,12,33357000,6,33370000,10,33356000,8,33371000,7,33355000,8,33372000,10,33354000,9,33373000,8,33353000,9,33374000,12
33356000,3,33359000,2,33355000,3,33360000,4,33354000,7,33361000,6,33353000,9,33362000,8,33352000,14,33363000,6,33351000,10,33364000,11,33350000,13,33365000,9,33349000,11,33366000,10,33348000,14,33367000,9,33347000,9,33368000,9
33358000,2,33360000,1,33357000,3,33361000,6,33356000,3,33362000,7,33355000,3,33363000,6,33354000,9,33364000,9,33353000,11,33365000,9,33352000,17,33366000,10,33351000,12,33367000,9,33350000,13,33368000,9,33349000,12,33369000,12
33362000,4,33364000,2,33361000,3,33365000,5,33360000,4,33366000,6,33359000,3,33367000,8,33358000,7,33368000,7,33357000,4,33369000,14,33356000,7,33370000,9,33355000,8,33371000,6,33354000,11,33372000,10,33353000,9,33373000,8
33361000,1,33363000,4,33360000,4,33364000,3,33359000,4,33365000,4,33358000,7,33366000,3,33357000,5,33367000,10,33356000,5,33368000,8,33355000,8,33369000,14,33354000,11,33370000,10,33353000,10,33371000,7,33352000,15,33372000,10
33358000,1,33359000,3,33357000,2,33360000,2,33356000,3,33361000,6,33355000,5,33362000,4,33354000,9,33363000,4,33353000,11,33364000,6,33352000,16,33365000,6,33351000,11,33366000,9,33350000,13,33367000,10,33349000,11,33368000,8
33358000,4,33361000,2,33357000,5,33362000,4,33356000,5,33363000,3,33355000,4,33364000,5,33354000,10,33365000,6,33353000,11,33366000,9,33352000,17,33367000,9,33351000,11,33368000,8,33350000,13,33369000,12,33349000,11,33370000,9
33361000,2,33364000,4,33360000,3,33365000,4,33359000,3,33366000,6,33358000,4,33367000,8,33357000,6,33368000,8,33356000,7,33369000,14,33355000,8,33370000,9,33354000,12,33371000,6,33353000,11,33372000,11,33352000,14,33373000,10
33361000,4,33364000,2,33360000,3,33365000,4,33359000,3,33366000,5,33358000,5,33367000,8,33357000,7,33368000,7,33356000,9,33369000,14,33355000,8,33370000,9,33354000,12,33371000,6,33353000,9,33372000,11,33352000,14,33373000,10
33365000,2,33367000,3,33364000,1,33368000,5,33363000,3,33369000,8,33362000,4,33370000,7,33361000,5,33371000,7,33360000,5,33372000,11,33359000,4,33373000,9,33358000,12,33374000,10,33357000,8,33375000,9,33356000,9,33376000,8
33362000,4,33365000,4,33361000,4,33366000,5,33360000,4,33367000,8,33359000,3,33368000,6,33358000,8,33369000,10,33357000,7,33370000,7,33356000,9,33371000,6,33355000,8,33372000,13,33354000,11,33373000,9,33353000,10,33374000,10
33366000,2,33367000,1,33365000,4,33368000,3,33364000,4,33369000,7,33363000,6,33370000,7,33362000,2,33371000,6,33361000,8,33372000,13,33360000,7,33373000,8,33359000,4,33374000,10,33358000,9,33375000,9,33357000,7,33376000,8
33364000,2,33365000,1,33363000,2,33366000,4,33362000,1,33367000,5,33361000,7,33368000,5,33360000,5,33369000,8,33359000,3,33370000,7,33358000,9,33371000,5,33357000,8,33372000,11,33356000,8,33373000,8,33355000,8,33374000,10
33364000,2,33365000,1,33363000,2,33366000,4,33362000,1,33367000,5,33361000,7,33368000,5,33360000,5,33369000,8,33359000,3,33370000,7,33358000,9,33371000,5,33357000,8,33372000,11,33356000,8,33373000,8,33355000,8,33374000,10
33368000,1,33369000,3,33367000,2,33370000,4,33366000,3,33371000,5,33365000,4,33372000,10,33364000,3,33373000,8,33363000,5,33374000,10,33362000,3,33375000,9,33361000,4,33376000,8,33360000,7,33377000,7,33359000,4,33378000,11
33365000,2,33366000,3,33363000,4,33367000,5,33362000,4,33368000,4,33361000,5,33369000,8,33360000,5,33370000,7,33359000,4,33371000,7,33358000,9,33372000,7,33357000,8,33373000,8,33356000,8,33374000,10,33355000,7,33375000,9
33366000,2,33368000,1,33365000,6,33369000,6,33364000,5,33370000,6,33363000,2,33371000,6,33362000,4,33372000,8,33361000,4,33373000,9,33360000,9,33374000,10,33359000,5,33375000,9,33358000,9,33376000,8,33357000,8,33377000,7
33369000,1,33371000,3,33368000,5,33372000,5,33367000,6,33373000,5,33366000,5,33374000,8,33365000,6,33375000,9,33364000,3,33376000,8,33363000,4,33377000,7,33362000,6,33378000,11,33361000,4,33379000,7,33360000,8,33380000,7
33366000,3,33367000,4,33365000,2,33368000,6,33364000,4,33369000,6,33363000,3,33370000,4,33362000,4,33371000,10,33361000,4,33372000,7,33360000,9,33373000,5,33359000,5,33374000,7,33358000,9,33375000,10,33357000,8,33376000,8
33366000,3,33369000,2,33365000,6,33370000,4,33364000,5,33371000,6,33363000,5,33372000,6,33362000,6,33373000,5,33361000,6,33374000,7,33360000,11,33375000,10,33359000,7,33376000,8,33358000,8,33377000,7,33357000,8,33378000,11
33365000,3,33366000,1,33364000,1,33367000,3,33363000,4,33368000,5,33362000,6,33369000,8,33361000,6,33370000,8,33360000,10,33371000,7,33359000,6,33372000,8,33358000,8,33373000,6,33357000,8,33374000,8,33356000,9,33375000,9
33369000,1,33370000,1,33368000,4,33371000,7,33367000,3,33372000,8,33366000,2,33373000,5,33365000,5,33374000,7,33364000,3,33375000,9,33363000,5,33376000,8,33362000,6,33377000,8,33361000,6,33378000,11,33360000,12,33379000,7
33369000,3,33372000,4,33368000,8,33373000,5,33367000,2,33374000,7,33366000,4,33375000,9,33365000,6,33376000,7,33364000,3,33377000,8,33363000,7,33378000,11,33362000,9,33379000,7,33361000,6,33380000,7,33360000,11,33381000,10
33369000,5,33372000,3,33368000,5,33373000,4,33367000,5,33374000,5,33366000,9,33375000,7,33365000,9,33376000,6,33364000,5,33377000,9,33363000,6,33378000,12,33362000,8,33379000,6,33361000,7,33380000,7,33360000,11,33381000,10
33365000,3,33367000,1,33364000,7,33368000,3,33363000,7,33369000,5,33362000,4,33370000,5,33361000,7,33371000,8,33360000,11,33372000,8,33359000,7,33373000,8,33358000,11,33374000,7,33357000,9,33375000,9,33356000,10,33376000,11
33362000,1,33364000,3,33361000,5,33365000,3,33360000,9,33366000,3,33359000,5,33367000,4,33358000,8,33368000,3,33357000,8,33369000,7,33356000,10,33370000,7,33355000,7,33371000,9,33354000,12,33372000,10,33353000,10,33373000,8
33361000,2,33363000,1,33360000,8,33364000,2,33359000,6,33365000,3,33358000,7,33366000,3,33357000,8,33367000,6,33356000,9,33368000,7,33355000,7,33369000,7,33354000,12,33370000,8,33353000,10,33371000,11,33352000,14,33372000,10
33362000,1,33364000,2,33361000,6,33365000,3,33360000,6,33366000,3,33359000,6,33367000,5,33358000,8,33368000,6,33357000,8,33369000,7,33356000,11,33370000,8,33355000,7,33371000,11,33354000,12,33372000,10,33353000,10,33373000,9
33360000,3,33363000,3,33359000,2,33364000,5,33358000,7,33365000,5,33357000,7,33366000,6,33356000,10,33367000,8,33355000,7,33368000,8,33354000,12,33369000,9,33353000,10,33370000,9,33352000,13,33371000,12,33351000,13,33372000,11
33361000,1,33363000,2,33360000,3,33364000,4,33359000,4,33365000,6,33358000,5,33366000,5,33357000,5,33367000,8,33356000,8,33368000,8,33355000,9,33369000,10,33354000,12,33370000,8,33353000,10,33371000,12,33352000,13,33372000,11
33361000,1,33363000,2,33360000,3,33364000,4,33359000,4,33365000,6,33358000,5,33366000,5,33357000,5,33367000,8,33356000,8,33368000,8,33355000,9,33369000,10,33354000,12,33370000,8,33353000,10,33371000,12,33352000,13,33372000,11
33357000,1,33360000,3,33356000,5,33361000,7,33355000,4,33362000,10,33354000,8,33363000,8,33353000,9,33364000,7,33352000,10,33365000,7,33351000,12,33366000,7,33350000,11,33367000,8,33349000,11,33368000,7,33348000,14,33369000,10
33351000,1,33353000,1,33350000,7,33354000,3,33349000,10,33355000,3,33348000,12,33356000,3,33347000,8,33357000,4,33346000,13,33358000,7,33345000,12,33359000,9,33344000,11,33360000,10,33343000,8,33361000,9,33342000,12,33362000,13
33350000,1,33352000,2,33349000,3,33353000,3,33348000,7,33354000,4,33347000,8,33355000,4,33346000,10,33356000,5,33345000,12,33357000,6,33344000,11,33358000,10,33343000,8,33359000,9,33342000,13,33360000,14,33341000,10,33361000,9
33347000,3,33349000,1,33346000,4,33350000,3,33345000,5,33351000,6,33344000,7,33352000,5,33343000,7,33353000,9,33342000,12,33354000,7,33341000,11,33355000,8,33340000,12,33356000,9,33339000,9,33357000,8,33338000,9,33358000,8
33352000,38,33353000,5,33350000,4,33354000,7,33349000,5,33355000,7,33348000,3,33356000,7,33347000,4,33357000,8,33346000,2,33358000,9,33345000,5,33359000,10,33344000,11,33360000,14,33343000,6,33361000,11,33342000,10,33362000,14
33355000,1,33356000,1,33354000,2,33357000,3,33353000,8,33358000,4,33352000,41,33359000,8,33351000,4,33360000,12,33350000,7,33361000,8,33349000,7,33362000,16,33348000,7,33363000,10,33347000,7,33364000,10,33346000,6,33365000,8
33356000,1,33359000,4,33355000,5,33360000,7,33354000,7,33361000,8,33353000,6,33362000,13,33352000,42,33363000,11,33351000,6,33364000,12,33350000,10,33365000,7,33349000,10,33366000,11,33348000,8,33367000,9,33347000,7,33368000,10
33360000,2,33363000,4,33359000,4,33364000,6,33358000,4,33365000,6,33357000,5,33366000,9,33356000,5,33367000,10,33355000,7,33368000,12,33354000,10,33369000,10,33353000,8,33370000,9,33352000,45,33371000,13,33351000,6,33372000,16
33365000,2,33368000,5,33364000,3,33369000,10,33363000,4,33370000,8,33362000,3,33371000,14,33361000,6,33372000,15,33360000,4,33373000,9,33359000,7,33374000,10,33358000,9,33375000,11,33357000,8,33376000,11,33356000,5,33377000,11
33366000,1,33368000,1,33365000,3,33369000,5,33364000,3,33370000,7,33363000,4,33371000,9,33362000,5,33372000,14,33361000,8,33373000,11,33360000,7,33374000,12,33359000,7,33375000,11,33358000,7,33376000,11,33357000,8,33377000,11
33362000,1,33363000,1,33361000,5,33364000,2,33360000,4,33365000,5,33359000,6,33366000,6,33358000,5,33367000,12,33357000,8,33368000,9,33356000,6,33369000,9,33355000,6,33370000,11,33354000,7,33371000,11,33353000,8,33372000,15
33365000,2,33366000,2,33364000,1,33367000,6,33363000,2,33368000,8,33362000,3,33369000,9,33361000,6,33370000,8,33360000,2,33371000,10,33359000,5,33372000,16,33358000,7,33373000,10,33357000,8,33374000,10,33356000,5,33375000,12
33366000,2,33368000,2,33365000,2,33369000,5,33364000,3,33370000,8,33363000,5,33371000,8,33362000,4,33372000,15,33361000,6,33373000,10,33360000,6,33374000,10,33359000,4,33375000,12,33358000,8,33376000,12,33357000,9,33377000,11
33370000,2,33372000,4,33369000,2,33373000,5,33368000,4,33374000,8,33367000,7,33375000,11,33366000,6,33376000,9,33365000,5,33377000,10,33364000,7,33378000,12,33363000,5,33379000,8,33362000,8,33380000,7,33361000,7,33381000,9
33365000,1,33367000,3,33364000,5,33368000,3,33363000,5,33369000,5,33362000,6,33370000,4,33361000,7,33371000,4,33360000,7,33372000,8,33359000,6,33373000,5,33358000,8,33374000,6,33357000,9,33375000,10,33356000,8,33376000,12
33367000,3,33370000,5,33366000,2,33371000,5,33365000,1,33372000,6,33364000,6,33373000,5,33363000,7,33374000,5,33362000,8,33375000,12,33361000,8,33376000,12,33360000,9,33377000,9,33359000,5,33378000,13,33358000,8,33379000,8
33370000,3,33373000,3,33369000,3,33374000,5,33368000,4,33375000,8,33367000,6,33376000,9,33366000,3,33377000,9,33365000,2,33378000,12,33364000,7,33379000,8,33363000,6,33380000,7,33362000,9,33381000,10,33361000,8,33382000,10
33367000,3,33369000,1,33366000,2,33370000,3,33365000,2,33371000,4,33364000,5,33372000,3,33363000,7,33373000,5,33362000,9,33374000,6,33361000,8,33375000,11,33360000,9,33376000,10,33359000,6,33377000,9,33358000,9,33378000,12
33366000,1,33368000,3,33365000,4,33369000,7,33364000,4,33370000,5,33363000,5,33371000,3,33362000,6,33372000,5,33361000,9,33373000,8,33360000,9,33374000,7,33359000,7,33375000,11,33358000,9,33376000,11,33357000,10,33377000,9
33369000,3,33371000,3,33368000,2,33372000,3,33367000,4,33373000,3,33366000,5,33374000,3,33365000,3,33375000,10,33364000,3,33376000,11,33363000,5,33377000,9,33362000,7,33378000,11,33361000,6,33379000,7,33360000,8,33380000,7
33365000,1,33367000,1,33364000,3,33368000,4,33363000,6,33369000,6,33362000,8,33370000,9,33361000,8,33371000,6,33360000,6,33372000,8,33359000,6,33373000,10,33358000,9,33374000,6,33357000,11,33375000,10,33356000,9,33376000,11
33363000,7,33365000,3,33362000,7,33366000,4,33361000,7,33367000,2,33360000,5,33368000,4,33359000,7,33369000,6,33358000,9,33370000,9,33357000,11,33371000,7,33356000,8,33372000,9,33355000,8,33373000,10,33354000,9,33374000,6
33359000,2,33362000,3,33358000,5,33363000,4,33357000,9,33364000,3,33356000,8,33365000,7,33355000,7,33366000,9,33354000,9,33367000,6,33353000,26,33368000,9,33352000,11,33369000,8,33351000,9,33370000,11,33350000,18,33371000,7
33361000,1,33363000,2,33360000,2,33364000,5,33359000,3,33365000,7,33358000,4,33366000,9,33357000,4,33367000,6,33356000,5,33368000,9,33355000,5,33369000,10,33354000,10,33370000,11,33353000,9,33371000,9,33352000,10,33372000,13
33360000,2,33362000,1,33359000,3,33363000,8,33358000,6,33364000,5,33357000,6,33365000,6,33356000,6,33366000,5,33355000,6,33367000,7,33354000,12,33368000,9,33353000,8,33369000,11,33352000,10,33370000,11,33351000,9,33371000,9
33358000,1,33360000,3,33357000,1,33361000,4,33356000,5,33362000,4,33355000,5,33363000,10,33354000,12,33364000,5,33353000,8,33365000,7,33352000,10,33366000,6,33351000,9,33367000,8,33350000,17,33368000,11,33349000,9,33369000,11
33352000,2,33353000,1,33351000,3,33354000,3,33350000,11,33355000,4,33349000,6,33356000,3,33348000,8,33357000,4,33347000,6,33358000,7,33346000,10,33359000,6,33345000,10,33360000,9,33344000,9,33361000,8,33343000,6,33362000,7
33348000,2,33350000,3,33347000,4,33351000,4,33346000,3,33352000,5,33345000,11,33353000,8,33344000,7,33354000,7,33343000,7,33355000,7,33342000,13,33356000,6,33341000,9,33357000,5,33340000,16,33358000,7,33339000,11,33359000,5
33346000,1,33348000,1,33345000,6,33349000,3,33344000,7,33350000,5,33343000,8,33351000,4,33342000,11,33352000,7,33341000,8,33353000,8,33340000,16,33354000,7,33339000,11,33355000,7,33338000,11,33356000,6,33337000,10,33357000,5
33346000,1,33348000,2,33345000,4,33349000,3,33344000,6,33350000,5,33343000,7,33351000,4,33342000,10,33352000,8,33341000,7,33353000,9,33340000,15,33354000,7,33339000,11,33355000,6,33338000,11,33356000,6,33337000,9,33357000,6
33349000,2,33351000,2,33348000,5,33352000,3,33347000,23,33353000,6,33346000,5,33354000,7,33345000,8,33355000,10,33344000,8,33356000,6,33343000,9,33357000,7,33342000,13,33358000,8,33341000,9,33359000,5,33340000,14,33360000,10
33348000,4,33351000,1,33347000,21,33352000,3,33346000,6,33353000,5,33345000,8,33354000,6,33344000,7,33355000,10,33343000,8,33356000,6,33342000,13,33357000,7,33341000,9,33358000,8,33340000,14,33359000,5,33339000,11,33360000,10
33350000,2,33352000,1,33349000,5,33353000,2,33348000,5,33354000,5,33347000,22,33355000,8,33346000,6,33356000,6,33345000,9,33357000,9,33344000,10,33358000,9,33343000,8,33359000,5,33342000,12,33360000,10,33341000,9,33361000,7
33349000,1,33350000,2,33348000,1,33351000,6,33347000,5,33352000,6,33346000,8,33353000,6,33345000,8,33354000,5,33344000,10,33355000,8,33343000,8,33356000,6,33342000,12,33357000,9,33341000,9,33358000,9,33340000,14,33359000,6
33346000,2,33348000,3,33345000,5,33349000,5,33344000,7,33350000,8,33343000,6,33351000,5,33342000,11,33352000,8,33341000,8,33353000,8,33340000,14,33354000,5,33339000,11,33355000,12,33338000,11,33356000,8,33337000,9,33357000,9
33346000,3,33349000,5,33345000,5,33350000,4,33344000,5,33351000,6,33343000,5,33352000,9,33342000,8,33353000,8,33341000,7,33354000,7,33340000,12,33355000,11,33339000,11,33356000,8,33338000,10,33357000,9,33337000,9,33358000,11
33344000,2,33346000,2,33343000,2,33347000,5,33342000,6,33348000,4,33341000,5,33349000,6,33340000,11,33350000,4,33339000,11,33351000,4,33338000,10,33352000,7,33337000,9,33353000,7,33336000,13,33354000,6,33335000,10,33355000,8
33344000,2,33346000,2,33343000,2,33347000,5,33342000,6,33348000,4,33341000,5,33349000,6,33340000,11,33350000,4,33339000,11,33351000,4,33338000,10,33352000,7,33337000,9,33353000,7,33336000,13,33354000,6,33335000,10,33355000,8
33339000,2,33340000,1,33338000,6,33341000,2,33337000,9,33342000,4,33336000,11,33343000,3,33335000,10,33344000,8,33334000,9,33345000,12,33333000,9,33346000,7,33332000,11,33347000,7,33331000,12,33348000,5,33330000,14,33349000,8
33339000,3,33341000,1,33338000,5,33342000,6,33337000,6,33343000,4,33336000,4,33344000,8,33335000,7,33345000,13,33334000,11,33346000,11,33333000,9,33347000,8,33332000,13,33348000,9,33331000,12,33349000,8,33330000,14,33350000,7
33344000,1,33346000,5,33343000,2,33347000,6,33342000,3,33348000,7,33341000,2,33349000,8,33340000,6,33350000,5,33339000,7,33351000,7,33338000,8,33352000,9,33337000,7,33353000,8,33336000,7,33354000,9,33335000,9,33355000,11
33345000,4,33346000,2,33344000,1,33347000,5,33343000,5,33348000,7,33342000,4,33349000,6,33341000,2,33350000,5,33340000,6,33351000,7,33339000,8,33352000,10,33338000,6,33353000,8,33337000,7,33354000,9,33336000,8,33355000,9
33345000,1,33347000,1,33344000,5,33348000,6,33343000,6,33349000,7,33342000,3,33350000,5,33341000,3,33351000,6,33340000,5,33352000,8,33339000,8,33353000,8,33338000,7,33354000,9,33337000,7,33355000,9,33336000,8,33356000,9
33350000,1,33352000,5,33349000,2,33353000,7,33348000,2,33354000,6,33347000,3,33355000,10,33346000,9,33356000,9,33345000,5,33357000,9,33344000,5,33358000,11,33343000,7,33359000,7,33342000,7,33360000,11,33341000,6,33361000,10
33353000,2,33355000,1,33352000,4,33356000,5,33351000,6,33357000,6,33350000,4,33358000,10,33349000,3,33359000,7,33348000,3,33360000,11,33347000,5,33361000,8,33346000,13,33362000,9,33345000,6,33363000,10,33344000,8,33364000,8
33355000,2,33358000,5,33354000,4,33359000,7,33353000,3,33360000,11,33352000,8,33361000,8,33351000,4,33362000,7,33350000,6,33363000,11,33349000,9,33364000,8,33348000,6,33365000,9,33347000,6,33366000,10,33346000,8,33367000,11
33359000,1,33361000,4,33358000,6,33362000,2,33357000,4,33363000,9,33356000,7,33364000,7,33355000,4,33365000,9,33354000,7,33366000,9,33353000,7,33367000,11,33352000,12,33368000,7,33351000,7,33369000,12,33350000,7,33370000,10
33358000,9,33360000,4,33357000,4,33361000,6,33356000,6,33362000,3,33355000,4,33363000,9,33354000,8,33364000,8,33353000,7,33365000,11,33352000,7,33366000,9,33351000,7,33367000,11,33350000,8,33368000,7,33349000,6,33369000,12
33362000,4,33364000,1,33361000,4,33365000,3,33360000,3,33366000,7,33359000,3,33367000,9,33358000,5,33368000,6,33357000,3,33369000,11,33356000,6,33370000,10,33355000,6,33371000,9,33354000,7,33372000,14,33353000,9,33373000,11
33364000,2,33366000,1,33363000,3,33367000,4,33362000,3,33368000,4,33361000,9,33369000,11,33360000,4,33370000,10,33359000,5,33371000,10,33358000,7,33372000,15,33357000,7,33373000,10,33356000,5,33374000,8,33355000,8,33375000,12
33364000,2,33366000,1,33363000,3,33367000,4,33362000,3,33368000,4,33361000,9,33369000,11,33360000,4,33370000,10,33359000,5,33371000,10,33358000,7,33372000,15,33357000,7,33373000,10,33356000,5,33374000,8,33355000,8,33375000,12
33365000,3,33366000,1,33364000,6,33367000,1,33363000,5,33368000,6,33362000,6,33369000,4,33361000,12,33370000,6,33360000,5,33371000,8,33359000,5,33372000,14,33358000,7,33373000,10,33357000,7,33374000,9,33356000,5,33375000,12
33363000,5,33365000,5,33362000,4,33366000,5,33361000,7,33367000,8,33360000,4,33368000,7,33359000,9,33369000,7,33358000,7,33370000,10,33357000,7,33371000,10,33356000,6,33372000,15,33355000,5,33373000,8,33354000,7,33374000,7
33360000,2,33361000,2,33359000,4,33362000,5,33358000,5,33363000,11,33357000,5,33364000,5,33356000,7,33365000,4,33355000,6,33366000,8,33354000,6,33367000,9,33353000,5,33368000,7,33352000,6,33369000,10,33351000,8,33370000,10
33362000,1,33363000,4,33361000,4,33364000,4,33360000,3,33365000,4,33359000,6,33366000,7,33358000,5,33367000,8,33357000,6,33368000,9,33356000,7,33369000,10,33355000,8,33370000,10,33354000,6,33371000,9,33353000,5,33372000,15
33364000,3,33366000,1,33363000,4,33367000,3,33362000,7,33368000,5,33361000,6,33369000,10,33360000,5,33370000,9,33359000,7,33371000,9,33358000,9,33372000,14,33357000,9,33373000,8,33356000,9,33374000,11,33355000,8,33375000,11
33363000,3,33364000,4,33362000,2,33365000,5,33361000,5,33366000,8,33360000,4,33367000,6,33359000,9,33368000,5,33358000,9,33369000,9,33357000,9,33370000,8,33356000,9,33371000,9,33355000,8,33372000,14,33354000,6,33373000,8
33360000,3,33362000,2,33359000,5,33363000,1,33358000,5,33364000,5,33357000,7,33365000,7,33356000,7,33366000,6,33355000,7,33367000,8,33354000,6,33368000,6,33353000,5,33369000,10,33352000,6,33370000,10,33351000,7,33371000,9
33357000,1,33358000,2,33356000,3,33359000,4,33355000,6,33360000,6,33354000,6,33361000,9,33353000,6,33362000,8,33352000,8,33363000,5,33351000,7,33364000,7,33350000,9,33365000,7,33349000,7,33366000,9,33348000,8,33367000,7
33355000,2,33356000,1,33354000,2,33357000,3,33353000,4,33358000,7,33352000,5,33359000,6,33351000,7,33360000,7,33350000,8,33361000,11,33349000,9,33362000,8,33348000,8,33363000,6,33347000,7,33364000,8,33346000,10,33365000,7
33350000,4,33353000,3,33349000,5,33354000,4,33348000,7,33355000,5,33347000,8,33356000,5,33346000,10,33357000,8,33345000,9,33358000,12,33344000,9,33359000,6,33343000,7,33360000,9,33342000,8,33361000,12,33341000,6,33362000,9
33347000,1,33349000,5,33346000,2,33350000,5,33345000,8,33351000,4,33344000,7,33352000,5,33343000,9,33353000,9,33342000,8,33354000,8,33341000,5,33355000,10,33340000,9,33356000,9,33339000,9,33357000,10,33338000,7,33358000,12
33349000,1,33351000,1,33348000,6,33352000,5,33347000,4,33353000,6,33346000,3,33354000,7,33345000,10,33355000,8,33344000,5,33356000,8,33343000,8,33357000,10,33342000,10,33358000,13,33341000,8,33359000,8,33340000,10,33360000,10
33353000,1,33354000,1,33352000,1,33355000,5,33351000,4,33356000,7,33350000,5,33357000,8,33349000,5,33358000,11,33348000,6,33359000,8,33347000,5,33360000,10,33346000,8,33361000,11,33345000,10,33362000,10,33344000,8,33363000,7
33355000,6,33357000,1,33354000,6,33358000,7,33353000,7,33359000,5,33352000,2,33360000,7,33351000,5,33361000,11,33350000,7,33362000,10,33349000,7,33363000,7,33348000,9,33364000,8,33347000,7,33365000,7,33346000,7,33366000,11
33355000,2,33358000,5,33354000,5,33359000,7,33353000,9,33360000,6,33352000,5,33361000,9,33351000,7,33362000,8,33350000,10,33363000,7,33349000,7,33364000,9,33348000,9,33365000,7,33347000,11,33366000,11,33346000,8,33367000,7
33357000,1,33359000,2,33356000,5,33360000,5,33355000,4,33361000,10,33354000,7,33362000,7,33353000,8,33363000,7,33352000,6,33364000,7,33351000,9,33365000,6,33350000,10,33366000,11,33349000,9,33367000,8,33348000,9,33368000,9
33357000,2,33360000,3,33356000,4,33361000,4,33355000,6,33362000,6,33354000,8,33363000,4,33353000,9,33364000,4,33352000,7,33365000,8,33351000,10,33366000,10,33350000,9,33367000,7,33349000,9,33368000,9,33348000,10,33369000,11
33358000,3,33361000,4,33357000,7,33362000,6,33356000,6,33363000,4,33355000,5,33364000,4,33354000,5,33365000,7,33353000,9,33366000,10,33352000,8,33367000,7,33351000,10,33368000,9,33350000,9,33369000,11,33349000,9,33370000,12
33361000,1,33362000,2,33360000,2,33363000,3,33359000,4,33364000,3,33358000,3,33365000,7,33357000,6,33366000,10,33356000,4,33367000,7,33355000,5,33368000,8,33354000,6,33369000,11,33353000,9,33370000,12,33352000,8,33371000,9
33353000,3,33355000,1,33352000,4,33356000,3,33351000,6,33357000,4,33350000,7,33358000,5,33349000,8,33359000,4,33348000,10,33360000,7,33347000,7,33361000,7,33346000,9,33362000,8,33345000,9,33363000,4,33344000,8,33364000,8
33353000,4,33356000,4,33352000,5,33357000,4,33351000,6,33358000,6,33350000,6,33359000,5,33349000,5,33360000,7,33348000,8,33361000,7,33347000,9,33362000,8,33346000,10,33363000,6,33345000,8,33364000,8,33344000,8,33365000,7
33353000,1,33355000,2,33352000,3,33356000,4,33351000,9,33357000,5,33350000,5,33358000,4,33349000,6,33359000,6,33348000,8,33360000,9,33347000,10,33361000,7,33346000,9,33362000,7,33345000,8,33363000,6,33344000,8,33364000,8
33354000,3,33356000,1,33353000,6,33357000,3,33352000,6,33358000,4,33351000,9,33359000,6,33350000,7,33360000,7,33349000,5,33361000,7,33348000,8,33362000,7,33347000,9,33363000,6,33346000,9,33364000,8,33345000,8,33365000,9
33358000,1,33359000,2,33357000,5,33360000,1,33356000,7,33361000,5,33355000,6,33362000,6,33354000,5,33363000,6,33353000,8,33364000,7,33352000,5,33365000,10,33351000,7,33366000,11,33350000,10,33367000,8,33349000,8,33368000,9
33361000,2,33362000,1,33360000,2,33363000,4,33359000,3,33364000,6,33358000,4,33365000,8,33357000,4,33366000,10,33356000,5,33367000,8,33355000,7,33368000,9,33354000,7,33369000,10,33353000,10,33370000,12,33352000,9,33371000,10
33358000,1,33360000,2,33357000,3,33361000,6,33356000,3,33362000,7,33355000,5,33363000,7,33354000,4,33364000,7,33353000,10,33365000,11,33352000,9,33366000,13,33351000,8,33367000,8,33350000,9,33368000,9,33349000,8,33369000,10
33359000,5,33361000,2,33358000,3,33362000,6,33357000,5,33363000,7,33356000,7,33364000,6,33355000,6,33365000,11,33354000,3,33366000,12,33353000,10,33367000,8,33352000,7,33368000,9,33351000,8,33369000,10,33350000,9,33370000,12
33357000,6,33358000,1,33356000,3,33359000,3,33355000,6,33360000,2,33354000,4,33361000,5,33353000,8,33362000,6,33352000,9,33363000,7,33351000,8,33364000,7,33350000,9,33365000,12,33349000,8,33366000,12,33348000,10,33367000,9
33359000,4,33361000,2,33358000,3,33362000,6,33357000,3,33363000,7,33356000,3,33364000,6,33355000,4,33365000,13,33354000,5,33366000,10,33353000,9,33367000,9,33352000,9,33368000,8,33351000,8,33369000,10,33350000,9,33370000,11
33358000,3,33360000,2,33357000,5,33361000,5,33356000,3,33362000,3,33355000,5,33363000,7,33354000,5,33364000,8,33353000,8,33365000,13,33352000,9,33366000,10,33351000,8,33367000,9,33350000,9,33368000,8,33349000,8,33369000,10
33360000,1,33361000,1,33359000,3,33362000,2,33358000,5,33363000,7,33357000,4,33364000,5,33356000,4,33365000,13,33355000,4,33366000,11,33354000,7,33367000,9,33353000,9,33368000,8,33352000,9,33369000,10,33351000,8,33370000,14
33363000,2,33364000,1,33362000,3,33365000,9,33361000,5,33366000,7,33360000,4,33367000,8,33359000,3,33368000,8,33358000,4,33369000,10,33357000,9,33370000,11,33356000,6,33371000,9,33355000,7,33372000,14,33354000,7,33373000,11
33361000,1,33363000,3,33360000,1,33364000,5,33359000,3,33365000,7,33358000,5,33366000,7,33357000,7,33367000,8,33356000,7,33368000,8,33355000,7,33369000,10,33354000,8,33370000,11,33353000,8,33371000,9,33352000,9,33372000,14
33362000,1,33364000,1,33361000,4,33365000,6,33360000,4,33366000,8,33359000,4,33367000,8,33358000,4,33368000,8,33357000,6,33369000,10,33356000,6,33370000,11,33355000,7,33371000,9,33354000,8,33372000,14,33353000,8,33373000,9
33360000,1,33361000,1,33359000,1,33362000,4,33358000,4,33363000,5,33357000,7,33364000,5,33356000,4,33365000,7,33355000,6,33366000,8,33354000,8,33367000,9,33353000,8,33368000,9,33352000,9,33369000,10,33351000,7,33370000,11
33357000,2,33359000,2,33356000,3,33360000,5,33355000,4,33361000,6,33354000,6,33362000,5,33353000,7,33363000,6,33352000,8,33364000,7,33351000,7,33365000,10,33350000,10,33366000,10,33349000,8,33367000,9,33348000,12,33368000,8
33361000,4,33363000,1,33360000,5,33364000,3,33359000,5,33365000,6,33358000,5,33366000,9,33357000,4,33367000,9,33356000,5,33368000,8,33355000,6,33369000,10,33354000,8,33370000,12,33353000,8,33371000,9,33352000,9,33372000,14
33364000,1,33365000,2,33363000,4,33366000,5,33362000,3,33367000,7,33361000,7,33368000,5,33360000,4,33369000,10,33359000,3,33370000,12,33358000,10,33371000,9,33357000,12,33372000,14,33356000,8,33373000,9,33355000,8,33374000,8
33362000,2,33364000,2,33361000,2,33365000,17,33360000,3,33366000,7,33359000,3,33367000,10,33358000,7,33368000,5,33357000,9,33369000,11,33356000,9,33370000,13,33355000,7,33371000,9,33354000,8,33372000,13,33353000,9,33373000,9
33363000,4,33365000,11,33362000,4,33366000,5,33361000,5,33367000,9,33360000,4,33368000,4,33359000,3,33369000,11,33358000,10,33370000,12,33357000,10,33371000,9,33356000,9,33372000,13,33355000,7,33373000,9,33354000,8,33374000,8
33362000,1,33364000,3,33361000,3,33365000,4,33360000,1,33366000,2,33359000,4,33367000,6,33358000,7,33368000,5,33357000,8,33369000,11,33356000,9,33370000,11,33355000,8,33371000,9,33354000,9,33372000,13,33353000,10,33373000,9
33357000,3,33359000,1,33356000,6,33360000,5,33355000,5,33361000,5,33354000,6,33362000,4,33353000,10,33363000,6,33352000,9,33364000,5,33351000,8,33365000,7,33350000,11,33366000,8,33349000,9,33367000,11,33348000,12,33368000,8
33356000,2,33357000,1,33355000,4,33358000,8,33354000,6,33359000,5,33353000,7,33360000,6,33352000,9,33361000,6,33351000,8,33362000,5,33350000,11,33363000,7,33349000,9,33364000,7,33348000,12,33365000,7,33347000,10,33366000,9
33353000,1,33355000,4,33352000,3,33356000,6,33351000,4,33357000,5,33350000,8,33358000,7,33349000,6,33359000,6,33348000,12,33360000,7,33347000,10,33361000,8,33346000,11,33362000,9,33345000,8,33363000,7,33344000,8,33364000,7
33355000,1,33356000,2,33354000,3,33357000,3,33353000,5,33358000,8,33352000,6,33359000,9,33351000,9,33360000,10,33350000,6,33361000,9,33349000,10,33362000,9,33348000,13,33363000,10,33347000,10,33364000,7,33346000,11,33365000,8
33352000,4,33355000,3,33351000,4,33356000,3,33350000,7,33357000,2,33349000,9,33358000,7,33348000,9,33359000,8,33347000,8,33360000,11,33346000,11,33361000,10,33345000,10,33362000,11,33344000,8,33363000,12,33343000,11,33364000,7
33355000,3,33357000,3,33354000,6,33358000,5,33353000,5,33359000,8,33352000,6,33360000,9,33351000,5,33361000,9,33350000,6,33362000,11,33349000,11,33363000,12,33348000,12,33364000,7,33347000,10,33365000,9,33346000,11,33366000,11
33354000,3,33355000,1,33353000,1,33356000,7,33352000,6,33357000,7,33351000,5,33358000,6,33350000,6,33359000,8,33349000,10,33360000,9,33348000,12,33361000,9,33347000,10,33362000,11,33346000,11,33363000,12,33345000,10,33364000,7
33356000,6,33357000,5,33354000,3,33358000,6,33353000,5,33359000,8,33352000,9,33360000,10,33351000,8,33361000,9,33350000,6,33362000,11,33349000,10,33363000,12,33348000,11,33364000,7,33347000,11,33365000,9,33346000,11,33366000,12
33359000,4,33361000,3,33358000,4,33362000,8,33357000,5,33363000,11,33356000,8,33364000,5,33355000,2,33365000,9,33354000,5,33366000,12,33353000,7,33367000,10,33352000,13,33368000,8,33351000,10,33369000,10,33350000,7,33370000,11
33364000,7,33365000,1,33363000,3,33366000,4,33362000,5,33367000,6,33361000,4,33368000,4,33360000,5,33369000,10,33359000,5,33370000,12,33358000,8,33371000,9,33357000,7,33372000,15,33356000,5,33373000,9,33355000,6,33374000,9
33366000,1,33367000,1,33365000,5,33368000,1,33364000,7,33369000,9,33363000,6,33370000,9,33362000,9,33371000,9,33361000,7,33372000,14,33360000,7,33373000,9,33359000,7,33374000,9,33358000,13,33375000,11,33357000,8,33376000,13
33371000,4,33374000,3,33370000,5,33375000,9,33369000,5,33376000,9,33368000,4,33377000,9,33367000,5,33378000,11,33366000,8,33379000,9,33365000,10,33380000,9,33364000,17,33381000,9,33363000,7,33382000,11,33362000,10,33383000,14
33373000,3,33375000,1,33372000,3,33376000,2,33371000,4,33377000,9,33370000,6,33378000,8,33369000,7,33379000,10,33368000,8,33380000,11,33367000,8,33381000,11,33366000,8,33382000,12,33365000,11,33383000,10,33364000,11,33384000,11
33373000,3,33375000,1,33372000,3,33376000,2,33371000,4,33377000,9,33370000,6,33378000,8,33369000,7,33379000,10,33368000,8,33380000,11,33367000,8,33381000,11,33366000,8,33382000,12,33365000,11,33383000,10,33364000,11,33384000,11
33373000,3,33375000,1,33372000,3,33376000,2,33371000,4,33377000,9,33370000,6,33378000,8,33369000,7,33379000,10,33368000,8,33380000,11,33367000,8,33381000,11,33366000,8,33382000,12,33365000,11,33383000,10,33364000,11,33384000,11
33380000,1,33382000,4,33379000,1,33383000,10,33378000,3,33384000,11,33377000,3,33385000,10,33376000,1,33386000,11,33375000,2,33387000,6,33374000,8,33388000,15,33373000,12,33389000,9,33372000,6,33390000,11,33371000,6,33391000,10
33377000,6,33379000,3,33376000,4,33380000,6,33375000,4,33381000,7,33374000,7,33382000,8,33373000,9,33383000,8,33372000,10,33384000,12,33371000,8,33385000,12,33370000,11,33386000,13,33369000,10,33387000,5,33368000,7,33388000,15
33379000,5,33380000,3,33378000,4,33381000,3,33377000,5,33382000,7,33376000,4,33383000,7,33375000,3,33384000,12,33374000,6,33385000,13,33373000,9,33386000,13,33372000,10,33387000,5,33371000,10,33388000,15,33370000,11,33389000,9
33381000,3,33383000,2,33380000,5,33384000,6,33379000,4,33385000,8,33378000,3,33386000,10,33377000,11,33387000,9,33376000,10,33388000,16,33375000,8,33389000,9,33374000,10,33390000,11,33373000,7,33391000,10,33372000,10,33392000,12
33381000,3,33383000,6,33380000,5,33384000,2,33379000,3,33385000,9,33378000,2,33386000,9,33377000,10,33387000,9,33376000,10,33388000,16,33375000,8,33389000,10,33374000,9,33390000,11,33373000,7,33391000,10,33372000,10,33392000,12
33384000,3,33385000,1,33383000,4,33386000,5,33382000,5,33387000,6,33381000,6,33388000,13,33380000,5,33389000,10,33379000,8,33390000,13,33378000,6,33391000,10,33377000,11,33392000,12,33376000,10,33393000,8,33375000,8,33394000,10
33382000,5,33384000,3,33381000,6,33385000,7,33380000,4,33386000,6,33379000,4,33387000,7,33378000,4,33388000,16,33377000,10,33389000,10,33376000,11,33390000,14,33375000,8,33391000,11,33374000,10,33392000,12,33373000,7,33393000,8
33382000,1,33384000,3,33381000,4,33385000,9,33380000,4,33386000,6,33379000,4,33387000,7,33378000,4,33388000,17,33377000,9,33389000,13,33376000,10,33390000,13,33375000,10,33391000,10,33374000,10,33392000,12,33373000,7,33393000,8
33382000,6,33385000,5,33381000,4,33386000,5,33380000,5,33387000,6,33379000,3,33388000,15,33378000,4,33389000,12,33377000,9,33390000,15,33376000,10,33391000,10,33375000,10,33392000,12,33374000,9,33393000,8,33373000,6,33394000,10
33382000,5,33384000,2,33381000,3,33385000,7,33380000,4,33386000,7,33379000,4,33387000,5,33378000,4,33388000,17,33377000,10,33389000,11,33376000,10,33390000,15,33375000,9,33391000,11,33374000,9,33392000,12,33373000,6,33393000,8
33381000,2,33383000,2,33380000,3,33384000,4,33379000,5,33385000,5,33378000,5,33386000,5,33377000,9,33387000,8,33376000,7,33388000,16,33375000,10,33389000,13,33374000,9,33390000,16,33373000,6,33391000,11,33372000,10,33392000,12
33385000,2,33387000,2,33384000,4,33388000,12,33383000,5,33389000,10,33382000,8,33390000,11,33381000,7,33391000,11,33380000,8,33392000,14,33379000,8,33393000,8,33378000,9,33394000,10,33377000,7,33395000,8,33376000,7,33396000,11
33381000,6,33383000,1,33380000,8,33384000,1,33379000,5,33385000,4,33378000,6,33386000,4,33377000,6,33387000,6,33376000,8,33388000,17,33375000,8,33389000,12,33374000,10,33390000,15,33373000,7,33391000,13,33372000,11,33392000,13
33381000,6,33383000,1,33380000,8,33384000,1,33379000,5,33385000,4,33378000,6,33386000,4,33377000,6,33387000,6,33376000,8,33388000,17,33375000,8,33389000,12,33374000,10,33390000,15,33373000,7,33391000,13,33372000,11,33392000,13
33378000,3,33381000,5,33377000,3,33382000,11,33376000,3,33383000,7,33375000,8,33384000,1,33374000,10,33385000,6,33373000,7,33386000,6,33372000,11,33387000,7,33371000,9,33388000,17,33370000,14,33389000,12,33369000,10,33390000,13
33383000,2,33385000,1,33382000,4,33386000,3,33381000,5,33387000,6,33380000,7,33388000,14,33379000,6,33389000,12,33378000,7,33390000,15,33377000,8,33391000,12,33376000,9,33392000,13,33375000,8,33393000,8,33374000,9,33394000,10
33388000,3,33389000,1,33387000,3,33390000,5,33386000,5,33391000,10,33385000,7,33392000,12,33384000,9,33393000,10,33383000,10,33394000,10,33382000,10,33395000,8,33381000,11,33396000,9,33380000,11,33397000,8,33379000,7,33398000,9
33386000,3,33389000,3,33385000,6,33390000,5,33384000,9,33391000,8,33383000,9,33392000,10,33382000,10,33393000,11,33381000,11,33394000,12,33380000,11,33395000,11,33379000,9,33396000,10,33378000,10,33397000,8,33377000,7,33398000,9
33387000,2,33389000,1,33386000,2,33390000,4,33385000,6,33391000,8,33384000,5,33392000,10,33383000,7,33393000,12,33382000,7,33394000,11,33381000,12,33395000,11,33380000,11,33396000,9,33379000,10,33397000,8,33378000,8,33398000,9
33391000,1,33392000,4,33390000,8,33393000,5,33389000,9,33394000,9,33388000,5,33395000,8,33387000,8,33396000,11,33386000,4,33397000,11,33385000,12,33398000,9,33384000,10,33399000,13,33383000,7,33400000,32,33382000,10,33401000,10
33387000,1,33388000,1,33386000,5,33389000,5,33385000,9,33390000,2,33384000,7,33391000,5,33383000,7,33392000,10,33382000,8,33393000,7,33381000,10,33394000,10,33380000,10,33395000,12,33379000,9,33396000,12,33378000,8,33397000,9
33388000,4,33390000,3,33387000,5,33391000,4,33386000,9,33392000,6,33385000,11,33393000,10,33384000,6,33394000,8,33383000,9,33395000,10,33382000,10,33396000,11,33381000,10,33397000,10,33380000,13,33398000,12,33379000,9,33399000,13
33387000,3,33388000,1,33386000,8,33389000,3,33385000,10,33390000,5,33384000,6,33391000,4,33383000,9,33392000,8,33382000,10,33393000,12,33381000,10,33394000,8,33380000,13,33395000,12,33379000,9,33396000,12,33378000,9,33397000,9
33391000,1,33392000,1,33390000,3,33393000,11,33389000,5,33394000,8,33388000,7,33395000,8,33387000,7,33396000,10,33386000,7,33397000,9,33385000,13,33398000,12,33384000,8,33399000,12,33383000,9,33400000,31,33382000,10,33401000,9
33394000,2,33395000,3,33393000,6,33396000,4,33392000,4,33397000,8,33391000,2,33398000,9,33390000,13,33399000,16,33389000,7,33400000,32,33388000,10,33401000,9,33387000,10,33402000,10,33386000,12,33403000,11,33385000,9,33404000,10
33396000,2,33397000,1,33395000,4,33398000,5,33394000,4,33399000,11,33393000,8,33400000,32,33392000,5,33401000,11,33391000,4,33402000,10,33390000,16,33403000,13,33389000,10,33404000,10,33388000,11,33405000,8,33387000,10,33406000,10
33400000,13,33401000,2,33399000,6,33402000,6,33398000,5,33403000,9,33397000,5,33404000,6,33396000,6,33405000,7,33395000,6,33406000,11,33394000,12,33407000,16,33393000,10,33408000,11,33392000,9,33409000,9,33391000,7,33410000,10
33399000,3,33401000,3,33398000,6,33402000,8,33397000,10,33403000,7,33396000,5,33404000,4,33395000,6,33405000,6,33394000,8,33406000,11,33393000,8,33407000,17,33392000,8,33408000,11,33391000,5,33409000,9,33390000,10,33410000,10
33399000,3,33401000,3,33398000,4,33402000,3,33397000,8,33403000,7,33396000,5,33404000,5,33395000,7,33405000,6,33394000,7,33406000,10,33393000,9,33407000,17,33392000,8,33408000,11,33391000,6,33409000,9,33390000,9,33410000,10
33406000,2,33407000,12,33405000,4,33408000,5,33404000,6,33409000,8,33403000,4,33410000,8,33402000,5,33411000,7,33401000,10,33412000,12,33400000,9,33413000,8,33399000,6,33414000,13,33398000,7,33415000,7,33397000,7,33416000,11
33400000,2,33401000,1,33399000,3,33402000,5,33398000,4,33403000,6,33397000,5,33404000,9,33396000,4,33405000,5,33395000,5,33406000,9,33394000,7,33407000,14,33393000,8,33408000,11,33392000,7,33409000,10,33391000,8,33410000,11
33398000,3,33399000,1,33397000,3,33400000,4,33396000,4,33401000,5,33395000,3,33402000,4,33394000,7,33403000,8,33393000,7,33404000,10,33392000,7,33405000,6,33391000,4,33406000,10,33390000,8,33407000,14,33389000,7,33408000,10
33399000,4,33401000,1,33398000,5,33402000,4,33397000,3,33403000,4,33396000,6,33404000,8,33395000,4,33405000,7,33394000,7,33406000,10,33393000,7,33407000,14,33392000,7,33408000,10,33391000,4,33409000,8,33390000,8,33410000,11
33403000,3,33404000,3,33402000,4,33405000,5,33401000,9,33406000,7,33400000,3,33407000,10,33399000,6,33408000,9,33398000,5,33409000,10,33397000,6,33410000,11,33396000,7,33411000,7,33395000,6,33412000,10,33394000,9,33413000,8
33406000,1,33407000,9,33405000,8,33408000,5,33404000,7,33409000,7,33403000,4,33410000,9,33402000,4,33411000,7,33401000,11,33412000,10,33400000,5,33413000,8,33399000,8,33414000,13,33398000,8,33415000,7,33397000,4,33416000,11
33407000,1,33408000,3,33406000,5,33409000,3,33405000,5,33410000,11,33404000,6,33411000,5,33403000,5,33412000,11,33402000,4,33413000,9,33401000,12,33414000,13,33400000,8,33415000,7,33399000,9,33416000,11,33398000,8,33417000,8
33404000,3,33406000,2,33403000,8,33407000,5,33402000,7,33408000,4,33401000,8,33409000,6,33400000,9,33410000,7,33399000,8,33411000,11,33398000,7,33412000,9,33397000,7,33413000,7,33396000,9,33414000,12,33395000,7,33415000,7
33404000,5,33406000,10,33403000,8,33407000,2,33402000,7,33408000,4,33401000,9,33409000,6,33400000,13,33410000,6,33399000,9,33411000,8,33398000,8,33412000,9,33397000,7,33413000,9,33396000,9,33414000,12,33395000,7,33415000,7
33403000,2,33405000,7,33402000,3,33406000,10,33401000,8,33407000,2,33400000,12,33408000,5,33399000,8,33409000,8,33398000,8,33410000,9,33397000,7,33411000,9,33396000,9,33412000,9,33395000,7,33413000,9,33394000,13,33414000,11
33408000,1,33409000,1,33407000,2,33410000,5,33406000,8,33411000,5,33405000,4,33412000,10,33404000,5,33413000,8,33403000,12,33414000,12,33402000,10,33415000,8,33401000,11,33416000,11,33400000,17,33417000,8,33399000,10,33418000,9
33406000,4,33407000,1,33405000,7,33408000,4,33404000,6,33409000,5,33403000,4,33410000,6,33402000,8,33411000,9,33401000,10,33412000,6,33400000,17,33413000,10,33399000,10,33414000,13,33398000,8,33415000,8,33397000,6,33416000,11
33402000,1,33403000,1,33401000,2,33404000,4,33400000,13,33405000,6,33399000,8,33406000,5,33398000,8,33407000,6,33397000,7,33408000,6,33396000,8,33409000,8,33395000,5,33410000,12,33394000,8,33411000,8,33393000,6,33412000,10
33403000,2,33405000,6,33402000,3,33406000,8,33401000,6,33407000,4,33400000,10,33408000,5,33399000,10,33409000,9,33398000,7,33410000,9,33397000,8,33411000,8,33396000,11,33412000,9,33395000,6,33413000,9,33394000,8,33414000,11
33401000,3,33402000,1,33400000,8,33403000,3,33399000,8,33404000,2,33398000,8,33405000,5,33397000,6,33406000,8,33396000,10,33407000,6,33395000,6,33408000,7,33394000,8,33409000,10,33393000,6,33410000,10,33392000,9,33411000,7
33404000,5,33405000,1,33403000,4,33406000,5,33402000,5,33407000,4,33401000,6,33408000,8,33400000,9,33409000,11,33399000,10,33410000,11,33398000,8,33411000,7,33397000,8,33412000,10,33396000,11,33413000,9,33395000,7,33414000,11
33409000,3,33410000,2,33408000,8,33411000,3,33407000,5,33412000,7,33406000,9,33413000,8,33405000,7,33414000,10,33404000,7,33415000,8,33403000,9,33416000,11,33402000,11,33417000,8,33401000,11,33418000,9,33400000,13,33419000,11
33412000,2,33413000,3,33411000,8,33414000,5,33410000,9,33415000,3,33409000,13,33416000,9,33408000,10,33417000,9,33407000,10,33418000,10,33406000,8,33419000,9,33405000,9,33420000,18,33404000,12,33421000,9,33403000,10,33422000,10
33412000,3,33414000,3,33411000,4,33415000,4,33410000,4,33416000,4,33409000,13,33417000,7,33408000,8,33418000,8,33407000,9,33419000,11,33406000,13,33420000,19,33405000,8,33421000,9,33404000,11,33422000,10,33403000,9,33423000,11
33412000,2,33413000,1,33411000,6,33414000,6,33410000,6,33415000,7,33409000,8,33416000,6,33408000,7,33417000,10,33407000,8,33418000,10,33406000,10,33419000,10,33405000,10,33420000,18,33404000,10,33421000,9,33403000,9,33422000,10
33415000,3,33417000,3,33414000,5,33418000,6,33413000,6,33419000,6,33412000,5,33420000,16,33411000,6,33421000,10,33410000,8,33422000,11,33409000,11,33423000,11,33408000,13,33424000,13,33407000,11,33425000,15,33406000,13,33426000,31
33416000,3,33417000,1,33415000,7,33418000,1,33414000,6,33419000,4,33413000,7,33420000,15,33412000,6,33421000,6,33411000,7,33422000,10,33410000,12,33423000,12,33409000,11,33424000,13,33408000,12,33425000,14,33407000,10,33426000,29
33419000,3,33421000,4,33418000,6,33422000,2,33417000,12,33423000,10,33416000,6,33424000,11,33415000,9,33425000,14,33414000,12,33426000,19,33413000,12,33427000,8,33412000,10,33428000,10,33411000,8,33429000,8,33410000,12,33430000,13
33417000,2,33418000,1,33416000,9,33419000,1,33415000,6,33420000,7,33414000,8,33421000,8,33413000,9,33422000,8,33412000,6,33423000,8,33411000,8,33424000,10,33410000,10,33425000,13,33409000,10,33426000,19,33408000,11,33427000,7
33415000,4,33417000,7,33414000,8,33418000,3,33413000,8,33419000,3,33412000,7,33420000,3,33411000,8,33421000,7,33410000,10,33422000,13,33409000,10,33423000,7,33408000,11,33424000,8,33407000,9,33425000,13,33406000,15,33426000,18
33416000,4,33418000,2,33415000,5,33419000,3,33414000,5,33420000,3,33413000,8,33421000,7,33412000,8,33422000,15,33411000,9,33423000,9,33410000,11,33424000,8,33409000,11,33425000,12,33408000,11,33426000,18,33407000,9,33427000,8
33420000,3,33421000,2,33419000,7,33422000,7,33418000,6,33423000,6,33417000,8,33424000,3,33416000,8,33425000,10,33415000,6,33426000,17,33414000,12,33427000,9,33413000,12,33428000,10,33412000,12,33429000,8,33411000,8,33430000,13
33419000,2,33421000,2,33418000,7,33422000,6,33417000,8,33423000,7,33416000,6,33424000,4,33415000,6,33425000,12,33414000,12,33426000,17,33413000,12,33427000,9,33412000,11,33428000,10,33411000,8,33429000,8,33410000,10,33430000,13
33419000,2,33421000,2,33418000,7,33422000,6,33417000,8,33423000,7,33416000,6,33424000,4,33415000,6,33425000,12,33414000,12,33426000,17,33413000,12,33427000,9,33412000,11,33428000,10,33411000,8,33429000,8,33410000,10,33430000,13
33416000,4,33418000,1,33415000,4,33419000,5,33414000,7,33420000,7,33413000,9,33421000,11,33412000,7,33422000,10,33411000,9,33423000,11,33410000,12,33424000,7,33409000,10,33425000,11,33408000,12,33426000,18,33407000,9,33427000,8
33420000,1,33421000,1,33419000,2,33422000,6,33418000,7,33423000,9,33417000,7,33424000,5,33416000,5,33425000,11,33415000,4,33426000,19,33414000,8,33427000,8,33413000,13,33428000,10,33412000,11,33429000,8,33411000,10,33430000,14
33418000,2,33420000,4,33417000,5,33421000,6,33416000,6,33422000,7,33415000,5,33423000,8,33414000,9,33424000,6,33413000,13,33425000,12,33412000,11,33426000,19,33411000,9,33427000,9,33410000,10,33428000,10,33409000,9,33429000,8
33419000,5,33421000,6,33418000,5,33422000,5,33417000,6,33423000,5,33416000,6,33424000,7,33415000,8,33425000,10,33414000,8,33426000,18,33413000,13,33427000,7,33412000,10,33428000,10,33411000,9,33429000,7,33410000,10,33430000,14
33423000,4,33424000,2,33422000,6,33425000,7,33421000,6,33426000,12,33420000,13,33427000,6,33419000,7,33428000,9,33418000,5,33429000,7,33417000,9,33430000,15,33416000,12,33431000,8,33415000,9,33432000,12,33414000,10,33433000,9
33427000,1,33429000,3,33426000,2,33430000,12,33425000,5,33431000,7,33424000,11,33432000,12,33423000,8,33433000,8,33422000,7,33434000,9,33421000,7,33435000,8,33420000,18,33436000,11,33419000,10,33437000,7,33418000,6,33438000,11
33426000,1,33428000,3,33425000,4,33429000,3,33424000,11,33430000,11,33423000,8,33431000,8,33422000,7,33432000,12,33421000,8,33433000,8,33420000,18,33434000,9,33419000,11,33435000,8,33418000,8,33436000,11,33417000,8,33437000,7
33424000,3,33426000,1,33423000,4,33427000,5,33422000,14,33428000,6,33421000,5,33429000,6,33420000,13,33430000,11,33419000,9,33431000,11,33418000,6,33432000,15,33417000,8,33433000,14,33416000,7,33434000,10,33415000,6,33435000,9
33429000,1,33430000,7,33428000,2,33431000,9,33427000,5,33432000,12,33426000,5,33433000,9,33425000,8,33434000,12,33424000,6,33435000,12,33423000,7,33436000,11,33422000,11,33437000,6,33421000,9,33438000,9,33420000,15,33439000,8
33429000,3,33431000,1,33428000,7,33432000,7,33427000,7,33433000,11,33426000,9,33434000,13,33425000,10,33435000,12,33424000,8,33436000,11,33423000,9,33437000,6,33422000,9,33438000,9,33421000,8,33439000,8,33420000,14,33440000,9
33428000,1,33430000,4,33427000,4,33431000,5,33426000,6,33432000,5,33425000,9,33433000,7,33424000,9,33434000,8,33423000,7,33435000,12,33422000,10,33436000,12,33421000,7,33437000,11,33420000,16,33438000,12,33419000,12,33439000,10
33425000,1,33426000,1,33424000,4,33427000,2,33423000,5,33428000,5,33422000,8,33429000,5,33421000,6,33430000,6,33420000,16,33431000,5,33419000,10,33432000,8,33418000,10,33433000,14,33417000,10,33434000,7,33416000,10,33435000,10
33431000,1,33432000,1,33430000,4,33433000,3,33429000,2,33434000,5,33428000,2,33435000,10,33427000,4,33436000,10,33426000,8,33437000,14,33425000,10,33438000,11,33424000,11,33439000,10,33423000,9,33440000,10,33422000,10,33441000,8
33428000,1,33429000,1,33427000,7,33430000,3,33426000,3,33431000,2,33425000,9,33432000,5,33424000,7,33433000,5,33423000,8,33434000,6,33422000,10,33435000,14,33421000,8,33436000,12,33420000,19,33437000,12,33419000,10,33438000,11
33425000,4,33427000,1,33424000,6,33428000,3,33423000,5,33429000,4,33422000,7,33430000,5,33421000,7,33431000,5,33420000,18,33432000,8,33419000,10,33433000,10,33418000,10,33434000,7,33417000,9,33435000,12,33416000,10,33436000,10
33425000,1,33427000,3,33424000,5,33428000,4,33423000,5,33429000,4,33422000,7,33430000,4,33421000,7,33431000,5,33420000,19,33432000,7,33419000,11,33433000,9,33418000,10,33434000,8,33417000,9,33435000,12,33416000,10,33436000,10
33426000,3,33427000,2,33425000,2,33428000,3,33424000,6,33429000,6,33423000,7,33430000,7,33422000,8,33431000,9,33421000,9,33432000,11,33420000,16,33433000,10,33419000,9,33434000,7,33418000,12,33435000,13,33417000,9,33436000,11
33423000,4,33424000,5,33422000,3,33425000,4,33421000,6,33426000,3,33420000,14,33427000,4,33419000,8,33428000,4,33418000,10,33429000,8,33417000,9,33430000,12,33416000,9,33431000,8,33415000,8,33432000,12,33414000,13,33433000,9
33425000,3,33427000,1,33424000,4,33428000,3,33423000,4,33429000,7,33422000,7,33430000,9,33421000,7,33431000,7,33420000,16,33432000,12,33419000,9,33433000,8,33418000,12,33434000,7,33417000,10,33435000,13,33416000,9,33436000,11
33424000,4,33425000,3,33423000,5,33426000,4,33422000,7,33427000,4,33421000,7,33428000,8,33420000,14,33429000,5,33419000,9,33430000,5,33418000,10,33431000,7,33417000,8,33432000,11,33416000,9,33433000,11,33415000,7,33434000,9
33421000,1,33422000,1,33420000,10,33424000,4,33419000,6,33425000,8,33418000,7,33426000,4,33417000,9,33427000,6,33416000,8,33428000,9,33415000,9,33429000,8,33414000,13,33430000,8,33413000,7,33431000,8,33412000,12,33432000,11
33419000,2,33421000,2,33418000,6,33422000,4,33417000,9,33423000,5,33416000,6,33424000,7,33415000,9,33425000,9,33414000,13,33426000,8,33413000,7,33427000,6,33412000,11,33428000,11,33411000,9,33429000,8,33410000,12,33430000,9
33415000,5,33418000,4,33414000,9,33419000,6,33413000,6,33420000,5,33412000,7,33421000,7,33411000,11,33422000,5,33410000,12,33423000,8,33409000,9,33424000,11,33408000,12,33425000,13,33407000,9,33426000,13,33406000,17,33427000,8
33412000,2,33414000,4,33411000,7,33415000,5,33410000,7,33416000,5,33409000,7,33417000,8,33408000,10,33418000,8,33407000,8,33419000,8,33406000,12,33420000,9,33405000,8,33421000,11,33404000,11,33422000,10,33403000,7,33423000,8
33409000,1,33411000,1,33408000,7,33412000,3,33407000,6,33413000,4,33406000,9,33414000,4,33405000,9,33415000,8,33404000,11,33416000,7,33403000,7,33417000,10,33402000,12,33418000,12,33401000,7,33419000,9,33400000,11,33420000,8
33406000,5,33408000,1,33405000,6,33409000,4,33404000,9,33410000,3,33403000,7,33411000,2,33402000,14,33412000,5,33401000,8,33413000,6,33400000,7,33414000,11,33399000,8,33415000,7,33398000,8,33416000,10,33397000,8,33417000,10
33413000,1,33414000,1,33412000,2,33415000,4,33411000,2,33416000,7,33410000,3,33417000,9,33409000,6,33418000,9,33408000,8,33419000,9,33407000,9,33420000,8,33406000,14,33421000,9,33405000,10,33422000,9,33404000,11,33423000,9
33415000,1,33416000,1,33414000,4,33417000,2,33413000,6,33418000,5,33412000,5,33419000,5,33411000,6,33420000,8,33410000,7,33421000,8,33409000,12,33422000,9,33408000,11,33423000,11,33407000,8,33424000,10,33406000,10,33425000,11
33415000,3,33418000,4,33414000,5,33419000,4,33413000,7,33420000,6,33412000,5,33421000,8,33411000,6,33422000,7,33410000,6,33423000,11,33409000,12,33424000,10,33408000,11,33425000,11,33407000,8,33426000,12,33406000,10,33427000,7
33413000,3,33415000,1,33412000,4,33416000,4,33411000,4,33417000,5,33410000,6,33418000,4,33409000,11,33419000,4,33408000,11,33420000,8,33407000,8,33421000,10,33406000,9,33422000,10,33405000,9,33423000,9,33404000,11,33424000,10
33412000,3,33415000,4,33411000,4,33416000,5,33410000,6,33417000,5,33409000,8,33418000,4,33408000,10,33419000,5,33407000,9,33420000,10,33406000,9,33421000,10,33405000,9,33422000,10,33404000,11,33423000,9,33403000,9,33424000,10
33408000,2,33410000,2,33407000,7,33411000,4,33406000,5,33412000,2,33405000,10,33413000,3,33404000,8,33414000,5,33403000,9,33415000,7,33402000,14,33416000,9,33401000,8,33417000,7,33400000,9,33418000,8,33399000,8,33419000,7
33406000,1,33408000,2,33405000,5,33409000,3,33404000,8,33410000,7,33403000,9,33411000,5,33402000,13,33412000,3,33401000,6,33413000,4,33400000,8,33414000,9,33399000,8,33415000,7,33398000,8,33416000,8,33397000,8,33417000,7
33408000,3,33411000,4,33407000,5,33412000,2,33406000,4,33413000,4,33405000,6,33414000,6,33404000,6,33415000,6,33403000,7,33416000,8,33402000,14,33417000,7,33401000,11,33418000,8,33400000,8,33419000,7,33399000,8,33420000,9
33405000,3,33408000,3,33404000,5,33409000,5,33403000,6,33410000,6,33402000,14,33411000,4,33401000,9,33412000,4,33400000,7,33413000,4,33399000,9,33414000,8,33398000,8,33415000,7,33397000,8,33416000,8,33396000,12,33417000,7
33405000,4,33407000,1,33404000,5,33408000,6,33403000,5,33409000,5,33402000,11,33410000,5,33401000,10,33411000,4,33400000,6,33412000,4,33399000,9,33413000,4,33398000,8,33414000,7,33397000,8,33415000,7,33396000,12,33416000,8
33400000,3,33402000,3,33399000,5,33403000,3,33398000,5,33404000,4,33397000,6,33405000,3,33396000,11,33406000,6,33395000,12,33407000,6,33394000,7,33408000,11,33393000,9,33409000,9,33392000,14,33410000,12,33391000,5,33411000,7
33400000,3,33402000,3,33399000,5,33403000,3,33398000,5,33404000,4,33397000,6,33405000,3,33396000,11,33406000,6,33395000,12,33407000,6,33394000,7,33408000,11,33393000,9,33409000,9,33392000,14,33410000,12,33391000,5,33411000,7
33398000,2,33399000,1,33397000,2,33400000,1,33396000,10,33401000,8,33395000,11,33402000,3,33394000,7,33403000,5,33393000,9,33404000,5,33392000,14,33405000,4,33391000,5,33406000,6,33390000,9,33407000,6,33389000,8,33408000,11
33400000,1,33402000,3,33399000,4,33403000,3,33398000,5,33404000,3,33397000,3,33405000,4,33396000,10,33406000,8,33395000,13,33407000,6,33394000,9,33408000,11,33393000,11,33409000,10,33392000,8,33410000,12,33391000,5,33411000,7
33405000,3,33406000,1,33404000,2,33407000,4,33403000,4,33408000,7,33402000,3,33409000,10,33401000,4,33410000,10,33400000,4,33411000,8,33399000,5,33412000,6,33398000,7,33413000,5,33397000,6,33414000,8,33396000,11,33415000,7
33406000,2,33409000,4,33405000,5,33410000,7,33404000,3,33411000,8,33403000,7,33412000,7,33402000,5,33413000,7,33401000,7,33414000,9,33400000,6,33415000,7,33399000,6,33416000,9,33398000,7,33417000,7,33397000,5,33418000,10
33410000,4,33413000,2,33409000,5,33414000,5,33408000,3,33415000,8,33407000,3,33416000,9,33406000,6,33417000,9,33405000,7,33418000,10,33404000,8,33419000,7,33403000,8,33420000,11,33402000,9,33421000,9,33401000,9,33422000,10
33415000,2,33416000,1,33414000,5,33417000,2,33413000,3,33418000,7,33412000,3,33419000,4,33411000,6,33420000,10,33410000,5,33421000,9,33409000,9,33422000,10,33408000,10,33423000,9,33407000,5,33424000,10,33406000,8,33425000,14
33419000,3,33420000,1,33418000,4,33421000,4,33417000,4,33422000,5,33416000,4,33423000,7,33415000,3,33424000,8,33414000,5,33425000,11,33413000,6,33426000,12,33412000,6,33427000,7,33411000,5,33428000,11,33410000,10,33429000,8
33423000,2,33425000,2,33422000,6,33426000,7,33421000,2,33427000,8,33420000,6,33428000,11,33419000,3,33429000,10,33418000,5,33430000,11,33417000,5,33431000,7,33416000,7,33432000,13,33415000,4,33433000,11,33414000,8,33434000,10
33420000,1,33421000,2,33419000,2,33422000,3,33418000,2,33423000,5,33417000,4,33424000,7,33416000,6,33425000,9,33415000,6,33426000,9,33414000,8,33427000,9,33413000,5,33428000,14,33412000,7,33429000,12,33411000,6,33430000,15
33423000,1,33425000,5,33422000,4,33426000,7,33421000,8,33427000,6,33420000,3,33428000,14,33419000,4,33429000,12,33418000,4,33430000,16,33417000,6,33431000,7,33416000,7,33432000,13,33415000,4,33433000,11,33414000,8,33434000,10
33426000,3,33428000,4,33425000,5,33429000,7,33424000,3,33430000,15,33423000,9,33431000,6,33422000,3,33432000,13,33421000,5,33433000,11,33420000,5,33434000,10,33419000,7,33435000,12,33418000,6,33436000,13,33417000,6,33437000,12
33424000,9,33427000,3,33423000,4,33428000,6,33422000,4,33429000,6,33421000,5,33430000,13,33420000,6,33431000,6,33419000,5,33432000,13,33418000,6,33433000,11,33417000,7,33434000,10,33416000,8,33435000,12,33415000,5,33436000,13
33422000,1,33424000,5,33421000,3,33425000,7,33420000,4,33426000,3,33419000,3,33427000,5,33418000,5,33428000,9,33417000,7,33429000,9,33416000,8,33430000,15,33415000,4,33431000,6,33414000,10,33432000,13,33413000,5,33433000,11
33418000,1,33420000,1,33417000,3,33421000,4,33416000,6,33422000,3,33415000,5,33423000,6,33414000,8,33424000,6,33413000,5,33425000,10,33412000,6,33426000,6,33411000,6,33427000,8,33410000,12,33428000,10,33409000,10,33429000,8
33417000,3,33420000,8,33416000,5,33421000,4,33415000,6,33422000,4,33414000,7,33423000,6,33413000,3,33424000,7,33412000,6,33425000,10,33411000,5,33426000,6,33410000,12,33427000,7,33409000,10,33428000,9,33408000,11,33429000,9
33417000,2,33418000,2,33416000,2,33419000,3,33415000,4,33420000,5,33414000,6,33421000,8,33413000,5,33422000,5,33412000,5,33423000,5,33411000,5,33424000,5,33410000,10,33425000,12,33409000,9,33426000,7,33408000,11,33427000,6
33413000,3,33415000,2,33412000,3,33416000,4,33411000,4,33417000,7,33410000,8,33418000,6,33409000,7,33419000,5,33408000,11,33420000,6,33407000,6,33421000,8,33406000,14,33422000,10,33405000,8,33423000,6,33404000,9,33424000,7
33415000,2,33417000,1,33414000,5,33418000,5,33413000,3,33419000,5,33412000,4,33420000,6,33411000,4,33421000,8,33410000,7,33422000,9,33409000,11,33423000,8,33408000,14,33424000,8,33407000,8,33425000,11,33406000,15,33426000,10
33413000,2,33416000,3,33412000,5,33417000,3,33411000,7,33418000,5,33410000,5,33419000,5,33409000,10,33420000,5,33408000,14,33421000,8,33407000,8,33422000,9,33406000,15,33423000,8,33405000,7,33424000,7,33404000,9,33425000,10
33410000,2,33411000,1,33409000,4,33412000,3,33408000,10,33413000,3,33407000,6,33414000,7,33406000,13,33415000,4,33405000,10,33416000,6,33404000,9,33417000,9,33403000,8,33418000,9,33402000,10,33419000,9,33401000,8,33420000,8
33407000,2,33408000,1,33406000,5,33409000,5,33405000,8,33410000,4,33404000,6,33411000,3,33403000,10,33412000,7,33402000,13,33413000,6,33401000,8,33414000,9,33400000,10,33415000,5,33399000,7,33416000,9,33398000,8,33417000,9
33413000,1,33414000,1,33412000,2,33415000,4,33411000,2,33416000,3,33410000,3,33417000,9,33409000,8,33418000,9,33408000,4,33419000,10,33407000,5,33420000,9,33406000,10,33421000,8,33405000,6,33422000,12,33404000,11,33423000,12
33415000,3,33418000,3,33414000,6,33419000,5,33413000,3,33420000,6,33412000,3,33421000,7,33411000,4,33422000,11,33410000,11,33423000,10,33409000,8,33424000,9,33408000,7,33425000,11,33407000,6,33426000,11,33406000,10,33427000,9
33413000,1,33415000,3,33412000,3,33416000,5,33411000,4,33417000,7,33410000,9,33418000,6,33409000,5,33419000,5,33408000,5,33420000,7,33407000,6,33421000,8,33406000,10,33422000,12,33405000,7,33423000,9,33404000,11,33424000,9
33417000,1,33418000,2,33416000,4,33419000,4,33415000,7,33420000,5,33414000,7,33421000,6,33413000,2,33422000,10,33412000,4,33423000,9,33411000,5,33424000,9,33410000,7,33425000,11,33409000,8,33426000,11,33408000,6,33427000,9
33415000,1,33417000,2,33414000,10,33418000,3,33413000,3,33419000,6,33412000,3,33420000,6,33411000,5,33421000,5,33410000,7,33422000,10,33409000,8,33423000,9,33408000,7,33424000,9,33407000,6,33425000,11,33406000,10,33426000,11
33418000,1,33419000,1,33417000,3,33420000,3,33416000,7,33421000,4,33415000,4,33422000,9,33414000,4,33423000,8,33413000,6,33424000,8,33412000,7,33425000,12,33411000,6,33426000,10,33410000,11,33427000,9,33409000,10,33428000,9
33421000,2,33422000,4,33420000,4,33423000,6,33419000,8,33424000,6,33418000,5,33425000,10,33417000,5,33426000,9,33416000,9,33427000,8,33415000,6,33428000,9,33414000,7,33429000,8,33413000,5,33430000,17,33412000,7,33431000,11
33419000,1,33421000,4,33418000,3,33422000,5,33417000,6,33423000,7,33416000,5,33424000,9,33415000,5,33425000,12,33414000,5,33426000,10,33413000,6,33427000,8,33412000,6,33428000,9,33411000,8,33429000,7,33410000,11,33430000,17
33414000,3,33417000,4,33413000,4,33418000,3,33412000,4,33419000,7,33411000,7,33420000,5,33410000,8,33421000,7,33409000,7,33422000,10,33408000,10,33423000,9,33407000,6,33424000,9,33406000,11,33425000,11,33405000,8,33426000,10
33411000,3,33413000,1,33410000,3,33414000,3,33409000,5,33415000,3,33408000,9,33416000,5,33407000,6,33417000,7,33406000,6,33418000,7,33405000,8,33419000,9,33404000,13,33420000,9,33403000,10,33421000,8,33402000,12,33422000,8
33412000,1,33414000,2,33411000,5,33415000,4,33410000,3,33416000,5,33409000,5,33417000,7,33408000,9,33418000,7,33407000,6,33419000,9,33406000,8,33420000,8,33405000,8,33421000,8,33404000,13,33422000,8,33403000,10,33423000,10
33410000,1,33412000,4,33409000,4,33413000,6,33408000,9,33414000,6,33407000,6,33415000,7,33406000,7,33416000,6,33405000,8,33417000,8,33404000,13,33418000,8,33403000,10,33419000,9,33402000,12,33420000,8,33401000,10,33421000,8
33412000,2,33414000,3,33411000,5,33415000,6,33410000,3,33416000,7,33409000,3,33417000,10,33408000,7,33418000,8,33407000,7,33419000,8,33406000,8,33420000,8,33405000,8,33421000,8,33404000,13,33422000,8,33403000,10,33423000,10
33412000,2,33414000,2,33411000,5,33415000,4,33410000,2,33416000,6,33409000,4,33417000,7,33408000,8,33418000,7,33407000,9,33419000,8,33406000,10,33420000,8,33405000,8,33421000,7,33404000,13,33422000,8,33403000,10,33423000,10
33408000,5,33411000,3,33407000,5,33412000,4,33406000,7,33413000,7,33405000,5,33414000,6,33404000,11,33415000,4,33403000,10,33416000,8,33402000,12,33417000,8,33401000,10,33418000,11,33400000,12,33419000,8,33399000,9,33420000,9
33411000,3,33413000,1,33410000,3,33414000,4,33409000,3,33415000,4,33408000,5,33416000,9,33407000,6,33417000,10,33406000,5,33418000,10,33405000,7,33419000,8,33404000,13,33420000,9,33403000,10,33421000,8,33402000,12,33422000,8
33408000,3,33410000,1,33407000,5,33411000,3,33406000,6,33412000,3,33405000,5,33413000,4,33404000,11,33414000,4,33403000,10,33415000,6,33402000,12,33416000,8,33401000,10,33417000,8,33400000,12,33418000,10,33399000,9,33419000,8
33407000,2,33409000,3,33406000,6,33410000,4,33405000,5,33411000,5,33404000,10,33412000,3,33403000,8,33413000,5,33402000,12,33414000,6,33401000,10,33415000,6,33400000,12,33416000,8,33399000,9,33417000,8,33398000,8,33418000,10
33407000,4,33410000,3,33406000,4,33411000,6,33405000,5,33412000,8,33404000,9,33413000,7,33403000,6,33414000,10,33402000,11,33415000,7,33401000,11,33416000,10,33400000,12,33417000,9,33399000,9,33418000,10,33398000,8,33419000,8
33407000,4,33410000,3,33406000,4,33411000,6,33405000,5,33412000,8,33404000,9,33413000,6,33403000,6,33414000,10,33402000,11,33415000,7,33401000,11,33416000,10,33400000,12,33417000,9,33399000,9,33418000,10,33398000,8,33419000,8
33410000,1,33412000,5,33409000,3,33413000,5,33408000,3,33414000,10,33407000,3,33415000,7,33406000,4,33416000,9,33405000,6,33417000,9,33404000,11,33418000,10,33403000,8,33419000,8,33402000,12,33420000,9,33401000,10,33421000,8
33408000,1,33410000,1,33407000,5,33411000,3,33406000,4,33412000,7,33405000,5,33413000,6,33404000,9,33414000,11,33403000,6,33415000,5,33402000,11,33416000,9,33401000,11,33417000,9,33400000,12,33418000,11,33399000,9,33419000,9
33408000,1,33410000,1,33407000,5,33411000,3,33406000,4,33412000,7,33405000,5,33413000,6,33404000,9,33414000,11,33403000,6,33415000,5,33402000,11,33416000,9,33401000,11,33417000,9,33400000,12,33418000,11,33399000,9,33419000,9
33407000,1,33409000,2,33406000,3,33410000,6,33405000,3,33411000,5,33404000,5,33412000,8,33403000,6,33413000,8,33402000,10,33414000,12,33401000,10,33415000,6,33400000,12,33416000,9,33399000,10,33417000,9,33398000,8,33418000,11
33405000,3,33407000,1,33404000,5,33408000,3,33403000,6,33409000,5,33402000,7,33410000,5,33401000,9,33411000,6,33400000,11,33412000,8,33399000,10,33413000,7,33398000,8,33414000,11,33397000,5,33415000,7,33396000,12,33416000,11
33400000,3,33402000,1,33399000,7,33403000,4,33398000,8,33404000,5,33397000,5,33405000,5,33396000,11,33406000,5,33395000,11,33407000,6,33394000,9,33408000,10,33393000,12,33409000,9,33392000,14,33410000,8,33391000,6,33411000,7
33397000,1,33399000,3,33396000,7,33400000,3,33395000,10,33401000,6,33394000,7,33402000,3,33393000,12,33403000,7,33392000,14,33404000,8,33391000,6,33405000,7,33390000,11,33406000,8,33389000,9,33407000,7,33388000,12,33408000,11
33397000,1,33400000,3,33396000,4,33401000,6,33395000,3,33402000,4,33394000,5,33403000,8,33393000,9,33404000,8,33392000,14,33405000,8,33391000,9,33406000,9,33390000,11,33407000,8,33389000,9,33408000,11,33388000,9,33409000,9
33397000,2,33400000,3,33396000,3,33401000,8,33395000,3,33402000,6,33394000,6,33403000,8,33393000,9,33404000,7,33392000,14,33405000,8,33391000,9,33406000,10,33390000,11,33407000,6,33389000,10,33408000,11,33388000,9,33409000,9
33394000,2,33396000,2,33393000,7,33397000,2,33392000,14,33398000,3,33391000,8,33399000,3,33390000,9,33400000,5,33389000,10,33401000,10,33388000,9,33402000,7,33387000,10,33403000,8,33386000,9,33404000,8,33385000,9,33405000,6
33392000,7,33394000,3,33391000,6,33395000,5,33390000,11,33396000,3,33389000,6,33397000,6,33388000,6,33398000,4,33387000,9,33399000,6,33386000,9,33400000,10,33385000,9,33401000,12,33384000,10,33402000,10,33383000,8,33403000,9
33388000,2,33390000,1,33387000,4,33391000,5,33386000,2,33392000,5,33385000,9,33393000,6,33384000,9,33394000,3,33383000,6,33395000,7,33382000,8,33396000,8,33381000,11,33397000,6,33380000,8,33398000,6,33379000,6,33399000,7
33388000,3,33391000,5,33387000,5,33392000,5,33386000,6,33393000,7,33385000,7,33394000,5,33384000,9,33395000,8,33383000,6,33396000,8,33382000,8,33397000,7,33381000,11,33398000,6,33380000,8,33399000,7,33379000,6,33400000,11
33388000,2,33390000,1,33387000,6,33391000,6,33386000,5,33392000,5,33385000,8,33393000,7,33384000,9,33394000,4,33383000,7,33395000,8,33382000,9,33396000,8,33381000,12,33397000,7,33380000,8,33398000,6,33379000,6,33399000,7
33389000,2,33391000,6,33388000,2,33392000,5,33387000,6,33393000,7,33386000,6,33394000,4,33385000,7,33395000,7,33384000,9,33396000,8,33383000,7,33397000,7,33382000,9,33398000,6,33381000,12,33399000,7,33380000,8,33400000,12
33393000,1,33394000,1,33392000,1,33395000,5,33391000,2,33396000,5,33390000,1,33397000,7,33389000,6,33398000,6,33388000,4,33399000,7,33387000,7,33400000,12,33386000,9,33401000,12,33385000,9,33402000,10,33384000,11,33403000,9
33391000,2,33393000,3,33390000,3,33394000,3,33389000,3,33395000,3,33388000,4,33396000,4,33387000,6,33397000,5,33386000,7,33398000,6,33385000,8,33399000,9,33384000,10,33400000,10,33383000,7,33401000,10,33382000,8,33402000,11
33391000,3,33394000,2,33390000,3,33395000,3,33389000,4,33396000,4,33388000,3,33397000,5,33387000,6,33398000,6,33386000,6,33399000,9,33385000,8,33400000,10,33384000,10,33401000,11,33383000,7,33402000,11,33382000,8,33403000,9
33391000,3,33394000,2,33390000,3,33395000,4,33389000,4,33396000,3,33388000,3,33397000,5,33387000,6,33398000,5,33386000,7,33399000,11,33385000,8,33400000,10,33384000,10,33401000,11,33383000,7,33402000,11,33382000,8,33403000,9
33397000,2,33400000,3,33396000,3,33401000,7,33395000,4,33402000,9,33394000,4,33403000,8,33393000,5,33404000,7,33392000,6,33405000,10,33391000,9,33406000,12,33390000,6,33407000,7,33389000,5,33408000,12,33388000,6,33409000,9
33393000,2,33395000,1,33392000,4,33396000,4,33391000,6,33397000,3,33390000,4,33398000,5,33389000,4,33399000,6,33388000,6,33400000,5,33387000,7,33401000,7,33386000,7,33402000,9,33385000,9,33403000,10,33384000,10,33404000,10
33395000,2,33398000,4,33394000,4,33399000,4,33393000,5,33400000,5,33392000,4,33401000,7,33391000,6,33402000,9,33390000,4,33403000,11,33389000,5,33404000,10,33388000,6,33405000,9,33387000,7,33406000,11,33386000,7,33407000,7
33395000,4,33397000,1,33394000,4,33398000,2,33393000,5,33399000,4,33392000,5,33400000,4,33391000,6,33401000,8,33390000,6,33402000,8,33389000,5,33403000,11,33388000,6,33404000,10,33387000,7,33405000,9,33386000,7,33406000,11
33400000,3,33402000,2,33399000,5,33403000,4,33398000,3,33404000,5,33397000,3,33405000,10,33396000,3,33406000,11,33395000,5,33407000,7,33394000,4,33408000,12,33393000,6,33409000,9,33392000,7,33410000,8,33391000,8,33411000,8
33401000,2,33403000,1,33400000,2,33404000,3,33399000,5,33405000,4,33398000,3,33406000,5,33397000,6,33407000,7,33396000,4,33408000,10,33395000,6,33409000,8,33394000,6,33410000,8,33393000,6,33411000,8,33392000,6,33412000,10
33400000,1,33402000,3,33399000,4,33403000,5,33398000,3,33404000,4,33397000,5,33405000,5,33396000,4,33406000,6,33395000,5,33407000,8,33394000,6,33408000,10,33393000,6,33409000,8,33392000,6,33410000,8,33391000,8,33411000,8
33403000,1,33405000,2,33402000,3,33406000,6,33401000,6,33407000,6,33400000,3,33408000,10,33399000,4,33409000,8,33398000,5,33410000,8,33397000,6,33411000,8,33396000,3,33412000,10,33395000,6,33413000,7,33394000,6,33414000,12
33398000,1,33400000,3,33397000,3,33401000,4,33396000,2,33402000,3,33395000,5,33403000,7,33394000,5,33404000,4,33393000,6,33405000,5,33392000,6,33406000,11,33391000,7,33407000,8,33390000,17,33408000,10,33389000,6,33409000,8
33395000,1,33397000,3,33394000,2,33398000,6,33393000,4,33399000,5,33392000,5,33400000,10,33391000,7,33401000,8,33390000,16,33402000,7,33389000,5,33403000,10,33388000,6,33404000,9,33387000,7,33405000,5,33386000,8,33406000,10
33395000,2,33397000,3,33394000,2,33398000,3,33393000,3,33399000,5,33392000,5,33400000,8,33391000,4,33401000,10,33390000,14,33402000,12,33389000,5,33403000,10,33388000,6,33404000,9,33387000,7,33405000,6,33386000,8,33406000,10
33395000,2,33397000,2,33394000,2,33398000,5,33393000,3,33399000,3,33392000,6,33400000,8,33391000,6,33401000,9,33390000,14,33402000,10,33389000,5,33403000,11,33388000,5,33404000,9,33387000,7,33405000,6,33386000,8,33406000,10
33398000,1,33400000,5,33397000,4,33401000,7,33396000,5,33402000,9,33395000,5,33403000,10,33394000,4,33404000,8,33393000,5,33405000,8,33392000,6,33406000,10,33391000,8,33407000,8,33390000,15,33408000,10,33389000,5,33409000,7
33395000,1,33397000,2,33394000,4,33398000,4,33393000,4,33399000,4,33392000,4,33400000,6,33391000,8,33401000,7,33390000,16,33402000,10,33389000,6,33403000,10,33388000,6,33404000,8,33387000,7,33405000,7,33386000,8,33406000,10
33392000,1,33394000,2,33391000,3,33395000,4,33390000,13,33396000,5,33389000,4,33397000,5,33388000,6,33398000,5,33387000,7,33399000,8,33386000,8,33400000,7,33385000,8,33401000,7,33384000,10,33402000,9,33383000,7,33403000,10
33388000,1,33390000,2,33387000,5,33391000,2,33386000,6,33392000,6,33385000,8,33393000,6,33384000,9,33394000,5,33383000,7,33395000,7,33382000,8,33396000,6,33381000,11,33397000,7,33380000,8,33398000,6,33379000,7,33399000,6
33387000,3,33390000,3,33386000,4,33391000,4,33385000,6,33392000,8,33384000,8,33393000,7,33383000,5,33394000,7,33382000,7,33395000,7,33381000,11,33396000,7,33380000,8,33397000,7,33379000,7,33398000,7,33378000,18,33399000,8
33393000,1,33394000,1,33392000,3,33395000,3,33391000,4,33396000,5,33390000,4,33397000,6,33389000,3,33398000,5,33388000,5,33399000,8,33387000,5,33400000,7,33386000,5,33401000,8,33385000,8,33402000,12,33384000,10,33403000,10
33390000,2,33392000,1,33389000,2,33393000,3,33388000,4,33394000,4,33387000,5,33395000,3,33386000,4,33396000,6,33385000,8,33397000,5,33384000,10,33398000,5,33383000,6,33399000,8,33382000,7,33400000,6,33381000,11,33401000,7
33391000,2,33393000,6,33390000,2,33394000,12,33389000,3,33395000,7,33388000,3,33396000,7,33387000,4,33397000,6,33386000,3,33398000,6,33385000,7,33399000,9,33384000,9,33400000,7,33383000,8,33401000,8,33382000,8,33402000,12
33394000,1,33396000,6,33393000,4,33397000,4,33392000,4,33398000,5,33391000,4,33399000,8,33390000,4,33400000,6,33389000,4,33401000,8,33388000,4,33402000,12,33387000,6,33403000,10,33386000,8,33404000,9,33385000,7,33405000,7
33393000,1,33394000,1,33391000,3,33395000,3,33390000,2,33396000,4,33389000,4,33397000,5,33388000,6,33398000,6,33387000,6,33399000,7,33386000,8,33400000,5,33385000,7,33401000,9,33384000,10,33402000,12,33383000,7,33403000,10
33388000,1,33389000,5,33387000,3,33391000,4,33386000,4,33392000,6,33385000,7,33393000,5,33384000,9,33394000,5,33383000,6,33395000,5,33382000,8,33396000,5,33381000,11,33397000,6,33380000,8,33398000,6,33379000,6,33399000,9
33386000,2,33388000,3,33385000,3,33389000,3,33384000,8,33390000,3,33383000,5,33391000,3,33382000,6,33392000,8,33381000,9,33393000,8,33380000,8,33394000,8,33379000,6,33395000,8,33378000,19,33396000,6,33377000,6,33397000,8
33383000,2,33384000,1,33382000,2,33385000,4,33381000,5,33386000,5,33380000,3,33387000,6,33379000,6,33388000,5,33378000,21,33389000,6,33377000,6,33390000,8,33376000,8,33391000,10,33375000,10,33392000,10,33374000,9,33393000,8
33380000,2,33382000,1,33379000,2,33383000,4,33378000,17,33384000,5,33377000,4,33385000,6,33376000,6,33386000,5,33375000,12,33387000,8,33374000,9,33388000,7,33373000,5,33389000,8,33372000,11,33390000,9,33371000,6,33391000,9
33377000,1,33379000,3,33376000,3,33380000,3,33375000,9,33381000,4,33374000,6,33382000,3,33373000,7,33383000,9,33372000,11,33384000,7,33371000,6,33385000,5,33370000,11,33386000,5,33369000,9,33387000,6,33368000,9,33388000,8
33374000,2,33376000,1,33373000,2,33377000,5,33372000,7,33378000,8,33371000,5,33379000,5,33370000,8,33380000,6,33369000,10,33381000,9,33368000,9,33382000,8,33367000,8,33383000,10,33366000,11,33384000,7,33365000,9,33385000,5
33371000,3,33374000,1,33370000,6,33375000,4,33369000,8,33376000,7,33368000,6,33377000,10,33367000,7,33378000,8,33366000,12,33379000,9,33365000,9,33380000,11,33364000,10,33381000,11,33363000,7,33382000,10,33362000,9,33383000,9
33369000,2,33371000,1,33368000,3,33372000,3,33367000,6,33373000,5,33366000,11,33374000,5,33365000,8,33375000,4,33364000,12,33376000,8,33363000,7,33377000,12,33362000,9,33378000,8,33361000,8,33379000,10,33360000,11,33380000,10
33369000,2,33371000,1,33368000,3,33372000,3,33367000,6,33373000,5,33366000,11,33374000,5,33365000,8,33375000,4,33364000,12,33376000,8,33363000,7,33377000,12,33362000,9,33378000,8,33361000,8,33379000,10,33360000,11,33380000,10
33367000,1,33369000,1,33366000,4,33370000,3,33365000,2,33371000,9,33364000,8,33372000,6,33363000,6,33373000,7,33362000,9,33374000,8,33361000,8,33375000,5,33360000,12,33376000,9,33359000,5,33377000,11,33358000,9,33378000,10
33369000,3,33372000,2,33368000,5,33373000,6,33367000,3,33374000,7,33366000,4,33375000,6,33365000,4,33376000,7,33364000,8,33377000,13,33363000,9,33378000,11,33362000,8,33379000,9,33361000,8,33380000,9,33360000,11,33381000,10
33373000,3,33375000,2,33372000,2,33376000,5,33371000,3,33377000,9,33370000,4,33378000,7,33369000,5,33379000,7,33368000,9,33380000,9,33367000,7,33381000,10,33366000,5,33382000,9,33365000,5,33383000,8,33364000,9,33384000,10
33370000,1,33372000,1,33369000,3,33373000,4,33368000,5,33374000,3,33367000,6,33375000,3,33366000,3,33376000,6,33365000,7,33377000,5,33364000,9,33378000,10,33363000,7,33379000,9,33362000,8,33380000,9,33361000,9,33381000,10
33372000,1,33375000,3,33371000,2,33376000,5,33370000,4,33377000,5,33369000,3,33378000,9,33368000,6,33379000,8,33367000,8,33380000,8,33366000,3,33381000,10,33365000,5,33382000,10,33364000,9,33383000,8,33363000,7,33384000,10
33369000,2,33372000,2,33368000,4,33373000,7,33367000,5,33374000,9,33366000,3,33375000,6,33365000,4,33376000,6,33364000,7,33377000,11,33363000,6,33378000,11,33362000,8,33379000,8,33361000,7,33380000,10,33360000,12,33381000,9
33374000,1,33375000,4,33372000,2,33376000,5,33371000,2,33377000,8,33370000,3,33378000,8,33369000,2,33379000,7,33368000,5,33380000,10,33367000,7,33381000,8,33366000,6,33382000,10,33365000,4,33383000,13,33364000,7,33384000,10
33372000,1,33374000,3,33371000,2,33375000,6,33370000,3,33376000,5,33369000,3,33377000,8,33368000,4,33378000,8,33367000,7,33379000,8,33366000,4,33380000,10,33365000,5,33381000,8,33364000,7,33382000,10,33363000,6,33383000,13
33373000,2,33375000,2,33372000,2,33376000,5,33371000,3,33377000,8,33370000,4,33378000,8,33369000,2,33379000,7,33368000,7,33380000,10,33367000,6,33381000,8,33366000,5,33382000,10,33365000,4,33383000,15,33364000,7,33384000,10
33376000,2,33378000,1,33375000,2,33379000,4,33374000,2,33380000,9,33372000,4,33381000,7,33371000,7,33382000,9,33370000,5,33383000,18,33369000,4,33384000,10,33368000,6,33385000,9,33367000,6,33386000,10,33366000,7,33387000,8
33371000,2,33373000,2,33370000,3,33374000,1,33369000,3,33375000,4,33368000,4,33376000,5,33367000,5,33377000,9,33366000,8,33378000,8,33365000,4,33379000,11,33364000,7,33380000,11,33363000,7,33381000,6,33362000,8,33382000,9
33374000,2,33377000,6,33373000,5,33378000,8,33372000,4,33379000,11,33371000,3,33380000,11,33370000,3,33381000,6,33369000,6,33382000,9,33368000,4,33383000,12,33367000,7,33384000,10,33366000,7,33385000,14,33365000,4,33386000,10
33379000,2,33380000,5,33378000,3,33381000,5,33377000,3,33382000,6,33376000,4,33383000,11,33375000,5,33384000,9,33374000,6,33385000,14,33373000,6,33386000,10,33372000,7,33387000,8,33371000,8,33388000,9,33370000,7,33389000,10
33377000,1,33378000,2,33375000,5,33379000,3,33374000,7,33380000,5,33373000,5,33381000,5,33372000,9,33382000,7,33371000,6,33383000,11,33370000,6,33384000,6,33369000,6,33385000,14,33368000,6,33386000,11,33367000,8,33387000,8
33375000,4,33377000,1,33374000,5,33378000,2,33373000,5,33379000,4,33372000,5,33380000,6,33371000,6,33381000,5,33370000,8,33382000,9,33369000,6,33383000,12,33368000,6,33384000,9,33367000,8,33385000,14,33366000,7,33386000,10
33382000,1,33383000,3,33381000,3,33384000,6,33380000,6,33385000,11,33379000,4,33386000,7,33378000,7,33387000,9,33377000,6,33388000,10,33376000,9,33389000,8,33375000,6,33390000,10,33374000,8,33391000,8,33373000,8,33392000,14
33384000,1,33386000,3,33383000,3,33387000,7,33382000,4,33388000,9,33381000,6,33389000,7,33380000,6,33390000,9,33379000,5,33391000,8,33378000,8,33392000,11,33377000,10,33393000,9,33376000,10,33394000,11,33375000,6,33395000,11
33387000,3,33389000,1,33386000,4,33390000,7,33385000,3,33391000,5,33384000,2,33392000,8,33383000,6,33393000,10,33382000,7,33394000,11,33381000,10,33395000,9,33380000,9,33396000,13,33379000,7,33397000,8,33378000,10,33398000,9
33389000,1,33392000,6,33388000,4,33393000,6,33387000,4,33394000,9,33386000,5,33395000,8,33385000,5,33396000,14,33384000,4,33397000,8,33383000,8,33398000,9,33382000,9,33399000,9,33381000,9,33400000,9,33380000,11,33401000,11
33388000,1,33389000,1,33387000,3,33390000,1,33386000,6,33391000,3,33385000,7,33392000,5,33384000,6,33393000,6,33383000,8,33394000,7,33382000,8,33395000,11,33381000,10,33396000,14,33380000,10,33397000,8,33379000,8,33398000,9
33389000,3,33392000,2,33388000,3,33393000,4,33387000,5,33394000,6,33386000,5,33395000,13,33385000,7,33396000,14,33384000,5,33397000,8,33383000,6,33398000,14,33382000,8,33399000,9,33381000,10,33400000,9,33380000,9,33401000,9
33389000,2,33390000,6,33388000,6,33392000,8,33387000,3,33393000,7,33386000,6,33394000,7,33385000,7,33395000,11,33384000,6,33396000,14,33383000,6,33397000,7,33382000,8,33398000,13,33381000,10,33399000,10,33380000,10,33400000,9
33386000,1,33387000,2,33385000,4,33388000,4,33384000,4,33389000,3,33383000,6,33390000,6,33382000,8,33391000,6,33381000,10,33392000,9,33380000,10,33393000,7,33379000,8,33394000,10,33378000,11,33395000,12,33377000,9,33396000,15
33389000,1,33391000,2,33388000,3,33392000,9,33387000,5,33393000,8,33386000,6,33394000,6,33385000,6,33395000,11,33384000,4,33396000,16,33383000,6,33397000,8,33382000,7,33398000,14,33381000,10,33399000,9,33380000,9,33400000,9
33390000,4,33392000,4,33389000,6,33393000,4,33388000,5,33394000,7,33387000,7,33395000,9,33386000,7,33396000,14,33385000,6,33397000,8,33384000,7,33398000,14,33383000,8,33399000,9,33382000,8,33400000,9,33381000,11,33401000,9
33393000,4,33395000,3,33392000,4,33396000,9,33391000,4,33397000,8,33390000,5,33398000,11,33389000,7,33399000,10,33388000,7,33400000,9,33387000,7,33401000,9,33386000,8,33402000,11,33385000,7,33403000,11,33384000,8,33404000,10
33392000,2,33394000,1,33391000,3,33395000,7,33390000,5,33396000,11,33389000,6,33397000,7,33388000,6,33398000,11,33387000,7,33399000,9,33386000,9,33400000,9,33385000,7,33401000,9,33384000,8,33402000,11,33383000,8,33403000,11
33393000,4,33395000,2,33392000,6,33396000,8,33391000,2,33397000,5,33390000,6,33398000,11,33389000,5,33399000,9,33388000,9,33400000,9,33387000,7,33401000,9,33386000,9,33402000,11,33385000,6,33403000,12,33384000,8,33404000,10
33392000,4,33394000,1,33391000,2,33395000,3,33390000,7,33396000,7,33389000,6,33397000,5,33388000,9,33398000,11,33387000,7,33399000,7,33386000,10,33400000,7,33385000,6,33401000,9,33384000,8,33402000,11,33383000,8,33403000,12
33394000,4,33396000,6,33393000,4,33397000,3,33392000,5,33398000,6,33391000,6,33399000,8,33390000,7,33400000,7,33389000,5,33401000,8,33388000,9,33402000,11,33387000,8,33403000,12,33386000,10,33404000,10,33385000,6,33405000,11
33393000,1,33395000,3,33392000,2,33396000,4,33391000,5,33397000,5,33390000,6,33398000,3,33389000,6,33399000,9,33388000,9,33400000,8,33387000,7,33401000,8,33386000,9,33402000,11,33385000,6,33403000,12,33384000,8,33404000,10
33393000,3,33395000,1,33392000,5,33396000,6,33391000,5,33397000,5,33390000,7,33398000,3,33389000,5,33399000,9,33388000,7,33400000,10,33387000,7,33401000,8,33386000,9,33402000,11,33385000,5,33403000,12,33384000,8,33404000,10
33398000,2,33400000,4,33397000,4,33401000,7,33396000,3,33402000,7,33395000,4,33403000,13,33394000,8,33404000,10,33393000,8,33405000,9,33392000,7,33406000,12,33391000,9,33407000,11,33390000,8,33408000,12,33389000,8,33409000,9
33399000,2,33401000,2,33398000,4,33402000,4,33397000,7,33403000,6,33396000,6,33404000,4,33395000,6,33405000,9,33394000,9,33406000,11,33393000,10,33407000,11,33392000,9,33408000,12,33391000,7,33409000,9,33390000,9,33410000,10
33403000,2,33405000,4,33402000,6,33406000,6,33401000,3,33407000,8,33400000,7,33408000,10,33399000,8,33409000,7,33398000,6,33410000,12,33397000,9,33411000,10,33396000,7,33412000,10,33395000,7,33413000,7,33394000,10,33414000,11
33409000,2,33411000,1,33408000,4,33412000,7,33407000,3,33413000,8,33406000,7,33414000,12,33405000,7,33415000,10,33404000,6,33416000,12,33403000,8,33417000,8,33402000,9,33418000,9,33401000,8,33419000,8,33400000,12,33420000,15
33406000,1,33408000,2,33405000,7,33409000,4,33404000,6,33410000,4,33403000,6,33411000,5,33402000,9,33412000,6,33401000,9,33413000,8,33400000,11,33414000,13,33399000,12,33415000,10,33398000,7,33416000,12,33397000,9,33417000,8
33406000,3,33409000,5,33405000,5,33410000,6,33404000,4,33411000,5,33403000,6,33412000,8,33402000,7,33413000,9,33401000,8,33414000,13,33400000,11,33415000,11,33399000,12,33416000,11,33398000,7,33417000,8,33397000,9,33418000,9
33400000,6,33402000,1,33399000,6,33403000,3,33398000,4,33404000,4,33397000,8,33405000,5,33396000,12,33406000,9,33395000,6,33407000,8,33394000,11,33408000,10,33393000,8,33409000,9,33392000,12,33410000,10,33391000,8,33411000,7
33397000,1,33398000,1,33396000,7,33399000,3,33395000,4,33400000,4,33394000,7,33401000,5,33393000,8,33402000,6,33392000,12,33403000,6,33391000,8,33404000,8,33390000,9,33405000,7,33389000,9,33406000,12,33388000,10,33407000,8
33399000,3,33400000,3,33398000,4,33401000,1,33397000,4,33402000,6,33396000,4,33403000,6,33395000,5,33404000,9,33394000,7,33405000,6,33393000,9,33406000,12,33392000,11,33407000,7,33391000,8,33408000,13,33390000,9,33409000,8
33400000,2,33402000,2,33399000,4,33403000,5,33398000,4,33404000,6,33397000,4,33405000,4,33396000,5,33406000,10,33395000,6,33407000,8,33394000,9,33408000,13,33393000,10,33409000,8,33392000,12,33410000,10,33391000,8,33411000,6
33400000,1,33402000,2,33399000,4,33403000,3,33398000,4,33404000,7,33397000,5,33405000,4,33396000,6,33406000,10,33395000,5,33407000,8,33394000,9,33408000,12,33393000,9,33409000,8,33392000,12,33410000,10,33391000,8,33411000,6
33403000,1,33404000,3,33401000,2,33405000,5,33400000,4,33406000,9,33399000,5,33407000,7,33398000,4,33408000,11,33397000,4,33409000,8,33396000,7,33410000,10,33395000,5,33411000,6,33394000,9,33412000,10,33393000,9,33413000,12
33405000,1,33406000,2,33404000,5,33407000,6,33403000,6,33408000,10,33402000,4,33409000,6,33401000,6,33410000,9,33400000,7,33411000,6,33399000,7,33412000,10,33398000,7,33413000,8,33397000,7,33414000,13,33396000,9,33415000,10
33406000,1,33408000,4,33405000,4,33409000,6,33404000,4,33410000,4,33403000,6,33411000,5,33402000,9,33412000,10,33401000,10,33413000,9,33400000,10,33414000,13,33399000,9,33415000,10,33398000,8,33416000,11,33397000,7,33417000,8
33410000,1,33412000,1,33409000,8,33413000,6,33408000,7,33414000,12,33407000,5,33415000,9,33406000,8,33416000,13,33405000,5,33417000,8,33404000,7,33418000,9,33403000,6,33419000,7,33402000,10,33420000,16,33401000,10,33421000,9
33413000,3,33415000,3,33412000,4,33416000,8,33411000,2,33417000,9,33410000,6,33418000,8,33409000,10,33419000,11,33408000,7,33420000,17,33407000,7,33421000,9,33406000,10,33422000,9,33405000,9,33423000,8,33404000,11,33424000,8
33414000,2,33416000,2,33413000,5,33417000,4,33412000,5,33418000,6,33411000,6,33419000,8,33410000,8,33420000,18,33409000,9,33421000,12,33408000,11,33422000,13,33407000,7,33423000,8,33406000,11,33424000,8,33405000,10,33425000,10
33415000,1,33416000,1,33414000,6,33417000,2,33413000,5,33418000,5,33412000,7,33419000,5,33411000,7,33420000,16,33410000,10,33421000,13,33409000,10,33422000,12,33408000,11,33423000,8,33407000,7,33424000,8,33406000,11,33425000,10
33414000,1,33416000,1,33413000,5,33417000,2,33412000,6,33418000,6,33411000,7,33419000,5,33410000,10,33420000,16,33409000,9,33421000,13,33408000,11,33422000,13,33407000,7,33423000,8,33406000,11,33424000,8,33405000,10,33425000,10
33414000,1,33416000,2,33413000,5,33417000,4,33412000,6,33418000,6,33411000,7,33419000,5,33410000,9,33420000,16,33409000,9,33421000,12,33408000,11,33422000,13,33407000,7,33423000,8,33406000,11,33424000,8,33405000,10,33425000,10
33410000,3,33412000,1,33409000,7,33413000,4,33408000,7,33414000,5,33407000,4,33415000,5,33406000,9,33416000,5,33405000,11,33417000,9,33404000,12,33418000,13,33403000,7,33419000,11,33402000,14,33420000,16,33401000,11,33421000,10
33412000,1,33414000,3,33411000,4,33415000,5,33410000,5,33416000,6,33409000,6,33417000,8,33408000,7,33418000,11,33407000,5,33419000,11,33406000,10,33420000,15,33405000,11,33421000,10,33404000,12,33422000,11,33403000,6,33423000,8
33407000,2,33410000,5,33406000,5,33411000,8,33405000,7,33412000,5,33404000,9,33413000,11,33403000,7,33414000,8,33402000,15,33415000,8,33401000,11,33416000,10,33400000,11,33417000,9,33399000,10,33418000,11,33398000,9,33419000,9
33412000,4,33414000,2,33411000,3,33415000,5,33410000,6,33416000,5,33409000,11,33417000,9,33408000,7,33418000,9,33407000,7,33419000,11,33406000,11,33420000,16,33405000,11,33421000,10,33404000,13,33422000,11,33403000,9,33423000,9
33415000,4,33417000,1,33414000,5,33418000,4,33413000,6,33419000,7,33412000,5,33420000,13,33411000,6,33421000,11,33410000,8,33422000,13,33409000,14,33423000,9,33408000,10,33424000,8,33407000,8,33425000,11,33406000,10,33426000,10
33419000,1,33420000,5,33418000,5,33421000,4,33417000,8,33422000,10,33416000,6,33423000,10,33415000,9,33424000,10,33414000,8,33425000,13,33413000,7,33426000,10,33412000,9,33427000,8,33411000,7,33428000,14,33410000,9,33429000,11
33421000,3,33423000,2,33420000,4,33424000,6,33419000,6,33425000,12,33418000,6,33426000,9,33417000,9,33427000,11,33416000,8,33428000,16,33415000,17,33429000,11,33414000,12,33430000,20,33413000,8,33431000,7,33412000,9,33432000,11
33421000,3,33423000,3,33420000,5,33424000,6,33419000,6,33425000,11,33418000,7,33426000,11,33417000,7,33427000,9,33416000,9,33428000,17,33415000,17,33429000,12,33414000,12,33430000,20,33413000,7,33431000,7,33412000,7,33432000,11
33417000,2,33419000,2,33416000,5,33420000,5,33415000,15,33421000,6,33414000,8,33422000,5,33413000,10,33423000,8,33412000,6,33424000,11,33411000,6,33425000,13,33410000,8,33426000,13,33409000,10,33427000,11,33408000,11,33428000,16
33413000,2,33414000,2,33412000,4,33415000,4,33411000,7,33416000,5,33410000,6,33417000,7,33409000,9,33418000,8,33408000,10,33419000,6,33407000,7,33420000,11,33406000,11,33421000,10,33405000,10,33422000,10,33404000,12,33423000,9
33410000,2,33412000,3,33409000,8,33413000,5,33408000,7,33414000,4,33407000,8,33415000,5,33406000,10,33416000,6,33405000,11,33417000,10,33404000,13,33418000,9,33403000,10,33419000,8,33402000,8,33420000,10,33401000,11,33421000,9
33411000,3,33413000,3,33410000,8,33414000,3,33409000,5,33415000,4,33408000,8,33416000,6,33407000,7,33417000,10,33406000,10,33418000,9,33405000,11,33419000,9,33404000,14,33420000,9,33403000,9,33421000,8,33402000,8,33422000,8
33414000,3,33416000,5,33413000,5,33417000,7,33412000,3,33418000,9,33411000,4,33419000,7,33410000,6,33420000,9,33409000,10,33421000,8,33408000,13,33422000,7,33407000,8,33423000,8,33406000,11,33424000,9,33405000,10,33425000,14
33415000,2,33417000,2,33414000,4,33418000,5,33413000,6,33419000,5,33412000,7,33420000,8,33411000,7,33421000,8,33410000,11,33422000,8,33409000,11,33423000,10,33408000,12,33424000,9,33407000,6,33425000,12,33406000,10,33426000,11
33414000,2,33416000,2,33413000,3,33417000,4,33412000,8,33418000,5,33411000,7,33419000,6,33410000,13,33420000,9,33409000,10,33421000,10,33408000,12,33422000,11,33407000,7,33423000,10,33406000,10,33424000,9,33405000,10,33425000,12
33411000,4,33412000,1,33410000,11,33413000,2,33409000,8,33414000,5,33408000,9,33415000,5,33407000,8,33416000,5,33406000,10,33417000,6,33405000,10,33418000,6,33404000,12,33419000,9,33403000,8,33420000,12,33402000,8,33421000,10
33408000,2,33409000,3,33407000,1,33410000,6,33406000,7,33411000,6,33405000,8,33412000,7,33404000,9,33413000,8,33403000,7,33414000,10,33402000,8,33415000,7,33401000,10,33416000,13,33400000,11,33417000,11,33399000,9,33418000,9
33405000,1,33406000,1,33404000,5,33407000,2,33403000,7,33408000,4,33402000,7,33409000,6,33401000,9,33410000,7,33400000,10,33411000,7,33399000,10,33412000,9,33398000,9,33413000,9,33397000,7,33414000,13,33396000,10,33415000,9
33403000,5,33405000,1,33402000,7,33406000,3,33401000,9,33407000,5,33400000,8,33408000,4,33399000,10,33409000,9,33398000,9,33410000,5,33397000,7,33411000,5,33396000,10,33412000,10,33395000,7,33413000,9,33394000,15,33414000,10
33404000,2,33405000,1,33403000,4,33406000,2,33402000,5,33407000,7,33401000,5,33408000,7,33400000,6,33409000,14,33399000,7,33410000,10,33398000,8,33411000,7,33397000,8,33412000,8,33396000,11,33413000,8,33395000,7,33414000,12
33402000,4,33405000,4,33401000,5,33406000,4,33400000,4,33407000,4,33399000,6,33408000,5,33398000,6,33409000,10,33397000,7,33410000,11,33396000,12,33411000,8,33395000,7,33412000,10,33394000,11,33413000,8,33393000,9,33414000,11
33399000,2,33401000,3,33398000,3,33402000,5,33397000,4,33403000,3,33396000,8,33404000,9,33395000,7,33405000,8,33394000,11,33406000,10,33393000,10,33407000,6,33392000,12,33408000,9,33391000,9,33409000,8,33390000,9,33410000,9
33398000,1,33400000,2,33397000,5,33401000,4,33396000,6,33402000,5,33395000,5,33403000,3,33394000,7,33404000,9,33393000,12,33405000,6,33392000,13,33406000,11,33391000,9,33407000,5,33390000,9,33408000,9,33389000,9,33409000,9
33391000,3,33393000,1,33390000,4,33394000,3,33389000,6,33395000,6,33388000,4,33396000,3,33387000,10,33397000,8,33386000,9,33398000,7,33385000,8,33399000,10,33384000,10,33400000,12,33383000,8,33401000,11,33382000,11,33402000,6
33392000,3,33394000,1,33391000,6,33395000,5,33390000,5,33396000,6,33389000,5,33397000,7,33388000,6,33398000,10,33387000,9,33399000,11,33386000,10,33400000,9,33385000,8,33401000,11,33384000,10,33402000,8,33383000,9,33403000,7
33398000,1,33399000,1,33397000,3,33400000,4,33396000,4,33401000,10,33395000,3,33402000,8,33394000,5,33403000,10,33393000,6,33404000,11,33392000,10,33405000,7,33391000,10,33406000,11,33390000,10,33407000,6,33389000,10,33408000,11
33397000,3,33399000,2,33396000,4,33400000,4,33395000,3,33401000,5,33394000,5,33402000,8,33393000,8,33403000,8,33392000,10,33404000,11,33391000,10,33405000,9,33390000,10,33406000,13,33389000,10,33407000,6,33388000,8,33408000,11
33394000,1,33396000,2,33393000,5,33397000,4,33392000,7,33398000,8,33391000,5,33399000,6,33390000,7,33400000,10,33389000,9,33401000,10,33388000,11,33402000,11,33387000,9,33403000,8,33386000,9,33404000,11,33385000,7,33405000,8
33392000,4,33394000,1,33391000,5,33395000,4,33390000,6,33396000,6,33389000,7,33397000,4,33388000,9,33398000,9,33387000,9,33399000,8,33386000,9,33400000,13,33385000,7,33401000,10,33384000,10,33402000,10,33383000,8,33403000,8
33392000,4,33394000,1,33391000,5,33395000,4,33390000,6,33396000,6,33389000,7,33397000,4,33388000,9,33398000,9,33387000,9,33399000,8,33386000,9,33400000,13,33385000,7,33401000,10,33384000,10,33402000,10,33383000,8,33403000,8
33396000,1,33398000,2,33395000,5,33399000,4,33394000,7,33400000,8,33393000,11,33401000,8,33392000,8,33402000,9,33391000,7,33403000,9,33390000,10,33404000,12,33389000,10,33405000,8,33388000,11,33406000,10,33387000,8,33407000,6
33398000,3,33400000,4,33397000,5,33401000,5,33396000,4,33402000,8,33395000,2,33403000,7,33394000,7,33404000,10,33393000,6,33405000,10,33392000,10,33406000,11,33391000,9,33407000,6,33390000,9,33408000,12,33389000,8,33409000,8
33395000,4,33397000,1,33394000,3,33398000,1,33393000,5,33399000,3,33392000,7,33400000,9,33391000,8,33401000,9,33390000,10,33402000,8,33389000,8,33403000,9,33388000,10,33404000,13,33387000,8,33405000,8,33386000,9,33406000,10
33400000,1,33401000,1,33399000,3,33402000,4,33398000,3,33403000,7,33397000,3,33404000,7,33396000,7,33405000,8,33395000,5,33406000,13,33394000,9,33407000,5,33393000,11,33408000,11,33392000,12,33409000,8,33391000,9,33410000,13
33398000,2,33400000,3,33397000,4,33401000,6,33396000,5,33402000,6,33395000,7,33403000,7,33394000,6,33404000,8,33393000,11,33405000,7,33392000,11,33406000,13,33391000,8,33407000,6,33390000,8,33408000,11,33389000,8,33409000,7
33393000,5,33396000,4,33392000,6,33397000,6,33391000,5,33398000,9,33390000,7,33399000,8,33389000,9,33400000,11,33388000,10,33401000,8,33387000,7,33402000,10,33386000,10,33403000,10,33385000,7,33404000,10,33384000,10,33405000,8
33390000,1,33391000,3,33389000,5,33392000,1,33388000,6,33393000,6,33387000,7,33394000,7,33386000,9,33395000,5,33385000,8,33396000,7,33384000,10,33397000,9,33383000,8,33398000,13,33382000,9,33399000,12,33381000,14,33400000,13
33392000,1,33393000,4,33391000,2,33394000,5,33390000,5,33395000,4,33389000,5,33396000,6,33388000,5,33397000,9,33387000,7,33398000,13,33386000,10,33399000,12,33385000,8,33400000,13,33384000,11,33401000,8,33383000,8,33402000,10
33394000,2,33396000,1,33393000,4,33397000,5,33392000,5,33398000,7,33391000,4,33399000,12,33390000,7,33400000,12,33389000,7,33401000,9,33388000,9,33402000,10,33387000,8,33403000,8,33386000,11,33404000,11,33385000,7,33405000,7
33398000,1,33399000,2,33397000,3,33400000,7,33396000,4,33401000,7,33395000,4,33402000,6,33394000,5,33403000,11,33393000,5,33404000,11,33392000,8,33405000,7,33391000,7,33406000,12,33390000,9,33407000,6,33389000,9,33408000,12
33400000,2,33402000,1,33399000,4,33403000,6,33398000,4,33404000,8,33397000,5,33405000,7,33396000,5,33406000,12,33395000,6,33407000,6,33394000,9,33408000,12,33393000,7,33409000,8,33392000,10,33410000,13,33391000,6,33411000,10
33399000,3,33402000,2,33398000,4,33403000,2,33397000,5,33404000,6,33396000,5,33405000,6,33395000,8,33406000,11,33394000,9,33407000,7,33393000,7,33408000,13,33392000,8,33409000,8,33391000,5,33410000,13,33390000,9,33411000,10
33396000,1,33398000,3,33395000,4,33399000,3,33394000,4,33400000,6,33393000,5,33401000,10,33392000,6,33402000,6,33391000,5,33403000,9,33390000,10,33404000,11,33389000,7,33405000,9,33388000,8,33406000,12,33387000,7,33407000,7
33392000,1,33393000,2,33391000,2,33394000,3,33390000,7,33395000,4,33389000,5,33396000,3,33388000,6,33397000,6,33387000,7,33398000,4,33386000,11,33399000,5,33385000,6,33400000,9,33384000,10,33401000,12,33383000,8,33402000,9
33395000,2,33396000,1,33394000,5,33397000,1,33393000,6,33398000,3,33392000,8,33399000,5,33391000,5,33400000,8,33390000,8,33401000,11,33389000,8,33402000,9,33388000,9,33403000,8,33387000,7,33404000,10,33386000,10,33405000,8
33392000,3,33393000,1,33391000,4,33394000,4,33390000,7,33395000,3,33389000,6,33396000,4,33388000,6,33397000,5,33387000,7,33398000,5,33386000,10,33399000,5,33385000,5,33400000,7,33384000,10,33401000,11,33383000,8,33402000,8
33389000,2,33391000,3,33388000,5,33392000,5,33387000,6,33393000,4,33386000,7,33394000,4,33385000,7,33395000,4,33384000,10,33396000,6,33383000,8,33397000,7,33382000,9,33398000,7,33381000,12,33399000,6,33380000,10,33400000,9
33386000,1,33387000,1,33385000,3,33388000,4,33384000,6,33389000,4,33383000,8,33390000,4,33382000,6,33391000,3,33381000,11,33392000,6,33380000,10,33393000,7,33379000,8,33394000,6,33378000,13,33395000,6,33377000,9,33396000,6
33383000,1,33384000,2,33382000,4,33385000,3,33381000,6,33386000,3,33380000,5,33387000,4,33379000,6,33388000,4,33378000,11,33389000,5,33377000,12,33390000,6,33376000,11,33391000,6,33375000,8,33392000,7,33374000,10,33393000,6
33382000,1,33384000,1,33381000,5,33385000,4,33380000,5,33386000,3,33379000,6,33387000,5,33378000,10,33388000,5,33377000,10,33389000,5,33376000,11,33390000,6,33375000,8,33391000,6,33374000,10,33392000,7,33373000,6,33393000,6
33381000,1,33383000,1,33380000,4,33384000,5,33379000,3,33385000,6,33378000,6,33386000,6,33377000,6,33387000,8,33376000,10,33388000,6,33375000,8,33389000,6,33374000,11,33390000,6,33373000,6,33391000,20,33372000,10,33392000,8
33382000,1,33384000,2,33381000,5,33385000,4,33380000,5,33386000,5,33379000,3,33387000,8,33378000,7,33388000,6,33377000,11,33389000,6,33376000,11,33390000,6,33375000,9,33391000,20,33374000,10,33392000,8,33373000,6,33393000,7
33378000,1,33380000,2,33377000,3,33381000,4,33376000,6,33382000,4,33375000,6,33383000,7,33374000,9,33384000,3,33373000,9,33385000,5,33372000,10,33386000,9,33371000,7,33387000,9,33370000,8,33388000,8,33369000,10,33389000,7
33375000,3,33377000,2,33374000,5,33378000,3,33373000,4,33379000,4,33372000,8,33380000,5,33371000,7,33381000,7,33370000,8,33382000,5,33369000,7,33383000,10,33368000,7,33384000,7,33367000,7,33385000,5,33366000,8,33386000,9
33374000,5,33377000,3,33373000,4,33378000,3,33372000,8,33379000,4,33371000,6,33380000,5,33370000,7,33381000,7,33369000,9,33382000,5,33368000,7,33383000,10,33367000,7,33384000,7,33366000,8,33385000,5,33365000,5,33386000,9
33374000,5,33377000,3,33373000,4,33378000,3,33372000,8,33379000,4,33371000,6,33380000,5,33370000,7,33381000,7,33369000,9,33382000,5,33368000,7,33383000,10,33367000,7,33384000,7,33366000,8,33385000,5,33365000,5,33386000,9
33376000,1,33378000,3,33375000,7,33379000,4,33374000,7,33380000,5,33373000,5,33381000,5,33372000,8,33382000,7,33371000,10,33383000,7,33370000,8,33384000,6,33369000,7,33385000,5,33368000,7,33386000,9,33367000,7,33387000,8
33375000,1,33376000,2,33374000,1,33377000,6,33373000,5,33378000,5,33372000,6,33379000,8,33371000,9,33380000,8,33370000,11,33381000,8,33369000,7,33382000,8,33368000,7,33383000,9,33367000,7,33384000,8,33366000,8,33385000,7
33373000,1,33374000,1,33372000,2,33375000,3,33371000,5,33376000,3,33370000,9,33377000,8,33369000,6,33378000,8,33368000,9,33379000,9,33367000,6,33380000,11,33366000,8,33381000,9,33365000,5,33382000,10,33364000,11,33383000,9
33374000,4,33376000,2,33373000,5,33377000,4,33372000,4,33378000,6,33371000,4,33379000,8,33370000,6,33380000,8,33369000,7,33381000,9,33368000,8,33382000,9,33367000,10,33383000,9,33366000,8,33384000,8,33365000,5,33385000,7
33378000,3,33380000,2,33377000,5,33381000,5,33376000,4,33382000,4,33375000,5,33383000,8,33374000,6,33384000,5,33373000,8,33385000,6,33372000,8,33386000,10,33371000,7,33387000,7,33370000,9,33388000,8,33369000,8,33389000,7
33382000,2,33383000,2,33381000,3,33384000,2,33380000,4,33385000,4,33379000,3,33386000,9,33378000,5,33387000,7,33377000,8,33388000,8,33376000,8,33389000,6,33375000,8,33390000,8,33374000,10,33391000,6,33373000,7,33392000,11
33385000,1,33387000,2,33384000,5,33388000,5,33383000,5,33389000,6,33382000,4,33390000,9,33381000,3,33391000,6,33380000,8,33392000,13,33379000,5,33393000,7,33378000,6,33394000,9,33377000,9,33395000,8,33376000,9,33396000,11
33384000,2,33386000,4,33383000,5,33387000,5,33382000,4,33388000,3,33381000,3,33389000,6,33380000,6,33390000,9,33379000,6,33391000,8,33378000,9,33392000,11,33377000,8,33393000,7,33376000,10,33394000,10,33375000,7,33395000,7
33378000,3,33379000,2,33377000,6,33380000,13,33376000,7,33381000,3,33375000,9,33382000,5,33374000,6,33383000,5,33373000,5,33384000,5,33372000,10,33385000,6,33371000,6,33386000,6,33370000,11,33387000,7,33369000,10,33388000,7
33380000,3,33382000,1,33379000,5,33383000,4,33378000,5,33384000,4,33377000,7,33385000,7,33376000,7,33386000,6,33375000,9,33387000,7,33374000,10,33388000,7,33373000,7,33389000,9,33372000,10,33390000,10,33371000,6,33391000,8
33378000,2,33379000,3,33377000,6,33380000,1,33376000,6,33381000,1,33375000,7,33382000,3,33374000,7,33383000,3,33373000,8,33384000,6,33372000,10,33385000,9,33371000,6,33386000,8,33370000,11,33387000,7,33369000,10,33388000,8
33379000,3,33381000,1,33378000,5,33382000,2,33377000,4,33383000,3,33376000,5,33384000,6,33375000,5,33385000,9,33374000,10,33386000,10,33373000,10,33387000,10,33372000,12,33388000,8,33371000,8,33389000,9,33370000,11,33390000,11
33382000,2,33384000,1,33381000,4,33385000,6,33380000,4,33386000,4,33379000,4,33387000,10,33378000,6,33388000,6,33377000,6,33389000,8,33376000,8,33390000,11,33375000,6,33391000,8,33374000,10,33392000,11,33373000,8,33393000,7
33385000,3,33387000,3,33384000,4,33388000,3,33383000,3,33389000,6,33382000,4,33390000,9,33381000,4,33391000,9,33380000,6,33392000,11,33379000,8,33393000,7,33378000,8,33394000,10,33377000,7,33395000,8,33376000,8,33396000,11
33384000,6,33387000,2,33383000,5,33388000,3,33382000,7,33389000,4,33381000,7,33390000,8,33380000,5,33391000,5,33379000,11,33392000,13,33378000,7,33393000,8,33377000,7,33394000,11,33376000,9,33395000,7,33375000,6,33396000,11
33381000,3,33384000,3,33380000,4,33385000,6,33379000,8,33386000,7,33378000,6,33387000,7,33377000,6,33388000,10,33376000,11,33389000,8,33375000,7,33390000,10,33374000,10,33391000,7,33373000,8,33392000,12,33372000,12,33393000,8
33384000,4,33386000,1,33383000,5,33387000,3,33382000,4,33388000,5,33381000,5,33389000,5,33380000,5,33390000,9,33379000,10,33391000,8,33378000,9,33392000,11,33377000,9,33393000,8,33376000,11,33394000,10,33375000,6,33395000,7
33384000,2,33386000,1,33383000,5,33387000,4,33382000,4,33388000,6,33381000,5,33389000,6,33380000,5,33390000,8,33379000,10,33391000,6,33378000,9,33392000,11,33377000,9,33393000,8,33376000,10,33394000,8,33375000,6,33395000,6
33378000,2,33379000,1,33377000,5,33380000,3,33376000,8,33381000,5,33375000,5,33382000,5,33374000,7,33383000,5,33373000,10,33384000,5,33372000,12,33385000,12,33371000,8,33386000,11,33370000,10,33387000,8,33369000,10,33388000,9
33375000,2,33377000,3,33374000,6,33378000,5,33373000,6,33379000,3,33372000,8,33380000,3,33371000,10,33381000,5,33370000,10,33382000,6,33369000,10,33383000,7,33368000,11,33384000,8,33367000,11,33385000,12,33366000,9,33386000,11
33377000,1,33378000,1,33376000,2,33379000,4,33375000,3,33380000,3,33374000,5,33381000,5,33373000,5,33382000,8,33372000,8,33383000,7,33371000,8,33384000,10,33370000,9,33385000,13,33369000,10,33386000,12,33368000,11,33387000,10
33372000,2,33374000,2,33371000,5,33375000,3,33370000,5,33376000,3,33369000,8,33377000,5,33368000,8,33378000,9,33367000,10,33379000,9,33366000,10,33380000,9,33365000,5,33381000,8,33364000,10,33382000,8,33363000,7,33383000,7
33372000,3,33375000,3,33371000,4,33376000,3,33370000,5,33377000,5,33369000,8,33378000,9,33368000,7,33379000,9,33367000,10,33380000,11,33366000,10,33381000,8,33365000,5,33382000,9,33364000,10,33383000,9,33363000,7,33384000,10
33372000,3,33373000,2,33371000,2,33374000,3,33370000,6,33375000,3,33369000,6,33376000,3,33368000,7,33377000,5,33367000,10,33378000,9,33366000,10,33379000,8,33365000,5,33380000,11,33364000,10,33381000,8,33363000,7,33382000,9
33376000,10,33377000,3,33375000,2,33378000,7,33374000,2,33379000,7,33373000,3,33380000,11,33372000,4,33381000,9,33371000,4,33382000,10,33370000,9,33383000,8,33369000,8,33384000,10,33368000,13,33385000,13,33367000,9,33386000,13
33371000,1,33373000,3,33370000,5,33374000,3,33369000,7,33375000,5,33368000,8,33376000,5,33367000,8,33377000,7,33366000,13,33378000,9,33365000,5,33379000,8,33364000,10,33380000,8,33363000,7,33381000,11,33362000,8,33382000,9
33368000,2,33370000,2,33367000,6,33371000,3,33366000,9,33372000,4,33365000,5,33373000,5,33364000,11,33374000,3,33363000,7,33375000,6,33362000,8,33376000,7,33361000,12,33377000,10,33360000,12,33378000,11,33359000,6,33379000,9
33366000,1,33368000,3,33365000,2,33369000,5,33364000,8,33370000,4,33363000,7,33371000,4,33362000,7,33372000,6,33361000,17,33373000,6,33360000,12,33374000,7,33359000,6,33375000,8,33358000,9,33376000,8,33357000,7,33377000,9
33367000,2,33369000,2,33366000,3,33370000,5,33365000,3,33371000,9,33364000,5,33372000,8,33363000,4,33373000,11,33362000,16,33374000,5,33361000,11,33375000,8,33360000,14,33376000,8,33359000,7,33377000,9,33358000,10,33378000,11
33374000,2,33375000,5,33372000,3,33376000,6,33371000,5,33377000,10,33370000,6,33378000,12,33369000,6,33379000,9,33368000,5,33380000,12,33367000,8,33381000,9,33366000,8,33382000,12,33365000,6,33383000,10,33364000,9,33384000,11
33370000,1,33371000,1,33369000,3,33372000,4,33368000,7,33373000,5,33367000,5,33374000,7,33366000,6,33375000,4,33365000,7,33376000,8,33364000,7,33377000,11,33363000,8,33378000,13,33362000,12,33379000,11,33361000,11,33380000,11
33371000,4,33374000,4,33370000,3,33375000,5,33369000,5,33376000,7,33368000,6,33377000,10,33367000,5,33378000,13,33366000,7,33379000,11,33365000,10,33380000,11,33364000,7,33381000,9,33363000,8,33382000,12,33362000,12,33383000,9
33371000,4,33374000,2,33370000,4,33375000,5,33369000,5,33376000,6,33368000,6,33377000,9,33367000,6,33378000,10,33366000,8,33379000,12,33365000,8,33380000,11,33364000,7,33381000,10,33363000,8,33382000,12,33362000,13,33383000,9
33372000,1,33374000,2,33371000,3,33375000,5,33370000,3,33376000,6,33369000,6,33377000,9,33368000,6,33378000,10,33367000,8,33379000,12,33366000,9,33380000,11,33365000,8,33381000,10,33364000,8,33382000,12,33363000,9,33383000,9
33368000,2,33371000,4,33367000,5,33372000,4,33366000,6,33373000,6,33365000,7,33374000,4,33364000,7,33375000,7,33363000,10,33376000,10,33362000,12,33377000,10,33361000,11,33378000,12,33360000,15,33379000,10,33359000,8,33380000,11
33374000,2,33376000,1,33373000,3,33377000,8,33372000,2,33378000,10,33371000,5,33379000,10,33370000,5,33380000,11,33369000,7,33381000,10,33368000,8,33382000,13,33367000,8,33383000,8,33366000,8,33384000,11,33365000,8,33385000,11
33375000,3,33378000,4,33374000,3,33379000,7,33373000,4,33380000,9,33372000,4,33381000,6,33371000,5,33382000,11,33370000,9,33383000,8,33369000,6,33384000,12,33368000,6,33385000,11,33367000,8,33386000,13,33366000,9,33387000,11
33372000,2,33374000,1,33371000,5,33375000,3,33370000,7,33376000,6,33369000,7,33377000,5,33368000,7,33378000,5,33367000,9,33379000,5,33366000,9,33380000,7,33365000,10,33381000,9,33364000,10,33382000,13,33363000,6,33383000,10
33366000,3,33369000,3,33365000,8,33370000,4,33364000,7,33371000,4,33363000,4,33372000,5,33362000,11,33373000,5,33361000,10,33374000,18,33360000,17,33375000,6,33359000,8,33376000,8,33358000,11,33377000,7,33357000,9,33378000,8
33361000,5,33364000,5,33360000,12,33365000,5,33359000,7,33366000,9,33358000,7,33367000,6,33357000,9,33368000,8,33356000,11,33369000,7,33355000,10,33370000,5,33354000,8,33371000,5,33353000,8,33372000,9,33352000,9,33373000,6
33361000,5,33364000,9,33360000,11,33365000,6,33359000,6,33366000,5,33358000,10,33367000,6,33357000,9,33368000,7,33356000,10,33369000,10,33355000,10,33370000,6,33354000,8,33371000,5,33353000,8,33372000,9,33352000,9,33373000,6
33360000,7,33361000,2,33359000,3,33363000,5,33358000,8,33364000,6,33357000,7,33365000,5,33356000,12,33366000,7,33355000,10,33367000,8,33354000,8,33368000,9,33353000,8,33369000,10,33352000,9,33370000,7,33351000,8,33371000,4
33355000,5,33358000,9,33354000,5,33359000,4,33353000,6,33360000,6,33352000,8,33361000,8,33351000,9,33362000,7,33350000,32,33363000,14,33349000,7,33364000,12,33348000,9,33365000,10,33347000,8,33366000,11,33346000,9,33367000,11
33356000,4,33358000,8,33355000,5,33359000,3,33354000,6,33360000,6,33353000,7,33361000,7,33352000,9,33362000,7,33351000,10,33363000,14,33350000,33,33364000,10,33349000,7,33365000,10,33348000,9,33366000,11,33347000,8,33367000,11
33358000,1,33360000,2,33357000,5,33361000,6,33356000,6,33362000,5,33355000,5,33363000,13,33354000,7,33364000,9,33353000,8,33365000,9,33352000,13,33366000,9,33351000,11,33367000,9,33350000,33,33368000,12,33349000,6,33369000,10
33360000,1,33362000,2,33359000,4,33363000,5,33358000,6,33364000,6,33357000,6,33365000,7,33356000,9,33366000,5,33355000,8,33367000,9,33354000,9,33368000,12,33353000,8,33369000,12,33352000,10,33370000,11,33351000,10,33371000,5
33360000,1,33362000,2,33359000,3,33363000,6,33358000,5,33364000,7,33357000,6,33365000,6,33356000,8,33366000,7,33355000,7,33367000,9,33354000,9,33368000,11,33353000,8,33369000,12,33352000,11,33370000,25,33351000,10,33371000,7
33362000,2,33364000,2,33361000,4,33365000,7,33360000,6,33366000,6,33359000,7,33367000,8,33358000,6,33368000,10,33357000,7,33369000,11,33356000,10,33370000,24,33355000,10,33371000,7,33354000,10,33372000,10,33353000,8,33373000,6
33364000,1,33365000,2,33363000,5,33366000,2,33362000,4,33367000,5,33361000,6,33368000,9,33360000,8,33369000,11,33359000,7,33370000,26,33358000,9,33371000,7,33357000,9,33372000,10,33356000,10,33373000,6,33355000,9,33374000,21
33365000,2,33368000,4,33364000,7,33369000,7,33363000,5,33370000,25,33362000,5,33371000,6,33361000,8,33372000,11,33360000,10,33373000,6,33359000,9,33374000,19,33358000,12,33375000,7,33357000,9,33376000,9,33356000,9,33377000,9
33369000,1,33371000,2,33368000,4,33372000,6,33367000,5,33373000,6,33366000,4,33374000,19,33365000,5,33375000,8,33364000,9,33376000,11,33363000,8,33377000,7,33362000,11,33378000,9,33361000,8,33379000,6,33360000,10,33380000,9
33368000,2,33370000,1,33367000,6,33371000,4,33366000,4,33372000,5,33365000,5,33373000,5,33364000,9,33374000,19,33363000,8,33375000,10,33362000,10,33376000,12,33361000,8,33377000,8,33360000,11,33378000,10,33359000,8,33379000,6
33372000,4,33374000,12,33371000,5,33375000,5,33370000,5,33376000,9,33369000,6,33377000,7,33368000,6,33378000,11,33367000,7,33379000,6,33366000,9,33380000,10,33365000,9,33381000,8,33364000,12,33382000,12,33363000,7,33383000,12
33375000,2,33376000,1,33374000,3,33377000,4,33373000,3,33378000,7,33372000,6,33379000,7,33371000,5,33380000,11,33370000,9,33381000,10,33369000,9,33382000,12,33368000,8,33383000,10,33367000,7,33384000,11,33366000,9,33385000,12
33377000,1,33379000,3,33376000,2,33380000,6,33375000,4,33381000,7,33374000,4,33382000,11,33373000,7,33383000,9,33372000,7,33384000,11,33371000,7,33385000,13,33370000,10,33386000,13,33369000,7,33387000,10,33368000,8,33388000,11
33375000,2,33377000,2,33374000,5,33378000,3,33373000,3,33379000,8,33372000,6,33380000,6,33371000,8,33381000,8,33370000,11,33382000,10,33369000,8,33383000,12,33368000,8,33384000,13,33367000,8,33385000,13,33366000,10,33386000,13
33377000,2,33379000,7,33376000,1,33380000,8,33375000,4,33381000,10,33374000,2,33382000,13,33373000,5,33383000,12,33372000,7,33384000,12,33371000,7,33385000,12,33370000,11,33386000,13,33369000,9,33387000,10,33368000,8,33388000,11
33375000,2,33376000,2,33374000,3,33377000,1,33373000,3,33378000,1,33372000,7,33379000,3,33371000,7,33380000,7,33370000,11,33381000,9,33369000,8,33382000,9,33368000,8,33383000,12,33367000,8,33384000,12,33366000,10,33385000,12
33376000,2,33379000,5,33375000,4,33380000,6,33374000,6,33381000,7,33373000,6,33382000,9,33372000,8,33383000,12,33371000,8,33384000,13,33370000,11,33385000,12,33369000,7,33386000,13,33368000,7,33387000,10,33367000,8,33388000,11
33371000,5,33373000,1,33370000,6,33374000,3,33369000,6,33375000,3,33368000,5,33376000,5,33367000,6,33377000,5,33366000,13,33378000,11,33365000,7,33379000,9,33364000,12,33380000,10,33363000,8,33381000,10,33362000,11,33382000,11
33368000,1,33370000,2,33367000,3,33371000,5,33366000,6,33372000,3,33365000,6,33373000,5,33364000,10,33374000,6,33363000,9,33375000,8,33362000,11,33376000,9,33361000,10,33377000,12,33360000,15,33378000,13,33359000,9,33379000,10
33364000,8,33368000,3,33363000,8,33369000,4,33362000,6,33370000,5,33361000,9,33371000,8,33360000,14,33372000,6,33359000,10,33373000,9,33358000,13,33374000,9,33357000,10,33375000,8,33356000,10,33376000,8,33355000,10,33377000,10
33367000,2,33368000,1,33366000,5,33369000,4,33365000,6,33370000,4,33364000,6,33371000,6,33363000,7,33372000,8,33362000,6,33373000,10,33361000,10,33374000,8,33360000,18,33375000,8,33359000,12,33376000,9,33358000,13,33377000,10
33371000,1,33372000,5,33370000,1,33373000,6,33369000,3,33374000,5,33368000,3,33375000,8,33367000,4,33376000,10,33366000,3,33377000,9,33365000,8,33378000,15,33364000,9,33379000,8,33363000,8,33380000,15,33362000,11,33381000,12
33375000,2,33376000,3,33374000,1,33377000,4,33373000,2,33378000,10,33372000,1,33379000,8,33371000,6,33380000,14,33370000,6,33381000,14,33369000,10,33382000,9,33368000,11,33383000,10,33367000,9,33384000,11,33366000,8,33385000,14
33372000,1,33374000,1,33371000,4,33375000,5,33370000,6,33376000,7,33369000,7,33377000,7,33368000,9,33378000,9,33367000,8,33379000,9,33366000,9,33380000,12,33365000,8,33381000,11,33364000,8,33382000,10,33363000,7,33383000,9
33369000,1,33370000,1,33368000,6,33371000,3,33367000,5,33372000,2,33366000,6,33373000,4,33365000,10,33374000,4,33364000,8,33375000,5,33363000,6,33376000,10,33362000,9,33377000,13,33361000,9,33378000,12,33360000,15,33379000,11
33364000,3,33366000,6,33363000,4,33367000,3,33362000,6,33368000,4,33361000,6,33369000,3,33360000,15,33370000,8,33359000,10,33371000,7,33358000,15,33372000,10,33357000,8,33373000,8,33356000,10,33374000,10,33355000,11,33375000,6
33367000,7,33370000,4,33366000,6,33371000,4,33365000,9,33372000,7,33364000,6,33373000,8,33363000,5,33374000,10,33362000,9,33375000,5,33361000,8,33376000,11,33360000,16,33377000,12,33359000,10,33378000,14,33358000,14,33379000,10
33371000,1,33373000,1,33370000,4,33374000,3,33369000,4,33375000,4,33368000,4,33376000,9,33367000,7,33377000,10,33366000,7,33378000,14,33365000,11,33379000,11,33364000,9,33380000,11,33363000,7,33381000,11,33362000,10,33382000,10
33367000,5,33370000,2,33366000,5,33371000,3,33365000,7,33372000,3,33364000,7,33373000,5,33363000,8,33374000,6,33362000,11,33375000,7,33361000,9,33376000,10,33360000,15,33377000,13,33359000,10,33378000,14,33358000,17,33379000,7
33364000,5,33367000,3,33363000,5,33368000,4,33362000,7,33369000,6,33361000,8,33370000,4,33360000,13,33371000,8,33359000,11,33372000,8,33358000,15,33373000,7,33357000,8,33374000,8,33356000,10,33375000,7,33355000,11,33376000,9
33368000,2,33370000,1,33367000,5,33371000,3,33366000,6,33372000,6,33365000,4,33373000,5,33364000,7,33374000,6,33363000,6,33375000,7,33362000,11,33376000,9,33361000,10,33377000,10,33360000,15,33378000,13,33359000,10,33379000,7
33372000,1,33373000,1,33371000,4,33374000,1,33370000,3,33375000,3,33369000,5,33376000,7,33368000,5,33377000,11,33367000,9,33378000,14,33366000,10,33379000,7,33365000,8,33380000,13,33364000,10,33381000,12,33363000,7,33382000,9
33374000,1,33376000,1,33373000,3,33377000,7,33372000,4,33378000,11,33371000,2,33379000,7,33370000,7,33380000,13,33369000,7,33381000,13,33368000,9,33382000,8,33367000,9,33383000,10,33366000,11,33384000,11,33365000,7,33385000,13
33373000,3,33374000,1,33372000,4,33375000,3,33371000,3,33376000,6,33370000,7,33377000,7,33369000,6,33378000,11,33368000,9,33379000,7,33367000,9,33380000,13,33366000,11,33381000,14,33365000,7,33382000,8,33364000,8,33383000,10
33370000,2,33372000,3,33369000,4,33373000,4,33368000,5,33374000,3,33367000,8,33375000,10,33366000,10,33376000,5,33365000,9,33377000,10,33364000,8,33378000,12,33363000,8,33379000,8,33362000,10,33380000,15,33361000,9,33381000,11
33367000,1,33369000,2,33366000,6,33370000,4,33365000,5,33371000,5,33364000,6,33372000,7,33363000,9,33373000,9,33362000,11,33374000,6,33361000,9,33375000,12,33360000,15,33376000,10,33359000,10,33377000,12,33358000,16,33378000,13
33365000,1,33367000,2,33364000,5,33368000,4,33363000,5,33369000,4,33362000,8,33370000,3,33361000,10,33371000,7,33360000,16,33372000,11,33359000,10,33373000,10,33358000,15,33374000,11,33357000,9,33375000,10,33356000,10,33376000,9
33367000,2,33369000,2,33366000,3,33370000,3,33365000,4,33371000,4,33364000,7,33372000,9,33363000,7,33373000,11,33362000,9,33374000,8,33361000,10,33375000,11,33360000,17,33376000,8,33359000,10,33377000,10,33358000,15,33378000,13
33373000,1,33375000,2,33372000,4,33376000,4,33371000,3,33377000,9,33370000,4,33378000,12,33369000,5,33379000,8,33368000,6,33380000,14,33367000,7,33381000,12,33366000,9,33382000,8,33365000,7,33383000,10,33364000,8,33384000,12
33376000,2,33378000,4,33375000,7,33379000,4,33374000,6,33380000,11,33373000,8,33381000,9,33372000,6,33382000,8,33371000,5,33383000,10,33370000,8,33384000,12,33369000,10,33385000,13,33368000,7,33386000,12,33367000,7,33387000,10
33372000,2,33374000,1,33371000,5,33375000,3,33370000,7,33376000,4,33369000,9,33377000,5,33368000,9,33378000,8,33367000,6,33379000,7,33366000,7,33380000,12,33365000,27,33381000,11,33364000,31,33382000,10,33363000,26,33383000,9
33371000,1,33373000,3,33370000,2,33374000,5,33369000,6,33375000,5,33368000,7,33376000,5,33367000,7,33377000,8,33366000,11,33378000,11,33365000,7,33379000,10,33364000,9,33380000,11,33363000,8,33381000,9,33362000,11,33382000,8
33368000,5,33371000,2,33367000,6,33372000,4,33366000,8,33373000,4,33365000,4,33374000,7,33364000,9,33375000,7,33363000,10,33376000,11,33362000,11,33377000,8,33361000,9,33378000,11,33360000,21,33379000,8,33359000,28,33380000,10
33368000,3,33371000,4,33367000,5,33372000,6,33366000,9,33373000,9,33365000,6,33374000,7,33364000,7,33375000,12,33363000,10,33376000,12,33362000,12,33377000,7,33361000,16,33378000,10,33360000,30,33379000,7,33359000,24,33380000,9
33368000,1,33370000,4,33367000,2,33371000,6,33366000,6,33372000,7,33365000,8,33373000,10,33364000,8,33374000,9,33363000,22,33375000,14,33362000,24,33376000,10,33361000,25,33377000,9,33360000,28,33378000,11,33359000,24,33379000,8
33365000,3,33366000,1,33364000,5,33367000,3,33363000,7,33368000,4,33362000,8,33369000,6,33361000,24,33370000,8,33360000,29,33371000,5,33359000,24,33372000,9,33358000,32,33373000,15,33357000,23,33374000,11,33356000,25,33375000,11
33365000,3,33368000,2,33364000,5,33369000,5,33363000,7,33370000,7,33362000,8,33371000,4,33361000,10,33372000,9,33360000,29,33373000,15,33359000,25,33374000,11,33358000,32,33375000,10,33357000,23,33376000,8,33356000,25,33377000,8
33365000,2,33367000,2,33364000,5,33368000,3,33363000,5,33369000,6,33362000,7,33370000,7,33361000,10,33371000,6,33360000,14,33372000,8,33359000,10,33373000,14,33358000,14,33374000,11,33357000,23,33375000,10,33356000,25,33376000,8
33368000,1,33369000,2,33367000,3,33370000,3,33366000,5,33371000,4,33365000,6,33372000,8,33364000,6,33373000,13,33363000,9,33374000,9,33362000,11,33375000,11,33361000,12,33376000,8,33360000,14,33377000,8,33359000,9,33378000,11
33365000,4,33367000,1,33364000,5,33368000,4,33363000,5,33369000,5,33362000,7,33370000,5,33361000,11,33371000,5,33360000,14,33372000,11,33359000,10,33373000,14,33358000,14,33374000,11,33357000,23,33375000,11,33356000,25,33376000,7
33363000,1,33364000,1,33362000,3,33365000,3,33361000,10,33366000,3,33360000,12,33367000,4,33359000,8,33368000,4,33358000,14,33369000,7,33357000,8,33370000,7,33356000,10,33371000,8,33355000,11,33372000,11,33354000,8,33373000,12
33363000,1,33365000,2,33362000,3,33366000,6,33361000,10,33367000,6,33360000,10,33368000,7,33359000,7,33369000,11,33358000,9,33370000,9,33357000,7,33371000,8,33356000,11,33372000,11,33355000,11,33373000,11,33354000,8,33374000,10
33367000,2,33368000,1,33366000,4,33369000,2,33365000,3,33370000,8,33364000,6,33371000,4,33363000,3,33372000,7,33362000,5,33373000,12,33361000,9,33374000,10,33360000,13,33375000,11,33359000,10,33376000,8,33358000,12,33377000,9
33370000,2,33371000,1,33369000,5,33372000,4,33368000,4,33373000,9,33367000,3,33374000,9,33366000,7,33375000,10,33365000,7,33376000,8,33364000,10,33377000,9,33363000,7,33378000,11,33362000,7,33379000,7,33361000,9,33380000,12
33373000,2,33374000,2,33372000,1,33375000,5,33371000,3,33376000,5,33370000,3,33377000,6,33369000,6,33378000,11,33368000,6,33379000,8,33367000,7,33380000,12,33366000,10,33381000,8,33365000,8,33382000,8,33364000,10,33383000,10
33371000,2,33373000,4,33370000,3,33374000,2,33369000,5,33375000,3,33368000,7,33376000,8,33367000,6,33377000,7,33366000,10,33378000,13,33365000,7,33379000,11,33364000,10,33380000,13,33363000,8,33381000,8,33362000,6,33382000,8
33368000,1,33369000,1,33367000,3,33370000,2,33366000,6,33371000,6,33365000,7,33372000,7,33364000,10,33373000,7,33363000,8,33374000,9,33362000,6,33375000,10,33361000,10,33376000,13,33360000,13,33377000,9,33359000,10,33378000,12
33370000,1,33371000,2,33369000,4,33372000,3,33368000,3,33373000,7,33367000,5,33374000,9,33366000,6,33375000,10,33365000,7,33376000,13,33364000,8,33377000,8,33363000,9,33378000,12,33362000,11,33379000,8,33361000,10,33380000,13
33372000,4,33374000,3,33371000,3,33375000,4,33370000,2,33376000,9,33369000,5,33377000,6,33368000,7,33378000,11,33367000,6,33379000,9,33366000,11,33380000,13,33365000,8,33381000,8,33364000,10,33382000,8,33363000,8,33383000,11
33365000,1,33367000,4,33364000,6,33368000,3,33363000,7,33369000,5,33362000,4,33370000,4,33361000,9,33371000,5,33360000,14,33372000,7,33359000,10,33373000,12,33358000,12,33374000,12,33357000,8,33375000,10,33356000,10,33376000,11
33362000,4,33365000,4,33361000,6,33366000,4,33360000,10,33367000,4,33359000,7,33368000,3,33358000,9,33369000,8,33357000,9,33370000,8,33356000,10,33371000,5,33355000,10,33372000,10,33354000,8,33373000,11,33353000,8,33374000,13
33363000,3,33365000,2,33362000,5,33366000,2,33361000,6,33367000,4,33360000,10,33368000,4,33359000,9,33369000,8,33358000,9,33370000,9,33357000,10,33371000,5,33356000,10,33372000,10,33355000,10,33373000,12,33354000,8,33374000,11
33362000,2,33365000,4,33361000,7,33366000,7,33360000,11,33367000,5,33359000,7,33368000,5,33358000,10,33369000,11,33357000,9,33370000,11,33356000,10,33371000,6,33355000,10,33372000,10,33354000,8,33373000,9,33353000,8,33374000,10
33358000,3,33359000,2,33357000,4,33360000,3,33356000,6,33361000,4,33355000,8,33362000,4,33354000,9,33363000,4,33353000,9,33364000,7,33352000,11,33365000,7,33351000,10,33366000,12,33350000,34,33367000,11,33349000,6,33368000,10
33355000,6,33358000,3,33354000,5,33359000,4,33353000,6,33360000,3,33352000,10,33361000,7,33351000,12,33362000,8,33350000,35,33363000,6,33349000,6,33364000,10,33348000,9,33365000,7,33347000,10,33366000,11,33346000,13,33367000,10
33365000,3,33367000,1,33364000,5,33368000,4,33363000,5,33369000,9,33362000,7,33370000,8,33361000,10,33371000,9,33360000,11,33372000,13,33359000,7,33373000,11,33358000,9,33374000,12,33357000,8,33375000,13,33356000,8,33376000,13
33368000,1,33369000,1,33367000,3,33370000,4,33366000,5,33371000,8,33365000,5,33372000,11,33364000,9,33373000,12,33363000,6,33374000,12,33362000,10,33375000,13,33361000,12,33376000,13,33360000,12,33377000,9,33359000,5,33378000,12
33373000,1,33374000,2,33372000,4,33375000,6,33371000,4,33376000,12,33370000,4,33377000,7,33369000,4,33378000,12,33368000,6,33379000,8,33367000,7,33380000,12,33366000,9,33381000,8,33365000,7,33382000,8,33364000,10,33383000,11
33370000,1,33372000,2,33369000,3,33373000,5,33368000,5,33374000,4,33367000,4,33375000,8,33366000,7,33376000,13,33365000,7,33377000,8,33364000,12,33378000,14,33363000,7,33379000,8,33362000,9,33380000,12,33361000,10,33381000,8
33365000,4,33368000,3,33364000,7,33369000,6,33363000,6,33370000,4,33362000,7,33371000,6,33361000,11,33372000,7,33360000,11,33373000,8,33359000,6,33374000,10,33358000,10,33375000,11,33357000,9,33376000,14,33356000,10,33377000,9
33366000,2,33368000,1,33365000,3,33369000,5,33364000,6,33370000,5,33363000,4,33371000,7,33362000,6,33372000,10,33361000,12,33373000,11,33360000,11,33374000,10,33359000,6,33375000,9,33358000,9,33376000,13,33357000,9,33377000,10
33369000,4,33371000,4,33368000,3,33372000,6,33367000,3,33373000,8,33366000,5,33374000,7,33365000,4,33375000,11,33364000,9,33376000,14,33363000,6,33377000,10,33362000,9,33378000,12,33361000,11,33379000,8,33360000,10,33380000,12
33366000,3,33369000,5,33365000,2,33370000,5,33364000,7,33371000,5,33363000,4,33372000,5,33362000,6,33373000,7,33361000,12,33374000,11,33360000,10,33375000,13,33359000,5,33376000,14,33358000,10,33377000,9,33357000,12,33378000,12
33361000,1,33363000,4,33360000,3,33364000,5,33359000,5,33365000,6,33358000,6,33366000,5,33357000,9,33367000,10,33356000,9,33368000,7,33355000,9,33369000,12,33354000,9,33370000,8,33353000,8,33371000,7,33352000,12,33372000,8
33356000,3,33359000,4,33355000,6,33360000,4,33354000,6,33361000,7,33353000,9,33362000,5,33352000,9,33363000,5,33351000,12,33364000,11,33350000,33,33365000,10,33349000,8,33366000,8,33348000,9,33367000,10,33347000,10,33368000,8
33358000,1,33359000,1,33357000,3,33360000,5,33356000,4,33361000,10,33355000,6,33362000,6,33354000,8,33363000,6,33353000,8,33364000,11,33352000,11,33365000,8,33351000,13,33366000,8,33350000,34,33367000,9,33349000,8,33368000,9
33356000,1,33359000,4,33355000,6,33360000,5,33354000,7,33361000,8,33353000,7,33362000,6,33352000,7,33363000,6,33351000,12,33364000,11,33350000,35,33365000,9,33349000,8,33366000,8,33348000,10,33367000,9,33347000,10,33368000,9
33361000,4,33363000,1,33360000,5,33364000,4,33359000,4,33365000,7,33358000,7,33366000,5,33357000,9,33367000,9,33356000,7,33368000,9,33355000,9,33369000,11,33354000,12,33370000,8,33353000,10,33371000,9,33352000,10,33372000,10
33358000,4,33361000,3,33357000,7,33362000,5,33356000,7,33363000,6,33355000,6,33364000,9,33354000,9,33365000,8,33353000,10,33366000,9,33352000,10,33367000,9,33351000,12,33368000,9,33350000,36,33369000,11,33349000,9,33370000,8
33355000,4,33357000,3,33354000,6,33358000,2,33353000,7,33359000,6,33352000,6,33360000,8,33351000,12,33361000,8,33350000,37,33362000,11,33349000,9,33363000,8,33348000,10,33364000,12,33347000,10,33365000,9,33346000,9,33366000,8
33356000,2,33358000,2,33355000,3,33359000,5,33354000,7,33360000,7,33353000,8,33361000,7,33352000,6,33362000,11,33351000,12,33363000,9,33350000,37,33364000,12,33349000,10,33365000,8,33348000,10,33366000,8,33347000,10,33367000,9
33354000,4,33356000,1,33353000,7,33357000,4,33352000,5,33358000,5,33351000,11,33359000,5,33350000,36,33360000,8,33349000,10,33361000,8,33348000,10,33362000,13,33347000,10,33363000,8,33346000,9,33364000,12,33345000,10,33365000,8
33351000,3,33353000,2,33350000,30,33354000,4,33349000,7,33355000,7,33348000,9,33356000,5,33347000,11,33357000,7,33346000,11,33358000,10,33345000,8,33359000,7,33344000,12,33360000,11,33343000,6,33361000,9,33342000,8,33362000,11
33348000,2,33350000,3,33347000,5,33351000,4,33346000,6,33352000,6,33345000,10,33353000,6,33344000,13,33354000,8,33343000,9,33355000,10,33342000,8,33356000,12,33341000,10,33357000,10,33340000,12,33358000,9,33339000,9,33359000,8
33345000,3,33348000,7,33344000,9,33349000,4,33343000,6,33350000,9,33342000,8,33351000,7,33341000,13,33352000,8,33340000,13,33353000,8,33339000,9,33354000,9,33338000,11,33355000,10,33337000,9,33356000,12,33336000,10,33357000,11
33342000,6,33345000,2,33341000,10,33346000,5,33340000,10,33347000,6,33339000,11,33348000,6,33338000,13,33349000,7,33337000,8,33350000,13,33336000,10,33351000,9,33335000,8,33352000,9,33334000,10,33353000,10,33333000,10,33354000,9
33342000,3,33344000,1,33341000,5,33345000,6,33340000,9,33346000,7,33339000,9,33347000,6,33338000,12,33348000,7,33337000,8,33349000,10,33336000,11,33350000,15,33335000,8,33351000,9,33334000,8,33352000,8,33333000,10,33353000,9
33343000,2,33346000,6,33342000,5,33347000,6,33341000,5,33348000,6,33340000,9,33349000,9,33339000,10,33350000,15,33338000,12,33351000,12,33337000,10,33352000,11,33336000,11,33353000,10,33335000,8,33354000,11,33334000,8,33355000,10
33344000,1,33345000,1,33343000,4,33346000,3,33342000,5,33347000,6,33341000,5,33348000,7,33340000,10,33349000,10,33339000,10,33350000,15,33338000,13,33351000,11,33337000,10,33352000,11,33336000,11,33353000,10,33335000,8,33354000,11
33343000,1,33345000,2,33342000,4,33346000,4,33341000,5,33347000,6,33340000,9,33348000,7,33339000,10,33349000,8,33338000,12,33350000,13,33337000,11,33351000,10,33336000,10,33352000,10,33335000,8,33353000,10,33334000,8,33354000,11
33344000,2,33345000,1,33343000,5,33346000,3,33342000,5,33347000,6,33341000,5,33348000,7,33340000,11,33349000,8,33339000,10,33350000,13,33338000,15,33351000,10,33337000,11,33352000,10,33336000,10,33353000,10,33335000,8,33354000,11
33346000,3,33348000,1,33345000,6,33349000,5,33344000,4,33350000,11,33343000,5,33351000,6,33342000,6,33352000,8,33341000,6,33353000,8,33340000,15,33354000,10,33339000,12,33355000,9,33338000,15,33356000,12,33337000,9,33357000,12
33344000,4,33346000,1,33343000,7,33347000,4,33342000,7,33348000,4,33341000,5,33349000,4,33340000,12,33350000,10,33339000,12,33351000,6,33338000,14,33352000,10,33337000,9,33353000,8,33336000,10,33354000,11,33335000,8,33355000,9
33345000,3,33347000,1,33344000,4,33348000,4,33343000,7,33349000,4,33342000,6,33350000,10,33341000,7,33351000,7,33340000,12,33352000,10,33339000,12,33353000,8,33338000,14,33354000,11,33337000,9,33355000,9,33336000,10,33356000,12
33350000,1,33351000,1,33349000,4,33352000,4,33348000,4,33353000,6,33347000,4,33354000,8,33346000,3,33355000,8,33345000,7,33356000,11,33344000,8,33357000,12,33343000,11,33358000,9,33342000,11,33359000,7,33341000,9,33360000,13
33351000,5,33354000,3,33350000,4,33355000,6,33349000,4,33356000,9,33348000,5,33357000,9,33347000,6,33358000,10,33346000,8,33359000,8,33345000,8,33360000,13,33344000,9,33361000,9,33343000,10,33362000,13,33342000,11,33363000,9
33360000,1,33362000,4,33359000,4,33363000,9,33358000,4,33364000,11,33357000,5,33365000,7,33356000,6,33366000,11,33355000,6,33367000,11,33354000,10,33368000,9,33353000,11,33369000,11,33352000,11,33370000,9,33351000,9,33371000,11
33362000,1,33363000,2,33361000,3,33364000,7,33360000,5,33365000,7,33359000,3,33366000,7,33358000,6,33367000,10,33357000,5,33368000,11,33356000,6,33369000,11,33355000,9,33370000,10,33354000,10,33371000,10,33353000,11,33372000,13
33363000,1,33364000,1,33362000,3,33365000,3,33361000,3,33366000,8,33360000,5,33367000,7,33359000,4,33368000,9,33358000,7,33369000,11,33357000,8,33370000,10,33356000,7,33371000,9,33355000,9,33372000,13,33354000,9,33373000,13
33361000,1,33363000,3,33360000,5,33364000,3,33359000,4,33365000,4,33358000,6,33366000,9,33357000,8,33367000,6,33356000,6,33368000,9,33355000,7,33369000,12,33354000,10,33370000,12,33353000,10,33371000,11,33352000,8,33372000,13
33358000,1,33360000,2,33357000,4,33361000,6,33356000,3,33362000,6,33355000,6,33363000,7,33354000,10,33364000,6,33353000,11,33365000,11,33352000,9,33366000,12,33351000,10,33367000,9,33350000,12,33368000,10,33349000,8,33369000,11
33355000,1,33357000,2,33354000,4,33358000,5,33353000,6,33359000,5,33352000,6,33360000,6,33351000,10,33361000,8,33350000,12,33362000,12,33349000,9,33363000,10,33348000,12,33364000,9,33347000,8,33365000,9,33346000,10,33366000,10
33352000,2,33354000,1,33351000,5,33355000,6,33350000,10,33356000,5,33349000,6,33357000,5,33348000,11,33358000,6,33347000,8,33359000,8,33346000,8,33360000,10,33345000,7,33361000,9,33344000,11,33362000,11,33343000,9,33363000,9
33350000,1,33352000,2,33349000,4,33353000,4,33348000,9,33354000,4,33347000,8,33355000,5,33346000,8,33356000,5,33345000,8,33357000,10,33344000,11,33358000,9,33343000,9,33359000,8,33342000,11,33360000,10,33341000,8,33361000,12
33348000,1,33350000,2,33347000,6,33351000,5,33346000,6,33352000,5,33345000,8,33353000,7,33344000,11,33354000,8,33343000,11,33355000,11,33342000,11,33356000,10,33341000,8,33357000,11,33340000,15,33358000,10,33339000,12,33359000,8
33349000,3,33352000,4,33348000,6,33353000,6,33347000,5,33354000,7,33346000,7,33355000,8,33345000,7,33356000,8,33344000,10,33357000,10,33343000,11,33358000,10,33342000,12,33359000,10,33341000,8,33360000,14,33340000,15,33361000,12
33349000,2,33350000,8,33348000,6,33352000,3,33347000,5,33353000,4,33346000,9,33354000,6,33345000,8,33355000,7,33344000,12,33356000,6,33343000,11,33357000,7,33342000,11,33358000,9,33341000,8,33359000,12,33340000,15,33360000,14
33350000,4,33353000,2,33349000,4,33354000,6,33348000,7,33355000,6,33347000,8,33356000,6,33346000,10,33357000,7,33345000,7,33358000,10,33344000,13,33359000,10,33343000,11,33360000,14,33342000,12,33361000,11,33341000,8,33362000,13
33350000,1,33352000,2,33349000,7,33353000,4,33348000,6,33354000,4,33347000,8,33355000,5,33346000,11,33356000,6,33345000,8,33357000,7,33344000,13,33358000,11,33343000,11,33359000,9,33342000,12,33360000,15,33341000,8,33361000,10
33344000,5,33346000,2,33343000,9,33347000,4,33342000,10,33348000,4,33341000,6,33349000,3,33340000,13,33350000,5,33339000,13,33351000,6,33338000,12,33352000,6,33337000,8,33353000,7,33336000,11,33354000,7,33335000,9,33355000,9
33343000,2,33344000,2,33342000,6,33345000,4,33341000,4,33346000,7,33340000,11,33347000,5,33339000,11,33348000,6,33338000,14,33349000,9,33337000,8,33350000,6,33336000,12,33351000,8,33335000,9,33352000,7,33334000,11,33353000,5
33345000,1,33346000,3,33344000,5,33347000,6,33343000,5,33348000,5,33342000,4,33349000,9,33341000,7,33350000,8,33340000,9,33351000,6,33339000,13,33352000,8,33338000,11,33353000,8,33337000,11,33354000,10,33336000,12,33355000,10
33347000,2,33349000,4,33346000,4,33350000,6,33345000,5,33351000,6,33344000,6,33352000,7,33343000,6,33353000,9,33342000,5,33354000,10,33341000,11,33355000,9,33340000,13,33356000,8,33339000,14,33357000,9,33338000,12,33358000,11
33345000,5,33347000,1,33344000,6,33348000,3,33343000,4,33349000,4,33342000,5,33350000,6,33341000,10,33351000,7,33340000,13,33352000,8,33339000,15,33353000,9,33338000,12,33354000,10,33337000,10,33355000,9,33336000,13,33356000,8
33342000,4,33345000,2,33341000,6,33346000,5,33340000,8,33347000,8,33339000,11,33348000,6,33338000,10,33349000,8,33337000,11,33350000,10,33336000,14,33351000,8,33335000,9,33352000,9,33334000,8,33353000,10,33333000,11,33354000,9
33346000,2,33347000,4,33345000,3,33348000,3,33344000,3,33349000,6,33343000,5,33350000,8,33342000,6,33351000,7,33341000,7,33352000,9,33340000,8,33353000,10,33339000,11,33354000,11,33338000,13,33355000,9,33337000,10,33356000,9
33348000,4,33350000,2,33347000,4,33351000,3,33346000,6,33352000,6,33345000,6,33353000,8,33344000,7,33354000,12,33343000,7,33355000,10,33342000,9,33356000,9,33341000,9,33357000,9,33340000,9,33358000,10,33339000,12,33359000,9
33351000,1,33353000,4,33350000,2,33354000,7,33349000,4,33355000,5,33348000,3,33356000,6,33347000,5,33357000,11,33346000,8,33358000,13,33345000,8,33359000,8,33344000,11,33360000,15,33343000,6,33361000,11,33342000,7,33362000,12
33356000,1,33357000,3,33355000,4,33358000,5,33354000,7,33359000,5,33353000,9,33360000,14,33352000,7,33361000,11,33351000,16,33362000,12,33350000,11,33363000,10,33349000,8,33364000,11,33348000,6,33365000,9,33347000,5,33366000,10
33359000,1,33360000,2,33358000,5,33361000,5,33357000,2,33362000,11,33356000,3,33363000,8,33355000,4,33364000,11,33354000,8,33365000,9,33353000,12,33366000,10,33352000,10,33367000,9,33351000,9,33368000,10,33350000,10,33369000,15
33356000,3,33359000,4,33355000,6,33360000,6,33354000,8,33361000,6,33353000,9,33362000,9,33352000,7,33363000,8,33351000,9,33364000,13,33350000,13,33365000,9,33349000,6,33366000,11,33348000,7,33367000,10,33347000,5,33368000,10
33353000,1,33355000,3,33352000,6,33356000,4,33351000,6,33357000,8,33350000,10,33358000,5,33349000,7,33359000,11,33348000,5,33360000,6,33347000,5,33361000,11,33346000,11,33362000,13,33345000,10,33363000,10,33344000,13,33364000,11
33350000,2,33352000,4,33349000,5,33353000,6,33348000,6,33354000,5,33347000,4,33355000,3,33346000,9,33356000,7,33345000,11,33357000,4,33344000,13,33358000,11,33343000,9,33359000,12,33342000,12,33360000,10,33341000,11,33361000,10
33344000,2,33346000,1,33343000,6,33347000,3,33342000,9,33348000,6,33341000,7,33349000,4,33340000,9,33350000,11,33339000,13,33351000,8,33338000,12,33352000,13,33337000,10,33353000,8,33336000,12,33354000,10,33335000,8,33355000,7
33347000,3,33349000,3,33346000,7,33350000,7,33345000,5,33351000,6,33344000,3,33352000,9,33343000,8,33353000,10,33342000,11,33354000,9,33341000,10,33355000,7,33340000,12,33356000,7,33339000,13,33357000,7,33338000,12,33358000,8
33346000,3,33348000,3,33345000,2,33349000,5,33344000,5,33350000,7,33343000,7,33351000,5,33342000,8,33352000,9,33341000,9,33353000,10,33340000,13,33354000,13,33339000,12,33355000,10,33338000,12,33356000,9,33337000,10,33357000,7
33343000,2,33345000,5,33342000,7,33346000,5,33341000,7,33347000,5,33340000,10,33348000,5,33339000,12,33349000,7,33338000,13,33350000,10,33337000,10,33351000,10,33336000,12,33352000,11,33335000,8,33353000,10,33334000,11,33354000,11
33339000,1,33340000,2,33338000,3,33341000,5,33337000,7,33342000,3,33336000,10,33343000,4,33335000,9,33344000,5,33334000,7,33345000,8,33333000,15,33346000,9,33332000,10,33347000,11,33331000,12,33348000,12,33330000,20,33349000,9
33337000,2,33339000,3,33336000,6,33340000,5,33335000,9,33341000,8,33334000,7,33342000,3,33333000,16,33343000,7,33332000,11,33344000,6,33331000,12,33345000,8,33330000,20,33346000,10,33329000,8,33347000,9,33328000,11,33348000,12
33334000,1,33336000,2,33333000,11,33337000,4,33332000,9,33338000,4,33331000,11,33339000,6,33330000,21,33340000,8,33329000,10,33341000,14,33328000,10,33342000,9,33327000,12,33343000,7,33326000,9,33344000,10,33325000,5,33345000,7
33338000,1,33339000,4,33336000,4,33340000,8,33335000,6,33341000,13,33334000,4,33342000,7,33333000,6,33343000,6,33332000,9,33344000,9,33331000,14,33345000,8,33330000,22,33346000,9,33329000,12,33347000,9,33328000,12,33348000,13
33335000,6,33336000,1,33334000,4,33338000,4,33333000,6,33339000,5,33332000,10,33340000,8,33331000,16,33341000,11,33330000,23,33342000,7,33329000,12,33343000,8,33328000,12,33344000,11,33327000,12,33345000,8,33326000,9,33346000,9
33333000,2,33335000,2,33332000,6,33336000,5,33331000,13,33337000,5,33330000,21,33338000,6,33329000,10,33339000,7,33328000,13,33340000,10,33327000,12,33341000,14,33326000,9,33342000,9,33325000,7,33343000,10,33324000,8,33344000,9
33329000,1,33330000,2,33328000,5,33331000,3,33327000,5,33332000,4,33326000,8,33333000,5,33325000,9,33334000,6,33324000,8,33335000,11,33323000,8,33336000,12,33322000,8,33337000,10,33321000,9,33338000,11,33320000,20,33339000,9
33327000,1,33329000,2,33326000,4,33330000,4,33325000,6,33331000,4,33324000,9,33332000,8,33323000,9,33333000,6,33322000,10,33334000,9,33321000,10,33335000,12,33320000,20,33336000,12,33319000,9,33337000,9,33318000,9,33338000,12
33328000,3,33330000,1,33327000,2,33331000,4,33326000,5,33332000,6,33325000,6,33333000,7,33324000,10,33334000,8,33323000,9,33335000,12,33322000,10,33336000,12,33321000,10,33337000,9,33320000,20,33338000,12,33319000,9,33339000,11
33328000,2,33331000,2,33327000,7,33332000,6,33326000,6,33333000,6,33325000,7,33334000,5,33324000,11,33335000,12,33323000,10,33336000,12,33322000,10,33337000,8,33321000,9,33338000,11,33320000,20,33339000,10,33319000,10,33340000,11
33328000,2,33330000,2,33327000,3,33331000,7,33326000,6,33332000,6,33325000,6,33333000,6,33324000,11,33334000,7,33323000,9,33335000,12,33322000,10,33336000,12,33321000,9,33337000,8,33320000,20,33338000,12,33319000,10,33339000,11
33327000,2,33329000,1,33326000,6,33330000,3,33325000,7,33331000,5,33324000,11,33332000,7,33323000,9,33333000,6,33322000,10,33334000,7,33321000,9,33335000,12,33320000,20,33336000,12,33319000,10,33337000,8,33318000,9,33338000,12
33327000,3,33330000,2,33326000,5,33331000,5,33325000,7,33332000,5,33324000,9,33333000,6,33323000,9,33334000,7,33322000,10,33335000,11,33321000,10,33336000,12,33320000,23,33337000,9,33319000,10,33338000,12,33318000,9,33339000,12
33327000,2,33329000,2,33326000,4,33330000,6,33325000,7,33331000,8,33324000,7,33332000,8,33323000,10,33333000,8,33322000,10,33334000,10,33321000,10,33335000,11,33320000,23,33336000,13,33319000,10,33337000,7,33318000,9,33338000,11
33324000,3,33326000,3,33323000,6,33327000,3,33322000,7,33328000,4,33321000,11,33329000,6,33320000,23,33330000,8,33319000,9,33331000,10,33318000,10,33332000,11,33317000,8,33333000,10,33316000,11,33334000,12,33315000,10,33335000,12
33325000,1,33327000,2,33324000,5,33328000,4,33323000,4,33329000,7,33322000,5,33330000,7,33321000,11,33331000,13,33320000,23,33332000,10,33319000,8,33333000,11,33318000,11,33334000,11,33317000,8,33335000,12,33316000,11,33336000,15
33324000,2,33327000,7,33323000,5,33328000,4,33322000,7,33329000,7,33321000,10,33330000,6,33320000,24,33331000,10,33319000,10,33332000,9,33318000,9,33333000,10,33317000,8,33334000,12,33316000,11,33335000,11,33315000,10,33336000,15
33325000,3,33327000,1,33324000,6,33328000,3,33323000,4,33329000,6,33322000,5,33330000,6,33321000,10,33331000,10,33320000,24,33332000,11,33319000,10,33333000,12,33318000,11,33334000,11,33317000,8,33335000,12,33316000,11,33336000,15
33326000,1,33328000,3,33325000,4,33329000,5,33324000,4,33330000,6,33323000,3,33331000,8,33322000,7,33332000,10,33321000,13,33333000,10,33320000,26,33334000,11,33319000,11,33335000,11,33318000,10,33336000,14,33317000,9,33337000,9
33327000,2,33328000,4,33326000,2,33329000,6,33325000,3,33330000,7,33324000,4,33331000,8,33323000,3,33332000,7,33322000,7,33333000,13,33321000,12,33334000,11,33320000,24,33335000,12,33319000,10,33336000,14,33318000,9,33337000,8
33328000,1,33330000,3,33327000,4,33331000,5,33326000,5,33332000,6,33325000,3,33333000,11,33324000,5,33334000,9,33323000,6,33335000,10,33322000,9,33336000,14,33321000,12,33337000,8,33320000,24,33338000,12,33319000,10,33339000,12
33326000,1,33328000,5,33325000,3,33329000,4,33324000,4,33330000,3,33323000,4,33331000,6,33322000,7,33332000,7,33321000,13,33333000,14,33320000,24,33334000,11,33319000,10,33335000,10,33318000,9,33336000,14,33317000,8,33337000,7
33320000,16,33322000,3,33319000,5,33323000,4,33318000,9,33324000,5,33317000,9,33325000,7,33316000,11,33326000,7,33315000,10,33327000,10,33314000,10,33328000,15,33313000,14,33329000,10,33312000,10,33330000,11,33311000,10,33331000,11
33323000,1,33324000,6,33321000,4,33325000,6,33320000,5,33326000,9,33319000,6,33327000,12,33318000,6,33328000,14,33317000,9,33329000,11,33316000,10,33330000,11,33315000,12,33331000,10,33314000,10,33332000,11,33313000,14,33333000,14
33323000,2,33325000,1,33322000,3,33326000,5,33321000,5,33327000,8,33320000,5,33328000,13,33319000,7,33329000,10,33318000,10,33330000,12,33317000,11,33331000,10,33316000,13,33332000,11,33315000,11,33333000,14,33314000,9,33334000,12
33321000,4,33323000,1,33320000,4,33324000,4,33319000,8,33325000,3,33318000,8,33326000,5,33317000,9,33327000,5,33316000,12,33328000,9,33315000,10,33329000,9,33314000,9,33330000,11,33313000,14,33331000,10,33312000,13,33332000,9
33320000,3,33321000,2,33319000,3,33322000,3,33318000,5,33323000,5,33317000,7,33324000,6,33316000,9,33325000,6,33315000,10,33326000,10,33314000,9,33327000,9,33313000,14,33328000,13,33312000,11,33329000,9,33311000,10,33330000,11
33316000,1,33317000,4,33315000,7,33318000,3,33314000,7,33319000,4,33313000,13,33320000,3,33312000,11,33321000,7,33311000,10,33322000,6,33310000,19,33323000,9,33309000,8,33324000,15,33308000,9,33325000,11,33307000,10,33326000,12
33323000,1,33324000,5,33322000,5,33325000,4,33321000,4,33326000,8,33320000,4,33327000,7,33319000,5,33328000,11,33318000,5,33329000,7,33317000,7,33330000,13,33316000,9,33331000,8,33315000,13,33332000,12,33314000,10,33333000,13
33325000,1,33326000,1,33324000,3,33327000,5,33323000,4,33328000,7,33322000,5,33329000,7,33321000,5,33330000,12,33320000,7,33331000,10,33319000,7,33332000,12,33318000,8,33333000,13,33317000,8,33334000,10,33316000,9,33335000,11
33322000,5,33323000,2,33321000,5,33324000,3,33320000,6,33325000,3,33319000,7,33326000,5,33318000,7,33327000,7,33317000,7,33328000,7,33316000,9,33329000,7,33315000,12,33330000,12,33314000,10,33331000,10,33313000,17,33332000,13
33324000,3,33327000,6,33323000,3,33328000,7,33322000,5,33329000,5,33321000,4,33330000,12,33320000,6,33331000,10,33319000,10,33332000,12,33318000,7,33333000,13,33317000,9,33334000,10,33316000,9,33335000,10,33315000,12,33336000,14
33323000,2,33324000,11,33322000,6,33326000,5,33321000,6,33327000,23,33320000,7,33328000,6,33319000,7,33329000,6,33318000,10,33330000,10,33317000,7,33331000,11,33316000,9,33332000,12,33315000,13,33333000,13,33314000,11,33334000,10
33325000,3,33327000,18,33324000,5,33328000,5,33323000,6,33329000,6,33322000,6,33330000,10,33321000,7,33331000,10,33320000,7,33332000,11,33319000,12,33333000,13,33318000,10,33334000,10,33317000,11,33335000,10,33316000,9,33336000,14
33328000,3,33330000,4,33327000,4,33331000,4,33326000,6,33332000,8,33325000,6,33333000,11,33324000,6,33334000,10,33323000,10,33335000,11,33322000,11,33336000,14,33321000,9,33337000,8,33320000,10,33338000,12,33319000,11,33339000,11
33325000,1,33327000,9,33324000,5,33328000,2,33323000,7,33329000,5,33322000,8,33330000,5,33321000,7,33331000,6,33320000,9,33332000,10,33319000,10,33333000,13,33318000,10,33334000,11,33317000,10,33335000,11,33316000,10,33336000,14
33328000,3,33331000,4,33327000,3,33332000,6,33326000,5,33333000,9,33325000,5,33334000,9,33324000,9,33335000,12,33323000,11,33336000,15,33322000,11,33337000,7,33321000,9,33338000,12,33320000,8,33339000,11,33319000,10,33340000,11
33333000,2,33335000,4,33332000,4,33336000,9,33331000,4,33337000,5,33330000,6,33338000,10,33329000,7,33339000,11,33328000,7,33340000,12,33327000,5,33341000,7,33326000,10,33342000,10,33325000,8,33343000,18,33324000,10,33344000,8
33331000,7,33332000,1,33330000,6,33334000,1,33329000,6,33335000,3,33328000,7,33336000,8,33327000,5,33337000,7,33326000,10,33338000,10,33325000,8,33339000,11,33324000,10,33340000,12,33323000,10,33341000,7,33322000,20,33342000,10
33333000,1,33335000,3,33332000,4,33336000,8,33331000,5,33337000,5,33330000,7,33338000,11,33329000,10,33339000,11,33328000,7,33340000,12,33327000,8,33341000,7,33326000,11,33342000,10,33325000,8,33343000,22,33324000,10,33344000,8
33336000,2,33338000,4,33335000,4,33339000,7,33334000,5,33340000,9,33333000,13,33341000,7,33332000,4,33342000,10,33331000,8,33343000,24,33330000,12,33344000,8,33329000,13,33345000,13,33328000,11,33346000,11,33327000,6,33347000,8
33339000,2,33341000,3,33338000,6,33342000,5,33337000,3,33343000,20,33336000,8,33344000,8,33335000,8,33345000,11,33334000,8,33346000,9,33333000,15,33347000,12,33332000,7,33348000,18,33331000,8,33349000,9,33330000,12,33350000,10
33337000,1,33338000,2,33336000,5,33339000,4,33335000,7,33340000,3,33334000,5,33341000,4,33333000,14,33342000,8,33332000,6,33343000,23,33331000,9,33344000,10,33330000,12,33345000,12,33329000,10,33346000,13,33328000,10,33347000,10
33334000,1,33335000,1,33333000,10,33336000,3,33332000,4,33337000,5,33331000,5,33338000,5,33330000,9,33339000,5,33329000,11,33340000,6,33328000,11,33341000,8,33327000,7,33342000,9,33326000,11,33343000,19,33325000,6,33344000,11
33339000,2,33340000,1,33338000,2,33341000,3,33337000,3,33342000,7,33336000,6,33343000,18,33335000,6,33344000,11,33334000,6,33345000,12,33333000,7,33346000,12,33332000,8,33347000,10,33331000,9,33348000,18,33330000,13,33349000,11
33339000,4,33342000,6,33338000,4,33343000,19,33337000,6,33344000,10,33336000,9,33345000,11,33335000,9,33346000,12,33334000,10,33347000,11,33333000,8,33348000,18,33332000,7,33349000,9,33331000,8,33350000,11,33330000,12,33351000,8
33343000,2,33345000,6,33342000,3,33346000,9,33341000,4,33347000,11,33340000,4,33348000,17,33339000,7,33349000,7,33338000,8,33350000,11,33337000,9,33351000,8,33336000,13,33352000,11,33335000,11,33353000,14,33334000,9,33354000,13
33336000,4,33339000,3,33335000,7,33340000,6,33334000,6,33341000,5,33333000,9,33342000,4,33332000,9,33343000,6,33331000,9,33344000,10,33330000,13,33345000,7,33329000,8,33346000,10,33328000,12,33347000,9,33327000,8,33348000,16
33336000,4,33339000,4,33335000,7,33340000,5,33334000,6,33341000,5,33333000,10,33342000,5,33332000,9,33343000,6,33331000,9,33344000,8,33330000,13,33345000,7,33329000,8,33346000,10,33328000,12,33347000,9,33327000,8,33348000,16
33333000,5,33336000,3,33332000,6,33337000,7,33331000,7,33338000,7,33330000,13,33339000,6,33329000,8,33340000,7,33328000,12,33341000,10,33327000,7,33342000,8,33326000,11,33343000,6,33325000,6,33344000,8,33324000,12,33345000,8
33330000,2,33332000,1,33329000,4,33333000,4,33328000,7,33334000,4,33327000,7,33335000,4,33326000,10,33336000,5,33325000,7,33337000,9,33324000,12,33338000,13,33323000,9,33339000,8,33322000,12,33340000,8,33321000,9,33341000,8
33329000,1,33331000,2,33328000,4,33332000,6,33327000,6,33333000,8,33326000,7,33334000,6,33325000,8,33335000,12,33324000,11,33336000,9,33323000,11,33337000,9,33322000,12,33338000,12,33321000,9,33339000,7,33320000,9,33340000,8
33329000,3,33332000,5,33328000,3,33333000,9,33327000,3,33334000,6,33326000,6,33335000,12,33325000,6,33336000,7,33324000,11,33337000,9,33323000,11,33338000,11,33322000,12,33339000,8,33321000,10,33340000,9,33320000,8,33341000,8
33330000,2,33332000,1,33329000,4,33333000,6,33328000,5,33334000,6,33327000,4,33335000,13,33326000,6,33336000,7,33325000,9,33337000,8,33324000,12,33338000,11,33323000,11,33339000,8,33322000,12,33340000,19,33321000,11,33341000,8
33327000,2,33330000,4,33326000,5,33331000,4,33325000,8,33332000,6,33324000,7,33333000,6,33323000,10,33334000,9,33322000,12,33335000,15,33321000,11,33336000,9,33320000,8,33337000,8,33319000,12,33338000,11,33318000,10,33339000,8
33328000,3,33331000,5,33327000,2,33332000,6,33326000,7,33333000,5,33325000,7,33334000,8,33324000,8,33335000,15,33323000,8,33336000,9,33322000,12,33337000,7,33321000,12,33338000,11,33320000,8,33339000,8,33319000,12,33340000,19
33332000,1,33333000,2,33331000,2,33334000,5,33330000,5,33335000,12,33329000,7,33336000,5,33328000,3,33337000,8,33327000,7,33338000,12,33326000,10,33339000,9,33325000,10,33340000,19,33324000,12,33341000,8,33323000,10,33342000,9
33335000,3,33338000,7,33334000,4,33339000,9,33333000,4,33340000,17,33332000,8,33341000,6,33331000,7,33342000,8,33330000,12,33343000,7,33329000,9,33344000,9,33328000,8,33345000,8,33327000,7,33346000,12,33326000,8,33347000,8
33331000,4,33334000,3,33330000,11,33335000,5,33329000,9,33336000,9,33328000,3,33337000,6,33327000,10,33338000,7,33326000,19,33339000,9,33325000,22,33340000,21,33324000,24,33341000,11,33323000,19,33342000,10,33322000,23,33343000,6
33333000,1,33334000,1,33332000,3,33335000,1,33331000,5,33336000,6,33330000,10,33337000,6,33329000,9,33338000,7,33328000,6,33339000,8,33327000,9,33340000,20,33326000,18,33341000,10,33325000,22,33342000,9,33324000,34,33343000,7
33331000,3,33333000,1,33330000,10,33334000,2,33329000,9,33335000,8,33328000,5,33336000,6,33327000,9,33337000,8,33326000,18,33338000,9,33325000,22,33339000,7,33324000,34,33340000,21,33323000,19,33341000,10,33322000,22,33342000,9
33333000,1,33334000,1,33332000,3,33335000,5,33331000,3,33336000,5,33330000,6,33337000,8,33329000,7,33338000,11,33328000,7,33339000,8,33327000,9,33340000,20,33326000,10,33341000,8,33325000,12,33342000,9,33324000,12,33343000,7
33335000,3,33337000,2,33334000,3,33338000,5,33333000,3,33339000,7,33332000,3,33340000,18,33331000,6,33341000,9,33330000,10,33342000,9,33329000,8,33343000,7,33328000,11,33344000,9,33327000,8,33345000,7,33326000,9,33346000,11
33334000,3,33336000,2,33333000,4,33337000,6,33332000,3,33338000,4,33331000,5,33339000,5,33330000,10,33340000,18,33329000,8,33341000,10,33328000,9,33342000,10,33327000,8,33343000,7,33326000,9,33344000,10,33325000,11,33345000,8
33338000,1,33339000,1,33337000,4,33340000,16,33336000,3,33341000,5,33335000,3,33342000,7,33334000,5,33343000,8,33333000,6,33344000,12,33332000,10,33345000,8,33331000,9,33346000,11,33330000,14,33347000,7,33329000,10,33348000,14
33342000,2,33343000,1,33341000,4,33344000,5,33340000,6,33345000,6,33339000,7,33346000,11,33338000,7,33347000,8,33337000,7,33348000,14,33336000,8,33349000,7,33335000,7,33350000,10,33334000,10,33351000,9,33333000,7,33352000,11
33344000,2,33346000,4,33343000,3,33347000,5,33342000,6,33348000,11,33341000,6,33349000,6,33340000,9,33350000,11,33339000,10,33351000,10,33338000,10,33352000,11,33337000,10,33353000,13,33336000,9,33354000,13,33335000,6,33355000,10
33342000,2,33343000,3,33341000,5,33345000,5,33340000,9,33346000,7,33339000,8,33347000,5,33338000,9,33348000,7,33337000,9,33349000,5,33336000,9,33350000,12,33335000,6,33351000,11,33334000,8,33352000,12,33333000,8,33353000,13
33344000,1,33346000,6,33343000,3,33347000,5,33342000,4,33348000,6,33341000,5,33349000,7,33340000,8,33350000,12,33339000,8,33351000,11,33338000,12,33352000,11,33337000,8,33353000,13,33336000,10,33354000,13,33335000,7,33355000,10
33348000,2,33349000,1,33347000,4,33350000,4,33346000,3,33351000,6,33345000,6,33352000,8,33344000,8,33353000,14,33343000,5,33354000,13,33342000,8,33355000,10,33341000,10,33356000,8,33340000,13,33357000,6,33339000,8,33358000,8
33349000,2,33351000,3,33348000,5,33352000,8,33347000,5,33353000,13,33346000,4,33354000,10,33345000,8,33355000,11,33344000,8,33356000,12,33343000,7,33357000,6,33342000,8,33358000,8,33341000,9,33359000,9,33340000,12,33360000,11
33349000,2,33351000,4,33348000,4,33352000,3,33347000,4,33353000,7,33346000,6,33354000,10,33345000,10,33355000,12,33344000,12,33356000,9,33343000,7,33357000,9,33342000,7,33358000,9,33341000,8,33359000,9,33340000,12,33360000,11
33349000,3,33351000,2,33348000,4,33352000,4,33347000,4,33353000,7,33346000,5,33354000,10,33345000,7,33355000,12,33344000,10,33356000,12,33343000,8,33357000,9,33342000,9,33358000,9,33341000,8,33359000,9,33340000,12,33360000,11
33349000,3,33351000,2,33348000,7,33352000,4,33347000,5,33353000,10,33346000,4,33354000,10,33345000,8,33355000,10,33344000,8,33356000,11,33343000,8,33357000,9,33342000,10,33358000,8,33341000,8,33359000,9,33340000,12,33360000,11
33346000,1,33348000,2,33345000,5,33349000,5,33344000,6,33350000,8,33343000,5,33351000,8,33342000,8,33352000,10,33341000,9,33353000,11,33340000,14,33354000,14,33339000,9,33355000,11,33338000,10,33356000,11,33337000,8,33357000,8
33344000,3,33346000,2,33343000,4,33347000,5,33342000,5,33348000,6,33341000,7,33349000,6,33340000,11,33350000,12,33339000,10,33351000,11,33338000,11,33352000,13,33337000,9,33353000,12,33336000,10,33354000,13,33335000,6,33355000,10
33349000,2,33350000,6,33348000,4,33351000,3,33347000,6,33352000,9,33346000,6,33353000,9,33345000,9,33354000,11,33344000,8,33355000,11,33343000,6,33356000,11,33342000,12,33357000,8,33341000,8,33358000,8,33340000,11,33359000,11
33351000,2,33353000,6,33350000,4,33354000,10,33349000,4,33355000,10,33348000,4,33356000,9,33347000,7,33357000,9,33346000,9,33358000,10,33345000,10,33359000,9,33344000,13,33360000,11,33343000,8,33361000,7,33342000,11,33362000,11
33348000,1,33349000,2,33347000,2,33350000,8,33346000,5,33351000,4,33345000,7,33352000,4,33344000,7,33353000,9,33343000,6,33354000,9,33342000,10,33355000,11,33341000,8,33356000,12,33340000,27,33357000,8,33339000,24,33358000,11
33348000,2,33350000,3,33347000,5,33351000,4,33346000,4,33352000,5,33345000,8,33353000,7,33344000,9,33354000,8,33343000,7,33355000,11,33342000,12,33356000,11,33341000,7,33357000,8,33340000,27,33358000,11,33339000,24,33359000,9
33346000,2,33347000,1,33345000,7,33348000,4,33344000,6,33349000,4,33343000,6,33350000,7,33342000,10,33351000,7,33341000,6,33352000,6,33340000,13,33353000,10,33339000,9,33354000,9,33338000,25,33355000,11,33337000,24,33356000,10
33347000,3,33350000,5,33346000,3,33351000,5,33345000,7,33352000,6,33344000,6,33353000,9,33343000,7,33354000,8,33342000,10,33355000,11,33341000,8,33356000,10,33340000,13,33357000,10,33339000,9,33358000,10,33338000,10,33359000,9
33352000,3,33354000,2,33351000,5,33355000,7,33350000,5,33356000,8,33349000,5,33357000,7,33348000,5,33358000,10,33347000,8,33359000,10,33346000,10,33360000,13,33345000,10,33361000,7,33344000,9,33362000,9,33343000,7,33363000,8
33351000,2,33352000,1,33350000,5,33353000,9,33349000,7,33354000,5,33348000,6,33355000,7,33347000,9,33356000,6,33346000,9,33357000,10,33345000,9,33358000,10,33344000,8,33359000,12,33343000,7,33360000,16,33342000,11,33361000,7
33347000,2,33349000,3,33346000,7,33350000,7,33345000,7,33351000,7,33344000,7,33352000,7,33343000,7,33353000,11,33342000,14,33354000,6,33341000,6,33355000,10,33340000,13,33356000,10,33339000,24,33357000,10,33338000,25,33358000,10
33351000,1,33352000,1,33350000,6,33353000,6,33349000,5,33354000,6,33348000,6,33355000,8,33347000,10,33356000,9,33346000,7,33357000,9,33345000,9,33358000,10,33344000,10,33359000,11,33343000,8,33360000,14,33342000,15,33361000,7
33349000,1,33351000,2,33348000,5,33352000,4,33347000,3,33353000,6,33346000,6,33354000,7,33345000,9,33355000,9,33344000,7,33356000,11,33343000,8,33357000,8,33342000,15,33358000,10,33341000,6,33359000,11,33340000,13,33360000,14
33345000,1,33346000,2,33344000,4,33347000,3,33343000,5,33348000,4,33342000,11,33349000,5,33341000,6,33350000,8,33340000,13,33351000,6,33339000,24,33352000,11,33338000,25,33353000,12,33337000,24,33354000,12,33336000,22,33355000,9
33342000,5,33344000,4,33341000,2,33345000,4,33340000,9,33346000,4,33339000,23,33347000,4,33338000,26,33348000,6,33337000,25,33349000,7,33336000,22,33350000,11,33335000,21,33351000,10,33334000,25,33352000,11,33333000,23,33353000,10
33345000,1,33347000,3,33344000,4,33348000,4,33343000,6,33349000,5,33342000,3,33350000,10,33341000,6,33351000,10,33340000,7,33352000,11,33339000,9,33353000,10,33338000,12,33354000,11,33337000,10,33355000,9,33336000,22,33356000,12
33353000,2,33355000,2,33352000,5,33356000,7,33351000,4,33357000,8,33350000,6,33358000,8,33349000,6,33359000,12,33348000,10,33360000,14,33347000,8,33361000,7,33346000,9,33362000,10,33345000,10,33363000,8,33344000,10,33364000,10
33352000,4,33355000,4,33351000,5,33356000,7,33350000,4,33357000,8,33349000,4,33358000,9,33348000,8,33359000,12,33347000,14,33360000,15,33346000,11,33361000,7,33345000,10,33362000,10,33344000,10,33363000,8,33343000,6,33364000,10
33353000,4,33356000,4,33352000,5,33357000,5,33351000,5,33358000,8,33350000,4,33359000,11,33349000,6,33360000,14,33348000,8,33361000,8,33347000,14,33362000,9,33346000,11,33363000,8,33345000,10,33364000,10,33344000,10,33365000,8
33354000,2,33356000,2,33353000,6,33357000,4,33352000,5,33358000,8,33351000,5,33359000,11,33350000,8,33360000,14,33349000,7,33361000,8,33348000,10,33362000,9,33347000,13,33363000,8,33346000,9,33364000,10,33345000,11,33365000,8
33357000,3,33359000,6,33356000,2,33360000,11,33355000,6,33361000,8,33354000,5,33362000,7,33353000,8,33363000,9,33352000,8,33364000,10,33351000,11,33365000,6,33350000,11,33366000,12,33349000,8,33367000,9,33348000,9,33368000,11
33361000,1,33362000,3,33360000,5,33363000,6,33359000,4,33364000,9,33358000,3,33365000,5,33357000,3,33366000,12,33356000,18,33367000,10,33355000,8,33368000,9,33354000,11,33369000,9,33353000,10,33370000,11,33352000,12,33371000,9
33359000,1,33360000,4,33358000,3,33361000,1,33357000,3,33362000,5,33356000,17,33363000,7,33355000,8,33364000,11,33354000,10,33365000,8,33353000,8,33366000,13,33352000,11,33367000,10,33351000,10,33368000,10,33350000,8,33369000,9
33356000,4,33357000,2,33355000,4,33358000,4,33354000,5,33359000,6,33353000,7,33360000,7,33352000,9,33361000,9,33351000,8,33362000,8,33350000,8,33363000,9,33349000,10,33364000,14,33348000,9,33365000,8,33347000,5,33366000,12
33353000,2,33354000,3,33352000,2,33355000,5,33351000,5,33356000,4,33350000,5,33357000,5,33349000,8,33358000,9,33348000,8,33359000,10,33347000,8,33360000,11,33346000,10,33361000,11,33345000,10,33362000,11,33344000,11,33363000,9
33353000,1,33355000,2,33352000,5,33356000,5,33351000,5,33357000,9,33350000,7,33358000,9,33349000,8,33359000,11,33348000,10,33360000,10,33347000,7,33361000,10,33346000,12,33362000,9,33345000,10,33363000,9,33344000,11,33364000,13
33350000,4,33352000,1,33349000,7,33353000,4,33348000,6,33354000,7,33347000,5,33355000,7,33346000,8,33356000,6,33345000,11,33357000,12,33344000,11,33358000,14,33343000,6,33359000,13,33342000,8,33360000,12,33341000,9,33361000,9
33352000,1,33353000,2,33351000,6,33354000,7,33350000,6,33355000,7,33349000,7,33356000,5,33348000,6,33357000,12,33347000,6,33358000,14,33346000,8,33359000,13,33345000,11,33360000,12,33344000,11,33361000,9,33343000,6,33362000,9
33350000,2,33351000,2,33349000,7,33352000,6,33348000,6,33353000,5,33347000,5,33354000,8,33346000,8,33355000,6,33345000,11,33356000,7,33344000,11,33357000,12,33343000,6,33358000,14,33342000,8,33359000,13,33341000,9,33360000,11
33351000,2,33353000,3,33350000,4,33354000,11,33349000,6,33355000,18,33348000,5,33356000,10,33347000,7,33357000,13,33346000,9,33358000,10,33345000,10,33359000,12,33344000,11,33360000,13,33343000,6,33361000,14,33342000,8,33362000,22
33355000,1,33356000,6,33354000,2,33357000,8,33353000,10,33358000,7,33352000,10,33359000,9,33351000,8,33360000,11,33350000,8,33361000,15,33349000,10,33362000,22,33348000,11,33363000,21,33347000,7,33364000,28,33346000,9,33365000,26
33353000,2,33354000,6,33352000,5,33355000,1,33351000,7,33356000,6,33350000,8,33357000,9,33349000,9,33358000,8,33348000,11,33359000,12,33347000,7,33360000,13,33346000,9,33361000,16,33345000,10,33362000,22,33344000,11,33363000,21
33350000,1,33351000,2,33349000,3,33352000,3,33348000,5,33353000,7,33347000,7,33354000,5,33346000,9,33355000,5,33345000,12,33356000,9,33344000,11,33357000,8,33343000,6,33358000,9,33342000,8,33359000,7,33341000,11,33360000,12
33343000,3,33345000,1,33342000,4,33346000,4,33341000,6,33347000,5,33340000,5,33348000,5,33339000,9,33349000,6,33338000,10,33350000,10,33337000,10,33351000,9,33336000,11,33352000,9,33335000,6,33353000,8,33334000,10,33354000,8
33346000,1,33348000,3,33345000,8,33349000,22,33344000,7,33350000,10,33343000,4,33351000,17,33342000,5,33352000,7,33341000,10,33353000,8,33340000,9,33354000,8,33339000,9,33355000,6,33338000,11,33356000,9,33337000,10,33357000,9
33349000,4,33351000,1,33348000,6,33352000,5,33347000,5,33353000,8,33346000,7,33354000,10,33345000,9,33355000,8,33344000,10,33356000,9,33343000,8,33357000,10,33342000,9,33358000,8,33341000,9,33359000,7,33340000,8,33360000,12
33352000,5,33354000,3,33351000,6,33355000,4,33350000,5,33356000,7,33349000,7,33357000,7,33348000,7,33358000,7,33347000,5,33359000,10,33346000,11,33360000,12,33345000,11,33361000,13,33344000,12,33362000,21,33343000,7,33363000,20
33354000,6,33357000,3,33353000,7,33358000,4,33352000,5,33359000,6,33351000,8,33360000,9,33350000,8,33361000,7,33349000,10,33362000,11,33348000,9,33363000,8,33347000,6,33364000,13,33346000,9,33365000,6,33345000,11,33366000,12
33360000,1,33361000,1,33359000,5,33362000,6,33358000,4,33363000,7,33357000,4,33364000,10,33356000,7,33365000,7,33355000,10,33366000,13,33354000,8,33367000,10,33353000,10,33368000,9,33352000,11,33369000,10,33351000,9,33370000,11
33361000,2,33362000,2,33360000,5,33363000,3,33359000,4,33364000,3,33358000,5,33365000,4,33357000,8,33366000,11,33356000,9,33367000,10,33355000,13,33368000,10,33354000,9,33369000,9,33353000,8,33370000,14,33352000,8,33371000,7
33359000,5,33361000,1,33358000,5,33362000,3,33357000,6,33363000,5,33356000,7,33364000,6,33355000,11,33365000,6,33354000,9,33366000,14,33353000,8,33367000,11,33352000,8,33368000,12,33351000,9,33369000,9,33350000,9,33370000,13
33363000,2,33364000,6,33361000,3,33365000,5,33360000,4,33366000,13,33359000,5,33367000,10,33358000,5,33368000,9,33357000,7,33369000,10,33356000,6,33370000,13,33355000,13,33371000,7,33354000,10,33372000,12,33353000,8,33373000,4
33360000,2,33362000,3,33359000,5,33363000,5,33358000,5,33364000,5,33357000,7,33365000,6,33356000,6,33366000,14,33355000,12,33367000,10,33354000,9,33368000,11,33353000,8,33369000,10,33352000,8,33370000,13,33351000,9,33371000,7
33360000,3,33362000,1,33359000,5,33363000,5,33358000,5,33364000,5,33357000,7,33365000,6,33356000,6,33366000,14,33355000,12,33367000,10,33354000,9,33368000,11,33353000,8,33369000,10,33352000,8,33370000,13,33351000,9,33371000,7
33366000,1,33367000,2,33365000,4,33368000,5,33364000,6,33369000,8,33363000,3,33370000,10,33362000,4,33371000,11,33361000,9,33372000,12,33360000,9,33373000,4,33359000,7,33374000,7,33358000,11,33375000,6,33357000,8,33376000,9
33368000,2,33370000,7,33367000,1,33371000,6,33366000,4,33372000,12,33365000,5,33373000,6,33364000,7,33374000,9,33363000,5,33375000,6,33362000,8,33376000,9,33361000,9,33377000,8,33360000,10,33378000,13,33359000,7,33379000,8
33371000,1,33373000,2,33370000,3,33374000,6,33369000,5,33375000,8,33368000,5,33376000,8,33367000,2,33377000,8,33366000,6,33378000,13,33365000,7,33379000,8,33364000,9,33380000,13,33363000,7,33381000,6,33362000,7,33382000,7
33374000,9,33376000,1,33373000,5,33377000,7,33372000,11,33378000,12,33371000,7,33379000,8,33370000,5,33380000,14,33369000,6,33381000,8,33368000,13,33382000,7,33367000,7,33383000,7,33366000,9,33384000,9,33365000,4,33385000,9
33373000,5,33375000,4,33372000,11,33376000,4,33371000,8,33377000,6,33370000,6,33378000,12,33369000,6,33379000,10,33368000,12,33380000,13,33367000,7,33381000,8,33366000,8,33382000,10,33365000,4,33383000,7,33364000,8,33384000,9
33370000,1,33372000,4,33369000,1,33373000,5,33368000,7,33374000,5,33367000,6,33375000,5,33366000,8,33376000,7,33365000,5,33377000,10,33364000,8,33378000,16,33363000,7,33379000,11,33362000,8,33380000,16,33361000,7,33381000,8
33367000,3,33368000,1,33366000,6,33369000,2,33365000,3,33370000,5,33364000,7,33371000,7,33363000,7,33372000,6,33362000,9,33373000,8,33361000,7,33374000,10,33360000,11,33375000,9,33359000,6,33376000,10,33358000,11,33377000,9
33370000,3,33372000,3,33369000,4,33373000,5,33368000,5,33374000,7,33367000,4,33375000,7,33366000,5,33376000,8,33365000,10,33377000,9,33364000,9,33378000,14,33363000,8,33379000,10,33362000,10,33380000,15,33361000,7,33381000,8
33367000,2,33368000,2,33366000,4,33369000,3,33365000,7,33370000,5,33364000,6,33371000,8,33363000,8,33372000,7,33362000,10,33373000,8,33361000,7,33374000,10,33360000,11,33375000,9,33359000,6,33376000,9,33358000,9,33377000,8
33370000,6,33371000,3,33369000,2,33372000,6,33368000,3,33373000,8,33367000,5,33374000,8,33366000,5,33375000,8,33365000,8,33376000,10,33364000,5,33377000,8,33363000,8,33378000,13,33362000,11,33379000,10,33361000,7,33380000,15
33372000,2,33373000,2,33371000,3,33374000,5,33370000,8,33375000,7,33369000,6,33376000,6,33368000,4,33377000,9,33367000,7,33378000,15,33366000,8,33379000,10,33365000,10,33380000,15,33364000,8,33381000,8,33363000,8,33382000,8
33373000,4,33375000,1,33372000,4,33376000,5,33371000,5,33377000,7,33370000,13,33378000,11,33369000,8,33379000,11,33368000,7,33380000,16,33367000,8,33381000,8,33366000,8,33382000,8,33365000,8,33383000,7,33364000,7,33384000,9
33378000,3,33380000,6,33377000,4,33381000,6,33376000,5,33382000,9,33375000,3,33383000,6,33374000,9,33384000,10,33373000,7,33385000,10,33372000,8,33386000,13,33371000,8,33387000,7,33370000,16,33388000,11,33369000,10,33389000,10
33382000,1,33383000,2,33381000,3,33384000,3,33380000,6,33385000,6,33379000,5,33386000,9,33378000,7,33387000,7,33377000,9,33388000,10,33376000,10,33389000,10,33375000,7,33390000,22,33374000,12,33391000,6,33373000,9,33392000,8
33382000,3,33384000,2,33381000,4,33385000,6,33380000,6,33386000,9,33379000,5,33387000,7,33378000,7,33388000,10,33377000,9,33389000,10,33376000,10,33390000,22,33375000,7,33391000,6,33374000,12,33392000,8,33373000,9,33393000,7
33382000,1,33384000,3,33381000,3,33385000,8,33380000,8,33386000,10,33379000,8,33387000,3,33378000,9,33388000,8,33377000,11,33389000,10,33376000,9,33390000,22,33375000,7,33391000,7,33374000,11,33392000,8,33373000,9,33393000,7
33379000,4,33381000,2,33378000,5,33382000,4,33377000,8,33383000,4,33376000,8,33384000,5,33375000,10,33385000,8,33374000,13,33386000,8,33373000,8,33387000,6,33372000,7,33388000,10,33371000,6,33389000,9,33370000,18,33390000,21
33380000,4,33382000,4,33379000,3,33383000,6,33378000,5,33384000,5,33377000,6,33385000,8,33376000,8,33386000,8,33375000,7,33387000,6,33374000,14,33388000,9,33373000,11,33389000,8,33372000,10,33390000,22,33371000,8,33391000,6
33379000,1,33380000,1,33378000,3,33381000,4,33377000,4,33382000,4,33376000,8,33383000,6,33375000,7,33384000,5,33374000,13,33385000,9,33373000,11,33386000,10,33372000,9,33387000,5,33371000,8,33388000,10,33370000,16,33389000,8
33380000,5,33382000,2,33379000,4,33383000,4,33378000,4,33384000,5,33377000,6,33385000,8,33376000,7,33386000,8,33375000,9,33387000,6,33374000,14,33388000,9,33373000,11,33389000,8,33372000,10,33390000,22,33371000,8,33391000,6
33379000,2,33381000,2,33378000,5,33382000,3,33377000,5,33383000,4,33376000,5,33384000,6,33375000,9,33385000,8,33374000,11,33386000,7,33373000,10,33387000,6,33372000,9,33388000,11,33371000,8,33389000,8,33370000,18,33390000,22
33379000,2,33382000,4,33378000,4,33383000,4,33377000,4,33384000,7,33376000,7,33385000,8,33375000,9,33386000,8,33374000,10,33387000,7,33373000,12,33388000,10,33372000,10,33389000,8,33371000,8,33390000,22,33370000,18,33391000,6
33379000,1,33381000,4,33378000,6,33382000,3,33377000,6,33383000,4,33376000,7,33384000,7,33375000,10,33385000,8,33374000,13,33386000,8,33373000,12,33387000,7,33372000,9,33388000,10,33371000,8,33389000,8,33370000,18,33390000,22
33376000,5,33379000,4,33375000,8,33380000,4,33374000,8,33381000,4,33373000,9,33382000,5,33372000,9,33383000,7,33371000,9,33384000,9,33370000,18,33385000,10,33369000,24,33386000,10,33368000,22,33387000,6,33367000,22,33388000,8
33377000,3,33379000,3,33376000,5,33380000,4,33375000,7,33381000,5,33374000,8,33382000,4,33373000,9,33383000,8,33372000,9,33384000,8,33371000,9,33385000,10,33370000,18,33386000,9,33369000,24,33387000,6,33368000,22,33388000,10
33376000,3,33378000,4,33375000,5,33379000,4,33374000,8,33380000,10,33373000,8,33381000,5,33372000,9,33382000,5,33371000,9,33383000,8,33370000,18,33384000,8,33369000,24,33385000,10,33368000,22,33386000,9,33367000,22,33387000,6
33377000,1,33379000,1,33376000,5,33380000,11,33375000,6,33381000,5,33374000,5,33382000,4,33373000,6,33383000,8,33372000,8,33384000,9,33371000,9,33385000,9,33370000,21,33386000,8,33369000,12,33387000,6,33368000,22,33388000,10
33383000,2,33385000,5,33382000,2,33386000,5,33381000,10,33387000,6,33380000,4,33388000,7,33379000,9,33389000,9,33378000,17,33390000,23,33377000,9,33391000,6,33376000,11,33392000,8,33375000,9,33393000,8,33374000,7,33394000,8
33385000,1,33386000,1,33384000,4,33387000,4,33383000,5,33388000,7,33382000,7,33389000,8,33381000,10,33390000,22,33380000,6,33391000,6,33379000,10,33392000,8,33378000,18,33393000,8,33377000,9,33394000,8,33376000,10,33395000,9
33383000,3,33385000,1,33382000,4,33386000,3,33381000,9,33387000,5,33380000,6,33388000,9,33379000,10,33389000,7,33378000,18,33390000,23,33377000,9,33391000,7,33376000,9,33392000,10,33375000,8,33393000,9,33374000,9,33394000,8
33380000,1,33381000,5,33379000,5,33382000,1,33378000,17,33383000,3,33377000,8,33384000,2,33376000,6,33385000,8,33375000,9,33386000,10,33374000,8,33387000,8,33373000,23,33388000,12,33372000,31,33389000,8,33371000,27,33390000,22
33377000,3,33379000,4,33376000,3,33380000,4,33375000,7,33381000,9,33374000,6,33382000,3,33373000,7,33383000,5,33372000,11,33384000,6,33371000,10,33385000,8,33370000,30,33386000,9,33369000,31,33387000,7,33368000,22,33388000,11
33374000,1,33375000,1,33373000,5,33376000,4,33372000,10,33377000,5,33371000,9,33378000,3,33370000,29,33379000,5,33369000,30,33380000,5,33368000,22,33381000,11,33367000,22,33382000,7,33366000,25,33383000,7,33365000,28,33384000,7
33372000,2,33374000,3,33371000,6,33375000,4,33370000,29,33376000,5,33369000,30,33377000,5,33368000,22,33378000,4,33367000,21,33379000,8,33366000,25,33380000,9,33365000,26,33381000,11,33364000,24,33382000,7,33363000,20,33383000,5
33367000,15,33368000,4,33366000,20,33369000,3,33365000,30,33370000,4,33364000,23,33371000,4,33363000,21,33372000,7,33362000,26,33373000,10,33361000,22,33374000,7,33360000,25,33375000,6,33359000,24,33376000,10,33358000,26,33377000,8
33364000,3,33366000,1,33363000,5,33367000,5,33362000,7,33368000,3,33361000,9,33369000,6,33360000,24,33370000,6,33359000,24,33371000,6,33358000,25,33372000,11,33357000,23,33373000,10,33356000,24,33374000,7,33355000,29,33375000,7
33367000,1,33368000,2,33366000,3,33369000,4,33365000,5,33370000,4,33364000,5,33371000,4,33363000,7,33372000,8,33362000,9,33373000,10,33361000,6,33374000,8,33360000,13,33375000,7,33359000,10,33376000,8,33358000,11,33377000,8
33364000,1,33366000,3,33363000,4,33367000,4,33362000,7,33368000,5,33361000,4,33369000,6,33360000,10,33370000,5,33359000,11,33371000,6,33358000,11,33372000,10,33357000,9,33373000,10,33356000,8,33374000,8,33355000,10,33375000,7
33368000,3,33370000,1,33367000,4,33371000,4,33366000,4,33372000,6,33365000,4,33373000,7,33364000,6,33374000,6,33363000,7,33375000,7,33362000,9,33376000,8,33361000,8,33377000,8,33360000,14,33378000,8,33359000,10,33379000,12
33370000,2,33372000,1,33369000,6,33373000,5,33368000,5,33374000,4,33367000,5,33375000,7,33366000,6,33376000,9,33365000,8,33377000,9,33364000,9,33378000,8,33363000,9,33379000,10,33362000,10,33380000,9,33361000,7,33381000,12
33372000,3,33375000,3,33371000,6,33376000,5,33370000,5,33377000,7,33369000,7,33378000,7,33368000,6,33379000,11,33367000,8,33380000,9,33366000,9,33381000,12,33365000,8,33382000,7,33364000,8,33383000,6,33363000,9,33384000,8
33376000,2,33378000,2,33375000,3,33379000,7,33374000,5,33380000,6,33373000,7,33381000,12,33372000,7,33382000,8,33371000,9,33383000,7,33370000,15,33384000,8,33369000,11,33385000,7,33368000,10,33386000,8,33367000,8,33387000,8
33374000,1,33375000,1,33373000,3,33376000,5,33372000,5,33377000,5,33371000,7,33378000,5,33370000,7,33379000,5,33369000,9,33380000,6,33368000,8,33381000,12,33367000,7,33382000,10,33366000,9,33383000,6,33365000,5,33384000,9
33375000,4,33377000,1,33374000,3,33378000,4,33373000,5,33379000,5,33372000,3,33380000,7,33371000,7,33381000,14,33370000,7,33382000,8,33369000,11,33383000,6,33368000,10,33384000,8,33367000,8,33385000,7,33366000,9,33386000,8
33375000,1,33377000,4,33374000,5,33378000,5,33373000,5,33379000,6,33372000,4,33380000,5,33371000,7,33381000,11,33370000,9,33382000,7,33369000,10,33383000,6,33368000,8,33384000,8,33367000,7,33385000,8,33366000,9,33386000,8
33371000,3,33373000,1,33370000,5,33374000,4,33369000,5,33375000,6,33368000,5,33376000,5,33367000,6,33377000,7,33366000,7,33378000,6,33365000,6,33379000,10,33364000,7,33380000,9,33363000,10,33381000,13,33362000,10,33382000,7
33368000,3,33370000,1,33367000,4,33371000,4,33366000,7,33372000,4,33365000,5,33373000,6,33364000,6,33374000,6,33363000,10,33375000,8,33362000,9,33376000,8,33361000,6,33377000,7,33360000,12,33378000,8,33359000,11,33379000,9
33371000,2,33373000,2,33370000,4,33374000,5,33369000,5,33375000,6,33368000,3,33376000,6,33367000,6,33377000,7,33366000,8,33378000,7,33365000,11,33379000,9,33364000,6,33380000,10,33363000,10,33381000,13,33362000,10,33382000,7
33373000,1,33374000,3,33372000,4,33375000,5,33371000,5,33376000,5,33370000,4,33377000,6,33369000,7,33378000,6,33368000,2,33379000,9,33367000,6,33380000,10,33366000,7,33381000,13,33365000,11,33382000,15,33364000,7,33383000,17
33376000,3,33377000,1,33375000,2,33378000,2,33374000,4,33379000,5,33373000,5,33380000,8,33372000,7,33381000,23,33371000,7,33382000,19,33370000,8,33383000,17,33369000,9,33384000,22,33368000,5,33385000,22,33367000,7,33386000,20
33378000,4,33380000,1,33377000,5,33381000,22,33376000,5,33382000,16,33375000,4,33383000,15,33374000,8,33384000,20,33373000,8,33385000,25,33372000,12,33386000,20,33371000,6,33387000,20,33370000,7,33388000,19,33369000,9,33389000,15
33382000,3,33383000,4,33381000,9,33384000,8,33380000,10,33385000,10,33379000,3,33386000,10,33378000,8,33387000,9,33377000,7,33388000,12,33376000,12,33389000,6,33375000,7,33390000,10,33374000,11,33391000,7,33373000,10,33392000,9
33380000,7,33382000,2,33379000,4,33383000,4,33378000,8,33384000,3,33377000,7,33385000,6,33376000,10,33386000,5,33375000,7,33387000,7,33374000,9,33388000,14,33373000,9,33389000,6,33372000,10,33390000,11,33371000,5,33391000,7
33383000,3,33384000,1,33382000,3,33385000,4,33381000,3,33386000,4,33380000,5,33387000,6,33379000,5,33388000,11,33378000,5,33389000,4,33377000,8,33390000,10,33376000,10,33391000,7,33375000,6,33392000,8,33374000,9,33393000,7
33380000,2,33381000,3,33379000,2,33382000,4,33378000,5,33383000,5,33377000,7,33384000,4,33376000,8,33385000,9,33375000,6,33386000,8,33374000,9,33387000,6,33373000,9,33388000,10,33372000,10,33389000,5,33371000,5,33390000,10
33382000,2,33383000,2,33381000,4,33384000,1,33380000,5,33385000,6,33379000,7,33386000,7,33378000,5,33387000,5,33377000,7,33388000,10,33376000,8,33389000,5,33375000,6,33390000,10,33374000,10,33391000,7,33373000,9,33392000,18
33380000,2,33382000,3,33379000,6,33383000,4,33378000,5,33384000,4,33377000,10,33385000,5,33376000,10,33386000,6,33375000,6,33387000,7,33374000,9,33388000,12,33373000,9,33389000,4,33372000,10,33390000,10,33371000,5,33391000,17
33381000,3,33383000,3,33380000,6,33384000,6,33379000,8,33385000,5,33378000,6,33386000,6,33377000,8,33387000,6,33376000,8,33388000,13,33375000,6,33389000,4,33374000,9,33390000,10,33373000,9,33391000,19,33372000,10,33392000,20
33385000,1,33386000,2,33384000,3,33387000,4,33383000,8,33388000,8,33382000,8,33389000,4,33381000,5,33390000,8,33380000,7,33391000,19,33379000,8,33392000,20,33378000,7,33393000,17,33377000,10,33394000,18,33376000,11,33395000,32
33387000,4,33389000,1,33386000,5,33390000,7,33385000,8,33391000,19,33384000,5,33392000,18,33383000,8,33393000,17,33382000,10,33394000,19,33381000,7,33395000,30,33380000,11,33396000,20,33379000,7,33397000,28,33378000,6,33398000,31
33386000,2,33387000,1,33385000,3,33388000,5,33384000,4,33389000,7,33383000,8,33390000,5,33382000,8,33391000,5,33381000,7,33392000,8,33380000,12,33393000,17,33379000,7,33394000,19,33378000,7,33395000,31,33377000,8,33396000,20
33386000,2,33388000,2,33385000,4,33389000,6,33384000,5,33390000,8,33383000,8,33391000,5,33382000,7,33392000,17,33381000,7,33393000,17,33380000,14,33394000,19,33379000,7,33395000,31,33378000,7,33396000,20,33377000,8,33397000,28
33384000,1,33386000,2,33383000,8,33387000,6,33382000,6,33388000,5,33381000,5,33389000,6,33380000,11,33390000,9,33379000,7,33391000,6,33378000,7,33392000,19,33377000,8,33393000,17,33376000,11,33394000,19,33375000,7,33395000,30
33383000,3,33384000,1,33382000,5,33385000,3,33381000,6,33386000,4,33380000,10,33387000,6,33379000,7,33388000,7,33378000,7,33389000,7,33377000,8,33390000,10,33376000,11,33391000,8,33375000,7,33392000,19,33374000,10,33393000,17
33380000,3,33381000,2,33379000,1,33382000,6,33378000,5,33383000,5,33377000,7,33384000,6,33376000,10,33385000,7,33375000,7,33386000,6,33374000,10,33387000,11,33373000,9,33388000,11,33372000,11,33389000,8,33371000,7,33390000,18
33375000,1,33376000,1,33374000,8,33377000,5,33373000,6,33378000,4,33372000,10,33379000,4,33371000,7,33380000,11,33370000,10,33381000,8,33369000,9,33382000,6,33368000,6,33383000,8,33367000,7,33384000,10,33366000,10,33385000,8
33370000,1,33372000,4,33369000,10,33373000,8,33368000,8,33374000,4,33367000,9,33375000,5,33366000,9,33376000,5,33365000,10,33377000,8,33364000,8,33378000,10,33363000,11,33379000,6,33362000,9,33380000,16,33361000,7,33381000,8
33370000,4,33373000,2,33369000,7,33374000,5,33368000,6,33375000,6,33367000,6,33376000,7,33366000,15,33377000,13,33365000,13,33378000,9,33364000,11,33379000,7,33363000,12,33380000,14,33362000,9,33381000,7,33361000,7,33382000,6
33370000,1,33372000,2,33369000,6,33373000,6,33368000,7,33374000,4,33367000,7,33375000,4,33366000,19,33376000,7,33365000,22,33377000,12,33364000,19,33378000,10,33363000,19,33379000,9,33362000,13,33380000,14,33361000,13,33381000,7
33372000,4,33373000,3,33371000,3,33374000,3,33370000,5,33375000,7,33369000,5,33376000,7,33368000,9,33377000,12,33367000,6,33378000,12,33366000,12,33379000,8,33365000,14,33380000,15,33364000,18,33381000,7,33363000,18,33382000,7
33370000,5,33373000,3,33369000,5,33374000,7,33368000,8,33375000,6,33367000,5,33376000,8,33366000,10,33377000,10,33365000,14,33378000,13,33364000,20,33379000,11,33363000,22,33380000,16,33362000,19,33381000,9,33361000,19,33382000,7
33366000,2,33367000,1,33365000,10,33368000,4,33364000,19,33369000,5,33363000,23,33370000,7,33362000,20,33371000,3,33361000,20,33372000,9,33360000,22,33373000,10,33359000,19,33374000,12,33358000,23,33375000,11,33357000,19,33376000,11
33363000,14,33364000,2,33362000,19,33365000,3,33361000,21,33366000,5,33360000,18,33367000,5,33359000,20,33368000,7,33358000,23,33369000,8,33357000,19,33370000,8,33356000,22,33371000,5,33355000,21,33372000,12,33354000,11,33373000,11
33360000,10,33361000,2,33359000,17,33362000,4,33358000,20,33363000,6,33357000,18,33364000,8,33356000,20,33365000,8,33355000,19,33366000,8,33354000,11,33367000,8,33353000,8,33368000,10,33352000,13,33369000,10,33351000,9,33370000,9
33357000,11,33358000,4,33356000,17,33359000,6,33355000,18,33360000,5,33354000,9,33361000,6,33353000,8,33362000,9,33352000,7,33363000,7,33351000,9,33364000,13,33350000,13,33365000,9,33349000,7,33366000,11,33348000,11,33367000,7
33361000,1,33362000,1,33360000,4,33363000,6,33359000,5,33364000,9,33358000,5,33365000,8,33357000,7,33366000,9,33356000,3,33367000,9,33355000,14,33368000,10,33354000,13,33369000,11,33353000,11,33370000,10,33352000,10,33371000,5
33358000,5,33360000,1,33357000,5,33361000,4,33356000,5,33362000,5,33355000,6,33363000,6,33354000,10,33364000,4,33353000,9,33365000,6,33352000,10,33366000,8,33351000,10,33367000,9,33350000,13,33368000,11,33349000,8,33369000,10
33360000,1,33361000,2,33359000,3,33362000,6,33358000,6,33363000,6,33357000,7,33364000,5,33356000,5,33365000,7,33355000,5,33366000,9,33354000,9,33367000,9,33353000,9,33368000,10,33352000,11,33369000,11,33351000,10,33370000,12
33368000,1,33369000,2,33366000,3,33370000,6,33365000,6,33371000,4,33364000,6,33372000,10,33363000,7,33373000,10,33362000,9,33374000,12,33361000,10,33375000,11,33360000,11,33376000,22,33359000,9,33377000,11,33358000,9,33378000,12
33365000,2,33367000,4,33364000,4,33368000,7,33363000,5,33369000,7,33362000,6,33370000,7,33361000,11,33371000,5,33360000,10,33372000,10,33359000,9,33373000,10,33358000,9,33374000,16,33357000,9,33375000,17,33356000,9,33376000,22
33368000,4,33370000,9,33367000,5,33371000,8,33366000,5,33372000,19,33365000,6,33373000,20,33364000,7,33374000,22,33363000,8,33375000,19,33362000,13,33376000,21,33361000,8,33377000,18,33360000,10,33378000,26,33359000,9,33379000,11
33371000,2,33373000,14,33370000,6,33374000,20,33369000,9,33375000,15,33368000,7,33376000,18,33367000,8,33377000,18,33366000,8,33378000,27,33365000,10,33379000,8,33364000,12,33380000,17,33363000,11,33381000,12,33362000,11,33382000,9
33375000,3,33376000,10,33374000,4,33377000,10,33373000,6,33378000,23,33372000,6,33379000,6,33371000,6,33380000,17,33370000,8,33381000,11,33369000,11,33382000,9,33368000,12,33383000,7,33367000,12,33384000,9,33366000,10,33385000,13
33372000,1,33373000,1,33371000,6,33374000,4,33370000,7,33375000,5,33369000,10,33376000,6,33368000,9,33377000,8,33367000,11,33378000,7,33366000,12,33379000,10,33365000,8,33380000,13,33364000,12,33381000,10,33363000,9,33382000,11
33369000,1,33371000,3,33368000,7,33372000,4,33367000,7,33373000,5,33366000,10,33374000,4,33365000,9,33375000,7,33364000,13,33376000,8,33363000,9,33377000,15,33362000,12,33378000,10,33361000,6,33379000,11,33360000,11,33380000,11
33366000,1,33368000,3,33365000,5,33369000,4,33364000,8,33370000,5,33363000,8,33371000,6,33362000,11,33372000,9,33361000,8,33373000,10,33360000,12,33374000,8,33359000,10,33375000,7,33358000,9,33376000,10,33357000,9,33377000,11
33362000,1,33364000,3,33361000,7,33365000,4,33360000,9,33366000,6,33359000,9,33367000,5,33358000,10,33368000,6,33357000,9,33369000,9,33356000,9,33370000,11,33355000,6,33371000,8,33354000,9,33372000,10,33353000,13,33373000,8
33365000,2,33367000,2,33364000,6,33368000,5,33363000,4,33369000,6,33362000,8,33370000,8,33361000,9,33371000,8,33360000,10,33372000,10,33359000,11,33373000,8,33358000,12,33374000,7,33357000,12,33375000,8,33356000,11,33376000,12
33362000,4,33363000,1,33361000,6,33364000,2,33360000,17,33365000,3,33359000,16,33366000,5,33358000,14,33367000,5,33357000,14,33368000,10,33356000,17,33369000,7,33355000,12,33370000,10,33354000,17,33371000,7,33353000,17,33372000,10
33363000,3,33365000,1,33362000,8,33366000,4,33361000,8,33367000,4,33360000,8,33368000,7,33359000,9,33369000,6,33358000,20,33370000,8,33357000,15,33371000,9,33356000,17,33372000,11,33355000,12,33373000,8,33354000,17,33374000,7
33361000,2,33363000,3,33360000,7,33364000,5,33359000,8,33365000,4,33358000,16,33366000,8,33357000,21,33367000,6,33356000,27,33368000,10,33355000,19,33369000,9,33354000,19,33370000,9,33353000,23,33371000,8,33352000,14,33372000,11
33358000,1,33360000,4,33357000,15,33361000,3,33356000,23,33362000,5,33355000,20,33363000,6,33354000,20,33364000,7,33353000,22,33365000,7,33352000,14,33366000,11,33351000,20,33367000,8,33350000,17,33368000,8,33349000,8,33369000,9
33355000,16,33356000,2,33354000,15,33357000,2,33353000,21,33358000,4,33352000,10,33359000,5,33351000,20,33360000,6,33350000,16,33361000,7,33349000,8,33362000,11,33348000,12,33363000,8,33347000,9,33364000,8,33346000,12,33365000,6
33352000,1,33353000,4,33351000,3,33354000,6,33350000,15,33355000,4,33349000,5,33356000,4,33348000,12,33357000,6,33347000,8,33358000,8,33346000,10,33359000,8,33345000,10,33360000,8,33344000,11,33361000,8,33343000,8,33362000,11
33355000,1,33357000,4,33354000,4,33358000,7,33353000,7,33359000,5,33352000,4,33360000,6,33351000,7,33361000,10,33350000,13,33362000,11,33349000,9,33363000,8,33348000,14,33364000,9,33347000,8,33365000,6,33346000,10,33366000,11
33351000,2,33352000,1,33350000,9,33353000,5,33349000,5,33354000,4,33348000,11,33355000,5,33347000,8,33356000,6,33346000,10,33357000,7,33345000,10,33358000,12,33344000,11,33359000,8,33343000,9,33360000,9,33342000,10,33361000,9
33350000,7,33351000,1,33349000,2,33352000,5,33348000,12,33353000,6,33347000,5,33354000,4,33346000,8,33355000,6,33345000,10,33356000,6,33344000,11,33357000,8,33343000,9,33358000,12,33342000,10,33359000,8,33341000,10,33360000,8
33349000,4,33351000,1,33348000,7,33352000,3,33347000,3,33353000,6,33346000,6,33354000,4,33345000,9,33355000,8,33344000,8,33356000,9,33343000,11,33357000,9,33342000,10,33358000,12,33341000,10,33359000,7,33340000,10,33360000,9
33354000,3,33355000,1,33353000,5,33356000,4,33352000,6,33357000,4,33351000,8,33358000,10,33350000,9,33359000,7,33349000,8,33360000,10,33348000,11,33361000,9,33347000,8,33362000,10,33346000,12,33363000,7,33345000,10,33364000,9
33349000,4,33352000,4,33348000,6,33353000,5,33347000,6,33354000,5,33346000,7,33355000,4,33345000,11,33356000,6,33344000,11,33357000,12,33343000,9,33358000,13,33342000,10,33359000,8,33341000,10,33360000,9,33340000,10,33361000,8
33352000,2,33354000,1,33351000,6,33355000,4,33350000,4,33356000,4,33349000,4,33357000,9,33348000,7,33358000,11,33347000,8,33359000,9,33346000,12,33360000,9,33345000,11,33361000,8,33344000,12,33362000,10,33343000,9,33363000,7
33351000,3,33352000,2,33350000,6,33353000,4,33349000,7,33354000,5,33348000,9,33355000,5,33347000,7,33356000,5,33346000,11,33357000,9,33345000,10,33358000,14,33344000,11,33359000,8,33343000,9,33360000,10,33342000,10,33361000,8
33355000,1,33357000,3,33354000,5,33358000,6,33353000,6,33359000,5,33352000,7,33360000,8,33351000,5,33361000,10,33350000,10,33362000,12,33349000,9,33363000,7,33348000,10,33364000,10,33347000,9,33365000,7,33346000,10,33366000,22
33351000,3,33352000,7,33350000,9,33353000,1,33349000,6,33354000,4,33348000,7,33355000,5,33347000,7,33356000,7,33346000,8,33357000,9,33345000,11,33358000,11,33344000,11,33359000,9,33343000,9,33360000,16,33342000,10,33361000,9
33348000,2,33349000,1,33347000,2,33350000,4,33346000,6,33351000,6,33345000,8,33352000,5,33344000,9,33353000,8,33343000,9,33354000,6,33342000,10,33355000,6,33341000,10,33356000,9,33340000,10,33357000,10,33339000,9,33358000,10
33355000,1,33357000,3,33354000,4,33358000,6,33353000,5,33359000,5,33352000,3,33360000,15,33351000,5,33361000,10,33350000,7,33362000,11,33349000,7,33363000,8,33348000,9,33364000,9,33347000,7,33365000,7,33346000,10,33366000,23
33354000,4,33357000,3,33353000,5,33358000,6,33352000,3,33359000,5,33351000,5,33360000,13,33350000,12,33361000,10,33349000,10,33362000,10,33348000,12,33363000,8,33347000,6,33364000,17,33346000,10,33365000,16,33345000,10,33366000,20
33349000,1,33350000,2,33348000,3,33351000,3,33347000,4,33352000,5,33346000,7,33353000,5,33345000,11,33354000,6,33344000,10,33355000,6,33343000,9,33356000,8,33342000,10,33357000,9,33341000,10,33358000,12,33340000,10,33359000,7
33346000,1,33347000,2,33345000,5,33348000,3,33344000,6,33349000,6,33343000,8,33350000,5,33342000,8,33351000,6,33341000,11,33352000,9,33340000,9,33353000,7,33339000,9,33354000,9,33338000,13,33355000,9,33337000,11,33356000,7
33344000,3,33346000,2,33343000,5,33347000,6,33342000,7,33348000,3,33341000,8,33349000,5,33340000,8,33350000,7,33339000,10,33351000,7,33338000,13,33352000,11,33337000,9,33353000,7,33336000,9,33354000,9,33335000,8,33355000,8
33348000,1,33350000,3,33347000,3,33351000,5,33346000,5,33352000,6,33345000,6,33353000,6,33344000,8,33354000,8,33343000,8,33355000,11,33342000,8,33356000,7,33341000,11,33357000,10,33340000,11,33358000,11,33339000,9,33359000,9
33350000,1,33351000,1,33349000,4,33352000,2,33348000,3,33353000,6,33347000,4,33354000,5,33346000,5,33355000,9,33345000,6,33356000,8,33344000,12,33357000,10,33343000,11,33358000,11,33342000,11,33359000,9,33341000,10,33360000,13
33348000,2,33350000,1,33347000,4,33351000,5,33346000,4,33352000,6,33345000,6,33353000,6,33344000,10,33354000,9,33343000,11,33355000,11,33342000,10,33356000,10,33341000,10,33357000,11,33340000,9,33358000,11,33339000,9,33359000,9
33344000,2,33347000,4,33343000,6,33348000,5,33342000,5,33349000,3,33341000,8,33350000,8,33340000,9,33351000,7,33339000,10,33352000,12,33338000,13,33353000,9,33337000,9,33354000,11,33336000,9,33355000,9,33335000,8,33356000,9
33341000,2,33342000,1,33340000,1,33343000,3,33339000,7,33344000,5,33338000,11,33345000,7,33337000,11,33346000,6,33336000,12,33347000,5,33335000,8,33348000,8,33334000,12,33349000,8,33333000,8,33350000,10,33332000,8,33351000,8
33338000,1,33339000,2,33337000,6,33340000,4,33336000,9,33341000,7,33335000,9,33342000,4,33334000,14,33343000,4,33333000,7,33344000,7,33332000,8,33345000,9,33331000,10,33346000,11,33330000,12,33347000,7,33329000,10,33348000,9
33335000,2,33336000,1,33334000,5,33337000,4,33333000,6,33338000,5,33332000,8,33339000,7,33331000,11,33340000,7,33330000,13,33341000,9,33329000,10,33342000,9,33328000,9,33343000,10,33327000,8,33344000,10,33326000,11,33345000,10
33336000,3,33339000,4,33335000,5,33340000,5,33334000,5,33341000,9,33333000,8,33342000,7,33332000,9,33343000,9,33331000,11,33344000,10,33330000,14,33345000,11,33329000,12,33346000,10,33328000,13,33347000,6,33327000,8,33348000,12
33341000,7,33343000,4,33340000,5,33344000,6,33339000,4,33345000,12,33338000,3,33346000,9,33337000,7,33347000,7,33336000,7,33348000,13,33335000,8,33349000,7,33334000,10,33350000,10,33333000,12,33351000,9,33332000,10,33352000,13
33338000,5,33341000,3,33337000,6,33342000,6,33336000,4,33343000,6,33335000,6,33344000,5,33334000,9,33345000,10,33333000,12,33346000,12,33332000,10,33347000,10,33331000,12,33348000,15,33330000,14,33349000,9,33329000,11,33350000,10
33334000,5,33337000,2,33333000,8,33338000,5,33332000,8,33339000,4,33331000,10,33340000,5,33330000,13,33341000,7,33329000,13,33342000,9,33328000,12,33343000,10,33327000,8,33344000,10,33326000,11,33345000,10,33325000,8,33346000,11
33331000,2,33332000,2,33330000,7,33333000,4,33329000,9,33334000,5,33328000,8,33335000,5,33327000,9,33336000,7,33326000,13,33337000,7,33325000,6,33338000,10,33324000,10,33339000,6,33323000,8,33340000,9,33322000,11,33341000,8
33327000,1,33329000,2,33326000,8,33330000,5,33325000,7,33331000,5,33324000,9,33332000,8,33323000,10,33333000,6,33322000,10,33334000,9,33321000,12,33335000,8,33320000,8,33336000,10,33319000,7,33337000,8,33318000,9,33338000,11
33325000,1,33327000,2,33324000,4,33328000,5,33323000,7,33329000,7,33322000,9,33330000,7,33321000,13,33331000,10,33320000,9,33332000,11,33319000,8,33333000,9,33318000,9,33334000,11,33317000,8,33335000,8,33316000,9,33336000,10
33325000,5,33328000,2,33324000,6,33329000,6,33323000,7,33330000,7,33322000,10,33331000,11,33321000,13,33332000,13,33320000,9,33333000,10,33319000,8,33334000,11,33318000,9,33335000,8,33317000,8,33336000,10,33316000,9,33337000,7
33330000,1,33332000,3,33329000,4,33333000,8,33328000,5,33334000,9,33327000,6,33335000,9,33326000,7,33336000,11,33325000,8,33337000,9,33324000,11,33338000,10,33323000,12,33339000,8,33322000,13,33340000,9,33321000,14,33341000,9
33329000,2,33331000,1,33328000,5,33332000,4,33327000,6,33333000,7,33326000,6,33334000,7,33325000,9,33335000,11,33324000,11,33336000,11,33323000,12,33337000,10,33322000,13,33338000,11,33321000,14,33339000,8,33320000,8,33340000,9
33324000,1,33326000,2,33323000,7,33327000,3,33322000,9,33328000,6,33321000,21,33329000,8,33320000,19,33330000,7,33319000,16,33331000,8,33318000,20,33332000,11,33317000,20,33333000,15,33316000,8,33334000,11,33315000,11,33335000,10
33323000,6,33326000,2,33322000,5,33327000,5,33321000,19,33328000,7,33320000,17,33329000,10,33319000,18,33330000,10,33318000,17,33331000,10,33317000,21,33332000,11,33316000,12,33333000,13,33315000,11,33334000,10,33314000,9,33335000,10
33321000,5,33324000,3,33320000,6,33325000,3,33319000,9,33326000,5,33318000,19,33327000,7,33317000,22,33328000,11,33316000,13,33329000,12,33315000,11,33330000,12,33314000,9,33331000,10,33313000,15,33332000,10,33312000,10,33333000,13
33321000,4,33322000,1,33320000,5,33323000,4,33319000,8,33324000,6,33318000,18,33325000,7,33317000,22,33326000,7,33316000,19,33327000,7,33315000,21,33328000,10,33314000,11,33329000,11,33313000,15,33330000,12,33312000,10,33331000,9
33318000,13,33320000,2,33317000,18,33321000,3,33316000,17,33322000,5,33315000,22,33323000,5,33314000,21,33324000,7,33313000,20,33325000,8,33312000,10,33326000,13,33311000,10,33327000,10,33310000,19,33328000,14,33309000,8,33329000,12
33321000,1,33323000,2,33320000,6,33324000,6,33319000,3,33325000,9,33318000,4,33326000,10,33317000,8,33327000,10,33316000,11,33328000,13,33315000,10,33329000,12,33314000,13,33330000,12,33313000,21,33331000,10,33312000,22,33332000,11
33322000,4,33324000,1,33321000,9,33325000,4,33320000,13,33326000,3,33319000,6,33327000,7,33318000,7,33328000,10,33317000,11,33329000,12,33316000,12,33330000,13,33315000,10,33331000,9,33314000,11,33332000,12,33313000,20,33333000,14
33325000,2,33328000,3,33324000,2,33329000,8,33323000,6,33330000,9,33322000,8,33331000,8,33321000,10,33332000,12,33320000,17,33333000,15,33319000,9,33334000,13,33318000,9,33335000,11,33317000,9,33336000,13,33316000,11,33337000,11
33326000,2,33329000,4,33325000,4,33330000,6,33324000,4,33331000,8,33323000,10,33332000,19,33322000,7,33333000,11,33321000,12,33334000,12,33320000,17,33335000,11,33319000,8,33336000,12,33318000,9,33337000,9,33317000,9,33338000,14
33323000,1,33325000,1,33322000,6,33326000,5,33321000,10,33327000,6,33320000,13,33328000,8,33319000,7,33329000,8,33318000,9,33330000,6,33317000,9,33331000,13,33316000,12,33332000,13,33315000,11,33333000,14,33314000,11,33334000,11
33319000,1,33321000,3,33318000,5,33322000,4,33317000,9,33323000,5,33316000,8,33324000,8,33315000,11,33325000,9,33314000,12,33326000,10,33313000,27,33327000,12,33312000,21,33328000,13,33311000,21,33329000,10,33310000,32,33330000,11
33318000,9,33321000,5,33317000,7,33322000,5,33316000,6,33323000,7,33315000,9,33324000,10,33314000,9,33325000,11,33313000,28,33326000,12,33312000,23,33327000,13,33311000,21,33328000,11,33310000,32,33329000,11,33309000,20,33330000,11
33322000,1,33324000,3,33321000,2,33325000,6,33320000,4,33326000,8,33319000,6,33327000,8,33318000,11,33328000,13,33317000,9,33329000,13,33316000,13,33330000,12,33315000,11,33331000,14,33314000,12,33332000,12,33313000,26,33333000,14
33326000,2,33328000,2,33325000,5,33329000,6,33324000,6,33330000,6,33323000,9,33331000,10,33322000,9,33332000,12,33321000,7,33333000,14,33320000,11,33334000,13,33319000,12,33335000,12,33318000,15,33336000,13,33317000,9,33337000,11
33323000,2,33325000,4,33322000,3,33326000,5,33321000,6,33327000,11,33320000,7,33328000,4,33319000,10,33329000,8,33318000,16,33330000,6,33317000,9,33331000,11,33316000,12,33332000,14,33315000,11,33333000,14,33314000,12,33334000,13
33325000,2,33327000,5,33324000,4,33328000,3,33323000,5,33329000,5,33322000,6,33330000,6,33321000,5,33331000,11,33320000,8,33332000,13,33319000,11,33333000,13,33318000,17,33334000,13,33317000,10,33335000,12,33316000,12,33336000,12
33329000,3,33331000,2,33328000,4,33332000,8,33327000,5,33333000,10,33326000,4,33334000,10,33325000,6,33335000,13,33324000,6,33336000,13,33323000,7,33337000,9,33322000,12,33338000,14,33321000,6,33339000,7,33320000,10,33340000,12
33332000,2,33334000,1,33331000,4,33335000,7,33330000,5,33336000,9,33329000,5,33337000,9,33328000,6,33338000,13,33327000,7,33339000,8,33326000,8,33340000,12,33325000,9,33341000,7,33324000,9,33342000,11,33323000,8,33343000,10
33329000,2,33332000,5,33328000,5,33333000,4,33327000,6,33334000,6,33326000,4,33335000,7,33325000,8,33336000,7,33324000,7,33337000,10,33323000,8,33338000,16,33322000,9,33339000,11,33321000,8,33340000,14,33320000,11,33341000,7
33330000,4,33333000,4,33329000,4,33334000,6,33328000,5,33335000,6,33327000,6,33336000,6,33326000,5,33337000,10,33325000,8,33338000,16,33324000,10,33339000,11,33323000,8,33340000,14,33322000,9,33341000,7,33321000,8,33342000,11
33330000,1,33331000,1,33329000,1,33332000,4,33328000,4,33333000,6,33327000,6,33334000,7,33326000,5,33335000,8,33325000,8,33336000,8,33324000,10,33337000,9,33323000,8,33338000,16,33322000,9,33339000,10,33321000,8,33340000,14
33329000,2,33331000,1,33328000,4,33332000,3,33327000,6,33333000,6,33326000,4,33334000,7,33325000,8,33335000,9,33324000,8,33336000,9,33323000,9,33337000,10,33322000,9,33338000,16,33321000,8,33339000,10,33320000,11,33340000,14
33329000,4,33330000,1,33328000,4,33332000,3,33327000,7,33333000,6,33326000,5,33334000,7,33325000,9,33335000,9,33324000,10,33336000,8,33323000,9,33337000,12,33322000,9,33338000,16,33321000,8,33339000,10,33320000,11,33340000,14
33332000,1,33334000,3,33331000,4,33335000,5,33330000,5,33336000,7,33329000,6,33337000,6,33328000,5,33338000,13,33327000,11,33339000,10,33326000,9,33340000,16,33325000,8,33341000,8,33324000,9,33342000,12,33323000,7,33343000,8
33336000,1,33338000,5,33335000,5,33339000,5,33334000,6,33340000,11,33333000,5,33341000,9,33332000,4,33342000,11,33331000,7,33343000,9,33330000,11,33344000,11,33329000,9,33345000,10,33328000,9,33346000,11,33327000,8,33347000,8
33333000,2,33335000,2,33332000,3,33336000,8,33331000,5,33337000,8,33330000,7,33338000,6,33329000,8,33339000,8,33328000,7,33340000,13,33327000,8,33341000,12,33326000,8,33342000,12,33325000,8,33343000,8,33324000,9,33344000,11
33338000,1,33339000,1,33337000,4,33340000,6,33336000,4,33341000,6,33335000,6,33342000,8,33334000,7,33343000,10,33333000,9,33344000,12,33332000,7,33345000,10,33331000,9,33346000,11,33330000,9,33347000,8,33329000,7,33348000,13
33338000,4,33341000,2,33337000,4,33342000,6,33336000,5,33343000,7,33335000,7,33344000,10,33334000,9,33345000,11,33333000,12,33346000,12,33332000,8,33347000,8,33331000,8,33348000,12,33330000,9,33349000,10,33329000,9,33350000,9
33334000,3,33337000,3,33333000,8,33338000,6,33332000,5,33339000,5,33331000,7,33340000,5,33330000,9,33341000,9,33329000,10,33342000,10,33328000,9,33343000,11,33327000,9,33344000,14,33326000,9,33345000,11,33325000,11,33346000,11
33338000,4,33340000,2,33337000,4,33341000,4,33336000,6,33342000,7,33335000,6,33343000,6,33334000,5,33344000,11,33333000,10,33345000,11,33332000,9,33346000,11,33331000,9,33347000,8,33330000,17,33348000,12,33329000,8,33349000,10
33335000,5,33337000,1,33334000,6,33338000,4,33333000,10,33339000,7,33332000,9,33340000,5,33331000,11,33341000,8,33330000,15,33342000,7,33329000,8,33343000,10,33328000,9,33344000,13,33327000,9,33345000,10,33326000,9,33346000,11
33335000,3,33338000,3,33334000,5,33339000,5,33333000,9,33340000,7,33332000,7,33341000,10,33331000,10,33342000,9,33330000,15,33343000,10,33329000,10,33344000,12,33328000,10,33345000,10,33327000,9,33346000,11,33326000,8,33347000,8
33337000,2,33339000,2,33336000,4,33340000,6,33335000,5,33341000,7,33334000,7,33342000,10,33333000,6,33343000,9,33332000,7,33344000,12,33331000,10,33345000,10,33330000,19,33346000,11,33329000,11,33347000,8,33328000,11,33348000,12
33341000,3,33343000,2,33340000,4,33344000,3,33339000,5,33345000,9,33338000,6,33346000,7,33337000,6,33347000,9,33336000,5,33348000,15,33335000,13,33349000,9,33334000,11,33350000,11,33333000,12,33351000,9,33332000,8,33352000,11
33344000,6,33346000,2,33343000,6,33347000,5,33342000,4,33348000,12,33341000,4,33349000,8,33340000,5,33350000,10,33339000,7,33351000,9,33338000,10,33352000,11,33337000,7,33353000,9,33336000,8,33354000,12,33335000,11,33355000,11
33340000,3,33342000,1,33339000,4,33343000,6,33338000,6,33344000,6,33337000,5,33345000,6,33336000,6,33346000,8,33335000,10,33347000,8,33334000,11,33348000,11,33333000,12,33349000,10,33332000,8,33350000,14,33331000,7,33351000,11
33336000,2,33339000,4,33335000,5,33340000,4,33334000,8,33341000,3,33333000,9,33342000,5,33332000,8,33343000,10,33331000,6,33344000,11,33330000,19,33345000,10,33329000,10,33346000,10,33328000,12,33347000,6,33327000,10,33348000,11
33341000,1,33344000,5,33340000,5,33345000,4,33339000,3,33346000,4,33338000,7,33347000,3,33337000,7,33348000,11,33336000,8,33349000,11,33335000,9,33350000,14,33334000,9,33351000,12,33333000,9,33352000,11,33332000,9,33353000,9
33337000,1,33338000,1,33336000,2,33339000,4,33335000,6,33340000,4,33334000,6,33341000,4,33333000,7,33342000,5,33332000,11,33343000,6,33331000,10,33344000,8,33330000,18,33345000,10,33329000,10,33346000,9,33328000,12,33347000,6
33342000,1,33343000,1,33341000,4,33345000,9,33340000,5,33346000,4,33339000,5,33347000,4,33338000,5,33348000,12,33337000,10,33349000,10,33336000,8,33350000,15,33335000,8,33351000,11,33334000,9,33352000,11,33333000,7,33353000,9
33338000,1,33339000,2,33336000,4,33340000,4,33335000,5,33341000,7,33334000,8,33342000,6,33333000,6,33343000,7,33332000,9,33344000,7,33331000,9,33345000,11,33330000,18,33346000,10,33329000,10,33347000,7,33328000,11,33348000,14
33332000,1,33334000,1,33331000,6,33335000,4,33330000,15,33336000,4,33329000,9,33337000,6,33328000,9,33338000,6,33327000,12,33339000,6,33326000,9,33340000,11,33325000,6,33341000,9,33324000,10,33342000,9,33323000,7,33343000,9
33333000,1,33335000,2,33332000,5,33336000,4,33331000,6,33337000,6,33330000,15,33338000,7,33329000,9,33339000,6,33328000,8,33340000,11,33327000,12,33341000,9,33326000,11,33342000,9,33325000,7,33343000,8,33324000,10,33344000,10
33335000,2,33338000,4,33334000,4,33339000,4,33333000,4,33340000,8,33332000,5,33341000,7,33331000,7,33342000,7,33330000,17,33343000,11,33329000,9,33344000,10,33328000,12,33345000,12,33327000,11,33346000,9,33326000,10,33347000,7
33340000,6,33342000,2,33339000,5,33343000,4,33338000,9,33344000,6,33337000,9,33345000,11,33336000,8,33346000,8,33335000,10,33347000,8,33334000,9,33348000,23,33333000,11,33349000,19,33332000,7,33350000,23,33331000,9,33351000,23
33345000,2,33347000,1,33344000,5,33348000,9,33343000,5,33349000,8,33342000,6,33350000,10,33341000,7,33351000,11,33340000,8,33352000,13,33339000,7,33353000,20,33338000,15,33354000,21,33337000,11,33355000,21,33336000,10,33356000,20
33345000,2,33347000,1,33344000,5,33348000,9,33343000,5,33349000,8,33342000,6,33350000,10,33341000,7,33351000,11,33340000,8,33352000,13,33339000,7,33353000,20,33338000,15,33354000,21,33337000,11,33355000,21,33336000,10,33356000,20
33344000,1,33345000,1,33343000,3,33346000,4,33342000,8,33347000,5,33341000,10,33348000,6,33340000,9,33349000,4,33339000,10,33350000,12,33338000,13,33351000,11,33337000,11,33352000,14,33336000,11,33353000,11,33335000,10,33354000,11
33348000,1,33350000,3,33347000,3,33351000,6,33346000,5,33352000,9,33345000,6,33353000,8,33344000,5,33354000,10,33343000,7,33355000,11,33342000,11,33356000,10,33341000,13,33357000,9,33340000,13,33358000,20,33339000,9,33359000,19
33345000,5,33348000,3,33344000,4,33349000,5,33343000,6,33350000,5,33342000,9,33351000,6,33341000,12,33352000,10,33340000,12,33353000,9,33339000,9,33354000,11,33338000,13,33355000,11,33337000,11,33356000,10,33336000,12,33357000,9
33346000,1,33348000,1,33345000,5,33349000,5,33344000,6,33350000,6,33343000,6,33351000,8,33342000,9,33352000,13,33341000,12,33353000,11,33340000,13,33354000,12,33339000,11,33355000,9,33338000,14,33356000,10,33337000,12,33357000,9
33346000,1,33348000,1,33345000,5,33349000,5,33344000,6,33350000,6,33343000,6,33351000,8,33342000,9,33352000,13,33341000,12,33353000,11,33340000,13,33354000,12,33339000,11,33355000,9,33338000,14,33356000,10,33337000,12,33357000,9
33353000,2,33354000,2,33352000,5,33355000,4,33351000,5,33356000,7,33350000,5,33357000,11,33349000,6,33358000,20,33348000,5,33359000,19,33347000,10,33360000,30,33346000,14,33361000,29,33345000,8,33362000,26,33344000,10,33363000,24
33354000,2,33355000,2,33353000,5,33356000,3,33352000,5,33357000,9,33351000,5,33358000,20,33350000,6,33359000,19,33349000,6,33360000,32,33348000,8,33361000,29,33347000,10,33362000,26,33346000,15,33363000,23,33345000,7,33364000,18
33358000,5,33360000,11,33357000,5,33361000,23,33356000,3,33362000,20,33355000,4,33363000,24,33354000,8,33364000,17,33353000,7,33365000,19,33352000,9,33366000,20,33351000,8,33367000,17,33350000,8,33368000,21,33349000,8,33369000,20
33362000,2,33363000,16,33361000,8,33364000,12,33360000,7,33365000,16,33359000,11,33366000,20,33358000,9,33367000,16,33357000,8,33368000,21,33356000,9,33369000,19,33355000,11,33370000,30,33354000,12,33371000,7,33353000,8,33372000,10
33359000,1,33361000,6,33358000,2,33362000,4,33357000,6,33363000,9,33356000,6,33364000,7,33355000,8,33365000,11,33354000,11,33366000,8,33353000,9,33367000,16,33352000,9,33368000,19,33351000,8,33369000,19,33350000,8,33370000,30
33360000,2,33363000,6,33359000,6,33364000,5,33358000,6,33365000,9,33357000,9,33366000,7,33356000,8,33367000,7,33355000,8,33368000,10,33354000,14,33369000,9,33353000,11,33370000,18,33352000,10,33371000,7,33351000,8,33372000,10
33366000,3,33367000,3,33365000,5,33368000,3,33364000,4,33369000,6,33363000,6,33370000,17,33362000,6,33371000,6,33361000,7,33372000,11,33360000,8,33373000,8,33359000,10,33374000,8,33358000,10,33375000,7,33357000,10,33376000,9
33369000,2,33370000,10,33368000,4,33371000,2,33367000,5,33372000,5,33366000,6,33373000,6,33365000,5,33374000,6,33364000,6,33375000,8,33363000,8,33376000,9,33362000,13,33377000,9,33361000,11,33378000,9,33360000,9,33379000,10
33367000,2,33368000,3,33366000,1,33369000,7,33365000,4,33370000,3,33364000,6,33371000,4,33363000,6,33372000,7,33362000,10,33373000,8,33361000,11,33374000,9,33360000,10,33375000,8,33359000,8,33376000,10,33358000,9,33377000,10
33364000,3,33367000,3,33363000,6,33368000,5,33362000,8,33369000,4,33361000,8,33370000,7,33360000,7,33371000,8,33359000,10,33372000,13,33358000,10,33373000,9,33357000,21,33374000,9,33356000,16,33375000,7,33355000,19,33376000,9
33367000,2,33369000,6,33366000,7,33370000,5,33365000,9,33371000,5,33364000,9,33372000,9,33363000,8,33373000,9,33362000,11,33374000,9,33361000,10,33375000,8,33360000,9,33376000,9,33359000,9,33377000,9,33358000,9,33378000,8
33363000,5,33366000,3,33362000,7,33367000,6,33361000,9,33368000,12,33360000,7,33369000,6,33359000,9,33370000,11,33358000,10,33371000,6,33357000,21,33372000,13,33356000,20,33373000,9,33355000,19,33374000,8,33354000,29,33375000,7
33367000,3,33368000,5,33366000,5,33369000,2,33365000,3,33370000,10,33364000,6,33371000,5,33363000,6,33372000,11,33362000,6,33373000,8,33361000,12,33374000,8,33360000,12,33375000,7,33359000,9,33376000,9,33358000,9,33377000,9
33365000,1,33367000,2,33364000,4,33368000,5,33363000,4,33369000,6,33362000,6,33370000,6,33361000,11,33371000,9,33360000,11,33372000,11,33359000,9,33373000,9,33358000,10,33374000,8,33357000,11,33375000,7,33356000,21,33376000,9
33367000,1,33368000,1,33366000,4,33369000,4,33365000,6,33370000,6,33364000,5,33371000,7,33363000,7,33372000,11,33362000,7,33373000,10,33361000,9,33374000,9,33360000,12,33375000,7,33359000,9,33376000,9,33358000,10,33377000,9
33363000,5,33366000,2,33362000,7,33367000,7,33361000,8,33368000,5,33360000,9,33369000,8,33359000,19,33370000,9,33358000,21,33371000,6,33357000,21,33372000,12,33356000,20,33373000,8,33355000,19,33374000,9,33354000,28,33375000,7
33359000,2,33361000,2,33358000,17,33362000,4,33357000,19,33363000,4,33356000,17,33364000,5,33355000,17,33365000,7,33354000,29,33366000,8,33353000,19,33367000,10,33352000,20,33368000,8,33351000,21,33369000,10,33350000,23,33370000,13
33356000,10,33357000,1,33355000,15,33358000,6,33354000,26,33359000,5,33353000,17,33360000,4,33352000,19,33361000,7,33351000,21,33362000,6,33350000,22,33363000,8,33349000,17,33364000,10,33348000,19,33365000,8,33347000,18,33366000,7
33353000,1,33355000,3,33352000,15,33356000,5,33351000,20,33357000,6,33350000,21,33358000,6,33349000,18,33359000,6,33348000,22,33360000,10,33347000,18,33361000,9,33346000,23,33362000,10,33345000,20,33363000,6,33344000,23,33364000,8
33357000,4,33359000,1,33356000,5,33360000,5,33355000,8,33361000,7,33354000,7,33362000,4,33353000,8,33363000,7,33352000,9,33364000,7,33351000,10,33365000,7,33350000,20,33366000,10,33349000,18,33367000,10,33348000,20,33368000,9
33358000,2,33360000,5,33357000,5,33361000,5,33356000,5,33362000,5,33355000,9,33363000,5,33354000,8,33364000,7,33353000,9,33365000,8,33352000,10,33366000,12,33351000,9,33367000,10,33350000,20,33368000,9,33349000,19,33369000,11
33361000,5,33364000,4,33360000,3,33365000,6,33359000,5,33366000,6,33358000,6,33367000,6,33357000,8,33368000,10,33356000,7,33369000,16,33355000,12,33370000,11,33354000,8,33371000,7,33353000,17,33372000,11,33352000,19,33373000,8
33359000,2,33360000,1,33358000,6,33361000,2,33357000,6,33362000,4,33356000,5,33363000,4,33355000,11,33364000,6,33354000,9,33365000,7,33353000,17,33366000,8,33352000,20,33367000,11,33351000,19,33368000,10,33350000,19,33369000,14
33359000,3,33361000,2,33358000,5,33362000,5,33357000,4,33363000,4,33356000,4,33364000,7,33355000,10,33365000,8,33354000,7,33366000,11,33353000,17,33367000,11,33352000,20,33368000,10,33351000,20,33369000,13,33350000,19,33370000,11
33358000,1,33360000,4,33357000,4,33361000,5,33356000,6,33362000,4,33355000,9,33363000,6,33354000,7,33364000,6,33353000,17,33365000,9,33352000,20,33366000,11,33351000,19,33367000,12,33350000,19,33368000,11,33349000,18,33369000,13
33355000,1,33357000,3,33354000,5,33358000,5,33353000,16,33359000,4,33352000,16,33360000,6,33351000,18,33361000,7,33350000,20,33362000,8,33349000,18,33363000,10,33348000,20,33364000,9,33347000,20,33365000,8,33346000,24,33366000,9
33352000,1,33353000,1,33351000,3,33354000,3,33350000,16,33355000,4,33349000,17,33356000,5,33348000,20,33357000,8,33347000,18,33358000,5,33346000,22,33359000,8,33345000,20,33360000,10,33344000,25,33361000,10,33343000,18,33362000,8
33350000,1,33351000,2,33349000,3,33352000,6,33348000,9,33353000,6,33347000,7,33354000,3,33346000,9,33355000,5,33345000,9,33356000,8,33344000,13,33357000,10,33343000,6,33358000,9,33342000,14,33359000,8,33341000,10,33360000,8
33350000,3,33352000,4,33349000,4,33353000,6,33348000,4,33354000,3,33347000,4,33355000,6,33346000,9,33356000,8,33345000,8,33357000,10,33344000,14,33358000,10,33343000,6,33359000,7,33342000,14,33360000,9,33341000,10,33361000,11
33349000,6,33350000,3,33348000,6,33351000,3,33347000,8,33352000,5,33346000,9,33353000,6,33345000,11,33354000,4,33344000,14,33355000,6,33343000,7,33356000,7,33342000,14,33357000,10,33341000,10,33358000,10,33340000,17,33359000,9
33351000,3,33352000,1,33350000,8,33353000,1,33349000,6,33354000,4,33348000,5,33355000,4,33347000,6,33356000,8,33346000,7,33357000,8,33345000,10,33358000,9,33344000,14,33359000,6,33343000,9,33360000,9,33342000,14,33361000,8
33354000,3,33355000,1,33353000,7,33356000,3,33352000,6,33357000,5,33351000,4,33358000,7,33350000,5,33359000,7,33349000,7,33360000,11,33348000,9,33361000,8,33347000,8,33362000,8,33346000,11,33363000,10,33345000,8,33364000,10
33352000,8,33354000,2,33351000,11,33355000,4,33350000,10,33356000,5,33349000,7,33357000,5,33348000,8,33358000,7,33347000,7,33359000,7,33346000,10,33360000,10,33345000,8,33361000,11,33344000,13,33362000,9,33343000,6,33363000,8
33352000,6,33355000,5,33351000,9,33356000,5,33350000,10,33357000,5,33349000,7,33358000,7,33348000,7,33359000,7,33347000,7,33360000,10,33346000,10,33361000,11,33345000,8,33362000,8,33344000,13,33363000,8,33343000,6,33364000,10
33351000,8,33352000,3,33350000,8,33353000,5,33349000,7,33354000,3,33348000,6,33355000,5,33347000,7,33356000,5,33346000,9,33357000,7,33345000,8,33358000,9,33344000,13,33359000,7,33343000,6,33360000,10,33342000,17,33361000,10
33347000,1,33348000,1,33346000,2,33349000,5,33345000,6,33350000,4,33344000,10,33351000,6,33343000,5,33352000,6,33342000,15,33353000,8,33341000,10,33354000,7,33340000,15,33355000,11,33339000,8,33356000,11,33338000,13,33357000,7
33347000,2,33349000,1,33346000,6,33350000,5,33345000,6,33351000,6,33344000,20,33352000,5,33343000,13,33353000,9,33342000,22,33354000,7,33341000,11,33355000,10,33340000,16,33356000,9,33339000,8,33357000,8,33338000,13,33358000,9
33353000,1,33354000,4,33351000,2,33355000,5,33350000,6,33356000,8,33349000,4,33357000,8,33348000,6,33358000,11,33347000,6,33359000,9,33346000,9,33360000,12,33345000,11,33361000,10,33344000,22,33362000,9,33343000,16,33363000,9
33350000,3,33353000,3,33349000,4,33354000,4,33348000,7,33355000,6,33347000,6,33356000,6,33346000,10,33357000,7,33345000,11,33358000,9,33344000,22,33359000,9,33343000,16,33360000,12,33342000,20,33361000,10,33341000,19,33362000,9
33346000,3,33347000,2,33345000,5,33348000,4,33344000,9,33349000,4,33343000,14,33350000,4,33342000,19,33351000,7,33341000,18,33352000,7,33340000,24,33353000,8,33339000,18,33354000,9,33338000,23,33355000,10,33337000,20,33356000,6
33347000,1,33349000,6,33346000,3,33350000,5,33345000,4,33351000,5,33344000,6,33352000,5,33343000,15,33353000,9,33342000,20,33354000,9,33341000,19,33355000,9,33340000,25,33356000,6,33339000,18,33357000,8,33338000,23,33358000,9
33345000,3,33348000,4,33344000,6,33349000,4,33343000,5,33350000,7,33342000,20,33351000,5,33341000,19,33352000,6,33340000,24,33353000,8,33339000,18,33354000,10,33338000,23,33355000,9,33337000,20,33356000,9,33336000,24,33357000,8
33348000,1,33350000,3,33347000,3,33351000,4,33346000,4,33352000,4,33345000,5,33353000,8,33344000,7,33354000,8,33343000,7,33355000,10,33342000,22,33356000,6,33341000,21,33357000,8,33340000,23,33358000,10,33339000,17,33359000,6
33349000,3,33351000,1,33348000,5,33352000,5,33347000,4,33353000,7,33346000,5,33354000,5,33345000,7,33355000,7,33344000,11,33356000,5,33343000,9,33357000,11,33342000,21,33358000,11,33341000,20,33359000,6,33340000,23,33360000,12
33344000,2,33345000,1,33343000,6,33346000,2,33342000,17,33347000,5,33341000,17,33348000,5,33340000,21,33349000,5,33339000,20,33350000,8,33338000,22,33351000,8,33337000,20,33352000,9,33336000,21,33353000,8,33335000,23,33354000,8
33346000,1,33347000,1,33345000,3,33348000,5,33344000,5,33349000,4,33343000,3,33350000,6,33342000,18,33351000,9,33341000,18,33352000,9,33340000,23,33353000,8,33339000,20,33354000,8,33338000,23,33355000,9,33337000,20,33356000,6
33350000,3,33351000,1,33349000,5,33352000,2,33348000,5,33353000,5,33347000,1,33354000,6,33346000,6,33355000,12,33345000,8,33356000,7,33344000,9,33357000,8,33343000,6,33358000,17,33342000,20,33359000,6,33341000,17,33360000,11
33348000,5,33349000,1,33347000,1,33350000,4,33346000,5,33351000,5,33345000,7,33352000,7,33344000,7,33353000,7,33343000,6,33354000,6,33342000,19,33355000,9,33341000,17,33356000,8,33340000,24,33357000,9,33339000,19,33358000,18
33351000,2,33352000,3,33350000,3,33353000,5,33349000,3,33354000,5,33348000,11,33355000,9,33347000,4,33356000,5,33346000,6,33357000,10,33345000,17,33358000,16,33344000,10,33359000,6,33343000,6,33360000,11,33342000,10,33361000,10
33352000,3,33355000,5,33351000,4,33356000,3,33350000,4,33357000,9,33349000,3,33358000,15,33348000,13,33359000,6,33347000,7,33360000,13,33346000,8,33361000,10,33345000,17,33362000,10,33344000,10,33363000,10,33343000,5,33364000,8
33350000,1,33352000,2,33349000,5,33353000,5,33348000,13,33354000,5,33347000,6,33355000,5,33346000,9,33356000,5,33345000,20,33357000,9,33344000,10,33358000,17,33343000,5,33359000,8,33342000,9,33360000,13,33341000,8,33361000,10
33352000,3,33354000,1,33351000,6,33355000,3,33350000,3,33356000,5,33349000,4,33357000,8,33348000,14,33358000,16,33347000,7,33359000,9,33346000,11,33360000,13,33345000,20,33361000,9,33344000,10,33362000,10,33343000,5,33363000,10
33353000,2,33355000,3,33352000,4,33356000,4,33351000,6,33357000,6,33350000,4,33358000,15,33349000,7,33359000,6,33348000,15,33360000,13,33347000,7,33361000,10,33346000,9,33362000,10,33345000,19,33363000,10,33344000,9,33364000,8
33359000,2,33360000,2,33358000,2,33361000,6,33357000,2,33362000,5,33356000,5,33363000,8,33355000,5,33364000,9,33354000,6,33365000,7,33353000,9,33366000,9,33352000,11,33367000,7,33351000,11,33368000,9,33350000,9,33369000,12
33356000,2,33358000,6,33355000,2,33359000,5,33354000,5,33360000,6,33353000,6,33361000,5,33352000,9,33362000,9,33351000,10,33363000,9,33350000,9,33364000,11,33349000,9,33365000,7,33348000,17,33366000,10,33347000,6,33367000,7
33353000,3,33355000,1,33352000,5,33356000,8,33351000,5,33357000,7,33350000,6,33358000,5,33349000,8,33359000,7,33348000,15,33360000,11,33347000,7,33361000,9,33346000,12,33362000,10,33345000,19,33363000,8,33344000,10,33364000,8
33357000,2,33359000,3,33356000,5,33360000,4,33355000,2,33361000,6,33354000,4,33362000,8,33353000,10,33363000,7,33352000,9,33364000,10,33351000,8,33365000,6,33350000,9,33366000,10,33349000,9,33367000,7,33348000,17,33368000,9
33354000,1,33356000,1,33353000,7,33357000,5,33352000,5,33358000,7,33351000,4,33359000,5,33350000,8,33360000,6,33349000,10,33361000,9,33348000,17,33362000,11,33347000,6,33363000,9,33346000,10,33364000,10,33345000,19,33365000,6
33353000,2,33355000,2,33352000,5,33356000,5,33351000,3,33357000,8,33350000,6,33358000,8,33349000,8,33359000,9,33348000,15,33360000,11,33347000,6,33361000,10,33346000,12,33362000,10,33345000,19,33363000,8,33344000,10,33364000,8
33351000,2,33354000,4,33350000,7,33355000,3,33349000,6,33356000,4,33348000,15,33357000,6,33347000,7,33358000,10,33346000,9,33359000,7,33345000,20,33360000,11,33344000,10,33361000,10,33343000,4,33362000,10,33342000,9,33363000,8
33351000,1,33353000,3,33350000,6,33354000,4,33349000,6,33355000,3,33348000,16,33356000,3,33347000,7,33357000,6,33346000,10,33358000,9,33345000,20,33359000,7,33344000,10,33360000,11,33343000,4,33361000,10,33342000,9,33362000,10
33348000,8,33350000,5,33347000,1,33351000,2,33346000,8,33352000,3,33345000,18,33353000,5,33344000,11,33354000,5,33343000,7,33355000,5,33342000,9,33356000,7,33341000,8,33357000,8,33340000,16,33358000,10,33339000,9,33359000,7
33352000,1,33354000,2,33351000,5,33355000,3,33350000,4,33356000,3,33349000,4,33357000,8,33348000,6,33358000,8,33347000,7,33359000,9,33346000,13,33360000,10,33345000,19,33361000,9,33344000,13,33362000,10,33343000,6,33363000,8
33357000,4,33359000,1,33356000,2,33360000,3,33355000,4,33361000,7,33354000,5,33362000,8,33353000,5,33363000,8,33352000,8,33364000,10,33351000,9,33365000,6,33350000,8,33366000,9,33349000,7,33367000,8,33348000,9,33368000,9
33360000,4,33362000,3,33359000,5,33363000,4,33358000,7,33364000,6,33357000,7,33365000,4,33356000,9,33366000,9,33355000,7,33367000,7,33354000,9,33368000,11,33353000,9,33369000,21,33352000,8,33370000,31,33351000,7,33371000,17
33360000,1,33362000,3,33359000,6,33363000,5,33358000,7,33364000,5,33357000,7,33365000,4,33356000,9,33366000,10,33355000,7,33367000,7,33354000,9,33368000,11,33353000,9,33369000,21,33352000,8,33370000,31,33351000,7,33371000,17
33363000,3,33365000,2,33362000,6,33366000,4,33361000,5,33367000,5,33360000,7,33368000,7,33359000,4,33369000,22,33358000,7,33370000,31,33357000,10,33371000,17,33356000,11,33372000,25,33355000,10,33373000,19,33354000,9,33374000,19
33362000,2,33364000,4,33361000,3,33365000,5,33360000,5,33366000,6,33359000,4,33367000,5,33358000,7,33368000,8,33357000,10,33369000,13,33356000,11,33370000,30,33355000,9,33371000,18,33354000,11,33372000,26,33353000,8,33373000,19
33365000,3,33367000,1,33364000,4,33368000,5,33363000,4,33369000,7,33362000,3,33370000,28,33361000,6,33371000,17,33360000,7,33372000,26,33359000,8,33373000,19,33358000,10,33374000,19,33357000,10,33375000,21,33356000,11,33376000,19
33366000,4,33368000,2,33365000,3,33369000,4,33364000,5,33370000,17,33363000,4,33371000,16,33362000,5,33372000,24,33361000,7,33373000,19,33360000,10,33374000,21,33359000,8,33375000,21,33358000,9,33376000,19,33357000,10,33377000,22
33369000,4,33371000,3,33368000,8,33372000,13,33367000,3,33373000,19,33366000,6,33374000,17,33365000,2,33375000,20,33364000,7,33376000,20,33363000,7,33377000,22,33362000,8,33378000,18,33361000,7,33379000,19,33360000,8,33380000,21
33373000,1,33374000,11,33372000,6,33375000,19,33371000,2,33376000,16,33370000,5,33377000,23,33369000,5,33378000,16,33368000,8,33379000,18,33367000,7,33380000,21,33366000,13,33381000,21,33365000,8,33382000,25,33364000,9,33383000,16
33375000,6,33377000,2,33374000,6,33378000,14,33373000,6,33379000,15,33372000,5,33380000,21,33371000,9,33381000,21,33370000,8,33382000,25,33369000,12,33383000,16,33368000,9,33384000,21,33367000,11,33385000,21,33366000,11,33386000,10
33378000,5,33380000,3,33377000,8,33381000,16,33376000,8,33382000,21,33375000,10,33383000,17,33374000,7,33384000,20,33373000,9,33385000,21,33372000,12,33386000,10,33371000,10,33387000,9,33370000,11,33388000,10,33369000,11,33389000,11
33383000,5,33384000,14,33382000,7,33385000,13,33381000,10,33386000,6,33380000,8,33387000,8,33379000,9,33388000,9,33378000,9,33389000,13,33377000,11,33390000,14,33376000,13,33391000,7,33375000,13,33392000,8,33374000,10,33393000,9
33380000,3,33382000,4,33379000,10,33383000,6,33378000,7,33384000,9,33377000,8,33385000,8,33376000,9,33386000,8,33375000,14,33387000,10,33374000,10,33388000,11,33373000,11,33389000,12,33372000,13,33390000,14,33371000,7,33391000,7
33376000,4,33378000,3,33375000,9,33379000,6,33374000,6,33380000,7,33373000,7,33381000,6,33372000,10,33382000,9,33371000,8,33383000,8,33370000,10,33384000,14,33369000,11,33385000,11,33368000,9,33386000,11,33367000,11,33387000,9
33380000,4,33382000,1,33379000,6,33383000,5,33378000,6,33384000,12,33377000,7,33385000,8,33376000,8,33386000,8,33375000,8,33387000,11,33374000,11,33388000,8,33373000,10,33389000,11,33372000,21,33390000,14,33371000,17,33391000,8
33382000,2,33383000,3,33381000,4,33384000,8,33380000,8,33385000,8,33379000,6,33386000,6,33378000,9,33387000,9,33377000,8,33388000,11,33376000,12,33389000,11,33375000,9,33390000,14,33374000,13,33391000,8,33373000,9,33392000,8
33384000,4,33386000,2,33383000,4,33387000,5,33382000,9,33388000,9,33381000,4,33389000,9,33380000,9,33390000,14,33379000,7,33391000,8,33378000,12,33392000,8,33377000,12,33393000,8,33376000,12,33394000,11,33375000,9,33395000,8
33383000,4,33385000,1,33382000,8,33386000,5,33381000,4,33387000,6,33380000,10,33388000,7,33379000,8,33389000,11,33378000,12,33390000,12,33377000,11,33391000,8,33376000,12,33392000,9,33375000,9,33393000,8,33374000,12,33394000,11
33384000,2,33386000,5,33383000,4,33387000,6,33382000,9,33388000,7,33381000,4,33389000,10,33380000,10,33390000,12,33379000,8,33391000,8,33378000,12,33392000,9,33377000,11,33393000,8,33376000,12,33394000,11,33375000,9,33395000,8
33386000,5,33388000,5,33385000,10,33389000,6,33384000,7,33390000,11,33383000,7,33391000,5,33382000,7,33392000,7,33381000,6,33393000,11,33380000,12,33394000,11,33379000,10,33395000,8,33378000,11,33396000,9,33377000,10,33397000,10
33389000,2,33390000,2,33388000,6,33391000,2,33387000,7,33392000,7,33386000,7,33393000,7,33385000,10,33394000,10,33384000,8,33395000,8,33383000,9,33396000,9,33382000,10,33397000,9,33381000,7,33398000,13,33380000,12,33399000,8
33389000,3,33391000,4,33388000,6,33392000,6,33387000,7,33393000,7,33386000,9,33394000,9,33385000,10,33395000,7,33384000,9,33396000,10,33383000,10,33397000,10,33382000,9,33398000,13,33381000,7,33399000,7,33380000,12,33400000,37
33387000,1,33389000,5,33386000,7,33390000,7,33385000,9,33391000,7,33384000,8,33392000,7,33383000,6,33393000,8,33382000,9,33394000,12,33381000,7,33395000,8,33380000,12,33396000,10,33379000,11,33397000,10,33378000,10,33398000,13
33390000,3,33392000,3,33389000,7,33393000,6,33388000,4,33394000,7,33387000,6,33395000,6,33386000,5,33396000,7,33385000,11,33397000,11,33384000,9,33398000,13,33383000,8,33399000,7,33382000,8,33400000,37,33381000,7,33401000,10
33391000,4,33393000,2,33390000,7,33394000,7,33389000,8,33395000,7,33388000,5,33396000,7,33387000,7,33397000,12,33386000,7,33398000,14,33385000,11,33399000,7,33384000,10,33400000,37,33383000,9,33401000,10,33382000,9,33402000,11
33390000,6,33391000,1,33389000,6,33393000,4,33388000,6,33394000,6,33387000,8,33395000,5,33386000,9,33396000,8,33385000,11,33397000,11,33384000,10,33398000,12,33383000,8,33399000,7,33382000,9,33400000,37,33381000,9,33401000,10
33394000,2,33395000,1,33393000,6,33396000,4,33392000,7,33397000,9,33391000,8,33398000,11,33390000,14,33399000,6,33389000,8,33400000,39,33388000,7,33401000,10,33387000,7,33402000,9,33386000,14,33403000,7,33385000,9,33404000,10
33393000,4,33396000,5,33392000,8,33397000,6,33391000,9,33398000,9,33390000,13,33399000,8,33389000,6,33400000,38,33388000,8,33401000,11,33387000,7,33402000,9,33386000,14,33403000,7,33385000,10,33404000,10,33384000,9,33405000,8
33395000,1,33397000,5,33394000,7,33398000,9,33393000,5,33399000,5,33392000,6,33400000,37,33391000,8,33401000,12,33390000,12,33402000,11,33389000,8,33403000,7,33388000,8,33404000,10,33387000,7,33405000,8,33386000,14,33406000,15
33398000,4,33400000,32,33397000,5,33401000,4,33396000,8,33402000,7,33395000,6,33403000,5,33394000,8,33404000,10,33393000,9,33405000,9,33392000,7,33406000,15,33391000,12,33407000,7,33390000,17,33408000,13,33389000,10,33409000,10
33397000,3,33399000,3,33396000,5,33400000,24,33395000,7,33401000,6,33394000,9,33402000,7,33393000,9,33403000,5,33392000,8,33404000,10,33391000,11,33405000,9,33390000,16,33406000,15,33389000,9,33407000,7,33388000,7,33408000,13
33394000,3,33395000,1,33393000,5,33396000,4,33392000,4,33397000,5,33391000,8,33398000,4,33390000,13,33399000,7,33389000,7,33400000,25,33388000,7,33401000,10,33387000,8,33402000,12,33386000,13,33403000,8,33385000,12,33404000,10
33396000,2,33397000,1,33395000,6,33398000,4,33394000,9,33399000,5,33393000,8,33400000,25,33392000,6,33401000,9,33391000,8,33402000,10,33390000,16,33403000,8,33389000,9,33404000,11,33388000,6,33405000,8,33387000,8,33406000,15
33396000,4,33398000,3,33395000,6,33399000,1,33394000,11,33400000,23,33393000,7,33401000,9,33392000,6,33402000,9,33391000,11,33403000,8,33390000,10,33404000,11,33389000,9,33405000,8,33388000,7,33406000,11,33387000,8,33407000,12
33396000,5,33399000,4,33395000,7,33400000,22,33394000,13,33401000,5,33393000,7,33402000,9,33392000,8,33403000,7,33391000,11,33404000,13,33390000,10,33405000,8,33389000,8,33406000,11,33388000,7,33407000,12,33387000,8,33408000,13
33399000,6,33400000,20,33398000,7,33401000,2,33397000,7,33402000,8,33396000,6,33403000,5,33395000,7,33404000,11,33394000,13,33405000,9,33393000,7,33406000,11,33392000,9,33407000,12,33391000,12,33408000,13,33390000,10,33409000,10
33401000,3,33403000,4,33400000,6,33404000,5,33399000,12,33405000,6,33398000,6,33406000,9,33397000,7,33407000,7,33396000,12,33408000,14,33395000,11,33409000,22,33394000,13,33410000,25,33393000,8,33411000,20,33392000,8,33412000,27
33400000,1,33401000,1,33399000,9,33402000,5,33398000,6,33403000,6,33397000,7,33404000,8,33396000,8,33405000,7,33395000,10,33406000,8,33394000,12,33407000,10,33393000,8,33408000,14,33392000,8,33409000,10,33391000,10,33410000,26
33404000,2,33405000,7,33403000,6,33406000,2,33402000,8,33407000,5,33401000,7,33408000,11,33400000,7,33409000,10,33399000,10,33410000,27,33398000,10,33411000,20,33397000,11,33412000,27,33396000,11,33413000,30,33395000,10,33414000,24
33405000,3,33407000,1,33404000,4,33408000,6,33403000,4,33409000,6,33402000,7,33410000,14,33401000,9,33411000,10,33400000,16,33412000,16,33399000,8,33413000,21,33398000,12,33414000,10,33397000,9,33415000,9,33396000,9,33416000,12
33406000,2,33407000,3,33405000,5,33408000,6,33404000,7,33409000,9,33403000,6,33410000,6,33402000,8,33411000,8,33401000,10,33412000,14,33400000,10,33413000,22,33399000,8,33414000,13,33398000,9,33415000,12,33397000,10,33416000,11
33403000,2,33404000,2,33402000,5,33405000,5,33401000,7,33406000,7,33400000,9,33407000,5,33399000,7,33408000,8,33398000,9,33409000,10,33397000,8,33410000,11,33396000,10,33411000,11,33395000,8,33412000,16,33394000,12,33413000,20
33406000,1,33407000,5,33405000,3,33408000,4,33404000,5,33409000,11,33403000,7,33410000,8,33402000,5,33411000,11,33401000,8,33412000,16,33400000,9,33413000,20,33399000,9,33414000,12,33398000,10,33415000,11,33397000,10,33416000,11
33403000,3,33405000,4,33402000,5,33406000,4,33401000,6,33407000,6,33400000,7,33408000,6,33399000,7,33409000,13,33398000,9,33410000,9,33397000,10,33411000,12,33396000,10,33412000,15,33395000,7,33413000,21,33394000,9,33414000,12
33405000,4,33406000,1,33404000,5,33407000,6,33403000,6,33408000,7,33402000,9,33409000,15,33401000,8,33410000,11,33400000,11,33411000,14,33399000,7,33412000,16,33398000,12,33413000,21,33397000,9,33414000,12,33396000,10,33415000,11
33403000,7,33406000,5,33402000,8,33407000,5,33401000,8,33408000,4,33400000,13,33409000,14,33399000,7,33410000,11,33398000,10,33411000,13,33397000,9,33412000,16,33396000,10,33413000,21,33395000,8,33414000,12,33394000,11,33415000,11
33406000,2,33407000,4,33405000,4,33408000,6,33404000,5,33409000,10,33403000,3,33410000,9,33402000,6,33411000,14,33401000,8,33412000,16,33400000,12,33413000,21,33399000,9,33414000,12,33398000,7,33415000,11,33397000,8,33416000,11
33407000,1,33408000,1,33406000,6,33409000,8,33405000,7,33410000,7,33404000,5,33411000,12,33403000,7,33412000,16,33402000,7,33413000,22,33401000,9,33414000,14,33400000,12,33415000,11,33399000,9,33416000,11,33398000,7,33417000,7
33406000,2,33408000,5,33405000,8,33409000,7,33404000,5,33410000,7,33403000,5,33411000,12,33402000,7,33412000,16,33401000,8,33413000,22,33400000,12,33414000,14,33399000,9,33415000,11,33398000,7,33416000,11,33397000,8,33417000,7
33407000,5,33409000,1,33406000,4,33410000,7,33405000,6,33411000,11,33404000,5,33412000,13,33403000,7,33413000,22,33402000,8,33414000,14,33401000,9,33415000,11,33400000,13,33416000,11,33399000,9,33417000,7,33398000,8,33418000,9
33412000,1,33413000,13,33411000,6,33414000,3,33410000,7,33415000,9,33409000,12,33416000,13,33408000,12,33417000,10,33407000,10,33418000,12,33406000,9,33419000,8,33405000,11,33420000,15,33404000,12,33421000,14,33403000,9,33422000,15
33409000,4,33410000,1,33408000,7,33411000,4,33407000,9,33412000,5,33406000,6,33413000,14,33405000,9,33414000,6,33404000,9,33415000,10,33403000,8,33416000,15,33402000,11,33417000,10,33401000,10,33418000,12,33400000,13,33419000,8
33406000,1,33407000,2,33405000,5,33408000,5,33404000,7,33409000,6,33403000,9,33410000,5,33402000,11,33411000,7,33401000,7,33412000,10,33400000,11,33413000,17,33399000,8,33414000,11,33398000,10,33415000,12,33397000,12,33416000,13
33406000,6,33409000,5,33405000,5,33410000,5,33404000,5,33411000,8,33403000,7,33412000,10,33402000,12,33413000,18,33401000,9,33414000,9,33400000,13,33415000,11,33399000,9,33416000,13,33398000,8,33417000,9,33397000,8,33418000,12
33406000,1,33407000,3,33405000,2,33408000,5,33404000,5,33409000,5,33403000,7,33410000,5,33402000,12,33411000,7,33401000,10,33412000,11,33400000,13,33413000,16,33399000,9,33414000,10,33398000,8,33415000,12,33397000,8,33416000,13
33404000,2,33406000,2,33403000,12,33407000,6,33402000,9,33408000,6,33401000,12,33409000,10,33400000,8,33410000,11,33399000,7,33411000,11,33398000,9,33412000,11,33397000,8,33413000,17,33396000,10,33414000,9,33395000,8,33415000,11
33400000,1,33401000,1,33399000,2,33402000,5,33398000,6,33403000,5,33397000,6,33404000,9,33396000,9,33405000,11,33395000,4,33406000,13,33394000,8,33407000,10,33393000,7,33408000,14,33392000,8,33409000,13,33391000,11,33410000,11
33398000,1,33400000,5,33397000,2,33401000,5,33396000,7,33402000,5,33395000,6,33403000,7,33394000,6,33404000,11,33393000,8,33405000,13,33392000,8,33406000,16,33391000,8,33407000,10,33390000,8,33408000,12,33389000,10,33409000,12
33394000,6,33397000,4,33393000,6,33398000,5,33392000,6,33399000,6,33391000,7,33400000,7,33390000,8,33401000,8,33389000,8,33402000,9,33388000,7,33403000,9,33387000,6,33404000,13,33386000,12,33405000,13,33385000,10,33406000,15
33394000,1,33396000,4,33393000,5,33397000,5,33392000,6,33398000,6,33391000,5,33399000,7,33390000,8,33400000,10,33389000,10,33401000,11,33388000,7,33402000,9,33387000,6,33403000,8,33386000,12,33404000,11,33385000,7,33405000,14
33392000,4,33394000,1,33391000,4,33395000,4,33390000,6,33396000,7,33389000,8,33397000,5,33388000,7,33398000,8,33387000,8,33399000,11,33386000,12,33400000,11,33385000,7,33401000,11,33384000,8,33402000,9,33383000,8,33403000,7
33395000,1,33396000,2,33394000,5,33397000,4,33393000,6,33398000,6,33392000,5,33399000,10,33391000,6,33400000,10,33390000,8,33401000,11,33389000,10,33402000,9,33388000,8,33403000,8,33387000,7,33404000,8,33386000,12,33405000,13
33393000,1,33395000,4,33392000,4,33396000,5,33391000,4,33397000,5,33390000,6,33398000,6,33389000,7,33399000,8,33388000,7,33400000,13,33387000,8,33401000,12,33386000,12,33402000,9,33385000,7,33403000,9,33384000,8,33404000,9
33393000,2,33395000,3,33392000,4,33396000,3,33391000,6,33397000,5,33390000,6,33398000,7,33389000,7,33399000,9,33388000,9,33400000,12,33387000,8,33401000,10,33386000,12,33402000,8,33385000,7,33403000,9,33384000,8,33404000,9
33395000,4,33398000,5,33394000,5,33399000,6,33393000,6,33400000,6,33392000,7,33401000,10,33391000,8,33402000,9,33390000,10,33403000,12,33389000,9,33404000,13,33388000,8,33405000,14,33387000,6,33406000,15,33386000,12,33407000,9
33400000,1,33401000,2,33399000,4,33402000,6,33398000,5,33403000,8,33397000,4,33404000,11,33396000,6,33405000,15,33395000,8,33406000,17,33394000,8,33407000,8,33393000,10,33408000,13,33392000,10,33409000,11,33391000,10,33410000,12
33398000,3,33400000,1,33397000,6,33401000,6,33396000,5,33402000,5,33395000,7,33403000,6,33394000,8,33404000,10,33393000,11,33405000,13,33392000,9,33406000,14,33391000,8,33407000,8,33390000,10,33408000,13,33389000,9,33409000,10
33391000,1,33392000,2,33390000,3,33393000,4,33389000,7,33394000,4,33388000,7,33395000,5,33387000,8,33396000,7,33386000,8,33397000,9,33385000,11,33398000,8,33384000,19,33399000,10,33383000,18,33400000,13,33382000,24,33401000,12
33392000,1,33394000,2,33391000,6,33395000,5,33390000,9,33396000,8,33389000,5,33397000,8,33388000,8,33398000,8,33387000,6,33399000,10,33386000,10,33400000,13,33385000,11,33401000,11,33384000,10,33402000,10,33383000,19,33403000,8
33395000,2,33397000,3,33394000,3,33398000,6,33393000,5,33399000,7,33392000,5,33400000,9,33391000,8,33401000,11,33390000,9,33402000,13,33389000,11,33403000,8,33388000,10,33404000,11,33387000,6,33405000,13,33386000,9,33406000,16
33392000,2,33393000,2,33391000,2,33394000,6,33390000,7,33395000,6,33389000,7,33396000,7,33388000,7,33397000,8,33387000,6,33398000,8,33386000,11,33399000,10,33385000,11,33400000,11,33384000,8,33401000,10,33383000,19,33402000,10
33393000,5,33395000,1,33392000,5,33396000,3,33391000,5,33397000,8,33390000,8,33398000,8,33389000,9,33399000,11,33388000,10,33400000,11,33387000,7,33401000,10,33386000,11,33402000,10,33385000,11,33403000,8,33384000,8,33404000,11
33391000,2,33392000,1,33390000,4,33393000,3,33389000,8,33394000,4,33388000,7,33395000,4,33387000,8,33396000,9,33386000,8,33397000,9,33385000,11,33398000,9,33384000,8,33399000,11,33383000,19,33400000,10,33382000,19,33401000,9
33388000,2,33390000,3,33387000,4,33391000,8,33386000,6,33392000,6,33385000,10,33393000,7,33384000,9,33394000,9,33383000,19,33395000,6,33382000,19,33396000,11,33381000,24,33397000,10,33380000,33,33398000,9,33379000,25,33399000,11
33388000,2,33390000,3,33387000,4,33391000,8,33386000,6,33392000,6,33385000,10,33393000,7,33384000,9,33394000,9,33383000,19,33395000,6,33382000,19,33396000,11,33381000,24,33397000,10,33380000,33,33398000,9,33379000,25,33399000,11
33382000,10,33383000,1,33381000,22,33384000,5,33380000,30,33385000,5,33379000,21,33386000,5,33378000,22,33387000,6,33377000,31,33388000,9,33376000,20,33389000,12,33375000,20,33390000,12,33374000,22,33391000,11,33373000,22,33392000,8
33383000,1,33385000,5,33382000,3,33386000,5,33381000,6,33387000,5,33380000,27,33388000,10,33379000,12,33389000,12,33378000,22,33390000,13,33377000,33,33391000,10,33376000,20,33392000,8,33375000,20,33393000,9,33374000,22,33394000,12
33382000,5,33385000,4,33381000,6,33386000,6,33380000,17,33387000,7,33379000,12,33388000,8,33378000,13,33389000,12,33377000,33,33390000,13,33376000,19,33391000,11,33375000,20,33392000,9,33374000,22,33393000,9,33373000,21,33394000,12
33385000,4,33387000,1,33384000,4,33388000,4,33383000,5,33389000,7,33382000,6,33390000,8,33381000,8,33391000,9,33380000,19,33392000,7,33379000,15,33393000,8,33378000,14,33394000,12,33377000,10,33395000,7,33376000,20,33396000,11
33387000,3,33389000,2,33386000,5,33390000,5,33385000,6,33391000,6,33384000,4,33392000,7,33383000,5,33393000,8,33382000,9,33394000,13,33381000,10,33395000,6,33380000,11,33396000,11,33379000,15,33397000,10,33378000,13,33398000,12
33382000,1,33383000,3,33381000,7,33384000,3,33380000,7,33385000,5,33379000,12,33386000,6,33378000,9,33387000,7,33377000,8,33388000,5,33376000,19,33389000,8,33375000,30,33390000,10,33374000,23,33391000,12,33373000,21,33392000,10
33385000,1,33386000,1,33384000,5,33387000,4,33383000,6,33388000,4,33382000,4,33389000,9,33381000,7,33390000,10,33380000,9,33391000,12,33379000,13,33392000,9,33378000,12,33393000,8,33377000,10,33394000,11,33376000,19,33395000,7
33388000,1,33390000,3,33387000,2,33391000,6,33386000,5,33392000,6,33385000,6,33393000,8,33384000,7,33394000,11,33383000,8,33395000,9,33382000,8,33396000,12,33381000,8,33397000,11,33380000,11,33398000,12,33379000,13,33399000,12
33392000,1,33393000,1,33391000,5,33394000,5,33390000,3,33395000,6,33389000,5,33396000,10,33388000,7,33397000,11,33387000,6,33398000,12,33386000,9,33399000,12,33385000,8,33400000,11,33384000,11,33401000,11,33383000,8,33402000,13
33396000,2,33397000,4,33395000,3,33398000,6,33394000,5,33399000,9,33393000,7,33400000,9,33392000,7,33401000,12,33391000,7,33402000,13,33390000,7,33403000,8,33389000,12,33404000,11,33388000,9,33405000,12,33387000,6,33406000,17
33399000,1,33400000,1,33398000,5,33401000,5,33397000,4,33402000,8,33396000,7,33403000,6,33395000,5,33404000,11,33394000,7,33405000,14,33393000,9,33406000,17,33392000,8,33407000,7,33391000,8,33408000,13,33390000,7,33409000,21
33397000,4,33399000,1,33396000,6,33400000,6,33395000,5,33401000,6,33394000,5,33402000,6,33393000,10,33403000,8,33392000,8,33404000,9,33391000,7,33405000,12,33390000,8,33406000,16,33389000,8,33407000,8,33388000,8,33408000,13
33399000,3,33400000,3,33398000,6,33401000,2,33397000,4,33402000,8,33396000,5,33403000,10,33395000,7,33404000,10,33394000,4,33405000,13,33393000,10,33406000,14,33392000,8,33407000,7,33391000,8,33408000,13,33390000,8,33409000,20
33396000,1,33397000,1,33395000,3,33398000,5,33394000,5,33399000,4,33393000,6,33400000,3,33392000,6,33401000,7,33391000,8,33402000,8,33390000,9,33403000,10,33389000,8,33404000,11,33388000,8,33405000,12,33387000,10,33406000,14
33392000,2,33394000,2,33391000,5,33395000,6,33390000,6,33396000,7,33389000,5,33397000,9,33388000,8,33398000,7,33387000,10,33399000,9,33386000,8,33400000,12,33385000,7,33401000,11,33384000,10,33402000,11,33383000,6,33403000,10
33394000,4,33396000,1,33393000,7,33397000,6,33392000,7,33398000,6,33391000,5,33399000,7,33390000,6,33400000,11,33389000,6,33401000,11,33388000,10,33402000,11,33387000,10,33403000,9,33386000,8,33404000,10,33385000,7,33405000,11
33399000,4,33400000,1,33398000,7,33401000,4,33397000,5,33402000,6,33396000,8,33403000,8,33395000,4,33404000,10,33394000,8,33405000,12,33393000,10,33406000,14,33392000,6,33407000,7,33391000,10,33408000,13,33390000,8,33409000,21
33401000,1,33403000,4,33400000,5,33404000,5,33399000,7,33405000,7,33398000,7,33406000,15,33397000,5,33407000,7,33396000,9,33408000,13,33395000,6,33409000,20,33394000,12,33410000,30,33393000,7,33411000,8,33392000,5,33412000,11
33405000,1,33406000,2,33404000,3,33407000,5,33403000,4,33408000,7,33402000,3,33409000,17,33401000,10,33410000,32,33400000,18,33411000,8,33399000,10,33412000,11,33398000,13,33413000,16,33397000,9,33414000,10,33396000,10,33415000,13
33408000,2,33409000,10,33407000,3,33410000,27,33406000,6,33411000,8,33405000,6,33412000,11,33404000,5,33413000,20,33403000,7,33414000,11,33402000,5,33415000,12,33401000,10,33416000,14,33400000,20,33417000,9,33399000,10,33418000,12
33403000,4,33405000,2,33402000,6,33406000,4,33401000,11,33407000,5,33400000,17,33408000,7,33399000,10,33409000,9,33398000,12,33410000,8,33397000,10,33411000,9,33396000,11,33412000,13,33395000,6,33413000,18,33394000,9,33414000,12
33407000,2,33408000,1,33406000,5,33409000,2,33405000,5,33410000,8,33404000,5,33411000,7,33403000,7,33412000,10,33402000,11,33413000,18,33401000,14,33414000,13,33400000,21,33415000,12,33399000,13,33416000,16,33398000,12,33417000,9
33405000,1,33407000,4,33404000,4,33408000,7,33403000,6,33409000,10,33402000,10,33410000,8,33401000,13,33411000,8,33400000,20,33412000,11,33399000,12,33413000,18,33398000,12,33414000,13,33397000,12,33415000,12,33396000,13,33416000,16
33402000,2,33403000,2,33401000,5,33404000,6,33400000,18,33405000,6,33399000,9,33406000,7,33398000,10,33407000,9,33397000,12,33408000,9,33396000,13,33409000,15,33395000,7,33410000,13,33394000,10,33411000,9,33393000,11,33412000,9
33402000,4,33405000,6,33401000,7,33406000,7,33400000,15,33407000,8,33399000,10,33408000,10,33398000,9,33409000,15,33397000,9,33410000,13,33396000,16,33411000,9,33395000,7,33412000,9,33394000,10,33413000,17,33393000,11,33414000,12
33401000,4,33402000,2,33400000,12,33403000,5,33399000,8,33404000,7,33398000,8,33405000,6,33397000,10,33406000,8,33396000,15,33407000,6,33395000,6,33408000,13,33394000,9,33409000,14,33393000,10,33410000,13,33392000,7,33411000,7
33406000,2,33407000,1,33405000,5,33408000,6,33404000,6,33409000,9,33403000,5,33410000,9,33402000,7,33411000,8,33401000,9,33412000,11,33400000,15,33413000,17,33399000,11,33414000,11,33398000,12,33415000,11,33397000,12,33416000,15
33402000,2,33404000,3,33401000,7,33405000,5,33400000,15,33406000,6,33399000,8,33407000,7,33398000,10,33408000,7,33397000,11,33409000,12,33396000,13,33410000,12,33395000,6,33411000,7,33394000,9,33412000,10,33393000,9,33413000,16
33404000,1,33405000,2,33403000,6,33406000,2,33402000,4,33407000,4,33401000,6,33408000,7,33400000,6,33409000,13,33399000,8,33410000,11,33398000,10,33411000,7,33397000,12,33412000,8,33396000,14,33413000,16,33395000,8,33414000,11
33408000,4,33409000,2,33407000,7,33410000,5,33406000,7,33411000,7,33405000,6,33412000,7,33404000,8,33413000,16,33403000,9,33414000,10,33402000,6,33415000,10,33401000,10,33416000,14,33400000,9,33417000,8,33399000,10,33418000,31
33404000,5,33406000,1,33403000,7,33407000,6,33402000,7,33408000,7,33401000,8,33409000,8,33400000,6,33410000,7,33399000,10,33411000,7,33398000,10,33412000,11,33397000,11,33413000,16,33396000,13,33414000,11,33395000,8,33415000,9
33404000,3,33407000,5,33403000,7,33408000,7,33402000,6,33409000,8,33401000,9,33410000,6,33400000,7,33411000,8,33399000,10,33412000,11,33398000,11,33413000,16,33397000,11,33414000,11,33396000,13,33415000,10,33395000,8,33416000,14
33409000,2,33410000,1,33408000,4,33411000,4,33407000,5,33412000,6,33406000,7,33413000,17,33405000,10,33414000,9,33404000,9,33415000,12,33403000,9,33416000,15,33402000,11,33417000,9,33401000,11,33418000,31,33400000,10,33419000,24
33405000,6,33407000,5,33404000,6,33408000,5,33403000,7,33409000,4,33402000,8,33410000,3,33401000,11,33411000,7,33400000,10,33412000,9,33399000,9,33413000,14,33398000,11,33414000,11,33397000,11,33415000,11,33396000,13,33416000,14
33402000,7,33405000,6,33401000,10,33406000,4,33400000,6,33407000,5,33399000,11,33408000,7,33398000,10,33409000,6,33397000,12,33410000,6,33396000,13,33411000,6,33395000,8,33412000,9,33394000,12,33413000,14,33393000,10,33414000,10
33403000,5,33405000,2,33402000,6,33406000,3,33401000,10,33407000,5,33400000,6,33408000,6,33399000,11,33409000,7,33398000,11,33410000,5,33397000,12,33411000,6,33396000,13,33412000,9,33395000,8,33413000,14,33394000,12,33414000,10
33405000,5,33408000,2,33404000,6,33409000,3,33403000,7,33410000,5,33402000,18,33411000,5,33401000,11,33412000,8,33400000,10,33413000,16,33399000,13,33414000,10,33398000,14,33415000,10,33397000,11,33416000,14,33396000,13,33417000,8
33404000,6,33406000,2,33403000,6,33407000,3,33402000,18,33408000,5,33401000,11,33409000,5,33400000,7,33410000,4,33399000,13,33411000,7,33398000,14,33412000,10,33397000,11,33413000,15,33396000,13,33414000,10,33395000,8,33415000,10
33401000,6,33403000,4,33400000,4,33404000,5,33399000,7,33405000,4,33398000,11,33406000,5,33397000,10,33407000,7,33396000,14,33408000,9,33395000,8,33409000,9,33394000,11,33410000,7,33393000,10,33411000,6,33392000,8,33412000,9
33398000,2,33400000,4,33397000,4,33401000,5,33396000,10,33402000,8,33395000,7,33403000,6,33394000,9,33404000,8,33393000,10,33405000,9,33392000,7,33406000,12,33391000,9,33407000,8,33390000,9,33408000,9,33389000,10,33409000,7
33399000,3,33401000,4,33398000,4,33402000,8,33397000,4,33403000,6,33396000,7,33404000,10,33395000,6,33405000,9,33394000,10,33406000,12,33393000,13,33407000,8,33392000,10,33408000,10,33391000,9,33409000,8,33390000,9,33410000,7
33398000,1,33400000,5,33397000,3,33401000,4,33396000,7,33402000,8,33395000,5,33403000,6,33394000,9,33404000,10,33393000,13,33405000,9,33392000,10,33406000,13,33391000,9,33407000,8,33390000,9,33408000,10,33389000,8,33409000,8
33399000,1,33401000,5,33398000,6,33402000,8,33397000,4,33403000,7,33396000,5,33404000,10,33395000,6,33405000,11,33394000,9,33406000,13,33393000,11,33407000,8,33392000,9,33408000,10,33391000,9,33409000,8,33390000,9,33410000,7
33398000,1,33399000,1,33397000,4,33400000,5,33396000,5,33401000,5,33395000,5,33402000,9,33394000,9,33403000,8,33393000,14,33404000,9,33392000,9,33405000,10,33391000,9,33406000,13,33390000,9,33407000,9,33389000,8,33408000,10
33395000,1,33396000,2,33394000,5,33397000,3,33393000,11,33398000,4,33392000,6,33399000,7,33391000,9,33400000,6,33390000,13,33401000,8,33389000,7,33402000,15,33388000,8,33403000,12,33387000,11,33404000,14,33386000,8,33405000,9
33396000,1,33398000,2,33395000,8,33399000,8,33394000,7,33400000,7,33393000,6,33401000,9,33392000,4,33402000,15,33391000,9,33403000,10,33390000,10,33404000,13,33389000,8,33405000,11,33388000,9,33406000,12,33387000,11,33407000,7
33400000,1,33401000,1,33399000,4,33402000,10,33398000,4,33403000,10,33397000,7,33404000,11,33396000,11,33405000,11,33395000,10,33406000,12,33394000,12,33407000,7,33393000,11,33408000,11,33392000,7,33409000,7,33391000,12,33410000,9
33397000,1,33398000,1,33396000,7,33399000,3,33395000,10,33400000,5,33394000,7,33401000,5,33393000,11,33402000,7,33392000,7,33403000,6,33391000,11,33404000,12,33390000,12,33405000,12,33389000,9,33406000,12,33388000,9,33407000,9
33398000,6,33400000,3,33397000,5,33401000,4,33396000,7,33402000,7,33395000,6,33403000,6,33394000,8,33404000,12,33393000,11,33405000,12,33392000,6,33406000,11,33391000,11,33407000,9,33390000,13,33408000,11,33389000,9,33409000,6
33396000,2,33397000,1,33395000,6,33398000,5,33394000,8,33399000,6,33393000,9,33400000,6,33392000,6,33401000,8,33391000,11,33402000,9,33390000,12,33403000,8,33389000,9,33404000,14,33388000,9,33405000,10,33387000,11,33406000,11
33397000,2,33399000,4,33396000,4,33400000,7,33395000,5,33401000,6,33394000,8,33402000,11,33393000,5,33403000,9,33392000,7,33404000,14,33391000,12,33405000,8,33390000,14,33406000,10,33389000,10,33407000,7,33388000,9,33408000,12
33401000,3,33402000,5,33400000,3,33403000,3,33399000,5,33404000,10,33398000,5,33405000,8,33397000,7,33406000,9,33396000,6,33407000,8,33395000,7,33408000,13,33394000,12,33409000,17,33393000,7,33410000,11,33392000,7,33411000,7
33401000,3,33403000,2,33400000,5,33404000,4,33399000,5,33405000,3,33398000,4,33406000,6,33397000,8,33407000,7,33396000,9,33408000,13,33395000,8,33409000,16,33394000,11,33410000,11,33393000,7,33411000,7,33392000,7,33412000,10
33395000,2,33396000,1,33394000,4,33397000,4,33393000,6,33398000,3,33392000,5,33399000,3,33391000,11,33400000,7,33390000,14,33401000,7,33389000,9,33402000,7,33388000,9,33403000,9,33387000,11,33404000,8,33386000,9,33405000,6
33398000,1,33399000,1,33397000,3,33400000,5,33396000,5,33401000,4,33395000,5,33402000,4,33394000,6,33403000,10,33393000,9,33404000,7,33392000,6,33405000,7,33391000,11,33406000,10,33390000,13,33407000,7,33389000,9,33408000,13
33393000,4,33395000,1,33392000,4,33396000,4,33391000,6,33397000,4,33390000,8,33398000,6,33389000,6,33399000,8,33388000,9,33400000,7,33387000,16,33401000,9,33386000,10,33402000,6,33385000,8,33403000,7,33384000,8,33404000,7
33391000,1,33392000,1,33390000,5,33393000,4,33389000,3,33394000,6,33388000,6,33395000,7,33387000,15,33396000,8,33386000,11,33397000,5,33385000,10,33398000,6,33384000,7,33399000,10,33383000,6,33400000,8,33382000,8,33401000,8
33391000,4,33394000,4,33390000,4,33395000,7,33389000,2,33396000,6,33388000,7,33397000,5,33387000,16,33398000,6,33386000,13,33399000,10,33385000,11,33400000,6,33384000,7,33401000,7,33383000,6,33402000,6,33382000,8,33403000,6
33397000,1,33398000,1,33396000,3,33399000,3,33395000,4,33400000,3,33394000,4,33401000,7,33393000,5,33402000,6,33392000,5,33403000,7,33391000,8,33404000,6,33390000,7,33405000,5,33389000,8,33406000,11,33388000,11,33407000,7
33393000,1,33394000,1,33392000,3,33395000,3,33391000,4,33396000,5,33390000,4,33397000,5,33389000,6,33398000,5,33388000,12,33399000,4,33387000,14,33400000,5,33386000,12,33401000,7,33385000,10,33402000,6,33384000,8,33403000,6
33393000,3,33396000,4,33392000,4,33397000,5,33391000,6,33398000,5,33390000,3,33399000,7,33389000,5,33400000,6,33388000,11,33401000,7,33387000,14,33402000,6,33386000,12,33403000,6,33385000,10,33404000,7,33384000,8,33405000,5
33394000,2,33396000,2,33393000,6,33397000,5,33392000,4,33398000,4,33391000,6,33399000,7,33390000,3,33400000,6,33389000,5,33401000,7,33388000,11,33402000,6,33387000,14,33403000,6,33386000,12,33404000,6,33385000,10,33405000,7
33395000,2,33397000,1,33394000,4,33398000,4,33393000,6,33399000,3,33392000,4,33400000,6,33391000,3,33401000,7,33390000,6,33402000,7,33389000,6,33403000,6,33388000,13,33404000,7,33387000,13,33405000,8,33386000,12,33406000,12
33400000,1,33401000,2,33399000,2,33402000,3,33398000,4,33403000,4,33397000,3,33404000,7,33396000,4,33405000,9,33395000,5,33406000,10,33394000,7,33407000,8,33393000,6,33408000,13,33392000,6,33409000,19,33391000,6,33410000,15
33401000,2,33403000,2,33400000,3,33404000,3,33399000,4,33405000,6,33398000,4,33406000,9,33397000,3,33407000,8,33396000,5,33408000,13,33395000,8,33409000,19,33394000,9,33410000,15,33393000,6,33411000,7,33392000,6,33412000,10
33405000,1,33406000,3,33404000,3,33407000,6,33403000,4,33408000,9,33402000,6,33409000,18,33401000,5,33410000,13,33400000,3,33411000,8,33399000,6,33412000,10,33398000,6,33413000,11,33397000,7,33414000,12,33396000,6,33415000,11
33408000,1,33409000,13,33407000,3,33410000,11,33406000,3,33411000,10,33405000,4,33412000,10,33404000,5,33413000,11,33403000,4,33414000,11,33402000,6,33415000,11,33401000,9,33416000,14,33400000,7,33417000,9,33399000,7,33418000,28
33404000,1,33406000,2,33403000,4,33407000,3,33402000,3,33408000,7,33401000,6,33409000,6,33400000,4,33410000,11,33399000,8,33411000,8,33398000,5,33412000,11,33397000,8,33413000,12,33396000,8,33414000,11,33395000,10,33415000,12
33399000,3,33402000,4,33398000,4,33403000,3,33397000,3,33404000,4,33396000,6,33405000,3,33395000,7,33406000,5,33394000,10,33407000,7,33393000,8,33408000,8,33392000,10,33409000,10,33391000,7,33410000,12,33390000,10,33411000,7
33405000,1,33406000,1,33404000,3,33407000,3,33403000,5,33408000,3,33402000,4,33409000,11,33401000,6,33410000,10,33400000,4,33411000,8,33399000,6,33412000,11,33398000,6,33413000,11,33397000,6,33414000,11,33396000,7,33415000,12
33402000,1,33404000,3,33401000,5,33405000,4,33400000,4,33406000,4,33399000,4,33407000,3,33398000,6,33408000,4,33397000,5,33409000,11,33396000,7,33410000,10,33395000,9,33411000,8,33394000,9,33412000,11,33393000,8,33413000,11
33403000,3,33405000,1,33402000,4,33406000,3,33401000,6,33407000,3,33400000,3,33408000,6,33399000,5,33409000,11,33398000,6,33410000,12,33397000,6,33411000,7,33396000,7,33412000,11,33395000,8,33413000,11,33394000,9,33414000,11
33405000,1,33407000,3,33404000,3,33408000,4,33403000,2,33409000,9,33402000,3,33410000,9,33401000,6,33411000,8,33400000,3,33412000,11,33399000,6,33413000,11,33398000,6,33414000,11,33397000,6,33415000,11,33396000,7,33416000,14
33405000,1,33407000,6,33404000,3,33408000,4,33403000,2,33409000,6,33402000,4,33410000,7,33401000,9,33411000,9,33400000,6,33412000,9,33399000,7,33413000,11,33398000,6,33414000,11,33397000,6,33415000,11,33396000,7,33416000,14
33406000,1,33408000,4,33405000,4,33409000,4,33404000,3,33410000,7,33403000,3,33411000,9,33402000,4,33412000,9,33401000,8,33413000,11,33400000,5,33414000,11,33399000,7,33415000,11,33398000,6,33416000,14,33397000,6,33417000,10
33411000,1,33412000,2,33410000,4,33413000,9,33409000,5,33414000,7,33408000,8,33415000,10,33407000,5,33416000,12,33406000,5,33417000,10,33405000,7,33418000,28,33404000,9,33419000,24,33403000,7,33420000,33,33402000,7,33421000,26
33413000,2,33415000,3,33412000,5,33416000,6,33411000,6,33417000,7,33410000,8,33418000,11,33409000,8,33419000,27,33408000,10,33420000,33,33407000,9,33421000,26,33406000,10,33422000,32,33405000,9,33423000,22,33404000,9,33424000,29
33412000,1,33413000,1,33411000,3,33414000,3,33410000,6,33415000,4,33409000,8,33416000,8,33408000,9,33417000,9,33407000,10,33418000,10,33406000,10,33419000,13,33405000,9,33420000,16,33404000,10,33421000,27,33403000,9,33422000,32
33409000,1,33411000,1,33408000,5,33412000,5,33407000,4,33413000,6,33406000,3,33414000,7,33405000,7,33415000,7,33404000,7,33416000,13,33403000,12,33417000,11,33402000,10,33418000,12,33401000,8,33419000,11,33400000,8,33420000,15
33409000,1,33411000,1,33408000,5,33412000,5,33407000,4,33413000,6,33406000,3,33414000,7,33405000,7,33415000,7,33404000,7,33416000,13,33403000,12,33417000,11,33402000,10,33418000,12,33401000,8,33419000,11,33400000,8,33420000,15
33407000,1,33409000,3,33406000,3,33410000,7,33405000,4,33411000,6,33404000,4,33412000,5,33403000,7,33413000,10,33402000,9,33414000,8,33401000,9,33415000,7,33400000,11,33416000,11,33399000,8,33417000,10,33398000,7,33418000,12
33413000,1,33414000,1,33412000,4,33415000,2,33411000,3,33416000,10,33410000,4,33417000,9,33409000,6,33418000,12,33408000,9,33419000,12,33407000,5,33420000,17,33406000,9,33421000,26,33405000,8,33422000,32,33404000,8,33423000,22
33415000,2,33417000,5,33414000,3,33418000,7,33413000,6,33419000,9,33412000,5,33420000,16,33411000,6,33421000,27,33410000,5,33422000,38,33409000,9,33423000,22,33408000,12,33424000,29,33407000,7,33425000,30,33406000,8,33426000,31
33417000,2,33419000,1,33416000,6,33420000,11,33415000,6,33421000,24,33414000,4,33422000,36,33413000,7,33423000,21,33412000,5,33424000,30,33411000,9,33425000,30,33410000,10,33426000,28,33409000,10,33427000,33,33408000,11,33428000,28
33416000,1,33418000,4,33415000,3,33419000,6,33414000,3,33420000,10,33413000,7,33421000,23,33412000,5,33422000,37,33411000,9,33423000,21,33410000,10,33424000,28,33409000,10,33425000,31,33408000,11,33426000,28,33407000,7,33427000,33
33413000,3,33415000,3,33412000,3,33416000,3,33411000,5,33417000,6,33410000,5,33418000,4,33409000,7,33419000,7,33408000,11,33420000,10,33407000,5,33421000,25,33406000,8,33422000,39,33405000,9,33423000,22,33404000,10,33424000,28
33413000,2,33416000,3,33412000,4,33417000,8,33411000,6,33418000,4,33410000,4,33419000,7,33409000,6,33420000,11,33408000,8,33421000,24,33407000,5,33422000,38,33406000,8,33423000,21,33405000,9,33424000,28,33404000,10,33425000,30
33411000,1,33412000,1,33410000,3,33413000,3,33409000,4,33414000,4,33408000,6,33415000,5,33407000,4,33416000,6,33406000,6,33417000,10,33405000,12,33418000,9,33404000,10,33419000,9,33403000,10,33420000,12,33402000,12,33421000,9
33415000,1,33416000,2,33413000,3,33417000,6,33412000,4,33418000,6,33411000,4,33419000,9,33410000,4,33420000,11,33409000,7,33421000,10,33408000,11,33422000,18,33407000,7,33423000,21,33406000,8,33424000,28,33405000,10,33425000,33
33411000,1,33412000,1,33410000,3,33413000,3,33409000,4,33414000,5,33408000,7,33415000,3,33407000,6,33416000,4,33406000,7,33417000,10,33405000,10,33418000,10,33404000,10,33419000,9,33403000,10,33420000,12,33402000,12,33421000,9
33408000,1,33409000,1,33407000,3,33410000,2,33406000,3,33411000,5,33405000,8,33412000,5,33404000,8,33413000,5,33403000,8,33414000,8,33402000,13,33415000,6,33401000,9,33416000,10,33400000,11,33417000,11,33399000,9,33418000,8
33411000,2,33412000,1,33410000,3,33413000,4,33409000,4,33414000,4,33408000,6,33415000,4,33407000,6,33416000,8,33406000,6,33417000,11,33405000,11,33418000,8,33404000,11,33419000,8,33403000,10,33420000,12,33402000,11,33421000,9
33418000,1,33419000,1,33417000,3,33420000,9,33416000,3,33421000,24,33415000,3,33422000,32,33414000,5,33423000,21,33413000,5,33424000,30,33412000,6,33425000,29,33411000,8,33426000,31,33410000,9,33427000,33,33409000,7,33428000,28
33421000,3,33422000,26,33420000,9,33423000,18,33419000,7,33424000,24,33418000,6,33425000,26,33417000,7,33426000,28,33416000,5,33427000,34,33415000,5,33428000,28,33414000,9,33429000,23,33413000,6,33430000,45,33412000,8,33431000,23
33423000,5,33425000,6,33422000,5,33426000,6,33421000,6,33427000,31,33420000,7,33428000,25,33419000,6,33429000,23,33418000,9,33430000,47,33417000,8,33431000,23,33416000,11,33432000,25,33415000,10,33433000,22,33414000,8,33434000,35
33419000,3,33421000,1,33418000,7,33422000,4,33417000,6,33423000,5,33416000,7,33424000,6,33415000,9,33425000,7,33414000,8,33426000,9,33413000,6,33427000,17,33412000,9,33428000,30,33411000,7,33429000,23,33410000,9,33430000,45
33419000,4,33421000,1,33418000,7,33422000,4,33417000,6,33423000,5,33416000,6,33424000,7,33415000,9,33425000,7,33414000,8,33426000,10,33413000,6,33427000,17,33412000,9,33428000,30,33411000,7,33429000,23,33410000,9,33430000,45
33419000,1,33420000,2,33418000,7,33421000,2,33417000,6,33422000,4,33416000,7,33423000,5,33415000,9,33424000,8,33414000,9,33425000,8,33413000,6,33426000,10,33412000,9,33427000,17,33411000,7,33428000,29,33410000,9,33429000,23
33416000,2,33418000,2,33415000,6,33419000,4,33414000,7,33420000,5,33413000,9,33421000,4,33412000,9,33422000,6,33411000,8,33423000,9,33410000,9,33424000,15,33409000,7,33425000,16,33408000,11,33426000,11,33407000,11,33427000,15
33417000,3,33419000,1,33416000,5,33420000,5,33415000,5,33421000,4,33414000,8,33422000,6,33413000,8,33423000,10,33412000,9,33424000,15,33411000,7,33425000,16,33410000,10,33426000,10,33409000,7,33427000,15,33408000,11,33428000,11
33410000,4,33411000,1,33409000,8,33412000,1,33408000,10,33413000,4,33407000,8,33414000,6,33406000,10,33415000,5,33405000,23,33416000,5,33404000,19,33417000,7,33403000,12,33418000,7,33402000,11,33419000,11,33401000,15,33420000,9
33411000,1,33413000,2,33410000,6,33414000,5,33409000,7,33415000,4,33408000,8,33416000,3,33407000,9,33417000,7,33406000,21,33418000,6,33405000,25,33419000,12,33404000,19,33420000,9,33403000,12,33421000,6,33402000,11,33422000,10
33411000,1,33413000,2,33410000,4,33414000,4,33409000,7,33415000,4,33408000,9,33416000,5,33407000,18,33417000,8,33406000,22,33418000,5,33405000,25,33419000,11,33404000,19,33420000,11,33403000,22,33421000,9,33402000,23,33422000,11
33407000,1,33408000,3,33406000,1,33409000,3,33405000,8,33410000,5,33404000,6,33411000,4,33403000,10,33412000,3,33402000,13,33413000,6,33401000,11,33414000,9,33400000,13,33415000,8,33399000,7,33416000,8,33398000,7,33417000,6
33408000,3,33410000,1,33407000,7,33411000,4,33406000,5,33412000,4,33405000,9,33413000,6,33404000,8,33414000,9,33403000,12,33415000,8,33402000,13,33416000,8,33401000,12,33417000,6,33400000,13,33418000,8,33399000,7,33419000,10
33407000,1,33408000,1,33406000,2,33409000,4,33405000,7,33410000,5,33404000,6,33411000,6,33403000,11,33412000,5,33402000,13,33413000,6,33401000,11,33414000,8,33400000,13,33415000,8,33399000,7,33416000,8,33398000,7,33417000,6
33405000,1,33406000,1,33404000,4,33407000,3,33403000,10,33408000,4,33402000,10,33409000,4,33401000,10,33410000,6,33400000,13,33411000,6,33399000,7,33412000,6,33398000,7,33413000,5,33397000,6,33414000,10,33396000,10,33415000,8
33405000,3,33407000,2,33404000,6,33408000,4,33403000,8,33409000,5,33402000,8,33410000,6,33401000,12,33411000,8,33400000,12,33412000,9,33399000,8,33413000,6,33398000,7,33414000,9,33397000,6,33415000,7,33396000,10,33416000,6
33410000,2,33413000,3,33409000,5,33414000,5,33408000,8,33415000,5,33407000,5,33416000,6,33406000,5,33417000,9,33405000,8,33418000,9,33404000,10,33419000,12,33403000,10,33420000,11,33402000,13,33421000,8,33401000,11,33422000,12
33411000,3,33413000,2,33410000,5,33414000,4,33409000,9,33415000,5,33408000,6,33416000,5,33407000,6,33417000,8,33406000,6,33418000,11,33405000,9,33419000,10,33404000,10,33420000,11,33403000,10,33421000,9,33402000,11,33422000,12
33410000,3,33412000,5,33409000,5,33413000,6,33408000,4,33414000,5,33407000,5,33415000,4,33406000,5,33416000,7,33405000,11,33417000,12,33404000,9,33418000,11,33403000,10,33419000,9,33402000,10,33420000,11,33401000,10,33421000,7
33407000,3,33409000,3,33406000,2,33410000,2,33405000,5,33411000,4,33404000,5,33412000,4,33403000,11,33413000,6,33402000,11,33414000,8,33401000,11,33415000,6,33400000,22,33416000,8,33399000,18,33417000,10,33398000,16,33418000,8
33405000,2,33407000,1,33404000,4,33408000,4,33403000,6,33409000,5,33402000,9,33410000,4,33401000,15,33411000,6,33400000,23,33412000,6,33399000,18,33413000,6,33398000,16,33414000,11,33397000,16,33415000,6,33396000,18,33416000,7
33401000,9,33403000,3,33400000,8,33404000,5,33399000,16,33405000,5,33398000,18,33406000,4,33397000,18,33407000,8,33396000,19,33408000,9,33395000,19,33409000,10,33394000,22,33410000,8,33393000,17,33411000,8,33392000,20,33412000,9
33404000,1,33406000,3,33403000,4,33407000,6,33402000,3,33408000,11,33401000,6,33409000,9,33400000,5,33410000,28,33399000,6,33411000,6,33398000,13,33412000,7,33397000,8,33413000,6,33396000,21,33414000,9,33395000,22,33415000,6
33401000,3,33403000,5,33400000,4,33404000,5,33399000,4,33405000,4,33398000,12,33406000,4,33397000,7,33407000,9,33396000,21,33408000,9,33395000,21,33409000,9,33394000,18,33410000,27,33393000,17,33411000,8,33392000,19,33412000,7
33399000,1,33400000,1,33398000,8,33401000,4,33397000,15,33402000,4,33396000,20,33403000,3,33395000,32,33404000,6,33394000,20,33405000,28,33393000,18,33406000,9,33392000,19,33407000,8,33391000,15,33408000,10,33390000,23,33409000,12
33401000,1,33403000,2,33400000,4,33404000,4,33399000,6,33405000,27,33398000,8,33406000,7,33397000,7,33407000,7,33396000,9,33408000,11,33395000,32,33409000,11,33394000,20,33410000,26,33393000,20,33411000,5,33392000,21,33412000,8
33401000,3,33403000,1,33400000,3,33404000,3,33399000,3,33405000,25,33398000,8,33406000,7,33397000,7,33407000,8,33396000,21,33408000,9,33395000,33,33409000,11,33394000,21,33410000,27,33393000,19,33411000,5,33392000,21,33412000,8
33399000,4,33401000,1,33398000,5,33402000,1,33397000,5,33403000,5,33396000,19,33404000,4,33395000,31,33405000,26,33394000,21,33406000,9,33393000,19,33407000,10,33392000,21,33408000,11,33391000,15,33409000,11,33390000,25,33410000,27
33400000,4,33402000,2,33399000,4,33403000,3,33398000,7,33404000,3,33397000,6,33405000,25,33396000,19,33406000,9,33395000,21,33407000,10,33394000,21,33408000,11,33393000,39,33409000,11,33392000,21,33410000,27,33391000,15,33411000,5
33399000,1,33400000,1,33398000,3,33401000,5,33397000,5,33402000,4,33396000,19,33403000,6,33395000,21,33404000,5,33394000,21,33405000,26,33393000,40,33406000,29,33392000,21,33407000,9,33391000,15,33408000,11,33390000,25,33409000,11
33396000,3,33398000,7,33395000,19,33399000,5,33394000,18,33400000,4,33393000,19,33401000,6,33392000,20,33402000,5,33391000,17,33403000,7,33390000,25,33404000,8,33389000,17,33405000,28,33388000,22,33406000,31,33387000,22,33407000,9
33393000,11,33394000,2,33392000,17,33395000,4,33391000,19,33396000,4,33390000,26,33397000,3,33389000,18,33398000,7,33388000,21,33399000,7,33387000,22,33400000,7,33386000,21,33401000,10,33385000,20,33402000,9,33384000,20,33403000,6
33390000,18,33392000,2,33389000,15,33393000,5,33388000,19,33394000,5,33387000,22,33395000,5,33386000,20,33396000,7,33385000,21,33397000,8,33384000,20,33398000,9,33383000,18,33399000,10,33382000,18,33400000,9,33381000,18,33401000,9
33393000,2,33394000,2,33392000,2,33395000,6,33391000,5,33396000,7,33390000,3,33397000,6,33389000,3,33398000,7,33388000,7,33399000,9,33387000,10,33400000,8,33386000,21,33401000,8,33385000,11,33402000,8,33384000,23,33403000,7
33393000,4,33396000,5,33392000,3,33397000,7,33391000,5,33398000,5,33390000,5,33399000,9,33389000,5,33400000,7,33388000,10,33401000,8,33387000,11,33402000,8,33386000,22,33403000,7,33385000,11,33404000,7,33384000,22,33405000,27
33393000,2,33395000,3,33392000,3,33396000,4,33391000,5,33397000,5,33390000,5,33398000,5,33389000,5,33399000,9,33388000,11,33400000,9,33387000,11,33401000,7,33386000,12,33402000,8,33385000,10,33403000,7,33384000,10,33404000,7
33394000,4,33396000,1,33393000,5,33397000,3,33392000,4,33398000,5,33391000,7,33399000,8,33390000,5,33400000,7,33389000,7,33401000,7,33388000,11,33402000,8,33387000,11,33403000,7,33386000,11,33404000,7,33385000,10,33405000,27
33398000,3,33401000,3,33397000,5,33402000,5,33396000,6,33403000,16,33395000,7,33404000,17,33394000,6,33405000,39,33393000,7,33406000,41,33392000,9,33407000,16,33391000,10,33408000,20,33390000,8,33409000,18,33389000,7,33410000,29
33398000,3,33401000,2,33397000,5,33402000,5,33396000,6,33403000,16,33395000,7,33404000,15,33394000,7,33405000,39,33393000,7,33406000,42,33392000,9,33407000,17,33391000,9,33408000,20,33390000,8,33409000,18,33389000,7,33410000,29
33398000,3,33401000,5,33397000,5,33402000,5,33396000,6,33403000,16,33395000,7,33404000,15,33394000,7,33405000,39,33393000,7,33406000,42,33392000,9,33407000,17,33391000,9,33408000,20,33390000,8,33409000,18,33389000,7,33410000,29
33398000,3,33401000,3,33397000,5,33402000,5,33396000,6,33403000,16,33395000,6,33404000,15,33394000,7,33405000,39,33393000,7,33406000,42,33392000,8,33407000,17,33391000,9,33408000,20,33390000,8,33409000,18,33389000,7,33410000,29
33398000,1,33399000,1,33397000,1,33400000,2,33396000,6,33401000,5,33395000,7,33402000,16,33394000,8,33403000,16,33393000,7,33404000,17,33392000,9,33405000,39,33391000,10,33406000,42,33390000,13,33407000,17,33389000,7,33408000,21
33401000,3,33404000,13,33400000,5,33405000,36,33399000,5,33406000,39,33398000,5,33407000,15,33397000,7,33408000,20,33396000,7,33409000,18,33395000,8,33410000,37,33394000,10,33411000,14,33393000,6,33412000,17,33392000,7,33413000,15
33402000,5,33404000,2,33401000,4,33405000,3,33400000,5,33406000,27,33399000,5,33407000,12,33398000,7,33408000,16,33397000,7,33409000,18,33396000,7,33410000,38,33395000,6,33411000,15,33394000,8,33412000,17,33393000,7,33413000,15
33398000,3,33400000,1,33397000,5,33401000,4,33396000,6,33402000,4,33395000,6,33403000,7,33394000,8,33404000,8,33393000,8,33405000,5,33392000,7,33406000,31,33391000,7,33407000,14,33390000,14,33408000,19,33389000,8,33409000,15
33395000,2,33397000,3,33394000,5,33398000,4,33393000,8,33399000,4,33392000,6,33400000,4,33391000,9,33401000,6,33390000,12,33402000,5,33389000,6,33403000,7,33388000,8,33404000,9,33387000,9,33405000,4,33386000,10,33406000,31
33392000,6,33395000,3,33391000,7,33396000,3,33390000,11,33397000,3,33389000,7,33398000,4,33388000,8,33399000,6,33387000,9,33400000,5,33386000,10,33401000,6,33385000,9,33402000,7,33384000,10,33403000,7,33383000,17,33404000,8
33396000,1,33398000,4,33395000,4,33399000,4,33394000,4,33400000,4,33393000,7,33401000,6,33392000,5,33402000,7,33391000,8,33403000,8,33390000,17,33404000,10,33389000,8,33405000,6,33388000,10,33406000,18,33387000,9,33407000,13
33392000,4,33394000,1,33391000,6,33395000,3,33390000,15,33396000,3,33389000,8,33397000,5,33388000,11,33398000,5,33387000,9,33399000,7,33386000,9,33400000,6,33385000,9,33401000,6,33384000,9,33402000,9,33383000,17,33403000,7
33391000,2,33392000,1,33390000,10,33393000,3,33389000,6,33394000,4,33388000,9,33395000,4,33387000,10,33396000,5,33386000,9,33397000,8,33385000,9,33398000,10,33384000,9,33399000,11,33383000,16,33400000,8,33382000,8,33401000,7
33388000,3,33390000,3,33387000,6,33391000,4,33386000,6,33392000,8,33385000,9,33393000,6,33384000,9,33394000,8,33383000,19,33395000,9,33382000,8,33396000,10,33381000,6,33397000,11,33380000,15,33398000,10,33379000,9,33399000,10
33386000,1,33388000,4,33385000,8,33389000,4,33384000,7,33390000,5,33383000,18,33391000,5,33382000,8,33392000,9,33381000,8,33393000,8,33380000,15,33394000,11,33379000,10,33395000,11,33378000,10,33396000,10,33377000,11,33397000,9
33382000,2,33383000,1,33381000,5,33384000,3,33380000,12,33385000,5,33379000,8,33386000,4,33378000,9,33387000,6,33377000,10,33388000,6,33376000,6,33389000,7,33375000,6,33390000,8,33374000,8,33391000,9,33373000,6,33392000,11
33384000,1,33385000,2,33383000,2,33386000,6,33382000,5,33387000,4,33381000,4,33388000,6,33380000,10,33389000,7,33379000,10,33390000,9,33378000,10,33391000,8,33377000,9,33392000,9,33376000,6,33393000,9,33375000,6,33394000,10
33388000,3,33390000,1,33387000,4,33391000,6,33386000,5,33392000,8,33385000,16,33393000,7,33384000,6,33394000,10,33383000,5,33395000,8,33382000,10,33396000,10,33381000,8,33397000,8,33380000,13,33398000,11,33379000,11,33399000,10
33388000,5,33391000,3,33387000,4,33392000,6,33386000,8,33393000,7,33385000,22,33394000,6,33384000,9,33395000,6,33383000,8,33396000,9,33382000,8,33397000,10,33381000,7,33398000,11,33380000,13,33399000,10,33379000,10,33400000,7
33393000,2,33395000,5,33392000,3,33396000,6,33391000,4,33397000,9,33390000,4,33398000,9,33389000,7,33399000,11,33388000,7,33400000,9,33387000,7,33401000,6,33386000,10,33402000,7,33385000,20,33403000,14,33384000,9,33404000,8
33396000,1,33397000,3,33395000,4,33398000,4,33394000,4,33399000,9,33393000,5,33400000,9,33392000,4,33401000,8,33391000,7,33402000,9,33390000,7,33403000,13,33389000,11,33404000,8,33388000,10,33405000,6,33387000,8,33406000,20
33393000,3,33396000,3,33392000,3,33397000,6,33391000,4,33398000,5,33390000,6,33399000,5,33389000,10,33400000,10,33388000,10,33401000,10,33387000,10,33402000,10,33386000,13,33403000,15,33385000,21,33404000,8,33384000,10,33405000,6
33396000,2,33398000,1,33395000,5,33399000,5,33394000,8,33400000,8,33393000,6,33401000,7,33392000,6,33402000,8,33391000,6,33403000,16,33390000,11,33404000,8,33389000,11,33405000,6,33388000,10,33406000,19,33387000,10,33407000,4
33400000,2,33402000,1,33399000,4,33403000,13,33398000,4,33404000,6,33397000,6,33405000,6,33396000,9,33406000,22,33395000,10,33407000,5,33394000,10,33408000,9,33393000,9,33409000,6,33392000,11,33410000,31,33391000,6,33411000,5
33405000,1,33406000,14,33404000,4,33407000,4,33403000,3,33408000,9,33402000,3,33409000,7,33401000,18,33410000,33,33400000,9,33411000,6,33399000,8,33412000,6,33398000,10,33413000,8,33397000,10,33414000,8,33396000,10,33415000,7
33407000,1,33408000,1,33406000,1,33409000,6,33405000,7,33410000,31,33404000,6,33411000,6,33403000,6,33412000,9,33402000,6,33413000,10,33401000,19,33414000,8,33400000,12,33415000,6,33399000,10,33416000,9,33398000,8,33417000,6
33413000,1,33414000,1,33412000,5,33415000,3,33411000,6,33416000,8,33410000,4,33417000,7,33409000,12,33418000,8,33408000,7,33419000,12,33407000,11,33420000,15,33406000,11,33421000,6,33405000,10,33422000,6,33404000,10,33423000,6
33410000,1,33412000,2,33409000,6,33413000,6,33408000,7,33414000,8,33407000,10,33415000,6,33406000,6,33416000,9,33405000,9,33417000,9,33404000,11,33418000,10,33403000,8,33419000,13,33402000,9,33420000,15,33401000,19,33421000,8
33407000,4,33408000,1,33406000,4,33409000,5,33405000,8,33410000,7,33404000,6,33411000,7,33403000,7,33412000,6,33402000,9,33413000,7,33401000,19,33414000,14,33400000,11,33415000,7,33399000,10,33416000,12,33398000,10,33417000,9
33408000,4,33410000,2,33407000,5,33411000,6,33406000,6,33412000,7,33405000,7,33413000,9,33404000,7,33414000,15,33403000,10,33415000,10,33402000,10,33416000,13,33401000,21,33417000,11,33400000,11,33418000,17,33399000,10,33419000,33
33410000,7,33413000,3,33409000,9,33414000,11,33408000,7,33415000,8,33407000,7,33416000,11,33406000,17,33417000,20,33405000,8,33418000,20,33404000,11,33419000,33,33403000,11,33420000,24,33402000,9,33421000,8,33401000,19,33422000,7
33411000,1,33413000,4,33410000,3,33414000,5,33409000,9,33415000,6,33408000,7,33416000,6,33407000,8,33417000,8,33406000,20,33418000,11,33405000,11,33419000,33,33404000,10,33420000,28,33403000,9,33421000,16,33402000,10,33422000,17
33406000,10,33407000,2,33405000,4,33408000,6,33404000,6,33409000,6,33403000,7,33410000,5,33402000,8,33411000,7,33401000,19,33412000,6,33400000,12,33413000,11,33399000,10,33414000,13,33398000,13,33415000,8,33397000,12,33416000,11
33402000,4,33404000,1,33401000,18,33405000,5,33400000,9,33406000,4,33399000,9,33407000,4,33398000,12,33408000,8,33397000,10,33409000,8,33396000,11,33410000,10,33395000,10,33411000,8,33394000,9,33412000,9,33393000,9,33413000,11
33398000,1,33399000,2,33397000,1,33400000,5,33396000,10,33401000,8,33395000,8,33402000,7,33394000,8,33403000,9,33393000,10,33404000,9,33392000,8,33405000,13,33391000,6,33406000,13,33390000,10,33407000,10,33389000,8,33408000,13
33399000,2,33401000,1,33398000,5,33402000,6,33397000,5,33403000,8,33396000,5,33404000,8,33395000,7,33405000,13,33394000,7,33406000,12,33393000,11,33407000,10,33392000,9,33408000,14,33391000,7,33409000,10,33390000,10,33410000,10
33403000,1,33405000,4,33402000,4,33406000,10,33401000,8,33407000,6,33400000,5,33408000,11,33399000,5,33409000,10,33398000,5,33410000,11,33397000,10,33411000,7,33396000,8,33412000,9,33395000,10,33413000,13,33394000,10,33414000,14
33404000,6,33407000,2,33403000,8,33408000,10,33402000,4,33409000,10,33401000,8,33410000,11,33400000,6,33411000,7,33399000,5,33412000,9,33398000,7,33413000,13,33397000,10,33414000,14,33396000,8,33415000,8,33395000,9,33416000,14
33410000,2,33411000,2,33409000,3,33412000,3,33408000,6,33413000,10,33407000,5,33414000,9,33406000,8,33415000,8,33405000,11,33416000,13,33404000,16,33417000,8,33403000,11,33418000,8,33402000,9,33419000,32,33401000,9,33420000,28
33410000,1,33412000,3,33409000,4,33413000,6,33408000,5,33414000,7,33407000,6,33415000,6,33406000,9,33416000,12,33405000,11,33417000,10,33404000,17,33418000,9,33403000,11,33419000,32,33402000,8,33420000,28,33401000,9,33421000,18
33404000,5,33405000,2,33403000,2,33406000,6,33402000,5,33407000,3,33401000,10,33408000,5,33400000,8,33409000,7,33399000,10,33410000,8,33398000,8,33411000,11,33397000,8,33412000,12,33396000,9,33413000,9,33395000,9,33414000,11
33401000,1,33402000,1,33400000,1,33403000,5,33399000,7,33404000,4,33398000,7,33405000,4,33397000,7,33406000,10,33396000,11,33407000,6,33395000,9,33408000,11,33394000,10,33409000,9,33393000,9,33410000,11,33392000,11,33411000,10
33395000,2,33397000,4,33394000,4,33398000,4,33393000,7,33399000,5,33392000,9,33400000,6,33391000,4,33401000,9,33390000,14,33402000,8,33389000,8,33403000,8,33388000,7,33404000,10,33387000,5,33405000,7,33386000,19,33406000,13
33395000,3,33397000,3,33394000,5,33398000,5,33393000,7,33399000,7,33392000,10,33400000,11,33391000,4,33401000,14,33390000,12,33402000,10,33389000,5,33403000,7,33388000,8,33404000,7,33387000,6,33405000,8,33386000,19,33406000,12
33399000,3,33401000,4,33398000,4,33402000,6,33397000,6,33403000,7,33396000,7,33404000,9,33395000,9,33405000,11,33394000,8,33406000,12,33393000,10,33407000,6,33392000,14,33408000,11,33391000,7,33409000,7,33390000,12,33410000,11
33403000,1,33404000,1,33402000,5,33405000,3,33401000,7,33406000,9,33400000,8,33407000,7,33399000,8,33408000,10,33398000,8,33409000,11,33397000,10,33410000,8,33396000,11,33411000,13,33395000,11,33412000,10,33394000,11,33413000,6
33406000,2,33408000,2,33405000,4,33409000,8,33404000,5,33410000,7,33403000,7,33411000,14,33402000,10,33412000,11,33401000,8,33413000,10,33400000,15,33414000,12,33399000,10,33415000,8,33398000,8,33416000,12,33397000,7,33417000,17
33405000,3,33407000,1,33404000,5,33408000,5,33403000,8,33409000,6,33402000,8,33410000,7,33401000,11,33411000,8,33400000,16,33412000,9,33399000,10,33413000,11,33398000,8,33414000,13,33397000,7,33415000,10,33396000,14,33416000,12
33402000,2,33404000,3,33401000,4,33405000,4,33400000,10,33406000,4,33399000,9,33407000,9,33398000,7,33408000,10,33397000,9,33409000,11,33396000,14,33410000,12,33395000,10,33411000,10,33394000,13,33412000,12,33393000,10,33413000,10
33401000,3,33403000,1,33400000,6,33404000,4,33399000,7,33405000,5,33398000,7,33406000,7,33397000,9,33407000,8,33396000,16,33408000,9,33395000,10,33409000,11,33394000,13,33410000,12,33393000,10,33411000,9,33392000,14,33412000,12
33401000,3,33403000,1,33400000,6,33404000,4,33399000,7,33405000,5,33398000,7,33406000,7,33397000,9,33407000,8,33396000,16,33408000,9,33395000,10,33409000,11,33394000,13,33410000,12,33393000,10,33411000,9,33392000,14,33412000,12
33410000,2,33411000,5,33408000,7,33412000,7,33407000,7,33413000,10,33406000,3,33414000,11,33405000,2,33415000,11,33404000,8,33416000,12,33403000,6,33417000,7,33402000,10,33418000,18,33401000,11,33419000,38,33400000,13,33420000,27
33408000,1,33410000,3,33407000,5,33411000,4,33406000,7,33412000,4,33405000,6,33413000,5,33404000,9,33414000,9,33403000,12,33415000,11,33402000,11,33416000,12,33401000,11,33417000,8,33400000,13,33418000,18,33399000,10,33419000,37
33411000,1,33412000,3,33410000,1,33413000,4,33409000,3,33414000,7,33408000,4,33415000,10,33407000,6,33416000,11,33406000,4,33417000,7,33405000,8,33418000,8,33404000,11,33419000,27,33403000,11,33420000,27,33402000,13,33421000,18
33412000,3,33414000,1,33411000,5,33415000,5,33410000,7,33416000,6,33409000,4,33417000,6,33408000,7,33418000,7,33407000,10,33419000,30,33406000,9,33420000,18,33405000,10,33421000,18,33404000,9,33422000,22,33403000,10,33423000,17
33414000,3,33416000,4,33413000,3,33417000,5,33412000,5,33418000,5,33411000,7,33419000,22,33410000,9,33420000,17,33409000,5,33421000,19,33408000,11,33422000,27,33407000,9,33423000,17,33406000,8,33424000,20,33405000,10,33425000,18
33414000,2,33416000,1,33413000,4,33417000,8,33412000,4,33418000,10,33411000,8,33419000,12,33410000,9,33420000,18,33409000,6,33421000,8,33408000,10,33422000,9,33407000,8,33423000,19,33406000,8,33424000,25,33405000,10,33425000,17
33414000,4,33417000,8,33413000,5,33418000,10,33412000,4,33419000,11,33411000,7,33420000,18,33410000,9,33421000,8,33409000,8,33422000,9,33408000,10,33423000,19,33407000,8,33424000,25,33406000,8,33425000,17,33405000,10,33426000,21
33413000,1,33415000,4,33412000,6,33416000,5,33411000,6,33417000,7,33410000,9,33418000,15,33409000,7,33419000,13,33408000,11,33420000,18,33407000,8,33421000,17,33406000,8,33422000,19,33405000,11,33423000,19,33404000,11,33424000,20
33416000,1,33417000,5,33415000,5,33418000,9,33414000,5,33419000,10,33413000,4,33420000,19,33412000,8,33421000,19,33411000,6,33422000,19,33410000,12,33423000,17,33409000,8,33424000,21,33408000,10,33425000,17,33407000,9,33426000,26
33417000,6,33419000,2,33416000,6,33420000,11,33415000,8,33421000,7,33414000,8,33422000,18,33413000,8,33423000,18,33412000,10,33424000,21,33411000,8,33425000,17,33410000,12,33426000,26,33409000,7,33427000,27,33408000,10,33428000,22
33419000,3,33421000,3,33418000,5,33422000,4,33417000,9,33423000,16,33416000,6,33424000,19,33415000,10,33425000,17,33414000,9,33426000,28,33413000,9,33427000,26,33412000,11,33428000,21,33411000,7,33429000,18,33410000,11,33430000,28
33416000,1,33418000,4,33415000,6,33419000,5,33414000,7,33420000,5,33413000,7,33421000,6,33412000,9,33422000,6,33411000,9,33423000,7,33410000,11,33424000,22,33409000,7,33425000,17,33408000,10,33426000,27,33407000,9,33427000,25
33415000,3,33417000,1,33414000,7,33418000,4,33413000,7,33419000,8,33412000,9,33420000,5,33411000,9,33421000,7,33410000,12,33422000,7,33409000,7,33423000,7,33408000,10,33424000,22,33407000,9,33425000,17,33406000,9,33426000,26
33410000,7,33412000,5,33409000,2,33413000,4,33408000,7,33414000,7,33407000,10,33415000,3,33406000,8,33416000,7,33405000,13,33417000,10,33404000,11,33418000,11,33403000,10,33419000,12,33402000,16,33420000,10,33401000,12,33421000,13
33410000,5,33412000,2,33409000,2,33413000,4,33408000,8,33414000,7,33407000,10,33415000,3,33406000,8,33416000,8,33405000,13,33417000,10,33404000,11,33418000,11,33403000,10,33419000,12,33402000,16,33420000,10,33401000,12,33421000,19
33408000,8,33410000,1,33407000,7,33411000,6,33406000,4,33412000,6,33405000,9,33413000,3,33404000,13,33414000,9,33403000,10,33415000,5,33402000,16,33416000,11,33401000,12,33417000,8,33400000,13,33418000,10,33399000,11,33419000,11
33412000,1,33414000,2,33411000,5,33415000,4,33410000,4,33416000,5,33409000,6,33417000,7,33408000,12,33418000,9,33407000,7,33419000,14,33406000,10,33420000,12,33405000,15,33421000,20,33404000,14,33422000,22,33403000,10,33423000,16
33416000,1,33418000,4,33415000,4,33419000,5,33414000,5,33420000,10,33413000,7,33421000,17,33412000,6,33422000,22,33411000,7,33423000,17,33410000,10,33424000,21,33409000,9,33425000,18,33408000,10,33426000,26,33407000,7,33427000,28
33413000,3,33415000,2,33412000,5,33416000,5,33411000,5,33417000,6,33410000,6,33418000,8,33409000,9,33419000,6,33408000,11,33420000,10,33407000,7,33421000,20,33406000,8,33422000,23,33405000,14,33423000,17,33404000,12,33424000,21
33412000,5,33414000,2,33411000,3,33415000,4,33410000,4,33416000,7,33409000,6,33417000,10,33408000,8,33418000,8,33407000,8,33419000,8,33406000,9,33420000,13,33405000,13,33421000,11,33404000,12,33422000,21,33403000,10,33423000,16
33412000,4,33414000,2,33411000,3,33415000,4,33410000,4,33416000,7,33409000,6,33417000,9,33408000,8,33418000,8,33407000,8,33419000,9,33406000,9,33420000,13,33405000,13,33421000,11,33404000,12,33422000,21,33403000,10,33423000,16
33415000,3,33417000,1,33414000,4,33418000,3,33413000,10,33419000,7,33412000,11,33420000,9,33411000,7,33421000,11,33410000,11,33422000,24,33409000,9,33423000,16,33408000,10,33424000,21,33407000,7,33425000,18,33406000,8,33426000,21
33417000,1,33419000,2,33416000,4,33420000,8,33415000,7,33421000,7,33414000,7,33422000,21,33413000,10,33423000,17,33412000,11,33424000,22,33411000,7,33425000,18,33410000,12,33426000,21,33409000,9,33427000,30,33408000,9,33428000,23
33414000,3,33417000,2,33413000,10,33418000,5,33412000,11,33419000,7,33411000,7,33420000,8,33410000,11,33421000,5,33409000,9,33422000,7,33408000,10,33423000,7,33407000,8,33424000,9,33406000,9,33425000,18,33405000,14,33426000,20
33414000,2,33416000,1,33413000,10,33417000,3,33412000,11,33418000,6,33411000,7,33419000,7,33410000,11,33420000,8,33409000,9,33421000,5,33408000,10,33422000,10,33407000,8,33423000,8,33406000,9,33424000,9,33405000,14,33425000,17
33412000,3,33415000,6,33411000,5,33416000,4,33410000,6,33417000,7,33409000,7,33418000,9,33408000,13,33419000,11,33407000,9,33420000,11,33406000,10,33421000,7,33405000,13,33422000,8,33404000,12,33423000,7,33403000,9,33424000,8
33417000,2,33420000,6,33416000,3,33421000,4,33415000,6,33422000,7,33414000,4,33423000,7,33413000,6,33424000,8,33412000,7,33425000,12,33411000,11,33426000,11,33410000,14,33427000,15,33409000,11,33428000,24,33408000,12,33429000,8
33418000,2,33420000,4,33417000,5,33421000,4,33416000,4,33422000,3,33415000,6,33423000,8,33414000,5,33424000,8,33413000,7,33425000,12,33412000,12,33426000,11,33411000,10,33427000,15,33410000,13,33428000,24,33409000,10,33429000,8
33419000,4,33420000,1,33418000,7,33421000,3,33417000,9,33422000,3,33416000,6,33423000,1,33415000,11,33424000,6,33414000,9,33425000,13,33413000,7,33426000,11,33412000,11,33427000,16,33411000,9,33428000,24,33410000,12,33429000,8
33421000,1,33423000,3,33420000,2,33424000,5,33419000,5,33425000,10,33418000,6,33426000,11,33417000,9,33427000,17,33416000,6,33428000,25,33415000,11,33429000,8,33414000,9,33430000,19,33413000,7,33431000,8,33412000,11,33432000,12
33419000,1,33420000,8,33418000,6,33421000,1,33417000,8,33422000,7,33416000,6,33423000,1,33415000,11,33424000,5,33414000,9,33425000,14,33413000,7,33426000,10,33412000,11,33427000,16,33411000,9,33428000,23,33410000,13,33429000,8
33415000,5,33417000,1,33414000,7,33418000,5,33413000,8,33419000,6,33412000,9,33420000,7,33411000,7,33421000,6,33410000,31,33422000,12,33409000,20,33423000,6,33408000,22,33424000,10,33407000,20,33425000,8,33406000,23,33426000,8
33414000,4,33416000,1,33413000,5,33417000,2,33412000,8,33418000,6,33411000,7,33419000,6,33410000,18,33420000,8,33409000,20,33421000,8,33408000,23,33422000,12,33407000,20,33423000,6,33406000,21,33424000,10,33405000,24,33425000,7
33412000,1,33413000,1,33411000,7,33414000,3,33410000,16,33415000,4,33409000,19,33416000,5,33408000,22,33417000,6,33407000,21,33418000,8,33406000,21,33419000,8,33405000,24,33420000,9,33404000,24,33421000,9,33403000,20,33422000,12
33409000,2,33410000,8,33408000,21,33411000,4,33407000,18,33412000,3,33406000,17,33413000,5,33405000,23,33414000,5,33404000,24,33415000,7,33403000,20,33416000,7,33402000,25,33417000,9,33401000,22,33418000,11,33400000,28,33419000,9
33408000,3,33410000,7,33407000,6,33411000,4,33406000,17,33412000,3,33405000,22,33413000,7,33404000,23,33414000,8,33403000,19,33415000,6,33402000,26,33416000,10,33401000,22,33417000,8,33400000,26,33418000,10,33399000,26,33419000,8
33412000,2,33414000,3,33411000,3,33415000,5,33410000,6,33416000,5,33409000,6,33417000,8,33408000,8,33418000,9,33407000,7,33419000,9,33406000,20,33420000,8,33405000,24,33421000,8,33404000,24,33422000,12,33403000,20,33423000,7
33417000,4,33418000,2,33416000,5,33419000,2,33415000,8,33420000,6,33414000,6,33421000,10,33413000,7,33422000,11,33412000,6,33423000,8,33411000,6,33424000,14,33410000,11,33425000,10,33409000,10,33426000,12,33408000,12,33427000,13
33420000,3,33421000,1,33419000,5,33422000,6,33418000,7,33423000,6,33417000,5,33424000,12,33416000,6,33425000,10,33415000,9,33426000,13,33414000,8,33427000,12,33413000,8,33428000,22,33412000,9,33429000,8,33411000,4,33430000,28
33423000,1,33424000,5,33422000,6,33425000,7,33421000,7,33426000,8,33420000,7,33427000,11,33419000,9,33428000,19,33418000,6,33429000,9,33417000,8,33430000,29,33416000,12,33431000,8,33415000,13,33432000,27,33414000,10,33433000,8
33425000,2,33427000,7,33424000,5,33428000,16,33423000,7,33429000,6,33422000,6,33430000,28,33421000,8,33431000,7,33420000,7,33432000,28,33419000,12,33433000,7,33418000,11,33434000,11,33417000,10,33435000,7,33416000,11,33436000,11
33428000,3,33430000,21,33427000,9,33431000,2,33426000,6,33432000,24,33425000,6,33433000,6,33424000,6,33434000,10,33423000,8,33435000,7,33422000,11,33436000,11,33421000,11,33437000,8,33420000,9,33438000,10,33419000,11,33439000,8
33427000,3,33428000,1,33426000,8,33429000,4,33425000,8,33430000,5,33424000,10,33431000,6,33423000,6,33432000,7,33422000,8,33433000,9,33421000,11,33434000,12,33420000,12,33435000,8,33419000,12,33436000,11,33418000,11,33437000,9
33430000,3,33432000,2,33429000,4,33433000,7,33428000,8,33434000,6,33427000,8,33435000,7,33426000,11,33436000,10,33425000,9,33437000,10,33424000,14,33438000,10,33423000,8,33439000,8,33422000,10,33440000,28,33421000,11,33441000,10
33427000,3,33429000,3,33426000,11,33430000,4,33425000,8,33431000,13,33424000,9,33432000,7,33423000,7,33433000,11,33422000,10,33434000,9,33421000,11,33435000,9,33420000,12,33436000,12,33419000,12,33437000,9,33418000,11,33438000,10
33429000,3,33431000,7,33428000,7,33432000,6,33427000,5,33433000,10,33426000,10,33434000,8,33425000,9,33435000,8,33424000,10,33436000,12,33423000,7,33437000,8,33422000,10,33438000,10,33421000,11,33439000,9,33420000,12,33440000,28
33429000,2,33431000,2,33428000,8,33432000,6,33427000,7,33433000,8,33426000,10,33434000,10,33425000,9,33435000,7,33424000,12,33436000,9,33423000,8,33437000,9,33422000,9,33438000,10,33421000,11,33439000,9,33420000,13,33440000,28
33426000,2,33428000,3,33425000,7,33429000,4,33424000,9,33430000,4,33423000,6,33431000,7,33422000,7,33432000,7,33421000,12,33433000,10,33420000,13,33434000,13,33419000,12,33435000,9,33418000,11,33436000,11,33417000,11,33437000,8
33422000,1,33424000,5,33421000,6,33425000,5,33420000,9,33426000,8,33419000,9,33427000,6,33418000,9,33428000,7,33417000,11,33429000,8,33416000,12,33430000,10,33415000,11,33431000,9,33414000,12,33432000,11,33413000,7,33433000,9
33419000,1,33420000,1,33418000,7,33421000,4,33417000,9,33422000,6,33416000,8,33423000,5,33415000,10,33424000,7,33414000,10,33425000,10,33413000,8,33426000,11,33412000,10,33427000,9,33411000,5,33428000,11,33410000,22,33429000,6
33416000,2,33418000,3,33415000,8,33419000,6,33414000,12,33420000,4,33413000,9,33421000,5,33412000,11,33422000,6,33411000,7,33423000,10,33410000,22,33424000,10,33409000,18,33425000,9,33408000,21,33426000,11,33407000,16,33427000,8
33414000,6,33417000,4,33413000,7,33418000,6,33412000,8,33419000,6,33411000,9,33420000,5,33410000,10,33421000,8,33409000,19,33422000,8,33408000,20,33423000,12,33407000,16,33424000,10,33406000,20,33425000,9,33405000,22,33426000,12
33420000,1,33421000,4,33418000,4,33422000,5,33417000,6,33423000,5,33416000,5,33424000,6,33415000,5,33425000,11,33414000,6,33426000,12,33413000,7,33427000,7,33412000,17,33428000,11,33411000,6,33429000,8,33410000,10,33430000,10
33423000,3,33426000,6,33422000,5,33427000,4,33421000,5,33428000,8,33420000,9,33429000,10,33419000,10,33430000,11,33418000,9,33431000,9,33417000,11,33432000,10,33416000,11,33433000,7,33415000,7,33434000,11,33414000,8,33435000,8
33423000,3,33426000,6,33422000,5,33427000,4,33421000,5,33428000,8,33420000,9,33429000,10,33419000,10,33430000,11,33418000,9,33431000,9,33417000,11,33432000,10,33416000,11,33433000,7,33415000,7,33434000,11,33414000,8,33435000,8
33424000,3,33426000,2,33423000,8,33427000,3,33422000,7,33428000,4,33421000,7,33429000,4,33420000,12,33430000,8,33419000,12,33431000,10,33418000,11,33432000,11,33417000,10,33433000,7,33416000,9,33434000,11,33415000,6,33435000,9
33423000,2,33425000,3,33422000,7,33426000,5,33421000,9,33427000,4,33420000,11,33428000,4,33419000,10,33429000,6,33418000,11,33430000,8,33417000,10,33431000,10,33416000,9,33432000,11,33415000,6,33433000,7,33414000,8,33434000,11
33424000,4,33426000,3,33423000,5,33427000,3,33422000,7,33428000,3,33421000,7,33429000,6,33420000,11,33430000,8,33419000,11,33431000,10,33418000,10,33432000,11,33417000,11,33433000,7,33416000,9,33434000,11,33415000,6,33435000,8
33423000,1,33424000,2,33422000,4,33425000,9,33421000,7,33426000,8,33420000,10,33427000,3,33419000,12,33428000,5,33418000,10,33429000,6,33417000,11,33430000,16,33416000,9,33431000,9,33415000,5,33432000,11,33414000,8,33433000,7
33424000,1,33426000,4,33423000,4,33427000,3,33422000,8,33428000,4,33421000,7,33429000,5,33420000,12,33430000,16,33419000,11,33431000,9,33418000,10,33432000,11,33417000,11,33433000,7,33416000,9,33434000,11,33415000,5,33435000,8
33426000,2,33428000,1,33425000,8,33429000,4,33424000,6,33430000,12,33423000,8,33431000,5,33422000,9,33432000,10,33421000,11,33433000,8,33420000,14,33434000,14,33419000,13,33435000,9,33418000,9,33436000,11,33417000,40,33437000,7
33426000,4,33428000,1,33425000,9,33429000,4,33424000,7,33430000,9,33423000,6,33431000,6,33422000,11,33432000,9,33421000,11,33433000,8,33420000,14,33434000,13,33419000,12,33435000,10,33418000,9,33436000,11,33417000,40,33437000,7
33423000,2,33425000,2,33422000,7,33426000,5,33421000,8,33427000,5,33420000,11,33428000,5,33419000,11,33429000,8,33418000,8,33430000,14,33417000,42,33431000,8,33416000,10,33432000,10,33415000,5,33433000,7,33414000,10,33434000,12
33425000,2,33426000,2,33423000,2,33427000,6,33422000,6,33428000,6,33421000,7,33429000,9,33420000,14,33430000,13,33419000,10,33431000,8,33418000,6,33432000,9,33417000,12,33433000,6,33416000,11,33434000,12,33415000,6,33435000,11
33423000,1,33425000,3,33422000,6,33426000,5,33421000,8,33427000,6,33420000,9,33428000,5,33419000,11,33429000,6,33418000,10,33430000,13,33417000,11,33431000,8,33416000,10,33432000,10,33415000,5,33433000,6,33414000,10,33434000,11
33424000,4,33427000,4,33423000,5,33428000,5,33422000,9,33429000,7,33421000,7,33430000,12,33420000,21,33431000,8,33419000,10,33432000,10,33418000,10,33433000,6,33417000,12,33434000,11,33416000,10,33435000,10,33415000,5,33436000,9
33427000,3,33429000,1,33426000,5,33430000,10,33425000,6,33431000,6,33424000,4,33432000,7,33423000,12,33433000,8,33422000,12,33434000,11,33421000,11,33435000,11,33420000,24,33436000,9,33419000,11,33437000,7,33418000,10,33438000,14
33432000,4,33434000,4,33431000,6,33435000,7,33430000,6,33436000,5,33429000,4,33437000,6,33428000,8,33438000,13,33427000,7,33439000,13,33426000,13,33440000,28,33425000,11,33441000,10,33424000,20,33442000,15,33423000,13,33443000,9
33433000,2,33435000,5,33432000,5,33436000,5,33431000,7,33437000,5,33430000,5,33438000,12,33429000,5,33439000,12,33428000,9,33440000,29,33427000,10,33441000,10,33426000,13,33442000,15,33425000,11,33443000,9,33424000,19,33444000,9
33437000,3,33440000,25,33436000,5,33441000,6,33435000,9,33442000,9,33434000,13,33443000,12,33433000,9,33444000,8,33432000,12,33445000,18,33431000,12,33446000,10,33430000,13,33447000,11,33429000,7,33448000,21,33428000,12,33449000,9
33441000,1,33443000,4,33440000,4,33444000,5,33439000,8,33445000,15,33438000,5,33446000,8,33437000,9,33447000,12,33436000,9,33448000,23,33435000,11,33449000,9,33434000,14,33450000,66,33433000,12,33451000,8,33432000,17,33452000,22
33443000,3,33445000,2,33442000,6,33446000,5,33441000,5,33447000,8,33440000,6,33448000,18,33439000,7,33449000,9,33438000,12,33450000,66,33437000,10,33451000,8,33436000,13,33452000,20,33435000,10,33453000,9,33434000,14,33454000,10
33442000,4,33445000,5,33441000,6,33446000,6,33440000,7,33447000,5,33439000,7,33448000,17,33438000,8,33449000,9,33437000,12,33450000,68,33436000,12,33451000,13,33435000,11,33452000,20,33434000,14,33453000,9,33433000,12,33454000,10
33442000,6,33444000,1,33441000,6,33445000,9,33440000,13,33446000,9,33439000,8,33447000,9,33438000,7,33448000,21,33437000,12,33449000,11,33436000,13,33450000,53,33435000,13,33451000,11,33434000,15,33452000,20,33433000,12,33453000,10
33442000,6,33445000,6,33441000,7,33446000,9,33440000,12,33447000,8,33439000,8,33448000,20,33438000,7,33449000,10,33437000,12,33450000,54,33436000,13,33451000,11,33435000,13,33452000,20,33434000,15,33453000,10,33433000,12,33454000,11
33443000,2,33445000,4,33442000,4,33446000,9,33441000,9,33447000,8,33440000,12,33448000,21,33439000,9,33449000,11,33438000,7,33450000,53,33437000,12,33451000,11,33436000,13,33452000,20,33435000,13,33453000,10,33434000,15,33454000,11
33446000,4,33448000,17,33445000,4,33449000,8,33444000,5,33450000,48,33443000,7,33451000,13,33442000,10,33452000,20,33441000,9,33453000,11,33440000,19,33454000,11,33439000,11,33455000,7,33438000,10,33456000,14,33437000,11,33457000,8
33445000,2,33447000,4,33444000,6,33448000,4,33443000,9,33449000,5,33442000,10,33450000,49,33441000,10,33451000,6,33440000,19,33452000,20,33439000,11,33453000,13,33438000,10,33454000,14,33437000,10,33455000,6,33436000,12,33456000,14
33442000,2,33444000,4,33441000,6,33445000,6,33440000,11,33446000,7,33439000,8,33447000,10,33438000,9,33448000,10,33437000,12,33449000,13,33436000,12,33450000,58,33435000,13,33451000,11,33434000,16,33452000,22,33433000,13,33453000,12
33445000,1,33447000,8,33444000,3,33448000,9,33443000,5,33449000,14,33442000,7,33450000,58,33441000,8,33451000,10,33440000,16,33452000,22,33439000,11,33453000,12,33438000,11,33454000,12,33437000,12,33455000,7,33436000,11,33456000,12
33447000,4,33448000,4,33446000,4,33449000,11,33445000,6,33450000,54,33444000,8,33451000,8,33443000,9,33452000,22,33442000,11,33453000,12,33441000,13,33454000,12,33440000,21,33455000,7,33439000,14,33456000,12,33438000,11,33457000,7
33445000,3,33447000,2,33444000,9,33448000,6,33443000,9,33449000,7,33442000,12,33450000,57,33441000,11,33451000,9,33440000,21,33452000,20,33439000,13,33453000,13,33438000,12,33454000,14,33437000,10,33455000,7,33436000,13,33456000,12
33447000,7,33448000,7,33445000,8,33449000,9,33444000,7,33450000,59,33443000,6,33451000,9,33442000,8,33452000,22,33441000,10,33453000,13,33440000,18,33454000,13,33439000,11,33455000,7,33438000,12,33456000,12,33437000,11,33457000,7
33444000,7,33445000,1,33443000,2,33446000,5,33442000,7,33447000,6,33441000,10,33448000,11,33440000,18,33449000,10,33439000,12,33450000,61,33438000,12,33451000,10,33437000,10,33452000,22,33436000,14,33453000,13,33435000,13,33454000,13
33441000,3,33442000,5,33440000,12,33443000,4,33439000,8,33444000,5,33438000,9,33445000,6,33437000,11,33446000,7,33436000,15,33447000,8,33435000,13,33448000,16,33434000,16,33449000,13,33433000,12,33450000,64,33432000,26,33451000,10
33438000,3,33440000,11,33437000,5,33441000,7,33436000,14,33442000,7,33435000,12,33443000,14,33434000,15,33444000,6,33433000,14,33445000,12,33432000,23,33446000,9,33431000,10,33447000,12,33430000,12,33448000,13,33429000,9,33449000,13
33438000,2,33440000,4,33437000,6,33441000,5,33436000,7,33442000,8,33435000,14,33443000,14,33434000,16,33444000,6,33433000,11,33445000,11,33432000,23,33446000,9,33431000,11,33447000,11,33430000,12,33448000,14,33429000,9,33449000,13
33437000,4,33438000,1,33436000,9,33439000,6,33435000,11,33440000,8,33434000,14,33441000,4,33433000,12,33442000,8,33432000,24,33443000,14,33431000,11,33444000,8,33430000,11,33445000,11,33429000,9,33446000,9,33428000,11,33447000,12
33441000,2,33442000,3,33440000,2,33443000,12,33439000,4,33444000,6,33438000,6,33445000,10,33437000,11,33446000,8,33436000,11,33447000,12,33435000,11,33448000,15,33434000,18,33449000,14,33433000,13,33450000,64,33432000,22,33451000,10
33441000,2,33443000,3,33440000,5,33444000,5,33439000,7,33445000,8,33438000,7,33446000,7,33437000,12,33447000,9,33436000,12,33448000,15,33435000,13,33449000,15,33434000,17,33450000,64,33433000,12,33451000,10,33432000,23,33452000,20
33439000,7,33440000,1,33438000,6,33442000,5,33437000,9,33443000,8,33436000,8,33444000,8,33435000,14,33445000,8,33434000,19,33446000,7,33433000,12,33447000,12,33432000,23,33448000,16,33431000,11,33449000,15,33430000,12,33450000,62
33437000,3,33438000,1,33436000,3,33439000,5,33435000,11,33440000,6,33434000,16,33441000,6,33433000,15,33442000,6,33432000,23,33443000,10,33431000,11,33444000,9,33430000,12,33445000,11,33429000,9,33446000,9,33428000,13,33447000,12
33438000,1,33440000,5,33437000,3,33441000,5,33436000,6,33442000,5,33435000,5,33443000,10,33434000,12,33444000,7,33433000,11,33445000,12,33432000,25,33446000,9,33431000,12,33447000,12,33430000,13,33448000,9,33429000,8,33449000,16
33437000,5,33440000,4,33436000,6,33441000,6,33435000,6,33442000,5,33434000,13,33443000,9,33433000,14,33444000,6,33432000,20,33445000,12,33431000,12,33446000,10,33430000,12,33447000,12,33429000,8,33448000,9,33428000,14,33449000,16
33437000,4,33439000,2,33436000,6,33440000,6,33435000,5,33441000,5,33434000,12,33442000,7,33433000,12,33443000,10,33432000,21,33444000,8,33431000,12,33445000,11,33430000,14,33446000,10,33429000,8,33447000,12,33428000,14,33448000,9
33436000,5,33438000,1,33435000,5,33439000,5,33434000,11,33440000,6,33433000,12,33441000,5,33432000,19,33442000,7,33431000,12,33443000,9,33430000,14,33444000,10,33429000,8,33445000,11,33428000,14,33446000,10,33427000,15,33447000,12
33439000,3,33440000,5,33438000,6,33441000,3,33437000,6,33442000,6,33436000,4,33443000,3,33435000,7,33444000,6,33434000,6,33445000,10,33433000,9,33446000,9,33432000,13,33447000,12,33431000,8,33448000,9,33430000,16,33449000,19
33437000,4,33440000,3,33436000,4,33441000,5,33435000,6,33442000,5,33434000,6,33443000,5,33433000,9,33444000,6,33432000,13,33445000,12,33431000,7,33446000,10,33430000,15,33447000,13,33429000,10,33448000,9,33428000,15,33449000,19
33439000,5,33440000,1,33438000,2,33441000,4,33437000,4,33442000,5,33436000,5,33443000,4,33435000,6,33444000,6,33434000,6,33445000,12,33433000,10,33446000,10,33432000,15,33447000,13,33431000,8,33448000,9,33430000,15,33449000,19
33437000,2,33439000,3,33436000,5,33440000,6,33435000,5,33441000,6,33434000,6,33442000,7,33433000,9,33443000,6,33432000,12,33444000,7,33431000,8,33445000,11,33430000,16,33446000,9,33429000,10,33447000,12,33428000,15,33448000,10
33439000,1,33440000,1,33438000,4,33441000,5,33437000,5,33442000,6,33436000,8,33443000,4,33435000,5,33444000,6,33434000,6,33445000,12,33433000,11,33446000,9,33432000,13,33447000,12,33431000,8,33448000,10,33430000,16,33449000,20
33437000,3,33439000,1,33436000,8,33440000,5,33435000,4,33441000,4,33434000,6,33442000,6,33433000,11,33443000,7,33432000,13,33444000,5,33431000,7,33445000,11,33430000,16,33446000,9,33429000,10,33447000,12,33428000,14,33448000,10
33438000,1,33440000,3,33437000,6,33441000,4,33436000,8,33442000,6,33435000,4,33443000,7,33434000,6,33444000,8,33433000,11,33445000,11,33432000,13,33446000,9,33431000,8,33447000,12,33430000,16,33448000,10,33429000,10,33449000,20
33438000,1,33440000,3,33437000,7,33441000,4,33436000,7,33442000,5,33435000,5,33443000,4,33434000,8,33444000,7,33433000,10,33445000,11,33432000,13,33446000,9,33431000,7,33447000,13,33430000,16,33448000,10,33429000,10,33449000,20
33437000,5,33440000,3,33436000,7,33441000,4,33435000,4,33442000,5,33434000,6,33443000,4,33433000,10,33444000,7,33432000,9,33445000,11,33431000,7,33446000,9,33430000,16,33447000,13,33429000,10,33448000,10,33428000,14,33449000,20
33441000,3,33444000,3,33440000,5,33445000,9,33439000,6,33446000,7,33438000,6,33447000,11,33437000,7,33448000,10,33436000,10,33449000,21,33435000,7,33450000,59,33434000,9,33451000,9,33433000,9,33452000,17,33432000,8,33453000,13
33441000,3,33443000,5,33440000,7,33444000,8,33439000,5,33445000,4,33438000,8,33446000,4,33437000,9,33447000,5,33436000,12,33448000,9,33435000,7,33449000,22,33434000,8,33450000,60,33433000,8,33451000,11,33432000,10,33452000,17
33441000,3,33443000,1,33440000,5,33444000,8,33439000,5,33445000,5,33438000,7,33446000,5,33437000,8,33447000,6,33436000,10,33448000,11,33435000,8,33449000,22,33434000,8,33450000,60,33433000,8,33451000,9,33432000,10,33452000,17
33440000,5,33441000,1,33439000,5,33443000,5,33438000,7,33444000,4,33437000,8,33445000,4,33436000,10,33446000,4,33435000,8,33447000,7,33434000,8,33448000,11,33433000,8,33449000,22,33432000,10,33450000,60,33431000,7,33451000,9
33438000,3,33440000,5,33437000,4,33441000,6,33436000,7,33442000,5,33435000,7,33443000,6,33434000,8,33444000,6,33433000,9,33445000,8,33432000,10,33446000,9,33431000,7,33447000,8,33430000,17,33448000,11,33429000,10,33449000,21
33433000,2,33435000,1,33432000,4,33436000,5,33431000,9,33437000,6,33430000,16,33438000,3,33429000,10,33439000,7,33428000,14,33440000,8,33427000,15,33441000,7,33426000,13,33442000,12,33425000,12,33443000,7,33424000,11,33444000,7
33435000,5,33438000,5,33434000,6,33439000,5,33433000,6,33440000,6,33432000,5,33441000,5,33431000,11,33442000,10,33430000,18,33443000,7,33429000,11,33444000,7,33428000,15,33445000,7,33427000,15,33446000,7,33426000,13,33447000,7
33434000,6,33437000,3,33433000,6,33438000,6,33432000,5,33439000,6,33431000,11,33440000,5,33430000,17,33441000,7,33429000,10,33442000,10,33428000,14,33443000,7,33427000,15,33444000,8,33426000,13,33445000,12,33425000,12,33446000,7
33434000,6,33437000,3,33433000,6,33438000,6,33432000,5,33439000,6,33431000,11,33440000,5,33430000,17,33441000,7,33429000,10,33442000,10,33428000,14,33443000,7,33427000,15,33444000,8,33426000,13,33445000,12,33425000,12,33446000,7
33427000,6,33428000,1,33426000,5,33429000,4,33425000,6,33430000,7,33424000,8,33431000,14,33423000,11,33432000,1,33422000,9,33433000,6,33421000,9,33434000,8,33420000,11,33435000,5,33419000,10,33436000,10,33418000,11,33437000,10
33430000,2,33431000,9,33429000,4,33432000,1,33428000,6,33433000,4,33427000,6,33434000,10,33426000,5,33435000,6,33425000,8,33436000,10,33424000,8,33437000,11,33423000,12,33438000,11,33422000,12,33439000,8,33421000,10,33440000,11
33431000,2,33432000,1,33429000,6,33433000,3,33428000,6,33434000,8,33427000,6,33435000,5,33426000,5,33436000,10,33425000,10,33437000,12,33424000,9,33438000,11,33423000,12,33439000,8,33422000,11,33440000,11,33421000,10,33441000,7
33435000,4,33437000,1,33434000,5,33438000,5,33433000,5,33439000,5,33432000,6,33440000,8,33431000,9,33441000,7,33430000,16,33442000,11,33429000,9,33443000,10,33428000,13,33444000,9,33427000,11,33445000,10,33426000,11,33446000,7
33434000,4,33437000,4,33433000,5,33438000,7,33432000,5,33439000,5,33431000,9,33440000,8,33430000,15,33441000,6,33429000,9,33442000,11,33428000,13,33443000,10,33427000,11,33444000,9,33426000,10,33445000,10,33425000,10,33446000,7
33434000,5,33437000,3,33433000,5,33438000,8,33432000,5,33439000,5,33431000,9,33440000,8,33430000,14,33441000,6,33429000,9,33442000,11,33428000,13,33443000,10,33427000,11,33444000,9,33426000,10,33445000,10,33425000,10,33446000,7
33434000,6,33436000,1,33433000,5,33437000,7,33432000,5,33438000,9,33431000,9,33439000,5,33430000,14,33440000,9,33429000,9,33441000,6,33428000,13,33442000,11,33427000,11,33443000,7,33426000,11,33444000,9,33425000,10,33445000,10
33435000,5,33437000,4,33434000,4,33438000,9,33433000,6,33439000,5,33432000,6,33440000,8,33431000,11,33441000,6,33430000,14,33442000,11,33429000,9,33443000,7,33428000,13,33444000,9,33427000,12,33445000,10,33426000,11,33446000,7
33434000,2,33436000,4,33433000,4,33437000,8,33432000,6,33438000,9,33431000,9,33439000,7,33430000,7,33440000,8,33429000,9,33441000,7,33428000,13,33442000,11,33427000,22,33443000,7,33426000,22,33444000,8,33425000,20,33445000,10
33437000,3,33438000,3,33436000,7,33439000,4,33435000,6,33440000,9,33434000,7,33441000,4,33433000,6,33442000,18,33432000,5,33443000,6,33431000,8,33444000,8,33430000,13,33445000,10,33429000,9,33446000,7,33428000,11,33447000,7
33440000,3,33441000,2,33439000,6,33442000,13,33438000,8,33443000,4,33437000,7,33444000,7,33436000,6,33445000,10,33435000,7,33446000,8,33434000,14,33447000,7,33433000,9,33448000,9,33432000,9,33449000,9,33431000,7,33450000,39
33442000,6,33444000,1,33441000,5,33445000,5,33440000,6,33446000,5,33439000,6,33447000,4,33438000,8,33448000,9,33437000,7,33449000,9,33436000,9,33450000,28,33435000,8,33451000,10,33434000,14,33452000,15,33433000,8,33453000,13
33444000,1,33445000,4,33443000,6,33446000,3,33442000,7,33447000,5,33441000,5,33448000,7,33440000,7,33449000,9,33439000,6,33450000,29,33438000,12,33451000,10,33437000,7,33452000,15,33436000,9,33453000,13,33435000,8,33454000,14
33443000,5,33445000,2,33442000,6,33446000,5,33441000,5,33447000,5,33440000,7,33448000,5,33439000,9,33449000,9,33438000,12,33450000,27,33437000,7,33451000,9,33436000,7,33452000,17,33435000,9,33453000,13,33434000,13,33454000,14
33440000,1,33441000,1,33439000,4,33442000,4,33438000,6,33443000,5,33437000,6,33444000,8,33436000,8,33445000,7,33435000,8,33446000,10,33434000,12,33447000,10,33433000,9,33448000,10,33432000,10,33449000,9,33431000,8,33450000,28
33441000,5,33443000,1,33440000,6,33444000,7,33439000,6,33445000,8,33438000,6,33446000,7,33437000,7,33447000,10,33436000,8,33448000,10,33435000,9,33449000,9,33434000,13,33450000,29,33433000,8,33451000,11,33432000,9,33452000,15
33444000,2,33446000,2,33443000,6,33447000,7,33442000,9,33448000,7,33441000,7,33449000,7,33440000,10,33450000,29,33439000,11,33451000,10,33438000,10,33452000,15,33437000,7,33453000,13,33436000,8,33454000,14,33435000,8,33455000,7
33443000,1,33444000,4,33441000,6,33445000,4,33440000,8,33446000,9,33439000,11,33447000,4,33438000,9,33448000,8,33437000,8,33449000,10,33436000,8,33450000,29,33435000,9,33451000,10,33434000,14,33452000,16,33433000,8,33453000,13
33440000,1,33441000,2,33439000,8,33442000,4,33438000,7,33443000,7,33437000,10,33444000,5,33436000,11,33445000,6,33435000,10,33446000,10,33434000,14,33447000,7,33433000,8,33448000,10,33432000,11,33449000,10,33431000,8,33450000,28
33437000,2,33438000,1,33436000,5,33439000,4,33435000,9,33440000,4,33434000,13,33441000,5,33433000,8,33442000,6,33432000,13,33443000,10,33431000,18,33444000,7,33430000,26,33445000,9,33429000,20,33446000,9,33428000,22,33447000,7
33438000,2,33440000,1,33437000,6,33441000,5,33436000,4,33442000,4,33435000,7,33443000,10,33434000,9,33444000,7,33433000,9,33445000,9,33432000,14,33446000,7,33431000,20,33447000,6,33430000,26,33448000,9,33429000,20,33449000,9
33438000,4,33441000,5,33437000,7,33442000,5,33436000,4,33443000,8,33435000,9,33444000,5,33434000,10,33445000,7,33433000,10,33446000,9,33432000,14,33447000,7,33431000,19,33448000,9,33430000,26,33449000,9,33429000,20,33450000,29
33438000,4,33440000,1,33437000,5,33441000,5,33436000,4,33442000,5,33435000,7,33443000,8,33434000,9,33444000,6,33433000,10,33445000,9,33432000,14,33446000,8,33431000,19,33447000,7,33430000,26,33448000,9,33429000,20,33449000,9
33442000,2,33443000,1,33441000,4,33444000,4,33440000,6,33445000,6,33439000,4,33446000,5,33438000,7,33447000,7,33437000,7,33448000,10,33436000,8,33449000,9,33435000,9,33450000,29,33434000,12,33451000,9,33433000,8,33452000,18
33440000,1,33441000,2,33439000,3,33442000,6,33438000,7,33443000,5,33437000,6,33444000,6,33436000,7,33445000,5,33435000,9,33446000,7,33434000,12,33447000,7,33433000,8,33448000,10,33432000,13,33449000,10,33431000,19,33450000,29
33443000,3,33445000,1,33442000,5,33446000,3,33441000,5,33447000,6,33440000,5,33448000,6,33439000,7,33449000,9,33438000,7,33450000,28,33437000,7,33451000,12,33436000,9,33452000,15,33435000,9,33453000,13,33434000,11,33454000,13
33446000,1,33447000,1,33445000,4,33448000,6,33444000,6,33449000,7,33443000,8,33450000,26,33442000,7,33451000,11,33441000,6,33452000,16,33440000,10,33453000,13,33439000,9,33454000,13,33438000,11,33455000,7,33437000,6,33456000,10
33449000,3,33450000,19,33448000,3,33451000,5,33447000,5,33452000,11,33446000,6,33453000,12,33445000,7,33454000,11,33444000,8,33455000,6,33443000,9,33456000,9,33442000,11,33457000,8,33441000,10,33458000,13,33440000,10,33459000,15
33450000,5,33451000,4,33449000,8,33452000,11,33448000,4,33453000,12,33447000,5,33454000,9,33446000,6,33455000,5,33445000,7,33456000,10,33444000,8,33457000,8,33443000,10,33458000,13,33442000,11,33459000,15,33441000,10,33460000,19
33455000,2,33456000,1,33454000,4,33457000,3,33453000,4,33458000,6,33452000,10,33459000,14,33451000,9,33460000,16,33450000,13,33461000,19,33449000,15,33462000,11,33448000,12,33463000,11,33447000,12,33464000,9,33446000,10,33465000,8
33456000,3,33458000,6,33455000,2,33459000,13,33454000,5,33460000,17,33453000,4,33461000,18,33452000,11,33462000,10,33451000,11,33463000,11,33450000,16,33464000,9,33449000,16,33465000,8,33448000,11,33466000,10,33447000,12,33467000,12
33451000,4,33452000,1,33450000,10,33453000,2,33449000,10,33454000,4,33448000,10,33455000,6,33447000,14,33456000,6,33446000,10,33457000,7,33445000,7,33458000,7,33444000,12,33459000,10,33443000,10,33460000,17,33442000,12,33461000,19
33449000,2,33450000,5,33448000,6,33451000,2,33447000,8,33452000,6,33446000,9,33453000,5,33445000,10,33454000,6,33444000,12,33455000,8,33443000,8,33456000,8,33442000,13,33457000,11,33441000,10,33458000,13,33440000,13,33459000,8
33450000,4,33452000,2,33449000,4,33453000,5,33448000,6,33454000,7,33447000,10,33455000,7,33446000,9,33456000,9,33445000,9,33457000,9,33444000,14,33458000,10,33443000,10,33459000,8,33442000,13,33460000,16,33441000,9,33461000,18
33452000,1,33454000,2,33451000,4,33455000,9,33450000,5,33456000,7,33449000,8,33457000,6,33448000,7,33458000,10,33447000,10,33459000,9,33446000,11,33460000,16,33445000,11,33461000,18,33444000,13,33462000,9,33443000,10,33463000,11
33452000,1,33454000,2,33451000,4,33455000,9,33450000,5,33456000,7,33449000,8,33457000,6,33448000,7,33458000,10,33447000,10,33459000,9,33446000,11,33460000,16,33445000,11,33461000,18,33444000,13,33462000,9,33443000,10,33463000,11
33459000,8,33460000,11,33458000,8,33461000,14,33457000,5,33462000,7,33456000,5,33463000,11,33455000,6,33464000,9,33454000,9,33465000,6,33453000,8,33466000,10,33452000,14,33467000,12,33451000,12,33468000,9,33450000,19,33469000,11
33455000,2,33456000,1,33454000,5,33457000,3,33453000,8,33458000,6,33452000,10,33459000,9,33451000,9,33460000,9,33450000,20,33461000,11,33449000,12,33462000,8,33448000,10,33463000,13,33447000,13,33464000,10,33446000,12,33465000,6
33457000,4,33459000,4,33456000,6,33460000,11,33455000,8,33461000,10,33454000,8,33462000,6,33453000,9,33463000,12,33452000,10,33464000,13,33451000,10,33465000,7,33450000,22,33466000,10,33449000,12,33467000,12,33448000,9,33468000,11
33460000,5,33461000,7,33459000,6,33462000,2,33458000,6,33463000,9,33457000,7,33464000,7,33456000,10,33465000,5,33455000,13,33466000,9,33454000,14,33467000,13,33453000,12,33468000,9,33452000,12,33469000,10,33451000,10,33470000,11
33460000,5,33461000,7,33459000,6,33462000,2,33458000,6,33463000,9,33457000,7,33464000,7,33456000,10,33465000,5,33455000,13,33466000,9,33454000,14,33467000,13,33453000,12,33468000,9,33452000,12,33469000,10,33451000,10,33470000,11
33466000,1,33467000,5,33465000,4,33468000,5,33464000,5,33469000,7,33463000,7,33470000,7,33462000,5,33471000,21,33461000,12,33472000,25,33460000,13,33473000,19,33459000,10,33474000,24,33458000,12,33475000,23,33457000,16,33476000,17
33468000,5,33470000,5,33467000,11,33471000,7,33466000,9,33472000,7,33465000,17,33473000,8,33464000,14,33474000,23,33463000,18,33475000,25,33462000,17,33476000,18,33461000,18,33477000,25,33460000,19,33478000,23,33459000,16,33479000,21
33469000,5,33470000,2,33468000,6,33471000,3,33467000,11,33472000,6,33466000,9,33473000,7,33465000,19,33474000,21,33464000,18,33475000,25,33463000,19,33476000,17,33462000,18,33477000,25,33461000,17,33478000,23,33460000,19,33479000,21
33467000,10,33469000,4,33466000,7,33470000,5,33465000,17,33471000,7,33464000,15,33472000,8,33463000,18,33473000,10,33462000,20,33474000,21,33461000,17,33475000,23,33460000,19,33476000,17,33459000,16,33477000,25,33458000,19,33478000,23
33464000,7,33465000,3,33463000,14,33466000,5,33462000,15,33467000,5,33461000,18,33468000,5,33460000,17,33469000,7,33459000,16,33470000,9,33458000,19,33471000,9,33457000,15,33472000,19,33456000,17,33473000,21,33455000,14,33474000,23
33467000,1,33468000,1,33466000,6,33469000,4,33465000,7,33470000,8,33464000,18,33471000,9,33463000,10,33472000,19,33462000,11,33473000,22,33461000,18,33474000,23,33460000,19,33475000,23,33459000,18,33476000,16,33458000,19,33477000,25
33472000,5,33473000,12,33471000,8,33474000,16,33470000,14,33475000,23,33469000,7,33476000,15,33468000,10,33477000,24,33467000,13,33478000,24,33466000,14,33479000,26,33465000,12,33480000,62,33464000,24,33481000,21,33463000,13,33482000,24
33470000,9,33471000,4,33469000,6,33472000,6,33468000,10,33473000,12,33467000,11,33474000,5,33466000,14,33475000,7,33465000,9,33476000,5,33464000,8,33477000,9,33463000,7,33478000,23,33462000,9,33479000,26,33461000,14,33480000,62
33466000,2,33468000,3,33465000,6,33469000,7,33464000,6,33470000,8,33463000,8,33471000,9,33462000,8,33472000,6,33461000,14,33473000,14,33460000,15,33474000,10,33459000,12,33475000,11,33458000,14,33476000,8,33457000,11,33477000,8
33461000,6,33464000,6,33460000,11,33465000,6,33459000,9,33466000,11,33458000,12,33467000,6,33457000,10,33468000,8,33456000,16,33469000,11,33455000,12,33470000,9,33454000,13,33471000,12,33453000,10,33472000,10,33452000,10,33473000,13
33464000,5,33466000,6,33463000,5,33467000,6,33462000,5,33468000,5,33461000,6,33469000,9,33460000,10,33470000,8,33459000,12,33471000,12,33458000,14,33472000,8,33457000,10,33473000,13,33456000,15,33474000,11,33455000,12,33475000,9
33461000,3,33463000,3,33460000,11,33464000,12,33459000,9,33465000,7,33458000,12,33466000,8,33457000,10,33467000,6,33456000,17,33468000,6,33455000,12,33469000,9,33454000,14,33470000,10,33453000,10,33471000,11,33452000,10,33472000,8
33463000,6,33464000,6,33462000,10,33465000,5,33461000,5,33466000,6,33460000,8,33467000,5,33459000,10,33468000,7,33458000,12,33469000,10,33457000,7,33470000,9,33456000,18,33471000,10,33455000,13,33472000,8,33454000,14,33473000,11
33461000,2,33462000,6,33460000,8,33463000,5,33459000,9,33464000,7,33458000,11,33465000,5,33457000,6,33466000,11,33456000,16,33467000,7,33455000,14,33468000,9,33454000,13,33469000,12,33453000,10,33470000,9,33452000,10,33471000,10
33461000,5,33464000,7,33460000,12,33465000,8,33459000,17,33466000,10,33458000,20,33467000,10,33457000,8,33468000,8,33456000,18,33469000,11,33455000,15,33470000,9,33454000,13,33471000,11,33453000,10,33472000,8,33452000,10,33473000,11
33460000,9,33461000,1,33459000,13,33462000,5,33458000,20,33463000,6,33457000,11,33464000,10,33456000,15,33465000,7,33455000,15,33466000,12,33454000,13,33467000,11,33453000,10,33468000,10,33452000,10,33469000,10,33451000,11,33470000,9
33461000,2,33463000,5,33460000,7,33464000,6,33459000,9,33465000,5,33458000,15,33466000,9,33457000,14,33467000,12,33456000,15,33468000,9,33455000,16,33469000,11,33454000,13,33470000,8,33453000,10,33471000,10,33452000,10,33472000,8
33462000,3,33464000,4,33461000,10,33465000,6,33460000,13,33466000,9,33459000,10,33467000,7,33458000,17,33468000,6,33457000,16,33469000,11,33456000,27,33470000,9,33455000,14,33471000,11,33454000,13,33472000,8,33453000,10,33473000,11
33462000,6,33464000,4,33461000,6,33465000,6,33460000,15,33466000,10,33459000,11,33467000,7,33458000,18,33468000,7,33457000,16,33469000,10,33456000,27,33470000,10,33455000,14,33471000,11,33454000,13,33472000,8,33453000,10,33473000,11
33466000,8,33468000,1,33465000,6,33469000,6,33464000,8,33470000,6,33463000,5,33471000,11,33462000,9,33472000,7,33461000,10,33473000,12,33460000,22,33474000,11,33459000,15,33475000,11,33458000,20,33476000,8,33457000,18,33477000,8
33468000,5,33470000,4,33467000,4,33471000,6,33466000,6,33472000,6,33465000,7,33473000,10,33464000,10,33474000,8,33463000,9,33475000,11,33462000,11,33476000,11,33461000,9,33477000,7,33460000,20,33478000,12,33459000,16,33479000,14
33473000,5,33475000,5,33472000,5,33476000,5,33471000,5,33477000,6,33470000,6,33478000,10,33469000,7,33479000,16,33468000,12,33480000,49,33467000,6,33481000,9,33466000,10,33482000,23,33465000,10,33483000,12,33464000,12,33484000,11
33472000,6,33474000,4,33471000,5,33475000,7,33470000,6,33476000,4,33469000,6,33477000,5,33468000,12,33478000,10,33467000,7,33479000,14,33466000,10,33480000,49,33465000,9,33481000,10,33464000,12,33482000,23,33463000,8,33483000,12
33471000,4,33473000,2,33470000,7,33474000,5,33469000,6,33475000,7,33468000,5,33476000,4,33467000,6,33477000,8,33466000,9,33478000,13,33465000,11,33479000,16,33464000,13,33480000,47,33463000,8,33481000,9,33462000,10,33482000,23
33471000,4,33473000,2,33470000,7,33474000,5,33469000,6,33475000,7,33468000,5,33476000,4,33467000,6,33477000,8,33466000,9,33478000,13,33465000,11,33479000,16,33464000,13,33480000,47,33463000,8,33481000,9,33462000,10,33482000,23
33474000,3,33475000,1,33473000,7,33476000,3,33472000,10,33477000,4,33471000,9,33478000,4,33470000,12,33479000,6,33469000,11,33480000,44,33468000,10,33481000,9,33467000,6,33482000,22,33466000,10,33483000,12,33465000,10,33484000,11
33476000,4,33478000,2,33475000,5,33479000,4,33474000,5,33480000,42,33473000,9,33481000,6,33472000,10,33482000,24,33471000,12,33483000,13,33470000,14,33484000,13,33469000,12,33485000,9,33468000,11,33486000,13,33467000,6,33487000,8
33474000,5,33475000,2,33473000,8,33478000,4,33472000,10,33479000,6,33471000,11,33480000,50,33470000,14,33481000,8,33469000,12,33482000,22,33468000,11,33483000,13,33467000,7,33484000,13,33466000,12,33485000,9,33465000,10,33486000,13
33475000,5,33478000,5,33474000,6,33479000,6,33473000,8,33480000,51,33472000,10,33481000,9,33471000,9,33482000,23,33470000,15,33483000,13,33469000,12,33484000,12,33468000,11,33485000,9,33467000,7,33486000,13,33466000,12,33487000,9
33472000,5,33474000,3,33471000,6,33475000,6,33470000,11,33476000,4,33469000,10,33477000,5,33468000,13,33478000,10,33467000,7,33479000,9,33466000,12,33480000,46,33465000,11,33481000,12,33464000,12,33482000,22,33463000,9,33483000,13
33470000,4,33472000,2,33469000,7,33473000,6,33468000,10,33474000,5,33467000,10,33475000,6,33466000,13,33476000,6,33465000,16,33477000,8,33464000,12,33478000,15,33463000,8,33479000,11,33462000,12,33480000,48,33461000,9,33481000,10
33466000,8,33469000,6,33465000,13,33470000,6,33464000,12,33471000,6,33463000,11,33472000,5,33462000,13,33473000,9,33461000,10,33474000,6,33460000,22,33475000,9,33459000,17,33476000,9,33458000,22,33477000,9,33457000,18,33478000,11
33463000,4,33465000,1,33462000,9,33466000,5,33461000,10,33467000,29,33460000,23,33468000,7,33459000,18,33469000,8,33458000,25,33470000,8,33457000,17,33471000,8,33456000,26,33472000,10,33455000,24,33473000,11,33454000,24,33474000,9
33460000,5,33462000,4,33459000,15,33463000,5,33458000,23,33464000,6,33457000,15,33465000,7,33456000,25,33466000,6,33455000,25,33467000,7,33454000,24,33468000,12,33453000,10,33469000,11,33452000,10,33470000,8,33451000,11,33471000,7
33456000,17,33458000,3,33455000,22,33459000,5,33454000,22,33460000,5,33453000,9,33461000,6,33452000,11,33462000,7,33451000,10,33463000,8,33450000,15,33464000,11,33449000,12,33465000,8,33448000,10,33466000,9,33447000,12,33467000,6
33454000,2,33456000,3,33453000,5,33457000,6,33452000,7,33458000,6,33451000,6,33459000,5,33450000,14,33460000,11,33449000,15,33461000,10,33448000,11,33462000,9,33447000,12,33463000,8,33446000,11,33464000,8,33445000,8,33465000,7
33454000,7,33456000,2,33453000,7,33457000,10,33452000,6,33458000,6,33451000,10,33459000,5,33450000,16,33460000,10,33449000,13,33461000,9,33448000,11,33462000,11,33447000,13,33463000,8,33446000,10,33464000,8,33445000,8,33465000,7
33453000,1,33455000,5,33452000,7,33456000,6,33451000,10,33457000,9,33450000,16,33458000,7,33449000,14,33459000,6,33448000,18,33460000,10,33447000,18,33461000,10,33446000,12,33462000,11,33445000,8,33463000,8,33444000,14,33464000,8
33452000,3,33453000,1,33451000,10,33454000,4,33450000,16,33455000,7,33449000,12,33456000,6,33448000,18,33457000,10,33447000,17,33458000,7,33446000,12,33459000,8,33445000,8,33460000,11,33444000,14,33461000,10,33443000,8,33462000,10
33447000,4,33449000,3,33446000,5,33450000,6,33445000,7,33451000,6,33444000,10,33452000,5,33443000,9,33453000,9,33442000,10,33454000,8,33441000,9,33455000,9,33440000,11,33456000,8,33439000,8,33457000,11,33438000,15,33458000,9
33447000,2,33449000,4,33446000,5,33450000,5,33445000,7,33451000,7,33444000,11,33452000,4,33443000,8,33453000,8,33442000,11,33454000,9,33441000,9,33455000,10,33440000,11,33456000,9,33439000,8,33457000,9,33438000,12,33458000,9
33447000,2,33449000,6,33446000,5,33450000,5,33445000,4,33451000,7,33444000,20,33452000,6,33443000,18,33453000,9,33442000,15,33454000,8,33441000,11,33455000,10,33440000,11,33456000,9,33439000,9,33457000,9,33438000,14,33458000,10
33443000,10,33444000,4,33442000,14,33445000,6,33441000,17,33446000,6,33440000,23,33447000,6,33439000,19,33448000,8,33438000,22,33449000,9,33437000,15,33450000,10,33436000,9,33451000,9,33435000,11,33452000,10,33434000,13,33453000,9
33440000,12,33441000,3,33439000,2,33442000,7,33438000,23,33443000,6,33437000,17,33444000,6,33436000,9,33445000,7,33435000,14,33446000,9,33434000,12,33447000,8,33433000,8,33448000,11,33432000,12,33449000,10,33431000,8,33450000,8
33443000,3,33445000,4,33442000,4,33446000,6,33441000,6,33447000,6,33440000,5,33448000,6,33439000,6,33449000,9,33438000,7,33450000,10,33437000,9,33451000,9,33436000,12,33452000,11,33435000,14,33453000,10,33434000,11,33454000,11
33445000,2,33446000,2,33444000,7,33447000,3,33443000,4,33448000,6,33442000,5,33449000,7,33441000,7,33450000,8,33440000,6,33451000,9,33439000,9,33452000,10,33438000,20,33453000,8,33437000,21,33454000,10,33436000,11,33455000,7
33449000,3,33450000,6,33447000,1,33451000,8,33446000,3,33452000,7,33445000,5,33453000,8,33444000,11,33454000,11,33443000,8,33455000,10,33442000,9,33456000,9,33441000,10,33457000,9,33440000,11,33458000,12,33439000,8,33459000,8
33450000,4,33453000,5,33449000,6,33454000,5,33448000,10,33455000,8,33447000,4,33456000,10,33446000,7,33457000,10,33445000,10,33458000,10,33444000,9,33459000,7,33443000,9,33460000,9,33442000,9,33461000,9,33441000,10,33462000,11
33450000,1,33452000,3,33449000,5,33453000,5,33448000,8,33454000,5,33447000,6,33455000,8,33446000,7,33456000,10,33445000,10,33457000,10,33444000,9,33458000,10,33443000,9,33459000,7,33442000,8,33460000,9,33441000,10,33461000,9
33452000,1,33454000,4,33451000,5,33455000,6,33450000,6,33456000,8,33449000,7,33457000,8,33448000,11,33458000,9,33447000,8,33459000,9,33446000,9,33460000,9,33445000,11,33461000,7,33444000,12,33462000,10,33443000,8,33463000,7
33450000,3,33451000,1,33449000,6,33452000,3,33448000,9,33453000,4,33447000,8,33454000,6,33446000,8,33455000,8,33445000,11,33456000,8,33444000,11,33457000,10,33443000,8,33458000,10,33442000,8,33459000,9,33441000,10,33460000,10
33448000,1,33449000,2,33447000,3,33450000,4,33446000,5,33451000,4,33445000,10,33452000,7,33444000,10,33453000,6,33443000,9,33454000,8,33442000,8,33455000,9,33441000,10,33456000,12,33440000,9,33457000,10,33439000,8,33458000,9
33445000,1,33446000,1,33444000,6,33447000,5,33443000,6,33448000,5,33442000,8,33449000,5,33441000,11,33450000,6,33440000,9,33451000,6,33439000,8,33452000,9,33438000,20,33453000,8,33437000,19,33454000,11,33436000,23,33455000,9
33439000,1,33441000,4,33438000,5,33442000,5,33437000,7,33443000,4,33436000,10,33444000,6,33435000,15,33445000,7,33434000,12,33446000,7,33433000,8,33447000,10,33432000,11,33448000,11,33431000,8,33449000,9,33430000,10,33450000,9
33437000,3,33439000,2,33436000,4,33440000,5,33435000,12,33441000,5,33434000,9,33442000,5,33433000,10,33443000,7,33432000,12,33444000,9,33431000,8,33445000,10,33430000,10,33446000,8,33429000,8,33447000,10,33428000,13,33448000,10
33437000,3,33439000,2,33436000,4,33440000,5,33435000,12,33441000,5,33434000,9,33442000,5,33433000,10,33443000,7,33432000,12,33444000,9,33431000,8,33445000,10,33430000,10,33446000,8,33429000,8,33447000,10,33428000,13,33448000,10
33439000,3,33442000,1,33438000,6,33446000,7,33437000,7,33447000,10,33436000,4,33448000,10,33435000,12,33449000,7,33434000,9,33450000,9,33433000,10,33451000,6,33432000,12,33452000,9,33431000,8,33453000,8,33430000,10,33454000,24
33444000,1,33445000,1,33442000,10,33446000,3,33441000,10,33447000,8,33440000,10,33448000,8,33439000,11,33449000,7,33438000,10,33450000,9,33437000,14,33451000,7,33436000,8,33452000,9,33435000,13,33453000,8,33434000,13,33454000,24
33443000,1,33445000,4,33442000,6,33446000,8,33441000,8,33447000,5,33440000,10,33448000,8,33439000,11,33449000,7,33438000,13,33450000,10,33437000,13,33451000,7,33436000,10,33452000,10,33435000,13,33453000,7,33434000,12,33454000,23
33444000,3,33445000,3,33443000,5,33446000,3,33442000,5,33447000,5,33441000,9,33448000,7,33440000,11,33449000,7,33439000,12,33450000,9,33438000,14,33451000,7,33437000,14,33452000,20,33436000,11,33453000,17,33435000,13,33454000,23
33447000,2,33448000,1,33446000,3,33449000,5,33445000,7,33450000,7,33444000,9,33451000,12,33443000,8,33452000,16,33442000,9,33453000,17,33441000,11,33454000,23,33440000,14,33455000,21,33439000,12,33456000,21,33438000,14,33457000,23
33444000,1,33445000,2,33443000,3,33446000,5,33442000,8,33447000,5,33441000,9,33448000,5,33440000,14,33449000,7,33439000,13,33450000,8,33438000,16,33451000,5,33437000,12,33452000,11,33436000,11,33453000,17,33435000,13,33454000,21
33441000,2,33443000,4,33440000,5,33444000,6,33439000,11,33445000,6,33438000,12,33446000,6,33437000,15,33447000,7,33436000,13,33448000,8,33435000,13,33449000,9,33434000,11,33450000,8,33433000,8,33451000,8,33432000,13,33452000,8
33438000,3,33439000,1,33437000,6,33440000,8,33436000,7,33441000,4,33435000,12,33442000,6,33434000,11,33443000,7,33433000,8,33444000,8,33432000,11,33445000,8,33431000,9,33446000,9,33430000,10,33447000,10,33429000,8,33448000,10
33439000,4,33441000,2,33438000,6,33442000,6,33437000,5,33443000,4,33436000,4,33444000,8,33435000,14,33445000,8,33434000,13,33446000,7,33433000,8,33447000,10,33432000,12,33448000,10,33431000,9,33449000,10,33430000,10,33450000,9
33438000,3,33440000,1,33437000,5,33441000,4,33436000,4,33442000,7,33435000,13,33443000,5,33434000,10,33444000,9,33433000,8,33445000,8,33432000,12,33446000,8,33431000,9,33447000,10,33430000,10,33448000,10,33429000,8,33449000,10
33439000,8,33441000,1,33438000,6,33442000,6,33437000,5,33443000,8,33436000,5,33444000,8,33435000,13,33445000,8,33434000,9,33446000,9,33433000,8,33447000,9,33432000,12,33448000,9,33431000,9,33449000,9,33430000,10,33450000,8
33443000,2,33444000,1,33442000,4,33445000,3,33441000,6,33446000,5,33440000,10,33447000,8,33439000,6,33448000,9,33438000,9,33449000,8,33437000,8,33450000,8,33436000,10,33451000,7,33435000,14,33452000,9,33434000,11,33453000,18
33448000,1,33449000,3,33447000,2,33450000,5,33446000,3,33451000,4,33445000,3,33452000,7,33444000,6,33453000,7,33443000,6,33454000,14,33442000,8,33455000,22,33441000,7,33456000,20,33440000,15,33457000,23,33439000,8,33458000,20
33447000,1,33449000,4,33446000,4,33450000,5,33445000,7,33451000,6,33444000,5,33452000,14,33443000,8,33453000,6,33442000,7,33454000,11,33441000,7,33455000,11,33440000,13,33456000,10,33439000,8,33457000,22,33438000,13,33458000,20
33448000,1,33450000,5,33447000,4,33451000,5,33446000,4,33452000,12,33445000,9,33453000,7,33444000,5,33454000,11,33443000,8,33455000,11,33442000,9,33456000,10,33441000,7,33457000,22,33440000,13,33458000,20,33439000,8,33459000,18
33445000,3,33447000,4,33444000,3,33448000,5,33443000,6,33449000,6,33442000,4,33450000,7,33441000,7,33451000,7,33440000,15,33452000,13,33439000,8,33453000,8,33438000,13,33454000,14,33437000,8,33455000,11,33436000,8,33456000,9
33447000,3,33448000,1,33446000,7,33449000,3,33445000,5,33450000,6,33444000,7,33451000,9,33443000,4,33452000,13,33442000,6,33453000,7,33441000,8,33454000,12,33440000,15,33455000,12,33439000,8,33456000,10,33438000,13,33457000,22
33445000,2,33447000,2,33444000,5,33448000,7,33443000,3,33449000,5,33442000,5,33450000,8,33441000,8,33451000,7,33440000,13,33452000,12,33439000,8,33453000,8,33438000,13,33454000,14,33437000,8,33455000,12,33436000,8,33456000,9
33440000,5,33441000,2,33439000,3,33442000,5,33438000,8,33443000,3,33437000,8,33444000,5,33436000,9,33445000,5,33435000,16,33446000,7,33434000,11,33447000,8,33433000,8,33448000,12,33432000,13,33449000,11,33431000,8,33450000,9
33441000,5,33443000,3,33440000,5,33444000,4,33439000,5,33445000,4,33438000,5,33446000,8,33437000,7,33447000,8,33436000,9,33448000,11,33435000,17,33449000,10,33434000,12,33450000,9,33433000,8,33451000,9,33432000,12,33452000,15
33444000,10,33446000,1,33443000,6,33447000,5,33442000,4,33448000,7,33441000,6,33449000,8,33440000,7,33450000,7,33439000,7,33451000,8,33438000,10,33452000,15,33437000,9,33453000,8,33436000,8,33454000,12,33435000,14,33455000,11
33444000,4,33446000,4,33443000,6,33447000,7,33442000,4,33448000,5,33441000,7,33449000,8,33440000,8,33450000,7,33439000,7,33451000,11,33438000,9,33452000,15,33437000,8,33453000,8,33436000,8,33454000,12,33435000,14,33455000,11
33446000,1,33447000,2,33445000,4,33448000,4,33444000,5,33449000,7,33443000,4,33450000,7,33442000,7,33451000,12,33441000,6,33452000,15,33440000,10,33453000,7,33439000,9,33454000,12,33438000,10,33455000,9,33437000,8,33456000,20
33443000,2,33445000,2,33442000,5,33446000,6,33441000,5,33447000,7,33440000,8,33448000,6,33439000,9,33449000,8,33438000,10,33450000,7,33437000,7,33451000,12,33436000,8,33452000,14,33435000,14,33453000,7,33434000,11,33454000,12
33440000,4,33441000,1,33439000,3,33442000,6,33438000,6,33443000,4,33437000,8,33444000,4,33436000,8,33445000,16,33435000,16,33446000,6,33434000,11,33447000,6,33433000,8,33448000,8,33432000,13,33449000,11,33431000,8,33450000,12
33442000,2,33443000,1,33441000,6,33444000,5,33440000,4,33445000,15,33439000,6,33446000,7,33438000,6,33447000,8,33437000,11,33448000,10,33436000,10,33449000,10,33435000,16,33450000,11,33434000,12,33451000,9,33433000,8,33452000,13
33445000,2,33446000,1,33444000,8,33447000,6,33443000,5,33448000,6,33442000,5,33449000,7,33441000,6,33450000,10,33440000,6,33451000,10,33439000,10,33452000,13,33438000,12,33453000,8,33437000,11,33454000,13,33436000,12,33455000,20
33447000,3,33449000,4,33446000,5,33450000,8,33445000,6,33451000,7,33444000,5,33452000,13,33443000,6,33453000,9,33442000,6,33454000,13,33441000,9,33455000,20,33440000,9,33456000,20,33439000,11,33457000,25,33438000,12,33458000,21
33450000,8,33452000,6,33449000,5,33453000,5,33448000,7,33454000,7,33447000,8,33455000,9,33446000,12,33456000,18,33445000,11,33457000,21,33444000,11,33458000,20,33443000,9,33459000,18,33442000,10,33460000,22,33441000,8,33461000,18
33449000,7,33452000,3,33448000,8,33453000,8,33447000,8,33454000,7,33446000,13,33455000,7,33445000,13,33456000,8,33444000,11,33457000,21,33443000,8,33458000,22,33442000,8,33459000,19,33441000,9,33460000,22,33440000,9,33461000,18
33451000,1,33452000,1,33450000,5,33453000,5,33449000,6,33454000,6,33448000,7,33455000,8,33447000,8,33456000,9,33446000,10,33457000,10,33445000,10,33458000,19,33444000,11,33459000,19,33443000,10,33460000,23,33442000,8,33461000,18
33449000,2,33450000,5,33448000,5,33451000,6,33447000,7,33452000,5,33446000,9,33453000,7,33445000,10,33454000,9,33444000,10,33455000,7,33443000,10,33456000,9,33442000,7,33457000,10,33441000,9,33458000,21,33440000,9,33459000,20
33449000,3,33451000,1,33448000,6,33452000,5,33447000,8,33453000,6,33446000,8,33454000,10,33445000,9,33455000,8,33444000,9,33456000,12,33443000,10,33457000,13,33442000,7,33458000,19,33441000,9,33459000,19,33440000,9,33460000,23
33448000,1,33449000,1,33447000,8,33450000,5,33446000,8,33451000,6,33445000,10,33452000,5,33444000,10,33453000,5,33443000,9,33454000,11,33442000,9,33455000,10,33441000,9,33456000,12,33440000,9,33457000,12,33439000,9,33458000,19
33445000,2,33447000,3,33444000,6,33448000,5,33443000,8,33449000,6,33442000,10,33450000,7,33441000,13,33451000,7,33440000,9,33452000,9,33439000,9,33453000,7,33438000,12,33454000,11,33437000,9,33455000,9,33436000,12,33456000,11
33440000,3,33441000,1,33439000,6,33442000,3,33438000,10,33443000,6,33437000,8,33444000,6,33436000,11,33445000,8,33435000,16,33446000,7,33434000,11,33447000,6,33433000,9,33448000,9,33432000,13,33449000,9,33431000,9,33450000,7
33442000,2,33444000,4,33441000,5,33445000,6,33440000,5,33446000,4,33439000,8,33447000,6,33438000,7,33448000,9,33437000,9,33449000,9,33436000,14,33450000,7,33435000,15,33451000,8,33434000,12,33452000,7,33433000,9,33453000,6
33441000,4,33443000,2,33440000,5,33444000,6,33439000,8,33445000,5,33438000,7,33446000,5,33437000,10,33447000,6,33436000,14,33448000,8,33435000,14,33449000,9,33434000,13,33450000,8,33433000,9,33451000,9,33432000,13,33452000,7
33438000,1,33439000,2,33437000,3,33440000,6,33436000,10,33441000,3,33435000,13,33442000,5,33434000,11,33443000,6,33433000,10,33444000,8,33432000,13,33445000,8,33431000,8,33446000,9,33430000,11,33447000,7,33429000,8,33448000,8
33437000,1,33438000,1,33436000,5,33439000,6,33435000,11,33440000,5,33434000,10,33441000,3,33433000,10,33442000,5,33432000,14,33443000,7,33431000,8,33444000,9,33430000,11,33445000,8,33429000,8,33446000,9,33428000,14,33447000,7
33438000,2,33439000,1,33437000,4,33440000,3,33436000,7,33441000,4,33435000,8,33442000,7,33434000,8,33443000,8,33433000,6,33444000,9,33432000,13,33445000,7,33431000,9,33446000,9,33430000,14,33447000,7,33429000,8,33448000,8
33438000,6,33441000,4,33437000,4,33442000,6,33436000,6,33443000,7,33435000,6,33444000,8,33434000,8,33445000,8,33433000,7,33446000,10,33432000,13,33447000,6,33431000,9,33448000,7,33430000,15,33449000,10,33429000,8,33450000,11
33442000,2,33444000,2,33441000,5,33445000,5,33440000,4,33446000,6,33439000,13,33447000,6,33438000,11,33448000,6,33437000,8,33449000,9,33436000,13,33450000,9,33435000,12,33451000,8,33434000,10,33452000,8,33433000,6,33453000,7
33440000,1,33441000,1,33439000,5,33442000,7,33438000,10,33443000,6,33437000,7,33444000,5,33436000,10,33445000,4,33435000,12,33446000,9,33434000,10,33447000,6,33433000,6,33448000,9,33432000,12,33449000,11,33431000,8,33450000,10
33437000,4,33439000,1,33436000,7,33440000,5,33435000,10,33441000,5,33434000,11,33442000,5,33433000,8,33443000,8,33432000,13,33444000,6,33431000,8,33445000,8,33430000,14,33446000,11,33429000,8,33447000,8,33428000,14,33448000,9
33435000,3,33437000,1,33434000,5,33438000,5,33433000,7,33439000,3,33432000,9,33440000,5,33431000,9,33441000,9,33430000,14,33442000,9,33429000,8,33443000,11,33428000,14,33444000,9,33427000,12,33445000,9,33426000,17,33446000,10
33442000,3,33444000,1,33441000,5,33445000,10,33440000,4,33446000,4,33439000,5,33447000,7,33438000,9,33448000,9,33437000,11,33449000,8,33436000,12,33450000,9,33435000,12,33451000,9,33434000,12,33452000,7,33433000,8,33453000,7
33443000,2,33445000,6,33442000,4,33446000,4,33441000,6,33447000,4,33440000,5,33448000,8,33439000,7,33449000,8,33438000,11,33450000,11,33437000,12,33451000,9,33436000,13,33452000,7,33435000,11,33453000,7,33434000,12,33454000,11
33443000,5,33445000,6,33442000,4,33446000,3,33441000,5,33447000,4,33440000,4,33448000,9,33439000,7,33449000,9,33438000,10,33450000,11,33437000,12,33451000,9,33436000,13,33452000,7,33435000,12,33453000,7,33434000,12,33454000,11
33442000,4,33443000,1,33441000,2,33444000,4,33440000,7,33445000,4,33439000,8,33446000,5,33438000,12,33447000,4,33437000,12,33448000,7,33436000,13,33449000,9,33435000,13,33450000,16,33434000,13,33451000,9,33433000,10,33452000,7
33439000,2,33441000,1,33438000,6,33442000,3,33437000,9,33443000,4,33436000,9,33444000,7,33435000,13,33445000,6,33434000,13,33446000,8,33433000,11,33447000,7,33432000,12,33448000,8,33431000,8,33449000,10,33430000,13,33450000,14
33436000,1,33437000,2,33435000,6,33438000,4,33434000,10,33439000,5,33433000,8,33440000,4,33432000,11,33441000,10,33431000,9,33442000,6,33430000,13,33443000,8,33429000,8,33444000,12,33428000,14,33445000,9,33427000,12,33446000,9
33434000,4,33436000,3,33433000,8,33437000,4,33432000,11,33438000,5,33431000,7,33439000,6,33430000,12,33440000,6,33429000,8,33441000,12,33428000,14,33442000,9,33427000,12,33443000,7,33426000,17,33444000,9,33425000,12,33445000,8
33440000,2,33442000,2,33439000,4,33443000,5,33438000,6,33444000,4,33437000,6,33445000,7,33436000,6,33446000,6,33435000,11,33447000,7,33434000,12,33448000,7,33433000,11,33449000,9,33432000,13,33450000,14,33431000,9,33451000,8
33440000,2,33443000,4,33439000,5,33444000,9,33438000,10,33445000,6,33437000,6,33446000,7,33436000,8,33447000,6,33435000,11,33448000,9,33434000,12,33449000,10,33433000,10,33450000,14,33432000,13,33451000,19,33431000,9,33452000,18
33440000,5,33442000,2,33439000,6,33443000,2,33438000,14,33444000,4,33437000,9,33445000,4,33436000,10,33446000,6,33435000,16,33447000,8,33434000,9,33448000,8,33433000,10,33449000,10,33432000,13,33450000,15,33431000,9,33451000,18
33440000,5,33442000,2,33439000,6,33443000,2,33438000,14,33444000,4,33437000,9,33445000,4,33436000,10,33446000,6,33435000,16,33447000,8,33434000,9,33448000,8,33433000,10,33449000,10,33432000,13,33450000,15,33431000,9,33451000,18
33440000,4,33442000,1,33439000,6,33443000,3,33438000,14,33444000,5,33437000,7,33445000,5,33436000,11,33446000,5,33435000,15,33447000,7,33434000,11,33448000,8,33433000,10,33449000,10,33432000,13,33450000,15,33431000,9,33451000,17
33439000,2,33441000,3,33438000,11,33442000,3,33437000,8,33443000,5,33436000,9,33444000,5,33435000,15,33445000,5,33434000,14,33446000,9,33433000,10,33447000,8,33432000,13,33448000,8,33431000,9,33449000,10,33430000,13,33450000,14
33437000,5,33439000,1,33436000,5,33440000,2,33435000,12,33441000,5,33434000,10,33442000,5,33433000,10,33443000,8,33432000,14,33444000,7,33431000,9,33445000,8,33430000,13,33446000,10,33429000,9,33447000,7,33428000,13,33448000,7
33437000,1,33439000,3,33436000,5,33440000,4,33435000,12,33441000,4,33434000,10,33442000,5,33433000,12,33443000,3,33432000,14,33444000,6,33431000,9,33445000,7,33430000,13,33446000,10,33429000,9,33447000,8,33428000,13,33448000,7
33435000,2,33437000,1,33434000,6,33438000,3,33433000,6,33439000,4,33432000,10,33440000,4,33431000,9,33441000,6,33430000,15,33442000,8,33429000,10,33443000,5,33428000,13,33444000,8,33427000,12,33445000,6,33426000,15,33446000,8
33437000,1,33438000,1,33436000,3,33439000,4,33435000,6,33440000,4,33434000,5,33441000,7,33433000,6,33442000,6,33432000,7,33443000,6,33431000,7,33444000,9,33430000,10,33445000,6,33429000,9,33446000,7,33428000,14,33447000,8
33433000,1,33435000,4,33432000,4,33436000,4,33431000,5,33437000,4,33430000,7,33438000,9,33429000,9,33439000,8,33428000,14,33440000,12,33427000,11,33441000,9,33426000,16,33442000,7,33425000,11,33443000,4,33424000,8,33444000,8
33434000,4,33436000,1,33433000,4,33437000,3,33432000,7,33438000,9,33431000,5,33439000,9,33430000,8,33440000,11,33429000,9,33441000,9,33428000,14,33442000,7,33427000,12,33443000,4,33426000,16,33444000,8,33425000,11,33445000,6
33433000,2,33435000,1,33432000,4,33436000,3,33431000,6,33437000,5,33430000,4,33438000,6,33429000,9,33439000,8,33428000,14,33440000,11,33427000,12,33441000,9,33426000,16,33442000,7,33425000,11,33443000,5,33424000,8,33444000,8
33436000,1,33437000,2,33435000,2,33438000,4,33434000,5,33439000,6,33433000,5,33440000,4,33432000,5,33441000,10,33431000,9,33442000,6,33430000,8,33443000,6,33429000,8,33444000,8,33428000,14,33445000,7,33427000,11,33446000,8
33429000,5,33432000,2,33428000,11,33433000,5,33427000,12,33434000,6,33426000,15,33435000,8,33425000,13,33436000,6,33424000,8,33437000,5,33423000,12,33438000,11,33422000,9,33439000,9,33421000,10,33440000,10,33420000,20,33441000,7
33429000,1,33431000,4,33428000,6,33432000,5,33427000,11,33433000,4,33426000,12,33434000,6,33425000,14,33435000,9,33424000,11,33436000,9,33423000,12,33437000,5,33422000,9,33438000,11,33421000,10,33439000,8,33420000,20,33440000,9
33426000,5,33427000,2,33425000,6,33428000,4,33424000,7,33429000,6,33423000,11,33430000,6,33422000,9,33431000,10,33421000,12,33432000,8,33420000,20,33433000,11,33419000,9,33434000,13,33418000,14,33435000,10,33417000,10,33436000,9
33425000,3,33427000,4,33424000,3,33428000,4,33423000,8,33429000,7,33422000,8,33430000,6,33421000,11,33431000,10,33420000,20,33432000,9,33419000,9,33433000,12,33418000,14,33434000,13,33417000,10,33435000,10,33416000,23,33436000,9
33425000,3,33427000,4,33424000,3,33428000,4,33423000,8,33429000,7,33422000,8,33430000,6,33421000,11,33431000,10,33420000,20,33432000,9,33419000,9,33433000,12,33418000,14,33434000,13,33417000,10,33435000,10,33416000,23,33436000,9
33423000,1,33425000,5,33422000,3,33426000,7,33421000,8,33427000,9,33420000,9,33428000,11,33419000,7,33429000,7,33418000,14,33430000,9,33417000,10,33431000,11,33416000,23,33432000,11,33415000,20,33433000,10,33414000,23,33434000,11
33420000,6,33422000,4,33419000,5,33423000,5,33418000,8,33424000,8,33417000,10,33425000,6,33416000,24,33426000,7,33415000,21,33427000,11,33414000,23,33428000,13,33413000,20,33429000,10,33412000,20,33430000,11,33411000,18,33431000,13
33424000,2,33426000,3,33423000,5,33427000,7,33422000,4,33428000,6,33421000,4,33429000,5,33420000,8,33430000,9,33419000,9,33431000,10,33418000,15,33432000,14,33417000,11,33433000,11,33416000,13,33434000,12,33415000,10,33435000,11
33428000,2,33430000,2,33427000,5,33431000,8,33426000,4,33432000,9,33425000,6,33433000,9,33424000,7,33434000,10,33423000,7,33435000,12,33422000,9,33436000,11,33421000,8,33437000,5,33420000,11,33438000,12,33419000,10,33439000,7
33432000,2,33433000,3,33431000,5,33434000,4,33430000,7,33435000,9,33429000,7,33436000,11,33428000,7,33437000,8,33427000,11,33438000,13,33426000,9,33439000,6,33425000,12,33440000,10,33424000,11,33441000,7,33423000,8,33442000,7
33430000,1,33432000,1,33429000,8,33433000,5,33428000,7,33434000,5,33427000,9,33435000,8,33426000,8,33436000,8,33425000,12,33437000,7,33424000,12,33438000,14,33423000,8,33439000,9,33422000,8,33440000,12,33421000,6,33441000,9
33432000,1,33434000,3,33431000,5,33435000,9,33430000,4,33436000,8,33429000,7,33437000,8,33428000,8,33438000,11,33427000,9,33439000,11,33426000,10,33440000,11,33425000,12,33441000,9,33424000,11,33442000,7,33423000,8,33443000,6
33431000,1,33433000,3,33430000,5,33434000,6,33429000,7,33435000,7,33428000,7,33436000,9,33427000,11,33437000,8,33426000,11,33438000,10,33425000,12,33439000,10,33424000,10,33440000,13,33423000,9,33441000,9,33422000,8,33442000,7
33431000,3,33434000,5,33430000,6,33435000,6,33429000,6,33436000,9,33428000,7,33437000,8,33427000,10,33438000,11,33426000,9,33439000,11,33425000,12,33440000,12,33424000,12,33441000,9,33423000,9,33442000,7,33422000,9,33443000,6
33437000,1,33438000,1,33436000,3,33439000,6,33435000,4,33440000,8,33434000,6,33441000,9,33433000,8,33442000,10,33432000,6,33443000,6,33431000,8,33444000,10,33430000,10,33445000,7,33429000,9,33446000,8,33428000,15,33447000,7
33438000,2,33440000,2,33437000,6,33441000,6,33436000,5,33442000,7,33435000,9,33443000,7,33434000,7,33444000,11,33433000,12,33445000,8,33432000,11,33446000,8,33431000,10,33447000,7,33430000,10,33448000,20,33429000,8,33449000,20
33444000,2,33446000,2,33443000,5,33447000,7,33442000,5,33448000,10,33441000,6,33449000,9,33440000,6,33450000,13,33439000,9,33451000,23,33438000,12,33452000,19,33437000,7,33453000,17,33436000,12,33454000,24,33435000,12,33455000,20
33446000,1,33447000,1,33445000,4,33448000,7,33444000,7,33449000,8,33443000,6,33450000,11,33442000,6,33451000,23,33441000,7,33452000,22,33440000,9,33453000,17,33439000,9,33454000,24,33438000,12,33455000,20,33437000,6,33456000,24
33443000,5,33444000,13,33442000,6,33445000,1,33441000,6,33446000,4,33440000,10,33447000,4,33439000,9,33448000,6,33438000,12,33449000,12,33437000,7,33450000,11,33436000,10,33451000,10,33435000,13,33452000,22,33434000,11,33453000,18
33444000,3,33447000,4,33443000,5,33448000,6,33442000,6,33449000,12,33441000,6,33450000,10,33440000,10,33451000,12,33439000,8,33452000,23,33438000,12,33453000,17,33437000,8,33454000,24,33436000,10,33455000,20,33435000,13,33456000,24
33444000,5,33445000,1,33443000,5,33446000,6,33442000,7,33447000,6,33441000,7,33448000,9,33440000,10,33449000,13,33439000,9,33450000,14,33438000,11,33451000,13,33437000,7,33452000,22,33436000,10,33453000,18,33435000,13,33454000,24
33441000,3,33444000,4,33440000,7,33445000,6,33439000,7,33446000,8,33438000,7,33447000,9,33437000,7,33448000,14,33436000,12,33449000,15,33435000,13,33450000,17,33434000,11,33451000,15,33433000,13,33452000,21,33432000,13,33453000,17
33443000,2,33445000,1,33442000,5,33446000,8,33441000,6,33447000,9,33440000,7,33448000,13,33439000,7,33449000,14,33438000,8,33450000,15,33437000,7,33451000,15,33436000,12,33452000,21,33435000,13,33453000,17,33434000,10,33454000,24
33445000,1,33447000,3,33444000,6,33448000,12,33443000,7,33449000,11,33442000,7,33450000,14,33441000,8,33451000,14,33440000,9,33452000,22,33439000,9,33453000,17,33438000,11,33454000,24,33437000,7,33455000,20,33436000,10,33456000,26
33444000,2,33446000,6,33443000,4,33447000,4,33442000,8,33448000,5,33441000,7,33449000,7,33440000,11,33450000,15,33439000,9,33451000,15,33438000,9,33452000,22,33437000,7,33453000,19,33436000,10,33454000,25,33435000,13,33455000,20
33447000,2,33449000,5,33446000,5,33450000,14,33445000,5,33451000,10,33444000,8,33452000,20,33443000,8,33453000,19,33442000,8,33454000,27,33441000,11,33455000,20,33440000,15,33456000,21,33439000,10,33457000,21,33438000,9,33458000,28
33444000,7,33445000,2,33443000,5,33446000,5,33442000,8,33447000,5,33441000,8,33448000,8,33440000,11,33449000,7,33439000,9,33450000,10,33438000,10,33451000,12,33437000,7,33452000,14,33436000,11,33453000,19,33435000,14,33454000,16
33441000,4,33443000,1,33440000,7,33444000,4,33439000,8,33445000,5,33438000,7,33446000,6,33437000,8,33447000,6,33436000,12,33448000,11,33435000,15,33449000,10,33434000,10,33450000,12,33433000,11,33451000,11,33432000,13,33452000,13
33435000,10,33438000,6,33434000,8,33439000,5,33433000,8,33440000,6,33432000,11,33441000,6,33431000,10,33442000,7,33430000,12,33443000,7,33429000,8,33444000,10,33428000,11,33445000,12,33427000,10,33446000,13,33426000,12,33447000,8
33439000,3,33441000,1,33438000,7,33442000,5,33437000,9,33443000,4,33436000,8,33444000,8,33435000,7,33445000,11,33434000,11,33446000,10,33433000,11,33447000,9,33432000,15,33448000,12,33431000,9,33449000,9,33430000,12,33450000,11
33437000,1,33438000,2,33436000,4,33439000,6,33435000,7,33440000,7,33434000,7,33441000,7,33433000,11,33442000,8,33432000,15,33443000,8,33431000,9,33444000,8,33430000,12,33445000,13,33429000,9,33446000,10,33428000,9,33447000,10
33434000,3,33436000,5,33433000,4,33437000,4,33432000,9,33438000,6,33431000,8,33439000,6,33430000,11,33440000,11,33429000,10,33441000,11,33428000,12,33442000,12,33427000,9,33443000,8,33426000,12,33444000,10,33425000,13,33445000,9
33431000,1,33432000,2,33430000,5,33433000,4,33429000,7,33434000,5,33428000,8,33435000,7,33427000,9,33436000,6,33426000,13,33437000,9,33425000,13,33438000,12,33424000,9,33439000,9,33423000,10,33440000,12,33422000,10,33441000,10
33432000,5,33435000,5,33431000,6,33436000,7,33430000,9,33437000,7,33429000,7,33438000,8,33428000,8,33439000,9,33427000,10,33440000,12,33426000,13,33441000,10,33425000,14,33442000,11,33424000,9,33443000,8,33423000,10,33444000,11
33432000,1,33434000,3,33431000,7,33435000,6,33430000,9,33436000,6,33429000,7,33437000,7,33428000,9,33438000,7,33427000,10,33439000,10,33426000,13,33440000,12,33425000,13,33441000,11,33424000,9,33442000,11,33423000,10,33443000,8
33429000,1,33430000,4,33428000,4,33431000,6,33427000,8,33432000,4,33426000,10,33433000,4,33425000,13,33434000,9,33424000,9,33435000,8,33423000,10,33436000,9,33422000,10,33437000,11,33421000,6,33438000,11,33420000,11,33439000,9
33429000,5,33432000,5,33428000,4,33433000,4,33427000,7,33434000,7,33426000,10,33435000,8,33425000,12,33436000,8,33424000,10,33437000,11,33423000,10,33438000,11,33422000,10,33439000,9,33421000,6,33440000,10,33420000,11,33441000,10
33429000,2,33430000,1,33428000,3,33431000,4,33427000,7,33432000,5,33426000,9,33433000,7,33425000,12,33434000,8,33424000,10,33435000,9,33423000,10,33436000,9,33422000,10,33437000,11,33421000,6,33438000,11,33420000,11,33439000,8
33426000,1,33428000,3,33425000,6,33429000,5,33424000,7,33430000,6,33423000,9,33431000,5,33422000,15,33432000,6,33421000,7,33433000,9,33420000,21,33434000,12,33419000,20,33435000,9,33418000,23,33436000,9,33417000,20,33437000,9
33428000,4,33431000,4,33427000,12,33432000,5,33426000,6,33433000,7,33425000,6,33434000,11,33424000,7,33435000,9,33423000,12,33436000,10,33422000,16,33437000,9,33421000,7,33438000,12,33420000,22,33439000,10,33419000,20,33440000,12
33427000,6,33428000,1,33426000,5,33429000,4,33425000,7,33430000,7,33424000,6,33431000,6,33423000,12,33432000,7,33422000,16,33433000,10,33421000,6,33434000,11,33420000,21,33435000,9,33419000,20,33436000,11,33418000,23,33437000,8
33425000,2,33427000,6,33424000,5,33428000,8,33423000,10,33429000,7,33422000,13,33430000,8,33421000,9,33431000,8,33420000,21,33432000,7,33419000,20,33433000,11,33418000,23,33434000,12,33417000,19,33435000,9,33416000,23,33436000,11
33422000,6,33424000,3,33421000,5,33425000,5,33420000,21,33426000,6,33419000,20,33427000,5,33418000,22,33428000,10,33417000,20,33429000,9,33416000,22,33430000,13,33415000,22,33431000,12,33414000,26,33432000,12,33413000,18,33433000,11
33423000,1,33425000,2,33422000,6,33426000,6,33421000,7,33427000,5,33420000,7,33428000,9,33419000,20,33429000,9,33418000,22,33430000,12,33417000,20,33431000,11,33416000,23,33432000,11,33415000,23,33433000,11,33414000,26,33434000,10
33422000,6,33425000,3,33421000,7,33426000,6,33420000,8,33427000,6,33419000,19,33428000,9,33418000,21,33429000,9,33417000,20,33430000,12,33416000,23,33431000,11,33415000,22,33432000,11,33414000,26,33433000,11,33413000,17,33434000,10
33419000,4,33422000,15,33418000,19,33423000,9,33417000,17,33424000,8,33416000,20,33425000,7,33415000,22,33426000,10,33414000,26,33427000,9,33413000,17,33428000,16,33412000,22,33429000,11,33411000,18,33430000,15,33410000,24,33431000,12
33421000,1,33422000,10,33420000,6,33423000,7,33419000,8,33424000,8,33418000,19,33425000,7,33417000,17,33426000,10,33416000,21,33427000,11,33415000,22,33428000,16,33414000,26,33429000,11,33413000,17,33430000,14,33412000,22,33431000,10
33418000,3,33419000,1,33417000,27,33420000,2,33416000,21,33421000,6,33415000,22,33422000,5,33414000,23,33423000,8,33413000,18,33424000,9,33412000,22,33425000,8,33411000,18,33426000,9,33410000,22,33427000,11,33409000,22,33428000,13
33416000,11,33418000,6,33415000,18,33419000,8,33414000,20,33420000,8,33413000,19,33421000,11,33412000,22,33422000,9,33411000,19,33423000,9,33410000,22,33424000,14,33409000,21,33425000,10,33408000,25,33426000,10,33407000,19,33427000,10
33415000,1,33416000,3,33414000,4,33417000,5,33413000,7,33418000,8,33412000,9,33419000,6,33411000,8,33420000,7,33410000,16,33421000,12,33409000,9,33422000,12,33408000,16,33423000,11,33407000,8,33424000,15,33406000,18,33425000,11
33416000,4,33418000,1,33415000,11,33419000,5,33414000,7,33420000,7,33413000,4,33421000,10,33412000,6,33422000,13,33411000,10,33423000,12,33410000,14,33424000,15,33409000,12,33425000,8,33408000,17,33426000,12,33407000,9,33427000,12
33417000,9,33419000,5,33416000,4,33420000,4,33415000,8,33421000,10,33414000,8,33422000,10,33413000,10,33423000,9,33412000,8,33424000,15,33411000,11,33425000,10,33410000,14,33426000,12,33409000,11,33427000,20,33408000,16,33428000,20
33421000,1,33422000,2,33420000,4,33423000,4,33419000,5,33424000,9,33418000,8,33425000,8,33417000,7,33426000,11,33416000,7,33427000,8,33415000,11,33428000,13,33414000,14,33429000,10,33413000,13,33430000,13,33412000,10,33431000,10
33419000,3,33421000,3,33418000,8,33422000,6,33417000,6,33423000,6,33416000,7,33424000,9,33415000,12,33425000,7,33414000,14,33426000,10,33413000,13,33427000,8,33412000,10,33428000,15,33411000,11,33429000,10,33410000,14,33430000,13
33416000,3,33419000,5,33415000,7,33420000,7,33414000,9,33421000,7,33413000,10,33422000,6,33412000,9,33423000,7,33411000,13,33424000,13,33410000,14,33425000,9,33409000,10,33426000,13,33408000,15,33427000,9,33407000,9,33428000,13
33417000,1,33419000,3,33416000,5,33420000,6,33415000,8,33421000,7,33414000,9,33422000,6,33413000,11,33423000,7,33412000,11,33424000,12,33411000,13,33425000,9,33410000,14,33426000,13,33409000,10,33427000,9,33408000,15,33428000,13
33421000,1,33422000,2,33420000,5,33423000,7,33419000,6,33424000,8,33418000,7,33425000,6,33417000,8,33426000,10,33416000,16,33427000,9,33415000,10,33428000,14,33414000,12,33429000,10,33413000,10,33430000,13,33412000,10,33431000,11
33419000,1,33420000,2,33418000,4,33421000,4,33417000,7,33422000,7,33416000,15,33423000,10,33415000,10,33424000,9,33414000,12,33425000,7,33413000,10,33426000,12,33412000,10,33427000,11,33411000,11,33428000,15,33410000,15,33429000,9
33416000,3,33417000,3,33415000,7,33418000,6,33414000,8,33419000,4,33413000,15,33420000,8,33412000,9,33421000,10,33411000,12,33422000,10,33410000,15,33423000,11,33409000,10,33424000,14,33408000,15,33425000,9,33407000,9,33426000,12
33414000,2,33416000,4,33413000,8,33417000,7,33412000,6,33418000,7,33411000,9,33419000,8,33410000,14,33420000,9,33409000,11,33421000,15,33408000,16,33422000,15,33407000,9,33423000,11,33406000,16,33424000,14,33405000,10,33425000,10
33414000,3,33416000,2,33413000,4,33417000,7,33412000,6,33418000,7,33411000,9,33419000,7,33410000,14,33420000,10,33409000,11,33421000,12,33408000,16,33422000,15,33407000,9,33423000,11,33406000,16,33424000,18,33405000,10,33425000,20
33416000,8,33418000,3,33415000,3,33419000,7,33414000,5,33420000,7,33413000,5,33421000,8,33412000,9,33422000,9,33411000,11,33423000,12,33410000,17,33424000,24,33409000,12,33425000,20,33408000,16,33426000,25,33407000,9,33427000,20
33422000,1,33423000,4,33421000,4,33424000,7,33420000,15,33425000,19,33419000,2,33426000,24,33418000,7,33427000,20,33417000,9,33428000,24,33416000,17,33429000,22,33415000,11,33430000,24,33414000,11,33431000,11,33413000,7,33432000,16
33418000,3,33420000,3,33417000,9,33421000,5,33416000,6,33422000,7,33415000,8,33423000,9,33414000,11,33424000,8,33413000,8,33425000,10,33412000,11,33426000,13,33411000,11,33427000,11,33410000,14,33428000,24,33409000,10,33429000,22
33418000,4,33420000,1,33417000,6,33421000,7,33416000,7,33422000,8,33415000,9,33423000,8,33414000,9,33424000,9,33413000,7,33425000,21,33412000,14,33426000,23,33411000,11,33427000,20,33410000,14,33428000,23,33409000,10,33429000,22
33420000,3,33422000,2,33419000,5,33423000,6,33418000,7,33424000,6,33417000,7,33425000,20,33416000,10,33426000,21,33415000,14,33427000,21,33414000,13,33428000,24,33413000,8,33429000,22,33412000,12,33430000,23,33411000,10,33431000,20
33426000,6,33427000,11,33425000,8,33428000,17,33424000,7,33429000,21,33423000,7,33430000,22,33422000,10,33431000,20,33421000,14,33432000,25,33420000,12,33433000,19,33419000,8,33434000,20,33418000,12,33435000,20,33417000,10,33436000,21
33429000,2,33430000,1,33428000,7,33431000,14,33427000,10,33432000,20,33426000,8,33433000,20,33425000,16,33434000,19,33424000,10,33435000,21,33423000,10,33436000,21,33422000,14,33437000,21,33421000,15,33438000,24,33420000,13,33439000,23
33426000,2,33427000,1,33425000,10,33428000,6,33424000,8,33429000,6,33423000,8,33430000,6,33422000,13,33431000,14,33421000,16,33432000,22,33420000,14,33433000,20,33419000,8,33434000,21,33418000,11,33435000,21,33417000,10,33436000,21
33423000,3,33425000,1,33422000,7,33426000,6,33421000,11,33427000,6,33420000,13,33428000,7,33419000,7,33429000,8,33418000,12,33430000,8,33417000,11,33431000,15,33416000,14,33432000,24,33415000,12,33433000,21,33414000,14,33434000,21
33419000,7,33422000,5,33418000,8,33423000,6,33417000,8,33424000,5,33416000,13,33425000,6,33415000,14,33426000,7,33414000,14,33427000,9,33413000,7,33428000,11,33412000,12,33429000,9,33411000,10,33430000,10,33410000,17,33431000,15
33419000,1,33420000,1,33418000,5,33421000,6,33417000,6,33422000,7,33416000,8,33423000,7,33415000,14,33424000,6,33414000,14,33425000,7,33413000,8,33426000,11,33412000,11,33427000,12,33411000,10,33428000,11,33410000,14,33429000,8
33424000,5,33426000,2,33423000,7,33427000,5,33422000,9,33428000,6,33421000,8,33429000,7,33420000,9,33430000,8,33419000,11,33431000,6,33418000,22,33432000,24,33417000,9,33433000,21,33416000,12,33434000,20,33415000,13,33435000,21
33424000,1,33426000,3,33423000,7,33427000,5,33422000,10,33428000,6,33421000,8,33429000,8,33420000,8,33430000,8,33419000,11,33431000,5,33418000,22,33432000,24,33417000,9,33433000,21,33416000,12,33434000,20,33415000,13,33435000,21
33430000,4,33432000,2,33429000,6,33433000,5,33428000,7,33434000,15,33427000,6,33435000,18,33426000,7,33436000,20,33425000,15,33437000,23,33424000,13,33438000,25,33423000,12,33439000,20,33422000,13,33440000,28,33421000,11,33441000,22
33429000,2,33431000,3,33428000,6,33432000,6,33427000,7,33433000,8,33426000,6,33434000,12,33425000,14,33435000,12,33424000,13,33436000,21,33423000,10,33437000,22,33422000,13,33438000,26,33421000,11,33439000,19,33420000,14,33440000,28
33426000,5,33428000,2,33425000,7,33429000,5,33424000,7,33430000,5,33423000,9,33431000,6,33422000,10,33432000,7,33421000,12,33433000,11,33420000,15,33434000,26,33419000,10,33435000,20,33418000,10,33436000,22,33417000,8,33437000,21
33429000,2,33431000,4,33428000,5,33432000,13,33427000,5,33433000,15,33426000,7,33434000,23,33425000,10,33435000,20,33424000,9,33436000,23,33423000,10,33437000,21,33422000,13,33438000,25,33421000,11,33439000,19,33420000,14,33440000,29
33426000,4,33428000,2,33425000,9,33429000,6,33424000,8,33430000,5,33423000,8,33431000,4,33422000,11,33432000,5,33421000,11,33433000,17,33420000,15,33434000,25,33419000,10,33435000,20,33418000,10,33436000,24,33417000,8,33437000,21
33423000,1,33424000,3,33422000,4,33425000,6,33421000,8,33426000,7,33420000,10,33427000,7,33419000,9,33428000,7,33418000,12,33429000,6,33417000,8,33430000,9,33416000,12,33431000,8,33415000,12,33432000,8,33414000,13,33433000,18
33426000,1,33427000,1,33425000,6,33428000,5,33424000,6,33429000,6,33423000,5,33430000,6,33422000,7,33431000,8,33421000,9,33432000,6,33420000,12,33433000,18,33419000,10,33434000,23,33418000,12,33435000,19,33417000,8,33436000,23
33430000,6,33432000,12,33429000,7,33433000,17,33428000,9,33434000,22,33427000,8,33435000,18,33426000,9,33436000,19,33425000,10,33437000,22,33424000,12,33438000,25,33423000,10,33439000,20,33422000,9,33440000,29,33421000,10,33441000,22
33433000,2,33434000,3,33432000,7,33435000,16,33431000,5,33436000,16,33430000,5,33437000,21,33429000,8,33438000,25,33428000,9,33439000,20,33427000,11,33440000,29,33426000,13,33441000,22,33425000,12,33442000,21,33424000,10,33443000,22
33434000,4,33436000,2,33433000,6,33437000,18,33432000,6,33438000,20,33431000,6,33439000,18,33430000,8,33440000,28,33429000,10,33441000,23,33428000,12,33442000,21,33427000,13,33443000,21,33426000,12,33444000,24,33425000,10,33445000,18
33433000,4,33435000,1,33432000,6,33436000,6,33431000,7,33437000,5,33430000,9,33438000,6,33429000,10,33439000,8,33428000,11,33440000,23,33427000,8,33441000,23,33426000,11,33442000,22,33425000,9,33443000,21,33424000,10,33444000,24
33435000,3,33436000,1,33434000,5,33437000,3,33433000,5,33438000,5,33432000,5,33439000,8,33431000,6,33440000,24,33430000,10,33441000,24,33429000,8,33442000,21,33428000,12,33443000,21,33427000,9,33444000,24,33426000,11,33445000,18
33433000,4,33436000,3,33432000,4,33437000,7,33431000,15,33438000,8,33430000,9,33439000,7,33429000,10,33440000,25,33428000,12,33441000,24,33427000,8,33442000,22,33426000,11,33443000,21,33425000,9,33444000,24,33424000,9,33445000,18
33430000,3,33431000,2,33429000,8,33432000,3,33428000,8,33433000,6,33427000,8,33434000,7,33426000,12,33435000,8,33425000,9,33436000,9,33424000,9,33437000,10,33423000,8,33438000,8,33422000,8,33439000,9,33421000,11,33440000,24
33426000,2,33427000,1,33425000,6,33428000,4,33424000,5,33429000,5,33423000,8,33430000,5,33422000,8,33431000,8,33421000,10,33432000,7,33420000,13,33433000,8,33419000,9,33434000,8,33418000,10,33435000,11,33417000,11,33436000,10
33423000,1,33424000,2,33422000,5,33425000,6,33421000,8,33426000,5,33420000,9,33427000,4,33419000,9,33428000,7,33418000,11,33429000,6,33417000,9,33430000,9,33416000,11,33431000,10,33415000,11,33432000,12,33414000,11,33433000,8
33428000,1,33430000,8,33427000,5,33431000,7,33426000,5,33432000,8,33425000,9,33433000,8,33424000,8,33434000,8,33423000,9,33435000,14,33422000,8,33436000,11,33421000,7,33437000,10,33420000,14,33438000,9,33419000,9,33439000,10
33425000,1,33427000,3,33424000,4,33428000,8,33423000,7,33429000,5,33422000,3,33430000,10,33421000,9,33431000,9,33420000,10,33432000,12,33419000,11,33433000,10,33418000,12,33434000,9,33417000,9,33435000,12,33416000,11,33436000,12
33422000,4,33425000,6,33421000,5,33426000,7,33420000,8,33427000,6,33419000,9,33428000,9,33418000,11,33429000,7,33417000,11,33430000,10,33416000,11,33431000,9,33415000,13,33432000,12,33414000,11,33433000,9,33413000,7,33434000,8
33424000,7,33426000,1,33423000,3,33427000,5,33422000,3,33428000,10,33421000,5,33429000,9,33420000,10,33430000,9,33419000,10,33431000,11,33418000,11,33432000,12,33417000,10,33433000,10,33416000,11,33434000,8,33415000,13,33435000,12
33423000,2,33425000,4,33422000,3,33426000,5,33421000,6,33427000,6,33420000,9,33428000,9,33419000,10,33429000,6,33418000,11,33430000,10,33417000,9,33431000,10,33416000,11,33432000,13,33415000,13,33433000,10,33414000,11,33434000,8
33424000,1,33426000,3,33423000,5,33427000,7,33422000,5,33428000,10,33421000,6,33429000,7,33420000,9,33430000,11,33419000,11,33431000,10,33418000,11,33432000,13,33417000,10,33433000,10,33416000,12,33434000,8,33415000,13,33435000,12
33421000,3,33422000,1,33420000,6,33423000,3,33419000,6,33424000,5,33418000,7,33425000,5,33417000,7,33426000,4,33416000,10,33427000,5,33415000,23,33428000,9,33414000,20,33429000,5,33413000,18,33430000,7,33412000,21,33431000,9
33419000,1,33420000,2,33418000,4,33421000,3,33417000,7,33422000,3,33416000,8,33423000,4,33415000,22,33424000,4,33414000,20,33425000,7,33413000,18,33426000,5,33412000,21,33427000,5,33411000,19,33428000,9,33410000,24,33429000,5
33415000,17,33417000,1,33414000,17,33418000,4,33413000,17,33419000,6,33412000,18,33420000,20,33411000,18,33421000,6,33410000,23,33422000,7,33409000,19,33423000,6,33408000,28,33424000,5,33407000,19,33425000,6,33406000,25,33426000,6
33415000,17,33418000,4,33414000,17,33419000,6,33413000,17,33420000,20,33412000,18,33421000,6,33411000,18,33422000,7,33410000,23,33423000,6,33409000,19,33424000,5,33408000,28,33425000,6,33407000,19,33426000,6,33406000,25,33427000,5
33415000,7,33417000,2,33414000,16,33418000,4,33413000,17,33419000,6,33412000,18,33420000,20,33411000,18,33421000,6,33410000,23,33422000,7,33409000,19,33423000,6,33408000,28,33424000,5,33407000,19,33425000,6,33406000,25,33426000,6
33410000,13,33411000,2,33409000,13,33412000,6,33408000,23,33413000,5,33407000,20,33414000,4,33406000,25,33415000,10,33405000,24,33416000,6,33404000,20,33417000,9,33403000,20,33418000,8,33402000,23,33419000,9,33401000,20,33420000,7
33407000,2,33408000,3,33406000,16,33409000,5,33405000,18,33410000,8,33404000,16,33411000,6,33403000,19,33412000,9,33402000,24,33413000,6,33401000,20,33414000,9,33400000,27,33415000,11,33399000,19,33416000,8,33398000,22,33417000,7
33404000,12,33406000,5,33403000,14,33407000,7,33402000,18,33408000,8,33401000,19,33409000,6,33400000,26,33410000,9,33399000,20,33411000,10,33398000,22,33412000,12,33397000,17,33413000,8,33396000,25,33414000,7,33395000,20,33415000,11
33406000,2,33407000,1,33405000,6,33408000,6,33404000,8,33409000,5,33403000,4,33410000,8,33402000,7,33411000,10,33401000,20,33412000,11,33400000,27,33413000,7,33399000,19,33414000,9,33398000,23,33415000,11,33397000,17,33416000,7
33408000,6,33410000,2,33407000,6,33411000,6,33406000,7,33412000,6,33405000,12,33413000,4,33404000,9,33414000,8,33403000,7,33415000,12,33402000,11,33416000,9,33401000,10,33417000,8,33400000,18,33418000,10,33399000,10,33419000,10
33411000,3,33413000,2,33410000,6,33414000,7,33409000,6,33415000,9,33408000,7,33416000,4,33407000,7,33417000,10,33406000,8,33418000,7,33405000,20,33419000,11,33404000,11,33420000,9,33403000,7,33421000,9,33402000,10,33422000,21
33414000,2,33416000,3,33413000,6,33417000,7,33412000,6,33418000,5,33411000,6,33419000,6,33410000,7,33420000,24,33409000,8,33421000,19,33408000,13,33422000,21,33407000,7,33423000,16,33406000,11,33424000,20,33405000,17,33425000,17
33417000,1,33418000,1,33416000,3,33419000,17,33415000,5,33420000,20,33414000,5,33421000,16,33413000,9,33422000,19,33412000,8,33423000,19,33411000,11,33424000,20,33410000,10,33425000,19,33409000,9,33426000,19,33408000,12,33427000,19
33415000,3,33417000,1,33414000,6,33418000,3,33413000,8,33419000,3,33412000,4,33420000,5,33411000,7,33421000,9,33410000,7,33422000,6,33409000,7,33423000,13,33408000,13,33424000,16,33407000,8,33425000,19,33406000,11,33426000,20
33415000,3,33417000,1,33414000,6,33418000,3,33413000,8,33419000,3,33412000,4,33420000,5,33411000,7,33421000,9,33410000,7,33422000,6,33409000,7,33423000,13,33408000,13,33424000,16,33407000,8,33425000,19,33406000,11,33426000,20
33414000,1,33415000,2,33413000,3,33416000,5,33412000,3,33417000,5,33411000,5,33418000,5,33410000,7,33419000,8,33409000,7,33420000,8,33408000,11,33421000,12,33407000,10,33422000,6,33406000,11,33423000,15,33405000,11,33424000,18
33411000,4,33414000,4,33410000,6,33415000,6,33409000,6,33416000,6,33408000,9,33417000,4,33407000,9,33418000,7,33406000,13,33419000,10,33405000,18,33420000,10,33404000,11,33421000,12,33403000,6,33422000,7,33402000,10,33423000,16
33408000,3,33411000,4,33407000,7,33412000,5,33406000,7,33413000,5,33405000,12,33414000,6,33404000,11,33415000,8,33403000,6,33416000,12,33402000,10,33417000,8,33401000,9,33418000,9,33400000,18,33419000,8,33399000,12,33420000,11
33410000,1,33411000,2,33409000,3,33412000,5,33408000,6,33413000,5,33407000,5,33414000,7,33406000,9,33415000,9,33405000,10,33416000,10,33404000,14,33417000,9,33403000,6,33418000,9,33402000,11,33419000,8,33401000,9,33420000,11
33405000,2,33407000,3,33404000,3,33408000,7,33403000,4,33409000,4,33402000,8,33410000,8,33401000,9,33411000,3,33400000,19,33412000,10,33399000,10,33413000,8,33398000,10,33414000,12,33397000,8,33415000,10,33396000,11,33416000,11
33405000,1,33406000,2,33404000,4,33407000,4,33403000,4,33408000,7,33402000,8,33409000,4,33401000,9,33410000,8,33400000,19,33411000,3,33399000,10,33412000,10,33398000,10,33413000,8,33397000,8,33414000,12,33396000,11,33415000,10
33407000,1,33408000,1,33406000,4,33409000,4,33405000,4,33410000,7,33404000,7,33411000,2,33403000,5,33412000,8,33402000,7,33413000,8,33401000,10,33414000,11,33400000,18,33415000,11,33399000,12,33416000,11,33398000,11,33417000,9
33404000,2,33406000,5,33403000,4,33407000,5,33402000,7,33408000,6,33401000,8,33409000,4,33400000,17,33410000,8,33399000,12,33411000,3,33398000,11,33412000,9,33397000,8,33413000,8,33396000,10,33414000,10,33395000,10,33415000,10
33405000,2,33407000,1,33404000,6,33408000,6,33403000,5,33409000,4,33402000,3,33410000,8,33401000,9,33411000,4,33400000,16,33412000,6,33399000,12,33413000,8,33398000,11,33414000,10,33397000,8,33415000,10,33396000,10,33416000,11
33407000,1,33409000,3,33406000,3,33410000,7,33405000,5,33411000,2,33404000,10,33412000,6,33403000,7,33413000,8,33402000,5,33414000,9,33401000,10,33415000,10,33400000,16,33416000,12,33399000,11,33417000,9,33398000,11,33418000,11
33405000,3,33407000,1,33404000,9,33408000,3,33403000,8,33409000,5,33402000,4,33410000,5,33401000,9,33411000,2,33400000,16,33412000,8,33399000,11,33413000,8,33398000,11,33414000,10,33397000,8,33415000,9,33396000,10,33416000,12
33404000,3,33406000,4,33403000,4,33407000,5,33402000,5,33408000,5,33401000,9,33409000,4,33400000,16,33410000,7,33399000,12,33411000,5,33398000,10,33412000,11,33397000,9,33413000,8,33396000,10,33414000,12,33395000,10,33415000,11
33407000,1,33408000,2,33406000,2,33409000,4,33405000,4,33410000,5,33404000,4,33411000,5,33403000,6,33412000,7,33402000,8,33413000,10,33401000,10,33414000,12,33400000,17,33415000,11,33399000,12,33416000,12,33398000,10,33417000,9
33406000,2,33408000,4,33405000,6,33409000,4,33404000,4,33410000,5,33403000,6,33411000,2,33402000,9,33412000,8,33401000,11,33413000,10,33400000,18,33414000,13,33399000,10,33415000,12,33398000,10,33416000,12,33397000,9,33417000,9
33405000,1,33406000,1,33404000,2,33407000,7,33403000,3,33408000,6,33402000,6,33409000,6,33401000,7,33410000,9,33400000,16,33411000,7,33399000,9,33412000,12,33398000,11,33413000,10,33397000,10,33414000,13,33396000,10,33415000,11
33412000,2,33413000,1,33411000,3,33414000,4,33410000,4,33415000,8,33409000,3,33416000,10,33408000,5,33417000,10,33407000,6,33418000,11,33406000,10,33419000,19,33405000,7,33420000,22,33404000,8,33421000,22,33403000,6,33422000,19
33415000,1,33416000,2,33414000,2,33417000,8,33413000,5,33418000,8,33412000,7,33419000,8,33411000,5,33420000,22,33410000,5,33421000,23,33409000,6,33422000,19,33408000,8,33423000,16,33407000,8,33424000,19,33406000,9,33425000,30
33414000,2,33417000,6,33413000,5,33418000,8,33412000,7,33419000,6,33411000,4,33420000,19,33410000,8,33421000,21,33409000,8,33422000,21,33408000,8,33423000,19,33407000,6,33424000,19,33406000,10,33425000,30,33405000,6,33426000,21
33417000,1,33418000,3,33416000,1,33419000,6,33415000,5,33420000,19,33414000,4,33421000,21,33413000,5,33422000,19,33412000,6,33423000,19,33411000,7,33424000,19,33410000,7,33425000,30,33409000,7,33426000,22,33408000,7,33427000,22
33419000,2,33420000,11,33418000,5,33421000,16,33417000,5,33422000,18,33416000,4,33423000,17,33415000,8,33424000,18,33414000,5,33425000,30,33413000,7,33426000,22,33412000,9,33427000,21,33411000,7,33428000,24,33410000,7,33429000,18
33421000,1,33423000,11,33420000,5,33424000,13,33419000,4,33425000,26,33418000,4,33426000,21,33417000,6,33427000,20,33416000,7,33428000,23,33415000,10,33429000,20,33414000,10,33430000,23,33413000,7,33431000,20,33412000,8,33432000,26
33418000,5,33421000,5,33417000,4,33422000,5,33416000,4,33423000,10,33415000,8,33424000,3,33414000,8,33425000,28,33413000,8,33426000,24,33412000,8,33427000,22,33411000,8,33428000,24,33410000,8,33429000,20,33409000,7,33430000,23
33420000,1,33422000,3,33419000,4,33423000,8,33418000,5,33424000,3,33417000,5,33425000,28,33416000,6,33426000,23,33415000,8,33427000,21,33414000,10,33428000,24,33413000,8,33429000,21,33412000,8,33430000,23,33411000,8,33431000,20
33420000,1,33421000,2,33419000,2,33422000,6,33418000,4,33423000,9,33417000,6,33424000,4,33416000,6,33425000,29,33415000,8,33426000,23,33414000,10,33427000,22,33413000,8,33428000,24,33412000,8,33429000,21,33411000,8,33430000,23
33420000,2,33422000,3,33419000,3,33423000,6,33418000,4,33424000,5,33417000,6,33425000,27,33416000,6,33426000,22,33415000,9,33427000,21,33414000,10,33428000,24,33413000,8,33429000,20,33412000,8,33430000,23,33411000,8,33431000,20
33418000,6,33421000,3,33417000,6,33422000,4,33416000,6,33423000,7,33415000,7,33424000,6,33414000,9,33425000,16,33413000,6,33426000,12,33412000,9,33427000,22,33411000,8,33428000,24,33410000,7,33429000,21,33409000,7,33430000,23
33419000,1,33420000,1,33418000,5,33421000,5,33417000,4,33422000,4,33416000,6,33423000,7,33415000,6,33424000,16,33414000,7,33425000,27,33413000,6,33426000,24,33412000,9,33427000,21,33411000,9,33428000,29,33410000,7,33429000,20
33416000,3,33419000,4,33415000,7,33420000,6,33414000,4,33421000,8,33413000,4,33422000,7,33412000,8,33423000,11,33411000,8,33424000,19,33410000,8,33425000,29,33409000,6,33426000,22,33408000,10,33427000,21,33407000,5,33428000,31
33419000,2,33421000,2,33418000,3,33422000,6,33417000,4,33423000,9,33416000,4,33424000,18,33415000,8,33425000,29,33414000,5,33426000,23,33413000,5,33427000,21,33412000,10,33428000,31,33411000,8,33429000,20,33410000,7,33430000,22
33413000,4,33416000,3,33412000,3,33417000,4,33411000,6,33418000,5,33410000,5,33419000,5,33409000,9,33420000,6,33408000,11,33421000,9,33407000,6,33422000,11,33406000,11,33423000,11,33405000,7,33424000,12,33404000,8,33425000,30
33413000,2,33415000,1,33412000,4,33416000,6,33411000,5,33417000,4,33410000,4,33418000,5,33409000,5,33419000,9,33408000,8,33420000,7,33407000,7,33421000,10,33406000,13,33422000,9,33405000,7,33423000,11,33404000,8,33424000,12
33406000,4,33409000,5,33405000,5,33410000,6,33404000,5,33411000,6,33403000,4,33412000,6,33402000,8,33413000,7,33401000,8,33414000,9,33400000,19,33415000,15,33399000,10,33416000,13,33398000,9,33417000,10,33397000,9,33418000,11
33403000,2,33405000,2,33402000,4,33406000,4,33401000,8,33407000,11,33400000,15,33408000,5,33399000,9,33409000,4,33398000,10,33410000,7,33397000,10,33411000,7,33396000,10,33412000,12,33395000,11,33413000,8,33394000,11,33414000,10
33400000,8,33401000,3,33399000,3,33402000,5,33398000,2,33403000,6,33397000,11,33404000,3,33396000,9,33405000,6,33395000,12,33406000,6,33394000,11,33407000,14,33393000,9,33408000,11,33392000,10,33409000,8,33391000,20,33410000,8
33399000,1,33401000,5,33398000,2,33402000,5,33397000,9,33403000,6,33396000,6,33404000,4,33395000,11,33405000,7,33394000,12,33406000,10,33393000,9,33407000,14,33392000,10,33408000,11,33391000,19,33409000,6,33390000,15,33410000,8
33401000,2,33402000,3,33400000,2,33403000,4,33399000,2,33404000,3,33398000,5,33405000,7,33397000,7,33406000,9,33396000,8,33407000,13,33395000,11,33408000,12,33394000,12,33409000,7,33393000,10,33410000,9,33392000,10,33411000,9
33400000,3,33402000,2,33399000,3,33403000,3,33398000,5,33404000,3,33397000,6,33405000,6,33396000,8,33406000,9,33395000,11,33407000,13,33394000,12,33408000,12,33393000,10,33409000,7,33392000,10,33410000,9,33391000,19,33411000,9
33400000,6,33403000,3,33399000,4,33404000,6,33398000,5,33405000,3,33397000,7,33406000,5,33396000,8,33407000,12,33395000,12,33408000,11,33394000,11,33409000,7,33393000,9,33410000,10,33392000,10,33411000,9,33391000,19,33412000,11
33397000,2,33400000,5,33396000,5,33401000,5,33395000,6,33402000,11,33394000,7,33403000,5,33393000,10,33404000,9,33392000,12,33405000,8,33391000,20,33406000,11,33390000,15,33407000,14,33389000,8,33408000,11,33388000,9,33409000,7
33398000,1,33400000,4,33397000,3,33401000,5,33396000,5,33402000,7,33395000,4,33403000,6,33394000,6,33404000,10,33393000,7,33405000,13,33392000,11,33406000,11,33391000,21,33407000,9,33390000,16,33408000,12,33389000,8,33409000,7
33395000,4,33398000,2,33394000,5,33399000,5,33393000,6,33400000,7,33392000,10,33401000,5,33391000,21,33402000,8,33390000,15,33403000,8,33389000,8,33404000,13,33388000,9,33405000,13,33387000,8,33406000,12,33386000,10,33407000,9
33394000,2,33396000,2,33393000,3,33397000,5,33392000,5,33398000,4,33391000,18,33399000,6,33390000,13,33400000,10,33389000,9,33401000,10,33388000,10,33402000,11,33387000,8,33403000,9,33386000,10,33404000,11,33385000,6,33405000,14
33395000,3,33396000,4,33393000,3,33397000,5,33392000,4,33398000,5,33391000,16,33399000,6,33390000,11,33400000,9,33389000,8,33401000,9,33388000,10,33402000,11,33387000,9,33403000,8,33386000,11,33404000,11,33385000,5,33405000,13
33393000,2,33395000,1,33392000,4,33396000,5,33391000,15,33397000,5,33390000,10,33398000,5,33389000,8,33399000,6,33388000,10,33400000,9,33387000,9,33401000,10,33386000,11,33402000,11,33385000,5,33403000,8,33384000,8,33404000,10
33392000,3,33395000,5,33391000,15,33396000,7,33390000,11,33397000,8,33389000,7,33398000,6,33388000,7,33399000,8,33387000,9,33400000,10,33386000,12,33401000,9,33385000,5,33402000,7,33384000,8,33403000,10,33383000,9,33404000,11
33392000,4,33395000,3,33391000,15,33396000,5,33390000,11,33397000,8,33389000,7,33398000,5,33388000,7,33399000,8,33387000,9,33400000,10,33386000,12,33401000,9,33385000,5,33402000,7,33384000,8,33403000,10,33383000,9,33404000,11
33394000,1,33395000,1,33393000,2,33396000,3,33392000,7,33397000,6,33391000,14,33398000,6,33390000,13,33399000,7,33389000,7,33400000,9,33388000,8,33401000,11,33387000,9,33402000,7,33386000,12,33403000,10,33385000,5,33404000,10
33392000,5,33394000,5,33391000,10,33395000,8,33390000,13,33396000,6,33389000,8,33397000,5,33388000,11,33398000,4,33387000,9,33399000,7,33386000,10,33400000,11,33385000,5,33401000,9,33384000,8,33402000,8,33383000,8,33403000,9
33389000,1,33390000,5,33388000,3,33391000,6,33387000,5,33392000,6,33386000,6,33393000,7,33385000,3,33394000,5,33384000,7,33395000,6,33383000,17,33396000,7,33382000,20,33397000,8,33381000,21,33398000,8,33380000,28,33399000,8
33387000,6,33390000,1,33386000,3,33391000,5,33385000,4,33392000,5,33384000,6,33393000,5,33383000,18,33394000,5,33382000,20,33395000,10,33381000,19,33396000,9,33380000,27,33397000,13,33379000,17,33398000,9,33378000,23,33399000,10
33387000,6,33390000,1,33386000,3,33391000,5,33385000,4,33392000,5,33384000,6,33393000,5,33383000,18,33394000,5,33382000,20,33395000,10,33381000,19,33396000,9,33380000,27,33397000,13,33379000,17,33398000,9,33378000,23,33399000,10
33383000,4,33386000,3,33382000,5,33387000,4,33381000,14,33388000,4,33380000,23,33389000,10,33379000,15,33390000,14,33378000,18,33391000,11,33377000,19,33392000,10,33376000,37,33393000,11,33375000,18,33394000,8,33374000,20,33395000,12
33386000,2,33389000,4,33385000,6,33390000,9,33384000,5,33391000,8,33383000,6,33392000,9,33382000,9,33393000,12,33381000,16,33394000,10,33380000,25,33395000,13,33379000,15,33396000,11,33378000,20,33397000,10,33377000,20,33398000,10
33386000,3,33388000,1,33385000,6,33389000,2,33384000,5,33390000,9,33383000,6,33391000,8,33382000,9,33392000,10,33381000,16,33393000,12,33380000,25,33394000,10,33379000,15,33395000,13,33378000,20,33396000,11,33377000,20,33397000,10
33388000,2,33390000,1,33387000,5,33391000,5,33386000,5,33392000,7,33385000,5,33393000,12,33384000,10,33394000,10,33383000,7,33395000,14,33382000,13,33396000,11,33381000,18,33397000,10,33380000,27,33398000,10,33379000,15,33399000,11
33387000,1,33388000,2,33386000,2,33389000,5,33385000,7,33390000,4,33384000,9,33391000,6,33383000,7,33392000,8,33382000,10,33393000,10,33381000,18,33394000,12,33380000,27,33395000,16,33379000,15,33396000,12,33378000,21,33397000,10
33384000,6,33386000,5,33383000,5,33387000,5,33382000,5,33388000,4,33381000,17,33389000,3,33380000,26,33390000,7,33379000,15,33391000,10,33378000,21,33392000,12,33377000,19,33393000,11,33376000,37,33394000,12,33375000,18,33395000,14
33386000,1,33387000,1,33385000,2,33388000,2,33384000,2,33389000,3,33383000,6,33390000,8,33382000,6,33391000,9,33381000,10,33392000,11,33380000,11,33393000,11,33379000,9,33394000,11,33378000,22,33395000,13,33377000,19,33396000,11
33387000,3,33390000,2,33386000,3,33391000,5,33385000,5,33392000,6,33384000,4,33393000,8,33383000,5,33394000,10,33382000,11,33395000,13,33381000,11,33396000,12,33380000,15,33397000,10,33379000,8,33398000,10,33378000,21,33399000,11
33392000,1,33393000,2,33391000,3,33394000,3,33390000,6,33395000,9,33389000,4,33396000,9,33388000,9,33397000,9,33387000,6,33398000,12,33386000,7,33399000,11,33385000,6,33400000,16,33384000,7,33401000,13,33383000,6,33402000,12
33393000,4,33396000,3,33392000,5,33397000,3,33391000,3,33398000,8,33390000,6,33399000,11,33389000,5,33400000,14,33388000,12,33401000,12,33387000,8,33402000,10,33386000,8,33403000,11,33385000,9,33404000,10,33384000,7,33405000,8
33398000,97,33399000,10,33396000,3,33400000,12,33395000,3,33401000,11,33394000,7,33402000,8,33393000,6,33403000,11,33392000,5,33404000,9,33391000,5,33405000,7,33390000,10,33406000,15,33389000,8,33407000,9,33388000,11,33408000,15
33401000,2,33402000,2,33400000,3,33403000,1,33399000,9,33404000,3,33398000,98,33405000,6,33397000,1,33406000,13,33396000,5,33407000,9,33395000,6,33408000,12,33394000,10,33409000,7,33393000,9,33410000,10,33392000,8,33411000,13
33399000,2,33401000,4,33398000,97,33402000,6,33397000,4,33403000,4,33396000,8,33404000,3,33395000,8,33405000,8,33394000,14,33406000,13,33393000,9,33407000,12,33392000,8,33408000,16,33391000,7,33409000,9,33390000,12,33410000,10
33402000,2,33403000,5,33400000,4,33404000,3,33399000,6,33405000,8,33398000,21,33406000,13,33397000,4,33407000,12,33396000,9,33408000,15,33395000,8,33409000,8,33394000,13,33410000,11,33393000,9,33411000,13,33392000,8,33412000,10
33403000,2,33405000,3,33402000,4,33406000,8,33401000,10,33407000,9,33400000,6,33408000,11,33399000,8,33409000,8,33398000,21,33410000,13,33397000,8,33411000,13,33396000,10,33412000,10,33395000,9,33413000,8,33394000,13,33414000,14
33402000,2,33403000,2,33401000,6,33404000,4,33400000,6,33405000,7,33399000,7,33406000,13,33398000,22,33407000,8,33397000,8,33408000,10,33396000,11,33409000,9,33395000,8,33410000,15,33394000,13,33411000,17,33393000,10,33412000,10
33399000,3,33401000,1,33398000,21,33402000,7,33397000,6,33403000,8,33396000,8,33404000,9,33395000,8,33405000,9,33394000,14,33406000,12,33393000,8,33407000,14,33392000,9,33408000,15,33391000,7,33409000,9,33390000,12,33410000,15
33398000,2,33400000,5,33397000,2,33401000,5,33396000,4,33402000,6,33395000,9,33403000,12,33394000,11,33404000,10,33393000,11,33405000,14,33392000,9,33406000,12,33391000,6,33407000,8,33390000,12,33408000,15,33389000,5,33409000,9
33399000,3,33400000,1,33398000,5,33401000,11,33397000,4,33402000,5,33396000,6,33403000,5,33395000,8,33404000,8,33394000,12,33405000,12,33393000,12,33406000,12,33392000,8,33407000,8,33391000,6,33408000,15,33390000,14,33409000,9
33396000,2,33398000,3,33395000,7,33399000,5,33394000,8,33400000,5,33393000,9,33401000,7,33392000,8,33402000,7,33391000,6,33403000,9,33390000,14,33404000,10,33389000,5,33405000,11,33388000,18,33406000,12,33387000,9,33407000,8
33397000,2,33400000,5,33396000,4,33401000,7,33395000,5,33402000,7,33394000,4,33403000,10,33393000,11,33404000,8,33392000,10,33405000,11,33391000,8,33406000,11,33390000,17,33407000,8,33389000,6,33408000,15,33388000,13,33409000,10
33401000,3,33403000,1,33400000,4,33404000,5,33399000,5,33405000,6,33398000,5,33406000,8,33397000,7,33407000,9,33396000,6,33408000,14,33395000,8,33409000,9,33394000,9,33410000,15,33393000,12,33411000,15,33392000,12,33412000,12
33404000,1,33405000,1,33403000,4,33406000,4,33402000,6,33407000,4,33401000,7,33408000,13,33400000,6,33409000,9,33399000,5,33410000,15,33398000,8,33411000,15,33397000,9,33412000,12,33396000,8,33413000,7,33395000,7,33414000,14
33402000,3,33403000,1,33401000,5,33404000,3,33400000,10,33405000,6,33399000,6,33406000,10,33398000,6,33407000,7,33397000,10,33408000,11,33396000,8,33409000,9,33395000,7,33410000,14,33394000,8,33411000,16,33393000,13,33412000,14
33400000,5,33402000,5,33399000,4,33403000,6,33398000,6,33404000,6,33397000,8,33405000,5,33396000,7,33406000,10,33395000,7,33407000,6,33394000,8,33408000,17,33393000,12,33409000,9,33392000,12,33410000,14,33391000,11,33411000,15
33403000,1,33405000,3,33402000,5,33406000,7,33401000,6,33407000,4,33400000,9,33408000,12,33399000,5,33409000,8,33398000,7,33410000,14,33397000,8,33411000,17,33396000,10,33412000,14,33395000,8,33413000,7,33394000,8,33414000,12
33405000,1,33406000,5,33404000,6,33408000,11,33403000,6,33409000,7,33402000,3,33410000,11,33401000,8,33411000,16,33400000,10,33412000,14,33399000,8,33413000,7,33398000,10,33414000,12,33397000,8,33415000,12,33396000,9,33416000,13
33401000,4,33403000,2,33400000,8,33404000,5,33399000,4,33405000,6,33398000,6,33406000,8,33397000,10,33407000,10,33396000,7,33408000,13,33395000,6,33409000,10,33394000,8,33410000,11,33393000,23,33411000,15,33392000,22,33412000,14
33404000,1,33406000,5,33403000,3,33407000,8,33402000,6,33408000,7,33401000,6,33409000,7,33400000,12,33410000,10,33399000,7,33411000,16,33398000,9,33412000,15,33397000,12,33413000,6,33396000,8,33414000,12,33395000,7,33415000,12
33400000,1,33401000,3,33399000,2,33402000,4,33398000,5,33403000,4,33397000,9,33404000,4,33396000,6,33405000,6,33395000,7,33406000,12,33394000,11,33407000,9,33393000,14,33408000,15,33392000,12,33409000,8,33391000,21,33410000,12
33397000,2,33398000,2,33396000,3,33399000,5,33395000,4,33400000,7,33394000,7,33401000,3,33393000,13,33402000,9,33392000,12,33403000,10,33391000,8,33404000,8,33390000,16,33405000,10,33389000,16,33406000,15,33388000,23,33407000,9
33393000,3,33394000,2,33392000,8,33395000,2,33391000,7,33396000,3,33390000,15,33397000,7,33389000,8,33398000,10,33388000,12,33399000,8,33387000,18,33400000,13,33386000,21,33401000,8,33385000,23,33402000,11,33384000,19,33403000,10
33390000,6,33392000,2,33389000,5,33393000,4,33388000,11,33394000,6,33387000,11,33395000,5,33386000,21,33396000,9,33385000,22,33397000,15,33384000,17,33398000,13,33383000,16,33399000,10,33382000,19,33400000,13,33381000,20,33401000,7
33387000,3,33388000,2,33386000,8,33389000,4,33385000,12,33390000,5,33384000,19,33391000,8,33383000,18,33392000,9,33382000,18,33393000,10,33381000,18,33394000,10,33380000,23,33395000,9,33379000,16,33396000,12,33378000,22,33397000,14
33384000,1,33385000,1,33383000,4,33386000,5,33382000,7,33387000,8,33381000,20,33388000,6,33380000,23,33389000,9,33379000,15,33390000,8,33378000,20,33391000,9,33377000,16,33392000,14,33376000,34,33393000,12,33375000,23,33394000,12
33386000,2,33388000,2,33385000,4,33389000,6,33384000,5,33390000,5,33383000,4,33391000,9,33382000,8,33392000,13,33381000,20,33393000,13,33380000,24,33394000,12,33379000,18,33395000,9,33378000,20,33396000,13,33377000,17,33397000,13
33385000,1,33386000,2,33384000,2,33387000,4,33383000,3,33388000,8,33382000,7,33389000,9,33381000,9,33390000,6,33380000,23,33391000,9,33379000,17,33392000,13,33378000,20,33393000,10,33377000,17,33394000,13,33376000,34,33395000,9
33382000,2,33383000,3,33381000,3,33384000,10,33380000,21,33385000,11,33379000,17,33386000,8,33378000,22,33387000,8,33377000,19,33388000,10,33376000,33,33389000,10,33375000,22,33390000,9,33374000,23,33391000,11,33373000,22,33392000,12
33379000,12,33380000,2,33378000,17,33381000,11,33377000,20,33382000,4,33376000,36,33383000,4,33375000,24,33384000,10,33374000,24,33385000,12,33373000,20,33386000,11,33372000,24,33387000,10,33371000,20,33388000,12,33370000,32,33389000,9
33376000,28,33379000,6,33375000,20,33380000,4,33374000,22,33381000,10,33373000,21,33382000,7,33372000,22,33383000,7,33371000,22,33384000,15,33370000,31,33385000,13,33369000,6,33386000,11,33368000,10,33387000,10,33367000,14,33388000,11
33376000,28,33379000,6,33375000,20,33380000,4,33374000,22,33381000,10,33373000,21,33382000,7,33372000,22,33383000,7,33371000,22,33384000,15,33370000,31,33385000,13,33369000,6,33386000,11,33368000,10,33387000,10,33367000,14,33388000,11
33374000,4,33376000,2,33373000,7,33377000,8,33372000,7,33378000,11,33371000,15,33379000,11,33370000,27,33380000,7,33369000,7,33381000,13,33368000,11,33382000,10,33367000,15,33383000,9,33366000,13,33384000,16,33365000,9,33385000,13
33372000,5,33374000,5,33371000,7,33375000,9,33370000,17,33376000,7,33369000,6,33377000,10,33368000,9,33378000,14,33367000,15,33379000,9,33366000,11,33380000,11,33365000,9,33381000,13,33364000,9,33382000,10,33363000,10,33383000,10
33369000,5,33372000,5,33368000,8,33373000,6,33367000,13,33374000,9,33366000,11,33375000,11,33365000,10,33376000,11,33364000,11,33377000,13,33363000,10,33378000,17,33362000,11,33379000,13,33361000,8,33380000,9,33360000,15,33381000,13
33370000,5,33372000,2,33369000,7,33373000,6,33368000,8,33374000,8,33367000,13,33375000,9,33366000,10,33376000,9,33365000,10,33377000,14,33364000,11,33378000,18,33363000,10,33379000,13,33362000,11,33380000,9,33361000,8,33381000,13
33369000,7,33372000,3,33368000,11,33373000,12,33367000,14,33374000,11,33366000,10,33375000,8,33365000,10,33376000,8,33364000,11,33377000,11,33363000,9,33378000,15,33362000,11,33379000,12,33361000,8,33380000,9,33360000,15,33381000,13
33370000,1,33372000,8,33369000,3,33373000,12,33368000,9,33374000,10,33367000,12,33375000,10,33366000,11,33376000,10,33365000,10,33377000,12,33364000,11,33378000,15,33363000,8,33379000,11,33362000,11,33380000,10,33361000,8,33381000,14
33373000,5,33375000,5,33372000,4,33376000,5,33371000,6,33377000,8,33370000,8,33378000,12,33369000,7,33379000,12,33368000,11,33380000,9,33367000,13,33381000,13,33366000,11,33382000,10,33365000,10,33383000,10,33364000,11,33384000,28
33375000,5,33378000,9,33374000,8,33379000,7,33373000,7,33380000,4,33372000,6,33381000,14,33371000,6,33382000,9,33370000,8,33383000,11,33369000,8,33384000,28,33368000,13,33385000,22,33367000,14,33386000,21,33366000,12,33387000,22
33375000,1,33377000,3,33374000,8,33378000,6,33373000,7,33379000,7,33372000,6,33380000,4,33371000,7,33381000,15,33370000,10,33382000,11,33369000,9,33383000,11,33368000,13,33384000,28,33367000,13,33385000,22,33366000,12,33386000,21
33372000,4,33374000,1,33371000,6,33375000,7,33370000,7,33376000,6,33369000,8,33377000,7,33368000,11,33378000,11,33367000,14,33379000,11,33366000,11,33380000,10,33365000,11,33381000,13,33364000,11,33382000,10,33363000,9,33383000,13
33371000,3,33373000,2,33370000,9,33374000,4,33369000,10,33375000,6,33368000,12,33376000,7,33367000,14,33377000,8,33366000,13,33378000,11,33365000,10,33379000,12,33364000,11,33380000,10,33363000,9,33381000,13,33362000,11,33382000,20
33378000,3,33380000,2,33377000,5,33381000,10,33376000,8,33382000,17,33375000,14,33383000,21,33374000,8,33384000,25,33373000,6,33385000,23,33372000,11,33386000,21,33371000,10,33387000,22,33370000,13,33388000,22,33369000,11,33389000,18
33382000,2,33383000,14,33381000,5,33384000,23,33380000,7,33385000,21,33379000,8,33386000,19,33378000,7,33387000,23,33377000,7,33388000,24,33376000,12,33389000,18,33375000,15,33390000,24,33374000,11,33391000,20,33373000,6,33392000,22
33385000,3,33386000,10,33384000,5,33387000,17,33383000,9,33388000,21,33382000,9,33389000,18,33381000,10,33390000,23,33380000,9,33391000,18,33379000,9,33392000,22,33378000,10,33393000,21,33377000,10,33394000,25,33376000,12,33395000,19
33383000,8,33385000,2,33382000,8,33386000,10,33381000,9,33387000,12,33380000,9,33388000,15,33379000,11,33389000,19,33378000,10,33390000,24,33377000,10,33391000,18,33376000,14,33392000,22,33375000,17,33393000,21,33374000,11,33394000,25
33380000,5,33382000,2,33379000,8,33383000,5,33378000,9,33384000,7,33377000,7,33385000,6,33376000,11,33386000,13,33375000,18,33387000,7,33374000,11,33388000,18,33373000,6,33389000,19,33372000,16,33390000,25,33371000,11,33391000,19
33380000,4,33383000,5,33379000,6,33384000,7,33378000,7,33385000,6,33377000,7,33386000,14,33376000,10,33387000,16,33375000,17,33388000,18,33374000,11,33389000,18,33373000,7,33390000,24,33372000,16,33391000,20,33371000,11,33392000,21
33385000,1,33386000,5,33384000,4,33387000,5,33383000,6,33388000,5,33382000,5,33389000,17,33381000,9,33390000,22,33380000,7,33391000,19,33379000,8,33392000,21,33378000,10,33393000,21,33377000,8,33394000,26,33376000,13,33395000,17
33379000,6,33381000,1,33378000,7,33382000,4,33377000,9,33383000,6,33376000,9,33384000,6,33375000,17,33385000,7,33374000,11,33386000,7,33373000,6,33387000,10,33372000,15,33388000,10,33371000,11,33389000,19,33370000,11,33390000,25
33382000,6,33385000,5,33381000,5,33386000,5,33380000,6,33387000,7,33379000,7,33388000,7,33378000,7,33389000,18,33377000,10,33390000,26,33376000,12,33391000,19,33375000,17,33392000,21,33374000,11,33393000,21,33373000,6,33394000,26
33381000,1,33382000,2,33380000,7,33383000,3,33379000,9,33384000,5,33378000,8,33385000,5,33377000,10,33386000,7,33376000,12,33387000,6,33375000,15,33388000,12,33374000,11,33389000,10,33373000,6,33390000,15,33372000,17,33391000,9
33378000,2,33380000,3,33377000,7,33381000,7,33376000,11,33382000,5,33375000,16,33383000,6,33374000,10,33384000,7,33373000,6,33385000,8,33372000,14,33386000,11,33371000,11,33387000,9,33370000,11,33388000,13,33369000,13,33389000,9
33375000,11,33376000,4,33374000,5,33377000,4,33373000,8,33378000,6,33372000,14,33379000,6,33371000,9,33380000,7,33370000,11,33381000,10,33369000,10,33382000,11,33368000,14,33383000,9,33367000,14,33384000,10,33366000,15,33385000,9
33378000,3,33381000,6,33377000,5,33382000,6,33376000,5,33383000,8,33375000,5,33384000,6,33374000,8,33385000,10,33373000,8,33386000,11,33372000,16,33387000,9,33371000,11,33388000,14,33370000,13,33389000,8,33369000,12,33390000,23
33379000,5,33381000,1,33378000,4,33382000,6,33377000,6,33383000,6,33376000,6,33384000,7,33375000,6,33385000,10,33374000,7,33386000,10,33373000,9,33387000,9,33372000,16,33388000,14,33371000,11,33389000,8,33370000,12,33390000,23
33383000,2,33384000,1,33382000,3,33385000,7,33381000,6,33386000,8,33380000,4,33387000,9,33379000,7,33388000,14,33378000,6,33389000,8,33377000,10,33390000,19,33376000,12,33391000,19,33375000,8,33392000,29,33374000,12,33393000,21
33385000,6,33387000,1,33384000,7,33388000,6,33383000,5,33389000,16,33382000,5,33390000,17,33381000,5,33391000,21,33380000,4,33392000,30,33379000,9,33393000,21,33378000,9,33394000,26,33377000,11,33395000,19,33376000,12,33396000,24
33389000,1,33390000,11,33388000,5,33391000,15,33387000,7,33392000,26,33386000,10,33393000,21,33385000,10,33394000,24,33384000,7,33395000,19,33383000,7,33396000,24,33382000,10,33397000,23,33381000,5,33398000,21,33380000,7,33399000,21
33387000,7,33389000,2,33386000,8,33390000,5,33385000,7,33391000,6,33384000,5,33392000,27,33383000,7,33393000,21,33382000,9,33394000,27,33381000,4,33395000,19,33380000,8,33396000,24,33379000,7,33397000,23,33378000,9,33398000,21
33389000,3,33390000,2,33388000,4,33391000,4,33387000,10,33392000,16,33386000,8,33393000,20,33385000,8,33394000,25,33384000,6,33395000,19,33383000,7,33396000,24,33382000,9,33397000,23,33381000,6,33398000,21,33380000,8,33399000,20
33392000,4,33393000,1,33391000,9,33394000,15,33390000,9,33395000,18,33389000,6,33396000,23,33388000,6,33397000,23,33387000,12,33398000,22,33386000,10,33399000,20,33385000,7,33400000,21,33384000,9,33401000,18,33383000,8,33402000,22
33395000,9,33396000,2,33394000,6,33397000,4,33393000,6,33398000,19,33392000,8,33399000,22,33391000,8,33400000,22,33390000,11,33401000,21,33389000,12,33402000,22,33388000,8,33403000,19,33387000,8,33404000,21,33386000,11,33405000,20
33397000,5,33399000,12,33396000,11,33400000,16,33395000,10,33401000,20,33394000,11,33402000,23,33393000,10,33403000,22,33392000,9,33404000,24,33391000,9,33405000,20,33390000,11,33406000,24,33389000,8,33407000,7,33388000,9,33408000,16
33398000,4,33400000,13,33397000,9,33401000,18,33396000,12,33402000,22,33395000,10,33403000,22,33394000,12,33404000,23,33393000,10,33405000,21,33392000,9,33406000,24,33391000,9,33407000,7,33390000,12,33408000,16,33389000,8,33409000,11
33393000,1,33394000,1,33392000,7,33395000,5,33391000,8,33396000,7,33390000,8,33397000,4,33389000,8,33398000,10,33388000,9,33399000,11,33387000,9,33400000,13,33386000,13,33401000,21,33385000,9,33402000,24,33384000,13,33403000,21
33390000,1,33391000,11,33389000,5,33392000,2,33388000,7,33393000,8,33387000,7,33394000,9,33386000,15,33395000,10,33385000,9,33396000,12,33384000,11,33397000,9,33383000,9,33398000,11,33382000,11,33399000,11,33381000,7,33400000,23
33392000,5,33394000,1,33391000,7,33395000,9,33390000,7,33396000,8,33389000,8,33397000,8,33388000,8,33398000,12,33387000,10,33399000,21,33386000,13,33400000,23,33385000,8,33401000,20,33384000,13,33402000,24,33383000,9,33403000,21
33396000,2,33397000,1,33395000,6,33398000,7,33394000,7,33399000,19,33393000,8,33400000,21,33392000,8,33401000,21,33391000,9,33402000,26,33390000,9,33403000,21,33389000,11,33404000,24,33388000,11,33405000,20,33387000,9,33406000,23
33399000,3,33400000,3,33398000,6,33401000,14,33397000,8,33402000,22,33396000,6,33403000,20,33395000,7,33404000,23,33394000,8,33405000,22,33393000,8,33406000,23,33392000,10,33407000,19,33391000,11,33408000,26,33390000,10,33409000,21
33397000,5,33399000,1,33396000,7,33400000,6,33395000,7,33401000,6,33394000,8,33402000,7,33393000,9,33403000,9,33392000,10,33404000,13,33391000,8,33405000,22,33390000,12,33406000,25,33389000,12,33407000,19,33388000,13,33408000,26
33398000,4,33400000,3,33397000,6,33401000,6,33396000,8,33402000,8,33395000,7,33403000,8,33394000,9,33404000,12,33393000,8,33405000,22,33392000,9,33406000,23,33391000,9,33407000,20,33390000,12,33408000,26,33389000,11,33409000,20
33397000,3,33399000,6,33396000,8,33400000,5,33395000,8,33401000,7,33394000,8,33402000,5,33393000,9,33403000,7,33392000,9,33404000,11,33391000,7,33405000,10,33390000,12,33406000,15,33389000,11,33407000,9,33388000,12,33408000,26
33393000,1,33394000,2,33392000,6,33395000,5,33391000,9,33396000,8,33390000,9,33397000,4,33389000,12,33398000,7,33388000,12,33399000,10,33387000,9,33400000,10,33386000,10,33401000,9,33385000,7,33402000,9,33384000,12,33403000,9
33390000,1,33391000,2,33389000,8,33392000,6,33388000,11,33393000,5,33387000,8,33394000,6,33386000,11,33395000,8,33385000,7,33396000,9,33384000,11,33397000,7,33383000,9,33398000,9,33382000,11,33399000,12,33381000,7,33400000,11
33393000,3,33394000,1,33392000,3,33395000,5,33391000,4,33396000,9,33390000,4,33397000,9,33389000,5,33398000,11,33388000,9,33399000,12,33387000,8,33400000,12,33386000,12,33401000,9,33385000,9,33402000,11,33384000,11,33403000,8
33390000,3,33392000,6,33389000,4,33393000,5,33388000,7,33394000,7,33387000,7,33395000,10,33386000,11,33396000,10,33385000,6,33397000,9,33384000,11,33398000,12,33383000,10,33399000,12,33382000,13,33400000,12,33381000,7,33401000,9
33387000,4,33389000,1,33386000,8,33390000,5,33385000,6,33391000,4,33384000,8,33392000,6,33383000,9,33393000,8,33382000,9,33394000,11,33381000,8,33395000,12,33380000,17,33396000,13,33379000,8,33397000,11,33378000,10,33398000,12
33386000,7,33388000,2,33385000,5,33389000,3,33384000,9,33390000,6,33383000,9,33391000,5,33382000,9,33392000,7,33381000,8,33393000,8,33380000,17,33394000,14,33379000,8,33395000,12,33378000,10,33396000,12,33377000,11,33397000,11
33390000,1,33391000,1,33389000,5,33392000,4,33388000,6,33393000,8,33387000,5,33394000,11,33386000,6,33395000,12,33385000,6,33396000,12,33384000,10,33397000,11,33383000,8,33398000,12,33382000,11,33399000,11,33381000,7,33400000,12
33390000,5,33393000,4,33389000,4,33394000,6,33388000,6,33395000,5,33387000,8,33396000,9,33386000,9,33397000,10,33385000,7,33398000,14,33384000,11,33399000,12,33383000,8,33400000,13,33382000,10,33401000,9,33381000,7,33402000,11
33387000,1,33388000,2,33386000,4,33389000,7,33385000,5,33390000,5,33384000,9,33391000,8,33383000,8,33392000,8,33382000,10,33393000,7,33381000,7,33394000,11,33380000,19,33395000,10,33379000,18,33396000,13,33378000,21,33397000,10
33389000,2,33390000,1,33388000,9,33391000,6,33387000,6,33392000,5,33386000,7,33393000,6,33385000,4,33394000,9,33384000,11,33395000,8,33383000,11,33396000,13,33382000,11,33397000,10,33381000,9,33398000,12,33380000,19,33399000,17
33390000,5,33393000,4,33389000,4,33394000,6,33388000,11,33395000,7,33387000,9,33396000,9,33386000,9,33397000,10,33385000,4,33398000,13,33384000,11,33399000,11,33383000,10,33400000,12,33382000,10,33401000,9,33381000,9,33402000,11
33390000,1,33392000,5,33389000,5,33393000,6,33388000,12,33394000,7,33387000,8,33395000,7,33386000,10,33396000,10,33385000,5,33397000,9,33384000,11,33398000,14,33383000,8,33399000,12,33382000,10,33400000,11,33381000,9,33401000,8
33387000,1,33388000,4,33386000,6,33389000,7,33385000,4,33390000,6,33384000,7,33391000,6,33383000,8,33392000,10,33382000,10,33393000,9,33381000,9,33394000,10,33380000,8,33395000,8,33379000,18,33396000,12,33378000,22,33397000,10
33391000,2,33392000,4,33390000,2,33393000,6,33389000,4,33394000,8,33388000,5,33395000,8,33387000,9,33396000,11,33386000,9,33397000,11,33385000,7,33398000,12,33384000,9,33399000,11,33383000,11,33400000,12,33382000,11,33401000,9
33388000,3,33389000,3,33387000,2,33390000,2,33386000,15,33391000,7,33385000,6,33392000,7,33384000,8,33393000,9,33383000,10,33394000,8,33382000,10,33395000,9,33381000,9,33396000,12,33380000,19,33397000,11,33379000,18,33398000,12
33391000,1,33392000,6,33390000,2,33393000,7,33389000,6,33394000,7,33388000,6,33395000,8,33387000,8,33396000,10,33386000,11,33397000,12,33385000,5,33398000,13,33384000,11,33399000,12,33383000,10,33400000,12,33382000,10,33401000,9
33394000,1,33395000,2,33393000,3,33396000,7,33392000,8,33397000,8,33391000,4,33398000,12,33390000,8,33399000,13,33389000,9,33400000,12,33388000,9,33401000,9,33387000,12,33402000,12,33386000,14,33403000,8,33385000,6,33404000,14
33397000,3,33398000,1,33396000,3,33399000,6,33395000,4,33400000,11,33394000,8,33401000,12,33393000,4,33402000,13,33392000,8,33403000,7,33391000,6,33404000,12,33390000,11,33405000,9,33389000,11,33406000,13,33388000,9,33407000,7
33395000,1,33396000,2,33394000,5,33397000,5,33393000,5,33398000,6,33392000,8,33399000,7,33391000,6,33400000,9,33390000,10,33401000,12,33389000,9,33402000,16,33388000,8,33403000,11,33387000,12,33404000,13,33386000,15,33405000,9
33397000,2,33398000,1,33396000,6,33399000,5,33395000,2,33400000,6,33394000,7,33401000,11,33393000,7,33402000,14,33392000,10,33403000,11,33391000,6,33404000,12,33390000,13,33405000,9,33389000,12,33406000,13,33388000,9,33407000,7
33401000,2,33402000,3,33400000,4,33403000,7,33399000,5,33404000,8,33398000,6,33405000,7,33397000,8,33406000,9,33396000,8,33407000,8,33395000,8,33408000,17,33394000,11,33409000,10,33393000,10,33410000,12,33392000,12,33411000,15
33399000,4,33401000,1,33398000,6,33402000,7,33397000,8,33403000,6,33396000,7,33404000,10,33395000,8,33405000,8,33394000,11,33406000,12,33393000,8,33407000,9,33392000,12,33408000,17,33391000,6,33409000,10,33390000,14,33410000,12
33399000,4,33402000,6,33398000,7,33403000,6,33397000,8,33404000,10,33396000,7,33405000,8,33395000,8,33406000,12,33394000,11,33407000,9,33393000,8,33408000,17,33392000,12,33409000,10,33391000,6,33410000,12,33390000,14,33411000,15
33399000,4,33401000,1,33398000,7,33402000,4,33397000,8,33403000,6,33396000,6,33404000,8,33395000,8,33405000,8,33394000,11,33406000,10,33393000,8,33407000,9,33392000,12,33408000,17,33391000,6,33409000,10,33390000,14,33410000,12
33403000,6,33404000,2,33402000,2,33405000,3,33401000,6,33406000,5,33400000,6,33407000,7,33399000,8,33408000,14,33398000,10,33409000,10,33397000,9,33410000,14,33396000,17,33411000,16,33395000,7,33412000,11,33394000,11,33413000,6
33401000,1,33402000,3,33399000,5,33403000,6,33398000,6,33404000,7,33397000,8,33405000,9,33396000,16,33406000,11,33395000,8,33407000,9,33394000,11,33408000,18,33393000,5,33409000,11,33392000,10,33410000,13,33391000,6,33411000,15
33404000,1,33406000,6,33403000,5,33407000,6,33402000,6,33408000,13,33401000,6,33409000,10,33400000,6,33410000,12,33399000,10,33411000,17,33398000,10,33412000,11,33397000,8,33413000,6,33396000,13,33414000,15,33395000,7,33415000,15
33405000,1,33407000,4,33404000,5,33408000,6,33403000,9,33409000,7,33402000,9,33410000,12,33401000,10,33411000,16,33400000,10,33412000,11,33399000,12,33413000,6,33398000,9,33414000,15,33397000,10,33415000,14,33396000,13,33416000,13
33403000,1,33404000,1,33402000,6,33405000,6,33401000,9,33406000,6,33400000,10,33407000,6,33399000,13,33408000,10,33398000,10,33409000,9,33397000,8,33410000,14,33396000,12,33411000,17,33395000,9,33412000,11,33394000,13,33413000,6
33406000,2,33407000,1,33405000,5,33408000,5,33404000,7,33409000,7,33403000,6,33410000,12,33402000,9,33411000,16,33401000,11,33412000,11,33400000,12,33413000,6,33399000,12,33414000,15,33398000,13,33415000,14,33397000,10,33416000,13
33404000,1,33405000,1,33403000,5,33406000,7,33402000,10,33407000,5,33401000,11,33408000,9,33400000,10,33409000,9,33399000,13,33410000,11,33398000,10,33411000,16,33397000,8,33412000,13,33396000,13,33413000,8,33395000,9,33414000,15
33402000,3,33403000,1,33401000,4,33404000,4,33400000,8,33405000,6,33399000,11,33406000,6,33398000,9,33407000,7,33397000,8,33408000,11,33396000,11,33409000,9,33395000,8,33410000,15,33394000,12,33411000,16,33393000,6,33412000,12
33403000,2,33404000,2,33402000,3,33405000,3,33401000,5,33406000,7,33400000,8,33407000,12,33399000,6,33408000,10,33398000,11,33409000,10,33397000,10,33410000,14,33396000,10,33411000,16,33395000,8,33412000,12,33394000,12,33413000,13
33404000,1,33406000,4,33403000,6,33407000,5,33402000,6,33408000,8,33401000,7,33409000,9,33400000,8,33410000,14,33399000,7,33411000,17,33398000,12,33412000,13,33397000,12,33413000,13,33396000,11,33414000,15,33395000,7,33415000,30
33401000,2,33402000,1,33400000,6,33403000,2,33399000,8,33404000,5,33398000,10,33405000,10,33397000,10,33406000,12,33396000,13,33407000,10,33395000,9,33408000,12,33394000,11,33409000,9,33393000,8,33410000,15,33392000,12,33411000,15
33399000,1,33400000,3,33398000,6,33401000,7,33397000,8,33402000,7,33396000,11,33403000,4,33395000,9,33404000,8,33394000,12,33405000,13,33393000,8,33406000,15,33392000,12,33407000,7,33391000,6,33408000,13,33390000,15,33409000,8
33401000,3,33402000,3,33400000,5,33403000,3,33399000,5,33404000,7,33398000,4,33405000,12,33397000,6,33406000,16,33396000,9,33407000,7,33395000,7,33408000,13,33394000,11,33409000,9,33393000,8,33410000,13,33392000,14,33411000,16
33403000,3,33406000,8,33402000,4,33407000,6,33401000,5,33408000,10,33400000,8,33409000,9,33399000,8,33410000,13,33398000,10,33411000,16,33397000,10,33412000,22,33396000,10,33413000,23,33395000,9,33414000,26,33394000,11,33415000,30
33403000,1,33404000,1,33402000,3,33405000,7,33401000,6,33406000,9,33400000,12,33407000,6,33399000,9,33408000,9,33398000,10,33409000,9,33397000,11,33410000,14,33396000,8,33411000,17,33395000,8,33412000,13,33394000,11,33413000,13
33406000,6,33407000,2,33405000,1,33408000,9,33404000,3,33409000,7,33403000,5,33410000,9,33402000,8,33411000,27,33401000,8,33412000,21,33400000,10,33413000,24,33399000,10,33414000,26,33398000,11,33415000,48,33397000,12,33416000,23
33407000,4,33409000,4,33406000,7,33410000,19,33405000,6,33411000,27,33404000,5,33412000,20,33403000,10,33413000,24,33402000,8,33414000,27,33401000,9,33415000,48,33400000,10,33416000,23,33399000,10,33417000,25,33398000,9,33418000,23
33406000,1,33407000,2,33405000,2,33408000,8,33404000,5,33409000,6,33403000,9,33410000,6,33402000,9,33411000,16,33401000,10,33412000,20,33400000,10,33413000,18,33399000,9,33414000,28,33398000,9,33415000,34,33397000,11,33416000,23
33403000,2,33405000,5,33402000,5,33406000,6,33401000,10,33407000,8,33400000,9,33408000,13,33399000,10,33409000,8,33398000,9,33410000,7,33397000,10,33411000,14,33396000,12,33412000,12,33395000,8,33413000,17,33394000,11,33414000,27
33406000,1,33407000,1,33405000,5,33408000,11,33404000,5,33409000,6,33403000,4,33410000,7,33402000,6,33411000,24,33401000,7,33412000,23,33400000,11,33413000,17,33399000,11,33414000,27,33398000,10,33415000,32,33397000,12,33416000,23
33403000,1,33405000,4,33402000,3,33406000,9,33401000,7,33407000,7,33400000,7,33408000,13,33399000,8,33409000,10,33398000,8,33410000,9,33397000,10,33411000,23,33396000,12,33412000,20,33395000,9,33413000,17,33394000,11,33414000,27
33400000,2,33401000,1,33399000,4,33402000,5,33398000,7,33403000,7,33397000,9,33404000,7,33396000,11,33405000,8,33395000,8,33406000,12,33394000,10,33407000,7,33393000,9,33408000,15,33392000,14,33409000,11,33391000,6,33410000,8
33397000,5,33399000,1,33396000,8,33400000,5,33395000,7,33401000,7,33394000,9,33402000,9,33393000,8,33403000,9,33392000,15,33404000,9,33391000,6,33405000,10,33390000,13,33406000,14,33389000,8,33407000,9,33388000,9,33408000,14
33397000,5,33399000,1,33396000,8,33400000,5,33395000,7,33401000,7,33394000,9,33402000,9,33393000,8,33403000,9,33392000,15,33404000,9,33391000,6,33405000,10,33390000,13,33406000,14,33389000,8,33407000,9,33388000,9,33408000,14
33398000,2,33400000,2,33397000,9,33401000,5,33396000,10,33402000,5,33395000,5,33403000,5,33394000,11,33404000,8,33393000,10,33405000,12,33392000,14,33406000,18,33391000,6,33407000,9,33390000,14,33408000,13,33389000,8,33409000,9
33398000,2,33400000,2,33397000,9,33401000,5,33396000,10,33402000,5,33395000,5,33403000,5,33394000,11,33404000,8,33393000,10,33405000,12,33392000,14,33406000,18,33391000,6,33407000,9,33390000,14,33408000,13,33389000,8,33409000,9
33400000,3,33402000,5,33399000,5,33403000,6,33398000,9,33404000,8,33397000,9,33405000,7,33396000,10,33406000,14,33395000,7,33407000,8,33394000,13,33408000,13,33393000,10,33409000,10,33392000,13,33410000,14,33391000,5,33411000,27
33402000,2,33403000,5,33401000,5,33404000,3,33400000,5,33405000,7,33399000,5,33406000,12,33398000,9,33407000,9,33397000,12,33408000,11,33396000,11,33409000,11,33395000,8,33410000,16,33394000,12,33411000,27,33393000,9,33412000,24
33401000,1,33402000,1,33400000,4,33403000,4,33399000,4,33404000,6,33398000,9,33405000,6,33397000,13,33406000,12,33396000,11,33407000,7,33395000,8,33408000,11,33394000,11,33409000,11,33393000,9,33410000,17,33392000,14,33411000,27
33397000,1,33398000,1,33396000,5,33399000,4,33395000,7,33400000,8,33394000,9,33401000,10,33393000,10,33402000,10,33392000,14,33403000,6,33391000,6,33404000,10,33390000,14,33405000,9,33389000,8,33406000,16,33388000,9,33407000,7
33400000,1,33401000,6,33399000,1,33402000,8,33398000,7,33403000,6,33397000,8,33404000,7,33396000,7,33405000,10,33395000,4,33406000,18,33394000,6,33407000,7,33393000,11,33408000,12,33392000,14,33409000,9,33391000,9,33410000,18
33403000,2,33404000,3,33402000,4,33405000,3,33401000,6,33406000,10,33400000,6,33407000,6,33399000,8,33408000,10,33398000,5,33409000,9,33397000,14,33410000,14,33396000,13,33411000,23,33395000,9,33412000,21,33394000,12,33413000,19
33407000,3,33408000,2,33406000,6,33409000,3,33405000,5,33410000,10,33404000,4,33411000,24,33403000,5,33412000,20,33402000,8,33413000,19,33401000,9,33414000,26,33400000,10,33415000,32,33399000,8,33416000,23,33398000,7,33417000,20
33410000,3,33411000,5,33409000,5,33412000,15,33408000,4,33413000,18,33407000,5,33414000,26,33406000,8,33415000,34,33405000,6,33416000,22,33404000,8,33417000,20,33403000,8,33418000,22,33402000,8,33419000,17,33401000,9,33420000,21
33412000,1,33414000,15,33411000,4,33415000,28,33410000,5,33416000,18,33409000,5,33417000,20,33408000,7,33418000,22,33407000,6,33419000,16,33406000,11,33420000,21,33405000,8,33421000,19,33404000,7,33422000,23,33403000,7,33423000,19
33417000,5,33419000,13,33416000,7,33420000,21,33415000,9,33421000,21,33414000,6,33422000,30,33413000,10,33423000,21,33412000,11,33424000,23,33411000,10,33425000,33,33410000,14,33426000,30,33409000,10,33427000,24,33408000,10,33428000,22
33418000,4,33420000,2,33417000,6,33421000,20,33416000,9,33422000,29,33415000,9,33423000,21,33414000,8,33424000,24,33413000,11,33425000,33,33412000,12,33426000,30,33411000,10,33427000,23,33410000,14,33428000,20,33409000,9,33429000,18
33417000,1,33418000,4,33416000,6,33419000,7,33415000,9,33420000,6,33414000,8,33421000,9,33413000,10,33422000,31,33412000,10,33423000,21,33411000,10,33424000,25,33410000,14,33425000,34,33409000,9,33426000,30,33408000,12,33427000,23
33413000,8,33415000,1,33412000,7,33416000,4,33411000,7,33417000,6,33410000,12,33418000,5,33409000,10,33419000,10,33408000,14,33420000,8,33407000,6,33421000,21,33406000,11,33422000,31,33405000,9,33423000,21,33404000,11,33424000,23
33413000,5,33416000,3,33412000,7,33417000,6,33411000,7,33418000,5,33410000,12,33419000,9,33409000,10,33420000,8,33408000,14,33421000,21,33407000,6,33422000,31,33406000,11,33423000,21,33405000,9,33424000,23,33404000,11,33425000,33
33419000,3,33420000,3,33418000,6,33421000,14,33417000,7,33422000,29,33416000,8,33423000,19,33415000,10,33424000,24,33414000,7,33425000,34,33413000,9,33426000,33,33412000,13,33427000,21,33411000,10,33428000,28,33410000,13,33429000,8
33417000,1,33419000,7,33416000,7,33420000,7,33415000,11,33421000,7,33414000,9,33422000,14,33413000,9,33423000,18,33412000,12,33424000,25,33411000,8,33425000,35,33410000,13,33426000,35,33409000,9,33427000,22,33408000,17,33428000,28
33413000,1,33414000,1,33412000,7,33415000,5,33411000,8,33416000,7,33410000,12,33417000,8,33409000,10,33418000,10,33408000,14,33419000,10,33407000,6,33420000,12,33406000,11,33421000,12,33405000,9,33422000,15,33404000,11,33423000,19
33410000,5,33412000,2,33409000,9,33413000,7,33408000,10,33414000,6,33407000,8,33415000,9,33406000,11,33416000,9,33405000,10,33417000,10,33404000,8,33418000,14,33403000,6,33419000,13,33402000,10,33420000,12,33401000,9,33421000,12
33407000,3,33410000,5,33406000,9,33411000,6,33405000,11,33412000,8,33404000,10,33413000,7,33403000,9,33414000,8,33402000,10,33415000,10,33401000,9,33416000,11,33400000,9,33417000,10,33399000,7,33418000,14,33398000,23,33419000,12
33409000,2,33411000,3,33408000,6,33412000,7,33407000,11,33413000,8,33406000,7,33414000,6,33405000,13,33415000,10,33404000,9,33416000,9,33403000,19,33417000,13,33402000,23,33418000,32,33401000,22,33419000,32,33400000,31,33420000,22
33411000,3,33413000,2,33410000,6,33414000,6,33409000,6,33415000,7,33408000,16,33416000,7,33407000,22,33417000,9,33406000,22,33418000,11,33405000,21,33419000,17,33404000,21,33420000,13,33403000,18,33421000,14,33402000,21,33422000,15
33411000,2,33412000,2,33410000,4,33413000,5,33409000,6,33414000,5,33408000,16,33415000,7,33407000,22,33416000,8,33406000,23,33417000,8,33405000,21,33418000,14,33404000,21,33419000,17,33403000,18,33420000,13,33402000,21,33421000,13
33408000,12,33409000,3,33407000,21,33410000,6,33406000,22,33411000,7,33405000,25,33412000,6,33404000,21,33413000,7,33403000,21,33414000,7,33402000,22,33415000,10,33401000,21,33416000,11,33400000,32,33417000,10,33399000,28,33418000,14
33405000,17,33406000,3,33404000,14,33407000,5,33403000,19,33408000,7,33402000,20,33409000,7,33401000,21,33410000,8,33400000,35,33411000,8,33399000,28,33412000,11,33398000,21,33413000,11,33397000,22,33414000,11,33396000,24,33415000,11
33410000,2,33411000,7,33409000,3,33412000,5,33408000,6,33413000,7,33407000,7,33414000,6,33406000,8,33415000,15,33405000,12,33416000,11,33404000,12,33417000,12,33403000,18,33418000,14,33402000,23,33419000,14,33401000,22,33420000,13
33412000,4,33413000,1,33411000,5,33414000,2,33410000,6,33415000,11,33409000,8,33416000,10,33408000,8,33417000,13,33407000,10,33418000,15,33406000,11,33419000,14,33405000,18,33420000,13,33404000,11,33421000,12,33403000,18,33422000,17
33410000,4,33411000,1,33409000,8,33412000,3,33408000,8,33413000,5,33407000,11,33414000,6,33406000,14,33415000,12,33405000,17,33416000,9,33404000,9,33417000,12,33403000,17,33418000,13,33402000,22,33419000,15,33401000,21,33420000,13
33413000,2,33415000,10,33412000,5,33416000,7,33411000,6,33417000,9,33410000,5,33418000,11,33409000,7,33419000,15,33408000,11,33420000,14,33407000,12,33421000,12,33406000,14,33422000,15,33405000,23,33423000,8,33404000,11,33424000,13
33410000,4,33411000,3,33409000,4,33412000,6,33408000,10,33413000,4,33407000,11,33414000,5,33406000,14,33415000,9,33405000,22,33416000,8,33404000,12,33417000,10,33403000,19,33418000,15,33402000,24,33419000,16,33401000,23,33420000,14
33413000,1,33414000,2,33412000,6,33415000,9,33411000,6,33416000,7,33410000,6,33417000,9,33409000,8,33418000,11,33408000,12,33419000,15,33407000,12,33420000,13,33406000,14,33421000,12,33405000,22,33422000,15,33404000,12,33423000,8
33416000,4,33417000,1,33415000,9,33419000,11,33414000,5,33420000,11,33413000,5,33421000,11,33412000,6,33422000,17,33411000,8,33423000,8,33410000,13,33424000,13,33409000,11,33425000,21,33408000,15,33426000,23,33407000,11,33427000,11
33414000,1,33415000,1,33413000,5,33416000,4,33412000,6,33417000,6,33411000,7,33418000,8,33410000,9,33419000,10,33409000,11,33420000,12,33408000,15,33421000,12,33407000,11,33422000,19,33406000,14,33423000,9,33405000,22,33424000,12
33411000,2,33412000,2,33410000,4,33413000,5,33409000,8,33414000,5,33408000,12,33415000,10,33407000,12,33416000,6,33406000,14,33417000,8,33405000,22,33418000,12,33404000,12,33419000,14,33403000,19,33420000,14,33402000,24,33421000,13
33414000,2,33415000,2,33413000,5,33416000,5,33412000,7,33417000,6,33411000,8,33418000,8,33410000,10,33419000,15,33409000,10,33420000,12,33408000,15,33421000,14,33407000,11,33422000,17,33406000,24,33423000,8,33405000,31,33424000,12
33411000,4,33412000,1,33410000,7,33413000,5,33409000,8,33414000,6,33408000,12,33415000,8,33407000,11,33416000,7,33406000,24,33417000,8,33405000,25,33418000,13,33404000,22,33419000,16,33403000,19,33420000,14,33402000,24,33421000,12
33414000,2,33416000,3,33413000,5,33417000,5,33412000,5,33418000,7,33411000,7,33419000,12,33410000,7,33420000,12,33409000,7,33421000,14,33408000,15,33422000,18,33407000,10,33423000,8,33406000,24,33424000,12,33405000,23,33425000,21
33417000,2,33419000,8,33416000,6,33420000,10,33415000,5,33421000,10,33414000,7,33422000,18,33413000,12,33423000,9,33412000,9,33424000,13,33411000,11,33425000,21,33410000,10,33426000,23,33409000,8,33427000,11,33408000,14,33428000,20
33413000,3,33414000,12,33412000,8,33415000,2,33411000,8,33416000,6,33410000,10,33417000,4,33409000,16,33418000,6,33408000,20,33419000,8,33407000,7,33420000,9,33406000,23,33421000,12,33405000,19,33422000,12,33404000,20,33423000,11
33411000,2,33412000,1,33410000,15,33413000,7,33409000,22,33414000,7,33408000,23,33415000,8,33407000,19,33416000,8,33406000,24,33417000,10,33405000,19,33418000,13,33404000,18,33419000,13,33403000,17,33420000,26,33402000,22,33421000,12
33408000,21,33412000,3,33407000,20,33413000,6,33406000,24,33414000,9,33405000,19,33415000,9,33404000,19,33416000,10,33403000,17,33417000,11,33402000,21,33418000,14,33401000,20,33419000,12,33400000,41,33420000,26,33399000,22,33421000,12
33409000,2,33411000,8,33408000,17,33412000,7,33407000,19,33413000,6,33406000,24,33414000,9,33405000,19,33415000,10,33404000,18,33416000,10,33403000,18,33417000,11,33402000,21,33418000,14,33401000,20,33419000,12,33400000,41,33420000,26
33408000,17,33411000,5,33407000,18,33412000,5,33406000,23,33413000,9,33405000,18,33414000,9,33404000,18,33415000,11,33403000,19,33416000,9,33402000,21,33417000,11,33401000,20,33418000,13,33400000,41,33419000,11,33399000,22,33420000,27
33413000,1,33414000,1,33412000,4,33415000,7,33411000,7,33416000,6,33410000,6,33417000,8,33409000,6,33418000,9,33408000,11,33419000,11,33407000,11,33420000,11,33406000,16,33421000,12,33405000,19,33422000,12,33404000,25,33423000,10
33415000,2,33417000,4,33414000,5,33418000,6,33413000,7,33419000,7,33412000,7,33420000,11,33411000,8,33421000,11,33410000,8,33422000,14,33409000,10,33423000,10,33408000,23,33424000,17,33407000,30,33425000,21,33406000,24,33426000,23
33419000,3,33420000,4,33418000,5,33421000,8,33417000,7,33422000,10,33416000,8,33423000,10,33415000,11,33424000,15,33414000,7,33425000,23,33413000,9,33426000,23,33412000,11,33427000,10,33411000,9,33428000,18,33410000,10,33429000,8
33415000,4,33417000,1,33414000,6,33418000,6,33413000,18,33419000,7,33412000,15,33420000,9,33411000,9,33421000,9,33410000,10,33422000,12,33409000,9,33423000,21,33408000,26,33424000,13,33407000,29,33425000,21,33406000,24,33426000,28
33414000,3,33416000,3,33413000,6,33417000,6,33412000,19,33418000,6,33411000,12,33419000,8,33410000,18,33420000,9,33409000,13,33421000,9,33408000,25,33422000,15,33407000,27,33423000,21,33406000,28,33424000,13,33405000,27,33425000,21
33410000,6,33412000,5,33409000,10,33413000,7,33408000,29,33414000,7,33407000,30,33415000,8,33406000,28,33416000,6,33405000,23,33417000,8,33404000,25,33418000,11,33403000,17,33419000,13,33402000,22,33420000,12,33401000,21,33421000,10
33412000,2,33413000,5,33411000,5,33414000,3,33410000,7,33415000,6,33409000,9,33416000,7,33408000,14,33417000,8,33407000,28,33418000,9,33406000,25,33419000,12,33405000,23,33420000,11,33404000,26,33421000,10,33403000,17,33422000,14
33414000,6,33416000,2,33413000,10,33417000,6,33412000,7,33418000,6,33411000,7,33419000,9,33410000,19,33420000,11,33409000,23,33421000,10,33408000,23,33422000,14,33407000,19,33423000,20,33406000,25,33424000,12,33405000,22,33425000,21
33417000,2,33419000,5,33416000,9,33420000,6,33415000,8,33421000,7,33414000,12,33422000,12,33413000,12,33423000,20,33412000,14,33424000,12,33411000,8,33425000,22,33410000,21,33426000,28,33409000,21,33427000,10,33408000,25,33428000,20
33414000,6,33415000,6,33413000,7,33416000,7,33412000,12,33417000,5,33411000,7,33418000,9,33410000,19,33419000,6,33409000,23,33420000,9,33408000,25,33421000,9,33407000,28,33422000,15,33406000,24,33423000,21,33405000,22,33424000,13
33411000,5,33412000,3,33410000,6,33413000,4,33409000,11,33414000,6,33408000,16,33415000,7,33407000,28,33416000,11,33406000,26,33417000,10,33405000,22,33418000,11,33404000,25,33419000,11,33403000,17,33420000,15,33402000,21,33421000,10
33413000,2,33414000,3,33412000,5,33415000,5,33411000,5,33416000,8,33410000,6,33417000,8,33409000,11,33418000,11,33408000,12,33419000,10,33407000,17,33420000,16,33406000,16,33421000,10,33405000,13,33422000,14,33404000,14,33423000,20
33416000,4,33418000,3,33415000,10,33419000,7,33414000,7,33420000,14,33413000,6,33421000,9,33412000,9,33422000,13,33411000,9,33423000,22,33410000,11,33424000,12,33409000,12,33425000,21,33408000,18,33426000,27,33407000,17,33427000,11
33415000,4,33417000,1,33414000,5,33418000,4,33413000,8,33419000,7,33412000,9,33420000,8,33411000,11,33421000,10,33410000,12,33422000,12,33409000,11,33423000,21,33408000,19,33424000,13,33407000,18,33425000,22,33406000,59,33426000,27
33412000,1,33413000,5,33411000,2,33414000,7,33410000,8,33415000,8,33409000,11,33416000,5,33408000,13,33417000,8,33407000,18,33418000,10,33406000,14,33419000,10,33405000,13,33420000,13,33404000,15,33421000,12,33403000,10,33422000,14
33413000,1,33415000,3,33412000,4,33416000,5,33411000,9,33417000,7,33410000,6,33418000,8,33409000,11,33419000,10,33408000,13,33420000,15,33407000,18,33421000,11,33406000,16,33422000,14,33405000,13,33423000,20,33404000,15,33424000,12
33418000,1,33419000,1,33417000,4,33420000,8,33416000,7,33421000,9,33415000,15,33422000,13,33414000,8,33423000,30,33413000,9,33424000,24,33412000,12,33425000,31,33411000,12,33426000,32,33410000,11,33427000,20,33409000,10,33428000,34
33418000,1,33419000,1,33417000,5,33420000,8,33416000,7,33421000,9,33415000,13,33422000,12,33414000,9,33423000,31,33413000,9,33424000,22,33412000,12,33425000,32,33411000,11,33426000,32,33410000,11,33427000,20,33409000,10,33428000,32
33416000,1,33417000,17,33415000,11,33418000,6,33414000,7,33419000,4,33413000,8,33420000,5,33412000,12,33421000,7,33411000,12,33422000,10,33410000,10,33423000,19,33409000,11,33424000,22,33408000,16,33425000,32,33407000,18,33426000,34
33417000,4,33419000,1,33416000,4,33420000,7,33415000,5,33421000,9,33414000,5,33422000,11,33413000,9,33423000,19,33412000,10,33424000,22,33411000,10,33425000,30,33410000,15,33426000,29,33409000,9,33427000,19,33408000,13,33428000,30
33421000,5,33422000,1,33420000,3,33423000,14,33419000,7,33424000,7,33418000,5,33425000,30,33417000,8,33426000,28,33416000,6,33427000,19,33415000,10,33428000,30,33414000,7,33429000,16,33413000,9,33430000,20,33412000,10,33431000,22
33422000,6,33424000,5,33421000,7,33425000,27,33420000,4,33426000,26,33419000,8,33427000,20,33418000,7,33428000,34,33417000,10,33429000,16,33416000,8,33430000,20,33415000,10,33431000,22,33414000,9,33432000,20,33413000,9,33433000,20
33427000,3,33428000,22,33426000,6,33429000,17,33425000,8,33430000,19,33424000,9,33431000,26,33423000,10,33432000,22,33422000,10,33433000,21,33421000,10,33434000,19,33420000,9,33435000,20,33419000,9,33436000,25,33418000,8,33437000,17
33425000,9,33427000,2,33424000,9,33428000,9,33423000,9,33429000,6,33422000,10,33430000,17,33421000,10,33431000,21,33420000,9,33432000,28,33419000,8,33433000,23,33418000,7,33434000,21,33417000,10,33435000,20,33416000,8,33436000,25
33422000,4,33424000,2,33421000,7,33425000,5,33420000,5,33426000,6,33419000,8,33427000,6,33418000,8,33428000,13,33417000,11,33429000,7,33416000,8,33430000,22,33415000,8,33431000,21,33414000,10,33432000,26,33413000,10,33433000,22
33418000,1,33419000,1,33417000,6,33420000,5,33416000,5,33421000,8,33415000,9,33422000,7,33414000,9,33423000,7,33413000,11,33424000,10,33412000,10,33425000,8,33411000,13,33426000,9,33410000,15,33427000,10,33409000,13,33428000,12
33415000,2,33416000,3,33414000,7,33417000,6,33413000,9,33418000,7,33412000,9,33419000,5,33411000,14,33420000,8,33410000,16,33421000,11,33409000,11,33422000,11,33408000,14,33423000,9,33407000,18,33424000,11,33406000,12,33425000,8
33413000,3,33415000,3,33412000,5,33416000,7,33411000,12,33417000,6,33410000,12,33418000,8,33409000,12,33419000,7,33408000,15,33420000,8,33407000,18,33421000,12,33406000,12,33422000,11,33405000,12,33423000,9,33404000,9,33424000,10
33415000,1,33416000,2,33414000,4,33417000,7,33413000,8,33418000,8,33412000,7,33419000,9,33411000,9,33420000,11,33410000,13,33421000,12,33409000,13,33422000,8,33408000,16,33423000,9,33407000,18,33424000,10,33406000,12,33425000,9
33416000,4,33418000,4,33415000,7,33419000,6,33414000,7,33420000,10,33413000,7,33421000,10,33412000,11,33422000,11,33411000,20,33423000,11,33410000,17,33424000,10,33409000,23,33425000,8,33408000,25,33426000,10,33407000,28,33427000,11
33422000,2,33423000,1,33421000,6,33424000,6,33420000,6,33425000,10,33419000,7,33426000,8,33418000,6,33427000,11,33417000,5,33428000,13,33416000,12,33429000,7,33415000,11,33430000,11,33414000,10,33431000,8,33413000,19,33432000,17
33420000,4,33422000,3,33419000,6,33423000,6,33418000,5,33424000,6,33417000,4,33425000,8,33416000,9,33426000,12,33415000,11,33427000,11,33414000,19,33428000,12,33413000,19,33429000,8,33412000,20,33430000,11,33411000,19,33431000,8
33421000,4,33423000,4,33420000,6,33424000,6,33419000,6,33425000,8,33418000,4,33426000,10,33417000,5,33427000,11,33416000,9,33428000,13,33415000,11,33429000,8,33414000,19,33430000,12,33413000,19,33431000,8,33412000,20,33432000,17
33426000,1,33427000,5,33425000,2,33428000,8,33424000,5,33429000,8,33423000,6,33430000,13,33422000,6,33431000,8,33421000,8,33432000,18,33420000,9,33433000,12,33419000,10,33434000,12,33418000,9,33435000,11,33417000,5,33436000,16
33427000,4,33429000,2,33426000,5,33430000,9,33425000,8,33431000,7,33424000,6,33432000,16,33423000,9,33433000,13,33422000,9,33434000,13,33421000,10,33435000,11,33420000,11,33436000,16,33419000,8,33437000,8,33418000,7,33438000,10
33426000,3,33427000,2,33425000,5,33428000,3,33424000,8,33429000,5,33423000,11,33430000,7,33422000,9,33431000,5,33421000,10,33432000,14,33420000,11,33433000,13,33419000,9,33434000,14,33418000,8,33435000,13,33417000,7,33436000,17
33427000,4,33430000,6,33426000,3,33431000,6,33425000,6,33432000,12,33424000,5,33433000,10,33423000,7,33434000,12,33422000,7,33435000,15,33421000,10,33436000,17,33420000,15,33437000,9,33419000,11,33438000,10,33418000,7,33439000,7
33432000,2,33433000,2,33431000,9,33434000,6,33430000,5,33435000,14,33429000,5,33436000,18,33428000,11,33437000,10,33427000,8,33438000,12,33426000,12,33439000,7,33425000,11,33440000,13,33424000,10,33441000,9,33423000,7,33442000,10
33431000,1,33433000,7,33430000,6,33434000,7,33429000,6,33435000,9,33428000,12,33436000,18,33427000,10,33437000,10,33426000,12,33438000,14,33425000,31,33439000,9,33424000,10,33440000,17,33423000,9,33441000,9,33422000,37,33442000,9
33425000,12,33426000,3,33424000,5,33427000,5,33423000,10,33428000,6,33422000,11,33429000,7,33421000,10,33430000,8,33420000,15,33431000,8,33419000,10,33432000,8,33418000,18,33433000,10,33417000,18,33434000,13,33416000,19,33435000,11
33423000,4,33425000,2,33422000,6,33426000,5,33421000,8,33427000,5,33420000,14,33428000,8,33419000,11,33429000,9,33418000,19,33430000,10,33417000,18,33431000,8,33416000,19,33432000,10,33415000,19,33433000,10,33414000,23,33434000,10
33427000,4,33429000,5,33426000,5,33430000,7,33425000,7,33431000,7,33424000,5,33432000,9,33423000,6,33433000,9,33422000,11,33434000,11,33421000,10,33435000,12,33420000,16,33436000,17,33419000,11,33437000,45,33418000,20,33438000,21
33423000,6,33425000,1,33422000,5,33426000,6,33421000,7,33427000,6,33420000,13,33428000,8,33419000,12,33429000,7,33418000,11,33430000,12,33417000,21,33431000,8,33416000,18,33432000,10,33415000,19,33433000,9,33414000,21,33434000,10
33426000,3,33427000,1,33425000,6,33428000,11,33424000,3,33429000,6,33423000,6,33430000,13,33422000,3,33431000,9,33421000,12,33432000,11,33420000,12,33433000,10,33419000,11,33434000,11,33418000,17,33435000,12,33417000,19,33436000,18
33427000,5,33429000,1,33426000,4,33430000,4,33425000,7,33431000,9,33424000,6,33432000,8,33423000,14,33433000,10,33422000,8,33434000,12,33421000,15,33435000,13,33420000,11,33436000,18,33419000,10,33437000,10,33418000,16,33438000,11
33432000,2,33433000,1,33431000,5,33434000,4,33430000,5,33435000,10,33429000,4,33436000,17,33428000,12,33437000,10,33427000,9,33438000,12,33426000,10,33439000,9,33425000,13,33440000,15,33424000,10,33441000,9,33423000,13,33442000,9
33435000,3,33436000,8,33434000,6,33437000,7,33433000,5,33438000,9,33432000,6,33439000,7,33431000,5,33440000,17,33430000,8,33441000,10,33429000,9,33442000,9,33428000,17,33443000,11,33427000,11,33444000,9,33426000,12,33445000,16
33438000,4,33440000,6,33437000,5,33441000,8,33436000,5,33442000,10,33435000,7,33443000,14,33434000,5,33444000,9,33433000,8,33445000,16,33432000,14,33446000,11,33431000,12,33447000,9,33430000,13,33448000,12,33429000,8,33449000,8
33442000,2,33443000,3,33441000,4,33444000,5,33440000,6,33445000,15,33439000,8,33446000,13,33438000,11,33447000,11,33437000,9,33448000,14,33436000,12,33449000,8,33435000,11,33450000,24,33434000,17,33451000,10,33433000,9,33452000,13
33445000,1,33446000,3,33444000,8,33447000,7,33443000,6,33448000,13,33442000,6,33449000,10,33441000,9,33450000,24,33440000,9,33451000,9,33439000,8,33452000,11,33438000,13,33453000,7,33437000,10,33454000,13,33436000,12,33455000,7
33443000,5,33445000,5,33442000,3,33446000,5,33441000,9,33447000,5,33440000,8,33448000,7,33439000,7,33449000,8,33438000,12,33450000,21,33437000,9,33451000,10,33436000,13,33452000,16,33435000,11,33453000,9,33434000,8,33454000,15
33440000,2,33442000,4,33439000,5,33443000,5,33438000,6,33444000,8,33437000,7,33445000,7,33436000,11,33446000,9,33435000,11,33447000,7,33434000,8,33448000,8,33433000,10,33449000,12,33432000,17,33450000,22,33431000,10,33451000,10
33443000,2,33445000,5,33442000,7,33446000,5,33441000,7,33447000,6,33440000,6,33448000,6,33439000,8,33449000,11,33438000,7,33450000,22,33437000,8,33451000,10,33436000,13,33452000,11,33435000,12,33453000,9,33434000,7,33454000,16
33442000,1,33444000,5,33441000,5,33445000,6,33440000,8,33446000,6,33439000,10,33447000,7,33438000,11,33448000,6,33437000,8,33449000,12,33436000,13,33450000,34,33435000,10,33451000,11,33434000,7,33452000,10,33433000,9,33453000,10
33442000,2,33444000,1,33441000,5,33445000,6,33440000,8,33446000,6,33439000,9,33447000,7,33438000,11,33448000,7,33437000,8,33449000,12,33436000,13,33450000,39,33435000,10,33451000,11,33434000,7,33452000,10,33433000,9,33453000,10
33446000,2,33448000,2,33445000,6,33449000,8,33444000,5,33450000,36,33443000,5,33451000,7,33442000,10,33452000,12,33441000,7,33453000,11,33440000,13,33454000,16,33439000,12,33455000,7,33438000,12,33456000,22,33437000,8,33457000,24
33449000,6,33452000,6,33448000,7,33453000,8,33447000,7,33454000,16,33446000,5,33455000,9,33445000,9,33456000,9,33444000,13,33457000,14,33443000,12,33458000,19,33442000,12,33459000,23,33441000,7,33460000,33,33440000,18,33461000,20
33446000,5,33449000,4,33445000,7,33450000,5,33444000,10,33451000,6,33443000,9,33452000,10,33442000,10,33453000,9,33441000,9,33454000,15,33440000,18,33455000,10,33439000,9,33456000,11,33438000,13,33457000,14,33437000,9,33458000,19
33441000,6,33444000,4,33440000,14,33445000,5,33439000,8,33446000,7,33438000,10,33447000,6,33437000,9,33448000,10,33436000,12,33449000,19,33435000,11,33450000,10,33434000,8,33451000,11,33433000,10,33452000,10,33432000,14,33453000,9
33438000,1,33439000,1,33437000,6,33440000,5,33436000,8,33441000,6,33435000,10,33442000,7,33434000,9,33443000,5,33433000,11,33444000,8,33432000,14,33445000,8,33431000,9,33446000,9,33430000,11,33447000,10,33429000,11,33448000,19
33436000,3,33438000,3,33435000,8,33439000,4,33434000,7,33440000,6,33433000,9,33441000,6,33432000,14,33442000,8,33431000,10,33443000,5,33430000,11,33444000,10,33429000,9,33445000,10,33428000,16,33446000,10,33427000,8,33447000,10
33436000,3,33438000,1,33435000,7,33439000,4,33434000,7,33440000,6,33433000,8,33441000,10,33432000,13,33442000,9,33431000,10,33443000,7,33430000,12,33444000,10,33429000,10,33445000,9,33428000,16,33446000,9,33427000,8,33447000,11
33435000,4,33437000,1,33434000,7,33438000,5,33433000,6,33439000,5,33432000,13,33440000,6,33431000,10,33441000,9,33430000,12,33442000,7,33429000,10,33443000,8,33428000,16,33444000,11,33427000,8,33445000,9,33426000,12,33446000,9
33432000,5,33435000,3,33431000,7,33436000,4,33430000,10,33437000,6,33429000,11,33438000,7,33428000,16,33439000,6,33427000,9,33440000,7,33426000,12,33441000,11,33425000,11,33442000,8,33424000,9,33443000,8,33423000,14,33444000,11
33429000,7,33432000,3,33428000,13,33433000,4,33427000,8,33434000,5,33426000,9,33435000,7,33425000,12,33436000,7,33424000,10,33437000,7,33423000,12,33438000,11,33422000,19,33439000,8,33421000,23,33440000,10,33420000,23,33441000,9
33425000,3,33426000,3,33424000,5,33427000,2,33423000,7,33428000,6,33422000,18,33429000,7,33421000,22,33430000,13,33420000,24,33431000,11,33419000,22,33432000,11,33418000,21,33433000,13,33417000,20,33434000,10,33416000,21,33435000,12
33422000,4,33423000,1,33421000,22,33425000,7,33420000,20,33426000,5,33419000,21,33427000,6,33418000,22,33428000,7,33417000,21,33429000,8,33416000,21,33430000,11,33415000,23,33431000,13,33414000,20,33432000,11,33413000,22,33433000,13
33426000,1,33427000,3,33424000,5,33428000,6,33423000,8,33429000,8,33422000,7,33430000,10,33421000,20,33431000,12,33420000,20,33432000,10,33419000,28,33433000,12,33418000,22,33434000,10,33417000,21,33435000,13,33416000,21,33436000,10
33423000,5,33424000,3,33422000,4,33425000,6,33421000,19,33426000,6,33420000,19,33427000,5,33419000,21,33428000,10,33418000,29,33429000,8,33417000,21,33430000,13,33416000,21,33431000,12,33415000,23,33432000,11,33414000,23,33433000,10
33425000,3,33427000,4,33424000,7,33428000,6,33423000,6,33429000,6,33422000,8,33430000,12,33421000,18,33431000,11,33420000,18,33432000,13,33419000,20,33433000,10,33418000,21,33434000,11,33417000,22,33435000,13,33416000,26,33436000,12
33428000,2,33430000,4,33427000,7,33431000,9,33426000,7,33432000,8,33425000,8,33433000,8,33424000,5,33434000,13,33423000,9,33435000,15,33422000,12,33436000,11,33421000,20,33437000,7,33420000,19,33438000,12,33419000,19,33439000,9
33430000,4,33433000,5,33429000,6,33434000,7,33428000,6,33435000,11,33427000,3,33436000,13,33426000,7,33437000,11,33425000,10,33438000,13,33424000,9,33439000,8,33423000,10,33440000,11,33422000,12,33441000,10,33421000,19,33442000,9
33434000,1,33435000,1,33433000,4,33436000,7,33432000,6,33437000,7,33431000,6,33438000,10,33430000,7,33439000,10,33429000,7,33440000,16,33428000,12,33441000,10,33427000,9,33442000,8,33426000,17,33443000,7,33425000,10,33444000,10
33438000,2,33439000,2,33437000,2,33440000,5,33436000,6,33441000,10,33435000,9,33442000,9,33434000,9,33443000,11,33433000,7,33444000,10,33432000,22,33445000,8,33431000,11,33446000,8,33430000,9,33447000,9,33429000,8,33448000,19
33439000,2,33441000,5,33438000,8,33442000,4,33437000,5,33443000,5,33436000,7,33444000,9,33435000,11,33445000,10,33434000,11,33446000,9,33433000,9,33447000,13,33432000,11,33448000,19,33431000,11,33449000,7,33430000,8,33450000,10
33441000,2,33442000,2,33440000,6,33443000,5,33439000,11,33444000,7,33438000,8,33445000,4,33437000,7,33446000,9,33436000,10,33447000,11,33435000,11,33448000,21,33434000,10,33449000,8,33433000,9,33450000,10,33432000,12,33451000,8
33438000,5,33440000,3,33437000,5,33441000,5,33436000,5,33442000,6,33435000,10,33443000,7,33434000,9,33444000,8,33433000,10,33445000,11,33432000,12,33446000,10,33431000,11,33447000,13,33430000,9,33448000,22,33429000,19,33449000,8
33434000,5,33437000,3,33433000,6,33438000,5,33432000,9,33439000,6,33431000,8,33440000,5,33430000,11,33441000,7,33429000,20,33442000,7,33428000,22,33443000,11,33427000,19,33444000,12,33426000,24,33445000,14,33425000,21,33446000,13
33431000,1,33433000,3,33430000,4,33434000,5,33429000,9,33435000,10,33428000,11,33436000,5,33427000,23,33437000,8,33426000,24,33438000,9,33425000,22,33439000,6,33424000,20,33440000,8,33423000,19,33441000,7,33422000,22,33442000,7
33428000,5,33430000,4,33427000,4,33431000,4,33426000,21,33432000,4,33425000,19,33433000,6,33424000,27,33434000,6,33423000,19,33435000,10,33422000,21,33436000,9,33421000,19,33437000,8,33420000,22,33438000,9,33419000,20,33439000,6
33430000,2,33432000,1,33429000,5,33433000,5,33428000,8,33434000,4,33427000,5,33435000,5,33426000,10,33436000,7,33425000,21,33437000,8,33424000,29,33438000,12,33423000,19,33439000,5,33422000,20,33440000,8,33421000,19,33441000,9
33436000,2,33437000,5,33435000,1,33438000,10,33434000,4,33439000,4,33433000,5,33440000,6,33432000,5,33441000,11,33431000,7,33442000,14,33430000,9,33443000,9,33429000,9,33444000,11,33428000,13,33445000,10,33427000,11,33446000,10
33438000,2,33440000,6,33437000,3,33441000,8,33436000,3,33442000,15,33435000,6,33443000,7,33434000,6,33444000,10,33433000,7,33445000,9,33432000,8,33446000,10,33431000,9,33447000,11,33430000,10,33448000,21,33429000,8,33449000,8
33441000,4,33443000,2,33440000,6,33444000,4,33439000,5,33445000,5,33438000,5,33446000,9,33437000,7,33447000,11,33436000,8,33448000,23,33435000,11,33449000,8,33434000,11,33450000,11,33433000,9,33451000,8,33432000,9,33452000,13
33440000,1,33441000,1,33439000,4,33442000,2,33438000,5,33443000,5,33437000,6,33444000,8,33436000,7,33445000,7,33435000,10,33446000,10,33434000,10,33447000,13,33433000,8,33448000,22,33432000,10,33449000,9,33431000,7,33450000,10
33443000,2,33444000,1,33442000,5,33445000,2,33441000,8,33446000,7,33440000,6,33447000,10,33439000,6,33448000,21,33438000,7,33449000,9,33437000,10,33450000,10,33436000,11,33451000,11,33435000,11,33452000,13,33434000,9,33453000,10
33446000,1,33448000,5,33445000,7,33449000,5,33444000,7,33450000,10,33443000,5,33451000,12,33442000,6,33452000,10,33441000,11,33453000,12,33440000,12,33454000,17,33439000,6,33455000,11,33438000,9,33456000,10,33437000,7,33457000,14
33445000,2,33447000,3,33444000,7,33448000,6,33443000,10,33449000,8,33442000,4,33450000,10,33441000,8,33451000,12,33440000,11,33452000,11,33439000,6,33453000,12,33438000,11,33454000,16,33437000,6,33455000,12,33436000,9,33456000,10
33442000,2,33444000,4,33441000,5,33445000,9,33440000,13,33446000,2,33439000,4,33447000,6,33438000,11,33448000,8,33437000,6,33449000,10,33436000,9,33450000,14,33435000,11,33451000,14,33434000,10,33452000,13,33433000,9,33453000,9
33439000,2,33440000,10,33438000,7,33441000,3,33437000,3,33442000,4,33436000,8,33443000,5,33435000,12,33444000,9,33434000,12,33445000,7,33433000,9,33446000,6,33432000,14,33447000,10,33431000,13,33448000,10,33430000,11,33449000,12
33436000,1,33437000,2,33435000,7,33438000,5,33434000,7,33439000,4,33433000,11,33440000,13,33432000,13,33441000,6,33431000,15,33442000,6,33430000,11,33443000,8,33429000,9,33444000,12,33428000,13,33445000,8,33427000,9,33446000,8
33437000,3,33439000,1,33436000,6,33440000,5,33435000,6,33441000,4,33434000,10,33442000,6,33433000,7,33443000,7,33432000,10,33444000,15,33431000,10,33445000,7,33430000,11,33446000,8,33429000,15,33447000,13,33428000,12,33448000,11
33434000,8,33436000,1,33433000,4,33437000,2,33432000,10,33438000,4,33431000,9,33439000,5,33430000,9,33440000,7,33429000,14,33441000,12,33428000,13,33442000,10,33427000,9,33443000,9,33426000,12,33444000,17,33425000,9,33445000,7
33436000,5,33439000,4,33435000,9,33440000,6,33434000,8,33441000,10,33433000,5,33442000,10,33432000,11,33443000,9,33431000,9,33444000,16,33430000,12,33445000,8,33429000,14,33446000,7,33428000,12,33447000,13,33427000,8,33448000,11
33440000,5,33443000,5,33439000,3,33444000,13,33438000,4,33445000,7,33437000,4,33446000,12,33436000,7,33447000,17,33435000,7,33448000,12,33434000,10,33449000,12,33433000,11,33450000,19,33432000,12,33451000,13,33431000,8,33452000,14
33444000,2,33446000,6,33443000,2,33447000,11,33442000,4,33448000,12,33441000,6,33449000,14,33440000,7,33450000,18,33439000,9,33451000,15,33438000,10,33452000,13,33437000,8,33453000,9,33436000,10,33454000,15,33435000,7,33455000,11
33442000,3,33443000,2,33441000,4,33444000,5,33440000,7,33445000,7,33439000,7,33446000,6,33438000,9,33447000,12,33437000,8,33448000,12,33436000,11,33449000,15,33435000,8,33450000,19,33434000,8,33451000,14,33433000,8,33452000,12
33444000,5,33446000,1,33443000,5,33447000,9,33442000,8,33448000,8,33441000,4,33449000,13,33440000,12,33450000,19,33439000,9,33451000,14,33438000,11,33452000,22,33437000,8,33453000,19,33436000,12,33454000,26,33435000,10,33455000,21
33448000,2,33449000,3,33447000,2,33450000,12,33446000,6,33451000,10,33445000,8,33452000,20,33444000,8,33453000,19,33443000,6,33454000,28,33442000,11,33455000,21,33441000,7,33456000,20,33440000,13,33457000,24,33439000,8,33458000,22
33448000,2,33450000,9,33447000,5,33451000,7,33446000,7,33452000,19,33445000,7,33453000,19,33444000,8,33454000,27,33443000,6,33455000,20,33442000,11,33456000,20,33441000,7,33457000,24,33440000,14,33458000,22,33439000,8,33459000,20
33446000,4,33449000,4,33445000,6,33450000,10,33444000,8,33451000,8,33443000,6,33452000,11,33442000,9,33453000,20,33441000,7,33454000,28,33440000,25,33455000,21,33439000,8,33456000,20,33438000,11,33457000,24,33437000,8,33458000,22
33445000,2,33446000,1,33444000,5,33447000,5,33443000,5,33448000,12,33442000,7,33449000,7,33441000,5,33450000,18,33440000,23,33451000,13,33439000,9,33452000,13,33438000,12,33453000,20,33437000,8,33454000,26,33436000,12,33455000,20
33444000,6,33447000,5,33443000,5,33448000,3,33442000,7,33449000,6,33441000,5,33450000,15,33440000,24,33451000,22,33439000,9,33452000,21,33438000,12,33453000,20,33437000,8,33454000,26,33436000,12,33455000,19,33435000,10,33456000,20
33440000,15,33441000,1,33439000,5,33442000,4,33438000,8,33443000,9,33437000,6,33444000,4,33436000,12,33445000,7,33435000,11,33446000,11,33434000,11,33447000,10,33433000,10,33448000,9,33432000,13,33449000,12,33431000,10,33450000,17
33440000,3,33443000,5,33439000,4,33444000,4,33438000,9,33445000,7,33437000,6,33446000,11,33436000,11,33447000,13,33435000,9,33448000,9,33434000,12,33449000,11,33433000,11,33450000,28,33432000,13,33451000,22,33431000,10,33452000,21
33440000,8,33443000,7,33439000,5,33444000,8,33438000,5,33445000,9,33437000,4,33446000,14,33436000,7,33447000,11,33435000,8,33448000,9,33434000,12,33449000,11,33433000,12,33450000,29,33432000,15,33451000,22,33431000,10,33452000,21
33442000,3,33444000,11,33441000,5,33445000,7,33440000,5,33446000,10,33439000,4,33447000,9,33438000,8,33448000,11,33437000,7,33449000,11,33436000,13,33450000,29,33435000,9,33451000,22,33434000,12,33452000,21,33433000,10,33453000,19
33443000,1,33445000,3,33442000,8,33446000,7,33441000,7,33447000,6,33440000,6,33448000,10,33439000,7,33449000,8,33438000,9,33450000,30,33437000,7,33451000,24,33436000,12,33452000,21,33435000,10,33453000,19,33434000,11,33454000,25
33444000,2,33445000,3,33443000,1,33446000,8,33442000,4,33447000,6,33441000,4,33448000,10,33440000,4,33449000,10,33439000,5,33450000,19,33438000,10,33451000,23,33437000,7,33452000,21,33436000,11,33453000,19,33435000,11,33454000,25
33443000,2,33445000,3,33442000,4,33446000,7,33441000,4,33447000,7,33440000,4,33448000,11,33439000,5,33449000,9,33438000,9,33450000,17,33437000,6,33451000,23,33436000,11,33452000,21,33435000,11,33453000,19,33434000,11,33454000,25
33444000,1,33445000,5,33443000,3,33446000,11,33442000,1,33447000,7,33441000,3,33448000,12,33440000,3,33449000,11,33439000,8,33450000,16,33438000,8,33451000,22,33437000,6,33452000,21,33436000,11,33453000,19,33435000,11,33454000,25
33445000,5,33447000,1,33444000,6,33448000,6,33443000,9,33449000,7,33442000,2,33450000,14,33441000,6,33451000,24,33440000,17,33452000,22,33439000,8,33453000,19,33438000,9,33454000,25,33437000,6,33455000,21,33436000,10,33456000,23
33444000,4,33446000,11,33443000,11,33447000,2,33442000,1,33448000,8,33441000,7,33449000,5,33440000,17,33450000,17,33439000,8,33451000,14,33438000,9,33452000,22,33437000,6,33453000,20,33436000,10,33454000,25,33435000,11,33455000,22
33450000,1,33451000,4,33449000,5,33452000,9,33448000,7,33453000,17,33447000,4,33454000,26,33446000,4,33455000,22,33445000,12,33456000,20,33444000,6,33457000,23,33443000,8,33458000,21,33442000,7,33459000,20,33441000,7,33460000,23
33446000,2,33447000,1,33445000,4,33448000,5,33444000,7,33449000,5,33443000,8,33450000,11,33442000,6,33451000,10,33441000,7,33452000,10,33440000,17,33453000,19,33439000,6,33454000,26,33438000,10,33455000,22,33437000,6,33456000,20
33449000,1,33450000,2,33448000,4,33451000,6,33447000,5,33452000,10,33446000,5,33453000,18,33445000,9,33454000,27,33444000,9,33455000,20,33443000,10,33456000,20,33442000,5,33457000,23,33441000,7,33458000,21,33440000,18,33459000,20
33447000,3,33449000,1,33446000,6,33450000,5,33445000,6,33451000,6,33444000,9,33452000,7,33443000,11,33453000,19,33442000,5,33454000,25,33441000,6,33455000,20,33440000,18,33456000,22,33439000,8,33457000,23,33438000,10,33458000,21
33449000,2,33450000,5,33448000,5,33451000,6,33447000,6,33452000,9,33446000,7,33453000,18,33445000,8,33454000,27,33444000,9,33455000,21,33443000,10,33456000,21,33442000,5,33457000,23,33441000,7,33458000,21,33440000,19,33459000,20
33451000,2,33452000,2,33450000,13,33453000,14,33449000,6,33454000,21,33448000,5,33455000,19,33447000,7,33456000,22,33446000,4,33457000,25,33445000,9,33458000,21,33444000,12,33459000,20,33443000,10,33460000,23,33442000,4,33461000,20
33455000,5,33457000,8,33454000,8,33458000,6,33453000,7,33459000,7,33452000,4,33460000,15,33451000,7,33461000,10,33450000,17,33462000,14,33449000,8,33463000,19,33448000,10,33464000,9,33447000,8,33465000,9,33446000,6,33466000,9
33454000,1,33455000,1,33453000,5,33456000,3,33452000,5,33457000,10,33451000,7,33458000,8,33450000,16,33459000,8,33449000,7,33460000,15,33448000,10,33461000,12,33447000,9,33462000,13,33446000,6,33463000,19,33445000,8,33464000,9
33455000,2,33457000,8,33454000,5,33458000,5,33453000,14,33459000,9,33452000,5,33460000,19,33451000,8,33461000,11,33450000,7,33462000,13,33449000,8,33463000,19,33448000,9,33464000,9,33447000,8,33465000,9,33446000,5,33466000,9
33458000,3,33460000,10,33457000,6,33461000,8,33456000,5,33462000,11,33455000,7,33463000,21,33454000,6,33464000,13,33453000,15,33465000,10,33452000,8,33466000,9,33451000,10,33467000,9,33450000,9,33468000,12,33449000,7,33469000,11
33459000,2,33461000,4,33458000,5,33462000,8,33457000,6,33463000,20,33456000,4,33464000,13,33455000,9,33465000,12,33454000,11,33466000,11,33453000,15,33467000,9,33452000,8,33468000,12,33451000,8,33469000,11,33450000,10,33470000,13
33459000,2,33461000,4,33458000,5,33462000,8,33457000,6,33463000,20,33456000,4,33464000,13,33455000,9,33465000,12,33454000,11,33466000,11,33453000,15,33467000,9,33452000,8,33468000,12,33451000,8,33469000,11,33450000,10,33470000,13
33462000,1,33463000,1,33461000,9,33464000,9,33460000,8,33465000,11,33459000,10,33466000,7,33458000,11,33467000,10,33457000,7,33468000,11,33456000,7,33469000,10,33455000,8,33470000,12,33454000,10,33471000,8,33453000,15,33472000,8
33459000,3,33460000,1,33458000,8,33461000,5,33457000,5,33462000,7,33456000,8,33463000,6,33455000,13,33464000,16,33454000,14,33465000,11,33453000,7,33466000,12,33452000,10,33467000,10,33451000,10,33468000,15,33450000,12,33469000,13
33457000,1,33458000,3,33456000,6,33459000,4,33455000,11,33460000,5,33454000,9,33461000,8,33453000,10,33462000,10,33452000,9,33463000,8,33451000,10,33464000,16,33450000,10,33465000,12,33449000,8,33466000,13,33448000,21,33467000,10
33453000,4,33455000,3,33452000,9,33456000,8,33451000,10,33457000,6,33450000,10,33458000,7,33449000,10,33459000,8,33448000,22,33460000,8,33447000,21,33461000,13,33446000,18,33462000,11,33445000,19,33463000,10,33444000,23,33464000,16
33455000,7,33457000,3,33454000,4,33458000,6,33453000,7,33459000,7,33452000,7,33460000,10,33451000,9,33461000,10,33450000,11,33462000,11,33449000,11,33463000,9,33448000,15,33464000,16,33447000,11,33465000,12,33446000,18,33466000,11
33454000,1,33455000,1,33453000,7,33456000,7,33452000,7,33457000,4,33451000,8,33458000,6,33450000,11,33459000,7,33449000,10,33460000,12,33448000,15,33461000,10,33447000,11,33462000,11,33446000,18,33463000,9,33445000,19,33464000,16
33456000,2,33458000,3,33455000,6,33459000,7,33454000,7,33460000,11,33453000,6,33461000,10,33452000,8,33462000,9,33451000,8,33463000,10,33450000,14,33464000,16,33449000,11,33465000,12,33448000,15,33466000,11,33447000,9,33467000,10
33458000,6,33460000,3,33457000,7,33461000,9,33456000,7,33462000,7,33455000,7,33463000,8,33454000,11,33464000,15,33453000,8,33465000,13,33452000,12,33466000,11,33451000,10,33467000,10,33450000,24,33468000,13,33449000,10,33469000,13
33463000,2,33464000,4,33462000,5,33465000,8,33461000,5,33466000,11,33460000,7,33467000,10,33459000,9,33468000,11,33458000,4,33469000,13,33457000,8,33470000,17,33456000,12,33471000,7,33455000,11,33472000,9,33454000,12,33473000,11
33465000,2,33467000,9,33464000,6,33468000,12,33463000,5,33469000,13,33462000,6,33470000,15,33461000,6,33471000,8,33460000,9,33472000,9,33459000,11,33473000,9,33458000,9,33474000,12,33457000,10,33475000,14,33456000,12,33476000,8
33466000,2,33468000,4,33465000,4,33469000,12,33464000,5,33470000,16,33463000,6,33471000,9,33462000,6,33472000,7,33461000,8,33473000,9,33460000,10,33474000,12,33459000,12,33475000,14,33458000,9,33476000,8,33457000,9,33477000,13
33467000,9,33469000,4,33466000,4,33470000,9,33465000,8,33471000,6,33464000,8,33472000,9,33463000,9,33473000,11,33462000,10,33474000,12,33461000,10,33475000,13,33460000,11,33476000,7,33459000,5,33477000,13,33458000,8,33478000,25
33468000,3,33470000,5,33467000,5,33471000,6,33466000,6,33472000,8,33465000,7,33473000,12,33464000,9,33474000,11,33463000,10,33475000,14,33462000,12,33476000,7,33461000,11,33477000,13,33460000,11,33478000,25,33459000,5,33479000,8
33470000,4,33472000,3,33469000,8,33473000,7,33468000,8,33474000,7,33467000,6,33475000,12,33466000,8,33476000,10,33465000,10,33477000,14,33464000,12,33478000,10,33463000,11,33479000,6,33462000,11,33480000,52,33461000,11,33481000,9
33472000,3,33474000,2,33471000,7,33475000,10,33470000,8,33476000,7,33469000,10,33477000,14,33468000,7,33478000,11,33467000,9,33479000,7,33466000,10,33480000,52,33465000,10,33481000,9,33464000,11,33482000,25,33463000,10,33483000,14
33471000,5,33474000,7,33470000,13,33475000,8,33469000,7,33476000,9,33468000,6,33477000,14,33467000,8,33478000,11,33466000,8,33479000,7,33465000,10,33480000,52,33464000,12,33481000,9,33463000,10,33482000,25,33462000,11,33483000,19
33473000,3,33475000,2,33472000,6,33476000,8,33471000,6,33477000,9,33470000,7,33478000,9,33469000,10,33479000,8,33468000,12,33480000,54,33467000,11,33481000,10,33466000,9,33482000,25,33465000,11,33483000,19,33464000,11,33484000,11
33473000,1,33474000,1,33472000,6,33475000,3,33471000,6,33476000,8,33470000,6,33477000,9,33469000,9,33478000,10,33468000,8,33479000,8,33467000,11,33480000,48,33466000,9,33481000,12,33465000,11,33482000,24,33464000,11,33483000,19
33470000,7,33472000,5,33469000,6,33473000,11,33468000,8,33474000,7,33467000,7,33475000,8,33466000,8,33476000,9,33465000,12,33477000,10,33464000,11,33478000,8,33463000,20,33479000,10,33462000,25,33480000,46,33461000,21,33481000,11
33467000,3,33469000,2,33466000,5,33470000,8,33465000,10,33471000,5,33464000,9,33472000,8,33463000,11,33473000,9,33462000,27,33474000,9,33461000,21,33475000,11,33460000,23,33476000,11,33459000,17,33477000,14,33458000,21,33478000,8
33468000,3,33470000,6,33467000,8,33471000,5,33466000,8,33472000,9,33465000,9,33473000,9,33464000,10,33474000,11,33463000,10,33475000,13,33462000,14,33476000,9,33461000,22,33477000,14,33460000,24,33478000,8,33459000,17,33479000,8
33467000,4,33469000,1,33466000,7,33470000,6,33465000,9,33471000,8,33464000,9,33472000,8,33463000,12,33473000,9,33462000,14,33474000,8,33461000,21,33475000,12,33460000,23,33476000,11,33459000,17,33477000,15,33458000,21,33478000,8
33468000,3,33470000,4,33467000,8,33471000,8,33466000,4,33472000,9,33465000,10,33473000,8,33464000,9,33474000,9,33463000,13,33475000,12,33462000,14,33476000,11,33461000,11,33477000,14,33460000,24,33478000,8,33459000,18,33479000,8
33467000,3,33468000,3,33466000,6,33469000,6,33465000,10,33470000,8,33464000,8,33471000,7,33463000,13,33472000,11,33462000,14,33473000,7,33461000,11,33474000,10,33460000,24,33475000,12,33459000,18,33476000,12,33458000,21,33477000,14
33468000,3,33470000,9,33467000,5,33471000,8,33466000,4,33472000,7,33465000,8,33473000,9,33464000,7,33474000,13,33463000,9,33475000,12,33462000,14,33476000,10,33461000,14,33477000,14,33460000,26,33478000,9,33459000,20,33479000,9
33471000,4,33473000,3,33470000,4,33474000,9,33469000,7,33475000,7,33468000,14,33476000,11,33467000,9,33477000,15,33466000,11,33478000,11,33465000,9,33479000,9,33464000,12,33480000,48,33463000,11,33481000,10,33462000,13,33482000,25
33475000,1,33476000,2,33474000,5,33477000,11,33473000,6,33478000,9,33472000,9,33479000,8,33471000,7,33480000,47,33470000,6,33481000,9,33469000,12,33482000,24,33468000,18,33483000,14,33467000,11,33484000,11,33466000,11,33485000,10
33475000,7,33477000,9,33474000,6,33478000,6,33473000,7,33479000,9,33472000,8,33480000,46,33471000,8,33481000,9,33470000,6,33482000,25,33469000,12,33483000,14,33468000,18,33484000,11,33467000,11,33485000,10,33466000,10,33486000,12
33480000,5,33482000,19,33479000,7,33483000,12,33478000,6,33484000,9,33477000,7,33485000,11,33476000,12,33486000,13,33475000,9,33487000,8,33474000,12,33488000,11,33473000,11,33489000,8,33472000,15,33490000,104,33471000,9,33491000,12
33479000,6,33480000,24,33478000,6,33481000,2,33477000,8,33482000,18,33476000,12,33483000,13,33475000,9,33484000,8,33474000,12,33485000,11,33473000,10,33486000,12,33472000,13,33487000,8,33471000,10,33488000,11,33470000,10,33489000,8
33480000,4,33482000,17,33479000,5,33483000,13,33478000,9,33484000,8,33477000,7,33485000,10,33476000,10,33486000,12,33475000,8,33487000,8,33474000,12,33488000,11,33473000,11,33489000,8,33472000,13,33490000,104,33471000,10,33491000,12
33479000,6,33481000,1,33478000,7,33482000,7,33477000,5,33483000,7,33476000,11,33484000,10,33475000,10,33485000,10,33474000,12,33486000,13,33473000,10,33487000,11,33472000,13,33488000,15,33471000,9,33489000,9,33470000,10,33490000,99
33481000,2,33482000,1,33480000,4,33483000,5,33479000,6,33484000,7,33478000,7,33485000,10,33477000,8,33486000,12,33476000,11,33487000,9,33475000,11,33488000,16,33474000,12,33489000,9,33473000,11,33490000,98,33472000,13,33491000,11
33483000,3,33485000,4,33482000,7,33486000,6,33481000,8,33487000,8,33480000,8,33488000,15,33479000,8,33489000,12,33478000,9,33490000,99,33477000,9,33491000,11,33476000,13,33492000,11,33475000,12,33493000,11,33474000,12,33494000,13
33486000,3,33488000,5,33485000,5,33489000,6,33484000,7,33490000,99,33483000,8,33491000,9,33482000,12,33492000,14,33481000,10,33493000,14,33480000,14,33494000,12,33479000,12,33495000,35,33478000,11,33496000,10,33477000,10,33497000,5
33485000,5,33487000,5,33484000,8,33488000,7,33483000,10,33489000,6,33482000,9,33490000,95,33481000,11,33491000,7,33480000,16,33492000,21,33479000,11,33493000,14,33478000,12,33494000,12,33477000,11,33495000,39,33476000,15,33496000,12
33488000,1,33489000,7,33487000,4,33490000,97,33486000,7,33491000,7,33485000,6,33492000,19,33484000,7,33493000,15,33483000,12,33494000,12,33482000,10,33495000,37,33481000,11,33496000,12,33480000,16,33497000,7,33479000,11,33498000,10
33490000,17,33491000,4,33489000,6,33492000,13,33488000,6,33493000,12,33487000,7,33494000,10,33486000,7,33495000,39,33485000,9,33496000,14,33484000,9,33497000,7,33483000,14,33498000,10,33482000,12,33499000,8,33481000,11,33500000,98
33494000,5,33495000,31,33493000,6,33496000,7,33492000,11,33497000,8,33491000,7,33498000,11,33490000,13,33499000,11,33489000,10,33500000,99,33488000,13,33501000,7,33487000,10,33502000,11,33486000,12,33503000,6,33485000,8,33504000,10
33497000,3,33498000,4,33496000,7,33499000,7,33495000,8,33500000,96,33494000,8,33501000,11,33493000,10,33502000,13,33492000,15,33503000,10,33491000,11,33504000,10,33490000,20,33505000,7,33489000,13,33506000,11,33488000,12,33507000,7
33498000,3,33499000,3,33497000,7,33500000,93,33496000,5,33501000,10,33495000,8,33502000,13,33494000,9,33503000,10,33493000,12,33504000,12,33492000,18,33505000,7,33491000,11,33506000,11,33490000,20,33507000,7,33489000,12,33508000,20
33501000,6,33503000,4,33500000,10,33504000,10,33499000,10,33505000,8,33498000,11,33506000,12,33497000,12,33507000,11,33496000,13,33508000,20,33495000,13,33509000,14,33494000,11,33510000,36,33493000,12,33511000,8,33492000,17,33512000,13
33501000,6,33503000,3,33500000,12,33504000,11,33499000,12,33505000,5,33498000,11,33506000,5,33497000,13,33507000,10,33496000,16,33508000,14,33495000,10,33509000,12,33494000,10,33510000,41,33493000,11,33511000,8,33492000,15,33512000,10
33502000,5,33504000,8,33501000,5,33505000,5,33500000,13,33506000,6,33499000,12,33507000,10,33498000,12,33508000,14,33497000,13,33509000,13,33496000,16,33510000,40,33495000,10,33511000,8,33494000,10,33512000,10,33493000,11,33513000,13
33503000,7,33505000,3,33502000,6,33506000,8,33501000,8,33507000,7,33500000,12,33508000,13,33499000,16,33509000,13,33498000,14,33510000,40,33497000,14,33511000,10,33496000,15,33512000,10,33495000,11,33513000,13,33494000,10,33514000,8
33508000,5,33510000,31,33507000,7,33511000,5,33506000,9,33512000,9,33505000,10,33513000,12,33504000,9,33514000,11,33503000,15,33515000,12,33502000,15,33516000,11,33501000,14,33517000,12,33500000,18,33518000,10,33499000,17,33519000,14
33506000,1,33507000,2,33505000,6,33508000,8,33504000,7,33509000,16,33503000,10,33510000,10,33502000,15,33511000,9,33501000,14,33512000,11,33500000,13,33513000,13,33499000,17,33514000,9,33498000,15,33515000,19,33497000,13,33516000,13
33509000,9,33510000,6,33508000,5,33511000,19,33507000,7,33512000,9,33506000,10,33513000,10,33505000,7,33514000,11,33504000,9,33515000,16,33503000,12,33516000,13,33502000,16,33517000,9,33501000,15,33518000,13,33500000,15,33519000,8
33511000,8,33513000,1,33510000,10,33514000,7,33509000,9,33515000,14,33508000,9,33516000,12,33507000,9,33517000,12,33506000,13,33518000,14,33505000,11,33519000,8,33504000,12,33520000,46,33503000,15,33521000,11,33502000,14,33522000,10
33510000,1,33512000,7,33509000,6,33513000,9,33508000,10,33514000,9,33507000,9,33515000,10,33506000,11,33516000,12,33505000,10,33517000,12,33504000,10,33518000,16,33503000,14,33519000,10,33502000,15,33520000,46,33501000,14,33521000,11
33507000,4,33509000,3,33506000,8,33510000,6,33505000,7,33511000,8,33504000,10,33512000,9,33503000,15,33513000,9,33502000,15,33514000,10,33501000,13,33515000,12,33500000,15,33516000,14,33499000,16,33517000,13,33498000,21,33518000,15
33509000,2,33510000,3,33508000,3,33511000,6,33507000,6,33512000,9,33506000,5,33513000,9,33505000,15,33514000,9,33504000,9,33515000,12,33503000,14,33516000,12,33502000,15,33517000,11,33501000,13,33518000,16,33500000,26,33519000,8
33512000,8,33513000,1,33511000,7,33514000,5,33510000,11,33515000,12,33509000,6,33516000,10,33508000,8,33517000,11,33507000,9,33518000,16,33506000,11,33519000,9,33505000,14,33520000,47,33504000,11,33521000,10,33503000,13,33522000,10
33510000,2,33511000,1,33509000,7,33512000,5,33508000,9,33513000,7,33507000,10,33514000,8,33506000,9,33515000,9,33505000,12,33516000,12,33504000,12,33517000,7,33503000,11,33518000,14,33502000,13,33519000,11,33501000,11,33520000,48
33511000,2,33513000,6,33510000,7,33514000,8,33509000,7,33515000,10,33508000,9,33516000,10,33507000,9,33517000,7,33506000,11,33518000,14,33505000,11,33519000,11,33504000,13,33520000,48,33503000,11,33521000,9,33502000,13,33522000,11
33515000,4,33517000,2,33514000,5,33518000,9,33513000,6,33519000,9,33512000,9,33520000,49,33511000,10,33521000,12,33510000,10,33522000,12,33509000,11,33523000,7,33508000,12,33524000,8,33507000,8,33525000,25,33506000,9,33526000,8
33515000,1,33517000,5,33514000,6,33518000,19,33513000,9,33519000,8,33512000,13,33520000,48,33511000,13,33521000,12,33510000,12,33522000,15,33509000,14,33523000,8,33508000,24,33524000,8,33507000,12,33525000,25,33506000,12,33526000,8
33515000,1,33517000,6,33514000,7,33518000,19,33513000,10,33519000,9,33512000,14,33520000,48,33511000,12,33521000,12,33510000,12,33522000,15,33509000,14,33523000,8,33508000,24,33524000,8,33507000,12,33525000,25,33506000,12,33526000,8
33513000,3,33514000,1,33512000,11,33515000,6,33511000,12,33516000,6,33510000,14,33517000,5,33509000,14,33518000,11,33508000,24,33519000,14,33507000,12,33520000,49,33506000,12,33521000,13,33505000,14,33522000,14,33504000,12,33523000,9
33511000,2,33512000,1,33510000,9,33513000,6,33509000,11,33514000,6,33508000,23,33515000,10,33507000,13,33516000,7,33506000,12,33517000,6,33505000,14,33518000,14,33504000,12,33519000,15,33503000,11,33520000,49,33502000,13,33521000,12
33508000,14,33510000,2,33507000,11,33511000,6,33506000,10,33512000,6,33505000,17,33513000,8,33504000,14,33514000,7,33503000,12,33515000,11,33502000,13,33516000,9,33501000,11,33517000,8,33500000,16,33518000,11,33499000,16,33519000,15
33506000,2,33507000,1,33505000,16,33508000,3,33504000,13,33509000,8,33503000,13,33510000,8,33502000,15,33511000,9,33501000,17,33512000,10,33500000,18,33513000,10,33499000,17,33514000,8,33498000,21,33515000,10,33497000,9,33516000,8
33508000,3,33509000,1,33507000,6,33510000,6,33506000,5,33511000,8,33505000,4,33512000,9,33504000,8,33513000,9,33503000,10,33514000,9,33502000,16,33515000,9,33501000,15,33516000,9,33500000,19,33517000,7,33499000,17,33518000,12
33503000,8,33504000,2,33502000,15,33505000,7,33501000,12,33506000,10,33500000,16,33507000,7,33499000,17,33508000,10,33498000,23,33509000,10,33497000,11,33510000,9,33496000,14,33511000,10,33495000,11,33512000,13,33494000,13,33513000,11
33502000,4,33504000,4,33501000,8,33505000,7,33500000,16,33506000,10,33499000,15,33507000,10,33498000,22,33508000,12,33497000,12,33509000,12,33496000,14,33510000,13,33495000,11,33511000,10,33494000,11,33512000,11,33493000,9,33513000,11
33503000,2,33504000,1,33502000,8,33505000,7,33501000,10,33506000,8,33500000,16,33507000,10,33499000,15,33508000,11,33498000,23,33509000,9,33497000,12,33510000,13,33496000,14,33511000,11,33495000,11,33512000,11,33494000,11,33513000,11
33500000,11,33502000,2,33499000,13,33503000,5,33498000,20,33504000,11,33497000,11,33505000,9,33496000,13,33506000,10,33495000,13,33507000,9,33494000,11,33508000,13,33493000,8,33509000,11,33492000,9,33510000,14,33491000,8,33511000,9
33503000,1,33504000,1,33502000,6,33505000,8,33501000,5,33506000,8,33500000,7,33507000,6,33499000,13,33508000,12,33498000,18,33509000,9,33497000,11,33510000,15,33496000,15,33511000,9,33495000,15,33512000,12,33494000,11,33513000,11
33499000,4,33500000,4,33498000,15,33501000,4,33497000,10,33502000,8,33496000,12,33503000,5,33495000,14,33504000,8,33494000,13,33505000,9,33493000,8,33506000,11,33492000,9,33507000,8,33491000,7,33508000,13,33490000,8,33509000,10
33502000,2,33503000,2,33501000,6,33504000,6,33500000,8,33505000,6,33499000,8,33506000,7,33498000,14,33507000,9,33497000,12,33508000,12,33496000,16,33509000,10,33495000,14,33510000,15,33494000,15,33511000,9,33493000,8,33512000,12
33500000,6,33502000,2,33499000,7,33503000,5,33498000,11,33504000,8,33497000,9,33505000,7,33496000,13,33506000,8,33495000,12,33507000,9,33494000,11,33508000,13,33493000,8,33509000,11,33492000,9,33510000,14,33491000,7,33511000,9
33502000,3,33503000,1,33501000,7,33504000,7,33500000,7,33505000,6,33499000,7,33506000,7,33498000,11,33507000,8,33497000,10,33508000,12,33496000,14,33509000,11,33495000,12,33510000,14,33494000,12,33511000,9,33493000,8,33512000,12
33504000,3,33506000,4,33503000,5,33507000,6,33502000,7,33508000,8,33501000,7,33509000,9,33500000,7,33510000,12,33499000,9,33511000,11,33498000,13,33512000,12,33497000,11,33513000,11,33496000,14,33514000,11,33495000,11,33515000,9
33507000,6,33509000,1,33506000,6,33510000,9,33505000,8,33511000,7,33504000,9,33512000,12,33503000,9,33513000,11,33502000,11,33514000,13,33501000,12,33515000,9,33500000,8,33516000,11,33499000,10,33517000,7,33498000,13,33518000,19
33511000,4,33513000,3,33510000,7,33514000,8,33509000,8,33515000,10,33508000,8,33516000,13,33507000,9,33517000,11,33506000,8,33518000,14,33505000,10,33519000,14,33504000,13,33520000,49,33503000,10,33521000,11,33502000,12,33522000,12
33513000,8,33516000,6,33512000,11,33517000,9,33511000,9,33518000,13,33510000,10,33519000,13,33509000,11,33520000,50,33508000,13,33521000,12,33507000,7,33522000,12,33506000,8,33523000,8,33505000,7,33524000,12,33504000,12,33525000,6
33517000,3,33519000,7,33516000,6,33520000,46,33515000,7,33521000,17,33514000,6,33522000,10,33513000,9,33523000,11,33512000,11,33524000,12,33511000,9,33525000,6,33510000,11,33526000,8,33509000,9,33527000,6,33508000,11,33528000,15
33518000,1,33519000,1,33517000,7,33520000,42,33516000,7,33521000,10,33515000,11,33522000,8,33514000,9,33523000,16,33513000,11,33524000,10,33512000,11,33525000,9,33511000,10,33526000,8,33510000,11,33527000,6,33509000,9,33528000,14
33517000,2,33519000,3,33516000,6,33520000,42,33515000,9,33521000,9,33514000,9,33522000,9,33513000,10,33523000,16,33512000,11,33524000,13,33511000,10,33525000,9,33510000,11,33526000,8,33509000,9,33527000,6,33508000,11,33528000,14
33514000,3,33516000,4,33513000,7,33517000,5,33512000,5,33518000,17,33511000,8,33519000,18,33510000,11,33520000,45,33509000,11,33521000,10,33508000,13,33522000,12,33507000,6,33523000,10,33506000,8,33524000,11,33505000,7,33525000,8
33518000,3,33519000,11,33517000,11,33520000,40,33516000,6,33521000,14,33515000,8,33522000,9,33514000,8,33523000,11,33513000,9,33524000,12,33512000,8,33525000,8,33511000,9,33526000,8,33510000,12,33527000,6,33509000,11,33528000,14
33514000,4,33515000,2,33513000,7,33516000,1,33512000,8,33517000,5,33511000,10,33518000,5,33510000,11,33519000,8,33509000,11,33520000,20,33508000,12,33521000,10,33507000,6,33522000,11,33506000,8,33523000,11,33505000,7,33524000,11
33513000,1,33514000,1,33512000,8,33515000,5,33511000,6,33516000,6,33510000,11,33517000,16,33509000,10,33518000,11,33508000,11,33519000,10,33507000,7,33520000,30,33506000,8,33521000,11,33505000,7,33522000,11,33504000,13,33523000,8
33513000,3,33515000,5,33512000,7,33516000,6,33511000,7,33517000,16,33510000,11,33518000,10,33509000,10,33519000,11,33508000,11,33520000,31,33507000,7,33521000,11,33506000,8,33522000,12,33505000,7,33523000,8,33504000,13,33524000,11
33512000,7,33514000,3,33511000,7,33515000,5,33510000,11,33516000,7,33509000,9,33517000,18,33508000,11,33518000,11,33507000,7,33519000,11,33506000,8,33520000,30,33505000,7,33521000,11,33504000,13,33522000,12,33503000,8,33523000,8
33513000,4,33515000,3,33512000,6,33516000,7,33511000,8,33517000,19,33510000,9,33518000,11,33509000,8,33519000,10,33508000,11,33520000,30,33507000,10,33521000,10,33506000,11,33522000,11,33505000,8,33523000,8,33504000,13,33524000,11
33518000,4,33520000,18,33517000,6,33521000,7,33516000,6,33522000,9,33515000,7,33523000,11,33514000,9,33524000,10,33513000,10,33525000,9,33512000,13,33526000,8,33511000,10,33527000,7,33510000,12,33528000,14,33509000,9,33529000,9
33515000,2,33516000,1,33514000,7,33517000,6,33513000,7,33518000,5,33512000,12,33519000,19,33511000,10,33520000,23,33510000,12,33521000,10,33509000,11,33522000,11,33508000,12,33523000,10,33507000,9,33524000,12,33506000,15,33525000,8
33512000,3,33514000,4,33511000,6,33515000,7,33510000,10,33516000,6,33509000,9,33517000,7,33508000,11,33518000,7,33507000,10,33519000,24,33506000,15,33520000,32,33505000,7,33521000,12,33504000,13,33522000,11,33503000,9,33523000,8
33510000,6,33513000,7,33509000,7,33514000,6,33508000,11,33515000,7,33507000,10,33516000,7,33506000,16,33517000,8,33505000,8,33518000,10,33504000,13,33519000,23,33503000,8,33520000,33,33502000,12,33521000,11,33501000,10,33522000,11
33510000,4,33512000,19,33509000,6,33513000,9,33508000,7,33514000,8,33507000,6,33515000,10,33506000,17,33516000,13,33505000,11,33517000,10,33504000,14,33518000,11,33503000,10,33519000,22,33502000,12,33520000,31,33501000,10,33521000,10
33514000,1,33516000,6,33513000,5,33517000,9,33512000,6,33518000,10,33511000,7,33519000,23,33510000,10,33520000,31,33509000,12,33521000,12,33508000,12,33522000,16,33507000,8,33523000,8,33506000,19,33524000,12,33505000,9,33525000,8
33512000,6,33515000,5,33511000,8,33516000,5,33510000,9,33517000,9,33509000,11,33518000,10,33508000,10,33519000,24,33507000,8,33520000,32,33506000,19,33521000,11,33505000,9,33522000,16,33504000,13,33523000,8,33503000,8,33524000,12
33514000,2,33515000,1,33513000,3,33516000,5,33512000,7,33517000,6,33511000,6,33518000,10,33510000,6,33519000,24,33509000,12,33520000,31,33508000,13,33521000,11,33507000,8,33522000,16,33506000,19,33523000,8,33505000,9,33524000,11
33517000,2,33518000,1,33516000,4,33519000,20,33515000,5,33520000,27,33514000,5,33521000,9,33513000,7,33522000,11,33512000,9,33523000,10,33511000,9,33524000,11,33510000,8,33525000,8,33509000,11,33526000,8,33508000,11,33527000,7
33516000,5,33518000,5,33515000,6,33519000,3,33514000,5,33520000,27,33513000,6,33521000,7,33512000,10,33522000,12,33511000,9,33523000,9,33510000,8,33524000,11,33509000,10,33525000,8,33508000,10,33526000,8,33507000,8,33527000,7
33517000,4,33518000,5,33516000,7,33519000,10,33515000,10,33520000,28,33514000,6,33521000,8,33513000,8,33522000,11,33512000,16,33523000,9,33511000,14,33524000,12,33510000,13,33525000,8,33509000,13,33526000,8,33508000,14,33527000,7
33517000,6,33519000,8,33516000,12,33520000,28,33515000,4,33521000,7,33514000,6,33522000,11,33513000,8,33523000,9,33512000,17,33524000,13,33511000,14,33525000,8,33510000,13,33526000,8,33509000,12,33527000,7,33508000,15,33528000,14
33518000,1,33519000,4,33517000,3,33520000,25,33516000,7,33521000,7,33515000,8,33522000,11,33514000,9,33523000,9,33513000,18,33524000,13,33512000,25,33525000,8,33511000,14,33526000,8,33510000,13,33527000,7,33509000,12,33528000,14
33520000,2,33521000,1,33519000,3,33522000,7,33518000,6,33523000,7,33517000,6,33524000,12,33516000,9,33525000,10,33515000,13,33526000,8,33514000,11,33527000,7,33513000,19,33528000,13,33512000,25,33529000,7,33511000,25,33530000,34
33520000,5,33522000,4,33519000,3,33523000,6,33518000,6,33524000,12,33517000,6,33525000,10,33516000,10,33526000,8,33515000,13,33527000,7,33514000,11,33528000,13,33513000,19,33529000,7,33512000,25,33530000,34,33511000,25,33531000,8
33519000,5,33521000,1,33518000,6,33522000,6,33517000,6,33523000,8,33516000,10,33524000,9,33515000,13,33525000,9,33514000,10,33526000,11,33513000,19,33527000,9,33512000,24,33528000,12,33511000,25,33529000,7,33510000,24,33530000,33
33522000,2,33524000,6,33521000,7,33525000,7,33520000,6,33526000,7,33519000,10,33527000,10,33518000,10,33528000,13,33517000,10,33529000,9,33516000,14,33530000,37,33515000,13,33531000,8,33514000,11,33532000,12,33513000,21,33533000,6
33521000,1,33522000,3,33520000,6,33523000,5,33519000,10,33524000,8,33518000,6,33525000,7,33517000,9,33526000,8,33516000,11,33527000,11,33515000,13,33528000,15,33514000,11,33529000,9,33513000,21,33530000,37,33512000,26,33531000,8
33518000,3,33519000,1,33517000,6,33520000,4,33516000,8,33521000,6,33515000,10,33522000,7,33514000,10,33523000,7,33513000,21,33524000,10,33512000,27,33525000,10,33511000,25,33526000,11,33510000,24,33527000,9,33509000,21,33528000,14
33513000,12,33515000,6,33512000,15,33516000,6,33511000,25,33517000,7,33510000,24,33518000,5,33509000,23,33519000,11,33508000,25,33520000,9,33507000,21,33521000,11,33506000,12,33522000,13,33505000,10,33523000,10,33504000,13,33524000,12
33510000,16,33512000,7,33509000,17,33513000,5,33508000,21,33514000,6,33507000,21,33515000,9,33506000,13,33516000,7,33505000,10,33517000,13,33504000,13,33518000,9,33503000,8,33519000,12,33502000,12,33520000,10,33501000,11,33521000,9
33512000,1,33513000,1,33511000,7,33514000,7,33510000,5,33515000,8,33509000,14,33516000,8,33508000,20,33517000,14,33507000,21,33518000,10,33506000,15,33519000,10,33505000,10,33520000,9,33504000,13,33521000,9,33503000,8,33522000,13
33508000,9,33509000,4,33507000,18,33510000,5,33506000,11,33511000,9,33505000,10,33512000,10,33504000,12,33513000,7,33503000,10,33514000,8,33502000,12,33515000,13,33501000,11,33516000,13,33500000,11,33517000,20,33499000,8,33518000,9
33509000,5,33511000,7,33508000,8,33512000,8,33507000,14,33513000,7,33506000,9,33514000,7,33505000,9,33515000,11,33504000,13,33516000,12,33503000,10,33517000,19,33502000,12,33518000,9,33501000,11,33519000,11,33500000,11,33520000,10
33508000,1,33510000,3,33507000,6,33511000,4,33506000,12,33512000,5,33505000,10,33513000,9,33504000,12,33514000,16,33503000,9,33515000,20,33502000,12,33516000,22,33501000,11,33517000,22,33500000,29,33518000,22,33499000,7,33519000,11
33506000,2,33508000,6,33505000,9,33509000,3,33504000,12,33510000,7,33503000,10,33511000,7,33502000,12,33512000,10,33501000,11,33513000,11,33500000,29,33514000,20,33499000,7,33515000,38,33498000,15,33516000,21,33497000,11,33517000,20
33509000,6,33510000,4,33508000,7,33512000,6,33507000,8,33513000,6,33506000,9,33514000,17,33505000,8,33515000,37,33504000,10,33516000,23,33503000,9,33517000,21,33502000,12,33518000,22,33501000,11,33519000,11,33500000,34,33520000,12
33506000,2,33507000,2,33505000,4,33508000,4,33504000,7,33509000,7,33503000,8,33510000,8,33502000,12,33511000,7,33501000,13,33512000,9,33500000,34,33513000,13,33499000,7,33514000,19,33498000,15,33515000,38,33497000,10,33516000,22
33504000,1,33506000,10,33503000,7,33507000,5,33502000,11,33508000,6,33501000,13,33509000,8,33500000,34,33510000,11,33499000,9,33511000,10,33498000,16,33512000,12,33497000,10,33513000,11,33496000,12,33514000,18,33495000,11,33515000,37
33506000,2,33507000,4,33505000,7,33508000,6,33504000,8,33509000,10,33503000,9,33510000,9,33502000,12,33511000,9,33501000,11,33512000,11,33500000,38,33513000,10,33499000,9,33514000,18,33498000,15,33515000,36,33497000,10,33516000,22
33510000,1,33511000,6,33508000,6,33512000,11,33507000,6,33513000,11,33506000,9,33514000,21,33505000,12,33515000,36,33504000,11,33516000,23,33503000,11,33517000,20,33502000,15,33518000,20,33501000,12,33519000,11,33500000,34,33520000,15
33511000,5,33512000,1,33510000,8,33513000,5,33509000,6,33514000,22,33508000,9,33515000,35,33507000,7,33516000,21,33506000,10,33517000,21,33505000,13,33518000,20,33504000,12,33519000,11,33503000,11,33520000,15,33502000,13,33521000,10
33514000,4,33516000,3,33513000,5,33517000,6,33512000,15,33518000,10,33511000,7,33519000,10,33510000,7,33520000,16,33509000,10,33521000,10,33508000,15,33522000,12,33507000,9,33523000,7,33506000,11,33524000,9,33505000,8,33525000,9
33513000,4,33514000,10,33512000,14,33515000,5,33511000,7,33516000,5,33510000,7,33517000,5,33509000,9,33518000,5,33508000,14,33519000,7,33507000,11,33520000,15,33506000,9,33521000,11,33505000,8,33522000,13,33504000,13,33523000,7
33515000,1,33516000,3,33514000,7,33517000,9,33513000,9,33518000,7,33512000,9,33519000,11,33511000,9,33520000,15,33510000,9,33521000,11,33509000,17,33522000,12,33508000,15,33523000,7,33507000,11,33524000,10,33506000,9,33525000,9
33513000,8,33515000,3,33512000,10,33516000,6,33511000,10,33517000,10,33510000,8,33518000,8,33509000,16,33519000,11,33508000,15,33520000,14,33507000,10,33521000,11,33506000,9,33522000,12,33505000,8,33523000,7,33504000,13,33524000,10
33516000,1,33517000,3,33515000,4,33518000,7,33514000,6,33519000,8,33513000,7,33520000,14,33512000,11,33521000,10,33511000,10,33522000,13,33510000,12,33523000,7,33509000,16,33524000,10,33508000,15,33525000,9,33507000,10,33526000,11
33513000,8,33514000,4,33512000,9,33515000,10,33511000,11,33516000,4,33510000,9,33517000,7,33509000,17,33518000,9,33508000,32,33519000,11,33507000,28,33520000,17,33506000,22,33521000,11,33505000,32,33522000,12,33504000,35,33523000,7
33510000,3,33512000,6,33509000,15,33513000,8,33508000,29,33514000,8,33507000,27,33515000,10,33506000,22,33516000,7,33505000,35,33517000,9,33504000,35,33518000,13,33503000,25,33519000,11,33502000,26,33520000,16,33501000,28,33521000,9
33513000,3,33515000,8,33512000,5,33516000,7,33511000,6,33517000,6,33510000,6,33518000,11,33509000,10,33519000,9,33508000,12,33520000,16,33507000,28,33521000,9,33506000,26,33522000,12,33505000,45,33523000,8,33504000,35,33524000,9
33510000,1,33511000,2,33509000,6,33512000,7,33508000,8,33513000,8,33507000,10,33514000,6,33506000,27,33515000,9,33505000,45,33516000,8,33504000,35,33517000,8,33503000,25,33518000,13,33502000,26,33519000,11,33501000,28,33520000,15
33508000,3,33509000,2,33507000,8,33510000,6,33506000,26,33511000,6,33505000,44,33512000,10,33504000,35,33513000,9,33503000,26,33514000,7,33502000,26,33515000,12,33501000,28,33516000,11,33500000,37,33517000,8,33499000,28,33518000,11
33510000,4,33511000,1,33509000,5,33512000,11,33508000,8,33513000,10,33507000,8,33514000,6,33506000,8,33515000,11,33505000,10,33516000,12,33504000,14,33517000,7,33503000,25,33518000,12,33502000,28,33519000,10,33501000,28,33520000,14
33508000,9,33510000,1,33507000,8,33511000,6,33506000,7,33512000,8,33505000,11,33513000,8,33504000,13,33514000,7,33503000,25,33515000,11,33502000,27,33516000,13,33501000,28,33517000,7,33500000,37,33518000,12,33499000,29,33519000,10
33504000,1,33505000,1,33503000,7,33506000,5,33502000,11,33507000,7,33501000,30,33508000,8,33500000,37,33509000,10,33499000,31,33510000,9,33498000,30,33511000,9,33497000,29,33512000,14,33496000,30,33513000,11,33495000,28,33514000,8
33501000,6,33503000,1,33500000,37,33504000,6,33499000,29,33505000,7,33498000,30,33506000,7,33497000,31,33507000,9,33496000,32,33508000,11,33495000,30,33509000,14,33494000,26,33510000,11,33493000,18,33511000,11,33492000,18,33512000,9
33502000,2,33504000,7,33501000,9,33505000,7,33500000,6,33506000,9,33499000,9,33507000,9,33498000,13,33508000,11,33497000,12,33509000,14,33496000,31,33510000,11,33495000,30,33511000,10,33494000,26,33512000,10,33493000,19,33513000,11
33506000,1,33507000,2,33505000,7,33508000,7,33504000,8,33509000,11,33503000,5,33510000,10,33502000,6,33511000,10,33501000,14,33512000,11,33500000,10,33513000,11,33499000,11,33514000,9,33498000,26,33515000,10,33497000,21,33516000,15
33504000,3,33505000,3,33503000,5,33506000,5,33502000,5,33507000,5,33501000,13,33508000,7,33500000,11,33509000,9,33499000,13,33510000,12,33498000,26,33511000,9,33497000,21,33512000,12,33496000,29,33513000,12,33495000,29,33514000,9
33501000,1,33502000,1,33500000,11,33503000,11,33499000,9,33504000,6,33498000,24,33505000,7,33497000,22,33506000,6,33496000,31,33507000,8,33495000,29,33508000,11,33494000,26,33509000,13,33493000,18,33510000,15,33492000,19,33511000,9
33499000,1,33500000,1,33498000,22,33501000,7,33497000,21,33502000,7,33496000,30,33503000,14,33495000,30,33504000,9,33494000,27,33505000,10,33493000,18,33506000,8,33492000,18,33507000,8,33491000,19,33508000,12,33490000,20,33509000,11
33495000,23,33497000,6,33494000,24,33498000,8,33493000,21,33499000,10,33492000,20,33500000,8,33491000,22,33501000,10,33490000,21,33502000,11,33489000,17,33503000,19,33488000,17,33504000,12,33487000,17,33505000,10,33486000,26,33506000,7
33497000,2,33498000,8,33496000,6,33499000,8,33495000,7,33500000,10,33494000,9,33501000,10,33493000,7,33502000,11,33492000,10,33503000,10,33491000,10,33504000,12,33490000,13,33505000,9,33489000,10,33506000,11,33488000,9,33507000,9
33494000,4,33495000,1,33493000,9,33496000,4,33492000,12,33497000,5,33491000,9,33498000,7,33490000,12,33499000,8,33489000,10,33500000,15,33488000,9,33501000,12,33487000,8,33502000,11,33486000,13,33503000,11,33485000,6,33504000,13
33497000,3,33499000,4,33496000,6,33500000,13,33495000,7,33501000,10,33494000,9,33502000,9,33493000,9,33503000,10,33492000,12,33504000,14,33491000,11,33505000,19,33490000,13,33506000,21,33489000,10,33507000,19,33488000,9,33508000,20
33497000,7,33499000,3,33496000,6,33500000,10,33495000,8,33501000,7,33494000,9,33502000,12,33493000,12,33503000,19,33492000,13,33504000,33,33491000,10,33505000,20,33490000,11,33506000,18,33489000,9,33507000,19,33488000,9,33508000,21
33498000,2,33499000,1,33497000,9,33500000,10,33496000,8,33501000,8,33495000,7,33502000,11,33494000,10,33503000,19,33493000,9,33504000,34,33492000,13,33505000,19,33491000,10,33506000,18,33490000,12,33507000,19,33489000,9,33508000,21
33501000,1,33502000,12,33500000,6,33503000,17,33499000,7,33504000,34,33498000,8,33505000,17,33497000,9,33506000,17,33496000,11,33507000,21,33495000,10,33508000,21,33494000,11,33509000,20,33493000,11,33510000,37,33492000,12,33511000,19
33503000,5,33505000,14,33502000,5,33506000,16,33501000,7,33507000,19,33500000,6,33508000,21,33499000,8,33509000,20,33498000,14,33510000,38,33497000,12,33511000,19,33496000,14,33512000,21,33495000,10,33513000,23,33494000,9,33514000,18
33501000,5,33503000,3,33500000,6,33504000,6,33499000,6,33505000,8,33498000,12,33506000,15,33497000,12,33507000,20,33496000,14,33508000,21,33495000,10,33509000,21,33494000,9,33510000,38,33493000,10,33511000,19,33492000,13,33512000,21
33505000,1,33506000,12,33504000,6,33507000,16,33503000,6,33508000,21,33502000,5,33509000,18,33501000,7,33510000,37,33500000,15,33511000,19,33499000,10,33512000,21,33498000,10,33513000,23,33497000,11,33514000,18,33496000,12,33515000,30
33507000,9,33508000,12,33506000,8,33509000,16,33505000,15,33510000,35,33504000,8,33511000,18,33503000,6,33512000,20,33502000,8,33513000,26,33501000,9,33514000,18,33500000,13,33515000,29,33499000,9,33516000,26,33498000,9,33517000,18
33505000,10,33506000,3,33504000,5,33507000,7,33503000,4,33508000,5,33502000,7,33509000,6,33501000,9,33510000,22,33500000,11,33511000,10,33499000,9,33512000,22,33498000,11,33513000,25,33497000,10,33514000,19,33496000,13,33515000,29
33506000,6,33508000,3,33505000,10,33509000,8,33504000,7,33510000,21,33503000,7,33511000,8,33502000,9,33512000,20,33501000,9,33513000,26,33500000,11,33514000,19,33499000,9,33515000,19,33498000,11,33516000,26,33497000,10,33517000,18
33511000,1,33512000,2,33510000,5,33513000,24,33509000,8,33514000,18,33508000,7,33515000,21,33507000,8,33516000,24,33506000,9,33517000,19,33505000,13,33518000,20,33504000,10,33519000,19,33503000,10,33520000,24,33502000,10,33521000,20
33508000,1,33509000,1,33507000,6,33510000,9,33506000,6,33511000,6,33505000,12,33512000,7,33504000,9,33513000,11,33503000,10,33514000,10,33502000,10,33515000,12,33501000,10,33516000,16,33500000,11,33517000,21,33499000,10,33518000,21
33510000,4,33511000,1,33509000,7,33512000,5,33508000,7,33513000,12,33507000,8,33514000,8,33506000,9,33515000,10,33505000,11,33516000,13,33504000,10,33517000,21,33503000,10,33518000,21,33502000,11,33519000,20,33501000,9,33520000,25
33512000,2,33513000,3,33511000,7,33514000,7,33510000,6,33515000,8,33509000,13,33516000,13,33508000,9,33517000,21,33507000,7,33518000,21,33506000,10,33519000,20,33505000,11,33520000,25,33504000,10,33521000,20,33503000,9,33522000,23
33515000,4,33517000,14,33514000,7,33518000,16,33513000,10,33519000,18,33512000,7,33520000,28,33511000,9,33521000,20,33510000,9,33522000,22,33509000,13,33523000,20,33508000,14,33524000,20,33507000,7,33525000,21,33506000,12,33526000,23
33519000,5,33520000,5,33518000,9,33521000,3,33517000,7,33522000,9,33516000,10,33523000,9,33515000,9,33524000,9,33514000,10,33525000,10,33513000,8,33526000,13,33512000,11,33527000,10,33511000,12,33528000,14,33510000,11,33529000,11
33522000,4,33523000,1,33521000,7,33524000,2,33520000,10,33525000,9,33519000,7,33526000,13,33518000,9,33527000,12,33517000,9,33528000,16,33516000,13,33529000,9,33515000,11,33530000,54,33514000,12,33531000,13,33513000,8,33532000,9
33522000,5,33524000,1,33521000,8,33525000,6,33520000,9,33526000,8,33519000,7,33527000,11,33518000,12,33528000,16,33517000,9,33529000,13,33516000,13,33530000,55,33515000,10,33531000,13,33514000,10,33532000,9,33513000,10,33533000,8
33522000,5,33524000,1,33521000,8,33525000,6,33520000,9,33526000,8,33519000,7,33527000,11,33518000,12,33528000,16,33517000,9,33529000,13,33516000,13,33530000,55,33515000,10,33531000,13,33514000,10,33532000,9,33513000,10,33533000,8
33523000,9,33526000,3,33522000,6,33530000,24,33521000,8,33531000,13,33520000,10,33532000,9,33519000,7,33533000,8,33518000,12,33534000,10,33517000,9,33535000,9,33516000,13,33536000,10,33515000,10,33537000,12,33514000,10,33538000,30
33523000,6,33525000,4,33522000,9,33526000,6,33521000,8,33527000,6,33520000,13,33528000,10,33519000,9,33529000,16,33518000,11,33530000,30,33517000,9,33531000,15,33516000,13,33532000,13,33515000,11,33533000,8,33514000,12,33534000,10
33524000,4,33526000,6,33523000,5,33527000,6,33522000,9,33528000,9,33521000,7,33529000,16,33520000,12,33530000,30,33519000,9,33531000,16,33518000,12,33532000,13,33517000,9,33533000,8,33516000,13,33534000,10,33515000,11,33535000,7
33528000,1,33529000,2,33527000,5,33530000,27,33526000,7,33531000,11,33525000,8,33532000,12,33524000,7,33533000,10,33523000,8,33534000,10,33522000,12,33535000,8,33521000,9,33536000,9,33520000,12,33537000,11,33519000,10,33538000,30
33529000,4,33531000,8,33528000,6,33532000,3,33527000,10,33533000,9,33526000,10,33534000,11,33525000,10,33535000,10,33524000,10,33536000,12,33523000,10,33537000,23,33522000,13,33538000,42,33521000,10,33539000,20,33520000,12,33540000,37
33529000,4,33531000,8,33528000,6,33532000,3,33527000,10,33533000,9,33526000,10,33534000,11,33525000,10,33535000,10,33524000,10,33536000,12,33523000,10,33537000,23,33522000,13,33538000,42,33521000,10,33539000,20,33520000,12,33540000,37
33532000,4,33533000,1,33531000,5,33534000,3,33530000,10,33535000,5,33529000,13,33536000,7,33528000,11,33537000,25,33527000,14,33538000,43,33526000,15,33539000,20,33525000,12,33540000,38,33524000,12,33541000,18,33523000,9,33542000,22
33529000,2,33530000,3,33528000,7,33531000,5,33527000,10,33532000,8,33526000,12,33533000,8,33525000,12,33534000,10,33524000,13,33535000,8,33523000,9,33536000,10,33522000,14,33537000,26,33521000,10,33538000,44,33520000,14,33539000,23
33530000,7,33532000,4,33529000,4,33533000,7,33528000,8,33534000,7,33527000,9,33535000,9,33526000,12,33536000,11,33525000,17,33537000,23,33524000,12,33538000,43,33523000,11,33539000,20,33522000,14,33540000,37,33521000,10,33541000,18
33531000,3,33532000,4,33530000,7,33533000,8,33529000,5,33534000,7,33528000,8,33535000,9,33527000,9,33536000,10,33526000,13,33537000,9,33525000,17,33538000,43,33524000,12,33539000,20,33523000,10,33540000,37,33522000,14,33541000,17
33532000,4,33534000,3,33531000,6,33535000,8,33530000,9,33536000,8,33529000,8,33537000,10,33528000,12,33538000,44,33527000,10,33539000,20,33526000,15,33540000,37,33525000,17,33541000,18,33524000,11,33542000,22,33523000,11,33543000,25
33528000,1,33529000,2,33527000,7,33530000,4,33526000,9,33531000,9,33525000,14,33532000,7,33524000,13,33533000,9,33523000,13,33534000,8,33522000,16,33535000,10,33521000,11,33536000,9,33520000,19,33537000,8,33519000,12,33538000,12
33530000,1,33532000,6,33529000,3,33533000,8,33528000,5,33534000,7,33527000,7,33535000,8,33526000,10,33536000,9,33525000,15,33537000,10,33524000,14,33538000,12,33523000,13,33539000,20,33522000,15,33540000,38,33521000,11,33541000,18
33527000,2,33529000,6,33526000,5,33530000,9,33525000,14,33531000,10,33524000,11,33532000,8,33523000,13,33533000,9,33522000,17,33534000,12,33521000,9,33535000,15,33520000,20,33536000,10,33519000,11,33537000,10,33518000,14,33538000,12
33524000,2,33526000,6,33523000,5,33527000,6,33522000,13,33528000,5,33521000,9,33529000,12,33520000,24,33530000,10,33519000,12,33531000,9,33518000,15,33532000,11,33517000,8,33533000,12,33516000,12,33534000,11,33515000,27,33535000,13
33520000,9,33521000,3,33519000,8,33522000,6,33518000,13,33523000,5,33517000,9,33524000,8,33516000,12,33525000,9,33515000,28,33526000,8,33514000,20,33527000,8,33513000,19,33528000,11,33512000,19,33529000,16,33511000,19,33530000,13
33517000,5,33519000,2,33516000,9,33520000,7,33515000,17,33521000,9,33514000,21,33522000,9,33513000,21,33523000,7,33512000,20,33524000,10,33511000,20,33525000,10,33510000,25,33526000,12,33509000,21,33527000,9,33508000,21,33528000,11
33514000,1,33515000,3,33513000,4,33516000,5,33512000,18,33517000,7,33511000,21,33518000,8,33510000,24,33519000,8,33509000,21,33520000,8,33508000,21,33521000,12,33507000,19,33522000,11,33506000,20,33523000,10,33505000,20,33524000,10
33517000,1,33518000,1,33516000,4,33519000,3,33515000,8,33520000,7,33514000,10,33521000,10,33513000,22,33522000,9,33512000,19,33523000,8,33511000,22,33524000,11,33510000,25,33525000,12,33509000,21,33526000,12,33508000,21,33527000,9
33519000,4,33520000,6,33518000,5,33521000,6,33517000,5,33522000,19,33516000,3,33523000,6,33515000,9,33524000,9,33514000,8,33525000,11,33513000,20,33526000,12,33512000,20,33527000,9,33511000,23,33528000,12,33510000,24,33529000,15
33516000,5,33518000,1,33515000,8,33519000,5,33514000,8,33520000,8,33513000,21,33521000,6,33512000,19,33522000,7,33511000,21,33523000,7,33510000,25,33524000,21,33509000,21,33525000,12,33508000,21,33526000,13,33507000,19,33527000,9
33513000,11,33515000,6,33512000,17,33516000,7,33511000,20,33517000,8,33510000,24,33518000,10,33509000,22,33519000,5,33508000,22,33520000,11,33507000,19,33521000,8,33506000,20,33522000,11,33505000,20,33523000,9,33504000,22,33524000,21
33517000,2,33518000,10,33516000,9,33519000,4,33515000,9,33520000,10,33514000,5,33521000,8,33513000,9,33522000,10,33512000,9,33523000,10,33511000,22,33524000,12,33510000,25,33525000,11,33509000,22,33526000,12,33508000,21,33527000,9
33514000,2,33516000,5,33513000,7,33517000,6,33512000,17,33518000,10,33511000,19,33519000,4,33510000,25,33520000,11,33509000,22,33521000,8,33508000,23,33522000,12,33507000,20,33523000,11,33506000,20,33524000,12,33505000,20,33525000,11
33515000,5,33517000,9,33514000,7,33518000,5,33513000,10,33519000,7,33512000,6,33520000,11,33511000,22,33521000,9,33510000,25,33522000,14,33509000,21,33523000,9,33508000,21,33524000,12,33507000,20,33525000,11,33506000,20,33526000,14
33512000,8,33513000,8,33511000,20,33514000,2,33510000,24,33515000,5,33509000,20,33516000,7,33508000,21,33517000,10,33507000,20,33518000,8,33506000,20,33519000,11,33505000,20,33520000,13,33504000,21,33521000,10,33503000,20,33522000,13
33515000,2,33517000,6,33514000,4,33518000,7,33513000,6,33519000,10,33512000,13,33520000,12,33511000,12,33521000,8,33510000,23,33522000,14,33509000,21,33523000,9,33508000,22,33524000,12,33507000,22,33525000,11,33506000,20,33526000,12
33519000,2,33521000,5,33518000,7,33522000,9,33517000,8,33523000,7,33516000,8,33524000,8,33515000,10,33525000,10,33514000,10,33526000,14,33513000,10,33527000,17,33512000,13,33528000,12,33511000,20,33529000,14,33510000,25,33530000,18
33518000,2,33520000,5,33517000,6,33521000,8,33516000,7,33522000,8,33515000,11,33523000,7,33514000,10,33524000,10,33513000,12,33525000,11,33512000,13,33526000,14,33511000,19,33527000,18,33510000,25,33528000,12,33509000,21,33529000,14
33515000,1,33516000,1,33514000,5,33517000,7,33513000,7,33518000,7,33512000,21,33519000,7,33511000,21,33520000,9,33510000,23,33521000,11,33509000,22,33522000,12,33508000,21,33523000,9,33507000,20,33524000,12,33506000,20,33525000,11
33518000,3,33519000,1,33517000,6,33520000,6,33516000,6,33521000,10,33515000,9,33522000,7,33514000,9,33523000,8,33513000,12,33524000,10,33512000,23,33525000,13,33511000,21,33526000,12,33510000,24,33527000,18,33509000,21,33528000,13
33516000,1,33518000,4,33515000,7,33519000,5,33514000,6,33520000,9,33513000,21,33521000,10,33512000,21,33522000,7,33511000,19,33523000,8,33510000,22,33524000,11,33509000,21,33525000,13,33508000,21,33526000,12,33507000,20,33527000,10
33517000,1,33518000,1,33516000,5,33519000,5,33515000,9,33520000,10,33514000,8,33521000,11,33513000,9,33522000,10,33512000,10,33523000,8,33511000,19,33524000,12,33510000,22,33525000,11,33509000,22,33526000,12,33508000,21,33527000,10
33520000,3,33521000,2,33519000,5,33522000,3,33518000,8,33523000,6,33517000,6,33524000,8,33516000,9,33525000,12,33515000,10,33526000,12,33514000,12,33527000,18,33513000,13,33528000,13,33512000,13,33529000,13,33511000,19,33530000,18
33518000,3,33519000,1,33517000,6,33520000,6,33516000,9,33521000,6,33515000,10,33522000,5,33514000,10,33523000,7,33513000,13,33524000,7,33512000,12,33525000,11,33511000,17,33526000,15,33510000,22,33527000,19,33509000,22,33528000,14
33515000,3,33516000,1,33514000,7,33517000,7,33513000,21,33518000,7,33512000,22,33519000,6,33511000,18,33520000,9,33510000,23,33521000,8,33509000,21,33522000,9,33508000,21,33523000,9,33507000,20,33524000,11,33506000,20,33525000,13
33516000,4,33518000,1,33515000,8,33519000,7,33514000,11,33520000,8,33513000,6,33521000,7,33512000,10,33522000,7,33511000,18,33523000,9,33510000,23,33524000,11,33509000,21,33525000,11,33508000,22,33526000,13,33507000,20,33527000,17
33515000,5,33517000,1,33514000,10,33518000,6,33513000,11,33519000,6,33512000,13,33520000,9,33511000,18,33521000,9,33510000,23,33522000,6,33509000,21,33523000,10,33508000,21,33524000,11,33507000,20,33525000,12,33506000,20,33526000,13
33512000,3,33513000,2,33511000,5,33514000,8,33510000,21,33515000,6,33509000,19,33516000,7,33508000,20,33517000,8,33507000,21,33518000,10,33506000,20,33519000,11,33505000,20,33520000,15,33504000,21,33521000,13,33503000,21,33522000,11
33509000,6,33510000,3,33508000,10,33511000,10,33507000,13,33512000,5,33506000,11,33513000,6,33505000,15,33514000,8,33504000,15,33515000,7,33503000,15,33516000,12,33502000,13,33517000,9,33501000,13,33518000,14,33500000,15,33519000,11
33506000,3,33508000,4,33505000,7,33509000,6,33504000,10,33510000,5,33503000,10,33511000,10,33502000,10,33512000,7,33501000,9,33513000,10,33500000,10,33514000,10,33499000,8,33515000,10,33498000,11,33516000,11,33497000,9,33517000,8
33504000,1,33505000,2,33503000,5,33506000,5,33502000,8,33507000,9,33501000,10,33508000,10,33500000,10,33509000,10,33499000,9,33510000,12,33498000,12,33511000,12,33497000,10,33512000,10,33496000,10,33513000,9,33495000,11,33514000,9
33506000,1,33507000,3,33505000,6,33508000,9,33504000,7,33509000,9,33503000,7,33510000,12,33502000,9,33511000,12,33501000,11,33512000,9,33500000,11,33513000,10,33499000,9,33514000,9,33498000,11,33515000,9,33497000,10,33516000,12
33508000,2,33509000,1,33507000,9,33510000,7,33506000,5,33511000,8,33505000,11,33512000,8,33504000,9,33513000,12,33503000,9,33514000,11,33502000,12,33515000,12,33501000,9,33516000,22,33500000,12,33517000,18,33499000,8,33518000,23
33512000,4,33513000,5,33511000,2,33514000,6,33510000,5,33515000,7,33509000,6,33516000,14,33508000,8,33517000,11,33507000,10,33518000,23,33506000,7,33519000,21,33505000,14,33520000,24,33504000,12,33521000,23,33503000,9,33522000,23
33519000,6,33520000,10,33518000,3,33521000,16,33517000,4,33522000,20,33516000,5,33523000,21,33515000,8,33524000,19,33514000,10,33525000,20,33513000,10,33526000,28,33512000,10,33527000,28,33511000,8,33528000,21,33510000,10,33529000,12
33521000,4,33523000,14,33520000,5,33524000,18,33519000,3,33525000,18,33518000,6,33526000,27,33517000,10,33527000,30,33516000,7,33528000,22,33515000,8,33529000,12,33514000,11,33530000,17,33513000,9,33531000,10,33512000,9,33532000,16
33519000,3,33520000,1,33518000,7,33521000,5,33517000,10,33522000,5,33516000,6,33523000,6,33515000,11,33524000,7,33514000,9,33525000,18,33513000,7,33526000,29,33512000,10,33527000,21,33511000,8,33528000,21,33510000,11,33529000,12
33517000,4,33518000,8,33516000,7,33519000,4,33515000,8,33520000,9,33514000,5,33521000,7,33513000,7,33522000,9,33512000,10,33523000,11,33511000,8,33524000,12,33510000,12,33525000,19,33509000,10,33526000,14,33508000,14,33527000,26
33514000,1,33515000,2,33513000,3,33516000,5,33512000,5,33517000,6,33511000,4,33518000,10,33510000,11,33519000,9,33509000,10,33520000,10,33508000,13,33521000,10,33507000,10,33522000,14,33506000,9,33523000,12,33505000,9,33524000,13
33510000,10,33511000,3,33509000,6,33512000,6,33508000,10,33513000,6,33507000,7,33514000,5,33506000,10,33515000,10,33505000,10,33516000,6,33504000,13,33517000,8,33503000,8,33518000,9,33502000,9,33519000,10,33501000,8,33520000,10
33512000,2,33513000,2,33511000,5,33514000,5,33510000,11,33515000,5,33509000,6,33516000,6,33508000,11,33517000,7,33507000,9,33518000,9,33506000,11,33519000,20,33505000,10,33520000,17,33504000,13,33521000,19,33503000,8,33522000,23
33510000,7,33511000,4,33509000,6,33512000,6,33508000,10,33513000,13,33507000,8,33514000,8,33506000,10,33515000,9,33505000,9,33516000,9,33504000,13,33517000,8,33503000,8,33518000,10,33502000,9,33519000,21,33501000,8,33520000,18
33512000,4,33513000,1,33511000,7,33514000,4,33510000,8,33515000,7,33509000,5,33516000,9,33508000,11,33517000,19,33507000,8,33518000,20,33506000,10,33519000,20,33505000,9,33520000,20,33504000,13,33521000,19,33503000,8,33522000,23
33510000,5,33512000,5,33509000,6,33513000,8,33508000,11,33514000,4,33507000,8,33515000,13,33506000,9,33516000,10,33505000,9,33517000,9,33504000,13,33518000,10,33503000,8,33519000,12,33502000,9,33520000,11,33501000,8,33521000,9
33514000,1,33515000,7,33513000,4,33516000,5,33512000,7,33517000,8,33511000,5,33518000,10,33510000,6,33519000,11,33509000,10,33520000,13,33508000,11,33521000,9,33507000,9,33522000,13,33506000,10,33523000,10,33505000,9,33524000,12
33516000,1,33517000,2,33515000,6,33518000,9,33514000,5,33519000,9,33513000,6,33520000,8,33512000,8,33521000,9,33511000,9,33522000,14,33510000,20,33523000,10,33509000,8,33524000,12,33508000,15,33525000,12,33507000,10,33526000,11
33514000,1,33515000,4,33513000,2,33516000,5,33512000,6,33517000,6,33511000,8,33518000,5,33510000,19,33519000,8,33509000,8,33520000,8,33508000,14,33521000,12,33507000,10,33522000,15,33506000,9,33523000,12,33505000,10,33524000,12
33516000,2,33517000,1,33515000,4,33518000,5,33514000,4,33519000,7,33513000,4,33520000,8,33512000,6,33521000,10,33511000,8,33522000,15,33510000,21,33523000,10,33509000,8,33524000,12,33508000,14,33525000,12,33507000,10,33526000,11
33514000,1,33516000,4,33513000,3,33517000,5,33512000,5,33518000,8,33511000,9,33519000,6,33510000,19,33520000,7,33509000,10,33521000,10,33508000,14,33522000,15,33507000,10,33523000,12,33506000,9,33524000,12,33505000,10,33525000,12
33511000,2,33512000,3,33510000,16,33513000,7,33509000,6,33514000,5,33508000,13,33515000,7,33507000,10,33516000,5,33506000,11,33517000,6,33505000,10,33518000,10,33504000,13,33519000,10,33503000,7,33520000,11,33502000,11,33521000,10
33514000,4,33515000,11,33513000,5,33516000,2,33512000,4,33517000,5,33511000,6,33518000,7,33510000,6,33519000,9,33509000,9,33520000,13,33508000,13,33521000,10,33507000,9,33522000,14,33506000,10,33523000,11,33505000,9,33524000,13
33510000,2,33512000,5,33509000,5,33513000,7,33508000,7,33514000,7,33507000,9,33515000,8,33506000,9,33516000,5,33505000,10,33517000,9,33504000,13,33518000,12,33503000,7,33519000,10,33502000,9,33520000,13,33501000,8,33521000,11
33510000,6,33513000,5,33509000,5,33514000,7,33508000,7,33515000,7,33507000,9,33516000,4,33506000,9,33517000,9,33505000,10,33518000,12,33504000,13,33519000,11,33503000,7,33520000,13,33502000,9,33521000,11,33501000,8,33522000,14
33508000,5,33509000,1,33507000,6,33510000,3,33506000,6,33511000,5,33505000,9,33512000,6,33504000,12,33513000,8,33503000,9,33514000,7,33502000,9,33515000,10,33501000,8,33516000,8,33500000,10,33517000,9,33499000,8,33518000,11
33508000,3,33510000,4,33507000,6,33511000,4,33506000,5,33512000,6,33505000,6,33513000,7,33504000,12,33514000,8,33503000,10,33515000,13,33502000,9,33516000,10,33501000,8,33517000,8,33500000,10,33518000,11,33499000,8,33519000,10
33508000,3,33510000,4,33507000,6,33511000,4,33506000,5,33512000,6,33505000,6,33513000,7,33504000,12,33514000,8,33503000,10,33515000,13,33502000,9,33516000,10,33501000,8,33517000,8,33500000,10,33518000,11,33499000,8,33519000,10
33507000,1,33508000,2,33506000,3,33509000,6,33505000,6,33510000,7,33504000,8,33511000,8,33503000,7,33512000,9,33502000,8,33513000,11,33501000,9,33514000,9,33500000,10,33515000,11,33499000,10,33516000,11,33498000,9,33517000,8
33509000,2,33510000,10,33508000,6,33511000,5,33507000,4,33512000,6,33506000,4,33513000,10,33505000,13,33514000,10,33504000,10,33515000,16,33503000,9,33516000,15,33502000,11,33517000,8,33501000,8,33518000,12,33500000,8,33519000,10
33507000,1,33508000,6,33506000,5,33509000,6,33505000,9,33510000,8,33504000,7,33511000,9,33503000,10,33512000,10,33502000,7,33513000,10,33501000,9,33514000,10,33500000,9,33515000,18,33499000,9,33516000,12,33498000,10,33517000,12
33505000,3,33507000,5,33504000,9,33508000,6,33503000,8,33509000,7,33502000,8,33510000,8,33501000,10,33511000,12,33500000,8,33512000,13,33499000,9,33513000,11,33498000,10,33514000,9,33497000,9,33515000,17,33496000,8,33516000,12
33503000,2,33504000,1,33502000,4,33505000,4,33501000,6,33506000,8,33500000,7,33507000,10,33499000,10,33508000,11,33498000,10,33509000,11,33497000,11,33510000,14,33496000,8,33511000,14,33495000,9,33512000,13,33494000,9,33513000,10
33504000,1,33505000,4,33502000,5,33506000,8,33501000,8,33507000,7,33500000,11,33508000,8,33499000,9,33509000,11,33498000,9,33510000,15,33497000,12,33511000,8,33496000,10,33512000,8,33495000,9,33513000,10,33494000,9,33514000,9
33501000,1,33502000,1,33500000,6,33503000,5,33499000,7,33504000,7,33498000,8,33505000,11,33497000,11,33506000,10,33496000,8,33507000,9,33495000,10,33508000,10,33494000,9,33509000,13,33493000,8,33510000,16,33492000,10,33511000,8
33498000,2,33500000,5,33497000,6,33501000,6,33496000,6,33502000,6,33495000,9,33503000,6,33494000,10,33504000,10,33493000,9,33505000,17,33492000,9,33506000,12,33491000,8,33507000,9,33490000,9,33508000,10,33489000,12,33509000,11
33497000,1,33499000,5,33496000,4,33500000,4,33495000,7,33501000,5,33494000,8,33502000,7,33493000,9,33503000,9,33492000,9,33504000,14,33491000,10,33505000,18,33490000,9,33506000,12,33489000,10,33507000,8,33488000,10,33508000,9
33495000,2,33496000,5,33494000,5,33497000,5,33493000,7,33498000,7,33492000,8,33499000,6,33491000,10,33500000,7,33490000,10,33501000,11,33489000,10,33502000,9,33488000,10,33503000,8,33487000,8,33504000,13,33486000,14,33505000,17
33493000,3,33495000,4,33492000,6,33496000,4,33491000,7,33497000,6,33490000,9,33498000,7,33489000,11,33499000,8,33488000,11,33500000,10,33487000,8,33501000,12,33486000,13,33502000,9,33485000,6,33503000,8,33484000,8,33504000,10
33491000,3,33493000,3,33490000,4,33494000,7,33489000,9,33495000,6,33488000,8,33496000,5,33487000,9,33497000,10,33486000,14,33498000,10,33485000,7,33499000,8,33484000,8,33500000,9,33483000,7,33501000,10,33482000,8,33502000,9
33486000,6,33489000,4,33485000,5,33490000,6,33484000,7,33491000,6,33483000,8,33492000,8,33482000,9,33493000,10,33481000,12,33494000,10,33480000,15,33495000,10,33479000,9,33496000,8,33478000,10,33497000,11,33477000,10,33498000,10
33486000,3,33488000,1,33485000,5,33489000,6,33484000,8,33490000,6,33483000,6,33491000,6,33482000,8,33492000,9,33481000,13,33493000,10,33480000,15,33494000,10,33479000,9,33495000,10,33478000,10,33496000,8,33477000,10,33497000,11
33490000,3,33492000,4,33489000,4,33493000,7,33488000,6,33494000,6,33487000,6,33495000,9,33486000,9,33496000,5,33485000,7,33497000,11,33484000,10,33498000,10,33483000,7,33499000,6,33482000,9,33500000,9,33481000,12,33501000,10
33495000,3,33496000,1,33494000,2,33497000,6,33493000,3,33498000,8,33492000,4,33499000,8,33491000,6,33500000,10,33490000,8,33501000,9,33489000,6,33502000,8,33488000,7,33503000,6,33487000,10,33504000,11,33486000,10,33505000,15
33498000,3,33499000,2,33497000,6,33500000,3,33496000,3,33501000,8,33495000,5,33502000,8,33494000,4,33503000,8,33493000,7,33504000,12,33492000,6,33505000,14,33491000,7,33506000,12,33490000,11,33507000,8,33489000,7,33508000,12
33496000,1,33497000,1,33495000,6,33498000,6,33494000,4,33499000,5,33493000,6,33500000,6,33492000,5,33501000,9,33491000,7,33502000,11,33490000,11,33503000,13,33489000,8,33504000,14,33488000,6,33505000,15,33487000,8,33506000,12
33493000,3,33494000,1,33492000,4,33495000,4,33491000,4,33496000,7,33490000,8,33497000,10,33489000,7,33498000,9,33488000,5,33499000,8,33487000,9,33500000,10,33486000,10,33501000,12,33485000,5,33502000,11,33484000,8,33503000,11
33492000,1,33493000,3,33491000,1,33494000,5,33490000,4,33495000,4,33489000,6,33496000,7,33488000,4,33497000,11,33487000,9,33498000,10,33486000,10,33499000,11,33485000,5,33500000,11,33484000,8,33501000,12,33483000,9,33502000,10
33490000,4,33492000,1,33489000,5,33493000,4,33488000,4,33494000,5,33487000,8,33495000,8,33486000,10,33496000,10,33485000,6,33497000,13,33484000,8,33498000,10,33483000,7,33499000,11,33482000,8,33500000,11,33481000,11,33501000,12
33490000,2,33491000,1,33489000,7,33492000,6,33488000,4,33493000,6,33487000,7,33494000,5,33486000,10,33495000,8,33485000,6,33496000,8,33484000,8,33497000,13,33483000,7,33498000,10,33482000,8,33499000,9,33481000,11,33500000,10
33487000,2,33489000,3,33486000,7,33490000,4,33485000,5,33491000,6,33484000,7,33492000,6,33483000,8,33493000,8,33482000,9,33494000,8,33481000,11,33495000,10,33480000,15,33496000,10,33479000,9,33497000,13,33478000,12,33498000,8
33485000,1,33487000,2,33484000,5,33488000,4,33483000,8,33489000,5,33482000,6,33490000,7,33481000,13,33491000,8,33480000,16,33492000,8,33479000,9,33493000,12,33478000,10,33494000,8,33477000,7,33495000,10,33476000,12,33496000,8
33493000,2,33494000,1,33492000,4,33495000,8,33491000,2,33496000,5,33490000,4,33497000,6,33489000,6,33498000,12,33488000,6,33499000,8,33487000,9,33500000,11,33486000,14,33501000,10,33485000,11,33502000,11,33484000,9,33503000,10
33490000,4,33493000,5,33489000,4,33494000,5,33488000,6,33495000,7,33487000,7,33496000,5,33486000,11,33497000,6,33485000,12,33498000,14,33484000,9,33499000,8,33483000,8,33500000,12,33482000,9,33501000,10,33481000,11,33502000,11
33491000,2,33493000,4,33490000,6,33494000,5,33489000,9,33495000,7,33488000,4,33496000,7,33487000,7,33497000,7,33486000,10,33498000,14,33485000,12,33499000,8,33484000,10,33500000,12,33483000,8,33501000,10,33482000,9,33502000,11
33496000,1,33497000,1,33495000,5,33498000,9,33494000,4,33499000,5,33493000,6,33500000,10,33492000,5,33501000,10,33491000,9,33502000,13,33490000,11,33503000,11,33489000,10,33504000,14,33488000,8,33505000,14,33487000,13,33506000,10
33499000,5,33500000,2,33498000,6,33501000,5,33497000,5,33502000,9,33496000,5,33503000,9,33495000,4,33504000,13,33494000,6,33505000,16,33493000,10,33506000,10,33492000,9,33507000,7,33491000,12,33508000,12,33490000,11,33509000,10
33497000,6,33499000,18,33496000,4,33500000,4,33495000,4,33501000,5,33494000,6,33502000,6,33493000,10,33503000,8,33492000,9,33504000,13,33491000,11,33505000,16,33490000,11,33506000,12,33489000,11,33507000,7,33488000,7,33508000,12
33496000,5,33498000,2,33495000,5,33499000,5,33494000,5,33500000,13,33493000,7,33501000,5,33492000,7,33502000,7,33491000,12,33503000,10,33490000,11,33504000,16,33489000,11,33505000,9,33488000,7,33506000,12,33487000,14,33507000,7
33495000,3,33497000,5,33494000,5,33498000,20,33493000,5,33499000,8,33492000,5,33500000,7,33491000,12,33501000,8,33490000,11,33502000,10,33489000,11,33503000,11,33488000,7,33504000,15,33487000,14,33505000,9,33486000,9,33506000,12
33494000,3,33496000,5,33493000,3,33497000,6,33492000,6,33498000,8,33491000,9,33499000,7,33490000,9,33500000,9,33489000,11,33501000,11,33488000,8,33502000,11,33487000,14,33503000,11,33486000,9,33504000,14,33485000,10,33505000,8
33491000,7,33494000,6,33490000,5,33495000,4,33489000,10,33496000,6,33488000,3,33497000,7,33487000,15,33498000,10,33486000,11,33499000,7,33485000,10,33500000,9,33484000,11,33501000,12,33483000,7,33502000,10,33482000,9,33503000,10
33491000,6,33493000,1,33490000,7,33494000,4,33489000,9,33495000,6,33488000,3,33496000,7,33487000,14,33497000,7,33486000,10,33498000,8,33485000,10,33499000,11,33484000,11,33500000,9,33483000,7,33501000,12,33482000,9,33502000,10
33491000,6,33493000,1,33490000,7,33494000,4,33489000,9,33495000,6,33488000,3,33496000,7,33487000,14,33497000,7,33486000,10,33498000,8,33485000,10,33499000,11,33484000,11,33500000,9,33483000,7,33501000,12,33482000,9,33502000,10
33493000,2,33494000,1,33492000,7,33495000,4,33491000,7,33496000,4,33490000,9,33497000,6,33489000,10,33498000,6,33488000,7,33499000,9,33487000,14,33500000,11,33486000,10,33501000,9,33485000,10,33502000,11,33484000,11,33503000,10
33491000,6,33494000,4,33490000,7,33495000,4,33489000,10,33496000,5,33488000,3,33497000,6,33487000,14,33498000,7,33486000,10,33499000,10,33485000,10,33500000,11,33484000,11,33501000,12,33483000,7,33502000,10,33482000,9,33503000,10
33496000,3,33498000,2,33495000,6,33499000,5,33494000,5,33500000,4,33493000,8,33501000,5,33492000,7,33502000,9,33491000,13,33503000,12,33490000,10,33504000,17,33489000,11,33505000,9,33488000,6,33506000,13,33487000,12,33507000,7
33501000,1,33502000,2,33500000,4,33503000,2,33499000,10,33504000,11,33498000,11,33505000,6,33497000,9,33506000,12,33496000,7,33507000,9,33495000,8,33508000,12,33494000,10,33509000,11,33493000,11,33510000,11,33492000,9,33511000,8
33499000,1,33501000,4,33498000,6,33502000,6,33497000,7,33503000,6,33496000,6,33504000,9,33495000,10,33505000,7,33494000,9,33506000,14,33493000,10,33507000,9,33492000,10,33508000,13,33491000,11,33509000,10,33490000,12,33510000,11
33500000,2,33502000,3,33499000,6,33503000,6,33498000,9,33504000,10,33497000,7,33505000,6,33496000,5,33506000,12,33495000,9,33507000,10,33494000,9,33508000,12,33493000,12,33509000,10,33492000,10,33510000,11,33491000,10,33511000,7
33500000,1,33502000,4,33499000,4,33503000,6,33498000,8,33504000,9,33497000,9,33505000,6,33496000,5,33506000,12,33495000,10,33507000,10,33494000,10,33508000,13,33493000,9,33509000,11,33492000,10,33510000,11,33491000,11,33511000,7
33506000,1,33508000,5,33505000,7,33509000,7,33504000,6,33510000,8,33503000,5,33511000,9,33502000,5,33512000,6,33501000,8,33513000,11,33500000,8,33514000,7,33499000,9,33515000,11,33498000,12,33516000,11,33497000,11,33517000,11
33506000,1,33508000,5,33505000,7,33509000,7,33504000,6,33510000,8,33503000,5,33511000,9,33502000,5,33512000,6,33501000,8,33513000,11,33500000,8,33514000,7,33499000,9,33515000,11,33498000,12,33516000,11,33497000,11,33517000,11
33507000,5,33510000,4,33506000,9,33511000,5,33505000,10,33512000,7,33504000,6,33513000,9,33503000,8,33514000,9,33502000,8,33515000,12,33501000,11,33516000,12,33500000,8,33517000,11,33499000,8,33518000,13,33498000,13,33519000,9
33507000,2,33509000,2,33506000,9,33510000,7,33505000,9,33511000,7,33504000,7,33512000,8,33503000,8,33513000,9,33502000,8,33514000,8,33501000,11,33515000,12,33500000,8,33516000,12,33499000,8,33517000,11,33498000,13,33518000,13
33507000,5,33509000,3,33506000,10,33510000,5,33505000,12,33511000,7,33504000,8,33512000,9,33503000,10,33513000,10,33502000,8,33514000,7,33501000,11,33515000,11,33500000,8,33516000,12,33499000,8,33517000,9,33498000,13,33518000,13
33507000,2,33509000,4,33506000,5,33510000,6,33505000,8,33511000,6,33504000,8,33512000,9,33503000,9,33513000,9,33502000,9,33514000,10,33501000,13,33515000,12,33500000,11,33516000,11,33499000,8,33517000,8,33498000,13,33518000,13
33505000,5,33506000,1,33504000,8,33508000,3,33503000,8,33509000,4,33502000,7,33510000,7,33501000,13,33511000,5,33500000,12,33512000,7,33499000,7,33513000,11,33498000,13,33514000,10,33497000,10,33515000,12,33496000,9,33516000,11
33505000,3,33507000,2,33504000,8,33508000,5,33503000,8,33509000,4,33502000,7,33510000,6,33501000,13,33511000,7,33500000,12,33512000,6,33499000,7,33513000,12,33498000,13,33514000,9,33497000,10,33515000,12,33496000,9,33516000,11
33508000,5,33511000,4,33507000,4,33512000,6,33506000,6,33513000,9,33505000,9,33514000,6,33504000,9,33515000,11,33503000,10,33516000,13,33502000,11,33517000,8,33501000,13,33518000,13,33500000,11,33519000,9,33499000,8,33520000,19
33510000,5,33513000,5,33509000,6,33514000,6,33508000,8,33515000,8,33507000,6,33516000,10,33506000,10,33517000,9,33505000,10,33518000,14,33504000,12,33519000,9,33503000,10,33520000,17,33502000,10,33521000,9,33501000,14,33522000,13
33513000,1,33515000,3,33512000,5,33516000,6,33511000,7,33517000,7,33510000,8,33518000,9,33509000,9,33519000,11,33508000,12,33520000,17,33507000,9,33521000,11,33506000,14,33522000,13,33505000,11,33523000,9,33504000,13,33524000,11
33515000,1,33516000,4,33514000,3,33517000,5,33513000,5,33518000,9,33512000,5,33519000,12,33511000,5,33520000,18,33510000,6,33521000,9,33509000,9,33522000,13,33508000,14,33523000,9,33507000,9,33524000,11,33506000,13,33525000,10
33513000,4,33515000,1,33512000,7,33516000,8,33511000,5,33517000,5,33510000,6,33518000,7,33509000,11,33519000,11,33508000,11,33520000,18,33507000,9,33521000,10,33506000,12,33522000,14,33505000,10,33523000,9,33504000,13,33524000,11
33519000,2,33521000,4,33518000,4,33522000,8,33517000,3,33523000,5,33516000,12,33524000,9,33515000,12,33525000,10,33514000,11,33526000,8,33513000,15,33527000,10,33512000,15,33528000,11,33511000,12,33529000,13,33510000,15,33530000,16
33518000,1,33520000,2,33517000,5,33521000,9,33516000,13,33522000,8,33515000,11,33523000,8,33514000,12,33524000,10,33513000,15,33525000,10,33512000,16,33526000,10,33511000,12,33527000,9,33510000,16,33528000,12,33509000,10,33529000,13
33515000,4,33516000,1,33514000,7,33517000,2,33513000,11,33518000,5,33512000,12,33519000,6,33511000,11,33520000,9,33510000,18,33521000,10,33509000,9,33522000,9,33508000,16,33523000,10,33507000,10,33524000,12,33506000,13,33525000,11
33512000,5,33514000,4,33511000,7,33515000,4,33510000,14,33516000,5,33509000,7,33517000,5,33508000,15,33518000,7,33507000,12,33519000,8,33506000,13,33520000,12,33505000,10,33521000,14,33504000,15,33522000,12,33503000,10,33523000,9
33508000,3,33510000,3,33507000,7,33511000,4,33506000,13,33512000,5,33505000,8,33513000,5,33504000,14,33514000,6,33503000,11,33515000,8,33502000,11,33516000,9,33501000,13,33517000,6,33500000,12,33518000,11,33499000,6,33519000,9
33504000,4,33505000,1,33503000,6,33506000,3,33502000,10,33507000,5,33501000,12,33508000,6,33500000,13,33509000,7,33499000,7,33510000,6,33498000,10,33511000,8,33497000,9,33512000,10,33496000,8,33513000,6,33495000,13,33514000,9
33506000,2,33507000,2,33505000,5,33508000,3,33504000,8,33509000,5,33503000,6,33510000,7,33502000,9,33511000,8,33501000,12,33512000,10,33500000,16,33513000,7,33499000,9,33514000,7,33498000,12,33515000,9,33497000,9,33516000,8
33503000,1,33504000,2,33502000,6,33505000,3,33501000,9,33506000,5,33500000,11,33507000,3,33499000,8,33508000,5,33498000,12,33509000,8,33497000,9,33510000,8,33496000,8,33511000,10,33495000,12,33512000,12,33494000,9,33513000,9
33507000,1,33509000,4,33506000,5,33510000,5,33505000,7,33511000,8,33504000,6,33512000,9,33503000,7,33513000,7,33502000,8,33514000,9,33501000,10,33515000,10,33500000,11,33516000,11,33499000,9,33517000,5,33498000,12,33518000,12
33508000,5,33510000,1,33507000,6,33511000,6,33506000,7,33512000,6,33505000,5,33513000,7,33504000,8,33514000,10,33503000,6,33515000,8,33502000,9,33516000,10,33501000,10,33517000,5,33500000,12,33518000,12,33499000,9,33519000,7
33505000,6,33506000,3,33504000,6,33507000,2,33503000,6,33508000,3,33502000,5,33509000,3,33501000,10,33510000,7,33500000,9,33511000,8,33499000,9,33512000,12,33498000,12,33513000,10,33497000,12,33514000,9,33496000,10,33515000,11
33503000,3,33505000,3,33502000,6,33506000,7,33501000,7,33507000,4,33500000,7,33508000,4,33499000,9,33509000,7,33498000,13,33510000,6,33497000,12,33511000,9,33496000,10,33512000,11,33495000,11,33513000,10,33494000,9,33514000,9
33500000,3,33502000,3,33499000,5,33503000,4,33498000,10,33504000,5,33497000,11,33505000,6,33496000,9,33506000,12,33495000,12,33507000,8,33494000,9,33508000,8,33493000,9,33509000,10,33492000,12,33510000,9,33491000,9,33511000,9
33498000,1,33500000,5,33497000,3,33501000,6,33496000,7,33502000,8,33495000,12,33503000,7,33494000,9,33504000,10,33493000,11,33505000,11,33492000,13,33506000,13,33491000,9,33507000,10,33490000,17,33508000,8,33489000,8,33509000,8
33497000,2,33499000,3,33496000,4,33500000,6,33495000,12,33501000,5,33494000,8,33502000,8,33493000,11,33503000,7,33492000,13,33504000,11,33491000,9,33505000,12,33490000,17,33506000,13,33489000,8,33507000,8,33488000,8,33508000,8
33501000,5,33504000,7,33500000,7,33505000,6,33499000,5,33506000,10,33498000,8,33507000,7,33497000,12,33508000,6,33496000,9,33509000,11,33495000,14,33510000,10,33494000,12,33511000,9,33493000,11,33512000,12,33492000,11,33513000,9
33503000,5,33506000,3,33502000,5,33507000,5,33501000,7,33508000,6,33500000,10,33509000,10,33499000,10,33510000,9,33498000,13,33511000,9,33497000,14,33512000,12,33496000,10,33513000,10,33495000,13,33514000,9,33494000,11,33515000,11
33506000,4,33509000,5,33505000,8,33510000,5,33504000,9,33511000,10,33503000,8,33512000,8,33502000,10,33513000,9,33501000,11,33514000,10,33500000,12,33515000,12,33499000,10,33516000,9,33498000,13,33517000,5,33497000,13,33518000,11
33508000,2,33510000,1,33507000,6,33511000,5,33506000,4,33512000,9,33505000,11,33513000,8,33504000,9,33514000,7,33503000,11,33515000,10,33502000,13,33516000,10,33501000,13,33517000,6,33500000,12,33518000,11,33499000,10,33519000,8
33509000,3,33511000,1,33508000,6,33512000,3,33507000,6,33513000,2,33506000,5,33514000,5,33505000,14,33515000,9,33504000,12,33516000,12,33503000,12,33517000,8,33502000,12,33518000,13,33501000,13,33519000,8,33500000,12,33520000,8
33510000,2,33512000,1,33509000,9,33513000,5,33508000,6,33514000,6,33507000,7,33515000,7,33506000,7,33516000,9,33505000,12,33517000,8,33504000,12,33518000,13,33503000,12,33519000,8,33502000,12,33520000,8,33501000,13,33521000,12
33510000,2,33512000,1,33509000,9,33513000,5,33508000,6,33514000,6,33507000,7,33515000,7,33506000,7,33516000,9,33505000,12,33517000,8,33504000,12,33518000,13,33503000,12,33519000,8,33502000,12,33520000,8,33501000,13,33521000,12
33512000,6,33515000,4,33511000,11,33516000,4,33510000,9,33517000,4,33509000,11,33518000,10,33508000,7,33519000,7,33507000,9,33520000,8,33506000,7,33521000,11,33505000,12,33522000,10,33504000,12,33523000,11,33503000,12,33524000,9
33511000,4,33513000,2,33510000,4,33514000,5,33509000,7,33515000,3,33508000,8,33516000,6,33507000,9,33517000,6,33506000,11,33518000,9,33505000,14,33519000,9,33504000,11,33520000,8,33503000,10,33521000,11,33502000,11,33522000,30
33516000,4,33518000,3,33515000,4,33519000,6,33514000,6,33520000,6,33513000,8,33521000,13,33512000,10,33522000,32,33511000,9,33523000,7,33510000,11,33524000,9,33509000,13,33525000,12,33508000,12,33526000,10,33507000,10,33527000,7
33517000,2,33518000,2,33516000,4,33519000,4,33515000,4,33520000,6,33514000,6,33521000,13,33513000,8,33522000,31,33512000,11,33523000,7,33511000,11,33524000,9,33510000,11,33525000,12,33509000,14,33526000,10,33508000,13,33527000,7
33522000,2,33524000,4,33521000,7,33525000,8,33520000,11,33526000,7,33519000,7,33527000,7,33518000,9,33528000,9,33517000,8,33529000,10,33516000,9,33530000,15,33515000,11,33531000,9,33514000,9,33532000,10,33513000,10,33533000,7
33525000,3,33528000,4,33524000,5,33529000,5,33523000,11,33530000,14,33522000,9,33531000,6,33521000,9,33532000,12,33520000,14,33533000,8,33519000,11,33534000,22,33518000,13,33535000,12,33517000,10,33536000,9,33516000,12,33537000,6
33525000,2,33527000,1,33524000,8,33528000,3,33523000,11,33529000,11,33522000,9,33530000,14,33521000,9,33531000,8,33520000,13,33532000,12,33519000,11,33533000,8,33518000,13,33534000,22,33517000,10,33535000,12,33516000,13,33536000,9
33522000,1,33524000,3,33521000,6,33525000,4,33520000,10,33526000,5,33519000,7,33527000,7,33518000,12,33528000,5,33517000,11,33529000,15,33516000,13,33530000,17,33515000,8,33531000,9,33514000,9,33532000,12,33513000,10,33533000,7
33521000,5,33524000,3,33520000,8,33525000,4,33519000,7,33526000,6,33518000,9,33527000,7,33517000,9,33528000,6,33516000,14,33529000,16,33515000,8,33530000,17,33514000,9,33531000,9,33513000,10,33532000,11,33512000,14,33533000,7
33520000,4,33522000,2,33519000,6,33523000,3,33518000,9,33524000,3,33517000,7,33525000,5,33516000,12,33526000,13,33515000,11,33527000,7,33514000,9,33528000,9,33513000,10,33529000,17,33512000,14,33530000,16,33511000,12,33531000,8
33520000,1,33522000,3,33519000,6,33523000,6,33518000,7,33524000,4,33517000,9,33525000,5,33516000,11,33526000,15,33515000,12,33527000,9,33514000,9,33528000,9,33513000,10,33529000,15,33512000,14,33530000,16,33511000,12,33531000,8
33523000,4,33526000,9,33522000,7,33527000,6,33521000,8,33528000,5,33520000,9,33529000,20,33519000,12,33530000,16,33518000,11,33531000,10,33517000,10,33532000,11,33516000,14,33533000,7,33515000,11,33534000,22,33514000,9,33535000,10
33523000,1,33525000,5,33522000,5,33526000,6,33521000,6,33527000,9,33520000,9,33528000,8,33519000,11,33529000,20,33518000,12,33530000,18,33517000,11,33531000,10,33516000,14,33532000,11,33515000,11,33533000,7,33514000,9,33534000,22
33523000,4,33526000,7,33522000,7,33527000,10,33521000,6,33528000,7,33520000,8,33529000,20,33519000,10,33530000,16,33518000,10,33531000,10,33517000,10,33532000,11,33516000,14,33533000,7,33515000,11,33534000,22,33514000,9,33535000,10
33525000,4,33527000,3,33524000,9,33529000,17,33523000,9,33530000,21,33522000,11,33531000,10,33521000,11,33532000,11,33520000,13,33533000,9,33519000,11,33534000,23,33518000,11,33535000,10,33517000,10,33536000,10,33516000,14,33537000,6
33526000,1,33528000,2,33525000,5,33529000,15,33524000,10,33530000,20,33523000,10,33531000,8,33522000,11,33532000,10,33521000,13,33533000,8,33520000,13,33534000,23,33519000,12,33535000,11,33518000,11,33536000,10,33517000,10,33537000,6
33526000,1,33528000,2,33525000,5,33529000,15,33524000,10,33530000,20,33523000,10,33531000,8,33522000,11,33532000,10,33521000,13,33533000,8,33520000,13,33534000,23,33519000,12,33535000,11,33518000,11,33536000,10,33517000,10,33537000,6
33532000,2,33535000,1,33531000,4,33536000,3,33530000,4,33537000,3,33529000,4,33538000,9,33528000,5,33539000,15,33527000,7,33540000,23,33526000,12,33541000,9,33525000,9,33542000,8,33524000,13,33543000,16,33523000,11,33544000,9
33532000,1,33535000,11,33531000,4,33536000,7,33530000,5,33537000,9,33529000,7,33538000,8,33528000,9,33539000,16,33527000,6,33540000,24,33526000,13,33541000,8,33525000,11,33542000,8,33524000,15,33543000,15,33523000,11,33544000,9
33532000,2,33534000,1,33531000,4,33535000,8,33530000,5,33536000,6,33529000,8,33537000,9,33528000,9,33538000,8,33527000,8,33539000,16,33526000,13,33540000,24,33525000,11,33541000,8,33524000,15,33542000,8,33523000,11,33543000,15
33532000,3,33534000,2,33531000,6,33535000,12,33530000,4,33536000,8,33529000,7,33537000,13,33528000,7,33538000,8,33527000,7,33539000,15,33526000,13,33540000,25,33525000,13,33541000,9,33524000,15,33542000,15,33523000,11,33543000,15
33531000,3,33533000,3,33530000,4,33534000,3,33529000,9,33535000,6,33528000,10,33536000,4,33527000,8,33537000,13,33526000,13,33538000,9,33525000,12,33539000,16,33524000,14,33540000,26,33523000,11,33541000,10,33522000,14,33542000,15
33531000,3,33533000,3,33530000,4,33534000,3,33529000,9,33535000,6,33528000,10,33536000,4,33527000,8,33537000,13,33526000,13,33538000,9,33525000,12,33539000,16,33524000,14,33540000,26,33523000,11,33541000,10,33522000,14,33542000,15
33525000,7,33528000,3,33524000,11,33529000,6,33523000,9,33530000,4,33522000,13,33531000,5,33521000,13,33532000,11,33520000,16,33533000,11,33519000,12,33534000,7,33518000,12,33535000,9,33517000,10,33536000,9,33516000,15,33537000,11
33526000,4,33529000,6,33525000,6,33530000,3,33524000,8,33531000,5,33523000,7,33532000,11,33522000,13,33533000,12,33521000,13,33534000,7,33520000,16,33535000,9,33519000,12,33536000,7,33518000,12,33537000,12,33517000,10,33538000,11
33524000,4,33526000,2,33523000,6,33527000,4,33522000,10,33528000,7,33521000,10,33529000,2,33520000,13,33530000,7,33519000,13,33531000,7,33518000,11,33532000,14,33517000,10,33533000,13,33516000,15,33534000,7,33515000,10,33535000,10
33525000,2,33527000,1,33524000,6,33528000,4,33523000,6,33529000,3,33522000,10,33530000,6,33521000,11,33531000,6,33520000,15,33532000,11,33519000,13,33533000,13,33518000,12,33534000,7,33517000,10,33535000,9,33516000,15,33536000,7
33529000,2,33532000,5,33528000,4,33533000,8,33527000,7,33534000,4,33526000,11,33535000,10,33525000,12,33536000,8,33524000,11,33537000,12,33523000,11,33538000,12,33522000,14,33539000,14,33521000,13,33540000,23,33520000,13,33541000,9
33529000,2,33531000,1,33528000,7,33532000,2,33527000,9,33533000,4,33526000,15,33534000,8,33525000,15,33535000,6,33524000,12,33536000,7,33523000,10,33537000,13,33522000,14,33538000,13,33521000,12,33539000,15,33520000,16,33540000,23
33528000,1,33530000,1,33527000,4,33531000,4,33526000,11,33532000,5,33525000,14,33533000,5,33524000,10,33534000,11,33523000,12,33535000,8,33522000,14,33536000,8,33521000,11,33537000,13,33520000,14,33538000,12,33519000,11,33539000,14
33529000,4,33532000,2,33528000,5,33533000,3,33527000,6,33534000,7,33526000,14,33535000,7,33525000,15,33536000,6,33524000,11,33537000,14,33523000,11,33538000,14,33522000,13,33539000,14,33521000,12,33540000,23,33520000,14,33541000,8
33528000,4,33530000,1,33527000,4,33531000,2,33526000,10,33532000,5,33525000,13,33533000,2,33524000,10,33534000,10,33523000,12,33535000,8,33522000,14,33536000,8,33521000,12,33537000,14,33520000,14,33538000,13,33519000,11,33539000,14
33528000,2,33530000,2,33527000,4,33531000,3,33526000,5,33532000,6,33525000,12,33533000,2,33524000,9,33534000,9,33523000,10,33535000,8,33522000,14,33536000,8,33521000,12,33537000,13,33520000,14,33538000,13,33519000,11,33539000,14
33528000,2,33530000,2,33527000,4,33531000,3,33526000,5,33532000,4,33525000,11,33533000,5,33524000,10,33534000,8,33523000,11,33535000,9,33522000,14,33536000,9,33521000,13,33537000,15,33520000,14,33538000,13,33519000,11,33539000,14
33524000,2,33526000,1,33523000,6,33527000,3,33522000,10,33528000,7,33521000,11,33529000,7,33520000,14,33530000,6,33519000,12,33531000,8,33518000,12,33532000,10,33517000,10,33533000,9,33516000,13,33534000,9,33515000,10,33535000,8
33526000,1,33527000,1,33525000,3,33528000,4,33524000,5,33529000,6,33523000,6,33530000,6,33522000,11,33531000,9,33521000,11,33532000,10,33520000,13,33533000,9,33519000,12,33534000,8,33518000,13,33535000,8,33517000,10,33536000,7
33526000,1,33528000,2,33525000,5,33529000,4,33524000,5,33530000,6,33523000,6,33531000,3,33522000,11,33532000,7,33521000,10,33533000,9,33520000,16,33534000,11,33519000,12,33535000,7,33518000,13,33536000,7,33517000,11,33537000,12
33521000,4,33524000,3,33520000,10,33525000,3,33519000,11,33526000,4,33518000,9,33527000,6,33517000,12,33528000,7,33516000,14,33529000,10,33515000,11,33530000,10,33514000,9,33531000,7,33513000,9,33532000,8,33512000,12,33533000,8
33518000,4,33520000,1,33517000,7,33521000,3,33516000,10,33522000,4,33515000,10,33523000,5,33514000,11,33524000,7,33513000,10,33525000,6,33512000,12,33526000,8,33511000,9,33527000,8,33510000,13,33528000,11,33509000,9,33529000,8
33518000,5,33521000,3,33517000,10,33522000,6,33516000,11,33523000,9,33515000,8,33524000,8,33514000,14,33525000,10,33513000,11,33526000,8,33512000,13,33527000,9,33511000,10,33528000,9,33510000,12,33529000,8,33509000,13,33530000,8
33518000,5,33520000,1,33517000,11,33521000,2,33516000,10,33522000,4,33515000,9,33523000,8,33514000,15,33524000,9,33513000,11,33525000,10,33512000,13,33526000,10,33511000,10,33527000,9,33510000,12,33528000,9,33509000,14,33529000,8
33516000,2,33518000,3,33515000,5,33519000,5,33514000,10,33520000,7,33513000,10,33521000,3,33512000,14,33522000,7,33511000,11,33523000,9,33510000,13,33524000,12,33509000,14,33525000,11,33508000,12,33526000,10,33507000,9,33527000,8
33518000,1,33519000,1,33517000,4,33520000,5,33516000,7,33521000,4,33515000,8,33522000,6,33514000,8,33523000,9,33513000,9,33524000,12,33512000,15,33525000,11,33511000,10,33526000,10,33510000,14,33527000,8,33509000,14,33528000,11
33515000,3,33516000,2,33514000,4,33517000,4,33513000,7,33518000,5,33512000,14,33519000,5,33511000,10,33520000,8,33510000,14,33521000,7,33509000,14,33522000,10,33508000,12,33523000,10,33507000,9,33524000,13,33506000,12,33525000,11
33517000,1,33518000,1,33516000,4,33519000,5,33515000,7,33520000,6,33514000,5,33521000,5,33513000,6,33522000,9,33512000,12,33523000,11,33511000,6,33524000,11,33510000,14,33525000,11,33509000,14,33526000,11,33508000,15,33527000,8
33518000,4,33521000,4,33517000,6,33522000,5,33516000,4,33523000,7,33515000,7,33524000,10,33514000,6,33525000,12,33513000,9,33526000,12,33512000,16,33527000,8,33511000,10,33528000,11,33510000,13,33529000,8,33509000,13,33530000,11
33522000,2,33524000,4,33521000,5,33525000,6,33520000,8,33526000,8,33519000,7,33527000,9,33518000,11,33528000,10,33517000,9,33529000,8,33516000,9,33530000,11,33515000,11,33531000,8,33514000,9,33532000,9,33513000,8,33533000,9
33527000,2,33529000,3,33526000,5,33530000,10,33525000,7,33531000,7,33524000,6,33532000,10,33523000,4,33533000,9,33522000,7,33534000,10,33521000,9,33535000,8,33520000,13,33536000,8,33519000,11,33537000,7,33518000,12,33538000,15
33524000,4,33527000,3,33523000,4,33528000,3,33522000,6,33529000,5,33521000,7,33530000,11,33520000,11,33531000,8,33519000,11,33532000,11,33518000,11,33533000,12,33517000,8,33534000,12,33516000,9,33535000,8,33515000,13,33536000,8
33528000,1,33529000,4,33527000,1,33530000,12,33526000,6,33531000,7,33525000,7,33532000,8,33524000,7,33533000,12,33523000,5,33534000,12,33522000,10,33535000,7,33521000,12,33536000,8,33520000,13,33537000,7,33519000,11,33538000,15
33530000,3,33531000,1,33529000,8,33532000,3,33528000,7,33533000,6,33527000,6,33534000,11,33526000,8,33535000,7,33525000,8,33536000,9,33524000,9,33537000,7,33523000,11,33538000,13,33522000,11,33539000,13,33521000,10,33540000,21
33532000,4,33534000,3,33531000,5,33535000,6,33530000,6,33536000,8,33529000,5,33537000,12,33528000,8,33538000,13,33527000,9,33539000,13,33526000,11,33540000,21,33525000,12,33541000,8,33524000,10,33542000,8,33523000,9,33543000,13
33531000,3,33532000,1,33530000,4,33533000,2,33529000,5,33534000,3,33528000,7,33535000,6,33527000,9,33536000,9,33526000,12,33537000,9,33525000,12,33538000,15,33524000,9,33539000,12,33523000,9,33540000,21,33522000,12,33541000,8
33530000,1,33532000,3,33529000,4,33533000,2,33528000,5,33534000,6,33527000,6,33535000,4,33526000,8,33536000,21,33525000,14,33537000,11,33524000,9,33538000,15,33523000,10,33539000,15,33522000,13,33540000,21,33521000,11,33541000,7
33530000,1,33531000,1,33529000,4,33532000,3,33528000,5,33533000,5,33527000,7,33534000,4,33526000,8,33535000,16,33525000,11,33536000,13,33524000,9,33537000,12,33523000,8,33538000,17,33522000,13,33539000,16,33521000,11,33540000,23
33528000,2,33530000,3,33527000,6,33531000,4,33526000,6,33532000,7,33525000,10,33533000,5,33524000,9,33534000,9,33523000,9,33535000,19,33522000,14,33536000,17,33521000,11,33537000,12,33520000,15,33538000,17,33519000,12,33539000,15
33529000,1,33530000,1,33528000,5,33531000,4,33527000,3,33532000,7,33526000,6,33533000,6,33525000,7,33534000,9,33524000,5,33535000,21,33523000,10,33536000,17,33522000,14,33537000,10,33521000,12,33538000,16,33520000,15,33539000,16
33534000,3,33535000,12,33533000,6,33536000,10,33532000,6,33537000,9,33531000,5,33538000,12,33530000,8,33539000,16,33529000,8,33540000,25,33528000,8,33541000,8,33527000,4,33542000,8,33526000,9,33543000,13,33525000,9,33544000,11
33536000,3,33537000,3,33535000,3,33538000,9,33534000,3,33539000,14,33533000,4,33540000,22,33532000,6,33541000,10,33531000,6,33542000,11,33530000,11,33543000,13,33529000,13,33544000,9,33528000,11,33545000,11,33527000,7,33546000,12
33539000,5,33541000,4,33538000,3,33542000,5,33537000,4,33543000,12,33536000,6,33544000,9,33535000,11,33545000,11,33534000,7,33546000,13,33533000,7,33547000,9,33532000,13,33548000,17,33531000,10,33549000,10,33530000,12,33550000,64
33541000,5,33543000,3,33540000,4,33544000,4,33539000,5,33545000,10,33538000,5,33546000,11,33537000,6,33547000,11,33536000,9,33548000,16,33535000,15,33549000,10,33534000,9,33550000,62,33533000,8,33551000,9,33532000,11,33552000,10
33541000,4,33543000,4,33540000,4,33544000,6,33539000,4,33545000,11,33538000,7,33546000,11,33537000,6,33547000,11,33536000,9,33548000,15,33535000,15,33549000,11,33534000,9,33550000,63,33533000,8,33551000,9,33532000,11,33552000,10
33545000,3,33546000,3,33544000,1,33547000,5,33543000,4,33548000,23,33542000,5,33549000,10,33541000,6,33550000,65,33540000,7,33551000,8,33539000,8,33552000,10,33538000,11,33553000,9,33537000,7,33554000,8,33536000,11,33555000,8
33548000,2,33549000,3,33547000,7,33550000,57,33546000,5,33551000,10,33545000,7,33552000,9,33544000,4,33553000,11,33543000,7,33554000,11,33542000,9,33555000,10,33541000,11,33556000,13,33540000,11,33557000,8,33539000,7,33558000,10
33550000,7,33552000,4,33549000,5,33553000,5,33548000,10,33554000,7,33547000,9,33555000,12,33546000,7,33556000,13,33545000,10,33557000,8,33544000,8,33558000,10,33543000,9,33559000,10,33542000,10,33560000,21,33541000,9,33561000,7
33554000,3,33555000,4,33553000,2,33556000,7,33552000,4,33557000,8,33551000,10,33558000,9,33550000,10,33559000,12,33549000,7,33560000,22,33548000,11,33561000,8,33547000,14,33562000,15,33546000,10,33563000,8,33545000,10,33564000,13
33552000,3,33555000,4,33551000,7,33556000,9,33550000,11,33557000,12,33549000,6,33558000,9,33548000,10,33559000,12,33547000,14,33560000,22,33546000,8,33561000,8,33545000,10,33562000,12,33544000,7,33563000,9,33543000,10,33564000,12
33549000,2,33550000,2,33548000,6,33551000,6,33547000,8,33552000,7,33546000,5,33553000,7,33545000,10,33554000,7,33544000,9,33555000,9,33543000,10,33556000,10,33542000,9,33557000,14,33541000,8,33558000,14,33540000,14,33559000,11
33546000,5,33548000,1,33545000,8,33549000,5,33544000,8,33550000,5,33543000,10,33551000,7,33542000,8,33552000,9,33541000,10,33553000,7,33540000,14,33554000,9,33539000,7,33555000,11,33538000,11,33556000,12,33537000,9,33557000,12
33547000,5,33549000,3,33546000,7,33550000,8,33545000,10,33551000,7,33544000,7,33552000,8,33543000,12,33553000,7,33542000,12,33554000,7,33541000,11,33555000,11,33540000,14,33556000,11,33539000,8,33557000,12,33538000,11,33558000,12
33551000,3,33552000,1,33550000,3,33553000,3,33549000,5,33554000,6,33548000,6,33555000,8,33547000,12,33556000,9,33546000,13,33557000,13,33545000,11,33558000,13,33544000,11,33559000,11,33543000,12,33560000,24,33542000,10,33561000,9
33552000,5,33554000,4,33551000,1,33555000,6,33550000,8,33556000,7,33549000,7,33557000,12,33548000,8,33558000,12,33547000,17,33559000,12,33546000,12,33560000,26,33545000,9,33561000,9,33544000,10,33562000,15,33543000,12,33563000,9
33557000,3,33558000,3,33556000,5,33559000,7,33555000,5,33560000,24,33554000,5,33561000,9,33553000,12,33562000,15,33552000,9,33563000,12,33551000,8,33564000,12,33550000,15,33565000,8,33549000,10,33566000,9,33548000,9,33567000,9
33555000,3,33557000,7,33554000,4,33558000,6,33553000,11,33559000,11,33552000,8,33560000,24,33551000,9,33561000,8,33550000,16,33562000,17,33549000,10,33563000,10,33548000,9,33564000,14,33547000,14,33565000,8,33546000,14,33566000,9
33556000,3,33558000,7,33555000,5,33559000,11,33554000,11,33560000,22,33553000,6,33561000,10,33552000,10,33562000,15,33551000,7,33563000,9,33550000,15,33564000,13,33549000,10,33565000,8,33548000,9,33566000,9,33547000,14,33567000,9
33558000,5,33560000,1,33557000,8,33561000,6,33556000,6,33562000,15,33555000,7,33563000,8,33554000,10,33564000,13,33553000,13,33565000,9,33552000,11,33566000,9,33551000,10,33567000,9,33550000,15,33568000,11,33549000,10,33569000,18
33558000,5,33560000,1,33557000,8,33561000,6,33556000,6,33562000,15,33555000,7,33563000,8,33554000,10,33564000,13,33553000,13,33565000,9,33552000,11,33566000,9,33551000,10,33567000,9,33550000,15,33568000,11,33549000,10,33569000,18
33558000,5,33560000,1,33557000,8,33561000,6,33556000,6,33562000,15,33555000,7,33563000,8,33554000,10,33564000,13,33553000,13,33565000,9,33552000,11,33566000,9,33551000,10,33567000,9,33550000,15,33568000,11,33549000,10,33569000,18
33563000,8,33564000,1,33562000,3,33566000,6,33561000,5,33567000,1,33560000,7,33568000,1,33559000,9,33569000,9,33558000,12,33570000,11,33557000,12,33571000,10,33556000,10,33572000,8,33555000,9,33573000,5,33554000,11,33574000,10
33566000,3,33567000,1,33565000,6,33568000,4,33564000,7,33569000,10,33563000,7,33570000,12,33562000,5,33571000,11,33561000,6,33572000,11,33560000,11,33573000,7,33559000,12,33574000,11,33558000,16,33575000,10,33557000,13,33576000,10
33564000,7,33566000,1,33563000,7,33567000,6,33562000,5,33568000,5,33561000,7,33569000,10,33560000,11,33570000,12,33559000,12,33571000,13,33558000,16,33572000,10,33557000,12,33573000,8,33556000,13,33574000,11,33555000,12,33575000,10
33565000,4,33567000,2,33564000,8,33568000,5,33563000,10,33569000,9,33562000,5,33570000,12,33561000,7,33571000,11,33560000,11,33572000,10,33559000,12,33573000,8,33558000,16,33574000,10,33557000,11,33575000,10,33556000,12,33576000,10
33565000,4,33567000,2,33564000,8,33568000,5,33563000,10,33569000,9,33562000,5,33570000,12,33561000,7,33571000,11,33560000,11,33572000,10,33559000,12,33573000,8,33558000,16,33574000,10,33557000,11,33575000,10,33556000,12,33576000,10
33567000,3,33568000,1,33566000,7,33569000,2,33565000,9,33570000,7,33564000,10,33571000,6,33563000,15,33572000,9,33562000,10,33573000,9,33561000,7,33574000,7,33560000,10,33575000,12,33559000,11,33576000,9,33558000,20,33577000,8
33565000,3,33567000,3,33564000,10,33568000,6,33563000,11,33569000,5,33562000,7,33570000,7,33561000,10,33571000,7,33560000,12,33572000,11,33559000,11,33573000,9,33558000,20,33574000,8,33557000,11,33575000,11,33556000,15,33576000,9
33562000,6,33564000,2,33561000,8,33565000,5,33560000,10,33566000,8,33559000,12,33567000,7,33558000,20,33568000,6,33557000,12,33569000,7,33556000,13,33570000,10,33555000,11,33571000,8,33554000,14,33572000,13,33553000,11,33573000,8
33558000,7,33560000,4,33557000,9,33561000,5,33556000,9,33562000,7,33555000,11,33563000,5,33554000,14,33564000,8,33553000,12,33565000,6,33552000,12,33566000,10,33551000,9,33567000,10,33550000,15,33568000,7,33549000,10,33569000,7
33555000,8,33557000,3,33554000,13,33558000,6,33553000,9,33559000,5,33552000,10,33560000,4,33551000,11,33561000,12,33550000,16,33562000,7,33549000,9,33563000,7,33548000,15,33564000,8,33547000,12,33565000,7,33546000,12,33566000,8
33556000,6,33558000,4,33555000,8,33559000,6,33554000,13,33560000,6,33553000,9,33561000,10,33552000,12,33562000,5,33551000,11,33563000,9,33550000,17,33564000,9,33549000,9,33565000,7,33548000,16,33566000,9,33547000,13,33567000,9
33555000,4,33557000,4,33554000,12,33558000,7,33553000,8,33559000,10,33552000,10,33560000,6,33551000,10,33561000,11,33550000,16,33562000,6,33549000,10,33563000,9,33548000,16,33564000,9,33547000,12,33565000,7,33546000,12,33566000,10
33552000,7,33555000,5,33551000,6,33556000,5,33550000,13,33557000,6,33549000,7,33558000,6,33548000,17,33559000,7,33547000,13,33560000,11,33546000,12,33561000,11,33545000,10,33562000,6,33544000,9,33563000,7,33543000,13,33564000,8
33554000,4,33555000,4,33553000,10,33556000,3,33552000,10,33557000,9,33551000,7,33558000,6,33550000,10,33559000,9,33549000,9,33560000,11,33548000,16,33561000,11,33547000,12,33562000,5,33546000,13,33563000,7,33545000,10,33564000,8
33553000,2,33555000,3,33552000,9,33556000,8,33551000,7,33557000,8,33550000,12,33558000,6,33549000,12,33559000,5,33548000,18,33560000,10,33547000,14,33561000,11,33546000,12,33562000,6,33545000,10,33563000,7,33544000,9,33564000,8
33555000,2,33556000,4,33554000,4,33557000,7,33553000,8,33558000,6,33552000,7,33559000,5,33551000,8,33560000,9,33550000,10,33561000,12,33549000,10,33562000,5,33548000,17,33563000,7,33547000,13,33564000,8,33546000,13,33565000,7
33553000,5,33556000,6,33552000,8,33557000,8,33551000,10,33558000,5,33550000,12,33559000,5,33549000,9,33560000,9,33548000,18,33561000,12,33547000,13,33562000,6,33546000,12,33563000,7,33545000,10,33564000,8,33544000,9,33565000,7
33549000,3,33551000,3,33548000,12,33552000,6,33547000,7,33553000,8,33546000,9,33554000,4,33545000,11,33555000,8,33544000,10,33556000,10,33543000,13,33557000,14,33542000,11,33558000,12,33541000,7,33559000,9,33540000,14,33560000,11
33550000,2,33551000,1,33549000,5,33552000,4,33548000,7,33553000,8,33547000,7,33554000,5,33546000,9,33555000,10,33545000,12,33556000,12,33544000,11,33557000,13,33543000,12,33558000,10,33542000,12,33559000,9,33541000,7,33560000,11
33553000,1,33554000,2,33552000,4,33555000,8,33551000,4,33556000,9,33550000,10,33557000,10,33549000,7,33558000,13,33548000,8,33559000,9,33547000,10,33560000,11,33546000,13,33561000,12,33545000,14,33562000,6,33544000,9,33563000,7
33551000,3,33553000,3,33550000,8,33554000,7,33549000,6,33555000,7,33548000,9,33556000,9,33547000,10,33557000,11,33546000,12,33558000,13,33545000,14,33559000,8,33544000,9,33560000,13,33543000,11,33561000,12,33542000,11,33562000,6
33553000,3,33554000,2,33552000,4,33555000,4,33551000,6,33556000,8,33550000,8,33557000,10,33549000,8,33558000,13,33548000,9,33559000,8,33547000,12,33560000,10,33546000,13,33561000,12,33545000,14,33562000,6,33544000,9,33563000,7
33551000,1,33552000,2,33550000,7,33553000,6,33549000,7,33554000,7,33548000,9,33555000,7,33547000,11,33556000,6,33546000,12,33557000,9,33545000,13,33558000,7,33544000,9,33559000,9,33543000,11,33560000,14,33542000,11,33561000,14
33548000,1,33549000,2,33547000,5,33550000,7,33546000,9,33551000,6,33545000,12,33552000,6,33544000,9,33553000,7,33543000,11,33554000,11,33542000,11,33555000,11,33541000,7,33556000,12,33540000,14,33557000,13,33539000,7,33558000,8
33545000,10,33547000,4,33544000,6,33548000,4,33543000,8,33549000,6,33542000,9,33550000,9,33541000,8,33551000,6,33540000,15,33552000,7,33539000,7,33553000,10,33538000,12,33554000,14,33537000,7,33555000,13,33536000,7,33556000,11
33546000,1,33547000,2,33545000,7,33548000,4,33544000,6,33549000,7,33543000,8,33550000,8,33542000,10,33551000,6,33541000,8,33552000,8,33540000,15,33553000,11,33539000,7,33554000,14,33538000,12,33555000,12,33537000,7,33556000,11
33545000,7,33547000,3,33544000,5,33548000,5,33543000,9,33549000,8,33542000,10,33550000,7,33541000,8,33551000,6,33540000,14,33552000,9,33539000,7,33553000,8,33538000,13,33554000,11,33537000,7,33555000,14,33536000,7,33556000,9
33542000,6,33544000,2,33541000,8,33545000,6,33540000,14,33546000,5,33539000,11,33547000,7,33538000,15,33548000,6,33537000,8,33549000,11,33536000,7,33550000,11,33535000,14,33551000,8,33534000,11,33552000,10,33533000,7,33553000,7
33541000,1,33543000,3,33540000,9,33544000,6,33539000,6,33545000,5,33538000,11,33546000,5,33537000,11,33547000,10,33536000,10,33548000,7,33535000,17,33549000,6,33534000,11,33550000,9,33533000,7,33551000,8,33532000,12,33552000,8
33540000,5,33542000,3,33539000,5,33543000,7,33538000,9,33544000,7,33537000,8,33545000,8,33536000,10,33546000,7,33535000,17,33547000,13,33534000,10,33548000,11,33533000,7,33549000,8,33532000,12,33550000,9,33531000,9,33551000,8
33539000,1,33541000,12,33538000,9,33542000,6,33537000,7,33543000,7,33536000,9,33544000,6,33535000,17,33545000,6,33534000,10,33546000,6,33533000,7,33547000,17,33532000,12,33548000,12,33531000,9,33549000,9,33530000,14,33550000,12
33539000,1,33541000,12,33538000,9,33542000,6,33537000,7,33543000,7,33536000,9,33544000,6,33535000,17,33545000,6,33534000,10,33546000,6,33533000,7,33547000,17,33532000,12,33548000,12,33531000,9,33549000,9,33530000,14,33550000,12
33539000,1,33540000,5,33536000,6,33541000,12,33535000,16,33542000,6,33534000,12,33543000,7,33533000,8,33544000,6,33532000,12,33545000,6,33531000,9,33546000,6,33530000,14,33547000,17,33529000,10,33548000,12,33528000,13,33549000,9
33536000,5,33538000,3,33535000,13,33539000,5,33534000,9,33540000,10,33533000,7,33541000,21,33532000,11,33542000,9,33531000,10,33543000,9,33530000,12,33544000,11,33529000,8,33545000,10,33528000,11,33546000,7,33527000,8,33547000,17
33534000,3,33536000,5,33533000,4,33537000,10,33532000,10,33538000,4,33531000,9,33539000,5,33530000,12,33540000,9,33529000,9,33541000,22,33528000,11,33542000,10,33527000,8,33543000,12,33526000,10,33544000,12,33525000,9,33545000,9
33535000,5,33536000,1,33534000,7,33537000,11,33533000,5,33538000,3,33532000,7,33539000,7,33531000,9,33540000,10,33530000,12,33541000,12,33529000,10,33542000,9,33528000,12,33543000,11,33527000,8,33544000,11,33526000,10,33545000,9
33537000,5,33539000,6,33536000,5,33540000,7,33535000,5,33541000,13,33534000,6,33542000,8,33533000,7,33543000,9,33532000,9,33544000,10,33531000,10,33545000,9,33530000,13,33546000,9,33529000,9,33547000,16,33528000,10,33548000,10
33536000,1,33537000,3,33535000,4,33538000,4,33534000,5,33539000,7,33533000,5,33540000,6,33532000,9,33541000,14,33531000,10,33542000,8,33530000,13,33543000,10,33529000,9,33544000,12,33528000,10,33545000,9,33527000,8,33546000,9
33534000,3,33536000,11,33533000,6,33537000,3,33532000,8,33538000,7,33531000,8,33539000,8,33530000,14,33540000,8,33529000,9,33541000,12,33528000,12,33542000,9,33527000,8,33543000,10,33526000,10,33544000,11,33525000,9,33545000,9
33535000,1,33536000,11,33534000,6,33537000,3,33533000,7,33538000,5,33532000,6,33539000,8,33531000,8,33540000,8,33530000,12,33541000,10,33529000,9,33542000,9,33528000,13,33543000,12,33527000,9,33544000,12,33526000,10,33545000,9
33532000,2,33533000,1,33531000,7,33534000,3,33530000,12,33535000,8,33529000,9,33536000,10,33528000,10,33537000,9,33527000,10,33538000,10,33526000,11,33539000,10,33525000,9,33540000,14,33524000,9,33541000,12,33523000,12,33542000,9
33535000,1,33537000,6,33534000,7,33538000,8,33533000,3,33539000,8,33532000,8,33540000,10,33531000,7,33541000,12,33530000,13,33542000,12,33529000,10,33543000,12,33528000,11,33544000,13,33527000,10,33545000,10,33526000,11,33546000,8
33535000,1,33536000,1,33534000,8,33537000,5,33533000,4,33538000,7,33532000,8,33539000,9,33531000,7,33540000,11,33530000,14,33541000,10,33529000,10,33542000,10,33528000,11,33543000,12,33527000,10,33544000,13,33526000,10,33545000,10
33537000,2,33538000,1,33536000,4,33539000,6,33535000,3,33540000,10,33534000,4,33541000,10,33533000,4,33542000,10,33532000,9,33543000,12,33531000,20,33544000,11,33530000,51,33545000,10,33529000,9,33546000,8,33528000,10,33547000,15
33534000,1,33535000,1,33533000,2,33536000,4,33532000,9,33537000,5,33531000,19,33538000,7,33530000,47,33539000,6,33529000,9,33540000,10,33528000,10,33541000,11,33527000,8,33542000,9,33526000,10,33543000,13,33525000,9,33544000,11
33533000,1,33535000,6,33532000,6,33536000,5,33531000,17,33537000,7,33530000,43,33538000,8,33529000,9,33539000,7,33528000,9,33540000,13,33527000,10,33541000,12,33526000,11,33542000,9,33525000,9,33543000,12,33524000,9,33544000,11
33537000,1,33538000,1,33536000,3,33539000,6,33535000,3,33540000,9,33534000,5,33541000,9,33533000,6,33542000,8,33532000,8,33543000,14,33531000,19,33544000,11,33530000,46,33545000,10,33529000,10,33546000,8,33528000,10,33547000,17
33536000,2,33537000,1,33535000,3,33538000,3,33534000,7,33539000,4,33533000,9,33540000,9,33532000,9,33541000,9,33531000,20,33542000,7,33530000,45,33543000,10,33529000,9,33544000,13,33528000,10,33545000,13,33527000,8,33546000,11
33537000,2,33538000,2,33536000,4,33539000,4,33535000,4,33540000,3,33534000,6,33541000,7,33533000,9,33542000,8,33532000,8,33543000,12,33531000,20,33544000,10,33530000,45,33545000,13,33529000,9,33546000,10,33528000,10,33547000,15
33542000,4,33543000,3,33541000,3,33544000,4,33540000,4,33545000,11,33539000,6,33546000,9,33538000,8,33547000,16,33537000,10,33548000,11,33536000,7,33549000,7,33535000,6,33550000,13,33534000,8,33551000,8,33533000,9,33552000,9
33542000,2,33544000,6,33541000,4,33545000,5,33540000,5,33546000,7,33539000,7,33547000,14,33538000,8,33548000,10,33537000,10,33549000,8,33536000,7,33550000,15,33535000,8,33551000,8,33534000,8,33552000,9,33533000,9,33553000,7
33543000,1,33544000,1,33542000,7,33545000,8,33541000,4,33546000,7,33540000,5,33547000,12,33539000,8,33548000,8,33538000,10,33549000,8,33537000,10,33550000,16,33536000,9,33551000,9,33535000,7,33552000,9,33534000,9,33553000,6
33540000,4,33542000,2,33539000,8,33543000,3,33538000,7,33544000,6,33537000,9,33545000,6,33536000,7,33546000,8,33535000,7,33547000,11,33534000,8,33548000,11,33533000,9,33549000,10,33532000,10,33550000,18,33531000,21,33551000,10
33537000,1,33538000,7,33536000,3,33539000,7,33535000,7,33540000,3,33534000,7,33541000,9,33533000,10,33542000,10,33532000,10,33543000,9,33531000,21,33544000,9,33530000,45,33545000,7,33529000,9,33546000,8,33528000,10,33547000,11
33538000,4,33540000,2,33537000,7,33541000,6,33536000,5,33542000,9,33535000,5,33543000,9,33534000,7,33544000,11,33533000,9,33545000,9,33532000,10,33546000,10,33531000,21,33547000,14,33530000,45,33548000,10,33529000,9,33549000,9
33539000,3,33541000,1,33538000,5,33542000,7,33537000,6,33543000,7,33536000,7,33544000,10,33535000,5,33545000,10,33534000,7,33546000,12,33533000,11,33547000,12,33532000,10,33548000,10,33531000,21,33549000,7,33530000,45,33550000,16
33543000,4,33545000,1,33542000,4,33546000,8,33541000,6,33547000,11,33540000,11,33548000,10,33539000,8,33549000,9,33538000,11,33550000,14,33537000,8,33551000,9,33536000,9,33552000,9,33535000,7,33553000,6,33534000,8,33554000,11
33547000,2,33549000,5,33546000,5,33550000,12,33545000,6,33551000,10,33544000,5,33552000,11,33543000,8,33553000,7,33542000,9,33554000,12,33541000,11,33555000,12,33540000,14,33556000,9,33539000,10,33557000,10,33538000,11,33558000,9
33548000,1,33550000,4,33547000,4,33551000,12,33546000,6,33552000,9,33545000,8,33553000,8,33544000,7,33554000,11,33543000,8,33555000,14,33542000,10,33556000,9,33541000,10,33557000,10,33540000,13,33558000,9,33539000,9,33559000,8
33548000,2,33549000,1,33547000,4,33550000,5,33546000,7,33551000,6,33545000,11,33552000,7,33544000,8,33553000,7,33543000,9,33554000,10,33542000,9,33555000,14,33541000,9,33556000,10,33540000,14,33557000,10,33539000,9,33558000,9
33545000,1,33547000,4,33544000,5,33548000,7,33543000,7,33549000,6,33542000,7,33550000,10,33541000,11,33551000,9,33540000,15,33552000,9,33539000,9,33553000,10,33538000,9,33554000,12,33537000,10,33555000,15,33536000,9,33556000,9
33546000,1,33548000,3,33545000,6,33549000,5,33544000,4,33550000,10,33543000,7,33551000,8,33542000,6,33552000,9,33541000,10,33553000,9,33540000,16,33554000,13,33539000,11,33555000,14,33538000,9,33556000,9,33537000,10,33557000,10
33546000,1,33548000,3,33545000,6,33549000,5,33544000,4,33550000,10,33543000,7,33551000,8,33542000,6,33552000,9,33541000,10,33553000,9,33540000,16,33554000,13,33539000,11,33555000,14,33538000,9,33556000,9,33537000,10,33557000,10
33549000,2,33551000,5,33548000,5,33552000,4,33547000,10,33553000,6,33546000,8,33554000,14,33545000,10,33555000,14,33544000,8,33556000,11,33543000,10,33557000,11,33542000,8,33558000,10,33541000,9,33559000,6,33540000,15,33560000,14
33549000,1,33551000,3,33548000,7,33552000,8,33547000,14,33553000,7,33546000,11,33554000,8,33545000,13,33555000,11,33544000,8,33556000,8,33543000,9,33557000,12,33542000,8,33558000,10,33541000,9,33559000,7,33540000,16,33560000,14
33549000,2,33550000,1,33548000,3,33551000,1,33547000,9,33552000,7,33546000,11,33553000,7,33545000,12,33554000,10,33544000,9,33555000,10,33543000,10,33556000,11,33542000,9,33557000,11,33541000,9,33558000,11,33540000,16,33559000,12
33549000,1,33551000,4,33548000,4,33552000,8,33547000,11,33553000,7,33546000,11,33554000,8,33545000,10,33555000,9,33544000,8,33556000,11,33543000,11,33557000,11,33542000,11,33558000,11,33541000,8,33559000,12,33540000,16,33560000,14
33549000,5,33552000,6,33548000,5,33553000,8,33547000,11,33554000,9,33546000,11,33555000,8,33545000,10,33556000,10,33544000,8,33557000,11,33543000,11,33558000,11,33542000,11,33559000,12,33541000,8,33560000,14,33540000,16,33561000,8
33554000,2,33556000,1,33553000,7,33557000,10,33552000,4,33558000,11,33551000,6,33559000,15,33550000,12,33560000,13,33549000,8,33561000,9,33548000,12,33562000,8,33547000,12,33563000,8,33546000,13,33564000,10,33545000,11,33565000,8
33554000,2,33556000,5,33553000,5,33557000,4,33552000,5,33558000,9,33551000,7,33559000,13,33550000,14,33560000,12,33549000,8,33561000,9,33548000,12,33562000,10,33547000,13,33563000,9,33546000,12,33564000,10,33545000,12,33565000,8
33554000,2,33555000,2,33553000,9,33556000,3,33552000,9,33557000,8,33551000,8,33558000,9,33550000,58,33559000,15,33549000,8,33560000,11,33548000,12,33561000,9,33547000,13,33562000,9,33546000,12,33563000,8,33545000,12,33564000,10
33552000,1,33553000,1,33551000,7,33554000,5,33550000,59,33555000,6,33549000,7,33556000,6,33548000,10,33557000,10,33547000,14,33558000,8,33546000,13,33559000,10,33545000,13,33560000,12,33544000,10,33561000,11,33543000,13,33562000,10
33551000,8,33554000,4,33550000,58,33555000,4,33549000,8,33556000,9,33548000,9,33557000,9,33547000,14,33558000,8,33546000,14,33559000,10,33545000,13,33560000,12,33544000,10,33561000,11,33543000,13,33562000,9,33542000,11,33563000,8
33550000,45,33552000,5,33549000,7,33553000,5,33548000,9,33554000,5,33547000,11,33555000,6,33546000,14,33556000,9,33545000,13,33557000,10,33544000,10,33558000,9,33543000,14,33559000,13,33542000,11,33560000,12,33541000,10,33561000,10
33547000,6,33550000,5,33546000,12,33551000,6,33545000,11,33552000,8,33544000,9,33553000,9,33543000,16,33554000,10,33542000,12,33555000,10,33541000,9,33556000,9,33540000,17,33557000,11,33539000,9,33558000,10,33538000,14,33559000,12
33544000,2,33546000,2,33543000,9,33547000,5,33542000,12,33548000,6,33541000,12,33549000,9,33540000,21,33550000,11,33539000,11,33551000,10,33538000,14,33552000,11,33537000,11,33553000,9,33536000,9,33554000,10,33535000,8,33555000,12
33543000,1,33544000,3,33542000,10,33545000,2,33541000,11,33546000,8,33540000,19,33547000,4,33539000,13,33548000,6,33538000,14,33549000,10,33537000,11,33550000,11,33536000,9,33551000,9,33535000,8,33552000,11,33534000,15,33553000,9
33538000,4,33539000,3,33537000,7,33540000,4,33536000,10,33541000,6,33535000,9,33542000,5,33534000,16,33543000,7,33533000,8,33544000,7,33532000,11,33545000,8,33531000,10,33546000,13,33530000,10,33547000,13,33529000,9,33548000,11
33535000,8,33537000,3,33534000,12,33538000,3,33533000,9,33539000,4,33532000,11,33540000,5,33531000,11,33541000,6,33530000,13,33542000,9,33529000,10,33543000,10,33528000,9,33544000,10,33527000,8,33545000,10,33526000,11,33546000,13
33532000,6,33535000,6,33531000,7,33536000,8,33530000,9,33537000,9,33529000,10,33538000,8,33528000,11,33539000,8,33527000,11,33540000,17,33526000,10,33541000,9,33525000,9,33542000,8,33524000,8,33543000,11,33523000,8,33544000,10
33532000,5,33535000,6,33531000,7,33536000,8,33530000,9,33537000,9,33529000,10,33538000,8,33528000,11,33539000,8,33527000,11,33540000,16,33526000,10,33541000,9,33525000,9,33542000,8,33524000,8,33543000,11,33523000,8,33544000,10
33533000,4,33535000,2,33532000,9,33536000,5,33531000,7,33537000,8,33530000,11,33538000,9,33529000,10,33539000,7,33528000,13,33540000,19,33527000,11,33541000,10,33526000,9,33542000,9,33525000,9,33543000,11,33524000,8,33544000,10
33534000,2,33535000,3,33533000,7,33536000,9,33532000,9,33537000,7,33531000,9,33538000,8,33530000,10,33539000,10,33529000,10,33540000,14,33528000,13,33541000,8,33527000,13,33542000,7,33526000,10,33543000,11,33525000,9,33544000,11
33537000,2,33538000,3,33536000,2,33539000,7,33535000,5,33540000,10,33534000,6,33541000,8,33533000,12,33542000,9,33532000,12,33543000,11,33531000,9,33544000,11,33530000,13,33545000,11,33529000,13,33546000,14,33528000,12,33547000,12
33540000,4,33541000,3,33539000,3,33542000,7,33538000,5,33543000,10,33537000,5,33544000,11,33536000,9,33545000,11,33535000,11,33546000,15,33534000,12,33547000,11,33533000,14,33548000,10,33532000,14,33549000,10,33531000,9,33550000,17
33542000,3,33544000,4,33541000,8,33545000,9,33540000,6,33546000,12,33539000,3,33547000,9,33538000,8,33548000,11,33537000,8,33549000,12,33536000,12,33550000,16,33535000,14,33551000,10,33534000,12,33552000,11,33533000,16,33553000,8
33542000,4,33545000,4,33541000,5,33546000,6,33540000,6,33547000,8,33539000,6,33548000,7,33538000,10,33549000,9,33537000,9,33550000,17,33536000,13,33551000,12,33535000,13,33552000,11,33534000,12,33553000,7,33533000,15,33554000,9
33547000,6,33550000,5,33546000,8,33551000,5,33545000,6,33552000,8,33544000,9,33553000,8,33543000,13,33554000,9,33542000,12,33555000,13,33541000,9,33556000,8,33540000,10,33557000,9,33539000,8,33558000,11,33538000,11,33559000,10
33547000,2,33548000,2,33546000,7,33549000,4,33545000,6,33550000,3,33544000,8,33551000,7,33543000,13,33552000,10,33542000,13,33553000,11,33541000,10,33554000,12,33540000,9,33555000,16,33539000,8,33556000,10,33538000,11,33557000,9
33546000,1,33548000,3,33545000,6,33549000,6,33544000,8,33550000,3,33543000,10,33551000,7,33542000,10,33552000,10,33541000,10,33553000,11,33540000,9,33554000,12,33539000,8,33555000,16,33538000,11,33556000,9,33537000,9,33557000,10
33547000,3,33550000,6,33546000,6,33551000,5,33545000,9,33552000,6,33544000,8,33553000,9,33543000,12,33554000,11,33542000,12,33555000,16,33541000,8,33556000,10,33540000,13,33557000,11,33539000,8,33558000,13,33538000,12,33559000,9
33549000,2,33551000,4,33548000,9,33552000,5,33547000,11,33553000,9,33546000,6,33554000,8,33545000,10,33555000,14,33544000,10,33556000,9,33543000,14,33557000,11,33542000,13,33558000,15,33541000,9,33559000,9,33540000,13,33560000,15
33546000,1,33549000,3,33545000,8,33550000,4,33544000,9,33551000,9,33543000,10,33552000,6,33542000,10,33553000,9,33541000,11,33554000,10,33540000,13,33555000,19,33539000,7,33556000,10,33538000,12,33557000,10,33537000,9,33558000,13
33546000,1,33548000,2,33545000,4,33549000,5,33544000,7,33550000,7,33543000,8,33551000,9,33542000,9,33552000,8,33541000,11,33553000,10,33540000,14,33554000,11,33539000,7,33555000,17,33538000,12,33556000,8,33537000,9,33557000,10
33545000,4,33546000,1,33544000,3,33547000,1,33543000,7,33548000,4,33542000,9,33549000,5,33541000,7,33550000,8,33540000,14,33551000,8,33539000,9,33552000,10,33538000,12,33553000,10,33537000,9,33554000,15,33536000,13,33555000,14
33549000,2,33550000,3,33548000,7,33551000,2,33547000,7,33552000,7,33546000,7,33553000,9,33545000,6,33554000,13,33544000,4,33555000,14,33543000,11,33556000,7,33542000,13,33557000,10,33541000,10,33558000,11,33540000,12,33559000,9
33546000,3,33547000,2,33545000,5,33548000,4,33544000,4,33549000,7,33543000,10,33550000,4,33542000,10,33551000,9,33541000,9,33552000,8,33540000,12,33553000,8,33539000,9,33554000,15,33538000,12,33555000,14,33537000,9,33556000,8
33541000,1,33542000,1,33540000,4,33543000,5,33539000,6,33544000,7,33538000,12,33545000,4,33537000,12,33546000,7,33536000,13,33547000,9,33535000,14,33548000,6,33534000,13,33549000,9,33533000,14,33550000,17,33532000,14,33551000,10
33544000,3,33545000,1,33543000,6,33546000,3,33542000,6,33547000,5,33541000,6,33548000,5,33540000,4,33549000,9,33539000,9,33550000,16,33538000,14,33551000,11,33537000,12,33552000,11,33536000,13,33553000,9,33535000,14,33554000,16
33548000,1,33549000,3,33547000,4,33550000,10,33546000,4,33551000,7,33545000,7,33552000,10,33544000,7,33553000,9,33543000,10,33554000,17,33542000,8,33555000,14,33541000,10,33556000,9,33540000,9,33557000,9,33539000,8,33558000,11
33546000,3,33548000,1,33545000,8,33549000,4,33544000,6,33550000,12,33543000,10,33551000,10,33542000,7,33552000,10,33541000,11,33553000,10,33540000,9,33554000,17,33539000,8,33555000,14,33538000,13,33556000,9,33537000,11,33557000,9
33549000,4,33550000,4,33548000,7,33551000,1,33547000,8,33552000,9,33546000,7,33553000,9,33545000,7,33554000,12,33544000,8,33555000,9,33543000,14,33556000,9,33542000,9,33557000,9,33541000,10,33558000,11,33540000,9,33559000,7
33550000,2,33552000,1,33549000,8,33553000,6,33548000,8,33554000,10,33547000,12,33555000,10,33546000,9,33556000,9,33545000,9,33557000,9,33544000,11,33558000,11,33543000,14,33559000,6,33542000,8,33560000,14,33541000,10,33561000,7
33554000,3,33555000,3,33553000,7,33556000,4,33552000,8,33557000,4,33551000,4,33558000,9,33550000,11,33559000,6,33549000,11,33560000,13,33548000,13,33561000,7,33547000,13,33562000,8,33546000,11,33563000,9,33545000,8,33564000,9
33551000,4,33553000,1,33550000,9,33554000,6,33549000,11,33555000,4,33548000,9,33556000,7,33547000,13,33557000,9,33546000,12,33558000,8,33545000,8,33559000,7,33544000,11,33560000,15,33543000,13,33561000,8,33542000,10,33562000,9
33554000,2,33556000,4,33553000,5,33557000,6,33552000,7,33558000,7,33551000,7,33559000,5,33550000,10,33560000,12,33549000,14,33561000,8,33548000,12,33562000,8,33547000,13,33563000,10,33546000,11,33564000,9,33545000,9,33565000,8
33553000,3,33555000,5,33552000,4,33556000,11,33551000,6,33557000,12,33550000,10,33558000,7,33549000,10,33559000,5,33548000,10,33560000,15,33547000,12,33561000,8,33546000,10,33562000,10,33545000,9,33563000,10,33544000,11,33564000,9
33554000,2,33556000,4,33553000,4,33557000,4,33552000,10,33558000,7,33551000,8,33559000,7,33550000,11,33560000,12,33549000,13,33561000,7,33548000,13,33562000,10,33547000,13,33563000,9,33546000,10,33564000,9,33545000,10,33565000,7
33557000,6,33559000,1,33556000,6,33560000,8,33555000,6,33561000,6,33554000,26,33562000,8,33553000,7,33563000,8,33552000,12,33564000,10,33551000,11,33565000,8,33550000,12,33566000,9,33549000,13,33567000,9,33548000,13,33568000,8
33562000,2,33563000,6,33561000,3,33564000,7,33560000,22,33565000,8,33559000,4,33566000,10,33558000,7,33567000,10,33557000,11,33568000,10,33556000,11,33569000,12,33555000,13,33570000,13,33554000,9,33571000,6,33553000,6,33572000,10
33560000,22,33562000,4,33559000,4,33563000,6,33558000,6,33564000,9,33557000,10,33565000,8,33556000,9,33566000,10,33555000,13,33567000,10,33554000,9,33568000,10,33553000,7,33569000,12,33552000,12,33570000,13,33551000,10,33571000,6
33561000,4,33563000,4,33560000,18,33564000,7,33559000,7,33565000,9,33558000,4,33566000,9,33557000,11,33567000,10,33556000,11,33568000,10,33555000,13,33569000,12,33554000,12,33570000,13,33553000,7,33571000,6,33552000,14,33572000,10
33560000,18,33562000,3,33559000,8,33563000,9,33558000,4,33564000,9,33557000,11,33565000,11,33556000,10,33566000,9,33555000,13,33567000,11,33554000,12,33568000,11,33553000,6,33569000,13,33552000,14,33570000,13,33551000,9,33571000,5
33561000,7,33563000,4,33560000,22,33564000,8,33559000,6,33565000,9,33558000,4,33566000,8,33557000,13,33567000,11,33556000,12,33568000,12,33555000,12,33569000,12,33554000,11,33570000,13,33553000,7,33571000,5,33552000,14,33572000,10
33566000,1,33567000,1,33565000,6,33568000,8,33564000,6,33569000,13,33563000,6,33570000,11,33562000,7,33571000,8,33561000,8,33572000,9,33560000,11,33573000,11,33559000,8,33574000,8,33558000,11,33575000,9,33557000,11,33576000,10
33569000,1,33570000,2,33568000,4,33571000,5,33567000,7,33572000,8,33566000,7,33573000,12,33565000,8,33574000,11,33564000,9,33575000,10,33563000,9,33576000,10,33562000,9,33577000,8,33561000,7,33578000,11,33560000,11,33579000,11
33572000,2,33574000,7,33571000,7,33575000,9,33570000,5,33576000,12,33569000,7,33577000,10,33568000,6,33578000,11,33567000,12,33579000,12,33566000,11,33580000,29,33565000,9,33581000,7,33564000,8,33582000,11,33563000,8,33583000,9
33572000,4,33574000,5,33571000,7,33575000,8,33570000,5,33576000,11,33569000,6,33577000,11,33568000,6,33578000,11,33567000,12,33579000,12,33566000,11,33580000,29,33565000,9,33581000,7,33564000,8,33582000,11,33563000,8,33583000,9
33574000,1,33575000,10,33572000,7,33576000,8,33571000,8,33577000,10,33570000,11,33578000,14,33569000,9,33579000,13,33568000,7,33580000,29,33567000,13,33581000,7,33566000,11,33582000,11,33565000,8,33583000,9,33564000,8,33584000,8
33571000,1,33572000,3,33570000,7,33573000,6,33569000,6,33574000,8,33568000,7,33575000,7,33567000,13,33576000,8,33566000,11,33577000,13,33565000,8,33578000,14,33564000,9,33579000,13,33563000,8,33580000,29,33562000,10,33581000,7
33568000,4,33570000,2,33567000,9,33571000,7,33566000,10,33572000,7,33565000,10,33573000,6,33564000,11,33574000,10,33563000,9,33575000,9,33562000,10,33576000,12,33561000,8,33577000,11,33560000,13,33578000,14,33559000,6,33579000,13
33566000,1,33567000,1,33565000,8,33568000,5,33564000,10,33569000,4,33563000,10,33570000,6,33562000,13,33571000,10,33561000,9,33572000,8,33560000,13,33573000,9,33559000,6,33574000,15,33558000,12,33575000,11,33557000,11,33576000,11
33564000,4,33566000,2,33563000,9,33567000,4,33562000,11,33568000,5,33561000,11,33569000,4,33560000,14,33570000,7,33559000,6,33571000,12,33558000,12,33572000,11,33557000,11,33573000,9,33556000,13,33574000,14,33555000,11,33575000,10
33565000,3,33567000,4,33564000,8,33568000,5,33563000,9,33569000,7,33562000,11,33570000,6,33561000,11,33571000,11,33560000,14,33572000,12,33559000,6,33573000,11,33558000,12,33574000,13,33557000,11,33575000,10,33556000,13,33576000,11
33567000,5,33568000,2,33566000,8,33569000,6,33565000,8,33570000,6,33564000,9,33571000,10,33563000,9,33572000,10,33562000,12,33573000,11,33561000,11,33574000,12,33560000,15,33575000,7,33559000,8,33576000,12,33558000,12,33577000,10
33571000,1,33572000,1,33570000,6,33573000,7,33569000,5,33574000,7,33568000,5,33575000,7,33567000,6,33576000,10,33566000,9,33577000,11,33565000,9,33578000,13,33564000,12,33579000,13,33563000,11,33580000,27,33562000,13,33581000,7
33573000,2,33574000,1,33572000,4,33575000,4,33571000,5,33576000,9,33570000,7,33577000,11,33569000,9,33578000,13,33568000,10,33579000,14,33567000,11,33580000,27,33566000,11,33581000,7,33565000,11,33582000,11,33564000,11,33583000,9
33578000,5,33579000,5,33577000,4,33580000,35,33576000,6,33581000,10,33575000,7,33582000,13,33574000,7,33583000,9,33573000,12,33584000,23,33572000,12,33585000,16,33571000,10,33586000,9,33570000,11,33587000,7,33569000,9,33588000,13
33580000,3,33581000,2,33579000,8,33582000,7,33578000,9,33583000,11,33577000,6,33584000,23,33576000,6,33585000,16,33575000,11,33586000,10,33574000,8,33587000,7,33573000,14,33588000,11,33572000,12,33589000,8,33571000,9,33590000,20
33579000,4,33580000,4,33578000,7,33581000,6,33577000,6,33582000,6,33576000,8,33583000,8,33575000,11,33584000,23,33574000,10,33585000,20,33573000,14,33586000,10,33572000,13,33587000,8,33571000,10,33588000,11,33570000,10,33589000,8
33580000,5,33582000,3,33579000,6,33583000,7,33578000,7,33584000,22,33577000,6,33585000,18,33576000,10,33586000,8,33575000,10,33587000,9,33574000,11,33588000,11,33573000,12,33589000,8,33572000,13,33590000,21,33571000,10,33591000,8
33579000,8,33581000,4,33578000,6,33582000,7,33577000,7,33583000,9,33576000,11,33584000,21,33575000,10,33585000,17,33574000,11,33586000,10,33573000,13,33587000,10,33572000,13,33588000,12,33571000,10,33589000,8,33570000,10,33590000,21
33581000,1,33582000,2,33580000,3,33583000,12,33579000,7,33584000,23,33578000,6,33585000,16,33577000,8,33586000,10,33576000,13,33587000,10,33575000,10,33588000,12,33574000,11,33589000,8,33573000,13,33590000,21,33572000,13,33591000,8
33581000,4,33583000,2,33580000,7,33584000,7,33579000,11,33585000,14,33578000,10,33586000,6,33577000,10,33587000,11,33576000,13,33588000,15,33575000,12,33589000,12,33574000,12,33590000,21,33573000,13,33591000,8,33572000,13,33592000,13
33581000,5,33583000,3,33580000,8,33584000,5,33579000,13,33585000,9,33578000,11,33586000,5,33577000,10,33587000,10,33576000,13,33588000,14,33575000,12,33589000,12,33574000,12,33590000,21,33573000,13,33591000,8,33572000,13,33592000,13
33578000,1,33579000,2,33577000,6,33580000,7,33576000,9,33581000,8,33575000,10,33582000,5,33574000,10,33583000,10,33573000,15,33584000,8,33572000,13,33585000,16,33571000,9,33586000,10,33570000,10,33587000,10,33569000,12,33588000,13
33575000,3,33576000,3,33574000,9,33577000,4,33573000,14,33578000,6,33572000,10,33579000,6,33571000,10,33580000,14,33570000,12,33581000,10,33569000,12,33582000,11,33568000,11,33583000,13,33567000,23,33584000,10,33566000,10,33585000,17
33574000,5,33576000,3,33573000,7,33577000,4,33572000,8,33578000,6,33571000,7,33579000,9,33570000,11,33580000,14,33569000,12,33581000,11,33568000,12,33582000,11,33567000,24,33583000,12,33566000,10,33584000,10,33565000,11,33585000,14
33575000,3,33576000,3,33574000,7,33577000,4,33573000,7,33578000,6,33572000,11,33579000,9,33571000,8,33580000,14,33570000,9,33581000,10,33569000,12,33582000,11,33568000,12,33583000,12,33567000,25,33584000,10,33566000,10,33585000,14
33572000,5,33573000,2,33571000,7,33574000,5,33570000,8,33575000,6,33569000,10,33576000,8,33568000,11,33577000,9,33567000,24,33578000,10,33566000,10,33579000,12,33565000,12,33580000,32,33564000,15,33581000,12,33563000,10,33582000,12
33572000,6,33575000,10,33571000,14,33576000,10,33570000,6,33577000,7,33569000,9,33578000,12,33568000,11,33579000,9,33567000,23,33580000,31,33566000,10,33581000,11,33565000,11,33582000,12,33564000,14,33583000,9,33563000,10,33584000,10
33575000,5,33578000,8,33574000,8,33579000,6,33573000,8,33580000,30,33572000,10,33581000,10,33571000,13,33582000,13,33570000,9,33583000,10,33569000,12,33584000,10,33568000,11,33585000,15,33567000,17,33586000,9,33566000,10,33587000,9
33581000,1,33582000,1,33580000,6,33583000,5,33579000,12,33584000,6,33578000,11,33585000,14,33577000,9,33586000,8,33576000,12,33587000,10,33575000,11,33588000,14,33574000,15,33589000,10,33573000,9,33590000,21,33572000,12,33591000,8
33581000,3,33583000,4,33580000,6,33584000,6,33579000,13,33585000,11,33578000,9,33586000,9,33577000,9,33587000,10,33576000,14,33588000,15,33575000,11,33589000,10,33574000,16,33590000,21,33573000,9,33591000,8,33572000,12,33592000,16
33581000,4,33582000,3,33580000,5,33583000,6,33579000,5,33584000,6,33578000,10,33585000,12,33577000,8,33586000,8,33576000,12,33587000,10,33575000,10,33588000,16,33574000,13,33589000,11,33573000,11,33590000,22,33572000,11,33591000,8
33581000,7,33583000,3,33580000,7,33584000,7,33579000,6,33585000,13,33578000,9,33586000,5,33577000,11,33587000,12,33576000,14,33588000,16,33575000,9,33589000,13,33574000,12,33590000,23,33573000,8,33591000,8,33572000,12,33592000,11
33581000,7,33582000,4,33580000,6,33583000,9,33579000,5,33584000,6,33578000,9,33585000,12,33577000,10,33586000,6,33576000,13,33587000,12,33575000,9,33588000,17,33574000,12,33589000,13,33573000,8,33590000,23,33572000,11,33591000,8
33577000,4,33579000,2,33576000,9,33580000,6,33575000,8,33581000,9,33574000,12,33582000,8,33573000,8,33583000,13,33572000,12,33584000,9,33571000,10,33585000,17,33570000,11,33586000,9,33569000,10,33587000,11,33568000,14,33588000,14
33578000,3,33580000,3,33577000,7,33581000,8,33576000,6,33582000,9,33575000,8,33583000,11,33574000,11,33584000,10,33573000,8,33585000,16,33572000,12,33586000,8,33571000,12,33587000,10,33570000,12,33588000,14,33569000,10,33589000,12
33578000,4,33580000,3,33577000,6,33581000,7,33576000,5,33582000,8,33575000,10,33583000,9,33574000,12,33584000,9,33573000,8,33585000,16,33572000,11,33586000,9,33571000,10,33587000,11,33570000,11,33588000,14,33569000,10,33589000,12
33579000,7,33580000,1,33578000,10,33582000,6,33577000,9,33583000,6,33576000,8,33584000,9,33575000,12,33585000,13,33574000,13,33586000,9,33573000,8,33587000,11,33572000,11,33588000,15,33571000,10,33589000,12,33570000,11,33590000,21
33577000,4,33579000,5,33576000,8,33580000,3,33575000,10,33581000,4,33574000,11,33582000,5,33573000,8,33583000,9,33572000,13,33584000,11,33571000,10,33585000,15,33570000,11,33586000,10,33569000,10,33587000,10,33568000,11,33588000,14
33579000,2,33581000,3,33578000,8,33582000,9,33577000,12,33583000,8,33576000,8,33584000,9,33575000,12,33585000,12,33574000,13,33586000,9,33573000,8,33587000,10,33572000,13,33588000,15,33571000,10,33589000,12,33570000,11,33590000,20
33580000,2,33582000,3,33579000,5,33583000,5,33578000,8,33584000,10,33577000,8,33585000,14,33576000,9,33586000,6,33575000,13,33587000,11,33574000,11,33588000,16,33573000,8,33589000,12,33572000,11,33590000,20,33571000,10,33591000,8
33580000,5,33582000,2,33579000,6,33583000,6,33578000,8,33584000,10,33577000,8,33585000,14,33576000,9,33586000,6,33575000,13,33587000,11,33574000,11,33588000,16,33573000,8,33589000,12,33572000,11,33590000,20,33571000,10,33591000,8
33581000,3,33582000,1,33580000,9,33583000,3,33579000,10,33584000,6,33578000,12,33585000,10,33577000,11,33586000,6,33576000,11,33587000,12,33575000,12,33588000,15,33574000,11,33589000,13,33573000,9,33590000,20,33572000,11,33591000,8
33579000,6,33581000,2,33578000,10,33582000,5,33577000,10,33583000,6,33576000,8,33584000,7,33575000,13,33585000,13,33574000,11,33586000,8,33573000,8,33587000,10,33572000,11,33588000,16,33571000,10,33589000,13,33570000,11,33590000,20
33576000,7,33578000,2,33575000,10,33579000,5,33574000,12,33580000,5,33573000,7,33581000,6,33572000,12,33582000,7,33571000,11,33583000,9,33570000,11,33584000,12,33569000,10,33585000,16,33568000,11,33586000,9,33567000,12,33587000,9
33579000,1,33582000,4,33578000,4,33583000,8,33577000,8,33584000,11,33576000,7,33585000,16,33575000,10,33586000,9,33574000,12,33587000,9,33573000,7,33588000,14,33572000,12,33589000,12,33571000,11,33590000,20,33570000,11,33591000,8
33578000,3,33580000,2,33577000,9,33581000,5,33576000,12,33582000,6,33575000,10,33583000,8,33574000,12,33584000,10,33573000,11,33585000,15,33572000,11,33586000,9,33571000,10,33587000,10,33570000,11,33588000,15,33569000,10,33589000,12
33580000,5,33582000,1,33579000,9,33583000,5,33578000,8,33584000,8,33577000,11,33585000,14,33576000,13,33586000,6,33575000,13,33587000,9,33574000,14,33588000,17,33573000,9,33589000,13,33572000,11,33590000,19,33571000,10,33591000,8
33583000,5,33585000,2,33582000,5,33586000,8,33581000,11,33587000,9,33580000,16,33588000,11,33579000,15,33589000,12,33578000,12,33590000,20,33577000,13,33591000,9,33576000,14,33592000,12,33575000,10,33593000,11,33574000,15,33594000,10
33583000,5,33585000,3,33582000,7,33586000,9,33581000,9,33587000,7,33580000,15,33588000,12,33579000,15,33589000,12,33578000,10,33590000,21,33577000,13,33591000,9,33576000,14,33592000,13,33575000,10,33593000,11,33574000,14,33594000,10
33583000,2,33585000,7,33582000,2,33586000,8,33581000,9,33587000,8,33580000,15,33588000,16,33579000,15,33589000,12,33578000,10,33590000,22,33577000,12,33591000,9,33576000,13,33592000,18,33575000,9,33593000,11,33574000,14,33594000,10
33579000,4,33581000,6,33578000,8,33582000,6,33577000,11,33583000,11,33576000,13,33584000,9,33575000,10,33585000,6,33574000,14,33586000,8,33573000,9,33587000,8,33572000,11,33588000,20,33571000,10,33589000,13,33570000,12,33590000,21
33582000,1,33583000,6,33581000,7,33584000,6,33580000,6,33585000,7,33579000,8,33586000,8,33578000,9,33587000,9,33577000,8,33588000,19,33576000,12,33589000,12,33575000,10,33590000,22,33574000,15,33591000,8,33573000,10,33592000,18
33580000,1,33581000,1,33579000,7,33582000,4,33578000,7,33583000,6,33577000,8,33584000,7,33576000,10,33585000,7,33575000,10,33586000,14,33574000,15,33587000,9,33573000,9,33588000,19,33572000,11,33589000,12,33571000,10,33590000,22
33574000,5,33576000,3,33573000,4,33577000,5,33572000,9,33578000,9,33571000,11,33579000,6,33570000,9,33580000,7,33569000,12,33581000,8,33568000,15,33582000,12,33567000,13,33583000,11,33566000,10,33584000,11,33565000,10,33585000,10
33578000,1,33579000,4,33577000,3,33580000,5,33576000,3,33581000,6,33575000,5,33582000,8,33574000,9,33583000,7,33573000,6,33584000,11,33572000,13,33585000,10,33571000,12,33586000,9,33570000,11,33587000,8,33569000,10,33588000,14
33575000,4,33577000,1,33574000,9,33578000,7,33573000,7,33579000,9,33572000,11,33580000,5,33571000,11,33581000,8,33570000,10,33582000,9,33569000,12,33583000,10,33568000,13,33584000,11,33567000,14,33585000,10,33566000,10,33586000,9
33576000,1,33578000,6,33575000,6,33579000,8,33574000,6,33580000,7,33573000,7,33581000,7,33572000,11,33582000,8,33571000,10,33583000,10,33570000,11,33584000,11,33569000,12,33585000,11,33568000,13,33586000,10,33567000,14,33587000,8
33574000,3,33575000,6,33573000,7,33576000,2,33572000,12,33577000,6,33571000,10,33578000,7,33570000,8,33579000,8,33569000,11,33580000,10,33568000,13,33581000,9,33567000,14,33582000,12,33566000,10,33583000,11,33565000,10,33584000,10
33572000,1,33573000,4,33571000,5,33574000,6,33570000,7,33575000,5,33569000,9,33576000,4,33568000,12,33577000,7,33567000,14,33578000,8,33566000,10,33579000,10,33565000,10,33580000,15,33564000,14,33581000,10,33563000,9,33582000,12
33569000,2,33571000,5,33568000,9,33572000,8,33567000,11,33573000,7,33566000,9,33574000,7,33565000,10,33575000,7,33564000,13,33576000,8,33563000,10,33577000,11,33562000,14,33578000,12,33561000,10,33579000,8,33560000,14,33580000,12
33571000,2,33572000,1,33570000,11,33573000,5,33569000,9,33574000,6,33568000,9,33575000,6,33567000,12,33576000,7,33566000,10,33577000,11,33565000,10,33578000,12,33564000,14,33579000,8,33563000,10,33580000,12,33562000,14,33581000,9
33568000,4,33569000,3,33567000,8,33570000,6,33566000,7,33571000,6,33565000,10,33572000,8,33564000,13,33573000,7,33563000,10,33574000,8,33562000,13,33575000,9,33561000,10,33576000,9,33560000,15,33577000,11,33559000,5,33578000,10
33573000,2,33574000,4,33572000,3,33575000,6,33571000,7,33576000,5,33570000,9,33577000,8,33569000,9,33578000,9,33568000,6,33579000,10,33567000,12,33580000,13,33566000,15,33581000,9,33565000,10,33582000,13,33564000,14,33583000,9
33575000,1,33576000,2,33574000,5,33577000,8,33573000,8,33578000,7,33572000,7,33579000,10,33571000,9,33580000,13,33570000,9,33581000,9,33569000,10,33582000,13,33568000,7,33583000,9,33567000,11,33584000,11,33566000,15,33585000,11
33578000,2,33579000,1,33577000,6,33580000,6,33576000,6,33581000,9,33575000,7,33582000,10,33574000,8,33583000,8,33573000,10,33584000,11,33572000,13,33585000,11,33571000,13,33586000,10,33570000,13,33587000,8,33569000,14,33588000,14
33580000,7,33582000,2,33579000,4,33583000,5,33578000,6,33584000,8,33577000,6,33585000,10,33576000,7,33586000,9,33575000,11,33587000,8,33574000,11,33588000,14,33573000,10,33589000,12,33572000,11,33590000,23,33571000,11,33591000,8
33580000,3,33582000,3,33579000,5,33583000,8,33578000,6,33584000,8,33577000,8,33585000,10,33576000,9,33586000,10,33575000,10,33587000,8,33574000,11,33588000,15,33573000,10,33589000,12,33572000,11,33590000,23,33571000,11,33591000,8
33576000,3,33578000,2,33575000,5,33579000,5,33574000,7,33580000,8,33573000,10,33581000,6,33572000,12,33582000,11,33571000,12,33583000,8,33570000,15,33584000,11,33569000,14,33585000,13,33568000,12,33586000,12,33567000,12,33587000,8
33579000,1,33581000,5,33578000,5,33582000,9,33577000,8,33583000,7,33576000,4,33584000,14,33575000,5,33585000,11,33574000,9,33586000,12,33573000,10,33587000,8,33572000,13,33588000,15,33571000,12,33589000,11,33570000,15,33590000,23
33582000,2,33583000,2,33581000,4,33584000,5,33580000,3,33585000,8,33579000,6,33586000,10,33578000,7,33587000,9,33577000,10,33588000,15,33576000,9,33589000,13,33575000,9,33590000,23,33574000,12,33591000,8,33573000,10,33592000,12
33586000,2,33587000,2,33585000,4,33588000,11,33584000,7,33589000,11,33583000,5,33590000,21,33582000,7,33591000,12,33581000,10,33592000,11,33580000,9,33593000,12,33579000,11,33594000,15,33578000,12,33595000,8,33577000,9,33596000,9
33587000,3,33589000,5,33586000,3,33590000,23,33585000,10,33591000,9,33584000,8,33592000,12,33583000,8,33593000,13,33582000,8,33594000,17,33581000,11,33595000,8,33580000,9,33596000,10,33579000,10,33597000,14,33578000,11,33598000,10
33587000,7,33589000,4,33586000,5,33590000,23,33585000,10,33591000,10,33584000,7,33592000,12,33583000,8,33593000,13,33582000,9,33594000,16,33581000,11,33595000,8,33580000,9,33596000,10,33579000,10,33597000,14,33578000,11,33598000,10
33588000,4,33589000,3,33587000,7,33590000,20,33586000,6,33591000,10,33585000,8,33592000,13,33584000,7,33593000,13,33583000,7,33594000,16,33582000,7,33595000,8,33581000,11,33596000,10,33580000,9,33597000,14,33579000,10,33598000,10
33586000,1,33587000,3,33585000,4,33588000,6,33584000,7,33589000,9,33583000,7,33590000,12,33582000,7,33591000,10,33581000,11,33592000,11,33580000,9,33593000,12,33579000,11,33594000,17,33578000,11,33595000,7,33577000,8,33596000,10
33586000,1,33587000,1,33585000,6,33588000,3,33584000,6,33589000,5,33583000,7,33590000,14,33582000,8,33591000,12,33581000,11,33592000,14,33580000,10,33593000,14,33579000,12,33594000,18,33578000,10,33595000,8,33577000,8,33596000,10
33586000,2,33587000,7,33585000,7,33588000,6,33584000,6,33589000,7,33583000,9,33590000,14,33582000,8,33591000,12,33581000,10,33592000,15,33580000,10,33593000,14,33579000,12,33594000,18,33578000,10,33595000,8,33577000,8,33596000,10
33588000,2,33589000,2,33587000,5,33590000,16,33586000,4,33591000,11,33585000,7,33592000,12,33584000,7,33593000,14,33583000,10,33594000,18,33582000,10,33595000,8,33581000,10,33596000,10,33580000,10,33597000,9,33579000,11,33598000,10
33588000,3,33590000,14,33587000,5,33591000,12,33586000,3,33592000,11,33585000,8,33593000,13,33584000,9,33594000,17,33583000,10,33595000,8,33582000,10,33596000,10,33581000,9,33597000,9,33580000,9,33598000,10,33579000,11,33599000,18
33583000,1,33584000,1,33582000,4,33585000,6,33581000,6,33586000,8,33580000,8,33587000,7,33579000,12,33588000,18,33578000,11,33589000,7,33577000,8,33590000,26,33576000,10,33591000,11,33575000,8,33592000,13,33574000,14,33593000,13
33583000,5,33585000,1,33582000,9,33586000,5,33581000,7,33587000,6,33580000,8,33588000,16,33579000,12,33589000,8,33578000,11,33590000,25,33577000,10,33591000,12,33576000,10,33592000,11,33575000,8,33593000,14,33574000,11,33594000,18
33583000,1,33584000,1,33582000,5,33585000,8,33581000,8,33586000,8,33580000,8,33587000,9,33579000,12,33588000,7,33578000,9,33589000,10,33577000,9,33590000,25,33576000,10,33591000,11,33575000,8,33592000,12,33574000,11,33593000,14
33580000,3,33582000,6,33579000,10,33583000,7,33578000,7,33584000,9,33577000,12,33585000,8,33576000,12,33586000,7,33575000,9,33587000,10,33574000,11,33588000,16,33573000,10,33589000,11,33572000,10,33590000,25,33571000,12,33591000,11
33577000,1,33578000,2,33576000,9,33579000,4,33575000,10,33580000,7,33574000,11,33581000,8,33573000,9,33582000,7,33572000,11,33583000,8,33571000,12,33584000,10,33570000,15,33585000,11,33569000,11,33586000,9,33568000,10,33587000,11
33575000,1,33577000,2,33574000,6,33578000,8,33573000,7,33579000,7,33572000,10,33580000,8,33571000,14,33581000,9,33570000,15,33582000,9,33569000,12,33583000,10,33568000,8,33584000,10,33567000,11,33585000,10,33566000,14,33586000,9
33571000,11,33573000,1,33570000,15,33574000,6,33569000,11,33575000,5,33568000,9,33576000,8,33567000,12,33577000,10,33566000,12,33578000,10,33565000,10,33579000,9,33564000,13,33580000,9,33563000,9,33581000,12,33562000,16,33582000,10
33570000,7,33573000,5,33569000,10,33574000,6,33568000,9,33575000,5,33567000,12,33576000,8,33566000,12,33577000,10,33565000,10,33578000,10,33564000,13,33579000,10,33563000,9,33580000,9,33562000,16,33581000,12,33561000,11,33582000,10
33571000,1,33572000,7,33568000,6,33573000,9,33567000,12,33574000,6,33566000,12,33575000,5,33565000,10,33576000,8,33564000,13,33577000,10,33563000,9,33578000,12,33562000,16,33579000,10,33561000,11,33580000,9,33560000,15,33581000,12
33568000,6,33570000,1,33567000,11,33571000,2,33566000,11,33572000,9,33565000,12,33573000,10,33564000,13,33574000,6,33563000,9,33575000,6,33562000,16,33576000,9,33561000,10,33577000,11,33560000,15,33578000,12,33559000,5,33579000,10
33570000,3,33571000,1,33569000,6,33572000,6,33568000,5,33573000,9,33567000,8,33574000,8,33566000,10,33575000,6,33565000,11,33576000,13,33564000,13,33577000,10,33563000,10,33578000,11,33562000,14,33579000,8,33561000,10,33580000,8
33568000,3,33569000,1,33567000,6,33570000,5,33566000,8,33571000,7,33565000,10,33572000,6,33564000,12,33573000,10,33563000,11,33574000,9,33562000,14,33575000,6,33561000,10,33576000,13,33560000,15,33577000,12,33559000,5,33578000,12
33569000,5,33571000,3,33568000,6,33572000,6,33567000,8,33573000,9,33566000,8,33574000,7,33565000,10,33575000,7,33564000,12,33576000,12,33563000,10,33577000,12,33562000,16,33578000,12,33561000,10,33579000,10,33560000,15,33580000,9
33568000,5,33570000,2,33567000,7,33571000,7,33566000,7,33572000,7,33565000,11,33573000,8,33564000,12,33574000,8,33563000,11,33575000,7,33562000,14,33576000,13,33561000,10,33577000,12,33560000,15,33578000,13,33559000,5,33579000,10
33570000,1,33571000,2,33569000,7,33572000,4,33568000,7,33573000,8,33567000,7,33574000,8,33566000,8,33575000,7,33565000,12,33576000,11,33564000,13,33577000,12,33563000,11,33578000,12,33562000,14,33579000,10,33561000,10,33580000,10
33568000,6,33570000,3,33567000,10,33571000,10,33566000,7,33572000,8,33565000,10,33573000,5,33564000,12,33574000,7,33563000,10,33575000,7,33562000,15,33576000,12,33561000,10,33577000,12,33560000,15,33578000,12,33559000,5,33579000,10
33565000,4,33567000,4,33564000,8,33568000,5,33563000,8,33569000,7,33562000,14,33570000,7,33561000,12,33571000,11,33560000,15,33572000,9,33559000,5,33573000,6,33558000,11,33574000,10,33557000,11,33575000,6,33556000,12,33576000,13
33563000,3,33565000,4,33562000,11,33566000,5,33561000,10,33567000,7,33560000,14,33568000,9,33559000,8,33569000,10,33558000,13,33570000,11,33557000,11,33571000,12,33556000,11,33572000,12,33555000,10,33573000,11,33554000,11,33574000,10
33564000,5,33565000,2,33563000,4,33566000,3,33562000,5,33567000,7,33561000,7,33568000,10,33560000,9,33569000,11,33559000,9,33570000,12,33558000,14,33571000,10,33557000,12,33572000,13,33556000,11,33573000,12,33555000,11,33574000,11
33566000,6,33568000,6,33565000,5,33569000,8,33564000,7,33570000,10,33563000,7,33571000,11,33562000,9,33572000,11,33561000,10,33573000,13,33560000,12,33574000,12,33559000,8,33575000,8,33558000,13,33576000,14,33557000,11,33577000,13
33569000,3,33571000,5,33568000,8,33572000,6,33567000,14,33573000,9,33566000,6,33574000,8,33565000,11,33575000,8,33564000,10,33576000,15,33563000,7,33577000,18,33562000,8,33578000,13,33561000,8,33579000,9,33560000,11,33580000,10
33568000,1,33569000,7,33567000,3,33570000,7,33566000,5,33571000,7,33565000,12,33572000,7,33564000,9,33573000,8,33563000,7,33574000,7,33562000,7,33575000,9,33561000,9,33576000,16,33560000,11,33577000,18,33559000,8,33578000,13
33570000,2,33571000,2,33569000,5,33572000,9,33568000,6,33573000,7,33567000,7,33574000,6,33566000,8,33575000,8,33565000,10,33576000,16,33564000,11,33577000,18,33563000,9,33578000,13,33562000,8,33579000,9,33561000,10,33580000,10
33571000,6,33573000,7,33570000,4,33574000,8,33569000,5,33575000,15,33568000,6,33576000,14,33567000,10,33577000,16,33566000,9,33578000,14,33565000,11,33579000,10,33564000,10,33580000,11,33563000,8,33581000,11,33562000,7,33582000,12
33568000,3,33570000,2,33567000,6,33571000,11,33566000,9,33572000,11,33565000,10,33573000,9,33564000,9,33574000,10,33563000,7,33575000,17,33562000,8,33576000,16,33561000,9,33577000,17,33560000,11,33578000,13,33559000,8,33579000,9
33571000,3,33573000,5,33570000,7,33574000,8,33569000,7,33575000,20,33568000,8,33576000,12,33567000,10,33577000,11,33566000,12,33578000,14,33565000,12,33579000,10,33564000,10,33580000,11,33563000,8,33581000,11,33562000,7,33582000,12
33572000,2,33573000,2,33571000,6,33574000,10,33570000,8,33575000,16,33569000,8,33576000,11,33568000,11,33577000,11,33567000,10,33578000,14,33566000,12,33579000,10,33565000,12,33580000,13,33564000,11,33581000,11,33563000,8,33582000,12
33570000,3,33572000,3,33569000,5,33573000,6,33568000,8,33574000,10,33567000,10,33575000,18,33566000,10,33576000,12,33565000,12,33577000,11,33564000,10,33578000,15,33563000,8,33579000,12,33562000,9,33580000,12,33561000,10,33581000,11
33572000,1,33573000,2,33571000,7,33574000,6,33570000,11,33575000,17,33569000,8,33576000,9,33568000,10,33577000,11,33567000,10,33578000,14,33566000,12,33579000,12,33565000,12,33580000,13,33564000,11,33581000,11,33563000,8,33582000,12
33568000,6,33570000,1,33567000,5,33571000,7,33566000,9,33572000,9,33565000,13,33573000,10,33564000,11,33574000,8,33563000,9,33575000,18,33562000,9,33576000,13,33561000,10,33577000,12,33560000,12,33578000,13,33559000,8,33579000,11
33565000,5,33567000,3,33564000,8,33568000,7,33563000,6,33569000,5,33562000,10,33570000,9,33561000,12,33571000,9,33560000,13,33572000,11,33559000,8,33573000,12,33558000,13,33574000,11,33557000,10,33575000,18,33556000,12,33576000,13
33566000,4,33568000,2,33565000,7,33569000,6,33564000,8,33570000,10,33563000,5,33571000,9,33562000,10,33572000,9,33561000,12,33573000,10,33560000,13,33574000,10,33559000,8,33575000,19,33558000,13,33576000,15,33557000,10,33577000,12
33565000,5,33567000,4,33564000,9,33568000,6,33563000,7,33569000,5,33562000,9,33570000,7,33561000,11,33571000,8,33560000,12,33572000,9,33559000,8,33573000,10,33558000,13,33574000,9,33557000,10,33575000,20,33556000,12,33576000,15
33565000,1,33567000,4,33564000,9,33568000,6,33563000,7,33569000,5,33562000,9,33570000,7,33561000,11,33571000,8,33560000,12,33572000,9,33559000,8,33573000,10,33558000,13,33574000,9,33557000,10,33575000,20,33556000,12,33576000,15
33565000,2,33566000,1,33562000,4,33567000,5,33561000,11,33568000,6,33560000,12,33569000,5,33559000,8,33570000,7,33558000,13,33571000,8,33557000,10,33572000,9,33556000,12,33573000,10,33555000,12,33574000,9,33554000,11,33575000,20
33565000,1,33566000,2,33564000,6,33567000,5,33563000,6,33568000,8,33562000,6,33569000,8,33561000,9,33570000,10,33560000,11,33571000,11,33559000,11,33572000,17,33558000,14,33573000,11,33557000,10,33574000,10,33556000,10,33575000,24
33563000,8,33566000,4,33562000,6,33567000,11,33561000,8,33568000,6,33560000,11,33569000,8,33559000,9,33570000,9,33558000,14,33571000,11,33557000,10,33572000,18,33556000,10,33573000,12,33555000,11,33574000,10,33554000,11,33575000,24
33563000,3,33565000,3,33562000,7,33566000,10,33561000,7,33567000,9,33560000,7,33568000,8,33559000,7,33569000,11,33558000,13,33570000,10,33557000,12,33571000,10,33556000,10,33572000,16,33555000,11,33573000,11,33554000,11,33574000,11
33563000,6,33565000,3,33562000,7,33566000,7,33561000,8,33567000,8,33560000,13,33568000,7,33559000,8,33569000,11,33558000,14,33570000,9,33557000,12,33571000,14,33556000,10,33572000,13,33555000,11,33573000,11,33554000,11,33574000,11
33566000,1,33567000,1,33565000,6,33568000,4,33564000,5,33569000,8,33563000,8,33570000,8,33562000,6,33571000,14,33561000,10,33572000,10,33560000,17,33573000,10,33559000,9,33574000,13,33558000,14,33575000,24,33557000,10,33576000,15
33568000,2,33569000,2,33567000,5,33570000,5,33566000,4,33571000,13,33565000,9,33572000,9,33564000,8,33573000,11,33563000,9,33574000,12,33562000,10,33575000,24,33561000,11,33576000,15,33560000,17,33577000,13,33559000,9,33578000,15
33569000,5,33571000,6,33568000,7,33572000,8,33567000,5,33573000,10,33566000,5,33574000,8,33565000,9,33575000,23,33564000,11,33576000,18,33563000,11,33577000,12,33562000,12,33578000,15,33561000,11,33579000,9,33560000,16,33580000,14
33574000,3,33575000,17,33573000,6,33576000,7,33572000,6,33577000,9,33571000,7,33578000,12,33570000,7,33579000,10,33569000,7,33580000,14,33568000,10,33581000,10,33567000,13,33582000,13,33566000,12,33583000,10,33565000,10,33584000,10
33571000,5,33572000,2,33570000,8,33573000,3,33569000,6,33574000,6,33568000,8,33575000,7,33567000,12,33576000,10,33566000,11,33577000,10,33565000,10,33578000,15,33564000,11,33579000,10,33563000,11,33580000,13,33562000,10,33581000,10
33568000,2,33570000,5,33567000,6,33571000,8,33566000,8,33572000,6,33565000,8,33573000,9,33564000,11,33574000,9,33563000,11,33575000,9,33562000,10,33576000,14,33561000,12,33577000,11,33560000,15,33578000,14,33559000,8,33579000,9
33565000,5,33568000,6,33564000,7,33569000,5,33563000,11,33570000,8,33562000,8,33571000,8,33561000,14,33572000,9,33560000,31,33573000,8,33559000,8,33574000,11,33558000,13,33575000,10,33557000,11,33576000,11,33556000,12,33577000,12
33567000,6,33568000,3,33566000,8,33569000,3,33565000,4,33570000,7,33564000,8,33571000,8,33563000,10,33572000,9,33562000,8,33573000,8,33561000,14,33574000,11,33560000,31,33575000,10,33559000,8,33576000,12,33558000,13,33577000,13
33569000,2,33570000,2,33568000,7,33571000,5,33567000,5,33572000,7,33566000,6,33573000,7,33565000,8,33574000,10,33564000,11,33575000,9,33563000,11,33576000,12,33562000,10,33577000,13,33561000,13,33578000,13,33560000,30,33579000,9
33568000,1,33569000,1,33567000,6,33570000,7,33566000,9,33571000,10,33565000,8,33572000,8,33564000,11,33573000,9,33563000,11,33574000,10,33562000,10,33575000,10,33561000,12,33576000,14,33560000,30,33577000,13,33559000,10,33578000,13
33565000,3,33566000,3,33564000,6,33567000,3,33563000,8,33568000,4,33562000,8,33569000,5,33561000,13,33570000,7,33560000,31,33571000,10,33559000,7,33572000,10,33558000,14,33573000,9,33557000,11,33574000,12,33556000,12,33575000,10
33563000,6,33565000,4,33562000,8,33566000,6,33561000,12,33567000,6,33560000,28,33568000,5,33559000,9,33569000,7,33558000,15,33570000,9,33557000,11,33571000,10,33556000,10,33572000,11,33555000,10,33573000,9,33554000,11,33574000,11
33559000,2,33560000,1,33558000,10,33561000,3,33557000,9,33562000,5,33556000,11,33563000,7,33555000,10,33564000,9,33554000,12,33565000,10,33553000,7,33566000,10,33552000,12,33567000,13,33551000,10,33568000,11,33550000,12,33569000,11
33556000,2,33558000,6,33555000,7,33559000,4,33554000,11,33560000,6,33553000,11,33561000,5,33552000,12,33562000,6,33551000,11,33563000,9,33550000,12,33564000,12,33549000,12,33565000,13,33548000,12,33566000,11,33547000,16,33567000,12
33553000,5,33555000,3,33552000,10,33556000,5,33551000,10,33557000,9,33550000,13,33558000,5,33549000,13,33559000,10,33548000,14,33560000,9,33547000,16,33561000,8,33546000,13,33562000,11,33545000,8,33563000,11,33544000,12,33564000,11
33555000,1,33556000,1,33554000,5,33557000,7,33553000,7,33558000,6,33552000,5,33559000,9,33551000,8,33560000,9,33550000,10,33561000,8,33549000,12,33562000,10,33548000,16,33563000,11,33547000,18,33564000,13,33546000,13,33565000,10
33553000,2,33555000,5,33552000,6,33556000,5,33551000,8,33557000,10,33550000,12,33558000,8,33549000,11,33559000,12,33548000,13,33560000,9,33547000,15,33561000,8,33546000,13,33562000,10,33545000,8,33563000,11,33544000,10,33564000,13
33550000,1,33551000,3,33549000,6,33552000,6,33548000,9,33553000,6,33547000,15,33554000,8,33546000,12,33555000,7,33545000,8,33556000,8,33544000,9,33557000,13,33543000,13,33558000,12,33542000,28,33559000,12,33541000,8,33560000,11
33549000,3,33550000,4,33548000,2,33551000,5,33547000,10,33552000,7,33546000,11,33553000,9,33545000,9,33554000,8,33544000,11,33555000,8,33543000,13,33556000,10,33542000,28,33557000,12,33541000,8,33558000,12,33540000,12,33559000,12
33548000,5,33550000,2,33547000,6,33551000,5,33546000,6,33552000,9,33545000,7,33553000,9,33544000,9,33554000,10,33543000,14,33555000,10,33542000,23,33556000,10,33541000,11,33557000,10,33540000,10,33558000,13,33539000,6,33559000,8
33554000,1,33555000,2,33553000,4,33556000,5,33552000,4,33557000,9,33551000,6,33558000,11,33550000,8,33559000,9,33549000,8,33560000,14,33548000,9,33561000,7,33547000,9,33562000,11,33546000,10,33563000,11,33545000,9,33564000,13
33555000,3,33557000,3,33554000,4,33558000,10,33553000,5,33559000,9,33552000,4,33560000,11,33551000,7,33561000,8,33550000,9,33562000,13,33549000,11,33563000,11,33548000,9,33564000,13,33547000,10,33565000,21,33546000,9,33566000,13
33554000,4,33555000,3,33553000,5,33556000,4,33552000,6,33557000,2,33551000,8,33558000,4,33550000,12,33559000,7,33549000,9,33560000,7,33548000,9,33561000,7,33547000,8,33562000,11,33546000,10,33563000,12,33545000,9,33564000,15
33558000,2,33559000,3,33557000,1,33560000,6,33556000,3,33561000,8,33555000,11,33562000,11,33554000,6,33563000,10,33553000,6,33564000,15,33552000,7,33565000,20,33551000,8,33566000,10,33550000,11,33567000,13,33549000,12,33568000,13
33558000,5,33561000,6,33557000,7,33562000,9,33556000,3,33563000,9,33555000,10,33564000,14,33554000,7,33565000,21,33553000,7,33566000,11,33552000,7,33567000,13,33551000,9,33568000,13,33550000,12,33569000,9,33549000,11,33570000,9
33557000,1,33558000,2,33556000,2,33559000,3,33555000,10,33560000,6,33554000,6,33561000,9,33553000,9,33562000,10,33552000,7,33563000,8,33551000,9,33564000,16,33550000,11,33565000,21,33549000,12,33566000,11,33548000,10,33567000,13
33560000,3,33562000,4,33559000,7,33563000,6,33558000,5,33564000,12,33557000,6,33565000,17,33556000,7,33566000,10,33555000,14,33567000,13,33554000,10,33568000,11,33553000,7,33569000,9,33552000,8,33570000,9,33551000,8,33571000,8
33556000,3,33558000,2,33555000,10,33559000,4,33554000,6,33560000,6,33553000,6,33561000,5,33552000,7,33562000,11,33551000,10,33563000,9,33550000,10,33564000,15,33549000,11,33565000,20,33548000,12,33566000,11,33547000,8,33567000,13
33553000,4,33555000,4,33552000,4,33556000,5,33551000,8,33557000,8,33550000,8,33558000,7,33549000,11,33559000,7,33548000,14,33560000,8,33547000,8,33561000,6,33546000,11,33562000,11,33545000,9,33563000,12,33544000,11,33564000,13
33555000,3,33556000,1,33554000,4,33557000,3,33553000,5,33558000,7,33552000,6,33559000,7,33551000,7,33560000,6,33550000,10,33561000,6,33549000,11,33562000,11,33548000,14,33563000,11,33547000,8,33564000,13,33546000,11,33565000,20
33558000,2,33559000,1,33557000,8,33560000,17,33556000,6,33561000,6,33555000,9,33562000,11,33554000,8,33563000,9,33553000,7,33564000,13,33552000,10,33565000,11,33551000,10,33566000,10,33550000,10,33567000,12,33549000,11,33568000,10
33555000,1,33556000,3,33554000,3,33557000,5,33553000,6,33558000,6,33552000,6,33559000,4,33551000,9,33560000,5,33550000,11,33561000,9,33549000,11,33562000,10,33548000,11,33563000,13,33547000,8,33564000,14,33546000,13,33565000,10
33552000,3,33554000,4,33551000,6,33555000,1,33550000,10,33556000,4,33549000,11,33557000,8,33548000,11,33558000,5,33547000,9,33559000,7,33546000,13,33560000,9,33545000,10,33561000,10,33544000,10,33562000,11,33543000,13,33563000,12
33549000,7,33550000,47,33548000,11,33551000,2,33547000,7,33552000,4,33546000,14,33553000,7,33545000,9,33554000,8,33544000,11,33555000,7,33543000,13,33556000,9,33542000,10,33557000,11,33541000,14,33558000,12,33540000,13,33559000,8
33546000,6,33548000,3,33545000,4,33549000,5,33544000,10,33550000,52,33543000,13,33551000,7,33542000,10,33552000,8,33541000,14,33553000,12,33540000,13,33554000,12,33539000,6,33555000,10,33538000,11,33556000,10,33537000,7,33557000,11
33548000,5,33550000,48,33547000,10,33551000,7,33546000,8,33552000,7,33545000,7,33553000,10,33544000,9,33554000,10,33543000,12,33555000,9,33542000,11,33556000,10,33541000,12,33557000,11,33540000,13,33558000,12,33539000,6,33559000,7
33551000,2,33553000,5,33550000,10,33554000,7,33549000,5,33555000,9,33548000,5,33556000,10,33547000,10,33557000,11,33546000,8,33558000,13,33545000,12,33559000,7,33544000,9,33560000,15,33543000,12,33561000,9,33542000,9,33562000,11
33550000,5,33551000,2,33549000,5,33552000,5,33548000,5,33553000,5,33547000,9,33554000,8,33546000,8,33555000,10,33545000,12,33556000,9,33544000,9,33557000,12,33543000,12,33558000,14,33542000,9,33559000,8,33541000,13,33560000,15
33547000,2,33549000,6,33546000,5,33550000,8,33545000,7,33551000,7,33544000,7,33552000,8,33543000,13,33553000,7,33542000,11,33554000,11,33541000,12,33555000,14,33540000,14,33556000,11,33539000,6,33557000,11,33538000,11,33558000,12
33549000,4,33550000,1,33548000,4,33551000,4,33547000,7,33552000,8,33546000,6,33553000,9,33545000,7,33554000,10,33544000,10,33555000,12,33543000,12,33556000,9,33542000,11,33557000,11,33541000,13,33558000,12,33540000,14,33559000,7
33552000,4,33553000,2,33551000,6,33554000,4,33550000,3,33555000,10,33549000,4,33556000,8,33548000,6,33557000,12,33547000,8,33558000,12,33546000,9,33559000,7,33545000,11,33560000,14,33544000,11,33561000,9,33543000,12,33562000,11
33551000,3,33553000,3,33550000,5,33554000,8,33549000,6,33555000,13,33548000,5,33556000,7,33547000,9,33557000,12,33546000,8,33558000,14,33545000,12,33559000,9,33544000,9,33560000,15,33543000,12,33561000,9,33542000,9,33562000,11
33551000,1,33553000,4,33550000,7,33554000,11,33549000,6,33555000,18,33548000,5,33556000,8,33547000,10,33557000,10,33546000,9,33558000,14,33545000,12,33559000,9,33544000,10,33560000,8,33543000,12,33561000,9,33542000,9,33562000,11
33555000,2,33556000,4,33554000,1,33557000,7,33553000,5,33558000,10,33552000,6,33559000,8,33551000,11,33560000,8,33550000,9,33561000,9,33549000,7,33562000,11,33548000,6,33563000,10,33547000,10,33564000,14,33546000,10,33565000,13
33558000,1,33559000,2,33557000,7,33560000,2,33556000,6,33561000,6,33555000,6,33562000,11,33554000,7,33563000,10,33553000,11,33564000,14,33552000,11,33565000,13,33551000,12,33566000,10,33550000,13,33567000,12,33549000,8,33568000,11
33555000,2,33557000,6,33554000,6,33558000,6,33553000,11,33559000,11,33552000,8,33560000,9,33551000,10,33561000,10,33550000,13,33562000,11,33549000,8,33563000,11,33548000,7,33564000,15,33547000,8,33565000,14,33546000,10,33566000,10
33551000,5,33553000,6,33550000,19,33554000,10,33549000,10,33555000,8,33548000,8,33556000,9,33547000,12,33557000,10,33546000,10,33558000,7,33545000,10,33559000,7,33544000,10,33560000,14,33543000,12,33561000,10,33542000,9,33562000,11
33555000,4,33556000,2,33554000,4,33557000,6,33553000,8,33558000,7,33552000,8,33559000,6,33551000,11,33560000,11,33550000,19,33561000,12,33549000,12,33562000,12,33548000,9,33563000,10,33547000,10,33564000,13,33546000,12,33565000,13
33553000,4,33555000,5,33552000,6,33556000,9,33551000,5,33557000,10,33550000,17,33558000,28,33549000,11,33559000,8,33548000,9,33560000,14,33547000,12,33561000,11,33546000,12,33562000,12,33545000,8,33563000,10,33544000,10,33564000,13
33550000,11,33551000,4,33549000,7,33552000,6,33548000,8,33553000,6,33547000,11,33554000,5,33546000,12,33555000,9,33545000,10,33556000,10,33544000,10,33557000,13,33543000,12,33558000,31,33542000,9,33559000,9,33541000,14,33560000,14
33547000,3,33549000,4,33546000,12,33550000,6,33545000,11,33551000,8,33544000,10,33552000,6,33543000,12,33553000,8,33542000,10,33554000,10,33541000,12,33555000,21,33540000,12,33556000,13,33539000,6,33557000,12,33538000,12,33558000,31
33544000,2,33545000,3,33543000,7,33546000,11,33542000,7,33547000,5,33541000,12,33548000,7,33540000,14,33549000,7,33539000,9,33550000,11,33538000,11,33551000,10,33537000,7,33552000,9,33536000,10,33553000,10,33535000,13,33554000,11
33541000,2,33542000,4,33540000,10,33543000,8,33539000,9,33544000,7,33538000,13,33545000,6,33537000,10,33546000,7,33536000,11,33547000,8,33535000,12,33548000,11,33534000,14,33549000,10,33533000,10,33550000,13,33532000,12,33551000,10
33542000,6,33544000,3,33541000,8,33545000,8,33540000,8,33546000,4,33539000,7,33547000,8,33538000,12,33548000,8,33537000,10,33549000,7,33536000,13,33550000,15,33535000,14,33551000,10,33534000,14,33552000,9,33533000,10,33553000,8
33540000,6,33542000,4,33539000,8,33543000,6,33538000,11,33544000,9,33537000,9,33545000,8,33536000,11,33546000,7,33535000,14,33547000,11,33534000,14,33548000,10,33533000,10,33549000,8,33532000,11,33550000,14,33531000,8,33551000,10
33538000,12,33541000,5,33537000,9,33542000,11,33536000,10,33543000,9,33535000,16,33544000,7,33534000,15,33545000,10,33533000,11,33546000,10,33532000,11,33547000,10,33531000,8,33548000,11,33530000,29,33549000,8,33529000,9,33550000,13
33541000,2,33542000,2,33540000,5,33543000,7,33539000,7,33544000,5,33538000,5,33545000,10,33537000,11,33546000,7,33536000,12,33547000,10,33535000,15,33548000,11,33534000,17,33549000,8,33533000,11,33550000,13,33532000,11,33551000,10
33537000,3,33538000,4,33536000,4,33539000,6,33535000,15,33540000,7,33534000,16,33541000,6,33533000,12,33542000,8,33532000,14,33543000,10,33531000,9,33544000,12,33530000,29,33545000,12,33529000,8,33546000,10,33528000,14,33547000,9
33538000,4,33540000,3,33537000,5,33541000,7,33536000,8,33542000,6,33535000,14,33543000,11,33534000,16,33544000,9,33533000,12,33545000,11,33532000,15,33546000,10,33531000,9,33547000,9,33530000,34,33548000,11,33529000,8,33549000,9
33544000,5,33546000,6,33543000,5,33547000,5,33542000,5,33548000,9,33541000,6,33549000,9,33540000,8,33550000,13,33539000,10,33551000,10,33538000,13,33552000,10,33537000,8,33553000,8,33536000,12,33554000,11,33535000,14,33555000,24
33545000,3,33547000,6,33544000,6,33548000,5,33543000,7,33549000,9,33542000,6,33550000,13,33541000,9,33551000,10,33540000,13,33552000,11,33539000,10,33553000,9,33538000,14,33554000,11,33537000,8,33555000,22,33536000,10,33556000,10
33549000,3,33550000,2,33548000,3,33551000,8,33547000,6,33552000,10,33546000,13,33553000,9,33545000,6,33554000,11,33544000,9,33555000,22,33543000,10,33556000,10,33542000,9,33557000,10,33541000,11,33558000,31,33540000,12,33559000,7
33547000,3,33548000,4,33546000,14,33549000,6,33545000,6,33550000,10,33544000,9,33551000,5,33543000,12,33552000,9,33542000,9,33553000,10,33541000,10,33554000,13,33540000,13,33555000,22,33539000,9,33556000,11,33538000,14,33557000,10
33543000,1,33544000,4,33542000,5,33545000,10,33541000,12,33546000,7,33540000,13,33547000,9,33539000,11,33548000,10,33538000,17,33549000,10,33537000,8,33550000,11,33536000,11,33551000,10,33535000,13,33552000,12,33534000,16,33553000,9
33540000,5,33542000,2,33539000,8,33543000,10,33538000,15,33544000,8,33537000,9,33545000,11,33536000,13,33546000,8,33535000,15,33547000,10,33534000,16,33548000,13,33533000,12,33549000,11,33532000,13,33550000,13,33531000,9,33551000,8
33540000,6,33543000,7,33539000,7,33544000,9,33538000,12,33545000,8,33537000,10,33546000,7,33536000,13,33547000,11,33535000,15,33548000,12,33534000,17,33549000,11,33533000,12,33550000,12,33532000,13,33551000,8,33531000,9,33552000,12
33542000,3,33543000,3,33541000,10,33544000,6,33540000,10,33545000,8,33539000,7,33546000,8,33538000,12,33547000,11,33537000,11,33548000,10,33536000,14,33549000,10,33535000,15,33550000,12,33534000,17,33551000,8,33533000,12,33552000,12
33545000,5,33547000,6,33544000,8,33548000,7,33543000,12,33549000,12,33542000,12,33550000,8,33541000,13,33551000,8,33540000,13,33552000,13,33539000,10,33553000,11,33538000,14,33554000,11,33537000,10,33555000,12,33536000,14,33556000,10
33551000,2,33552000,1,33550000,5,33553000,8,33549000,4,33554000,12,33548000,8,33555000,12,33547000,8,33556000,11,33546000,11,33557000,9,33545000,12,33558000,36,33544000,13,33559000,7,33543000,15,33560000,11,33542000,15,33561000,8
33549000,13,33551000,23,33548000,11,33552000,7,33547000,9,33553000,9,33546000,12,33554000,8,33545000,10,33555000,12,33544000,13,33556000,11,33543000,14,33557000,11,33542000,15,33558000,37,33541000,12,33559000,10,33540000,14,33560000,11
33547000,5,33549000,11,33546000,10,33550000,9,33545000,6,33551000,12,33544000,10,33552000,7,33543000,14,33553000,10,33542000,16,33554000,10,33541000,10,33555000,14,33540000,13,33556000,12,33539000,12,33557000,11,33538000,15,33558000,36
33548000,3,33549000,3,33547000,7,33550000,6,33546000,5,33551000,8,33545000,6,33552000,9,33544000,8,33553000,13,33543000,11,33554000,12,33542000,17,33555000,14,33541000,12,33556000,10,33540000,14,33557000,10,33539000,11,33558000,36
33547000,3,33549000,6,33546000,11,33550000,11,33545000,9,33551000,11,33544000,10,33552000,8,33543000,13,33553000,11,33542000,20,33554000,9,33541000,11,33555000,15,33540000,13,33556000,16,33539000,11,33557000,11,33538000,14,33558000,36
33548000,2,33549000,2,33547000,10,33550000,10,33546000,7,33551000,9,33545000,8,33552000,11,33544000,10,33553000,12,33543000,13,33554000,11,33542000,21,33555000,14,33541000,13,33556000,10,33540000,13,33557000,10,33539000,11,33558000,36
33547000,11,33549000,10,33546000,10,33550000,11,33545000,32,33551000,14,33544000,13,33552000,10,33543000,25,33553000,18,33542000,18,33554000,16,33541000,15,33555000,26,33540000,20,33556000,14,33539000,11,33557000,13,33538000,15,33558000,37
33548000,13,33549000,7,33547000,8,33550000,11,33546000,7,33551000,11,33545000,12,33552000,9,33544000,9,33553000,15,33543000,13,33554000,12,33542000,12,33555000,20,33541000,10,33556000,10,33540000,17,33557000,9,33539000,10,33558000,36
33546000,7,33548000,3,33545000,10,33549000,12,33544000,8,33550000,11,33543000,12,33551000,9,33542000,13,33552000,10,33541000,10,33553000,15,33540000,14,33554000,12,33539000,10,33555000,20,33538000,14,33556000,10,33537000,11,33557000,9
33548000,3,33549000,3,33547000,13,33550000,8,33546000,8,33551000,11,33545000,9,33552000,8,33544000,8,33553000,15,33543000,12,33554000,13,33542000,14,33555000,20,33541000,10,33556000,10,33540000,14,33557000,9,33539000,10,33558000,36
33551000,2,33552000,4,33550000,8,33553000,12,33549000,13,33554000,11,33548000,11,33555000,19,33547000,12,33556000,11,33546000,10,33557000,10,33545000,11,33558000,37,33544000,11,33559000,9,33543000,13,33560000,11,33542000,13,33561000,8
33550000,1,33551000,4,33549000,9,33552000,8,33548000,12,33553000,14,33547000,10,33554000,10,33546000,10,33555000,21,33545000,11,33556000,11,33544000,11,33557000,8,33543000,12,33558000,37,33542000,14,33559000,7,33541000,8,33560000,12
33551000,5,33552000,2,33550000,10,33553000,6,33549000,11,33554000,10,33548000,11,33555000,22,33547000,10,33556000,11,33546000,10,33557000,8,33545000,11,33558000,37,33544000,11,33559000,7,33543000,12,33560000,12,33542000,14,33561000,8
33554000,4,33555000,19,33553000,6,33556000,9,33552000,7,33557000,8,33551000,10,33558000,36,33550000,10,33559000,8,33549000,12,33560000,12,33548000,14,33561000,8,33547000,13,33562000,11,33546000,13,33563000,9,33545000,12,33564000,12
33557000,1,33558000,33,33556000,10,33559000,8,33555000,8,33560000,11,33554000,13,33561000,11,33553000,10,33562000,12,33552000,9,33563000,8,33551000,12,33564000,12,33550000,13,33565000,12,33549000,12,33566000,11,33548000,13,33567000,9
33552000,10,33553000,1,33551000,9,33554000,5,33550000,11,33555000,8,33549000,14,33556000,9,33548000,14,33557000,8,33547000,11,33558000,9,33546000,13,33559000,9,33545000,12,33560000,16,33544000,11,33561000,10,33543000,13,33562000,12
33550000,8,33552000,6,33549000,10,33553000,9,33548000,12,33554000,13,33547000,10,33555000,7,33546000,12,33556000,10,33545000,13,33557000,12,33544000,11,33558000,13,33543000,13,33559000,9,33542000,15,33560000,11,33541000,8,33561000,9
33552000,4,33554000,8,33551000,8,33555000,12,33550000,8,33556000,10,33549000,5,33557000,10,33548000,11,33558000,11,33547000,11,33559000,9,33546000,15,33560000,12,33545000,11,33561000,9,33544000,12,33562000,12,33543000,13,33563000,10
33551000,2,33552000,3,33550000,8,33553000,6,33549000,5,33554000,7,33548000,12,33555000,14,33547000,11,33556000,9,33546000,14,33557000,9,33545000,12,33558000,13,33544000,11,33559000,9,33543000,13,33560000,14,33542000,15,33561000,9
33548000,2,33549000,2,33547000,6,33550000,9,33546000,10,33551000,8,33545000,11,33552000,8,33544000,10,33553000,10,33543000,14,33554000,7,33542000,15,33555000,15,33541000,8,33556000,11,33540000,12,33557000,11,33539000,10,33558000,11
33547000,3,33549000,5,33546000,6,33550000,7,33545000,9,33551000,8,33544000,9,33552000,8,33543000,13,33553000,9,33542000,14,33554000,11,33541000,9,33555000,15,33540000,11,33556000,12,33539000,9,33557000,11,33538000,12,33558000,13
33541000,1,33542000,1,33540000,5,33543000,6,33539000,8,33544000,10,33538000,12,33545000,8,33537000,15,33546000,11,33536000,26,33547000,11,33535000,11,33548000,13,33534000,10,33549000,11,33533000,13,33550000,12,33532000,12,33551000,10
33539000,6,33541000,4,33538000,8,33542000,5,33537000,14,33543000,10,33536000,25,33544000,6,33535000,13,33545000,8,33534000,11,33546000,11,33533000,13,33547000,13,33532000,12,33548000,12,33531000,10,33549000,11,33530000,35,33550000,11
33537000,8,33539000,5,33536000,14,33540000,9,33535000,13,33541000,9,33534000,10,33542000,7,33533000,14,33543000,8,33532000,14,33544000,9,33531000,10,33545000,11,33530000,35,33546000,13,33529000,8,33547000,12,33528000,13,33548000,11
33537000,4,33539000,4,33536000,8,33540000,9,33535000,8,33541000,11,33534000,6,33542000,10,33533000,13,33543000,10,33532000,12,33544000,11,33531000,13,33545000,11,33530000,37,33546000,14,33529000,8,33547000,11,33528000,11,33548000,12
33541000,2,33542000,1,33540000,7,33543000,5,33539000,7,33544000,10,33538000,6,33545000,7,33537000,9,33546000,13,33536000,9,33547000,12,33535000,15,33548000,12,33534000,10,33549000,11,33533000,13,33550000,12,33532000,10,33551000,11
33544000,4,33545000,1,33543000,10,33546000,4,33542000,9,33547000,10,33541000,6,33548000,12,33540000,9,33549000,13,33539000,8,33550000,12,33538000,12,33551000,12,33537000,11,33552000,12,33536000,11,33553000,11,33535000,12,33554000,11
33542000,6,33544000,5,33541000,5,33545000,8,33540000,8,33546000,11,33539000,6,33547000,5,33538000,10,33548000,13,33537000,10,33549000,13,33536000,10,33550000,13,33535000,12,33551000,11,33534000,11,33552000,12,33533000,13,33553000,11
33539000,4,33541000,2,33538000,7,33542000,11,33537000,7,33543000,8,33536000,10,33544000,8,33535000,14,33545000,9,33534000,12,33546000,13,33533000,13,33547000,8,33532000,11,33548000,14,33531000,12,33549000,12,33530000,36,33550000,13
33541000,25,33542000,8,33540000,2,33543000,6,33539000,8,33544000,10,33538000,7,33545000,11,33537000,7,33546000,10,33536000,7,33547000,10,33535000,12,33548000,12,33534000,13,33549000,11,33533000,13,33550000,14,33532000,13,33551000,10
33545000,39,33546000,6,33544000,3,33547000,9,33543000,5,33548000,11,33542000,6,33549000,10,33541000,6,33550000,14,33540000,8,33551000,11,33539000,10,33552000,12,33538000,11,33553000,11,33537000,11,33554000,11,33536000,9,33555000,15
33549000,4,33551000,4,33548000,6,33552000,9,33547000,8,33553000,8,33546000,6,33554000,12,33545000,10,33555000,14,33544000,11,33556000,11,33543000,10,33557000,11,33542000,14,33558000,12,33541000,11,33559000,6,33540000,10,33560000,11
33551000,4,33552000,1,33550000,5,33553000,6,33549000,8,33554000,11,33548000,8,33555000,13,33547000,10,33556000,11,33546000,7,33557000,12,33545000,11,33558000,13,33544000,12,33559000,6,33543000,11,33560000,11,33542000,12,33561000,8
33553000,2,33554000,1,33552000,5,33555000,11,33551000,6,33556000,8,33550000,7,33557000,9,33549000,9,33558000,11,33548000,11,33559000,7,33547000,13,33560000,13,33546000,10,33561000,8,33545000,11,33562000,10,33544000,11,33563000,11
33551000,3,33552000,2,33550000,19,33553000,4,33549000,10,33554000,8,33548000,10,33555000,14,33547000,11,33556000,7,33546000,13,33557000,11,33545000,9,33558000,13,33544000,12,33559000,8,33543000,11,33560000,13,33542000,13,33561000,8
33554000,2,33555000,8,33553000,5,33556000,6,33552000,5,33557000,8,33551000,6,33558000,12,33550000,17,33559000,8,33549000,9,33560000,13,33548000,12,33561000,8,33547000,13,33562000,11,33546000,13,33563000,9,33545000,9,33564000,11
33558000,2,33559000,2,33557000,6,33560000,6,33556000,6,33561000,7,33555000,8,33562000,10,33554000,9,33563000,11,33553000,12,33564000,12,33552000,12,33565000,9,33551000,17,33566000,11,33550000,20,33567000,10,33549000,11,33568000,11
33555000,6,33557000,1,33554000,10,33558000,4,33553000,9,33559000,8,33552000,11,33560000,9,33551000,16,33561000,9,33550000,20,33562000,11,33549000,10,33563000,13,33548000,12,33564000,14,33547000,12,33565000,9,33546000,13,33566000,11
33556000,2,33558000,5,33555000,6,33559000,9,33554000,6,33560000,9,33553000,6,33561000,8,33552000,8,33562000,10,33551000,18,33563000,14,33550000,20,33564000,14,33549000,11,33565000,9,33548000,12,33566000,11,33547000,12,33567000,10
33558000,8,33559000,1,33557000,7,33560000,5,33556000,7,33561000,6,33555000,11,33562000,10,33554000,11,33563000,10,33553000,12,33564000,12,33552000,9,33565000,11,33551000,15,33566000,13,33550000,21,33567000,10,33549000,11,33568000,11
33558000,8,33559000,1,33557000,7,33560000,5,33556000,7,33561000,6,33555000,11,33562000,10,33554000,11,33563000,10,33553000,12,33564000,12,33552000,9,33565000,11,33551000,15,33566000,13,33550000,21,33567000,10,33549000,11,33568000,11
33562000,2,33563000,2,33561000,3,33564000,5,33560000,8,33565000,7,33559000,10,33566000,12,33558000,17,33567000,9,33557000,8,33568000,11,33556000,8,33569000,11,33555000,12,33570000,12,33554000,12,33571000,7,33553000,11,33572000,14
33563000,3,33565000,4,33562000,7,33566000,4,33561000,5,33567000,8,33560000,19,33568000,9,33559000,13,33569000,11,33558000,17,33570000,13,33557000,11,33571000,7,33556000,12,33572000,14,33555000,10,33573000,8,33554000,11,33574000,16
33563000,7,33566000,4,33562000,7,33567000,7,33561000,5,33568000,10,33560000,20,33569000,9,33559000,15,33570000,12,33558000,17,33571000,8,33557000,11,33572000,14,33556000,12,33573000,8,33555000,10,33574000,16,33554000,12,33575000,12
33564000,2,33565000,1,33563000,7,33566000,5,33562000,11,33567000,7,33561000,8,33568000,9,33560000,21,33569000,10,33559000,14,33570000,13,33558000,18,33571000,10,33557000,10,33572000,15,33556000,11,33573000,9,33555000,11,33574000,16
33562000,3,33564000,3,33561000,11,33565000,7,33560000,10,33566000,6,33559000,11,33567000,8,33558000,9,33568000,12,33557000,10,33569000,12,33556000,10,33570000,19,33555000,13,33571000,9,33554000,12,33572000,14,33553000,11,33573000,8
33564000,2,33565000,4,33563000,12,33566000,4,33562000,6,33567000,6,33561000,7,33568000,9,33560000,11,33569000,11,33559000,12,33570000,16,33558000,19,33571000,9,33557000,11,33572000,14,33556000,12,33573000,8,33555000,12,33574000,16
33558000,11,33560000,3,33557000,7,33561000,9,33556000,9,33562000,9,33555000,13,33563000,7,33554000,12,33564000,6,33553000,12,33565000,9,33552000,12,33566000,12,33551000,15,33567000,11,33550000,40,33568000,13,33549000,11,33569000,11
33560000,2,33561000,2,33559000,5,33562000,4,33558000,6,33563000,5,33557000,8,33564000,5,33556000,10,33565000,8,33555000,12,33566000,12,33554000,14,33567000,10,33553000,14,33568000,12,33552000,13,33569000,12,33551000,15,33570000,14
33559000,2,33561000,4,33558000,6,33562000,6,33557000,8,33563000,12,33556000,10,33564000,5,33555000,14,33565000,8,33554000,13,33566000,12,33553000,14,33567000,10,33552000,12,33568000,13,33551000,15,33569000,13,33550000,40,33570000,14
33556000,7,33558000,2,33555000,10,33559000,6,33554000,10,33560000,6,33553000,14,33561000,5,33552000,13,33562000,6,33551000,16,33563000,15,33550000,40,33564000,8,33549000,11,33565000,10,33548000,12,33566000,11,33547000,12,33567000,10
33560000,1,33561000,3,33559000,4,33562000,6,33558000,7,33563000,11,33557000,9,33564000,5,33556000,9,33565000,7,33555000,11,33566000,12,33554000,12,33567000,11,33553000,13,33568000,14,33552000,13,33569000,13,33551000,15,33570000,15
33556000,4,33558000,3,33555000,6,33559000,4,33554000,8,33560000,5,33553000,13,33561000,4,33552000,13,33562000,10,33551000,17,33563000,16,33550000,41,33564000,8,33549000,11,33565000,10,33548000,12,33566000,11,33547000,12,33567000,10
33556000,3,33558000,1,33555000,5,33559000,3,33554000,8,33560000,5,33553000,10,33561000,4,33552000,10,33562000,9,33551000,15,33563000,6,33550000,39,33564000,9,33549000,11,33565000,16,33548000,12,33566000,11,33547000,12,33567000,10
33553000,8,33554000,2,33552000,4,33555000,4,33551000,6,33556000,7,33550000,39,33557000,5,33549000,14,33558000,6,33548000,12,33559000,11,33547000,12,33560000,13,33546000,12,33561000,13,33545000,12,33562000,11,33544000,10,33563000,7
33550000,32,33552000,3,33549000,9,33553000,5,33548000,10,33554000,6,33547000,13,33555000,6,33546000,12,33556000,7,33545000,12,33557000,9,33544000,10,33558000,10,33543000,12,33559000,12,33542000,11,33560000,11,33541000,11,33561000,13
33547000,3,33549000,4,33546000,9,33550000,4,33545000,12,33551000,8,33544000,9,33552000,7,33543000,14,33553000,9,33542000,13,33554000,12,33541000,9,33555000,12,33540000,12,33556000,9,33539000,9,33557000,7,33538000,11,33558000,8
33550000,2,33551000,1,33549000,3,33552000,5,33548000,4,33553000,8,33547000,5,33554000,12,33546000,10,33555000,10,33545000,13,33556000,8,33544000,11,33557000,8,33543000,12,33558000,9,33542000,12,33559000,11,33541000,10,33560000,12
33548000,3,33550000,3,33547000,5,33551000,8,33546000,7,33552000,7,33545000,13,33553000,9,33544000,10,33554000,12,33543000,12,33555000,20,33542000,12,33556000,11,33541000,10,33557000,8,33540000,12,33558000,9,33539000,8,33559000,11
33550000,2,33552000,4,33549000,5,33553000,9,33548000,7,33554000,11,33547000,8,33555000,18,33546000,9,33556000,10,33545000,14,33557000,10,33544000,11,33558000,9,33543000,12,33559000,11,33542000,12,33560000,11,33541000,10,33561000,8
33548000,7,33549000,1,33547000,7,33551000,5,33546000,8,33552000,8,33545000,12,33553000,9,33544000,9,33554000,8,33543000,13,33555000,19,33542000,13,33556000,11,33541000,10,33557000,11,33540000,13,33558000,12,33539000,8,33559000,11
33549000,3,33551000,2,33548000,7,33552000,5,33547000,4,33553000,10,33546000,7,33554000,10,33545000,12,33555000,18,33544000,9,33556000,11,33543000,12,33557000,9,33542000,12,33558000,12,33541000,11,33559000,11,33540000,14,33560000,11
33552000,5,33553000,1,33551000,6,33555000,17,33550000,7,33556000,10,33549000,7,33557000,9,33548000,9,33558000,9,33547000,7,33559000,12,33546000,11,33560000,11,33545000,12,33561000,8,33544000,9,33562000,10,33543000,11,33563000,7
33551000,1,33553000,4,33550000,7,33554000,7,33549000,5,33555000,13,33548000,8,33556000,8,33547000,9,33557000,10,33546000,11,33558000,12,33545000,13,33559000,14,33544000,9,33560000,15,33543000,11,33561000,8,33542000,11,33562000,10
33554000,1,33555000,12,33553000,4,33556000,7,33552000,5,33557000,8,33551000,12,33558000,9,33550000,9,33559000,15,33549000,9,33560000,13,33548000,12,33561000,8,33547000,8,33562000,10,33546000,11,33563000,7,33545000,12,33564000,12
33555000,6,33556000,1,33554000,9,33557000,5,33553000,7,33558000,9,33552000,5,33559000,13,33551000,13,33560000,12,33550000,11,33561000,9,33549000,9,33562000,10,33548000,12,33563000,7,33547000,8,33564000,12,33546000,10,33565000,9
33559000,2,33561000,3,33558000,5,33562000,11,33557000,7,33563000,8,33556000,10,33564000,11,33555000,12,33565000,10,33554000,16,33566000,11,33553000,12,33567000,10,33552000,12,33568000,12,33551000,13,33569000,13,33550000,12,33570000,14
33554000,2,33556000,3,33553000,9,33557000,5,33552000,10,33558000,7,33551000,14,33559000,9,33550000,12,33560000,8,33549000,10,33561000,11,33548000,12,33562000,14,33547000,8,33563000,11,33546000,11,33564000,10,33545000,11,33565000,9
33557000,1,33558000,2,33556000,2,33559000,8,33555000,8,33560000,6,33554000,8,33561000,7,33553000,9,33562000,11,33552000,15,33563000,11,33551000,15,33564000,9,33550000,23,33565000,9,33549000,10,33566000,11,33548000,12,33567000,10
33554000,2,33555000,2,33553000,6,33556000,5,33552000,13,33557000,10,33551000,15,33558000,14,33550000,23,33559000,9,33549000,10,33560000,8,33548000,12,33561000,10,33547000,8,33562000,15,33546000,11,33563000,10,33545000,10,33564000,9
33557000,1,33558000,8,33556000,5,33559000,9,33555000,7,33560000,17,33554000,7,33561000,9,33553000,8,33562000,13,33552000,8,33563000,9,33551000,9,33564000,10,33550000,24,33565000,9,33549000,12,33566000,11,33548000,13,33567000,9
33555000,8,33557000,1,33554000,7,33558000,4,33553000,12,33559000,4,33552000,10,33560000,6,33551000,9,33561000,9,33550000,25,33562000,12,33549000,11,33563000,10,33548000,13,33564000,12,33547000,8,33565000,9,33546000,11,33566000,11
33551000,5,33553000,1,33550000,21,33554000,4,33549000,13,33555000,5,33548000,13,33556000,5,33547000,10,33557000,8,33546000,12,33558000,10,33545000,10,33559000,10,33544000,10,33560000,12,33543000,11,33561000,9,33542000,11,33562000,14
33548000,2,33550000,4,33547000,6,33551000,8,33546000,11,33552000,9,33545000,9,33553000,9,33544000,13,33554000,10,33543000,11,33555000,11,33542000,11,33556000,10,33541000,10,33557000,9,33540000,13,33558000,12,33539000,8,33559000,8
33545000,7,33548000,4,33544000,8,33549000,4,33543000,11,33550000,6,33542000,12,33551000,5,33541000,11,33552000,10,33540000,14,33553000,11,33539000,9,33554000,13,33538000,11,33555000,22,33537000,9,33556000,9,33536000,9,33557000,9
33544000,1,33546000,4,33543000,8,33547000,6,33542000,10,33548000,8,33541000,8,33549000,7,33540000,13,33550000,11,33539000,10,33551000,10,33538000,12,33552000,13,33537000,8,33553000,12,33536000,9,33554000,12,33535000,10,33555000,21
33544000,9,33547000,5,33543000,7,33548000,4,33542000,9,33549000,9,33541000,9,33550000,13,33540000,14,33551000,10,33539000,11,33552000,12,33538000,11,33553000,12,33537000,8,33554000,13,33536000,9,33555000,21,33535000,11,33556000,10
33541000,4,33543000,1,33540000,13,33544000,8,33539000,7,33545000,8,33538000,8,33546000,9,33537000,11,33547000,11,33536000,11,33548000,9,33535000,11,33549000,13,33534000,11,33550000,18,33533000,13,33551000,12,33532000,12,33552000,10
33537000,6,33539000,2,33536000,8,33540000,4,33535000,9,33541000,4,33534000,11,33542000,8,33533000,15,33543000,9,33532000,12,33544000,9,33531000,12,33545000,11,33530000,29,33546000,14,33529000,10,33547000,12,33528000,11,33548000,12
33538000,5,33540000,2,33537000,7,33541000,4,33536000,8,33542000,8,33535000,10,33543000,9,33534000,9,33544000,9,33533000,15,33545000,10,33532000,12,33546000,14,33531000,12,33547000,12,33530000,29,33548000,11,33529000,10,33549000,11
33538000,5,33540000,2,33537000,8,33541000,5,33536000,7,33542000,8,33535000,10,33543000,9,33534000,9,33544000,9,33533000,15,33545000,9,33532000,12,33546000,14,33531000,12,33547000,12,33530000,29,33548000,11,33529000,10,33549000,11
33539000,2,33540000,2,33538000,6,33541000,3,33537000,11,33542000,8,33536000,9,33543000,10,33535000,9,33544000,8,33534000,8,33545000,11,33533000,16,33546000,14,33532000,14,33547000,11,33531000,12,33548000,11,33530000,29,33549000,11
33537000,4,33539000,3,33536000,7,33540000,9,33535000,7,33541000,7,33534000,9,33542000,8,33533000,15,33543000,9,33532000,13,33544000,7,33531000,13,33545000,12,33530000,29,33546000,14,33529000,8,33547000,12,33528000,11,33548000,11
33537000,5,33540000,6,33536000,9,33541000,7,33535000,7,33542000,7,33534000,8,33543000,9,33533000,15,33544000,7,33532000,13,33545000,12,33531000,13,33546000,14,33530000,29,33547000,11,33529000,8,33548000,11,33528000,11,33549000,11
33537000,4,33539000,1,33536000,9,33540000,6,33535000,9,33541000,7,33534000,7,33542000,8,33533000,15,33543000,5,33532000,13,33544000,9,33531000,13,33545000,12,33530000,29,33546000,14,33529000,8,33547000,11,33528000,11,33548000,11
33538000,2,33540000,8,33537000,4,33541000,7,33536000,9,33542000,8,33535000,10,33543000,6,33534000,8,33544000,9,33533000,15,33545000,12,33532000,13,33546000,14,33531000,13,33547000,11,33530000,29,33548000,11,33529000,8,33549000,11
33544000,6,33546000,1,33543000,8,33547000,5,33542000,9,33548000,7,33541000,7,33549000,10,33540000,7,33550000,17,33539000,11,33551000,10,33538000,12,33552000,14,33537000,11,33553000,11,33536000,10,33554000,13,33535000,10,33555000,21
33540000,6,33543000,4,33539000,7,33544000,4,33538000,9,33545000,7,33537000,8,33546000,4,33536000,10,33547000,8,33535000,11,33548000,13,33534000,10,33549000,13,33533000,13,33550000,19,33532000,12,33551000,11,33531000,12,33552000,12
33544000,2,33545000,3,33543000,5,33546000,3,33542000,11,33547000,6,33541000,6,33548000,7,33540000,10,33549000,11,33539000,10,33550000,14,33538000,12,33551000,10,33537000,13,33552000,12,33536000,11,33553000,11,33535000,9,33554000,13
33540000,7,33542000,2,33539000,7,33543000,6,33538000,10,33544000,7,33537000,10,33545000,10,33536000,10,33546000,6,33535000,10,33547000,8,33534000,10,33548000,12,33533000,13,33549000,13,33532000,12,33550000,16,33531000,12,33551000,11
33537000,3,33539000,4,33536000,7,33540000,7,33535000,8,33541000,7,33534000,8,33542000,8,33533000,15,33543000,9,33532000,13,33544000,9,33531000,12,33545000,13,33530000,28,33546000,10,33529000,8,33547000,10,33528000,13,33548000,12
33538000,1,33540000,6,33537000,7,33541000,5,33536000,9,33542000,7,33535000,4,33543000,9,33534000,8,33544000,11,33533000,14,33545000,12,33532000,13,33546000,12,33531000,13,33547000,8,33530000,38,33548000,12,33529000,8,33549000,11
33542000,1,33544000,5,33541000,5,33545000,10,33540000,10,33546000,9,33539000,7,33547000,7,33538000,6,33548000,11,33537000,9,33549000,14,33536000,11,33550000,15,33535000,9,33551000,11,33534000,10,33552000,12,33533000,13,33553000,11
33541000,2,33542000,1,33540000,9,33543000,6,33539000,7,33544000,4,33538000,6,33545000,11,33537000,10,33546000,10,33536000,11,33547000,8,33535000,9,33548000,12,33534000,10,33549000,13,33533000,13,33550000,15,33532000,12,33551000,11
33544000,2,33545000,3,33543000,1,33546000,8,33542000,7,33547000,6,33541000,8,33548000,8,33540000,8,33549000,12,33539000,9,33550000,15,33538000,10,33551000,11,33537000,11,33552000,12,33536000,11,33553000,11,33535000,8,33554000,14
33542000,2,33544000,3,33541000,5,33545000,6,33540000,9,33546000,6,33539000,8,33547000,6,33538000,8,33548000,10,33537000,11,33549000,12,33536000,10,33550000,15,33535000,8,33551000,13,33534000,9,33552000,13,33533000,13,33553000,11
33545000,1,33546000,1,33544000,6,33547000,4,33543000,6,33548000,8,33542000,8,33549000,10,33541000,7,33550000,14,33540000,11,33551000,9,33539000,11,33552000,14,33538000,10,33553000,12,33537000,10,33554000,13,33536000,10,33555000,22
33546000,3,33548000,5,33545000,4,33549000,9,33544000,6,33550000,13,33543000,7,33551000,9,33542000,8,33552000,14,33541000,8,33553000,12,33540000,13,33554000,13,33539000,11,33555000,22,33538000,10,33556000,9,33537000,9,33557000,9
33545000,7,33547000,2,33544000,7,33548000,7,33543000,7,33549000,8,33542000,7,33550000,13,33541000,8,33551000,8,33540000,12,33552000,13,33539000,12,33553000,12,33538000,10,33554000,14,33537000,10,33555000,22,33536000,11,33556000,9
33546000,3,33548000,1,33545000,7,33549000,7,33544000,6,33550000,10,33543000,6,33551000,9,33542000,9,33552000,12,33541000,9,33553000,10,33540000,13,33554000,14,33539000,11,33555000,22,33538000,9,33556000,9,33537000,11,33557000,8
33551000,2,33552000,3,33550000,13,33553000,4,33549000,8,33554000,10,33548000,9,33555000,21,33547000,10,33556000,9,33546000,9,33557000,8,33545000,12,33558000,16,33544000,9,33559000,6,33543000,8,33560000,20,33542000,11,33561000,8
33553000,2,33555000,18,33552000,6,33556000,7,33551000,6,33557000,8,33550000,12,33558000,11,33549000,9,33559000,7,33548000,11,33560000,21,33547000,13,33561000,8,33546000,11,33562000,12,33545000,11,33563000,8,33544000,8,33564000,13
33555000,5,33557000,2,33554000,8,33558000,10,33553000,7,33559000,6,33552000,6,33560000,19,33551000,8,33561000,8,33550000,14,33562000,13,33549000,11,33563000,8,33548000,13,33564000,10,33547000,14,33565000,8,33546000,10,33566000,10
33555000,3,33557000,2,33554000,10,33558000,8,33553000,7,33559000,7,33552000,5,33560000,18,33551000,10,33561000,8,33550000,16,33562000,11,33549000,11,33563000,10,33548000,13,33564000,10,33547000,13,33565000,8,33546000,12,33566000,10
33555000,4,33558000,7,33554000,11,33559000,7,33553000,8,33560000,18,33552000,7,33561000,6,33551000,9,33562000,12,33550000,16,33563000,9,33549000,10,33564000,10,33548000,13,33565000,8,33547000,13,33566000,10,33546000,12,33567000,8
33555000,4,33557000,3,33554000,9,33558000,6,33553000,8,33559000,7,33552000,7,33560000,16,33551000,9,33561000,8,33550000,14,33562000,14,33549000,10,33563000,9,33548000,11,33564000,11,33547000,13,33565000,8,33546000,12,33566000,10
33551000,5,33554000,6,33550000,23,33555000,5,33549000,9,33556000,6,33548000,12,33557000,6,33547000,13,33558000,9,33546000,13,33559000,9,33545000,10,33560000,20,33544000,9,33561000,9,33543000,10,33562000,12,33542000,12,33563000,9
33555000,2,33556000,2,33554000,4,33557000,5,33553000,7,33558000,6,33552000,8,33559000,6,33551000,7,33560000,18,33550000,22,33561000,11,33549000,8,33562000,11,33548000,13,33563000,9,33547000,14,33564000,10,33546000,13,33565000,8
33556000,3,33558000,4,33555000,6,33559000,5,33554000,6,33560000,8,33553000,7,33561000,8,33552000,8,33562000,9,33551000,10,33563000,9,33550000,26,33564000,10,33549000,11,33565000,8,33548000,13,33566000,11,33547000,13,33567000,8
33558000,6,33561000,4,33557000,6,33562000,8,33556000,6,33563000,8,33555000,7,33564000,9,33554000,9,33565000,8,33553000,8,33566000,12,33552000,10,33567000,8,33551000,12,33568000,13,33550000,25,33569000,12,33549000,11,33570000,16
33558000,3,33560000,5,33557000,4,33561000,3,33556000,5,33562000,4,33555000,9,33563000,6,33554000,8,33564000,7,33553000,11,33565000,8,33552000,11,33566000,17,33551000,10,33567000,10,33550000,26,33568000,14,33549000,11,33569000,12
33554000,5,33556000,1,33553000,5,33557000,4,33552000,8,33558000,3,33551000,10,33559000,35,33550000,27,33560000,11,33549000,12,33561000,10,33548000,13,33562000,10,33547000,13,33563000,8,33546000,12,33564000,8,33545000,11,33565000,9
33556000,1,33557000,1,33555000,3,33558000,5,33554000,6,33559000,34,33553000,5,33560000,10,33552000,9,33561000,10,33551000,10,33562000,8,33550000,27,33563000,8,33549000,12,33564000,8,33548000,13,33565000,9,33547000,13,33566000,15
33561000,3,33563000,3,33560000,7,33564000,8,33559000,4,33565000,8,33558000,6,33566000,13,33557000,5,33567000,8,33556000,10,33568000,14,33555000,10,33569000,12,33554000,10,33570000,14,33553000,9,33571000,9,33552000,11,33572000,10
33564000,1,33565000,2,33563000,3,33566000,11,33562000,4,33567000,7,33561000,5,33568000,10,33560000,8,33569000,11,33559000,6,33570000,16,33558000,9,33571000,9,33557000,7,33572000,10,33556000,8,33573000,8,33555000,11,33574000,17
33561000,1,33563000,4,33560000,6,33564000,5,33559000,4,33565000,4,33558000,7,33566000,12,33557000,7,33567000,8,33556000,9,33568000,11,33555000,11,33569000,13,33554000,9,33570000,17,33553000,9,33571000,9,33552000,11,33572000,10
33558000,4,33560000,2,33557000,4,33561000,4,33556000,4,33562000,6,33555000,10,33563000,6,33554000,12,33564000,7,33553000,10,33565000,7,33552000,11,33566000,15,33551000,10,33567000,10,33550000,26,33568000,14,33549000,11,33569000,12
33560000,4,33562000,1,33559000,4,33563000,4,33558000,5,33564000,6,33557000,5,33565000,6,33556000,8,33566000,13,33555000,10,33567000,9,33554000,11,33568000,14,33553000,10,33569000,12,33552000,11,33570000,15,33551000,10,33571000,9
33565000,1,33566000,2,33564000,4,33567000,5,33563000,8,33568000,10,33562000,5,33569000,9,33561000,7,33570000,14,33560000,12,33571000,10,33559000,7,33572000,10,33558000,10,33573000,8,33557000,7,33574000,17,33556000,9,33575000,12
33562000,2,33564000,3,33561000,5,33565000,7,33560000,6,33566000,9,33559000,7,33567000,9,33558000,10,33568000,10,33557000,8,33569000,10,33556000,10,33570000,17,33555000,11,33571000,10,33554000,11,33572000,10,33553000,9,33573000,8
33559000,4,33561000,6,33558000,5,33562000,6,33557000,4,33563000,7,33556000,7,33564000,10,33555000,10,33565000,9,33554000,13,33566000,12,33553000,9,33567000,10,33552000,12,33568000,12,33551000,10,33569000,13,33550000,27,33570000,15
33555000,2,33557000,4,33554000,4,33558000,4,33553000,6,33559000,6,33552000,10,33560000,9,33551000,12,33561000,11,33550000,29,33562000,10,33549000,11,33563000,11,33548000,12,33564000,14,33547000,13,33565000,10,33546000,13,33566000,12
33556000,4,33558000,2,33555000,5,33559000,4,33554000,7,33560000,9,33553000,5,33561000,9,33552000,13,33562000,8,33551000,11,33563000,9,33550000,28,33564000,14,33549000,11,33565000,10,33548000,12,33566000,12,33547000,13,33567000,10
33554000,5,33557000,5,33553000,5,33558000,7,33552000,10,33559000,7,33551000,10,33560000,7,33550000,29,33561000,12,33549000,11,33562000,9,33548000,12,33563000,11,33547000,13,33564000,11,33546000,11,33565000,10,33545000,10,33566000,11
33557000,1,33558000,4,33556000,2,33559000,8,33555000,4,33560000,9,33554000,9,33561000,12,33553000,7,33562000,8,33552000,6,33563000,10,33551000,11,33564000,9,33550000,29,33565000,10,33549000,10,33566000,12,33548000,12,33567000,10
33555000,1,33556000,2,33554000,9,33557000,5,33553000,6,33558000,5,33552000,6,33559000,3,33551000,11,33560000,8,33550000,29,33561000,11,33549000,11,33562000,9,33548000,12,33563000,11,33547000,13,33564000,10,33546000,11,33565000,10
33555000,6,33557000,3,33554000,7,33558000,4,33553000,7,33559000,4,33552000,3,33560000,10,33551000,8,33561000,13,33550000,25,33562000,11,33549000,10,33563000,10,33548000,16,33564000,9,33547000,13,33565000,10,33546000,11,33566000,12
33560000,2,33561000,2,33559000,4,33562000,6,33558000,6,33563000,6,33557000,5,33564000,9,33556000,8,33565000,9,33555000,10,33566000,13,33554000,9,33567000,10,33553000,12,33568000,12,33552000,10,33569000,12,33551000,11,33570000,18
33562000,3,33563000,2,33561000,3,33564000,3,33560000,7,33565000,6,33559000,8,33566000,12,33558000,9,33567000,10,33557000,10,33568000,11,33556000,11,33569000,12,33555000,9,33570000,15,33554000,10,33571000,9,33553000,10,33572000,11
33563000,5,33566000,7,33562000,6,33567000,7,33561000,4,33568000,9,33560000,8,33569000,11,33559000,9,33570000,17,33558000,11,33571000,10,33557000,12,33572000,10,33556000,11,33573000,8,33555000,10,33574000,17,33554000,9,33575000,12
33567000,5,33569000,4,33566000,8,33570000,5,33565000,5,33571000,8,33564000,6,33572000,7,33563000,6,33573000,10,33562000,12,33574000,17,33561000,8,33575000,12,33560000,12,33576000,12,33559000,10,33577000,10,33558000,11,33578000,14
33568000,4,33570000,1,33567000,6,33571000,5,33566000,8,33572000,5,33565000,6,33573000,7,33564000,10,33574000,15,33563000,8,33575000,10,33562000,11,33576000,14,33561000,8,33577000,10,33560000,11,33578000,13,33559000,9,33579000,7
33569000,5,33572000,5,33568000,6,33573000,5,33567000,6,33574000,15,33566000,9,33575000,9,33565000,8,33576000,11,33564000,10,33577000,10,33563000,8,33578000,13,33562000,11,33579000,7,33561000,7,33580000,14,33560000,11,33581000,8
33570000,1,33572000,4,33569000,4,33573000,7,33568000,7,33574000,15,33567000,7,33575000,10,33566000,11,33576000,11,33565000,6,33577000,10,33564000,9,33578000,13,33563000,8,33579000,7,33562000,10,33580000,14,33561000,8,33581000,8
33568000,5,33571000,5,33567000,5,33572000,7,33566000,9,33573000,8,33565000,6,33574000,14,33564000,9,33575000,10,33563000,9,33576000,13,33562000,9,33577000,11,33561000,8,33578000,14,33560000,11,33579000,7,33559000,9,33580000,14
33564000,9,33567000,4,33563000,7,33568000,8,33562000,5,33569000,9,33561000,7,33570000,7,33560000,13,33571000,10,33559000,10,33572000,13,33558000,13,33573000,10,33557000,9,33574000,18,33556000,11,33575000,13,33555000,10,33576000,12
33566000,1,33567000,1,33565000,6,33568000,8,33564000,7,33569000,10,33563000,8,33570000,9,33562000,7,33571000,10,33561000,8,33572000,13,33560000,13,33573000,10,33559000,12,33574000,18,33558000,13,33575000,13,33557000,9,33576000,12
33569000,3,33571000,1,33568000,6,33572000,8,33567000,6,33573000,7,33566000,5,33574000,14,33565000,9,33575000,12,33564000,10,33576000,13,33563000,9,33577000,10,33562000,11,33578000,13,33561000,9,33579000,7,33560000,11,33580000,14
33571000,2,33573000,2,33570000,6,33574000,15,33569000,4,33575000,12,33568000,5,33576000,10,33567000,7,33577000,10,33566000,9,33578000,13,33565000,12,33579000,7,33564000,10,33580000,14,33563000,9,33581000,8,33562000,9,33582000,13
33571000,1,33572000,2,33570000,5,33573000,5,33569000,4,33574000,13,33568000,6,33575000,11,33567000,8,33576000,10,33566000,9,33577000,9,33565000,12,33578000,12,33564000,10,33579000,9,33563000,8,33580000,14,33562000,9,33581000,8
33573000,5,33574000,8,33572000,1,33575000,8,33571000,6,33576000,8,33570000,9,33577000,9,33569000,8,33578000,12,33568000,8,33579000,8,33567000,9,33580000,14,33566000,10,33581000,8,33565000,10,33582000,12,33564000,9,33583000,10
33569000,4,33571000,1,33568000,5,33572000,5,33567000,5,33573000,6,33566000,9,33574000,7,33565000,11,33575000,6,33564000,13,33576000,7,33563000,9,33577000,12,33562000,9,33578000,15,33561000,8,33579000,11,33560000,12,33580000,16
33569000,4,33571000,1,33568000,5,33572000,7,33567000,5,33573000,7,33566000,6,33574000,8,33565000,11,33575000,6,33564000,14,33576000,11,33563000,10,33577000,13,33562000,9,33578000,14,33561000,8,33579000,10,33560000,12,33580000,17
33568000,1,33570000,4,33567000,6,33571000,6,33566000,6,33572000,7,33565000,8,33573000,6,33564000,9,33574000,6,33563000,11,33575000,13,33562000,11,33576000,12,33561000,8,33577000,15,33560000,12,33578000,13,33559000,9,33579000,10
33571000,3,33573000,1,33570000,9,33574000,4,33569000,5,33575000,8,33568000,6,33576000,9,33567000,6,33577000,14,33566000,12,33578000,11,33565000,10,33579000,11,33564000,10,33580000,17,33563000,10,33581000,10,33562000,9,33582000,11
33570000,5,33571000,2,33569000,3,33572000,6,33568000,7,33573000,5,33567000,5,33574000,7,33566000,8,33575000,12,33565000,10,33576000,9,33564000,10,33577000,13,33563000,10,33578000,15,33562000,9,33579000,11,33561000,9,33580000,17
33567000,1,33568000,2,33566000,6,33569000,6,33565000,9,33570000,5,33564000,8,33571000,7,33563000,11,33572000,10,33562000,11,33573000,10,33561000,9,33574000,13,33560000,14,33575000,13,33559000,9,33576000,14,33558000,11,33577000,11
33569000,1,33570000,1,33568000,6,33571000,4,33567000,6,33572000,8,33566000,5,33573000,9,33565000,9,33574000,12,33564000,9,33575000,13,33563000,10,33576000,14,33562000,10,33577000,11,33561000,10,33578000,12,33560000,14,33579000,10
33567000,5,33569000,1,33566000,4,33570000,3,33565000,9,33571000,5,33564000,8,33572000,6,33563000,11,33573000,10,33562000,11,33574000,11,33561000,10,33575000,13,33560000,14,33576000,14,33559000,10,33577000,11,33558000,11,33578000,12
33568000,4,33570000,2,33567000,5,33571000,4,33566000,5,33572000,6,33565000,10,33573000,10,33564000,9,33574000,14,33563000,11,33575000,12,33562000,10,33576000,12,33561000,10,33577000,11,33560000,14,33578000,12,33559000,10,33579000,10
33568000,4,33570000,2,33567000,6,33571000,5,33566000,6,33572000,6,33565000,9,33573000,9,33564000,9,33574000,14,33563000,11,33575000,12,33562000,10,33576000,12,33561000,10,33577000,11,33560000,14,33578000,12,33559000,10,33579000,10
33564000,5,33566000,1,33563000,7,33567000,6,33562000,6,33568000,4,33561000,7,33569000,10,33560000,15,33570000,10,33559000,11,33571000,13,33558000,11,33572000,16,33557000,7,33573000,11,33556000,9,33574000,14,33555000,10,33575000,12
33566000,1,33567000,1,33565000,4,33568000,5,33564000,6,33569000,12,33563000,7,33570000,9,33562000,7,33571000,13,33561000,10,33572000,14,33560000,16,33573000,11,33559000,11,33574000,15,33558000,11,33575000,12,33557000,7,33576000,13
33570000,1,33571000,1,33569000,4,33572000,5,33568000,5,33573000,11,33567000,4,33574000,11,33566000,7,33575000,11,33565000,6,33576000,14,33564000,11,33577000,11,33563000,10,33578000,12,33562000,10,33579000,10,33561000,9,33580000,15
33571000,3,33573000,4,33570000,6,33574000,10,33569000,7,33575000,9,33568000,4,33576000,13,33567000,9,33577000,12,33566000,8,33578000,12,33565000,9,33579000,10,33564000,11,33580000,15,33563000,10,33581000,10,33562000,9,33582000,14
33575000,2,33576000,1,33574000,6,33577000,7,33573000,6,33578000,12,33572000,8,33579000,9,33571000,14,33580000,16,33570000,11,33581000,9,33569000,12,33582000,12,33568000,7,33583000,9,33567000,10,33584000,9,33566000,9,33585000,9
33572000,1,33573000,1,33571000,8,33574000,3,33570000,7,33575000,5,33569000,10,33576000,8,33568000,8,33577000,7,33567000,15,33578000,13,33566000,12,33579000,11,33565000,7,33580000,17,33564000,10,33581000,12,33563000,9,33582000,14
33568000,5,33570000,1,33567000,10,33571000,4,33566000,10,33572000,7,33565000,8,33573000,9,33564000,12,33574000,11,33563000,12,33575000,10,33562000,9,33576000,13,33561000,9,33577000,10,33560000,14,33578000,13,33559000,9,33579000,10
33566000,3,33567000,1,33565000,4,33568000,5,33564000,11,33569000,5,33563000,12,33570000,9,33562000,10,33571000,11,33561000,12,33572000,11,33560000,15,33573000,12,33559000,9,33574000,14,33558000,11,33575000,11,33557000,8,33576000,11
33570000,1,33571000,1,33569000,5,33572000,5,33568000,6,33573000,7,33567000,7,33574000,12,33566000,7,33575000,10,33565000,8,33576000,10,33564000,13,33577000,9,33563000,12,33578000,13,33562000,13,33579000,10,33561000,12,33580000,17
33571000,1,33572000,1,33570000,4,33573000,6,33569000,4,33574000,11,33568000,6,33575000,9,33567000,9,33576000,9,33566000,8,33577000,11,33565000,11,33578000,14,33564000,13,33579000,10,33563000,12,33580000,17,33562000,11,33581000,12
33570000,2,33571000,1,33569000,5,33572000,6,33568000,6,33573000,6,33567000,10,33574000,12,33566000,9,33575000,10,33565000,10,33576000,10,33564000,12,33577000,9,33563000,11,33578000,14,33562000,11,33579000,11,33561000,12,33580000,17
33571000,5,33573000,1,33570000,6,33574000,9,33569000,7,33575000,7,33568000,6,33576000,11,33567000,8,33577000,9,33566000,10,33578000,14,33565000,9,33579000,10,33564000,12,33580000,17,33563000,11,33581000,12,33562000,11,33582000,16
33570000,2,33572000,4,33569000,4,33573000,6,33568000,5,33574000,6,33567000,11,33575000,10,33566000,9,33576000,8,33565000,11,33577000,10,33564000,11,33578000,15,33563000,10,33579000,10,33562000,11,33580000,17,33561000,12,33581000,14
33567000,1,33568000,2,33566000,5,33569000,5,33565000,8,33570000,10,33564000,10,33571000,10,33563000,12,33572000,9,33562000,11,33573000,11,33561000,14,33574000,10,33560000,14,33575000,14,33559000,9,33576000,11,33558000,13,33577000,10
33564000,1,33566000,6,33563000,9,33567000,19,33562000,8,33568000,7,33561000,14,33569000,8,33560000,17,33570000,12,33559000,11,33571000,12,33558000,12,33572000,12,33557000,7,33573000,12,33556000,9,33574000,12,33555000,10,33575000,11
33560000,3,33561000,2,33559000,9,33562000,5,33558000,10,33563000,5,33557000,10,33564000,7,33556000,11,33565000,9,33555000,12,33566000,11,33554000,10,33567000,10,33553000,7,33568000,13,33552000,10,33569000,12,33551000,11,33570000,15
33559000,1,33561000,5,33558000,8,33562000,7,33557000,7,33563000,7,33556000,10,33564000,8,33555000,15,33565000,11,33554000,12,33566000,13,33553000,8,33567000,9,33552000,10,33568000,13,33551000,10,33569000,10,33550000,26,33570000,15
33559000,4,33561000,3,33558000,7,33562000,8,33557000,7,33563000,9,33556000,11,33564000,9,33555000,13,33565000,10,33554000,13,33566000,14,33553000,9,33567000,11,33552000,12,33568000,12,33551000,10,33569000,10,33550000,26,33570000,16
33562000,3,33564000,2,33561000,6,33565000,5,33560000,4,33566000,9,33559000,8,33567000,9,33558000,8,33568000,11,33557000,11,33569000,10,33556000,14,33570000,16,33555000,14,33571000,11,33554000,13,33572000,15,33553000,7,33573000,11
33561000,1,33562000,1,33560000,2,33563000,4,33559000,8,33564000,6,33558000,6,33565000,8,33557000,11,33566000,10,33556000,13,33567000,10,33555000,15,33568000,12,33554000,12,33569000,14,33553000,7,33570000,17,33552000,10,33571000,11
33557000,1,33558000,1,33556000,5,33559000,4,33555000,11,33560000,6,33554000,9,33561000,7,33553000,13,33562000,8,33552000,10,33563000,11,33551000,11,33564000,10,33550000,26,33565000,15,33549000,8,33566000,13,33548000,11,33567000,9
33555000,7,33558000,6,33554000,9,33559000,7,33553000,11,33560000,9,33552000,8,33561000,12,33551000,12,33562000,11,33550000,29,33563000,9,33549000,8,33564000,11,33548000,11,33565000,13,33547000,12,33566000,13,33546000,12,33567000,9
33551000,3,33552000,4,33550000,35,33553000,2,33549000,8,33554000,9,33548000,12,33555000,5,33547000,15,33556000,7,33546000,14,33557000,9,33545000,10,33558000,10,33544000,8,33559000,13,33543000,11,33560000,15,33542000,11,33561000,11
33549000,3,33550000,2,33548000,5,33551000,4,33547000,9,33552000,6,33546000,8,33553000,7,33545000,12,33554000,10,33544000,11,33555000,11,33543000,12,33556000,11,33542000,11,33557000,11,33541000,9,33558000,14,33540000,15,33559000,11
33546000,2,33547000,1,33545000,7,33548000,7,33544000,6,33549000,7,33543000,11,33550000,6,33542000,10,33551000,9,33541000,12,33552000,10,33540000,12,33553000,9,33539000,8,33554000,13,33538000,10,33555000,12,33537000,10,33556000,11
33543000,4,33545000,2,33542000,7,33546000,6,33541000,8,33547000,8,33540000,10,33548000,9,33539000,9,33549000,13,33538000,13,33550000,9,33537000,10,33551000,13,33536000,9,33552000,11,33535000,9,33553000,13,33534000,12,33554000,12
33544000,5,33546000,2,33543000,6,33547000,8,33542000,7,33548000,9,33541000,8,33549000,12,33540000,11,33550000,9,33539000,9,33551000,12,33538000,12,33552000,11,33537000,10,33553000,13,33536000,9,33554000,12,33535000,9,33555000,12
33543000,5,33545000,3,33542000,8,33546000,6,33541000,7,33547000,6,33540000,20,33548000,8,33539000,11,33549000,9,33538000,11,33550000,9,33537000,10,33551000,14,33536000,9,33552000,11,33535000,9,33553000,13,33534000,12,33554000,12
33541000,2,33543000,8,33540000,16,33544000,7,33539000,8,33545000,11,33538000,10,33546000,8,33537000,10,33547000,13,33536000,12,33548000,15,33535000,7,33549000,14,33534000,11,33550000,13,33533000,13,33551000,9,33532000,13,33552000,10
33543000,1,33544000,3,33542000,5,33545000,24,33541000,6,33546000,9,33540000,7,33547000,11,33539000,7,33548000,13,33538000,10,33549000,15,33537000,10,33550000,14,33536000,12,33551000,9,33535000,9,33552000,11,33534000,11,33553000,11
33540000,16,33541000,1,33539000,5,33542000,5,33538000,9,33543000,8,33537000,9,33544000,10,33536000,12,33545000,12,33535000,9,33546000,10,33534000,12,33547000,11,33533000,13,33548000,15,33532000,13,33549000,15,33531000,12,33550000,13
33542000,2,33543000,4,33541000,7,33544000,5,33540000,8,33545000,11,33539000,7,33546000,6,33538000,12,33547000,11,33537000,9,33548000,14,33536000,12,33549000,18,33535000,9,33550000,13,33534000,12,33551000,9,33533000,13,33552000,11
33544000,4,33546000,5,33543000,5,33547000,10,33542000,8,33548000,10,33541000,7,33549000,14,33540000,12,33550000,11,33539000,9,33551000,9,33538000,15,33552000,11,33537000,10,33553000,11,33536000,10,33554000,12,33535000,8,33555000,10
33543000,2,33544000,4,33542000,5,33545000,7,33541000,6,33546000,8,33540000,11,33547000,11,33539000,9,33548000,12,33538000,15,33549000,16,33537000,10,33550000,14,33536000,9,33551000,11,33535000,8,33552000,11,33534000,11,33553000,11
33540000,2,33541000,2,33539000,5,33542000,4,33538000,12,33543000,6,33537000,9,33544000,8,33536000,10,33545000,10,33535000,9,33546000,12,33534000,12,33547000,12,33533000,13,33548000,14,33532000,13,33549000,16,33531000,12,33550000,13
33537000,4,33539000,4,33536000,4,33540000,5,33535000,4,33541000,10,33534000,11,33542000,8,33533000,17,33543000,13,33532000,16,33544000,14,33531000,14,33545000,14,33530000,24,33546000,11,33529000,8,33547000,11,33528000,10,33548000,13
33536000,5,33537000,5,33535000,5,33538000,4,33534000,11,33539000,8,33533000,14,33540000,6,33532000,15,33541000,10,33531000,14,33542000,11,33530000,24,33543000,13,33529000,8,33544000,13,33528000,10,33545000,14,33527000,6,33546000,11
33537000,1,33538000,3,33536000,3,33539000,5,33535000,7,33540000,7,33534000,10,33541000,12,33533000,10,33542000,12,33532000,14,33543000,14,33531000,13,33544000,11,33530000,25,33545000,12,33529000,9,33546000,12,33528000,10,33547000,11
33539000,3,33540000,2,33538000,6,33541000,7,33537000,4,33542000,7,33536000,6,33543000,12,33535000,9,33544000,11,33534000,12,33545000,14,33533000,16,33546000,12,33532000,15,33547000,11,33531000,14,33548000,13,33530000,23,33549000,17
33536000,5,33539000,7,33535000,10,33540000,7,33534000,11,33541000,24,33533000,15,33542000,9,33532000,16,33543000,11,33531000,14,33544000,13,33530000,23,33545000,14,33529000,8,33546000,13,33528000,10,33547000,11,33527000,6,33548000,13
33538000,3,33539000,14,33537000,6,33540000,3,33536000,7,33541000,22,33535000,8,33542000,10,33534000,9,33543000,12,33533000,15,33544000,12,33532000,16,33545000,15,33531000,15,33546000,12,33530000,24,33547000,13,33529000,8,33548000,13
33539000,2,33541000,20,33538000,10,33542000,9,33537000,8,33543000,11,33536000,6,33544000,10,33535000,9,33545000,14,33534000,10,33546000,14,33533000,14,33547000,13,33532000,17,33548000,13,33531000,15,33549000,17,33530000,23,33550000,12
33539000,2,33541000,20,33538000,10,33542000,9,33537000,8,33543000,11,33536000,6,33544000,10,33535000,9,33545000,14,33534000,10,33546000,14,33533000,14,33547000,13,33532000,17,33548000,13,33531000,15,33549000,17,33530000,23,33550000,12
33548000,1,33549000,13,33547000,1,33550000,8,33546000,4,33551000,7,33545000,25,33552000,11,33544000,5,33553000,11,33543000,8,33554000,12,33542000,8,33555000,10,33541000,12,33556000,11,33540000,12,33557000,7,33539000,8,33558000,13
33545000,25,33546000,2,33544000,3,33547000,5,33543000,5,33548000,5,33542000,7,33549000,9,33541000,13,33550000,10,33540000,18,33551000,10,33539000,10,33552000,12,33538000,11,33553000,13,33537000,12,33554000,13,33536000,12,33555000,9
33548000,45,33549000,8,33547000,2,33550000,7,33546000,6,33551000,8,33545000,7,33552000,12,33544000,7,33553000,12,33543000,9,33554000,14,33542000,11,33555000,10,33541000,12,33556000,11,33540000,20,33557000,7,33539000,9,33558000,13
33544000,6,33546000,3,33543000,7,33547000,6,33542000,10,33548000,10,33541000,13,33549000,9,33540000,19,33550000,10,33539000,12,33551000,10,33538000,10,33552000,11,33537000,12,33553000,12,33536000,12,33554000,13,33535000,9,33555000,10
33542000,5,33544000,4,33541000,11,33545000,6,33540000,19,33546000,8,33539000,11,33547000,7,33538000,10,33548000,11,33537000,14,33549000,10,33536000,12,33550000,11,33535000,9,33551000,12,33534000,12,33552000,13,33533000,15,33553000,11
33538000,1,33539000,1,33537000,4,33540000,5,33536000,9,33541000,6,33535000,12,33542000,8,33534000,13,33543000,10,33533000,17,33544000,7,33532000,15,33545000,14,33531000,13,33546000,11,33530000,15,33547000,10,33529000,8,33548000,11
33540000,3,33541000,1,33539000,5,33542000,5,33538000,5,33543000,7,33537000,7,33544000,7,33536000,11,33545000,13,33535000,12,33546000,9,33534000,14,33547000,11,33533000,16,33548000,11,33532000,15,33549000,10,33531000,13,33550000,11
33538000,5,33540000,2,33537000,5,33541000,6,33536000,11,33542000,7,33535000,11,33543000,8,33534000,12,33544000,7,33533000,17,33545000,12,33532000,14,33546000,9,33531000,13,33547000,11,33530000,15,33548000,12,33529000,8,33549000,10
33542000,4,33544000,2,33541000,6,33545000,7,33540000,7,33546000,7,33539000,8,33547000,9,33538000,10,33548000,11,33537000,13,33549000,12,33536000,11,33550000,11,33535000,14,33551000,9,33534000,14,33552000,12,33533000,14,33553000,11
33546000,1,33547000,1,33545000,6,33548000,6,33544000,6,33549000,8,33543000,6,33550000,9,33542000,9,33551000,11,33541000,12,33552000,13,33540000,13,33553000,12,33539000,10,33554000,13,33538000,13,33555000,11,33537000,10,33556000,10
33548000,3,33550000,5,33547000,4,33551000,5,33546000,5,33552000,11,33545000,8,33553000,11,33544000,8,33554000,14,33543000,11,33555000,11,33542000,13,33556000,10,33541000,11,33557000,8,33540000,11,33558000,13,33539000,9,33559000,10
33548000,3,33550000,5,33547000,4,33551000,5,33546000,5,33552000,11,33545000,8,33553000,11,33544000,8,33554000,14,33543000,11,33555000,11,33542000,13,33556000,10,33541000,11,33557000,8,33540000,11,33558000,13,33539000,9,33559000,10
33549000,2,33550000,1,33548000,7,33551000,4,33547000,7,33552000,5,33546000,8,33553000,9,33545000,13,33554000,13,33544000,10,33555000,11,33543000,12,33556000,11,33542000,13,33557000,9,33541000,10,33558000,13,33540000,13,33559000,10
33548000,4,33550000,2,33547000,5,33551000,5,33546000,5,33552000,6,33545000,9,33553000,12,33544000,10,33554000,12,33543000,13,33555000,13,33542000,13,33556000,11,33541000,11,33557000,8,33540000,14,33558000,12,33539000,9,33559000,10
33549000,1,33550000,5,33548000,1,33551000,6,33547000,5,33552000,6,33546000,7,33553000,12,33545000,7,33554000,12,33544000,9,33555000,13,33543000,13,33556000,11,33542000,13,33557000,8,33541000,12,33558000,12,33540000,15,33559000,10
33554000,1,33555000,1,33553000,4,33556000,4,33552000,5,33557000,7,33551000,7,33558000,11,33550000,10,33559000,12,33549000,9,33560000,15,33548000,10,33561000,11,33547000,10,33562000,12,33546000,10,33563000,7,33545000,12,33564000,12
33555000,3,33557000,2,33554000,9,33558000,6,33553000,6,33559000,8,33552000,7,33560000,14,33551000,12,33561000,13,33550000,16,33562000,13,33549000,10,33563000,8,33548000,10,33564000,11,33547000,8,33565000,9,33546000,9,33566000,11
33554000,4,33555000,2,33553000,4,33556000,6,33552000,7,33557000,8,33551000,12,33558000,9,33550000,13,33559000,10,33549000,11,33560000,15,33548000,10,33561000,13,33547000,8,33562000,14,33546000,10,33563000,8,33545000,11,33564000,11
33556000,3,33557000,8,33555000,5,33558000,4,33554000,9,33559000,6,33553000,8,33560000,13,33552000,8,33561000,13,33551000,14,33562000,14,33550000,15,33563000,9,33549000,13,33564000,11,33548000,10,33565000,10,33547000,8,33566000,11
33554000,3,33555000,2,33553000,3,33556000,5,33552000,8,33557000,7,33551000,10,33558000,10,33550000,13,33559000,9,33549000,13,33560000,13,33548000,11,33561000,13,33547000,8,33562000,13,33546000,10,33563000,8,33545000,11,33564000,11
33552000,1,33554000,6,33551000,5,33555000,5,33550000,12,33556000,5,33549000,11,33557000,10,33548000,11,33558000,12,33547000,11,33559000,8,33546000,10,33560000,16,33545000,11,33561000,12,33544000,11,33562000,13,33543000,14,33563000,7
33548000,1,33549000,2,33547000,7,33550000,6,33546000,8,33551000,9,33545000,12,33552000,5,33544000,10,33553000,10,33543000,14,33554000,12,33542000,14,33555000,13,33541000,9,33556000,10,33540000,13,33557000,10,33539000,9,33558000,13
33545000,6,33548000,5,33544000,9,33549000,7,33543000,13,33550000,7,33542000,11,33551000,10,33541000,11,33552000,6,33540000,15,33553000,12,33539000,8,33554000,15,33538000,12,33555000,13,33537000,9,33556000,9,33536000,9,33557000,9
33547000,2,33548000,2,33546000,6,33549000,6,33545000,5,33550000,11,33544000,6,33551000,13,33543000,8,33552000,7,33542000,12,33553000,12,33541000,10,33554000,14,33540000,15,33555000,11,33539000,9,33556000,9,33538000,12,33557000,8
33550000,3,33551000,2,33549000,4,33552000,6,33548000,8,33553000,9,33547000,22,33554000,12,33546000,8,33555000,12,33545000,11,33556000,9,33544000,14,33557000,9,33543000,11,33558000,15,33542000,14,33559000,8,33541000,9,33560000,17
33548000,2,33550000,3,33547000,7,33551000,6,33546000,8,33552000,6,33545000,9,33553000,9,33544000,13,33554000,11,33543000,11,33555000,7,33542000,14,33556000,16,33541000,9,33557000,10,33540000,14,33558000,16,33539000,8,33559000,8
33549000,5,33551000,1,33548000,5,33552000,6,33547000,8,33553000,9,33546000,9,33554000,11,33545000,11,33555000,11,33544000,15,33556000,13,33543000,11,33557000,11,33542000,14,33558000,15,33541000,9,33559000,8,33540000,14,33560000,15
33553000,2,33554000,5,33552000,4,33555000,9,33551000,8,33556000,10,33550000,7,33557000,11,33549000,7,33558000,13,33548000,10,33559000,10,33547000,14,33560000,15,33546000,14,33561000,10,33545000,12,33562000,12,33544000,12,33563000,7
33551000,4,33553000,1,33550000,10,33554000,5,33549000,9,33555000,5,33548000,28,33556000,8,33547000,14,33557000,12,33546000,12,33558000,14,33545000,13,33559000,9,33544000,13,33560000,15,33543000,11,33561000,10,33542000,13,33562000,12
33553000,1,33554000,1,33552000,4,33555000,7,33551000,5,33556000,9,33550000,7,33557000,12,33549000,8,33558000,12,33548000,29,33559000,9,33547000,13,33560000,15,33546000,13,33561000,11,33545000,12,33562000,12,33544000,13,33563000,8
33555000,4,33557000,3,33554000,5,33558000,8,33553000,9,33559000,7,33552000,9,33560000,13,33551000,14,33561000,13,33550000,13,33562000,13,33549000,10,33563000,9,33548000,29,33564000,11,33547000,10,33565000,8,33546000,12,33566000,14
33558000,4,33560000,3,33557000,4,33561000,10,33556000,9,33562000,10,33555000,7,33563000,10,33554000,10,33564000,12,33553000,13,33565000,8,33552000,12,33566000,12,33551000,15,33567000,9,33550000,12,33568000,19,33549000,10,33569000,8
33557000,5,33560000,7,33556000,7,33561000,8,33555000,7,33562000,9,33554000,11,33563000,8,33553000,13,33564000,8,33552000,12,33565000,10,33551000,12,33566000,13,33550000,13,33567000,10,33549000,10,33568000,20,33548000,29,33569000,10
33558000,5,33560000,1,33557000,6,33561000,8,33556000,8,33562000,9,33555000,7,33563000,8,33554000,12,33564000,8,33553000,13,33565000,10,33552000,11,33566000,13,33551000,12,33567000,11,33550000,13,33568000,20,33549000,10,33569000,10
33560000,4,33562000,1,33559000,6,33563000,7,33558000,8,33564000,10,33557000,8,33565000,7,33556000,11,33566000,10,33555000,13,33567000,11,33554000,12,33568000,21,33553000,13,33569000,10,33552000,10,33570000,13,33551000,12,33571000,9
33561000,1,33563000,6,33560000,7,33564000,10,33559000,6,33565000,7,33558000,8,33566000,9,33557000,9,33567000,11,33556000,11,33568000,21,33555000,13,33569000,10,33554000,12,33570000,13,33553000,13,33571000,9,33552000,10,33572000,17
33555000,2,33556000,2,33554000,7,33557000,5,33553000,12,33558000,5,33552000,11,33559000,6,33551000,13,33560000,9,33550000,14,33561000,10,33549000,10,33562000,10,33548000,15,33563000,12,33547000,10,33564000,12,33546000,13,33565000,9
33551000,1,33552000,2,33550000,9,33553000,5,33549000,9,33554000,6,33548000,26,33555000,9,33547000,11,33556000,9,33546000,15,33557000,10,33545000,12,33558000,11,33544000,13,33559000,10,33543000,11,33560000,11,33542000,12,33561000,9
33548000,3,33549000,2,33547000,6,33550000,5,33546000,11,33551000,5,33545000,11,33552000,7,33544000,14,33553000,10,33543000,12,33554000,11,33542000,13,33555000,11,33541000,10,33556000,11,33540000,14,33557000,10,33539000,9,33558000,11
33545000,3,33547000,3,33544000,5,33548000,7,33543000,11,33549000,7,33542000,12,33550000,7,33541000,11,33551000,7,33540000,16,33552000,9,33539000,8,33553000,13,33538000,13,33554000,12,33537000,10,33555000,13,33536000,9,33556000,10
33548000,1,33549000,7,33547000,1,33550000,8,33546000,4,33551000,8,33545000,5,33552000,9,33544000,5,33553000,12,33543000,11,33554000,14,33542000,12,33555000,12,33541000,12,33556000,10,33540000,16,33557000,9,33539000,9,33558000,15
33545000,2,33547000,4,33544000,5,33548000,3,33543000,10,33549000,9,33542000,12,33550000,9,33541000,11,33551000,12,33540000,17,33552000,8,33539000,9,33553000,14,33538000,13,33554000,13,33537000,10,33555000,12,33536000,9,33556000,10
33546000,3,33548000,1,33545000,6,33549000,6,33544000,9,33550000,8,33543000,12,33551000,10,33542000,12,33552000,8,33541000,11,33553000,14,33540000,15,33554000,13,33539000,9,33555000,12,33538000,13,33556000,10,33537000,10,33557000,9
33545000,2,33547000,7,33544000,7,33548000,6,33543000,9,33549000,6,33542000,12,33550000,6,33541000,11,33551000,8,33540000,15,33552000,11,33539000,9,33553000,14,33538000,13,33554000,12,33537000,10,33555000,13,33536000,9,33556000,10
33546000,4,33548000,6,33545000,6,33549000,6,33544000,5,33550000,5,33543000,8,33551000,5,33542000,12,33552000,9,33541000,12,33553000,14,33540000,15,33554000,12,33539000,9,33555000,13,33538000,13,33556000,11,33537000,10,33557000,9
33545000,4,33547000,3,33544000,4,33548000,5,33543000,8,33549000,8,33542000,11,33550000,5,33541000,11,33551000,7,33540000,15,33552000,11,33539000,9,33553000,14,33538000,13,33554000,12,33537000,10,33555000,13,33536000,9,33556000,11
33547000,1,33548000,1,33546000,4,33549000,8,33545000,6,33550000,5,33544000,5,33551000,7,33543000,7,33552000,9,33542000,12,33553000,13,33541000,11,33554000,11,33540000,14,33555000,13,33539000,10,33556000,11,33538000,13,33557000,9
33546000,3,33548000,4,33545000,8,33549000,3,33544000,7,33550000,4,33543000,10,33551000,8,33542000,11,33552000,9,33541000,11,33553000,13,33540000,15,33554000,12,33539000,9,33555000,13,33538000,13,33556000,11,33537000,10,33557000,9
33542000,2,33544000,6,33541000,6,33545000,6,33540000,12,33546000,8,33539000,9,33547000,8,33538000,14,33548000,8,33537000,11,33549000,8,33536000,10,33550000,11,33535000,14,33551000,10,33534000,12,33552000,9,33533000,15,33553000,11
33542000,6,33545000,4,33541000,6,33546000,8,33540000,12,33547000,7,33539000,10,33548000,7,33538000,14,33549000,7,33537000,11,33550000,10,33536000,9,33551000,11,33535000,14,33552000,9,33534000,12,33553000,11,33533000,15,33554000,11
33549000,3,33550000,4,33547000,4,33551000,9,33546000,5,33552000,8,33545000,6,33553000,12,33544000,7,33554000,10,33543000,17,33555000,14,33542000,14,33556000,11,33541000,12,33557000,9,33540000,14,33558000,16,33539000,9,33559000,9
33545000,1,33546000,1,33544000,3,33547000,19,33543000,15,33548000,5,33542000,10,33549000,11,33541000,12,33550000,6,33540000,14,33551000,9,33539000,9,33552000,11,33538000,12,33553000,15,33537000,10,33554000,12,33536000,9,33555000,13
33540000,1,33541000,1,33539000,8,33542000,6,33538000,11,33543000,7,33537000,10,33544000,5,33536000,9,33545000,11,33535000,16,33546000,13,33534000,13,33547000,12,33533000,14,33548000,11,33532000,13,33549000,10,33531000,13,33550000,10
33538000,7,33540000,1,33537000,21,33541000,6,33536000,9,33542000,9,33535000,13,33543000,9,33534000,12,33544000,7,33533000,16,33545000,9,33532000,13,33546000,11,33531000,12,33547000,9,33530000,22,33548000,11,33529000,9,33549000,9
33541000,2,33542000,1,33540000,5,33543000,6,33539000,5,33544000,10,33538000,8,33545000,11,33537000,13,33546000,12,33536000,10,33547000,9,33535000,16,33548000,12,33534000,11,33549000,9,33533000,16,33550000,8,33532000,13,33551000,7
33537000,2,33538000,2,33536000,7,33539000,5,33535000,14,33540000,7,33534000,9,33541000,10,33533000,15,33542000,10,33532000,16,33543000,11,33531000,12,33544000,11,33530000,22,33545000,12,33529000,9,33546000,13,33528000,9,33547000,7
33535000,7,33536000,5,33534000,4,33537000,9,33533000,14,33538000,4,33532000,14,33539000,6,33531000,12,33540000,17,33530000,23,33541000,10,33529000,9,33542000,12,33528000,9,33543000,11,33527000,7,33544000,12,33526000,11,33545000,8
33532000,2,33533000,4,33531000,5,33534000,7,33530000,21,33535000,8,33529000,13,33536000,6,33528000,11,33537000,12,33527000,9,33538000,9,33526000,10,33539000,10,33525000,10,33540000,19,33524000,10,33541000,9,33523000,10,33542000,12
33529000,3,33530000,5,33528000,5,33531000,7,33527000,8,33532000,6,33526000,12,33533000,8,33525000,12,33534000,7,33524000,15,33535000,10,33523000,10,33536000,11,33522000,10,33537000,12,33521000,10,33538000,9,33520000,16,33539000,8
33526000,5,33528000,2,33525000,10,33529000,10,33524000,12,33530000,10,33523000,13,33531000,14,33522000,10,33532000,7,33521000,10,33533000,12,33520000,14,33534000,11,33519000,17,33535000,11,33518000,12,33536000,11,33517000,10,33537000,8
33531000,2,33532000,6,33530000,6,33533000,9,33529000,7,33534000,7,33528000,8,33535000,11,33527000,7,33536000,12,33526000,10,33537000,10,33525000,9,33538000,9,33524000,13,33539000,8,33523000,15,33540000,20,33522000,13,33541000,8
33529000,1,33530000,10,33528000,8,33531000,7,33527000,7,33532000,5,33526000,9,33533000,8,33525000,9,33534000,9,33524000,13,33535000,13,33523000,14,33536000,11,33522000,13,33537000,9,33521000,11,33538000,9,33520000,16,33539000,8
33524000,7,33526000,1,33523000,13,33527000,5,33522000,12,33528000,9,33521000,12,33529000,9,33520000,18,33530000,10,33519000,18,33531000,14,33518000,12,33532000,12,33517000,10,33533000,11,33516000,9,33534000,11,33515000,7,33535000,11
33523000,3,33524000,4,33522000,6,33525000,7,33521000,12,33526000,3,33520000,16,33527000,6,33519000,19,33528000,7,33518000,12,33529000,9,33517000,9,33530000,10,33516000,8,33531000,12,33515000,7,33532000,9,33514000,12,33533000,8
33520000,6,33522000,5,33519000,16,33523000,6,33518000,13,33524000,6,33517000,12,33525000,9,33516000,12,33526000,6,33515000,8,33527000,10,33514000,10,33528000,11,33513000,8,33529000,9,33512000,9,33530000,10,33511000,8,33531000,11
33520000,4,33523000,6,33519000,9,33524000,7,33518000,10,33525000,15,33517000,10,33526000,8,33516000,12,33527000,9,33515000,12,33528000,10,33514000,14,33529000,7,33513000,9,33530000,9,33512000,10,33531000,10,33511000,8,33532000,10
33520000,4,33521000,3,33519000,6,33522000,5,33518000,8,33523000,7,33517000,11,33524000,8,33516000,12,33525000,11,33515000,10,33526000,11,33514000,14,33527000,8,33513000,8,33528000,10,33512000,10,33529000,8,33511000,8,33530000,9
33522000,3,33523000,17,33521000,5,33524000,6,33520000,9,33525000,10,33519000,8,33526000,10,33518000,12,33527000,9,33517000,11,33528000,10,33516000,13,33529000,7,33515000,11,33530000,9,33514000,14,33531000,10,33513000,8,33532000,10
33520000,18,33521000,4,33519000,5,33522000,7,33518000,7,33523000,10,33517000,8,33524000,9,33516000,13,33525000,31,33515000,11,33526000,20,33514000,15,33527000,13,33513000,10,33528000,13,33512000,11,33529000,9,33511000,10,33530000,10
33516000,1,33517000,2,33515000,6,33518000,5,33514000,9,33519000,9,33513000,12,33520000,14,33512000,14,33521000,8,33511000,11,33522000,12,33510000,16,33523000,15,33509000,8,33524000,12,33508000,11,33525000,31,33507000,8,33526000,24
33511000,8,33513000,2,33510000,12,33514000,5,33509000,11,33515000,11,33508000,13,33516000,7,33507000,10,33517000,8,33506000,15,33518000,15,33505000,23,33519000,12,33504000,9,33520000,11,33503000,10,33521000,11,33502000,11,33522000,16
33510000,3,33512000,5,33509000,8,33513000,5,33508000,11,33514000,9,33507000,12,33515000,12,33506000,15,33516000,14,33505000,24,33517000,12,33504000,10,33518000,18,33503000,9,33519000,11,33502000,11,33520000,10,33501000,10,33521000,10
33511000,7,33513000,1,33510000,7,33514000,6,33509000,9,33515000,10,33508000,9,33516000,15,33507000,11,33517000,12,33506000,16,33518000,18,33505000,24,33519000,11,33504000,11,33520000,10,33503000,9,33521000,10,33502000,11,33522000,16
33514000,4,33516000,18,33513000,4,33517000,9,33512000,6,33518000,6,33511000,8,33519000,12,33510000,10,33520000,9,33509000,12,33521000,11,33508000,13,33522000,16,33507000,12,33523000,11,33506000,16,33524000,11,33505000,23,33525000,13
33516000,1,33518000,5,33515000,5,33519000,5,33514000,7,33520000,9,33513000,9,33521000,12,33512000,8,33522000,11,33511000,9,33523000,12,33510000,14,33524000,11,33509000,12,33525000,13,33508000,12,33526000,14,33507000,10,33527000,8
33515000,2,33517000,4,33514000,6,33518000,6,33513000,9,33519000,11,33512000,9,33520000,9,33511000,10,33521000,12,33510000,14,33522000,15,33509000,12,33523000,12,33508000,12,33524000,12,33507000,10,33525000,14,33506000,15,33526000,14
33511000,4,33513000,3,33510000,7,33514000,7,33509000,10,33515000,7,33508000,12,33516000,7,33507000,13,33517000,8,33506000,17,33518000,9,33505000,23,33519000,16,33504000,9,33520000,11,33503000,10,33521000,12,33502000,11,33522000,12
33510000,3,33512000,2,33509000,5,33513000,7,33508000,9,33514000,7,33507000,10,33515000,9,33506000,16,33516000,11,33505000,23,33517000,9,33504000,12,33518000,12,33503000,9,33519000,14,33502000,11,33520000,10,33501000,8,33521000,11
33509000,4,33511000,2,33508000,8,33512000,6,33507000,10,33513000,7,33506000,15,33514000,8,33505000,25,33515000,12,33504000,13,33516000,12,33503000,9,33517000,11,33502000,11,33518000,12,33501000,8,33519000,13,33500000,13,33520000,10
33512000,4,33514000,4,33511000,5,33515000,5,33510000,6,33516000,6,33509000,9,33517000,9,33508000,14,33518000,9,33507000,12,33519000,16,33506000,17,33520000,10,33505000,22,33521000,10,33504000,10,33522000,12,33503000,9,33523000,11
33514000,6,33516000,1,33513000,7,33517000,5,33512000,10,33518000,6,33511000,7,33519000,16,33510000,10,33520000,9,33509000,12,33521000,11,33508000,14,33522000,12,33507000,12,33523000,11,33506000,16,33524000,11,33505000,22,33525000,14
33512000,1,33514000,5,33511000,5,33515000,5,33510000,7,33516000,6,33509000,10,33517000,9,33508000,13,33518000,10,33507000,12,33519000,17,33506000,20,33520000,18,33505000,23,33521000,11,33504000,10,33522000,13,33503000,9,33523000,13
33509000,2,33510000,1,33508000,9,33511000,4,33507000,9,33512000,5,33506000,14,33513000,6,33505000,25,33514000,8,33504000,12,33515000,11,33503000,10,33516000,8,33502000,14,33517000,13,33501000,9,33518000,13,33500000,13,33519000,14
33511000,4,33513000,1,33510000,6,33514000,6,33509000,7,33515000,7,33508000,9,33516000,6,33507000,10,33517000,12,33506000,18,33518000,12,33505000,24,33519000,15,33504000,11,33520000,17,33503000,9,33521000,12,33502000,14,33522000,12
33508000,5,33509000,2,33507000,8,33510000,8,33506000,14,33511000,4,33505000,22,33512000,5,33504000,10,33513000,12,33503000,10,33514000,8,33502000,11,33515000,8,33501000,8,33516000,9,33500000,15,33517000,10,33499000,10,33518000,11
33505000,12,33506000,1,33504000,7,33507000,5,33503000,9,33508000,5,33502000,12,33509000,5,33501000,11,33510000,4,33500000,17,33511000,7,33499000,8,33512000,9,33498000,11,33513000,17,33497000,10,33514000,10,33496000,10,33515000,9
33502000,4,33504000,5,33501000,8,33505000,6,33500000,16,33506000,11,33499000,10,33507000,7,33498000,15,33508000,8,33497000,10,33509000,9,33496000,10,33510000,10,33495000,10,33511000,9,33494000,9,33512000,11,33493000,10,33513000,11
33501000,2,33502000,2,33500000,11,33503000,5,33499000,11,33504000,7,33498000,13,33505000,6,33497000,10,33506000,14,33496000,13,33507000,10,33495000,10,33508000,9,33494000,9,33509000,11,33493000,9,33510000,9,33492000,14,33511000,8
33500000,5,33502000,1,33499000,6,33503000,5,33498000,7,33504000,10,33497000,8,33505000,9,33496000,10,33506000,15,33495000,12,33507000,11,33494000,11,33508000,9,33493000,10,33509000,9,33492000,13,33510000,8,33491000,9,33511000,8
33500000,1,33501000,2,33499000,6,33502000,3,33498000,7,33503000,4,33497000,9,33504000,9,33496000,8,33505000,7,33495000,12,33506000,10,33494000,10,33507000,10,33493000,9,33508000,11,33492000,13,33509000,11,33491000,9,33510000,8
33496000,4,33498000,3,33495000,8,33499000,8,33494000,9,33500000,5,33493000,12,33501000,7,33492000,14,33502000,7,33491000,10,33503000,6,33490000,16,33504000,5,33489000,9,33505000,8,33488000,8,33506000,13,33487000,10,33507000,10
33498000,2,33499000,2,33497000,5,33500000,4,33496000,4,33501000,7,33495000,7,33502000,8,33494000,9,33503000,8,33493000,11,33504000,7,33492000,15,33505000,9,33491000,10,33506000,11,33490000,16,33507000,10,33489000,9,33508000,11
33496000,1,33498000,4,33495000,6,33499000,5,33494000,6,33500000,4,33493000,10,33501000,8,33492000,14,33502000,6,33491000,10,33503000,9,33490000,17,33504000,7,33489000,9,33505000,8,33488000,8,33506000,10,33487000,10,33507000,13
33493000,3,33495000,1,33492000,9,33496000,5,33491000,7,33497000,8,33490000,16,33498000,6,33489000,10,33499000,9,33488000,11,33500000,10,33487000,10,33501000,13,33486000,16,33502000,9,33485000,9,33503000,9,33484000,10,33504000,5
33493000,4,33495000,1,33492000,7,33496000,5,33491000,7,33497000,8,33490000,11,33498000,7,33489000,9,33499000,8,33488000,10,33500000,8,33487000,12,33501000,11,33486000,17,33502000,8,33485000,9,33503000,8,33484000,10,33504000,6
33491000,4,33493000,3,33490000,12,33494000,3,33489000,8,33495000,6,33488000,7,33496000,7,33487000,12,33497000,10,33486000,17,33498000,10,33485000,9,33499000,10,33484000,11,33500000,10,33483000,7,33501000,9,33482000,9,33502000,8
33490000,6,33491000,1,33489000,6,33492000,7,33488000,4,33493000,8,33487000,10,33494000,6,33486000,16,33495000,8,33485000,9,33496000,10,33484000,12,33497000,11,33483000,8,33498000,11,33482000,9,33499000,9,33481000,15,33500000,9
33487000,1,33488000,2,33486000,10,33489000,4,33485000,5,33490000,7,33484000,10,33491000,5,33483000,9,33492000,9,33482000,12,33493000,11,33481000,15,33494000,8,33480000,13,33495000,11,33479000,10,33496000,12,33478000,10,33497000,9
33488000,2,33490000,3,33487000,3,33491000,4,33486000,5,33492000,7,33485000,7,33493000,9,33484000,7,33494000,7,33483000,11,33495000,10,33482000,12,33496000,11,33481000,16,33497000,9,33480000,14,33498000,9,33479000,9,33499000,8
33491000,92,33493000,9,33489000,3,33494000,6,33488000,4,33495000,9,33487000,3,33496000,12,33486000,5,33497000,9,33485000,7,33498000,9,33484000,7,33499000,8,33483000,11,33500000,12,33482000,12,33501000,9,33481000,16,33502000,9
33488000,6,33490000,4,33487000,5,33491000,7,33486000,13,33492000,8,33485000,9,33493000,8,33484000,11,33494000,9,33483000,8,33495000,11,33482000,8,33496000,12,33481000,12,33497000,12,33480000,14,33498000,10,33479000,10,33499000,9
33490000,18,33491000,9,33489000,7,33492000,9,33488000,4,33493000,10,33487000,6,33494000,11,33486000,8,33495000,12,33485000,9,33496000,11,33484000,9,33497000,10,33483000,11,33498000,10,33482000,10,33499000,9,33481000,13,33500000,10
33492000,6,33494000,5,33491000,7,33495000,6,33490000,17,33496000,8,33489000,8,33497000,9,33488000,7,33498000,10,33487000,10,33499000,11,33486000,11,33500000,10,33485000,10,33501000,9,33484000,9,33502000,9,33483000,9,33503000,8
33491000,1,33492000,2,33490000,16,33493000,7,33489000,8,33494000,8,33488000,6,33495000,10,33487000,10,33496000,10,33486000,12,33497000,12,33485000,9,33498000,13,33484000,8,33499000,10,33483000,9,33500000,10,33482000,8,33501000,9
33488000,5,33490000,3,33487000,5,33491000,8,33486000,5,33492000,6,33485000,9,33493000,8,33484000,9,33494000,11,33483000,12,33495000,14,33482000,9,33496000,15,33481000,12,33497000,13,33480000,14,33498000,12,33479000,9,33499000,9
33493000,3,33494000,1,33492000,6,33495000,5,33491000,7,33496000,7,33490000,7,33497000,9,33489000,11,33498000,12,33488000,6,33499000,11,33487000,10,33500000,9,33486000,9,33501000,9,33485000,11,33502000,8,33484000,8,33503000,7
33495000,3,33497000,3,33494000,6,33498000,10,33493000,5,33499000,8,33492000,8,33500000,11,33491000,10,33501000,11,33490000,8,33502000,10,33489000,12,33503000,8,33488000,8,33504000,6,33487000,10,33505000,6,33486000,8,33506000,11
33499000,5,33500000,3,33498000,5,33501000,9,33497000,6,33502000,8,33496000,7,33503000,12,33495000,13,33504000,8,33494000,8,33505000,8,33493000,8,33506000,9,33492000,10,33507000,13,33491000,8,33508000,8,33490000,10,33509000,7
33501000,4,33503000,2,33500000,6,33504000,7,33499000,8,33505000,7,33498000,5,33506000,10,33497000,10,33507000,16,33496000,8,33508000,9,33495000,15,33509000,8,33494000,9,33510000,8,33493000,8,33511000,7,33492000,11,33512000,13
33499000,4,33500000,1,33498000,5,33501000,5,33497000,9,33502000,6,33496000,7,33503000,9,33495000,13,33504000,7,33494000,9,33505000,10,33493000,7,33506000,11,33492000,11,33507000,13,33491000,7,33508000,11,33490000,10,33509000,7
33502000,3,33503000,1,33501000,8,33504000,3,33500000,7,33505000,10,33499000,10,33506000,9,33498000,7,33507000,13,33497000,9,33508000,10,33496000,10,33509000,9,33495000,13,33510000,8,33494000,10,33511000,7,33493000,7,33512000,11
33500000,3,33502000,3,33499000,6,33503000,5,33498000,6,33504000,7,33497000,8,33505000,9,33496000,8,33506000,11,33495000,15,33507000,14,33494000,9,33508000,11,33493000,7,33509000,11,33492000,10,33510000,8,33491000,7,33511000,7
33501000,4,33503000,2,33500000,4,33504000,6,33499000,8,33505000,9,33498000,5,33506000,10,33497000,9,33507000,14,33496000,8,33508000,10,33495000,15,33509000,12,33494000,10,33510000,8,33493000,7,33511000,7,33492000,10,33512000,11
33504000,1,33506000,6,33503000,8,33507000,10,33502000,10,33508000,10,33501000,10,33509000,9,33500000,6,33510000,11,33499000,11,33511000,8,33498000,9,33512000,11,33497000,8,33513000,8,33496000,10,33514000,10,33495000,14,33515000,7
33503000,3,33504000,3,33502000,5,33505000,7,33501000,10,33506000,8,33500000,5,33507000,10,33499000,10,33508000,7,33498000,10,33509000,11,33497000,8,33510000,14,33496000,10,33511000,11,33495000,14,33512000,13,33494000,10,33513000,7
33504000,1,33506000,5,33503000,5,33507000,10,33502000,8,33508000,6,33501000,10,33509000,9,33500000,7,33510000,11,33499000,9,33511000,10,33498000,10,33512000,12,33497000,8,33513000,7,33496000,11,33514000,11,33495000,14,33515000,6
33502000,7,33504000,1,33501000,10,33505000,4,33500000,10,33506000,6,33499000,10,33507000,7,33498000,9,33508000,7,33497000,9,33509000,10,33496000,12,33510000,13,33495000,14,33511000,11,33494000,10,33512000,13,33493000,7,33513000,7
33503000,5,33505000,2,33502000,7,33506000,6,33501000,11,33507000,6,33500000,10,33508000,6,33499000,11,33509000,9,33498000,11,33510000,12,33497000,8,33511000,12,33496000,12,33512000,12,33495000,14,33513000,7,33494000,10,33514000,11
33502000,2,33504000,10,33501000,10,33505000,6,33500000,10,33506000,8,33499000,10,33507000,9,33498000,11,33508000,8,33497000,9,33509000,9,33496000,12,33510000,11,33495000,14,33511000,11,33494000,10,33512000,12,33493000,7,33513000,7
33508000,1,33509000,5,33507000,2,33510000,8,33506000,5,33511000,9,33505000,6,33512000,12,33504000,6,33513000,8,33503000,10,33514000,12,33502000,11,33515000,7,33501000,9,33516000,7,33500000,13,33517000,6,33499000,8,33518000,14
33505000,6,33506000,1,33504000,5,33507000,2,33503000,9,33508000,5,33502000,8,33509000,8,33501000,10,33510000,6,33500000,12,33511000,11,33499000,7,33512000,11,33498000,12,33513000,11,33497000,9,33514000,13,33496000,13,33515000,7
33503000,1,33504000,4,33502000,7,33505000,4,33501000,6,33506000,6,33500000,9,33507000,7,33499000,9,33508000,7,33498000,13,33509000,13,33497000,10,33510000,12,33496000,13,33511000,11,33495000,14,33512000,13,33494000,10,33513000,9
33500000,5,33502000,4,33499000,5,33503000,5,33498000,10,33504000,4,33497000,11,33505000,11,33496000,14,33506000,8,33495000,18,33507000,10,33494000,10,33508000,9,33493000,7,33509000,12,33492000,10,33510000,11,33491000,8,33511000,9
33497000,3,33499000,6,33496000,10,33500000,12,33495000,13,33501000,8,33494000,10,33502000,7,33493000,11,33503000,10,33492000,12,33504000,8,33491000,8,33505000,16,33490000,10,33506000,9,33489000,9,33507000,7,33488000,8,33508000,8
33494000,4,33496000,5,33493000,11,33497000,4,33492000,11,33498000,6,33491000,10,33499000,9,33490000,10,33500000,14,33489000,12,33501000,15,33488000,8,33502000,10,33487000,7,33503000,10,33486000,8,33504000,10,33485000,7,33505000,7
33495000,3,33497000,5,33494000,5,33498000,5,33493000,7,33499000,5,33492000,10,33500000,13,33491000,11,33501000,13,33490000,13,33502000,10,33489000,12,33503000,11,33488000,8,33504000,10,33487000,7,33505000,7,33486000,8,33506000,7
33494000,1,33495000,2,33493000,9,33496000,4,33492000,14,33497000,4,33491000,11,33498000,4,33490000,15,33499000,9,33489000,11,33500000,17,33488000,9,33501000,13,33487000,7,33502000,10,33486000,8,33503000,10,33485000,7,33504000,9
33491000,1,33492000,4,33490000,8,33493000,4,33489000,8,33494000,8,33488000,9,33495000,7,33487000,12,33496000,10,33486000,10,33497000,9,33485000,8,33498000,12,33484000,8,33499000,12,33483000,7,33500000,16,33482000,7,33501000,11
33488000,1,33489000,3,33487000,7,33490000,10,33486000,9,33491000,10,33485000,10,33492000,7,33484000,11,33493000,10,33483000,9,33494000,10,33482000,8,33495000,11,33481000,11,33496000,12,33480000,12,33497000,10,33479000,9,33498000,10
33485000,5,33487000,3,33484000,7,33488000,8,33483000,10,33489000,8,33482000,7,33490000,10,33481000,14,33491000,12,33480000,13,33492000,10,33479000,8,33493000,14,33478000,9,33494000,9,33477000,6,33495000,10,33476000,29,33496000,11
33486000,3,33488000,8,33485000,4,33489000,8,33484000,6,33490000,10,33483000,9,33491000,11,33482000,9,33492000,10,33481000,14,33493000,12,33480000,13,33494000,9,33479000,8,33495000,9,33478000,9,33496000,11,33477000,6,33497000,9
33486000,3,33488000,6,33485000,4,33489000,7,33484000,6,33490000,10,33483000,9,33491000,11,33482000,9,33492000,10,33481000,14,33493000,12,33480000,13,33494000,9,33479000,8,33495000,9,33478000,9,33496000,11,33477000,6,33497000,9
33484000,2,33486000,9,33483000,6,33487000,12,33482000,8,33488000,3,33481000,13,33489000,8,33480000,14,33490000,10,33479000,10,33491000,11,33478000,11,33492000,12,33477000,6,33493000,11,33476000,27,33494000,9,33475000,4,33495000,9
33483000,5,33485000,5,33482000,6,33486000,9,33481000,12,33487000,11,33480000,12,33488000,4,33479000,12,33489000,10,33478000,11,33490000,11,33477000,8,33491000,12,33476000,27,33492000,11,33475000,4,33493000,10,33474000,11,33494000,8
33489000,1,33491000,7,33488000,4,33492000,8,33487000,7,33493000,11,33486000,7,33494000,6,33485000,9,33495000,12,33484000,9,33496000,12,33483000,7,33497000,9,33482000,9,33498000,12,33481000,14,33499000,14,33480000,14,33500000,19
33490000,4,33492000,3,33489000,7,33493000,6,33488000,7,33494000,7,33487000,7,33495000,10,33486000,8,33496000,10,33485000,8,33497000,10,33484000,10,33498000,12,33483000,7,33499000,14,33482000,8,33500000,16,33481000,13,33501000,12
33493000,1,33494000,1,33492000,4,33495000,4,33491000,5,33496000,9,33490000,6,33497000,7,33489000,11,33498000,12,33488000,8,33499000,14,33487000,10,33500000,16,33486000,8,33501000,11,33485000,9,33502000,9,33484000,9,33503000,8
33491000,2,33492000,3,33490000,5,33493000,7,33489000,7,33494000,7,33488000,6,33495000,8,33487000,9,33496000,7,33486000,8,33497000,10,33485000,10,33498000,13,33484000,11,33499000,14,33483000,7,33500000,16,33482000,10,33501000,11
33485000,4,33487000,1,33484000,6,33488000,5,33483000,7,33489000,7,33482000,7,33490000,6,33481000,16,33491000,5,33480000,16,33492000,7,33479000,10,33493000,8,33478000,8,33494000,7,33477000,6,33495000,8,33476000,27,33496000,9
33480000,10,33482000,5,33479000,8,33483000,6,33478000,9,33484000,6,33477000,8,33485000,6,33476000,27,33486000,6,33475000,8,33487000,9,33474000,11,33488000,8,33473000,11,33489000,9,33472000,11,33490000,10,33471000,10,33491000,5
33479000,2,33480000,1,33478000,2,33481000,5,33477000,4,33482000,12,33476000,26,33483000,8,33475000,8,33484000,11,33474000,11,33485000,9,33473000,13,33486000,6,33472000,11,33487000,9,33471000,8,33488000,8,33470000,18,33489000,8
33474000,4,33475000,2,33473000,7,33476000,4,33472000,8,33477000,4,33471000,9,33478000,9,33470000,17,33479000,7,33469000,10,33480000,8,33468000,10,33481000,12,33467000,9,33482000,15,33466000,14,33483000,12,33465000,9,33484000,13
33474000,3,33476000,2,33473000,7,33477000,4,33472000,6,33478000,9,33471000,8,33479000,6,33470000,17,33480000,8,33469000,9,33481000,12,33468000,12,33482000,13,33467000,9,33483000,11,33466000,14,33484000,13,33465000,9,33485000,8
33473000,6,33474000,7,33472000,4,33475000,4,33471000,8,33476000,9,33470000,16,33477000,7,33469000,10,33478000,6,33468000,13,33479000,7,33467000,11,33480000,9,33466000,15,33481000,11,33465000,9,33482000,10,33464000,16,33483000,8
33471000,2,33473000,5,33470000,13,33474000,4,33469000,8,33475000,5,33468000,10,33476000,7,33467000,10,33477000,10,33466000,16,33478000,7,33465000,10,33479000,7,33464000,14,33480000,9,33463000,6,33481000,7,33462000,9,33482000,9
33471000,3,33473000,2,33470000,15,33474000,5,33469000,7,33475000,5,33468000,6,33476000,7,33467000,11,33477000,7,33466000,16,33478000,9,33465000,7,33479000,7,33464000,14,33480000,9,33463000,6,33481000,7,33462000,9,33482000,9
33474000,2,33476000,3,33473000,4,33477000,4,33472000,6,33478000,5,33471000,5,33479000,6,33470000,16,33480000,7,33469000,8,33481000,9,33468000,10,33482000,10,33467000,10,33483000,9,33466000,16,33484000,13,33465000,5,33485000,7
33473000,2,33474000,2,33472000,4,33475000,6,33471000,4,33476000,6,33470000,16,33477000,6,33469000,8,33478000,6,33468000,10,33479000,7,33467000,10,33480000,9,33466000,15,33481000,10,33465000,5,33482000,9,33464000,14,33483000,9
33475000,1,33476000,3,33474000,4,33477000,4,33473000,6,33478000,6,33472000,6,33479000,6,33471000,6,33480000,7,33470000,17,33481000,9,33469000,8,33482000,9,33468000,11,33483000,9,33467000,10,33484000,13,33466000,15,33485000,7
33477000,5,33479000,1,33476000,4,33480000,6,33475000,8,33481000,6,33474000,5,33482000,7,33473000,10,33483000,11,33472000,6,33484000,14,33471000,9,33485000,8,33470000,19,33486000,9,33469000,9,33487000,5,33468000,8,33488000,7
33480000,3,33482000,1,33479000,6,33483000,8,33478000,6,33484000,10,33477000,6,33485000,8,33476000,5,33486000,9,33475000,8,33487000,7,33474000,9,33488000,7,33473000,10,33489000,9,33472000,9,33490000,10,33471000,7,33491000,5
33477000,4,33479000,1,33476000,4,33480000,4,33475000,7,33481000,6,33474000,6,33482000,5,33473000,10,33483000,9,33472000,9,33484000,11,33471000,8,33485000,9,33470000,9,33486000,12,33469000,8,33487000,7,33468000,9,33488000,9
33481000,2,33483000,3,33480000,3,33484000,5,33479000,7,33485000,6,33478000,6,33486000,9,33477000,6,33487000,8,33476000,7,33488000,11,33475000,10,33489000,10,33474000,9,33490000,9,33473000,9,33491000,5,33472000,8,33492000,9
33486000,3,33489000,4,33485000,5,33490000,8,33484000,6,33491000,7,33483000,4,33492000,11,33482000,6,33493000,7,33481000,10,33494000,9,33480000,9,33495000,7,33479000,9,33496000,10,33478000,10,33497000,8,33477000,8,33498000,12
33481000,3,33483000,2,33480000,5,33484000,7,33479000,6,33485000,6,33478000,7,33486000,7,33477000,10,33487000,6,33476000,6,33488000,8,33475000,9,33489000,11,33474000,9,33490000,12,33473000,8,33491000,8,33472000,10,33492000,11
33480000,3,33482000,5,33479000,5,33483000,3,33478000,8,33484000,6,33477000,8,33485000,7,33476000,6,33486000,7,33475000,10,33487000,7,33474000,8,33488000,10,33473000,8,33489000,10,33472000,10,33490000,11,33471000,6,33491000,7
33476000,4,33478000,1,33475000,6,33479000,6,33474000,9,33480000,4,33473000,9,33481000,7,33472000,9,33482000,4,33471000,9,33483000,5,33470000,9,33484000,11,33469000,7,33485000,8,33468000,8,33486000,11,33467000,11,33487000,6
33476000,1,33477000,3,33475000,4,33478000,3,33474000,4,33479000,2,33473000,10,33480000,6,33472000,10,33481000,9,33471000,9,33482000,4,33470000,10,33483000,5,33469000,7,33484000,11,33468000,8,33485000,8,33467000,11,33486000,10
33482000,1,33484000,2,33481000,5,33485000,5,33480000,7,33486000,9,33479000,6,33487000,7,33478000,7,33488000,8,33477000,9,33489000,11,33476000,8,33490000,10,33475000,8,33491000,7,33474000,8,33492000,12,33473000,8,33493000,9
33481000,3,33482000,2,33480000,4,33483000,3,33479000,7,33484000,4,33478000,9,33485000,4,33477000,10,33486000,8,33476000,8,33487000,9,33475000,8,33488000,9,33474000,7,33489000,10,33473000,8,33490000,11,33472000,10,33491000,7
33478000,4,33480000,1,33477000,6,33481000,6,33476000,8,33482000,7,33475000,8,33483000,4,33474000,7,33484000,8,33473000,10,33485000,6,33472000,10,33486000,10,33471000,6,33487000,9,33470000,9,33488000,10,33469000,10,33489000,8
33485000,10,33487000,4,33484000,2,33488000,6,33483000,3,33489000,8,33482000,5,33490000,9,33481000,5,33491000,9,33480000,7,33492000,10,33479000,8,33493000,9,33478000,9,33494000,9,33477000,9,33495000,7,33476000,8,33496000,12
33486000,1,33488000,3,33485000,3,33489000,6,33484000,8,33490000,6,33483000,5,33491000,7,33482000,8,33492000,11,33481000,11,33493000,10,33480000,13,33494000,9,33479000,10,33495000,8,33478000,9,33496000,12,33477000,9,33497000,9
33492000,2,33493000,2,33491000,4,33494000,4,33490000,6,33495000,6,33489000,6,33496000,12,33488000,6,33497000,8,33487000,7,33498000,13,33486000,8,33499000,15,33485000,9,33500000,10,33484000,12,33501000,10,33483000,6,33502000,10
33493000,1,33495000,6,33492000,4,33496000,9,33491000,4,33497000,6,33490000,6,33498000,11,33489000,7,33499000,15,33488000,7,33500000,12,33487000,9,33501000,10,33486000,9,33502000,10,33485000,7,33503000,9,33484000,11,33504000,12
33496000,5,33499000,5,33495000,4,33500000,5,33494000,5,33501000,8,33493000,8,33502000,9,33492000,4,33503000,9,33491000,8,33504000,14,33490000,11,33505000,7,33489000,9,33506000,12,33488000,7,33507000,11,33487000,8,33508000,9
33498000,5,33500000,2,33497000,6,33501000,3,33496000,7,33502000,6,33495000,5,33503000,8,33494000,6,33504000,10,33493000,10,33505000,10,33492000,7,33506000,13,33491000,8,33507000,11,33490000,10,33508000,9,33489000,8,33509000,10
33495000,1,33497000,2,33494000,7,33498000,8,33493000,7,33499000,5,33492000,4,33500000,10,33491000,7,33501000,10,33490000,11,33502000,11,33489000,9,33503000,10,33488000,7,33504000,12,33487000,9,33505000,10,33486000,10,33506000,12
33494000,3,33496000,4,33493000,2,33497000,5,33492000,4,33498000,7,33491000,4,33499000,6,33490000,7,33500000,11,33489000,9,33501000,10,33488000,7,33502000,12,33487000,10,33503000,10,33486000,10,33504000,10,33485000,7,33505000,9
33491000,2,33493000,2,33490000,4,33494000,2,33489000,6,33495000,3,33488000,5,33496000,7,33487000,8,33497000,7,33486000,12,33498000,10,33485000,8,33499000,10,33484000,11,33500000,11,33483000,6,33501000,10,33482000,14,33502000,10
33494000,3,33495000,1,33493000,3,33496000,1,33492000,5,33497000,3,33491000,7,33498000,8,33490000,7,33499000,6,33489000,7,33500000,10,33488000,5,33501000,10,33487000,9,33502000,13,33486000,10,33503000,9,33485000,7,33504000,11
33495000,3,33498000,6,33494000,5,33499000,5,33493000,4,33500000,12,33492000,5,33501000,8,33491000,7,33502000,12,33490000,7,33503000,8,33489000,7,33504000,11,33488000,6,33505000,9,33487000,9,33506000,12,33486000,10,33507000,11
33499000,2,33501000,1,33498000,6,33502000,6,33497000,7,33503000,6,33496000,7,33504000,9,33495000,5,33505000,9,33494000,7,33506000,12,33493000,6,33507000,11,33492000,7,33508000,11,33491000,8,33509000,10,33490000,10,33510000,11
33502000,1,33504000,2,33501000,5,33505000,5,33500000,7,33506000,14,33499000,8,33507000,14,33498000,7,33508000,13,33497000,10,33509000,9,33496000,11,33510000,11,33495000,9,33511000,10,33494000,8,33512000,12,33493000,7,33513000,9
33505000,3,33507000,3,33504000,4,33508000,8,33503000,8,33509000,5,33502000,3,33510000,9,33501000,8,33511000,11,33500000,7,33512000,13,33499000,11,33513000,10,33498000,13,33514000,13,33497000,11,33515000,7,33496000,13,33516000,7
33504000,1,33505000,1,33503000,5,33506000,4,33502000,4,33507000,6,33501000,6,33508000,6,33500000,6,33509000,7,33499000,12,33510000,8,33498000,13,33511000,13,33497000,10,33512000,13,33496000,13,33513000,11,33495000,10,33514000,13
33502000,1,33504000,7,33501000,4,33505000,5,33500000,6,33506000,7,33499000,7,33507000,7,33498000,11,33508000,9,33497000,10,33509000,9,33496000,15,33510000,10,33495000,9,33511000,12,33494000,9,33512000,12,33493000,7,33513000,10
33498000,4,33500000,3,33497000,6,33501000,5,33496000,9,33502000,4,33495000,10,33503000,5,33494000,10,33504000,8,33493000,10,33505000,12,33492000,9,33506000,11,33491000,8,33507000,9,33490000,11,33508000,9,33489000,8,33509000,9
33495000,1,33496000,2,33494000,5,33497000,5,33493000,7,33498000,5,33492000,8,33499000,6,33491000,11,33500000,12,33490000,13,33501000,9,33489000,9,33502000,12,33488000,9,33503000,8,33487000,10,33504000,10,33486000,10,33505000,10
33497000,4,33499000,1,33496000,1,33500000,9,33495000,6,33501000,5,33494000,5,33502000,10,33493000,9,33503000,7,33492000,9,33504000,11,33491000,10,33505000,10,33490000,15,33506000,9,33489000,9,33507000,8,33488000,9,33508000,11
33495000,2,33497000,4,33494000,5,33498000,8,33493000,5,33499000,5,33492000,9,33500000,14,33491000,10,33501000,6,33490000,13,33502000,11,33489000,10,33503000,8,33488000,9,33504000,10,33487000,9,33505000,11,33486000,10,33506000,9
33492000,3,33494000,3,33491000,8,33495000,5,33490000,10,33496000,4,33489000,10,33497000,6,33488000,10,33498000,5,33487000,10,33499000,10,33486000,11,33500000,16,33485000,7,33501000,10,33484000,11,33502000,9,33483000,6,33503000,7
33490000,2,33491000,5,33489000,6,33492000,4,33488000,8,33493000,4,33487000,10,33494000,4,33486000,11,33495000,5,33485000,8,33496000,8,33484000,11,33497000,10,33483000,6,33498000,8,33482000,12,33499000,10,33481000,8,33500000,14
33486000,1,33488000,4,33485000,7,33489000,5,33484000,10,33490000,8,33483000,10,33491000,9,33482000,10,33492000,9,33481000,9,33493000,11,33480000,10,33494000,9,33479000,9,33495000,7,33478000,9,33496000,10,33477000,8,33497000,9
33483000,1,33485000,5,33482000,6,33486000,9,33481000,9,33487000,17,33480000,10,33488000,6,33479000,11,33489000,9,33478000,10,33490000,13,33477000,9,33491000,10,33476000,7,33492000,9,33475000,9,33493000,10,33474000,9,33494000,6
33484000,6,33486000,4,33483000,6,33487000,6,33482000,6,33488000,6,33481000,9,33489000,7,33480000,12,33490000,10,33479000,11,33491000,9,33478000,9,33492000,10,33477000,10,33493000,10,33476000,8,33494000,6,33475000,9,33495000,6
33483000,2,33484000,4,33482000,4,33485000,3,33481000,9,33486000,5,33480000,9,33487000,7,33479000,12,33488000,11,33478000,11,33489000,8,33477000,9,33490000,14,33476000,8,33491000,10,33475000,8,33492000,8,33474000,9,33493000,10
33485000,5,33486000,1,33484000,7,33488000,3,33483000,6,33489000,5,33482000,5,33490000,10,33481000,10,33491000,9,33480000,10,33492000,11,33479000,13,33493000,9,33478000,13,33494000,7,33477000,10,33495000,6,33476000,8,33496000,11
33482000,6,33485000,6,33481000,8,33486000,13,33480000,13,33487000,7,33479000,11,33488000,8,33478000,12,33489000,7,33477000,11,33490000,13,33476000,8,33491000,10,33475000,8,33492000,9,33474000,9,33493000,10,33473000,9,33494000,7
33479000,4,33482000,4,33478000,7,33483000,5,33477000,9,33484000,8,33476000,9,33485000,8,33475000,11,33486000,12,33474000,9,33487000,10,33473000,9,33488000,10,33472000,11,33489000,9,33471000,8,33490000,12,33470000,22,33491000,9
33480000,3,33482000,1,33479000,4,33483000,4,33478000,5,33484000,7,33477000,6,33485000,8,33476000,8,33486000,11,33475000,19,33487000,11,33474000,11,33488000,9,33473000,12,33489000,10,33472000,11,33490000,13,33471000,8,33491000,9
33477000,1,33478000,1,33476000,2,33479000,3,33475000,14,33480000,6,33474000,10,33481000,5,33473000,12,33482000,9,33472000,12,33483000,7,33471000,10,33484000,14,33470000,14,33485000,9,33469000,8,33486000,11,33468000,7,33487000,10
33475000,7,33476000,3,33474000,3,33477000,5,33473000,10,33478000,8,33472000,12,33479000,6,33471000,12,33480000,9,33470000,17,33481000,10,33469000,9,33482000,9,33468000,7,33483000,8,33467000,10,33484000,12,33466000,8,33485000,8
33474000,4,33476000,4,33473000,9,33477000,4,33472000,8,33478000,6,33471000,9,33479000,7,33470000,13,33480000,10,33469000,12,33481000,11,33468000,10,33482000,11,33467000,10,33483000,8,33466000,9,33484000,12,33465000,4,33485000,8
33469000,3,33471000,4,33468000,5,33472000,4,33467000,8,33473000,5,33466000,8,33474000,6,33465000,8,33475000,9,33464000,11,33476000,9,33463000,7,33477000,10,33462000,9,33478000,11,33461000,7,33479000,10,33460000,11,33480000,12
33473000,3,33475000,3,33472000,5,33476000,5,33471000,5,33477000,4,33470000,6,33478000,10,33469000,9,33479000,11,33468000,8,33480000,12,33467000,13,33481000,10,33466000,11,33482000,11,33465000,7,33483000,8,33464000,12,33484000,13
33469000,3,33470000,2,33468000,3,33471000,6,33467000,7,33472000,10,33466000,7,33473000,7,33465000,8,33474000,7,33464000,14,33475000,9,33463000,9,33476000,12,33462000,9,33477000,11,33461000,9,33478000,11,33460000,11,33479000,10
33470000,1,33472000,3,33469000,5,33473000,6,33468000,9,33474000,6,33467000,10,33475000,7,33466000,10,33476000,11,33465000,7,33477000,9,33464000,14,33478000,11,33463000,9,33479000,10,33462000,8,33480000,12,33461000,9,33481000,9
33469000,4,33471000,1,33468000,7,33472000,4,33467000,10,33473000,6,33466000,9,33474000,7,33465000,7,33475000,8,33464000,14,33476000,10,33463000,9,33477000,10,33462000,8,33478000,11,33461000,9,33479000,10,33460000,11,33480000,12
33466000,3,33469000,6,33465000,5,33470000,4,33464000,10,33471000,6,33463000,10,33472000,7,33462000,8,33473000,9,33461000,11,33474000,10,33460000,11,33475000,10,33459000,5,33476000,10,33458000,8,33477000,9,33457000,7,33478000,10
33468000,2,33469000,2,33467000,4,33470000,4,33466000,4,33471000,5,33465000,5,33472000,6,33464000,9,33473000,8,33463000,10,33474000,9,33462000,10,33475000,11,33461000,10,33476000,10,33460000,12,33477000,9,33459000,5,33478000,10
33469000,2,33471000,2,33468000,4,33472000,5,33467000,4,33473000,6,33466000,5,33474000,7,33465000,8,33475000,9,33464000,9,33476000,11,33463000,11,33477000,11,33462000,11,33478000,10,33461000,8,33479000,11,33460000,11,33480000,13
33467000,1,33469000,5,33466000,4,33470000,4,33465000,5,33471000,8,33464000,10,33472000,6,33463000,9,33473000,9,33462000,10,33474000,6,33461000,9,33475000,10,33460000,10,33476000,12,33459000,5,33477000,10,33458000,8,33478000,10
33466000,13,33469000,3,33465000,7,33470000,4,33464000,10,33471000,6,33463000,9,33472000,6,33462000,10,33473000,7,33461000,9,33474000,8,33460000,10,33475000,11,33459000,5,33476000,12,33458000,9,33477000,10,33457000,7,33478000,10
33468000,46,33469000,3,33467000,2,33470000,4,33466000,3,33471000,8,33465000,5,33472000,9,33464000,5,33473000,11,33463000,9,33474000,10,33462000,6,33475000,9,33461000,13,33476000,10,33460000,12,33477000,9,33459000,6,33478000,11
33469000,1,33471000,3,33468000,47,33472000,3,33467000,4,33473000,7,33466000,4,33474000,6,33465000,9,33475000,9,33464000,10,33476000,12,33463000,12,33477000,9,33462000,8,33478000,11,33461000,11,33479000,11,33460000,12,33480000,13
33470000,3,33472000,1,33469000,3,33473000,7,33468000,47,33474000,7,33467000,9,33475000,9,33466000,6,33476000,6,33465000,9,33477000,9,33464000,10,33478000,11,33463000,10,33479000,12,33462000,10,33480000,13,33461000,10,33481000,9
33466000,1,33468000,4,33465000,3,33469000,3,33464000,6,33470000,4,33463000,10,33471000,11,33462000,7,33472000,7,33461000,13,33473000,12,33460000,13,33474000,11,33459000,5,33475000,11,33458000,28,33476000,9,33457000,8,33477000,9
33465000,2,33467000,1,33464000,4,33468000,6,33463000,6,33469000,3,33462000,7,33470000,6,33461000,13,33471000,10,33460000,11,33472000,9,33459000,7,33473000,13,33458000,28,33474000,11,33457000,8,33475000,10,33456000,8,33476000,8
33465000,2,33467000,1,33464000,4,33468000,6,33463000,6,33469000,4,33462000,5,33470000,8,33461000,14,33471000,8,33460000,10,33472000,10,33459000,9,33473000,11,33458000,28,33474000,10,33457000,8,33475000,10,33456000,8,33476000,8
33465000,4,33468000,3,33464000,4,33469000,3,33463000,8,33470000,6,33462000,5,33471000,8,33461000,15,33472000,9,33460000,13,33473000,11,33459000,8,33474000,11,33458000,28,33475000,10,33457000,8,33476000,8,33456000,8,33477000,9
33465000,4,33468000,3,33464000,4,33469000,3,33463000,8,33470000,6,33462000,5,33471000,8,33461000,15,33472000,9,33460000,13,33473000,11,33459000,8,33474000,11,33458000,28,33475000,10,33457000,8,33476000,8,33456000,8,33477000,9
33463000,4,33466000,3,33462000,4,33467000,3,33461000,10,33468000,5,33460000,11,33469000,5,33459000,9,33470000,10,33458000,30,33471000,10,33457000,8,33472000,11,33456000,8,33473000,10,33455000,4,33474000,11,33454000,8,33475000,10
33467000,1,33469000,2,33466000,4,33470000,4,33465000,5,33471000,7,33464000,6,33472000,9,33463000,8,33473000,10,33462000,8,33474000,10,33461000,12,33475000,11,33460000,13,33476000,9,33459000,7,33477000,10,33458000,29,33478000,10
33470000,1,33471000,1,33469000,4,33472000,3,33468000,7,33473000,7,33467000,7,33474000,8,33466000,7,33475000,10,33465000,7,33476000,10,33464000,10,33477000,11,33463000,9,33478000,10,33462000,9,33479000,10,33461000,10,33480000,13
33475000,4,33477000,2,33474000,4,33478000,6,33473000,8,33479000,6,33472000,4,33480000,11,33471000,8,33481000,10,33470000,16,33482000,13,33469000,10,33483000,8,33468000,10,33484000,12,33467000,10,33485000,8,33466000,10,33486000,12
33478000,18,33480000,4,33477000,3,33481000,8,33476000,4,33482000,6,33475000,6,33483000,7,33474000,4,33484000,9,33473000,14,33485000,11,33472000,9,33486000,12,33471000,9,33487000,9,33470000,17,33488000,9,33469000,10,33489000,10
33479000,2,33481000,1,33478000,19,33482000,3,33477000,5,33483000,5,33476000,4,33484000,8,33475000,9,33485000,11,33474000,9,33486000,9,33473000,13,33487000,10,33472000,9,33488000,9,33471000,7,33489000,9,33470000,17,33490000,12
33481000,2,33483000,3,33480000,6,33484000,5,33479000,5,33485000,8,33478000,20,33486000,7,33477000,6,33487000,10,33476000,7,33488000,9,33475000,9,33489000,8,33474000,9,33490000,12,33473000,13,33491000,9,33472000,9,33492000,10
33483000,1,33484000,1,33482000,3,33485000,5,33481000,5,33486000,8,33480000,4,33487000,8,33479000,8,33488000,8,33478000,22,33489000,9,33477000,9,33490000,12,33476000,10,33491000,9,33475000,8,33492000,9,33474000,8,33493000,10
33481000,3,33483000,1,33480000,4,33484000,4,33479000,6,33485000,6,33478000,20,33486000,8,33477000,9,33487000,8,33476000,10,33488000,7,33475000,9,33489000,11,33474000,8,33490000,13,33473000,11,33491000,9,33472000,9,33492000,9
33482000,2,33484000,5,33481000,5,33485000,7,33480000,5,33486000,9,33479000,5,33487000,10,33478000,21,33488000,10,33477000,9,33489000,9,33476000,9,33490000,13,33475000,9,33491000,9,33474000,9,33492000,9,33473000,11,33493000,10
33481000,2,33483000,1,33480000,5,33484000,5,33479000,6,33485000,5,33478000,20,33486000,6,33477000,9,33487000,9,33476000,9,33488000,8,33475000,7,33489000,11,33474000,8,33490000,14,33473000,11,33491000,9,33472000,10,33492000,9
33478000,18,33479000,1,33477000,3,33480000,3,33476000,4,33481000,5,33475000,7,33482000,4,33474000,8,33483000,9,33473000,12,33484000,8,33472000,10,33485000,8,33471000,7,33486000,11,33470000,19,33487000,10,33469000,9,33488000,9
33483000,1,33485000,2,33482000,5,33486000,6,33481000,5,33487000,8,33480000,4,33488000,10,33479000,8,33489000,8,33478000,6,33490000,11,33477000,11,33491000,9,33476000,9,33492000,9,33475000,9,33493000,10,33474000,10,33494000,9
33479000,4,33482000,3,33478000,4,33483000,5,33477000,9,33484000,8,33476000,4,33485000,7,33475000,10,33486000,8,33474000,12,33487000,10,33473000,13,33488000,11,33472000,10,33489000,9,33471000,7,33490000,12,33470000,19,33491000,9
33476000,4,33479000,4,33475000,5,33480000,5,33474000,7,33481000,6,33473000,13,33482000,12,33472000,9,33483000,8,33471000,10,33484000,9,33470000,19,33485000,10,33469000,9,33486000,11,33468000,10,33487000,10,33467000,11,33488000,9
33476000,5,33479000,2,33475000,5,33480000,5,33474000,5,33481000,5,33473000,14,33482000,15,33472000,9,33483000,9,33471000,10,33484000,11,33470000,19,33485000,9,33469000,10,33486000,10,33468000,10,33487000,9,33467000,10,33488000,9
33475000,5,33477000,1,33474000,5,33478000,5,33473000,12,33479000,4,33472000,10,33480000,6,33471000,11,33481000,4,33470000,20,33482000,11,33469000,9,33483000,10,33468000,10,33484000,12,33467000,10,33485000,9,33466000,11,33486000,10
33476000,4,33478000,3,33475000,3,33479000,4,33474000,5,33480000,6,33473000,10,33481000,5,33472000,7,33482000,6,33471000,10,33483000,10,33470000,20,33484000,11,33469000,12,33485000,8,33468000,11,33486000,10,33467000,10,33487000,9
33474000,1,33475000,1,33473000,8,33476000,5,33472000,5,33477000,7,33471000,8,33478000,7,33470000,19,33479000,9,33469000,12,33480000,9,33468000,10,33481000,9,33467000,10,33482000,12,33466000,10,33483000,9,33465000,6,33484000,12
33474000,1,33476000,4,33473000,6,33477000,5,33472000,5,33478000,7,33471000,6,33479000,11,33470000,19,33480000,11,33469000,10,33481000,8,33468000,10,33482000,10,33467000,12,33483000,8,33466000,14,33484000,13,33465000,6,33485000,8
33478000,2,33480000,3,33477000,7,33481000,4,33476000,5,33482000,5,33475000,6,33483000,11,33474000,8,33484000,9,33473000,9,33485000,10,33472000,9,33486000,10,33471000,9,33487000,9,33470000,20,33488000,8,33469000,10,33489000,9
33482000,3,33484000,2,33481000,3,33485000,5,33480000,5,33486000,6,33479000,6,33487000,8,33478000,4,33488000,7,33477000,10,33489000,9,33476000,10,33490000,11,33475000,10,33491000,9,33474000,11,33492000,9,33473000,8,33493000,10
33480000,1,33481000,2,33479000,1,33482000,5,33478000,3,33483000,13,33477000,8,33484000,4,33476000,7,33485000,6,33475000,11,33486000,7,33474000,10,33487000,11,33473000,8,33488000,9,33472000,10,33489000,10,33471000,8,33490000,11
33475000,3,33477000,1,33474000,6,33478000,5,33473000,7,33479000,5,33472000,7,33480000,6,33471000,9,33481000,7,33470000,21,33482000,11,33469000,10,33483000,17,33468000,12,33484000,10,33467000,13,33485000,7,33466000,12,33486000,10
33472000,7,33475000,5,33471000,7,33476000,6,33470000,17,33477000,7,33469000,9,33478000,8,33468000,10,33479000,10,33467000,15,33480000,15,33466000,12,33481000,10,33465000,6,33482000,13,33464000,9,33483000,15,33463000,9,33484000,9
33477000,3,33478000,2,33476000,2,33479000,3,33475000,1,33480000,7,33474000,2,33481000,8,33473000,5,33482000,9,33472000,5,33483000,15,33471000,8,33484000,8,33470000,8,33485000,5,33469000,8,33486000,10,33468000,11,33487000,13
33471000,1,33473000,5,33470000,5,33474000,3,33469000,6,33475000,6,33468000,10,33476000,4,33467000,10,33477000,12,33466000,12,33478000,7,33465000,9,33479000,6,33464000,8,33480000,13,33463000,7,33481000,10,33462000,8,33482000,11
33472000,9,33474000,2,33471000,3,33475000,4,33470000,4,33476000,4,33469000,6,33477000,12,33468000,11,33478000,5,33467000,12,33479000,7,33466000,11,33480000,12,33465000,10,33481000,9,33464000,8,33482000,11,33463000,7,33483000,12
33470000,4,33473000,5,33469000,4,33474000,3,33468000,10,33475000,5,33467000,10,33476000,7,33466000,11,33477000,12,33465000,11,33478000,8,33464000,9,33479000,11,33463000,7,33480000,12,33462000,9,33481000,11,33461000,8,33482000,11
33467000,3,33469000,4,33466000,7,33470000,5,33465000,8,33471000,5,33464000,9,33472000,3,33463000,9,33473000,5,33462000,9,33474000,9,33461000,7,33475000,10,33460000,15,33476000,10,33459000,10,33477000,16,33458000,29,33478000,8
33464000,2,33466000,4,33463000,4,33467000,4,33462000,7,33468000,3,33461000,6,33469000,5,33460000,12,33470000,8,33459000,9,33471000,8,33458000,30,33472000,9,33457000,6,33473000,7,33456000,8,33474000,8,33455000,6,33475000,11
33463000,3,33465000,1,33462000,11,33466000,3,33461000,9,33467000,2,33460000,13,33468000,7,33459000,5,33469000,16,33458000,25,33470000,9,33457000,6,33471000,7,33456000,7,33472000,6,33455000,11,33473000,7,33454000,10,33474000,8
33463000,4,33466000,2,33462000,11,33467000,3,33461000,9,33468000,5,33460000,13,33469000,15,33459000,6,33470000,7,33458000,26,33471000,6,33457000,5,33472000,7,33456000,7,33473000,8,33455000,11,33474000,7,33454000,10,33475000,11
33464000,1,33466000,2,33463000,4,33467000,4,33462000,11,33468000,5,33461000,7,33469000,16,33460000,14,33470000,9,33459000,5,33471000,5,33458000,26,33472000,8,33457000,5,33473000,7,33456000,7,33474000,7,33455000,11,33475000,11
33464000,3,33467000,4,33463000,4,33468000,4,33462000,12,33469000,15,33461000,7,33470000,6,33460000,14,33471000,5,33459000,5,33472000,7,33458000,26,33473000,7,33457000,5,33474000,7,33456000,7,33475000,11,33455000,11,33476000,7
33468000,1,33469000,10,33467000,4,33470000,2,33466000,5,33471000,4,33465000,7,33472000,7,33464000,6,33473000,5,33463000,8,33474000,7,33462000,5,33475000,11,33461000,8,33476000,7,33460000,16,33477000,15,33459000,5,33478000,7
33465000,5,33468000,2,33464000,6,33469000,8,33463000,8,33470000,5,33462000,6,33471000,4,33461000,7,33472000,6,33460000,16,33473000,5,33459000,5,33474000,8,33458000,25,33475000,13,33457000,6,33476000,7,33456000,6,33477000,15
33468000,1,33469000,5,33467000,2,33470000,3,33466000,4,33471000,3,33465000,4,33472000,6,33464000,5,33473000,5,33463000,7,33474000,6,33462000,4,33475000,11,33461000,7,33476000,6,33460000,15,33477000,14,33459000,4,33478000,6
33465000,2,33467000,5,33464000,6,33468000,2,33463000,6,33469000,1,33462000,5,33470000,3,33461000,6,33471000,5,33460000,14,33472000,5,33459000,4,33473000,6,33458000,23,33474000,4,33457000,5,33475000,6,33456000,4,33476000,4
