32428.4484214,4,0,3,33502000,-1
32455.7344071,4,1,1,33505000,1
32474.1913318,4,2,1,33509000,-1
32480.6493397,4,3,6,33506000,1
32495.5405053,4,4,1,33501000,-1
32505.7552522,4,5,4,33505000,1
32512.2720766,4,6,1,33502000,1
32522.9543864,4,7,3,33508000,1
32523.459524,4,8,6,33505000,1
32528.3481668,4,9,12,33508000,-1
32541.9565831,4,10,25,33512000,1
32542.1417696,4,11,5,33509000,1
32545.4970926,4,12,13,33506000,1
32566.0340904,4,13,1,33509000,-1
32572.0127498,4,14,2,33504000,-1
32575.2557791,4,15,1,33507000,1
32579.2874239,4,16,3,33504000,-1
32598.8527424,4,17,8,33507000,-1
32598.8565108,4,18,1,33510000,-1
32609.9387979,4,19,9,33506000,1
32618.4752458,4,20,1,33503000,-1
32686.0331364,4,21,9,33506000,1
32719.6166543,4,22,1,33503000,1
32767.0760723,4,23,7,33506000,1
32798.7882561,4,24,1,33502000,1
32875.6127395,4,25,17,33505000,1
32885.510542,4,26,3,33502000,-1
32897.9680544,4,27,7,33505000,1
32913.3835309,4,28,3,33502000,-1
32934.0546749,4,29,3,33506000,-1
32954.0531772,4,30,3,33509000,-1
32958.4506514,4,31,3,33512000,1
33040.8523874,4,32,40,33509000,1
33040.8545174,4,33,15,33506000,1
33041.0624365,4,34,1,33503000,1
33072.6488068,4,35,16,33508000,1
33092.4478009,4,36,4,33511000,-1
33110.6203209,4,37,3,33514000,1
33110.8927026,4,38,4,33511000,1
33126.7083331,4,39,3,33508000,1
33137.0743993,4,40,5,33512000,1
33149.2905447,4,41,1,33509000,1
33237.0289134,4,42,28,33512000,-1
33272.2056328,4,43,24,33515000,-1
33283.2299302,4,44,5,33518000,-1
33319.1183572,4,45,13,33521000,1
33330.5331223,4,46,14,33517000,-1
33361.3230238,4,47,24,33520000,-1
33362.4721678,4,48,8,33523000,-1
33406.1594516,4,49,9,33517000,-1
33406.1659401,4,50,1,33520000,-1
33424.2825066,4,51,9,33515000,-1
33432.4796709,4,52,4,33520000,1
33464.0664104,4,53,1,33517000,1
33497.4782562,4,54,3,33527000,1
33499.5471798,4,55,3,33524000,1
33507.5932145,4,56,34,33521000,1
33534.760209,4,57,4,33518000,1
33534.8912049,4,58,10,33515000,1
33535.3626965,4,59,1,33512000,1
33551.1016905,4,60,4,33515000,1
33556.2253616,4,61,3,33512000,-1
33589.7955665,4,62,2,33515000,-1
33593.2843289,4,63,10,33518000,-1
33609.6365545,4,64,1,33521000,1
33646.0808584,4,65,19,33525000,-1
33656.4603762,4,66,14,33528000,-1
33656.4641075,4,67,22,33531000,-1
33656.465398,4,68,14,33534000,-1
33656.525929,4,69,1,33530000,1
33656.5756771,4,70,1,33533000,-1
33661.8544037,4,71,10,33529000,1
33669.2916711,4,72,5,33533000,1
33671.6835112,4,73,5,33530000,-1
33675.7468879,4,74,4,33533000,1
33687.8434971,4,75,2,33530000,-1
33705.6267391,4,76,3,33533000,-1
33727.3144546,4,77,7,33536000,1
33770.0467788,4,78,13,33533000,1
33778.1256292,4,79,5,33538000,1
33782.9623345,4,80,4,33535000,-1
33788.7599316,4,81,1,33538000,1
33807.5484307,4,82,16,33541000,1
33811.7746767,4,83,12,33537000,1
33811.796232,4,84,3,33534000,-1
33816.264886,4,85,5,33537000,1
33832.2404063,4,86,2,33540000,1
33860.194647,4,87,26,33543000,-1
33862.1484768,4,88,3,33546000,-1
33868.4517687,4,89,1,33549000,-1
33872.0573932,4,90,1,33545000,-1
33900.978347,4,91,57,33548000,-1
33928.8273343,4,92,27,33551000,-1
33941.2569829,4,93,33,33554000,1
33941.2570077,4,94,1,33551000,1
33941.4096599,4,95,23,33555000,-1
33954.6586213,4,96,30,33558000,-1
33958.5252354,4,97,16,33562000,1
33970.9809008,4,98,5,33559000,-1
33978.3097673,4,99,26,33562000,-1
33982.3347252,4,100,15,33565000,-1
33988.4126816,4,101,32,33568000,-1
33989.0090923,4,102,3,33571000,1
33989.407323,4,103,3,33568000,1
33989.695311,4,104,9,33565000,1
33994.7270407,4,105,22,33562000,1
34004.9842927,4,106,8,33559000,-1
34008.97542,4,107,3,33562000,1
34009.3946093,4,108,1,33559000,1
34010.2938078,4,109,4,33562000,-1
34038.810431,4,110,27,33558000,-1
34041.364085,4,111,20,33555000,1
34041.36597,4,112,8,33552000,1
34042.9547639,4,113,18,33557000,-1
34042.954787,4,114,1,33560000,-1
34043.5583041,4,115,2,33556000,1
34044.5589392,4,116,16,33553000,1
34061.605908,4,117,27,33550000,-1
34064.1307291,4,118,4,33553000,1
34082.4203658,4,119,2,33549000,1
34084.2541825,4,120,1,33546000,1
34088.9332407,4,121,6,33549000,-1
34121.2728333,4,122,19,33552000,-1
34138.4175843,4,123,7,33555000,1
34145.1633725,4,124,8,33552000,1
34146.5935738,4,125,5,33549000,-1
34151.7454437,4,126,3,33553000,1
34160.9853416,4,127,2,33550000,-1
34192.8979516,4,128,4,33553000,1
34192.9152103,4,129,21,33550000,1
34192.9159076,4,130,1,33547000,1
34192.9578249,4,131,86,33550000,-1
34200.4547529,4,132,2,33553000,1
34204.5268357,4,133,11,33550000,-1
34213.0342185,4,134,14,33553000,-1
34216.6207842,4,135,4,33556000,1
34221.5166731,4,136,12,33553000,-1
34222.073563,4,137,13,33556000,1
34230.3244016,4,138,15,33553000,-1
34233.3511169,4,139,10,33556000,-1
34233.6848041,4,140,3,33559000,-1
34234.1078297,4,141,4,33562000,-1
34237.3097447,4,142,1,33565000,-1
34239.7035512,4,143,13,33559000,1
34246.1433699,4,144,17,33556000,-1
34248.0983257,4,145,10,33559000,-1
34248.4980099,4,146,9,33562000,-1
34260.8299549,4,147,2,33559000,1
34269.5464378,4,148,2,33562000,-1
34274.7465292,4,149,2,33565000,1
34306.9684532,4,150,16,33562000,-1
34335.4371315,4,151,26,33565000,-1
34354.1980622,4,152,46,33562000,-1
34370.7960531,4,153,28,33565000,-1
34377.0490459,4,154,29,33568000,1
34377.0946423,4,155,6,33565000,1
34377.1485692,4,156,24,33562000,1
34377.1988289,4,157,9,33559000,1
34377.3410102,4,158,16,33556000,1
34377.535825,4,159,1,33553000,1
34377.8975833,4,160,16,33556000,-1
34379.9196724,4,161,18,33559000,-1
34386.160651,4,162,16,33556000,-1
34390.679949,4,163,19,33559000,-1
34394.9280159,4,164,10,33562000,-1
34411.7666076,4,165,9,33558000,-1
34416.8337278,4,166,5,33561000,-1
34425.777703,4,167,9,33558000,-1
34435.7493263,4,168,16,33561000,-1
34447.2203563,4,169,11,33564000,-1
34449.3728077,4,170,5,33567000,1
34456.0862063,4,171,8,33564000,1
34456.0862171,4,172,1,33561000,1
34486.8340225,4,173,7,33564000,-1
34513.7520314,4,174,1,33567000,-1
34516.5913972,4,175,1,33561000,1
34516.8417837,4,176,17,33564000,-1
34532.5220488,4,177,40,33567000,-1
34534.5884013,4,178,16,33570000,-1
34534.6233413,4,179,2,33567000,1
34534.9925491,4,180,3,33564000,-1
34539.4237938,4,181,3,33567000,-1
34549.4715753,4,182,22,33571000,-1
34554.9127808,4,183,1,33574000,-1
34562.0186698,4,184,1,33568000,-1
34564.1853422,4,185,3,33565000,1
34564.74955,4,186,10,33562000,1
34570.3550032,4,187,2,33559000,-1
34597.881228,4,188,13,33562000,-1
34638.9180921,4,189,4,33559000,-1
34642.1232477,4,190,1,33555000,1
34657.6870289,4,191,12,33558000,-1
34671.4536871,4,192,26,33561000,-1
34676.9836137,4,193,18,33564000,-1
34682.2625193,4,194,2,33568000,-1
34684.0098389,4,195,3,33571000,1
34689.1580868,4,196,5,33568000,1
34701.8172298,4,197,9,33565000,-1
34706.9128406,4,198,1,33568000,-1
34710.0240407,4,199,9,33565000,1
34734.1675212,4,200,12,33562000,1
34746.3457419,4,201,7,33559000,-1
34750.6676228,4,202,2,33562000,1
34751.3530172,4,203,2,33559000,-1
34758.1200342,4,204,10,33562000,-1
34774.2266527,4,205,26,33559000,-1
34793.5361619,4,206,4,33562000,-1
34803.4503924,4,207,21,33565000,-1
34806.2163977,4,208,3,33568000,1
34811.5509445,4,209,1,33565000,1
34822.3938309,4,210,15,33568000,-1
34822.4237477,4,211,8,33571000,-1
34837.5235892,4,212,25,33575000,-1
34840.2848286,4,213,18,33578000,-1
34871.6850105,4,214,14,33572000,1
34871.6850708,4,215,8,33569000,1
34871.7348928,4,216,1,33572000,1
34887.7552012,4,217,16,33569000,1
34893.814171,4,218,5,33566000,1
34916.0644717,4,219,31,33569000,-1
34941.9709454,4,220,10,33573000,-1
34951.1544519,4,221,12,33576000,-1
34951.7119551,4,222,2,33573000,1
34958.4984868,4,223,4,33576000,1
34982.6787112,4,224,19,33579000,-1
34982.6787424,4,225,1,33582000,-1
34991.9729693,4,226,10,33579000,-1
35008.1663624,4,227,8,33582000,1
35015.9367214,4,228,2,33579000,1
35023.2491353,4,229,1,33576000,1
35054.9688659,4,230,12,33579000,-1
35060.5287799,4,231,13,33576000,-1
35060.5963384,4,232,7,33579000,-1
35060.9103513,4,233,7,33576000,-1
35064.2196134,4,234,1,33580000,-1
35093.928316,4,235,18,33576000,-1
35094.2475239,4,236,1,33579000,-1
35097.2577459,4,237,13,33576000,-1
35108.1457555,4,238,26,33579000,-1
35109.3395771,4,239,2,33582000,1
35113.2053835,4,240,4,33579000,-1
35115.2992985,4,241,1,33576000,-1
35126.5110436,4,242,1,33579000,1
35128.7492503,4,243,13,33582000,1
35129.5460153,4,244,3,33579000,-1
35144.1116158,4,245,1,33582000,-1
35161.1540471,4,246,4,33579000,1
35166.3019202,4,247,4,33575000,-1
35166.6765027,4,248,31,33578000,-1
35169.066395,4,249,22,33581000,-1
35169.0664864,4,250,1,33584000,-1
35169.8345867,4,251,11,33579000,1
35170.9097939,4,252,3,33576000,-1
35171.2022245,4,253,1,33579000,1
35171.4539289,4,254,1,33576000,-1
35221.5422826,4,255,1,33579000,-1
35237.9433074,4,256,4,33575000,1
35238.0312926,4,257,7,33572000,-1
35238.6953279,4,258,5,33575000,-1
35247.6738494,4,259,8,33572000,1
35252.2988953,4,260,17,33569000,-1
35252.4317188,4,261,14,33572000,-1
35302.3534898,4,262,3,33575000,1
35331.3719444,4,263,12,33572000,1
35333.0562128,4,264,1,33569000,1
35361.6952013,4,265,2,33572000,-1
35371.0188738,4,266,3,33575000,-1
35384.9853324,4,267,6,33578000,-1
35395.5566682,4,268,3,33575000,-1
35410.1842824,4,269,8,33578000,1
35432.4561264,4,270,3,33581000,1
35432.6221223,4,271,1,33585000,-1
35435.5235213,4,272,14,33581000,-1
35444.860357,4,273,4,33575000,1
35448.510292,4,274,3,33571000,-1
35453.6568458,4,275,20,33574000,-1
35453.6612087,4,276,21,33577000,-1
35453.6617844,4,277,8,33580000,-1
35456.6388313,4,278,14,33577000,-1
35457.8921677,4,279,31,33580000,-1
35461.5088742,4,280,10,33576000,-1
35461.6056162,4,281,12,33579000,-1
35486.4071123,4,282,4,33582000,-1
35493.9440173,4,283,19,33585000,1
35522.5151007,4,284,4,33582000,1
35534.9309366,4,285,1,33585000,1
35548.3319405,4,286,30,33588000,-1
35556.2675075,4,287,24,33591000,-1
35556.3091317,4,288,5,33594000,1
35615.9286248,4,289,16,33591000,1
35616.6321474,4,290,4,33596000,1
35629.7412838,4,291,31,33593000,1
35629.9798381,4,292,10,33590000,1
35641.8575828,4,293,10,33593000,1
35643.1507565,4,294,51,33590000,1
35647.2987846,4,295,8,33587000,-1
35648.8679798,4,296,12,33590000,-1
35650.1950306,4,297,2,33593000,1
35671.0427001,4,298,1,33590000,1
35675.5586456,4,299,8,33595000,1
35679.0458246,4,300,91,33599000,1
35679.0458334,4,301,1,33596000,1
35682.290819,4,302,18,33599000,-1
35691.5748748,4,303,13,33602000,1
35701.935879,4,304,1,33599000,-1
35713.9052779,4,305,10,33595000,1
35713.905297,4,306,1,33592000,1
35719.7328039,4,307,14,33595000,-1
35731.417096,4,308,16,33591000,1
35738.6127363,4,309,4,33586000,1
35750.4981985,4,310,3,33590000,-1
35773.8906707,4,311,4,33593000,-1
35792.208522,4,312,5,33596000,-1
35816.3206005,4,313,28,33599000,1
35816.9946812,4,314,12,33595000,1
35817.0005016,4,315,25,33592000,1
35817.0031205,4,316,61,33589000,1
35817.4925432,4,317,16,33586000,1
35823.2623297,4,318,9,33582000,1
35827.9530127,4,319,13,33579000,1
35830.1367974,4,320,26,33576000,1
35836.3838146,4,321,53,33573000,1
35841.3690084,4,322,10,33576000,-1
35841.5327062,4,323,1,33580000,-1
35843.4409905,4,324,6,33577000,1
35844.9532649,4,325,2,33574000,-1
35847.41197,4,326,3,33577000,-1
35849.4443391,4,327,2,33580000,-1
35856.8707131,4,328,4,33577000,1
35872.5580607,4,329,22,33574000,1
35877.6845765,4,330,5,33571000,-1
35889.2804964,4,331,6,33574000,-1
35931.7787507,4,332,33,33577000,1
35953.1573316,4,333,8,33574000,1
35962.621129,4,334,9,33571000,1
35963.6269156,4,335,10,33574000,1
35963.6296733,4,336,60,33571000,1
35972.2615409,4,337,21,33568000,1
35983.397313,4,338,13,33571000,-1
35997.8065011,4,339,6,33574000,1
36006.7491629,4,340,12,33578000,1
36008.9047869,4,341,12,33575000,1
36046.8507641,4,342,23,33572000,1
36046.9325414,4,343,1,33569000,1
36055.0970198,4,344,7,33573000,1
36056.8410199,4,345,1,33570000,1
36066.0764329,4,346,28,33573000,1
36077.38859,4,347,3,33570000,1
36101.4820262,4,348,21,33575000,1
36110.788301,4,349,25,33572000,1
36162.4611638,4,350,44,33569000,1
36166.7342069,4,351,1,33566000,1
36176.0480109,4,352,21,33569000,1
36190.1687466,4,353,17,33566000,1
36218.8836955,4,354,25,33563000,-1
36234.2484849,4,355,7,33566000,-1
36240.0386549,4,356,7,33569000,-1
36240.098402,4,357,3,33572000,-1
36244.9796132,4,358,13,33575000,-1
36249.0096783,4,359,6,33578000,-1
36282.8318861,4,360,3,33582000,-1
36289.7082938,4,361,12,33585000,1
36290.6898437,4,362,15,33582000,1
36291.0020514,4,363,3,33579000,-1
36311.3409259,4,364,1,33582000,1
36325.1820702,4,365,15,33585000,1
36333.8678306,4,366,6,33582000,1
36342.5110805,4,367,12,33585000,1
36368.9532279,4,368,53,33588000,1
36382.1016206,4,369,12,33585000,1
36390.5723301,4,370,20,33588000,-1
36394.840973,4,371,6,33591000,1
36408.2328994,4,372,48,33588000,1
36408.4371432,4,373,21,33585000,1
36409.1836897,4,374,22,33582000,1
36410.179938,4,375,9,33579000,1
36410.5014777,4,376,3,33575000,-1
36419.6615965,4,377,10,33578000,-1
36427.6432016,4,378,5,33581000,1
36438.7769323,4,379,10,33578000,1
36451.1820447,4,380,20,33573000,1
36473.7828234,4,381,1,33570000,-1
36474.3646949,4,382,1,33566000,1
36504.3779582,4,383,25,33569000,-1
36521.5521843,4,384,10,33565000,-1
36525.0644055,4,385,1,33562000,1
36529.0269079,4,386,8,33566000,-1
36540.8900204,4,387,25,33569000,1
36550.059633,4,388,23,33566000,1
36581.8707956,4,389,4,33570000,-1
36617.0961906,4,390,5,33573000,-1
36620.5715166,4,391,2,33576000,-1
36650.9277849,4,392,5,33573000,1
36668.3641926,4,393,2,33577000,-1
36705.4313309,4,394,29,33580000,-1
36705.43268,4,395,16,33583000,-1
36705.5260997,4,396,13,33586000,-1
36705.6826778,4,397,1,33589000,-1
36714.755409,4,398,5,33586000,-1
36718.5923936,4,399,7,33589000,1
36723.6652789,4,400,1,33586000,1
36725.7313938,4,401,2,33589000,-1
36736.0254439,4,402,1,33592000,-1
36742.5686207,4,403,10,33595000,1
36743.839332,4,404,1,33592000,1
36751.0651347,4,405,69,33595000,-1
36758.700124,4,406,19,33598000,-1
36760.0488417,4,407,17,33601000,-1
36760.2347586,4,408,3,33604000,-1
36762.2824631,4,409,5,33599000,1
36766.0869678,4,410,1,33596000,1
36769.7340208,4,411,3,33599000,1
36774.0710535,4,412,16,33596000,1
36774.0710641,4,413,2,33593000,1
36777.6502294,4,414,6,33596000,1
36781.25677,4,415,17,33593000,1
36785.0641964,4,416,12,33590000,1
36785.1158546,4,417,3,33587000,1
36785.1924133,4,418,3,33584000,-1
36789.5678527,4,419,12,33587000,-1
36794.3784968,4,420,10,33584000,-1
36809.2265795,4,421,7,33587000,-1
36809.5290355,4,422,1,33590000,1
36819.7649968,4,423,6,33593000,1
36840.2790055,4,424,8,33590000,1
36897.0472894,4,425,6,33594000,-1
36917.8180503,4,426,4,33591000,-1
36937.0941796,4,427,21,33588000,-1
36939.8910773,4,428,3,33585000,-1
36954.1344665,4,429,64,33588000,-1
36956.0703659,4,430,10,33592000,-1
36957.2533901,4,431,2,33595000,-1
36966.9728671,4,432,6,33598000,-1
36974.218153,4,433,2,33601000,-1
36991.0994563,4,434,11,33598000,-1
37015.6065279,4,435,12,33601000,-1
37071.5226525,4,436,3,33598000,1
37075.2138729,4,437,3,33601000,-1
37088.3950984,4,438,11,33604000,-1
37089.7648528,4,439,2,33607000,1
37089.8520211,4,440,10,33604000,1
37099.0077532,4,441,13,33601000,1
37115.6963217,4,442,6,33597000,-1
37123.7088304,4,443,3,33600000,-1
37136.688195,4,444,3,33603000,1
37137.3350579,4,445,20,33600000,1
37140.8349106,4,446,10,33597000,1
37143.2726991,4,447,11,33594000,1
37149.2337621,4,448,22,33591000,-1
37150.6722573,4,449,3,33588000,1
37178.1904612,4,450,3,33585000,-1
37182.7027298,4,451,18,33588000,-1
37183.1148046,4,452,1,33591000,1
37189.8309297,4,453,2,33594000,1
37193.3382151,4,454,1,33591000,1
37221.690916,4,455,4,33594000,1
37241.9599013,4,456,4,33587000,-1
37242.8961878,4,457,2,33590000,1
37267.4751624,4,458,1,33587000,1
37285.9997399,4,459,2,33590000,1
37311.4618513,4,460,8,33593000,-1
37334.5643386,4,461,5,33590000,1
37358.1998036,4,462,10,33593000,1
37414.6314568,4,463,4,33590000,1
37434.1645643,4,464,1,33593000,-1
37440.128148,4,465,9,33596000,-1
37449.0041906,4,466,10,33600000,-1
37482.2219249,4,467,8,33603000,1
37482.3918597,4,468,11,33600000,1
37485.108544,4,469,1,33597000,-1
37533.6016156,4,470,1,33600000,-1
37537.444652,4,471,4,33597000,1
37537.6163612,4,472,2,33594000,1
37553.4112433,4,473,11,33591000,-1
37582.1272619,4,474,8,33595000,-1
37626.4832966,4,475,1,33598000,-1
37662.106865,4,476,14,33595000,1
37668.0503113,4,477,12,33592000,1
37694.4701793,4,478,14,33589000,-1
37708.3206212,4,479,8,33592000,1
37878.6587123,4,480,55,33588000,-1
37878.8180676,4,481,5,33591000,1
37898.8215387,4,482,2,33588000,-1
37924.9944828,4,483,2,33591000,1
38085.7622536,4,484,1,33588000,-1
38113.110658,4,485,1,33585000,1
38122.8388588,4,486,7,33589000,-1
38145.2608757,4,487,8,33592000,1
38196.1113706,4,488,1,33589000,1
38196.4913695,4,489,3,33592000,1
38232.0520477,4,490,3,33589000,1
38238.3096678,4,491,5,33592000,1
38263.6567992,4,492,4,33589000,1
38268.6611262,4,493,3,33586000,1
38281.5083338,4,494,13,33583000,1
38286.6080955,4,495,2,33580000,-1
38298.2753918,4,496,3,33583000,-1
38305.4070852,4,497,6,33579000,-1
38344.4678557,4,498,10,33582000,1
38355.9350398,4,499,2,33579000,1
38374.0764872,4,500,7,33582000,1
38376.5924503,4,501,2,33579000,1
38410.1340644,4,502,32,33576000,-1
38420.3313234,4,503,5,33573000,-1
38422.0103572,4,504,1,33577000,-1
38424.746486,4,505,5,33574000,-1
38430.5148625,4,506,1,33577000,-1
38433.3705869,4,507,5,33580000,1
38466.3698275,4,508,1,33577000,1
38473.5480218,4,509,2,33580000,1
38484.0669421,4,510,4,33577000,1
38490.1966542,4,511,1,33584000,-1
38532.013698,4,512,19,33581000,-1
38589.619622,4,513,15,33584000,1
38605.0434735,4,514,1,33581000,1
38608.5749887,4,515,12,33585000,-1
38649.8758436,4,516,7,33588000,1
38661.8457232,4,517,1,33585000,1
38671.1151783,4,518,15,33589000,-1
38677.5052206,4,519,25,33592000,-1
38685.0712605,4,520,5,33595000,-1
38726.1297249,4,521,9,33598000,-1
38795.3593164,4,522,20,33595000,1
38800.018772,4,523,2,33592000,-1
38834.7732386,4,524,1,33596000,1
38860.1503634,4,525,59,33600000,-1
38862.0601216,4,526,9,33603000,-1
38865.4980516,4,527,9,33607000,-1
38875.3973684,4,528,1,33610000,-1
38898.793758,4,529,10,33607000,1
38984.8422895,4,530,45,33610000,1
39070.6028626,4,531,35,33607000,1
39075.6821409,4,532,2,33604000,-1
39112.9122145,4,533,16,33607000,1
39117.4668407,4,534,5,33604000,1
39117.6174782,4,535,1,33600000,1
39131.094461,4,536,1,33603000,1
39149.0957217,4,537,17,33607000,-1
39157.8993158,4,538,39,33610000,-1
39165.580977,4,539,15,33613000,1
39166.8126642,4,540,7,33610000,1
39173.3852977,4,541,1,33607000,1
39184.8321877,4,542,7,33610000,-1
39184.8322039,4,543,1,33613000,-1
39190.5322071,4,544,2,33609000,-1
39226.2729376,4,545,29,33612000,-1
39244.8074755,4,546,14,33609000,-1
39265.0172361,4,547,14,33612000,-1
39288.7784702,4,548,6,33615000,1
39288.8945466,4,549,3,33612000,1
39306.0366648,4,550,2,33608000,1
39352.334195,4,551,1,33605000,1
39396.5878143,4,552,26,33610000,-1
39435.4510847,4,553,13,33613000,-1
39467.3117415,4,554,28,33616000,1
39479.8034104,4,555,4,33613000,1
39484.3464499,4,556,1,33610000,-1
39503.9418432,4,557,3,33607000,-1
39527.3974271,4,558,7,33610000,-1
39535.3804362,4,559,2,33613000,-1
39556.6013301,4,560,3,33610000,-1
39571.7099239,4,561,13,33613000,1
39581.7733818,4,562,25,33610000,-1
39608.5525761,4,563,5,33606000,-1
39617.5804367,4,564,5,33609000,-1
39631.3519818,4,565,14,33612000,1
39649.2390075,4,566,9,33609000,1
39663.017528,4,567,3,33606000,1
39685.9093894,4,568,1,33610000,-1
39743.4638951,4,569,21,33605000,1
39752.2601342,4,570,30,33602000,-1
39758.1370537,4,571,2,33605000,1
39765.5756543,4,572,3,33602000,-1
39775.3499324,4,573,15,33605000,-1
39779.438707,4,574,17,33608000,-1
39780.0935395,4,575,4,33611000,1
39781.9917548,4,576,10,33614000,1
39782.1520267,4,577,1,33611000,1
39785.7190965,4,578,7,33614000,1
39786.0330544,4,579,6,33611000,1
39792.9728022,4,580,6,33615000,1
39797.577827,4,581,3,33612000,-1
39807.905323,4,582,13,33618000,-1
39812.554974,4,583,10,33621000,1
39850.534478,4,584,9,33618000,-1
39851.4272111,4,585,40,33615000,-1
39861.961603,4,586,6,33618000,-1
39867.0099633,4,587,57,33621000,-1
39884.0145478,4,588,21,33624000,-1
39884.3040673,4,589,1,33627000,1
39884.597979,4,590,39,33630000,-1
39885.0225201,4,591,9,33633000,-1
39885.4290105,4,592,4,33636000,-1
39887.0902073,4,593,25,33639000,1
39888.1020097,4,594,7,33642000,1
39889.3082251,4,595,9,33639000,1
39889.3083511,4,596,7,33636000,1
39893.6448369,4,597,33,33639000,1
39894.6654331,4,598,13,33636000,1
39898.0862899,4,599,23,33633000,1
39905.3923142,4,600,16,33636000,-1
39907.8309187,4,601,19,33639000,1
39910.2479686,4,602,7,33636000,1
39915.3901235,4,603,25,33641000,1
39915.512123,4,604,6,33638000,1
39919.5884962,4,605,16,33635000,1
39920.136554,4,606,4,33632000,-1
39934.0248363,4,607,12,33635000,-1
39948.5652257,4,608,1,33632000,-1
39950.5528198,4,609,19,33629000,1
39950.5554348,4,610,28,33626000,1
39950.5582075,4,611,25,33623000,1
39950.5590654,4,612,4,33620000,1
39950.7206979,4,613,3,33625000,1
39955.0322125,4,614,8,33622000,-1
39961.0230065,4,615,20,33618000,1
39961.978299,4,616,13,33615000,1
39962.9452589,4,617,1,33612000,1
39972.6330436,4,618,4,33615000,1
39973.7631261,4,619,1,33611000,1
39977.2433743,4,620,3,33614000,1
39977.8779253,4,621,21,33611000,1
39981.6028537,4,622,15,33608000,1
39981.6047882,4,623,1,33605000,1
39981.7475995,4,624,2,33610000,1
39982.1651916,4,625,5,33607000,-1
39982.4104938,4,626,2,33610000,1
39984.6653994,4,627,22,33607000,-1
39987.5195013,4,628,4,33610000,1
39987.7209143,4,629,1,33607000,-1
40006.503975,4,630,16,33610000,1
40020.4449031,4,631,16,33614000,1
40020.4449497,4,632,1,33611000,1
40027.6715693,4,633,7,33614000,1
40050.8564939,4,634,49,33620000,1
40058.1208368,4,635,8,33624000,1
40078.7666773,4,636,2,33620000,1
40088.2223303,4,637,22,33624000,1
40105.5964717,4,638,7,33621000,-1
40108.2451346,4,639,34,33617000,1
40108.7667968,4,640,1,33614000,1
40112.9777636,4,641,6,33617000,1
40115.2300396,4,642,2,33614000,1
40118.30127,4,643,6,33617000,-1
40122.3941427,4,644,1,33620000,-1
40145.9929005,4,645,8,33617000,1
40146.3604444,4,646,6,33613000,1
40150.755191,4,647,10,33610000,1
40159.7685316,4,648,7,33614000,-1
40161.4661249,4,649,5,33617000,1
40161.4661735,4,650,2,33614000,1
40166.6499312,4,651,1,33617000,-1
40172.2365231,4,652,21,33614000,1
40174.4590551,4,653,4,33611000,1
40175.0078072,4,654,1,33615000,-1
40180.2191623,4,655,19,33612000,1
40186.2941543,4,656,21,33609000,-1
40186.3172767,4,657,1,33612000,-1
40195.5370442,4,658,12,33609000,-1
40195.5880319,4,659,14,33612000,-1
40196.7396552,4,660,15,33615000,-1
40200.0599947,4,661,7,33618000,-1
40200.1867139,4,662,15,33621000,-1
40200.4102994,4,663,12,33624000,-1
40200.6922856,4,664,5,33627000,-1
40206.477196,4,665,12,33624000,1
40225.8102987,4,666,34,33627000,1
40226.9968306,4,667,4,33624000,1
40240.5243294,4,668,2,33628000,1
40250.9092341,4,669,2,33625000,-1
40265.1062419,4,670,16,33628000,-1
40266.9639223,4,671,3,33631000,1
40268.8718672,4,672,5,33628000,-1
40276.6940962,4,673,10,33631000,-1
40283.4644439,4,674,10,33634000,-1
40290.5512301,4,675,1,33637000,-1
40295.2424398,4,676,10,33634000,-1
40295.6649804,4,677,6,33637000,-1
40312.7578458,4,678,7,33631000,1
40334.3384003,4,679,12,33636000,1
40362.6024301,4,680,22,33639000,1
40368.9167505,4,681,8,33636000,1
40371.5191425,4,682,7,33633000,1
40374.4023448,4,683,6,33630000,1
40384.7786156,4,684,1,33627000,-1
40386.2305595,4,685,3,33624000,1
40387.8794882,4,686,14,33621000,1
40399.3569154,4,687,1,33618000,1
40406.4639996,4,688,1,33621000,-1
40415.2687905,4,689,10,33618000,-1
40433.8651131,4,690,21,33621000,-1
40461.8634127,4,691,17,33624000,-1
40466.2903269,4,692,13,33627000,-1
40466.9841208,4,693,2,33630000,1
40468.5566898,4,694,2,33627000,-1
40524.3653583,4,695,40,33630000,-1
40547.1115691,4,696,17,33633000,-1
40552.4236317,4,697,1,33636000,-1
40593.2401052,4,698,3,33632000,1
40608.9246327,4,699,7,33629000,1
40608.9290785,4,700,17,33626000,1
40614.1111157,4,701,3,33623000,1
40617.355318,4,702,6,33620000,-1
40621.9826515,4,703,10,33623000,-1
40635.2390026,4,704,5,33626000,1
40649.6681787,4,705,1,33623000,1
40682.3283884,4,706,24,33620000,-1
40703.382325,4,707,3,33623000,-1
40711.8364446,4,708,6,33619000,-1
40713.3092399,4,709,7,33616000,-1
40713.3092486,4,710,1,33619000,-1
40740.0547236,4,711,19,33616000,-1
40740.1117581,4,712,26,33619000,-1
40740.190175,4,713,9,33622000,-1
40741.483396,4,714,1,33625000,-1
40751.8745523,4,715,7,33622000,1
40758.0604052,4,716,7,33626000,1
40770.0143086,4,717,15,33623000,-1
40775.8363153,4,718,2,33620000,1
40790.0842671,4,719,5,33617000,1
40792.6306169,4,720,2,33614000,1
40794.8992953,4,721,6,33617000,-1
40795.6453859,4,722,1,33620000,1
40796.4505047,4,723,4,33623000,-1
40800.98909,4,724,3,33620000,1
40806.6406564,4,725,8,33617000,-1
40826.4309822,4,726,9,33613000,1
40833.1661448,4,727,1,33610000,1
40841.2858601,4,728,17,33614000,1
40843.0913692,4,729,8,33617000,-1
40848.9846173,4,730,4,33620000,1
40873.7693454,4,731,36,33617000,1
40873.8721657,4,732,15,33614000,1
40877.8398131,4,733,1,33611000,1
40892.1059434,4,734,1,33614000,-1
40892.3991354,4,735,1,33611000,1
40893.0533176,4,736,14,33615000,-1
40900.4908049,4,737,1,33618000,1
40901.8099951,4,738,6,33621000,-1
40920.651308,4,739,23,33624000,-1
40922.1297988,4,740,2,33621000,-1
40957.4871345,4,741,22,33624000,-1
40971.3521712,4,742,3,33621000,1
40980.9739044,4,743,2,33618000,1
41008.142444,4,744,1,33622000,1
41037.1363315,4,745,5,33627000,-1
41058.8256291,4,746,9,33630000,-1
41065.7187395,4,747,4,33633000,-1
41093.8657046,4,748,32,33636000,1
41094.6111684,4,749,1,33633000,1
41118.1441245,4,750,13,33636000,-1
41132.382265,4,751,1,33639000,-1
41142.7826192,4,752,3,33634000,1
41153.6933435,4,753,23,33630000,1
41173.9177551,4,754,9,33633000,-1
41201.1523622,4,755,10,33636000,1
41203.1285452,4,756,4,33633000,-1
41204.2327256,4,757,17,33636000,1
41218.3042585,4,758,16,33633000,-1
41218.9898132,4,759,20,33636000,-1
41223.0947607,4,760,17,33640000,1
41241.4043011,4,761,5,33637000,-1
41264.7408664,4,762,16,33640000,-1
41296.3628685,4,763,16,33637000,1
41329.7150552,4,764,8,33634000,-1
41342.5222723,4,765,9,33638000,-1
41355.4061874,4,766,6,33641000,1
41374.5257184,4,767,5,33638000,1
41377.9178594,4,768,4,33635000,-1
41401.0079111,4,769,6,33638000,-1
41401.2519789,4,770,23,33642000,1
41401.5977529,4,771,12,33645000,1
41401.6649288,4,772,46,33649000,-1
41401.7034201,4,773,10,33652000,-1
41401.8394999,4,774,20,33649000,-1
41401.8761094,4,775,1,33652000,-1
41401.9172831,4,776,3,33648000,-1
41401.9344314,4,777,1,33651000,-1
41421.9991698,4,778,21,33648000,1
41424.5378815,4,779,13,33645000,1
41424.57923,4,780,1,33642000,1
41434.4778969,4,781,36,33645000,1
41435.6073568,4,782,1,33641000,1
41444.0839726,4,783,17,33644000,-1
41466.0830112,4,784,19,33647000,1
41482.9580707,4,785,12,33644000,1
41490.5431315,4,786,7,33641000,1
41498.2307878,4,787,5,33638000,1
41506.6395073,4,788,6,33635000,1
41535.7139182,4,789,19,33631000,1
41558.5850709,4,790,12,33628000,1
41596.0720303,4,791,6,33625000,-1
41612.2287516,4,792,6,33629000,1
41620.987906,4,793,3,33625000,-1
41678.9400906,4,794,26,33622000,1
41698.9179612,4,795,14,33619000,1
41700.7090467,4,796,16,33616000,1
41703.0646556,4,797,19,33613000,1
41707.6977,4,798,5,33609000,1
41709.7825992,4,799,4,33606000,1
41711.5651757,4,800,6,33609000,1
41718.6906401,4,801,51,33606000,-1
41720.600564,4,802,19,33603000,-1
41725.2960841,4,803,30,33606000,1
41730.7386774,4,804,1,33603000,-1
41735.5378466,4,805,2,33600000,-1
41740.0169218,4,806,23,33603000,-1
41774.7945907,4,807,20,33606000,1
41797.9802264,4,808,5,33603000,-1
41800.6774471,4,809,13,33600000,-1
41811.8701809,4,810,7,33603000,-1
41824.9265133,4,811,30,33600000,1
41833.5088767,4,812,20,33597000,-1
41834.9647916,4,813,1,33601000,-1
41843.2214942,4,814,1,33598000,1
41860.7767633,4,815,25,33595000,-1
41864.7874698,4,816,7,33592000,-1
41866.0478115,4,817,1,33596000,-1
41877.6557857,4,818,24,33593000,-1
41890.3980154,4,819,5,33596000,-1
41903.3759115,4,820,11,33599000,1
41907.9500634,4,821,1,33596000,1
41927.6520374,4,822,6,33600000,1
41933.0159503,4,823,38,33597000,1
41963.83863,4,824,55,33594000,1
41970.9771486,4,825,26,33591000,1
41977.9437636,4,826,11,33594000,-1
41987.3159,4,827,15,33597000,-1
41990.4099558,4,828,9,33600000,-1
41995.2912054,4,829,9,33603000,-1
42000.2133505,4,830,5,33606000,-1
42003.7681127,4,831,35,33609000,-1
42015.9468157,4,832,19,33612000,-1
42023.829742,4,833,5,33615000,1
42065.9147201,4,834,10,33610000,1
42068.2170673,4,835,20,33613000,-1
42068.5209695,4,836,6,33616000,-1
42076.7640956,4,837,6,33611000,1
42089.912713,4,838,9,33608000,1
42109.6819178,4,839,20,33605000,1
42158.9492293,4,840,13,33608000,1
42180.2047195,4,841,2,33611000,-1
42187.6520252,4,842,6,33607000,1
42196.1093162,4,843,1,33602000,-1
42206.6753144,4,844,1,33606000,1
42229.3163884,4,845,7,33611000,-1
42259.5284188,4,846,4,33614000,-1
42281.4618249,4,847,3,33611000,1
42290.5546862,4,848,3,33608000,1
42299.0981611,4,849,3,33605000,-1
42343.6209826,4,850,9,33608000,1
42363.4504736,4,851,4,33604000,1
42421.5299109,4,852,10,33610000,-1
42437.1927971,4,853,4,33614000,-1
42462.0539482,4,854,1,33611000,1
42471.5059495,4,855,9,33614000,-1
42481.1527173,4,856,4,33617000,1
42530.4564428,4,857,12,33614000,-1
42532.7367353,4,858,6,33617000,-1
42535.8683906,4,859,5,33620000,1
42577.9239716,4,860,1,33617000,1
42581.575454,4,861,2,33623000,1
42581.688004,4,862,7,33620000,1
42597.2005655,4,863,20,33617000,-1
42602.8019565,4,864,2,33621000,-1
42681.9037646,4,865,92,33624000,-1
42740.8798399,4,866,11,33627000,1
42743.2874636,4,867,14,33624000,1
42743.3555933,4,868,10,33621000,1
42762.481784,4,869,42,33618000,-1
42771.4295707,4,870,3,33622000,-1
42808.1171981,4,871,11,33625000,1
42811.6976805,4,872,1,33622000,1
42819.7640342,4,873,3,33625000,-1
42837.1631172,4,874,1,33622000,-1
42847.063859,4,875,9,33619000,1
42848.3188985,4,876,7,33616000,1
42852.3672748,4,877,3,33613000,-1
42854.8103532,4,878,1,33616000,-1
42860.4698562,4,879,2,33613000,-1
42865.2851684,4,880,1,33618000,1
42888.5886196,4,881,14,33615000,1
42906.5974754,4,882,6,33612000,1
42924.914965,4,883,4,33609000,-1
42937.9616474,4,884,19,33612000,-1
42950.5717282,4,885,3,33615000,-1
42957.6419932,4,886,8,33618000,1
43004.3214818,4,887,8,33615000,1
43048.0368515,4,888,1,33618000,1
43061.854766,4,889,15,33622000,-1
43064.2444627,4,890,2,33625000,-1
43089.4927923,4,891,8,33628000,1
43097.4277312,4,892,11,33625000,-1
43102.7707692,4,893,9,33620000,1
43114.6997115,4,894,11,33623000,1
43126.4187091,4,895,8,33620000,-1
43149.5183085,4,896,1,33623000,-1
43173.29977,4,897,36,33619000,1
43177.0562943,4,898,15,33616000,1
43199.5517232,4,899,10,33613000,1
43200.058282,4,900,5,33610000,-1
43209.1202762,4,901,2,33613000,-1
43209.582418,4,902,2,33616000,1
43261.5887581,4,903,25,33613000,-1
43274.120258,4,904,19,33616000,-1
43282.112353,4,905,1,33619000,-1
43294.1383542,4,906,5,33616000,-1
43300.9682278,4,907,4,33619000,-1
43313.3544997,4,908,1,33622000,-1
43320.8860847,4,909,4,33619000,-1
43322.0120486,4,910,13,33623000,-1
43325.2914573,4,911,1,33626000,1
43325.6779835,4,912,2,33623000,1
43341.7002675,4,913,9,33620000,1
43346.9494439,4,914,3,33616000,-1
43380.0589877,4,915,1,33619000,-1
43384.3597915,4,916,6,33616000,1
43403.6474313,4,917,2,33619000,1
43470.7047861,4,918,18,33616000,1
43486.2157057,4,919,1,33613000,1
43486.6981283,4,920,1,33616000,-1
43498.3006512,4,921,5,33613000,1
43513.3444552,4,922,5,33617000,-1
43523.707572,4,923,9,33620000,-1
43539.4742624,4,924,4,33623000,1
43583.4932042,4,925,17,33619000,1
43584.5487825,4,926,4,33614000,-1
43594.9240642,4,927,20,33611000,1
43595.0001384,4,928,21,33608000,1
43596.2676609,4,929,1,33605000,1
43602.5194909,4,930,11,33608000,-1
43620.27154,4,931,21,33612000,-1
43641.3575351,4,932,17,33615000,1
43672.4913968,4,933,2,33612000,-1
43678.5041719,4,934,10,33615000,-1
43681.8459236,4,935,2,33618000,-1
43685.1575843,4,936,9,33621000,-1
43696.9692533,4,937,9,33618000,1
43713.2423619,4,938,11,33615000,-1
43713.2632445,4,939,5,33618000,-1
43722.7356669,4,940,5,33621000,1
43722.8923058,4,941,4,33616000,1
43723.055122,4,942,2,33612000,-1
43733.3637873,4,943,1,33616000,1
43751.9223453,4,944,12,33619000,1
43763.2681385,4,945,1,33616000,-1
43771.8950948,4,946,9,33613000,-1
43771.9833515,4,947,3,33616000,-1
43772.2846772,4,948,7,33619000,-1
43804.6286866,4,949,5,33622000,1
43805.0404621,4,950,2,33619000,1
43816.7250329,4,951,1,33616000,1
43835.1944302,4,952,22,33620000,1
43836.3872679,4,953,7,33617000,1
43842.3193952,4,954,3,33620000,-1
43862.3485952,4,955,7,33623000,-1
43872.0681277,4,956,19,33626000,-1
43882.9332033,4,957,4,33629000,1
43886.868425,4,958,3,33626000,-1
43886.8684832,4,959,1,33629000,-1
43887.8406841,4,960,7,33626000,1
43921.1354829,4,961,22,33622000,1
43925.5222463,4,962,7,33619000,1
43926.9665071,4,963,3,33616000,1
43928.59619,4,964,13,33613000,-1
43928.5996709,4,965,1,33616000,-1
43930.5103936,4,966,1,33612000,1
43942.3481892,4,967,5,33615000,1
43955.5781868,4,968,10,33612000,-1
43997.144168,4,969,6,33616000,1
44009.3152016,4,970,2,33613000,-1
44009.3336683,4,971,9,33616000,-1
44009.3716969,4,972,2,33619000,1
44018.6364844,4,973,2,33616000,-1
44033.0080984,4,974,2,33619000,-1
44048.9668392,4,975,2,33622000,1
44073.6175867,4,976,6,33625000,-1
44076.8810095,4,977,1,33628000,-1
44107.2821014,4,978,1,33625000,1
44118.0097169,4,979,17,33628000,-1
44121.0137772,4,980,20,33631000,-1
44128.8547107,4,981,2,33634000,-1
44143.9255388,4,982,1,33637000,-1
44145.5140503,4,983,7,33633000,-1
44145.6048499,4,984,21,33636000,-1
44145.604857,4,985,1,33639000,-1
44145.6074357,4,986,1,33636000,1
44153.4638661,4,987,35,33639000,-1
44165.0273744,4,988,2,33642000,1
44168.5405597,4,989,1,33639000,1
44179.2387115,4,990,1,33642000,1
44182.8792319,4,991,4,33645000,-1
44195.1606759,4,992,5,33641000,-1
44228.7396484,4,993,24,33644000,1
44229.0359949,4,994,6,33641000,1
44260.6037681,4,995,12,33638000,1
44279.7215922,4,996,7,33642000,1
44307.3423382,4,997,1,33639000,-1
44312.4602028,4,998,3,33635000,1
44324.8559858,4,999,15,33632000,-1
44341.4584867,4,1000,4,33635000,-1
44346.0191644,4,1001,8,33638000,-1
44356.31086,4,1002,1,33641000,1
44362.1734235,4,1003,3,33645000,-1
44364.0429828,4,1004,4,33648000,1
44370.3962608,4,1005,1,33645000,-1
44383.7770079,4,1006,6,33642000,1
44400.0325899,4,1007,1,33645000,1
44400.249272,4,1008,44,33648000,-1
44405.36225,4,1009,1,33651000,1
44405.377489,4,1010,46,33655000,-1
44405.3783458,4,1011,11,33658000,-1
44405.5271041,4,1012,20,33654000,1
44405.578282,4,1013,1,33651000,1
44405.6631897,4,1014,17,33656000,-1
44405.7310851,4,1015,24,33659000,-1
44405.8665114,4,1016,1,33663000,-1
44406.2601383,4,1017,1,33659000,1
44409.9882524,4,1018,19,33662000,1
44413.650307,4,1019,9,33659000,1
44414.7661855,4,1020,2,33662000,1
44415.7400107,4,1021,9,33659000,1
44416.044507,4,1022,3,33656000,-1
44416.5169172,4,1023,2,33659000,1
44417.5460899,4,1024,3,33655000,1
44418.6613188,4,1025,1,33652000,1
44421.1379034,4,1026,13,33655000,-1
44421.1403696,4,1027,25,33658000,-1
44426.4329733,4,1028,4,33661000,1
44426.9338083,4,1029,11,33664000,1
44430.7082992,4,1030,6,33661000,1
44435.6387664,4,1031,1,33664000,1
44435.7501401,4,1032,13,33668000,-1
44436.0625274,4,1033,14,33671000,-1
44436.8801434,4,1034,4,33668000,-1
44436.8801853,4,1035,1,33671000,-1
44438.2086711,4,1036,5,33668000,1
44441.8333786,4,1037,25,33665000,1
44449.506912,4,1038,10,33668000,1
44451.0091844,4,1039,3,33672000,-1
44458.7905689,4,1040,28,33675000,-1
44458.7908557,4,1041,6,33678000,-1
44466.9150687,4,1042,1,33675000,1
44471.2342581,4,1043,21,33679000,-1
44471.9406477,4,1044,9,33682000,-1
44472.1341464,4,1045,1,33685000,-1
44473.1320913,4,1046,1,33681000,1
44473.6787648,4,1047,3,33684000,1
44480.5403397,4,1048,15,33681000,1
44484.8013789,4,1049,41,33685000,-1
44485.0925648,4,1050,75,33688000,-1
44485.177011,4,1051,1,33691000,-1
44485.1839109,4,1052,3,33688000,-1
44485.2026904,4,1053,7,33691000,1
44485.4426339,4,1054,2,33688000,-1
44485.4445144,4,1055,21,33691000,-1
44485.4577389,4,1056,7,33694000,1
44486.4941224,4,1057,23,33691000,1
44487.143472,4,1058,20,33688000,-1
44492.0705143,4,1059,17,33691000,-1
44493.1041479,4,1060,2,33694000,1
44495.8304023,4,1061,8,33691000,1
44499.0011056,4,1062,14,33688000,1
44499.9374705,4,1063,38,33685000,1
44501.9325033,4,1064,17,33682000,-1
44503.2686854,4,1065,6,33679000,1
44503.7889345,4,1066,6,33676000,1
44504.6862769,4,1067,3,33673000,1
44504.6862968,4,1068,1,33670000,1
44504.8246579,4,1069,3,33673000,1
44505.3101149,4,1070,1,33670000,1
44506.6042072,4,1071,1,33667000,1
44509.2192965,4,1072,1,33671000,1
44509.5230513,4,1073,10,33674000,1
44510.7341378,4,1074,3,33671000,1
44511.5035503,4,1075,16,33668000,-1
44512.1881617,4,1076,5,33671000,1
44516.0027998,4,1077,16,33668000,1
44516.0029559,4,1078,6,33665000,1
44520.580192,4,1079,15,33668000,1
44521.1813045,4,1080,8,33671000,1
44522.2983251,4,1081,5,33668000,-1
44522.9636618,4,1082,13,33665000,1
44523.027105,4,1083,5,33662000,-1
44523.8725428,4,1084,3,33665000,1
44530.3869242,4,1085,12,33662000,1
44532.4899272,4,1086,4,33659000,-1
44537.931726,4,1087,17,33662000,1
44546.89703,4,1088,1,33659000,-1
44547.7224629,4,1089,1,33656000,1
44552.7528673,4,1090,6,33659000,-1
44552.7880243,4,1091,3,33662000,-1
44552.8413338,4,1092,7,33665000,1
44556.7039457,4,1093,5,33662000,1
44561.1609014,4,1094,2,33659000,1
44577.4924223,4,1095,35,33656000,-1
44580.0477272,4,1096,1,33653000,1
44580.749514,4,1097,9,33657000,-1
44583.591264,4,1098,1,33660000,-1
44587.0950564,4,1099,1,33656000,1
44593.2372872,4,1100,12,33659000,1
44593.2597576,4,1101,1,33656000,1
44610.4310556,4,1102,6,33659000,1
44625.3656285,4,1103,20,33662000,1
44638.4708627,4,1104,12,33659000,1
44640.3276048,4,1105,5,33662000,1
44641.4945906,4,1106,9,33665000,-1
44641.7554154,4,1107,1,33668000,-1
44658.4467664,4,1108,15,33665000,1
44659.4652865,4,1109,2,33668000,1
44660.264091,4,1110,2,33665000,1
44666.4507015,4,1111,6,33668000,-1
44668.2902954,4,1112,2,33671000,1
44675.1650998,4,1113,15,33668000,1
44675.2479913,4,1114,11,33665000,1
44675.2974994,4,1115,7,33662000,1
44681.261472,4,1116,14,33659000,1
44684.5950273,4,1117,4,33656000,-1
44702.2232736,4,1118,1,33659000,1
44703.652535,4,1119,1,33662000,1
44705.096523,4,1120,5,33665000,1
44706.1147946,4,1121,3,33661000,1
44709.4788494,4,1122,3,33658000,1
44715.3697233,4,1123,21,33661000,-1
44715.8350984,4,1124,1,33658000,-1
44715.9143129,4,1125,5,33655000,1
44718.1168637,4,1126,1,33652000,1
44718.7613636,4,1127,3,33657000,1
44723.7115909,4,1128,8,33654000,1
44730.4972086,4,1129,46,33651000,1
44736.0972364,4,1130,7,33654000,1
44737.0076193,4,1131,2,33658000,1
44738.7919063,4,1132,1,33655000,1
44742.2507895,4,1133,22,33659000,1
44744.1887607,4,1134,3,33664000,1
44748.5816382,4,1135,5,33661000,1
44750.5994172,4,1136,11,33658000,-1
44750.6879469,4,1137,21,33661000,-1
44751.7310015,4,1138,9,33664000,-1
44751.7310172,4,1139,1,33667000,-1
44754.2907637,4,1140,1,33663000,1
44759.3526508,4,1141,6,33666000,1
44760.9894261,4,1142,2,33663000,-1
44761.2163686,4,1143,4,33666000,1
44774.5424027,4,1144,11,33663000,1
44796.1026776,4,1145,3,33660000,-1
44818.2796654,4,1146,4,33655000,-1
44818.279696,4,1147,1,33658000,-1
44821.4327947,4,1148,3,33655000,1
44822.4291042,4,1149,16,33658000,-1
44822.4587996,4,1150,1,33661000,-1
44826.2662202,4,1151,5,33658000,1
44838.0253933,4,1152,12,33655000,1
44838.2592211,4,1153,2,33652000,-1
44849.2989781,4,1154,18,33655000,-1
44849.3006453,4,1155,2,33658000,1
44850.8501825,4,1156,4,33655000,1
44856.4129634,4,1157,12,33652000,1
44857.4851399,4,1158,2,33648000,1
44857.5877519,4,1159,1,33645000,1
44863.2973492,4,1160,14,33648000,1
44864.2123672,4,1161,6,33645000,1
44874.9612642,4,1162,4,33642000,1
44877.7614506,4,1163,4,33639000,-1
44878.0057984,4,1164,4,33643000,1
44878.0352608,4,1165,5,33640000,1
44896.0891262,4,1166,37,33644000,-1
44897.2170238,4,1167,1,33647000,1
44898.5224953,4,1168,9,33650000,-1
44901.2241025,4,1169,23,33653000,1
44912.7713254,4,1170,5,33650000,-1
44971.1302869,4,1171,10,33647000,-1
44981.5330047,4,1172,29,33644000,1
44990.1512655,4,1173,13,33641000,-1
45000.5972584,4,1174,36,33644000,-1
45001.0845133,4,1175,3,33647000,-1
45004.1868131,4,1176,14,33650000,-1
45005.6450682,4,1177,12,33653000,-1
45005.7168927,4,1178,11,33657000,-1
45005.7481757,4,1179,3,33660000,1
45005.7730237,4,1180,2,33657000,-1
45009.4704119,4,1181,45,33660000,1
45011.0420625,4,1182,53,33657000,1
45015.5239045,4,1183,5,33660000,1
45015.566252,4,1184,7,33657000,1
45015.6076637,4,1185,1,33654000,-1
45016.3320903,4,1186,10,33651000,1
45016.6550773,4,1187,7,33648000,1
45020.2788132,4,1188,2,33644000,-1
45030.0810096,4,1189,44,33648000,-1
45032.1394285,4,1190,2,33651000,1
45035.0226532,4,1191,2,33654000,1
45038.4563832,4,1192,9,33651000,1
45039.0705929,4,1193,6,33645000,-1
45039.0982446,4,1194,1,33648000,-1
45040.1332675,4,1195,14,33645000,1
45044.4246911,4,1196,22,33642000,1
45045.6262084,4,1197,1,33639000,1
45052.2174709,4,1198,13,33636000,1
45052.2318983,4,1199,10,33633000,-1
45055.7395719,4,1200,2,33638000,1
45055.7708667,4,1201,4,33635000,1
45061.2130503,4,1202,14,33632000,1
45062.4377564,4,1203,8,33628000,1
45062.4377959,4,1204,2,33625000,1
45063.6002933,4,1205,4,33621000,1
45063.9703415,4,1206,16,33624000,-1
45065.847979,4,1207,1,33628000,1
45069.8175584,4,1208,12,33625000,-1
45070.9649028,4,1209,1,33628000,1
45071.7344577,4,1210,1,33631000,1
45074.7289898,4,1211,10,33627000,1
45078.1093351,4,1212,7,33624000,1
45082.5255203,4,1213,12,33627000,1
45082.5633909,4,1214,7,33624000,1
45086.0943523,4,1215,8,33621000,-1
45086.1055674,4,1216,4,33624000,-1
45089.6627532,4,1217,7,33627000,1
45091.7939319,4,1218,1,33624000,1
45096.2332682,4,1219,6,33627000,-1
45104.296432,4,1220,18,33630000,1
45107.5370157,4,1221,3,33627000,-1
45112.2130237,4,1222,4,33630000,1
45126.4272346,4,1223,21,33634000,1
45192.6344155,4,1224,38,33631000,1
45195.8964852,4,1225,1,33627000,-1
45200.9589325,4,1226,1,33623000,1
45204.8564053,4,1227,4,33627000,1
45213.4964794,4,1228,27,33624000,-1
45221.8455061,4,1229,13,33628000,-1
45221.9582775,4,1230,5,33631000,1
45235.6282958,4,1231,16,33628000,1
45238.1220887,4,1232,10,33632000,-1
45239.8550073,4,1233,7,33635000,-1
45241.9037656,4,1234,11,33638000,-1
45242.1696701,4,1235,10,33641000,-1
45242.756166,4,1236,2,33644000,1
45243.0293612,4,1237,1,33641000,1
45243.7612381,4,1238,18,33644000,-1
45243.7612793,4,1239,1,33647000,-1
45245.2531475,4,1240,1,33642000,1
45250.0973834,4,1241,3,33648000,-1
45250.1118021,4,1242,2,33651000,-1
45256.9725877,4,1243,18,33654000,1
45259.1464349,4,1244,5,33651000,-1
45261.8577269,4,1245,20,33654000,-1
45262.1114201,4,1246,6,33657000,-1
45263.8019113,4,1247,13,33660000,-1
45265.3689297,4,1248,15,33663000,-1
45271.4403134,4,1249,32,33667000,-1
45273.3509488,4,1250,9,33670000,-1
45277.0910038,4,1251,49,33667000,1
45278.5264289,4,1252,21,33664000,1
45278.7302854,4,1253,3,33661000,1
45290.6425978,4,1254,1,33664000,1
45301.1439045,4,1255,20,33667000,-1
45309.1075608,4,1256,13,33670000,1
45311.3067127,4,1257,1,33667000,1
45322.8823942,4,1258,6,33670000,1
45324.9232187,4,1259,32,33673000,-1
45325.2137246,4,1260,5,33676000,1
45325.7598704,4,1261,1,33673000,1
45332.1979505,4,1262,8,33677000,-1
45340.1346063,4,1263,57,33674000,1
45348.2706468,4,1264,1,33677000,-1
45348.3521607,4,1265,9,33674000,1
45354.0256934,4,1266,2,33671000,-1
45356.1122709,4,1267,5,33674000,-1
45361.1627595,4,1268,7,33678000,1
45364.7665296,4,1269,2,33674000,-1
45369.1347742,4,1270,6,33677000,1
45373.2305421,4,1271,16,33674000,1
45400.0915033,4,1272,24,33670000,1
45400.1543612,4,1273,5,33667000,1
45401.4011474,4,1274,6,33664000,1
45401.8960796,4,1275,1,33661000,-1
45404.4412655,4,1276,7,33657000,1
45411.6082777,4,1277,16,33653000,1
45416.9458055,4,1278,3,33657000,-1
45423.76728,4,1279,1,33661000,1
45425.511238,4,1280,4,33665000,-1
45427.4532237,4,1281,8,33668000,1
45430.9360282,4,1282,3,33665000,-1
45436.0517175,4,1283,6,33669000,-1
45436.8271832,4,1284,7,33672000,-1
45437.2320607,4,1285,5,33675000,-1
45437.5308956,4,1286,12,33678000,-1
45438.5759062,4,1287,1,33681000,-1
45440.0220991,4,1288,3,33677000,1
45449.0149403,4,1289,18,33674000,1
45454.2341794,4,1290,2,33677000,-1
45461.6274771,4,1291,36,33674000,1
45465.707107,4,1292,12,33671000,1
45466.4725005,4,1293,5,33668000,1
45466.5030961,4,1294,8,33665000,1
45466.5726378,4,1295,1,33660000,1
45467.8911045,4,1296,11,33656000,1
45479.2418668,4,1297,3,33653000,1
45479.3515962,4,1298,1,33650000,1
45481.5221287,4,1299,3,33653000,1
45490.3641598,4,1300,17,33650000,-1
45490.8379616,4,1301,2,33653000,-1
45492.4765158,4,1302,3,33656000,1
45496.5391527,4,1303,3,33653000,-1
45510.3197833,4,1304,9,33658000,-1
45522.9071181,4,1305,26,33661000,1
45522.9270984,4,1306,11,33658000,1
45523.3781146,4,1307,1,33654000,1
45527.5604492,4,1308,10,33658000,-1
45535.5855271,4,1309,4,33661000,1
45541.3877618,4,1310,4,33658000,1
45541.3878029,4,1311,1,33655000,1
45545.0799621,4,1312,7,33658000,-1
45588.9852132,4,1313,27,33661000,1
45589.003603,4,1314,11,33658000,1
45589.1130835,4,1315,1,33655000,1
45604.223422,4,1316,49,33658000,-1
45604.267266,4,1317,11,33661000,-1
45606.6000791,4,1318,3,33664000,-1
45611.7467119,4,1319,10,33661000,1
45617.914028,4,1320,5,33658000,1
45618.3433911,4,1321,1,33653000,1
45621.2299917,4,1322,6,33657000,1
45623.4335224,4,1323,2,33653000,1
45625.6345235,4,1324,4,33657000,-1
45629.1274324,4,1325,12,33660000,-1
45629.8414268,4,1326,1,33663000,-1
45635.7383133,4,1327,10,33660000,1
45640.2899844,4,1328,3,33664000,1
45651.3946725,4,1329,9,33661000,-1
45652.2029931,4,1330,54,33664000,-1
45661.8359215,4,1331,12,33667000,1
45662.0599351,4,1332,1,33664000,-1
45662.7364249,4,1333,10,33667000,-1
45662.7865974,4,1334,3,33670000,1
45662.8748638,4,1335,2,33667000,-1
45670.6000762,4,1336,20,33670000,1
45687.4091502,4,1337,3,33667000,1
45687.931954,4,1338,1,33675000,1
45688.2250469,4,1339,28,33680000,-1
45689.6255403,4,1340,25,33683000,1
45692.0972194,4,1341,15,33686000,-1
45698.2340612,4,1342,37,33689000,1
45700.9115848,4,1343,4,33686000,1
45701.4351896,4,1344,1,33689000,1
45702.6482538,4,1345,11,33692000,-1
45702.7097509,4,1346,15,33695000,-1
45702.9133188,4,1347,46,33698000,-1
45703.1156292,4,1348,11,33695000,1
45703.1156594,4,1349,1,33692000,1
45704.1085312,4,1350,1,33696000,1
45708.632677,4,1351,23,33700000,-1
45708.7940199,4,1352,10,33703000,-1
45709.333208,4,1353,1,33700000,-1
45709.7241756,4,1354,5,33703000,1
45710.0568655,4,1355,36,33700000,1
45722.1659045,4,1356,54,33697000,-1
45724.9864184,4,1357,24,33700000,1
45725.6181314,4,1358,17,33697000,1
45729.2321355,4,1359,2,33694000,-1
45730.1638793,4,1360,1,33697000,-1
45736.6672763,4,1361,17,33694000,-1
45742.0306667,4,1362,11,33697000,1
45744.5289201,4,1363,3,33700000,-1
45752.0449411,4,1364,7,33696000,1
45752.0463572,4,1365,17,33693000,1
45753.972419,4,1366,10,33690000,1
45763.2687866,4,1367,5,33695000,-1
45763.268849,4,1368,3,33698000,-1
45772.4066669,4,1369,5,33695000,1
45782.8396594,4,1370,33,33698000,1
45786.6994713,4,1371,22,33695000,1
45790.7816515,4,1372,9,33692000,1
45791.8251796,4,1373,1,33689000,1
45793.4924886,4,1374,23,33686000,1
45793.6586591,4,1375,8,33683000,1
45805.3946835,4,1376,13,33680000,-1
45808.9907918,4,1377,9,33683000,-1
45809.0089836,4,1378,7,33686000,1
45809.0738038,4,1379,6,33683000,1
45813.0362944,4,1380,6,33680000,1
45818.0868471,4,1381,26,33676000,-1
45828.771029,4,1382,1,33679000,1
45829.7139824,4,1383,2,33682000,1
45837.159894,4,1384,4,33679000,1
45839.5345522,4,1385,35,33676000,-1
45844.2163195,4,1386,15,33673000,-1
45846.5990575,4,1387,3,33669000,-1
45847.8809952,4,1388,3,33672000,1
45848.4099481,4,1389,1,33669000,-1
45855.9062218,4,1390,1,33672000,1
45873.7554357,4,1391,8,33678000,1
45881.5820733,4,1392,1,33675000,1
45895.8946565,4,1393,6,33679000,-1
45907.2971295,4,1394,3,33682000,1
45909.0991424,4,1395,3,33685000,1
45909.9876821,4,1396,5,33681000,1
45914.3605872,4,1397,5,33686000,-1
45920.5014431,4,1398,9,33689000,1
45927.2093775,4,1399,6,33686000,1
45928.1604679,4,1400,1,33683000,1
45929.0427305,4,1401,1,33686000,1
45931.5265814,4,1402,7,33689000,1
45933.9548664,4,1403,9,33686000,-1
45933.9548717,4,1404,1,33689000,-1
45936.8018635,4,1405,5,33686000,-1
45938.7094437,4,1406,11,33689000,1
45939.0720483,4,1407,1,33686000,-1
45942.955786,4,1408,13,33681000,1
45947.4088209,4,1409,6,33684000,1
45962.564036,4,1410,16,33681000,1
45973.7453645,4,1411,8,33678000,1
45973.7822378,4,1412,1,33675000,-1
45983.2094473,4,1413,19,33671000,-1
45987.6787693,4,1414,3,33666000,1
45994.9239612,4,1415,3,33670000,-1
45995.1340166,4,1416,1,33673000,1
46000.4906256,4,1417,5,33670000,1
46006.0849721,4,1418,14,33667000,1
46010.2660095,4,1419,8,33664000,1
46010.3162485,4,1420,16,33661000,1
46010.3387493,4,1421,6,33658000,1
46010.5428154,4,1422,1,33655000,-1
46013.4582641,4,1423,4,33658000,1
46013.6582269,4,1424,1,33654000,1
46017.0020306,4,1425,3,33658000,1
46021.0225627,4,1426,7,33654000,1
46023.9711032,4,1427,26,33651000,1
46023.9995245,4,1428,5,33648000,1
46024.0777246,4,1429,6,33645000,1
46028.5929109,4,1430,14,33648000,1
46029.3149676,4,1431,2,33645000,-1
46041.3335219,4,1432,4,33648000,1
46043.8504008,4,1433,13,33645000,1
46054.7339831,4,1434,1,33648000,1
46065.392002,4,1435,4,33651000,-1
46065.4412645,4,1436,3,33654000,-1
46067.1697391,4,1437,2,33658000,-1
46080.030218,4,1438,12,33653000,-1
46083.6467077,4,1439,7,33656000,-1
46093.7008441,4,1440,20,33659000,1
46100.4593576,4,1441,2,33656000,1
46101.2677021,4,1442,2,33653000,-1
46140.8169519,4,1443,4,33656000,1
46145.9211477,4,1444,11,33659000,1
46149.5176481,4,1445,1,33656000,1
46158.8186074,4,1446,1,33660000,1
46169.3698985,4,1447,7,33663000,-1
46195.6284051,4,1448,5,33666000,1
46212.0052802,4,1449,1,33672000,-1
46218.2951469,4,1450,9,33669000,1
46224.253373,4,1451,4,33672000,-1
46228.9115507,4,1452,2,33675000,-1
46231.4540158,4,1453,5,33678000,1
46231.4945763,4,1454,2,33675000,-1
46234.8872352,4,1455,2,33678000,1
46236.0672338,4,1456,2,33675000,-1
46240.9255626,4,1457,1,33678000,1
46246.9090412,4,1458,16,33682000,1
46256.6333295,4,1459,19,33685000,1
46260.1985634,4,1460,7,33688000,-1
46277.8398091,4,1461,20,33691000,1
46281.4887141,4,1462,16,33694000,1
46286.3454645,4,1463,10,33697000,-1
46288.4321061,4,1464,45,33700000,-1
46288.4430145,4,1465,7,33703000,1
46296.1914173,4,1466,9,33700000,1
46298.8890114,4,1467,8,33697000,1
46300.2942798,4,1468,3,33693000,1
46307.7930595,4,1469,9,33696000,1
46307.9882475,4,1470,3,33693000,1
46308.7101934,4,1471,8,33690000,1
46310.6926728,4,1472,2,33687000,-1
46310.7443303,4,1473,5,33690000,1
46319.2017877,4,1474,2,33687000,1
46324.8769597,4,1475,5,33690000,1
46328.2166134,4,1476,1,33687000,1
46339.435487,4,1477,13,33691000,1
46353.0801814,4,1478,6,33688000,1
46353.1407719,4,1479,6,33685000,1
46354.070529,4,1480,10,33682000,1
46355.7496878,4,1481,2,33679000,-1
46359.1824624,4,1482,3,33682000,1
46362.6122427,4,1483,1,33679000,1
46374.7487769,4,1484,8,33683000,-1
46375.3826215,4,1485,1,33686000,1
46387.0737271,4,1486,3,33692000,-1
46391.1979651,4,1487,5,33696000,-1
46391.9091677,4,1488,4,33699000,1
46392.0555849,4,1489,2,33695000,-1
46394.1336931,4,1490,5,33698000,1
46394.1512761,4,1491,5,33695000,-1
46398.4562692,4,1492,8,33698000,1
46406.9612557,4,1493,1,33694000,1
46414.4742418,4,1494,2,33698000,1
46422.0290642,4,1495,1,33695000,1
46441.4215433,4,1496,5,33698000,-1
46457.8782396,4,1497,4,33695000,1
46490.4164492,4,1498,7,33692000,-1
46497.2232771,4,1499,2,33695000,-1
46503.1880336,4,1500,8,33692000,1
46503.8649589,4,1501,7,33695000,-1
46519.0395814,4,1502,4,33690000,-1
46522.5389475,4,1503,2,33693000,1
46526.2720055,4,1504,4,33690000,-1
46536.5982934,4,1505,2,33693000,1
46538.7795766,4,1506,3,33690000,-1
46553.1628184,4,1507,1,33693000,-1
46558.4239952,4,1508,3,33690000,-1
46594.093864,4,1509,8,33693000,-1
46597.3465906,4,1510,6,33696000,1
46598.574783,4,1511,5,33693000,1
46620.7767096,4,1512,1,33690000,-1
46621.2713369,4,1513,2,33685000,-1
46640.8219317,4,1514,3,33688000,1
46652.3717923,4,1515,7,33685000,1
46656.2583059,4,1516,2,33681000,1
46656.2643525,4,1517,4,33678000,1
46661.1499426,4,1518,1,33682000,-1
46663.9569732,4,1519,9,33675000,-1
46663.9569791,4,1520,1,33678000,-1
46668.7711529,4,1521,8,33675000,1
46678.2277645,4,1522,13,33672000,-1
46686.289611,4,1523,13,33675000,1
46697.7771151,4,1524,25,33672000,1
46702.9183351,4,1525,1,33669000,1
46725.7832541,4,1526,17,33673000,-1
46738.0881011,4,1527,2,33676000,-1
46740.5198354,4,1528,3,33671000,1
46740.7140162,4,1529,14,33674000,-1
46742.2116647,4,1530,1,33677000,-1
46750.20052,4,1531,5,33671000,-1
46757.3811498,4,1532,6,33674000,-1
46760.8357779,4,1533,2,33677000,1
46765.9347563,4,1534,5,33674000,1
46771.2802043,4,1535,2,33671000,-1
46773.3523436,4,1536,3,33674000,1
46777.3977826,4,1537,2,33671000,-1
46786.3546137,4,1538,22,33674000,-1
46787.3006482,4,1539,1,33677000,-1
46790.3717845,4,1540,13,33672000,1
46792.150158,4,1541,17,33669000,1
46793.027353,4,1542,3,33666000,1
46794.7982143,4,1543,1,33663000,1
46800.5583171,4,1544,12,33667000,-1
46800.5842947,4,1545,6,33670000,-1
46801.9794669,4,1546,15,33673000,1
46802.1953223,4,1547,2,33670000,-1
46802.1953344,4,1548,1,33673000,-1
46803.358122,4,1549,7,33670000,1
46806.9676346,4,1550,19,33667000,1
46807.3553059,4,1551,5,33663000,1
46808.1725418,4,1552,17,33660000,1
46808.2606391,4,1553,1,33656000,1
46809.5022104,4,1554,1,33659000,1
46810.1904546,4,1555,24,33663000,-1
46810.2539537,4,1556,2,33666000,1
46810.6759382,4,1557,1,33663000,-1
46814.1751704,4,1558,8,33666000,-1
46814.3555772,4,1559,1,33669000,-1
46814.8073008,4,1560,1,33666000,1
46815.5409915,4,1561,1,33669000,-1
46818.1539241,4,1562,7,33666000,-1
46823.6181673,4,1563,22,33669000,-1
46826.1746277,4,1564,1,33672000,1
46827.1482741,4,1565,2,33675000,1
46845.8208529,4,1566,19,33672000,-1
46851.8299688,4,1567,1,33675000,1
46858.5589966,4,1568,1,33678000,-1
46860.5077973,4,1569,5,33671000,-1
46860.6368097,4,1570,3,33674000,1
46872.6350669,4,1571,11,33671000,1
46880.346506,4,1572,14,33667000,1
46886.3846146,4,1573,6,33670000,-1
46887.2097607,4,1574,5,33673000,1
46895.2746328,4,1575,3,33670000,-1
46897.6372415,4,1576,11,33667000,1
46898.2482822,4,1577,2,33664000,1
46899.0897469,4,1578,2,33661000,-1
46901.2875564,4,1579,11,33664000,1
46902.3040158,4,1580,3,33661000,1
46904.0553846,4,1581,1,33657000,-1
46906.6250375,4,1582,9,33661000,-1
46912.3038487,4,1583,31,33665000,1
46914.2443767,4,1584,7,33662000,-1
46921.3121391,4,1585,31,33665000,1
46922.413973,4,1586,7,33660000,-1
46926.1457185,4,1587,1,33664000,-1
46928.9542684,4,1588,1,33659000,1
46940.9502726,4,1589,2,33662000,-1
46947.6082748,4,1590,1,33659000,1
46955.0802958,4,1591,5,33664000,1
46959.3260081,4,1592,3,33661000,-1
46960.4143065,4,1593,3,33665000,1
46962.1270591,4,1594,2,33662000,-1
46968.1534223,4,1595,8,33665000,1
46973.5190365,4,1596,3,33662000,1
46976.2108219,4,1597,7,33659000,1
46982.1421106,4,1598,1,33662000,1
46997.0214278,4,1599,8,33665000,1
47000.0630271,4,1600,3,33662000,1
47005.3756468,4,1601,1,33665000,-1
47010.4351919,4,1602,3,33661000,1
47020.2103116,4,1603,15,33658000,1
47020.5637765,4,1604,13,33655000,1
47021.6855727,4,1605,10,33652000,1
47023.9302523,4,1606,2,33649000,1
47027.5103729,4,1607,1,33652000,1
47038.5125109,4,1608,45,33649000,1
47038.5264001,4,1609,1,33646000,1
47040.990366,4,1610,2,33649000,-1
47043.9243746,4,1611,4,33646000,-1
47047.5465228,4,1612,4,33649000,-1
47070.0449537,4,1613,19,33653000,1
47073.1606396,4,1614,6,33650000,1
47074.2910877,4,1615,4,33647000,1
47084.4484299,4,1616,28,33644000,-1
47086.2335416,4,1617,3,33647000,1
47086.6176273,4,1618,3,33644000,-1
47086.6283187,4,1619,6,33647000,1
47100.6434975,4,1620,14,33644000,1
47101.5698023,4,1621,1,33647000,1
47106.5100761,4,1622,14,33644000,1
47110.6541868,4,1623,6,33641000,1
47111.7271439,4,1624,8,33644000,-1
47115.1055773,4,1625,16,33647000,-1
47118.5819835,4,1626,13,33644000,1
47130.7245802,4,1627,21,33641000,1
47131.5263536,4,1628,16,33645000,-1
47136.6343655,4,1629,1,33641000,-1
47151.4121855,4,1630,8,33638000,1
47162.0888923,4,1631,21,33641000,-1
47165.9073149,4,1632,3,33644000,1
47166.3870574,4,1633,1,33640000,1
47171.1980603,4,1634,2,33643000,1
47173.3255844,4,1635,9,33640000,1
47178.8912967,4,1636,1,33637000,-1
47182.1173972,4,1637,12,33633000,-1
47194.9051518,4,1638,12,33636000,1
47203.5945535,4,1639,19,33633000,1
47207.6121993,4,1640,7,33630000,-1
47219.4880928,4,1641,22,33627000,-1
47229.1359703,4,1642,8,33630000,-1
47233.7264487,4,1643,1,33627000,1
47240.2666023,4,1644,9,33630000,1
47247.7177832,4,1645,11,33627000,1
47247.7177902,4,1646,1,33624000,1
47250.1553725,4,1647,3,33627000,1
47254.9155234,4,1648,13,33624000,1
47256.4804104,4,1649,5,33621000,1
47258.9596899,4,1650,11,33624000,-1
47261.0272914,4,1651,3,33627000,1
47262.0505181,4,1652,8,33624000,-1
47262.1195371,4,1653,6,33628000,-1
47265.4212219,4,1654,23,33631000,-1
47274.2757252,4,1655,2,33628000,-1
47287.1471095,4,1656,12,33631000,1
47287.9427048,4,1657,1,33628000,-1
47293.7757243,4,1658,1,33631000,-1
47306.2654514,4,1659,1,33628000,-1
47314.7238414,4,1660,10,33624000,1
47329.3233055,4,1661,52,33621000,1
47329.428699,4,1662,29,33618000,1
47330.5605716,4,1663,1,33615000,1
47338.7295639,4,1664,4,33619000,1
47344.3087717,4,1665,3,33622000,1
47346.7727608,4,1666,2,33625000,1
47347.5456088,4,1667,5,33629000,1
47349.2400791,4,1668,2,33626000,-1
47355.5479864,4,1669,28,33629000,1
47360.8197,4,1670,3,33625000,-1
47367.2430705,4,1671,19,33620000,1
47367.3491563,4,1672,20,33617000,1
47367.4369529,4,1673,9,33614000,-1
47367.5666703,4,1674,10,33611000,1
47368.6245587,4,1675,21,33614000,-1
47375.1269299,4,1676,3,33617000,1
47378.0610685,4,1677,3,33614000,-1
47383.2427161,4,1678,4,33617000,1
47391.8893472,4,1679,24,33614000,-1
47394.740027,4,1680,14,33611000,1
47401.1312905,4,1681,5,33608000,-1
47418.3530315,4,1682,2,33605000,-1
47418.9977002,4,1683,6,33608000,1
47419.8548434,4,1684,3,33605000,1
47428.6743225,4,1685,1,33608000,-1
47432.4376685,4,1686,7,33611000,-1
47432.4870743,4,1687,5,33614000,-1
47433.2085697,4,1688,21,33617000,-1
47442.3721169,4,1689,1,33614000,1
47445.4415964,4,1690,10,33617000,1
47445.444392,4,1691,14,33614000,1
47445.5223674,4,1692,65,33611000,-1
47445.5984053,4,1693,5,33608000,-1
47445.9435736,4,1694,3,33605000,-1
47451.6422703,4,1695,43,33608000,-1
47453.528963,4,1696,1,33605000,-1
47462.9318374,4,1697,179,33608000,-1
47462.9319434,4,1698,7,33611000,-1
47470.0696529,4,1699,28,33614000,1
47472.1601382,4,1700,14,33611000,1
47484.3892484,4,1701,13,33608000,1
47484.9633045,4,1702,12,33605000,1
47486.437411,4,1703,2,33602000,-1
47499.5614444,4,1704,30,33605000,1
47500.6018359,4,1705,112,33602000,1
47501.5654128,4,1706,14,33599000,1
47508.3331854,4,1707,4,33603000,-1
47510.9934672,4,1708,1,33608000,-1
47512.8398408,4,1709,6,33611000,-1
47515.3218258,4,1710,11,33615000,-1
47519.1930365,4,1711,5,33618000,1
47519.3892905,4,1712,3,33615000,-1
47524.0542362,4,1713,5,33618000,1
47580.0761557,4,1714,11,33615000,-1
47584.0460444,4,1715,2,33611000,-1
47592.1393684,4,1716,3,33614000,1
47600.550781,4,1717,7,33611000,1
47603.3071793,4,1718,13,33608000,1
47605.0754782,4,1719,3,33611000,-1
47609.0296478,4,1720,2,33608000,1
47612.5235141,4,1721,1,33603000,-1
47613.4349358,4,1722,7,33600000,-1
47626.2161931,4,1723,18,33603000,1
47629.0736008,4,1724,24,33599000,-1
47640.8651681,4,1725,2,33602000,1
47659.6875753,4,1726,24,33605000,1
47669.7936793,4,1727,9,33602000,1
47684.6999556,4,1728,23,33605000,1
47691.5418141,4,1729,19,33602000,1
47700.9097264,4,1730,34,33599000,-1
47704.3872396,4,1731,8,33602000,1
47704.4103632,4,1732,4,33599000,1
47708.1509248,4,1733,5,33602000,1
47709.1280615,4,1734,2,33605000,-1
47717.4462444,4,1735,9,33608000,-1
47722.3690945,4,1736,3,33611000,-1
47724.6479828,4,1737,1,33607000,-1
47741.8093936,4,1738,34,33604000,1
47748.3820163,4,1739,6,33601000,1
47750.6028045,4,1740,4,33597000,-1
47750.8834951,4,1741,1,33600000,-1
47763.5018697,4,1742,7,33597000,1
47765.6118231,4,1743,12,33594000,1
47766.151756,4,1744,5,33591000,-1
47774.5846566,4,1745,21,33594000,-1
47777.1533421,4,1746,6,33597000,1
47777.1567261,4,1747,17,33594000,1
47777.2234095,4,1748,76,33591000,-1
47777.2949626,4,1749,12,33588000,1
47780.9409208,4,1750,35,33585000,1
47782.0641324,4,1751,1,33582000,1
47785.1378239,4,1752,2,33586000,1
47786.2688196,4,1753,1,33583000,1
47790.0624676,4,1754,1,33586000,1
47790.0707811,4,1755,21,33590000,-1
47791.0914882,4,1756,21,33593000,-1
47814.5847824,4,1757,27,33596000,-1
47824.0390472,4,1758,5,33599000,1
47827.4118723,4,1759,3,33596000,1
47842.1105468,4,1760,16,33593000,1
47850.6732342,4,1761,21,33590000,1
47861.9101518,4,1762,15,33587000,-1
47861.9101646,4,1763,1,33590000,-1
47863.7778525,4,1764,25,33587000,1
47864.877814,4,1765,9,33583000,1
47866.3932247,4,1766,28,33580000,-1
47872.9815975,4,1767,6,33583000,-1
47876.5741004,4,1768,18,33586000,-1
47877.2227448,4,1769,1,33589000,-1
47881.1158167,4,1770,3,33586000,-1
47882.6586663,4,1771,6,33589000,-1
47883.2765033,4,1772,3,33592000,1
47887.1319813,4,1773,4,33589000,1
47893.5232318,4,1774,45,33585000,1
47905.5812624,4,1775,16,33582000,1
47906.3075802,4,1776,1,33579000,1
47909.0412574,4,1777,15,33582000,1
47911.1913431,4,1778,17,33586000,1
47916.1289703,4,1779,9,33583000,-1
47918.7815822,4,1780,1,33586000,-1
47923.3733519,4,1781,6,33582000,-1
47937.3271184,4,1782,5,33585000,-1
47944.0420553,4,1783,3,33588000,-1
47967.3800983,4,1784,48,33584000,1
47974.3318291,4,1785,32,33587000,-1
47991.2419896,4,1786,16,33590000,-1
47995.8018973,4,1787,1,33593000,1
47996.2283542,4,1788,1,33596000,1
47998.5822525,4,1789,12,33599000,-1
48003.4613931,4,1790,8,33602000,-1
48007.4777426,4,1791,3,33605000,-1
48011.4042058,4,1792,11,33608000,-1
48018.881173,4,1793,1,33611000,-1
48020.8694003,4,1794,3,33608000,-1
48022.3939464,4,1795,13,33611000,1
48025.8900228,4,1796,7,33608000,1
48027.3558998,4,1797,1,33605000,-1
48030.3951876,4,1798,4,33602000,1
48034.974712,4,1799,1,33606000,-1
48035.3134019,4,1800,34,33601000,-1
48035.3134175,4,1801,2,33604000,-1
48045.8732061,4,1802,13,33601000,-1
48052.1730752,4,1803,7,33605000,-1
48054.1377865,4,1804,12,33608000,1
48062.8400563,4,1805,24,33605000,-1
48064.2713017,4,1806,3,33608000,-1
48088.7798711,4,1807,17,33605000,1
48104.9586335,4,1808,7,33602000,1
48107.1957079,4,1809,11,33605000,1
48107.24678,4,1810,2,33602000,1
48121.3400971,4,1811,2,33606000,1
48127.1111749,4,1812,1,33603000,-1
48133.2406788,4,1813,33,33600000,-1
48133.2420981,4,1814,8,33603000,-1
48139.9197763,4,1815,2,33600000,-1
48139.9567034,4,1816,2,33603000,-1
48142.1224341,4,1817,9,33600000,-1
48151.0372756,4,1818,11,33603000,-1
48155.0774505,4,1819,5,33606000,-1
48157.9333662,4,1820,9,33601000,1
48165.0420035,4,1821,1,33598000,1
48187.9342545,4,1822,26,33602000,1
48193.0591165,4,1823,1,33599000,-1
48199.0280764,4,1824,109,33594000,1
48200.1255325,4,1825,24,33591000,1
48203.5770098,4,1826,1,33588000,1
48208.0386809,4,1827,8,33591000,-1
48209.6883016,4,1828,4,33594000,1
48209.761061,4,1829,2,33591000,-1
48212.5585104,4,1830,20,33594000,-1
48213.5696273,4,1831,2,33597000,1
48213.6323366,4,1832,3,33594000,-1
48228.0619533,4,1833,2,33597000,1
48231.0108169,4,1834,2,33594000,1
48243.2814881,4,1835,11,33591000,-1
48243.8570553,4,1836,8,33594000,-1
48250.3594124,4,1837,2,33597000,1
48274.680428,4,1838,35,33594000,1
48294.6757609,4,1839,4,33591000,-1
48300.2087162,4,1840,13,33594000,-1
48311.8571328,4,1841,2,33597000,-1
48315.7245072,4,1842,10,33593000,-1
48317.4886609,4,1843,18,33596000,-1
48331.3922362,4,1844,4,33599000,1
48339.3876493,4,1845,8,33602000,-1
48360.444228,4,1846,12,33606000,1
48360.7056725,4,1847,1,33603000,1
48369.04779,4,1848,13,33606000,-1
48370.7579312,4,1849,6,33610000,1
48384.0537223,4,1850,8,33607000,1
48422.216049,4,1851,6,33604000,-1
48430.3282766,4,1852,1,33601000,1
48434.2588612,4,1853,6,33604000,-1
48438.2673567,4,1854,1,33607000,-1
48444.3756736,4,1855,2,33604000,-1
48446.7918101,4,1856,2,33607000,-1
48454.1408276,4,1857,5,33610000,-1
48454.3063306,4,1858,2,33613000,-1
48504.4146465,4,1859,25,33610000,-1
48508.9101419,4,1860,7,33613000,-1
48512.7496024,4,1861,12,33616000,-1
48530.2067852,4,1862,1,33613000,1
48539.8883314,4,1863,10,33616000,-1
48540.1950857,4,1864,12,33619000,-1
48541.0810321,4,1865,2,33622000,1
48545.4920872,4,1866,6,33619000,1
48551.0036718,4,1867,28,33616000,1
48553.0855113,4,1868,3,33613000,1
48553.730993,4,1869,1,33610000,-1
48557.4986558,4,1870,5,33614000,1
48561.6295514,4,1871,3,33611000,1
48570.2769863,4,1872,1,33614000,1
48584.5463808,4,1873,6,33617000,-1
48585.6804032,4,1874,4,33620000,-1
48587.9435351,4,1875,1,33623000,-1
48591.3860993,4,1876,12,33620000,1
48600.3207737,4,1877,7,33616000,-1
48600.3520783,4,1878,1,33620000,-1
48600.4865525,4,1879,3,33617000,1
48600.4902554,4,1880,14,33614000,1
48600.5081263,4,1881,11,33611000,-1
48600.6619775,4,1882,1,33614000,-1
48601.0319115,4,1883,8,33610000,1
48601.654226,4,1884,6,33607000,-1
48602.5812022,4,1885,1,33610000,-1
48603.7840369,4,1886,1,33607000,-1
48605.127184,4,1887,5,33604000,1
48607.3709597,4,1888,6,33600000,1
48609.9002339,4,1889,6,33597000,1
48611.1275318,4,1890,1,33594000,1
48614.3803484,4,1891,2,33598000,-1
48618.6435588,4,1892,3,33601000,-1
48621.4800769,4,1893,2,33604000,1
48624.3079301,4,1894,2,33608000,-1
48635.5202375,4,1895,14,33611000,1
48637.5377697,4,1896,12,33608000,1
48648.1523295,4,1897,3,33605000,1
48655.0745635,4,1898,2,33602000,-1
48657.5152054,4,1899,14,33605000,-1
48662.1004866,4,1900,5,33602000,1
48671.4662256,4,1901,5,33597000,-1
48671.7186735,4,1902,1,33594000,-1
48673.9915375,4,1903,3,33597000,1
48678.266282,4,1904,6,33594000,-1
48679.2369936,4,1905,3,33597000,1
48680.3507192,4,1906,6,33594000,-1
48685.8447056,4,1907,3,33597000,-1
48688.8402304,4,1908,5,33600000,-1
48691.210687,4,1909,6,33597000,-1
48701.4786663,4,1910,2,33600000,1
48703.233299,4,1911,4,33597000,-1
48704.7339493,4,1912,4,33600000,-1
48705.9121679,4,1913,1,33603000,-1
48711.9600222,4,1914,7,33600000,-1
48714.4325792,4,1915,6,33603000,1
48715.2766362,4,1916,6,33599000,1
48720.6870797,4,1917,1,33596000,-1
48728.6938257,4,1918,7,33599000,1
48734.2015935,4,1919,6,33596000,1
48738.0139924,4,1920,4,33592000,1
48740.5424653,4,1921,7,33596000,1
48742.9102651,4,1922,3,33593000,1
48744.4369533,4,1923,1,33590000,1
48758.7133017,4,1924,9,33594000,-1
48761.6410525,4,1925,3,33591000,1
48764.1710982,4,1926,9,33588000,1
48764.8707035,4,1927,3,33585000,-1
48792.7370806,4,1928,8,33588000,-1
48796.9826665,4,1929,8,33585000,1
48822.1958518,4,1930,12,33588000,1
48822.7771921,4,1931,16,33585000,1
48825.8568513,4,1932,7,33582000,-1
48831.9674318,4,1933,5,33586000,1
48845.733755,4,1934,19,33583000,1
48850.9803715,4,1935,53,33580000,1
48850.9821325,4,1936,18,33577000,1
48850.9845998,4,1937,20,33574000,1
48852.9489451,4,1938,7,33578000,-1
48856.0981308,4,1939,1,33581000,-1
48857.7259575,4,1940,2,33577000,-1
48860.9378109,4,1941,5,33580000,-1
48864.3220285,4,1942,11,33583000,-1
48864.3796819,4,1943,4,33586000,-1
48864.4565283,4,1944,5,33589000,1
48865.2799805,4,1945,1,33586000,1
48865.3048404,4,1946,1,33589000,-1
48865.4248442,4,1947,9,33586000,1
48865.4409325,4,1948,2,33583000,-1
48877.3672806,4,1949,15,33586000,-1
48879.4237396,4,1950,32,33589000,-1
48890.732542,4,1951,8,33592000,-1
48900.6006986,4,1952,3,33587000,1
48905.7461452,4,1953,6,33584000,1
48910.5423787,4,1954,2,33581000,-1
48912.07993,4,1955,2,33584000,-1
48917.7458927,4,1956,5,33587000,-1
48928.442981,4,1957,13,33590000,1
48930.4830678,4,1958,7,33593000,-1
48931.7690095,4,1959,5,33597000,1
48941.7692255,4,1960,38,33594000,-1
48947.11808,4,1961,9,33597000,-1
48947.199471,4,1962,7,33600000,-1
48948.2121571,4,1963,20,33603000,-1
48951.6630103,4,1964,17,33607000,1
48951.8025465,4,1965,6,33604000,1
48956.0030228,4,1966,1,33607000,-1
48957.7649246,4,1967,1,33604000,-1
48963.1188319,4,1968,5,33607000,-1
48963.3722557,4,1969,7,33610000,-1
48964.7242935,4,1970,3,33613000,1
48965.9307263,4,1971,10,33610000,1
48967.9666746,4,1972,2,33607000,-1
48985.3917839,4,1973,36,33610000,1
48988.0348699,4,1974,1,33613000,1
48994.4097649,4,1975,10,33617000,-1
48995.6856643,4,1976,12,33620000,-1
48995.7605086,4,1977,8,33623000,-1
48996.2044398,4,1978,8,33626000,-1
48996.4416575,4,1979,4,33623000,-1
48996.93716,4,1980,4,33626000,-1
49002.9621872,4,1981,1,33623000,-1
49007.3924991,4,1982,4,33620000,1
49018.1190648,4,1983,2,33617000,1
49025.8112184,4,1984,20,33620000,1
49028.5462652,4,1985,14,33617000,1
49030.5188447,4,1986,5,33614000,-1
49035.9826181,4,1987,5,33617000,-1
49040.1391313,4,1988,1,33620000,-1
49042.1830314,4,1989,2,33617000,-1
49050.9503092,4,1990,8,33620000,-1
49054.9036757,4,1991,1,33624000,-1
49059.3802669,4,1992,3,33627000,1
49071.7291963,4,1993,4,33624000,1
49082.944889,4,1994,22,33627000,-1
49086.2021545,4,1995,1,33624000,-1
49086.4731733,4,1996,8,33620000,1
49086.587959,4,1997,13,33617000,1
49086.9175191,4,1998,3,33614000,-1
49087.4296033,4,1999,3,33617000,-1
49095.1738378,4,2000,16,33620000,-1
49096.5884099,4,2001,5,33623000,-1
49099.4151928,4,2002,3,33619000,1
49099.5397434,4,2003,2,33616000,1
49099.6524912,4,2004,3,33613000,1
49099.8758169,4,2005,10,33610000,1
49100.0078615,4,2006,8,33607000,1
49101.1299262,4,2007,2,33604000,-1
49102.9962077,4,2008,3,33607000,1
49104.7921755,4,2009,8,33603000,1
49109.8022533,4,2010,27,33600000,-1
49112.3242028,4,2011,9,33597000,-1
49115.7133508,4,2012,5,33594000,-1
49115.7150104,4,2013,11,33597000,-1
49118.376992,4,2014,21,33600000,-1
49119.9443403,4,2015,2,33603000,-1
49123.7858706,4,2016,4,33607000,-1
49126.5887345,4,2017,7,33603000,-1
49126.5912702,4,2018,1,33606000,-1
49130.1053242,4,2019,1,33603000,1
49138.1020575,4,2020,1,33607000,-1
49149.0595223,4,2021,1,33602000,-1
49156.5600915,4,2022,1,33596000,1
49163.0151271,4,2023,5,33593000,-1
49163.2073875,4,2024,3,33590000,1
49164.7118377,4,2025,2,33587000,-1
49165.1002979,4,2026,1,33590000,-1
49165.8020946,4,2027,1,33587000,1
49166.4104323,4,2028,1,33590000,-1
49168.857624,4,2029,26,33586000,1
49179.0819082,4,2030,35,33582000,1
49179.8624716,4,2031,9,33579000,1
49184.4618652,4,2032,1,33582000,1
49188.680743,4,2033,1,33585000,1
49191.6008698,4,2034,23,33589000,1
49191.6017193,4,2035,1,33586000,1
49200.06863,4,2036,17,33591000,1
49201.0457398,4,2037,3,33588000,1
49201.1712505,4,2038,1,33585000,1
49209.0460827,4,2039,5,33590000,1
49212.5275094,4,2040,10,33587000,-1
49212.7777379,4,2041,1,33591000,-1
49219.6675066,4,2042,2,33594000,1
49234.7148025,4,2043,16,33589000,-1
49242.6403343,4,2044,7,33592000,-1
49243.5103995,4,2045,7,33597000,-1
49243.5117058,4,2046,1,33600000,-1
49244.7880954,4,2047,2,33597000,1
49247.0221515,4,2048,4,33600000,-1
49248.5358167,4,2049,4,33603000,1
49249.1059317,4,2050,1,33600000,1
49253.6271523,4,2051,2,33603000,1
49253.7262673,4,2052,1,33599000,1
49262.2034756,4,2053,1,33596000,1
49263.5280114,4,2054,6,33593000,1
49263.5585061,4,2055,2,33590000,-1
49265.78021,4,2056,3,33594000,1
49272.568905,4,2057,3,33597000,1
49283.0600782,4,2058,1,33594000,-1
49289.1267412,4,2059,1,33598000,-1
49297.849493,4,2060,1,33594000,1
49302.2407994,4,2061,5,33591000,1
49309.3997014,4,2062,17,33594000,-1
49311.8120237,4,2063,2,33597000,-1
49312.40822,4,2064,4,33594000,1
49313.6184044,4,2065,3,33597000,-1
49319.8744464,4,2066,3,33594000,1
49320.2233188,4,2067,9,33591000,-1
49326.4747899,4,2068,18,33594000,1
49331.0939684,4,2069,6,33591000,-1
49331.2162135,4,2070,20,33594000,-1
49331.2316491,4,2071,1,33597000,-1
49331.2733511,4,2072,1,33594000,1
49341.1045862,4,2073,7,33590000,1
49368.0490975,4,2074,1,33587000,1
49372.1206518,4,2075,6,33590000,-1
49377.8222195,4,2076,9,33593000,-1
49381.8272394,4,2077,19,33590000,-1
49407.0451366,4,2078,10,33593000,1
49414.4167445,4,2079,7,33596000,-1
49416.4786715,4,2080,9,33599000,1
49418.4378479,4,2081,5,33596000,1
49424.0330089,4,2082,1,33591000,1
49429.8597264,4,2083,2,33594000,-1
49438.3044051,4,2084,12,33597000,-1
49440.009864,4,2085,1,33600000,-1
49441.4261794,4,2086,1,33597000,-1
49441.7152771,4,2087,5,33594000,1
49442.6448534,4,2088,4,33591000,-1
49443.1025012,4,2089,2,33595000,-1
49443.9289952,4,2090,1,33598000,-1
49445.2594345,4,2091,3,33592000,-1
49473.6339314,4,2092,11,33595000,1
49500.9287662,4,2093,18,33592000,1
49505.6516629,4,2094,21,33589000,1
49505.679793,4,2095,14,33586000,1
49507.1660185,4,2096,9,33583000,1
49507.613626,4,2097,11,33580000,1
49508.125503,4,2098,15,33577000,1
49508.1269108,4,2099,19,33574000,1
49508.12994,4,2100,24,33571000,1
49508.5362109,4,2101,37,33568000,-1
49508.829612,4,2102,2,33571000,1
49509.0228805,4,2103,1,33568000,1
49511.0291149,4,2104,1,33571000,-1
49513.7153097,4,2105,10,33574000,1
49513.7299962,4,2106,1,33570000,1
49513.7564181,4,2107,1,33573000,-1
49514.0017478,4,2108,2,33570000,-1
49515.3812093,4,2109,7,33573000,-1
49520.7013546,4,2110,1,33576000,-1
49524.3360095,4,2111,7,33573000,1
49525.9051023,4,2112,13,33570000,1
49530.990639,4,2113,8,33567000,1
49532.7892508,4,2114,29,33570000,1
49534.5288516,4,2115,2,33567000,-1
49534.8926288,4,2116,13,33570000,1
49536.7980338,4,2117,2,33573000,1
49541.137094,4,2118,32,33570000,-1
49544.5505316,4,2119,1,33573000,1
49546.7420553,4,2120,2,33576000,-1
49550.7411417,4,2121,1,33573000,-1
49551.7790267,4,2122,14,33570000,-1
49553.9236368,4,2123,18,33574000,-1
49557.8258373,4,2124,31,33577000,-1
49560.1385199,4,2125,7,33580000,-1
49562.159455,4,2126,10,33575000,1
49563.1344343,4,2127,1,33572000,1
49580.48234,4,2128,6,33576000,-1
49581.9054743,4,2129,10,33579000,-1
49589.3378537,4,2130,3,33582000,-1
49589.6099631,4,2131,3,33585000,1
49595.1323749,4,2132,1,33582000,-1
49601.5778229,4,2133,9,33579000,1
49605.585856,4,2134,2,33576000,-1
49609.24374,4,2135,1,33579000,1
49612.1837382,4,2136,6,33582000,1
49615.8204322,4,2137,1,33579000,1
49619.1870203,4,2138,1,33582000,-1
49625.3160503,4,2139,5,33579000,1
49628.2369711,4,2140,9,33582000,-1
49632.100177,4,2141,2,33585000,-1
49639.4603443,4,2142,2,33582000,1
49639.6728622,4,2143,9,33586000,-1
49640.1932673,4,2144,3,33589000,1
49650.8692877,4,2145,44,33586000,-1
49653.4299885,4,2146,2,33589000,1
49657.7607827,4,2147,21,33586000,1
49660.1594585,4,2148,8,33589000,1
49669.7817863,4,2149,36,33586000,1
49685.9390907,4,2150,12,33589000,-1
49686.2538562,4,2151,1,33592000,-1
49714.8749149,4,2152,21,33588000,-1
49714.9111383,4,2153,9,33591000,-1
49719.0797696,4,2154,8,33594000,-1
49720.3056761,4,2155,8,33597000,1
49722.2111085,4,2156,2,33594000,-1
49724.561307,4,2157,19,33597000,-1
49724.7617775,4,2158,6,33600000,-1
49728.7589829,4,2159,9,33603000,-1
49729.5617104,4,2160,7,33606000,-1
49730.4731291,4,2161,14,33609000,-1
49737.4265009,4,2162,4,33606000,1
49739.0386496,4,2163,20,33611000,-1
49739.1303168,4,2164,2,33614000,1
49739.358203,4,2165,1,33609000,-1
49742.5699872,4,2166,9,33606000,1
49742.8893964,4,2167,2,33603000,-1
49742.9226441,4,2168,2,33606000,1
49745.1250577,4,2169,11,33602000,1
49748.0072396,4,2170,3,33599000,-1
49748.2533183,4,2171,1,33602000,1
49752.896085,4,2172,10,33605000,1
49753.9002029,4,2173,3,33610000,-1
49754.2166691,4,2174,6,33614000,-1
49759.5118076,4,2175,21,33617000,1
49760.6664216,4,2176,8,33621000,1
49760.7705138,4,2177,3,33618000,-1
49761.0629586,4,2178,1,33621000,-1
49764.0361249,4,2179,6,33618000,1
49769.9377255,4,2180,36,33621000,1
49772.9786514,4,2181,9,33617000,1
49776.9193964,4,2182,1,33622000,-1
49778.3022713,4,2183,1,33619000,-1
49781.1776571,4,2184,9,33615000,1
49781.2494242,4,2185,12,33612000,1
49782.2503945,4,2186,3,33609000,-1
49783.5175928,4,2187,6,33612000,-1
49784.2287485,4,2188,2,33615000,-1
49791.658299,4,2189,14,33618000,-1
49791.6846585,4,2190,15,33621000,-1
49793.9856963,4,2191,6,33624000,1
49796.8275928,4,2192,1,33620000,1
49799.1455702,4,2193,3,33614000,1
49800.6239729,4,2194,5,33610000,-1
49801.0778259,4,2195,1,33613000,-1
49802.8625,4,2196,3,33610000,1
49802.9526008,4,2197,3,33607000,-1
49802.9662585,4,2198,2,33610000,1
49804.9268248,4,2199,2,33607000,1
49805.2057581,4,2200,3,33604000,1
49806.5513632,4,2201,3,33600000,-1
49807.6345714,4,2202,1,33603000,-1
49808.9543561,4,2203,2,33600000,-1
49815.4821507,4,2204,1,33603000,-1
49819.9537218,4,2205,9,33599000,-1
49831.7923634,4,2206,3,33604000,-1
49846.4331159,4,2207,1,33607000,-1
49846.7277471,4,2208,13,33599000,1
49847.0303689,4,2209,1,33596000,1
49848.2955568,4,2210,5,33600000,-1
49855.0121279,4,2211,12,33603000,1
49855.1206963,4,2212,3,33599000,1
49855.2909797,4,2213,6,33596000,1
49855.5129877,4,2214,1,33593000,-1
49862.3969961,4,2215,1,33596000,1
49866.1419473,4,2216,6,33599000,1
49875.3504151,4,2217,12,33596000,1
49877.155983,4,2218,31,33591000,1
49881.2162535,4,2219,8,33588000,1
49883.7105956,4,2220,2,33585000,1
49890.4411958,4,2221,6,33582000,1
49894.665572,4,2222,6,33587000,1
49898.044805,4,2223,3,33594000,-1
49903.8837466,4,2224,1,33597000,1
49905.0427053,4,2225,3,33601000,-1
49905.3759547,4,2226,1,33597000,-1
49906.5239666,4,2227,5,33600000,-1
49909.7770289,4,2228,15,33597000,-1
49909.8419617,4,2229,8,33600000,1
49910.5683244,4,2230,9,33604000,-1
49913.1512985,4,2231,2,33607000,-1
49914.7790744,4,2232,4,33610000,-1
49922.2796563,4,2233,3,33613000,-1
49924.6504066,4,2234,2,33616000,-1
49925.91898,4,2235,4,33611000,-1
49925.9189978,4,2236,1,33614000,-1
49926.8921903,4,2237,4,33611000,-1
49926.8922069,4,2238,1,33614000,-1
49927.3813579,4,2239,1,33611000,1
49935.0463258,4,2240,8,33614000,-1
49936.6728104,4,2241,1,33617000,-1
49940.4413647,4,2242,2,33613000,-1
49941.4604385,4,2243,1,33616000,-1
49944.7127041,4,2244,1,33612000,1
49948.0670945,4,2245,1,33608000,1
49956.6131419,4,2246,6,33612000,1
49959.22276,4,2247,4,33609000,-1
50000.4715252,4,2248,12,33613000,-1
50005.8600678,4,2249,2,33608000,-1
50016.764916,4,2250,4,33611000,-1
50022.5070851,4,2251,4,33614000,-1
50031.6210071,4,2252,24,33618000,-1
50033.090124,4,2253,10,33621000,-1
50033.3717075,4,2254,1,33624000,1
50046.1060708,4,2255,8,33621000,1
50062.9290118,4,2256,13,33626000,-1
50062.9709638,4,2257,23,33629000,-1
50063.188425,4,2258,1,33632000,-1
50070.418049,4,2259,14,33628000,1
50075.0899519,4,2260,5,33625000,1
50076.4514176,4,2261,10,33622000,1
50076.7871398,4,2262,2,33619000,1
50086.1063073,4,2263,8,33623000,1
50087.4824074,4,2264,7,33620000,1
50094.1681559,4,2265,1,33617000,1
50100.3698783,4,2266,10,33620000,1
50102.4683163,4,2267,4,33617000,1
50104.0609079,4,2268,2,33614000,-1
50108.3851389,4,2269,7,33617000,-1
50124.4255151,4,2270,8,33620000,1
50127.2475047,4,2271,10,33623000,1
50128.2070255,4,2272,3,33626000,-1
50129.4189512,4,2273,1,33629000,-1
50145.6530166,4,2274,11,33626000,-1
50153.364483,4,2275,13,33629000,1
50159.9438684,4,2276,4,33626000,-1
50166.3688248,4,2277,12,33630000,-1
50176.8877853,4,2278,26,33633000,-1
50183.0527037,4,2279,27,33636000,1
50185.7779113,4,2280,12,33633000,1
50186.599951,4,2281,4,33630000,-1
50189.8889844,4,2282,2,33633000,-1
50203.1087834,4,2283,7,33636000,-1
50204.294525,4,2284,57,33639000,1
50221.3989259,4,2285,12,33635000,1
50229.8247318,4,2286,12,33639000,1
50234.7117077,4,2287,16,33636000,1
50237.4750035,4,2288,2,33633000,1
50237.9725485,4,2289,2,33630000,-1
50245.1207577,4,2290,10,33633000,1
50282.8541234,4,2291,39,33637000,-1
50289.2003298,4,2292,8,33640000,-1
50301.6473413,4,2293,17,33643000,1
50310.8456405,4,2294,6,33640000,-1
50323.1361087,4,2295,71,33643000,1
50327.1576436,4,2296,8,33640000,1
50337.0078613,4,2297,29,33643000,-1
50338.1016409,4,2298,7,33646000,-1
50341.9875883,4,2299,13,33649000,1
50346.7470485,4,2300,11,33646000,-1
50359.0731882,4,2301,19,33649000,1
50363.0073357,4,2302,21,33646000,1
50371.7081163,4,2303,16,33643000,-1
50375.2961377,4,2304,3,33646000,-1
50388.2209682,4,2305,5,33643000,-1
50400.0625282,4,2306,27,33639000,1
50400.0669988,4,2307,11,33636000,1
50400.113843,4,2308,1,33633000,1
50400.1318842,4,2309,1,33636000,-1
50400.1646571,4,2310,9,33632000,1
50400.1704494,4,2311,1,33629000,1
50400.2275774,4,2312,2,33632000,1
50400.4395543,4,2313,9,33629000,-1
50400.7134286,4,2314,10,33632000,-1
50401.0973196,4,2315,5,33635000,1
50401.0975653,4,2316,7,33632000,1
50401.0987081,4,2317,7,33629000,1
50401.1009735,4,2318,9,33626000,1
50401.1010369,4,2319,8,33623000,1
50401.1010794,4,2320,6,33620000,1
50401.102495,4,2321,6,33617000,1
50401.1025328,4,2322,6,33614000,1
50401.1044545,4,2323,11,33611000,1
50401.1049165,4,2324,5,33608000,1
50401.112519,4,2325,8,33605000,1
50401.1126003,4,2326,30,33602000,1
50401.1168192,4,2327,6,33599000,1
50401.1169212,4,2328,7,33596000,1
50401.1172425,4,2329,7,33593000,1
50401.2127378,4,2330,45,33590000,-1
50401.2785659,4,2331,1,33593000,-1
50401.2886433,4,2332,4,33589000,1
50401.3083737,4,2333,2,33593000,-1
50401.3088521,4,2334,2,33596000,1
50401.315631,4,2335,1,33590000,1
50401.45001,4,2336,9,33593000,-1
50401.5022373,4,2337,2,33596000,1
50401.5218403,4,2338,4,33593000,-1
50401.5833144,4,2339,11,33596000,-1
50401.631316,4,2340,2,33599000,-1
50401.6673461,4,2341,3,33604000,-1
50401.6909147,4,2342,1,33608000,-1
50401.7098824,4,2343,1,33604000,-1
50401.7177693,4,2344,1,33600000,1
50401.7675645,4,2345,1,33605000,-1
50401.7787381,4,2346,1,33600000,1
50401.7794485,4,2347,1,33605000,-1
50401.7833874,4,2348,1,33601000,1
50401.7868798,4,2349,1,33604000,1
50402.1482511,4,2350,1,33601000,1
50403.0502041,4,2351,10,33608000,-1
50403.8009491,4,2352,1,33604000,-1
50404.1300483,4,2353,1,33601000,1
50404.3499728,4,2354,4,33606000,1
50404.5030282,4,2355,2,33603000,1
50404.6435906,4,2356,2,33600000,1
50404.909363,4,2357,2,33604000,1
50405.4390851,4,2358,5,33601000,1
50405.4763218,4,2359,1,33598000,1
50405.7432555,4,2360,8,33602000,-1
50405.7447627,4,2361,2,33605000,-1
50405.7512889,4,2362,1,33602000,-1
50405.7973531,4,2363,1,33606000,-1
50407.0238412,4,2364,5,33602000,1
50407.0820106,4,2365,1,33605000,1
50408.6835485,4,2366,1,33602000,1
50410.806718,4,2367,1,33612000,1
50412.7603724,4,2368,10,33618000,-1
50412.8627424,4,2369,4,33621000,1
50413.3765961,4,2370,2,33618000,-1
50413.3766697,4,2371,1,33621000,-1
50413.8360015,4,2372,1,33618000,-1
50414.008781,4,2373,92,33615000,1
50414.9949986,4,2374,2,33612000,-1
50415.3700893,4,2375,4,33615000,-1
50415.6190054,4,2376,3,33619000,1
50415.8182113,4,2377,3,33615000,-1
50416.1621917,4,2378,1,33618000,-1
50416.2452818,4,2379,1,33623000,-1
50416.7581685,4,2380,6,33620000,1
50419.3386023,4,2381,2,33624000,-1
50419.3411774,4,2382,15,33627000,-1
50419.3426771,4,2383,11,33630000,-1
50419.342689,4,2384,1,33633000,-1
50419.3838594,4,2385,1,33630000,1
50419.4585205,4,2386,5,33626000,1
50419.5222991,4,2387,4,33623000,1
50419.8454729,4,2388,4,33620000,-1
50420.7348473,4,2389,4,33623000,1
50422.3517524,4,2390,10,33620000,-1
50422.3522603,4,2391,13,33623000,-1
50422.3529438,4,2392,13,33626000,-1
50422.7084373,4,2393,4,33623000,1
50426.03773,4,2394,11,33620000,-1
50426.0393561,4,2395,17,33623000,-1
50427.9419135,4,2396,4,33626000,-1
50430.6054651,4,2397,10,33621000,1
50430.6680551,4,2398,2,33618000,1
50432.2184313,4,2399,2,33614000,-1
50432.3777172,4,2400,7,33618000,-1
50432.6602735,4,2401,6,33621000,-1
50433.747563,4,2402,5,33624000,1
50436.8998478,4,2403,11,33621000,1
50437.7525616,4,2404,4,33618000,1
50439.0186973,4,2405,3,33614000,-1
50439.6449318,4,2406,16,33617000,-1
50439.645015,4,2407,3,33620000,-1
50442.0961498,4,2408,1,33617000,1
50442.644484,4,2409,10,33620000,1
50449.1660617,4,2410,13,33617000,-1
50450.6917322,4,2411,8,33620000,-1
50451.3053332,4,2412,1,33624000,-1
50453.2207224,4,2413,14,33627000,1
50453.6431215,4,2414,1,33622000,1
50458.9066973,4,2415,7,33625000,-1
50462.1969719,4,2416,6,33619000,1
50462.5522203,4,2417,3,33616000,1
50463.1060452,4,2418,3,33613000,1
50466.2743601,4,2419,3,33610000,-1
50468.2459303,4,2420,3,33613000,1
50468.660128,4,2421,3,33610000,-1
50469.3482965,4,2422,2,33614000,1
50471.9475909,4,2423,9,33611000,1
50472.356474,4,2424,2,33606000,-1
50472.8836565,4,2425,7,33609000,-1
50473.7433311,4,2426,1,33612000,-1
50474.147942,4,2427,9,33608000,1
50475.8181446,4,2428,13,33605000,1
50477.5527384,4,2429,4,33600000,-1
50477.7930302,4,2430,1,33603000,1
50481.3657919,4,2431,1,33610000,1
50488.4447103,4,2432,18,33614000,-1
50488.4448107,4,2433,11,33617000,-1
50488.6019128,4,2434,17,33620000,-1
50488.6028556,4,2435,1,33623000,-1
50492.3602129,4,2436,2,33619000,1
50492.6250506,4,2437,6,33614000,1
50494.2248372,4,2438,7,33611000,1
50501.1547083,4,2439,5,33608000,-1
50509.1369895,4,2440,14,33604000,1
50509.6492309,4,2441,10,33608000,-1
50510.8852406,4,2442,2,33613000,-1
50511.0441179,4,2443,1,33616000,-1
50511.2959395,4,2444,12,33612000,1
50511.5662922,4,2445,1,33609000,1
50511.5916454,4,2446,1,33606000,1
50515.6151637,4,2447,6,33609000,-1
50515.6152343,4,2448,3,33612000,-1
50519.1512613,4,2449,5,33609000,-1
50521.975604,4,2450,7,33612000,1
50522.0693941,4,2451,1,33616000,-1
50525.837116,4,2452,9,33613000,-1
50526.684219,4,2453,11,33616000,-1
50528.7081844,4,2454,6,33619000,-1
50533.4666609,4,2455,24,33615000,1
50533.536351,4,2456,4,33610000,-1
50533.5364727,4,2457,7,33613000,-1
50535.614587,4,2458,1,33616000,-1
50542.0333208,4,2459,5,33612000,1
50542.8737216,4,2460,3,33608000,-1
50543.6336118,4,2461,4,33611000,1
50543.6985796,4,2462,1,33608000,1
50547.8955817,4,2463,10,33615000,-1
50549.9314783,4,2464,9,33611000,1
50550.624582,4,2465,2,33608000,-1
50552.1280976,4,2466,5,33611000,1
50557.7443323,4,2467,15,33608000,1
50557.9113202,4,2468,1,33604000,1
50557.9447494,4,2469,3,33607000,-1
50558.0108066,4,2470,9,33610000,-1
50569.4393532,4,2471,14,33613000,1
50573.7470784,4,2472,1,33610000,-1
50577.8371387,4,2473,11,33613000,-1
50578.0858103,4,2474,6,33616000,-1
50578.0945178,4,2475,1,33619000,-1
50579.317208,4,2476,10,33616000,1
50581.0308446,4,2477,10,33613000,-1
50581.9551946,4,2478,1,33616000,-1
50583.5851493,4,2479,6,33613000,-1
50583.6034492,4,2480,7,33616000,1
50587.2094246,4,2481,23,33613000,1
50587.2324406,4,2482,13,33610000,1
50587.9531416,4,2483,4,33607000,-1
50590.7323584,4,2484,11,33610000,-1
50592.9663993,4,2485,5,33613000,1
50593.5163617,4,2486,1,33610000,1
50600.1180801,4,2487,10,33613000,-1
50600.1655691,4,2488,1,33616000,-1
50600.205247,4,2489,2,33613000,1
50600.216506,4,2490,4,33610000,-1
50600.2767876,4,2491,1,33613000,1
50601.7360262,4,2492,15,33616000,-1
50604.7301791,4,2493,3,33619000,-1
50605.6387575,4,2494,26,33616000,1
50618.1606033,4,2495,19,33612000,-1
50618.5695422,4,2496,2,33616000,-1
50620.057674,4,2497,41,33613000,1
50621.1377835,4,2498,20,33610000,1
50622.1165112,4,2499,3,33607000,-1
50622.5957404,4,2500,5,33610000,-1
50625.3403886,4,2501,1,33606000,1
50626.9492249,4,2502,1,33610000,1
50628.1061643,4,2503,8,33613000,-1
50631.278013,4,2504,7,33616000,-1
50633.7721816,4,2505,10,33619000,1
50633.8073891,4,2506,3,33616000,1
50634.682448,4,2507,1,33613000,1
50639.1384557,4,2508,10,33616000,-1
50642.0384956,4,2509,3,33619000,-1
50651.4734288,4,2510,9,33616000,1
50653.5305301,4,2511,22,33620000,-1
50654.1480302,4,2512,2,33623000,-1
50663.15515,4,2513,11,33626000,-1
50666.6514631,4,2514,48,33629000,-1
50668.2710609,4,2515,16,33633000,-1
50670.2931863,4,2516,1,33630000,-1
50671.0063077,4,2517,2,33633000,-1
50672.8050278,4,2518,1,33636000,1
50675.9353423,4,2519,72,33640000,1
50676.2493868,4,2520,14,33637000,1
50676.3155901,4,2521,16,33634000,1
50676.4505343,4,2522,12,33631000,1
50676.4663479,4,2523,2,33628000,-1
50676.4885075,4,2524,7,33631000,-1
50676.5131554,4,2525,2,33634000,1
50676.555726,4,2526,4,33631000,1
50676.6003441,4,2527,18,33628000,1
50676.7718942,4,2528,2,33625000,-1
50682.245276,4,2529,12,33628000,1
50682.6170631,4,2530,6,33632000,1
50685.2088514,4,2531,7,33629000,1
50688.4451957,4,2532,1,33633000,1
50690.5758781,4,2533,2,33636000,1
50693.0678594,4,2534,1,33632000,1
50693.8377172,4,2535,14,33636000,-1
50697.5345311,4,2536,22,33639000,-1
50697.5377057,4,2537,25,33642000,-1
50701.36235,4,2538,30,33645000,-1
50704.4991664,4,2539,1,33648000,-1
50705.61317,4,2540,6,33645000,1
50705.773735,4,2541,3,33642000,1
50706.6325132,4,2542,2,33637000,-1
50710.6865724,4,2543,17,33641000,1
50710.7026374,4,2544,1,33638000,1
50712.0258023,4,2545,6,33635000,1
50716.9893205,4,2546,17,33632000,1
50717.0818176,4,2547,7,33629000,1
50720.0519448,4,2548,3,33632000,1
50725.5015771,4,2549,3,33627000,1
50730.1541958,4,2550,4,33631000,1
50732.7422337,4,2551,1,33628000,1
50736.088687,4,2552,1,33632000,-1
50736.6133284,4,2553,1,33636000,-1
50738.6994903,4,2554,1,33639000,-1
50739.0237794,4,2555,1,33645000,-1
50739.2710505,4,2556,1,33641000,1
50741.9778051,4,2557,4,33644000,1
50742.5928508,4,2558,1,33641000,1
50744.13833,4,2559,2,33644000,-1
50747.1755859,4,2560,33,33647000,-1
50752.8778492,4,2561,39,33650000,-1
50758.8798558,4,2562,29,33646000,-1
50760.8474042,4,2563,1,33649000,-1
50761.664223,4,2564,3,33652000,1
50762.4553834,4,2565,2,33649000,1
50763.5482877,4,2566,2,33646000,-1
50768.4514252,4,2567,6,33650000,-1
50769.6310797,4,2568,5,33653000,-1
50773.5991948,4,2569,9,33656000,1
50776.0632854,4,2570,10,33659000,1
50780.1066914,4,2571,3,33655000,-1
50780.1342803,4,2572,41,33658000,-1
50780.2367688,4,2573,7,33661000,-1
50782.3965283,4,2574,3,33658000,1
50782.9723949,4,2575,21,33655000,-1
50786.7961989,4,2576,2,33658000,-1
50791.4308547,4,2577,1,33661000,-1
50793.8611308,4,2578,12,33656000,1
50794.3472822,4,2579,5,33661000,1
50794.9672567,4,2580,2,33658000,-1
50797.6107943,4,2581,3,33661000,-1
50797.8177273,4,2582,14,33664000,1
50798.1823012,4,2583,3,33659000,1
50801.1877721,4,2584,7,33662000,1
50820.0486377,4,2585,88,33665000,1
50822.6235194,4,2586,5,33662000,1
50824.7684762,4,2587,2,33658000,-1
50832.7451949,4,2588,9,33661000,1
50832.7475392,4,2589,18,33658000,1
50833.0346734,4,2590,89,33655000,-1
50835.541333,4,2591,6,33650000,1
50836.2736697,4,2592,1,33647000,1
50841.7551417,4,2593,6,33651000,1
50842.1941994,4,2594,2,33654000,1
50842.6945457,4,2595,2,33651000,-1
50843.1105381,4,2596,1,33654000,-1
50851.9499823,4,2597,17,33651000,1
50853.1024125,4,2598,1,33648000,-1
50856.2492803,4,2599,2,33645000,1
50856.3940628,4,2600,1,33642000,1
50857.1319147,4,2601,2,33646000,1
50869.9367207,4,2602,7,33643000,1
50872.8688955,4,2603,3,33647000,-1
50884.845548,4,2604,8,33650000,1
50885.628758,4,2605,13,33653000,-1
50888.753704,4,2606,6,33656000,1
50896.6854887,4,2607,12,33653000,1
50903.3444159,4,2608,3,33657000,1
50908.8937354,4,2609,16,33660000,1
50909.291017,4,2610,16,33657000,1
50909.3733315,4,2611,3,33652000,1
50909.6745667,4,2612,2,33649000,1
50915.595735,4,2613,1,33646000,-1
50920.0235605,4,2614,12,33642000,-1
50926.2032237,4,2615,1,33638000,1
50926.3540385,4,2616,3,33643000,1
50941.3616697,4,2617,6,33640000,1
50944.4819195,4,2618,7,33636000,1
50944.7744503,4,2619,1,33633000,1
50945.7100136,4,2620,2,33636000,1
50961.3424355,4,2621,18,33633000,1
50964.3346178,4,2622,8,33630000,-1
50966.8549111,4,2623,5,33633000,1
50970.5311048,4,2624,9,33629000,1
50972.6006739,4,2625,9,33626000,1
50973.7947696,4,2626,5,33623000,1
50974.3599199,4,2627,5,33620000,1
50979.7104372,4,2628,9,33623000,-1
50984.1287233,4,2629,8,33626000,1
50984.3031464,4,2630,12,33622000,1
50991.9448434,4,2631,8,33619000,1
51002.0800748,4,2632,22,33623000,1
51013.7602058,4,2633,10,33620000,1
51018.6591789,4,2634,4,33625000,1
51027.4491756,4,2635,6,33632000,-1
51028.4264204,4,2636,1,33635000,-1
51031.2294426,4,2637,5,33632000,1
51032.658386,4,2638,1,33629000,1
51036.6260515,4,2639,16,33632000,1
51037.5257996,4,2640,1,33629000,1
51053.982742,4,2641,17,33632000,-1
51074.6196747,4,2642,16,33621000,1
51075.883663,4,2643,1,33624000,-1
51080.4115736,4,2644,1,33621000,1
51081.7343979,4,2645,10,33624000,1
51081.9630344,4,2646,11,33621000,-1
51087.3540253,4,2647,1,33618000,1
51094.2800354,4,2648,11,33622000,1
51095.5735604,4,2649,2,33619000,-1
51108.3015543,4,2650,14,33622000,-1
51108.3462424,4,2651,3,33625000,1
51127.2939792,4,2652,3,33622000,1
51130.2600185,4,2653,7,33619000,1
51131.5551136,4,2654,15,33616000,1
51149.7236623,4,2655,11,33613000,1
51151.8998961,4,2656,7,33610000,1
51153.2492598,4,2657,5,33607000,-1
51158.016056,4,2658,4,33610000,-1
51166.0195673,4,2659,7,33613000,-1
51170.2498177,4,2660,9,33616000,1
51170.3453532,4,2661,2,33613000,1
51173.4655445,4,2662,3,33616000,1
51173.7283426,4,2663,5,33613000,1
51176.1605035,4,2664,1,33609000,-1
51180.9534602,4,2665,10,33606000,1
51181.5380507,4,2666,45,33603000,-1
51185.7637747,4,2667,1,33608000,1
51187.1862888,4,2668,4,33613000,1
51188.9786961,4,2669,1,33610000,1
51191.9931463,4,2670,3,33613000,1
51191.9931591,4,2671,1,33610000,1
51196.8207907,4,2672,3,33613000,-1
51201.98477,4,2673,8,33616000,1
51207.2229155,4,2674,4,33613000,-1
51208.1899363,4,2675,9,33616000,-1
51210.4498201,4,2676,1,33619000,-1
51211.6469624,4,2677,9,33614000,1
51214.8818998,4,2678,2,33611000,1
51220.3139082,4,2679,3,33608000,1
51228.3229185,4,2680,9,33605000,1
51235.0270564,4,2681,5,33608000,-1
51238.1202961,4,2682,6,33611000,-1
51240.3569528,4,2683,1,33614000,1
51244.0681331,4,2684,50,33618000,-1
51244.1446967,4,2685,1,33621000,-1
51250.624726,4,2686,7,33618000,1
51258.970786,4,2687,8,33615000,1
51258.9868631,4,2688,2,33612000,-1
51260.9220846,4,2689,1,33615000,-1
51269.6793075,4,2690,2,33610000,1
51271.1715848,4,2691,1,33607000,1
51279.3203051,4,2692,7,33611000,-1
51279.4619937,4,2693,1,33614000,-1
51279.5997783,4,2694,1,33611000,1
51280.298878,4,2695,3,33614000,1
51299.112039,4,2696,8,33611000,-1
51302.7719233,4,2697,3,33614000,1
51305.0944862,4,2698,5,33611000,1
51307.9338103,4,2699,2,33608000,-1
51309.3987199,4,2700,10,33611000,-1
51309.4022704,4,2701,25,33614000,-1
51309.6670213,4,2702,1,33617000,-1
51320.2071157,4,2703,4,33612000,1
51322.6814877,4,2704,8,33609000,1
51327.0410737,4,2705,17,33606000,1
51339.0169164,4,2706,9,33603000,1
51345.2272066,4,2707,37,33600000,1
51351.3455385,4,2708,37,33597000,1
51356.0251804,4,2709,2,33601000,-1
51359.3400173,4,2710,5,33604000,-1
51361.0962533,4,2711,8,33601000,1
51361.6613417,4,2712,8,33604000,-1
51361.7227683,4,2713,5,33607000,-1
51361.802138,4,2714,1,33610000,1
51363.1597119,4,2715,23,33614000,1
51365.9116592,4,2716,3,33610000,-1
51365.9116746,4,2717,1,33613000,-1
51366.7431584,4,2718,9,33610000,-1
51366.8374686,4,2719,23,33613000,1
51369.1693146,4,2720,1,33618000,1
51369.8417637,4,2721,1,33615000,1
51369.8805516,4,2722,1,33618000,-1
51377.0285175,4,2723,17,33615000,-1
51381.031506,4,2724,2,33610000,1
51387.5918716,4,2725,1,33607000,1
51389.9084549,4,2726,4,33610000,-1
51391.2698139,4,2727,4,33613000,1
51402.9395327,4,2728,1,33609000,1
51405.9002016,4,2729,14,33614000,-1
51406.2420381,4,2730,10,33617000,1
51406.4507158,4,2731,14,33614000,1
51406.7790888,4,2732,17,33609000,1
51422.7627099,4,2733,15,33606000,-1
51446.2783018,4,2734,38,33609000,1
51454.1003544,4,2735,10,33606000,1
51454.5448876,4,2736,6,33603000,-1
51483.2244748,4,2737,14,33606000,1
51486.0106691,4,2738,21,33611000,1
51495.1413074,4,2739,1,33607000,1
51496.6660815,4,2740,7,33610000,-1
51498.3656406,4,2741,13,33613000,-1
51504.0578916,4,2742,1,33616000,1
51513.9754253,4,2743,39,33619000,-1
51526.1850731,4,2744,16,33622000,-1
51535.4919682,4,2745,3,33619000,1
51539.3463524,4,2746,25,33623000,-1
51539.7696175,4,2747,3,33626000,1
51541.3545027,4,2748,1,33623000,-1
51543.857859,4,2749,1,33619000,1
51547.0656918,4,2750,1,33616000,1
51550.1736225,4,2751,3,33619000,1
51550.7960208,4,2752,2,33616000,1
51551.9885932,4,2753,5,33612000,1
51556.5046016,4,2754,1,33609000,1
51558.4621695,4,2755,13,33605000,1
51562.3134173,4,2756,8,33600000,1
51563.4155039,4,2757,12,33597000,1
51564.8485166,4,2758,2,33594000,-1
51567.2633291,4,2759,7,33598000,-1
51574.1112704,4,2760,16,33601000,1
51587.6825406,4,2761,35,33604000,-1
51590.8989068,4,2762,1,33607000,-1
51594.5627983,4,2763,1,33604000,1
51600.4283974,4,2764,1,33607000,-1
51601.5845656,4,2765,4,33604000,1
51604.5472038,4,2766,1,33600000,1
51611.7544393,4,2767,2,33603000,-1
51620.7419784,4,2768,4,33606000,-1
51644.5388732,4,2769,30,33609000,1
51646.6681545,4,2770,5,33606000,-1
51665.9626229,4,2771,1,33609000,1
51669.9809285,4,2772,5,33612000,1
51672.6636396,4,2773,8,33615000,1
51674.7574872,4,2774,2,33612000,1
51678.0837776,4,2775,1,33615000,1
51681.7873613,4,2776,1,33620000,1
51684.7405471,4,2777,11,33624000,-1
51697.6969687,4,2778,6,33627000,-1
51701.4712073,4,2779,23,33630000,-1
51709.9456528,4,2780,10,33627000,1
51721.8663506,4,2781,3,33630000,1
51725.4267422,4,2782,2,33633000,1
51727.5824683,4,2783,1,33630000,-1
51728.6856682,4,2784,1,33633000,-1
51736.8882206,4,2785,1,33630000,-1
51750.2474083,4,2786,9,33634000,-1
51751.1820003,4,2787,2,33637000,-1
51757.3394929,4,2788,5,33633000,1
51763.989609,4,2789,4,33628000,1
51766.0282022,4,2790,8,33625000,1
51777.0698577,4,2791,1,33628000,-1
51782.100893,4,2792,1,33619000,1
51808.3310934,4,2793,5,33622000,-1
51834.7659832,4,2794,1,33619000,-1
51838.8318019,4,2795,3,33616000,-1
51851.5107799,4,2796,8,33619000,-1
51859.2218241,4,2797,1,33622000,-1
51863.9514598,4,2798,3,33619000,-1
51900.2564842,4,2799,7,33622000,1
51914.3326524,4,2800,7,33625000,-1
51940.9296212,4,2801,2,33628000,-1
51960.2204913,4,2802,3,33625000,1
51960.7062464,4,2803,10,33628000,-1
51971.4170968,4,2804,11,33631000,-1
51981.0630275,4,2805,8,33627000,1
51983.8817794,4,2806,2,33624000,1
51989.8783282,4,2807,2,33628000,-1
51999.3327092,4,2808,11,33631000,-1
52006.5336452,4,2809,1,33634000,1
52014.8137607,4,2810,2,33637000,-1
52021.5006671,4,2811,1,33640000,-1
52023.6850019,4,2812,1,33637000,1
52042.3231107,4,2813,16,33641000,-1
52044.5863165,4,2814,26,33644000,-1
52044.7420106,4,2815,1,33647000,-1
52055.542346,4,2816,10,33644000,1
52056.4557087,4,2817,7,33641000,-1
52056.4750139,4,2818,12,33644000,1
52062.2550508,4,2819,7,33641000,1
52078.2193635,4,2820,8,33638000,-1
52078.5081215,4,2821,1,33641000,-1
52086.8456858,4,2822,12,33645000,-1
52087.2783717,4,2823,11,33648000,1
52091.1355595,4,2824,1,33644000,1
52121.2651728,4,2825,3,33647000,-1
52155.3781617,4,2826,1,33644000,-1
52156.4037214,4,2827,1,33647000,-1
52163.5431588,4,2828,7,33644000,1
52164.7283361,4,2829,21,33641000,1
52170.5447643,4,2830,1,33638000,-1
52172.7243403,4,2831,15,33635000,1
52172.9841094,4,2832,1,33632000,-1
52197.3363648,4,2833,3,33635000,-1
52201.4274012,4,2834,2,33638000,-1
52209.4738392,4,2835,1,33641000,1
52213.4812168,4,2836,7,33638000,1
52219.6000154,4,2837,7,33635000,-1
52233.8261519,4,2838,19,33638000,1
52236.2973956,4,2839,20,33641000,-1
52244.7800093,4,2840,11,33644000,-1
52248.627201,4,2841,7,33648000,1
52251.6973753,4,2842,1,33645000,1
52260.745124,4,2843,6,33642000,1
52260.7451356,4,2844,1,33639000,1
52274.1082899,4,2845,15,33643000,-1
52275.0342301,4,2846,2,33646000,1
52299.4121612,4,2847,12,33643000,1
52303.0149611,4,2848,4,33640000,-1
52315.7869754,4,2849,11,33635000,-1
52322.2541113,4,2850,13,33639000,1
52324.5596517,4,2851,8,33636000,1
52325.08181,4,2852,11,33633000,-1
52344.3029605,4,2853,5,33640000,-1
52369.5536052,4,2854,53,33645000,1
52369.6086628,4,2855,6,33642000,1
52388.6510488,4,2856,4,33639000,1
52401.7085389,4,2857,1,33636000,1
52404.6201043,4,2858,3,33639000,-1
52472.1906185,4,2859,1,33642000,1
52474.4529131,4,2860,6,33639000,1
52476.9242901,4,2861,13,33636000,1
52507.1791693,4,2862,7,33633000,1
52509.9199246,4,2863,8,33636000,-1
52515.4855583,4,2864,5,33633000,-1
52531.150152,4,2865,10,33628000,1
52546.5832875,4,2866,6,33632000,-1
52546.6764483,4,2867,2,33635000,1
52552.895534,4,2868,4,33632000,1
52560.1796281,4,2869,25,33628000,1
52562.502388,4,2870,8,33625000,1
52562.5833957,4,2871,2,33622000,1
52566.3910381,4,2872,2,33618000,-1
52570.6237218,4,2873,4,33621000,-1
52570.8471403,4,2874,8,33618000,-1
52570.9282363,4,2875,3,33621000,-1
52587.6846331,4,2876,1,33624000,1
52593.0177452,4,2877,2,33628000,-1
52600.6034441,4,2878,3,33622000,1
52608.3352357,4,2879,7,33619000,-1
52610.1662404,4,2880,1,33622000,1
52620.5553681,4,2881,1,33619000,1
52628.2265351,4,2882,11,33622000,-1
52633.1378991,4,2883,16,33625000,-1
52636.2548153,4,2884,5,33629000,-1
52640.4423802,4,2885,7,33633000,-1
52642.0134171,4,2886,1,33629000,-1
52685.4134613,4,2887,46,33626000,1
52687.6869654,4,2888,2,33623000,-1
52688.7701764,4,2889,1,33620000,1
52695.0123627,4,2890,1,33624000,1
52702.3620837,4,2891,6,33627000,-1
52718.5538997,4,2892,20,33630000,1
52724.1051842,4,2893,1,33626000,1
52733.6463244,4,2894,1,33630000,1
52771.4490439,4,2895,14,33626000,-1
52789.255354,4,2896,4,33623000,-1
52796.2747791,4,2897,3,33627000,-1
52800.0859135,4,2898,1,33632000,1
52803.3492373,4,2899,2,33635000,-1
52812.7595421,4,2900,6,33638000,-1
52817.2052368,4,2901,2,33635000,-1
52818.6824924,4,2902,2,33638000,-1
52828.9920593,4,2903,2,33635000,1
52851.4174912,4,2904,7,33638000,1
52851.9035933,4,2905,14,33635000,1
52852.2847174,4,2906,7,33632000,1
52860.6757275,4,2907,1,33628000,-1
52877.9692401,4,2908,1,33624000,1
52899.1661066,4,2909,7,33628000,1
52899.2408612,4,2910,9,33625000,1
52907.6697877,4,2911,48,33622000,1
52908.5102311,4,2912,5,33619000,1
52908.667495,4,2913,23,33616000,1
52908.6942985,4,2914,1,33613000,1
52923.9654791,4,2915,15,33617000,1
52929.3856854,4,2916,16,33614000,1
52930.2653272,4,2917,10,33610000,1
52930.3290375,4,2918,2,33607000,-1
52930.5548379,4,2919,1,33610000,-1
52939.9659726,4,2920,5,33607000,-1
52942.395274,4,2921,6,33610000,1
52943.9543558,4,2922,3,33607000,1
52954.8865982,4,2923,3,33604000,1
52960.4288696,4,2924,88,33601000,1
52960.4525612,4,2925,1,33598000,1
52960.8028288,4,2926,1,33601000,-1
52967.654648,4,2927,5,33598000,-1
52975.3761766,4,2928,33,33601000,1
52985.1538178,4,2929,22,33596000,1
52991.4370031,4,2930,41,33593000,-1
52991.4938464,4,2931,2,33596000,1
52992.4739038,4,2932,4,33593000,1
52992.47709,4,2933,27,33590000,1
52993.2428284,4,2934,22,33587000,1
52995.6541717,4,2935,2,33583000,-1
53001.4219599,4,2936,5,33586000,-1
53005.0022255,4,2937,9,33583000,-1
53005.7421285,4,2938,9,33580000,-1
53009.5906277,4,2939,14,33583000,-1
53013.1587384,4,2940,5,33587000,1
53013.1587553,4,2941,1,33584000,1
53015.1954949,4,2942,3,33587000,1
53034.892742,4,2943,10,33584000,-1
53034.9086985,4,2944,3,33587000,1
53036.4994373,4,2945,3,33584000,-1
53038.115243,4,2946,1,33587000,-1
53049.7170598,4,2947,2,33584000,-1
53051.6187175,4,2948,4,33588000,-1
53058.1333521,4,2949,7,33591000,-1
53060.2058573,4,2950,6,33588000,1
53062.2621699,4,2951,1,33585000,1
53065.4214954,4,2952,3,33588000,-1
53068.55633,4,2953,1,33591000,-1
53093.11373,4,2954,8,33594000,-1
53094.6550386,4,2955,8,33591000,1
53094.8259567,4,2956,1,33588000,-1
53100.4450045,4,2957,1,33594000,-1
53107.5587455,4,2958,4,33591000,1
53108.2114282,4,2959,11,33588000,1
53112.0971439,4,2960,1,33585000,1
53118.3361994,4,2961,7,33589000,-1
53119.3454687,4,2962,5,33585000,-1
53119.3754867,4,2963,1,33588000,-1
53120.9203455,4,2964,3,33585000,1
53130.814382,4,2965,6,33582000,1
53149.8716731,4,2966,29,33586000,1
53152.9194519,4,2967,1,33583000,1
53163.5324187,4,2968,22,33580000,1
53163.9566846,4,2969,8,33577000,-1
53169.971079,4,2970,9,33580000,-1
53171.6570903,4,2971,1,33583000,-1
53189.1056436,4,2972,10,33580000,1
53192.595932,4,2973,15,33577000,1
53194.059238,4,2974,4,33574000,-1
53200.0264293,4,2975,11,33577000,-1
53204.8900005,4,2976,5,33582000,1
53209.4529313,4,2977,4,33579000,-1
53209.5362772,4,2978,8,33582000,1
53209.5415422,4,2979,2,33579000,1
53211.2652931,4,2980,10,33584000,-1
53211.300863,4,2981,1,33587000,-1
53212.9581257,4,2982,1,33583000,1
53215.4076277,4,2983,8,33586000,-1
53215.7040738,4,2984,8,33589000,-1
53217.70959,4,2985,8,33593000,-1
53220.084946,4,2986,12,33596000,1
53220.4220723,4,2987,2,33593000,-1
53221.0602925,4,2988,6,33596000,-1
53222.7749678,4,2989,3,33592000,1
53237.9859201,4,2990,2,33587000,-1
53266.7287179,4,2991,8,33584000,1
53311.4738968,4,2992,8,33588000,1
53328.2730836,4,2993,33,33585000,-1
53337.660592,4,2994,13,33588000,1
53341.9502114,4,2995,27,33585000,1
53343.720918,4,2996,3,33582000,-1
53359.810405,4,2997,6,33585000,-1
53361.6136954,4,2998,7,33588000,-1
53362.919262,4,2999,1,33591000,-1
53373.7989258,4,3000,21,33588000,-1
53375.2819257,4,3001,1,33592000,1
53378.3736715,4,3002,1,33589000,-1
53396.2136869,4,3003,4,33585000,-1
53400.9681822,4,3004,4,33588000,-1
53417.2980179,4,3005,15,33591000,-1
53427.9557076,4,3006,11,33588000,-1
53435.6968476,4,3007,9,33585000,1
53449.9231181,4,3008,29,33581000,1
53449.9367706,4,3009,11,33578000,-1
53454.6226822,4,3010,2,33581000,-1
53463.0190741,4,3011,14,33577000,1
53465.3770108,4,3012,11,33573000,1
53465.5934058,4,3013,41,33570000,1
53465.6610206,4,3014,18,33567000,1
53465.756629,4,3015,10,33564000,1
53466.6208975,4,3016,11,33568000,1
53470.5825653,4,3017,1,33565000,1
53471.3107709,4,3018,1,33569000,-1
53472.5497937,4,3019,1,33566000,-1
53475.207287,4,3020,1,33569000,-1
53478.383644,4,3021,1,33566000,-1
53484.3381802,4,3022,17,33563000,-1
53486.5159752,4,3023,3,33566000,-1
53497.8970223,4,3024,21,33569000,-1
53507.1301451,4,3025,8,33572000,1
53511.7769213,4,3026,1,33569000,1
53519.1848756,4,3027,12,33572000,1
53524.3345908,4,3028,1,33569000,1
53527.1210331,4,3029,6,33575000,-1
53559.53094,4,3030,6,33571000,1
53564.538111,4,3031,2,33574000,-1
53580.8337517,4,3032,21,33577000,-1
53581.5196642,4,3033,9,33580000,-1
53581.9702475,4,3034,14,33583000,-1
53585.5283952,4,3035,7,33586000,1
53602.7802767,4,3036,4,33583000,1
53616.006326,4,3037,17,33579000,-1
53617.4383693,4,3038,1,33582000,1
53622.9020939,4,3039,6,33579000,1
53633.303883,4,3040,2,33576000,-1
53634.1218131,4,3041,2,33573000,1
53637.5697084,4,3042,1,33570000,-1
53641.4536651,4,3043,3,33566000,1
53644.5393118,4,3044,16,33563000,-1
53648.2334338,4,3045,11,33566000,-1
53648.2334779,4,3046,3,33569000,-1
53648.4907101,4,3047,6,33566000,1
53653.2429439,4,3048,4,33563000,1
53653.3445333,4,3049,26,33560000,1
53653.3879772,4,3050,1,33557000,1
53661.4478666,4,3051,7,33560000,1
53661.8338539,4,3052,1,33557000,1
53671.6328267,4,3053,7,33561000,-1
53675.0366244,4,3054,5,33564000,1
53700.1278291,4,3055,50,33561000,-1
53705.1184866,4,3056,2,33565000,-1
53705.4962824,4,3057,1,33568000,-1
53707.3078955,4,3058,10,33564000,1
53711.8860134,4,3059,8,33559000,1
53713.9020717,4,3060,1,33556000,1
53727.8061125,4,3061,29,33559000,1
53732.6872509,4,3062,37,33556000,-1
53738.9221732,4,3063,10,33559000,-1
53748.5286963,4,3064,17,33562000,-1
53762.6189515,4,3065,7,33565000,1
53801.9317523,4,3066,2,33562000,1
53809.4585679,4,3067,14,33565000,-1
53811.971402,4,3068,1,33568000,-1
53818.4553668,4,3069,1,33571000,-1
53829.1963223,4,3070,10,33568000,1
53844.12806,4,3071,1,33564000,1
53875.4136263,4,3072,2,33568000,1
53881.4309239,4,3073,11,33573000,-1
53901.2965944,4,3074,10,33569000,1
53908.6732292,4,3075,6,33572000,-1
53910.7803356,4,3076,3,33575000,1
53917.5218654,4,3077,7,33571000,-1
53924.6273585,4,3078,7,33574000,1
53944.4138329,4,3079,1,33571000,1
53951.8014083,4,3080,30,33574000,-1
53951.8014161,4,3081,1,33577000,-1
53967.1631714,4,3082,1,33574000,-1
53983.1237883,4,3083,4,33577000,1
53986.8457785,4,3084,1,33574000,1
54006.9149979,4,3085,1,33578000,-1
54008.1052643,4,3086,1,33575000,1
54013.4582289,4,3087,2,33578000,1
54017.2697691,4,3088,2,33575000,-1
54017.9784231,4,3089,14,33579000,-1
54018.9517417,4,3090,4,33582000,-1
54020.1233404,4,3091,5,33579000,1
54023.6053837,4,3092,6,33576000,1
54030.4334861,4,3093,6,33572000,1
54041.7200954,4,3094,5,33575000,-1
54052.2366298,4,3095,11,33578000,-1
54055.280602,4,3096,19,33581000,-1
54072.3384719,4,3097,22,33584000,-1
54072.3768178,4,3098,12,33587000,-1
54088.7683042,4,3099,17,33583000,1
54088.9942242,4,3100,13,33580000,1
54091.4580153,4,3101,15,33576000,1
54093.3009459,4,3102,1,33573000,-1
54098.8847546,4,3103,4,33570000,-1
54098.9227871,4,3104,2,33573000,1
54100.2712456,4,3105,5,33570000,1
54103.2042608,4,3106,1,33567000,1
54105.5194058,4,3107,2,33572000,-1
54109.5341302,4,3108,4,33575000,-1
54111.0227881,4,3109,3,33578000,1
54117.4127829,4,3110,4,33575000,1
54123.3635286,4,3111,1,33572000,1
54129.749487,4,3112,3,33569000,1
54131.3177515,4,3113,3,33566000,1
54133.5174152,4,3114,1,33563000,1
54146.1159938,4,3115,5,33566000,1
54158.2374016,4,3116,7,33563000,1
54193.0652946,4,3117,18,33560000,1
54202.8804754,4,3118,24,33556000,1
54203.5598342,4,3119,6,33553000,1
54206.7696257,4,3120,2,33557000,-1
54210.177993,4,3121,2,33560000,-1
54231.1652523,4,3122,13,33563000,-1
54236.2451423,4,3123,1,33560000,1
54240.2913456,4,3124,46,33564000,-1
54250.5910351,4,3125,3,33560000,1
54252.0297718,4,3126,2,33557000,1
54252.6576436,4,3127,2,33553000,-1
54252.7254601,4,3128,4,33556000,-1
54252.8400413,4,3129,17,33553000,1
54252.9610847,4,3130,59,33550000,1
54253.0497349,4,3131,1,33547000,1
54257.8652866,4,3132,67,33550000,-1
54258.7831702,4,3133,12,33553000,1
54258.786671,4,3134,23,33550000,1
54259.0456976,4,3135,10,33547000,1
54276.5064539,4,3136,33,33550000,1
54276.6104664,4,3137,7,33547000,1
54289.0447933,4,3138,11,33544000,1
54292.7605325,4,3139,3,33547000,-1
54294.1340458,4,3140,4,33550000,-1
54295.8398258,4,3141,1,33554000,-1
54301.3824649,4,3142,1,33550000,1
54305.6085762,4,3143,11,33555000,-1
54311.016433,4,3144,6,33558000,-1
54313.8662609,4,3145,13,33554000,1
54313.8669617,4,3146,1,33551000,1
54316.1429967,4,3147,4,33555000,1
54316.1644036,4,3148,2,33552000,-1
54326.5621791,4,3149,6,33555000,-1
54331.7861618,4,3150,4,33558000,-1
54342.3774021,4,3151,8,33561000,-1
54362.5464841,4,3152,19,33558000,-1
54363.071424,4,3153,7,33561000,-1
54364.4059307,4,3154,7,33564000,1
54397.5606335,4,3155,11,33561000,-1
54398.949724,4,3156,29,33564000,1
54402.8569102,4,3157,3,33561000,1
54404.6329454,4,3158,5,33558000,1
54407.9000697,4,3159,6,33555000,1
54425.9966432,4,3160,19,33552000,1
54439.5766211,4,3161,3,33549000,-1
54447.0660165,4,3162,7,33552000,-1
54454.8283321,4,3163,9,33555000,-1
54476.2916665,4,3164,17,33558000,-1
54480.1564928,4,3165,4,33561000,-1
54484.6238099,4,3166,29,33564000,-1
54484.6699595,4,3167,16,33567000,-1
54484.6744757,4,3168,1,33570000,-1
54485.8611874,4,3169,3,33567000,-1
54495.4625668,4,3170,19,33570000,-1
54503.3610416,4,3171,13,33573000,-1
54504.6146127,4,3172,2,33577000,-1
54515.1691279,4,3173,73,33580000,1
54517.4708233,4,3174,4,33577000,-1
54529.9242627,4,3175,22,33580000,-1
54542.5626192,4,3176,8,33583000,1
54543.3202067,4,3177,10,33580000,1
54555.4111213,4,3178,2,33577000,-1
54564.3853028,4,3179,17,33580000,1
54574.0326279,4,3180,17,33577000,1
54578.2540413,4,3181,4,33580000,1
54589.0919622,4,3182,12,33577000,-1
54598.3429151,4,3183,10,33580000,-1
54659.9409697,4,3184,31,33583000,1
54659.9771025,4,3185,10,33580000,1
54660.0730868,4,3186,3,33577000,1
54660.1197809,4,3187,6,33574000,1
54660.5729638,4,3188,6,33571000,1
54660.9176321,4,3189,8,33568000,1
54662.7535782,4,3190,1,33565000,1
54664.7269181,4,3191,1,33562000,1
54665.717313,4,3192,7,33567000,-1
54683.2055672,4,3193,10,33570000,-1
54692.3648948,4,3194,3,33573000,1
54704.6612248,4,3195,2,33569000,-1
54708.4165146,4,3196,4,33572000,-1
54725.1574331,4,3197,7,33576000,1
54733.5295459,4,3198,16,33573000,1
54745.202418,4,3199,17,33570000,1
54745.2145824,4,3200,2,33567000,1
54749.5472069,4,3201,3,33563000,-1
54755.5337781,4,3202,4,33560000,1
54775.754308,4,3203,10,33564000,1
54775.9609864,4,3204,1,33561000,-1
54777.0334192,4,3205,2,33558000,-1
54781.6931955,4,3206,9,33562000,-1
54783.2552866,4,3207,5,33566000,1
54805.8745225,4,3208,3,33563000,1
54813.3498038,4,3209,8,33560000,1
54825.0207152,4,3210,15,33557000,1
54828.3702678,4,3211,16,33554000,1
54832.4764914,4,3212,20,33551000,1
54841.3721541,4,3213,29,33548000,-1
54847.7623282,4,3214,26,33551000,1
54847.7623891,4,3215,1,33548000,1
54850.5893872,4,3216,2,33551000,-1
54855.0921891,4,3217,3,33556000,-1
54875.879573,4,3218,2,33552000,-1
54891.4969062,4,3219,5,33548000,1
54893.3867346,4,3220,1,33545000,1
54902.9543351,4,3221,2,33548000,1
54908.6751396,4,3222,12,33545000,1
54908.6812995,4,3223,43,33542000,1
54908.6813298,4,3224,3,33539000,1
54908.7803267,4,3225,1,33543000,-1
54908.9266822,4,3226,19,33540000,1
54908.9533179,4,3227,5,33537000,1
54909.0857942,4,3228,3,33540000,-1
54917.253478,4,3229,1,33543000,-1
54921.3049093,4,3230,1,33540000,1
54921.3244989,4,3231,2,33537000,1
54921.6295587,4,3232,33,33534000,1
54926.7777871,4,3233,82,33531000,1
54943.2974129,4,3234,46,33528000,1
54943.3743709,4,3235,30,33525000,-1
54943.8888632,4,3236,6,33521000,1
54944.7676352,4,3237,2,33525000,1
54947.2503104,4,3238,38,33522000,1
54951.723275,4,3239,10,33519000,1
54952.1576409,4,3240,15,33516000,1
54952.1622007,4,3241,41,33513000,1
54952.1930198,4,3242,25,33510000,-1
54952.4940986,4,3243,20,33513000,-1
54956.5105851,4,3244,27,33516000,-1
54962.813413,4,3245,16,33519000,-1
54962.8566344,4,3246,6,33522000,-1
54968.3013489,4,3247,19,33525000,1
54969.4309856,4,3248,1,33522000,1
54970.4261059,4,3249,7,33525000,1
54976.8636433,4,3250,9,33522000,-1
54977.0760678,4,3251,16,33519000,1
54977.9569615,4,3252,1,33516000,1
54983.0037159,4,3253,11,33519000,1
54984.1300126,4,3254,1,33516000,-1
54985.867845,4,3255,14,33512000,1
54987.6163547,4,3256,2,33515000,-1
54988.5737973,4,3257,6,33511000,-1
54989.7255484,4,3258,47,33514000,-1
54990.2111532,4,3259,1,33517000,1
54995.6398156,4,3260,16,33520000,-1
54996.2311798,4,3261,1,33523000,-1
54996.7554911,4,3262,16,33519000,1
54997.4100072,4,3263,38,33516000,-1
54998.2751303,4,3264,5,33519000,1
55000.1573131,4,3265,50,33516000,-1
55001.0596485,4,3266,6,33519000,-1
55002.0981829,4,3267,5,33516000,1
55003.4016831,4,3268,12,33513000,-1
55003.9202401,4,3269,9,33516000,1
55003.9231688,4,3270,28,33513000,1
55007.5433989,4,3271,11,33510000,1
55008.8580006,4,3272,10,33515000,1
55008.8588027,4,3273,2,33512000,1
55009.0071397,4,3274,5,33515000,1
55013.2458614,4,3275,33,33512000,-1
55013.7031178,4,3276,2,33515000,1
55017.3397222,4,3277,10,33512000,-1
55017.4042387,4,3278,11,33508000,-1
55017.6254799,4,3279,3,33511000,-1
55017.7816047,4,3280,2,33515000,-1
55018.0015087,4,3281,13,33518000,-1
55018.4281078,4,3282,8,33521000,-1
55018.5726974,4,3283,7,33524000,-1
55018.8406086,4,3284,1,33527000,-1
55018.9851683,4,3285,1,33524000,1
55019.0866532,4,3286,1,33527000,-1
55019.5776244,4,3287,4,33524000,-1
55019.9896134,4,3288,10,33528000,-1
55020.0189834,4,3289,1,33531000,-1
55020.47466,4,3290,5,33528000,1
55021.7486563,4,3291,15,33525000,-1
55022.3942134,4,3292,7,33528000,1
55024.1965947,4,3293,12,33525000,-1
55026.2998232,4,3294,20,33522000,-1
55027.8472423,4,3295,4,33517000,1
55030.7349088,4,3296,6,33514000,1
55031.3601458,4,3297,17,33517000,1
55031.4165558,4,3298,16,33514000,1
55033.1750272,4,3299,17,33511000,1
55034.8644586,4,3300,9,33508000,1
55036.1210166,4,3301,20,33515000,1
55036.3706385,4,3302,20,33512000,-1
55036.4417696,4,3303,5,33509000,1
55036.9337538,4,3304,3,33512000,1
55036.9645487,4,3305,5,33509000,1
55037.5449508,4,3306,7,33515000,1
55037.5459152,4,3307,1,33512000,1
55038.1736032,4,3308,8,33518000,1
55038.7203586,4,3309,13,33515000,1
55039.5835497,4,3310,11,33512000,1
55041.4235451,4,3311,23,33509000,1
55041.4241373,4,3312,1,33506000,1
55042.3079441,4,3313,8,33509000,-1
55042.7388493,4,3314,9,33512000,1
55042.7393822,4,3315,1,33509000,1
55043.0143648,4,3316,8,33513000,-1
55043.6226242,4,3317,9,33516000,-1
55043.7235808,4,3318,37,33519000,-1
55043.7994152,4,3319,6,33522000,1
55043.8007835,4,3320,10,33519000,1
55043.8007937,4,3321,1,33516000,1
55044.5473944,4,3322,11,33520000,1
55045.0194327,4,3323,1,33517000,1
55046.0316075,4,3324,11,33521000,-1
55047.3747566,4,3325,19,33525000,-1
55050.0719642,4,3326,14,33528000,-1
55051.7934176,4,3327,6,33531000,-1
55054.6306866,4,3328,11,33528000,-1
55056.1265078,4,3329,13,33531000,-1
55056.6824398,4,3330,3,33534000,-1
55058.3054964,4,3331,2,33530000,1
55060.0708149,4,3332,2,33527000,-1
55062.0075309,4,3333,3,33530000,-1
55067.7408625,4,3334,5,33527000,-1
55067.7418736,4,3335,28,33530000,-1
55067.7418932,4,3336,1,33533000,-1
55070.2801459,4,3337,5,33529000,-1
55071.9009122,4,3338,1,33525000,-1
55073.0084604,4,3339,1,33522000,1
55073.1435312,4,3340,1,33526000,-1
55073.9630908,4,3341,8,33532000,-1
55074.6014753,4,3342,9,33529000,-1
55078.0319995,4,3343,16,33532000,-1
55080.0935445,4,3344,1,33535000,-1
55080.3020557,4,3345,1,33532000,1
55081.6742343,4,3346,2,33528000,-1
55083.9716921,4,3347,6,33531000,-1
55086.9682187,4,3348,1,33528000,-1
55091.7849049,4,3349,4,33525000,-1
55091.8220804,4,3350,1,33528000,-1
55092.3108689,4,3351,1,33525000,1
55101.473787,4,3352,4,33529000,-1
55104.446527,4,3353,1,33532000,1
55107.9097911,4,3354,12,33535000,-1
55114.4042779,4,3355,11,33538000,-1
55118.0566832,4,3356,1,33541000,-1
55122.6868923,4,3357,7,33538000,1
55123.2767632,4,3358,4,33535000,-1
55123.7315953,4,3359,8,33538000,-1
55129.9991039,4,3360,5,33535000,-1
55139.5058598,4,3361,13,33538000,1
55141.0012995,4,3362,7,33535000,-1
55143.3531327,4,3363,9,33539000,-1
55145.7355069,4,3364,30,33542000,1
55155.1184001,4,3365,8,33539000,-1
55156.0256459,4,3366,22,33542000,1
55171.3382461,4,3367,5,33539000,1
55174.8491715,4,3368,2,33536000,-1
55181.1084208,4,3369,8,33540000,-1
55184.1659776,4,3370,11,33543000,-1
55189.5714101,4,3371,17,33546000,-1
55191.0540359,4,3372,1,33543000,1
55194.8891431,4,3373,10,33546000,-1
55200.0790557,4,3374,14,33549000,1
55202.3586914,4,3375,7,33546000,-1
55204.0950793,4,3376,4,33543000,1
55206.6228049,4,3377,6,33540000,1
55214.3373052,4,3378,21,33537000,-1
55214.4055074,4,3379,8,33540000,-1
55214.4406687,4,3380,1,33543000,1
55220.464187,4,3381,15,33540000,1
55224.4389582,4,3382,1,33537000,1
55224.9203791,4,3383,1,33541000,-1
55230.1292161,4,3384,11,33537000,-1
55230.1372406,4,3385,8,33540000,1
55234.062357,4,3386,12,33537000,1
55245.7830069,4,3387,2,33540000,1
55249.001035,4,3388,8,33537000,-1
55257.0751159,4,3389,8,33540000,-1
55259.9771737,4,3390,1,33545000,-1
55260.1192762,4,3391,2,33548000,1
55278.4569811,4,3392,4,33545000,1
55278.4570059,4,3393,1,33542000,1
55293.916146,4,3394,15,33545000,1
55295.792964,4,3395,2,33542000,-1
55303.9962179,4,3396,6,33546000,-1
55319.1077295,4,3397,23,33542000,1
55328.6735863,4,3398,6,33539000,1
55331.4396547,4,3399,14,33536000,1
55346.7823977,4,3400,13,33533000,1
55363.9786387,4,3401,12,33530000,1
55367.0900328,4,3402,12,33527000,-1
55367.7615305,4,3403,16,33530000,-1
55370.402711,4,3404,2,33535000,-1
55385.3782411,4,3405,8,33530000,-1
55386.4677382,4,3406,13,33533000,-1
55386.5564773,4,3407,2,33537000,1
55393.6698928,4,3408,7,33534000,1
55395.4464671,4,3409,4,33531000,-1
55402.8703507,4,3410,56,33534000,1
55403.5244546,4,3411,1,33531000,1
55431.6589947,4,3412,23,33535000,-1
55442.0392011,4,3413,37,33538000,-1
55451.7266035,4,3414,9,33542000,-1
55455.2284487,4,3415,3,33539000,-1
55458.3836171,4,3416,3,33542000,-1
55475.0661412,4,3417,5,33539000,1
55483.1087405,4,3418,1,33536000,-1
55484.4465542,4,3419,4,33533000,1
55486.7775705,4,3420,16,33530000,1
55491.544581,4,3421,7,33525000,1
55493.7153826,4,3422,2,33522000,-1
55495.3482627,4,3423,14,33525000,-1
55496.7575084,4,3424,12,33528000,-1
55497.1727816,4,3425,6,33531000,-1
55497.1945768,4,3426,3,33534000,1
55507.2590131,4,3427,4,33531000,1
55513.2111846,4,3428,9,33526000,-1
55524.2915156,4,3429,33,33529000,1
55543.2719175,4,3430,29,33526000,1
55552.1066327,4,3431,1,33523000,1
55563.0079594,4,3432,1,33528000,-1
55576.3564167,4,3433,1,33523000,-1
55585.3594289,4,3434,2,33526000,-1
55590.5740967,4,3435,1,33523000,-1
55590.9422331,4,3436,32,33520000,1
55591.593859,4,3437,9,33517000,-1
55591.5939152,4,3438,2,33520000,-1
55593.0365715,4,3439,16,33517000,1
55593.0367817,4,3440,21,33514000,1
55593.0367951,4,3441,1,33511000,1
55594.8249408,4,3442,3,33515000,-1
55599.7922117,4,3443,6,33519000,-1
55599.9173525,4,3444,10,33522000,-1
55600.8200432,4,3445,4,33525000,-1
55613.9437315,4,3446,1,33522000,-1
55623.4400883,4,3447,10,33515000,1
55624.8007215,4,3448,1,33512000,1
55629.9360352,4,3449,11,33515000,1
55630.7155849,4,3450,54,33512000,-1
55643.6222624,4,3451,12,33509000,1
55645.8755514,4,3452,6,33506000,-1
55646.6602016,4,3453,5,33509000,-1
55647.6426691,4,3454,3,33513000,1
55658.1393825,4,3455,14,33510000,1
55670.4550333,4,3456,37,33507000,1
55675.9682486,4,3457,13,33504000,-1
55678.9333696,4,3458,7,33507000,-1
55680.0717338,4,3459,20,33510000,1
55681.4178329,4,3460,11,33507000,-1
55681.533905,4,3461,7,33510000,-1
55716.0479242,4,3462,17,33507000,-1
55722.5903008,4,3463,2,33510000,1
55733.9320148,4,3464,15,33507000,1
55734.0159853,4,3465,2,33504000,-1
55734.4863742,4,3466,5,33507000,-1
55741.4663818,4,3467,3,33510000,-1
55744.1688417,4,3468,3,33513000,-1
55747.3356906,4,3469,2,33516000,1
55765.8694649,4,3470,6,33519000,1
55776.2551427,4,3471,43,33524000,1
55789.1078653,4,3472,10,33519000,1
55796.9911139,4,3473,1,33516000,1
55803.0349475,4,3474,54,33520000,1
55812.2746277,4,3475,38,33517000,1
55817.828654,4,3476,3,33513000,1
55828.766682,4,3477,15,33517000,1
55829.7327327,4,3478,1,33514000,1
55839.841335,4,3479,1,33517000,1
55842.5094519,4,3480,10,33520000,1
55842.5413194,4,3481,1,33517000,1
55848.2528667,4,3482,15,33520000,1
55856.0551414,4,3483,14,33523000,-1
55857.5540041,4,3484,25,33526000,1
55859.8879384,4,3485,16,33523000,-1
55861.1006823,4,3486,27,33526000,-1
55864.7708789,4,3487,21,33529000,1
55868.6763053,4,3488,15,33533000,-1
55868.8937831,4,3489,17,33536000,1
55873.071171,4,3490,3,33533000,-1
55873.0740865,4,3491,19,33536000,-1
55873.075675,4,3492,1,33539000,-1
55876.340719,4,3493,11,33535000,1
55882.6706629,4,3494,1,33532000,1
55889.0773656,4,3495,22,33535000,-1
55895.3871377,4,3496,12,33538000,-1
55902.8213312,4,3497,19,33541000,1
55903.0689136,4,3498,22,33538000,1
55909.1334946,4,3499,41,33535000,1
55917.0957636,4,3500,5,33532000,-1
55921.3602828,4,3501,1,33535000,1
55923.7162735,4,3502,14,33538000,-1
55945.6397155,4,3503,20,33541000,1
55948.0880711,4,3504,13,33537000,1
55948.6589732,4,3505,5,33534000,1
55948.8971025,4,3506,48,33531000,1
55948.9526344,4,3507,5,33528000,1
55971.0544251,4,3508,48,33525000,1
55973.8983715,4,3509,13,33528000,-1
55977.6040822,4,3510,16,33532000,-1
55990.4213939,4,3511,61,33535000,1
55997.0695565,4,3512,22,33538000,1
55997.39738,4,3513,2,33534000,-1
55997.3974693,4,3514,1,33537000,-1
55999.0642105,4,3515,3,33532000,-1
56000.6816093,4,3516,12,33535000,1
56000.7735853,4,3517,1,33531000,1
56002.7110766,4,3518,3,33534000,-1
56009.5101654,4,3519,8,33537000,1
56009.7738444,4,3520,1,33534000,1
56010.35618,4,3521,6,33537000,-1
56011.0026149,4,3522,15,33533000,1
56011.7942123,4,3523,1,33530000,1
56015.1653368,4,3524,5,33533000,-1
56016.9370856,4,3525,6,33536000,-1
56025.1768803,4,3526,14,33539000,1
56028.4251138,4,3527,16,33536000,-1
56028.5033411,4,3528,7,33533000,1
56029.7855704,4,3529,7,33530000,1
56030.2426565,4,3530,1,33527000,-1
56034.8750447,4,3531,17,33530000,-1
56034.9932002,4,3532,10,33533000,-1
56036.0812927,4,3533,4,33536000,-1
56039.248771,4,3534,11,33540000,-1
56041.2630252,4,3535,16,33543000,-1
56041.2667594,4,3536,40,33546000,-1
56042.2366777,4,3537,15,33549000,1
56044.2556334,4,3538,24,33545000,-1
56047.9801101,4,3539,19,33541000,1
56048.9115329,4,3540,4,33538000,-1
56050.5549489,4,3541,1,33542000,-1
56051.4936029,4,3542,1,33539000,1
56051.6625982,4,3543,1,33542000,-1
56052.8648842,4,3544,9,33539000,-1
56055.6527094,4,3545,15,33542000,1
56055.7098219,4,3546,3,33539000,1
56055.9940294,4,3547,8,33536000,1
56056.9664793,4,3548,3,33533000,-1
56058.9127538,4,3549,23,33536000,1
56058.9333403,4,3550,1,33533000,1
56059.0629476,4,3551,1,33536000,-1
56059.4116652,4,3552,3,33533000,-1
56059.4117164,4,3553,1,33536000,-1
56060.6197803,4,3554,13,33533000,1
56061.6358423,4,3555,3,33530000,-1
56063.7638895,4,3556,9,33533000,1
56069.8206544,4,3557,1,33530000,1
56074.4211319,4,3558,8,33535000,1
56101.1253669,4,3559,1,33532000,-1
56116.5654483,4,3560,6,33529000,-1
56118.1247742,4,3561,7,33532000,-1
56122.9588954,4,3562,2,33536000,1
56134.4601434,4,3563,10,33533000,1
56134.6135087,4,3564,33,33530000,-1
56138.615172,4,3565,32,33526000,1
56147.0630715,4,3566,2,33523000,-1
56207.4460243,4,3567,21,33526000,-1
56208.0761652,4,3568,3,33529000,1
56218.0675398,4,3569,2,33525000,1
56226.5996838,4,3570,2,33528000,1
56230.0675097,4,3571,13,33525000,-1
56239.0586565,4,3572,7,33528000,-1
56242.7844426,4,3573,31,33531000,1
56250.7373671,4,3574,1,33528000,1
56260.7624376,4,3575,11,33531000,-1
56266.0496106,4,3576,3,33528000,-1
56270.1077937,4,3577,1,33531000,-1
56292.3652829,4,3578,8,33528000,1
56293.8713178,4,3579,5,33525000,1
56297.3923871,4,3580,8,33522000,1
56298.0365185,4,3581,1,33519000,1
56311.0830604,4,3582,4,33523000,1
56314.8133024,4,3583,2,33520000,-1
56315.6730292,4,3584,2,33523000,1
56322.657171,4,3585,8,33520000,-1
56330.067362,4,3586,7,33524000,1
56331.0936046,4,3587,3,33521000,-1
56333.60344,4,3588,4,33524000,-1
56334.3963588,4,3589,4,33527000,-1
56339.9917748,4,3590,19,33523000,1
56341.4706476,4,3591,6,33520000,-1
56348.1196803,4,3592,4,33523000,-1
56368.6031667,4,3593,16,33520000,1
56368.6254922,4,3594,1,33517000,-1
56384.4012499,4,3595,11,33520000,-1
56387.1267531,4,3596,4,33524000,-1
56387.2400467,4,3597,8,33527000,-1
56387.498169,4,3598,1,33530000,-1
56397.5109568,4,3599,12,33527000,-1
56411.7635549,4,3600,7,33530000,-1
56429.4183013,4,3601,26,33533000,1
56439.3314643,4,3602,12,33536000,1
56439.7152938,4,3603,22,33540000,1
56441.0800154,4,3604,9,33537000,1
56470.3514674,4,3605,11,33534000,1
56502.7594055,4,3606,17,33531000,1
56508.9888464,4,3607,8,33528000,1
56534.6722752,4,3608,3,33532000,1
56540.3816506,4,3609,1,33529000,-1
56549.0250484,4,3610,4,33532000,-1
56582.0506263,4,3611,12,33535000,1
56583.9569521,4,3612,1,33532000,1
56588.314314,4,3613,6,33535000,-1
56589.5901574,4,3614,1,33538000,-1
56624.91811,4,3615,14,33535000,-1
56672.4478343,4,3616,22,33538000,-1
56675.8996795,4,3617,1,33541000,-1
56703.261999,4,3618,2,33538000,-1
56707.770005,4,3619,2,33541000,-1
56714.607533,4,3620,19,33538000,1
56749.9854225,4,3621,5,33541000,-1
56750.5963361,4,3622,2,33545000,1
56792.3620113,4,3623,43,33542000,1
56797.128097,4,3624,2,33538000,-1
56802.8478748,4,3625,3,33541000,-1
56816.7627813,4,3626,8,33538000,1
56820.868566,4,3627,8,33535000,1
56844.0150346,4,3628,2,33532000,1
56886.6758559,4,3629,1,33526000,1
56892.8444169,4,3630,35,33530000,-1
56892.9051494,4,3631,21,33533000,-1
56892.9740691,4,3632,1,33536000,1
56897.0886301,4,3633,34,33533000,1
56897.1273428,4,3634,4,33530000,-1
56907.0141619,4,3635,1,33533000,-1
56926.3793996,4,3636,9,33529000,1
56931.194313,4,3637,23,33526000,1
56942.5201556,4,3638,32,33523000,1
56943.4334791,4,3639,3,33520000,1
56945.2329598,4,3640,12,33527000,-1
56945.4595342,4,3641,3,33530000,1
56947.6717259,4,3642,12,33527000,1
56956.430133,4,3643,3,33524000,-1
56966.3582288,4,3644,23,33527000,1
56975.3856283,4,3645,5,33524000,-1
56979.4751728,4,3646,10,33528000,-1
56981.9518499,4,3647,5,33531000,-1
56982.021088,4,3648,1,33534000,-1
56986.817277,4,3649,4,33531000,-1
56993.4733019,4,3650,4,33534000,-1
57000.8402887,4,3651,18,33537000,1
57005.7695906,4,3652,11,33534000,1
57011.0194967,4,3653,6,33531000,1
57024.1165872,4,3654,4,33527000,1
57043.4122046,4,3655,14,33524000,-1
57065.8957643,4,3656,12,33527000,-1
57114.3859577,4,3657,10,33524000,-1
57126.6946189,4,3658,11,33528000,-1
57156.5837719,4,3659,1,33531000,-1
57164.1740303,4,3660,2,33523000,1
57170.0591557,4,3661,1,33520000,1
57170.7548269,4,3662,9,33525000,-1
57170.7639071,4,3663,1,33528000,-1
57170.7902985,4,3664,2,33525000,1
57173.7749209,4,3665,14,33529000,1
57222.5721317,4,3666,19,33526000,1
57222.6366943,4,3667,246,33523000,1
57243.7973757,4,3668,14,33520000,1
57244.5113656,4,3669,12,33517000,1
57254.6467935,4,3670,1,33520000,-1
57275.1738525,4,3671,17,33517000,1
57275.176129,4,3672,22,33514000,1
57275.2516923,4,3673,6,33511000,1
57275.2756752,4,3674,3,33514000,1
57276.458591,4,3675,28,33511000,1
57281.1344424,4,3676,26,33508000,1
57283.9743572,4,3677,27,33505000,1
57284.0608397,4,3678,82,33502000,1
57284.0841608,4,3679,5,33499000,-1
57288.4229651,4,3680,22,33502000,1
57288.5227613,4,3681,41,33499000,-1
57288.6572277,4,3682,2,33502000,1
57289.8903446,4,3683,4,33499000,-1
57293.6441109,4,3684,66,33502000,-1
57299.3313616,4,3685,1,33506000,1
57302.095751,4,3686,1,33503000,1
57306.6987001,4,3687,4,33506000,1
57307.4842771,4,3688,17,33503000,1
57311.9367231,4,3689,6,33500000,-1
57314.008314,4,3690,20,33497000,1
57315.2404249,4,3691,27,33494000,-1
57317.1437121,4,3692,1,33497000,-1
57318.89237,4,3693,7,33494000,1
57320.0247049,4,3694,15,33498000,1
57320.3725432,4,3695,25,33495000,1
57320.3744789,4,3696,28,33492000,1
57320.4931313,4,3697,36,33489000,-1
57320.5463772,4,3698,12,33492000,-1
57320.6713254,4,3699,8,33495000,1
57322.2530472,4,3700,9,33492000,1
57322.7230701,4,3701,1,33489000,1
57322.7618106,4,3702,17,33492000,-1
57323.8066183,4,3703,1,33495000,-1
57325.2680123,4,3704,13,33492000,1
57325.4140579,4,3705,2,33495000,-1
57326.1221432,4,3706,3,33498000,1
57326.122257,4,3707,11,33495000,1
57326.1226875,4,3708,1,33492000,1
57326.316432,4,3709,1,33496000,-1
57326.4196415,4,3710,1,33493000,1
57328.2574316,4,3711,6,33496000,1
57328.2576011,4,3712,9,33493000,1
57328.2581133,4,3713,1,33490000,1
57330.9975769,4,3714,6,33494000,-1
57332.2890129,4,3715,11,33497000,1
57332.6094006,4,3716,8,33494000,1
57333.214356,4,3717,8,33491000,1
57333.7311342,4,3718,7,33494000,-1
57334.3373497,4,3719,11,33497000,1
57335.1448206,4,3720,13,33494000,1
57335.1457737,4,3721,1,33491000,1
57337.3890729,4,3722,13,33497000,-1
57337.503902,4,3723,26,33500000,1
57338.8392868,4,3724,5,33497000,-1
57339.9995499,4,3725,18,33501000,1
57340.0469103,4,3726,1,33498000,1
57341.9210363,4,3727,11,33503000,1
57341.9211144,4,3728,11,33500000,1
57341.922831,4,3729,1,33497000,1
57341.966595,4,3730,1,33500000,-1
57341.9946947,4,3731,12,33497000,1
57341.9947177,4,3732,1,33494000,1
57343.0439063,4,3733,5,33498000,1
57344.5886718,4,3734,2,33501000,-1
57346.58141,4,3735,22,33504000,-1
57349.2504481,4,3736,10,33507000,-1
57350.1721519,4,3737,19,33504000,-1
57350.6744244,4,3738,5,33508000,1
57353.601505,4,3739,3,33505000,-1
57360.3832504,4,3740,6,33502000,1
57360.3832792,4,3741,1,33499000,1
57369.8549843,4,3742,11,33502000,-1
57370.3611272,4,3743,3,33505000,-1
57372.5138091,4,3744,9,33502000,-1
57376.7059328,4,3745,1,33505000,-1
57376.932019,4,3746,4,33501000,1
57386.3523633,4,3747,27,33498000,1
57386.7628103,4,3748,6,33495000,1
57392.1099088,4,3749,8,33492000,-1
57393.4722116,4,3750,5,33495000,-1
57395.7841689,4,3751,9,33490000,-1
57395.838173,4,3752,6,33493000,-1
57397.0044002,4,3753,6,33496000,1
57397.2527711,4,3754,1,33492000,1
57398.0651086,4,3755,3,33495000,-1
57417.6871009,4,3756,22,33498000,-1
57422.0484328,4,3757,9,33501000,-1
57424.3421895,4,3758,4,33504000,1
57432.6342105,4,3759,1,33501000,1
57439.8714297,4,3760,9,33505000,-1
57441.4268245,4,3761,3,33509000,1
57445.4247747,4,3762,1,33514000,-1
57451.0232751,4,3763,4,33511000,-1
57455.3664727,4,3764,6,33514000,-1
57457.2400241,4,3765,3,33517000,-1
57461.6956999,4,3766,7,33514000,-1
57461.7693888,4,3767,1,33517000,1
57469.7180868,4,3768,2,33521000,-1
57470.957318,4,3769,1,33524000,-1
57473.5371556,4,3770,4,33521000,1
57482.7680145,4,3771,13,33518000,1
57482.8846825,4,3772,3,33515000,1
57485.3733849,4,3773,4,33512000,1
57495.7401096,4,3774,3,33515000,1
57505.6162833,4,3775,1,33511000,1
57537.2359263,4,3776,10,33514000,1
57542.1943874,4,3777,1,33510000,1
57544.6684791,4,3778,5,33513000,-1
57546.1401485,4,3779,2,33516000,1
57553.7904296,4,3780,1,33513000,1
57561.1423251,4,3781,17,33518000,-1
57561.1423696,4,3782,1,33521000,-1
57597.3838427,4,3783,4,33517000,1
57604.963236,4,3784,6,33522000,1
57605.0850531,4,3785,10,33519000,1
57605.138289,4,3786,2,33516000,-1
57605.2041886,4,3787,1,33519000,-1
57606.0344617,4,3788,1,33515000,1
57615.4974539,4,3789,6,33518000,-1
57628.1176092,4,3790,2,33521000,-1
57637.0863685,4,3791,6,33518000,-1
57637.1000398,4,3792,12,33521000,-1
57637.6321546,4,3793,3,33524000,-1
57641.5428236,4,3794,5,33520000,-1
57651.0110177,4,3795,7,33523000,-1
57651.7614456,4,3796,17,33526000,-1
57651.7614547,4,3797,1,33529000,-1
57657.664506,4,3798,10,33526000,1
57657.7699904,4,3799,1,33523000,1
57661.8652382,4,3800,5,33526000,-1
57665.8160825,4,3801,13,33529000,-1
57685.6142414,4,3802,8,33532000,-1
57691.5119329,4,3803,15,33535000,1
57696.1468436,4,3804,1,33532000,1
57704.349726,4,3805,9,33535000,-1
57721.7948559,4,3806,9,33538000,-1
57728.1630902,4,3807,9,33534000,-1
57781.0190596,4,3808,4,33537000,-1
57795.1470846,4,3809,10,33533000,1
57795.2996266,4,3810,23,33530000,1
57802.5040052,4,3811,2,33527000,-1
57813.6621457,4,3812,31,33530000,-1
57828.8994166,4,3813,1,33524000,-1
57845.7934349,4,3814,5,33521000,1
57865.1474499,4,3815,12,33524000,1
57880.2530942,4,3816,2,33521000,1
57898.3549593,4,3817,8,33518000,-1
57929.4111152,4,3818,3,33522000,1
57937.7838529,4,3819,7,33519000,-1
57939.1334919,4,3820,3,33522000,1
57976.1452412,4,3821,1,33519000,1
58035.561204,4,3822,3,33522000,1
58103.2275557,4,3823,3,33525000,1
58120.8903459,4,3824,5,33521000,-1
58145.4087819,4,3825,31,33524000,-1
58163.0891258,4,3826,5,33527000,1
58196.1203004,4,3827,48,33531000,1
58244.7634235,4,3828,15,33528000,1
58257.2191962,4,3829,7,33525000,-1
58274.2996162,4,3830,6,33528000,-1
58278.0835973,4,3831,9,33531000,1
58278.1090723,4,3832,1,33528000,1
58288.9679222,4,3833,2,33525000,1
58315.0520056,4,3834,14,33528000,1
58315.1465295,4,3835,4,33525000,-1
58357.4485663,4,3836,26,33528000,-1
58377.8912313,4,3837,1,33525000,1
58381.3909521,4,3838,9,33521000,1
58384.6765261,4,3839,1,33518000,1
58389.4791481,4,3840,4,33521000,-1
58389.8885344,4,3841,1,33524000,-1
58396.0580926,4,3842,3,33521000,-1
58440.2788382,4,3843,16,33524000,-1
58440.3394272,4,3844,2,33527000,-1
58465.8647485,4,3845,12,33531000,-1
58516.8599482,4,3846,18,33534000,1
58533.2261503,4,3847,8,33537000,-1
58553.6088718,4,3848,8,33540000,-1
58572.8191094,4,3849,24,33543000,-1
58605.0631283,4,3850,10,33540000,-1
58619.0765138,4,3851,10,33543000,-1
58631.6615333,4,3852,10,33540000,1
58670.8390995,4,3853,7,33537000,1
58679.6411401,4,3854,9,33534000,1
58683.9406978,4,3855,5,33537000,-1
58693.786614,4,3856,6,33540000,1
58720.9450218,4,3857,10,33537000,1
58725.5477115,4,3858,11,33534000,1
58763.2060035,4,3859,29,33531000,-1
58850.0660646,4,3860,23,33534000,1
58854.0940301,4,3861,15,33531000,1
58876.5462772,4,3862,9,33528000,1
58890.3031478,4,3863,16,33525000,1
58899.2343943,4,3864,9,33522000,1
58902.4605433,4,3865,17,33519000,1
58905.2822646,4,3866,3,33516000,-1
58916.066307,4,3867,5,33519000,1
58936.263815,4,3868,52,33516000,1
58937.1390367,4,3869,3,33512000,-1
58942.5131914,4,3870,2,33515000,1
58969.3183259,4,3871,27,33512000,1
58985.160979,4,3872,1,33509000,1
58992.7882199,4,3873,7,33513000,-1
58998.4059221,4,3874,1,33516000,-1
59013.1263803,4,3875,5,33513000,-1
59013.127779,4,3876,27,33516000,-1
59013.2609175,4,3877,4,33519000,-1
59065.9606663,4,3878,9,33516000,1
59069.0703729,4,3879,6,33513000,1
59072.5347946,4,3880,16,33510000,1
59101.584756,4,3881,3,33507000,-1
59107.4773173,4,3882,8,33504000,-1
59123.935422,4,3883,9,33507000,1
59212.5850175,4,3884,40,33504000,1
59221.5492916,4,3885,1,33501000,1
59228.7171142,4,3886,10,33504000,-1
59242.1527223,4,3887,2,33500000,1
59292.1077554,4,3888,12,33503000,-1
59316.3487053,4,3889,9,33507000,-1
59418.5614113,4,3890,17,33504000,1
59440.7600251,4,3891,13,33507000,1
59451.8081092,4,3892,2,33502000,1
59457.1018998,4,3893,11,33499000,1
59457.4697421,4,3894,5,33496000,-1
59460.9850448,4,3895,4,33499000,-1
59462.826157,4,3896,1,33502000,-1
59484.1825913,4,3897,14,33499000,-1
59486.7145746,4,3898,35,33502000,-1
59486.9184468,4,3899,14,33505000,-1
59488.9878275,4,3900,12,33508000,-1
59494.990852,4,3901,11,33511000,-1
59511.1548149,4,3902,14,33514000,1
59515.1305315,4,3903,1,33511000,1
59518.0708861,4,3904,3,33515000,1
59530.8413039,4,3905,9,33512000,-1
59540.1493179,4,3906,8,33515000,-1
59586.4856704,4,3907,7,33518000,-1
59597.5785732,4,3908,4,33521000,-1
59608.4568572,4,3909,16,33524000,1
59630.6872213,4,3910,1,33527000,1
59662.8928009,4,3911,3,33530000,-1
59673.7558328,4,3912,21,33533000,-1
59692.5241865,4,3913,13,33536000,1
59702.1616437,4,3914,21,33539000,-1
59702.1906802,4,3915,40,33542000,-1
59702.2786613,4,3916,71,33545000,1
59703.0452158,4,3917,11,33542000,1
59706.9513291,4,3918,7,33539000,1
59708.5551128,4,3919,2,33536000,-1
59728.5590958,4,3920,3,33539000,-1
59731.2636652,4,3921,10,33542000,1
59732.9805099,4,3922,1,33545000,-1
59750.0544022,4,3923,7,33540000,1
59780.3004636,4,3924,10,33537000,-1
59781.4274101,4,3925,11,33540000,-1
59783.7597214,4,3926,4,33543000,1
59784.6680722,4,3927,1,33540000,1
59799.1152386,4,3928,8,33543000,1
59800.4091941,4,3929,1,33540000,1
59816.3545379,4,3930,3,33543000,1
59820.3553544,4,3931,1,33540000,-1
59847.0541804,4,3932,9,33544000,-1
59852.0442249,4,3933,14,33547000,1
59880.1222609,4,3934,36,33544000,-1
59899.1046352,4,3935,4,33540000,-1
59942.2582951,4,3936,28,33544000,-1
59954.9509911,4,3937,7,33547000,1
59961.1384698,4,3938,16,33550000,-1
59965.6570272,4,3939,3,33553000,1
59998.8369355,4,3940,26,33550000,-1
60000.8418825,4,3941,24,33553000,-1
60006.1360056,4,3942,43,33556000,1
60006.4786528,4,3943,26,33553000,1
60006.7454065,4,3944,13,33550000,1
60007.9945148,4,3945,23,33547000,1
60008.0751688,4,3946,2,33544000,1
60009.4022527,4,3947,8,33547000,-1
60010.4246684,4,3948,5,33550000,1
60013.7176626,4,3949,6,33547000,1
60014.5505392,4,3950,6,33550000,1
60015.6225157,4,3951,4,33547000,-1
60015.9224045,4,3952,2,33550000,1
60016.3931403,4,3953,4,33546000,-1
60027.1826633,4,3954,36,33549000,1
60034.9555753,4,3955,30,33552000,1
60035.0971213,4,3956,6,33549000,1
60036.1773161,4,3957,18,33546000,1
60036.4240618,4,3958,5,33543000,1
60038.7931371,4,3959,4,33540000,1
60044.1432788,4,3960,3,33543000,1
60047.5535771,4,3961,3,33546000,-1
60050.9189304,4,3962,4,33549000,-1
60102.9834728,4,3963,3,33546000,-1
60105.7282364,4,3964,3,33549000,1
60114.1192898,4,3965,1,33546000,1
60124.1095928,4,3966,1,33549000,1
60131.1420644,4,3967,6,33552000,-1
60134.6370476,4,3968,6,33555000,-1
60138.8206695,4,3969,1,33558000,-1
60142.6168227,4,3970,3,33553000,1
60148.4908617,4,3971,6,33550000,1
60166.0191115,4,3972,15,33553000,1
60212.5436802,4,3973,7,33550000,-1
60216.6394846,4,3974,15,33555000,-1
60222.7181959,4,3975,4,33558000,-1
60238.6535276,4,3976,3,33554000,1
60266.0689479,4,3977,35,33551000,1
60271.5168766,4,3978,13,33548000,1
60276.3569709,4,3979,11,33545000,1
60297.8339689,4,3980,9,33549000,1
60300.1702634,4,3981,12,33552000,-1
60307.0632001,4,3982,6,33555000,1
60320.874817,4,3983,15,33552000,1
60321.0115797,4,3984,17,33555000,1
60325.3821135,4,3985,8,33552000,1
60340.8810915,4,3986,1,33549000,1
60404.0002548,4,3987,8,33554000,1
60416.8964446,4,3988,3,33551000,1
60417.6912749,4,3989,6,33548000,1
60417.790406,4,3990,3,33545000,1
60446.2766014,4,3991,4,33548000,-1
60449.9815183,4,3992,3,33545000,-1
60523.7782625,4,3993,1,33548000,-1
60530.1675622,4,3994,4,33544000,-1
60530.2901205,4,3995,8,33548000,-1
60541.5779048,4,3996,1,33551000,-1
60570.9447768,4,3997,5,33548000,-1
60629.3127726,4,3998,16,33551000,1
60654.5406316,4,3999,3,33548000,1
60657.9662749,4,4000,30,33545000,1
60662.2464808,4,4001,6,33542000,1
60663.5783701,4,4002,10,33539000,1
60702.8797071,4,4003,3,33536000,1
60723.1744323,4,4004,7,33533000,1
60730.8206602,4,4005,6,33530000,-1
60731.8373599,4,4006,5,33533000,1
60735.0281948,4,4007,9,33530000,-1
60736.5111356,4,4008,3,33533000,-1
60746.3477444,4,4009,1,33536000,1
60759.1232027,4,4010,7,33539000,-1
60761.5318053,4,4011,2,33542000,1
60767.5647035,4,4012,5,33539000,1
60828.011151,4,4013,1,33536000,-1
60851.1551934,4,4014,2,33533000,1
60861.7272972,4,4015,24,33530000,-1
60875.9839836,4,4016,18,33533000,1
60903.042696,4,4017,29,33530000,-1
60947.6891023,4,4018,41,33527000,-1
60959.583528,4,4019,36,33524000,-1
60960.571921,4,4020,5,33527000,-1
60960.6333789,4,4021,28,33530000,-1
60961.5902765,4,4022,10,33533000,1
60984.0597783,4,4023,4,33536000,1
60999.1149347,4,4024,3,33533000,1
61009.0147883,4,4025,8,33530000,-1
61009.0174919,4,4026,20,33533000,-1
61020.3595716,4,4027,4,33536000,1
61021.3533534,4,4028,1,33539000,1
61026.3020763,4,4029,6,33542000,1
61028.4182971,4,4030,3,33539000,-1
61028.4764302,4,4031,20,33542000,1
61049.2084824,4,4032,14,33539000,-1
61081.7226847,4,4033,1,33536000,1
61146.7025426,4,4034,11,33541000,1
61193.3593256,4,4035,5,33537000,-1
61218.2438263,4,4036,7,33540000,1
61237.6784167,4,4037,12,33537000,1
61242.7246442,4,4038,4,33534000,1
61257.027492,4,4039,1,33531000,-1
61262.2060888,4,4040,9,33526000,1
61279.3104996,4,4041,15,33523000,1
61283.6939502,4,4042,15,33520000,-1
61284.3429072,4,4043,10,33523000,-1
61285.0353581,4,4044,1,33526000,-1
61302.566629,4,4045,11,33523000,-1
61303.9124724,4,4046,6,33526000,1
61308.2352579,4,4047,6,33523000,-1
61308.7881801,4,4048,14,33526000,-1
61311.6010728,4,4049,15,33529000,-1
61313.2977686,4,4050,9,33532000,-1
61344.3269193,4,4051,14,33535000,-1
61353.7720251,4,4052,27,33538000,1
61371.5472758,4,4053,1,33541000,1
61374.5802157,4,4054,5,33544000,1
61392.7786759,4,4055,8,33541000,1
61394.1414748,4,4056,3,33538000,-1
61397.8743376,4,4057,3,33541000,1
61444.8746655,4,4058,6,33537000,1
61463.1201668,4,4059,1,33541000,-1
61471.5807957,4,4060,3,33544000,1
61487.1287489,4,4061,1,33541000,1
61491.4156463,4,4062,3,33544000,1
61537.6296381,4,4063,4,33541000,1
61556.075729,4,4064,3,33538000,-1
61563.3159545,4,4065,4,33541000,1
61589.9863547,4,4066,4,33538000,1
61594.3467727,4,4067,4,33535000,1
61602.9372954,4,4068,7,33532000,-1
61602.9373073,4,4069,1,33535000,-1
61737.0585426,4,4070,14,33532000,1
61738.2036077,4,4071,12,33529000,1
61772.1162752,4,4072,19,33525000,1
61780.3502561,4,4073,13,33522000,1
61786.3389445,4,4074,16,33519000,1
61786.3439562,4,4075,26,33516000,1
61786.3439807,4,4076,1,33513000,1
61793.0940914,4,4077,1,33517000,1
61812.0848367,4,4078,10,33521000,1
61813.5431224,4,4079,1,33518000,1
61828.0518793,4,4080,7,33521000,-1
61849.8626263,4,4081,9,33518000,1
61856.3995741,4,4082,7,33515000,-1
61858.3975919,4,4083,1,33518000,-1
61882.1411653,4,4084,10,33521000,1
61902.7150857,4,4085,1,33518000,1
61930.011807,4,4086,1,33522000,-1
62000.6034836,4,4087,46,33517000,-1
62022.6119787,4,4088,3,33514000,-1
62035.0708494,4,4089,10,33517000,-1
62073.9160073,4,4090,6,33520000,1
62099.5867613,4,4091,48,33517000,1
62129.6668238,4,4092,4,33523000,-1
62140.501514,4,4093,14,33520000,1
62143.9283343,4,4094,11,33517000,1
62155.6363613,4,4095,2,33514000,1
62157.1895598,4,4096,20,33511000,1
62161.276322,4,4097,9,33508000,1
62169.0977354,4,4098,6,33505000,-1
62188.9210486,4,4099,38,33502000,-1
62209.5758759,4,4100,4,33505000,1
62222.2322773,4,4101,2,33502000,1
62250.9819109,4,4102,5,33505000,1
62252.1836537,4,4103,3,33502000,-1
62263.0588468,4,4104,21,33505000,-1
62263.876307,4,4105,2,33509000,1
62270.082099,4,4106,32,33506000,1
62271.1952341,4,4107,8,33502000,-1
62273.394998,4,4108,29,33505000,-1
62277.7638227,4,4109,51,33508000,-1
62279.8543526,4,4110,1,33511000,-1
62285.9438909,4,4111,9,33501000,1
62287.8254075,4,4112,14,33498000,1
62295.5740738,4,4113,4,33495000,-1
62306.072937,4,4114,10,33499000,-1
62306.676831,4,4115,1,33502000,-1
62334.9010994,4,4116,8,33499000,1
62340.1144523,4,4117,2,33496000,1
62344.1415434,4,4118,2,33493000,-1
62344.4594025,4,4119,2,33496000,1
62356.5997582,4,4120,1,33493000,1
62416.1018422,4,4121,23,33497000,-1
62417.5762997,4,4122,12,33500000,1
62426.7684601,4,4123,1,33497000,1
62434.4193308,4,4124,2,33493000,-1
62440.4390699,4,4125,17,33496000,-1
62440.4970735,4,4126,3,33499000,1
62444.4537227,4,4127,20,33496000,1
62461.0467845,4,4128,6,33500000,-1
62467.7900843,4,4129,1,33497000,1
62524.799362,4,4130,31,33500000,1
62545.1954109,4,4131,12,33497000,1
62548.8020972,4,4132,1,33494000,1
62578.1221976,4,4133,13,33497000,-1
62609.9828584,4,4134,17,33500000,-1
62616.7026267,4,4135,3,33503000,-1
62623.4184437,4,4136,11,33506000,-1
62630.3630318,4,4137,14,33510000,-1
62635.0331965,4,4138,4,33505000,1
62637.8048721,4,4139,3,33502000,-1
62640.1733209,4,4140,4,33506000,-1
62641.8122381,4,4141,2,33509000,1
62652.0467517,4,4142,12,33506000,1
62659.4243274,4,4143,5,33503000,1
62667.0719442,4,4144,4,33500000,1
62701.1452394,4,4145,29,33497000,1
62705.0580541,4,4146,3,33500000,1
62713.0752772,4,4147,1,33497000,1
62720.0722119,4,4148,2,33500000,-1
62725.6893274,4,4149,5,33503000,1
62725.6893754,4,4150,1,33500000,1
62730.0705877,4,4151,3,33503000,1
62731.342963,4,4152,7,33500000,-1
62731.5875203,4,4153,1,33503000,-1
62759.889003,4,4154,13,33500000,-1
62762.7342012,4,4155,8,33504000,-1
62787.012811,4,4156,1,33501000,-1
62797.3268179,4,4157,4,33497000,-1
62820.5487782,4,4158,10,33500000,-1
62827.3942337,4,4159,18,33503000,-1
62829.0359374,4,4160,12,33500000,-1
62829.0895157,4,4161,8,33503000,-1
62860.1362272,4,4162,6,33498000,1
62887.8989424,4,4163,32,33501000,1
62889.8438532,4,4164,23,33498000,1
62899.4393862,4,4165,35,33495000,1
62907.0851115,4,4166,7,33492000,-1
62914.6376648,4,4167,54,33495000,1
62917.2873742,4,4168,3,33492000,-1
62921.5094786,4,4169,9,33495000,-1
62945.5585317,4,4170,19,33498000,1
62952.6980731,4,4171,25,33495000,-1
62955.5940286,4,4172,14,33498000,-1
62957.1783328,4,4173,7,33502000,1
62961.774775,4,4174,38,33499000,1
62970.9673143,4,4175,34,33496000,-1
62976.1048227,4,4176,54,33499000,1
62983.6144593,4,4177,17,33496000,1
63000.0418546,4,4178,78,33499000,-1
63000.045381,4,4179,35,33502000,-1
63000.2609036,4,4180,2,33505000,-1
63001.6899602,4,4181,34,33508000,-1
63003.1729212,4,4182,9,33511000,1
63010.5927248,4,4183,10,33508000,1
63020.5589717,4,4184,1,33504000,-1
63021.7115927,4,4185,26,33501000,1
63033.54049,4,4186,6,33498000,-1
63034.767666,4,4187,11,33501000,1
63042.4116192,4,4188,33,33498000,-1
63056.9161258,4,4189,30,33501000,1
63076.9597451,4,4190,23,33498000,-1
63100.9286898,4,4191,49,33501000,-1
63100.9640056,4,4192,8,33504000,-1
63102.9278955,4,4193,5,33507000,1
63116.9899478,4,4194,3,33504000,-1
63149.7391576,4,4195,9,33508000,-1
63168.7993049,4,4196,2,33512000,-1
63179.2380097,4,4197,91,33509000,-1
63180.0788054,4,4198,2,33512000,-1
63208.0727748,4,4199,9,33502000,1
63238.1281935,4,4200,1,33499000,1
63245.2666195,4,4201,1,33502000,-1
63260.9806167,4,4202,3,33498000,-1
63277.5487189,4,4203,6,33501000,1
63312.7378508,4,4204,7,33498000,-1
63357.2692376,4,4205,9,33501000,-1
63391.140031,4,4206,10,33504000,1
63393.4458566,4,4207,11,33501000,1
63415.5982912,4,4208,14,33498000,1
63483.8703983,4,4209,10,33495000,1
63500.1311105,4,4210,6,33498000,-1
63509.0584935,4,4211,3,33502000,-1
63515.3236766,4,4212,1,33505000,1
63597.3248434,4,4213,11,33501000,1
63600.7043597,4,4214,5,33498000,-1
63643.3887216,4,4215,28,33501000,-1
63651.5637197,4,4216,7,33504000,-1
63673.2254288,4,4217,4,33508000,1
63741.8140309,4,4218,53,33505000,1
63750.6402108,4,4219,8,33502000,1
63763.435832,4,4220,6,33499000,1
63843.9431404,4,4221,1,33503000,1
63860.1322279,4,4222,9,33507000,-1
63911.0878978,4,4223,21,33510000,-1
63917.6149093,4,4224,1,33513000,-1
63952.4766377,4,4225,8,33509000,1
63990.0973726,4,4226,1,33506000,1
64068.2431999,4,4227,1,33510000,1
64072.2744797,4,4228,16,33514000,-1
64082.5453786,4,4229,10,33517000,-1
64086.3625528,4,4230,3,33514000,1
64099.5439427,4,4231,9,33517000,1
64143.5052172,4,4232,14,33514000,1
64174.8784011,4,4233,2,33517000,-1
64235.2722423,4,4234,30,33520000,1
64235.2722475,4,4235,1,33517000,1
64288.0923357,4,4236,7,33520000,-1
64323.9954084,4,4237,11,33523000,-1
64360.3711226,4,4238,5,33526000,-1
64363.7091057,4,4239,2,33529000,1
64363.7119533,4,4240,21,33526000,1
64381.3396385,4,4241,4,33523000,1
64400.0589495,4,4242,3,33526000,-1
64414.7213985,4,4243,15,33529000,-1
64445.9289716,4,4244,10,33532000,1
64457.4413477,4,4245,1,33529000,-1
64496.8343849,4,4246,3,33526000,1
64538.1805319,4,4247,2,33522000,1
64630.9520016,4,4248,14,33525000,1
64639.8257455,4,4249,7,33522000,1
64666.0594711,4,4250,10,33519000,1
64719.0667812,4,4251,29,33516000,-1
64721.5110213,4,4252,1,33520000,-1
64752.3632396,4,4253,6,33517000,-1
64813.4116454,4,4254,1,33520000,-1
64817.8458714,4,4255,2,33517000,1
64848.7250156,4,4256,2,33514000,-1
64870.9829054,4,4257,1,33517000,-1
64880.8310615,4,4258,3,33513000,-1
64925.0483671,4,4259,1,33516000,1
65026.9174875,4,4260,14,33513000,-1
65040.9012536,4,4261,8,33517000,-1
65042.0338365,4,4262,1,33520000,-1
65070.6183949,4,4263,6,33517000,-1
65164.48742,4,4264,8,33521000,-1
65215.8259448,4,4265,2,33517000,1
65225.0422406,4,4266,11,33514000,1
65236.4882842,4,4267,17,33511000,1
65249.5447738,4,4268,21,33508000,-1
65249.7439844,4,4269,1,33511000,-1
65310.9019397,4,4270,8,33507000,-1
65330.0037918,4,4271,4,33510000,-1
65403.1775982,4,4272,25,33513000,-1
65430.7358646,4,4273,1,33516000,-1
65437.2332224,4,4274,1,33512000,1
65461.2194985,4,4275,4,33509000,-1
65482.6235772,4,4276,10,33505000,1
65501.2165411,4,4277,7,33502000,1
65623.2198449,4,4278,12,33499000,-1
65697.1639648,4,4279,35,33502000,-1
65712.7410544,4,4280,13,33505000,-1
65724.4100932,4,4281,5,33508000,-1
65852.1934784,4,4282,9,33505000,1
65864.2490463,4,4283,1,33502000,1
65906.0884868,4,4284,15,33506000,-1
65907.9213596,4,4285,1,33509000,-1
65949.0576519,4,4286,9,33506000,1
65964.4942846,4,4287,1,33502000,-1
65983.9522344,4,4288,2,33505000,1
66004.9744004,4,4289,11,33502000,-1
66013.4703581,4,4290,11,33505000,-1
66029.6763756,4,4291,15,33508000,1
66049.6948283,4,4292,1,33505000,-1
66071.8385263,4,4293,1,33502000,1
66075.9414847,4,4294,2,33505000,1
66106.6480864,4,4295,3,33502000,-1
66150.2805828,4,4296,1,33505000,-1
66197.0486379,4,4297,25,33501000,-1
66267.4675603,4,4298,5,33504000,1
66286.4436097,4,4299,3,33507000,-1
66330.5688606,4,4300,6,33510000,1
66541.2280987,4,4301,11,33507000,1
66541.2516305,4,4302,1,33504000,1
66542.5498313,4,4303,1,33507000,-1
66594.8892324,4,4304,11,33504000,1
66631.07042,4,4305,33,33501000,1
66645.5131035,4,4306,13,33498000,-1
66652.3245938,4,4307,3,33501000,-1
66662.4821681,4,4308,4,33498000,-1
66669.6305908,4,4309,54,33501000,1
66719.821461,4,4310,19,33498000,-1
66787.4750324,4,4311,5,33501000,-1
66820.6307244,4,4312,5,33506000,1
66824.5844233,4,4313,31,33510000,-1
66841.2295158,4,4314,1,33513000,-1
66862.8944022,4,4315,9,33509000,1
66900.6417975,4,4316,18,33506000,1
66968.5457008,4,4317,28,33503000,1
67020.4625196,4,4318,5,33500000,1
67044.877958,4,4319,8,33497000,-1
67054.4929693,4,4320,7,33500000,-1
67108.1115797,4,4321,25,33503000,-1
67156.4684646,4,4322,25,33500000,-1
67184.9177917,4,4323,14,33503000,-1
67207.4049797,4,4324,1,33506000,-1
67243.2670423,4,4325,11,33503000,-1
67253.783811,4,4326,10,33500000,1
67366.8036902,4,4327,3,33497000,-1
67390.0910953,4,4328,17,33500000,1
67398.072447,4,4329,10,33497000,1
67452.8212823,4,4330,6,33500000,1
67523.2443828,4,4331,11,33503000,-1
67550.0543191,4,4332,9,33500000,-1
67621.1832777,4,4333,30,33497000,1
67626.1531579,4,4334,13,33494000,1
67690.9041385,4,4335,52,33491000,-1
67727.4201594,4,4336,12,33494000,-1
67729.6763668,4,4337,1,33497000,-1
67781.6160441,4,4338,9,33494000,1
67888.7822201,4,4339,17,33498000,-1
67914.0182054,4,4340,17,33501000,-1
67925.2381613,4,4341,44,33504000,-1
67934.7107183,4,4342,1,33507000,-1
68212.1636878,4,4343,42,33504000,1
68247.1010643,4,4344,18,33501000,1
68249.8494578,4,4345,10,33498000,1
68251.0676036,4,4346,18,33495000,1
68358.9058931,4,4347,35,33492000,-1
68384.4152895,4,4348,7,33495000,-1
68398.8803422,4,4349,10,33498000,-1
68402.9752104,4,4350,1,33502000,-1
68409.4622937,4,4351,10,33498000,1
68412.8288684,4,4352,3,33495000,1
68428.7322814,4,4353,3,33492000,1
68446.2339604,4,4354,1,33489000,1
68460.150774,4,4355,7,33492000,1
68460.1951171,4,4356,4,33489000,-1
68470.5987437,4,4357,11,33492000,-1
68472.5038979,4,4358,7,33488000,-1
68515.2408234,4,4359,33,33491000,1
68536.162833,4,4360,5,33494000,1
68686.1935304,4,4361,9,33491000,-1
68743.3100021,4,4362,22,33488000,-1
68749.485782,4,4363,1,33491000,-1
68866.0172238,4,4364,15,33488000,-1
68927.1282947,4,4365,37,33491000,-1
68945.2434032,4,4366,70,33494000,-1
68956.5133266,4,4367,8,33497000,-1
68968.6353969,4,4368,30,33500000,-1
68977.2283849,4,4369,9,33503000,-1
68992.692863,4,4370,1,33506000,1
69025.0135462,4,4371,11,33509000,-1
69030.0155943,4,4372,1,33506000,1
69037.2139969,4,4373,24,33509000,1
69076.7813627,4,4374,7,33506000,1
69086.1963916,4,4375,1,33503000,-1
69123.3854738,4,4376,1,33506000,1
69143.7651013,4,4377,22,33509000,-1
69147.5282596,4,4378,7,33512000,-1
69152.8589655,4,4379,11,33515000,-1
69156.462257,4,4380,1,33518000,-1
69210.4999552,4,4381,13,33515000,1
69251.9094722,4,4382,38,33518000,1
69286.4327586,4,4383,10,33515000,1
69308.5031061,4,4384,6,33512000,-1
69326.6704157,4,4385,3,33515000,-1
69336.4802575,4,4386,1,33512000,1
69419.5268463,4,4387,3,33515000,1
69460.8386551,4,4388,16,33518000,1
69464.7627683,4,4389,3,33515000,-1
69474.9564096,4,4390,21,33518000,1
69474.9885469,4,4391,18,33515000,-1
69586.2974328,4,4392,3,33518000,-1
69587.4435944,4,4393,4,33521000,1
69601.5534679,4,4394,5,33518000,-1
69601.5535587,4,4395,5,33521000,-1
69618.1724919,4,4396,6,33518000,1
69639.5940715,4,4397,3,33515000,-1
69659.259106,4,4398,1,33512000,-1
69706.560411,4,4399,5,33509000,1
69738.3750349,4,4400,1,33512000,-1
69809.9256218,4,4401,16,33509000,-1
69858.0867119,4,4402,6,33512000,-1
69991.0742749,4,4403,10,33509000,1
69999.9511699,4,4404,17,33506000,1
70036.055708,4,4405,31,33503000,1
70039.6243853,4,4406,2,33499000,1
70054.7329377,4,4407,12,33495000,-1
70078.0880783,4,4408,4,33500000,1
70110.2151867,4,4409,13,33503000,-1
70118.0378596,4,4410,2,33508000,1
70122.7484273,4,4411,20,33505000,-1
70134.3790655,4,4412,4,33502000,-1
70158.2359066,4,4413,11,33505000,-1
70258.6251601,4,4414,12,33502000,-1
70263.7138551,4,4415,7,33505000,-1
70280.1291549,4,4416,4,33508000,1
70445.8051072,4,4417,34,33505000,1
70453.3439587,4,4418,1,33502000,1
70465.248133,4,4419,3,33507000,1
70560.2809385,4,4420,27,33504000,1
70596.5921555,4,4421,14,33501000,-1
70599.6084887,4,4422,6,33498000,1
70606.8426321,4,4423,4,33495000,-1
70615.0426822,4,4424,9,33499000,1
70619.7303741,4,4425,6,33502000,-1
70651.5113858,4,4426,4,33505000,-1
70664.3876635,4,4427,4,33508000,-1
70679.1165752,4,4428,8,33505000,1
70707.0605733,4,4429,5,33502000,1
70796.0653402,4,4430,11,33499000,1
70800.298824,4,4431,4,33496000,1
70841.1310796,4,4432,7,33493000,1
70848.3723484,4,4433,6,33490000,-1
70878.8816906,4,4434,10,33493000,-1
70904.5226424,4,4435,2,33496000,1
70929.0033939,4,4436,7,33493000,-1
70948.4057005,4,4437,10,33496000,1
70990.8565674,4,4438,27,33493000,-1
71099.8257993,4,4439,5,33496000,-1
71290.5326488,4,4440,31,33499000,1
71298.5929167,4,4441,16,33496000,-1
71343.7667147,4,4442,2,33500000,-1
71350.4341976,4,4443,6,33503000,-1
71399.4194899,4,4444,18,33506000,1
71403.6263839,4,4445,5,33503000,-1
71405.4042441,4,4446,3,33506000,1
71453.6604341,4,4447,31,33503000,1
71453.6832641,4,4448,4,33500000,1
71515.0271145,4,4449,10,33497000,-1
71587.7385192,4,4450,19,33500000,1
71635.0411781,4,4451,24,33497000,1
71700.2919453,4,4452,4,33494000,-1
71707.018077,4,4453,8,33497000,-1
71711.6380138,4,4454,12,33500000,-1
71718.3100854,4,4455,18,33503000,-1
71737.3867831,4,4456,1,33499000,-1
71769.0341033,4,4457,6,33496000,-1
71780.2955867,4,4458,6,33499000,-1
71793.1504131,4,4459,2,33502000,1
71820.5009673,4,4460,4,33499000,-1
71828.2500818,4,4461,1,33496000,1
71830.3960136,4,4462,2,33499000,1
71848.2119886,4,4463,1,33496000,1
71854.4012861,4,4464,2,33500000,1
71870.1388095,4,4465,13,33497000,1
71940.814903,4,4466,1,33494000,1
71999.4295084,4,4467,28,33497000,1
72000.6521283,4,4468,10,33494000,1
72020.4327327,4,4469,15,33491000,1
72028.453263,4,4470,22,33488000,-1
72036.4914046,4,4471,5,33491000,1
72063.2634063,4,4472,26,33488000,-1
72064.2864036,4,4473,3,33491000,-1
72074.5089544,4,4474,1,33494000,1
72155.5788124,4,4475,8,33491000,1
72200.4398163,4,4476,12,33488000,1
72240.0581097,4,4477,6,33485000,-1
72275.33425,4,4478,20,33488000,-1
72283.2805137,4,4479,10,33491000,-1
72307.8881458,4,4480,4,33494000,-1
72315.4107559,4,4481,7,33497000,-1
72371.6104507,4,4482,25,33500000,1
72497.2451895,4,4483,16,33497000,1
72554.6560973,4,4484,13,33494000,1
72594.2251927,4,4485,11,33491000,-1
72599.9468893,4,4486,27,33488000,1
72601.4704984,4,4487,18,33485000,1
72601.4705167,4,4488,1,33482000,1
72629.8143122,4,4489,26,33485000,-1
72676.8969649,4,4490,1,33488000,1
72904.0708721,4,4491,31,33492000,1
72952.3446677,4,4492,7,33488000,1
72972.3780492,4,4493,16,33485000,1
72972.4653022,4,4494,5,33482000,-1
73078.2155215,4,4495,6,33486000,-1
73111.5785512,4,4496,1,33489000,-1
73206.2709643,4,4497,5,33492000,-1
73325.1385882,4,4498,4,33495000,1
73325.1610672,4,4499,1,33492000,1
73344.0338946,4,4500,3,33496000,-1
73368.2167493,4,4501,1,33499000,-1
73372.7514314,4,4502,1,33493000,1
73390.8684039,4,4503,1,33496000,-1
73403.9169706,4,4504,15,33499000,-1
73441.3323506,4,4505,1,33502000,-1
73459.6885889,4,4506,4,33498000,1
73462.9312647,4,4507,1,33495000,1
73502.5035742,4,4508,9,33498000,-1
73514.1360008,4,4509,1,33501000,-1
73546.5192102,4,4510,5,33498000,-1
73555.5326784,4,4511,3,33501000,1
73569.8062558,4,4512,4,33498000,1
73576.9547982,4,4513,2,33495000,1
73597.2633781,4,4514,5,33492000,1
73631.3610246,4,4515,6,33489000,-1
73687.4455921,4,4516,1,33493000,1
73691.9391835,4,4517,2,33496000,-1
73724.5106271,4,4518,8,33493000,-1
73857.5712559,4,4519,20,33496000,-1
73933.9299867,4,4520,24,33499000,-1
73961.9217915,4,4521,5,33502000,-1
74085.4181622,4,4522,26,33505000,-1
74123.2857853,4,4523,4,33502000,-1
74140.6479736,4,4524,2,33505000,-1
74206.0664597,4,4525,37,33502000,1
74234.8061701,4,4526,4,33505000,-1
74259.4154667,4,4527,16,33508000,-1
74262.2035279,4,4528,27,33511000,-1
74279.0043171,4,4529,14,33514000,-1
74375.1866643,4,4530,10,33511000,1
74406.9436135,4,4531,4,33508000,-1
74473.5019053,4,4532,7,33511000,-1
74499.9502184,4,4533,4,33514000,1
74543.9206801,4,4534,1,33511000,1
74577.12072,4,4535,18,33515000,-1
74700.6991104,4,4536,9,33518000,-1
74700.6999399,4,4537,3,33521000,-1
74745.6113506,4,4538,4,33518000,1
74774.24742,4,4539,12,33515000,1
74832.6841789,4,4540,12,33512000,1
74864.6001494,4,4541,6,33508000,1
74966.5710312,4,4542,9,33512000,1
75001.9610317,4,4543,11,33509000,-1
75081.4260022,4,4544,4,33512000,-1
75094.4397995,4,4545,3,33508000,-1
75095.2327202,4,4546,2,33511000,1
75095.23282,4,4547,5,33508000,1
75109.8209039,4,4548,1,33511000,-1
75130.0274843,4,4549,17,33508000,1
75220.5404471,4,4550,9,33505000,-1
75346.3484294,4,4551,1,33508000,-1
75351.0560876,4,4552,1,33505000,1
75480.2859817,4,4553,1,33508000,-1
75484.9214684,4,4554,2,33503000,-1
75531.1135355,4,4555,2,33506000,1
75554.2008651,4,4556,2,33503000,-1
75571.676644,4,4557,20,33500000,1
75590.0891703,4,4558,34,33497000,1
75590.1126647,4,4559,24,33494000,1
75590.1138588,4,4560,16,33491000,1
75590.11391,4,4561,4,33488000,1
75590.1337353,4,4562,2,33495000,1
75590.1337882,4,4563,1,33492000,1
75592.6178221,4,4564,16,33495000,-1
75593.9158586,4,4565,6,33498000,-1
75595.6231228,4,4566,10,33501000,1
