32427.1246565,4,0,8,33755000,1
32427.1246892,4,1,1,33752000,1
32442.3355793,4,2,2,33756000,-1
32444.1569635,4,3,3,33759000,-1
32447.3159436,4,4,2,33762000,-1
32464.0652208,4,5,13,33767000,1
32476.1014941,4,6,8,33764000,1
32485.7935215,4,7,8,33760000,-1
32490.8640548,4,8,4,33756000,-1
32503.3203246,4,9,5,33759000,1
32527.5393391,4,10,4,33756000,-1
32540.7371941,4,11,2,33753000,1
32554.4782857,4,12,11,33750000,1
32555.4347985,4,13,20,33747000,1
32555.4617158,4,14,4,33744000,1
32555.485468,4,15,2,33741000,-1
32555.6792182,4,16,7,33744000,1
32556.1378717,4,17,20,33741000,1
32558.3165349,4,18,13,33738000,1
32559.8435396,4,19,1,33735000,1
32572.0481796,4,20,12,33738000,-1
32575.0573775,4,21,11,33742000,-1
32575.184951,4,22,74,33745000,-1
32576.8221057,4,23,6,33741000,-1
32577.2977731,4,24,3,33744000,-1
32581.8060402,4,25,7,33747000,1
32581.8210842,4,26,2,33744000,-1
32606.0847537,4,27,22,33747000,-1
32608.9965321,4,28,7,33750000,-1
32651.5252802,4,29,10,33753000,-1
32670.6802661,4,30,19,33756000,-1
32693.7241544,4,31,11,33759000,1
32709.9954094,4,32,6,33755000,-1
32716.5498525,4,33,9,33758000,-1
32718.5670285,4,34,9,33761000,1
32734.957323,4,35,20,33758000,-1
32744.9283684,4,36,8,33754000,-1
32765.0384877,4,37,14,33757000,-1
32766.0150452,4,38,10,33760000,-1
32766.0752629,4,39,4,33763000,-1
32800.276708,4,40,7,33760000,-1
32829.622584,4,41,13,33756000,1
32832.3450642,4,42,3,33753000,1
32835.1928295,4,43,4,33750000,1
32858.8228917,4,44,3,33747000,-1
32867.9026308,4,45,12,33750000,1
32874.9355859,4,46,4,33755000,-1
32876.1279167,4,47,2,33758000,1
32878.9425132,4,48,1,33754000,1
32880.6332845,4,49,11,33757000,-1
32881.5074405,4,50,1,33760000,-1
32898.9048,4,51,19,33757000,-1
32911.0918081,4,52,3,33760000,-1
32916.8516318,4,53,2,33763000,1
32918.8264328,4,54,3,33759000,1
32922.1861468,4,55,1,33756000,1
32924.3736054,4,56,3,33759000,-1
32924.3736177,4,57,1,33762000,-1
32924.3952723,4,58,2,33759000,-1
32927.7273949,4,59,12,33762000,-1
32933.0037642,4,60,1,33765000,-1
32941.9984711,4,61,9,33760000,-1
32942.062538,4,62,1,33763000,-1
32953.721234,4,63,1,33760000,-1
32969.2025795,4,64,17,33753000,1
32972.6350831,4,65,15,33750000,1
32973.0563867,4,66,7,33747000,1
32990.5131442,4,67,13,33744000,1
32995.2418212,4,68,20,33741000,1
32997.7516415,4,69,1,33738000,1
33013.2775734,4,70,4,33742000,-1
33023.8623905,4,71,3,33738000,1
33027.7184201,4,72,19,33735000,1
33031.515059,4,73,60,33732000,1
33033.2516605,4,74,15,33729000,-1
33034.3028574,4,75,1,33732000,-1
33044.2373404,4,76,8,33735000,1
33044.2373494,4,77,1,33732000,1
33060.5432039,4,78,16,33735000,-1
33063.4165361,4,79,3,33738000,-1
33063.6576256,4,80,5,33735000,-1
33064.363886,4,81,2,33738000,1
33065.4199899,4,82,1,33734000,-1
33077.6696054,4,83,5,33731000,-1
33088.9907698,4,84,45,33734000,1
33094.9515723,4,85,1,33731000,-1
33121.1449331,4,86,11,33734000,-1
33121.152798,4,87,2,33737000,1
33122.8095756,4,88,10,33733000,1
33122.8127731,4,89,19,33730000,1
33140.1841933,4,90,19,33727000,1
33140.1873484,4,91,17,33724000,1
33140.1885744,4,92,29,33721000,1
33140.1901349,4,93,26,33718000,1
33140.1921906,4,94,23,33715000,1
33140.1944275,4,95,30,33712000,1
33140.1945217,4,96,8,33709000,1
33140.2967421,4,97,5,33715000,-1
33140.3641442,4,98,4,33718000,-1
33140.4198981,4,99,1,33721000,-1
33140.4711421,4,100,1,33718000,1
33140.7310882,4,101,16,33721000,1
33140.7393776,4,102,1,33718000,1
33144.3095603,4,103,3,33721000,-1
33158.6774764,4,104,16,33724000,-1
33195.925283,4,105,7,33727000,1
33195.9644435,4,106,2,33724000,-1
33222.9740144,4,107,1,33727000,-1
33230.2780322,4,108,1,33724000,1
33297.6859521,4,109,20,33728000,-1
33304.00855,4,110,17,33731000,1
33304.0085548,4,111,1,33728000,1
33306.7527058,4,112,2,33731000,-1
33318.2188049,4,113,10,33734000,-1
33322.585047,4,114,4,33737000,-1
33337.5643828,4,115,4,33734000,-1
33360.5281897,4,116,1,33737000,-1
33363.5250339,4,117,7,33734000,1
33364.1033133,4,118,5,33731000,1
33368.3129454,4,119,7,33728000,1
33368.9853465,4,120,6,33725000,1
33385.8970836,4,121,19,33722000,1
33390.5529356,4,122,12,33718000,-1
33398.3937563,4,123,14,33721000,-1
33412.9481342,4,124,13,33724000,1
33419.7789738,4,125,29,33720000,-1
33435.3888232,4,126,9,33723000,-1
33441.2511066,4,127,1,33726000,-1
33469.5099011,4,128,7,33730000,1
33489.9568689,4,129,1,33734000,1
33501.8538918,4,130,3,33738000,-1
33508.9588076,4,131,1,33741000,1
33515.064322,4,132,19,33744000,1
33522.689981,4,133,14,33741000,1
33524.1053141,4,134,8,33738000,1
33533.4958866,4,135,47,33734000,-1
33533.5293276,4,136,4,33737000,-1
33533.9431353,4,137,6,33740000,-1
33545.4210034,4,138,6,33743000,-1
33572.6567284,4,139,13,33746000,1
33600.8527118,4,140,2,33751000,-1
33604.8215448,4,141,31,33754000,1
33626.6475404,4,142,6,33751000,-1
33638.6272789,4,143,8,33748000,-1
33654.201446,4,144,7,33751000,1
33675.5665097,4,145,23,33748000,1
33683.6946591,4,146,1,33744000,1
33695.4476756,4,147,4,33747000,-1
33705.7136,4,148,3,33751000,-1
33737.2689721,4,149,8,33754000,1
33747.660349,4,150,2,33749000,-1
33755.2772247,4,151,5,33752000,1
33764.1510177,4,152,12,33747000,1
33764.1780916,4,153,6,33744000,1
33877.9170952,4,154,4,33741000,1
33882.3476727,4,155,1,33745000,1
33900.5765417,4,156,2,33741000,-1
33905.7195666,4,157,2,33745000,1
33921.0986979,4,158,8,33742000,1
33939.6164409,4,159,3,33739000,1
33957.6531675,4,160,2,33736000,-1
33966.1888717,4,161,4,33741000,1
33966.1889815,4,162,3,33738000,1
33981.8631408,4,163,3,33735000,-1
33985.3479834,4,164,1,33740000,-1
34014.8578726,4,165,8,33735000,1
34024.5470769,4,166,31,33732000,-1
34055.0781024,4,167,3,33735000,1
34059.8082458,4,168,3,33731000,1
34060.0766533,4,169,25,33734000,-1
34066.9799754,4,170,18,33727000,1
34077.1917281,4,171,6,33724000,1
34082.8449306,4,172,12,33721000,1
34104.3475925,4,173,13,33718000,1
34123.4615626,4,174,7,33723000,-1
34138.6835138,4,175,3,33727000,1
34142.2357981,4,176,6,33723000,-1
34148.2390075,4,177,2,33726000,1
34161.0862043,4,178,1,33723000,-1
34181.1654812,4,179,3,33720000,-1
34194.2540944,4,180,4,33716000,1
34194.7225231,4,181,13,33712000,1
34194.7268924,4,182,16,33709000,1
34194.7872283,4,183,1,33706000,1
34196.079081,4,184,1,33710000,1
34215.7929707,4,185,9,33715000,1
34226.5547587,4,186,5,33718000,1
34230.7034142,4,187,13,33713000,1
34230.7055662,4,188,14,33710000,1
34230.7112679,4,189,26,33707000,1
34230.7136254,4,190,21,33704000,1
34230.7136456,4,191,2,33701000,1
34230.7348625,4,192,1,33708000,1
34231.1998854,4,193,10,33705000,-1
34232.6401381,4,194,6,33708000,-1
34232.6463113,4,195,3,33711000,-1
34235.5602933,4,196,5,33708000,-1
34237.0093871,4,197,2,33703000,-1
34252.8588476,4,198,7,33706000,1
34253.2208875,4,199,16,33703000,1
34253.7074081,4,200,10,33700000,1
34253.9338309,4,201,1,33697000,1
34254.9794057,4,202,1,33700000,-1
34255.2195576,4,203,2,33696000,-1
34255.7522316,4,204,4,33699000,1
34255.7522426,4,205,1,33696000,1
34257.6551542,4,206,3,33700000,1
34259.778724,4,207,21,33696000,-1
34260.0804294,4,208,2,33699000,-1
34261.9095882,4,209,7,33703000,1
34261.9933153,4,210,6,33700000,-1
34262.9945536,4,211,2,33704000,-1
34267.143982,4,212,4,33707000,-1
34267.2444595,4,213,5,33710000,-1
34268.3484099,4,214,17,33713000,1
34268.3611395,4,215,4,33710000,1
34271.6111249,4,216,6,33706000,1
34273.0838434,4,217,4,33703000,1
34274.8748176,4,218,8,33700000,1
34275.0872389,4,219,1,33697000,1
34284.0919801,4,220,10,33700000,1
34286.3075041,4,221,7,33705000,-1
34286.3342139,4,222,1,33709000,-1
34288.6981544,4,223,1,33705000,-1
34289.6300046,4,224,1,33708000,-1
34289.6710267,4,225,2,33705000,-1
34291.7923342,4,226,1,33709000,-1
34293.7824387,4,227,2,33704000,-1
34298.8846679,4,228,22,33709000,-1
34303.3840022,4,229,9,33712000,-1
34303.5280363,4,230,7,33715000,-1
34307.6548067,4,231,2,33712000,-1
34308.2138535,4,232,1,33709000,1
34308.4490304,4,233,12,33713000,-1
34309.7002034,4,234,1,33710000,-1
34311.4819636,4,235,5,33707000,1
34320.4342285,4,236,8,33704000,1
34322.5563556,4,237,1,33711000,1
34327.9790721,4,238,13,33708000,1
34327.9930314,4,239,2,33705000,-1
34329.6332419,4,240,1,33708000,-1
34334.1366578,4,241,7,33705000,1
34335.6583485,4,242,21,33702000,1
34335.6736546,4,243,1,33699000,1
34339.8362508,4,244,4,33702000,-1
34340.8580602,4,245,3,33705000,-1
34342.4826811,4,246,4,33708000,-1
34349.7432674,4,247,28,33711000,1
34356.1539233,4,248,14,33708000,1
34361.0793757,4,249,3,33705000,1
34364.2536233,4,250,1,33708000,1
34374.1231506,4,251,20,33711000,1
34380.3965114,4,252,21,33708000,1
34394.7100088,4,253,4,33711000,-1
34411.4580207,4,254,18,33715000,1
34413.899042,4,255,8,33712000,1
34414.0283768,4,256,1,33708000,1
34416.3506124,4,257,2,33702000,-1
34416.9039013,4,258,4,33705000,-1
34418.9153316,4,259,1,33709000,-1
34420.0975938,4,260,16,33705000,-1
34423.848126,4,261,51,33702000,1
34424.0007079,4,262,7,33699000,1
34431.1659495,4,263,3,33696000,-1
34431.7271628,4,264,5,33700000,-1
34431.7971177,4,265,1,33703000,-1
34433.6563309,4,266,1,33700000,1
34446.0260678,4,267,5,33705000,1
34455.7437383,4,268,4,33702000,-1
34458.7741299,4,269,4,33705000,-1
34458.946553,4,270,1,33708000,-1
34466.0017964,4,271,5,33705000,1
34485.9792668,4,272,4,33702000,-1
34488.7110599,4,273,4,33705000,1
34518.8040511,4,274,7,33702000,1
34525.6485876,4,275,2,33699000,1
34525.6768437,4,276,52,33696000,-1
34525.7095264,4,277,10,33693000,-1
34525.8227768,4,278,7,33690000,1
34526.1715739,4,279,27,33694000,-1
34526.6368766,4,280,5,33697000,1
34530.7532218,4,281,1,33694000,1
34534.4201366,4,282,6,33699000,-1
34535.6274126,4,283,1,33703000,-1
34536.8186784,4,284,12,33698000,1
34536.8601631,4,285,3,33695000,1
34537.4858035,4,286,4,33692000,-1
34554.0378625,4,287,11,33695000,-1
34576.5700497,4,288,5,33698000,-1
34585.3988063,4,289,2,33703000,1
34596.1174735,4,290,1,33700000,-1
34612.0085925,4,291,7,33696000,1
34616.174146,4,292,3,33693000,-1
34619.368465,4,293,1,33696000,-1
34639.2102667,4,294,20,33690000,-1
34648.2422245,4,295,6,33693000,-1
34649.7089208,4,296,1,33696000,1
34676.6423016,4,297,3,33700000,1
34707.5106348,4,298,6,33696000,-1
34710.4240121,4,299,2,33690000,-1
34725.6548972,4,300,5,33693000,-1
34725.7855609,4,301,3,33696000,-1
34726.2920214,4,302,1,33699000,-1
34726.6489813,4,303,9,33696000,1
34738.166257,4,304,16,33693000,1
34754.7715098,4,305,1,33696000,-1
34797.0688838,4,306,1,33692000,1
34799.049186,4,307,6,33695000,1
34799.0843281,4,308,1,33691000,1
34804.0323214,4,309,1,33694000,-1
34822.7059253,4,310,4,33691000,-1
34840.3968944,4,311,2,33694000,-1
34842.8198863,4,312,6,33698000,-1
34845.1000114,4,313,4,33701000,-1
34855.9134846,4,314,3,33698000,-1
34867.1417308,4,315,3,33694000,-1
34882.6558436,4,316,36,33699000,-1
34886.4951649,4,317,8,33696000,1
34892.6685511,4,318,18,33693000,-1
34897.0324654,4,319,3,33696000,-1
34955.8732538,4,320,15,33699000,-1
34991.5097563,4,321,31,33703000,-1
35014.1109006,4,322,1,33706000,-1
35020.0779237,4,323,4,33702000,-1
35021.1335719,4,324,7,33705000,-1
35025.9994737,4,325,17,33708000,-1
35027.2158867,4,326,2,33711000,-1
35059.1141009,4,327,20,33705000,1
35068.7345745,4,328,1,33708000,-1
35073.511933,4,329,1,33705000,1
35107.8290783,4,330,10,33709000,-1
35108.1989401,4,331,1,33712000,-1
35108.4619609,4,332,1,33709000,1
35113.4704185,4,333,16,33712000,-1
35118.8716569,4,334,4,33715000,-1
35131.0068317,4,335,11,33712000,1
35131.5208599,4,336,8,33709000,1
35132.6065358,4,337,7,33706000,1
35135.09579,4,338,1,33703000,1
35135.4251603,4,339,1,33706000,-1
35189.848693,4,340,5,33703000,1
35203.6917314,4,341,2,33707000,-1
35214.8282897,4,342,1,33710000,1
35235.6249286,4,343,11,33714000,1
35237.6003274,4,344,5,33711000,1
35254.3512935,4,345,37,33716000,1
35258.5591633,4,346,9,33713000,-1
35259.0254826,4,347,23,33716000,-1
35259.0709189,4,348,3,33719000,1
35270.2389095,4,349,7,33715000,-1
35286.2206058,4,350,12,33718000,-1
35287.7903245,4,351,19,33721000,-1
35287.7912454,4,352,10,33724000,-1
35297.2218881,4,353,6,33721000,1
35312.1394718,4,354,5,33717000,1
35345.0958893,4,355,17,33720000,1
35368.7220908,4,356,9,33716000,-1
35405.3290805,4,357,33,33719000,1
35434.4687599,4,358,15,33716000,1
35473.7644897,4,359,8,33713000,1
35503.2040615,4,360,16,33710000,1
35538.1074208,4,361,11,33713000,-1
35547.3744425,4,362,10,33709000,-1
35566.5445094,4,363,12,33712000,-1
35595.9097152,4,364,3,33715000,1
35649.4806901,4,365,13,33719000,-1
35652.5630831,4,366,8,33716000,1
35656.8253695,4,367,14,33713000,1
35659.5693014,4,368,2,33710000,-1
35707.4177746,4,369,6,33713000,1
35718.1428923,4,370,1,33717000,1
35728.2606761,4,371,12,33721000,1
35732.4674904,4,372,28,33718000,1
35732.4990363,4,373,3,33715000,-1
35738.4034427,4,374,11,33718000,1
35749.5793093,4,375,29,33715000,1
35751.4068556,4,376,12,33711000,1
35751.4588088,4,377,2,33708000,-1
35781.2765756,4,378,11,33711000,1
35787.4011493,4,379,1,33707000,-1
35790.7180619,4,380,4,33704000,-1
35792.3574342,4,381,1,33709000,-1
35800.7918528,4,382,5,33712000,-1
35804.9807295,4,383,1,33715000,-1
35806.3237354,4,384,8,33712000,1
35824.9700601,4,385,6,33709000,1
35836.4790679,4,386,7,33712000,-1
35847.9717468,4,387,9,33715000,-1
35851.6957694,4,388,9,33718000,-1
35880.7181835,4,389,21,33721000,-1
35891.3846256,4,390,12,33724000,-1
35891.802819,4,391,3,33727000,1
35919.0075394,4,392,10,33724000,1
35933.0559734,4,393,3,33720000,-1
35933.9799516,4,394,2,33723000,-1
35968.5216588,4,395,8,33726000,-1
35974.8416551,4,396,3,33730000,1
36002.1310875,4,397,5,33726000,1
36012.8005052,4,398,4,33723000,1
36015.5939732,4,399,6,33720000,-1
36022.6029552,4,400,3,33723000,-1
36030.5481223,4,401,2,33727000,1
36035.9596101,4,402,1,33724000,-1
36054.1121923,4,403,12,33720000,1
36055.5163137,4,404,3,33717000,-1
36058.2952459,4,405,9,33720000,-1
36058.2952512,4,406,1,33723000,-1
36070.4708605,4,407,1,33719000,-1
36091.7374812,4,408,2,33722000,1
36094.0212848,4,409,4,33719000,1
36101.4467409,4,410,2,33716000,-1
36102.0858835,4,411,2,33719000,1
36102.1536655,4,412,13,33716000,-1
36127.0488413,4,413,6,33720000,1
36128.8903659,4,414,1,33717000,-1
36138.4637571,4,415,1,33714000,1
36155.189728,4,416,5,33717000,-1
36157.0423487,4,417,3,33720000,-1
36157.9794821,4,418,2,33723000,-1
36184.9127164,4,419,10,33726000,1
36225.2442123,4,420,8,33729000,-1
36227.0988268,4,421,2,33732000,1
36241.8808428,4,422,1,33729000,1
36304.6043914,4,423,17,33734000,-1
36308.6826048,4,424,8,33737000,-1
36330.695624,4,425,6,33734000,1
36335.8122317,4,426,9,33731000,-1
36343.7800195,4,427,1,33734000,-1
36356.9562211,4,428,15,33730000,1
36359.4313328,4,429,7,33727000,1
36360.3518318,4,430,5,33724000,1
36373.3371508,4,431,16,33720000,-1
36402.9887967,4,432,12,33723000,-1
36423.2449871,4,433,2,33719000,1
36442.9739525,4,434,7,33715000,-1
36478.5786484,4,435,7,33718000,-1
36495.8640565,4,436,5,33715000,1
36504.2429303,4,437,4,33711000,1
36507.3657621,4,438,2,33708000,-1
36528.6429572,4,439,23,33711000,-1
36530.403251,4,440,19,33714000,-1
36541.3739956,4,441,4,33717000,-1
36547.1939677,4,442,6,33720000,1
36623.5487408,4,443,16,33717000,-1
36655.5950538,4,444,2,33713000,-1
36664.1319452,4,445,3,33716000,-1
36676.7213731,4,446,7,33713000,1
36679.931933,4,447,14,33710000,1
36681.4431709,4,448,19,33707000,1
36689.6116249,4,449,7,33703000,1
36702.3224692,4,450,44,33700000,1
36711.2861846,4,451,7,33697000,1
36722.0233749,4,452,1,33700000,1
36725.9339993,4,453,1,33703000,-1
36749.6515099,4,454,11,33700000,-1
36780.3768514,4,455,4,33705000,1
36809.5004537,4,456,3,33702000,-1
36846.1771552,4,457,2,33705000,1
36863.9286017,4,458,9,33709000,-1
36873.1493729,4,459,14,33713000,1
36873.1520899,4,460,8,33710000,1
36878.4161793,4,461,7,33707000,1
36892.0682413,4,462,1,33710000,1
36900.1425406,4,463,9,33706000,-1
36916.1268863,4,464,4,33710000,-1
36949.3507045,4,465,3,33713000,-1
36990.0747583,4,466,14,33716000,1
37081.348589,4,467,13,33719000,-1
37083.5171306,4,468,3,33722000,-1
37107.0792857,4,469,3,33725000,1
37120.0028092,4,470,3,33722000,1
37144.2865864,4,471,3,33719000,-1
37144.3911803,4,472,11,33722000,-1
37156.3370166,4,473,8,33725000,1
37170.1386236,4,474,18,33722000,-1
37175.0788608,4,475,13,33719000,-1
37178.2704655,4,476,4,33723000,-1
37189.1723,4,477,15,33726000,-1
37195.5714762,4,478,16,33723000,-1
37221.9587652,4,479,2,33726000,1
37225.1075291,4,480,1,33723000,1
37234.850507,4,481,11,33720000,-1
37237.4895943,4,482,10,33717000,1
37237.6263953,4,483,12,33714000,1
37240.3761152,4,484,1,33711000,1
37252.9848306,4,485,7,33717000,-1
37280.690609,4,486,2,33721000,-1
37294.6999655,4,487,1,33725000,-1
37343.5855569,4,488,10,33722000,1
37343.5855624,4,489,1,33719000,1
37352.2163654,4,490,4,33722000,1
37356.4788865,4,491,1,33719000,1
37380.5642704,4,492,4,33722000,-1
37402.7429013,4,493,15,33717000,1
37407.1970064,4,494,2,33714000,-1
37419.9955723,4,495,6,33717000,-1
37429.0220371,4,496,5,33720000,1
37433.1103852,4,497,4,33717000,1
37457.6636263,4,498,33,33714000,1
37457.8644477,4,499,7,33711000,-1
37457.9304393,4,500,7,33714000,-1
37458.3364274,4,501,17,33717000,-1
37459.8886958,4,502,19,33720000,-1
37460.1021871,4,503,11,33723000,-1
37461.399195,4,504,17,33726000,-1
37462.8010508,4,505,27,33729000,-1
37462.84373,4,506,5,33732000,1
37463.1108727,4,507,1,33729000,1
37475.7742079,4,508,5,33732000,1
37498.7774366,4,509,109,33735000,1
37501.4364059,4,510,18,33738000,-1
37521.3080532,4,511,184,33741000,-1
37546.6953497,4,512,12,33744000,1
37553.0597517,4,513,1,33741000,1
37563.1402269,4,514,12,33744000,1
37575.3651853,4,515,19,33741000,1
37597.7410898,4,516,3,33745000,-1
37634.3956876,4,517,30,33748000,-1
37657.6727984,4,518,13,33745000,1
37667.1339228,4,519,3,33742000,-1
37710.7557646,4,520,32,33745000,1
37725.0348555,4,521,4,33742000,1
37729.8820803,4,522,7,33739000,1
37733.6639036,4,523,11,33736000,1
37740.3672618,4,524,5,33733000,-1
37740.7810635,4,525,1,33736000,1
37790.3715814,4,526,43,33733000,-1
37790.4089312,4,527,6,33736000,-1
37792.1564283,4,528,2,33740000,-1
37807.9781388,4,529,2,33736000,1
37821.792919,4,530,1,33733000,-1
37842.2807184,4,531,16,33730000,1
37905.4788606,4,532,1,33727000,1
37921.904194,4,533,3,33731000,-1
37929.9974045,4,534,9,33734000,-1
37947.6295944,4,535,9,33737000,-1
37947.6453536,4,536,2,33740000,1
37950.0822334,4,537,1,33737000,1
37966.4522121,4,538,3,33740000,-1
37971.7470183,4,539,1,33743000,-1
37974.1522769,4,540,4,33740000,-1
37974.1962658,4,541,10,33743000,-1
37975.0688793,4,542,1,33746000,-1
37979.6529148,4,543,1,33742000,1
37982.5488187,4,544,2,33748000,-1
37990.4719572,4,545,2,33741000,-1
37990.4890998,4,546,1,33744000,-1
37995.2107591,4,547,7,33741000,1
37996.5560281,4,548,11,33738000,1
37998.2833335,4,549,1,33735000,1
38005.1173451,4,550,16,33739000,-1
38018.3946901,4,551,17,33742000,-1
38018.4566717,4,552,1,33745000,-1
38019.4231608,4,553,2,33742000,-1
38021.3899853,4,554,6,33745000,1
38021.5178891,4,555,7,33742000,1
38024.9718178,4,556,6,33739000,1
38042.5569404,4,557,23,33736000,1
38046.9371383,4,558,3,33733000,1
38051.222601,4,559,6,33730000,1
38075.5068369,4,560,30,33727000,1
38081.5155663,4,561,15,33724000,1
38084.3456083,4,562,2,33721000,-1
38090.1091737,4,563,1,33724000,1
38101.1641628,4,564,3,33728000,-1
38106.1478477,4,565,4,33731000,1
38120.8106877,4,566,4,33728000,1
38131.9634196,4,567,6,33725000,-1
38137.0277128,4,568,1,33728000,-1
38183.1735887,4,569,6,33725000,-1
38221.2199598,4,570,22,33721000,-1
38225.0415094,4,571,7,33724000,-1
38226.5575493,4,572,1,33727000,1
38253.4951941,4,573,10,33731000,-1
38279.5984735,4,574,12,33734000,1
38280.1387815,4,575,4,33737000,-1
38291.3228993,4,576,15,33740000,1
38301.1995292,4,577,1,33737000,-1
38308.2229375,4,578,3,33733000,1
38308.2387563,4,579,2,33730000,1
38315.6677964,4,580,6,33727000,1
38320.1885159,4,581,2,33724000,1
38321.4237756,4,582,4,33727000,-1
38368.776777,4,583,7,33730000,1
38372.2470794,4,584,1,33727000,1
38401.0972662,4,585,1,33732000,1
38425.0143186,4,586,6,33729000,1
38428.8870976,4,587,2,33726000,-1
38438.0612858,4,588,2,33729000,-1
38449.7346469,4,589,1,33733000,1
38457.5423768,4,590,4,33739000,1
38457.5665082,4,591,14,33736000,1
38461.1807534,4,592,4,33733000,1
38464.1409649,4,593,1,33729000,-1
38468.0974219,4,594,1,33733000,-1
38486.1994607,4,595,3,33737000,-1
38492.303028,4,596,19,33740000,1
38496.3343846,4,597,9,33737000,-1
38498.1755074,4,598,11,33732000,-1
38500.1931606,4,599,1,33726000,-1
38500.8463395,4,600,3,33722000,1
38500.9768565,4,601,1,33726000,-1
38501.8543541,4,602,1,33722000,1
38506.3184769,4,603,9,33725000,-1
38507.367246,4,604,7,33722000,-1
38532.0312548,4,605,50,33719000,-1
38535.1763995,4,606,20,33716000,1
38535.5076544,4,607,4,33713000,-1
38544.6840974,4,608,88,33716000,1
38547.748837,4,609,7,33713000,1
38551.6224431,4,610,12,33710000,-1
38556.3904969,4,611,45,33707000,1
38561.5873616,4,612,165,33704000,-1
38562.1743649,4,613,29,33708000,-1
38564.975351,4,614,1,33711000,-1
38566.7453375,4,615,2,33708000,-1
38578.6290432,4,616,6,33712000,1
38585.2223176,4,617,1,33715000,-1
38591.5486205,4,618,8,33711000,-1
38596.4166489,4,619,5,33714000,1
38605.149439,4,620,3,33711000,1
38610.0316197,4,621,1,33708000,1
38636.3178205,4,622,12,33705000,1
38642.6737822,4,623,3,33702000,1
38652.0732195,4,624,12,33699000,1
38652.9927906,4,625,7,33696000,1
38660.9841648,4,626,5,33693000,1
38671.0985321,4,627,1,33697000,1
38684.6938774,4,628,8,33700000,1
38721.0815575,4,629,17,33697000,-1
38749.6035314,4,630,6,33700000,-1
38768.3285796,4,631,3,33695000,1
38773.6238574,4,632,32,33692000,1
38775.1976412,4,633,4,33689000,-1
38775.5269065,4,634,9,33692000,-1
38776.7323261,4,635,6,33695000,-1
38785.3029242,4,636,8,33698000,1
38807.7573702,4,637,1,33695000,1
38870.867501,4,638,8,33699000,1
38875.0035524,4,639,1,33696000,1
38913.5117865,4,640,9,33700000,1
38931.4314129,4,641,2,33697000,-1
38936.3412023,4,642,4,33700000,-1
38937.5640872,4,643,17,33697000,-1
38937.566828,4,644,15,33700000,-1
38949.368771,4,645,28,33703000,-1
38951.7878982,4,646,10,33706000,-1
38970.9089822,4,647,7,33703000,-1
38974.5018313,4,648,9,33706000,-1
38985.4138001,4,649,16,33710000,-1
38985.4194681,4,650,22,33713000,-1
38985.421372,4,651,22,33716000,-1
38985.4244116,4,652,24,33719000,-1
38985.4269443,4,653,25,33722000,-1
38985.4269547,4,654,2,33725000,-1
38985.4621656,4,655,1,33713000,-1
38986.9262509,4,656,1,33718000,-1
38989.8592292,4,657,2,33721000,1
38995.7863585,4,658,7,33718000,1
39005.0681986,4,659,13,33714000,1
39050.7156507,4,660,7,33711000,-1
39050.7576214,4,661,10,33714000,1
39096.0590546,4,662,26,33711000,1
39097.8956996,4,663,2,33708000,-1
39122.7355323,4,664,4,33711000,-1
39132.2848819,4,665,1,33715000,-1
39146.1374402,4,666,7,33712000,1
39216.0592622,4,667,27,33709000,1
39243.9530045,4,668,3,33712000,-1
39265.7134272,4,669,14,33715000,1
39265.8891618,4,670,1,33712000,1
39290.9430529,4,671,3,33715000,-1
39301.4325926,4,672,30,33718000,1
39315.6135113,4,673,8,33715000,-1
39320.7770164,4,674,1,33718000,-1
39329.0738643,4,675,23,33715000,1
39352.7492032,4,676,26,33712000,1
39357.8153956,4,677,19,33709000,-1
39357.8523086,4,678,1,33712000,-1
39361.5086504,4,679,3,33708000,-1
39361.615511,4,680,6,33711000,-1
39362.055272,4,681,4,33714000,-1
39362.6020044,4,682,10,33717000,-1
39364.2018271,4,683,30,33720000,-1
39375.8345163,4,684,19,33723000,-1
39381.2610552,4,685,3,33726000,-1
39382.8399003,4,686,14,33729000,1
39383.3583729,4,687,9,33726000,1
39389.5026214,4,688,3,33729000,1
39391.7302635,4,689,4,33732000,-1
39391.7699173,4,690,13,33735000,-1
39391.7712072,4,691,1,33738000,-1
39393.4362968,4,692,1,33735000,1
39394.3408902,4,693,1,33738000,1
39406.1973388,4,694,49,33741000,1
39413.4517837,4,695,75,33744000,1
39415.0396659,4,696,33,33747000,1
39415.0410868,4,697,1,33744000,1
39416.1686401,4,698,25,33747000,1
39416.7422389,4,699,19,33744000,-1
39416.8557376,4,700,48,33747000,1
39422.120756,4,701,162,33744000,1
39427.0313018,4,702,2,33741000,-1
39427.5828605,4,703,7,33744000,-1
39430.5086003,4,704,4,33747000,1
39434.0762912,4,705,4,33744000,-1
39435.6594109,4,706,2,33747000,1
39439.7029931,4,707,1,33744000,1
39441.3963946,4,708,4,33747000,1
39454.5945109,4,709,2,33744000,-1
39457.3967017,4,710,15,33747000,-1
39457.3987109,4,711,37,33750000,-1
39462.2534324,4,712,18,33753000,-1
39462.2571549,4,713,18,33756000,-1
39464.9953223,4,714,45,33759000,1
39466.492896,4,715,2,33756000,-1
39474.556373,4,716,3,33759000,1
39489.1247169,4,717,7,33756000,-1
39503.9594255,4,718,20,33759000,-1
39505.8631857,4,719,2,33762000,1
39507.6173943,4,720,19,33759000,1
39508.5395662,4,721,34,33756000,1
39509.653071,4,722,52,33751000,1
39510.4009775,4,723,21,33748000,1
39511.2611026,4,724,9,33745000,-1
39511.9723493,4,725,1,33748000,-1
39512.4738714,4,726,1,33745000,1
39512.5058116,4,727,1,33748000,-1
39512.8405392,4,728,1,33745000,1
39516.9696318,4,729,10,33748000,-1
39521.0630168,4,730,6,33751000,1
39527.3294833,4,731,17,33748000,1
39538.4314429,4,732,23,33745000,1
39550.5768807,4,733,1,33748000,-1
39550.9691533,4,734,20,33744000,1
39560.2100799,4,735,12,33741000,1
39564.2648803,4,736,3,33738000,-1
39566.5158681,4,737,4,33741000,-1
39574.4390592,4,738,7,33745000,-1
39574.4559248,4,739,1,33748000,-1
39577.1835405,4,740,4,33745000,-1
39584.1682451,4,741,15,33741000,1
39593.8057352,4,742,42,33738000,-1
39600.324087,4,743,64,33734000,-1
39601.8964149,4,744,8,33730000,1
39606.7104436,4,745,7,33727000,1
39611.2607426,4,746,24,33724000,1
39620.824947,4,747,101,33721000,-1
39620.9883386,4,748,11,33718000,1
39621.113604,4,749,7,33715000,1
39622.2338733,4,750,4,33712000,1
39622.3501834,4,751,6,33715000,-1
39624.5734921,4,752,40,33718000,-1
39627.3993176,4,753,17,33721000,-1
39629.6383151,4,754,5,33724000,-1
39633.6703885,4,755,1,33727000,-1
39637.4182538,4,756,7,33723000,-1
39644.0575534,4,757,5,33730000,1
39660.8889279,4,758,23,33727000,-1
39663.2988153,4,759,8,33730000,-1
39663.8058613,4,760,2,33735000,-1
39666.1134879,4,761,3,33738000,1
39667.5012431,4,762,25,33735000,1
39669.9767909,4,763,4,33731000,1
39712.2329938,4,764,12,33734000,1
39712.4348458,4,765,42,33731000,1
39727.7391477,4,766,24,33728000,1
39729.2858917,4,767,1,33725000,1
39731.506225,4,768,24,33728000,-1
39764.4220769,4,769,37,33731000,-1
39799.3314985,4,770,22,33734000,-1
39802.9325117,4,771,5,33737000,1
39815.2130776,4,772,1,33734000,-1
39828.1194638,4,773,29,33731000,1
39840.6897182,4,774,2,33728000,-1
39848.969446,4,775,7,33731000,1
39862.2715803,4,776,11,33728000,1
39879.8291659,4,777,37,33725000,1
39887.7714621,4,778,22,33722000,-1
39913.1440233,4,779,12,33715000,1
39940.6169231,4,780,36,33712000,1
39940.6485483,4,781,8,33709000,1
39942.0693189,4,782,5,33706000,1
39952.6340839,4,783,8,33712000,-1
39976.3779105,4,784,6,33715000,1
39984.5670328,4,785,1,33712000,-1
39994.9888929,4,786,1,33709000,1
39995.2022185,4,787,10,33712000,-1
39995.2400202,4,788,8,33715000,-1
40014.3753191,4,789,10,33718000,-1
40019.5040164,4,790,14,33721000,-1
40022.5240243,4,791,6,33724000,1
40022.5240291,4,792,1,33721000,1
40035.8172047,4,793,1,33724000,-1
40044.2250347,4,794,8,33721000,1
40047.6253765,4,795,2,33724000,1
40055.3292261,4,796,14,33721000,1
40056.3122143,4,797,1,33718000,1
40058.4499581,4,798,1,33722000,-1
40060.7446485,4,799,1,33718000,1
40064.236558,4,800,2,33722000,1
40072.9984454,4,801,14,33719000,1
40073.736906,4,802,12,33716000,1
40081.3507827,4,803,5,33719000,-1
40088.3725079,4,804,9,33722000,-1
40088.550499,4,805,2,33725000,1
40090.1481882,4,806,3,33722000,1
40100.9151523,4,807,5,33725000,1
40111.7454886,4,808,3,33722000,-1
40111.7668782,4,809,3,33725000,-1
40114.377895,4,810,10,33728000,-1
40129.0050706,4,811,30,33725000,-1
40129.501101,4,812,30,33728000,-1
40142.0351628,4,813,19,33731000,-1
40155.3706138,4,814,1,33734000,-1
40162.1561363,4,815,6,33731000,-1
40183.0191573,4,816,6,33734000,-1
40183.2276643,4,817,2,33731000,-1
40193.8470077,4,818,3,33734000,-1
40201.0062596,4,819,1,33737000,-1
40201.8451615,4,820,2,33734000,1
40220.048392,4,821,1,33731000,1
40224.6276023,4,822,12,33737000,-1
40228.924303,4,823,6,33740000,1
40233.6202346,4,824,3,33737000,1
40240.0543972,4,825,4,33740000,-1
40263.5916918,4,826,26,33743000,1
40264.32625,4,827,1,33740000,1
40277.9603657,4,828,8,33743000,-1
40284.3006771,4,829,6,33746000,-1
40284.6336319,4,830,2,33749000,1
40285.5236405,4,831,7,33745000,1
40303.329361,4,832,8,33742000,1
40331.3009024,4,833,1,33739000,1
40342.045327,4,834,4,33742000,1
40348.6687881,4,835,5,33738000,-1
40358.7849651,4,836,14,33741000,-1
40395.579423,4,837,1,33744000,-1
40427.5145396,4,838,2,33739000,-1
40455.6024761,4,839,14,33742000,1
40489.451418,4,840,22,33739000,1
40512.8524846,4,841,5,33745000,-1
40514.9335908,4,842,7,33748000,1
40514.9781518,4,843,15,33745000,-1
40517.9106078,4,844,11,33748000,-1
40521.942366,4,845,7,33751000,1
40527.7275301,4,846,4,33748000,-1
40527.7275488,4,847,1,33751000,-1
40527.7890495,4,848,2,33748000,-1
40531.319993,4,849,4,33752000,1
40558.1380209,4,850,5,33749000,-1
40586.6649616,4,851,6,33752000,1
40593.2771509,4,852,18,33749000,-1
40623.178117,4,853,7,33752000,-1
40669.9938128,4,854,2,33755000,-1
40686.8553579,4,855,7,33752000,1
40697.3826148,4,856,6,33756000,-1
40707.5493053,4,857,6,33759000,1
40736.8554838,4,858,7,33755000,1
40739.4395154,4,859,2,33758000,1
40741.3781507,4,860,12,33755000,1
40776.0860887,4,861,18,33752000,1
40776.1364758,4,862,3,33749000,1
40781.0874823,4,863,13,33746000,1
40787.4633808,4,864,6,33743000,1
40802.8969428,4,865,13,33739000,-1
40839.9462334,4,866,11,33742000,-1
40864.4455423,4,867,77,33745000,1
40864.9037286,4,868,6,33748000,-1
40869.0033223,4,869,30,33752000,1
40890.0317469,4,870,15,33756000,-1
40892.1060292,4,871,9,33759000,1
40902.9948795,4,872,41,33762000,-1
40903.6380354,4,873,11,33765000,-1
40907.5217513,4,874,54,33768000,1
40907.9919078,4,875,1,33772000,-1
40925.405924,4,876,12,33769000,-1
40931.1989424,4,877,31,33772000,1
40931.1989696,4,878,1,33769000,1
40965.2898217,4,879,7,33772000,-1
40997.233202,4,880,7,33775000,-1
41000.0538463,4,881,58,33778000,-1
41001.6702227,4,882,4,33775000,1
41001.67557,4,883,1,33772000,1
41002.4375051,4,884,1,33775000,1
41006.9158356,4,885,3,33771000,-1
41007.7500628,4,886,3,33774000,1
41014.1678155,4,887,1,33771000,1
41025.2726122,4,888,5,33774000,-1
41043.7670386,4,889,108,33777000,-1
41043.8034451,4,890,27,33780000,-1
41049.9263729,4,891,2,33783000,1
41051.5435082,4,892,5,33780000,1
41052.3784518,4,893,9,33777000,1
41057.6982702,4,894,8,33774000,-1
41058.4647811,4,895,21,33777000,1
41058.5085343,4,896,8,33774000,1
41083.1068142,4,897,12,33770000,-1
41101.3783864,4,898,6,33773000,-1
41104.1548046,4,899,1,33776000,-1
41112.2528055,4,900,9,33773000,-1
41127.2917225,4,901,7,33776000,1
41153.3607195,4,902,10,33781000,1
41158.6701955,4,903,3,33778000,-1
41199.0733616,4,904,8,33781000,-1
41207.0872873,4,905,7,33784000,1
41209.1353012,4,906,2,33781000,-1
41220.5901797,4,907,19,33785000,1
41220.612526,4,908,13,33782000,1
41220.623403,4,909,2,33779000,-1
41235.2621101,4,910,2,33782000,-1
41243.0057503,4,911,5,33777000,-1
41255.5090816,4,912,18,33780000,-1
41260.8719778,4,913,62,33783000,-1
41260.8914915,4,914,17,33786000,-1
41260.9089788,4,915,1,33789000,-1
41277.1242295,4,916,1,33786000,-1
41290.227211,4,917,6,33783000,-1
41292.5096009,4,918,1,33780000,1
41307.2264422,4,919,2,33777000,1
41330.8184164,4,920,4,33780000,-1
41352.0069702,4,921,5,33783000,1
41395.6262338,4,922,10,33779000,1
41413.0935705,4,923,3,33786000,-1
41413.0975969,4,924,20,33789000,-1
41413.1433822,4,925,3,33792000,-1
41431.983218,4,926,12,33789000,1
41438.4890642,4,927,10,33792000,1
41439.0552154,4,928,5,33789000,-1
41443.9096906,4,929,2,33792000,-1
41445.075319,4,930,3,33789000,1
41460.5072229,4,931,6,33792000,1
41461.421868,4,932,14,33796000,-1
41478.0876125,4,933,9,33793000,-1
41479.6591125,4,934,55,33796000,-1
41492.282236,4,935,46,33799000,-1
41500.7981831,4,936,18,33802000,-1
41500.825715,4,937,13,33805000,-1
41501.0788244,4,938,11,33808000,-1
41501.0850968,4,939,22,33811000,-1
41501.8264249,4,940,29,33814000,-1
41503.1270592,4,941,8,33817000,-1
41509.1714213,4,942,47,33820000,-1
41509.2382508,4,943,20,33824000,-1
41510.7998156,4,944,1,33828000,-1
41511.997367,4,945,5,33825000,-1
41516.0777762,4,946,17,33828000,-1
41516.9178643,4,947,1,33825000,1
41517.9619226,4,948,1,33829000,-1
41520.2766925,4,949,5,33825000,1
41523.4353647,4,950,6,33822000,1
41528.8232829,4,951,1,33819000,1
41530.7464244,4,952,15,33822000,1
41531.8232218,4,953,9,33819000,1
41534.1724441,4,954,7,33816000,1
41540.8022173,4,955,2,33813000,-1
41552.5982181,4,956,73,33808000,1
41556.1087745,4,957,1,33805000,1
41573.127925,4,958,5,33808000,-1
41575.2279821,4,959,10,33811000,-1
41575.2382606,4,960,6,33814000,1
41587.4866201,4,961,12,33811000,1
41588.9946596,4,962,1,33808000,1
41592.2745275,4,963,27,33805000,1
41597.1250219,4,964,11,33802000,1
41600.4848245,4,965,4,33799000,1
41603.220475,4,966,1,33802000,-1
41613.0924935,4,967,6,33797000,1
41617.6351809,4,968,1,33792000,1
41619.0016843,4,969,1,33795000,1
41628.5643546,4,970,13,33792000,1
41638.2800776,4,971,3,33788000,1
41639.4157735,4,972,4,33791000,1
41647.8455673,4,973,3,33788000,1
41653.1162299,4,974,3,33792000,-1
41656.38132,4,975,3,33795000,-1
41658.0587758,4,976,15,33798000,-1
41658.2284331,4,977,1,33801000,-1
41660.6393483,4,978,8,33797000,-1
41660.6430556,4,979,12,33800000,-1
41660.6450809,4,980,18,33803000,-1
41660.6473205,4,981,24,33806000,-1
41660.6859665,4,982,1,33801000,-1
41660.7074948,4,983,2,33804000,-1
41660.7075291,4,984,1,33807000,-1
41660.7566377,4,985,1,33802000,1
41663.230659,4,986,15,33805000,1
41670.4920912,4,987,16,33802000,1
41676.2707381,4,988,2,33798000,1
41690.0509297,4,989,4,33803000,-1
41690.0681539,4,990,2,33806000,-1
41691.4524093,4,991,1,33809000,-1
41697.6299955,4,992,13,33805000,-1
41710.4567352,4,993,1,33809000,-1
41715.9106934,4,994,6,33812000,-1
41723.5407454,4,995,9,33815000,1
41730.6007495,4,996,1,33812000,1
41737.3856185,4,997,3,33815000,-1
41753.1085578,4,998,11,33818000,-1
41767.2549899,4,999,12,33814000,-1
41771.3067183,4,1000,1,33817000,-1
41775.5537563,4,1001,2,33812000,1
41781.7469547,4,1002,11,33809000,1
41797.9880371,4,1003,14,33805000,1
41804.6440721,4,1004,11,33801000,1
41814.3014886,4,1005,22,33798000,-1
41815.9675396,4,1006,7,33801000,-1
41819.485023,4,1007,3,33805000,-1
41820.115032,4,1008,3,33808000,-1
41824.2086405,4,1009,7,33811000,-1
41826.3293312,4,1010,7,33815000,-1
41829.6462309,4,1011,3,33818000,-1
41835.0965919,4,1012,3,33815000,-1
41837.8984219,4,1013,17,33818000,-1
41839.7382776,4,1014,14,33821000,-1
41847.2611985,4,1015,6,33824000,1
41847.7613318,4,1016,21,33821000,-1
41861.8255658,4,1017,14,33824000,1
41872.8236012,4,1018,5,33828000,1
41892.2877157,4,1019,26,33825000,-1
41919.2808566,4,1020,1,33829000,1
41921.2187374,4,1021,2,33834000,-1
41935.5872129,4,1022,16,33831000,1
41935.9518767,4,1023,3,33828000,-1
41935.9518833,4,1024,1,33831000,-1
41936.9113707,4,1025,5,33828000,1
41964.7012729,4,1026,9,33831000,1
41967.8521759,4,1027,25,33837000,-1
41967.8597886,4,1028,18,33840000,-1
41967.8620314,4,1029,25,33843000,-1
41967.8639566,4,1030,28,33846000,-1
41967.8672482,4,1031,71,33849000,-1
41967.8702031,4,1032,31,33852000,-1
41967.8702416,4,1033,6,33855000,-1
41967.9280718,4,1034,1,33849000,-1
41967.9430442,4,1035,10,33853000,-1
41967.9437397,4,1036,10,33856000,-1
41967.9971069,4,1037,3,33852000,-1
41968.0766373,4,1038,1,33855000,-1
41968.2592571,4,1039,6,33851000,1
41968.3958579,4,1040,9,33848000,-1
41970.7307675,4,1041,15,33851000,1
41975.5078636,4,1042,39,33848000,1
41976.5734505,4,1043,13,33852000,1
41979.2873554,4,1044,5,33849000,1
41984.1836851,4,1045,1,33845000,-1
41984.701781,4,1046,1,33840000,1
41984.8056272,4,1047,3,33843000,1
41990.9684839,4,1048,10,33840000,1
41993.0460516,4,1049,23,33837000,1
41993.0701656,4,1050,3,33834000,1
41996.1067579,4,1051,2,33837000,-1
42000.5919328,4,1052,34,33840000,-1
42001.0859671,4,1053,21,33843000,-1
42001.5904618,4,1054,21,33846000,1
42001.9901507,4,1055,6,33843000,-1
42001.9918631,4,1056,18,33846000,-1
42002.0353801,4,1057,25,33849000,-1
42002.0353862,4,1058,1,33852000,-1
42002.1129045,4,1059,3,33848000,-1
42002.1142882,4,1060,17,33851000,-1
42002.1163939,4,1061,12,33854000,-1
42002.5207692,4,1062,7,33849000,1
42008.6082497,4,1063,1,33846000,1
42008.9785706,4,1064,2,33849000,-1
42008.9932132,4,1065,1,33852000,-1
42009.1698708,4,1066,3,33849000,1
42010.7438279,4,1067,3,33846000,1
42035.0487734,4,1068,13,33842000,1
42044.5211713,4,1069,9,33839000,1
42046.1553327,4,1070,17,33836000,1
42046.686642,4,1071,17,33833000,-1
42050.3254528,4,1072,15,33836000,-1
42050.3441054,4,1073,1,33839000,1
42052.9012437,4,1074,3,33845000,-1
42074.5338308,4,1075,7,33842000,1
42084.7284156,4,1076,10,33845000,-1
42084.7770931,4,1077,17,33848000,1
42087.6039443,4,1078,2,33845000,-1
42090.6081041,4,1079,6,33848000,1
42094.7112907,4,1080,13,33845000,1
42095.816396,4,1081,4,33842000,1
42116.3530955,4,1082,4,33846000,1
42122.8633707,4,1083,9,33843000,1
42124.0851725,4,1084,6,33840000,1
42125.7848794,4,1085,2,33835000,-1
42127.8281675,4,1086,1,33839000,1
42134.0105033,4,1087,9,33836000,1
42140.1483809,4,1088,8,33833000,1
42140.5062009,4,1089,12,33830000,1
42140.9853289,4,1090,7,33827000,-1
42141.5219647,4,1091,1,33830000,-1
42149.2754504,4,1092,6,33827000,-1
42152.5279454,4,1093,1,33831000,-1
42157.1053084,4,1094,4,33827000,-1
42162.761878,4,1095,43,33830000,1
42163.5693434,4,1096,6,33827000,1
42163.9333016,4,1097,8,33824000,1
42165.1936755,4,1098,8,33821000,1
42166.3072451,4,1099,8,33818000,1
42167.0445499,4,1100,2,33815000,-1
42167.863629,4,1101,1,33818000,-1
42177.6061643,4,1102,12,33815000,1
42184.4880068,4,1103,12,33812000,1
42186.0643999,4,1104,17,33809000,1
42194.2366845,4,1105,43,33806000,-1
42194.2943409,4,1106,5,33810000,-1
42197.5959184,4,1107,3,33813000,-1
42203.8974417,4,1108,1,33817000,-1
42243.7375914,4,1109,10,33820000,1
42243.7673074,4,1110,8,33817000,1
42250.6726636,4,1111,2,33814000,1
42250.6746719,4,1112,17,33811000,1
42251.1217631,4,1113,3,33814000,-1
42252.819263,4,1114,5,33817000,1
42300.4526745,4,1115,12,33813000,1
42300.6578123,4,1116,15,33810000,1
42300.6590405,4,1117,22,33807000,1
42300.660383,4,1118,6,33804000,1
42300.8135679,4,1119,2,33807000,-1
42301.2638031,4,1120,2,33810000,1
42301.2851983,4,1121,1,33807000,1
42301.9858528,4,1122,2,33811000,1
42321.3578862,4,1123,6,33808000,1
42330.496485,4,1124,3,33805000,1
42332.1030033,4,1125,7,33810000,-1
42345.0847028,4,1126,6,33813000,-1
42345.9525093,4,1127,8,33809000,1
42345.9553535,4,1128,5,33806000,1
42346.5069849,4,1129,2,33809000,-1
42362.5488053,4,1130,13,33812000,-1
42378.7368509,4,1131,4,33816000,-1
42379.4947819,4,1132,6,33820000,-1
42390.0301068,4,1133,1,33823000,1
42399.2344792,4,1134,3,33826000,1
42399.2345048,4,1135,1,33823000,1
42400.4340582,4,1136,21,33826000,-1
42401.0260303,4,1137,17,33829000,-1
42407.1955185,4,1138,10,33832000,-1
42423.5471561,4,1139,3,33828000,-1
42425.872209,4,1140,7,33825000,1
42425.8952434,4,1141,19,33822000,-1
42425.9354402,4,1142,2,33819000,-1
42426.0546832,4,1143,1,33822000,-1
42428.3234624,4,1144,7,33818000,1
42435.2455257,4,1145,3,33815000,1
42435.2996851,4,1146,15,33812000,1
42439.7380148,4,1147,1,33809000,-1
42442.3209515,4,1148,46,33812000,-1
42474.5948478,4,1149,2,33815000,-1
42480.6467859,4,1150,3,33812000,1
42486.7953627,4,1151,21,33809000,1
42486.8215468,4,1152,1,33806000,1
42489.0051036,4,1153,6,33810000,1
42491.3561472,4,1154,20,33807000,1
42491.3668014,4,1155,1,33810000,1
42510.8524203,4,1156,5,33806000,1
42514.6349416,4,1157,13,33810000,1
42531.3448727,4,1158,26,33807000,1
42551.551161,4,1159,21,33804000,1
42551.9538585,4,1160,23,33801000,1
42555.1416505,4,1161,2,33798000,-1
42556.1845914,4,1162,4,33801000,1
42557.2046217,4,1163,29,33797000,1
42557.239834,4,1164,5,33794000,-1
42559.4244011,4,1165,3,33797000,1
42560.2706087,4,1166,1,33794000,1
42560.9224587,4,1167,7,33797000,1
42562.2655238,4,1168,14,33794000,1
42562.2655452,4,1169,1,33791000,1
42562.6425176,4,1170,4,33795000,1
42562.9496129,4,1171,2,33791000,-1
42563.9566819,4,1172,5,33794000,-1
42567.2032514,4,1173,2,33797000,1
42577.0238414,4,1174,16,33794000,1
42577.5958114,4,1175,9,33791000,1
42583.3255613,4,1176,2,33794000,-1
42585.012198,4,1177,6,33797000,-1
42587.6329941,4,1178,4,33800000,1
42588.5229359,4,1179,1,33797000,1
42600.3891612,4,1180,9,33800000,1
42600.391211,4,1181,17,33797000,1
42600.3926768,4,1182,18,33794000,1
42600.3934321,4,1183,2,33791000,1
42601.4120767,4,1184,12,33795000,1
42613.5566607,4,1185,17,33792000,1
42616.1157616,4,1186,3,33789000,1
42617.7270917,4,1187,1,33786000,-1
42626.9766177,4,1188,3,33789000,1
42632.3258504,4,1189,2,33786000,-1
42653.1505821,4,1190,9,33789000,-1
42653.9514769,4,1191,4,33792000,-1
42664.5393578,4,1192,4,33795000,1
42667.1374795,4,1193,1,33790000,-1
42678.4808928,4,1194,8,33787000,1
42680.1626188,4,1195,1,33784000,1
42688.8002412,4,1196,2,33788000,1
42699.1084077,4,1197,13,33785000,-1
42709.0759645,4,1198,9,33788000,-1
42719.4514072,4,1199,5,33792000,-1
42727.5422236,4,1200,8,33797000,1
42728.9239368,4,1201,6,33794000,1
42738.7744009,4,1202,17,33791000,-1
42738.8930528,4,1203,7,33794000,-1
42760.2558382,4,1204,3,33790000,-1
42773.2798329,4,1205,1,33793000,-1
42790.2988179,4,1206,4,33788000,1
42797.0368189,4,1207,8,33785000,1
42808.354108,4,1208,39,33781000,-1
42808.459121,4,1209,2,33784000,-1
42809.23585,4,1210,1,33787000,-1
42830.7488713,4,1211,4,33784000,-1
42839.5212462,4,1212,2,33787000,-1
42840.5456866,4,1213,6,33792000,-1
42840.6131779,4,1214,4,33795000,1
42840.7065455,4,1215,1,33791000,1
42858.4829548,4,1216,3,33794000,1
42885.0075713,4,1217,7,33800000,-1
42900.266626,4,1218,25,33796000,1
42905.3029754,4,1219,7,33800000,-1
42914.7243662,4,1220,10,33803000,1
42934.8731879,4,1221,1,33800000,1
42944.1621027,4,1222,2,33806000,1
42949.9063069,4,1223,5,33803000,1
42952.108327,4,1224,1,33800000,1
42962.3253169,4,1225,7,33803000,-1
42988.8338909,4,1226,5,33807000,1
43001.3735358,4,1227,1,33804000,1
43006.5424806,4,1228,1,33811000,-1
43014.9038583,4,1229,9,33808000,1
43015.61689,4,1230,3,33805000,-1
43018.6348078,4,1231,1,33808000,-1
43041.7544025,4,1232,3,33804000,1
43054.0838934,4,1233,5,33808000,1
43058.7438499,4,1234,3,33805000,-1
43088.7760014,4,1235,20,33810000,1
43099.6656463,4,1236,6,33806000,1
43100.401015,4,1237,1,33803000,-1
43105.6296689,4,1238,3,33800000,1
43140.149919,4,1239,14,33797000,1
43150.404214,4,1240,2,33794000,-1
43157.3078348,4,1241,6,33797000,1
43161.0688394,4,1242,2,33794000,-1
43170.4657727,4,1243,1,33791000,1
43179.814322,4,1244,1,33796000,1
43184.8847164,4,1245,4,33802000,-1
43192.9014569,4,1246,20,33805000,-1
43195.9194509,4,1247,11,33808000,-1
43201.220667,4,1248,11,33811000,-1
43203.5092972,4,1249,1,33814000,1
43206.8053382,4,1250,2,33817000,1
43213.981344,4,1251,19,33814000,-1
43218.5095204,4,1252,16,33817000,-1
43222.0049881,4,1253,21,33820000,-1
43225.0170642,4,1254,11,33823000,-1
43227.2627737,4,1255,1,33826000,1
43229.9098283,4,1256,1,33823000,1
43232.0298515,4,1257,1,33826000,-1
43241.0429396,4,1258,19,33823000,1
43246.3566726,4,1259,4,33820000,1
43255.6219263,4,1260,1,33823000,-1
43255.7399065,4,1261,9,33820000,1
43256.3209889,4,1262,4,33817000,1
43262.9488978,4,1263,2,33813000,1
43265.1746035,4,1264,4,33819000,1
43271.0287484,4,1265,11,33822000,1
43288.2972902,4,1266,11,33819000,1
43310.286377,4,1267,7,33816000,1
43310.5815187,4,1268,8,33813000,1
43328.6635521,4,1269,4,33810000,1
43360.2272392,4,1270,34,33813000,1
43360.2466416,4,1271,9,33810000,1
43363.5293646,4,1272,5,33807000,1
43365.9327389,4,1273,11,33804000,1
43368.0423009,4,1274,6,33801000,-1
43380.3950552,4,1275,8,33805000,1
43391.9995147,4,1276,3,33801000,1
43401.3177814,4,1277,2,33806000,1
43401.3247466,4,1278,1,33803000,1
43407.459909,4,1279,2,33800000,1
43410.2793778,4,1280,12,33797000,1
43443.5583396,4,1281,7,33794000,1
43458.6588507,4,1282,13,33791000,-1
43475.2753163,4,1283,11,33794000,1
43476.3008313,4,1284,7,33791000,1
43497.6148844,4,1285,20,33788000,-1
43503.7052266,4,1286,4,33792000,1
43503.7052837,4,1287,1,33789000,1
43524.4238117,4,1288,1,33794000,-1
43527.1595092,4,1289,2,33791000,-1
43554.4042288,4,1290,7,33794000,-1
43557.799169,4,1291,15,33797000,-1
43557.8450901,4,1292,1,33800000,-1
43565.1236563,4,1293,2,33796000,-1
43567.5488014,4,1294,7,33799000,-1
43570.3981652,4,1295,9,33802000,-1
43575.4678081,4,1296,3,33805000,1
43599.2332905,4,1297,7,33802000,-1
43622.0886592,4,1298,15,33807000,-1
43625.15871,4,1299,1,33810000,1
43637.5096186,4,1300,5,33813000,1
43639.3730006,4,1301,3,33816000,-1
43643.2175816,4,1302,2,33819000,-1
43647.2685812,4,1303,10,33823000,-1
43647.762946,4,1304,1,33826000,-1
43652.4640751,4,1305,8,33823000,-1
43656.4523338,4,1306,28,33826000,-1
43662.5638959,4,1307,15,33829000,1
43672.2116879,4,1308,3,33826000,1
43681.025535,4,1309,1,33830000,1
43681.2957387,4,1310,12,33833000,-1
43682.4925311,4,1311,3,33836000,-1
43683.5967604,4,1312,10,33840000,-1
43686.8929145,4,1313,21,33843000,1
43687.9160741,4,1314,11,33840000,1
43687.917201,4,1315,22,33837000,1
43687.9207007,4,1316,43,33834000,1
43691.7414736,4,1317,49,33831000,1
43695.6627005,4,1318,5,33834000,1
43695.6899058,4,1319,1,33831000,-1
43695.8662797,4,1320,2,33834000,-1
43702.3383766,4,1321,1,33837000,-1
43716.5337954,4,1322,6,33840000,1
43733.7487831,4,1323,28,33837000,1
43736.4180761,4,1324,17,33841000,1
43739.7374045,4,1325,19,33844000,-1
43747.3300962,4,1326,12,33847000,-1
43747.9325743,4,1327,66,33850000,1
43748.3546988,4,1328,1,33847000,1
43749.2872935,4,1329,3,33850000,-1
43750.1282915,4,1330,1,33846000,1
43750.344801,4,1331,1,33849000,-1
43751.9953737,4,1332,10,33846000,1
43752.0895238,4,1333,1,33842000,1
43752.8674179,4,1334,5,33845000,1
43755.7328901,4,1335,11,33842000,1
43759.0597357,4,1336,7,33839000,1
43759.471298,4,1337,4,33835000,1
43765.48041,4,1338,1,33838000,1
43766.5564316,4,1339,4,33841000,1
43774.4601247,4,1340,2,33836000,-1
43776.2226856,4,1341,56,33839000,1
43776.3383159,4,1342,1,33835000,1
43790.8015256,4,1343,9,33838000,1
43800.8014604,4,1344,25,33835000,1
43800.8044583,4,1345,1,33832000,1
43801.5383776,4,1346,27,33835000,-1
43801.6384117,4,1347,18,33838000,-1
43802.0600319,4,1348,18,33841000,-1
43803.4426177,4,1349,3,33844000,-1
43811.0189086,4,1350,8,33839000,1
43817.4486099,4,1351,3,33836000,1
43829.1759978,4,1352,31,33833000,1
43842.5218284,4,1353,8,33830000,1
43844.4946721,4,1354,3,33837000,-1
43846.2016809,4,1355,3,33842000,-1
43846.9163857,4,1356,15,33845000,-1
43847.2907186,4,1357,19,33848000,-1
43848.1725048,4,1358,5,33851000,1
43848.3085435,4,1359,1,33846000,1
43848.4689263,4,1360,2,33849000,-1
43848.9355835,4,1361,1,33846000,1
43850.6787342,4,1362,16,33849000,1
43854.3357669,4,1363,25,33846000,1
43854.3979379,4,1364,7,33843000,1
43859.1508715,4,1365,7,33846000,1
43859.2764302,4,1366,3,33842000,1
43861.7051622,4,1367,1,33845000,1
43862.2943168,4,1368,7,33842000,1
43864.0336289,4,1369,3,33839000,1
43869.8192599,4,1370,3,33834000,1
43904.289601,4,1371,9,33830000,1
43906.4239917,4,1372,9,33827000,-1
43907.1422179,4,1373,9,33830000,-1
43918.3032469,4,1374,12,33833000,-1
43930.1743245,4,1375,4,33836000,-1
43934.4563411,4,1376,12,33839000,1
43939.1294218,4,1377,1,33836000,1
43975.2743484,4,1378,17,33833000,1
44016.5800258,4,1379,3,33836000,1
44045.9260222,4,1380,33,33841000,1
44045.9642815,4,1381,4,33838000,1
44054.2799358,4,1382,5,33835000,1
44060.5635446,4,1383,14,33838000,1
44062.7227326,4,1384,13,33835000,1
44062.7227488,4,1385,1,33832000,1
44067.5157185,4,1386,3,33835000,1
44074.4303703,4,1387,14,33831000,1
44119.2697492,4,1388,16,33828000,1
44129.5919078,4,1389,9,33824000,-1
44132.9865919,4,1390,4,33828000,1
44143.6558495,4,1391,2,33824000,1
44157.5884566,4,1392,8,33828000,1
44165.7455884,4,1393,4,33824000,-1
44171.4242131,4,1394,8,33827000,1
44185.4717383,4,1395,14,33824000,1
44189.3995721,4,1396,2,33820000,1
44200.2090092,4,1397,2,33823000,-1
44204.8504271,4,1398,4,33826000,1
44226.5342583,4,1399,3,33822000,1
44242.995897,4,1400,8,33826000,1
44245.5304974,4,1401,6,33829000,-1
44263.7106252,4,1402,2,33832000,1
44271.8845713,4,1403,1,33827000,1
44281.9240405,4,1404,8,33830000,-1
44285.0141751,4,1405,12,33833000,-1
44289.9823753,4,1406,3,33836000,-1
44298.9922118,4,1407,4,33840000,-1
44306.752421,4,1408,3,33837000,-1
44306.7577401,4,1409,16,33840000,-1
44306.7596297,4,1410,30,33843000,-1
44306.7596636,4,1411,4,33846000,-1
44306.8647061,4,1412,1,33842000,1
44306.9046267,4,1413,1,33846000,-1
44309.7012592,4,1414,2,33843000,-1
44316.3219223,4,1415,4,33847000,-1
44317.0361789,4,1416,1,33850000,-1
44319.0289052,4,1417,18,33847000,1
44330.1656689,4,1418,2,33850000,1
44330.2445774,4,1419,8,33847000,1
44351.6010449,4,1420,13,33850000,1
44354.2023858,4,1421,3,33847000,-1
44354.5898468,4,1422,3,33850000,1
44385.811683,4,1423,11,33846000,-1
44400.1087115,4,1424,2,33843000,-1
44401.418735,4,1425,2,33846000,1
44406.369862,4,1426,16,33849000,-1
44446.4224835,4,1427,1,33846000,-1
44452.8130579,4,1428,4,33840000,1
44464.2391327,4,1429,15,33837000,-1
44465.0298046,4,1430,4,33843000,-1
44465.151485,4,1431,2,33847000,1
44467.1364081,4,1432,1,33844000,-1
44472.8809099,4,1433,4,33847000,-1
44472.8809148,4,1434,1,33850000,-1
44484.830925,4,1435,14,33847000,1
44496.9566651,4,1436,24,33851000,1
44497.8145601,4,1437,5,33854000,-1
44509.1539839,4,1438,4,33850000,1
44514.5055901,4,1439,6,33847000,-1
44515.8694686,4,1440,4,33850000,-1
44515.874065,4,1441,30,33853000,-1
44515.9420008,4,1442,3,33856000,1
44516.2486222,4,1443,4,33853000,-1
44532.6277747,4,1444,3,33850000,1
44536.348806,4,1445,13,33859000,-1
44536.4294366,4,1446,26,33862000,-1
44558.2844946,4,1447,79,33865000,-1
44559.7268193,4,1448,40,33868000,1
44565.4553606,4,1449,5,33865000,-1
44565.7335861,4,1450,1,33868000,-1
44567.1097645,4,1451,1,33865000,1
44568.2718285,4,1452,2,33868000,-1
44582.0911564,4,1453,5,33871000,1
44582.5096216,4,1454,6,33868000,1
44590.612198,4,1455,15,33865000,1
44593.3459984,4,1456,1,33862000,1
44600.0499801,4,1457,4,33868000,1
44602.7457655,4,1458,4,33865000,-1
44605.5563168,4,1459,1,33868000,-1
44611.0500098,4,1460,1,33865000,1
44615.8677282,4,1461,2,33869000,-1
44633.2817069,4,1462,3,33872000,-1
44633.5085402,4,1463,17,33875000,-1
44634.2073119,4,1464,4,33878000,1
44635.8872982,4,1465,10,33875000,1
44636.6968626,4,1466,21,33872000,1
44647.3833388,4,1467,7,33869000,1
44651.3481872,4,1468,6,33874000,-1
44655.5077058,4,1469,6,33877000,-1
44659.1630315,4,1470,8,33880000,1
44667.7843458,4,1471,6,33877000,1
44667.9524386,4,1472,30,33880000,1
44674.4584526,4,1473,9,33877000,1
44675.971916,4,1474,4,33874000,1
44686.6359268,4,1475,1,33870000,1
44688.5431282,4,1476,1,33874000,-1
44690.0726502,4,1477,17,33871000,-1
44700.6604463,4,1478,13,33874000,-1
44700.6618387,4,1479,20,33877000,-1
44700.939501,4,1480,19,33880000,-1
44706.6593393,4,1481,21,33883000,-1
44706.8692582,4,1482,34,33886000,-1
44710.371467,4,1483,15,33882000,1
44714.2083826,4,1484,7,33879000,1
44718.7279851,4,1485,3,33882000,-1
44723.6277634,4,1486,28,33886000,1
44725.2649981,4,1487,4,33882000,1
44725.9836502,4,1488,5,33878000,1
44726.4845714,4,1489,4,33875000,-1
44729.0116377,4,1490,4,33879000,1
44729.7148294,4,1491,1,33876000,1
44736.8253134,4,1492,12,33881000,1
44769.7120222,4,1493,19,33878000,1
44770.1977555,4,1494,11,33875000,1
44777.7356157,4,1495,4,33872000,1
44778.5592449,4,1496,9,33869000,1
44794.8343856,4,1497,19,33872000,-1
44796.4649116,4,1498,1,33875000,-1
44804.6161475,4,1499,1,33871000,1
44808.9389311,4,1500,2,33875000,-1
44813.7398024,4,1501,12,33878000,-1
44814.1347022,4,1502,2,33881000,-1
44820.4863679,4,1503,1,33885000,-1
44821.3369753,4,1504,8,33881000,1
44841.7759212,4,1505,2,33878000,1
44846.5675459,4,1506,5,33873000,1
44850.8501685,4,1507,4,33870000,1
44853.7767339,4,1508,2,33867000,-1
44855.6194294,4,1509,1,33863000,1
44880.2892177,4,1510,6,33866000,1
44885.404463,4,1511,14,33862000,1
44890.783342,4,1512,2,33858000,-1
44901.7854783,4,1513,1,33861000,1
44907.5086059,4,1514,5,33864000,1
44916.8064018,4,1515,1,33861000,1
44925.7336518,4,1516,2,33857000,-1
44931.5466232,4,1517,6,33860000,1
44943.0339861,4,1518,10,33857000,1
44956.6895025,4,1519,11,33853000,1
44962.0628343,4,1520,1,33858000,1
44973.5947681,4,1521,8,33855000,-1
44984.11647,4,1522,3,33858000,1
44989.6988142,4,1523,7,33855000,-1
44999.5042655,4,1524,6,33858000,-1
44999.8159839,4,1525,1,33861000,-1
45000.3793482,4,1526,1,33858000,1
45005.7805184,4,1527,6,33861000,-1
45010.0896789,4,1528,4,33864000,-1
45026.0099906,4,1529,19,33867000,1
45030.3152477,4,1530,3,33863000,1
45043.2608501,4,1531,4,33866000,-1
45043.44491,4,1532,2,33870000,-1
45058.3857319,4,1533,2,33866000,-1
45066.0589282,4,1534,8,33869000,-1
45079.0057421,4,1535,1,33872000,-1
45084.2174223,4,1536,4,33876000,-1
45084.3010101,4,1537,51,33879000,-1
45086.2268883,4,1538,8,33875000,1
45088.0617666,4,1539,2,33872000,-1
45088.0841978,4,1540,5,33875000,-1
45114.49277,4,1541,37,33878000,1
45116.0300238,4,1542,1,33875000,1
45132.2686125,4,1543,45,33879000,-1
45151.0264025,4,1544,9,33875000,-1
45159.692723,4,1545,11,33878000,-1
45159.725915,4,1546,15,33881000,-1
45159.8058747,4,1547,10,33884000,-1
45165.5712146,4,1548,8,33887000,1
45166.7957791,4,1549,1,33884000,-1
45174.0638122,4,1550,9,33881000,1
45176.4445761,4,1551,6,33878000,1
45176.6257918,4,1552,1,33875000,1
45185.3166274,4,1553,11,33879000,1
45196.7992275,4,1554,7,33875000,1
45202.0952941,4,1555,3,33872000,1
45204.650375,4,1556,5,33869000,-1
45204.7848997,4,1557,6,33872000,-1
45204.7987625,4,1558,2,33875000,1
45217.4508847,4,1559,5,33872000,1
45222.6495788,4,1560,3,33869000,1
45225.4619717,4,1561,2,33866000,1
45227.3186729,4,1562,3,33863000,-1
45230.5853955,4,1563,2,33866000,1
45241.4421023,4,1564,8,33863000,-1
45249.7655703,4,1565,8,33866000,-1
45250.2767697,4,1566,6,33871000,-1
45251.6913432,4,1567,17,33874000,1
45253.304332,4,1568,4,33871000,1
45262.0063501,4,1569,6,33868000,1
45300.2843463,4,1570,16,33865000,-1
45305.4329046,4,1571,3,33871000,-1
45309.9276487,4,1572,2,33874000,-1
45310.0082002,4,1573,4,33877000,1
45313.7301027,4,1574,3,33874000,-1
45319.6004541,4,1575,8,33877000,1
45322.0001808,4,1576,4,33880000,1
45322.1692004,4,1577,4,33883000,-1
45322.5003262,4,1578,2,33886000,1
45324.4883135,4,1579,25,33883000,1
45324.5213441,4,1580,1,33880000,-1
45327.2582983,4,1581,4,33877000,1
45329.5477944,4,1582,2,33873000,-1
45329.6160634,4,1583,4,33876000,-1
45329.645561,4,1584,2,33879000,1
45345.2913534,4,1585,23,33875000,1
45345.4218026,4,1586,2,33870000,-1
45351.797769,4,1587,1,33873000,1
45363.4589044,4,1588,2,33870000,1
45372.6697623,4,1589,8,33874000,1
45378.047861,4,1590,4,33871000,1
45391.6190104,4,1591,5,33868000,1
45391.6190303,4,1592,1,33865000,1
45412.5505299,4,1593,8,33868000,1
45421.3134924,4,1594,6,33865000,1
45425.7141878,4,1595,6,33862000,1
45436.595693,4,1596,3,33865000,-1
45446.7885411,4,1597,7,33868000,-1
45458.4218564,4,1598,9,33871000,1
45481.9630207,4,1599,33,33867000,1
45484.1115113,4,1600,1,33864000,1
45488.948205,4,1601,3,33868000,1
45491.2418238,4,1602,1,33865000,1
45493.9355082,4,1603,1,33869000,-1
45498.8251489,4,1604,1,33872000,-1
45533.631954,4,1605,8,33869000,1
45544.3573694,4,1606,2,33866000,-1
45551.6904542,4,1607,8,33869000,1
45552.2338788,4,1608,5,33866000,1
45587.9573918,4,1609,18,33862000,-1
45590.3743765,4,1610,11,33865000,-1
45594.2901054,4,1611,1,33868000,1
45596.3586257,4,1612,8,33871000,-1
45601.9529669,4,1613,4,33874000,-1
45602.8548996,4,1614,5,33877000,-1
45609.1098962,4,1615,7,33880000,1
45613.1861924,4,1616,7,33877000,1
45614.6153363,4,1617,6,33873000,1
45617.6693341,4,1618,2,33870000,1
45621.8460661,4,1619,1,33867000,1
45621.9253451,4,1620,2,33873000,1
45651.1706139,4,1621,20,33870000,1
45658.5670644,4,1622,9,33867000,1
45659.8630835,4,1623,3,33864000,1
45670.8993774,4,1624,8,33860000,1
45671.8488852,4,1625,1,33857000,-1
45680.8614022,4,1626,4,33860000,1
45687.3559056,4,1627,2,33857000,1
45690.4802893,4,1628,9,33860000,1
45695.6585803,4,1629,8,33857000,1
45715.0919889,4,1630,8,33860000,-1
45715.236358,4,1631,9,33863000,1
45722.9495973,4,1632,7,33858000,1
45722.9504664,4,1633,4,33855000,1
45727.2756916,4,1634,1,33860000,1
45744.5936098,4,1635,22,33863000,1
45759.4211129,4,1636,2,33860000,-1
45759.7808688,4,1637,1,33863000,-1
45764.0400135,4,1638,4,33860000,1
45764.0786695,4,1639,4,33857000,1
45768.8651957,4,1640,1,33854000,-1
45776.3849838,4,1641,3,33859000,-1
45780.5509589,4,1642,1,33864000,1
45789.2655943,4,1643,9,33867000,-1
45790.6832786,4,1644,10,33870000,-1
45794.3469068,4,1645,5,33873000,-1
45803.1400797,4,1646,7,33876000,1
45811.087253,4,1647,9,33873000,1
45813.0945429,4,1648,3,33870000,-1
45821.2624491,4,1649,6,33873000,-1
45834.2052865,4,1650,1,33878000,1
45854.4131628,4,1651,10,33875000,1
45870.1446682,4,1652,1,33872000,1
45870.2148676,4,1653,2,33875000,-1
45870.7123974,4,1654,8,33878000,-1
45877.8207954,4,1655,23,33881000,-1
45878.1201725,4,1656,1,33878000,-1
45884.4907064,4,1657,6,33874000,1
45888.5249198,4,1658,1,33869000,1
45888.6194644,4,1659,2,33874000,-1
45893.3803827,4,1660,1,33871000,-1
45913.2162905,4,1661,12,33868000,1
45931.9472842,4,1662,1,33865000,1
45942.6540577,4,1663,6,33862000,-1
45949.3209349,4,1664,1,33867000,-1
45949.9987983,4,1665,3,33864000,1
45957.2472753,4,1666,11,33861000,1
45965.439612,4,1667,5,33858000,1
45965.4844906,4,1668,4,33855000,1
45971.5138235,4,1669,8,33852000,1
45976.2058763,4,1670,1,33856000,1
45984.3997682,4,1671,2,33859000,-1
45990.7937976,4,1672,3,33863000,-1
45999.3415091,4,1673,6,33867000,-1
46013.593404,4,1674,6,33870000,-1
46019.3801759,4,1675,3,33867000,1
46026.8400385,4,1676,4,33864000,1
46042.7150306,4,1677,18,33861000,-1
46051.3291322,4,1678,12,33853000,-1
46051.3749452,4,1679,3,33856000,1
46051.5140193,4,1680,13,33853000,-1
46063.6793506,4,1681,1,33856000,1
46065.3573497,4,1682,3,33860000,1
46099.1546615,4,1683,22,33857000,1
46106.4989058,4,1684,11,33854000,1
46109.2878665,4,1685,7,33851000,1
46110.7000848,4,1686,13,33848000,1
46113.4739291,4,1687,17,33845000,1
46113.4739346,4,1688,1,33842000,1
46116.0825167,4,1689,21,33845000,-1
46116.332239,4,1690,7,33848000,1
46121.2934383,4,1691,13,33845000,1
46131.1240363,4,1692,37,33842000,1
46132.2123662,4,1693,5,33839000,-1
46132.6852903,4,1694,3,33842000,1
46133.5704969,4,1695,1,33839000,1
46134.1451996,4,1696,7,33842000,-1
46138.5406306,4,1697,3,33845000,-1
46141.1684434,4,1698,3,33848000,-1
46143.196097,4,1699,3,33851000,-1
46146.9100299,4,1700,2,33854000,1
46149.1962115,4,1701,6,33850000,1
46151.274962,4,1702,1,33847000,-1
46154.1735348,4,1703,2,33850000,1
46166.0626686,4,1704,11,33847000,-1
46166.1065328,4,1705,19,33850000,1
46171.6048116,4,1706,8,33847000,1
46172.3126389,4,1707,7,33844000,1
46191.0177561,4,1708,7,33848000,-1
46199.8143866,4,1709,2,33851000,-1
46211.2086472,4,1710,2,33855000,-1
46215.1106304,4,1711,3,33851000,1
46222.2740332,4,1712,8,33848000,1
46224.5841601,4,1713,3,33845000,-1
46239.4897857,4,1714,1,33850000,1
46249.4253032,4,1715,6,33855000,-1
46250.2094862,4,1716,9,33858000,-1
46257.5552528,4,1717,35,33853000,1
46262.1665189,4,1718,1,33858000,-1
46278.3243699,4,1719,2,33855000,1
46284.1498227,4,1720,4,33852000,1
46284.8375452,4,1721,2,33849000,1
46290.3446233,4,1722,13,33846000,1
46299.0895966,4,1723,16,33843000,-1
46329.9772988,4,1724,12,33847000,-1
46338.5744848,4,1725,9,33844000,1
46340.0439504,4,1726,11,33841000,1
46341.3332526,4,1727,10,33838000,1
46341.5511637,4,1728,5,33835000,1
46343.4938982,4,1729,11,33832000,-1
46345.0824911,4,1730,2,33835000,1
46345.082501,4,1731,1,33832000,1
46349.6878646,4,1732,7,33835000,1
46353.6987563,4,1733,1,33832000,1
46359.5139221,4,1734,6,33835000,1
46359.5327035,4,1735,10,33832000,-1
46378.554473,4,1736,2,33835000,1
46379.3256803,4,1737,9,33832000,-1
46380.1794276,4,1738,9,33828000,-1
46380.8440225,4,1739,7,33831000,1
46380.8440389,4,1740,1,33828000,1
46380.8611868,4,1741,1,33831000,-1
46381.1360999,4,1742,1,33828000,1
46383.5128109,4,1743,5,33831000,-1
46410.2958975,4,1744,3,33834000,1
46411.8635651,4,1745,10,33837000,1
46418.4896269,4,1746,3,33832000,1
46421.8136369,4,1747,28,33828000,1
46427.9784859,4,1748,8,33825000,1
46429.0930159,4,1749,2,33822000,1
46433.0314892,4,1750,3,33825000,1
46439.5407127,4,1751,2,33822000,1
46441.9114314,4,1752,20,33819000,1
46441.9506529,4,1753,14,33816000,1
46445.0023415,4,1754,6,33813000,-1
46451.3906256,4,1755,7,33810000,-1
46452.6223185,4,1756,12,33813000,-1
46459.9416776,4,1757,1,33816000,-1
46465.633853,4,1758,4,33811000,1
46470.4916902,4,1759,4,33808000,-1
46476.509027,4,1760,2,33811000,-1
46479.4290921,4,1761,1,33814000,-1
46483.0832081,4,1762,2,33811000,-1
46496.0389318,4,1763,2,33814000,-1
46501.2521903,4,1764,11,33811000,1
46501.2532895,4,1765,26,33808000,1
46502.5026667,4,1766,2,33805000,1
46508.6394879,4,1767,1,33811000,-1
46518.0805913,4,1768,13,33808000,1
46518.48545,4,1769,8,33805000,1
46518.7562543,4,1770,26,33802000,1
46518.8351318,4,1771,10,33799000,1
46518.8546705,4,1772,11,33796000,1
46519.0994384,4,1773,4,33793000,-1
46524.7987105,4,1774,2,33797000,-1
46530.1038307,4,1775,8,33800000,-1
46531.0097559,4,1776,3,33803000,-1
46534.1066711,4,1777,4,33806000,-1
46536.7584837,4,1778,2,33810000,1
46538.5320169,4,1779,1,33807000,-1
46546.8900625,4,1780,12,33804000,1
46552.8912827,4,1781,1,33801000,1
46561.2828353,4,1782,5,33807000,-1
46562.8317437,4,1783,1,33810000,-1
46563.8225405,4,1784,5,33805000,-1
46563.840739,4,1785,10,33802000,-1
46565.1052364,4,1786,1,33807000,-1
46567.1118322,4,1787,12,33803000,1
46567.1118651,4,1788,4,33800000,1
46568.3577169,4,1789,6,33797000,-1
46572.2369423,4,1790,8,33800000,-1
46574.3761013,4,1791,2,33803000,1
46577.4999489,4,1792,17,33800000,-1
46578.4866596,4,1793,2,33803000,-1
46579.523648,4,1794,1,33806000,-1
46589.169868,4,1795,10,33803000,-1
46590.6437056,4,1796,1,33807000,-1
46593.8905498,4,1797,3,33803000,-1
46595.7324766,4,1798,14,33806000,-1
46600.3625574,4,1799,1,33809000,-1
46604.0965443,4,1800,7,33804000,1
46606.8048444,4,1801,2,33801000,-1
46608.5804605,4,1802,5,33805000,-1
46616.4371925,4,1803,7,33809000,-1
46616.5728543,4,1804,2,33812000,1
46616.8604109,4,1805,2,33809000,1
46616.860964,4,1806,11,33806000,1
46616.8609965,4,1807,1,33803000,1
46626.3849028,4,1808,12,33809000,1
46626.3881711,4,1809,2,33806000,1
46635.6991728,4,1810,7,33802000,1
46640.6698215,4,1811,3,33799000,-1
46640.7683956,4,1812,5,33802000,-1
46649.9865309,4,1813,5,33805000,-1
46663.8310383,4,1814,21,33808000,-1
46663.8808151,4,1815,1,33804000,1
46674.8185239,4,1816,1,33801000,1
46686.5273893,4,1817,12,33807000,-1
46690.2561113,4,1818,7,33810000,-1
46693.7934928,4,1819,5,33806000,-1
46695.8330725,4,1820,8,33803000,-1
46699.4368967,4,1821,4,33807000,-1
46700.6954715,4,1822,4,33804000,-1
46706.9268792,4,1823,4,33807000,-1
46712.5727855,4,1824,1,33804000,-1
46715.1080511,4,1825,21,33801000,1
46731.7470612,4,1826,10,33796000,1
46736.5483695,4,1827,6,33799000,-1
46741.3706329,4,1828,2,33802000,-1
46745.512151,4,1829,2,33807000,-1
46745.7617216,4,1830,1,33810000,-1
46750.2348073,4,1831,10,33802000,1
46756.0253228,4,1832,1,33799000,1
46758.4651922,4,1833,1,33796000,-1
46773.7528029,4,1834,7,33800000,-1
46779.0562226,4,1835,1,33803000,1
46793.7586792,4,1836,1,33800000,1
46794.1277893,4,1837,11,33804000,-1
46800.1782802,4,1838,10,33800000,1
46800.5932949,4,1839,2,33804000,-1
46801.2121681,4,1840,12,33807000,-1
46805.0419209,4,1841,7,33810000,-1
46805.7098017,4,1842,1,33814000,-1
46807.3566082,4,1843,2,33811000,-1
46809.7895031,4,1844,6,33807000,1
46810.1541084,4,1845,1,33804000,1
46811.595851,4,1846,4,33807000,-1
46815.5984461,4,1847,2,33810000,-1
46816.2560639,4,1848,18,33813000,-1
46816.3305918,4,1849,10,33816000,-1
46819.7584208,4,1850,13,33819000,-1
46825.7833368,4,1851,1,33822000,-1
46829.2432224,4,1852,6,33819000,1
46829.2576915,4,1853,4,33816000,-1
46832.0626047,4,1854,1,33819000,1
46835.0745897,4,1855,1,33816000,1
46857.978694,4,1856,6,33819000,1
46860.5752367,4,1857,2,33816000,1
46862.7217127,4,1858,3,33813000,1
46868.2080497,4,1859,3,33816000,-1
46870.9269746,4,1860,1,33820000,-1
46875.7833703,4,1861,6,33816000,1
46878.1760765,4,1862,7,33812000,1
46880.0679008,4,1863,6,33809000,-1
46881.3914044,4,1864,2,33806000,1
46884.4459828,4,1865,1,33803000,-1
46887.5797504,4,1866,2,33800000,-1
46891.013291,4,1867,4,33804000,1
46891.0780896,4,1868,14,33801000,-1
46898.5484644,4,1869,2,33804000,1
46901.4948095,4,1870,11,33801000,1
46915.2418968,4,1871,7,33798000,-1
46919.2182866,4,1872,6,33802000,-1
46925.137723,4,1873,19,33805000,1
46933.0416166,4,1874,7,33802000,1
46933.8593879,4,1875,2,33798000,1
46935.8310465,4,1876,5,33795000,1
46946.8699559,4,1877,3,33792000,-1
46947.0666327,4,1878,1,33788000,1
46952.3279495,4,1879,7,33791000,-1
46960.7646178,4,1880,2,33787000,-1
46964.1933668,4,1881,9,33783000,-1
46965.0383898,4,1882,20,33786000,-1
46968.7012323,4,1883,8,33789000,-1
46968.8027701,4,1884,3,33792000,-1
46968.8575972,4,1885,2,33795000,1
46970.4965286,4,1886,1,33791000,1
46972.0371381,4,1887,9,33794000,-1
46976.3443467,4,1888,2,33797000,-1
46980.2232918,4,1889,4,33800000,-1
46983.3365023,4,1890,12,33804000,-1
46983.8696739,4,1891,8,33807000,-1
46984.0048308,4,1892,2,33810000,1
46984.4663411,4,1893,12,33807000,-1
46984.5749955,4,1894,1,33810000,-1
46985.8855264,4,1895,5,33807000,-1
46986.1435548,4,1896,4,33810000,1
46987.0420536,4,1897,1,33806000,1
46988.3817933,4,1898,2,33810000,-1
46988.6978934,4,1899,1,33813000,-1
46989.0666019,4,1900,3,33809000,1
46993.5860806,4,1901,5,33805000,-1
46993.598744,4,1902,1,33808000,-1
47006.0278103,4,1903,2,33805000,1
47010.6862814,4,1904,8,33809000,-1
47013.5220644,4,1905,3,33812000,1
47018.4492586,4,1906,2,33809000,1
47029.1115602,4,1907,5,33806000,1
47034.4045283,4,1908,7,33803000,1
47041.824624,4,1909,7,33800000,1
47051.2372768,4,1910,8,33804000,1
47051.2704063,4,1911,2,33801000,1
47051.6871558,4,1912,10,33798000,1
47051.7467294,4,1913,20,33795000,1
47057.3752905,4,1914,2,33791000,1
47060.7314364,4,1915,2,33788000,1
47062.6789174,4,1916,1,33785000,1
47069.1222745,4,1917,3,33788000,-1
47071.50236,4,1918,1,33792000,-1
47082.7756591,4,1919,2,33789000,1
47096.0645102,4,1920,5,33792000,1
47096.0652383,4,1921,12,33789000,1
47096.1267171,4,1922,1,33786000,1
47100.7954085,4,1923,2,33790000,-1
47102.3708259,4,1924,16,33793000,-1
47109.9914639,4,1925,2,33796000,-1
47112.0949767,4,1926,1,33799000,-1
47117.6736605,4,1927,11,33790000,-1
47123.4499057,4,1928,2,33793000,-1
47126.4287434,4,1929,1,33789000,-1
47135.3697045,4,1930,15,33786000,1
47135.3704286,4,1931,21,33783000,1
47135.371041,4,1932,15,33780000,1
47135.9055212,4,1933,3,33783000,1
47139.0422138,4,1934,2,33780000,1
47144.4366577,4,1935,1,33784000,-1
47154.1779066,4,1936,3,33787000,1
47154.8544112,4,1937,3,33784000,-1
47160.9555583,4,1938,4,33787000,-1
47166.4748908,4,1939,2,33790000,-1
47168.2841758,4,1940,2,33786000,1
47175.1600624,4,1941,4,33783000,1
47181.2868131,4,1942,16,33780000,1
47183.5373311,4,1943,5,33777000,-1
47185.1555907,4,1944,5,33780000,-1
47186.6516383,4,1945,10,33783000,-1
47192.7225277,4,1946,2,33787000,-1
47193.4721845,4,1947,2,33790000,1
47193.4721985,4,1948,1,33787000,1
47203.0822064,4,1949,15,33790000,1
47205.0965173,4,1950,1,33787000,1
47209.1742098,4,1951,1,33790000,-1
47211.906507,4,1952,3,33786000,1
47221.4299745,4,1953,7,33790000,-1
47242.6728585,4,1954,8,33787000,1
47252.0146485,4,1955,4,33783000,-1
47264.2613981,4,1956,9,33786000,-1
47272.2833295,4,1957,15,33792000,-1
47281.2841044,4,1958,1,33795000,-1
47282.8885393,4,1959,8,33792000,-1
47285.5262005,4,1960,7,33795000,-1
47292.2024409,4,1961,3,33798000,1
47292.2224959,4,1962,2,33795000,-1
47301.295544,4,1963,1,33799000,-1
47316.820447,4,1964,2,33790000,1
47319.4797264,4,1965,10,33787000,-1
47329.9936278,4,1966,1,33791000,-1
47341.2424846,4,1967,3,33786000,-1
47344.1184877,4,1968,3,33781000,1
47350.6581427,4,1969,3,33790000,1
47352.1319565,4,1970,7,33787000,-1
47352.8818322,4,1971,12,33791000,1
47358.3431575,4,1972,3,33788000,-1
47362.111212,4,1973,1,33785000,1
47374.5454399,4,1974,1,33781000,1
47386.4810024,4,1975,10,33786000,-1
47390.8381896,4,1976,2,33791000,1
47400.7351572,4,1977,10,33788000,1
47400.737802,4,1978,14,33785000,1
47400.7987498,4,1979,21,33782000,1
47401.5918612,4,1980,21,33779000,1
47401.5983981,4,1981,21,33776000,1
47402.067971,4,1982,1,33773000,1
47403.5264963,4,1983,2,33779000,-1
47416.2401604,4,1984,10,33782000,-1
47442.0980913,4,1985,1,33785000,-1
47450.6127786,4,1986,8,33782000,1
47459.0233125,4,1987,5,33786000,-1
47469.8502259,4,1988,15,33789000,1
47472.6345145,4,1989,4,33786000,-1
47473.1767578,4,1990,2,33789000,-1
47474.9425584,4,1991,4,33792000,-1
47477.0053414,4,1992,3,33789000,1
47485.3252343,4,1993,15,33784000,-1
47485.4005742,4,1994,3,33788000,-1
47489.3945091,4,1995,4,33791000,1
47499.4892375,4,1996,6,33788000,-1
47507.2746889,4,1997,5,33792000,-1
47507.5069291,4,1998,5,33795000,-1
47514.7084423,4,1999,10,33798000,-1
47523.2723578,4,2000,11,33801000,-1
47525.0931943,4,2001,6,33804000,-1
47527.5026101,4,2002,7,33807000,-1
47529.007079,4,2003,9,33810000,-1
47529.0070887,4,2004,1,33813000,-1
47533.3078165,4,2005,3,33810000,-1
47535.4884274,4,2006,1,33813000,-1
47537.8597698,4,2007,1,33809000,-1
47540.3062355,4,2008,3,33812000,1
47541.4504164,4,2009,2,33809000,1
47542.9379569,4,2010,2,33805000,-1
47552.7073052,4,2011,2,33808000,1
47557.4851923,4,2012,1,33811000,-1
47563.9645313,4,2013,5,33808000,1
47569.3711456,4,2014,3,33811000,1
47573.1306323,4,2015,5,33808000,-1
47576.1629061,4,2016,10,33811000,-1
47579.9394736,4,2017,9,33814000,1
47595.0270413,4,2018,2,33810000,1
47595.0379183,4,2019,1,33807000,1
47598.9036912,4,2020,1,33810000,-1
47609.5459476,4,2021,8,33807000,-1
47611.0831518,4,2022,13,33810000,-1
47617.0254848,4,2023,1,33813000,-1
47628.9706198,4,2024,4,33805000,-1
47628.9706441,4,2025,1,33808000,-1
47641.1154412,4,2026,3,33802000,1
47641.6233871,4,2027,1,33799000,1
47645.6306831,4,2028,1,33802000,1
47660.2442318,4,2029,3,33808000,1
47669.1672265,4,2030,4,33805000,1
47670.4919561,4,2031,8,33808000,-1
47670.8520122,4,2032,4,33811000,-1
47682.1234195,4,2033,1,33808000,-1
47700.4047684,4,2034,4,33811000,-1
47706.8247174,4,2035,2,33815000,-1
47709.479254,4,2036,2,33818000,1
47735.9521817,4,2037,17,33815000,1
47746.3801687,4,2038,8,33812000,1
47748.7883218,4,2039,7,33809000,1
47762.1458967,4,2040,6,33806000,-1
47763.6132328,4,2041,11,33809000,1
47766.1432905,4,2042,3,33806000,-1
47804.3642884,4,2043,9,33809000,-1
47811.6767874,4,2044,2,33812000,1
47812.27478,4,2045,6,33809000,-1
47828.2844915,4,2046,16,33812000,1
47833.1198064,4,2047,7,33808000,-1
47836.7166079,4,2048,6,33812000,-1
47836.7620338,4,2049,9,33815000,-1
47849.5885918,4,2050,34,33819000,1
47864.6455245,4,2051,54,33815000,1
47868.4763186,4,2052,1,33812000,-1
47875.1175055,4,2053,2,33808000,-1
47881.2526347,4,2054,1,33814000,-1
47894.3340532,4,2055,11,33802000,-1
47908.8847084,4,2056,2,33805000,1
47919.3865492,4,2057,2,33810000,-1
47931.2266509,4,2058,1,33814000,-1
47954.7943276,4,2059,3,33809000,1
47955.4984242,4,2060,10,33806000,1
47972.8127714,4,2061,4,33803000,-1
47979.0666728,4,2062,1,33807000,-1
47981.7253018,4,2063,3,33812000,1
47986.5456868,4,2064,7,33809000,-1
47986.5726093,4,2065,1,33812000,-1
47995.0479738,4,2066,1,33808000,1
48000.3495191,4,2067,5,33813000,-1
48000.3742202,4,2068,1,33816000,-1
48004.9040614,4,2069,8,33812000,1
48008.2350317,4,2070,1,33809000,1
48009.0910672,4,2071,1,33812000,-1
48021.6169302,4,2072,7,33809000,1
48044.5534691,4,2073,5,33806000,1
48062.5041569,4,2074,4,33803000,-1
48069.3117784,4,2075,1,33806000,-1
48077.9173444,4,2076,7,33801000,1
48084.4394633,4,2077,5,33798000,1
48088.958394,4,2078,2,33795000,1
48093.4308074,4,2079,8,33792000,1
48093.4802245,4,2080,2,33795000,-1
48094.7803872,4,2081,1,33800000,-1
48100.8777123,4,2082,4,33797000,1
48103.4491646,4,2083,4,33794000,-1
48120.4108065,4,2084,7,33798000,-1
48128.2355719,4,2085,6,33802000,1
48135.7697879,4,2086,5,33799000,1
48136.4869771,4,2087,11,33796000,-1
48164.8693086,4,2088,1,33799000,-1
48183.8795842,4,2089,1,33802000,-1
48190.2733579,4,2090,2,33799000,-1
48209.6506183,4,2091,1,33802000,1
48257.3974106,4,2092,18,33807000,1
48261.4573668,4,2093,6,33804000,1
48261.4603922,4,2094,1,33801000,1
48262.7128626,4,2095,2,33798000,1
48266.6996252,4,2096,5,33795000,-1
48273.690924,4,2097,3,33792000,-1
48275.280671,4,2098,5,33795000,-1
48281.442479,4,2099,3,33798000,1
48293.710608,4,2100,2,33793000,-1
48301.1692782,4,2101,1,33796000,-1
48305.7043162,4,2102,2,33792000,1
48312.2384881,4,2103,3,33789000,1
48315.9078175,4,2104,5,33792000,1
48317.7433737,4,2105,5,33789000,-1
48326.7294076,4,2106,4,33793000,-1
48336.5256062,4,2107,1,33790000,-1
48344.4756927,4,2108,8,33787000,1
48348.8936803,4,2109,6,33784000,1
48349.3583371,4,2110,35,33780000,1
48352.1769871,4,2111,2,33775000,1
48352.2720588,4,2112,8,33772000,1
48352.3234275,4,2113,14,33769000,1
48357.1142959,4,2114,30,33766000,-1
48364.9189579,4,2115,12,33769000,-1
48365.8855048,4,2116,9,33773000,1
48373.6501809,4,2117,1,33776000,1
48379.8755318,4,2118,9,33784000,1
48381.654465,4,2119,9,33781000,1
48385.6188816,4,2120,5,33784000,1
48393.4875118,4,2121,17,33781000,1
48394.5645997,4,2122,9,33778000,1
48396.2792656,4,2123,4,33775000,1
48399.806914,4,2124,5,33778000,1
48402.3520768,4,2125,7,33782000,-1
48406.6781863,4,2126,1,33785000,-1
48413.2720521,4,2127,6,33782000,-1
48413.2959845,4,2128,2,33785000,-1
48414.4992686,4,2129,10,33788000,-1
48417.2060458,4,2130,6,33791000,-1
48418.1469465,4,2131,5,33794000,-1
48429.4782674,4,2132,6,33797000,1
48432.4175576,4,2133,1,33794000,1
48433.6641783,4,2134,3,33797000,1
48437.2064943,4,2135,8,33794000,1
48437.2065004,4,2136,1,33791000,1
48437.4683646,4,2137,1,33794000,-1
48470.9794024,4,2138,7,33797000,-1
48471.0500554,4,2139,9,33800000,-1
48479.0541789,4,2140,12,33803000,-1
48488.3464503,4,2141,16,33806000,-1
48488.5161952,4,2142,4,33809000,1
48488.8445467,4,2143,1,33806000,1
48489.9005495,4,2144,12,33809000,-1
48489.9005715,4,2145,1,33812000,-1
48507.3106701,4,2146,1,33815000,1
48516.3290697,4,2147,1,33818000,1
48519.4535966,4,2148,4,33821000,-1
48520.9289053,4,2149,4,33815000,1
48526.2552865,4,2150,4,33820000,-1
48526.2555026,4,2151,1,33823000,-1
48527.1183811,4,2152,8,33820000,1
48527.6369874,4,2153,9,33817000,1
48531.0585706,4,2154,16,33814000,1
48537.2260656,4,2155,1,33811000,1
48540.378931,4,2156,4,33819000,1
48553.2771843,4,2157,10,33816000,-1
48566.6818671,4,2158,1,33819000,-1
48573.0207156,4,2159,2,33816000,1
48573.0583453,4,2160,8,33813000,1
48575.3266649,4,2161,7,33810000,1
48577.025622,4,2162,9,33806000,1
48579.1062167,4,2163,2,33803000,1
48584.102338,4,2164,2,33800000,-1
48589.0071652,4,2165,7,33804000,-1
48589.1133682,4,2166,4,33808000,1
48600.5258259,4,2167,3,33805000,1
48600.7659202,4,2168,1,33801000,1
48600.8606074,4,2169,1,33804000,-1
48601.9739291,4,2170,5,33807000,-1
48603.3267424,4,2171,6,33804000,1
48603.8532222,4,2172,21,33801000,-1
48604.5645302,4,2173,1,33805000,-1
48607.1799518,4,2174,12,33798000,1
48607.1841762,4,2175,18,33795000,1
48607.1868798,4,2176,26,33792000,1
48607.1913386,4,2177,25,33789000,1
48607.1915942,4,2178,14,33786000,1
48607.3369013,4,2179,2,33790000,-1
48607.3594098,4,2180,3,33793000,1
48607.4746015,4,2181,14,33790000,1
48607.5138798,4,2182,1,33787000,1
48610.549105,4,2183,17,33790000,-1
48613.8547549,4,2184,1,33794000,-1
48615.6198125,4,2185,1,33791000,1
48616.7630824,4,2186,1,33787000,-1
48617.2463821,4,2187,4,33783000,1
48617.7216907,4,2188,4,33780000,1
48617.7775363,4,2189,12,33777000,1
48617.8039461,4,2190,13,33774000,-1
48619.4433566,4,2191,4,33778000,-1
48627.0261258,4,2192,8,33775000,-1
48629.7562485,4,2193,6,33778000,1
48632.3725195,4,2194,6,33771000,1
48635.1335021,4,2195,6,33766000,1
48636.394222,4,2196,1,33763000,1
48638.2121586,4,2197,4,33768000,-1
48639.4844793,4,2198,7,33765000,-1
48639.484491,4,2199,1,33768000,-1
48641.3026454,4,2200,1,33765000,1
48642.537894,4,2201,1,33769000,-1
48645.2782332,4,2202,6,33763000,-1
48648.3117055,4,2203,1,33766000,-1
48652.4635581,4,2204,1,33762000,1
48653.056466,4,2205,17,33767000,-1
48656.6956193,4,2206,1,33770000,-1
48660.457243,4,2207,4,33766000,1
48660.4889505,4,2208,1,33762000,1
48662.1702389,4,2209,1,33766000,1
48663.5445067,4,2210,13,33769000,-1
48663.6469518,4,2211,1,33772000,-1
48664.7968405,4,2212,1,33776000,-1
48665.1755537,4,2213,2,33773000,1
48666.6355664,4,2214,1,33770000,1
48667.6108412,4,2215,1,33773000,-1
48668.0465965,4,2216,6,33770000,1
48668.1004459,4,2217,1,33767000,1
48670.7515977,4,2218,2,33772000,1
48672.476277,4,2219,3,33768000,-1
48674.9004725,4,2220,6,33764000,1
48676.1961365,4,2221,13,33761000,1
48677.7541703,4,2222,5,33758000,1
48678.416765,4,2223,13,33755000,1
48679.1194611,4,2224,2,33752000,-1
48680.8647035,4,2225,8,33755000,-1
48680.8984052,4,2226,6,33758000,-1
48682.965233,4,2227,8,33761000,1
48686.9004559,4,2228,6,33764000,-1
48687.5299962,4,2229,4,33767000,1
48688.0815407,4,2230,2,33764000,1
48691.5287212,4,2231,3,33760000,-1
48694.0537451,4,2232,2,33763000,1
48694.9753041,4,2233,9,33759000,1
48696.3697441,4,2234,5,33756000,1
48697.0160685,4,2235,7,33753000,-1
48697.9510362,4,2236,3,33756000,1
48697.9533877,4,2237,4,33753000,1
48700.4719655,4,2238,3,33757000,1
48702.4640083,4,2239,4,33754000,-1
48702.4856516,4,2240,1,33757000,-1
48703.1102239,4,2241,1,33760000,1
48703.1102463,4,2242,1,33763000,-1
48704.2747389,4,2243,11,33760000,1
48704.7666519,4,2244,5,33757000,1
48704.7690214,4,2245,12,33754000,1
48704.7747431,4,2246,43,33751000,1
48704.9962982,4,2247,16,33748000,1
48705.004167,4,2248,2,33745000,-1
48707.8801823,4,2249,16,33748000,-1
48708.5492888,4,2250,1,33751000,1
48711.3024052,4,2251,4,33754000,1
48713.3490896,4,2252,2,33759000,-1
48713.3619291,4,2253,3,33762000,-1
48713.8645362,4,2254,5,33765000,1
48717.2025423,4,2255,2,33762000,-1
48718.2296485,4,2256,6,33765000,-1
48719.686206,4,2257,1,33768000,1
48720.7752601,4,2258,4,33771000,-1
48727.2388027,4,2259,8,33774000,-1
48734.2579727,4,2260,13,33778000,1
48739.6143379,4,2261,12,33781000,-1
48739.6143429,4,2262,1,33784000,-1
48741.0192797,4,2263,2,33781000,1
48742.1601978,4,2264,4,33778000,1
48742.3223612,4,2265,1,33774000,1
48743.1410725,4,2266,1,33777000,-1
48746.3166962,4,2267,2,33772000,-1
48747.4057401,4,2268,12,33776000,-1
48753.1125029,4,2269,26,33782000,1
48753.1149589,4,2270,11,33779000,1
48753.2197431,4,2271,4,33776000,-1
48754.0214775,4,2272,1,33780000,1
48756.5837608,4,2273,2,33785000,-1
48760.1961815,4,2274,9,33788000,-1
48761.3635181,4,2275,2,33792000,1
48763.2093871,4,2276,16,33789000,1
48763.2105509,4,2277,1,33786000,1
48767.2921434,4,2278,7,33790000,-1
48773.7142453,4,2279,1,33794000,-1
48777.3358772,4,2280,6,33789000,-1
48777.7369737,4,2281,5,33792000,-1
48781.4555017,4,2282,8,33795000,-1
48781.7023279,4,2283,5,33798000,-1
48783.178402,4,2284,2,33801000,1
48786.802518,4,2285,15,33807000,-1
48789.9789934,4,2286,3,33804000,1
48790.9702372,4,2287,1,33807000,1
48791.0653527,4,2288,1,33810000,1
48792.1436721,4,2289,15,33807000,1
48792.1633739,4,2290,5,33804000,-1
48792.288753,4,2291,1,33807000,1
48793.9295225,4,2292,1,33802000,-1
48795.2333515,4,2293,1,33806000,-1
48797.9750462,4,2294,3,33803000,1
48799.0230467,4,2295,3,33800000,1
48802.9378835,4,2296,7,33803000,-1
48804.6252959,4,2297,3,33806000,1
48807.228162,4,2298,7,33803000,1
48807.7005526,4,2299,18,33800000,-1
48808.4663744,4,2300,3,33803000,-1
48810.5975256,4,2301,1,33806000,1
48816.5200869,4,2302,1,33809000,-1
48822.0955825,4,2303,6,33805000,-1
48823.7860908,4,2304,12,33808000,-1
48823.8187345,4,2305,1,33811000,-1
48827.1122216,4,2306,2,33808000,1
48827.1122367,4,2307,3,33805000,1
48841.2125689,4,2308,5,33802000,-1
48842.5566678,4,2309,10,33806000,-1
48844.8416901,4,2310,1,33809000,1
48845.6948843,4,2311,14,33813000,-1
48845.8014136,4,2312,4,33816000,1
48854.160324,4,2313,6,33813000,1
48856.9144775,4,2314,2,33810000,-1
48856.9144823,4,2315,1,33813000,-1
48856.9450733,4,2316,1,33810000,1
48859.4548052,4,2317,2,33813000,1
48862.676589,4,2318,2,33810000,1
48867.7685197,4,2319,6,33815000,1
48867.7889393,4,2320,1,33812000,1
48891.4801484,4,2321,16,33809000,1
48897.0301744,4,2322,3,33805000,-1
48897.0302235,4,2323,2,33808000,-1
48902.3071041,4,2324,6,33805000,-1
48902.533856,4,2325,2,33809000,-1
48908.2838938,4,2326,55,33813000,-1
48916.3946048,4,2327,35,33816000,1
48918.6100724,4,2328,1,33813000,-1
48920.5183846,4,2329,1,33809000,-1
48921.8772825,4,2330,10,33802000,1
48921.9498348,4,2331,3,33799000,1
48924.979059,4,2332,8,33796000,1
48925.3063207,4,2333,2,33793000,-1
48925.9953172,4,2334,4,33796000,-1
48926.824188,4,2335,3,33799000,1
48927.9280967,4,2336,2,33796000,1
48928.0891657,4,2337,8,33793000,1
48928.0892033,4,2338,1,33790000,1
48933.9704958,4,2339,5,33793000,1
48935.7492991,4,2340,1,33798000,-1
48936.9842336,4,2341,2,33803000,-1
48942.7648039,4,2342,1,33806000,1
48964.0668118,4,2343,6,33809000,-1
48964.4631944,4,2344,1,33813000,1
48973.9631111,4,2345,17,33816000,1
48974.0127481,4,2346,13,33819000,-1
48974.9954605,4,2347,1,33822000,-1
48976.6915235,4,2348,5,33816000,-1
48977.4855652,4,2349,3,33819000,-1
48981.409246,4,2350,3,33822000,-1
48982.2525132,4,2351,4,33819000,-1
48986.2950958,4,2352,4,33822000,-1
48991.5589908,4,2353,7,33825000,1
48993.1321588,4,2354,6,33821000,-1
48997.5866316,4,2355,1,33824000,1
49004.1999567,4,2356,25,33827000,1
49004.1999721,4,2357,3,33824000,1
49006.8155302,4,2358,5,33827000,-1
49006.8155355,4,2359,1,33830000,-1
49008.8544586,4,2360,5,33826000,1
49009.7845827,4,2361,1,33822000,1
49017.2032442,4,2362,3,33826000,1
49020.0681835,4,2363,10,33829000,1
49022.3227442,4,2364,3,33826000,-1
49027.6134709,4,2365,1,33829000,-1
49034.2549462,4,2366,5,33825000,-1
49035.6840706,4,2367,4,33828000,-1
49041.921068,4,2368,10,33831000,-1
49057.6598268,4,2369,1,33834000,1
49067.3928588,4,2370,34,33837000,-1
49080.769316,4,2371,7,33840000,-1
49087.845896,4,2372,3,33843000,1
49102.0055797,4,2373,15,33840000,-1
49109.1417121,4,2374,6,33837000,1
49109.2696443,4,2375,14,33834000,-1
49113.4089381,4,2376,9,33838000,-1
49113.9172366,4,2377,6,33842000,-1
49130.9258961,4,2378,56,33845000,-1
49135.801531,4,2379,2,33842000,1
49146.078442,4,2380,7,33839000,1
49153.2705724,4,2381,1,33836000,1
49158.3066214,4,2382,6,33843000,-1
49160.9076166,4,2383,4,33840000,-1
49163.6707314,4,2384,7,33843000,1
49164.2615644,4,2385,1,33839000,1
49182.9121942,4,2386,1,33842000,-1
49185.9668742,4,2387,10,33837000,1
49188.7892456,4,2388,7,33840000,1
49190.5812207,4,2389,1,33837000,1
49191.682921,4,2390,1,33840000,-1
49198.2205687,4,2391,11,33837000,1
49198.2914723,4,2392,1,33832000,1
49200.8369566,4,2393,11,33835000,-1
49200.8388668,4,2394,18,33838000,-1
49201.3896468,4,2395,47,33841000,-1
49201.8224321,4,2396,27,33844000,-1
49202.0481494,4,2397,11,33848000,-1
49205.7529153,4,2398,2,33845000,1
49207.5305422,4,2399,3,33842000,-1
49208.8734491,4,2400,1,33846000,1
49210.2676574,4,2401,7,33843000,-1
49212.1989415,4,2402,1,33847000,1
49214.2114174,4,2403,17,33850000,1
49214.2114225,4,2404,1,33847000,1
49215.0036538,4,2405,9,33850000,-1
49215.9107535,4,2406,4,33853000,-1
49218.1241727,4,2407,18,33856000,-1
49218.7818582,4,2408,17,33859000,-1
49219.9372374,4,2409,3,33862000,-1
49220.4578603,4,2410,6,33865000,1
49223.7345977,4,2411,14,33862000,-1
49225.7801799,4,2412,9,33867000,1
49228.2749039,4,2413,32,33864000,-1
49230.6146137,4,2414,13,33867000,1
49234.7031029,4,2415,1,33864000,-1
49234.7654477,4,2416,2,33860000,-1
49235.0930435,4,2417,1,33863000,-1
49236.6293617,4,2418,3,33859000,-1
49237.8844954,4,2419,5,33862000,1
49237.884506,4,2420,1,33859000,1
49240.2705373,4,2421,4,33863000,-1
49241.9552373,4,2422,6,33866000,-1
49242.0406882,4,2423,17,33869000,-1
49244.6833122,4,2424,1,33872000,-1
49248.9573767,4,2425,4,33865000,1
49251.8086438,4,2426,1,33862000,1
49254.1651579,4,2427,1,33865000,1
49256.5321529,4,2428,1,33868000,-1
49259.7672468,4,2429,2,33865000,1
49260.1616593,4,2430,32,33862000,1
49260.3469735,4,2431,2,33859000,-1
49262.1707048,4,2432,2,33862000,-1
49265.3431291,4,2433,2,33866000,-1
49268.1565651,4,2434,4,33863000,1
49269.7803494,4,2435,7,33860000,1
49272.1312523,4,2436,1,33864000,-1
49276.4389722,4,2437,7,33858000,1
49277.5770526,4,2438,1,33855000,1
49284.2168032,4,2439,19,33858000,-1
49284.6780117,4,2440,2,33861000,-1
49285.5370335,4,2441,3,33864000,-1
49287.1250724,4,2442,1,33867000,1
49288.0094725,4,2443,1,33870000,-1
49290.3762373,4,2444,3,33867000,-1
49295.1058672,4,2445,5,33870000,1
49296.6979473,4,2446,4,33874000,-1
49297.2736828,4,2447,18,33877000,-1
49299.3774149,4,2448,49,33880000,-1
49300.1034685,4,2449,6,33883000,1
49303.249172,4,2450,28,33880000,1
49304.8015773,4,2451,3,33876000,1
49307.8440941,4,2452,2,33873000,1
49309.4969219,4,2453,4,33876000,-1
49314.6812833,4,2454,7,33879000,1
49319.0852481,4,2455,4,33882000,1
49320.8332772,4,2456,1,33878000,1
49323.9599984,4,2457,1,33884000,-1
49326.3984433,4,2458,1,33881000,-1
49326.9014594,4,2459,3,33884000,1
49328.8819325,4,2460,5,33881000,1
49330.364403,4,2461,16,33884000,1
49330.3914245,4,2462,3,33881000,1
49332.9184258,4,2463,1,33884000,1
49338.220406,4,2464,8,33887000,1
49341.6629342,4,2465,1,33884000,1
49343.5331897,4,2466,1,33887000,-1
49347.3070852,4,2467,5,33884000,-1
49352.3403021,4,2468,30,33887000,-1
49360.0676787,4,2469,50,33890000,1
49362.2869162,4,2470,17,33893000,-1
49363.5655893,4,2471,5,33896000,1
49363.8501516,4,2472,5,33892000,-1
49366.1114707,4,2473,9,33895000,-1
49370.0416807,4,2474,13,33892000,1
49377.2376231,4,2475,15,33895000,-1
49381.7719425,4,2476,10,33892000,1
49381.9874712,4,2477,1,33889000,1
49382.5889691,4,2478,6,33893000,-1
49384.718483,4,2479,14,33896000,-1
49384.7822889,4,2480,39,33899000,1
49391.0120278,4,2481,8,33896000,1
49400.8446786,4,2482,15,33893000,1
49406.6005256,4,2483,11,33897000,1
49407.7476951,4,2484,4,33894000,-1
49408.2184055,4,2485,11,33897000,-1
49412.242826,4,2486,71,33900000,-1
49412.3104722,4,2487,1,33903000,-1
49412.4213,4,2488,1,33899000,1
49415.0843023,4,2489,15,33902000,-1
49415.085976,4,2490,30,33905000,-1
49415.086007,4,2491,5,33908000,-1
49417.7568853,4,2492,1,33904000,1
49421.8100415,4,2493,22,33908000,1
49423.2555444,4,2494,6,33905000,-1
49424.7603663,4,2495,1,33908000,-1
49425.9764662,4,2496,4,33905000,-1
49426.4405118,4,2497,1,33908000,-1
49428.2189318,4,2498,1,33905000,-1
49429.5902905,4,2499,1,33908000,-1
49437.2740297,4,2500,10,33905000,1
49438.3682365,4,2501,25,33908000,-1
49438.3730163,4,2502,27,33911000,-1
49438.3740609,4,2503,14,33914000,-1
49438.4971667,4,2504,7,33911000,1
49438.7333422,4,2505,5,33908000,-1
49438.8576,4,2506,1,33911000,-1
49440.078217,4,2507,4,33908000,-1
49441.8860056,4,2508,8,33911000,1
49442.6274911,4,2509,7,33908000,-1
49443.983946,4,2510,4,33912000,1
49447.0777333,4,2511,1,33909000,1
49450.3390474,4,2512,14,33912000,-1
49450.3407866,4,2513,1,33915000,-1
49450.5858515,4,2514,5,33912000,1
49450.9500927,4,2515,3,33916000,1
49451.8879657,4,2516,6,33913000,-1
49452.5609361,4,2517,2,33916000,1
49453.1113329,4,2518,9,33913000,-1
49453.1141972,4,2519,23,33916000,-1
49453.2137102,4,2520,6,33919000,1
49458.4848182,4,2521,3,33916000,-1
49464.8956458,4,2522,21,33919000,1
49465.1815657,4,2523,79,33916000,1
49471.9472081,4,2524,11,33919000,-1
49476.8793385,4,2525,12,33916000,1
49483.362196,4,2526,26,33919000,-1
49483.3622133,4,2527,3,33922000,-1
49500.7445719,4,2528,23,33919000,-1
49500.7449355,4,2529,15,33922000,-1
49500.7452071,4,2530,17,33925000,-1
49500.7452585,4,2531,6,33928000,-1
49500.8103021,4,2532,7,33922000,1
49502.1768753,4,2533,12,33919000,-1
49504.699015,4,2534,3,33922000,-1
49504.6991682,4,2535,1,33925000,-1
49505.29179,4,2536,1,33922000,1
49505.8514971,4,2537,2,33925000,1
49515.6979581,4,2538,14,33922000,1
49517.6594046,4,2539,11,33925000,1
49517.6604416,4,2540,10,33922000,1
49517.9116011,4,2541,2,33925000,-1
49517.9533777,4,2542,3,33928000,1
49520.0789446,4,2543,3,33925000,-1
49520.1515016,4,2544,1,33928000,-1
49520.4263989,4,2545,1,33925000,1
49520.4460534,4,2546,1,33928000,-1
49521.6721032,4,2547,9,33925000,1
49523.029415,4,2548,2,33922000,1
49525.7825155,4,2549,2,33925000,-1
49531.2779342,4,2550,1,33922000,1
49532.7261584,4,2551,18,33925000,-1
49537.4598298,4,2552,24,33928000,-1
49538.4395625,4,2553,3,33931000,1
49545.1532655,4,2554,12,33928000,1
49545.2011933,4,2555,6,33925000,1
49545.7365158,4,2556,117,33922000,1
49545.7386842,4,2557,22,33919000,1
49545.7404099,4,2558,21,33916000,1
49545.7424917,4,2559,20,33913000,1
49545.7432987,4,2560,21,33910000,1
49545.7711702,4,2561,1,33917000,1
49548.3050398,4,2562,14,33912000,-1
49548.7780625,4,2563,4,33915000,-1
49549.6446585,4,2564,3,33918000,1
49549.8699178,4,2565,14,33915000,1
49550.5404662,4,2566,1,33912000,-1
49555.1587938,4,2567,9,33915000,-1
49557.8295513,4,2568,9,33918000,-1
49559.5608051,4,2569,2,33921000,1
49560.0080671,4,2570,1,33918000,-1
49560.4822048,4,2571,10,33921000,-1
49560.4838908,4,2572,1,33924000,-1
49561.2881828,4,2573,1,33921000,1
49561.3211455,4,2574,2,33924000,1
49561.4177518,4,2575,1,33921000,1
49564.5897433,4,2576,9,33926000,-1
49567.2686302,4,2577,6,33921000,-1
49575.2877585,4,2578,16,33926000,1
49578.9499286,4,2579,2,33923000,-1
49581.0355535,4,2580,1,33927000,1
49583.5175912,4,2581,10,33930000,-1
49584.4389771,4,2582,8,33933000,-1
49586.4329444,4,2583,2,33936000,1
49586.4329672,4,2584,1,33933000,1
49590.2325675,4,2585,6,33937000,-1
49595.7628225,4,2586,10,33933000,1
49598.6274717,4,2587,8,33930000,1
49606.2736251,4,2588,33,33938000,-1
49606.2746473,4,2589,15,33941000,-1
49608.1721911,4,2590,22,33944000,-1
49610.9026105,4,2591,5,33939000,1
49612.669317,4,2592,10,33944000,1
49614.7429502,4,2593,18,33947000,-1
49614.7528354,4,2594,66,33950000,-1
49614.7543323,4,2595,34,33953000,-1
49614.7672542,4,2596,32,33956000,-1
49614.7712921,4,2597,50,33959000,-1
49614.7749451,4,2598,31,33962000,-1
49614.777211,4,2599,27,33965000,-1
49614.7776502,4,2600,17,33968000,-1
49614.8631111,4,2601,6,33953000,-1
49614.8695077,4,2602,4,33956000,-1
49614.902255,4,2603,2,33963000,1
49615.0625071,4,2604,13,33957000,1
49615.0625252,4,2605,1,33954000,1
49615.2123696,4,2606,1,33957000,-1
49615.7194052,4,2607,1,33954000,-1
49615.7345774,4,2608,24,33949000,1
49615.7378461,4,2609,28,33946000,1
49615.737908,4,2610,7,33943000,1
49615.9698393,4,2611,2,33946000,1
49615.9953516,4,2612,1,33942000,1
49616.5370556,4,2613,2,33945000,-1
49619.7909668,4,2614,23,33948000,-1
49620.2575961,4,2615,8,33951000,-1
49620.5825623,4,2616,4,33954000,1
49620.9202307,4,2617,1,33951000,-1
49621.9160448,4,2618,14,33954000,-1
49621.9160879,4,2619,6,33957000,-1
49622.4780368,4,2620,3,33954000,1
49627.172373,4,2621,30,33951000,1
49628.1243928,4,2622,3,33948000,1
49628.3865777,4,2623,3,33945000,-1
49628.7657828,4,2624,1,33948000,-1
49629.4624051,4,2625,2,33945000,-1
49630.134614,4,2626,1,33948000,-1
49630.9930644,4,2627,4,33951000,1
49631.0455925,4,2628,1,33948000,1
49631.4954222,4,2629,1,33951000,1
49632.7542421,4,2630,6,33948000,-1
49632.7542493,4,2631,1,33951000,-1
49632.7820448,4,2632,1,33947000,1
49635.2532352,4,2633,3,33950000,-1
49637.7825637,4,2634,2,33953000,-1
49637.8656597,4,2635,1,33956000,-1
49640.6543484,4,2636,12,33952000,1
49647.8447869,4,2637,7,33949000,1
49649.3800257,4,2638,5,33952000,1
49650.1925747,4,2639,11,33949000,1
49651.6214052,4,2640,6,33946000,1
49656.2029769,4,2641,19,33943000,1
49660.014648,4,2642,7,33947000,-1
49660.3468619,4,2643,31,33950000,1
49660.4260186,4,2644,8,33947000,-1
49660.5852033,4,2645,1,33950000,-1
49665.2216114,4,2646,14,33947000,1
49666.9225867,4,2647,7,33943000,1
49667.0681633,4,2648,1,33940000,1
49668.1364742,4,2649,4,33943000,1
49670.6718072,4,2650,4,33940000,1
49676.9754215,4,2651,14,33943000,1
49678.1072582,4,2652,18,33940000,1
49679.3005331,4,2653,2,33937000,-1
49679.4084681,4,2654,4,33940000,-1
49685.0096026,4,2655,15,33943000,-1
49685.8554018,4,2656,2,33946000,1
49686.7699181,4,2657,3,33943000,1
49687.751468,4,2658,3,33939000,1
49689.0346659,4,2659,4,33936000,1
49689.0364054,4,2660,8,33933000,1
49690.337778,4,2661,4,33936000,-1
49690.9732557,4,2662,6,33940000,1
49692.9082213,4,2663,11,33937000,1
49693.1838631,4,2664,1,33934000,1
49694.396554,4,2665,7,33938000,-1
49706.7292042,4,2666,15,33941000,1
49709.3574839,4,2667,4,33946000,1
49711.4575311,4,2668,4,33943000,1
49712.3285993,4,2669,1,33940000,-1
49715.0191045,4,2670,1,33937000,1
49716.5554252,4,2671,3,33940000,1
49720.1012644,4,2672,14,33937000,1
49720.6040431,4,2673,1,33934000,-1
49720.8235966,4,2674,4,33937000,1
49722.566143,4,2675,27,33934000,1
49723.5155737,4,2676,9,33931000,1
49723.9169951,4,2677,7,33928000,1
49724.3720505,4,2678,1,33925000,-1
49724.8822736,4,2679,11,33920000,1
49724.8823629,4,2680,2,33917000,1
49729.1906904,4,2681,6,33920000,1
49732.1678147,4,2682,11,33916000,-1
49733.5196548,4,2683,8,33919000,1
49733.5196598,4,2684,1,33916000,1
49736.6738402,4,2685,10,33919000,1
49738.1732791,4,2686,2,33915000,-1
49739.5585813,4,2687,1,33918000,1
49740.2896503,4,2688,2,33922000,1
49740.335923,4,2689,1,33919000,1
49740.460778,4,2690,5,33916000,1
49742.3918391,4,2691,6,33913000,1
49742.391862,4,2692,1,33910000,1
49743.7340144,4,2693,7,33913000,-1
49743.858278,4,2694,3,33916000,-1
49745.6437159,4,2695,7,33919000,1
49746.0618645,4,2696,3,33916000,-1
49748.5765667,4,2697,3,33920000,-1
49751.4279008,4,2698,7,33915000,1
49760.6897196,4,2699,12,33911000,1
49763.8255746,4,2700,1,33908000,-1
49764.1621637,4,2701,2,33904000,1
49767.0594551,4,2702,4,33908000,-1
49772.7435487,4,2703,1,33904000,-1
49778.6711677,4,2704,15,33901000,1
49780.31506,4,2705,17,33906000,-1
49781.2440421,4,2706,2,33909000,-1
49782.0073661,4,2707,3,33912000,-1
49786.0935428,4,2708,5,33915000,1
49793.7999876,4,2709,6,33911000,-1
49795.8687068,4,2710,2,33905000,-1
49797.3934313,4,2711,1,33908000,1
49797.7013097,4,2712,3,33913000,1
49801.0479812,4,2713,9,33909000,-1
49806.1422038,4,2714,10,33912000,1
49806.649353,4,2715,3,33909000,1
49810.8498488,4,2716,4,33905000,-1
49815.2731299,4,2717,1,33910000,1
49818.3404605,4,2718,2,33916000,1
49822.4797407,4,2719,8,33912000,1
49824.140545,4,2720,2,33909000,-1
49824.6244099,4,2721,7,33912000,1
49826.0573761,4,2722,14,33916000,-1
49836.2344794,4,2723,5,33920000,-1
49841.6856074,4,2724,1,33915000,1
49844.8858635,4,2725,25,33918000,1
49846.9238407,4,2726,9,33915000,1
49848.7898119,4,2727,1,33919000,1
49850.5285268,4,2728,15,33923000,-1
49852.1865933,4,2729,6,33926000,-1
49856.4093623,4,2730,5,33923000,1
49860.0601078,4,2731,4,33920000,1
49861.1134651,4,2732,1,33926000,1
49863.0015972,4,2733,6,33929000,-1
49869.0463134,4,2734,12,33932000,-1
49870.61344,4,2735,1,33935000,-1
49871.2632745,4,2736,2,33932000,1
49871.8189031,4,2737,5,33929000,1
49880.4412756,4,2738,4,33925000,1
49880.4413026,4,2739,1,33922000,1
49887.8208147,4,2740,3,33927000,1
49891.8492388,4,2741,7,33933000,-1
49892.8235578,4,2742,2,33937000,-1
49894.6826772,4,2743,1,33933000,1
49906.4425951,4,2744,12,33937000,1
49906.6547709,4,2745,13,33940000,-1
49916.1172291,4,2746,21,33943000,-1
49917.3326522,4,2747,9,33946000,-1
49922.7361975,4,2748,64,33949000,-1
49922.769759,4,2749,1,33952000,-1
49922.9901595,4,2750,1,33949000,1
49923.6172019,4,2751,1,33953000,-1
49924.3804653,4,2752,1,33949000,1
49928.9630931,4,2753,2,33952000,1
49931.3912649,4,2754,7,33949000,1
49931.8682074,4,2755,2,33952000,1
49937.8065721,4,2756,11,33949000,1
49938.6674017,4,2757,13,33946000,1
49939.6990894,4,2758,1,33943000,1
49940.9471878,4,2759,3,33946000,-1
49942.6333421,4,2760,3,33949000,1
49943.5398139,4,2761,1,33946000,1
49945.0970587,4,2762,1,33950000,-1
49974.1857671,4,2763,20,33945000,1
49980.1759349,4,2764,12,33942000,1
49985.3753861,4,2765,1,33948000,1
49986.011559,4,2766,2,33952000,1
49986.8536279,4,2767,2,33949000,-1
49987.831895,4,2768,3,33952000,1
49990.9130484,4,2769,6,33949000,1
49997.660969,4,2770,13,33946000,1
50002.6197383,4,2771,18,33943000,1
50007.7912001,4,2772,23,33940000,-1
50008.1328111,4,2773,5,33943000,1
50009.0597621,4,2774,5,33940000,1
50011.8887085,4,2775,4,33937000,1
50016.8385447,4,2776,2,33941000,-1
50019.0006599,4,2777,2,33945000,-1
50025.5145895,4,2778,6,33948000,-1
50030.8674353,4,2779,1,33951000,-1
50038.8983082,4,2780,7,33947000,-1
50041.774338,4,2781,10,33950000,-1
50042.3646955,4,2782,3,33953000,1
50043.8807613,4,2783,1,33950000,1
50045.2441992,4,2784,7,33954000,-1
50045.9945812,4,2785,5,33957000,-1
50048.3940775,4,2786,1,33960000,1
50049.5713859,4,2787,1,33963000,1
50049.6187386,4,2788,12,33966000,-1
50054.8683744,4,2789,6,33963000,-1
50057.0127747,4,2790,11,33966000,-1
50059.5489125,4,2791,20,33970000,-1
50065.6463339,4,2792,18,33967000,-1
50067.2133653,4,2793,18,33970000,-1
50071.3439146,4,2794,6,33973000,-1
50071.7300634,4,2795,13,33976000,-1
50071.733169,4,2796,41,33979000,-1
50071.8212162,4,2797,7,33982000,-1
50073.4561776,4,2798,3,33976000,1
50074.2723532,4,2799,4,33973000,-1
50075.8747101,4,2800,1,33977000,1
50076.2633701,4,2801,21,33980000,-1
50080.6261281,4,2802,22,33983000,1
50080.9830773,4,2803,1,33980000,1
50082.2406626,4,2804,7,33985000,1
50082.5052429,4,2805,2,33982000,-1
50084.9863145,4,2806,10,33985000,1
50085.0403437,4,2807,3,33982000,-1
50085.0437426,4,2808,18,33985000,-1
50089.6171818,4,2809,75,33988000,-1
50090.2500532,4,2810,1,33991000,-1
50090.5311466,4,2811,1,33988000,1
50092.227799,4,2812,7,33991000,1
50093.02218,4,2813,5,33995000,-1
50095.1133872,4,2814,123,33998000,-1
50095.1595643,4,2815,2,34001000,1
50095.307486,4,2816,9,33998000,1
50095.3315352,4,2817,2,33995000,-1
50097.4895697,4,2818,10,33998000,1
50098.106991,4,2819,1,33995000,1
50099.5824965,4,2820,2,33998000,1
50102.0470162,4,2821,18,33995000,1
50102.10641,4,2822,7,33992000,1
50102.1064216,4,2823,1,33989000,1
50102.1562462,4,2824,4,33992000,1
50104.8181929,4,2825,19,33989000,1
50105.1069515,4,2826,1,33986000,1
50107.2140558,4,2827,3,33989000,-1
50109.5145845,4,2828,1,33986000,1
50111.0608118,4,2829,1,33989000,1
50112.4804075,4,2830,9,33993000,-1
50114.836596,4,2831,4,33997000,-1
50115.057912,4,2832,1,34000000,-1
50119.3610501,4,2833,1,33997000,1
50120.7794191,4,2834,4,34001000,-1
50120.9245103,4,2835,14,34004000,-1
50121.2598013,4,2836,7,34007000,-1
50123.4562528,4,2837,11,34003000,-1
50123.5895325,4,2838,2,34007000,1
50124.4068691,4,2839,8,34004000,-1
50124.548294,4,2840,10,34007000,-1
50124.6145596,4,2841,7,34010000,-1
50125.1566217,4,2842,7,34007000,-1
50126.6980991,4,2843,66,34010000,1
50131.8999825,4,2844,20,34007000,1
50135.247821,4,2845,10,34003000,-1
50135.5582407,4,2846,16,34006000,-1
50135.6902477,4,2847,35,34009000,-1
50138.5643191,4,2848,19,34012000,-1
50143.0089812,4,2849,33,34005000,1
50145.4384021,4,2850,6,34008000,1
50145.7132728,4,2851,4,34005000,-1
50145.7132945,4,2852,1,34008000,-1
50147.3019398,4,2853,3,34005000,1
50151.2604987,4,2854,2,34002000,1
50151.4641548,4,2855,1,34005000,-1
50156.403819,4,2856,7,34002000,1
50157.5209771,4,2857,10,33999000,1
50159.9595274,4,2858,9,33996000,1
50161.6818757,4,2859,12,33999000,1
50164.3214259,4,2860,7,33996000,1
50168.8819655,4,2861,12,33993000,1
50170.1316541,4,2862,9,33990000,1
50172.7954489,4,2863,8,33994000,-1
50175.5748448,4,2864,10,33997000,-1
50179.2935812,4,2865,7,33994000,1
50182.0450458,4,2866,13,33991000,1
50185.3615059,4,2867,4,33988000,1
50190.5167914,4,2868,5,33993000,1
50191.2746783,4,2869,1,33998000,1
50191.5551975,4,2870,1,33995000,1
50193.3650364,4,2871,3,33998000,1
50195.8766439,4,2872,10,33995000,1
50197.3830757,4,2873,1,33992000,1
50200.2378555,4,2874,3,33995000,1
50200.2722486,4,2875,13,33992000,-1
50200.9534277,4,2876,2,33995000,1
50200.9534378,4,2877,1,33992000,1
50208.1237573,4,2878,15,33996000,-1
50210.6609232,4,2879,9,33999000,1
50218.5148765,4,2880,6,33996000,1
50222.3706424,4,2881,7,33999000,1
50228.2946268,4,2882,11,33996000,1
50231.3086158,4,2883,6,33993000,1
50232.3762607,4,2884,3,33990000,1
50234.9469205,4,2885,6,33993000,1
50239.297709,4,2886,1,33990000,1
50250.4696535,4,2887,1,33994000,-1
50253.1885396,4,2888,20,33990000,1
50266.182406,4,2889,50,33986000,1
50274.1129876,4,2890,9,33983000,-1
50286.2428942,4,2891,19,33979000,1
50287.6874994,4,2892,3,33976000,-1
50288.6146994,4,2893,3,33979000,-1
50293.054705,4,2894,8,33982000,1
50293.0644529,4,2895,8,33979000,-1
50293.1625439,4,2896,1,33982000,-1
50299.0925007,4,2897,2,33979000,-1
50299.1523406,4,2898,1,33983000,-1
50300.0789545,4,2899,3,33980000,-1
50300.20723,4,2900,3,33983000,-1
50303.5703511,4,2901,3,33987000,-1
50304.2251534,4,2902,2,33990000,1
50306.3184644,4,2903,2,33986000,-1
50310.546417,4,2904,13,33989000,-1
50312.8200284,4,2905,2,33992000,1
50324.112198,4,2906,9,33989000,1
50328.0831026,4,2907,2,33986000,1
50330.2235902,4,2908,1,33983000,1
50343.0482721,4,2909,11,33986000,1
50344.3233621,4,2910,2,33983000,1
50345.6714795,4,2911,5,33980000,1
50354.4434318,4,2912,6,33977000,-1
50356.8180624,4,2913,2,33974000,-1
50357.2560241,4,2914,6,33977000,1
50364.0056795,4,2915,12,33974000,1
50367.3425764,4,2916,17,33971000,1
50368.065303,4,2917,4,33968000,-1
50368.273042,4,2918,1,33971000,-1
50369.947399,4,2919,13,33968000,1
50370.4025632,4,2920,15,33965000,1
50370.4036433,4,2921,12,33962000,1
50370.4050486,4,2922,17,33959000,1
50370.4051672,4,2923,11,33956000,1
50370.4061769,4,2924,9,33953000,1
50370.4069424,4,2925,9,33950000,1
50370.4502755,4,2926,6,33959000,-1
50370.481539,4,2927,1,33962000,-1
50370.48158,4,2928,1,33959000,1
50371.5250731,4,2929,1,33962000,-1
50372.9870041,4,2930,2,33959000,-1
50373.4702741,4,2931,1,33962000,-1
50374.2829247,4,2932,2,33958000,1
50374.9021665,4,2933,6,33961000,-1
50374.9097383,4,2934,13,33964000,1
50379.1677236,4,2935,4,33960000,-1
50383.2665317,4,2936,2,33964000,-1
50384.022537,4,2937,33,33961000,-1
50384.6284434,4,2938,1,33957000,1
50385.3272689,4,2939,1,33960000,-1
50386.7492631,4,2940,1,33957000,-1
50387.0842304,4,2941,14,33960000,-1
50388.182575,4,2942,1,33964000,-1
50388.3234352,4,2943,7,33961000,1
50388.323464,4,2944,6,33958000,1
50388.3251421,4,2945,5,33955000,1
50388.3320298,4,2946,32,33952000,-1
50395.2413448,4,2947,7,33958000,1
50395.4954568,4,2948,1,33955000,1
50398.2335334,4,2949,5,33959000,-1
50398.7661381,4,2950,1,33962000,-1
50398.9692694,4,2951,1,33958000,1
50400.0298846,4,2952,6,33961000,-1
50400.0320935,4,2953,12,33964000,-1
50400.0321403,4,2954,5,33967000,-1
50400.0321591,4,2955,4,33970000,-1
50400.0321735,4,2956,3,33975000,-1
50400.0506875,4,2957,9,33978000,-1
50400.0507049,4,2958,3,33981000,-1
50400.0614072,4,2959,1,33976000,-1
50400.0783116,4,2960,1,33985000,-1
50400.0879637,4,2961,3,33988000,-1
50400.1048468,4,2962,11,33991000,1
50400.1171589,4,2963,1,33997000,-1
50400.1870419,4,2964,6,33994000,1
50400.2106657,4,2965,2,33991000,-1
50400.2661123,4,2966,1,33999000,-1
50400.2738813,4,2967,4,33989000,1
50400.286101,4,2968,11,33986000,1
50400.2861476,4,2969,15,33983000,1
50400.3170929,4,2970,2,33980000,1
50400.3223699,4,2971,2,33976000,1
50400.3323496,4,2972,2,33971000,1
50400.3390334,4,2973,1,33961000,1
50400.3834738,4,2974,5,33958000,1
50400.3834901,4,2975,2,33955000,1
50400.3835491,4,2976,12,33952000,1
50400.4206567,4,2977,1,33960000,1
50400.4588766,4,2978,2,33966000,-1
50400.4723731,4,2979,3,33970000,-1
50400.4840999,4,2980,4,33973000,-1
50400.5099976,4,2981,1,33976000,-1
50400.6012655,4,2982,1,33963000,1
50400.6716427,4,2983,8,33966000,1
50400.6777215,4,2984,2,33963000,1
50400.6898169,4,2985,1,33967000,1
50400.6949522,4,2986,1,33962000,1
50400.7684419,4,2987,2,33972000,-1
50400.7928886,4,2988,3,33975000,-1
50400.7997486,4,2989,1,33978000,-1
50400.8199326,4,2990,1,33983000,-1
50400.8366009,4,2991,2,33978000,1
50400.8576582,4,2992,1,33974000,1
50400.8802248,4,2993,1,33977000,-1
50400.8886885,4,2994,1,33981000,-1
50400.9065855,4,2995,4,33976000,1
50400.9085362,4,2996,3,33973000,1
50400.9085462,4,2997,1,33970000,1
50400.9408201,4,2998,2,33977000,-1
50400.9599515,4,2999,3,33974000,-1
50400.9716588,4,3000,2,33977000,-1
50400.9755459,4,3001,1,33974000,-1
50401.0034752,4,3002,1,33971000,-1
50401.011149,4,3003,1,33968000,1
50401.1688876,4,3004,10,33971000,-1
50401.1737639,4,3005,1,33968000,-1
50401.1854024,4,3006,2,33973000,-1
50401.1919269,4,3007,1,33966000,-1
50401.2114519,4,3008,1,33972000,-1
50401.2330281,4,3009,1,33966000,1
50401.2447133,4,3010,1,33971000,-1
50401.2838607,4,3011,1,33967000,-1
50401.3271431,4,3012,1,33964000,1
50401.5088757,4,3013,1,33968000,-1
50401.5828916,4,3014,1,33965000,1
50402.3065368,4,3015,3,33969000,-1
50402.3089459,4,3016,1,33974000,-1
50402.8807842,4,3017,3,33970000,1
50402.914196,4,3018,5,33967000,1
50402.9288597,4,3019,2,33964000,-1
50402.9615726,4,3020,1,33967000,-1
50403.2474545,4,3021,1,33963000,-1
50403.6217182,4,3022,2,33960000,1
50404.4904885,4,3023,3,33963000,1
50405.4070709,4,3024,1,33966000,1
50405.4222326,4,3025,1,33970000,-1
50405.4898006,4,3026,1,33966000,1
50405.5393893,4,3027,5,33971000,-1
50405.6532961,4,3028,4,33974000,1
50405.6633887,4,3029,1,33970000,1
50405.771089,4,3030,3,33974000,-1
50405.7765911,4,3031,1,33977000,-1
50406.170993,4,3032,1,33974000,1
50406.2033429,4,3033,2,33978000,-1
50406.5503376,4,3034,2,33981000,1
50406.6480399,4,3035,2,33978000,-1
50406.8744179,4,3036,2,33981000,-1
50407.3677872,4,3037,1,33984000,-1
50407.6445841,4,3038,2,33979000,1
50408.3884373,4,3039,1,33976000,1
50410.2141807,4,3040,7,33981000,-1
50411.0905793,4,3041,4,33984000,-1
50412.1707594,4,3042,12,33987000,1
50412.5479368,4,3043,2,33984000,1
50412.5599422,4,3044,17,33981000,-1
50412.5703469,4,3045,1,33978000,1
50414.7082882,4,3046,3,33981000,-1
50418.9277476,4,3047,7,33976000,1
50420.8651179,4,3048,13,33980000,1
50422.6320629,4,3049,2,33977000,-1
50423.2747562,4,3050,3,33981000,-1
50424.1534159,4,3051,4,33984000,-1
50424.2422432,4,3052,4,33987000,-1
50424.3870364,4,3053,3,33990000,1
50424.4102569,4,3054,1,33986000,1
50424.6307769,4,3055,1,33991000,-1
50425.4114298,4,3056,1,33987000,1
50425.4184098,4,3057,1,33991000,-1
50426.1335872,4,3058,8,33988000,1
50426.9006239,4,3059,3,33993000,1
50427.7882059,4,3060,4,33990000,1
50428.0409047,4,3061,1,33987000,1
50430.701519,4,3062,5,33992000,1
50430.7306396,4,3063,4,33995000,-1
50430.8826973,4,3064,18,33991000,1
50431.3967065,4,3065,10,33988000,1
50431.4120913,4,3066,7,33985000,1
50431.4649067,4,3067,45,33982000,-1
50431.8265373,4,3068,2,33985000,1
50432.7056502,4,3069,3,33979000,-1
50432.7662572,4,3070,6,33983000,-1
50432.8971718,4,3071,2,33986000,-1
50434.7958763,4,3072,12,33989000,1
50435.2127347,4,3073,6,33986000,1
50435.9593046,4,3074,14,33989000,1
50435.9596944,4,3075,19,33986000,1
50435.960513,4,3076,15,33983000,1
50436.0573749,4,3077,1,33980000,1
50436.3476345,4,3078,1,33983000,-1
50436.4960646,4,3079,5,33979000,1
50436.6020912,4,3080,1,33976000,1
50437.312289,4,3081,1,33979000,1
50437.3702905,4,3082,24,33982000,-1
50437.3999055,4,3083,6,33979000,1
50437.4424633,4,3084,2,33976000,-1
50437.9915747,4,3085,5,33980000,1
50438.0631512,4,3086,1,33977000,1
50439.6574722,4,3087,64,33980000,-1
50439.74093,4,3088,4,33985000,-1
50440.3094866,4,3089,1,33988000,1
50440.9299621,4,3090,14,33993000,-1
50442.5685188,4,3091,12,33998000,-1
50442.8654109,4,3092,6,34001000,-1
50443.7627761,4,3093,31,33997000,-1
50444.9311944,4,3094,5,34000000,1
50446.2665284,4,3095,2,33995000,-1
50449.5582513,4,3096,21,33991000,-1
50450.645757,4,3097,5,33994000,-1
50451.2944823,4,3098,9,33997000,-1
50451.5633093,4,3099,1,34000000,-1
50452.3278275,4,3100,12,33997000,-1
50453.0437318,4,3101,22,34000000,1
50454.3146915,4,3102,3,33996000,-1
50455.068286,4,3103,1,33999000,-1
50455.8389829,4,3104,1,33996000,1
50460.2630403,4,3105,72,33999000,-1
50460.2953909,4,3106,27,34002000,-1
50462.0510145,4,3107,14,34005000,-1
50462.1205879,4,3108,1,34008000,-1
50466.8337519,4,3109,7,34005000,-1
50468.58087,4,3110,9,34001000,1
50473.1267249,4,3111,17,33998000,1
50475.1113179,4,3112,3,34002000,1
50476.0860644,4,3113,3,33999000,-1
50476.9642052,4,3114,1,34002000,-1
50478.1250296,4,3115,1,33999000,-1
50479.6136181,4,3116,1,33996000,1
50481.2808552,4,3117,2,33999000,1
50482.7796147,4,3118,6,34002000,1
50485.8008121,4,3119,24,33999000,1
50487.785034,4,3120,3,33996000,1
50489.5295482,4,3121,4,34000000,-1
50492.6668331,4,3122,1,34004000,1
50497.3109967,4,3123,14,34007000,-1
50497.7679721,4,3124,2,34010000,-1
50501.033207,4,3125,1,34007000,1
50502.698183,4,3126,3,34010000,1
50503.177899,4,3127,1,34007000,1
50505.9671569,4,3128,12,34004000,1
50507.4390905,4,3129,8,34007000,1
50509.3389917,4,3130,93,34011000,-1
50510.6232437,4,3131,1,34005000,1
50513.2552816,4,3132,3,34009000,-1
50514.9358247,4,3133,30,34012000,1
50516.0196861,4,3134,21,34009000,1
50516.705445,4,3135,1,34006000,-1
50517.1676017,4,3136,2,34009000,-1
50519.7084275,4,3137,11,34003000,1
50519.7744031,4,3138,26,34000000,1
50519.8304656,4,3139,5,33996000,1
50520.2629675,4,3140,9,33992000,1
50521.0678135,4,3141,4,33989000,1
50521.6533988,4,3142,2,33992000,-1
50522.0982249,4,3143,2,33995000,-1
50522.3321177,4,3144,13,33998000,-1
50523.2386218,4,3145,2,34002000,-1
50524.3300473,4,3146,2,34006000,1
50524.3567175,4,3147,7,34003000,1
50524.5818537,4,3148,1,34000000,1
50525.7356145,4,3149,12,34004000,-1
50526.6371844,4,3150,11,34008000,-1
50530.1933192,4,3151,8,34011000,-1
50532.3145597,4,3152,8,34004000,-1
50533.0853252,4,3153,6,34001000,-1
50533.0853726,4,3154,1,34004000,-1
50535.7363985,4,3155,10,34000000,1
50535.7371917,4,3156,17,33997000,1
50535.7373603,4,3157,22,33994000,1
50535.7373896,4,3158,17,33991000,1
50535.7512701,4,3159,1,33997000,1
50535.8601488,4,3160,6,33991000,1
50535.9053054,4,3161,8,33988000,1
50536.0055765,4,3162,6,33985000,1
50536.0070074,4,3163,4,33982000,1
50536.3780778,4,3164,1,33985000,-1
50536.5714918,4,3165,4,33982000,1
50537.8737609,4,3166,16,33979000,-1
50538.5061092,4,3167,2,33982000,1
50538.8778807,4,3168,1,33978000,1
50539.4529589,4,3169,10,33982000,-1
50539.7252084,4,3170,7,33985000,-1
50540.8803329,4,3171,7,33988000,-1
50543.4730361,4,3172,6,33991000,-1
50543.8936584,4,3173,1,33994000,-1
50544.3764784,4,3174,1,33991000,1
50545.2434536,4,3175,1,33994000,1
50545.5381489,4,3176,1,33997000,1
50546.023611,4,3177,1,34000000,-1
50551.4890309,4,3178,22,33997000,1
50551.8714362,4,3179,9,33994000,1
50552.8365081,4,3180,10,33997000,1
50552.8952219,4,3181,1,33994000,-1
50553.1694331,4,3182,1,33997000,-1
50554.6599825,4,3183,27,34000000,-1
50555.190389,4,3184,1,34003000,-1
50556.397575,4,3185,8,33999000,1
50556.4285608,4,3186,2,33996000,-1
50560.8024805,4,3187,1,33999000,-1
50561.5751837,4,3188,4,33996000,1
50561.8170227,4,3189,6,33993000,1
50563.8899916,4,3190,6,33990000,1
50563.9302851,4,3191,1,33987000,1
50564.6273479,4,3192,2,33983000,1
50564.7950039,4,3193,3,33980000,-1
50566.8247016,4,3194,4,33984000,-1
50572.3597737,4,3195,25,33987000,1
50572.9449673,4,3196,4,33983000,1
50574.0952488,4,3197,22,33977000,1
50579.7713159,4,3198,1,33980000,1
50585.6501714,4,3199,3,33984000,1
50589.0588202,4,3200,9,33981000,1
50589.5233431,4,3201,2,33978000,-1
50589.9499922,4,3202,1,33981000,-1
50590.2445288,4,3203,11,33984000,-1
50596.9433544,4,3204,115,33988000,-1
50597.0200745,4,3205,14,33993000,-1
50598.0214683,4,3206,6,33996000,-1
50599.6525033,4,3207,5,34000000,-1
50599.7391388,4,3208,1,34003000,1
50601.348097,4,3209,2,34000000,1
50601.5581694,4,3210,7,33997000,1
50601.8300269,4,3211,1,33993000,1
50602.104885,4,3212,1,33990000,1
50604.2589019,4,3213,2,33993000,-1
50604.5306573,4,3214,1,33989000,-1
50605.5511366,4,3215,9,33993000,-1
50606.9243985,4,3216,1,33990000,-1
50607.3653752,4,3217,2,33987000,1
50608.564662,4,3218,2,33984000,-1
50610.118988,4,3219,1,33987000,1
50610.9433326,4,3220,11,33992000,-1
50610.94445,4,3221,3,33995000,-1
50617.3723391,4,3222,7,33992000,1
50617.4143581,4,3223,2,33989000,1
50618.390919,4,3224,2,33985000,1
50619.3176818,4,3225,2,33981000,1
50619.3754952,4,3226,4,33978000,1
50619.6862449,4,3227,2,33975000,-1
50621.4124435,4,3228,2,33980000,-1
50621.6500206,4,3229,10,33983000,-1
50621.862789,4,3230,20,33986000,-1
50623.4737494,4,3231,2,33989000,1
50629.0698319,4,3232,16,33986000,1
50633.371912,4,3233,1,33982000,-1
50635.2431844,4,3234,7,33979000,1
50635.760328,4,3235,7,33974000,1
50635.7963904,4,3236,13,33971000,1
50635.7966767,4,3237,21,33968000,1
50635.9189451,4,3238,23,33965000,1
50637.2433736,4,3239,2,33970000,1
50637.2459766,4,3240,14,33967000,1
50637.6138541,4,3241,19,33964000,1
50642.6926657,4,3242,6,33961000,-1
50642.8457474,4,3243,2,33964000,-1
50645.3120323,4,3244,7,33961000,1
50646.3012999,4,3245,1,33964000,1
50646.7994053,4,3246,3,33967000,-1
50651.3349226,4,3247,3,33970000,1
50652.6615742,4,3248,1,33967000,1
50660.3841821,4,3249,2,33971000,1
50673.280304,4,3250,13,33968000,1
50673.9263498,4,3251,11,33965000,1
50674.8383747,4,3252,1,33962000,-1
50677.5550515,4,3253,1,33967000,-1
50683.3588297,4,3254,12,33964000,1
50687.7718791,4,3255,8,33961000,1
50687.7718995,4,3256,1,33958000,1
50689.4453737,4,3257,1,33961000,1
50690.769045,4,3258,2,33964000,-1
50692.2595131,4,3259,5,33968000,-1
50692.9861307,4,3260,2,33971000,-1
50694.2204686,4,3261,4,33974000,1
50698.5625617,4,3262,1,33971000,-1
50698.8132986,4,3263,1,33968000,1
50700.5203947,4,3264,2,33972000,-1
50700.9716998,4,3265,12,33975000,-1
50701.5934147,4,3266,4,33978000,-1
50705.6078052,4,3267,8,33981000,1
50705.6121086,4,3268,16,33978000,1
50706.1305303,4,3269,3,33974000,-1
50707.2823573,4,3270,2,33977000,1
50707.7448433,4,3271,1,33974000,-1
50709.6807265,4,3272,4,33969000,1
50711.8093711,4,3273,1,33974000,1
50712.682533,4,3274,1,33977000,-1
50712.8846181,4,3275,1,33974000,1
50716.480142,4,3276,3,33978000,-1
50717.4675117,4,3277,3,33975000,1
50717.4891083,4,3278,15,33972000,1
50717.5139929,4,3279,3,33969000,1
50717.6199761,4,3280,3,33966000,-1
50718.9703937,4,3281,9,33970000,-1
50722.5113636,4,3282,3,33966000,-1
50726.3116343,4,3283,12,33961000,1
50726.3259255,4,3284,2,33958000,-1
50726.9888456,4,3285,6,33961000,-1
50728.343963,4,3286,6,33965000,-1
50734.6451793,4,3287,3,33968000,-1
50735.7550812,4,3288,2,33971000,1
50736.4525918,4,3289,1,33967000,1
50738.3648569,4,3290,2,33970000,-1
50742.0892522,4,3291,6,33973000,-1
50747.0390516,4,3292,2,33969000,1
50750.0669465,4,3293,8,33966000,1
50752.120701,4,3294,1,33962000,1
50756.8036112,4,3295,3,33966000,1
50763.208491,4,3296,25,33970000,-1
50765.5096529,4,3297,4,33975000,1
50769.7141963,4,3298,5,33972000,-1
50769.7945404,4,3299,6,33975000,1
50769.9900714,4,3300,4,33978000,1
50772.271318,4,3301,1,33975000,1
50775.6668864,4,3302,4,33972000,1
50775.6669078,4,3303,4,33969000,1
50779.3216064,4,3304,7,33966000,1
50779.9825081,4,3305,6,33962000,1
50780.7516962,4,3306,3,33959000,1
50780.7517115,4,3307,1,33956000,1
50781.2435257,4,3308,4,33959000,-1
50781.2445132,4,3309,15,33962000,-1
50781.2459667,4,3310,22,33965000,-1
50782.5312478,4,3311,6,33968000,1
50787.2448698,4,3312,4,33971000,1
50788.145271,4,3313,2,33968000,-1
50789.8240268,4,3314,3,33971000,-1
50794.2653604,4,3315,1,33967000,1
50794.6329484,4,3316,3,33964000,1
50795.556771,4,3317,1,33961000,1
50798.9132659,4,3318,1,33958000,1
50799.5340381,4,3319,7,33961000,-1
50802.2968742,4,3320,1,33966000,1
50805.5225925,4,3321,2,33974000,1
50805.9846289,4,3322,5,33971000,1
50806.0543734,4,3323,2,33968000,-1
50806.1723314,4,3324,6,33971000,-1
50808.1237697,4,3325,2,33974000,1
50808.2561391,4,3326,2,33971000,-1
50814.0392356,4,3327,1,33974000,1
50817.7794667,4,3328,1,33979000,-1
50822.6258123,4,3329,1,33964000,-1
50827.116561,4,3330,9,33960000,1
50841.4899831,4,3331,7,33957000,-1
50841.7462213,4,3332,2,33962000,1
50842.8969356,4,3333,3,33958000,1
50846.8345807,4,3334,1,33963000,1
50851.400288,4,3335,3,33957000,1
50852.8698039,4,3336,1,33954000,-1
50855.0717334,4,3337,6,33951000,1
50857.4089476,4,3338,8,33954000,1
50858.6480748,4,3339,1,33951000,1
50866.176388,4,3340,8,33955000,1
50867.2326403,4,3341,1,33952000,1
50873.1077862,4,3342,1,33955000,1
50874.0917422,4,3343,4,33960000,-1
50879.9973686,4,3344,1,33952000,-1
50880.1987146,4,3345,1,33955000,1
50884.8637725,4,3346,10,33952000,1
50885.5666672,4,3347,1,33949000,1
50885.6322288,4,3348,1,33953000,-1
50892.2288587,4,3349,2,33949000,-1
50892.4329129,4,3350,12,33953000,-1
50893.6362554,4,3351,2,33956000,1
50893.9018916,4,3352,5,33953000,1
50893.901897,4,3353,1,33950000,1
50894.0271563,4,3354,1,33955000,-1
50895.6699079,4,3355,2,33952000,1
50898.5621391,4,3356,1,33949000,-1
50899.7473355,4,3357,2,33945000,1
50902.0781522,4,3358,3,33948000,1
50905.2612651,4,3359,3,33951000,1
50913.5262087,4,3360,14,33948000,1
50915.6388542,4,3361,4,33954000,1
50918.6383677,4,3362,4,33951000,1
50918.87531,4,3363,16,33948000,1
50918.8758743,4,3364,25,33945000,1
50919.0940708,4,3365,3,33942000,1
50923.1255137,4,3366,2,33952000,1
50928.1605165,4,3367,1,33947000,-1
50932.0692349,4,3368,5,33950000,-1
50933.283278,4,3369,2,33947000,-1
50933.3045557,4,3370,19,33950000,1
50941.0078889,4,3371,8,33953000,1
50941.0079152,4,3372,3,33950000,1
50942.9909592,4,3373,3,33956000,-1
50944.8228125,4,3374,2,33952000,1
50950.8543519,4,3375,3,33948000,-1
50954.9278606,4,3376,4,33951000,1
50960.0689214,4,3377,1,33948000,1
50965.1286623,4,3378,3,33943000,-1
50967.6606165,4,3379,5,33946000,-1
50968.0100556,4,3380,17,33949000,-1
50968.1723731,4,3381,7,33952000,-1
50968.9353179,4,3382,4,33955000,1
50971.1420947,4,3383,7,33952000,-1
50972.0797814,4,3384,1,33955000,-1
50978.0155814,4,3385,1,33951000,1
50980.7315426,4,3386,1,33948000,1
50983.6722625,4,3387,1,33952000,1
50989.4766687,4,3388,7,33949000,1
50989.4980712,4,3389,5,33946000,1
50991.9697185,4,3390,1,33950000,1
50994.8508613,4,3391,2,33954000,1
50996.0252106,4,3392,2,33951000,1
50998.7611494,4,3393,8,33948000,1
51000.6732648,4,3394,1,33944000,1
51002.8875734,4,3395,1,33951000,-1
51009.8166534,4,3396,3,33948000,1
51009.8710525,4,3397,1,33945000,-1
51011.463193,4,3398,10,33941000,1
51013.3070303,4,3399,1,33938000,1
51017.594539,4,3400,6,33942000,-1
51019.9687546,4,3401,1,33939000,1
51022.5521963,4,3402,4,33942000,1
51023.3791011,4,3403,1,33945000,-1
51026.6282799,4,3404,15,33941000,1
51026.6307287,4,3405,1,33938000,1
51028.5824476,4,3406,2,33943000,1
51030.2636079,4,3407,6,33946000,-1
51033.3374865,4,3408,5,33949000,-1
51035.1124869,4,3409,4,33946000,1
51038.9572053,4,3410,5,33949000,-1
51040.6415068,4,3411,2,33952000,-1
51046.6383564,4,3412,7,33956000,-1
51047.362086,4,3413,1,33959000,1
51047.7999998,4,3414,8,33956000,-1
51048.8846702,4,3415,1,33960000,-1
51050.1030543,4,3416,4,33957000,-1
51050.1918965,4,3417,3,33960000,-1
51050.2807347,4,3418,1,33963000,-1
51050.7239955,4,3419,2,33960000,1
51051.506363,4,3420,6,33964000,-1
51054.3114823,4,3421,4,33959000,-1
51058.3037941,4,3422,3,33955000,1
51058.9502775,4,3423,1,33952000,1
51059.1350366,4,3424,1,33955000,-1
51062.7238137,4,3425,4,33951000,1
51063.3534625,4,3426,6,33947000,1
51063.4334349,4,3427,5,33944000,1
51063.5116082,4,3428,2,33940000,1
51065.049326,4,3429,5,33937000,1
51065.9252764,4,3430,11,33933000,1
51065.9312538,4,3431,28,33930000,1
51065.9333807,4,3432,26,33927000,1
51065.9372422,4,3433,27,33924000,1
51065.9421518,4,3434,29,33921000,1
51065.943248,4,3435,3,33918000,1
51066.0316791,4,3436,1,33923000,1
51066.0373282,4,3437,4,33920000,1
51066.0816814,4,3438,5,33923000,-1
51066.0864433,4,3439,1,33926000,-1
51066.1103111,4,3440,3,33923000,-1
51066.1699398,4,3441,1,33926000,-1
51066.6664864,4,3442,3,33923000,1
51066.6864217,4,3443,6,33920000,1
51067.1032157,4,3444,4,33923000,1
51067.7614413,4,3445,6,33919000,-1
51069.2732886,4,3446,2,33922000,-1
51071.3701259,4,3447,7,33926000,-1
51071.540557,4,3448,5,33929000,-1
51072.7744406,4,3449,1,33932000,1
51074.0460404,4,3450,6,33940000,-1
51074.7606958,4,3451,3,33944000,-1
51078.9003867,4,3452,2,33947000,1
51082.2017064,4,3453,3,33950000,1
51083.0705483,4,3454,2,33947000,1
51086.1804413,4,3455,1,33943000,1
51090.0152213,4,3456,4,33954000,-1
51100.7002799,4,3457,1,33957000,1
51115.9609472,4,3458,10,33961000,-1
51117.1823507,4,3459,5,33964000,-1
51120.2024035,4,3460,7,33967000,-1
51120.7374611,4,3461,4,33970000,-1
51125.4515839,4,3462,5,33973000,-1
51125.4515911,4,3463,1,33976000,-1
51125.5738157,4,3464,1,33972000,1
51127.3043732,4,3465,3,33975000,-1
51128.5210046,4,3466,1,33971000,-1
51135.3293475,4,3467,13,33968000,1
51136.0643637,4,3468,1,33965000,1
51137.3662438,4,3469,1,33962000,-1
51138.5155866,4,3470,4,33967000,1
51139.1732439,4,3471,2,33964000,-1
51144.5293505,4,3472,8,33967000,-1
51151.6599815,4,3473,9,33964000,-1
51152.0999087,4,3474,1,33967000,1
51156.0195913,4,3475,5,33964000,1
51158.3247661,4,3476,2,33960000,-1
51158.3247874,4,3477,1,33963000,-1
51162.1215843,4,3478,2,33960000,-1
51163.1277152,4,3479,2,33963000,1
51163.1277288,4,3480,1,33960000,1
51172.1360215,4,3481,4,33963000,1
51172.7734716,4,3482,1,33960000,1
51179.6320267,4,3483,2,33955000,-1
51180.2033653,4,3484,2,33958000,1
51181.7201703,4,3485,5,33954000,1
51182.6687422,4,3486,1,33948000,1
51185.8986326,4,3487,1,33956000,-1
51186.8721377,4,3488,15,33951000,1
51190.9770267,4,3489,7,33948000,1
51197.4259832,4,3490,2,33952000,1
51200.9003598,4,3491,4,33948000,-1
51204.8224848,4,3492,6,33954000,-1
51209.5219563,4,3493,2,33957000,1
51226.3711345,4,3494,2,33954000,1
51227.0332967,4,3495,4,33951000,-1
51236.3425659,4,3496,22,33954000,-1
51242.4875412,4,3497,6,33958000,1
51245.1973524,4,3498,15,33954000,1
51245.2656205,4,3499,7,33960000,-1
51247.2890739,4,3500,6,33963000,-1
51247.3767912,4,3501,20,33966000,1
51253.6125612,4,3502,7,33963000,-1
51259.3962431,4,3503,2,33967000,-1
51260.2872354,4,3504,7,33970000,-1
51260.4130025,4,3505,3,33973000,-1
51262.2444484,4,3506,7,33977000,-1
51263.6552005,4,3507,49,33980000,-1
51266.3790797,4,3508,12,33985000,-1
51283.7098116,4,3509,22,33988000,-1
51288.283694,4,3510,7,33991000,-1
51296.8917863,4,3511,9,33987000,-1
51299.215955,4,3512,8,33990000,-1
51299.4689543,4,3513,1,33994000,-1
51300.3313375,4,3514,7,33991000,-1
51301.0558347,4,3515,12,33994000,1
51303.6105635,4,3516,5,33991000,1
51304.2537905,4,3517,8,33988000,1
51304.6947224,4,3518,8,33985000,1
51306.1514336,4,3519,8,33982000,-1
51307.5903099,4,3520,2,33985000,-1
51314.2208316,4,3521,1,33989000,-1
51323.1864631,4,3522,1,33986000,1
51323.744294,4,3523,7,33990000,-1
51328.4579207,4,3524,3,33993000,-1
51332.6056343,4,3525,8,33989000,-1
51332.6056392,4,3526,1,33992000,-1
51332.6434979,4,3527,1,33989000,1
51334.7460581,4,3528,3,33992000,-1
51336.223688,4,3529,1,33995000,-1
51340.5323806,4,3530,15,33992000,1
51350.0425492,4,3531,8,33989000,-1
51354.4611373,4,3532,5,33993000,-1
51358.6025509,4,3533,8,33997000,1
51364.0016441,4,3534,7,33994000,-1
51367.6605595,4,3535,3,33997000,-1
51373.155434,4,3536,6,33994000,1
51373.5895417,4,3537,7,33990000,1
51373.7763289,4,3538,1,33987000,-1
51374.7148283,4,3539,3,33983000,1
51377.7037089,4,3540,3,33986000,-1
51378.4755312,4,3541,9,33983000,-1
51378.5330344,4,3542,2,33986000,-1
51381.1114414,4,3543,2,33990000,1
51383.3358126,4,3544,12,33987000,1
51384.2572178,4,3545,3,33984000,1
51384.4159729,4,3546,13,33981000,1
51384.6812142,4,3547,2,33978000,-1
51385.0018565,4,3548,1,33981000,-1
51387.2404339,4,3549,1,33978000,1
51389.2909216,4,3550,4,33983000,-1
51394.0434157,4,3551,8,33987000,1
51399.22555,4,3552,1,33984000,-1
51402.6678683,4,3553,5,33987000,1
51402.7292984,4,3554,7,33984000,1
51410.3433426,4,3555,7,33989000,1
51411.3838844,4,3556,3,33983000,-1
51411.6089015,4,3557,1,33986000,-1
51414.386944,4,3558,1,33979000,1
51421.4664049,4,3559,1,33985000,1
51421.4831326,4,3560,26,33989000,-1
51421.4859332,4,3561,24,33992000,-1
51421.4860096,4,3562,9,33995000,-1
51421.544319,4,3563,2,33991000,-1
51422.1947666,4,3564,12,33994000,1
51422.5501844,4,3565,3,33997000,-1
51422.770994,4,3566,23,34000000,-1
51424.0132039,4,3567,3,33997000,-1
51424.8758815,4,3568,19,34000000,-1
51425.9032774,4,3569,8,34004000,-1
51426.2641339,4,3570,2,34007000,1
51431.0002545,4,3571,9,34004000,1
51433.0110036,4,3572,9,34001000,1
51433.4459162,4,3573,3,33997000,-1
51434.6803771,4,3574,5,34001000,1
51437.1292027,4,3575,4,33998000,1
51437.5190978,4,3576,3,33995000,1
51439.7255919,4,3577,2,33992000,-1
51440.9054184,4,3578,2,33995000,-1
51443.256771,4,3579,9,33998000,-1
51446.703112,4,3580,3,34001000,-1
51450.1594325,4,3581,3,34004000,1
51450.9300866,4,3582,1,34001000,1
51452.1403574,4,3583,21,34004000,1
51453.9662726,4,3584,4,34001000,1
51460.7997463,4,3585,8,33998000,-1
51462.6401506,4,3586,3,34002000,1
51465.4341696,4,3587,4,33999000,1
51471.039261,4,3588,5,34002000,-1
51472.4113389,4,3589,19,34005000,-1
51472.5060259,4,3590,8,34008000,-1
51473.4995828,4,3591,10,34011000,-1
51473.5045902,4,3592,23,34014000,-1
51473.5380067,4,3593,5,34017000,-1
51476.3017717,4,3594,1,34014000,1
51476.5902542,4,3595,10,34018000,-1
51478.6095952,4,3596,5,34014000,-1
51479.1544415,4,3597,4,34017000,1
51479.9764236,4,3598,12,34014000,1
51481.3329104,4,3599,3,34011000,1
51482.877389,4,3600,1,34008000,1
51485.4733864,4,3601,10,34012000,1
51488.8977519,4,3602,2,34009000,1
51492.9852495,4,3603,13,34013000,-1
51493.7088875,4,3604,1,34016000,-1
51494.5216255,4,3605,2,34019000,1
51495.4893891,4,3606,1,34014000,1
51495.7799287,4,3607,1,34017000,-1
51498.0383194,4,3608,4,34014000,1
51500.3378289,4,3609,2,34010000,1
51504.8270867,4,3610,5,34007000,-1
51504.8754412,4,3611,5,34010000,-1
51504.9193919,4,3612,2,34013000,1
51509.7598571,4,3613,10,34009000,1
51512.0933957,4,3614,7,34012000,1
51514.6964874,4,3615,4,34009000,1
51519.9329812,4,3616,4,34006000,-1
51522.0768842,4,3617,2,34009000,1
51524.0594252,4,3618,6,34006000,1
51524.059433,4,3619,1,34003000,1
51526.0776849,4,3620,3,34006000,-1
51531.5424608,4,3621,3,34010000,-1
51532.148498,4,3622,3,34013000,-1
51533.8283116,4,3623,4,34016000,-1
51534.5413614,4,3624,18,34019000,-1
51535.5487868,4,3625,37,34022000,-1
51535.5515472,4,3626,23,34025000,-1
51538.6035127,4,3627,17,34022000,-1
51539.1254591,4,3628,1,34025000,-1
51542.2061717,4,3629,24,34022000,1
51545.0108368,4,3630,7,34019000,-1
51547.1038501,4,3631,10,34022000,1
51548.0677655,4,3632,1,34018000,-1
51550.36598,4,3633,6,34015000,1
51551.1617817,4,3634,4,34018000,-1
51555.3897081,4,3635,9,34022000,1
51559.1377419,4,3636,22,34019000,1
51559.1377511,4,3637,1,34016000,1
51559.3995518,4,3638,1,34020000,-1
51562.6786422,4,3639,1,34017000,1
51574.7072603,4,3640,17,34022000,-1
51576.8272045,4,3641,6,34025000,-1
51582.5038383,4,3642,2,34028000,1
51584.1748617,4,3643,4,34025000,-1
51591.9790048,4,3644,11,34028000,-1
51592.7499472,4,3645,1,34031000,-1
51594.2457177,4,3646,1,34028000,1
51596.1594087,4,3647,15,34025000,-1
51600.6740011,4,3648,3,34028000,1
51600.708966,4,3649,11,34025000,1
51601.6046099,4,3650,7,34022000,1
51601.6046147,4,3651,1,34019000,1
51602.2178695,4,3652,13,34022000,1
51603.1789939,4,3653,1,34019000,1
51606.0295614,4,3654,8,34022000,-1
51610.617829,4,3655,3,34027000,-1
51612.1367389,4,3656,4,34030000,1
51612.5056641,4,3657,3,34027000,1
51612.5201453,4,3658,1,34024000,1
51612.6485936,4,3659,5,34020000,1
51614.5501479,4,3660,1,34025000,1
51618.9594375,4,3661,1,34022000,1
51624.5722726,4,3662,1,34025000,1
51638.6465322,4,3663,5,34028000,1
51642.3371536,4,3664,7,34025000,1
51648.5249325,4,3665,3,34022000,1
51651.6323411,4,3666,15,34018000,1
51656.0554457,4,3667,13,34015000,1
51657.4282422,4,3668,1,34012000,1
51662.7730697,4,3669,3,34015000,-1
51667.0558617,4,3670,10,34012000,-1
51675.3234047,4,3671,2,34015000,1
51680.7151989,4,3672,2,34012000,1
51682.8892332,4,3673,3,34015000,-1
51685.6903617,4,3674,4,34018000,1
51706.5968143,4,3675,1,34014000,-1
51718.366503,4,3676,1,34010000,-1
51720.907518,4,3677,10,34007000,1
51721.2748969,4,3678,15,34003000,1
51725.3506567,4,3679,3,34000000,1
51730.0960583,4,3680,3,34004000,1
51730.1544414,4,3681,1,34001000,-1
51732.3512795,4,3682,16,33998000,1
51732.3546951,4,3683,24,33995000,1
51733.5208115,4,3684,13,33992000,1
51734.5845743,4,3685,6,33989000,1
51735.4742904,4,3686,8,33985000,1
51737.3904144,4,3687,1,33982000,1
51738.5369809,4,3688,1,33986000,-1
51740.0542251,4,3689,4,33982000,1
51741.9795393,4,3690,1,33978000,1
51742.5979918,4,3691,1,33981000,-1
51743.0098075,4,3692,1,33984000,-1
51747.9826026,4,3693,4,33981000,-1
51749.1967966,4,3694,1,33984000,-1
51752.7309371,4,3695,3,33980000,1
51757.3040078,4,3696,9,33977000,-1
51759.3436894,4,3697,1,33980000,1
51762.2427289,4,3698,10,33983000,-1
51763.863512,4,3699,13,33986000,-1
51765.5922395,4,3700,23,33989000,-1
51765.5988248,4,3701,4,33992000,-1
51767.0995513,4,3702,3,33989000,1
51773.7317733,4,3703,13,33986000,1
51774.8782319,4,3704,3,33983000,-1
51779.7141875,4,3705,5,33986000,1
51779.9496786,4,3706,2,33983000,1
51780.7871414,4,3707,4,33986000,1
51783.8770859,4,3708,13,33983000,1
51783.937965,4,3709,5,33980000,1
51784.2378352,4,3710,6,33977000,1
51785.1098476,4,3711,3,33971000,1
51789.8607615,4,3712,4,33974000,-1
51789.8607716,4,3713,1,33977000,-1
51790.0767809,4,3714,2,33974000,-1
51795.7288133,4,3715,7,33977000,1
51805.5034501,4,3716,7,33974000,-1
51807.4698508,4,3717,7,33977000,-1
51810.4400748,4,3718,4,33980000,1
51811.9650425,4,3719,9,33977000,-1
51819.0867117,4,3720,19,33974000,-1
51824.6456097,4,3721,11,33978000,1
51825.1273827,4,3722,13,33975000,1
51825.1289367,4,3723,1,33972000,1
51829.1241075,4,3724,1,33975000,1
51834.9994268,4,3725,2,33979000,1
51836.2316348,4,3726,8,33982000,1
51842.2142922,4,3727,1,33979000,1
51847.9696285,4,3728,7,33983000,-1
51849.8334495,4,3729,6,33986000,-1
51852.2046467,4,3730,6,33989000,1
51852.2197422,4,3731,1,33986000,1
51857.2486648,4,3732,4,33991000,1
51857.6035618,4,3733,2,33986000,1
51862.6998062,4,3734,5,33983000,1
51864.1146847,4,3735,12,33980000,1
51867.621425,4,3736,1,33977000,1
51867.6228413,4,3737,3,33982000,-1
51869.5465655,4,3738,4,33979000,-1
51870.1943075,4,3739,1,33982000,-1
51870.6305928,4,3740,5,33979000,1
51870.6374241,4,3741,1,33976000,1
51873.578426,4,3742,1,33979000,-1
51879.9749264,4,3743,1,33972000,1
51882.5241828,4,3744,2,33975000,-1
51889.3304996,4,3745,20,33978000,-1
51894.8556318,4,3746,1,33975000,1
51899.6893553,4,3747,1,33981000,-1
51902.6655561,4,3748,1,33984000,1
51903.5686842,4,3749,15,33987000,-1
51905.6594662,4,3750,9,33990000,-1
51906.188344,4,3751,2,33993000,1
51906.4828913,4,3752,1,33990000,1
51907.0972908,4,3753,2,33993000,1
51912.9095263,4,3754,2,33990000,1
51921.0205157,4,3755,1,33985000,1
51926.5307218,4,3756,5,33988000,-1
51938.4820592,4,3757,44,33991000,-1
51942.5911961,4,3758,2,33986000,1
51946.4766678,4,3759,2,33992000,-1
51951.477558,4,3760,7,33995000,-1
51954.6779514,4,3761,6,33992000,-1
51960.175347,4,3762,4,33995000,1
51962.0374728,4,3763,4,33992000,1
51966.577899,4,3764,3,33987000,1
51966.5779104,4,3765,1,33984000,1
51970.449783,4,3766,1,33981000,-1
51971.4012181,4,3767,6,33977000,-1
51974.0220839,4,3768,3,33980000,1
51985.3720708,4,3769,1,33977000,-1
51988.7085776,4,3770,4,33973000,-1
51990.2340527,4,3771,6,33976000,1
51991.697638,4,3772,6,33973000,1
51996.4105939,4,3773,7,33970000,1
52000.610632,4,3774,1,33974000,-1
52004.0484795,4,3775,1,33977000,1
52011.1305531,4,3776,7,33980000,1
52011.2417327,4,3777,2,33977000,1
52016.3667878,4,3778,2,33980000,1
52017.9843602,4,3779,1,33977000,1
52025.8889857,4,3780,6,33981000,1
52029.1324622,4,3781,5,33975000,-1
52031.8175351,4,3782,1,33978000,-1
52033.1276186,4,3783,6,33975000,1
52045.2734062,4,3784,12,33971000,1
52045.273414,4,3785,1,33968000,1
52045.9990914,4,3786,3,33971000,-1
52053.9640741,4,3787,1,33974000,-1
52055.4800617,4,3788,1,33971000,1
52065.0483477,4,3789,15,33974000,-1
52065.3357274,4,3790,1,33970000,1
52072.5793317,4,3791,1,33979000,1
52072.6499082,4,3792,5,33982000,-1
52074.3908134,4,3793,4,33986000,-1
52081.456678,4,3794,8,33989000,-1
52082.2068032,4,3795,1,33992000,-1
52084.6112857,4,3796,2,33989000,-1
52084.7162409,4,3797,6,33992000,-1
52088.7361835,4,3798,3,33995000,-1
52089.2346759,4,3799,9,33998000,-1
52090.9846221,4,3800,1,34001000,-1
52094.7479449,4,3801,3,34004000,-1
52098.5277462,4,3802,13,34007000,-1
52100.2278749,4,3803,3,34010000,1
52104.5718131,4,3804,2,34007000,1
52112.3469765,4,3805,6,34004000,1
52114.0652015,4,3806,4,34001000,1
52116.89581,4,3807,6,33996000,-1
52121.897877,4,3808,3,33999000,1
52138.5322999,4,3809,24,33996000,1
52143.2479134,4,3810,6,33991000,1
52144.072249,4,3811,6,33988000,-1
52144.0740729,4,3812,16,33991000,-1
52144.0767871,4,3813,23,33994000,-1
52144.1360261,4,3814,1,33997000,-1
52147.1986327,4,3815,1,33994000,-1
52153.7203913,4,3816,4,33997000,1
52157.9357007,4,3817,2,33994000,1
52159.0353561,4,3818,4,34000000,1
52160.9312811,4,3819,1,33997000,-1
52163.2612315,4,3820,4,34001000,-1
52168.069828,4,3821,4,34004000,1
52169.3903385,4,3822,10,34001000,1
52171.2022246,4,3823,11,33998000,1
52175.9751509,4,3824,2,33991000,1
52189.1753088,4,3825,1,33987000,-1
52194.0815322,4,3826,3,33983000,1
52198.5752216,4,3827,5,33980000,1
52199.806723,4,3828,3,33977000,1
52205.0612011,4,3829,2,33983000,1
52206.0252879,4,3830,6,33980000,-1
52206.1175371,4,3831,2,33983000,-1
52206.2358177,4,3832,3,33986000,1
52207.6564861,4,3833,3,33982000,-1
52214.9877643,4,3834,3,33979000,-1
52222.885173,4,3835,4,33984000,1
52225.9365078,4,3836,1,33987000,-1
52227.0420141,4,3837,1,33983000,1
52232.6966808,4,3838,1,33980000,-1
52233.1359006,4,3839,1,33977000,-1
52236.4587766,4,3840,7,33974000,1
52238.197013,4,3841,2,33971000,-1
52238.2545998,4,3842,2,33974000,1
52238.7901098,4,3843,1,33971000,1
52240.6701548,4,3844,14,33977000,-1
52241.4523391,4,3845,1,33980000,-1
52247.4974405,4,3846,1,33977000,-1
52253.6815307,4,3847,3,33970000,-1
52254.0269292,4,3848,10,33973000,1
52254.0284082,4,3849,17,33970000,1
52254.0292582,4,3850,1,33967000,1
52254.629447,4,3851,1,33971000,-1
52254.8106365,4,3852,1,33968000,1
52256.0188493,4,3853,4,33972000,-1
52257.1795446,4,3854,1,33975000,1
52261.7102964,4,3855,5,33979000,-1
52261.740032,4,3856,1,33982000,1
52263.1196419,4,3857,8,33978000,1
52265.2476896,4,3858,6,33981000,-1
52265.2956016,4,3859,7,33984000,-1
52270.2861536,4,3860,5,33987000,-1
52270.7136798,4,3861,7,33990000,-1
52271.3544741,4,3862,3,33993000,-1
52280.2135489,4,3863,6,33996000,-1
52292.8329279,4,3864,41,33999000,-1
52293.388148,4,3865,1,34002000,1
52295.7320241,4,3866,5,33999000,1
52302.4613504,4,3867,8,33996000,1
52305.5059851,4,3868,4,33991000,1
52305.5181951,4,3869,1,33987000,1
52314.3957639,4,3870,4,33992000,-1
52331.1383124,4,3871,2,33995000,-1
52336.3440981,4,3872,3,33987000,1
52338.2018044,4,3873,2,33984000,-1
52338.7466115,4,3874,13,33988000,-1
52348.8556569,4,3875,5,33991000,1
52350.1356926,4,3876,1,33988000,1
52351.7018428,4,3877,2,33985000,-1
52354.313098,4,3878,7,33988000,-1
52357.555783,4,3879,2,33991000,-1
52359.4662685,4,3880,1,33995000,1
52360.7090528,4,3881,4,33998000,-1
52366.9519738,4,3882,2,33992000,-1
52383.63455,4,3883,1,33995000,1
52384.0713747,4,3884,12,33999000,1
52388.3492624,4,3885,6,33996000,1
52389.2118209,4,3886,5,33993000,1
52389.7929177,4,3887,7,33989000,1
52390.4167554,4,3888,2,33983000,1
52391.9042111,4,3889,12,33980000,1
52391.9045577,4,3890,16,33977000,1
52391.9073719,4,3891,28,33974000,1
52391.9092094,4,3892,29,33971000,1
52391.91086,4,3893,10,33968000,1
52392.1094329,4,3894,1,33973000,-1
52398.0057042,4,3895,9,33970000,1
52401.8756001,4,3896,6,33975000,-1
52401.9950124,4,3897,3,33978000,-1
52402.1172898,4,3898,3,33981000,1
52402.2569259,4,3899,1,33977000,1
52405.86068,4,3900,1,33980000,1
52409.956755,4,3901,1,33984000,1
52413.2987888,4,3902,7,33988000,-1
52416.7184772,4,3903,13,33991000,1
52424.5886801,4,3904,2,33988000,1
52426.8602429,4,3905,5,33991000,-1
52430.9469231,4,3906,4,33994000,-1
52432.6380352,4,3907,3,33997000,-1
52434.6356848,4,3908,1,34000000,-1
52439.838253,4,3909,1,33997000,1
52443.9909477,4,3910,1,34004000,-1
52445.7962255,4,3911,3,34001000,-1
52448.6496577,4,3912,1,34004000,1
52456.4948674,4,3913,6,34007000,1
52459.5115695,4,3914,1,34004000,1
52461.9328207,4,3915,3,34007000,-1
52473.66127,4,3916,8,34010000,1
52486.9819706,4,3917,11,34007000,-1
52497.1415932,4,3918,10,34010000,-1
52497.4130546,4,3919,6,34013000,-1
52497.8702689,4,3920,4,34009000,1
52498.1681311,4,3921,4,34005000,1
52498.5276508,4,3922,10,34002000,1
52500.0851715,4,3923,1,33997000,1
52500.277891,4,3924,2,34000000,1
52500.3359784,4,3925,2,33997000,1
52500.4878404,4,3926,1,33994000,1
52502.0297093,4,3927,2,33997000,-1
52503.3417775,4,3928,1,33993000,-1
52505.2490508,4,3929,3,33996000,1
52505.9297516,4,3930,6,33993000,1
52507.3470415,4,3931,3,33990000,-1
52507.4015233,4,3932,1,33993000,-1
52508.3431019,4,3933,3,33989000,1
52509.3259814,4,3934,3,33985000,-1
52509.6239064,4,3935,1,33988000,-1
52510.7036434,4,3936,1,33992000,1
52517.3586295,4,3937,1,33995000,1
52519.0619538,4,3938,3,34002000,1
52522.1978405,4,3939,3,34005000,1
52525.4628522,4,3940,4,34002000,1
52527.2244998,4,3941,1,34006000,1
52530.1895766,4,3942,2,34009000,-1
52532.3741682,4,3943,4,34012000,1
52534.3710729,4,3944,1,34009000,1
52538.1646623,4,3945,9,34012000,-1
52538.9807123,4,3946,2,34015000,-1
52539.048917,4,3947,4,34011000,1
52540.2620994,4,3948,2,34014000,1
52544.2884665,4,3949,7,34011000,1
52551.3676754,4,3950,1,34008000,1
52552.6811306,4,3951,3,34011000,-1
52555.8266217,4,3952,6,34014000,-1
52560.5062495,4,3953,6,34017000,-1
52565.4749321,4,3954,3,34014000,-1
52566.2813019,4,3955,1,34017000,-1
52577.5127534,4,3956,11,34014000,-1
52590.7123769,4,3957,11,34017000,-1
52595.3733697,4,3958,23,34020000,-1
52605.2257648,4,3959,7,34024000,1
52606.401963,4,3960,7,34021000,1
52606.4836554,4,3961,4,34018000,1
52606.6732321,4,3962,4,34014000,1
52607.0067329,4,3963,33,34011000,1
52607.0296351,4,3964,2,34008000,1
52610.4114693,4,3965,7,34012000,-1
52611.6327878,4,3966,2,34015000,1
52613.6837052,4,3967,8,34018000,-1
52626.054003,4,3968,1,34021000,-1
52628.7387667,4,3969,5,34018000,-1
52628.8471627,4,3970,4,34021000,1
52629.6495981,4,3971,2,34017000,-1
52634.2178211,4,3972,2,34020000,1
52638.5755056,4,3973,9,34025000,-1
52641.4408272,4,3974,1,34028000,-1
52642.3485974,4,3975,8,34024000,-1
52642.3486127,4,3976,1,34027000,-1
52643.9872946,4,3977,1,34024000,1
52650.6367082,4,3978,2,34027000,-1
52651.2720266,4,3979,3,34024000,1
52653.5119781,4,3980,2,34021000,1
52655.8891563,4,3981,12,34018000,1
52663.8778507,4,3982,14,34014000,1
52666.3365499,4,3983,4,34017000,1
52668.2569198,4,3984,4,34014000,1
52671.3532501,4,3985,3,34017000,1
52672.1201126,4,3986,4,34014000,1
52673.1238133,4,3987,6,34011000,1
52674.4326862,4,3988,11,34008000,-1
52677.4203136,4,3989,7,34003000,1
52679.1918561,4,3990,7,34000000,1
52680.4109973,4,3991,3,34004000,1
52686.7642582,4,3992,23,34000000,-1
52690.1934223,4,3993,1,34003000,-1
52692.7798472,4,3994,2,34009000,-1
52693.5277506,4,3995,1,34014000,1
52698.7935086,4,3996,5,34017000,1
52700.3065165,4,3997,3,34020000,-1
52700.3744093,4,3998,9,34023000,-1
52708.6910098,4,3999,4,34018000,1
52710.9811731,4,4000,4,34021000,-1
52713.6939089,4,4001,3,34024000,1
52726.7866445,4,4002,1,34020000,-1
52729.5168478,4,4003,17,34016000,1
52729.51899,4,4004,27,34013000,1
52729.772043,4,4005,25,34010000,1
52729.8531407,4,4006,1,34007000,1
52730.0844767,4,4007,5,34004000,1
52730.142928,4,4008,1,34001000,1
52732.5615806,4,4009,1,34004000,-1
52733.4898193,4,4010,2,34008000,-1
52737.254332,4,4011,2,34012000,-1
52738.5073884,4,4012,1,34008000,1
52744.5648154,4,4013,12,34005000,1
52744.7110706,4,4014,1,34000000,1
52746.7259718,4,4015,5,34006000,1
52746.9158065,4,4016,10,34003000,1
52751.0918318,4,4017,8,34000000,1
52754.8603713,4,4018,19,33996000,-1
52755.5930352,4,4019,29,34000000,-1
52755.6152628,4,4020,1,34003000,-1
52759.1368856,4,4021,12,34000000,-1
52760.4499808,4,4022,1,34004000,1
52764.1110297,4,4023,1,34001000,-1
52767.8089651,4,4024,17,33998000,-1
52768.035166,4,4025,3,34001000,-1
52772.4703268,4,4026,2,34005000,-1
52774.810573,4,4027,1,34009000,-1
52786.2504709,4,4028,10,34005000,-1
52803.804673,4,4029,8,33999000,-1
52808.3010098,4,4030,1,33994000,-1
52810.0994024,4,4031,1,33991000,1
52811.2521519,4,4032,1,33995000,1
52827.2677543,4,4033,5,33999000,-1
52830.6143535,4,4034,12,34002000,-1
52833.3270347,4,4035,18,34005000,-1
52844.6617142,4,4036,1,34008000,-1
52848.0753735,4,4037,6,34011000,-1
52852.0517165,4,4038,5,34014000,-1
52855.8166789,4,4039,12,34018000,1
52856.4142593,4,4040,6,34015000,-1
52884.048922,4,4041,19,34019000,-1
52885.0281394,4,4042,1,34022000,-1
52893.9250019,4,4043,4,34018000,-1
52895.432912,4,4044,2,34021000,1
52895.4952813,4,4045,4,34018000,1
52895.7617901,4,4046,4,34015000,1
52904.1134133,4,4047,7,34012000,1
52906.8867985,4,4048,4,34017000,1
52909.6149361,4,4049,2,34012000,-1
52921.2722688,4,4050,4,34015000,1
52923.6057745,4,4051,6,34011000,-1
52927.6682865,4,4052,17,34016000,-1
52942.6062644,4,4053,6,34019000,-1
52944.2849598,4,4054,3,34015000,-1
52952.7022912,4,4055,2,34011000,-1
52979.5262359,4,4056,1,34015000,1
52981.97875,4,4057,10,34021000,-1
52989.0784382,4,4058,10,34024000,1
52991.3098968,4,4059,5,34021000,-1
52991.7719655,4,4060,9,34018000,-1
52991.9903178,4,4061,12,34021000,-1
52992.1846374,4,4062,16,34024000,-1
52992.1856344,4,4063,1,34027000,-1
53001.5405524,4,4064,4,34023000,-1
53011.1217173,4,4065,2,34019000,-1
53031.9596905,4,4066,4,34024000,1
53034.2647379,4,4067,1,34021000,1
53038.1260576,4,4068,3,34024000,-1
53039.8846468,4,4069,7,34027000,1
53044.1590902,4,4070,5,34024000,1
53050.1786489,4,4071,4,34020000,1
53056.2035066,4,4072,10,34017000,1
53056.253503,4,4073,1,34014000,1
53059.3529412,4,4074,7,34017000,-1
53076.4922757,4,4075,21,34021000,-1
53078.2737292,4,4076,1,34024000,-1
53079.971317,4,4077,1,34021000,1
53085.5552986,4,4078,7,34024000,-1
53087.9189286,4,4079,14,34028000,1
53087.9208255,4,4080,8,34025000,1
53091.1177595,4,4081,4,34022000,-1
53097.4879256,4,4082,5,34025000,-1
53098.6563077,4,4083,1,34029000,-1
53117.4392822,4,4084,14,34026000,1
53120.4523102,4,4085,3,34023000,-1
53127.2235414,4,4086,21,34026000,-1
53133.9600582,4,4087,8,34022000,1
53137.3262636,4,4088,1,34018000,1
53146.7826084,4,4089,9,34015000,-1
53147.6495193,4,4090,1,34019000,-1
53157.1893319,4,4091,16,34016000,1
53157.3599664,4,4092,17,34013000,1
53158.2435794,4,4093,1,34010000,-1
53161.2022911,4,4094,1,34006000,-1
53162.1587311,4,4095,5,34003000,-1
53165.1025021,4,4096,8,34006000,-1
53179.2327835,4,4097,2,34009000,1
53180.8074196,4,4098,8,34006000,-1
53186.5397444,4,4099,1,34009000,-1
53192.8507452,4,4100,1,34003000,1
53213.4662118,4,4101,18,34009000,-1
53214.8946748,4,4102,8,34012000,-1
53216.7107682,4,4103,1,34015000,1
53220.1913569,4,4104,1,34010000,-1
53223.3395133,4,4105,6,34007000,1
53238.6630638,4,4106,13,34004000,1
53241.2777283,4,4107,2,34010000,1
53242.7582334,4,4108,1,34007000,1
53247.2245392,4,4109,6,34010000,1
53269.7339166,4,4110,1,34006000,1
53275.1881589,4,4111,33,34012000,-1
53276.2257442,4,4112,5,34015000,1
53284.9019437,4,4113,7,34009000,1
53287.1650664,4,4114,5,34005000,1
53298.6082321,4,4115,14,34002000,-1
53298.6298649,4,4116,1,34005000,-1
53299.2164789,4,4117,1,34008000,-1
53317.9482868,4,4118,1,34005000,-1
53328.8267394,4,4119,16,34001000,1
53336.7179092,4,4120,3,34009000,-1
53338.5581429,4,4121,5,34013000,-1
53345.3118937,4,4122,4,34016000,1
53347.2481867,4,4123,2,34013000,1
53347.2482004,4,4124,1,34010000,1
53352.8158717,4,4125,5,34013000,1
53355.0336827,4,4126,7,34010000,1
53356.501906,4,4127,1,34007000,-1
53373.963471,4,4128,8,34010000,1
53387.1156118,4,4129,3,34013000,1
53397.2235773,4,4130,1,34010000,1
53398.826844,4,4131,8,34014000,1
53402.2271529,4,4132,25,34011000,-1
53405.6550873,4,4133,7,34014000,1
53410.2158356,4,4134,2,34009000,1
53419.8485183,4,4135,4,34006000,-1
53422.1358652,4,4136,4,34001000,-1
53425.0972767,4,4137,3,34005000,1
53425.0972879,4,4138,2,34002000,1
53439.3481566,4,4139,10,34005000,-1
53439.5956877,4,4140,5,34010000,-1
53445.8938562,4,4141,1,34013000,-1
53451.5583047,4,4142,1,34009000,-1
53457.7121008,4,4143,7,34014000,-1
53459.6702599,4,4144,8,34017000,1
53461.9310773,4,4145,5,34014000,1
53469.140194,4,4146,10,34019000,-1
53471.3715578,4,4147,2,34022000,1
53486.6575722,4,4148,6,34019000,-1
53503.5604456,4,4149,1,34022000,-1
53507.638112,4,4150,8,34019000,1
53510.1837035,4,4151,8,34016000,1
53512.4199966,4,4152,3,34013000,1
53520.2759832,4,4153,7,34009000,1
53523.772721,4,4154,1,34003000,1
53531.025445,4,4155,4,34008000,1
53534.193198,4,4156,3,34005000,1
53534.6821309,4,4157,2,34002000,-1
53544.7006045,4,4158,6,34008000,1
53551.4386064,4,4159,1,34004000,1
53561.909306,4,4160,7,34007000,-1
53568.9972488,4,4161,3,34010000,-1
53569.2930667,4,4162,1,34013000,-1
53570.8260881,4,4163,2,34017000,1
53575.6759727,4,4164,1,34014000,1
53583.3379926,4,4165,3,34017000,1
53583.42403,4,4166,5,34014000,1
53585.6697963,4,4167,1,34011000,1
53594.9085676,4,4168,2,34017000,1
53597.2020263,4,4169,4,34014000,-1
53611.4056035,4,4170,4,34017000,-1
53640.472251,4,4171,9,34020000,1
53646.6527801,4,4172,1,34017000,1
53649.2475452,4,4173,2,34014000,1
53650.4739678,4,4174,1,34011000,1
53661.9969927,4,4175,13,34015000,1
53666.3885361,4,4176,8,34012000,1
53673.0111088,4,4177,1,34017000,1
53675.2123252,4,4178,2,34014000,-1
53684.9691993,4,4179,3,34017000,-1
53695.1308685,4,4180,21,34020000,-1
53697.6123677,4,4181,16,34023000,-1
53702.3683028,4,4182,9,34026000,1
53703.7122323,4,4183,5,34023000,1
53704.1329273,4,4184,1,34020000,1
53713.4040591,4,4185,4,34017000,-1
53736.0454468,4,4186,18,34022000,1
53737.4609474,4,4187,1,34019000,1
53742.2603835,4,4188,3,34015000,-1
53745.2690172,4,4189,2,34018000,-1
53754.7083205,4,4190,10,34021000,1
53765.0003127,4,4191,4,34018000,1
53767.0486282,4,4192,2,34015000,-1
53771.5215135,4,4193,1,34018000,1
53794.9260134,4,4194,15,34023000,-1
53794.9260194,4,4195,1,34026000,-1
53802.1451864,4,4196,13,34023000,1
53802.4503502,4,4197,4,34020000,1
53816.3845544,4,4198,20,34016000,-1
53817.0841611,4,4199,2,34019000,-1
53824.000094,4,4200,8,34022000,-1
53831.6950423,4,4201,35,34025000,1
53832.6686518,4,4202,6,34022000,1
53835.294227,4,4203,1,34019000,1
53838.940185,4,4204,1,34022000,1
53851.5437958,4,4205,3,34025000,-1
53852.10986,4,4206,3,34028000,1
53856.1569953,4,4207,1,34025000,1
53859.0955307,4,4208,23,34029000,-1
53859.7278628,4,4209,20,34032000,-1
53861.2361834,4,4210,9,34035000,-1
53861.2395175,4,4211,47,34038000,-1
53861.3460314,4,4212,1,34041000,-1
53861.467729,4,4213,2,34037000,1
53871.2394925,4,4214,14,34034000,1
53872.4292954,4,4215,8,34031000,1
53878.5494828,4,4216,6,34028000,-1
53892.038521,4,4217,3,34024000,-1
53896.7452227,4,4218,9,34020000,1
53896.7610977,4,4219,22,34017000,1
53898.1851915,4,4220,5,34014000,-1
53903.7303926,4,4221,3,34017000,-1
53905.8547479,4,4222,10,34020000,-1
53908.7293078,4,4223,1,34017000,-1
53912.1062562,4,4224,5,34013000,1
53932.4203537,4,4225,11,34016000,1
53933.0963855,4,4226,1,34013000,-1
53947.423944,4,4227,5,34009000,-1
53950.3171533,4,4228,15,34012000,-1
53968.0828655,4,4229,2,34015000,1
53968.1780094,4,4230,10,34012000,-1
53971.5589371,4,4231,6,34008000,1
53984.9935569,4,4232,18,34005000,1
53985.7814019,4,4233,2,34002000,1
53988.2003838,4,4234,9,34005000,1
53988.6560933,4,4235,8,34002000,-1
54000.3409836,4,4236,12,34006000,1
54000.3917291,4,4237,2,34003000,-1
54002.5693625,4,4238,1,34006000,-1
54015.5712102,4,4239,19,34003000,1
54016.2043788,4,4240,15,34000000,1
54021.1397514,4,4241,24,33997000,1
54023.0507829,4,4242,9,33994000,1
54024.4885222,4,4243,8,33991000,-1
54024.5941861,4,4244,2,33995000,1
54024.6125203,4,4245,2,33992000,-1
54024.7177869,4,4246,1,33995000,-1
54025.0077438,4,4247,1,33992000,1
54025.3001578,4,4248,6,33995000,-1
54029.6456647,4,4249,23,33998000,-1
54030.1029072,4,4250,1,34002000,-1
54030.177645,4,4251,1,33999000,1
54031.9657199,4,4252,2,34002000,-1
54035.0258905,4,4253,5,34005000,-1
54038.3070277,4,4254,4,34002000,-1
54045.0564791,4,4255,2,34006000,-1
54063.5300013,4,4256,1,34009000,-1
54065.8563428,4,4257,1,34004000,-1
54068.4772202,4,4258,2,34001000,-1
54071.8250979,4,4259,2,34004000,-1
54090.1733507,4,4260,15,34007000,1
54094.7323537,4,4261,4,34011000,1
54095.2349402,4,4262,1,34008000,-1
54100.3230911,4,4263,1,34012000,-1
54126.1930258,4,4264,13,34009000,1
54126.3867516,4,4265,3,34006000,-1
54130.3154422,4,4266,5,34009000,-1
54139.2675439,4,4267,12,34012000,1
54140.5740523,4,4268,1,34009000,1
54146.0142548,4,4269,7,34012000,-1
54150.998936,4,4270,15,34015000,-1
54168.5739186,4,4271,23,34018000,1
54179.0765036,4,4272,9,34014000,1
54182.214848,4,4273,9,34011000,-1
54182.6601964,4,4274,20,34014000,-1
54196.5239746,4,4275,6,34017000,1
54202.2082474,4,4276,3,34014000,1
54204.2955936,4,4277,5,34010000,1
54212.0566786,4,4278,1,34007000,-1
54216.8417213,4,4279,2,34012000,-1
54221.7551445,4,4280,4,34015000,1
54232.9095775,4,4281,4,34009000,-1
54239.961888,4,4282,12,34012000,1
54240.0038705,4,4283,8,34009000,1
54240.1125498,4,4284,3,34006000,1
54245.5754296,4,4285,5,34002000,1
54256.2620458,4,4286,3,34005000,-1
54258.4757151,4,4287,24,34008000,-1
54288.599946,4,4288,6,34013000,-1
54294.4185513,4,4289,2,34018000,1
54302.0226164,4,4290,6,34015000,-1
54308.3846537,4,4291,10,34018000,-1
54314.6268075,4,4292,32,34021000,-1
54317.0994539,4,4293,20,34024000,-1
54326.1337135,4,4294,7,34027000,-1
54329.8680567,4,4295,6,34030000,1
54332.7344945,4,4296,2,34027000,1
54338.9471024,4,4297,20,34030000,1
54352.3161869,4,4298,8,34025000,1
54355.5340894,4,4299,3,34022000,1
54356.5290286,4,4300,7,34018000,1
54357.1828522,4,4301,3,34015000,-1
54364.6456833,4,4302,10,34018000,-1
54365.8095749,4,4303,11,34021000,-1
54378.2945143,4,4304,14,34024000,1
54387.8503897,4,4305,2,34019000,1
54388.0802895,4,4306,4,34016000,-1
54388.2001828,4,4307,5,34019000,1
54389.3461617,4,4308,1,34013000,1
54394.82593,4,4309,5,34016000,1
54407.1185891,4,4310,4,34021000,-1
54416.6420656,4,4311,8,34024000,-1
54421.2581415,4,4312,8,34027000,1
54421.2853261,4,4313,16,34024000,1
54426.952266,4,4314,23,34021000,-1
54426.975289,4,4315,7,34024000,-1
54427.0700279,4,4316,3,34027000,1
54430.73664,4,4317,12,34023000,1
54445.6356219,4,4318,1,34020000,-1
54447.8005269,4,4319,12,34017000,1
54448.8916939,4,4320,1,34014000,1
54463.6196037,4,4321,4,34018000,-1
54472.3495395,4,4322,2,34021000,1
54480.2421266,4,4323,2,34024000,1
54495.6161661,4,4324,15,34027000,-1
54502.2360811,4,4325,18,34030000,-1
54502.2361108,4,4326,1,34033000,-1
54512.707003,4,4327,16,34030000,1
54520.3428249,4,4328,12,34033000,-1
54532.0087547,4,4329,3,34027000,1
54534.1991012,4,4330,2,34024000,1
54534.66576,4,4331,1,34021000,1
54544.7189336,4,4332,5,34026000,1
54544.735005,4,4333,10,34023000,1
54559.9860512,4,4334,10,34020000,-1
54560.5784029,4,4335,6,34023000,-1
54565.192815,4,4336,8,34020000,-1
54568.2456494,4,4337,14,34023000,-1
54592.9649634,4,4338,6,34020000,1
54595.2179203,4,4339,1,34015000,1
54603.0957399,4,4340,6,34018000,1
54608.7913709,4,4341,4,34015000,1
54625.2278834,4,4342,9,34010000,1
54628.8197049,4,4343,1,34007000,1
54648.2933247,4,4344,3,34012000,1
54651.5688761,4,4345,2,34009000,1
54662.6903873,4,4346,8,34006000,1
54665.5108157,4,4347,4,34003000,1
54668.0113464,4,4348,2,34000000,1
54671.7622816,4,4349,5,34005000,1
54672.492761,4,4350,11,34002000,1
54673.1946817,4,4351,2,33998000,1
54673.916311,4,4352,1,33995000,1
54684.3012106,4,4353,1,33998000,-1
54690.9619871,4,4354,9,33994000,1
54696.9732096,4,4355,14,33991000,1
54697.0103188,4,4356,10,33988000,1
54697.3585426,4,4357,17,33985000,-1
54706.2886486,4,4358,1,33988000,-1
54708.0325169,4,4359,18,33984000,1
54715.5878417,4,4360,14,33981000,-1
54720.1827386,4,4361,8,33984000,1
54720.3217885,4,4362,1,33981000,1
54722.0818586,4,4363,4,33985000,-1
54729.3112656,4,4364,6,33988000,-1
54733.8209506,4,4365,2,33983000,-1
54738.4178972,4,4366,2,33986000,1
54741.1283343,4,4367,8,33983000,1
54743.27371,4,4368,1,33980000,1
54750.8846673,4,4369,1,33986000,1
54759.0725342,4,4370,6,33981000,1
54769.3493387,4,4371,1,33986000,1
54775.1830157,4,4372,7,33991000,-1
54775.6173891,4,4373,2,33994000,1
54777.3430262,4,4374,11,33991000,1
54782.6868588,4,4375,5,33988000,1
54790.9112149,4,4376,5,33984000,1
54802.2927822,4,4377,1,33987000,1
54840.054606,4,4378,12,33990000,-1
54840.7135826,4,4379,4,33993000,-1
54848.1810966,4,4380,39,33990000,-1
54851.2986375,4,4381,5,33993000,1
54854.8825122,4,4382,6,33990000,-1
54863.8324338,4,4383,2,33993000,1
54868.1663537,4,4384,3,33990000,1
54877.897572,4,4385,1,33994000,-1
54882.0132287,4,4386,3,33991000,-1
54885.5068768,4,4387,6,33994000,1
54887.9147681,4,4388,1,33988000,1
54901.2767966,4,4389,10,33991000,-1
54911.4860213,4,4390,6,33994000,1
54919.7091701,4,4391,5,33991000,1
54932.6540342,4,4392,9,33995000,1
54933.4186232,4,4393,11,33992000,1
54942.7718115,4,4394,5,33987000,1
54948.1574122,4,4395,6,33984000,1
54952.0382452,4,4396,2,33981000,-1
54954.452493,4,4397,1,33984000,-1
54955.6263171,4,4398,1,33981000,1
54967.2160005,4,4399,3,33985000,1
54973.4804191,4,4400,4,33982000,1
54976.4115178,4,4401,17,33985000,-1
54987.9417561,4,4402,28,33988000,-1
54989.5997211,4,4403,12,33991000,-1
54990.4158035,4,4404,13,33994000,1
54994.2687623,4,4405,1,33990000,1
55006.9813864,4,4406,20,33993000,-1
55007.7770312,4,4407,8,33996000,-1
55017.5649578,4,4408,2,33999000,1
55017.7312998,4,4409,1,33996000,1
55017.9372135,4,4410,3,33999000,1
55036.3273797,4,4411,14,33996000,1
55045.6649095,4,4412,38,33999000,-1
55051.8118082,4,4413,1,34002000,-1
55055.8988326,4,4414,2,33999000,-1
55058.571368,4,4415,4,34002000,1
55058.7492184,4,4416,1,33999000,1
55061.3641479,4,4417,5,34002000,-1
55072.4590559,4,4418,1,34005000,-1
55076.3704998,4,4419,11,34001000,-1
55079.8965248,4,4420,1,34005000,-1
55107.7823671,4,4421,18,34002000,1
55110.4618784,4,4422,4,33999000,1
55111.4427204,4,4423,3,33996000,1
55116.1374592,4,4424,5,33993000,1
55124.2671459,4,4425,9,33990000,1
55124.3986149,4,4426,3,33993000,-1
55146.2136783,4,4427,1,33996000,-1
55157.3681249,4,4428,1,33993000,-1
55169.7545531,4,4429,1,33996000,-1
55192.298262,4,4430,25,33999000,-1
55200.1857679,4,4431,1,34002000,1
55201.6318066,4,4432,2,34006000,-1
55201.6861035,4,4433,16,34009000,-1
55201.6909027,4,4434,27,34012000,-1
55201.6909107,4,4435,1,34015000,-1
55202.184617,4,4436,10,34012000,1
55202.7389524,4,4437,2,34009000,-1
55205.8877958,4,4438,2,34012000,1
55211.3723379,4,4439,4,34009000,-1
55211.5932925,4,4440,5,34013000,1
55216.0503562,4,4441,2,34010000,-1
55230.6359075,4,4442,3,34007000,-1
55232.3748123,4,4443,2,34010000,1
55250.8285708,4,4444,2,34007000,1
55260.1736156,4,4445,6,34004000,1
55264.319031,4,4446,2,34007000,-1
55271.177523,4,4447,13,34010000,1
55278.2171077,4,4448,17,34007000,1
55285.5186094,4,4449,28,34004000,1
55297.0982864,4,4450,18,34008000,-1
55306.4388218,4,4451,27,34011000,-1
55315.1691857,4,4452,15,34015000,-1
55327.7516799,4,4453,11,34018000,1
55334.5925326,4,4454,2,34015000,-1
55336.5345926,4,4455,9,34018000,-1
55342.7703058,4,4456,5,34021000,-1
55349.448301,4,4457,5,34024000,1
55355.4824786,4,4458,2,34020000,1
55359.8882469,4,4459,2,34016000,-1
55372.731266,4,4460,23,34019000,1
55380.3529538,4,4461,6,34015000,1
55383.3373381,4,4462,3,34011000,1
55385.5845828,4,4463,1,34006000,1
55390.6074092,4,4464,3,34012000,1
55396.1219722,4,4465,7,34009000,1
55405.3786595,4,4466,9,34012000,1
55411.6068988,4,4467,14,34009000,1
55412.5290527,4,4468,5,34006000,1
55422.2024787,4,4469,15,34002000,1
55428.4904186,4,4470,2,33999000,1
55440.841237,4,4471,7,33996000,-1
55442.6455884,4,4472,14,33999000,1
55443.911722,4,4473,11,33996000,-1
55450.1048265,4,4474,5,33999000,1
55456.5388434,4,4475,24,33996000,1
55482.9675252,4,4476,25,33993000,1
55483.9712415,4,4477,1,33990000,1
55500.0378976,4,4478,11,33994000,1
55500.5611554,4,4479,10,33991000,1
55507.5836269,4,4480,8,33988000,1
55520.0944006,4,4481,15,33985000,1
55522.0954819,4,4482,2,33982000,1
55528.3779964,4,4483,13,33979000,1
55532.0295413,4,4484,1,33976000,1
55537.6976057,4,4485,1,33979000,-1
55544.5568923,4,4486,10,33975000,1
55547.1290566,4,4487,11,33972000,1
55551.673235,4,4488,8,33975000,-1
55556.6053597,4,4489,10,33971000,1
55556.6092262,4,4490,16,33968000,1
55556.6157196,4,4491,33,33965000,1
55556.618691,4,4492,31,33962000,1
55556.62183,4,4493,11,33959000,1
55557.1345208,4,4494,7,33964000,1
55561.3340573,4,4495,14,33961000,-1
55565.7045423,4,4496,17,33958000,-1
55567.0996577,4,4497,6,33954000,-1
55569.7975094,4,4498,5,33957000,1
55572.144634,4,4499,2,33954000,-1
55572.244107,4,4500,6,33957000,-1
55573.0050321,4,4501,2,33960000,1
55573.5584355,4,4502,2,33957000,1
55577.5615435,4,4503,3,33954000,-1
55578.4801889,4,4504,1,33957000,-1
55586.5619644,4,4505,21,33953000,-1
55595.0708681,4,4506,4,33956000,1
55595.4522476,4,4507,1,33953000,1
55596.3923443,4,4508,1,33956000,-1
55598.1075172,4,4509,6,33953000,1
55598.1615101,4,4510,27,33950000,1
55598.1617442,4,4511,20,33947000,1
55598.1618899,4,4512,23,33944000,1
55598.1620227,4,4513,24,33941000,1
55598.1622431,4,4514,34,33938000,1
55598.162464,4,4515,26,33935000,1
55598.1756016,4,4516,29,33932000,1
55598.2828686,4,4517,1,33939000,1
55598.2865271,4,4518,2,33934000,-1
55598.2908486,4,4519,2,33940000,-1
55598.3002026,4,4520,4,33936000,-1
55598.4384674,4,4521,20,33939000,-1
55598.444869,4,4522,1,33942000,-1
55598.61328,4,4523,1,33938000,1
55601.5959586,4,4524,4,33941000,-1
55601.7178741,4,4525,4,33938000,-1
55608.0349405,4,4526,38,33941000,-1
55608.9938068,4,4527,2,33945000,1
55611.2852861,4,4528,2,33942000,-1
55615.0132626,4,4529,9,33945000,1
55618.4116918,4,4530,6,33948000,-1
55621.5445254,4,4531,5,33945000,-1
55635.9420562,4,4532,50,33948000,-1
55643.1311098,4,4533,10,33951000,1
55652.1513722,4,4534,12,33954000,-1
55653.4612683,4,4535,29,33957000,-1
55658.0852975,4,4536,10,33960000,-1
55664.3425605,4,4537,1,33963000,1
55669.6762753,4,4538,7,33966000,1
55694.6528078,4,4539,16,33963000,-1
55699.1524324,4,4540,8,33966000,-1
55706.415335,4,4541,1,33969000,-1
55714.338258,4,4542,4,33963000,1
55718.9734202,4,4543,5,33960000,1
55733.8993144,4,4544,22,33956000,1
55741.1317729,4,4545,9,33960000,-1
55748.3196124,4,4546,10,33963000,-1
55753.5305633,4,4547,10,33966000,-1
55759.8014808,4,4548,5,33969000,-1
55767.6814198,4,4549,3,33963000,-1
55771.3274517,4,4550,1,33966000,-1
55773.1967488,4,4551,4,33963000,1
55778.005659,4,4552,3,33966000,-1
55780.633261,4,4553,4,33969000,-1
55783.1437266,4,4554,7,33972000,-1
55801.6615172,4,4555,23,33976000,1
55802.3227692,4,4556,5,33973000,1
55803.7001543,4,4557,5,33969000,1
55809.4327002,4,4558,54,33965000,-1
55814.1813969,4,4559,2,33968000,1
55822.1950884,4,4560,13,33964000,-1
55824.6300376,4,4561,7,33967000,-1
55828.8901884,4,4562,6,33970000,-1
55856.4903443,4,4563,10,33973000,1
55859.4704979,4,4564,6,33970000,1
55859.4749624,4,4565,2,33967000,1
55862.5028124,4,4566,14,33964000,1
55864.0752964,4,4567,8,33961000,1
55867.1954602,4,4568,10,33957000,1
55868.3116063,4,4569,2,33954000,1
55875.0291163,4,4570,4,33959000,-1
55876.2577272,4,4571,1,33962000,1
55884.980621,4,4572,5,33959000,-1
55884.9837964,4,4573,23,33962000,-1
55884.9838591,4,4574,9,33965000,-1
55885.0064283,4,4575,1,33961000,-1
55890.5965008,4,4576,4,33964000,1
55904.1210447,4,4577,4,33960000,1
55905.5353762,4,4578,2,33956000,1
55917.1376553,4,4579,4,33960000,-1
55921.6962312,4,4580,4,33964000,-1
55926.4721464,4,4581,6,33967000,1
55939.4890714,4,4582,32,33970000,1
55965.1521296,4,4583,14,33967000,1
55976.8596716,4,4584,4,33970000,1
55998.6779995,4,4585,11,33967000,1
56000.05468,4,4586,2,33964000,1
56004.6539607,4,4587,2,33960000,1
56017.9487591,4,4588,25,33957000,-1
56019.4344069,4,4589,6,33961000,-1
56055.8552922,4,4590,19,33964000,-1
56057.5050911,4,4591,1,33967000,-1
56069.2081687,4,4592,25,33964000,-1
56071.4735532,4,4593,7,33967000,-1
56074.317078,4,4594,2,33971000,-1
56077.2818187,4,4595,12,33974000,-1
56086.3436171,4,4596,14,33977000,-1
56093.4099516,4,4597,2,33980000,1
56098.4007813,4,4598,3,33976000,1
56100.0740544,4,4599,2,33973000,1
56121.1314571,4,4600,13,33970000,1
56124.8974483,4,4601,7,33965000,1
56128.8960269,4,4602,2,33962000,-1
56131.7554748,4,4603,6,33965000,1
56142.1346725,4,4604,12,33962000,1
56142.1550954,4,4605,3,33959000,-1
56149.6811367,4,4606,2,33963000,1
56157.1723543,4,4607,9,33960000,1
56161.4632571,4,4608,2,33957000,-1
56163.2075359,4,4609,2,33954000,1
56165.274514,4,4610,8,33957000,1
56169.3935429,4,4611,3,33954000,-1
56175.6097328,4,4612,1,33959000,1
56176.5309175,4,4613,3,33956000,1
56208.0302801,4,4614,8,33960000,-1
56221.7241131,4,4615,1,33957000,-1
56234.7266349,4,4616,4,33960000,-1
56239.2756837,4,4617,2,33963000,1
56244.0661857,4,4618,2,33959000,-1
56250.6538051,4,4619,5,33962000,-1
56253.1944881,4,4620,3,33965000,-1
56256.0193231,4,4621,6,33968000,-1
56293.2585498,4,4622,2,33972000,1
56305.8370176,4,4623,10,33975000,1
56308.9048636,4,4624,2,33970000,-1
56311.855832,4,4625,8,33973000,1
56327.1097793,4,4626,7,33970000,-1
56328.026289,4,4627,2,33973000,1
56330.0613808,4,4628,1,33976000,-1
56337.9415233,4,4629,8,33973000,-1
56340.6813018,4,4630,10,33976000,1
56345.888113,4,4631,2,33972000,1
56350.3758299,4,4632,1,33969000,1
56357.3772258,4,4633,3,33966000,-1
56365.5986656,4,4634,3,33969000,-1
56376.4012963,4,4635,29,33973000,1
56388.8682577,4,4636,9,33970000,1
56397.2340572,4,4637,37,33973000,-1
56399.1651671,4,4638,21,33976000,-1
56409.2772847,4,4639,19,33979000,-1
56416.0685902,4,4640,7,33982000,-1
56416.0713919,4,4641,27,33985000,-1
56420.5432666,4,4642,15,33988000,-1
56420.5776178,4,4643,4,33991000,-1
56421.7371384,4,4644,9,33994000,-1
56425.3858694,4,4645,1,33990000,-1
56427.0710934,4,4646,17,33987000,1
56431.0674339,4,4647,16,33984000,-1
56434.3055701,4,4648,18,33981000,-1
56436.060238,4,4649,11,33984000,-1
56443.1413107,4,4650,4,33989000,1
56455.5615213,4,4651,13,33986000,-1
56455.5615363,4,4652,1,33989000,-1
56470.73841,4,4653,5,33986000,1
56477.634779,4,4654,9,33983000,-1
56487.2648846,4,4655,3,33980000,-1
56487.2658949,4,4656,17,33983000,-1
56493.5294874,4,4657,8,33986000,-1
56514.4488835,4,4658,22,33989000,-1
56520.3960079,4,4659,1,33992000,-1
56531.8606616,4,4660,5,33987000,-1
56540.9144825,4,4661,11,33990000,-1
56543.0674906,4,4662,19,33993000,-1
56543.0698852,4,4663,1,33996000,-1
56573.7426644,4,4664,30,33993000,1
56575.7074729,4,4665,1,33990000,-1
56583.332187,4,4666,21,33986000,1
56583.4424868,4,4667,1,33983000,-1
56592.7440786,4,4668,1,33986000,-1
56615.4703618,4,4669,15,33983000,1
56624.1590779,4,4670,1,33979000,1
56634.2258154,4,4671,4,33982000,-1
56641.0402081,4,4672,2,33985000,-1
56659.3510997,4,4673,8,33989000,1
56701.1879439,4,4674,11,33993000,-1
56701.7246479,4,4675,6,33996000,1
56708.1165073,4,4676,1,33991000,-1
56725.7269468,4,4677,3,33994000,1
56730.0994924,4,4678,1,33991000,1
56739.2501452,4,4679,6,33994000,-1
56760.4534696,4,4680,5,33991000,-1
56760.4534816,4,4681,1,33994000,-1
56766.9737391,4,4682,3,33991000,1
56766.9811179,4,4683,1,33988000,1
56786.3432065,4,4684,15,33992000,1
56812.1010648,4,4685,17,33995000,-1
56819.5103129,4,4686,15,33998000,-1
56847.1728095,4,4687,15,34002000,1
56894.3854063,4,4688,17,33999000,1
56894.3925952,4,4689,2,33996000,1
56940.832899,4,4690,12,33993000,1
56950.8915433,4,4691,9,33996000,1
56950.9098953,4,4692,1,33993000,1
56959.0208872,4,4693,14,33997000,-1
56972.0879357,4,4694,5,33994000,-1
56999.3430458,4,4695,7,33998000,1
57000.2515844,4,4696,1,33994000,-1
57004.3020621,4,4697,11,33997000,1
57045.8946263,4,4698,16,33994000,1
57060.928954,4,4699,13,33991000,-1
57063.1457541,4,4700,25,33994000,1
57071.2394721,4,4701,28,33991000,-1
57090.8185665,4,4702,6,33994000,-1
57104.4273595,4,4703,9,33998000,1
57114.0419351,4,4704,9,33995000,1
57120.2939597,4,4705,6,33992000,-1
57126.820625,4,4706,5,33995000,1
57202.1085113,4,4707,8,33999000,-1
57203.0422773,4,4708,3,34003000,-1
57208.9752984,4,4709,3,34000000,-1
57217.3889195,4,4710,10,34003000,-1
57220.968745,4,4711,7,34006000,1
57223.8530853,4,4712,8,34002000,1
57228.8053403,4,4713,3,33999000,1
57258.6591539,4,4714,1,33995000,-1
57260.5079257,4,4715,15,33991000,1
57260.5665345,4,4716,13,33988000,1
57260.6665524,4,4717,4,33985000,1
57265.7809024,4,4718,1,33982000,1
57269.7154673,4,4719,11,33985000,-1
57279.6084366,4,4720,4,33988000,1
57291.8307038,4,4721,15,33985000,-1
57291.8409462,4,4722,1,33988000,-1
57292.2632043,4,4723,6,33985000,1
57294.13972,4,4724,10,33981000,-1
57296.1455503,4,4725,1,33986000,-1
57303.1180489,4,4726,4,33983000,-1
57315.4722767,4,4727,22,33987000,-1
57316.0414307,4,4728,7,33990000,-1
57326.1164865,4,4729,8,33993000,-1
57326.4749256,4,4730,1,33996000,-1
57342.5556371,4,4731,1,33992000,-1
57348.3860549,4,4732,1,33995000,-1
57358.7611969,4,4733,7,33990000,-1
57367.5628961,4,4734,9,33983000,1
57368.7966883,4,4735,6,33980000,1
57372.2491026,4,4736,4,33976000,-1
57379.894904,4,4737,3,33979000,1
57384.5391068,4,4738,22,33976000,1
57384.5407454,4,4739,14,33973000,1
57397.7844669,4,4740,1,33978000,-1
57401.3150315,4,4741,2,33974000,-1
57417.9976806,4,4742,5,33978000,1
57417.9977421,4,4743,3,33975000,1
57420.4690007,4,4744,3,33978000,-1
57427.768755,4,4745,9,33974000,1
57430.2341909,4,4746,1,33971000,1
57443.071452,4,4747,5,33974000,-1
57443.0735036,4,4748,12,33977000,-1
57443.7265726,4,4749,8,33980000,-1
57491.7580825,4,4750,5,33984000,-1
57497.5626215,4,4751,5,33987000,-1
57510.4380762,4,4752,8,33990000,1
57531.5517439,4,4753,6,33987000,-1
57541.7686234,4,4754,12,33990000,-1
57561.3698038,4,4755,5,33993000,-1
57561.3896417,4,4756,1,33996000,-1
57561.8884177,4,4757,7,33993000,1
57561.9573357,4,4758,18,33990000,1
57579.157097,4,4759,2,33987000,-1
57597.8457902,4,4760,9,33990000,-1
57603.539659,4,4761,5,33993000,-1
57623.0105963,4,4762,22,33996000,-1
57624.5388804,4,4763,2,33999000,1
57644.2919037,4,4764,1,33995000,1
57656.0354091,4,4765,12,33998000,-1
57687.8745282,4,4766,104,34001000,1
57687.8871997,4,4767,6,33998000,1
57691.7155858,4,4768,2,33995000,1
57710.4035974,4,4769,4,33999000,-1
57750.3771678,4,4770,3,34004000,1
57759.6261039,4,4771,14,34001000,1
57760.5192066,4,4772,3,33998000,-1
57770.542806,4,4773,5,34001000,-1
57774.8479444,4,4774,1,34005000,-1
57775.7438262,4,4775,3,34001000,-1
57777.0204874,4,4776,2,34005000,1
57777.0490123,4,4777,3,34002000,1
57795.2176744,4,4778,3,33999000,1
57796.245581,4,4779,13,34002000,-1
57796.2455913,4,4780,1,34005000,-1
57798.3036975,4,4781,2,34002000,1
57799.0888377,4,4782,5,33998000,-1
57799.8232077,4,4783,1,34003000,-1
57805.0077342,4,4784,13,34000000,-1
57805.3585081,4,4785,1,34003000,-1
57820.9739547,4,4786,1,34006000,1
57821.5184682,4,4787,16,34009000,-1
57824.5648816,4,4788,17,34012000,-1
57830.2760441,4,4789,2,34015000,-1
57833.5981543,4,4790,11,34012000,-1
57836.9946477,4,4791,28,34015000,1
57839.2821455,4,4792,7,34018000,-1
57841.1344703,4,4793,6,34021000,1
57841.199483,4,4794,3,34018000,1
57844.1026292,4,4795,9,34015000,-1
57853.5330022,4,4796,5,34018000,-1
57856.8341715,4,4797,1,34014000,1
57861.5090426,4,4798,2,34018000,1
57866.1369585,4,4799,2,34013000,-1
57866.1374459,4,4800,11,34016000,-1
57873.3663681,4,4801,11,34019000,-1
57876.125225,4,4802,23,34022000,-1
57876.2320823,4,4803,6,34025000,-1
57876.4525126,4,4804,3,34028000,1
57876.5045022,4,4805,1,34025000,1
57881.9090601,4,4806,18,34028000,-1
57882.9311894,4,4807,3,34031000,1
57889.8172199,4,4808,18,34028000,-1
57889.8267998,4,4809,6,34031000,-1
57892.5336032,4,4810,7,34028000,-1
57898.2239101,4,4811,3,34031000,-1
57901.6942867,4,4812,19,34034000,1
57901.6943023,4,4813,1,34031000,1
57902.3955242,4,4814,2,34034000,1
57906.2174016,4,4815,6,34031000,1
57912.6868353,4,4816,7,34028000,1
57912.7194491,4,4817,4,34025000,1
57914.3396646,4,4818,2,34022000,1
57920.9283919,4,4819,1,34025000,1
57933.4702649,4,4820,1,34028000,1
57943.2994593,4,4821,8,34036000,1
57974.093335,4,4822,31,34033000,-1
57974.0933398,4,4823,1,34036000,-1
57977.1420853,4,4824,3,34033000,-1
57977.142112,4,4825,1,34036000,-1
57977.3587226,4,4826,1,34032000,1
57986.5371115,4,4827,12,34036000,-1
57988.1134169,4,4828,5,34039000,1
57989.1330846,4,4829,1,34036000,1
57990.0630054,4,4830,15,34039000,-1
57990.1302395,4,4831,11,34042000,-1
57992.1945505,4,4832,2,34045000,-1
57996.4703028,4,4833,12,34041000,-1
58009.0190357,4,4834,8,34044000,-1
58028.0631023,4,4835,18,34038000,1
58048.7623317,4,4836,20,34035000,-1
58051.6485047,4,4837,2,34038000,1
58065.8774411,4,4838,5,34035000,1
58073.1547273,4,4839,11,34032000,1
58075.4254637,4,4840,5,34029000,-1
58080.8682341,4,4841,2,34032000,1
58081.39631,4,4842,5,34028000,1
58116.0307864,4,4843,4,34024000,1
58116.2450806,4,4844,16,34021000,1
58116.7408218,4,4845,5,34016000,1
58123.6864954,4,4846,17,34013000,-1
58124.9020247,4,4847,4,34010000,-1
58125.2822448,4,4848,7,34013000,-1
58128.7784283,4,4849,2,34017000,1
58137.6155419,4,4850,8,34013000,1
58148.0583286,4,4851,10,34010000,-1
58151.9387886,4,4852,2,34007000,-1
58170.3485284,4,4853,6,34010000,-1
58172.9265176,4,4854,4,34013000,-1
58191.2876126,4,4855,25,34016000,-1
58199.2389993,4,4856,4,34019000,1
58215.028914,4,4857,11,34016000,1
58217.3447498,4,4858,10,34011000,1
58220.5939795,4,4859,9,34008000,-1
58220.6129608,4,4860,1,34011000,-1
58228.6997587,4,4861,5,34015000,1
58233.6819296,4,4862,1,34011000,-1
58252.3197758,4,4863,2,34006000,-1
58279.6279524,4,4864,8,34003000,-1
58292.7743124,4,4865,6,34006000,-1
58332.9365345,4,4866,20,34009000,1
58352.0986088,4,4867,4,34005000,1
58360.6513627,4,4868,13,34002000,1
58370.3604353,4,4869,6,33999000,1
58372.7217182,4,4870,9,33996000,1
58385.7016865,4,4871,29,33993000,1
58387.7043476,4,4872,6,33990000,1
58416.999191,4,4873,19,33987000,-1
58420.5516411,4,4874,7,33983000,1
58428.7260909,4,4875,8,33980000,1
58433.6460017,4,4876,6,33983000,1
58437.7873387,4,4877,10,33980000,-1
58438.9932338,4,4878,6,33977000,1
58443.3425859,4,4879,2,33973000,1
58446.4417462,4,4880,13,33970000,1
58449.2568856,4,4881,2,33967000,1
58451.2144803,4,4882,6,33964000,1
58451.2144963,4,4883,1,33961000,1
58456.8108623,4,4884,12,33964000,-1
58456.8710473,4,4885,10,33967000,1
58456.8925815,4,4886,2,33964000,-1
58464.6096271,4,4887,10,33967000,-1
58468.7467908,4,4888,12,33971000,-1
58468.7509475,4,4889,24,33974000,-1
58468.7528166,4,4890,38,33977000,-1
58468.7552,4,4891,31,33980000,-1
58468.7562758,4,4892,11,33983000,-1
58468.9002114,4,4893,2,33977000,1
58472.6298385,4,4894,12,33981000,1
58472.8412228,4,4895,1,33978000,1
58485.1972686,4,4896,7,33981000,1
58485.8690276,4,4897,1,33978000,-1
58494.8317228,4,4898,2,33981000,1
58500.3510665,4,4899,1,33976000,1
58501.7270302,4,4900,3,33979000,-1
58501.961035,4,4901,3,33982000,-1
58502.4706462,4,4902,5,33985000,-1
58504.9035308,4,4903,10,33982000,1
58505.040622,4,4904,1,33978000,1
58511.9948968,4,4905,1,33981000,-1
58521.3737248,4,4906,8,33976000,1
58536.0955501,4,4907,5,33980000,1
58561.272383,4,4908,9,33977000,1
58597.7045659,4,4909,12,33974000,-1
58624.3714303,4,4910,2,33978000,-1
58639.8291605,4,4911,6,33981000,-1
58645.2554706,4,4912,2,33978000,-1
58660.2713585,4,4913,1,33981000,1
58681.6028907,4,4914,1,33978000,-1
58684.8930977,4,4915,3,33981000,1
58699.5937841,4,4916,1,33978000,1
58707.8463233,4,4917,9,33981000,1
58723.609955,4,4918,3,33977000,-1
58730.9932437,4,4919,3,33980000,1
58771.3303458,4,4920,3,33977000,1
58783.7931369,4,4921,5,33982000,1
58802.2770686,4,4922,11,33977000,1
58810.6435029,4,4923,6,33974000,1
58819.5774719,4,4924,21,33971000,1
58828.2919152,4,4925,12,33968000,1
58828.2919417,4,4926,2,33965000,1
58834.5777636,4,4927,2,33968000,1
58837.2125925,4,4928,8,33965000,1
58843.8317452,4,4929,4,33962000,-1
58847.7066714,4,4930,4,33965000,-1
58876.1561283,4,4931,12,33962000,1
58914.8964932,4,4932,4,33959000,-1
58914.9479573,4,4933,1,33962000,-1
58938.9557388,4,4934,11,33959000,-1
58948.5801614,4,4935,9,33956000,-1
58991.4510251,4,4936,9,33959000,1
58997.5924768,4,4937,6,33956000,1
59006.8398422,4,4938,10,33960000,-1
59039.1557339,4,4939,39,33963000,1
59040.2905491,4,4940,1,33960000,1
59047.864138,4,4941,1,33963000,-1
59067.174751,4,4942,2,33960000,1
59087.2597367,4,4943,4,33964000,-1
59091.1684851,4,4944,5,33967000,-1
59100.0412132,4,4945,6,33964000,-1
59114.0212001,4,4946,4,33967000,-1
59117.3146822,4,4947,3,33970000,-1
59118.4682944,4,4948,3,33973000,-1
59126.6403579,4,4949,4,33970000,-1
59128.5356368,4,4950,8,33973000,-1
59128.5356683,4,4951,1,33976000,-1
59200.1015271,4,4952,13,33973000,1
59211.7780686,4,4953,2,33977000,-1
59219.4259022,4,4954,6,33974000,-1
59267.1824233,4,4955,8,33977000,1
59269.7438159,4,4956,1,33980000,-1
59283.5832304,4,4957,13,33974000,1
59284.138018,4,4958,18,33971000,1
59295.3249673,4,4959,8,33968000,-1
59299.9989664,4,4960,6,33972000,-1
59305.1803221,4,4961,5,33975000,-1
59310.8874017,4,4962,40,33979000,-1
59310.9901891,4,4963,3,33982000,-1
59322.7262661,4,4964,13,33985000,-1
59361.8476307,4,4965,19,33988000,1
59422.2207018,4,4966,4,33985000,-1
59439.025218,4,4967,6,33988000,1
59519.6813463,4,4968,5,33985000,1
59537.0453944,4,4969,1,33991000,1
59561.2262114,4,4970,18,33995000,-1
59567.2366365,4,4971,31,33998000,1
59588.6629349,4,4972,30,33995000,-1
59596.3747093,4,4973,21,33998000,-1
59599.988984,4,4974,5,34001000,-1
59623.0777551,4,4975,5,34004000,1
59627.6242951,4,4976,6,34001000,1
59635.8281513,4,4977,8,33998000,-1
59652.0287515,4,4978,1,34001000,1
59676.278076,4,4979,2,34005000,1
59694.2003944,4,4980,11,34001000,1
59698.7681639,4,4981,1,33997000,1
59703.3053196,4,4982,4,34000000,1
59714.425719,4,4983,2,33996000,-1
59717.0752531,4,4984,3,33999000,-1
59733.2223223,4,4985,5,34002000,1
59736.9544258,4,4986,2,33999000,1
59760.9800969,4,4987,12,33996000,-1
59760.9988733,4,4988,8,33999000,1
59767.3613659,4,4989,6,33996000,1
59789.8007995,4,4990,5,33993000,1
59799.0074467,4,4991,4,33997000,-1
59820.0701711,4,4992,12,34000000,-1
59832.0353451,4,4993,1,34003000,-1
59852.0695674,4,4994,2,34000000,1
59852.965058,4,4995,5,33997000,-1
59855.9097082,4,4996,3,34000000,1
59855.9534295,4,4997,11,33996000,1
59857.035939,4,4998,22,33993000,1
59857.2385749,4,4999,1,33990000,1
59873.09385,4,5000,6,33993000,1
59873.1749649,4,5001,19,33989000,1
59873.1863993,4,5002,26,33986000,1
59898.1054305,4,5003,5,33983000,1
59907.1280183,4,5004,15,33987000,-1
59909.7417552,4,5005,8,33990000,-1
59914.4715964,4,5006,11,33993000,1
59927.3760389,4,5007,1,33990000,-1
59932.2785085,4,5008,7,33993000,1
59954.3625681,4,5009,37,33990000,-1
59954.4757434,4,5010,7,33993000,-1
59954.5163035,4,5011,1,33996000,-1
59969.7151636,4,5012,1,33992000,-1
60007.3706066,4,5013,2,33987000,-1
60019.7064655,4,5014,11,33990000,-1
60021.4507639,4,5015,1,33993000,-1
60038.693552,4,5016,19,33990000,1
60038.6935604,4,5017,1,33987000,1
60041.1667056,4,5018,1,33990000,-1
60056.0823556,4,5019,4,33993000,1
60067.9925031,4,5020,3,33990000,1
60091.9291036,4,5021,12,33985000,1
60092.0214125,4,5022,22,33982000,1
60096.917285,4,5023,10,33979000,1
60099.17173,4,5024,34,33976000,-1
60108.3195193,4,5025,19,33973000,-1
60108.3755467,4,5026,6,33976000,-1
60108.4049656,4,5027,1,33979000,-1
60109.2761818,4,5028,1,33976000,-1
60122.2903972,4,5029,2,33979000,1
60131.4886858,4,5030,4,33976000,-1
60154.9697031,4,5031,21,33979000,1
60182.1289757,4,5032,12,33976000,1
60203.6007656,4,5033,3,33973000,1
60206.2276904,4,5034,4,33970000,1
60220.1564219,4,5035,12,33967000,1
60221.9157317,4,5036,2,33964000,1
60230.1552088,4,5037,1,33968000,-1
60237.8988202,4,5038,6,33965000,1
60265.52351,4,5039,23,33961000,1
60265.5975662,4,5040,1,33958000,-1
60267.717902,4,5041,26,33954000,1
60267.7222543,4,5042,62,33951000,1
60267.7327469,4,5043,28,33948000,1
60267.7329788,4,5044,4,33945000,1
60267.7747598,4,5045,3,33952000,1
60267.8825291,4,5046,6,33948000,-1
60270.800963,4,5047,21,33951000,1
60270.8009734,4,5048,1,33948000,1
60272.934627,4,5049,1,33951000,1
60281.7308573,4,5050,8,33955000,-1
60282.174381,4,5051,3,33958000,1
60282.1771068,4,5052,13,33955000,1
60282.1811644,4,5053,29,33952000,1
60282.183346,4,5054,28,33949000,1
60282.1860785,4,5055,31,33946000,1
60282.1860889,4,5056,2,33943000,1
60282.2269957,4,5057,1,33954000,1
60282.3250754,4,5058,8,33948000,-1
60282.4847894,4,5059,1,33951000,1
60286.3300035,4,5060,14,33954000,1
60287.7224862,4,5061,5,33951000,-1
60289.9762339,4,5062,6,33954000,-1
60291.7838368,4,5063,7,33957000,1
60291.8048549,4,5064,3,33954000,1
60302.7926422,4,5065,9,33957000,-1
60303.9738806,4,5066,16,33960000,-1
60307.1452991,4,5067,6,33963000,-1
60315.7624301,4,5068,9,33966000,-1
60315.7756227,4,5069,7,33969000,1
60325.9374744,4,5070,16,33966000,1
60332.4432073,4,5071,8,33969000,-1
60336.6060874,4,5072,1,33973000,-1
60360.516447,4,5073,17,33969000,1
60361.5247938,4,5074,8,33966000,1
60367.1946314,4,5075,6,33962000,1
60367.2292485,4,5076,12,33959000,1
60376.978402,4,5077,19,33956000,1
60383.1778155,4,5078,2,33960000,-1
60388.1695854,4,5079,7,33963000,1
60391.0236103,4,5080,1,33960000,1
60403.1910185,4,5081,1,33968000,1
60409.9139568,4,5082,1,33973000,1
60411.075587,4,5083,10,33970000,-1
60411.0755918,4,5084,1,33973000,-1
60417.3749828,4,5085,2,33970000,1
60420.0920665,4,5086,1,33973000,1
60432.6493826,4,5087,19,33976000,-1
60452.0194028,4,5088,8,33979000,-1
60465.803779,4,5089,4,33976000,-1
60483.1411699,4,5090,9,33979000,1
60498.4577044,4,5091,1,33976000,1
60509.6909335,4,5092,6,33979000,1
60527.7673387,4,5093,6,33976000,1
60534.4293462,4,5094,9,33973000,-1
60538.8659439,4,5095,2,33977000,-1
60551.4285945,4,5096,4,33980000,1
60560.7514065,4,5097,11,33975000,1
60564.4453393,4,5098,3,33972000,1
60580.0870326,4,5099,21,33968000,1
60585.5805645,4,5100,19,33964000,1
60586.2428799,4,5101,1,33961000,1
60603.5806424,4,5102,4,33964000,-1
60616.9024133,4,5103,7,33967000,1
60623.3398503,4,5104,7,33964000,1
60629.6706297,4,5105,1,33961000,-1
60632.6870052,4,5106,6,33958000,-1
60640.6056321,4,5107,4,33961000,1
60645.5333559,4,5108,8,33958000,1
60664.4111743,4,5109,1,33955000,-1
60682.0347687,4,5110,4,33959000,-1
60703.0982901,4,5111,1,33963000,-1
60717.3716672,4,5112,2,33959000,-1
60741.1962626,4,5113,6,33962000,-1
60750.9998341,4,5114,5,33965000,1
60754.5750684,4,5115,8,33961000,1
60770.4431777,4,5116,3,33957000,1
60772.5925093,4,5117,6,33954000,1
60773.374032,4,5118,15,33951000,1
60789.7548003,4,5119,16,33948000,1
60816.9858782,4,5120,9,33945000,1
60822.3372061,4,5121,5,33948000,-1
60832.152763,4,5122,6,33951000,1
60833.4481891,4,5123,1,33948000,1
60840.3204211,4,5124,16,33951000,1
60843.206876,4,5125,8,33947000,1
60843.3174739,4,5126,1,33944000,1
60850.9009023,4,5127,7,33947000,1
60852.3401284,4,5128,2,33944000,-1
60862.1016629,4,5129,4,33947000,1
60869.835971,4,5130,4,33944000,-1
60902.4138983,4,5131,20,33947000,-1
60902.413915,4,5132,2,33950000,-1
60919.0660054,4,5133,2,33947000,1
60939.446271,4,5134,15,33950000,-1
60940.889484,4,5135,1,33953000,-1
60943.4363247,4,5136,13,33950000,1
60952.6601798,4,5137,10,33947000,-1
60964.8714654,4,5138,4,33950000,1
60966.3841934,4,5139,8,33947000,-1
60968.7139184,4,5140,4,33950000,1
61030.7803906,4,5141,18,33953000,-1
61038.1480989,4,5142,11,33957000,-1
61074.0448445,4,5143,4,33960000,-1
61077.2844898,4,5144,6,33963000,-1
61080.930457,4,5145,3,33966000,1
61082.540997,4,5146,6,33963000,-1
61100.989856,4,5147,7,33966000,1
61110.0569582,4,5148,1,33963000,1
61131.2021298,4,5149,5,33966000,-1
61180.7193786,4,5150,40,33969000,-1
61197.676584,4,5151,26,33972000,-1
61213.992293,4,5152,5,33968000,-1
61218.9498781,4,5153,2,33971000,-1
61231.0704557,4,5154,5,33974000,1
61246.1914251,4,5155,9,33971000,-1
61258.9201682,4,5156,10,33974000,-1
61296.6243967,4,5157,1,33977000,1
61310.0972779,4,5158,8,33981000,1
61310.3175126,4,5159,3,33978000,-1
61334.106153,4,5160,12,33981000,1
61336.0905008,4,5161,16,33984000,-1
61336.1982255,4,5162,5,33987000,-1
61349.3328755,4,5163,37,33984000,-1
61365.151162,4,5164,10,33987000,-1
61367.43398,4,5165,4,33984000,1
61374.1139969,4,5166,1,33981000,1
61380.8730605,4,5167,13,33985000,1
61386.2271465,4,5168,8,33982000,1
61387.0125043,4,5169,11,33979000,-1
61395.2295643,4,5170,35,33982000,1
61407.1992442,4,5171,5,33979000,1
61409.8515509,4,5172,7,33974000,1
61422.1004531,4,5173,3,33977000,1
61432.9950534,4,5174,1,33980000,1
61452.719538,4,5175,34,33985000,-1
61453.8839272,4,5176,20,33988000,-1
61455.7552123,4,5177,17,33991000,-1
61455.75524,4,5178,2,33994000,-1
61465.2147372,4,5179,13,33991000,-1
61483.2616111,4,5180,2,33988000,-1
61486.6615475,4,5181,16,33991000,-1
61488.320187,4,5182,11,33994000,-1
61495.060789,4,5183,3,33997000,1
61502.8908071,4,5184,11,33994000,-1
61525.7860751,4,5185,16,33997000,-1
61528.0262599,4,5186,23,34000000,1
61537.3804617,4,5187,13,33997000,1
61550.7863893,4,5188,8,34000000,1
61560.3297405,4,5189,2,33997000,1
61571.5060384,4,5190,6,34000000,1
61577.30509,4,5191,6,33997000,1
61584.6874101,4,5192,10,33994000,1
61588.9426944,4,5193,6,33991000,-1
61596.4208192,4,5194,2,33994000,-1
61606.2894078,4,5195,3,33988000,1
61611.3866875,4,5196,7,33985000,1
61622.5819583,4,5197,4,33988000,-1
61664.2062141,4,5198,14,33991000,-1
61687.0245773,4,5199,1,33995000,-1
61727.8486854,4,5200,3,33991000,1
61735.2370302,4,5201,3,33994000,-1
61737.6665182,4,5202,17,33997000,-1
61741.448772,4,5203,2,34000000,1
61754.8669402,4,5204,1,33997000,1
61759.5920843,4,5205,15,34000000,-1
61759.5923531,4,5206,2,34003000,-1
61770.0494831,4,5207,3,33998000,1
61770.385343,4,5208,5,33995000,1
61770.8533998,4,5209,6,33992000,1
61778.5631341,4,5210,16,33989000,-1
61810.0256354,4,5211,47,33992000,-1
61831.3344354,4,5212,14,33995000,-1
61837.0752055,4,5213,5,33998000,-1
61868.7095757,4,5214,17,33995000,1
61894.1227108,4,5215,1,33992000,1
61904.7623122,4,5216,8,33997000,-1
61917.1957351,4,5217,11,34000000,-1
61924.9368125,4,5218,10,34003000,-1
61928.6824813,4,5219,1,34006000,1
61966.1996817,4,5220,26,34003000,1
61967.2045323,4,5221,1,34000000,1
61989.8714029,4,5222,1,34005000,-1
62006.9587854,4,5223,5,33999000,-1
62009.0656529,4,5224,14,34002000,-1
62014.3097088,4,5225,11,34005000,-1
62016.5629328,4,5226,1,34008000,-1
62017.5622917,4,5227,2,34003000,-1
62039.4627343,4,5228,5,34006000,1
62040.9499838,4,5229,1,34009000,-1
62049.1383336,4,5230,12,34006000,1
62049.1383591,4,5231,3,34003000,1
62052.9236972,4,5232,6,34006000,1
62069.1700933,4,5233,9,34003000,1
62070.1596362,4,5234,16,34000000,1
62070.7970616,4,5235,8,33997000,1
62072.7054547,4,5236,1,33994000,1
62082.9046133,4,5237,4,33997000,-1
62086.1127421,4,5238,7,34000000,-1
62095.1866147,4,5239,8,33997000,-1
62108.2643433,4,5240,1,34000000,-1
62111.7111745,4,5241,3,33995000,1
62127.3700266,4,5242,2,33992000,1
62140.4739772,4,5243,10,33989000,1
62145.1144423,4,5244,1,33986000,1
62148.6405821,4,5245,15,33983000,1
62151.3094208,4,5246,6,33980000,-1
62154.6161093,4,5247,10,33983000,1
62163.5987679,4,5248,1,33980000,1
62178.1371165,4,5249,4,33985000,-1
62184.6583458,4,5250,2,33988000,1
62202.0892269,4,5251,6,33983000,1
62214.6848804,4,5252,8,33980000,-1
62219.704409,4,5253,3,33983000,-1
62223.3840619,4,5254,2,33987000,1
62226.2114804,4,5255,4,33984000,-1
62234.1499464,4,5256,3,33987000,-1
62240.5747646,4,5257,9,33981000,-1
62249.7664293,4,5258,5,33984000,-1
62250.562792,4,5259,1,33987000,-1
62274.3761696,4,5260,12,33984000,1
62274.3830068,4,5261,3,33981000,1
62279.539802,4,5262,6,33978000,-1
62310.6080508,4,5263,1,33982000,1
62325.9260496,4,5264,11,33991000,1
62325.9273794,4,5265,9,33988000,1
62325.9306334,4,5266,15,33985000,1
62325.931186,4,5267,23,33982000,1
62325.9312009,4,5268,2,33979000,1
62326.0285765,4,5269,1,33988000,1
62326.0949482,4,5270,1,33984000,1
62337.7900882,4,5271,2,33989000,1
62349.7971542,4,5272,9,33985000,-1
62360.1277137,4,5273,1,33988000,-1
62371.442315,4,5274,5,33985000,-1
62376.1047544,4,5275,1,33988000,1
62400.2762358,4,5276,8,33991000,1
62420.9222308,4,5277,7,33988000,1
62427.9902348,4,5278,3,33985000,1
62428.1423878,4,5279,2,33980000,-1
62459.0368842,4,5280,13,33983000,-1
62481.4797993,4,5281,4,33986000,-1
62495.9105777,4,5282,1,33983000,-1
62508.6775934,4,5283,10,33986000,-1
62519.7683182,4,5284,4,33989000,-1
62530.6692551,4,5285,1,33986000,1
62536.1474855,4,5286,1,33989000,1
62543.5371459,4,5287,6,33985000,-1
62562.911643,4,5288,4,33988000,-1
62576.9939514,4,5289,5,33991000,-1
62579.6585642,4,5290,10,33994000,-1
62594.627523,4,5291,7,33997000,1
62604.0595643,4,5292,1,33994000,1
62608.5184477,4,5293,7,33999000,-1
62627.4449069,4,5294,31,34002000,-1
62640.1025177,4,5295,3,34005000,1
62641.6207832,4,5296,16,34002000,1
62642.0629913,4,5297,1,33999000,1
62644.3077371,4,5298,4,33995000,-1
62652.8342864,4,5299,12,33998000,1
62662.9977271,4,5300,5,33995000,1
62663.0206288,4,5301,1,33992000,1
62665.6053804,4,5302,1,33988000,1
62676.4641004,4,5303,1,33991000,-1
62682.8474788,4,5304,3,33986000,1
62700.0427656,4,5305,20,33983000,1
62703.0609317,4,5306,3,33986000,-1
62704.6536708,4,5307,1,33989000,1
62711.7339023,4,5308,3,33986000,1
62720.7800478,4,5309,5,33983000,-1
62725.2392965,4,5310,2,33986000,-1
62727.0923477,4,5311,5,33989000,1
62729.9175229,4,5312,3,33986000,1
62729.9175436,4,5313,1,33983000,1
62743.4554743,4,5314,1,33986000,1
62750.6580058,4,5315,1,33980000,1
62777.7126006,4,5316,3,33983000,-1
62777.7126125,4,5317,1,33986000,-1
62785.7904349,4,5318,2,33982000,1
62805.3527884,4,5319,6,33979000,1
62806.4521847,4,5320,9,33976000,1
62808.1153677,4,5321,5,33973000,1
62812.334542,4,5322,1,33970000,1
62817.2055403,4,5323,2,33975000,1
62827.2893093,4,5324,4,33972000,-1
62827.6094109,4,5325,3,33975000,-1
62830.4904204,4,5326,3,33978000,1
62839.1925702,4,5327,2,33975000,1
62840.700786,4,5328,2,33972000,-1
62865.7565879,4,5329,22,33975000,1
62866.2032233,4,5330,4,33972000,1
62877.1820002,4,5331,6,33976000,-1
62878.6912508,4,5332,1,33979000,-1
62882.7172743,4,5333,4,33976000,1
62887.1375915,4,5334,1,33973000,-1
62888.0021478,4,5335,4,33968000,1
62890.2282634,4,5336,20,33965000,1
62891.2586136,4,5337,1,33962000,1
62893.5486891,4,5338,2,33965000,-1
62894.7804742,4,5339,1,33969000,-1
62896.1280656,4,5340,5,33966000,1
62898.1330853,4,5341,2,33963000,-1
62898.738465,4,5342,2,33966000,1
62906.2263878,4,5343,2,33963000,-1
62909.1879103,4,5344,1,33966000,-1
62915.7506079,4,5345,20,33963000,-1
62917.7353147,4,5346,5,33966000,1
62921.1773086,4,5347,20,33969000,-1
62936.9896884,4,5348,28,33972000,-1
62940.0472488,4,5349,5,33968000,1
62945.6549793,4,5350,52,33971000,1
62946.0009353,4,5351,6,33968000,1
62947.6585723,4,5352,21,33965000,-1
62954.3295211,4,5353,48,33968000,-1
62954.5543236,4,5354,23,33971000,-1
62962.0646535,4,5355,45,33974000,-1
62965.9002525,4,5356,8,33977000,-1
62972.874385,4,5357,17,33974000,-1
62975.1705431,4,5358,57,33971000,-1
62985.6864712,4,5359,54,33974000,1
62987.9842696,4,5360,47,33971000,1
62988.9107632,4,5361,7,33968000,-1
62999.6925834,4,5362,47,33971000,-1
63000.2712593,4,5363,2,33974000,1
63000.271268,4,5364,1,33971000,1
63002.9106406,4,5365,21,33974000,-1
63002.9634873,4,5366,3,33977000,-1
63004.3494153,4,5367,3,33980000,-1
63010.5491299,4,5368,28,33983000,1
63020.1694967,4,5369,3,33980000,1
63031.4157869,4,5370,7,33984000,1
63035.4418953,4,5371,7,33981000,1
63042.1252338,4,5372,6,33978000,1
63042.7298929,4,5373,1,33975000,1
63045.4989227,4,5374,1,33978000,1
63049.0490306,4,5375,1,33982000,-1
63053.1087877,4,5376,4,33979000,-1
63085.108659,4,5377,15,33982000,1
63087.7335682,4,5378,15,33985000,-1
63088.9293919,4,5379,2,33988000,1
63100.7898026,4,5380,3,33992000,1
63107.0153854,4,5381,20,33995000,-1
63121.3859202,4,5382,4,33998000,-1
63132.5755189,4,5383,5,34001000,1
63150.2032529,4,5384,9,33998000,1
63167.5218464,4,5385,6,33994000,-1
63194.7318105,4,5386,3,33997000,1
63256.530353,4,5387,1,33994000,-1
63311.5102319,4,5388,2,33991000,1
63314.119059,4,5389,5,33988000,1
63324.8863298,4,5390,2,33985000,-1
63336.0521394,4,5391,1,33988000,1
63361.1841827,4,5392,13,33985000,-1
63384.0936137,4,5393,5,33982000,-1
63398.0808445,4,5394,9,33985000,1
63409.6213886,4,5395,8,33982000,1
63426.0626145,4,5396,22,33979000,1
63435.9223916,4,5397,1,33976000,1
63440.8575005,4,5398,1,33981000,-1
63472.8667548,4,5399,7,33977000,-1
63480.5044655,4,5400,2,33980000,1
63505.4456454,4,5401,6,33977000,1
63571.6538936,4,5402,14,33980000,-1
63605.4124389,4,5403,7,33983000,1
63610.2708172,4,5404,7,33986000,-1
63611.4001808,4,5405,5,33989000,-1
63614.8459013,4,5406,4,33992000,1
63651.09967,4,5407,23,33989000,-1
63725.8493676,4,5408,22,33992000,-1
63748.8186975,4,5409,11,33995000,-1
63824.7492709,4,5410,42,33998000,1
63837.2795933,4,5411,4,33995000,1
63868.6065791,4,5412,14,33998000,1
63893.0133265,4,5413,6,33995000,1
63923.0759776,4,5414,13,33998000,-1
63929.1668833,4,5415,2,34002000,1
63955.6735597,4,5416,1,33998000,1
63965.4549017,4,5417,1,34001000,-1
63987.8829216,4,5418,11,33998000,1
64018.8121565,4,5419,5,34003000,-1
64018.8227601,4,5420,1,34006000,-1
64066.8251766,4,5421,3,34003000,-1
64093.6786348,4,5422,35,34006000,1
64095.3321882,4,5423,1,34003000,1
64107.9761601,4,5424,19,34006000,-1
64118.7667214,4,5425,5,34003000,-1
64153.3664672,4,5426,9,34007000,-1
64159.1988391,4,5427,60,34000000,1
64159.5925669,4,5428,10,33997000,-1
64200.2058417,4,5429,30,34000000,1
64201.5849304,4,5430,26,33997000,1
64222.3892641,4,5431,14,33994000,-1
64222.413873,4,5432,13,33997000,1
64231.2279329,4,5433,4,33994000,1
64237.6410088,4,5434,17,33991000,-1
64258.5092205,4,5435,6,33994000,1
64260.3751322,4,5436,31,33991000,1
64278.5192027,4,5437,5,33994000,1
64281.6747662,4,5438,6,33991000,1
64303.1526176,4,5439,4,33988000,-1
64314.033483,4,5440,23,33991000,1
64324.7206618,4,5441,4,33987000,-1
64335.0823626,4,5442,4,33990000,1
64387.299158,4,5443,20,33987000,1
64401.1831128,4,5444,2,33984000,-1
64414.0046751,4,5445,5,33987000,1
64453.362724,4,5446,1,33984000,-1
64458.4639677,4,5447,2,33981000,-1
64464.9691896,4,5448,8,33984000,-1
64477.71259,4,5449,6,33988000,1
64497.1950222,4,5450,2,33985000,1
64552.7376698,4,5451,4,33988000,1
64633.9997216,4,5452,4,33985000,-1
64682.7390636,4,5453,23,33988000,-1
64707.8696777,4,5454,1,33984000,-1
64746.9387624,4,5455,1,33987000,1
64766.4809414,4,5456,9,33991000,-1
64784.2966111,4,5457,4,33994000,1
64795.8103329,4,5458,5,33997000,1
64807.6355067,4,5459,10,33992000,1
64813.070277,4,5460,9,33989000,1
64821.6040914,4,5461,9,33986000,1
64862.3253292,4,5462,3,33983000,1
64864.9481141,4,5463,7,33980000,-1
64881.9675839,4,5464,10,33984000,1
64890.7962329,4,5465,2,33980000,1
64892.8341538,4,5466,3,33977000,-1
64894.2346204,4,5467,12,33980000,-1
64902.3240421,4,5468,5,33983000,1
64925.2138479,4,5469,22,33980000,-1
64933.0513866,4,5470,5,33983000,-1
64938.2517979,4,5471,12,33980000,1
64938.3615661,4,5472,30,33977000,1
64938.8207824,4,5473,6,33973000,1
64939.4756981,4,5474,15,33970000,1
64941.7330264,4,5475,8,33973000,1
64943.1041833,4,5476,1,33969000,1
64943.3179576,4,5477,3,33972000,-1
64945.1894146,4,5478,9,33969000,1
64945.1926452,4,5479,23,33966000,1
64954.4946171,4,5480,29,33963000,1
64964.6148813,4,5481,7,33969000,1
64975.0352799,4,5482,3,33964000,1
64977.7749485,4,5483,16,33968000,-1
64977.8210718,4,5484,40,33971000,-1
64978.7792816,4,5485,6,33974000,-1
64997.59693,4,5486,6,33977000,1
64997.6180627,4,5487,9,33974000,1
65023.1662579,4,5488,4,33970000,-1
65026.2519704,4,5489,4,33973000,1
65045.1020129,4,5490,10,33970000,1
65051.2422707,4,5491,6,33967000,-1
65052.3891762,4,5492,8,33970000,-1
65070.1098569,4,5493,5,33973000,1
65071.4212372,4,5494,1,33970000,1
65081.8657995,4,5495,5,33973000,-1
65096.3071033,4,5496,1,33976000,1
65098.9690871,4,5497,3,33980000,1
65118.8169894,4,5498,8,33977000,-1
65120.5482042,4,5499,6,33981000,-1
65124.286277,4,5500,2,33984000,1
65125.6726066,4,5501,10,33981000,1
65128.1892901,4,5502,37,33978000,-1
65144.0499607,4,5503,2,33981000,1
65145.3783289,4,5504,1,33976000,1
65147.2474406,4,5505,2,33979000,1
65153.9544304,4,5506,15,33976000,-1
65161.843805,4,5507,3,33981000,1
65168.0598999,4,5508,2,33978000,-1
65189.3786772,4,5509,2,33981000,-1
65195.5898736,4,5510,9,33984000,-1
65236.5474927,4,5511,18,33987000,1
65236.5568012,4,5512,10,33984000,1
65241.1237798,4,5513,2,33981000,-1
65252.5303481,4,5514,4,33984000,1
65261.7439307,4,5515,1,33981000,-1
65300.8392901,4,5516,4,33984000,1
65325.9598697,4,5517,11,33981000,1
65372.1133463,4,5518,7,33984000,1
65373.218436,4,5519,1,33981000,1
65377.4429875,4,5520,11,33986000,-1
65377.8612557,4,5521,27,33990000,-1
65378.9232889,4,5522,3,33993000,1
65384.0062465,4,5523,8,33990000,1
65395.1253399,4,5524,9,33986000,1
65411.2435687,4,5525,2,33983000,1
65420.9755874,4,5526,15,33980000,1
65424.1807362,4,5527,1,33977000,1
65435.7062498,4,5528,10,33980000,-1
65476.5675408,4,5529,6,33984000,1
65506.6084815,4,5530,15,33980000,-1
65516.7092386,4,5531,1,33977000,1
65527.4341713,4,5532,7,33982000,1
65534.0682544,4,5533,1,33979000,1
65549.0115629,4,5534,18,33983000,-1
65549.0199792,4,5535,1,33986000,-1
65599.0972071,4,5536,21,33990000,1
65620.4953762,4,5537,7,33993000,1
65642.2068423,4,5538,8,33990000,1
65645.7533685,4,5539,3,33986000,1
65667.2849086,4,5540,6,33983000,1
65675.3073182,4,5541,3,33980000,-1
65675.3090938,4,5542,17,33983000,-1
65701.6383962,4,5543,2,33986000,1
65725.9077215,4,5544,2,33983000,1
65728.9313243,4,5545,21,33980000,-1
65729.0459884,4,5546,12,33975000,1
65734.3152782,4,5547,9,33971000,1
65741.4466763,4,5548,15,33967000,-1
65745.7551839,4,5549,1,33971000,-1
65759.5169558,4,5550,1,33974000,1
65761.4053133,4,5551,2,33977000,1
65763.7637291,4,5552,1,33974000,1
65766.2764603,4,5553,24,33977000,-1
65779.1957617,4,5554,2,33974000,1
65784.3984572,4,5555,1,33971000,-1
65795.4692152,4,5556,2,33975000,1
65828.5250429,4,5557,4,33972000,-1
65884.2317989,4,5558,4,33975000,-1
65885.4038454,4,5559,3,33978000,1
65895.1971128,4,5560,2,33975000,1
65908.651413,4,5561,15,33978000,1
65942.5049554,4,5562,33,33975000,-1
65942.5185179,4,5563,11,33978000,-1
65953.0903176,4,5564,14,33981000,-1
65953.0904438,4,5565,1,33984000,-1
65968.7782788,4,5566,6,33981000,-1
65988.4048745,4,5567,1,33978000,1
66005.3078693,4,5568,23,33981000,-1
66019.2401719,4,5569,6,33978000,1
66032.1331442,4,5570,6,33974000,-1
66038.2690737,4,5571,4,33977000,1
66051.3974276,4,5572,8,33974000,1
66079.8995038,4,5573,2,33971000,1
66141.4784657,4,5574,1,33975000,-1
66151.0279142,4,5575,11,33972000,1
66151.0299215,4,5576,17,33969000,1
66155.5669455,4,5577,23,33966000,1
66163.3382503,4,5578,16,33963000,-1
66175.8711358,4,5579,1,33966000,-1
66201.0049478,4,5580,4,33963000,1
66202.8406611,4,5581,2,33960000,1
66217.3013231,4,5582,10,33963000,1
66220.4534625,4,5583,9,33960000,-1
66233.8073144,4,5584,4,33963000,1
66250.5523252,4,5585,17,33959000,-1
66250.5804888,4,5586,25,33962000,1
66271.9293347,4,5587,25,33965000,1
66299.1065718,4,5588,28,33968000,-1
66305.9944922,4,5589,11,33971000,1
66312.4325361,4,5590,5,33968000,1
66362.0230969,4,5591,4,33965000,-1
66362.6790429,4,5592,6,33968000,1
66369.242063,4,5593,2,33965000,-1
66369.2784308,4,5594,1,33968000,-1
66394.4583284,4,5595,4,33965000,1
66403.5033318,4,5596,3,33962000,1
66410.0966466,4,5597,1,33959000,1
66446.6433926,4,5598,5,33962000,-1
66510.7669384,4,5599,24,33965000,1
66552.4533807,4,5600,2,33969000,1
66557.5979388,4,5601,14,33973000,1
66572.2568947,4,5602,6,33970000,-1
66610.919335,4,5603,6,33973000,-1
66660.2668515,4,5604,20,33969000,-1
66696.5150098,4,5605,8,33972000,1
66730.8575731,4,5606,7,33975000,1
66778.1206402,4,5607,4,33972000,1
66783.8940146,4,5608,6,33968000,-1
66783.8968165,4,5609,21,33971000,-1
66794.0498408,4,5610,1,33974000,-1
66857.7448376,4,5611,1,33970000,-1
66904.873993,4,5612,14,33967000,1
66959.7780253,4,5613,1,33971000,1
66978.5046752,4,5614,6,33976000,-1
67026.4266158,4,5615,3,33979000,-1
67043.5685917,4,5616,4,33982000,1
67043.6556656,4,5617,1,33979000,1
67074.7963374,4,5618,6,33982000,1
67112.1559825,4,5619,9,33979000,1
67123.8030725,4,5620,3,33975000,-1
67131.6996876,4,5621,9,33980000,-1
67179.555389,4,5622,15,33983000,-1
67179.5655626,4,5623,28,33986000,-1
67179.5827635,4,5624,37,33989000,-1
67179.5833316,4,5625,28,33992000,-1
67179.5872085,4,5626,26,33995000,-1
67179.5910669,4,5627,54,33998000,-1
67179.7973604,4,5628,142,34001000,-1
67179.8857045,4,5629,7,34004000,-1
67180.0816147,4,5630,2,34007000,1
67180.1070778,4,5631,8,34010000,-1
67180.2921326,4,5632,6,34007000,1
67200.0985725,4,5633,115,34004000,1
67205.8878498,4,5634,7,34007000,1
67209.2512016,4,5635,8,34004000,-1
67213.6216108,4,5636,7,34007000,-1
67213.6230863,4,5637,20,34010000,-1
67213.6246732,4,5638,24,34013000,-1
67213.6249487,4,5639,29,34016000,-1
67213.6328368,4,5640,43,34019000,-1
67213.7190148,4,5641,23,34022000,1
67213.7470903,4,5642,5,34019000,-1
67213.750174,4,5643,1,34022000,-1
67213.7649781,4,5644,1,34018000,1
67213.7674191,4,5645,1,34021000,1
67213.7889927,4,5646,17,34018000,1
67213.7983573,4,5647,4,34015000,1
67213.8336728,4,5648,6,34018000,1
67213.9489627,4,5649,17,34015000,1
67214.5892902,4,5650,20,34012000,1
67214.5892949,4,5651,1,34009000,1
67214.8176857,4,5652,1,34013000,-1
67218.7020869,4,5653,28,34010000,1
67222.9223855,4,5654,1,34007000,1
67223.4662208,4,5655,1,34013000,-1
67250.4359171,4,5656,1,34010000,1
67252.5389764,4,5657,14,34013000,1
67252.7255737,4,5658,3,34010000,-1
67258.0676954,4,5659,30,34013000,1
67264.9571151,4,5660,21,34017000,-1
67264.9571455,4,5661,1,34020000,-1
67265.8887659,4,5662,3,34017000,-1
67269.3658138,4,5663,58,34020000,1
67271.9096803,4,5664,13,34017000,1
67271.9187479,4,5665,1,34014000,1
67287.2441517,4,5666,12,34017000,-1
67322.0259872,4,5667,45,34020000,1
67325.2232948,4,5668,2,34017000,-1
67330.7797021,4,5669,16,34020000,-1
67352.7245375,4,5670,6,34024000,-1
67353.2771157,4,5671,1,34027000,-1
67359.1783962,4,5672,9,34024000,-1
67372.3744655,4,5673,2,34027000,1
67372.4822916,4,5674,15,34024000,1
67436.1231018,4,5675,24,34021000,-1
67438.2007373,4,5676,1,34024000,-1
67443.171568,4,5677,1,34020000,-1
67455.8317588,4,5678,1,34017000,1
67456.2424604,4,5679,1,34020000,1
67467.2131919,4,5680,1,34023000,1
67474.9101626,4,5681,23,34027000,1
67509.1749301,4,5682,10,34024000,1
67523.0050812,4,5683,4,34027000,1
67546.5769383,4,5684,15,34024000,1
67553.5910865,4,5685,1,34021000,1
67564.5615035,4,5686,5,34025000,1
67626.4913775,4,5687,39,34028000,1
67662.1753246,4,5688,18,34031000,1
67674.3506231,4,5689,2,34028000,-1
67689.5947387,4,5690,17,34031000,1
67702.4472961,4,5691,15,34028000,1
67706.9348887,4,5692,11,34031000,1
67734.6943595,4,5693,52,34027000,1
67777.4938766,4,5694,44,34024000,-1
67800.0936419,4,5695,10,34021000,1
67809.6631593,4,5696,26,34025000,1
67825.2892329,4,5697,9,34022000,1
67844.3867849,4,5698,14,34025000,-1
67849.2331684,4,5699,27,34028000,-1
67895.0253295,4,5700,23,34031000,1
67942.942748,4,5701,16,34028000,1
68037.5156815,4,5702,43,34031000,1
68044.1173795,4,5703,9,34034000,-1
68045.3059925,4,5704,3,34037000,1
68046.190405,4,5705,2,34034000,-1
68052.8021838,4,5706,28,34037000,-1
68055.1515027,4,5707,28,34040000,-1
68069.6180918,4,5708,17,34043000,1
68071.2634977,4,5709,9,34040000,-1
68090.5204082,4,5710,9,34044000,-1
68094.3425262,4,5711,25,34047000,-1
68112.684665,4,5712,79,34050000,1
68131.3773283,4,5713,1,34047000,1
68140.9228812,4,5714,24,34051000,-1
68147.8527765,4,5715,11,34054000,1
68160.0412109,4,5716,1,34051000,-1
68166.8038456,4,5717,8,34048000,1
68221.23845,4,5718,24,34045000,1
68235.6698086,4,5719,6,34048000,1
68239.9747374,4,5720,39,34045000,1
68241.0347934,4,5721,9,34042000,1
68283.8502716,4,5722,28,34046000,1
68299.5255422,4,5723,3,34043000,-1
68321.4353866,4,5724,50,34046000,1
68355.0833533,4,5725,23,34043000,1
68373.1977325,4,5726,8,34046000,1
68400.7939999,4,5727,44,34043000,1
68408.7448197,4,5728,9,34046000,-1
68409.5836811,4,5729,6,34043000,1
68430.0819562,4,5730,9,34040000,1
68449.3499757,4,5731,1,34044000,1
68458.9410228,4,5732,1,34040000,1
68466.2739611,4,5733,2,34043000,-1
68485.3754363,4,5734,13,34047000,1
68501.8771985,4,5735,36,34050000,1
68536.8745573,4,5736,62,34047000,1
68537.1835308,4,5737,3,34044000,1
68557.4848871,4,5738,20,34040000,1
68562.0421978,4,5739,14,34037000,1
68572.2406528,4,5740,14,34034000,-1
68591.4093268,4,5741,44,34031000,-1
68621.9873479,4,5742,9,34034000,-1
68625.1259308,4,5743,2,34037000,1
68631.3454665,4,5744,14,34034000,1
68645.324418,4,5745,2,34031000,1
68667.1185314,4,5746,5,34034000,-1
68700.4886946,4,5747,8,34037000,1
68809.9503692,4,5748,10,34040000,1
68821.9493279,4,5749,10,34045000,1
68838.4185664,4,5750,7,34042000,1
68859.4099819,4,5751,7,34039000,-1
68902.190186,4,5752,14,34046000,1
68913.0462852,4,5753,12,34050000,1
68957.753537,4,5754,18,34047000,-1
68975.8231585,4,5755,8,34050000,-1
68982.0002904,4,5756,34,34054000,-1
68983.0550998,4,5757,1,34057000,-1
69004.4901811,4,5758,11,34052000,-1
69027.5426502,4,5759,4,34049000,-1
69070.1494433,4,5760,22,34052000,-1
69090.1226498,4,5761,5,34049000,1
69095.1348167,4,5762,1,34046000,1
69114.0440557,4,5763,2,34050000,-1
69126.6313279,4,5764,2,34053000,1
69234.5669191,4,5765,5,34049000,1
69260.0644644,4,5766,4,34046000,1
69269.5000675,4,5767,3,34049000,-1
69278.834843,4,5768,21,34052000,1
69282.16555,4,5769,3,34049000,1
69299.9454425,4,5770,5,34046000,1
69353.4274509,4,5771,22,34050000,-1
69357.2376477,4,5772,4,34053000,1
69361.3402302,4,5773,4,34050000,1
69362.7521364,4,5774,5,34047000,1
69374.5302637,4,5775,4,34044000,-1
69425.468493,4,5776,1,34047000,1
69460.1593048,4,5777,12,34053000,1
69573.9747618,4,5778,13,34050000,1
69585.8845837,4,5779,6,34047000,-1
69610.3158414,4,5780,9,34050000,-1
69633.8388732,4,5781,1,34053000,-1
69649.6734551,4,5782,1,34050000,-1
69656.1532835,4,5783,8,34046000,1
69656.1532886,4,5784,1,34043000,1
69674.078581,4,5785,8,34046000,-1
69728.9523047,4,5786,8,34049000,1
69758.5685924,4,5787,13,34046000,-1
69842.2547758,4,5788,5,34049000,1
69865.3769249,4,5789,8,34046000,1
69911.674847,4,5790,6,34043000,1
69942.3241103,4,5791,2,34046000,-1
69965.9626667,4,5792,1,34049000,-1
69997.6167305,4,5793,4,34045000,-1
70094.4908366,4,5794,17,34049000,-1
70143.2225411,4,5795,2,34046000,1
70157.3677144,4,5796,11,34042000,1
70163.6270289,4,5797,14,34045000,1
70178.8551476,4,5798,32,34040000,1
70191.7472993,4,5799,1,34037000,1
70205.9119732,4,5800,1,34040000,-1
70252.7162943,4,5801,12,34037000,-1
70260.7130747,4,5802,15,34034000,-1
70294.4915798,4,5803,36,34037000,-1
70304.9817505,4,5804,3,34040000,1
70347.6321542,4,5805,6,34037000,-1
70362.022369,4,5806,8,34040000,-1
70394.6673201,4,5807,3,34044000,1
70416.9274702,4,5808,1,34048000,-1
70440.8695692,4,5809,7,34045000,-1
70443.8182421,4,5810,2,34048000,1
70443.8203122,4,5811,17,34045000,1
70453.708095,4,5812,6,34042000,1
70526.2435847,4,5813,23,34045000,1
70606.4804583,4,5814,19,34042000,1
70709.3034375,4,5815,3,34046000,1
70743.9650435,4,5816,24,34049000,-1
70831.5053563,4,5817,4,34052000,1
70933.7603582,4,5818,14,34055000,1
70955.3536296,4,5819,4,34052000,1
70961.2087347,4,5820,1,34049000,1
70971.5362532,4,5821,8,34052000,-1
70971.5399789,4,5822,2,34055000,1
71035.1025922,4,5823,25,34052000,-1
71040.2093586,4,5824,5,34055000,1
71040.2093643,4,5825,1,34052000,1
71107.0272364,4,5826,15,34055000,-1
71125.1452286,4,5827,5,34058000,-1
71140.1349433,4,5828,21,34055000,-1
71180.6066569,4,5829,17,34051000,-1
71222.9423707,4,5830,3,34054000,1
71239.3392751,4,5831,9,34057000,-1
71250.0068462,4,5832,13,34054000,-1
71266.8986625,4,5833,8,34057000,1
71266.9322171,4,5834,10,34054000,-1
71285.931579,4,5835,23,34057000,1
71285.9337816,4,5836,17,34054000,1
71285.9353624,4,5837,9,34051000,1
71325.340683,4,5838,34,34054000,-1
71356.8174515,4,5839,2,34057000,1
71467.9826241,4,5840,7,34053000,-1
71478.6740641,4,5841,1,34050000,1
71518.0523836,4,5842,13,34053000,-1
71526.1827636,4,5843,11,34056000,-1
71528.5639916,4,5844,29,34059000,-1
71528.5672766,4,5845,29,34062000,-1
71569.5785542,4,5846,47,34065000,1
71583.7978738,4,5847,1,34070000,-1
71587.4857597,4,5848,4,34063000,1
71603.6739125,4,5849,2,34066000,-1
71629.5247804,4,5850,17,34069000,-1
71632.4951537,4,5851,3,34073000,-1
71673.0493799,4,5852,45,34070000,1
71674.5086079,4,5853,11,34067000,-1
71680.0656412,4,5854,9,34070000,-1
71700.151993,4,5855,12,34066000,1
71703.0429452,4,5856,3,34063000,-1
71724.3246624,4,5857,30,34066000,1
71731.7508126,4,5858,10,34063000,1
71743.4541737,4,5859,12,34060000,-1
71749.219696,4,5860,5,34063000,1
71772.4318932,4,5861,9,34060000,-1
71831.0014601,4,5862,10,34063000,1
71844.7134243,4,5863,5,34060000,-1
71881.2004657,4,5864,12,34063000,-1
71892.2062104,4,5865,1,34066000,1
71917.1013762,4,5866,2,34070000,-1
71923.4985738,4,5867,1,34073000,-1
71932.5126554,4,5868,18,34069000,1
71933.9997368,4,5869,1,34066000,-1
71941.1089429,4,5870,4,34069000,-1
71950.2862292,4,5871,27,34072000,1
71950.4656872,4,5872,1,34069000,-1
72000.3301095,4,5873,43,34065000,-1
72001.0287537,4,5874,4,34068000,-1
72004.900596,4,5875,22,34065000,1
72025.4242745,4,5876,46,34061000,-1
72076.6274736,4,5877,15,34058000,1
72092.0758449,4,5878,1,34055000,-1
72119.8553193,4,5879,18,34052000,-1
72142.1138899,4,5880,3,34055000,-1
72142.9968962,4,5881,4,34058000,-1
72242.0011342,4,5882,24,34061000,1
72252.7601264,4,5883,1,34064000,1
72261.6545866,4,5884,1,34068000,-1
72271.4303019,4,5885,8,34065000,1
72299.805888,4,5886,7,34068000,1
72307.7986847,4,5887,13,34065000,1
72308.6850276,4,5888,8,34062000,1
72319.5280472,4,5889,33,34059000,-1
72322.4649625,4,5890,2,34064000,1
72347.3145671,4,5891,8,34061000,1
72373.3763367,4,5892,54,34058000,1
72381.7311074,4,5893,16,34055000,1
72381.7325252,4,5894,15,34052000,1
72388.5270123,4,5895,22,34049000,1
72392.0020502,4,5896,18,34046000,1
72400.4827775,4,5897,31,34043000,1
72406.176425,4,5898,25,34040000,-1
72406.9832498,4,5899,5,34044000,1
72410.9578747,4,5900,18,34041000,1
72413.3469813,4,5901,18,34038000,-1
72418.3057679,4,5902,4,34041000,1
72419.6905633,4,5903,12,34038000,1
72421.1913884,4,5904,1,34035000,1
72426.1984915,4,5905,4,34038000,1
72429.8913121,4,5906,5,34035000,-1
72440.9912026,4,5907,35,34038000,-1
72455.3416761,4,5908,4,34043000,-1
72455.3416854,4,5909,1,34046000,-1
72462.2387619,4,5910,1,34043000,1
72487.9624487,4,5911,25,34046000,1
72496.174461,4,5912,4,34043000,-1
72553.1018555,4,5913,7,34046000,1
72554.9939566,4,5914,3,34049000,-1
72560.0202992,4,5915,1,34046000,1
72568.4749491,4,5916,2,34049000,-1
72601.7914897,4,5917,5,34053000,1
72601.7914962,4,5918,1,34050000,1
72615.6198635,4,5919,12,34053000,1
72625.8693724,4,5920,6,34050000,1
72653.2471102,4,5921,4,34046000,-1
72684.4543413,4,5922,26,34049000,-1
72688.3299387,4,5923,7,34046000,1
72688.6801071,4,5924,2,34043000,-1
72705.0272832,4,5925,3,34046000,-1
72708.8732859,4,5926,1,34049000,-1
72766.1170518,4,5927,4,34046000,-1
72766.2943125,4,5928,1,34049000,-1
72783.2432925,4,5929,15,34046000,1
72783.2455639,4,5930,1,34043000,1
72789.9222743,4,5931,7,34047000,-1
72798.2928433,4,5932,5,34051000,1
72798.2929051,4,5933,12,34048000,1
72798.29437,4,5934,3,34045000,1
72877.4034647,4,5935,18,34048000,1
72908.8933462,4,5936,5,34051000,-1
72945.6740547,4,5937,15,34054000,-1
72988.9053393,4,5938,1,34057000,1
73024.8292623,4,5939,2,34063000,1
73035.7752744,4,5940,1,34060000,1
73090.3821846,4,5941,16,34063000,-1
73096.7932204,4,5942,1,34066000,-1
73122.1960748,4,5943,3,34063000,1
73148.8915837,4,5944,21,34060000,-1
73371.3399388,4,5945,12,34065000,1
73620.2108545,4,5946,34,34068000,1
73661.2108216,4,5947,18,34065000,1
73661.2120464,4,5948,13,34062000,1
73670.7574767,4,5949,7,34059000,-1
73683.2694618,4,5950,1,34062000,-1
73713.8289836,4,5951,13,34059000,1
73744.496846,4,5952,22,34056000,1
73744.4968555,4,5953,1,34053000,1
73750.5286853,4,5954,2,34056000,1
73750.5305188,4,5955,20,34053000,1
73769.3920154,4,5956,6,34050000,1
73820.941549,4,5957,1,34053000,-1
73831.4808473,4,5958,8,34049000,1
73835.3157987,4,5959,24,34046000,1
73835.7185556,4,5960,3,34043000,1
73836.3242421,4,5961,1,34040000,1
73842.6631094,4,5962,4,34044000,-1
73848.6111697,4,5963,4,34047000,1
73848.626784,4,5964,2,34044000,-1
73878.848572,4,5965,2,34047000,1
73904.6364023,4,5966,4,34044000,-1
73947.9569212,4,5967,4,34047000,-1
73949.8934519,4,5968,3,34050000,-1
74086.740677,4,5969,14,34053000,-1
74135.4254617,4,5970,4,34050000,-1
74165.6237327,4,5971,4,34046000,-1
74218.9045144,4,5972,8,34049000,-1
74220.228965,4,5973,1,34052000,-1
74292.4059985,4,5974,27,34049000,1
74360.3938546,4,5975,10,34053000,1
74438.6731134,4,5976,1,34056000,-1
74533.9106327,4,5977,2,34053000,1
74542.330226,4,5978,3,34050000,-1
74555.4757805,4,5979,6,34053000,-1
74625.3889319,4,5980,68,34057000,1
74641.582014,4,5981,1,34060000,-1
74682.2877829,4,5982,9,34054000,-1
74727.8804854,4,5983,18,34057000,1
74739.0472968,4,5984,1,34054000,1
74753.0388863,4,5985,5,34058000,-1
74777.3250771,4,5986,1,34061000,-1
74792.7430099,4,5987,22,34058000,-1
74792.7749392,4,5988,15,34061000,-1
74792.8153807,4,5989,10,34064000,-1
74794.2309325,4,5990,7,34067000,-1
74799.6962914,4,5991,13,34070000,-1
74804.9686006,4,5992,14,34073000,-1
74808.5408874,4,5993,3,34076000,1
74837.0566976,4,5994,5,34073000,-1
74841.1261428,4,5995,12,34076000,-1
74845.8754985,4,5996,4,34079000,-1
74856.189376,4,5997,79,34075000,1
74868.6615911,4,5998,1,34071000,-1
74906.6251887,4,5999,1,34067000,1
74939.1134652,4,6000,31,34070000,-1
74996.2152088,4,6001,14,34073000,-1
75002.7478184,4,6002,100,34070000,1
75004.4561596,4,6003,1,34067000,1
75008.7758302,4,6004,3,34070000,-1
75038.4292108,4,6005,5,34073000,1
75158.306547,4,6006,26,34070000,-1
75159.1214127,4,6007,16,34073000,1
75171.0398605,4,6008,6,34070000,-1
75182.6884077,4,6009,6,34074000,-1
75218.4595746,4,6010,11,34077000,-1
75219.1903535,4,6011,2,34080000,1
75341.4601835,4,6012,81,34077000,-1
75393.4867284,4,6013,6,34073000,1
75393.4867438,4,6014,2,34070000,1
75433.2027679,4,6015,2,34073000,1
75456.6715587,4,6016,13,34070000,1
75466.6829845,4,6017,1,34067000,-1
75491.4925449,4,6018,6,34064000,1
75501.0509552,4,6019,8,34061000,1
75526.9380359,4,6020,6,34065000,-1
75582.6080927,4,6021,18,34068000,-1
