32439.3856529,4,0,1,33214000,-1
32494.4149439,4,1,4,33205000,-1
32494.5340539,4,2,18,33208000,-1
32494.8523501,4,3,2,33212000,-1
32494.9500318,4,4,1,33217000,-1
32507.8796357,4,5,1,33213000,1
32524.7250144,4,6,5,33217000,-1
32540.7794134,4,7,5,33220000,-1
32541.9935403,4,8,1,33217000,-1
32543.1322743,4,9,2,33213000,-1
32583.0692495,4,10,6,33216000,-1
32596.9010272,4,11,1,33222000,-1
32613.2321007,4,12,6,33218000,1
32674.5521885,4,13,5,33213000,1
32729.9139129,4,14,2,33208000,1
32850.8076821,4,15,35,33200000,1
32868.3356498,4,16,1,33204000,1
32897.7872422,4,17,1,33200000,1
32928.9223392,4,18,6,33206000,-1
32929.9071827,4,19,2,33209000,1
33032.3448708,4,20,8,33205000,1
33144.9518271,4,21,59,33200000,-1
33145.5795338,4,22,1,33204000,-1
33256.4004854,4,23,33,33200000,-1
33262.0186099,4,24,5,33203000,-1
33357.7308117,4,25,7,33207000,1
33359.9091643,4,26,11,33204000,-1
33377.1255967,4,27,7,33207000,-1
33496.3277288,4,28,7,33210000,1
33589.7598754,4,29,6,33204000,1
33598.8344229,4,30,5,33201000,-1
33598.852731,4,31,1,33204000,-1
33633.0821951,4,32,21,33201000,-1
33671.9773659,4,33,34,33198000,1
33672.6752889,4,34,7,33201000,-1
33686.3591213,4,35,25,33198000,1
33686.3656884,4,36,15,33195000,1
33686.4501577,4,37,10,33192000,1
33686.5644391,4,38,1,33189000,1
33689.1148097,4,39,5,33192000,-1
33690.398833,4,40,3,33195000,-1
33705.8356383,4,41,4,33198000,-1
33722.5536425,4,42,11,33195000,-1
33728.6469824,4,43,5,33199000,-1
33768.4979381,4,44,6,33202000,-1
33800.9069558,4,45,4,33205000,-1
33803.6128325,4,46,5,33209000,-1
33857.971504,4,47,13,33212000,-1
33865.6613165,4,48,4,33217000,-1
33881.2591672,4,49,2,33211000,-1
33891.3374444,4,50,6,33214000,1
33893.3466591,4,51,1,33211000,-1
33910.9473418,4,52,1,33214000,1
33911.5473523,4,53,1,33211000,-1
33924.3573996,4,54,1,33214000,-1
33934.4613336,4,55,1,33211000,-1
33939.4658599,4,56,5,33207000,1
33939.541425,4,57,11,33210000,-1
33946.7821982,4,58,5,33213000,-1
33949.380677,4,59,1,33216000,1
33995.4234545,4,60,1,33219000,1
34054.6020037,4,61,4,33224000,-1
34081.7218808,4,62,3,33220000,-1
34103.5859892,4,63,3,33223000,1
34169.7879851,4,64,11,33220000,-1
34200.0642482,4,65,10,33223000,1
34200.752883,4,66,1,33220000,1
34212.0446497,4,67,1,33224000,-1
34230.528292,4,68,7,33221000,1
34230.5336232,4,69,19,33218000,1
34230.5376125,4,70,20,33215000,1
34230.5406208,4,71,18,33212000,1
34230.5652333,4,72,1,33215000,1
34236.1429263,4,73,6,33212000,1
34263.8761832,4,74,12,33209000,1
34266.146746,4,75,2,33212000,1
34359.8238622,4,76,54,33209000,1
34379.566557,4,77,6,33212000,-1
34386.0468831,4,78,12,33208000,1
34388.8143452,4,79,27,33205000,-1
34394.1116637,4,80,5,33208000,1
34397.1316124,4,81,5,33213000,1
34495.6119957,4,82,6,33210000,1
34615.2852389,4,83,12,33207000,-1
34736.570701,4,84,1,33210000,-1
34763.5837977,4,85,4,33207000,1
34763.5999504,4,86,13,33204000,1
34763.6086793,4,87,2,33201000,-1
34770.9628596,4,88,45,33204000,-1
34773.4525752,4,89,1,33207000,-1
34773.4784932,4,90,1,33204000,1
34801.5970027,4,91,5,33207000,-1
34814.8628111,4,92,8,33203000,-1
34864.1229082,4,93,17,33207000,1
34870.382724,4,94,3,33203000,1
34898.9526108,4,95,4,33200000,1
34916.1090864,4,96,1,33203000,1
34943.0689095,4,97,2,33206000,-1
34964.579103,4,98,10,33210000,1
34996.4031319,4,99,7,33207000,-1
35036.2390117,4,100,1,33212000,1
35107.0546775,4,101,6,33215000,-1
35107.0547286,4,102,2,33218000,-1
35149.8427943,4,103,5,33215000,1
35167.6744856,4,104,10,33220000,-1
35172.5690287,4,105,8,33224000,-1
35172.6357698,4,106,15,33227000,-1
35172.695737,4,107,8,33230000,-1
35179.9559627,4,108,1,33233000,1
35181.9461784,4,109,21,33238000,-1
35181.946192,4,110,1,33241000,-1
35194.0621184,4,111,1,33236000,1
35195.2358614,4,112,6,33241000,-1
35202.2504826,4,113,1,33238000,1
35202.2644794,4,114,11,33242000,-1
35202.2645317,4,115,1,33245000,-1
35203.8164559,4,116,1,33239000,1
35207.9166852,4,117,2,33242000,-1
35213.6314989,4,118,3,33245000,1
35213.7877674,4,119,1,33242000,1
35215.0335112,4,120,2,33245000,-1
35222.4461571,4,121,2,33237000,-1
35224.7445472,4,122,1,33240000,-1
35235.952259,4,123,2,33237000,1
35238.9305427,4,124,8,33233000,-1
35255.3933414,4,125,10,33236000,-1
35268.4833811,4,126,2,33239000,1
35290.7488673,4,127,2,33235000,1
35297.0589836,4,128,3,33232000,1
35299.4756612,4,129,6,33229000,1
35311.2205452,4,130,4,33226000,-1
35312.9245437,4,131,2,33229000,1
35324.989414,4,132,7,33226000,1
35331.7016668,4,133,4,33229000,-1
35355.4996465,4,134,10,33232000,-1
35370.3394963,4,135,1,33237000,-1
35388.1502369,4,136,2,33232000,1
35505.8197973,4,137,2,33227000,-1
35515.7764067,4,138,1,33232000,-1
35556.0051493,4,139,5,33228000,1
35581.9025253,4,140,2,33232000,1
35695.7984871,4,141,4,33227000,1
35753.6401042,4,142,5,33233000,-1
35776.679229,4,143,4,33236000,-1
35805.7471287,4,144,2,33239000,1
35825.15325,4,145,2,33236000,-1
35846.4465539,4,146,10,33239000,-1
35867.8557439,4,147,2,33242000,1
35876.5033123,4,148,1,33239000,1
35942.221791,4,149,1,33235000,1
36015.4106847,4,150,3,33231000,1
36054.6568693,4,151,12,33227000,1
36059.4812095,4,152,1,33224000,1
36149.9140925,4,153,2,33231000,1
36158.5687578,4,154,1,33227000,1
36181.6180348,4,155,1,33224000,-1
36209.2534038,4,156,1,33228000,-1
36240.0526099,4,157,1,33224000,1
36251.3386833,4,158,4,33228000,-1
36290.0440189,4,159,10,33231000,-1
36315.103692,4,160,3,33237000,-1
36370.1231229,4,161,4,33226000,-1
36393.3562339,4,162,1,33230000,-1
36428.2499938,4,163,8,33225000,1
36429.7921149,4,164,18,33222000,1
36446.6928761,4,165,1,33218000,1
36471.4328592,4,166,2,33221000,1
36494.0756937,4,167,1,33228000,-1
36746.2510648,4,168,2,33223000,1
36759.4144053,4,169,9,33214000,1
36759.4163546,4,170,19,33211000,1
36759.4190393,4,171,16,33208000,1
36759.4207287,4,172,12,33205000,1
36759.4225083,4,173,13,33202000,1
36759.4313804,4,174,1,33214000,1
36759.4433285,4,175,1,33210000,1
36759.6536594,4,176,5,33206000,1
36765.4748772,4,177,7,33202000,1
36774.6080925,4,178,12,33205000,1
36775.4438695,4,179,1,33202000,-1
36778.4519046,4,180,4,33199000,1
36781.5556828,4,181,6,33195000,1
36781.7872096,4,182,6,33192000,1
36781.7953156,4,183,1,33189000,1
36787.6033729,4,184,2,33194000,-1
36796.1168449,4,185,1,33197000,1
36802.731922,4,186,2,33201000,-1
36825.0669598,4,187,22,33206000,1
36829.3472427,4,188,1,33201000,-1
36855.4752799,4,189,1,33195000,-1
36875.4524416,4,190,2,33192000,1
36875.454099,4,191,10,33189000,1
36875.4566776,4,192,12,33186000,1
36875.4583951,4,193,5,33183000,1
36876.2058971,4,194,3,33186000,-1
36884.3897759,4,195,10,33190000,1
36890.6310511,4,196,3,33186000,1
36901.4716493,4,197,2,33183000,-1
36953.910018,4,198,7,33186000,-1
36974.6051458,4,199,1,33189000,-1
37009.4641948,4,200,4,33192000,-1
37022.9043949,4,201,1,33195000,-1
37027.8829038,4,202,11,33191000,1
37027.9220976,4,203,4,33188000,-1
37054.4583241,4,204,1,33185000,-1
37073.597753,4,205,13,33179000,1
37076.7944782,4,206,5,33176000,1
37083.9004975,4,207,9,33173000,-1
37110.3393198,4,208,4,33176000,-1
37210.6699235,4,209,5,33180000,1
37216.2255826,4,210,1,33177000,-1
37216.3241284,4,211,1,33173000,1
37281.0628169,4,212,5,33176000,-1
37317.1145975,4,213,12,33179000,-1
37361.1195278,4,214,19,33182000,-1
37371.4755319,4,215,11,33186000,-1
37397.7529225,4,216,10,33190000,1
37462.0931433,4,217,1,33187000,1
37625.8411102,4,218,8,33196000,-1
37710.7193252,4,219,1,33183000,1
37728.9246425,4,220,1,33190000,-1
37768.6632349,4,221,4,33187000,1
37811.2017597,4,222,4,33183000,1
37819.815696,4,223,2,33179000,1
37832.7379307,4,224,6,33173000,1
37835.4367469,4,225,2,33177000,-1
37835.5590581,4,226,1,33180000,-1
37840.9913539,4,227,7,33176000,-1
37862.0006975,4,228,2,33179000,-1
37862.65928,4,229,1,33185000,-1
37887.2427034,4,230,5,33179000,1
37898.1168835,4,231,9,33172000,1
37898.1174085,4,232,1,33169000,1
37987.4475899,4,233,4,33178000,-1
37987.7829018,4,234,5,33182000,-1
37991.5745926,4,235,1,33186000,-1
38002.5810039,4,236,2,33182000,-1
38021.3612776,4,237,1,33179000,-1
38048.5291769,4,238,1,33176000,1
38067.641355,4,239,2,33170000,-1
38084.9302999,4,240,1,33166000,-1
38121.296652,4,241,3,33161000,1
38123.4226593,4,242,7,33164000,-1
38123.6434432,4,243,1,33168000,-1
38165.5799696,4,244,3,33162000,1
38174.9055918,4,245,1,33157000,1
38198.9115301,4,246,13,33160000,1
38205.934371,4,247,1,33157000,-1
38247.3697497,4,248,8,33153000,1
38298.2256167,4,249,18,33156000,1
38298.2611928,4,250,9,33153000,1
38305.8553596,4,251,2,33150000,1
38320.9176123,4,252,6,33153000,-1
38330.5170986,4,253,5,33147000,1
38331.4287209,4,254,5,33144000,1
38344.8526621,4,255,4,33147000,-1
38386.6257242,4,256,4,33142000,1
38410.3153895,4,257,9,33145000,-1
38415.9938676,4,258,3,33148000,-1
38419.0013542,4,259,1,33145000,-1
38437.2550338,4,260,6,33140000,-1
38443.0553388,4,261,2,33144000,1
38443.0553638,4,262,1,33141000,1
38449.4054901,4,263,6,33146000,-1
38460.7098828,4,264,16,33149000,-1
38463.0413158,4,265,6,33153000,-1
38465.3714164,4,266,1,33156000,-1
38538.8030796,4,267,4,33146000,1
38538.9348238,4,268,8,33142000,1
38580.3137567,4,269,35,33139000,1
38597.3368243,4,270,9,33145000,-1
38600.9674679,4,271,8,33149000,-1
38621.6156384,4,272,4,33145000,-1
38628.8307494,4,273,8,33149000,-1
38676.0990085,4,274,12,33144000,1
38707.0620922,4,275,5,33147000,1
38730.6007523,4,276,1,33144000,1
38868.8182555,4,277,12,33141000,-1
38871.9444085,4,278,11,33137000,1
38871.9475682,4,279,22,33134000,1
38871.9490572,4,280,33,33131000,1
38872.1358191,4,281,12,33128000,1
38876.5326782,4,282,3,33125000,1
38885.5287927,4,283,10,33121000,1
38894.3800011,4,284,29,33118000,1
38903.9605217,4,285,5,33115000,-1
38910.4033033,4,286,10,33112000,1
38919.5153792,4,287,59,33109000,-1
38924.1237675,4,288,4,33106000,-1
38924.6897818,4,289,1,33109000,-1
38937.9570663,4,290,9,33112000,1
38945.6195634,4,291,1,33117000,1
38950.7598942,4,292,10,33121000,-1
38973.5863718,4,293,4,33116000,-1
38984.467437,4,294,5,33121000,-1
38984.8276482,4,295,1,33124000,-1
38987.5403565,4,296,2,33118000,-1
38996.6079734,4,297,2,33121000,-1
39007.4979381,4,298,1,33124000,1
39029.6014897,4,299,1,33127000,-1
39036.4158828,4,300,2,33124000,1
39048.7012181,4,301,1,33120000,1
39063.3306541,4,302,2,33125000,-1
39094.5724772,4,303,8,33122000,-1
39095.8252366,4,304,8,33127000,1
39120.7657409,4,305,5,33124000,1
39139.4015169,4,306,5,33130000,-1
39161.2254417,4,307,1,33127000,-1
39204.0265057,4,308,7,33124000,-1
39212.6130675,4,309,5,33127000,1
39220.4752781,4,310,2,33124000,-1
39227.856837,4,311,2,33127000,-1
39234.3266862,4,312,1,33130000,-1
39271.5145168,4,313,1,33127000,-1
39302.7387229,4,314,1,33123000,1
39322.816202,4,315,4,33126000,-1
39341.55366,4,316,3,33130000,-1
39395.43031,4,317,5,33134000,1
39419.6999808,4,318,28,33130000,-1
39423.7172705,4,319,2,33122000,-1
39442.3532726,4,320,2,33117000,-1
39451.5894212,4,321,5,33114000,-1
39476.2292801,4,322,21,33117000,-1
39506.4152338,4,323,2,33121000,1
39516.3310571,4,324,3,33113000,1
39518.5134872,4,325,1,33109000,1
39539.311579,4,326,3,33115000,-1
39540.5949317,4,327,1,33120000,-1
39601.6290473,4,328,7,33117000,-1
39615.789255,4,329,1,33114000,-1
39621.6675375,4,330,4,33111000,1
39673.1872174,4,331,6,33117000,-1
39673.2096292,4,332,15,33120000,-1
39673.2157073,4,333,12,33123000,1
39732.4782953,4,334,1,33120000,1
39735.1077868,4,335,1,33116000,1
39760.7915642,4,336,3,33111000,1
39775.0827092,4,337,1,33108000,-1
39809.1626998,4,338,3,33103000,1
39810.2789241,4,339,34,33100000,1
39821.3121265,4,340,10,33097000,1
39831.3528721,4,341,18,33102000,-1
39835.5764806,4,342,5,33108000,-1
39838.3770418,4,343,4,33104000,1
39869.7715197,4,344,11,33109000,1
39883.5856992,4,345,2,33112000,-1
39933.8796056,4,346,6,33109000,1
39954.9024909,4,347,12,33113000,1
39954.9072731,4,348,5,33110000,1
40068.5286105,4,349,14,33113000,-1
40114.1962006,4,350,1,33109000,-1
40240.4905382,4,351,8,33115000,-1
40287.2032629,4,352,1,33123000,-1
40304.1537488,4,353,2,33119000,-1
40344.4960481,4,354,13,33116000,-1
40367.5313036,4,355,3,33122000,1
40389.0635015,4,356,1,33119000,-1
40417.5690525,4,357,20,33110000,1
40417.6465202,4,358,7,33107000,1
40417.6864171,4,359,1,33103000,1
40423.8653484,4,360,7,33106000,1
40424.5520117,4,361,11,33102000,1
40438.2801324,4,362,1,33099000,1
40444.669367,4,363,2,33103000,-1
40444.683353,4,364,1,33106000,-1
40449.1722116,4,365,1,33100000,1
40458.9031672,4,366,3,33097000,1
40459.6304463,4,367,2,33094000,1
40469.4921581,4,368,6,33091000,1
40470.7795691,4,369,7,33088000,1
40472.2100634,4,370,1,33085000,1
40509.9335914,4,371,3,33090000,-1
40564.8242776,4,372,3,33094000,-1
40590.6260701,4,373,1,33090000,-1
40595.4136051,4,374,4,33087000,-1
40629.4699448,4,375,23,33090000,1
40639.5951593,4,376,1,33086000,1
40674.3260909,4,377,4,33095000,-1
40680.187274,4,378,2,33098000,-1
40684.9352705,4,379,1,33101000,-1
40688.0776306,4,380,1,33104000,-1
40697.2020285,4,381,1,33100000,1
40719.9340267,4,382,1,33095000,-1
40746.1479411,4,383,6,33098000,-1
40756.9180703,4,384,4,33101000,-1
40764.1991784,4,385,5,33105000,-1
40783.7950086,4,386,4,33108000,1
40783.8125608,4,387,2,33105000,1
40820.9792424,4,388,3,33096000,1
40833.6336197,4,389,8,33099000,1
40837.4657416,4,390,10,33095000,1
40837.5377702,4,391,7,33092000,1
40851.6388736,4,392,4,33098000,1
40870.6981078,4,393,7,33095000,-1
40871.6412184,4,394,2,33092000,-1
40894.8843129,4,395,1,33096000,1
40919.2023401,4,396,1,33110000,-1
40959.2898137,4,397,2,33103000,-1
41000.8588148,4,398,2,33108000,-1
41018.5923515,4,399,2,33111000,-1
41023.3902823,4,400,1,33114000,-1
41089.0057109,4,401,1,33106000,1
41100.0519256,4,402,8,33101000,-1
41115.1949808,4,403,3,33105000,-1
41126.3123029,4,404,12,33110000,1
41137.2151988,4,405,4,33114000,-1
41143.9126828,4,406,1,33111000,-1
41202.4882804,4,407,1,33105000,1
41211.6963728,4,408,1,33109000,1
41229.8095529,4,409,1,33112000,-1
41242.9186048,4,410,8,33115000,-1
41280.9959917,4,411,5,33119000,-1
41284.6796383,4,412,1,33122000,-1
41307.1245991,4,413,4,33118000,1
41318.0081945,4,414,1,33123000,-1
41321.4606622,4,415,1,33120000,1
41369.8027301,4,416,8,33123000,-1
41369.8086422,4,417,1,33126000,-1
41398.7335809,4,418,1,33123000,1
41427.4095146,4,419,3,33127000,-1
41431.0434427,4,420,9,33131000,-1
41439.1362018,4,421,3,33136000,-1
41445.1155678,4,422,7,33140000,-1
41449.485137,4,423,8,33135000,1
41451.8400004,4,424,1,33130000,1
41467.2157565,4,425,2,33133000,-1
41470.1535935,4,426,2,33136000,-1
41489.7733455,4,427,1,33133000,-1
41521.8684174,4,428,1,33129000,1
41538.5396634,4,429,3,33126000,1
41545.5823638,4,430,1,33122000,1
41555.7188733,4,431,3,33126000,-1
41649.0852924,4,432,7,33129000,1
41651.6430573,4,433,1,33126000,-1
41670.8003114,4,434,2,33120000,1
41705.4998801,4,435,6,33123000,-1
41706.0835022,4,436,1,33126000,-1
41716.9429355,4,437,1,33129000,1
41779.9595814,4,438,8,33124000,1
41780.005129,4,439,26,33121000,1
41782.6374015,4,440,1,33118000,1
41786.2271736,4,441,29,33122000,-1
41851.8611117,4,442,2,33118000,1
41851.8611229,4,443,1,33115000,1
41852.8036603,4,444,1,33118000,-1
41885.2577221,4,445,1,33115000,-1
41903.6637318,4,446,3,33110000,1
41914.9205595,4,447,3,33105000,1
41920.4956,4,448,6,33102000,1
41926.8922672,4,449,5,33099000,1
41927.468289,4,450,11,33096000,1
41928.1850419,4,451,12,33093000,1
41941.9044243,4,452,8,33101000,-1
41941.9133609,4,453,2,33104000,-1
41967.9981359,4,454,19,33107000,1
42001.4214908,4,455,11,33104000,1
42001.4402885,4,456,17,33101000,1
42030.9685668,4,457,12,33098000,-1
42044.7014201,4,458,1,33093000,-1
42084.0852663,4,459,2,33097000,-1
42134.11204,4,460,11,33101000,-1
42137.7169406,4,461,56,33104000,-1
42137.7396435,4,462,17,33107000,-1
42137.7657389,4,463,14,33110000,-1
42139.0220395,4,464,1,33113000,-1
42234.6632684,4,465,10,33110000,-1
42287.3057141,4,466,7,33103000,-1
42290.47402,4,467,4,33106000,1
42290.4753298,4,468,1,33103000,1
42405.8205331,4,469,1,33100000,-1
42434.7968345,4,470,2,33094000,-1
42448.1752826,4,471,6,33090000,1
42466.0690514,4,472,23,33087000,1
42489.9674826,4,473,2,33090000,1
42528.6584446,4,474,3,33086000,1
42528.9801833,4,475,1,33083000,1
42538.9255119,4,476,4,33080000,1
42538.9255344,4,477,1,33077000,1
42541.4983163,4,478,1,33080000,-1
42542.1132768,4,479,3,33076000,1
42547.8908334,4,480,1,33073000,1
42549.2083854,4,481,1,33070000,1
42550.424078,4,482,1,33073000,1
42570.2183302,4,483,5,33070000,1
42576.5490263,4,484,2,33065000,-1
42578.1907653,4,485,1,33068000,-1
42599.3958745,4,486,9,33065000,-1
42601.5501035,4,487,2,33068000,-1
42611.2936552,4,488,1,33071000,1
42628.0346459,4,489,1,33075000,-1
42640.6939053,4,490,1,33078000,-1
42659.4147541,4,491,3,33075000,-1
42660.7151159,4,492,1,33078000,-1
42668.5458262,4,493,2,33083000,-1
42686.3802123,4,494,7,33086000,-1
42689.8815735,4,495,1,33080000,-1
42706.1016263,4,496,1,33086000,1
42726.1972576,4,497,1,33090000,1
42751.7189379,4,498,2,33083000,-1
42788.0880038,4,499,1,33091000,-1
42841.4296787,4,500,1,33080000,-1
42860.2727697,4,501,3,33084000,-1
42863.4051841,4,502,1,33087000,-1
42868.2579381,4,503,2,33083000,-1
42878.4667467,4,504,10,33086000,-1
42882.2051161,4,505,3,33089000,-1
42885.5448671,4,506,1,33093000,-1
42885.7784441,4,507,1,33090000,1
42888.8736046,4,508,1,33093000,-1
42890.7154744,4,509,1,33090000,-1
42909.1981368,4,510,8,33085000,1
42923.1499941,4,511,1,33082000,1
42936.4172541,4,512,15,33091000,-1
42936.4375264,4,513,24,33094000,-1
42936.4976541,4,514,8,33097000,-1
42937.4419887,4,515,20,33100000,-1
42949.7869797,4,516,4,33104000,-1
42969.4088426,4,517,1,33107000,-1
42984.1902566,4,518,5,33104000,-1
42990.1039734,4,519,1,33107000,-1
43013.5449611,4,520,4,33098000,-1
43013.5876943,4,521,3,33102000,-1
43019.6138081,4,522,6,33106000,-1
43022.3860653,4,523,1,33109000,-1
43029.1227601,4,524,6,33106000,-1
43029.122766,4,525,1,33109000,-1
43030.557426,4,526,2,33105000,1
43034.0766171,4,527,2,33102000,1
43061.0455982,4,528,58,33097000,1
43067.068123,4,529,9,33100000,-1
43071.7100467,4,530,7,33103000,-1
43074.6871415,4,531,2,33100000,1
43077.2669542,4,532,24,33097000,1
43089.0441666,4,533,3,33101000,1
43105.3136118,4,534,4,33104000,1
43131.3700978,4,535,9,33101000,1
43169.0101672,4,536,16,33097000,1
43196.6198482,4,537,15,33101000,-1
43200.1334138,4,538,4,33104000,-1
43203.0963807,4,539,3,33107000,-1
43217.1727886,4,540,10,33110000,-1
43217.665216,4,541,2,33113000,-1
43218.9072309,4,542,9,33117000,-1
43218.92027,4,543,1,33121000,-1
43219.5012857,4,544,1,33118000,-1
43235.129792,4,545,3,33115000,-1
43236.7222392,4,546,2,33110000,-1
43242.3007822,4,547,7,33115000,-1
43281.4220367,4,548,11,33112000,-1
43281.4245655,4,549,18,33115000,-1
43281.4721522,4,550,42,33118000,-1
43281.4891324,4,551,2,33121000,-1
43281.496057,4,552,2,33118000,1
43281.4960994,4,553,7,33115000,1
43281.5148655,4,554,7,33118000,1
43288.8528042,4,555,11,33115000,1
43311.9468981,4,556,4,33111000,1
43334.9089884,4,557,2,33118000,-1
43343.9346139,4,558,2,33121000,1
43355.3874232,4,559,2,33124000,1
43371.4536903,4,560,2,33121000,1
43389.2459454,4,561,3,33124000,-1
43391.0501552,4,562,1,33120000,1
43412.5682568,4,563,6,33124000,-1
43412.614615,4,564,5,33127000,-1
43440.1143982,4,565,7,33119000,1
43472.4452887,4,566,9,33116000,1
43473.024483,4,567,15,33113000,-1
43474.6599514,4,568,4,33110000,1
43488.9975919,4,569,5,33107000,1
43498.0803225,4,570,17,33112000,1
43505.9568016,4,571,6,33108000,1
43533.7492871,4,572,8,33105000,1
43540.699384,4,573,11,33102000,1
43540.6994045,4,574,2,33099000,1
43575.0547036,4,575,8,33102000,1
43583.8739352,4,576,5,33097000,1
43599.4598168,4,577,2,33094000,1
43620.9641589,4,578,9,33091000,1
43622.7733418,4,579,1,33088000,1
43630.0546051,4,580,1,33098000,-1
43632.5453366,4,581,10,33092000,1
43644.0293385,4,582,8,33088000,1
43645.6935603,4,583,5,33085000,-1
43645.7133792,4,584,2,33082000,1
43647.3640047,4,585,7,33085000,-1
43650.4298673,4,586,2,33088000,-1
43651.4066679,4,587,4,33091000,-1
43652.6311231,4,588,11,33088000,1
43677.1354848,4,589,15,33082000,1
43680.5103671,4,590,5,33077000,1
43683.7237176,4,591,7,33074000,1
43683.7237469,4,592,2,33071000,1
43691.4387197,4,593,6,33074000,1
43696.1542604,4,594,1,33071000,1
43696.8898112,4,595,1,33079000,1
43697.1111775,4,596,1,33075000,1
43697.8147188,4,597,1,33079000,-1
43710.6701598,4,598,1,33075000,1
43719.3847956,4,599,7,33079000,-1
43754.6327428,4,600,6,33083000,1
43768.0423796,4,601,12,33087000,1
43781.1685254,4,602,5,33090000,-1
43789.2881192,4,603,11,33087000,1
43792.6571016,4,604,3,33090000,1
43795.6990542,4,605,8,33087000,1
43800.0903243,4,606,6,33084000,1
43828.4530743,4,607,1,33081000,1
43841.6712044,4,608,1,33084000,1
43860.5893963,4,609,1,33088000,-1
43873.4602211,4,610,28,33085000,1
43873.463043,4,611,22,33082000,1
43873.5509342,4,612,1,33079000,1
43887.4677113,4,613,1,33074000,1
43918.6628638,4,614,1,33078000,-1
43936.0224234,4,615,1,33065000,-1
43936.7014958,4,616,1,33062000,-1
43937.2918364,4,617,3,33059000,1
43938.9384459,4,618,23,33056000,1
43940.8825301,4,619,1,33053000,-1
43943.9730819,4,620,1,33050000,1
43944.9101388,4,621,1,33054000,-1
43952.5743354,4,622,3,33051000,-1
43957.2678011,4,623,4,33048000,-1
43963.2852061,4,624,2,33051000,1
43979.9621393,4,625,2,33047000,1
43980.5833305,4,626,2,33044000,-1
43990.6217848,4,627,6,33050000,-1
43992.4710331,4,628,1,33054000,-1
44003.9057572,4,629,15,33050000,-1
44003.9071368,4,630,32,33053000,-1
44003.9531992,4,631,27,33056000,1
44005.829902,4,632,20,33060000,-1
44006.0400891,4,633,4,33063000,-1
44008.7184824,4,634,2,33066000,1
44016.6196365,4,635,4,33063000,-1
44020.4521072,4,636,4,33066000,-1
44029.4479365,4,637,10,33069000,-1
44029.5014569,4,638,55,33072000,1
44036.9295669,4,639,1,33077000,-1
44040.66395,4,640,4,33080000,-1
44055.6697682,4,641,14,33083000,-1
44074.7952545,4,642,12,33086000,-1
44078.253606,4,643,4,33089000,-1
44081.949611,4,644,1,33085000,-1
44087.8534328,4,645,6,33082000,-1
44088.8147324,4,646,3,33085000,-1
44092.6726689,4,647,4,33082000,-1
44100.7724252,4,648,4,33085000,-1
44103.8795172,4,649,3,33088000,-1
44120.5987201,4,650,3,33091000,1
44120.8749934,4,651,6,33095000,-1
44122.7341853,4,652,11,33098000,-1
44124.0798065,4,653,5,33101000,-1
44125.2522892,4,654,10,33104000,-1
44125.9735631,4,655,3,33107000,-1
44130.2946924,4,656,2,33104000,-1
44137.8170626,4,657,3,33108000,-1
44172.4601109,4,658,13,33111000,-1
44172.5119441,4,659,42,33114000,1
44172.529208,4,660,1,33117000,-1
44172.5483508,4,661,1,33111000,1
44172.5771587,4,662,4,33115000,1
44176.8951847,4,663,8,33108000,1
44177.4705618,4,664,4,33105000,1
44178.134619,4,665,4,33102000,1
44179.1926449,4,666,1,33098000,-1
44192.2650154,4,667,25,33101000,-1
44195.1765086,4,668,21,33104000,-1
44196.4516117,4,669,1,33107000,-1
44206.4268061,4,670,3,33104000,1
44220.3158867,4,671,3,33101000,1
44236.7692247,4,672,5,33097000,1
44236.7692471,4,673,1,33094000,1
44292.6484027,4,674,9,33097000,-1
44309.9967211,4,675,6,33100000,1
44339.9645171,4,676,2,33103000,1
44382.8872368,4,677,11,33097000,1
44390.9590594,4,678,23,33094000,1
44394.7646792,4,679,1,33090000,1
44401.3727932,4,680,21,33097000,-1
44405.1202141,4,681,1,33101000,1
44409.6358642,4,682,2,33108000,1
44421.3244742,4,683,2,33103000,1
44425.155838,4,684,2,33093000,-1
44425.1558558,4,685,1,33096000,-1
44432.3451999,4,686,14,33092000,-1
44435.7447206,4,687,10,33098000,-1
44444.4072928,4,688,2,33093000,1
44457.5534204,4,689,6,33096000,1
44459.1779209,4,690,1,33092000,1
44461.6075209,4,691,1,33095000,-1
44498.1998585,4,692,2,33086000,1
44515.401014,4,693,5,33090000,1
44518.1271269,4,694,24,33087000,1
44518.5474427,4,695,3,33084000,1
44531.928302,4,696,5,33087000,1
44531.9300329,4,697,14,33084000,1
44536.0448717,4,698,1,33081000,1
44541.8854979,4,699,3,33086000,1
44543.8610271,4,700,2,33082000,1
44631.3784744,4,701,8,33079000,-1
44643.4499568,4,702,4,33071000,1
44648.5148449,4,703,1,33068000,1
44655.1193925,4,704,5,33071000,-1
44672.1637654,4,705,1,33074000,-1
44695.14111,4,706,5,33071000,1
44707.7845024,4,707,5,33076000,1
44708.5574232,4,708,6,33073000,1
44726.2077562,4,709,5,33076000,1
44731.8947753,4,710,3,33073000,-1
44740.9835577,4,711,2,33076000,1
44741.3863712,4,712,5,33073000,1
44742.5022052,4,713,1,33068000,1
44762.7816367,4,714,6,33065000,1
44763.6589384,4,715,1,33062000,-1
44772.483092,4,716,12,33065000,1
44807.2953028,4,717,9,33062000,1
44813.4181168,4,718,1,33059000,1
44816.4166942,4,719,13,33063000,-1
44817.9089615,4,720,1,33067000,-1
44826.2021648,4,721,5,33064000,1
44834.9316071,4,722,1,33059000,1
44849.1297817,4,723,3,33064000,-1
44853.1739741,4,724,1,33067000,-1
44854.5502211,4,725,1,33063000,1
44854.8928406,4,726,1,33057000,1
44865.5990242,4,727,2,33068000,-1
44866.3173633,4,728,1,33071000,1
44868.4450921,4,729,6,33076000,-1
44873.971725,4,730,3,33080000,-1
44877.9821963,4,731,3,33083000,-1
44884.2943038,4,732,1,33087000,1
44887.4357584,4,733,4,33091000,-1
44895.1134302,4,734,12,33097000,-1
44897.7898834,4,735,6,33100000,-1
44900.5748987,4,736,2,33097000,1
44902.030033,4,737,1,33092000,1
44912.5863195,4,738,1,33095000,1
44929.8759693,4,739,2,33099000,1
44953.8051318,4,740,3,33096000,1
44958.7822775,4,741,5,33091000,1
44958.7829162,4,742,5,33088000,1
44958.7984036,4,743,1,33091000,1
44998.648969,4,744,4,33094000,-1
45005.4505276,4,745,4,33103000,-1
45023.7538866,4,746,8,33106000,-1
45027.225845,4,747,6,33109000,-1
45035.1498262,4,748,4,33105000,-1
45062.1785593,4,749,3,33108000,-1
45082.2270352,4,750,14,33113000,-1
45084.8472417,4,751,12,33116000,1
45089.3632815,4,752,2,33113000,-1
45109.329376,4,753,7,33116000,-1
45115.251613,4,754,2,33119000,-1
45115.2790895,4,755,11,33122000,-1
45118.647859,4,756,1,33125000,-1
45127.3266696,4,757,1,33118000,1
45136.2233099,4,758,1,33124000,-1
45158.9391957,4,759,2,33121000,1
45182.4587195,4,760,33,33116000,1
45216.8701976,4,761,1,33120000,1
45233.3717302,4,762,11,33132000,-1
45233.3717577,4,763,1,33135000,-1
45238.5901512,4,764,1,33130000,1
45238.6456595,4,765,1,33133000,-1
45240.6745838,4,766,7,33130000,1
45240.7100736,4,767,1,33127000,1
45243.2841054,4,768,1,33132000,-1
45263.0276469,4,769,2,33124000,1
45281.710707,4,770,2,33127000,1
45286.5371213,4,771,10,33124000,1
45286.5419007,4,772,9,33121000,1
45286.5862542,4,773,4,33118000,1
45298.2908941,4,774,1,33124000,1
45336.5443422,4,775,1,33120000,-1
45353.7705779,4,776,17,33117000,-1
45368.4905117,4,777,5,33120000,-1
45382.2801098,4,778,2,33117000,1
45396.4774298,4,779,3,33114000,1
45396.9582067,4,780,16,33117000,-1
45407.5820631,4,781,2,33114000,-1
45431.5368756,4,782,3,33120000,-1
45451.5729159,4,783,1,33108000,-1
45468.6419003,4,784,2,33112000,1
45485.3190999,4,785,2,33115000,1
45510.5076189,4,786,13,33106000,1
45510.5161999,4,787,26,33103000,1
45510.5662068,4,788,18,33100000,1
45521.3174858,4,789,1,33095000,1
45532.2703942,4,790,13,33104000,-1
45532.2974386,4,791,1,33108000,-1
45580.0449816,4,792,3,33102000,1
45584.0020364,4,793,3,33098000,1
45603.7241792,4,794,3,33102000,-1
45603.7241997,4,795,1,33106000,-1
45609.3046975,4,796,3,33103000,1
45612.4445463,4,797,1,33097000,1
45616.9190254,4,798,1,33100000,-1
45623.9420998,4,799,1,33104000,-1
45633.4331491,4,800,3,33107000,-1
45638.3588427,4,801,4,33113000,-1
45660.1945528,4,802,2,33110000,-1
45722.2484363,4,803,7,33118000,-1
45786.7508931,4,804,7,33122000,1
45791.7223418,4,805,4,33117000,-1
45803.1702844,4,806,1,33120000,-1
45830.7344982,4,807,1,33113000,-1
45835.3570291,4,808,3,33110000,1
45857.6680958,4,809,4,33107000,1
45858.083353,4,810,8,33104000,1
45860.7457231,4,811,3,33101000,-1
45901.2901578,4,812,9,33104000,-1
45902.120696,4,813,1,33108000,-1
45926.5335304,4,814,14,33103000,-1
45934.4858934,4,815,1,33099000,1
45935.4241109,4,816,7,33102000,-1
45940.9501749,4,817,1,33099000,1
45944.4203449,4,818,8,33103000,-1
45944.4259401,4,819,1,33100000,1
45953.4164049,4,820,3,33103000,-1
45953.4164377,4,821,1,33106000,-1
45959.7338601,4,822,4,33098000,1
45988.8727144,4,823,8,33109000,-1
46024.8266084,4,824,1,33113000,-1
46041.9653255,4,825,7,33116000,1
46050.1635867,4,826,1,33109000,1
46056.7537845,4,827,1,33106000,1
46078.6366478,4,828,1,33111000,-1
46129.3665543,4,829,2,33108000,-1
46185.5564927,4,830,7,33114000,-1
46226.1341217,4,831,6,33119000,1
46264.6898019,4,832,1,33113000,1
46322.3882371,4,833,1,33117000,-1
46327.7529634,4,834,1,33114000,1
46335.3419939,4,835,1,33111000,1
46357.225627,4,836,5,33115000,-1
46376.7535777,4,837,1,33119000,-1
46429.2440629,4,838,1,33111000,1
46438.6309074,4,839,1,33114000,-1
46440.0803097,4,840,1,33111000,1
46496.1753213,4,841,4,33115000,1
46533.9041679,4,842,6,33107000,1
46533.9042006,4,843,3,33104000,1
46543.8438014,4,844,1,33101000,-1
46558.6298302,4,845,1,33098000,-1
46561.3464286,4,846,10,33095000,1
46561.6398408,4,847,3,33092000,-1
46565.1783307,4,848,1,33096000,-1
46566.7882276,4,849,1,33104000,1
46578.1188196,4,850,2,33101000,-1
46599.8241312,4,851,12,33104000,1
46599.8654565,4,852,4,33101000,1
46663.4255857,4,853,9,33098000,-1
46697.6030657,4,854,35,33101000,-1
46697.6051323,4,855,23,33104000,-1
46697.6057146,4,856,12,33107000,-1
46697.6219137,4,857,1,33100000,-1
46697.6521309,4,858,1,33104000,-1
46701.3727389,4,859,4,33109000,-1
46702.0106645,4,860,4,33112000,-1
46713.6927423,4,861,4,33116000,-1
46727.246797,4,862,3,33120000,1
46727.247772,4,863,9,33117000,1
46727.2493791,4,864,14,33114000,1
46727.3053641,4,865,15,33111000,1
46729.1005276,4,866,1,33105000,1
46739.1079755,4,867,3,33108000,1
46747.0568629,4,868,5,33100000,1
46747.0572915,4,869,2,33097000,1
46762.334513,4,870,1,33100000,1
46772.8999455,4,871,2,33104000,-1
46774.8281592,4,872,2,33108000,-1
46778.2767951,4,873,1,33111000,-1
46790.854587,4,874,6,33108000,1
46793.4254551,4,875,2,33105000,-1
46800.4282104,4,876,1,33109000,1
46811.7761164,4,877,5,33102000,1
46822.5840718,4,878,4,33105000,1
46826.5656634,4,879,6,33102000,1
46826.5898189,4,880,3,33099000,1
46847.5462722,4,881,3,33095000,-1
46855.5944332,4,882,5,33098000,-1
46863.1172976,4,883,1,33101000,1
46871.0826975,4,884,2,33104000,-1
46886.341133,4,885,9,33109000,-1
46887.8807387,4,886,1,33112000,-1
46898.2823383,4,887,4,33108000,-1
46902.0528625,4,888,1,33111000,1
46905.6353738,4,889,10,33115000,-1
46906.9733135,4,890,2,33120000,-1
46914.5430716,4,891,5,33124000,-1
46921.1711882,4,892,7,33127000,-1
46921.1731226,4,893,16,33130000,-1
46921.1762461,4,894,15,33133000,-1
46921.1774084,4,895,6,33136000,-1
46921.3486568,4,896,11,33132000,-1
46921.6033449,4,897,3,33135000,-1
46922.2506513,4,898,7,33138000,-1
46923.3549427,4,899,3,33141000,-1
46923.50857,4,900,5,33144000,-1
46923.5287257,4,901,5,33147000,-1
46923.868524,4,902,6,33150000,1
46924.1607482,4,903,1,33146000,-1
46931.5472176,4,904,3,33142000,1
46932.9375678,4,905,1,33145000,1
46934.7258754,4,906,7,33148000,-1
46935.424277,4,907,14,33151000,-1
46935.424303,4,908,2,33154000,-1
46936.7485383,4,909,8,33150000,1
46936.7773259,4,910,2,33146000,1
46941.3336781,4,911,2,33143000,1
46941.4033708,4,912,10,33140000,1
46941.4475477,4,913,17,33137000,1
46941.7349396,4,914,1,33130000,1
46948.3726812,4,915,2,33138000,-1
46952.0970094,4,916,39,33141000,-1
46953.0535675,4,917,2,33145000,-1
46953.2275406,4,918,1,33148000,-1
46954.1609737,4,919,4,33145000,1
46960.4078657,4,920,3,33141000,-1
46960.4193518,4,921,1,33145000,-1
46960.4591508,4,922,1,33148000,-1
46961.1941254,4,923,3,33145000,-1
46971.2800024,4,924,1,33141000,-1
46973.5728261,4,925,2,33135000,1
46976.7441937,4,926,2,33131000,1
46979.4962328,4,927,2,33128000,1
46980.4011416,4,928,4,33123000,1
46980.5671951,4,929,3,33120000,1
46981.6865049,4,930,4,33117000,-1
46988.2612496,4,931,3,33120000,-1
46988.3156845,4,932,2,33124000,-1
46988.3532878,4,933,1,33127000,-1
46989.4681499,4,934,1,33123000,1
46990.6357121,4,935,4,33120000,-1
47006.8155728,4,936,19,33128000,1
47006.8168904,4,937,12,33125000,1
47006.8647648,4,938,1,33128000,1
47011.4225993,4,939,2,33122000,1
47011.4479689,4,940,1,33117000,1
47047.5593061,4,941,22,33120000,1
47049.784965,4,942,8,33116000,1
47056.5108413,4,943,4,33113000,1
47069.2440753,4,944,6,33108000,-1
47076.5983576,4,945,3,33117000,-1
47093.7707025,4,946,1,33120000,-1
47105.5868711,4,947,2,33115000,1
47129.0898384,4,948,10,33107000,1
47132.9612794,4,949,10,33101000,1
47135.8420978,4,950,33,33098000,1
47137.3553226,4,951,3,33095000,1
47148.2927875,4,952,25,33090000,1
47152.4996295,4,953,2,33094000,1
47153.8586137,4,954,6,33088000,1
47154.3482571,4,955,1,33085000,1
47159.0877274,4,956,1,33088000,-1
47163.5233409,4,957,7,33081000,-1
47170.4036038,4,958,2,33076000,1
47171.1059335,4,959,2,33073000,1
47171.1059834,4,960,1,33070000,1
47175.5320105,4,961,1,33073000,-1
47179.1872875,4,962,1,33070000,1
47181.5842496,4,963,16,33075000,-1
47183.0522289,4,964,2,33078000,-1
47196.216967,4,965,2,33075000,1
47203.9625191,4,966,1,33079000,1
47209.8675871,4,967,2,33076000,-1
47223.5670978,4,968,1,33079000,1
47227.7815302,4,969,5,33085000,-1
47229.6399049,4,970,11,33088000,-1
47229.6431856,4,971,17,33091000,-1
47229.6432152,4,972,1,33094000,-1
47230.9742344,4,973,1,33087000,1
47234.106619,4,974,1,33091000,-1
47239.6915393,4,975,1,33082000,1
47246.0039993,4,976,2,33079000,1
47248.9150189,4,977,5,33074000,1
47251.6285356,4,978,1,33070000,1
47266.1179126,4,979,9,33073000,-1
47266.3979451,4,980,1,33070000,-1
47268.7952469,4,981,5,33067000,1
47274.588224,4,982,5,33072000,1
47277.8865511,4,983,17,33076000,-1
47280.1210065,4,984,2,33080000,1
47285.0073004,4,985,22,33074000,1
47295.0799425,4,986,7,33071000,-1
47295.0830793,4,987,1,33068000,1
47301.0200173,4,988,4,33076000,-1
47313.5145387,4,989,7,33081000,-1
47322.3991896,4,990,3,33086000,-1
47335.0860076,4,991,2,33083000,-1
47335.6777389,4,992,6,33086000,-1
47360.2225223,4,993,1,33083000,1
47373.4312776,4,994,4,33087000,-1
47377.5242723,4,995,1,33090000,-1
47399.5720708,4,996,4,33087000,1
47400.2543676,4,997,7,33081000,1
47403.4814372,4,998,1,33078000,1
47410.434229,4,999,1,33083000,-1
47421.3287936,4,1000,6,33078000,1
47421.3474194,4,1001,2,33075000,1
47428.4175922,4,1002,4,33070000,1
47428.8284372,4,1003,1,33066000,1
47438.9426717,4,1004,1,33075000,-1
47439.935691,4,1005,1,33072000,1
47447.1331233,4,1006,1,33069000,1
47455.9876379,4,1007,3,33072000,-1
47460.2570061,4,1008,4,33068000,1
47461.5819311,4,1009,7,33063000,1
47463.4540328,4,1010,5,33059000,-1
47465.003525,4,1011,1,33064000,-1
47475.6938907,4,1012,4,33060000,-1
47475.7107322,4,1013,2,33063000,1
47508.9832596,4,1014,5,33060000,1
47514.5730912,4,1015,3,33055000,1
47514.5925702,4,1016,14,33052000,-1
47556.8977369,4,1017,5,33056000,-1
47561.1083358,4,1018,5,33060000,-1
47564.627224,4,1019,12,33063000,-1
47579.3817523,4,1020,2,33066000,-1
47597.6208139,4,1021,1,33058000,-1
47609.7756138,4,1022,2,33062000,-1
47610.3762976,4,1023,1,33067000,-1
47644.6214503,4,1024,11,33070000,1
47645.7827857,4,1025,1,33067000,1
47653.2061961,4,1026,1,33070000,-1
47655.1264977,4,1027,1,33067000,1
47676.5898269,4,1028,1,33063000,1
47680.3733574,4,1029,1,33060000,-1
47682.731539,4,1030,2,33057000,1
47695.6825278,4,1031,2,33062000,1
47695.6851538,4,1032,9,33059000,1
47701.4462033,4,1033,7,33056000,1
47702.1077129,4,1034,2,33053000,-1
47702.1444342,4,1035,5,33050000,1
47703.7242896,4,1036,19,33047000,-1
47705.0342722,4,1037,1,33051000,-1
47705.5412107,4,1038,8,33045000,1
47706.197374,4,1039,9,33042000,1
47707.1889979,4,1040,10,33039000,1
47715.0312427,4,1041,8,33036000,1
47717.3248103,4,1042,1,33033000,1
47718.4178149,4,1043,1,33038000,-1
47726.1132966,4,1044,19,33033000,-1
47726.1133153,4,1045,3,33036000,-1
47732.6574141,4,1046,3,33041000,-1
47732.6644149,4,1047,1,33044000,-1
47738.5969561,4,1048,3,33040000,-1
47747.1942039,4,1049,1,33043000,1
47774.4705828,4,1050,7,33047000,1
47787.4340076,4,1051,1,33041000,1
47791.4135252,4,1052,1,33048000,1
47813.5128041,4,1053,12,33052000,-1
47813.9319326,4,1054,7,33055000,1
47817.9162358,4,1055,4,33052000,1
47823.0500046,4,1056,3,33049000,1
47836.4089106,4,1057,2,33046000,1
47845.4780245,4,1058,1,33051000,1
47848.8920075,4,1059,2,33054000,-1
47852.6483214,4,1060,4,33057000,-1
47859.6809193,4,1061,5,33061000,-1
47861.7998741,4,1062,3,33064000,-1
47862.2740214,4,1063,12,33067000,-1
47863.0875441,4,1064,17,33071000,-1
47863.104045,4,1065,8,33074000,-1
47877.4003842,4,1066,4,33077000,-1
47883.4177129,4,1067,3,33074000,1
47888.1172787,4,1068,1,33079000,-1
47905.0777851,4,1069,9,33073000,1
47914.2380462,4,1070,9,33079000,-1
47915.2272217,4,1071,6,33082000,1
47933.2014801,4,1072,2,33085000,-1
47939.2464187,4,1073,2,33088000,-1
47946.4481206,4,1074,4,33084000,-1
47951.7658639,4,1075,9,33087000,1
47984.7098062,4,1076,3,33083000,-1
48004.1708546,4,1077,1,33092000,1
48021.310988,4,1078,4,33084000,1
48029.7256638,4,1079,1,33080000,1
48045.2709454,4,1080,1,33083000,-1
48056.1806598,4,1081,2,33071000,1
48061.6095234,4,1082,2,33067000,-1
48068.2689913,4,1083,3,33072000,-1
48072.4620717,4,1084,3,33075000,1
48077.3307228,4,1085,1,33071000,1
48078.0654055,4,1086,1,33074000,-1
48084.3578948,4,1087,2,33071000,1
48089.8072416,4,1088,5,33068000,1
48094.843189,4,1089,4,33065000,1
48108.9654496,4,1090,3,33068000,1
48119.5286501,4,1091,1,33065000,1
48164.4633988,4,1092,3,33069000,-1
48168.9578667,4,1093,1,33072000,-1
48183.6458571,4,1094,1,33069000,-1
48185.422643,4,1095,1,33073000,-1
48188.9403779,4,1096,1,33070000,1
48199.3070243,4,1097,3,33065000,-1
48203.0304038,4,1098,1,33069000,-1
48230.5390137,4,1099,4,33072000,-1
48257.0370759,4,1100,1,33063000,-1
48288.5962813,4,1101,7,33069000,-1
48306.1515823,4,1102,3,33072000,1
48306.5155379,4,1103,2,33069000,-1
48330.2215398,4,1104,3,33072000,-1
48355.0723395,4,1105,2,33075000,1
48366.979167,4,1106,4,33078000,-1
48371.3452561,4,1107,4,33081000,-1
48379.0807519,4,1108,1,33084000,1
48387.5366124,4,1109,2,33081000,1
48402.5963992,4,1110,1,33077000,1
48409.5728662,4,1111,2,33072000,1
48415.7795812,4,1112,1,33069000,1
48420.2950418,4,1113,1,33064000,1
48422.7338732,4,1114,4,33059000,1
48424.8519814,4,1115,7,33062000,-1
48451.7769523,4,1116,4,33065000,1
48482.0121267,4,1117,2,33061000,-1
48482.470766,4,1118,1,33064000,-1
48491.2732505,4,1119,1,33060000,1
48507.9481123,4,1120,3,33064000,1
48541.5452093,4,1121,4,33061000,1
48557.7514272,4,1122,5,33065000,1
48562.8367885,4,1123,9,33062000,1
48568.3466366,4,1124,14,33059000,1
48571.4624826,4,1125,27,33056000,-1
48571.46392,4,1126,23,33059000,-1
48571.4664079,4,1127,18,33062000,-1
48577.0666682,4,1128,9,33065000,-1
48586.5385755,4,1129,18,33060000,1
48594.5448706,4,1130,19,33057000,1
48594.5591441,4,1131,10,33054000,1
48594.7965327,4,1132,10,33051000,1
48594.8039401,4,1133,15,33048000,1
48595.6251048,4,1134,12,33045000,1
48595.6429433,4,1135,1,33041000,1
48599.460998,4,1136,5,33045000,1
48600.2220804,4,1137,10,33042000,1
48604.1943784,4,1138,29,33038000,-1
48605.8810978,4,1139,5,33042000,-1
48611.8302774,4,1140,14,33045000,1
48611.8785246,4,1141,1,33042000,1
48619.3051434,4,1142,9,33039000,1
48619.6270926,4,1143,8,33036000,1
48620.4838687,4,1144,2,33033000,1
48620.9127233,4,1145,6,33030000,1
48621.057847,4,1146,5,33027000,1
48624.954936,4,1147,6,33031000,-1
48624.9892247,4,1148,8,33034000,-1
48625.0085594,4,1149,1,33037000,-1
48633.1250035,4,1150,2,33042000,-1
48636.4608004,4,1151,9,33051000,-1
48643.9218808,4,1152,2,33054000,1
48644.5308477,4,1153,2,33051000,-1
48644.5837974,4,1154,8,33055000,-1
48646.4253072,4,1155,9,33058000,-1
48649.6697151,4,1156,6,33061000,-1
48658.5728074,4,1157,3,33064000,1
48661.2726168,4,1158,2,33061000,1
48664.5460052,4,1159,1,33065000,-1
48665.4476896,4,1160,8,33061000,1
48665.5434681,4,1161,3,33057000,1
48670.7462856,4,1162,7,33054000,1
48670.9529193,4,1163,4,33051000,1
48671.133667,4,1164,2,33048000,-1
48679.5153138,4,1165,10,33055000,-1
48682.5319045,4,1166,1,33058000,-1
48685.7822729,4,1167,3,33061000,1
48686.3115697,4,1168,1,33058000,-1
48692.5651784,4,1169,8,33063000,-1
48692.5869878,4,1170,1,33067000,-1
48693.6901485,4,1171,7,33064000,1
48694.454284,4,1172,6,33061000,-1
48694.7699481,4,1173,11,33065000,-1
48694.777552,4,1174,18,33068000,-1
48694.976184,4,1175,7,33071000,-1
48695.0819033,4,1176,3,33074000,1
48695.4941915,4,1177,4,33071000,1
48702.1259663,4,1178,6,33068000,1
48703.1610342,4,1179,12,33065000,1
48707.3196408,4,1180,1,33062000,1
48714.6137684,4,1181,11,33069000,-1
48724.8953384,4,1182,1,33072000,-1
48729.9056832,4,1183,8,33068000,1
48735.032966,4,1184,2,33063000,-1
48740.5596456,4,1185,5,33066000,-1
48743.6963476,4,1186,3,33069000,-1
48744.8479898,4,1187,4,33072000,-1
48745.7784799,4,1188,1,33075000,-1
48750.8653749,4,1189,3,33072000,-1
48752.0995786,4,1190,1,33068000,-1
48754.5788506,4,1191,10,33062000,1
48756.2102646,4,1192,3,33059000,-1
48759.3833023,4,1193,1,33063000,-1
48768.3397719,4,1194,8,33055000,1
48771.0120405,4,1195,3,33052000,1
48774.2272223,4,1196,3,33049000,1
48781.4636296,4,1197,1,33045000,-1
48782.9353838,4,1198,3,33041000,-1
48785.6171671,4,1199,5,33037000,1
48786.0146314,4,1200,3,33034000,1
48790.6589291,4,1201,5,33031000,1
48792.5629665,4,1202,1,33028000,1
48797.4969809,4,1203,4,33033000,-1
48807.7103593,4,1204,3,33038000,1
48807.7103785,4,1205,1,33035000,1
48809.9096125,4,1206,2,33038000,-1
48810.4999802,4,1207,2,33042000,1
48810.6148419,4,1208,1,33039000,1
48816.494583,4,1209,4,33043000,-1
48821.4920983,4,1210,7,33048000,-1
48831.5064915,4,1211,5,33051000,-1
48837.2023079,4,1212,1,33054000,-1
48841.3420159,4,1213,2,33051000,1
48855.5998635,4,1214,9,33054000,-1
48856.6779316,4,1215,1,33051000,-1
48870.9970698,4,1216,3,33054000,1
48874.8627364,4,1217,2,33057000,-1
48877.6962567,4,1218,2,33061000,-1
48892.1863625,4,1219,2,33064000,-1
48894.9956123,4,1220,1,33067000,-1
48895.0598984,4,1221,1,33064000,1
48898.9890136,4,1222,35,33067000,1
48900.3409084,4,1223,4,33070000,-1
48900.8982503,4,1224,4,33073000,-1
48904.1749782,4,1225,1,33076000,-1
48906.14056,4,1226,3,33072000,1
48906.1775327,4,1227,1,33069000,1
48912.2764426,4,1228,2,33066000,1
48912.4563608,4,1229,1,33062000,1
48913.5566696,4,1230,1,33065000,-1
48924.7670163,4,1231,9,33062000,1
48926.5938495,4,1232,1,33059000,1
48937.2416488,4,1233,3,33056000,1
48939.5280281,4,1234,1,33048000,1
48940.6086369,4,1235,2,33051000,1
48941.5840316,4,1236,6,33048000,1
48942.6084434,4,1237,8,33045000,1
48945.5493347,4,1238,5,33042000,-1
48947.9694335,4,1239,1,33049000,1
48954.3260212,4,1240,2,33053000,1
48954.3682888,4,1241,5,33050000,1
48954.3694463,4,1242,1,33047000,1
48960.7905916,4,1243,6,33053000,-1
48962.4285607,4,1244,3,33056000,-1
48962.7809843,4,1245,2,33062000,-1
48963.5720455,4,1246,1,33065000,-1
48967.2442295,4,1247,3,33062000,-1
48968.3403406,4,1248,10,33065000,-1
48970.405107,4,1249,1,33068000,1
48976.0348405,4,1250,1,33078000,-1
48979.0794905,4,1251,15,33074000,1
48979.1116018,4,1252,9,33071000,1
48979.133314,4,1253,1,33068000,1
48992.4174756,4,1254,7,33065000,-1
48995.2057716,4,1255,1,33068000,-1
49000.0637736,4,1256,2,33065000,-1
49001.0599888,4,1257,1,33068000,-1
49017.1478805,4,1258,4,33072000,-1
49025.3653943,4,1259,7,33076000,-1
49031.5679328,4,1260,24,33079000,-1
49035.1057177,4,1261,1,33082000,-1
49035.6702803,4,1262,22,33078000,1
49035.7327588,4,1263,8,33075000,1
49039.6066761,4,1264,4,33072000,-1
49045.8282005,4,1265,1,33068000,-1
49053.6867926,4,1266,24,33078000,1
49066.0774314,4,1267,3,33075000,1
49066.0774974,4,1268,7,33072000,1
49073.0100572,4,1269,11,33069000,-1
49073.1000091,4,1270,9,33072000,-1
49080.065355,4,1271,1,33062000,-1
49080.0664248,4,1272,10,33059000,1
49080.0702644,4,1273,21,33056000,1
49080.0714414,4,1274,5,33053000,1
49080.0856892,4,1275,1,33060000,1
49080.2599279,4,1276,8,33055000,1
49080.3955738,4,1277,2,33052000,1
49080.4355677,4,1278,1,33049000,1
49080.4902137,4,1279,1,33053000,-1
49082.1649256,4,1280,1,33049000,1
49085.3780049,4,1281,13,33054000,-1
49086.8504161,4,1282,2,33051000,-1
49087.7699118,4,1283,4,33054000,-1
49088.9730489,4,1284,4,33057000,-1
49092.1739656,4,1285,1,33060000,-1
49100.5401855,4,1286,5,33052000,1
49101.6128535,4,1287,8,33056000,1
49102.420269,4,1288,2,33053000,-1
49104.9502541,4,1289,1,33056000,-1
49108.9371067,4,1290,1,33052000,1
49111.2461938,4,1291,8,33049000,1
49119.9033636,4,1292,13,33046000,1
49130.5026381,4,1293,2,33050000,-1
49134.2392887,4,1294,5,33053000,-1
49137.9903734,4,1295,5,33047000,1
49138.2089511,4,1296,6,33044000,1
49138.2115763,4,1297,13,33041000,1
49138.2160014,4,1298,14,33038000,1
49138.2173654,4,1299,10,33035000,1
49138.2403641,4,1300,1,33042000,1
49139.6291539,4,1301,7,33038000,1
49141.7441873,4,1302,1,33034000,1
49146.5295752,4,1303,11,33031000,-1
49147.1616455,4,1304,5,33034000,-1
49151.900137,4,1305,1,33037000,-1
49170.0126182,4,1306,3,33030000,-1
49171.949084,4,1307,3,33027000,1
49177.7717812,4,1308,6,33024000,1
49179.9714928,4,1309,5,33021000,1
49183.1869301,4,1310,4,33018000,1
49184.9353784,4,1311,5,33021000,-1
49185.8659984,4,1312,1,33026000,-1
49192.8581156,4,1313,3,33019000,1
49200.1776767,4,1314,1,33024000,-1
49203.7530184,4,1315,25,33018000,1
49203.7531779,4,1316,14,33015000,1
49203.7564222,4,1317,41,33012000,1
49203.7624961,4,1318,35,33009000,1
49203.8102122,4,1319,13,33006000,1
49203.8435978,4,1320,2,33010000,1
49203.9942695,4,1321,9,33006000,1
49204.6046426,4,1322,5,33003000,1
49205.2019388,4,1323,11,33000000,1
49205.7267813,4,1324,1,32996000,1
49206.230923,4,1325,1,33001000,-1
49210.9308758,4,1326,23,32997000,1
49211.0410911,4,1327,1,32994000,1
49211.2458373,4,1328,23,32999000,-1
49211.294295,4,1329,5,33002000,-1
49211.3728649,4,1330,7,33005000,-1
49211.6611917,4,1331,7,33008000,1
49215.1810249,4,1332,7,33005000,1
49215.4359275,4,1333,1,33009000,-1
49216.3192641,4,1334,1,33005000,1
49218.0206444,4,1335,15,33008000,1
49218.0826339,4,1336,2,33005000,-1
49218.558302,4,1337,11,33008000,1
49219.0654286,4,1338,19,33005000,1
49219.1270727,4,1339,1,33002000,1
49222.5646692,4,1340,35,33005000,1
49223.4849036,4,1341,19,33002000,1
49223.5795925,4,1342,7,32999000,1
49225.0272221,4,1343,2,33002000,1
49226.5359631,4,1344,4,32999000,1
49228.7723046,4,1345,5,32996000,1
49228.9326488,4,1346,8,32993000,1
49228.9326571,4,1347,1,32990000,1
49229.3120535,4,1348,1,32993000,-1
49229.373315,4,1349,1,32990000,1
49229.4643747,4,1350,1,32993000,-1
49229.9435673,4,1351,4,32990000,1
49232.5012575,4,1352,6,32997000,1
49233.4632498,4,1353,14,32994000,1
49233.4632626,4,1354,1,32991000,1
49233.6618773,4,1355,1,32994000,1
49233.6619006,4,1356,2,32991000,1
49233.8774158,4,1357,1,32994000,1
49234.2529713,4,1358,1,32991000,1
49235.664625,4,1359,4,32994000,1
49235.7376537,4,1360,16,32991000,1
49236.2053787,4,1361,10,32988000,1
49239.5697086,4,1362,8,32993000,1
49240.6369181,4,1363,11,32988000,1
49241.3877402,4,1364,21,32985000,1
49241.8003183,4,1365,15,32982000,1
49241.8011181,4,1366,1,32979000,1
49243.4238142,4,1367,17,32982000,1
49243.424871,4,1368,5,32979000,1
49244.2106803,4,1369,8,32982000,1
49244.711391,4,1370,5,32979000,1
49244.9108408,4,1371,9,32976000,1
49245.0761351,4,1372,1,32973000,1
49245.1322015,4,1373,1,32976000,-1
49245.3285791,4,1374,1,32972000,1
49246.3118306,4,1375,4,32976000,1
49246.373994,4,1376,10,32973000,1
49246.3990789,4,1377,1,32970000,1
49248.0480837,4,1378,8,32973000,1
49249.1571154,4,1379,36,32970000,1
49250.6071937,4,1380,1,32967000,1
49251.2628482,4,1381,2,32979000,-1
49252.2532618,4,1382,2,32975000,-1
49253.4459848,4,1383,4,32978000,-1
49253.8896982,4,1384,1,32981000,-1
49254.0383894,4,1385,5,32978000,1
49254.099727,4,1386,1,32975000,1
49254.8047395,4,1387,2,32978000,1
49255.1003388,4,1388,3,32975000,1
49255.5110715,4,1389,7,32978000,1
49255.6675011,4,1390,9,32975000,1
49255.668859,4,1391,1,32972000,1
49256.2908846,4,1392,3,32976000,-1
49256.631681,4,1393,1,32979000,-1
49256.9163616,4,1394,1,32974000,1
49256.9715188,4,1395,1,32977000,1
49257.3290279,4,1396,1,32981000,-1
49257.5110506,4,1397,4,32978000,1
49258.1092356,4,1398,1,32975000,1
49258.7807283,4,1399,2,32981000,1
49258.9436408,4,1400,6,32978000,1
49258.9458183,4,1401,1,32975000,1
49259.1539064,4,1402,12,32981000,-1
49259.1878289,4,1403,13,32984000,-1
49259.3669807,4,1404,6,32987000,1
49259.6766598,4,1405,1,32984000,1
49260.1698476,4,1406,2,32991000,-1
49260.2590996,4,1407,2,32994000,1
49261.112774,4,1408,4,32991000,-1
49261.5248584,4,1409,1,32994000,-1
49261.7528986,4,1410,5,32991000,-1
49261.7939108,4,1411,1,32995000,-1
49262.096027,4,1412,1,32998000,-1
49262.2394757,4,1413,1,33001000,-1
49263.5522616,4,1414,55,32998000,1
49263.6571035,4,1415,2,32995000,-1
49264.3310586,4,1416,16,32998000,1
49264.3846843,4,1417,2,32995000,1
49265.6640531,4,1418,9,32992000,1
49265.9493883,4,1419,5,32985000,1
49267.1630691,4,1420,1,32990000,1
49267.2940053,4,1421,1,32987000,1
49270.3271024,4,1422,4,32991000,-1
49271.1256713,4,1423,11,32994000,-1
49272.4031379,4,1424,2,32997000,-1
49272.4044517,4,1425,1,33000000,-1
49272.5694645,4,1426,3,32997000,1
49274.9892507,4,1427,2,33001000,-1
49276.1176556,4,1428,13,33004000,1
49278.8898173,4,1429,16,33000000,1
49278.8910341,4,1430,13,32997000,1
49281.0405492,4,1431,1,33000000,1
49281.3758475,4,1432,2,32997000,1
49282.8925901,4,1433,1,33000000,1
49282.9614052,4,1434,1,32997000,1
49288.851619,4,1435,14,33002000,1
49288.8543438,4,1436,13,32999000,1
49288.8565394,4,1437,30,32996000,1
49288.8595801,4,1438,20,32993000,1
49288.861195,4,1439,13,32990000,1
49288.9205905,4,1440,1,32998000,1
49288.9939278,4,1441,5,32992000,-1
49289.0505831,4,1442,1,32989000,-1
49289.8396326,4,1443,1,32992000,-1
49290.9079956,4,1444,1,32987000,1
49293.1040305,4,1445,7,32991000,-1
49294.7653706,4,1446,1,32999000,-1
49299.7689808,4,1447,1,33002000,-1
49300.0873186,4,1448,1,32999000,1
49301.5304955,4,1449,1,32996000,1
49302.3065605,4,1450,1,32990000,1
49303.3288221,4,1451,1,32993000,-1
49304.1256961,4,1452,2,32990000,-1
49304.561982,4,1453,2,32993000,-1
49304.5620048,4,1454,1,32996000,-1
49304.9337814,4,1455,1,32992000,1
49305.9314299,4,1456,1,32995000,-1
49308.4656282,4,1457,1,32992000,1
49309.9354915,4,1458,1,32997000,-1
49311.3161897,4,1459,1,32994000,1
49312.6535564,4,1460,2,32999000,-1
49317.5666545,4,1461,8,32995000,1
49318.93029,4,1462,12,32992000,1
49318.9392482,4,1463,22,32989000,1
49318.9394966,4,1464,20,32986000,1
49318.955508,4,1465,26,32983000,1
49318.9572335,4,1466,26,32980000,1
49318.9590347,4,1467,14,32977000,1
49318.9613619,4,1468,17,32974000,1
49318.9626348,4,1469,5,32971000,1
49319.1000414,4,1470,4,32974000,1
49319.1394452,4,1471,6,32971000,1
49319.145304,4,1472,1,32977000,1
49319.35206,4,1473,3,32970000,-1
49320.4004571,4,1474,4,32973000,-1
49320.5551569,4,1475,10,32969000,1
49320.5737782,4,1476,12,32966000,1
49321.0315467,4,1477,2,32969000,1
49321.1117913,4,1478,23,32966000,-1
49321.1829441,4,1479,1,32969000,-1
49322.1196171,4,1480,1,32966000,1
49322.4675618,4,1481,1,32969000,-1
49323.3581229,4,1482,16,32972000,1
49323.9783388,4,1483,3,32975000,1
49323.9783561,4,1484,5,32972000,1
49325.2638796,4,1485,1,32977000,1
49326.2418245,4,1486,1,32980000,-1
49326.2614028,4,1487,1,32976000,1
49326.5333838,4,1488,1,32981000,-1
49327.5034301,4,1489,1,32978000,1
49333.2180641,4,1490,4,32987000,1
49335.9444733,4,1491,2,32983000,-1
49337.1127041,4,1492,7,32987000,-1
49338.9297324,4,1493,4,32990000,-1
49341.7522166,4,1494,2,32997000,-1
49342.5923091,4,1495,1,33001000,-1
49347.4868351,4,1496,11,33005000,-1
49347.5899307,4,1497,3,33000000,-1
49347.7113332,4,1498,1,33003000,-1
49348.6924418,4,1499,5,33000000,1
49348.6924562,4,1500,1,32997000,1
49348.7707066,4,1501,3,33000000,-1
49348.7781172,4,1502,1,33003000,-1
49349.1456726,4,1503,7,32999000,1
49352.4382351,4,1504,5,32996000,1
49353.5092807,4,1505,6,32993000,1
49353.8361709,4,1506,1,32988000,1
49353.9207528,4,1507,3,32985000,1
49357.1576654,4,1508,2,32980000,1
49357.1576772,4,1509,1,32977000,1
49359.1436453,4,1510,5,32981000,-1
49360.214257,4,1511,1,32985000,-1
49362.6194026,4,1512,6,32978000,1
49363.0753448,4,1513,1,32986000,1
49365.3012183,4,1514,3,32989000,-1
49365.6752971,4,1515,1,32993000,-1
49371.4922903,4,1516,6,32990000,1
49371.5940469,4,1517,5,32987000,1
49371.6310474,4,1518,6,32984000,1
49371.6530672,4,1519,1,32981000,1
49372.2662441,4,1520,1,32985000,-1
49372.6716079,4,1521,1,32979000,1
49389.7982983,4,1522,4,32984000,1
49390.8139894,4,1523,6,32987000,1
49390.8166474,4,1524,13,32983000,1
49390.8184373,4,1525,8,32980000,1
49390.8773212,4,1526,1,32983000,1
49391.9354553,4,1527,5,32977000,1
49392.1719596,4,1528,1,32974000,1
49392.7557575,4,1529,1,32979000,-1
49396.8607011,4,1530,13,32975000,1
49398.8455929,4,1531,5,32972000,1
49400.8476903,4,1532,3,32969000,1
49401.0191698,4,1533,5,32964000,1
49401.1826393,4,1534,1,32961000,1
49403.2142139,4,1535,7,32958000,1
49403.2171136,4,1536,9,32955000,1
49403.2178586,4,1537,1,32952000,1
49403.6200753,4,1538,2,32960000,-1
49405.2732276,4,1539,1,32964000,-1
49405.3918358,4,1540,1,32959000,1
49405.8503993,4,1541,1,32962000,-1
49406.5151442,4,1542,6,32956000,1
49407.3680104,4,1543,9,32953000,1
49408.2911694,4,1544,7,32956000,-1
49411.3454795,4,1545,6,32959000,-1
49411.7951871,4,1546,5,32964000,-1
49413.461631,4,1547,3,32967000,-1
49415.9116401,4,1548,1,32974000,-1
49418.7895302,4,1549,7,32977000,-1
49420.8427333,4,1550,1,32980000,-1
49424.3192363,4,1551,9,32983000,1
49426.2432415,4,1552,2,32978000,1
49426.2694499,4,1553,6,32975000,1
49426.4352517,4,1554,2,32972000,-1
49429.1778463,4,1555,2,32969000,1
49432.149489,4,1556,6,32975000,-1
49440.6744132,4,1557,9,32979000,-1
49440.7656292,4,1558,15,32982000,-1
49440.9504321,4,1559,3,32985000,-1
49442.1752661,4,1560,1,32989000,1
49445.5391163,4,1561,4,32992000,-1
49449.2114189,4,1562,5,32995000,-1
49449.4168031,4,1563,2,32998000,1
49451.2329999,4,1564,2,32994000,-1
49452.4857463,4,1565,1,32991000,-1
49452.7515788,4,1566,8,32987000,1
49452.8222674,4,1567,2,32984000,-1
49456.1683178,4,1568,16,32990000,-1
49456.1977094,4,1569,12,32993000,-1
49459.0276688,4,1570,2,32996000,-1
49460.0283275,4,1571,6,32999000,-1
49464.5508098,4,1572,1,33002000,-1
49470.3535094,4,1573,5,32991000,1
49470.6815083,4,1574,1,32987000,-1
49475.3381224,4,1575,2,32990000,-1
49477.0159506,4,1576,1,32994000,-1
49482.591161,4,1577,2,32997000,-1
49484.2810694,4,1578,3,33001000,1
49498.840917,4,1579,6,32993000,1
49506.0687458,4,1580,10,33002000,1
49506.068759,4,1581,1,32999000,1
49512.9679844,4,1582,1,33004000,1
49513.5250172,4,1583,4,33008000,-1
49517.6209571,4,1584,9,33005000,-1
49519.1597498,4,1585,2,33008000,-1
49519.5407493,4,1586,7,33011000,-1
49524.537487,4,1587,9,33014000,-1
49526.4516653,4,1588,1,33017000,1
49527.280225,4,1589,2,33014000,-1
49528.7772471,4,1590,24,33010000,1
49528.7941591,4,1591,1,33013000,-1
49531.6751052,4,1592,5,33016000,-1
49531.6998563,4,1593,6,33019000,-1
49534.0794306,4,1594,9,33023000,-1
49534.663499,4,1595,1,33026000,-1
49535.7004648,4,1596,3,33023000,1
49536.0040999,4,1597,1,33019000,1
49547.5416966,4,1598,4,33022000,-1
49550.4152825,4,1599,3,33017000,-1
49550.9642184,4,1600,2,33023000,1
49550.9651929,4,1601,5,33020000,1
49550.9664225,4,1602,6,33017000,1
49561.3437441,4,1603,20,33014000,1
49561.3679235,4,1604,23,33011000,1
49563.0211674,4,1605,14,33014000,1
49563.1663077,4,1606,23,33011000,1
49571.2009659,4,1607,1,33015000,-1
49573.9654079,4,1608,26,33011000,1
49586.3792532,4,1609,12,33014000,1
49589.2945663,4,1610,4,33011000,-1
49592.9882207,4,1611,2,33014000,1
49597.1745428,4,1612,67,33011000,1
49597.1788937,4,1613,10,33008000,1
49597.1794392,4,1614,19,33005000,1
49597.2233002,4,1615,20,33002000,1
49597.4180215,4,1616,2,32999000,-1
49597.8440883,4,1617,6,32996000,1
49599.6838922,4,1618,3,32999000,-1
49599.6839037,4,1619,1,33002000,-1
49600.1198143,4,1620,2,32998000,-1
49600.6150058,4,1621,8,33001000,-1
49600.6580397,4,1622,11,33004000,-1
49610.8738381,4,1623,23,33007000,-1
49610.9118177,4,1624,11,33010000,-1
49613.1213473,4,1625,7,33013000,-1
49617.3885259,4,1626,1,33004000,1
49620.8453542,4,1627,2,33000000,1
49620.8453664,4,1628,1,32997000,1
49622.6231401,4,1629,6,33001000,-1
49622.6300955,4,1630,1,33004000,-1
49624.6802285,4,1631,2,33008000,1
49628.0659431,4,1632,2,33002000,-1
49631.4496109,4,1633,2,33006000,-1
49635.9298144,4,1634,1,33001000,-1
49642.4844516,4,1635,3,33004000,-1
49646.5352227,4,1636,1,33008000,-1
49651.081914,4,1637,2,33012000,1
49659.0573294,4,1638,1,33015000,1
49667.182809,4,1639,9,33012000,1
49670.110878,4,1640,6,33009000,1
49672.046677,4,1641,5,33006000,1
49672.8320984,4,1642,1,33003000,1
49674.1163149,4,1643,2,33006000,-1
49684.14435,4,1644,13,33003000,1
49684.7660779,4,1645,1,33006000,1
49686.5712334,4,1646,1,33003000,1
49689.1508221,4,1647,3,33007000,1
49690.7203902,4,1648,6,33003000,1
49692.6568789,4,1649,9,33000000,-1
49694.3083925,4,1650,3,33003000,1
49695.1412779,4,1651,1,33000000,1
49697.1859345,4,1652,1,33004000,-1
49703.6316699,4,1653,1,33001000,1
49705.6786008,4,1654,6,33005000,1
49705.8709872,4,1655,2,33001000,1
49717.5340747,4,1656,2,33012000,1
49727.9713504,4,1657,2,33009000,1
49734.6161006,4,1658,2,33006000,-1
49743.0796333,4,1659,1,33010000,-1
49756.201346,4,1660,4,33018000,-1
49756.4220723,4,1661,3,33022000,-1
49757.6921424,4,1662,2,33025000,-1
49760.4331105,4,1663,10,33029000,-1
49770.2159621,4,1664,1,33025000,1
49781.0194466,4,1665,2,33030000,1
49788.9848203,4,1666,22,33027000,1
49790.1602218,4,1667,2,33024000,-1
49802.6220843,4,1668,11,33028000,1
49807.737662,4,1669,2,33023000,1
49813.353156,4,1670,11,33019000,1
49819.8465323,4,1671,3,33023000,-1
49819.8465373,4,1672,1,33026000,-1
49823.0296161,4,1673,4,33023000,1
49832.2406115,4,1674,5,33020000,-1
49835.6944006,4,1675,4,33028000,1
49835.6956332,4,1676,4,33025000,1
49838.8649139,4,1677,12,33031000,1
49838.8662167,4,1678,2,33028000,1
49842.8113404,4,1679,7,33024000,1
49853.9880095,4,1680,8,33029000,1
49877.2570914,4,1681,1,33025000,-1
49884.0785408,4,1682,6,33020000,-1
49900.3185669,4,1683,5,33029000,-1
49900.6320978,4,1684,8,33032000,-1
49900.6346992,4,1685,24,33035000,-1
49900.637402,4,1686,36,33038000,-1
49900.6414245,4,1687,19,33041000,-1
49900.669591,4,1688,1,33035000,-1
49900.7471489,4,1689,5,33042000,-1
49900.8608757,4,1690,3,33039000,-1
49903.1689981,4,1691,3,33042000,-1
49906.7475901,4,1692,4,33045000,1
49922.0933713,4,1693,2,33040000,-1
49922.3422097,4,1694,1,33044000,-1
49948.5200625,4,1695,1,33039000,1
49964.8580402,4,1696,7,33042000,-1
49979.5871581,4,1697,7,33046000,-1
49982.2871218,4,1698,3,33049000,-1
49991.7345527,4,1699,15,33046000,-1
50006.0951755,4,1700,13,33049000,-1
50006.7090503,4,1701,4,33052000,-1
50006.9955487,4,1702,1,33055000,-1
50013.2978434,4,1703,6,33058000,-1
50023.5485427,4,1704,8,33061000,-1
50028.9801633,4,1705,1,33056000,1
50036.6052718,4,1706,10,33059000,-1
50044.1788382,4,1707,6,33062000,1
50044.2070063,4,1708,1,33059000,-1
50054.3498464,4,1709,1,33063000,-1
50056.970148,4,1710,11,33059000,1
50073.6485655,4,1711,9,33056000,-1
50086.8496909,4,1712,1,33059000,-1
50097.9182168,4,1713,7,33056000,1
50101.0612688,4,1714,2,33052000,-1
50115.7430248,4,1715,3,33055000,1
50120.5230996,4,1716,8,33052000,1
50121.4057665,4,1717,6,33047000,1
50129.0169387,4,1718,1,33050000,1
50133.1870188,4,1719,5,33046000,-1
50134.3130722,4,1720,2,33049000,-1
50136.8105654,4,1721,2,33053000,-1
50146.5171381,4,1722,7,33056000,-1
50146.5171474,4,1723,1,33059000,-1
50146.5578637,4,1724,3,33056000,1
50149.0801914,4,1725,10,33049000,1
50151.2002412,4,1726,7,33046000,1
50151.2077451,4,1727,1,33043000,1
50161.2166648,4,1728,2,33046000,-1
50166.4372022,4,1729,2,33049000,-1
50166.4660868,4,1730,3,33052000,-1
50181.5069943,4,1731,3,33049000,1
50182.9695145,4,1732,3,33045000,1
50185.8998898,4,1733,1,33041000,1
50221.9575115,4,1734,4,33044000,1
50235.3920782,4,1735,2,33047000,1
50240.0069148,4,1736,3,33044000,1
50245.7340709,4,1737,4,33041000,1
50247.4282168,4,1738,1,33038000,1
50251.2667388,4,1739,8,33044000,-1
50253.9471768,4,1740,6,33051000,-1
50274.7026797,4,1741,3,33054000,1
50283.3967462,4,1742,1,33047000,1
50321.7677012,4,1743,1,33052000,-1
50337.2544904,4,1744,1,33049000,1
50343.6019756,4,1745,1,33052000,-1
50358.0266079,4,1746,6,33047000,1
50358.0668428,4,1747,6,33044000,1
50358.0837929,4,1748,2,33041000,1
50358.234772,4,1749,1,33038000,1
50363.3271169,4,1750,2,33043000,-1
50382.9370119,4,1751,1,33039000,-1
50400.0246034,4,1752,2,33036000,1
50403.9600425,4,1753,1,33040000,-1
50407.0257967,4,1754,1,33034000,1
50408.0372497,4,1755,1,33039000,-1
50416.983181,4,1756,5,33031000,1
50421.4951365,4,1757,1,33036000,1
50423.3879348,4,1758,3,33042000,-1
50425.8761382,4,1759,4,33045000,-1
50426.0748562,4,1760,1,33048000,-1
50429.593005,4,1761,10,33044000,1
50430.7077487,4,1762,5,33040000,1
50430.7128313,4,1763,9,33037000,1
50430.7170952,4,1764,16,33034000,1
50430.7241596,4,1765,14,33031000,1
50430.7334069,4,1766,18,33028000,1
50430.7640945,4,1767,13,33025000,1
50430.765503,4,1768,9,33022000,1
50430.7722502,4,1769,10,33019000,1
50430.7724788,4,1770,4,33016000,1
50430.8295482,4,1771,7,33030000,1
50430.8854856,4,1772,1,33025000,1
50430.9091481,4,1773,11,33017000,1
50430.9091732,4,1774,3,33014000,1
50431.0175869,4,1775,6,33017000,1
50431.0334127,4,1776,1,33014000,1
50431.2486292,4,1777,1,33018000,-1
50431.5180453,4,1778,3,33013000,1
50431.8636108,4,1779,9,33010000,-1
50432.5188346,4,1780,1,33013000,-1
50433.3002915,4,1781,2,33018000,-1
50434.4782281,4,1782,1,33021000,-1
50435.3082682,4,1783,2,33016000,1
50436.2939913,4,1784,1,33013000,-1
50438.4495196,4,1785,1,33010000,1
50440.6718896,4,1786,4,33013000,-1
50441.0433446,4,1787,5,33016000,-1
50442.8120173,4,1788,1,33019000,1
50445.6461108,4,1789,1,33029000,-1
50445.8593055,4,1790,1,33026000,1
50446.2516709,4,1791,1,33029000,-1
50446.7621463,4,1792,1,33025000,1
50447.8649157,4,1793,6,33022000,1
50448.4720973,4,1794,1,33018000,1
50449.7897285,4,1795,2,33023000,-1
50453.2325076,4,1796,1,33020000,-1
50455.5959811,4,1797,2,33016000,1
50455.5972504,4,1798,1,33013000,1
50461.3128413,4,1799,2,33018000,-1
50463.4259229,4,1800,7,33021000,-1
50463.5309009,4,1801,3,33024000,-1
50465.5114516,4,1802,3,33027000,-1
50466.1117626,4,1803,1,33024000,-1
50470.2103416,4,1804,4,33029000,1
50470.2276966,4,1805,5,33026000,1
50470.2555147,4,1806,2,33023000,1
50470.2906677,4,1807,3,33020000,1
50470.3906441,4,1808,1,33016000,1
50474.5874188,4,1809,2,33022000,-1
50475.1908072,4,1810,2,33025000,-1
50477.0533203,4,1811,1,33028000,-1
50479.9298488,4,1812,1,33022000,-1
50486.9722124,4,1813,3,33030000,1
50487.0050864,4,1814,1,33027000,-1
50491.1408104,4,1815,7,33022000,1
50493.5084065,4,1816,3,33018000,-1
50493.7362851,4,1817,2,33021000,-1
50506.5782802,4,1818,5,33024000,-1
50508.0403116,4,1819,1,33028000,-1
50509.4842783,4,1820,4,33025000,1
50509.4857177,4,1821,7,33022000,1
50509.5360329,4,1822,13,33019000,1
50516.9359491,4,1823,3,33015000,1
50519.1233488,4,1824,2,33012000,-1
50519.1233815,4,1825,1,33015000,-1
50524.876354,4,1826,7,33008000,1
50524.8879737,4,1827,1,33005000,1
50532.901909,4,1828,2,33011000,-1
50535.6390156,4,1829,9,33014000,1
50535.641966,4,1830,15,33011000,1
50535.7322911,4,1831,8,33008000,1
50535.8915564,4,1832,4,33003000,-1
50537.2104342,4,1833,1,33006000,-1
50537.5050119,4,1834,3,32998000,1
50537.5217526,4,1835,1,32995000,1
50538.8422339,4,1836,2,32999000,1
50541.32967,4,1837,1,32995000,1
50542.5845939,4,1838,13,32998000,-1
50542.5875601,4,1839,18,33001000,-1
50542.6765913,4,1840,3,33006000,-1
50548.1182674,4,1841,4,33009000,-1
50550.2486429,4,1842,3,33012000,1
50557.2691988,4,1843,11,33015000,-1
50559.0774903,4,1844,7,33018000,1
50560.3204935,4,1845,1,33015000,1
50562.7778621,4,1846,9,33018000,1
50566.9992708,4,1847,15,33015000,1
50568.9127844,4,1848,6,33012000,1
50568.9656203,4,1849,1,33008000,1
50571.4084568,4,1850,7,33011000,1
50574.1356229,4,1851,1,33014000,1
50575.6037338,4,1852,1,33017000,-1
50579.1637805,4,1853,1,33020000,1
50581.0296723,4,1854,1,33025000,-1
50583.397382,4,1855,5,33022000,1
50592.4782955,4,1856,5,33028000,-1
50594.1440951,4,1857,5,33024000,-1
50594.8822888,4,1858,1,33027000,1
50598.6790381,4,1859,9,33031000,-1
50600.9338985,4,1860,16,33034000,-1
50600.9449885,4,1861,2,33037000,1
50601.1186231,4,1862,1,33034000,1
50603.6575621,4,1863,10,33038000,-1
50603.9921809,4,1864,3,33044000,1
50605.159165,4,1865,1,33041000,1
50605.233077,4,1866,5,33044000,-1
50605.2356087,4,1867,13,33047000,-1
50608.9777029,4,1868,8,33050000,-1
50612.3069794,4,1869,8,33056000,1
50612.3076468,4,1870,5,33053000,1
50618.9196745,4,1871,6,33050000,-1
50620.1243157,4,1872,5,33054000,-1
50627.7056783,4,1873,13,33057000,-1
50636.2937942,4,1874,9,33060000,-1
50643.1232641,4,1875,8,33063000,1
50644.962835,4,1876,1,33066000,1
50654.7829568,4,1877,12,33070000,-1
50654.8643384,4,1878,1,33073000,-1
50660.1071709,4,1879,2,33069000,-1
50676.5918788,4,1880,7,33072000,-1
50683.5532755,4,1881,1,33076000,1
50686.3836386,4,1882,1,33073000,-1
50697.3749257,4,1883,5,33070000,1
50702.0409567,4,1884,8,33067000,1
50703.2509113,4,1885,8,33063000,1
50703.4934965,4,1886,2,33060000,1
50704.909702,4,1887,6,33057000,1
50705.3065212,4,1888,1,33053000,1
50707.4382545,4,1889,3,33057000,-1
50709.6964765,4,1890,2,33060000,-1
50711.4850007,4,1891,3,33065000,1
50713.6337643,4,1892,5,33062000,1
50714.2916712,4,1893,2,33059000,1
50721.6601054,4,1894,5,33063000,-1
50721.6612626,4,1895,14,33066000,-1
50721.7195718,4,1896,28,33069000,1
50721.7682085,4,1897,8,33073000,-1
50721.7773713,4,1898,1,33076000,-1
50721.7802076,4,1899,2,33073000,-1
50721.7802169,4,1900,1,33076000,-1
50723.9187763,4,1901,4,33073000,1
50724.3199737,4,1902,2,33070000,-1
50726.0703595,4,1903,3,33073000,1
50726.0883558,4,1904,13,33070000,1
50728.0631488,4,1905,6,33075000,-1
50748.5191199,4,1906,41,33072000,1
50748.5210609,4,1907,6,33069000,1
50748.5802599,4,1908,13,33066000,1
50748.6782754,4,1909,1,33063000,1
50748.7116273,4,1910,1,33067000,-1
50748.7689287,4,1911,1,33063000,1
50766.419557,4,1912,7,33067000,-1
50771.8242865,4,1913,14,33070000,-1
50771.8966555,4,1914,1,33073000,-1
50777.3825515,4,1915,1,33068000,1
50778.9436961,4,1916,1,33071000,1
50781.0981457,4,1917,1,33067000,1
50789.257052,4,1918,3,33072000,-1
50789.367844,4,1919,6,33075000,-1
50796.8463718,4,1920,13,33078000,1
50796.8719008,4,1921,1,33074000,1
50807.2851788,4,1922,1,33078000,-1
50821.5957489,4,1923,1,33072000,-1
50830.0492781,4,1924,4,33076000,-1
50837.3873523,4,1925,8,33079000,-1
50837.3873835,4,1926,5,33082000,-1
50857.7479043,4,1927,9,33076000,1
50860.8894537,4,1928,5,33073000,1
50864.2007907,4,1929,1,33076000,1
50868.8969607,4,1930,3,33072000,-1
50877.3756168,4,1931,4,33075000,-1
50880.6055525,4,1932,3,33079000,1
50881.2073563,4,1933,4,33075000,1
50881.485021,4,1934,3,33071000,1
50881.56956,4,1935,1,33068000,1
50893.0775816,4,1936,5,33074000,-1
50893.1327362,4,1937,2,33077000,-1
50896.0545934,4,1938,1,33074000,-1
50898.6828549,4,1939,3,33071000,1
50899.6040684,4,1940,4,33068000,1
50905.08636,4,1941,6,33065000,1
50905.1285421,4,1942,11,33062000,1
50914.1863868,4,1943,4,33059000,1
50914.1890997,4,1944,12,33056000,1
50914.1913059,4,1945,15,33053000,1
50914.1936258,4,1946,15,33050000,1
50914.1973146,4,1947,14,33047000,1
50914.1973217,4,1948,1,33044000,1
50914.3020586,4,1949,3,33052000,1
50915.7028295,4,1950,1,33047000,1
50930.427882,4,1951,8,33054000,-1
50939.6200501,4,1952,3,33057000,-1
50953.6146817,4,1953,1,33053000,-1
50963.8493944,4,1954,6,33048000,1
50963.8502229,4,1955,12,33045000,1
50963.9172004,4,1956,53,33042000,-1
50964.0003172,4,1957,3,33046000,1
50970.5066135,4,1958,2,33043000,1
50970.5066366,4,1959,2,33040000,1
50978.8037031,4,1960,1,33044000,-1
50991.7777077,4,1961,5,33041000,-1
50998.7741264,4,1962,6,33046000,1
51010.8805069,4,1963,4,33043000,-1
51016.5684731,4,1964,1,33046000,-1
51026.4810194,4,1965,1,33043000,1
51036.2365433,4,1966,2,33046000,1
51045.2834299,4,1967,5,33043000,1
51067.968543,4,1968,1,33032000,1
51081.6892696,4,1969,4,33036000,-1
51102.5495308,4,1970,16,33039000,1
51102.5851878,4,1971,4,33036000,-1
51107.4774122,4,1972,3,33032000,1
51111.997974,4,1973,1,33035000,-1
51116.6940164,4,1974,2,33027000,1
51116.6952019,4,1975,10,33024000,1
51124.3354332,4,1976,5,33031000,-1
51129.599573,4,1977,13,33034000,-1
51130.1728616,4,1978,2,33038000,-1
51139.7146767,4,1979,22,33041000,1
51139.7146817,4,1980,1,33038000,1
51166.0039952,4,1981,11,33041000,-1
51184.0732024,4,1982,1,33047000,1
51201.0304921,4,1983,2,33036000,1
51206.6028829,4,1984,5,33032000,1
51216.1193746,4,1985,5,33029000,1
51216.1208398,4,1986,12,33026000,1
51216.1825689,4,1987,5,33023000,1
51216.7568617,4,1988,3,33026000,1
51232.1072356,4,1989,3,33023000,-1
51232.123112,4,1990,4,33026000,-1
51237.8952686,4,1991,1,33029000,-1
51263.4287951,4,1992,11,33026000,-1
51264.408644,4,1993,13,33030000,-1
51265.7700333,4,1994,1,33035000,-1
51274.3210551,4,1995,6,33030000,1
51289.1469186,4,1996,4,33027000,-1
51291.8885089,4,1997,3,33030000,-1
51295.3762898,4,1998,2,33033000,1
51303.2024666,4,1999,4,33029000,1
51318.7863458,4,2000,1,33025000,1
51368.8916279,4,2001,2,33036000,-1
51400.5000631,4,2002,1,33032000,1
51420.637308,4,2003,2,33039000,-1
51428.4184884,4,2004,1,33044000,-1
51446.9286587,4,2005,1,33039000,-1
51463.4480404,4,2006,2,33042000,-1
51474.2290582,4,2007,2,33039000,1
51484.7691548,4,2008,8,33035000,1
51497.9995073,4,2009,9,33032000,1
51498.0099086,4,2010,2,33029000,1
51498.6253915,4,2011,2,33025000,1
51500.9250059,4,2012,1,33021000,1
51515.7124418,4,2013,7,33018000,-1
51522.2143199,4,2014,3,33022000,-1
51566.6487183,4,2015,4,33026000,-1
51569.1146668,4,2016,1,33023000,-1
51590.8925827,4,2017,3,33028000,-1
51597.6127843,4,2018,1,33031000,-1
51600.9791836,4,2019,1,33027000,1
51612.0599382,4,2020,3,33030000,-1
51631.1219451,4,2021,6,33034000,-1
51679.5207891,4,2022,9,33037000,-1
51690.9788876,4,2023,3,33041000,1
51716.0416827,4,2024,10,33038000,-1
51718.9982061,4,2025,3,33045000,-1
51723.7836329,4,2026,4,33048000,-1
51725.1963746,4,2027,2,33051000,-1
51729.7732054,4,2028,24,33054000,-1
51731.0516467,4,2029,15,33057000,-1
51736.4234156,4,2030,6,33060000,-1
51737.5483317,4,2031,13,33063000,1
51761.3932498,4,2032,3,33060000,1
51770.1439236,4,2033,3,33053000,1
51773.7473892,4,2034,6,33050000,-1
51773.8244797,4,2035,16,33053000,-1
51781.2548309,4,2036,1,33056000,-1
51783.8761059,4,2037,1,33052000,1
51783.9370075,4,2038,4,33049000,-1
51788.3698336,4,2039,5,33053000,-1
51800.1208607,4,2040,6,33056000,-1
51824.3672418,4,2041,2,33052000,-1
51828.2720654,4,2042,3,33056000,-1
51866.1878923,4,2043,2,33053000,-1
51900.2576442,4,2044,3,33057000,-1
51964.2630892,4,2045,12,33061000,-1
51989.8366512,4,2046,4,33052000,-1
52000.9691578,4,2047,4,33058000,1
52018.3299195,4,2048,3,33055000,1
52030.2355184,4,2049,1,33061000,1
52048.2870915,4,2050,13,33058000,-1
52048.3100402,4,2051,7,33061000,-1
52070.1946549,4,2052,6,33065000,-1
52071.1941195,4,2053,3,33059000,1
52080.9290297,4,2054,5,33052000,1
52083.5108969,4,2055,1,33057000,1
52083.9957282,4,2056,1,33061000,-1
52087.0886255,4,2057,2,33056000,1
52087.286901,4,2058,9,33053000,1
52091.6932374,4,2059,7,33050000,-1
52094.4887893,4,2060,2,33056000,-1
52098.639126,4,2061,3,33061000,1
52100.7702815,4,2062,2,33058000,-1
52100.7898602,4,2063,9,33061000,1
52100.9395115,4,2064,15,33065000,1
52112.561272,4,2065,2,33061000,1
52126.272906,4,2066,4,33058000,-1
52149.6546858,4,2067,1,33063000,1
52158.5270168,4,2068,9,33067000,-1
52168.1292996,4,2069,8,33070000,-1
52168.1582859,4,2070,1,33073000,-1
52171.9535038,4,2071,24,33070000,1
52173.9610467,4,2072,4,33067000,1
52185.8537653,4,2073,1,33064000,1
52200.5060099,4,2074,1,33067000,-1
52209.6160311,4,2075,4,33064000,-1
52222.27695,4,2076,3,33067000,-1
52223.2719013,4,2077,1,33072000,-1
52234.8610938,4,2078,1,33068000,-1
52242.7012136,4,2079,1,33061000,1
52262.9638892,4,2080,9,33064000,1
52267.6328942,4,2081,2,33060000,1
52282.5842893,4,2082,1,33057000,1
52285.8062199,4,2083,1,33063000,-1
52304.3055651,4,2084,1,33058000,-1
52312.9985595,4,2085,5,33054000,1
52319.9819428,4,2086,3,33051000,-1
52340.0733995,4,2087,1,33047000,-1
52342.6168355,4,2088,7,33043000,1
52343.1569713,4,2089,13,33040000,1
52371.0399114,4,2090,14,33044000,-1
52371.0941426,4,2091,4,33047000,-1
52375.4402713,4,2092,2,33050000,-1
52376.7474128,4,2093,6,33053000,-1
52383.1039976,4,2094,3,33056000,1
52387.9763609,4,2095,4,33053000,-1
52400.4923654,4,2096,3,33049000,-1
52400.5089467,4,2097,8,33052000,-1
52400.5644791,4,2098,8,33055000,-1
52400.6099078,4,2099,1,33058000,-1
52404.4891404,4,2100,3,33055000,1
52405.329678,4,2101,3,33052000,1
52405.9415359,4,2102,1,33049000,1
52431.0963798,4,2103,10,33052000,-1
52431.11115,4,2104,1,33055000,-1
52433.8198818,4,2105,5,33050000,1
52442.5430449,4,2106,4,33046000,-1
52442.5473728,4,2107,11,33049000,-1
52442.790431,4,2108,7,33052000,1
52442.8030303,4,2109,1,33049000,1
52443.047814,4,2110,1,33045000,1
52443.5247503,4,2111,1,33048000,-1
52447.7707255,4,2112,5,33044000,-1
52464.2390852,4,2113,7,33047000,-1
52476.9302539,4,2114,1,33056000,-1
52489.1648792,4,2115,1,33052000,1
52489.8088422,4,2116,1,33056000,1
52501.9227023,4,2117,1,33053000,1
52513.6440047,4,2118,1,33056000,1
52521.1673967,4,2119,2,33059000,1
52530.5464761,4,2120,7,33053000,1
52532.287795,4,2121,2,33050000,-1
52562.8498766,4,2122,2,33055000,1
52573.4731123,4,2123,1,33063000,1
52578.6764313,4,2124,1,33066000,-1
52588.8193357,4,2125,11,33060000,1
52589.6823405,4,2126,1,33057000,1
52617.4731451,4,2127,1,33061000,1
52623.6545437,4,2128,3,33065000,-1
52623.8178718,4,2129,8,33068000,1
52623.8205933,4,2130,10,33065000,1
52623.9121587,4,2131,8,33062000,1
52629.5100951,4,2132,8,33059000,1
52630.9354161,4,2133,8,33056000,1
52631.8192654,4,2134,1,33053000,1
52639.3799998,4,2135,3,33049000,1
52639.4124207,4,2136,8,33046000,1
52655.2379761,4,2137,11,33041000,1
52655.380663,4,2138,3,33038000,1
52660.5416127,4,2139,11,33035000,1
52666.2187438,4,2140,1,33032000,1
52677.9287615,4,2141,9,33035000,-1
52686.6179118,4,2142,1,33038000,-1
52690.0082923,4,2143,3,33032000,1
52690.0106314,4,2144,8,33029000,1
52690.0123007,4,2145,15,33026000,1
52690.0164563,4,2146,12,33023000,1
52690.0185507,4,2147,16,33020000,1
52690.0215457,4,2148,17,33017000,1
52690.0233275,4,2149,10,33014000,1
52690.0817031,4,2150,3,33029000,1
52690.09307,4,2151,4,33024000,1
52690.0930768,4,2152,1,33015000,1
52690.1089138,4,2153,1,33023000,-1
52690.1305855,4,2154,1,33016000,-1
52690.173805,4,2155,1,33021000,1
52690.1839111,4,2156,2,33017000,1
52695.2076403,4,2157,9,33014000,-1
52696.1876105,4,2158,10,33018000,-1
52696.2051519,4,2159,4,33021000,-1
52699.8177779,4,2160,7,33024000,1
52699.8198733,4,2161,9,33021000,1
52704.2184186,4,2162,2,33018000,-1
52706.3466867,4,2163,3,33023000,-1
52708.5011697,4,2164,5,33028000,1
52708.5046991,4,2165,2,33025000,1
52708.5431629,4,2166,1,33022000,1
52715.4724518,4,2167,11,33025000,-1
52716.6356793,4,2168,1,33028000,-1
52718.1634183,4,2169,3,33025000,-1
52731.6560344,4,2170,13,33028000,-1
52735.7666149,4,2171,1,33031000,-1
52745.1644548,4,2172,2,33027000,-1
52746.8835501,4,2173,1,33031000,-1
52750.4239586,4,2174,5,33026000,1
52750.7001291,4,2175,3,33023000,1
52753.0524336,4,2176,1,33018000,-1
52754.8462623,4,2177,5,33014000,1
52755.4507282,4,2178,8,33011000,1
52761.1125688,4,2179,2,33008000,1
52763.0169933,4,2180,1,33005000,-1
52771.7018286,4,2181,1,33008000,1
52775.6941566,4,2182,4,33012000,1
52777.2802149,4,2183,3,33009000,-1
52777.2802275,4,2184,1,33013000,-1
52789.0338008,4,2185,7,33009000,-1
52791.9328258,4,2186,1,33012000,-1
52807.8822783,4,2187,10,33009000,1
52809.4404934,4,2188,1,33006000,1
52848.8006321,4,2189,2,33010000,1
52871.3226109,4,2190,1,33018000,-1
52884.3836774,4,2191,2,33014000,-1
52919.0759847,4,2192,5,33017000,-1
52924.3488904,4,2193,11,33010000,1
52933.9210706,4,2194,1,33006000,1
52935.5251496,4,2195,15,33003000,1
52935.6053583,4,2196,1,33000000,1
52950.5343996,4,2197,1,33005000,-1
52969.1637195,4,2198,1,33001000,1
52980.8760522,4,2199,19,33009000,1
52981.6779011,4,2200,4,33012000,-1
52982.9301474,4,2201,8,33017000,-1
52982.9322351,4,2202,17,33020000,-1
52982.9347237,4,2203,19,33023000,-1
52982.9384408,4,2204,9,33026000,-1
52982.9408947,4,2205,18,33029000,-1
52982.9426995,4,2206,7,33032000,-1
52982.9933903,4,2207,3,33023000,-1
52982.9954452,4,2208,1,33028000,-1
52983.0218641,4,2209,1,33024000,1
52983.1995798,4,2210,2,33029000,-1
52988.7293293,4,2211,8,33032000,1
53001.9490473,4,2212,2,33028000,1
53015.1130402,4,2213,1,33024000,1
53068.5454585,4,2214,17,33029000,-1
53092.9230268,4,2215,3,33024000,-1
53094.1478742,4,2216,1,33030000,-1
53113.9989839,4,2217,2,33026000,-1
53120.1764121,4,2218,23,33015000,1
53147.482041,4,2219,14,33012000,-1
53147.4820497,4,2220,1,33015000,-1
53153.5342793,4,2221,1,33011000,1
53173.4420863,4,2222,2,33006000,-1
53183.2696261,4,2223,3,33002000,-1
53187.2033273,4,2224,18,33006000,-1
53195.7894879,4,2225,6,33012000,-1
53195.8498759,4,2226,1,33015000,1
53229.3796671,4,2227,4,33009000,1
53251.4329918,4,2228,2,33005000,1
53257.9273592,4,2229,7,33001000,-1
53259.5478304,4,2230,10,33004000,-1
53260.8832871,4,2231,4,33009000,-1
53262.0514008,4,2232,4,33012000,-1
53262.0536939,4,2233,13,33015000,-1
53262.8157808,4,2234,5,33018000,-1
53266.4930466,4,2235,2,33015000,1
53275.8185432,4,2236,1,33005000,1
53281.8470922,4,2237,5,33001000,1
53294.6522464,4,2238,7,32998000,-1
53302.6491664,4,2239,1,32993000,-1
53303.2109214,4,2240,10,32990000,1
53305.5308172,4,2241,1,32996000,-1
53330.5120684,4,2242,5,32993000,-1
53331.226225,4,2243,6,32997000,-1
53332.1354311,4,2244,1,33000000,-1
53333.2669029,4,2245,9,33004000,-1
53335.3886003,4,2246,17,33007000,-1
53343.1129593,4,2247,16,33012000,-1
53343.1471487,4,2248,1,33015000,-1
53348.7626,4,2249,2,33012000,1
53370.3827216,4,2250,1,33008000,1
53370.4241982,4,2251,1,33011000,-1
53381.0486223,4,2252,2,33004000,1
53387.0181469,4,2253,1,33007000,1
53398.9450615,4,2254,1,33010000,-1
53413.9826708,4,2255,5,33007000,1
53424.3462702,4,2256,1,33003000,-1
53425.3168856,4,2257,2,32996000,1
53427.2278705,4,2258,2,32993000,-1
53427.2305128,4,2259,11,32996000,-1
53427.2337196,4,2260,18,32999000,-1
53427.2355835,4,2261,17,33002000,-1
53427.2377229,4,2262,17,33005000,-1
53427.2743627,4,2263,2,32996000,-1
53427.2858963,4,2264,1,33006000,-1
53427.3082302,4,2265,1,33002000,-1
53427.5018141,4,2266,7,33005000,-1
53427.6269476,4,2267,1,33008000,-1
53428.8586874,4,2268,6,33005000,1
53431.3575889,4,2269,1,33002000,1
53443.2271822,4,2270,1,33006000,1
53464.6984253,4,2271,3,33012000,-1
53474.2021578,4,2272,12,33015000,-1
53474.2287027,4,2273,1,33018000,-1
53490.0424985,4,2274,1,33007000,-1
53500.8586264,4,2275,3,33003000,1
53501.5011334,4,2276,3,33000000,1
53502.3637915,4,2277,1,32997000,1
53507.9763563,4,2278,3,32994000,-1
53516.7769145,4,2279,2,33005000,-1
53522.404204,4,2280,1,33008000,-1
53532.2469388,4,2281,5,33005000,1
53539.3469141,4,2282,2,33002000,1
53544.2263494,4,2283,3,32999000,-1
53552.9014423,4,2284,3,33002000,1
53552.9175687,4,2285,8,32999000,-1
53563.2525684,4,2286,2,33003000,1
53563.2735569,4,2287,1,33000000,1
53577.695428,4,2288,5,33005000,-1
53585.3107273,4,2289,4,33010000,-1
53585.3717705,4,2290,5,33013000,-1
53585.3808259,4,2291,2,33016000,1
53588.1535996,4,2292,1,33009000,1
53624.5578413,4,2293,11,33001000,1
53632.6466341,4,2294,6,32998000,1
53635.7973991,4,2295,1,33004000,-1
53640.4738874,4,2296,12,33000000,1
53642.8873175,4,2297,9,32997000,1
53642.8904107,4,2298,1,32994000,1
53654.0457234,4,2299,2,32999000,-1
53654.4590218,4,2300,1,33003000,-1
53654.8708568,4,2301,8,32998000,1
53654.9375607,4,2302,4,32995000,1
53655.0285264,4,2303,1,32991000,1
53656.274074,4,2304,8,32994000,-1
53661.463439,4,2305,10,32997000,-1
53663.7949006,4,2306,1,33000000,-1
53667.7521183,4,2307,1,33004000,-1
53681.8910091,4,2308,4,33008000,-1
53694.2073719,4,2309,1,33002000,-1
53763.1568452,4,2310,14,32996000,1
53765.6642089,4,2311,7,32993000,-1
53771.3349056,4,2312,6,32997000,-1
53778.2333134,4,2313,3,33000000,1
53778.2562879,4,2314,4,32997000,1
53778.4376231,4,2315,1,32993000,1
53781.2379125,4,2316,1,32999000,-1
53781.6292652,4,2317,5,33002000,-1
53783.588622,4,2318,1,33005000,-1
53814.1619533,4,2319,1,33002000,1
53821.3225407,4,2320,3,33006000,-1
53830.3623302,4,2321,7,33009000,-1
53835.5278309,4,2322,1,33006000,1
53862.4114897,4,2323,1,33016000,-1
53866.8198115,4,2324,1,33011000,1
53870.0704267,4,2325,1,33016000,-1
53885.1348761,4,2326,4,33013000,1
53887.8718491,4,2327,2,33016000,1
53890.8708418,4,2328,2,33012000,-1
53910.9370794,4,2329,12,33015000,-1
53910.9538906,4,2330,1,33018000,-1
53926.4998963,4,2331,2,33015000,1
53933.587995,4,2332,2,33010000,1
53957.0296959,4,2333,10,33000000,1
53971.3935626,4,2334,1,33005000,1
54001.6514181,4,2335,4,33012000,1
54003.6667453,4,2336,2,33009000,-1
54007.1090313,4,2337,1,33014000,-1
54011.9527233,4,2338,4,33011000,1
54020.830966,4,2339,5,33008000,1
54027.902385,4,2340,6,33004000,1
54028.5475446,4,2341,1,33007000,1
54055.7823556,4,2342,2,33010000,1
54083.0164907,4,2343,11,33000000,1
54107.3534546,4,2344,5,32994000,1
54112.4326686,4,2345,9,32991000,1
54121.3683089,4,2346,4,32988000,1
54152.7701492,4,2347,8,32995000,1
54152.7878766,4,2348,2,32992000,1
54156.8409514,4,2349,3,32988000,1
54157.7670296,4,2350,7,32985000,1
54162.2514226,4,2351,19,32982000,-1
54162.2514345,4,2352,1,32985000,-1
54171.6699413,4,2353,11,32982000,1
54176.6601308,4,2354,4,32979000,1
54176.6678838,4,2355,7,32976000,1
54177.4827151,4,2356,5,32973000,1
54177.5198457,4,2357,9,32970000,1
54177.7140157,4,2358,3,32966000,-1
54178.2709337,4,2359,3,32972000,1
54179.9823137,4,2360,3,32969000,1
54179.9823905,4,2361,8,32966000,1
54179.9823979,4,2362,1,32963000,1
54182.0567938,4,2363,2,32967000,-1
54185.1637539,4,2364,2,32970000,1
54203.2912721,4,2365,1,32974000,-1
54218.6598338,4,2366,8,32970000,1
54222.0828011,4,2367,6,32966000,1
54222.0854722,4,2368,10,32963000,1
54222.0889166,4,2369,12,32960000,1
54222.0911661,4,2370,10,32957000,1
54222.0950097,4,2371,12,32954000,1
54222.0986537,4,2372,14,32951000,1
54222.1010345,4,2373,11,32948000,1
54222.1030884,4,2374,12,32945000,1
54222.106608,4,2375,12,32942000,1
54222.1096524,4,2376,12,32939000,1
54222.2039504,4,2377,4,32958000,1
54222.2040092,4,2378,1,32949000,1
54222.2371406,4,2379,2,32942000,-1
54222.2419064,4,2380,1,32948000,-1
54222.2460134,4,2381,2,32951000,-1
54222.2468455,4,2382,1,32954000,-1
54222.2493868,4,2383,2,32940000,1
54222.252037,4,2384,2,32937000,1
54222.2714223,4,2385,1,32950000,1
54222.2850098,4,2386,1,32955000,1
54222.2899298,4,2387,3,32952000,1
54222.3083638,4,2388,6,32945000,1
54222.3105233,4,2389,3,32942000,1
54222.3105409,4,2390,1,32939000,1
54222.3476911,4,2391,1,32946000,-1
54222.3754708,4,2392,1,32950000,1
54222.463119,4,2393,3,32946000,-1
54222.4999819,4,2394,1,32950000,-1
54223.3826755,4,2395,24,32946000,-1
54224.1717047,4,2396,13,32949000,-1
54225.3168158,4,2397,5,32946000,1
54227.5285739,4,2398,3,32943000,-1
54228.3045565,4,2399,1,32946000,-1
54230.1512683,4,2400,2,32940000,1
54231.0672411,4,2401,6,32936000,1
54237.0247263,4,2402,9,32933000,-1
54237.0520759,4,2403,9,32936000,-1
54237.6182893,4,2404,2,32939000,-1
54240.0607203,4,2405,2,32942000,-1
54240.260721,4,2406,9,32939000,1
54246.5588985,4,2407,13,32936000,-1
54247.882388,4,2408,1,32942000,1
54251.2370318,4,2409,3,32947000,-1
54269.0846856,4,2410,1,32950000,1
54272.0736463,4,2411,3,32954000,-1
54272.7856624,4,2412,1,32958000,-1
54277.1753264,4,2413,2,32955000,-1
54279.9145677,4,2414,4,32958000,-1
54284.6692814,4,2415,4,32961000,-1
54294.7186861,4,2416,1,32964000,-1
54298.7025497,4,2417,8,32959000,1
54300.7747708,4,2418,7,32956000,1
54300.7763636,4,2419,8,32953000,1
54301.5811026,4,2420,12,32949000,1
54301.5823431,4,2421,11,32946000,1
54301.8372501,4,2422,3,32943000,1
54302.0633392,4,2423,18,32940000,1
54302.3227677,4,2424,5,32937000,1
54302.6014782,4,2425,2,32933000,1
54302.6033513,4,2426,6,32930000,1
54303.2405255,4,2427,2,32939000,-1
54303.5324145,4,2428,8,32942000,-1
54304.8359243,4,2429,5,32945000,-1
54312.6490411,4,2430,4,32952000,-1
54317.2087809,4,2431,1,32946000,1
54321.2636987,4,2432,2,32954000,-1
54324.6863688,4,2433,1,32960000,-1
54327.5880962,4,2434,4,32956000,-1
54327.6630894,4,2435,1,32960000,-1
54332.5843064,4,2436,3,32957000,-1
54336.4445171,4,2437,1,32960000,-1
54363.3823736,4,2438,10,32955000,-1
54377.9982863,4,2439,1,32959000,-1
54397.4343022,4,2440,3,32956000,-1
54403.0986596,4,2441,1,32959000,-1
54411.5006408,4,2442,5,32956000,1
54419.3964936,4,2443,1,32952000,-1
54422.0914028,4,2444,4,32944000,1
54431.8242686,4,2445,1,32940000,1
54443.3917547,4,2446,3,32946000,-1
54443.3917627,4,2447,1,32949000,-1
54447.8512238,4,2448,1,32945000,-1
54454.7218969,4,2449,2,32942000,-1
54467.253714,4,2450,3,32945000,-1
54492.2214787,4,2451,34,32948000,-1
54494.5926135,4,2452,2,32951000,-1
54508.0834125,4,2453,2,32960000,-1
54515.0428526,4,2454,10,32964000,1
54517.6042647,4,2455,1,32960000,1
54544.7061981,4,2456,1,32964000,-1
54558.3104,4,2457,2,32961000,-1
54585.1016669,4,2458,7,32965000,1
54585.2115546,4,2459,2,32962000,-1
54591.8327648,4,2460,32,32965000,-1
54604.2398316,4,2461,1,32962000,1
54616.5098238,4,2462,3,32959000,1
54623.4948386,4,2463,6,32962000,-1
54634.6573991,4,2464,3,32965000,1
54634.6600862,4,2465,2,32962000,-1
54644.9582704,4,2466,11,32965000,-1
54645.6717124,4,2467,5,32968000,-1
54645.677848,4,2468,46,32971000,-1
54645.6803511,4,2469,15,32974000,-1
54645.6840472,4,2470,50,32977000,-1
54645.6883741,4,2471,17,32980000,-1
54645.7093306,4,2472,1,32973000,-1
54645.7749458,4,2473,5,32977000,-1
54645.8228517,4,2474,1,32980000,-1
54654.0447345,4,2475,1,32977000,-1
54664.2460538,4,2476,1,32971000,1
54665.6582783,4,2477,1,32975000,-1
54673.6836485,4,2478,3,32978000,-1
54701.5521288,4,2479,14,32975000,-1
54717.8710146,4,2480,4,32970000,1
54718.6108638,4,2481,7,32974000,-1
54726.3558013,4,2482,3,32979000,-1
54728.0575265,4,2483,1,32982000,-1
54742.6917663,4,2484,1,32979000,-1
54748.7013865,4,2485,1,32982000,-1
54765.9400102,4,2486,3,32979000,1
54774.7569222,4,2487,5,32976000,-1
54793.0068901,4,2488,1,32979000,-1
54815.364982,4,2489,5,32982000,-1
54816.0376072,4,2490,3,32985000,-1
54826.7853652,4,2491,3,32981000,1
54832.7193235,4,2492,1,32978000,-1
54865.7540326,4,2493,4,32975000,1
54871.7750787,4,2494,1,32968000,1
54887.3278411,4,2495,1,32971000,1
54896.3569296,4,2496,2,32975000,-1
54908.1801079,4,2497,2,32972000,1
54943.4838825,4,2498,2,32969000,-1
54960.0314222,4,2499,3,32965000,-1
54960.0362532,4,2500,1,32968000,-1
54969.4431758,4,2501,4,32965000,1
54974.4220628,4,2502,1,32962000,1
54985.1822381,4,2503,3,32966000,-1
54988.70468,4,2504,1,32971000,-1
54996.4702176,4,2505,6,32968000,-1
55014.6950078,4,2506,1,32971000,1
55022.1150413,4,2507,4,32975000,-1
55022.254313,4,2508,2,32979000,-1
55030.1658735,4,2509,1,32974000,1
55032.871486,4,2510,1,32977000,-1
55058.0791162,4,2511,3,32965000,1
55058.0857004,4,2512,1,32962000,1
55059.5081006,4,2513,7,32965000,-1
55063.7268669,4,2514,2,32968000,-1
55067.680884,4,2515,1,32972000,-1
55070.4870344,4,2516,9,32968000,-1
55073.8219822,4,2517,6,32971000,-1
55090.5966208,4,2518,5,32975000,-1
55119.7354518,4,2519,7,32972000,-1
55126.5338427,4,2520,1,32978000,-1
55131.8179542,4,2521,1,32974000,1
55148.761217,4,2522,9,32980000,-1
55162.8243547,4,2523,1,32977000,-1
55195.3697787,4,2524,1,32974000,1
55203.8024697,4,2525,1,32978000,-1
55204.0588089,4,2526,1,32983000,-1
55211.9751354,4,2527,6,32976000,1
55213.8907716,4,2528,2,32973000,1
55237.5258326,4,2529,5,32976000,1
55247.5272311,4,2530,4,32980000,-1
55260.0458349,4,2531,1,32983000,1
55260.5289686,4,2532,20,32989000,-1
55266.2835207,4,2533,21,32992000,-1
55267.9708072,4,2534,1,32995000,-1
55279.0255135,4,2535,3,32992000,1
55301.2303913,4,2536,8,32989000,1
55321.6978619,4,2537,16,32986000,1
55331.7586682,4,2538,6,32990000,1
55345.4787067,4,2539,2,32987000,1
55348.9827758,4,2540,2,32984000,-1
55358.9041918,4,2541,5,32988000,1
55368.1990898,4,2542,4,32985000,1
55371.1515182,4,2543,10,32982000,-1
55382.0290637,4,2544,2,32987000,1
55382.9384438,4,2545,9,32984000,1
55382.9957743,4,2546,7,32981000,1
55383.9537686,4,2547,1,32978000,1
55399.1742827,4,2548,6,32981000,1
55404.2042701,4,2549,1,32978000,1
55409.8136523,4,2550,10,32981000,1
55412.5859407,4,2551,2,32978000,-1
55422.6816055,4,2552,4,32981000,-1
55424.54733,4,2553,1,32984000,-1
55450.9756294,4,2554,13,32980000,1
55454.9695966,4,2555,2,32977000,1
55466.7017647,4,2556,18,32981000,1
55478.2672764,4,2557,7,32978000,1
55483.5980102,4,2558,5,32975000,1
55507.5494446,4,2559,3,32978000,1
55507.960074,4,2560,1,32975000,-1
55554.5919615,4,2561,1,32979000,-1
55567.2729792,4,2562,1,32975000,1
55613.0743917,4,2563,6,32972000,1
55626.60577,4,2564,1,32969000,1
55646.4741469,4,2565,7,32973000,1
55668.6524043,4,2566,1,32970000,-1
55673.9070087,4,2567,4,32964000,1
55682.0976279,4,2568,2,32961000,1
55713.1838471,4,2569,9,32958000,1
55725.7325938,4,2570,10,32954000,1
55725.7658202,4,2571,4,32951000,1
55727.0193228,4,2572,4,32948000,1
55733.9298449,4,2573,1,32951000,-1
55735.2759223,4,2574,8,32947000,1
55738.8861839,4,2575,1,32944000,-1
55744.1705607,4,2576,4,32939000,1
55745.8523152,4,2577,2,32936000,-1
55750.7145718,4,2578,4,32939000,-1
55752.6851879,4,2579,1,32935000,1
55753.0762294,4,2580,1,32938000,-1
55756.601314,4,2581,20,32934000,1
55764.0765501,4,2582,1,32938000,-1
55770.6778493,4,2583,5,32935000,-1
55773.4007909,4,2584,4,32938000,1
55773.4008077,4,2585,1,32935000,1
55779.7361572,4,2586,10,32938000,1
55796.8906235,4,2587,27,32934000,1
55801.3959116,4,2588,11,32937000,1
55826.6762543,4,2589,31,32932000,1
55826.735507,4,2590,5,32929000,1
55828.98812,4,2591,24,32925000,1
55829.0421681,4,2592,9,32922000,1
55829.1711079,4,2593,4,32918000,1
55829.4168127,4,2594,4,32915000,1
55832.9796265,4,2595,16,32912000,1
55850.4104038,4,2596,8,32915000,1
55856.705828,4,2597,1,32912000,1
55859.8134519,4,2598,2,32917000,-1
55862.4139046,4,2599,3,32923000,1
55862.4926874,4,2600,4,32920000,1
55868.8917963,4,2601,7,32923000,1
55872.3123512,4,2602,4,32920000,1
55872.8576496,4,2603,1,32917000,1
55875.9375188,4,2604,8,32922000,-1
55878.9702838,4,2605,2,32925000,1
55883.2965689,4,2606,4,32922000,-1
55888.0976804,4,2607,1,32925000,-1
55891.2876265,4,2608,3,32928000,1
55891.3186069,4,2609,4,32925000,1
55892.5159263,4,2610,4,32922000,-1
55899.6935863,4,2611,2,32927000,-1
55901.7365323,4,2612,2,32932000,-1
55904.7305561,4,2613,2,32929000,1
55935.5431941,4,2614,1,32926000,1
55944.0776165,4,2615,3,32931000,-1
55959.8591235,4,2616,3,32934000,-1
55981.5402079,4,2617,7,32937000,-1
55981.7679275,4,2618,1,32940000,-1
55985.8286611,4,2619,1,32933000,1
55992.2191244,4,2620,15,32929000,1
56001.2293612,4,2621,20,32925000,1
56014.9086537,4,2622,1,32922000,1
56019.1277704,4,2623,2,32925000,-1
56046.7550982,4,2624,6,32932000,-1
56046.7551354,4,2625,3,32935000,-1
56068.933263,4,2626,2,32927000,-1
56078.253855,4,2627,5,32932000,-1
56092.5092391,4,2628,4,32936000,-1
56127.2899717,4,2629,4,32931000,-1
56149.4274513,4,2630,4,32937000,-1
56153.7311688,4,2631,13,32940000,-1
56153.7339446,4,2632,29,32943000,-1
56153.7363486,4,2633,20,32946000,-1
56153.776776,4,2634,5,32949000,1
56158.1070747,4,2635,21,32945000,-1
56161.6077345,4,2636,5,32950000,-1
56164.0537565,4,2637,4,32953000,-1
56166.3123272,4,2638,2,32958000,-1
56187.4389442,4,2639,20,32961000,-1
56192.085306,4,2640,1,32964000,-1
56196.7476604,4,2641,3,32959000,-1
56225.5527919,4,2642,10,32943000,1
56236.0869153,4,2643,7,32947000,-1
56236.7899755,4,2644,1,32951000,-1
56247.7222038,4,2645,2,32948000,1
56247.7247516,4,2646,7,32945000,1
56247.724757,4,2647,1,32942000,1
56249.0317583,4,2648,1,32945000,1
56308.7315226,4,2649,3,32942000,1
56315.6271266,4,2650,1,32939000,1
56319.1158644,4,2651,9,32936000,1
56319.1361872,4,2652,2,32933000,1
56339.2130018,4,2653,2,32930000,1
56344.9269103,4,2654,1,32926000,1
56358.646054,4,2655,1,32933000,-1
56374.4990785,4,2656,6,32928000,-1
56386.8605841,4,2657,5,32932000,-1
56397.1467704,4,2658,7,32935000,-1
56401.5645622,4,2659,3,32940000,-1
56402.4710888,4,2660,6,32943000,-1
56405.739822,4,2661,2,32946000,1
56405.7633468,4,2662,5,32943000,1
56405.7833394,4,2663,11,32940000,1
56409.5870695,4,2664,6,32943000,-1
56420.3014453,4,2665,5,32947000,-1
56426.0478092,4,2666,2,32950000,1
56428.5072933,4,2667,1,32942000,1
56474.0702694,4,2668,4,32945000,1
56496.4633505,4,2669,6,32938000,1
56501.5632547,4,2670,7,32935000,1
56501.5632736,4,2671,1,32932000,1
56514.5157564,4,2672,1,32928000,1
56524.505869,4,2673,2,32935000,-1
56531.9199146,4,2674,1,32931000,-1
56575.0301735,4,2675,6,32927000,1
56584.7465106,4,2676,1,32932000,-1
56586.4387943,4,2677,1,32928000,1
56602.7815874,4,2678,4,32936000,-1
56604.5632093,4,2679,1,32932000,1
56636.4465202,4,2680,8,32937000,-1
56662.1371483,4,2681,2,32940000,-1
56747.5563925,4,2682,6,32937000,-1
56749.1651915,4,2683,5,32940000,-1
56750.2673026,4,2684,2,32943000,1
56751.7616999,4,2685,8,32940000,1
56766.030702,4,2686,4,32937000,1
56786.8339844,4,2687,4,32931000,1
56787.8577798,4,2688,1,32928000,1
56814.4469071,4,2689,19,32931000,-1
56849.3210831,4,2690,1,32934000,-1
56869.799302,4,2691,1,32929000,1
56926.0231964,4,2692,9,32933000,-1
56930.6092176,4,2693,1,32938000,-1
56962.9384873,4,2694,5,32934000,-1
57010.5016007,4,2695,12,32930000,1
57018.6675022,4,2696,12,32927000,1
57028.4753246,4,2697,1,32924000,1
57029.4761802,4,2698,10,32928000,-1
57042.6455237,4,2699,15,32931000,-1
57044.7446534,4,2700,4,32934000,-1
57049.1563694,4,2701,8,32937000,-1
57113.2461344,4,2702,4,32932000,-1
57114.7403164,4,2703,1,32936000,-1
57118.7697163,4,2704,6,32932000,-1
57127.4951625,4,2705,9,32935000,-1
57136.9823532,4,2706,4,32938000,-1
57137.7234002,4,2707,3,32941000,-1
57139.5054802,4,2708,1,32944000,-1
57143.4218874,4,2709,7,32940000,1
57150.6877516,4,2710,7,32937000,-1
57163.0170951,4,2711,1,32932000,1
57179.8506091,4,2712,9,32929000,1
57198.7947439,4,2713,9,32926000,1
57211.1741934,4,2714,22,32923000,1
57219.4555711,4,2715,16,32926000,-1
57219.5585771,4,2716,46,32929000,-1
57224.1631333,4,2717,3,32932000,1
57225.7865114,4,2718,1,32929000,1
57234.4206651,4,2719,7,32932000,-1
57238.4344142,4,2720,4,32935000,-1
57267.5419848,4,2721,24,32932000,-1
57275.9401091,4,2722,8,32935000,-1
57309.5430667,4,2723,6,32938000,-1
57312.7139869,4,2724,3,32942000,1
57321.2311388,4,2725,1,32938000,-1
57340.5902484,4,2726,1,32932000,1
57349.9237931,4,2727,10,32937000,-1
57369.8820334,4,2728,25,32940000,-1
57382.1226165,4,2729,7,32943000,1
57385.9273888,4,2730,2,32940000,-1
57394.555865,4,2731,5,32943000,-1
57407.5552598,4,2732,9,32946000,-1
57407.5570676,4,2733,15,32949000,-1
57408.0821266,4,2734,1,32952000,-1
57434.0799649,4,2735,1,32945000,1
57443.4013371,4,2736,1,32948000,-1
57462.1248656,4,2737,1,32945000,1
57466.0928861,4,2738,4,32941000,1
57492.1156884,4,2739,12,32947000,1
57498.4545916,4,2740,3,32950000,-1
57509.9825256,4,2741,4,32945000,-1
57513.1004242,4,2742,1,32949000,-1
57606.5631659,4,2743,2,32946000,-1
57611.65895,4,2744,5,32949000,-1
57644.5549589,4,2745,5,32938000,1
57670.2903414,4,2746,1,32935000,-1
57690.2858273,4,2747,1,32932000,-1
57747.3853978,4,2748,4,32935000,1
57757.8433862,4,2749,1,32938000,1
57783.0865694,4,2750,4,32934000,-1
57788.3842304,4,2751,1,32937000,-1
57809.6557376,4,2752,2,32941000,1
57836.9213152,4,2753,3,32936000,1
57836.9233354,4,2754,7,32933000,1
57842.5063795,4,2755,3,32930000,1
57842.5609217,4,2756,2,32927000,1
57859.0776607,4,2757,4,32931000,-1
57885.040178,4,2758,2,32934000,-1
57890.6670887,4,2759,1,32937000,-1
57894.9338885,4,2760,1,32933000,1
57899.3571655,4,2761,2,32939000,-1
57921.8058481,4,2762,3,32943000,-1
57937.7360956,4,2763,1,32946000,-1
58046.4150323,4,2764,13,32941000,1
58068.1514739,4,2765,4,32938000,-1
58097.56264,4,2766,3,32931000,-1
58129.4291288,4,2767,3,32935000,-1
58139.7413209,4,2768,1,32939000,-1
58238.0403363,4,2769,10,32936000,-1
58245.7918801,4,2770,3,32939000,-1
58262.3799677,4,2771,1,32946000,-1
58304.7068673,4,2772,7,32949000,-1
58322.6033497,4,2773,4,32952000,-1
58327.6934104,4,2774,50,32955000,-1
58327.7124348,4,2775,2,32958000,1
58339.2333798,4,2776,1,32955000,1
58394.5106249,4,2777,5,32960000,-1
58399.2155473,4,2778,1,32957000,-1
58438.8506943,4,2779,5,32952000,-1
58450.5491033,4,2780,4,32955000,1
58456.5799917,4,2781,1,32952000,1
58466.4973944,4,2782,1,32959000,-1
58477.5481596,4,2783,2,32955000,-1
58513.3351555,4,2784,1,32958000,-1
58556.6466081,4,2785,1,32952000,1
58562.8604634,4,2786,1,32955000,-1
58594.1799915,4,2787,4,32959000,-1
58604.0716245,4,2788,8,32965000,-1
58645.1085344,4,2789,7,32968000,-1
58702.1706683,4,2790,4,32971000,-1
58707.2019707,4,2791,1,32975000,-1
58707.4819262,4,2792,1,32972000,1
58716.2740543,4,2793,1,32975000,-1
58735.7389656,4,2794,1,32972000,-1
58750.0557133,4,2795,7,32969000,1
58761.3195808,4,2796,3,32966000,-1
58761.3621711,4,2797,3,32969000,-1
58849.052124,4,2798,1,32972000,1
58926.144675,4,2799,5,32968000,1
58936.071427,4,2800,2,32965000,1
58954.4913905,4,2801,3,32962000,1
58956.6759263,4,2802,1,32959000,1
58967.5743469,4,2803,12,32962000,1
58967.5792754,4,2804,6,32959000,1
59004.5515032,4,2805,15,32962000,1
59049.4972997,4,2806,1,32959000,1
59051.972059,4,2807,3,32962000,-1
59218.7286544,4,2808,3,32965000,1
59332.6320151,4,2809,9,32962000,1
59342.3037078,4,2810,8,32959000,1
59374.1021562,4,2811,1,32956000,-1
59381.7250643,4,2812,1,32952000,1
59433.5091638,4,2813,1,32957000,-1
59488.7181443,4,2814,3,32954000,-1
59495.5545788,4,2815,3,32951000,-1
59497.6432826,4,2816,3,32948000,1
59504.6543454,4,2817,4,32945000,1
59540.3307745,4,2818,17,32942000,1
59547.1084532,4,2819,7,32939000,1
59591.256358,4,2820,2,32936000,1
59599.134644,4,2821,6,32933000,-1
59605.748608,4,2822,7,32936000,1
59605.7491322,4,2823,1,32933000,1
59614.4336419,4,2824,3,32936000,1
59621.7353528,4,2825,2,32933000,-1
59624.1228607,4,2826,4,32936000,-1
59629.4828084,4,2827,6,32933000,1
59631.3098983,4,2828,7,32930000,1
59636.8016737,4,2829,5,32927000,1
59671.9713152,4,2830,30,32924000,-1
59707.7003469,4,2831,5,32927000,-1
59708.1967237,4,2832,1,32930000,1
59717.3662668,4,2833,3,32933000,-1
59730.1731134,4,2834,3,32936000,-1
59756.8938546,4,2835,7,32930000,-1
59767.4578464,4,2836,1,32934000,-1
59782.829333,4,2837,1,32928000,1
59814.2725538,4,2838,1,32925000,1
59848.8472604,4,2839,1,32921000,-1
59864.3114462,4,2840,15,32916000,1
59864.3148957,4,2841,28,32913000,1
59864.3185824,4,2842,14,32910000,1
59864.3208409,4,2843,12,32907000,1
59864.3274303,4,2844,13,32904000,1
59864.34961,4,2845,26,32901000,-1
59864.3673778,4,2846,1,32910000,-1
59864.3674037,4,2847,1,32914000,-1
59864.3997215,4,2848,2,32907000,1
59864.4085279,4,2849,1,32904000,1
59864.5014967,4,2850,2,32908000,1
59864.9360373,4,2851,3,32904000,1
59865.115316,4,2852,1,32901000,1
59865.2760394,4,2853,1,32904000,-1
59867.9590754,4,2854,11,32901000,1
59867.9722613,4,2855,7,32898000,1
59867.9746353,4,2856,12,32895000,1
59867.9753129,4,2857,1,32892000,1
59867.9929252,4,2858,1,32896000,1
59868.1446592,4,2859,8,32893000,1
59868.835107,4,2860,11,32890000,1
59868.8351197,4,2861,1,32887000,1
59871.9325022,4,2862,5,32890000,-1
59872.8153367,4,2863,8,32887000,1
59874.2071213,4,2864,6,32884000,1
59876.1688235,4,2865,9,32887000,-1
59879.2541324,4,2866,4,32891000,-1
59881.2203267,4,2867,2,32894000,-1
59882.3738625,4,2868,16,32897000,-1
59886.3268406,4,2869,6,32901000,-1
59889.0503976,4,2870,3,32904000,-1
59889.5419287,4,2871,2,32907000,-1
59904.4904794,4,2872,3,32901000,-1
59923.698416,4,2873,10,32905000,-1
59933.3286796,4,2874,15,32909000,-1
59936.9292866,4,2875,7,32912000,1
59938.6168151,4,2876,2,32915000,-1
59938.8291595,4,2877,1,32918000,-1
59939.231666,4,2878,3,32915000,-1
59950.7358804,4,2879,11,32918000,-1
59955.1161172,4,2880,5,32921000,-1
59957.7096162,4,2881,3,32918000,1
59957.7272418,4,2882,1,32915000,1
59966.3183987,4,2883,2,32912000,1
59993.16398,4,2884,2,32917000,1
60003.9619424,4,2885,8,32922000,-1
60022.9139822,4,2886,9,32925000,-1
60094.4867011,4,2887,24,32921000,-1
60114.0903057,4,2888,6,32914000,1
60127.8744486,4,2889,2,32911000,1
60135.7211266,4,2890,7,32908000,1
60135.7211382,4,2891,1,32905000,1
60147.7441421,4,2892,1,32908000,-1
60156.2464302,4,2893,1,32903000,1
60156.3024178,4,2894,1,32906000,-1
60162.8067173,4,2895,4,32901000,1
60170.0989681,4,2896,8,32898000,1
60215.6227506,4,2897,5,32895000,1
60227.5835227,4,2898,6,32899000,1
60235.0310709,4,2899,1,32895000,1
60278.5866512,4,2900,5,32898000,-1
60291.4077104,4,2901,1,32893000,1
60299.3143354,4,2902,4,32896000,-1
60299.3157812,4,2903,1,32899000,-1
60316.8527302,4,2904,7,32888000,1
60317.4176147,4,2905,1,32885000,-1
60319.3709011,4,2906,17,32879000,1
60320.5964933,4,2907,6,32875000,1
60320.6869739,4,2908,14,32872000,1
60320.6879731,4,2909,8,32869000,1
60320.6903347,4,2910,10,32866000,1
60320.7752219,4,2911,1,32870000,-1
60320.7922367,4,2912,7,32865000,1
60320.7931022,4,2913,1,32862000,1
60321.0158224,4,2914,9,32868000,-1
60321.0985538,4,2915,3,32871000,-1
60321.1364423,4,2916,18,32874000,1
60321.3664064,4,2917,1,32871000,1
60327.8231225,4,2918,1,32877000,-1
60328.14603,4,2919,2,32874000,1
60328.4551201,4,2920,3,32871000,-1
60328.4559161,4,2921,1,32874000,-1
60345.9308798,4,2922,12,32870000,-1
60350.4680399,4,2923,6,32874000,1
60360.5263125,4,2924,4,32869000,1
60385.4184528,4,2925,1,32873000,1
60394.3140371,4,2926,8,32879000,-1
60394.4122704,4,2927,8,32882000,-1
60396.3954198,4,2928,8,32886000,-1
60411.9430266,4,2929,1,32889000,-1
60420.6292527,4,2930,1,32885000,1
60422.2885411,4,2931,1,32888000,-1
60456.3627858,4,2932,1,32885000,1
60456.9427537,4,2933,4,32888000,-1
60472.7182811,4,2934,13,32892000,-1
60472.7845978,4,2935,1,32895000,-1
60520.2853964,4,2936,1,32890000,-1
60525.3750916,4,2937,8,32882000,1
60535.8386311,4,2938,1,32879000,-1
60570.1937089,4,2939,1,32882000,-1
60576.3573656,4,2940,6,32878000,1
60596.8935799,4,2941,1,32882000,1
60604.3679142,4,2942,4,32886000,-1
60607.6359927,4,2943,11,32889000,-1
60622.3201166,4,2944,1,32892000,-1
60652.4212726,4,2945,5,32888000,-1
60692.8672132,4,2946,5,32891000,-1
60701.401262,4,2947,4,32894000,-1
60713.7772114,4,2948,1,32887000,-1
60760.2808985,4,2949,9,32892000,-1
60760.3274134,4,2950,1,32895000,-1
60770.0825324,4,2951,8,32890000,-1
60791.3659315,4,2952,1,32885000,-1
60842.8030302,4,2953,6,32888000,-1
60846.2836423,4,2954,1,32892000,-1
60857.1186235,4,2955,6,32896000,-1
60876.9397596,4,2956,5,32899000,-1
60896.0833699,4,2957,16,32902000,-1
60904.8528731,4,2958,10,32905000,-1
60909.7606406,4,2959,5,32908000,1
60963.8002956,4,2960,5,32901000,-1
61040.9982337,4,2961,5,32904000,-1
61051.5089987,4,2962,9,32907000,-1
61068.9298822,4,2963,7,32910000,1
61070.4138746,4,2964,1,32907000,-1
61104.7704886,4,2965,1,32904000,-1
61167.9000013,4,2966,3,32907000,1
61187.8585016,4,2967,7,32911000,-1
61229.0136899,4,2968,7,32914000,-1
61232.6077968,4,2969,5,32908000,1
61232.607809,4,2970,1,32905000,1
61239.8461238,4,2971,2,32909000,-1
61254.9820713,4,2972,1,32914000,-1
61260.2604107,4,2973,1,32911000,-1
61266.281284,4,2974,4,32914000,1
61335.3387006,4,2975,12,32911000,1
61335.3387107,4,2976,1,32908000,1
61361.4731749,4,2977,5,32913000,-1
61383.4274357,4,2978,2,32916000,1
61393.7006765,4,2979,3,32912000,1
61431.254599,4,2980,4,32909000,1
61444.9316129,4,2981,3,32906000,-1
61448.5143279,4,2982,5,32910000,-1
61455.6341797,4,2983,8,32913000,1
61459.4971625,4,2984,5,32910000,-1
61479.3023112,4,2985,11,32913000,1
61506.9337976,4,2986,3,32907000,-1
61536.8395215,4,2987,1,32911000,-1
61666.8662875,4,2988,1,32907000,-1
61784.9214791,4,2989,1,32903000,-1
61814.4428332,4,2990,3,32898000,1
61831.2917194,4,2991,1,32895000,1
61843.2868671,4,2992,4,32901000,1
61844.325294,4,2993,1,32898000,1
61882.6221158,4,2994,4,32905000,-1
61922.0147247,4,2995,5,32911000,-1
61949.7169378,4,2996,10,32914000,-1
61964.7707287,4,2997,3,32911000,-1
61965.232775,4,2998,1,32914000,-1
61977.2378885,4,2999,1,32917000,1
61995.5825692,4,3000,5,32923000,-1
62003.2528642,4,3001,6,32926000,1
62011.2328781,4,3002,13,32932000,-1
62039.9756776,4,3003,9,32935000,-1
62041.5618393,4,3004,1,32929000,1
62060.8443905,4,3005,11,32932000,-1
62096.146356,4,3006,10,32937000,-1
62096.8117285,4,3007,23,32940000,1
62097.2305891,4,3008,1,32937000,1
62099.8313242,4,3009,5,32941000,-1
62100.9152217,4,3010,6,32944000,-1
62104.2102875,4,3011,1,32947000,-1
62105.2469036,4,3012,8,32943000,-1
62109.9151092,4,3013,23,32946000,-1
62109.9731086,4,3014,21,32949000,-1
62110.1293216,4,3015,1,32952000,-1
62116.9896822,4,3016,4,32949000,-1
62128.0862118,4,3017,7,32952000,-1
62128.0871804,4,3018,4,32955000,-1
62134.9313717,4,3019,3,32951000,-1
62145.15895,4,3020,9,32954000,-1
62146.6838017,4,3021,1,32957000,-1
62154.4755967,4,3022,3,32952000,-1
62154.4776937,4,3023,13,32955000,-1
62167.4472819,4,3024,10,32958000,-1
62175.0567515,4,3025,2,32961000,-1
62178.1748029,4,3026,1,32964000,-1
62183.7027863,4,3027,1,32958000,1
62199.4624958,4,3028,1,32955000,-1
62239.8603204,4,3029,1,32958000,1
62264.1110955,4,3030,1,32964000,-1
62271.0194277,4,3031,4,32961000,1
62277.7792023,4,3032,2,32958000,1
62284.3655507,4,3033,7,32955000,1
62296.2093903,4,3034,2,32951000,1
62327.6166432,4,3035,1,32957000,1
62370.5504415,4,3036,2,32962000,-1
62393.3125022,4,3037,2,32965000,-1
62424.6599558,4,3038,4,32968000,1
62466.6107988,4,3039,5,32965000,1
62492.064615,4,3040,4,32972000,-1
62517.7924141,4,3041,3,32967000,1
62563.6282644,4,3042,1,32971000,-1
62624.0674917,4,3043,27,32968000,1
62657.453614,4,3044,1,32963000,1
62675.0296551,4,3045,18,32969000,1
62703.402138,4,3046,5,32966000,1
62708.8204745,4,3047,8,32963000,1
62737.1223485,4,3048,11,32960000,1
62737.1223595,4,3049,1,32957000,1
62752.1447585,4,3050,1,32960000,1
62755.0033327,4,3051,4,32957000,1
62762.9680076,4,3052,1,32961000,1
62771.0363917,4,3053,2,32964000,1
62796.4015566,4,3054,1,32960000,-1
62828.931582,4,3055,1,32963000,-1
62854.9924362,4,3056,3,32960000,1
62855.006976,4,3057,9,32957000,-1
62869.4608884,4,3058,11,32961000,-1
62872.6647731,4,3059,3,32964000,-1
62886.5034311,4,3060,1,32967000,-1
62887.8269387,4,3061,2,32961000,1
62889.2244903,4,3062,6,32957000,1
62890.0122188,4,3063,1,32954000,1
62890.6920914,4,3064,1,32957000,1
62893.0564438,4,3065,5,32953000,1
62895.9283992,4,3066,2,32950000,1
62895.945781,4,3067,1,32947000,1
62897.2763807,4,3068,4,32950000,1
62904.9443751,4,3069,1,32947000,1
62924.7520945,4,3070,1,32956000,-1
62940.0358397,4,3071,1,32953000,-1
62940.7871422,4,3072,5,32950000,1
62940.9236482,4,3073,1,32947000,1
62952.7665811,4,3074,6,32951000,1
62957.3311716,4,3075,2,32948000,-1
62976.9423555,4,3076,15,32951000,-1
62977.1032389,4,3077,1,32948000,1
62980.0433104,4,3078,1,32951000,-1
62995.382908,4,3079,8,32948000,1
62999.4796893,4,3080,1,32945000,1
63000.6060711,4,3081,1,32949000,-1
63019.8136333,4,3082,4,32945000,-1
63019.813644,4,3083,1,32948000,-1
63027.4341989,4,3084,15,32943000,1
63039.0656144,4,3085,11,32940000,1
63045.0627925,4,3086,11,32937000,1
63062.0648718,4,3087,11,32934000,-1
63062.0833055,4,3088,1,32937000,-1
63129.1870166,4,3089,9,32940000,-1
63131.1096262,4,3090,1,32943000,-1
63161.7745255,4,3091,10,32938000,-1
63183.8770621,4,3092,1,32941000,1
63265.646258,4,3093,3,32951000,1
63337.2642343,4,3094,1,32954000,1
63353.3850729,4,3095,2,32957000,1
63380.1875212,4,3096,1,32953000,1
63410.1885604,4,3097,4,32957000,-1
63411.679626,4,3098,4,32960000,-1
63413.2456116,4,3099,1,32963000,-1
63466.6591828,4,3100,1,32956000,1
63489.9551942,4,3101,8,32963000,-1
63550.1717176,4,3102,5,32953000,1
63554.8496558,4,3103,1,32950000,1
63569.0842441,4,3104,1,32955000,-1
63612.0084351,4,3105,1,32959000,-1
63696.9861232,4,3106,14,32956000,-1
63740.1865987,4,3107,3,32962000,-1
63808.2387033,4,3108,16,32959000,1
63856.2830993,4,3109,4,32956000,1
63858.288477,4,3110,3,32953000,-1
63883.6927527,4,3111,3,32956000,1
63905.5412056,4,3112,1,32953000,1
64032.0876575,4,3113,6,32956000,-1
64081.3448098,4,3114,1,32949000,-1
64134.3520844,4,3115,12,32946000,1
64172.2363355,4,3116,9,32941000,1
64172.2577064,4,3117,1,32938000,1
64189.2930349,4,3118,1,32941000,-1
64203.4231901,4,3119,12,32938000,1
64206.5761492,4,3120,5,32935000,1
64221.3479725,4,3121,11,32932000,1
64229.2262324,4,3122,1,32929000,-1
64255.1048878,4,3123,6,32926000,-1
64270.0687628,4,3124,1,32929000,-1
64296.2424954,4,3125,5,32935000,-1
64323.580241,4,3126,4,32938000,-1
64632.9068191,4,3127,31,32941000,1
64639.2771644,4,3128,12,32938000,1
64649.2855044,4,3129,8,32934000,1
64656.8976441,4,3130,3,32931000,-1
64666.5342694,4,3131,13,32934000,-1
64666.7427582,4,3132,1,32937000,-1
64683.624351,4,3133,2,32940000,-1
64725.0523587,4,3134,21,32945000,-1
64795.0319815,4,3135,20,32948000,-1
64807.6653006,4,3136,1,32951000,-1
64836.6844357,4,3137,5,32948000,-1
64836.6861307,4,3138,5,32951000,-1
64836.6862898,4,3139,3,32954000,-1
64836.6867849,4,3140,2,32957000,-1
64862.9162397,4,3141,8,32954000,-1
64895.8320959,4,3142,4,32951000,-1
64903.343732,4,3143,3,32954000,-1
64912.0334428,4,3144,4,32957000,-1
64912.0565565,4,3145,4,32960000,-1
64912.0898488,4,3146,1,32957000,1
64937.6056967,4,3147,5,32964000,1
64954.1153952,4,3148,4,32967000,-1
64960.8849881,4,3149,18,32970000,-1
64960.9071241,4,3150,5,32973000,-1
64980.2501411,4,3151,11,32970000,1
64980.253717,4,3152,1,32967000,1
64982.8187489,4,3153,7,32970000,1
65040.425763,4,3154,7,32963000,1
65090.8693261,4,3155,6,32955000,1
65092.5595131,4,3156,5,32952000,1
65092.5827128,4,3157,1,32949000,1
65152.0216177,4,3158,3,32957000,-1
65161.5076502,4,3159,2,32960000,-1
65223.9206581,4,3160,11,32968000,-1
65225.0892055,4,3161,1,32972000,-1
65242.237814,4,3162,1,32969000,1
65263.5556728,4,3163,47,32972000,-1
65264.3524407,4,3164,8,32975000,-1
65265.152254,4,3165,47,32978000,-1
65266.4995988,4,3166,1,32981000,-1
65284.4196211,4,3167,2,32978000,-1
65292.41679,4,3168,11,32981000,-1
65292.4983239,4,3169,13,32984000,-1
65293.0719226,4,3170,2,32987000,1
65297.4335849,4,3171,1,32981000,1
65308.1596914,4,3172,1,32984000,-1
65314.2688507,4,3173,16,32977000,1
65320.8107228,4,3174,7,32974000,1
65335.438038,4,3175,4,32978000,1
65360.4942632,4,3176,3,32975000,1
65382.7942786,4,3177,1,32981000,1
65385.7962888,4,3178,1,32985000,-1
65404.2745037,4,3179,4,32982000,-1
65404.2756368,4,3180,1,32986000,-1
65496.1476183,4,3181,7,32981000,1
65537.4718119,4,3182,4,32984000,-1
65552.0457389,4,3183,5,32979000,1
65671.1421188,4,3184,8,32975000,1
65724.7971438,4,3185,3,32970000,1
65731.028038,4,3186,2,32967000,1
65743.4363397,4,3187,7,32964000,1
65745.786873,4,3188,1,32961000,1
65779.2654336,4,3189,8,32964000,1
65779.2654467,4,3190,1,32961000,1
65792.9538105,4,3191,1,32970000,-1
65846.5049674,4,3192,23,32973000,-1
65879.588007,4,3193,1,32976000,-1
65885.0632673,4,3194,9,32973000,-1
65915.8523871,4,3195,3,32981000,-1
65939.1087527,4,3196,9,32977000,1
65948.5742556,4,3197,3,32973000,-1
65979.6841927,4,3198,2,32976000,-1
66210.357779,4,3199,2,32980000,-1
66230.1216848,4,3200,1,32985000,1
66239.4141977,4,3201,5,32990000,-1
66241.7584889,4,3202,2,32993000,-1
66271.2786617,4,3203,2,32990000,-1
66289.6998962,4,3204,6,32994000,-1
66292.4957437,4,3205,3,32997000,-1
66301.2262519,4,3206,16,33000000,-1
66301.6507232,4,3207,5,33003000,-1
66312.0984662,4,3208,1,33000000,1
66390.2537017,4,3209,1,33003000,-1
66438.5038165,4,3210,4,32999000,1
66533.8196217,4,3211,26,33005000,-1
66541.3765345,4,3212,62,33008000,1
66548.9282799,4,3213,2,33004000,1
66566.1001206,4,3214,6,33000000,1
66566.1001322,4,3215,1,32997000,1
66586.2307632,4,3216,1,32991000,1
66604.9719276,4,3217,1,32999000,-1
66605.8970697,4,3218,1,32996000,1
66655.0858345,4,3219,2,33002000,1
66666.4198036,4,3220,2,32999000,1
66682.1924798,4,3221,1,32988000,1
66725.8354016,4,3222,1,32991000,1
66752.3351886,4,3223,1,32994000,-1
66812.6823339,4,3224,2,32991000,1
66815.4852741,4,3225,1,32988000,-1
66821.8918387,4,3226,10,32985000,1
66931.9086468,4,3227,6,32988000,-1
66990.7815544,4,3228,2,32991000,-1
67088.1449655,4,3229,1,32996000,-1
67174.4319977,4,3230,3,32993000,1
67205.7783313,4,3231,1,32990000,1
67304.4249485,4,3232,1,32994000,-1
67311.6979604,4,3233,1,32999000,-1
67436.7033105,4,3234,4,32996000,1
67458.9498375,4,3235,5,32990000,1
67482.2392211,4,3236,5,32987000,1
67496.8587691,4,3237,6,32984000,1
67506.8447841,4,3238,2,32987000,1
67512.9408298,4,3239,6,32984000,1
67517.7524269,4,3240,1,32981000,-1
67537.8648677,4,3241,6,32977000,1
67628.5095183,4,3242,13,32974000,-1
67640.5656828,4,3243,2,32977000,1
67646.3285907,4,3244,2,32982000,-1
67658.0775581,4,3245,1,32985000,-1
67752.0551572,4,3246,8,32989000,-1
67790.9199901,4,3247,6,32986000,-1
67799.2773118,4,3248,2,32989000,-1
67923.0361289,4,3249,1,32993000,1
67931.389425,4,3250,6,32998000,-1
67931.4122351,4,3251,1,33002000,-1
67934.629889,4,3252,4,33005000,-1
67934.6299196,4,3253,1,33008000,-1
67953.7226868,4,3254,1,33005000,-1
67960.3045713,4,3255,4,33002000,-1
67963.8497488,4,3256,3,32997000,-1
67990.6627331,4,3257,2,33001000,-1
68007.1806078,4,3258,4,32996000,-1
68029.2908085,4,3259,2,32993000,-1
68105.91186,4,3260,1,32998000,1
68131.1610794,4,3261,3,33001000,-1
68144.5578042,4,3262,1,33004000,-1
68162.6750756,4,3263,3,32998000,-1
68168.0176898,4,3264,2,33002000,-1
68173.239367,4,3265,1,33005000,-1
68194.9785129,4,3266,1,33001000,-1
68208.7701929,4,3267,7,32998000,-1
68221.6643745,4,3268,3,33003000,-1
68221.6960867,4,3269,1,33006000,-1
68244.5133681,4,3270,1,33003000,1
68261.5019952,4,3271,1,33006000,-1
68280.5749989,4,3272,8,33000000,1
68295.8362756,4,3273,7,32997000,1
68313.2046551,4,3274,1,32992000,-1
68324.1225402,4,3275,1,32995000,-1
68327.9132984,4,3276,1,32992000,1
68342.777663,4,3277,3,32996000,-1
68400.9216569,4,3278,1,33000000,-1
68501.700656,4,3279,1,32995000,1
68534.7990937,4,3280,2,33001000,-1
68625.6217989,4,3281,1,33007000,-1
68665.0115376,4,3282,2,33003000,1
68665.0124533,4,3283,5,33000000,1
68665.2770997,4,3284,2,32995000,1
68677.9450277,4,3285,3,32992000,-1
68686.9195061,4,3286,3,32995000,1
68699.5047372,4,3287,6,32991000,1
68713.7692481,4,3288,13,32988000,1
68715.2149642,4,3289,2,32984000,1
68716.9342239,4,3290,1,32979000,1
68717.3013079,4,3291,2,32984000,-1
68718.8962598,4,3292,9,32980000,1
68718.8962745,4,3293,2,32977000,1
68728.784121,4,3294,1,32984000,-1
68740.9151412,4,3295,1,32977000,1
68755.9227957,4,3296,6,32980000,1
68772.6094057,4,3297,9,32977000,1
68772.6105379,4,3298,3,32974000,1
68792.044165,4,3299,1,32971000,1
68826.8087546,4,3300,6,32975000,1
68836.5896206,4,3301,10,32972000,-1
68836.591265,4,3302,1,32975000,-1
68837.0773845,4,3303,1,32971000,1
68853.1022746,4,3304,4,32975000,-1
68868.0964378,4,3305,1,32981000,-1
68908.3495986,4,3306,3,32973000,1
68921.5285075,4,3307,8,32970000,1
69001.5156607,4,3308,12,32966000,1
69002.3449291,4,3309,5,32962000,1
69002.3465312,4,3310,8,32959000,1
69002.3470416,4,3311,2,32956000,1
69008.3815781,4,3312,6,32959000,1
69055.8789669,4,3313,2,32955000,1
69066.072156,4,3314,1,32952000,1
69078.4923898,4,3315,3,32960000,1
69122.3417105,4,3316,8,32963000,-1
69122.3427993,4,3317,8,32966000,-1
69154.5224319,4,3318,9,32969000,-1
69157.7021406,4,3319,5,32966000,1
69198.327849,4,3320,4,32963000,-1
69204.9311975,4,3321,2,32957000,1
69212.6760049,4,3322,2,32953000,1
69217.9614091,4,3323,40,32950000,1
69223.6479855,4,3324,11,32947000,1
69228.4461601,4,3325,4,32944000,-1
69229.5122165,4,3326,1,32941000,1
69242.7798477,4,3327,10,32944000,1
69242.7798559,4,3328,2,32941000,1
69248.8796051,4,3329,1,32944000,-1
69249.1713626,4,3330,2,32940000,1
69256.7451662,4,3331,4,32946000,1
69257.9134734,4,3332,6,32941000,1
69259.2327614,4,3333,2,32938000,-1
69259.2364923,4,3334,6,32941000,-1
69259.2467758,4,3335,1,32944000,-1
69259.3719843,4,3336,1,32941000,1
69263.5231048,4,3337,2,32948000,1
69263.651226,4,3338,35,32945000,-1
69265.2545916,4,3339,9,32936000,1
69287.9623769,4,3340,19,32932000,1
69294.0804982,4,3341,1,32928000,1
69300.84445,4,3342,1,32932000,-1
69302.7820456,4,3343,5,32929000,1
69315.1377933,4,3344,2,32924000,1
69335.7781444,4,3345,1,32928000,-1
69338.5624105,4,3346,1,32923000,1
69350.4249557,4,3347,4,32920000,1
69358.6750176,4,3348,1,32923000,1
69361.9556324,4,3349,1,32927000,1
69364.4871011,4,3350,8,32931000,-1
69365.1760677,4,3351,1,32934000,1
69366.5233901,4,3352,4,32938000,-1
69370.3944306,4,3353,7,32942000,-1
69375.6528541,4,3354,1,32933000,-1
69379.0894708,4,3355,6,32937000,-1
69425.4475906,4,3356,2,32934000,-1
69435.6808141,4,3357,3,32929000,-1
69470.2790552,4,3358,1,32936000,1
69483.4775528,4,3359,8,32940000,-1
69483.50637,4,3360,11,32943000,-1
69484.0480278,4,3361,3,32946000,-1
69520.8207492,4,3362,4,32950000,-1
69530.7553251,4,3363,3,32954000,-1
69536.7959769,4,3364,3,32957000,-1
69562.8466884,4,3365,2,32933000,-1
69568.5628071,4,3366,3,32936000,1
69570.1264072,4,3367,2,32939000,1
69571.1305767,4,3368,8,32943000,-1
69571.1316813,4,3369,8,32946000,-1
69572.9477297,4,3370,9,32949000,-1
69644.2300708,4,3371,3,32946000,1
69698.2579806,4,3372,3,32949000,1
69698.9523393,4,3373,1,32946000,1
69707.8856526,4,3374,4,32949000,-1
69737.0129117,4,3375,2,32953000,-1
69756.133857,4,3376,1,32956000,1
69821.1148987,4,3377,6,32959000,1
69889.3281963,4,3378,4,32947000,1
69923.9530623,4,3379,2,32952000,1
69929.6872106,4,3380,2,32944000,1
69949.3779373,4,3381,3,32939000,1
69958.213668,4,3382,3,32936000,1
69962.5668354,4,3383,2,32933000,1
69966.3755595,4,3384,16,32930000,-1
69966.5219228,4,3385,1,32939000,-1
69969.6607545,4,3386,2,32935000,1
69974.2443644,4,3387,3,32932000,1
69976.9908358,4,3388,2,32929000,1
69981.9557196,4,3389,1,32926000,1
69995.150104,4,3390,1,32931000,-1
70025.684489,4,3391,3,32927000,1
70025.6845153,4,3392,7,32924000,1
70025.6889884,4,3393,4,32921000,1
70065.3823717,4,3394,11,32929000,-1
70065.3826026,4,3395,3,32932000,-1
70088.5183669,4,3396,1,32935000,-1
70182.5068504,4,3397,1,32923000,-1
70194.8218317,4,3398,1,32918000,1
70205.3230781,4,3399,4,32915000,-1
70205.3527548,4,3400,1,32920000,-1
70205.3937739,4,3401,1,32915000,1
70206.0732144,4,3402,1,32918000,-1
70230.0056777,4,3403,3,32923000,-1
70231.5152802,4,3404,1,32928000,-1
70250.3110216,4,3405,2,32920000,-1
70273.5791315,4,3406,1,32926000,1
70287.9589415,4,3407,4,32929000,-1
70292.6064507,4,3408,1,32932000,-1
70307.4975105,4,3409,3,32928000,-1
70318.5632509,4,3410,1,32931000,-1
70323.0987616,4,3411,3,32925000,1
70324.1176162,4,3412,2,32922000,1
70324.8868832,4,3413,1,32926000,-1
70331.9511258,4,3414,2,32923000,1
70335.5206378,4,3415,1,32920000,1
70344.3073346,4,3416,3,32926000,-1
70346.1571196,4,3417,2,32929000,-1
70355.5259466,4,3418,1,32932000,-1
70380.2295385,4,3419,1,32925000,1
70382.8144915,4,3420,1,32921000,1
70409.7234354,4,3421,2,32926000,-1
70415.3747845,4,3422,1,32929000,1
70421.6315712,4,3423,1,32936000,-1
70452.9069007,4,3424,14,32933000,-1
70452.9069106,4,3425,6,32936000,-1
70501.1719875,4,3426,5,32931000,1
70527.786046,4,3427,7,32928000,1
70527.7860509,4,3428,1,32925000,1
70587.7515946,4,3429,2,32932000,-1
70596.7637816,4,3430,1,32935000,-1
70620.3264254,4,3431,4,32938000,-1
70624.0749192,4,3432,5,32941000,-1
70641.7878007,4,3433,6,32944000,-1
70650.1259365,4,3434,1,32950000,-1
70680.6479281,4,3435,21,32938000,1
70773.2543572,4,3436,8,32945000,1
70824.0265614,4,3437,1,32942000,1
70858.9106975,4,3438,2,32946000,-1
70875.4758506,4,3439,1,32952000,-1
70910.9390207,4,3440,3,32942000,1
70917.0039127,4,3441,8,32938000,1
70963.5208139,4,3442,3,32934000,1
70982.9582165,4,3443,11,32931000,1
71001.7266934,4,3444,1,32928000,1
71025.0292116,4,3445,1,32937000,-1
71057.8813078,4,3446,11,32933000,-1
71079.2529008,4,3447,2,32929000,-1
71116.9417071,4,3448,1,32926000,-1
71121.5503136,4,3449,1,32920000,1
71182.2427854,4,3450,1,32924000,1
71185.1602378,4,3451,1,32927000,-1
71211.3517986,4,3452,1,32924000,1
71240.0549603,4,3453,1,32931000,-1
71267.1051704,4,3454,12,32934000,-1
71320.8470049,4,3455,9,32929000,-1
71320.848946,4,3456,8,32932000,-1
71320.8489572,4,3457,2,32935000,-1
71323.2892508,4,3458,3,32931000,1
71346.4390037,4,3459,1,32935000,1
71351.8006551,4,3460,1,32943000,-1
71354.2610807,4,3461,1,32940000,1
71380.2986926,4,3462,1,32943000,-1
71469.779789,4,3463,9,32934000,-1
71514.2191323,4,3464,6,32941000,-1
71588.3262122,4,3465,15,32945000,1
71588.3262365,4,3466,10,32942000,1
71588.3267868,4,3467,1,32939000,1
71591.7930463,4,3468,7,32946000,-1
71591.7943506,4,3469,15,32949000,-1
71639.0574418,4,3470,2,32952000,-1
71700.6997692,4,3471,6,32946000,1
71703.338573,4,3472,2,32951000,-1
71738.4496343,4,3473,7,32954000,1
71738.4496395,4,3474,1,32951000,1
71765.1982755,4,3475,5,32954000,1
71777.2280454,4,3476,1,32950000,1
71786.0158202,4,3477,5,32954000,1
71786.0158418,4,3478,7,32951000,1
71793.4082231,4,3479,8,32948000,1
71817.7838948,4,3480,6,32956000,1
71820.7405955,4,3481,1,32950000,1
71821.645123,4,3482,1,32953000,-1
71885.0734489,4,3483,3,32949000,1
71941.6815197,4,3484,11,32946000,1
71988.6485563,4,3485,8,32950000,-1
72000.0374323,4,3486,17,32947000,1
72000.0478669,4,3487,1,32944000,1
72005.6074911,4,3488,4,32949000,1
72013.7603457,4,3489,1,32945000,1
72033.5020066,4,3490,1,32940000,1
72038.2986979,4,3491,1,32936000,1
72051.5222968,4,3492,1,32939000,-1
72069.4426112,4,3493,1,32933000,-1
72093.7460017,4,3494,2,32936000,-1
72117.5488507,4,3495,2,32940000,-1
72135.4162521,4,3496,6,32937000,-1
72135.7318344,4,3497,5,32940000,-1
72140.822796,4,3498,6,32943000,1
72148.5926337,4,3499,1,32937000,-1
72256.1633637,4,3500,1,32930000,-1
72292.409449,4,3501,1,32937000,-1
72296.74868,4,3502,1,32940000,1
72504.6115906,4,3503,7,32944000,1
72561.9261917,4,3504,3,32941000,-1
72603.1682183,4,3505,2,32936000,1
72619.6004682,4,3506,1,32933000,1
72644.9319605,4,3507,1,32927000,-1
72659.8757491,4,3508,3,32922000,1
72666.6367223,4,3509,5,32918000,1
72667.6001101,4,3510,2,32915000,1
72742.070845,4,3511,5,32919000,1
72750.7001475,4,3512,6,32916000,1
72750.7001668,4,3513,1,32913000,1
72809.7789428,4,3514,2,32908000,-1
72867.2520311,4,3515,2,32913000,-1
72894.1221451,4,3516,2,32916000,-1
72903.7577512,4,3517,2,32920000,1
72908.5964792,4,3518,5,32924000,-1
72908.5976108,4,3519,11,32927000,-1
72908.598666,4,3520,13,32930000,-1
72908.6001063,4,3521,17,32933000,-1
72908.6112574,4,3522,1,32926000,-1
72936.3349287,4,3523,1,32923000,1
73035.5534928,4,3524,3,32929000,1
73112.4190801,4,3525,4,32933000,1
73219.9240952,4,3526,4,32930000,1
73284.9792803,4,3527,10,32927000,1
73382.0681498,4,3528,3,32930000,-1
73408.6367593,4,3529,2,32936000,-1
73442.2104733,4,3530,1,32939000,-1
73478.3441078,4,3531,1,32936000,1
73795.0107255,4,3532,1,32945000,-1
73866.3699464,4,3533,4,32948000,1
73966.4106938,4,3534,2,32938000,1
73973.9447934,4,3535,1,32935000,1
74032.803832,4,3536,2,32938000,-1
74052.1081045,4,3537,8,32944000,-1
74107.3719963,4,3538,26,32947000,1
74167.5820929,4,3539,1,32941000,1
74303.3036405,4,3540,2,32937000,1
74391.4277581,4,3541,3,32933000,1
74477.0565272,4,3542,1,32930000,-1
74543.5067894,4,3543,1,32922000,-1
74566.4175611,4,3544,4,32916000,1
74721.4415278,4,3545,4,32919000,-1
74836.6839222,4,3546,3,32913000,1
74837.9603277,4,3547,3,32910000,1
74950.3189337,4,3548,7,32905000,1
74966.0610372,4,3549,18,32900000,1
74969.1054877,4,3550,2,32897000,1
74983.4352224,4,3551,8,32894000,1
74997.771127,4,3552,3,32887000,1
75002.1825236,4,3553,5,32884000,-1
75005.2276017,4,3554,2,32891000,1
75037.8994918,4,3555,2,32888000,1
75040.5319521,4,3556,10,32882000,1
75043.6419795,4,3557,1,32878000,1
75051.3391366,4,3558,1,32872000,1
75051.9442026,4,3559,2,32866000,1
75051.9450861,4,3560,3,32863000,1
75051.9455199,4,3561,4,32860000,1
75052.5300863,4,3562,4,32866000,1
75052.5316782,4,3563,1,32862000,1
75052.7637495,4,3564,1,32859000,1
75053.2422686,4,3565,5,32862000,-1
75056.2414399,4,3566,2,32867000,1
75060.0727679,4,3567,1,32861000,1
75060.0751453,4,3568,3,32857000,1
75060.1636663,4,3569,6,32851000,1
75060.1636757,4,3570,1,32848000,1
75066.8441621,4,3571,3,32851000,-1
75082.0925997,4,3572,6,32845000,1
75085.44427,4,3573,5,32842000,1
75085.4674119,4,3574,1,32837000,1
75085.4693608,4,3575,7,32832000,1
75085.4701443,4,3576,5,32827000,1
75085.4720365,4,3577,8,32824000,1
75085.528991,4,3578,1,32829000,1
75085.5328433,4,3579,1,32823000,1
75085.5334088,4,3580,2,32817000,1
75085.5342142,4,3581,3,32812000,1
75085.5358309,4,3582,3,32807000,1
75085.5368457,4,3583,6,32801000,1
75085.5376433,4,3584,7,32797000,1
75085.5376534,4,3585,4,32794000,1
75085.5376689,4,3586,3,32791000,1
75085.6037281,4,3587,19,32788000,1
75085.6297963,4,3588,1,32803000,1
75085.6303875,4,3589,2,32788000,1
75085.6957915,4,3590,3,32785000,1
75085.6965738,4,3591,7,32780000,1
75085.6965885,4,3592,10,32773000,1
75085.699576,4,3593,11,32760000,1
75085.6995824,4,3594,1,32757000,1
75085.7954969,4,3595,15,32780000,1
75085.7955128,4,3596,3,32758000,1
75085.8076616,4,3597,1,32769000,1
75086.0449301,4,3598,31,32780000,1
75086.0570744,4,3599,3,32776000,-1
75086.0693151,4,3600,4,32779000,1
75086.0710397,4,3601,2,32750000,1
75086.0710497,4,3602,1,32746000,1
75086.0856966,4,3603,1,32770000,-1
75086.090724,4,3604,1,32773000,-1
75086.097558,4,3605,4,32779000,1
75086.1111845,4,3606,4,32773000,-1
75086.129029,4,3607,2,32770000,-1
75086.129046,4,3608,3,32776000,-1
75086.1290511,4,3609,2,32779000,-1
75086.1383044,4,3610,1,32768000,-1
75086.1383105,4,3611,1,32780000,-1
75086.1630251,4,3612,2,32768000,-1
75086.44861,4,3613,1,32797000,-1
75086.4702944,4,3614,2,32777000,1
75086.5296454,4,3615,3,32774000,1
75086.7485982,4,3616,5,32778000,1
75086.8174667,4,3617,4,32773000,1
75086.8789586,4,3618,2,32770000,1
75087.0662221,4,3619,4,32767000,1
75087.0786634,4,3620,1,32764000,1
75087.1078875,4,3621,1,32774000,1
75087.1557674,4,3622,1,32759000,1
75087.1590862,4,3623,1,32754000,1
75087.2517455,4,3624,2,32767000,1
75087.3065448,4,3625,1,32753000,1
75088.5674732,4,3626,1,32746000,-1
75089.5466272,4,3627,1,32756000,-1
75090.5734097,4,3628,1,32776000,-1
75091.5818834,4,3629,1,32768000,1
75094.5022925,4,3630,1,32750000,1
75095.4690122,4,3631,1,32758000,-1
75095.7873817,4,3632,1,32753000,1
75100.0042729,4,3633,1,32743000,1
75100.5295632,4,3634,1,32753000,-1
75101.4473919,4,3635,1,32756000,-1
75101.4625082,4,3636,2,32759000,-1
75101.4853243,4,3637,4,32761000,-1
75102.1841252,4,3638,1,32766000,-1
75107.0477293,4,3639,5,32784000,-1
75112.5699737,4,3640,1,32767000,-1
75113.0237555,4,3641,1,32753000,1
75113.3829385,4,3642,1,32749000,1
75113.4151546,4,3643,1,32743000,1
75117.8455736,4,3644,1,32759000,-1
75120.2382597,4,3645,1,32750000,1
75123.9177172,4,3646,2,32763000,-1
75124.922368,4,3647,1,32768000,-1
75127.4699719,4,3648,3,32775000,1
75130.3086526,4,3649,2,32781000,-1
75130.3491392,4,3650,2,32790000,1
75131.1104025,4,3651,1,32785000,1
75131.3422746,4,3652,1,32789000,-1
75132.3758198,4,3653,1,32801000,1
75132.8105075,4,3654,1,32804000,-1
75135.3163465,4,3655,1,32798000,1
75135.3163592,4,3656,2,32795000,1
75137.6604298,4,3657,1,32791000,1
75160.6486128,4,3658,6,32800000,-1
75161.2818813,4,3659,2,32804000,-1
75180.9262237,4,3660,2,32819000,-1
75181.0395339,4,3661,1,32814000,-1
75181.7783031,4,3662,1,32821000,-1
75210.300972,4,3663,1,32815000,1
75227.221071,4,3664,1,32824000,1
75236.2476074,4,3665,1,32834000,1
75241.9598157,4,3666,1,32840000,-1
75264.7374245,4,3667,9,32845000,1
75264.7389596,4,3668,9,32842000,1
75283.0578346,4,3669,1,32852000,1
75305.1191468,4,3670,10,32840000,1
75308.7379948,4,3671,2,32836000,-1
75308.7408861,4,3672,3,32833000,1
75311.3753174,4,3673,1,32828000,-1
75314.344916,4,3674,8,32824000,1
75316.1147777,4,3675,5,32819000,-1
75331.0229153,4,3676,2,32838000,-1
75331.2196015,4,3677,1,32833000,-1
75367.1976545,4,3678,6,32838000,1
75369.7319924,4,3679,1,32835000,1
75372.5868334,4,3680,7,32832000,1
75372.5869066,4,3681,4,32828000,1
75373.1463727,4,3682,1,32838000,-1
75394.2856127,4,3683,1,32842000,-1
75464.9847393,4,3684,2,32847000,1
75479.0967251,4,3685,1,32840000,1
75480.8235477,4,3686,4,32850000,-1
75490.6757354,4,3687,1,32854000,-1
75497.112899,4,3688,1,32850000,1
75505.8648885,4,3689,1,32855000,1
75515.8322199,4,3690,2,32851000,1
75518.8771809,4,3691,1,32858000,1
75523.6329731,4,3692,1,32854000,1
75540.219396,4,3693,2,32866000,-1
75549.2655469,4,3694,4,32850000,1
75555.6405813,4,3695,1,32847000,1
75570.0511554,4,3696,1,32850000,1
