32400.1645388,4,0,1,33764000,1
32415.2594777,4,1,4,33760000,1
32415.6888502,4,2,1,33756000,1
32419.8604024,4,3,3,33753000,-1
32423.7388646,4,4,6,33756000,-1
32445.5680378,4,5,4,33759000,-1
32446.685431,4,6,3,33762000,-1
32446.8799177,4,7,2,33765000,-1
32448.8023311,4,8,5,33768000,-1
32454.8692478,4,9,3,33771000,-1
32459.9691699,4,10,1,33774000,-1
32469.2511845,4,11,1,33771000,-1
32478.1866022,4,12,2,33768000,1
32500.7889274,4,13,7,33764000,-1
32503.6763144,4,14,9,33767000,-1
32566.1687434,4,15,14,33770000,-1
32572.6626635,4,16,3,33773000,-1
32591.3369824,4,17,2,33770000,1
32605.3672165,4,18,1,33767000,1
32610.9856115,4,19,2,33771000,1
32640.5314727,4,20,3,33768000,1
32647.895584,4,21,10,33764000,1
32649.4166627,4,22,5,33761000,1
32652.4976678,4,23,3,33758000,-1
32655.1434215,4,24,1,33761000,-1
32674.3722375,4,25,6,33758000,-1
32674.3741685,4,26,6,33761000,-1
32682.3126325,4,27,3,33765000,1
32685.7272986,4,28,2,33762000,-1
32689.7395794,4,29,2,33766000,1
32698.7096741,4,30,4,33763000,-1
32703.1009657,4,31,8,33766000,-1
32705.6029414,4,32,33,33761000,1
32714.1268803,4,33,5,33758000,1
32718.0168695,4,34,2,33754000,-1
32718.0169343,4,35,12,33757000,-1
32718.3971015,4,36,4,33760000,-1
32719.9193943,4,37,1,33755000,1
32746.3195613,4,38,1,33752000,1
32757.0847822,4,39,1,33756000,1
32760.3669273,4,40,1,33759000,-1
32761.0039052,4,41,1,33755000,1
32765.9470328,4,42,2,33758000,-1
32767.3602292,4,43,2,33761000,1
32772.4166219,4,44,1,33758000,1
32777.8266889,4,45,14,33751000,-1
32791.0228874,4,46,1,33754000,1
32796.2065214,4,47,3,33760000,-1
32796.25943,4,48,6,33763000,-1
32798.4726186,4,49,7,33766000,-1
32803.8206898,4,50,10,33769000,-1
32806.6091146,4,51,3,33772000,1
32806.6203098,4,52,2,33769000,1
32806.7261623,4,53,2,33766000,1
32811.7710133,4,54,16,33763000,1
32812.0566226,4,55,1,33760000,1
32815.1439896,4,56,1,33769000,-1
32815.7402207,4,57,10,33766000,1
32815.7402421,4,58,2,33763000,1
32820.2836477,4,59,1,33766000,1
32838.1171419,4,60,1,33770000,-1
32839.1282356,4,61,1,33765000,-1
32855.4962378,4,62,2,33769000,-1
32859.7950245,4,63,1,33772000,1
32881.6276398,4,64,4,33779000,-1
32884.6107587,4,65,16,33783000,-1
32892.4097682,4,66,19,33786000,-1
32912.6965298,4,67,9,33783000,1
32924.8574828,4,68,1,33779000,1
32927.6974188,4,69,1,33782000,1
32927.9707085,4,70,3,33785000,-1
32956.500018,4,71,20,33791000,-1
32987.0756234,4,72,10,33785000,1
32990.5502785,4,73,1,33782000,1
32994.9527211,4,74,3,33786000,-1
33004.3827836,4,75,7,33782000,-1
33005.819529,4,76,1,33786000,1
33020.0673947,4,77,2,33790000,-1
33027.8077086,4,78,1,33793000,1
33034.7657515,4,79,9,33796000,-1
33035.4616455,4,80,13,33799000,-1
33041.5393521,4,81,3,33802000,-1
33070.3887291,4,82,3,33799000,1
33077.9790662,4,83,2,33804000,1
33078.1788218,4,84,1,33801000,1
33091.3707858,4,85,1,33804000,1
33095.9634599,4,86,9,33808000,-1
33096.7577402,4,87,7,33811000,-1
33096.7577755,4,88,1,33814000,-1
33097.101614,4,89,3,33810000,-1
33104.8340851,4,90,19,33813000,1
33107.4259593,4,91,6,33810000,1
33117.9298501,4,92,3,33807000,-1
33117.9298851,4,93,1,33810000,-1
33128.2943303,4,94,10,33806000,1
33142.2195511,4,95,21,33812000,1
33152.3052585,4,96,15,33815000,1
33161.8031819,4,97,6,33812000,1
33173.1392788,4,98,1,33817000,1
33176.2678369,4,99,1,33820000,-1
33177.0497215,4,100,9,33817000,1
33177.0497535,4,101,1,33814000,1
33180.8093349,4,102,5,33818000,-1
33182.9445349,4,103,6,33822000,-1
33187.8914204,4,104,13,33826000,-1
33191.0005282,4,105,28,33829000,1
33191.1082355,4,106,2,33826000,1
33192.2530744,4,107,12,33823000,1
33196.8300083,4,108,6,33820000,1
33200.2318995,4,109,8,33817000,1
33201.8248917,4,110,1,33814000,1
33201.8370532,4,111,1,33820000,-1
33223.4516157,4,112,1,33817000,1
33224.2423162,4,113,15,33821000,-1
33246.1587052,4,114,17,33824000,1
33261.7210148,4,115,1,33827000,1
33262.760757,4,116,3,33831000,1
33269.5424939,4,117,2,33828000,1
33269.9476938,4,118,6,33825000,1
33270.1565455,4,119,14,33822000,1
33271.2631799,4,120,1,33819000,1
33274.1093572,4,121,1,33823000,-1
33287.237515,4,122,17,33820000,1
33296.6004037,4,123,5,33817000,1
33300.1388857,4,124,1,33814000,1
33303.5152285,4,125,1,33818000,1
33320.0701178,4,126,3,33822000,-1
33327.9306357,4,127,5,33825000,1
33328.527865,4,128,3,33821000,-1
33333.7905049,4,129,3,33826000,-1
33341.514417,4,130,7,33829000,-1
33348.3419051,4,131,4,33832000,-1
33353.2749945,4,132,11,33828000,-1
33353.4668861,4,133,31,33831000,-1
33353.5276044,4,134,44,33834000,-1
33357.5715464,4,135,6,33830000,-1
33369.6470253,4,136,14,33833000,1
33375.3873407,4,137,4,33830000,1
33382.5334536,4,138,4,33827000,-1
33393.2581606,4,139,11,33830000,1
33393.303921,4,140,7,33827000,-1
33395.9390211,4,141,1,33830000,-1
33405.1097477,4,142,5,33827000,1
33410.3336501,4,143,2,33824000,1
33418.2150664,4,144,12,33821000,1
33431.7032839,4,145,3,33824000,1
33437.9052658,4,146,4,33821000,1
33446.5716898,4,147,15,33818000,1
33467.0019062,4,148,10,33814000,1
33487.5583061,4,149,19,33811000,1
33492.1488706,4,150,6,33808000,1
33498.8104359,4,151,7,33805000,-1
33499.0650974,4,152,13,33808000,1
33500.6767757,4,153,1,33803000,1
33531.8043824,4,154,1,33808000,1
33541.7378694,4,155,9,33811000,-1
33544.7495546,4,156,5,33814000,1
33557.1837205,4,157,1,33811000,-1
33608.8091063,4,158,1,33807000,1
33626.5670111,4,159,3,33810000,-1
33626.5826038,4,160,25,33813000,1
33626.5962178,4,161,1,33816000,1
33633.0156488,4,162,2,33813000,1
33652.7088035,4,163,1,33810000,1
33658.5483834,4,164,1,33815000,-1
33659.1784397,4,165,1,33812000,1
33667.9456158,4,166,3,33808000,-1
33674.627603,4,167,3,33811000,-1
33674.6338835,4,168,1,33814000,-1
33700.7581443,4,169,12,33811000,1
33700.8603998,4,170,7,33808000,1
33705.2464183,4,171,10,33812000,1
33705.2502322,4,172,11,33809000,1
33707.4012329,4,173,5,33806000,1
33712.662127,4,174,15,33809000,1
33712.6631575,4,175,11,33806000,1
33728.449068,4,176,10,33810000,1
33728.4752405,4,177,7,33807000,-1
33742.9061047,4,178,1,33812000,-1
33748.4657362,4,179,1,33807000,1
33798.8199224,4,180,9,33815000,1
33798.8354423,4,181,18,33812000,-1
33798.8452116,4,182,1,33809000,-1
33806.7420684,4,183,1,33812000,-1
33807.1534646,4,184,2,33815000,-1
33841.4685583,4,185,5,33811000,-1
33870.3324244,4,186,1,33814000,1
33888.0724613,4,187,7,33810000,1
33889.3917193,4,188,3,33805000,1
33898.3875744,4,189,1,33802000,1
33908.0412579,4,190,2,33805000,-1
33914.1652308,4,191,12,33802000,1
33927.630023,4,192,4,33805000,1
33935.8310181,4,193,2,33800000,-1
33949.0734558,4,194,7,33803000,-1
33952.3334545,4,195,2,33808000,1
33963.9841843,4,196,14,33805000,-1
33969.5277573,4,197,4,33808000,-1
33971.3205509,4,198,6,33811000,1
33976.7135002,4,199,7,33807000,-1
33976.7566393,4,200,1,33810000,-1
33983.2626984,4,201,2,33806000,1
34001.518508,4,202,1,33810000,1
34001.5185247,4,203,1,33813000,-1
34049.0208083,4,204,5,33810000,-1
34064.5834554,4,205,4,33804000,1
34068.746277,4,206,9,33801000,1
34092.165685,4,207,23,33798000,1
34098.5669121,4,208,1,33805000,-1
34104.676769,4,209,6,33802000,-1
34122.300825,4,210,6,33806000,1
34126.4277999,4,211,2,33803000,-1
34132.7024307,4,212,18,33806000,-1
34132.7024417,4,213,1,33809000,-1
34143.8798216,4,214,7,33805000,-1
34143.9066375,4,215,11,33808000,-1
34153.5691342,4,216,7,33804000,-1
34158.9188855,4,217,19,33807000,-1
34167.0864224,4,218,25,33810000,-1
34170.744316,4,219,2,33813000,1
34175.3435387,4,220,2,33810000,1
34175.4566232,4,221,20,33813000,-1
34179.0486162,4,222,9,33816000,1
34184.9472624,4,223,23,33811000,-1
34184.947274,4,224,1,33814000,-1
34191.5431249,4,225,11,33810000,1
34195.0495891,4,226,5,33807000,-1
34195.052601,4,227,14,33810000,-1
34195.0526223,4,228,1,33813000,-1
34198.0628253,4,229,1,33810000,-1
34204.1536517,4,230,1,33805000,1
34211.7546694,4,231,9,33801000,1
34211.990967,4,232,12,33798000,-1
34230.5745705,4,233,1,33801000,1
34233.3527371,4,234,7,33804000,-1
34233.3537162,4,235,14,33807000,-1
34233.3968466,4,236,1,33811000,-1
34237.2200376,4,237,5,33803000,1
34241.7776136,4,238,10,33800000,1
34245.6663496,4,239,18,33797000,1
34250.9056639,4,240,9,33794000,1
34253.934838,4,241,4,33798000,-1
34253.9353522,4,242,10,33801000,-1
34253.9353724,4,243,1,33804000,-1
34262.5416456,4,244,7,33797000,-1
34265.5835071,4,245,1,33794000,1
34266.8370095,4,246,5,33798000,-1
34266.8547093,4,247,10,33802000,-1
34267.3304487,4,248,11,33805000,-1
34267.3779707,4,249,3,33808000,1
34269.0009711,4,250,15,33805000,-1
34271.5662313,4,251,2,33808000,1
34275.1565755,4,252,7,33805000,-1
34281.042905,4,253,25,33802000,-1
34281.0429347,4,254,1,33805000,-1
34285.742364,4,255,5,33802000,1
34290.0059839,4,256,3,33798000,1
34294.6514732,4,257,16,33795000,1
34294.7276543,4,258,2,33792000,1
34299.5297989,4,259,10,33797000,-1
34300.92924,4,260,28,33800000,-1
34301.7640984,4,261,3,33804000,-1
34303.0381697,4,262,5,33807000,-1
34303.0736743,4,263,1,33810000,-1
34304.4036941,4,264,3,33813000,-1
34304.4431593,4,265,2,33816000,1
34306.9257687,4,266,2,33813000,-1
34306.9993669,4,267,6,33816000,-1
34307.1574531,4,268,1,33819000,-1
34311.1753717,4,269,2,33816000,-1
34311.2054698,4,270,18,33819000,1
34315.4970886,4,271,21,33816000,-1
34315.5340968,4,272,5,33819000,-1
34322.3658126,4,273,3,33822000,-1
34333.3520878,4,274,13,33819000,-1
34360.2229592,4,275,33,33822000,1
34364.3119629,4,276,9,33818000,1
34377.6786486,4,277,4,33815000,1
34455.259695,4,278,1,33812000,-1
34490.2297164,4,279,9,33808000,1
34496.2223978,4,280,3,33805000,1
34503.2380535,4,281,14,33808000,-1
34503.4865613,4,282,2,33811000,-1
34504.1909852,4,283,18,33815000,1
34505.443693,4,284,4,33812000,1
34508.0837098,4,285,1,33809000,1
34510.5708748,4,286,3,33806000,1
34510.5876724,4,287,3,33803000,-1
34513.9965124,4,288,7,33806000,1
34513.9984384,4,289,17,33803000,1
34514.097162,4,290,27,33800000,-1
34514.1116999,4,291,1,33803000,-1
34531.3192707,4,292,8,33799000,1
34534.2563276,4,293,4,33796000,-1
34545.805126,4,294,11,33799000,1
34562.6358873,4,295,33,33796000,-1
34567.0873699,4,296,93,33792000,1
34568.071648,4,297,17,33789000,-1
34572.9880322,4,298,59,33792000,-1
34588.6627444,4,299,6,33788000,1
34592.2943645,4,300,12,33785000,1
34597.159091,4,301,15,33782000,-1
34615.3757891,4,302,1,33785000,-1
34622.2714329,4,303,16,33781000,1
34629.2259727,4,304,10,33778000,-1
34646.7917361,4,305,17,33782000,-1
34646.7946922,4,306,16,33785000,-1
34646.7985177,4,307,20,33788000,-1
34646.8384988,4,308,20,33791000,-1
34646.8915601,4,309,1,33794000,1
34646.8941284,4,310,1,33797000,-1
34647.040181,4,311,5,33794000,1
34648.0876187,4,312,3,33797000,1
34654.1465647,4,313,3,33802000,1
34680.5074162,4,314,8,33798000,-1
34680.6026917,4,315,28,33801000,1
34689.7188706,4,316,5,33798000,1
34695.7934418,4,317,2,33803000,-1
34697.9689955,4,318,3,33806000,1
34703.9591191,4,319,8,33803000,1
34705.1213309,4,320,4,33800000,1
34726.7926409,4,321,7,33797000,1
34730.4912419,4,322,4,33794000,-1
34740.4954016,4,323,3,33797000,1
34743.9822221,4,324,7,33793000,-1
34743.9999323,4,325,8,33796000,-1
34744.1041295,4,326,2,33799000,1
34744.9158395,4,327,65,33796000,1
34760.8735406,4,328,2,33801000,1
34765.619019,4,329,2,33798000,1
34770.0899586,4,330,8,33795000,-1
34790.0930037,4,331,3,33798000,1
34790.3499044,4,332,1,33795000,1
34803.3784478,4,333,5,33799000,-1
34810.370607,4,334,1,33803000,-1
34827.6773719,4,335,2,33800000,-1
34841.8188428,4,336,2,33803000,-1
34841.8399454,4,337,8,33806000,-1
34861.2064486,4,338,2,33809000,-1
34933.6330309,4,339,16,33806000,-1
34935.0519998,4,340,4,33809000,-1
34956.7927751,4,341,3,33812000,-1
34975.233566,4,342,1,33815000,-1
34983.3473529,4,343,1,33812000,-1
35003.4343376,4,344,4,33809000,-1
35006.3988578,4,345,5,33812000,-1
35008.0756932,4,346,3,33815000,-1
35012.624669,4,347,1,33818000,-1
35013.1823374,4,348,1,33812000,1
35013.3364701,4,349,2,33809000,1
35014.1435292,4,350,3,33806000,1
35015.2761421,4,351,7,33803000,1
35016.321846,4,352,5,33800000,1
35021.012001,4,353,12,33797000,-1
35021.4017526,4,354,11,33801000,-1
35026.9104685,4,355,7,33805000,-1
35027.0936417,4,356,6,33808000,-1
35033.5547089,4,357,22,33811000,-1
35040.6832349,4,358,27,33814000,-1
35042.1076346,4,359,3,33817000,1
35043.4465211,4,360,1,33814000,1
35043.5524783,4,361,3,33811000,1
35044.1950362,4,362,4,33807000,-1
35048.3572313,4,363,9,33810000,-1
35048.7777909,4,364,6,33813000,-1
35050.8162885,4,365,8,33808000,-1
35053.0374817,4,366,20,33811000,-1
35053.0385288,4,367,1,33814000,-1
35059.2216453,4,368,8,33809000,1
35065.7436882,4,369,1,33806000,1
35070.8665185,4,370,12,33813000,-1
35070.866544,4,371,1,33816000,-1
35082.0385517,4,372,6,33810000,1
35090.9394716,4,373,8,33805000,1
35095.7844265,4,374,3,33802000,-1
35095.7844786,4,375,10,33805000,-1
35106.6617932,4,376,9,33808000,-1
35111.5139164,4,377,10,33813000,-1
35111.5155406,4,378,1,33816000,-1
35117.0914822,4,379,4,33811000,1
35119.091403,4,380,1,33808000,1
35148.7991853,4,381,9,33812000,-1
35151.3384243,4,382,6,33815000,1
35151.3695518,4,383,1,33812000,-1
35172.7362635,4,384,4,33808000,1
35174.3609268,4,385,7,33805000,-1
35174.3695765,4,386,1,33808000,1
35177.0846229,4,387,9,33812000,-1
35184.3385599,4,388,3,33816000,-1
35185.7572155,4,389,9,33819000,-1
35186.1460211,4,390,1,33822000,1
35187.3013696,4,391,1,33825000,-1
35189.2420515,4,392,3,33822000,1
35189.3112341,4,393,18,33818000,-1
35196.0598098,4,394,7,33815000,1
35220.3836165,4,395,6,33819000,1
35227.1264469,4,396,1,33815000,1
35251.5986785,4,397,3,33822000,1
35261.5691121,4,398,4,33826000,-1
35274.1123341,4,399,5,33829000,-1
35279.8022374,4,400,45,33832000,-1
35296.8139437,4,401,61,33836000,-1
35296.8834022,4,402,9,33839000,-1
35303.1721918,4,403,23,33842000,1
35304.751007,4,404,1,33846000,1
35305.4940171,4,405,24,33849000,-1
35305.6424331,4,406,3,33853000,1
35306.2934093,4,407,10,33850000,-1
35306.3037384,4,408,16,33853000,-1
35306.3510449,4,409,131,33856000,1
35306.4866707,4,410,1,33853000,-1
35309.4498077,4,411,3,33849000,1
35310.0998551,4,412,4,33845000,-1
35311.3460724,4,413,9,33848000,-1
35311.4177255,4,414,3,33851000,-1
35314.3843175,4,415,5,33855000,1
35319.8341076,4,416,1,33851000,1
35320.6620137,4,417,18,33854000,-1
35332.5643049,4,418,7,33851000,-1
35332.5865119,4,419,23,33854000,1
35333.2776459,4,420,5,33857000,1
35336.852091,4,421,10,33860000,1
35340.8132776,4,422,46,33857000,1
35346.495921,4,423,1,33853000,1
35347.3578412,4,424,7,33856000,1
35351.1556525,4,425,1,33863000,1
35353.082619,4,426,2,33866000,1
35353.4493609,4,427,1,33863000,1
35355.9155562,4,428,7,33867000,-1
35358.1944797,4,429,6,33870000,-1
35359.5450031,4,430,2,33874000,1
35375.7399679,4,431,188,33871000,1
35378.1920608,4,432,1,33868000,1
35380.3181558,4,433,5,33873000,1
35383.6427944,4,434,31,33870000,1
35383.6681628,4,435,12,33867000,1
35383.7080679,4,436,1,33864000,1
35383.777666,4,437,4,33861000,1
35383.8151928,4,438,5,33858000,1
35383.8911961,4,439,1,33854000,1
35383.9265462,4,440,4,33857000,-1
35383.9277871,4,441,1,33860000,-1
35385.7146073,4,442,2,33856000,-1
35386.2643511,4,443,9,33860000,-1
35386.2643608,4,444,1,33863000,-1
35388.3649782,4,445,10,33859000,1
35389.1259223,4,446,9,33856000,1
35389.125933,4,447,1,33853000,1
35389.1736373,4,448,2,33856000,-1
35396.9162826,4,449,4,33861000,1
35397.4155297,4,450,5,33857000,1
35398.4831268,4,451,5,33853000,1
35399.6651749,4,452,7,33850000,1
35400.3630304,4,453,3,33853000,1
35402.2038611,4,454,1,33858000,1
35402.7409242,4,455,1,33861000,-1
35410.2234787,4,456,5,33857000,1
35413.2168592,4,457,1,33852000,-1
35416.5971532,4,458,1,33849000,-1
35416.9871742,4,459,5,33846000,1
35417.5203736,4,460,1,33843000,1
35419.6812433,4,461,1,33848000,-1
35424.3126116,4,462,7,33844000,1
35424.3127199,4,463,7,33841000,1
35430.2983039,4,464,1,33844000,1
35440.3594188,4,465,1,33850000,-1
35443.6768073,4,466,2,33847000,-1
35449.9712953,4,467,18,33850000,-1
35458.5233524,4,468,1,33853000,1
35459.2221965,4,469,8,33856000,-1
35459.2498757,4,470,9,33859000,-1
35459.382114,4,471,2,33862000,1
35463.2015504,4,472,14,33859000,1
35467.2157712,4,473,99,33856000,-1
35468.6226931,4,474,1,33852000,-1
35470.1641832,4,475,2,33855000,-1
35472.3162582,4,476,4,33858000,-1
35472.3428741,4,477,14,33861000,-1
35472.421903,4,478,78,33864000,-1
35475.1695734,4,479,118,33861000,1
35486.2960627,4,480,18,33858000,-1
35487.8030457,4,481,34,33861000,1
35487.8030651,4,482,3,33858000,1
35497.6870431,4,483,3,33862000,1
35510.8981173,4,484,9,33859000,-1
35525.624174,4,485,5,33856000,1
35529.0441598,4,486,2,33853000,-1
35529.0442283,4,487,11,33856000,-1
35529.0492968,4,488,20,33859000,-1
35529.0505632,4,489,18,33862000,-1
35529.2971682,4,490,54,33865000,-1
35529.545038,4,491,7,33868000,1
35534.9145881,4,492,2,33865000,1
35538.4557636,4,493,5,33862000,1
35538.7371275,4,494,16,33865000,-1
35538.7631299,4,495,19,33868000,-1
35539.9760478,4,496,80,33871000,1
35543.7467859,4,497,1,33868000,1
35544.4608935,4,498,3,33871000,-1
35544.8698521,4,499,3,33874000,1
35546.4774775,4,500,1,33871000,1
35550.2678418,4,501,2,33874000,1
35550.7227965,4,502,6,33871000,-1
35555.9050941,4,503,4,33867000,-1
35558.8014079,4,504,3,33870000,1
35560.0030301,4,505,11,33867000,-1
35560.0037158,4,506,14,33870000,-1
35560.3736391,4,507,1,33873000,-1
35562.1324622,4,508,2,33870000,1
35564.9468897,4,509,3,33867000,1
35567.9809212,4,510,7,33864000,1
35577.4385065,4,511,5,33861000,1
35580.2667725,4,512,6,33858000,1
35584.293574,4,513,3,33855000,1
35589.5984496,4,514,1,33852000,1
35598.0244628,4,515,9,33855000,-1
35598.0437044,4,516,13,33858000,-1
35598.0759396,4,517,17,33861000,-1
35598.1052778,4,518,11,33864000,-1
35598.2601841,4,519,3,33867000,1
35603.7211182,4,520,13,33862000,-1
35605.5763453,4,521,12,33865000,-1
35605.5798705,4,522,11,33868000,-1
35605.6604541,4,523,140,33871000,-1
35634.1782829,4,524,17,33866000,1
35635.502973,4,525,3,33870000,-1
35636.2628446,4,526,5,33873000,-1
35636.6139469,4,527,3,33876000,-1
35636.6858163,4,528,7,33879000,-1
35637.2384603,4,529,1,33876000,-1
35637.6303313,4,530,1,33879000,-1
35639.1802405,4,531,1,33876000,1
35639.2559885,4,532,2,33881000,1
35641.2205341,4,533,1,33878000,1
35642.201125,4,534,1,33881000,-1
35642.464754,4,535,4,33878000,-1
35643.4152073,4,536,10,33881000,1
35645.7836293,4,537,4,33877000,1
35646.8474641,4,538,1,33874000,1
35648.3377308,4,539,1,33871000,1
35660.0889155,4,540,2,33874000,-1
35661.8831471,4,541,1,33877000,-1
35671.7667076,4,542,19,33874000,-1
35675.4148731,4,543,1,33869000,-1
35679.3923875,4,544,9,33865000,1
35679.4517733,4,545,1,33861000,1
35681.7193752,4,546,4,33864000,1
35684.803104,4,547,3,33867000,-1
35696.6173513,4,548,9,33870000,1
35699.8667111,4,549,1,33867000,1
35708.1073256,4,550,4,33871000,-1
35712.4517604,4,551,3,33868000,1
35717.2975426,4,552,1,33865000,-1
35735.4568886,4,553,1,33862000,-1
35738.0931961,4,554,5,33865000,1
35748.5456348,4,555,4,33862000,1
35748.5952261,4,556,1,33858000,1
35750.745409,4,557,4,33861000,1
35764.8876717,4,558,3,33858000,-1
35764.9548255,4,559,1,33862000,1
35765.0421702,4,560,2,33865000,1
35765.0609654,4,561,1,33862000,-1
35768.6777716,4,562,4,33865000,1
35771.4461554,4,563,15,33868000,1
35771.53434,4,564,21,33871000,1
35771.6221559,4,565,2,33868000,1
35783.0038033,4,566,1,33865000,-1
35785.6965559,4,567,1,33862000,-1
35790.4913437,4,568,6,33856000,1
35799.5371268,4,569,17,33853000,1
35800.8141679,4,570,12,33858000,-1
35804.9790624,4,571,6,33855000,1
35805.0940781,4,572,41,33852000,-1
35815.5313949,4,573,11,33849000,-1
35826.62217,4,574,19,33852000,-1
35834.7106774,4,575,6,33855000,-1
35838.6304208,4,576,4,33860000,-1
35849.0422074,4,577,2,33856000,-1
35861.8487091,4,578,12,33859000,-1
35861.9095202,4,579,2,33862000,1
35879.3885251,4,580,6,33859000,1
35888.3113888,4,581,2,33863000,-1
35904.3321851,4,582,7,33866000,1
35904.3322015,4,583,2,33863000,1
35916.8938828,4,584,2,33860000,1
35929.3105555,4,585,3,33857000,-1
35934.1610722,4,586,1,33861000,-1
35983.5976275,4,587,17,33858000,1
36000.3445854,4,588,1,33855000,1
36000.9199168,4,589,7,33860000,-1
36001.0848547,4,590,4,33863000,-1
36021.5289934,4,591,6,33866000,1
36074.3539682,4,592,27,33861000,1
36075.3921776,4,593,1,33858000,-1
36092.0754648,4,594,8,33852000,1
36093.4853997,4,595,4,33849000,1
36106.93358,4,596,1,33846000,1
36110.9706448,4,597,1,33849000,1
36117.2553889,4,598,2,33854000,1
36117.2656222,4,599,2,33851000,1
36127.770566,4,600,5,33855000,1
36151.9024391,4,601,4,33852000,1
36159.0938405,4,602,3,33848000,1
36159.1795423,4,603,6,33845000,1
36166.1587641,4,604,14,33842000,1
36169.3674147,4,605,2,33837000,-1
36181.3638155,4,606,10,33840000,1
36203.0612962,4,607,3,33837000,1
36219.7949187,4,608,1,33834000,1
36220.3952727,4,609,5,33837000,-1
36246.8414545,4,610,6,33840000,1
36248.7671708,4,611,6,33837000,1
36250.5722811,4,612,3,33833000,1
36328.9631425,4,613,8,33837000,1
36328.9995747,4,614,22,33834000,-1
36348.3166449,4,615,3,33839000,1
36348.3166926,4,616,10,33836000,1
36360.8977658,4,617,19,33833000,1
36363.5221747,4,618,4,33830000,1
36380.510667,4,619,1,33827000,1
36395.8347018,4,620,12,33830000,-1
36399.4450307,4,621,4,33833000,-1
36405.3187149,4,622,7,33836000,-1
36436.3805421,4,623,10,33832000,1
36440.1907962,4,624,7,33829000,1
36443.3431506,4,625,2,33826000,-1
36458.5844398,4,626,4,33829000,1
36458.612199,4,627,2,33826000,1
36462.3874538,4,628,1,33830000,1
36481.0754952,4,629,1,33825000,1
36509.3149224,4,630,5,33829000,-1
36525.5872648,4,631,6,33832000,-1
36542.8256705,4,632,1,33835000,-1
36560.8374284,4,633,1,33831000,1
36577.7365978,4,634,9,33834000,1
36606.0521687,4,635,13,33831000,-1
36607.3758919,4,636,5,33834000,-1
36633.0112803,4,637,3,33838000,1
36689.3660102,4,638,16,33835000,1
36693.174645,4,639,1,33831000,1
36707.5939492,4,640,1,33834000,1
36719.9414206,4,641,1,33838000,1
36720.9838786,4,642,1,33842000,-1
36724.2209901,4,643,3,33839000,-1
36724.2246579,4,644,1,33842000,-1
36739.3474832,4,645,3,33839000,-1
36739.445435,4,646,10,33842000,1
36742.1341826,4,647,2,33846000,-1
36749.8029746,4,648,11,33850000,-1
36749.9232131,4,649,26,33853000,1
36768.5270159,4,650,79,33856000,1
36768.5584663,4,651,9,33853000,1
36780.1912847,4,652,6,33856000,-1
36784.8392097,4,653,12,33859000,-1
36794.4925413,4,654,11,33862000,-1
36795.3602164,4,655,4,33865000,-1
36806.471783,4,656,9,33868000,1
36808.2194915,4,657,8,33871000,-1
36814.0160511,4,658,1,33875000,-1
36816.3200841,4,659,5,33871000,1
36817.1122608,4,660,2,33868000,1
36826.5731614,4,661,3,33865000,1
36837.140407,4,662,1,33869000,-1
36857.4932615,4,663,12,33866000,-1
36861.6420799,4,664,5,33869000,-1
36861.6755458,4,665,13,33872000,-1
36876.0717937,4,666,7,33875000,1
36876.8379286,4,667,12,33872000,1
36879.5651316,4,668,3,33869000,1
36880.9368377,4,669,2,33866000,-1
36884.3074358,4,670,10,33869000,1
36888.4072478,4,671,4,33866000,-1
36903.6850623,4,672,13,33869000,1
36905.4417802,4,673,1,33866000,-1
36906.8550523,4,674,7,33869000,-1
36909.863534,4,675,10,33874000,1
36909.8915606,4,676,1,33871000,1
36912.2778007,4,677,10,33874000,1
36924.4797176,4,678,1,33871000,1
36931.9624728,4,679,1,33874000,1
36934.1489718,4,680,3,33878000,-1
36946.9407278,4,681,1,33874000,1
36953.3895882,4,682,12,33878000,1
36962.8648184,4,683,11,33875000,1
36963.8031606,4,684,19,33880000,-1
36966.0818601,4,685,5,33883000,1
36981.3487642,4,686,14,33880000,1
36985.21207,4,687,14,33874000,1
36987.9621504,4,688,1,33871000,1
36992.449857,4,689,3,33875000,-1
36995.0436226,4,690,3,33878000,-1
36996.247409,4,691,1,33881000,1
37000.6116992,4,692,11,33884000,1
37000.6448538,4,693,1,33881000,1
37019.6993892,4,694,2,33884000,-1
37019.6994142,4,695,1,33887000,-1
37034.8935714,4,696,9,33884000,-1
37034.896992,4,697,37,33887000,-1
37034.8995259,4,698,25,33890000,-1
37034.9009376,4,699,18,33893000,-1
37034.9037271,4,700,23,33896000,-1
37034.9048969,4,701,29,33899000,-1
37034.9422485,4,702,1,33886000,-1
37035.2393092,4,703,4,33892000,1
37035.2665136,4,704,1,33889000,1
37048.1146298,4,705,12,33893000,1
37048.279701,4,706,1,33890000,1
37054.5720607,4,707,17,33893000,1
37055.1646344,4,708,1,33897000,1
37055.8115687,4,709,1,33901000,-1
37063.1688881,4,710,52,33897000,-1
37074.0134678,4,711,8,33894000,1
37081.723646,4,712,11,33891000,1
37082.7135971,4,713,4,33888000,-1
37087.1701487,4,714,1,33891000,-1
37088.5465157,4,715,1,33888000,1
37094.7706447,4,716,20,33891000,-1
37095.2832869,4,717,1,33895000,-1
37096.6158488,4,718,2,33892000,1
37102.4967501,4,719,8,33895000,-1
37106.8073177,4,720,5,33898000,1
37107.0207508,4,721,7,33901000,-1
37108.9687175,4,722,5,33904000,1
37114.5173973,4,723,32,33901000,-1
37121.999455,4,724,1,33904000,1
37122.0048696,4,725,8,33908000,-1
37122.0057074,4,726,18,33911000,-1
37122.0082819,4,727,21,33914000,-1
37122.0101019,4,728,22,33917000,-1
37122.0133962,4,729,50,33920000,-1
37122.1132619,4,730,77,33923000,1
37122.1186101,4,731,2,33919000,1
37122.1202558,4,732,1,33922000,1
37122.2697013,4,733,3,33919000,-1
37125.076591,4,734,19,33916000,1
37126.612153,4,735,10,33919000,1
37126.6564572,4,736,20,33916000,1
37128.4745043,4,737,1,33913000,1
37130.4337602,4,738,7,33920000,-1
37132.1535993,4,739,6,33923000,-1
37132.1893204,4,740,9,33926000,-1
37137.1230231,4,741,1,33929000,1
37138.9575658,4,742,7,33934000,-1
37138.9575973,4,743,1,33937000,-1
37140.5500715,4,744,18,33932000,-1
37140.5528216,4,745,17,33935000,-1
37148.2642088,4,746,128,33938000,-1
37148.2706591,4,747,16,33941000,-1
37149.5010529,4,748,13,33944000,1
37149.5972889,4,749,6,33941000,1
37149.9898529,4,750,7,33938000,1
37153.142415,4,751,2,33941000,-1
37153.1424227,4,752,1,33944000,-1
37155.8547905,4,753,20,33941000,1
37155.8835683,4,754,1,33938000,1
37155.9912554,4,755,1,33942000,-1
37156.5063276,4,756,3,33938000,1
37156.6016423,4,757,1,33933000,1
37159.110866,4,758,7,33930000,1
37159.1108865,4,759,1,33927000,1
37159.4659917,4,760,2,33930000,1
37159.9469957,4,761,2,33927000,-1
37161.5417906,4,762,6,33930000,-1
37162.3057626,4,763,1,33933000,-1
37163.2381865,4,764,3,33930000,1
37168.2166447,4,765,4,33927000,-1
37168.2166595,4,766,1,33930000,-1
37171.9878161,4,767,3,33933000,1
37172.2632758,4,768,1,33929000,1
37174.543129,4,769,4,33925000,-1
37174.5701671,4,770,1,33928000,-1
37182.6726835,4,771,1,33925000,-1
37188.1618785,4,772,8,33922000,1
37188.5810422,4,773,13,33919000,1
37195.3471246,4,774,32,33916000,1
37200.5623956,4,775,6,33920000,-1
37203.9975642,4,776,9,33923000,1
37205.134841,4,777,13,33920000,1
37206.6273353,4,778,1,33917000,1
37207.9440236,4,779,7,33920000,1
37211.3013209,4,780,3,33926000,1
37215.9596875,4,781,8,33923000,1
37216.2201197,4,782,1,33920000,-1
37216.4601583,4,783,1,33923000,-1
37223.3401528,4,784,9,33919000,-1
37223.6317058,4,785,2,33923000,1
37227.4466339,4,786,4,33919000,1
37246.0401058,4,787,19,33916000,-1
37248.1180748,4,788,1,33913000,-1
37258.0680404,4,789,1,33910000,-1
37263.178725,4,790,10,33913000,1
37270.0454343,4,791,10,33910000,-1
37270.4460145,4,792,3,33916000,-1
37290.3638217,4,793,9,33920000,-1
37298.1348249,4,794,4,33923000,1
37299.7189213,4,795,1,33920000,1
37306.5908941,4,796,1,33917000,-1
37306.9420554,4,797,3,33920000,-1
37310.6062058,4,798,8,33924000,-1
37310.691366,4,799,1,33927000,-1
37312.4191881,4,800,2,33924000,-1
37312.5481267,4,801,7,33927000,-1
37317.0755634,4,802,6,33930000,-1
37324.5863862,4,803,9,33933000,1
37330.1473422,4,804,20,33930000,1
37346.4893898,4,805,56,33927000,1
37356.5826602,4,806,2,33924000,1
37357.5982009,4,807,4,33930000,-1
37368.09147,4,808,11,33933000,1
37370.432196,4,809,6,33930000,1
37371.7821065,4,810,2,33927000,-1
37375.5732634,4,811,9,33931000,1
37375.5733296,4,812,2,33928000,1
37384.7354033,4,813,9,33933000,-1
37392.820695,4,814,7,33936000,1
37395.5381137,4,815,11,33933000,1
37397.8565191,4,816,5,33930000,1
37399.9126942,4,817,3,33927000,-1
37399.9127027,4,818,1,33930000,-1
37400.9973325,4,819,2,33927000,-1
37404.7643937,4,820,12,33930000,-1
37406.4690191,4,821,2,33933000,1
37412.2839869,4,822,1,33930000,1
37415.9059785,4,823,3,33934000,1
37424.7436921,4,824,4,33938000,-1
37431.6957605,4,825,16,33942000,-1
37434.9056542,4,826,4,33937000,-1
37439.4844536,4,827,6,33940000,1
37440.3654474,4,828,1,33937000,1
37444.4865233,4,829,8,33942000,-1
37444.8286146,4,830,18,33945000,-1
37460.6148126,4,831,10,33941000,-1
37462.0949096,4,832,8,33945000,-1
37462.8753851,4,833,1,33948000,-1
37463.3696387,4,834,2,33945000,-1
37464.7599652,4,835,30,33948000,-1
37464.7623338,4,836,14,33951000,-1
37464.7651381,4,837,22,33954000,-1
37464.8394325,4,838,29,33957000,1
37471.9999412,4,839,18,33954000,1
37472.0000061,4,840,1,33951000,1
37476.543335,4,841,5,33956000,1
37477.0654421,4,842,4,33959000,1
37478.250945,4,843,4,33956000,-1
37478.2509637,4,844,1,33959000,-1
37493.8313874,4,845,18,33956000,1
37498.4345518,4,846,8,33960000,1
37502.1440853,4,847,2,33957000,-1
37503.5166845,4,848,1,33960000,1
37504.2400459,4,849,4,33963000,1
37508.6640133,4,850,13,33960000,1
37508.8928533,4,851,2,33957000,1
37515.3309349,4,852,11,33960000,1
37527.1141303,4,853,37,33957000,1
37528.0731897,4,854,2,33954000,1
37529.634105,4,855,7,33951000,1
37531.5812169,4,856,4,33948000,-1
37534.9317063,4,857,6,33953000,-1
37535.5812705,4,858,5,33956000,1
37535.8557128,4,859,4,33952000,1
37535.855722,4,860,1,33949000,1
37545.260834,4,861,11,33953000,1
37545.2644942,4,862,14,33950000,1
37545.2645091,4,863,1,33947000,1
37560.5274274,4,864,1,33952000,-1
37564.7239742,4,865,2,33947000,-1
37574.5629562,4,866,10,33950000,1
37580.109562,4,867,4,33947000,1
37580.4394651,4,868,1,33944000,1
37580.872129,4,869,1,33947000,-1
37584.1356318,4,870,1,33942000,1
37584.4525824,4,871,3,33945000,1
37588.8813113,4,872,8,33948000,1
37602.3654007,4,873,6,33942000,1
37603.0467877,4,874,3,33939000,1
37607.1418221,4,875,1,33942000,1
37609.6195444,4,876,7,33939000,1
37611.0750454,4,877,1,33936000,-1
37614.5014048,4,878,5,33939000,1
37623.0061968,4,879,3,33935000,-1
37626.6196195,4,880,8,33939000,-1
37628.0012917,4,881,2,33942000,-1
37632.315109,4,882,6,33945000,-1
37633.3679823,4,883,6,33949000,-1
37634.9423881,4,884,2,33953000,1
37637.550427,4,885,9,33950000,1
37638.1598313,4,886,1,33947000,1
37642.4200788,4,887,6,33950000,-1
37653.0794844,4,888,5,33953000,-1
37654.2136823,4,889,3,33956000,-1
37654.2136883,4,890,1,33959000,-1
37654.8660057,4,891,3,33956000,1
37659.6652594,4,892,3,33959000,1
37660.0181919,4,893,4,33963000,1
37660.0182023,4,894,1,33960000,1
37664.3734703,4,895,5,33963000,1
37664.4082552,4,896,40,33960000,-1
37666.0432775,4,897,13,33963000,-1
37666.8531862,4,898,16,33967000,-1
37666.8531927,4,899,1,33970000,-1
37669.3872905,4,900,4,33967000,-1
37672.0489915,4,901,10,33964000,-1
37676.7720211,4,902,8,33967000,1
37694.3008131,4,903,5,33964000,1
37699.5251828,4,904,10,33967000,1
37703.5741273,4,905,12,33964000,1
37705.7945712,4,906,1,33967000,-1
37706.7673859,4,907,25,33970000,-1
37706.7755457,4,908,16,33973000,-1
37706.7760358,4,909,19,33976000,-1
37706.7806462,4,910,42,33979000,-1
37706.7825115,4,911,24,33982000,-1
37706.9058449,4,912,1,33977000,1
37707.2986046,4,913,20,33980000,-1
37707.2998372,4,914,4,33983000,-1
37707.9811364,4,915,4,33980000,1
37709.6489276,4,916,6,33977000,-1
37711.0153336,4,917,1,33981000,-1
37713.4809345,4,918,10,33978000,-1
37714.6982676,4,919,26,33982000,-1
37714.7313872,4,920,40,33987000,-1
37714.9364934,4,921,25,33990000,-1
37715.341769,4,922,1,33986000,1
37715.8975708,4,923,8,33991000,-1
37716.2203818,4,924,12,33994000,-1
37717.9254857,4,925,6,33997000,1
37718.7774915,4,926,18,33994000,1
37719.5621504,4,927,4,33997000,1
37722.762685,4,928,16,33994000,-1
37723.4510114,4,929,26,33997000,-1
37723.7237932,4,930,104,34000000,-1
37726.5566302,4,931,4,33997000,1
37726.6717031,4,932,7,33994000,1
37730.1822652,4,933,8,33990000,-1
37731.188297,4,934,4,33993000,1
37731.1905855,4,935,13,33990000,1
37731.190605,4,936,4,33987000,1
37733.7593045,4,937,14,33991000,-1
37733.7613899,4,938,16,33994000,-1
37733.7625046,4,939,23,33997000,-1
37733.7633061,4,940,1,34000000,-1
37735.4208346,4,941,1,33997000,1
37736.6645976,4,942,7,34000000,-1
37737.1968387,4,943,24,34003000,-1
37737.2006385,4,944,1,34006000,-1
37737.4663739,4,945,2,34001000,-1
37737.8811488,4,946,1,34004000,-1
37739.8076954,4,947,5,34001000,1
37740.1022664,4,948,5,33998000,1
37740.4487322,4,949,17,33995000,1
37740.5494898,4,950,33,33992000,1
37740.7951102,4,951,2,33989000,-1
37740.8292455,4,952,1,33992000,-1
37741.7268588,4,953,16,33989000,-1
37741.7836019,4,954,11,33992000,-1
37742.6326556,4,955,4,33995000,-1
37743.5617323,4,956,9,33998000,1
37744.2152279,4,957,13,33994000,1
37747.6401556,4,958,6,33991000,1
37749.6115425,4,959,3,33994000,1
37749.9930616,4,960,2,33990000,1
37750.722882,4,961,1,33987000,1
37751.4280334,4,962,13,33990000,-1
37753.6261618,4,963,12,33993000,-1
37754.2232848,4,964,1,33996000,-1
37754.5614918,4,965,15,33993000,1
37754.5625116,4,966,21,33990000,1
37754.5651018,4,967,20,33987000,1
37754.5680411,4,968,34,33984000,1
37754.6828945,4,969,18,33981000,1
37754.7877496,4,970,3,33984000,1
37755.1162786,4,971,2,33981000,1
37755.6288562,4,972,1,33984000,1
37758.1658458,4,973,4,33987000,-1
37758.3935376,4,974,1,33990000,1
37758.6071745,4,975,1,33987000,1
37760.5725694,4,976,1,33990000,1
37762.0982209,4,977,3,33998000,1
37763.4341156,4,978,2,33995000,-1
37764.2181934,4,979,7,33998000,1
37764.2224294,4,980,11,33995000,1
37764.223519,4,981,17,33992000,1
37764.2247248,4,982,19,33989000,1
37764.2257113,4,983,7,33986000,1
37764.2882876,4,984,4,33993000,-1
37764.4193896,4,985,6,33990000,-1
37765.1605954,4,986,8,33993000,-1
37766.3023009,4,987,14,33996000,-1
37774.32604,4,988,7,34000000,-1
37776.6121338,4,989,3,34004000,-1
37781.396577,4,990,5,34001000,1
37783.5182942,4,991,3,33998000,-1
37783.6483444,4,992,2,34001000,1
37786.003924,4,993,2,33998000,1
37793.8228883,4,994,3,33995000,-1
37794.8730932,4,995,1,33998000,-1
37795.3530425,4,996,2,33995000,-1
37800.2441013,4,997,9,33998000,1
37800.470908,4,998,1,33994000,1
37800.6415717,4,999,11,33997000,-1
37800.6431336,4,1000,15,34000000,-1
37800.6441505,4,1001,1,34003000,-1
37801.0490338,4,1002,1,33999000,1
37804.1360702,4,1003,16,34002000,1
37804.1360947,4,1004,3,33999000,1
37807.1013412,4,1005,9,34003000,1
37808.2430282,4,1006,1,33999000,1
37812.6920519,4,1007,17,34002000,1
37813.7391298,4,1008,2,33999000,1
37817.3749284,4,1009,1,34002000,1
37818.8777988,4,1010,11,34005000,-1
37818.8778056,4,1011,1,34008000,-1
37821.9426378,4,1012,17,34005000,1
37826.1066623,4,1013,1,34001000,1
37833.0812219,4,1014,4,34005000,-1
37834.7383605,4,1015,4,34001000,-1
37841.8031186,4,1016,3,34005000,1
37843.6505381,4,1017,13,34008000,-1
37843.6516478,4,1018,15,34011000,-1
37844.1730778,4,1019,37,34014000,1
37844.4417435,4,1020,1,34017000,1
37845.1602084,4,1021,5,34020000,-1
37852.6670483,4,1022,26,34014000,1
37852.7998837,4,1023,2,34011000,-1
37855.9021717,4,1024,1,34014000,1
37856.7699752,4,1025,3,34017000,-1
37857.547446,4,1026,2,34020000,1
37860.1379335,4,1027,9,34017000,1
37860.6746708,4,1028,6,34020000,-1
37860.9183019,4,1029,13,34023000,-1
37862.8143468,4,1030,2,34026000,1
37863.4926799,4,1031,19,34023000,1
37863.609676,4,1032,1,34020000,1
37864.3372541,4,1033,6,34023000,-1
37866.214791,4,1034,4,34027000,1
37867.7970247,4,1035,2,34023000,-1
37876.7573463,4,1036,1,34026000,1
37878.8915633,4,1037,32,34029000,-1
37879.156264,4,1038,2,34032000,1
37881.9040386,4,1039,4,34029000,1
37881.9659991,4,1040,5,34032000,-1
37882.0384389,4,1041,3,34035000,1
37882.1262729,4,1042,1,34032000,-1
37882.4617015,4,1043,3,34035000,1
37882.5090459,4,1044,9,34032000,1
37882.5090727,4,1045,1,34029000,1
37885.0175762,4,1046,73,34033000,-1
37885.5731491,4,1047,9,34036000,-1
37885.5731545,4,1048,1,34039000,-1
37886.8731867,4,1049,9,34036000,1
37886.8731983,4,1050,1,34033000,1
37889.8351746,4,1051,14,34036000,1
37891.6650566,4,1052,13,34033000,1
37892.6772868,4,1053,4,34030000,1
37893.0371257,4,1054,4,34027000,-1
37896.2808944,4,1055,79,34030000,1
37896.408884,4,1056,5,34027000,1
37901.3524807,4,1057,2,34024000,-1
37902.0729352,4,1058,12,34021000,1
37907.0055626,4,1059,7,34017000,1
37908.3123839,4,1060,58,34020000,-1
37919.5252549,4,1061,2,34023000,1
37922.2751352,4,1062,11,34020000,1
37922.2957144,4,1063,1,34017000,1
37923.1007589,4,1064,1,34020000,-1
37923.7710345,4,1065,1,34017000,-1
37931.2574884,4,1066,8,34014000,1
37933.8906202,4,1067,15,34011000,1
37933.9286407,4,1068,2,34008000,-1
37937.8749235,4,1069,5,34013000,1
37938.5593272,4,1070,4,34010000,1
37940.9794681,4,1071,4,34007000,-1
37946.0880188,4,1072,1,34010000,-1
37946.5436476,4,1073,1,34007000,1
37949.9595901,4,1074,1,34010000,-1
37952.7197433,4,1075,4,34006000,1
37953.2438465,4,1076,22,34003000,1
37953.3185898,4,1077,26,34000000,1
37954.6976221,4,1078,1,34004000,1
37958.5578955,4,1079,7,34008000,1
37958.5579254,4,1080,1,34005000,1
37961.5240849,4,1081,2,34008000,1
37970.8874927,4,1082,9,34005000,1
37985.4976798,4,1083,10,34010000,1
37985.5610758,4,1084,3,34006000,1
37986.7472038,4,1085,2,34003000,-1
37990.8864336,4,1086,4,34006000,1
37995.3524139,4,1087,10,34010000,-1
37998.1116775,4,1088,10,34006000,1
37999.3599694,4,1089,1,34002000,1
38009.5780606,4,1090,17,34005000,1
38017.6060715,4,1091,42,34001000,1
38019.9873893,4,1092,19,34006000,-1
38020.1627177,4,1093,20,34009000,-1
38025.8543564,4,1094,3,34013000,1
38029.1230633,4,1095,4,34010000,1
38032.3838368,4,1096,5,34007000,1
38037.086111,4,1097,8,34004000,1
38043.0612653,4,1098,23,34007000,-1
38043.6403742,4,1099,56,34010000,-1
38048.0677912,4,1100,6,34013000,-1
38050.4810268,4,1101,1,34008000,1
38062.107177,4,1102,3,34011000,1
38066.4206788,4,1103,2,34015000,-1
38066.4452519,4,1104,1,34018000,-1
38066.4939847,4,1105,2,34015000,-1
38070.5216581,4,1106,7,34018000,-1
38070.5258981,4,1107,18,34021000,-1
38070.5762204,4,1108,5,34024000,-1
38073.1218617,4,1109,4,34027000,1
38085.4300986,4,1110,7,34024000,1
38089.5374858,4,1111,5,34021000,1
38093.222652,4,1112,1,34018000,1
38100.231381,4,1113,35,34021000,-1
38108.8836621,4,1114,44,34024000,1
38113.3054446,4,1115,9,34027000,1
38114.2623756,4,1116,5,34023000,1
38114.4895231,4,1117,1,34019000,1
38125.9803292,4,1118,4,34016000,-1
38132.0919848,4,1119,5,34020000,-1
38132.4600803,4,1120,8,34023000,1
38142.2621955,4,1121,32,34020000,-1
38147.5544833,4,1122,8,34023000,-1
38147.5592646,4,1123,19,34026000,-1
38147.5602837,4,1124,1,34029000,-1
38152.9428487,4,1125,7,34026000,1
38152.9559226,4,1126,11,34023000,1
38155.1079294,4,1127,1,34020000,1
38165.3715648,4,1128,34,34023000,-1
38165.4225623,4,1129,13,34026000,-1
38165.6354464,4,1130,27,34030000,-1
38167.2971697,4,1131,5,34033000,-1
38168.8610516,4,1132,9,34036000,-1
38168.8669674,4,1133,26,34039000,-1
38168.8670027,4,1134,1,34042000,-1
38170.5243889,4,1135,1,34037000,1
38171.5004578,4,1136,1,34041000,-1
38180.6000807,4,1137,10,34038000,1
38183.0490429,4,1138,14,34041000,1
38186.0380263,4,1139,8,34038000,1
38190.6551487,4,1140,1,34035000,1
38191.067807,4,1141,3,34039000,-1
38191.0736252,4,1142,19,34042000,-1
38194.6980357,4,1143,52,34045000,-1
38196.240574,4,1144,60,34049000,1
38196.4021506,4,1145,2,34046000,-1
38197.1908595,4,1146,1,34049000,1
38197.7198983,4,1147,3,34046000,-1
38217.1346559,4,1148,17,34050000,-1
38225.9232659,4,1149,5,34047000,1
38232.7701949,4,1150,26,34050000,1
38235.3984077,4,1151,25,34047000,-1
38240.8237822,4,1152,1,34050000,1
38256.473953,4,1153,11,34053000,-1
38256.47732,4,1154,14,34056000,-1
38256.4802334,4,1155,26,34059000,-1
38256.7606191,4,1156,14,34062000,-1
38257.4561172,4,1157,9,34059000,1
38259.4771032,4,1158,10,34062000,1
38260.3867546,4,1159,6,34059000,1
38260.6880653,4,1160,6,34056000,1
38262.0836142,4,1161,30,34053000,1
38262.1057456,4,1162,1,34050000,1
38268.7756617,4,1163,5,34056000,1
38273.727835,4,1164,3,34053000,1
38280.3872867,4,1165,5,34056000,1
38290.4852027,4,1166,3,34060000,-1
38303.7247959,4,1167,35,34056000,-1
38305.451488,4,1168,6,34059000,-1
38305.9455725,4,1169,5,34062000,-1
38334.8171096,4,1170,9,34058000,1
38338.8804042,4,1171,11,34061000,1
38340.6794804,4,1172,12,34058000,1
38347.9667023,4,1173,25,34061000,1
38350.9150584,4,1174,2,34064000,1
38352.4178343,4,1175,13,34061000,1
38353.0839457,4,1176,1,34058000,1
38364.7916901,4,1177,25,34061000,1
38364.8663937,4,1178,39,34058000,1
38365.1076226,4,1179,13,34055000,1
38365.1534164,4,1180,21,34052000,1
38365.4775772,4,1181,17,34049000,-1
38372.0676745,4,1182,1,34046000,1
38373.5635073,4,1183,6,34049000,-1
38375.0954408,4,1184,7,34053000,1
38379.3918289,4,1185,1,34050000,1
38384.8037071,4,1186,10,34053000,-1
38385.3635445,4,1187,1,34056000,1
38386.9838432,4,1188,14,34049000,1
38388.3401983,4,1189,6,34046000,1
38389.8591831,4,1190,10,34043000,1
38389.9795841,4,1191,23,34040000,1
38394.7796388,4,1192,1,34037000,1
38401.0757726,4,1193,10,34040000,1
38403.7442674,4,1194,4,34037000,-1
38410.9951656,4,1195,18,34040000,-1
38411.0273318,4,1196,9,34043000,-1
38411.0535665,4,1197,1,34046000,-1
38415.9120814,4,1198,2,34043000,1
38419.515471,4,1199,7,34039000,1
38419.8783695,4,1200,1,34035000,1
38427.0022922,4,1201,20,34039000,1
38427.0774297,4,1202,1,34036000,1
38443.8256771,4,1203,18,34040000,-1
38447.8119326,4,1204,2,34043000,-1
38449.0429926,4,1205,1,34040000,1
38453.3965888,4,1206,3,34043000,1
38477.757146,4,1207,11,34039000,-1
38479.8955923,4,1208,20,34035000,1
38485.4794858,4,1209,9,34032000,-1
38490.5180981,4,1210,6,34035000,1
38490.5181182,4,1211,1,34032000,1
38498.1890306,4,1212,1,34035000,-1
38521.5898083,4,1213,17,34031000,-1
38522.2399892,4,1214,2,34034000,-1
38526.6537134,4,1215,6,34037000,1
38527.9915243,4,1216,3,34034000,-1
38530.3703417,4,1217,5,34037000,-1
38547.031894,4,1218,6,34033000,-1
38550.493258,4,1219,2,34036000,1
38553.4531143,4,1220,1,34033000,1
38570.2916236,4,1221,16,34036000,1
38574.7921658,4,1222,8,34033000,1
38576.6637447,4,1223,5,34030000,1
38579.7464104,4,1224,16,34027000,1
38580.9142343,4,1225,1,34024000,-1
38581.3746122,4,1226,3,34020000,-1
38585.0838759,4,1227,6,34023000,1
38586.6337856,4,1228,4,34026000,-1
38587.2769935,4,1229,5,34029000,-1
38590.9388947,4,1230,15,34032000,1
38590.9878762,4,1231,1,34029000,1
38591.4500614,4,1232,1,34033000,1
38599.2430967,4,1233,5,34030000,1
38610.4320891,4,1234,6,34027000,1
38610.4320938,4,1235,1,34024000,1
38615.1063829,4,1236,10,34027000,1
38620.7608159,4,1237,6,34030000,-1
38620.7892443,4,1238,2,34033000,1
38622.4528512,4,1239,7,34030000,1
38623.0357101,4,1240,1,34027000,1
38625.8476204,4,1241,2,34030000,-1
38644.5442842,4,1242,17,34033000,1
38644.8259159,4,1243,1,34030000,1
38647.8939386,4,1244,3,34033000,-1
38650.1013258,4,1245,5,34036000,1
38651.9750718,4,1246,4,34033000,1
38657.1555499,4,1247,4,34030000,-1
38680.7261213,4,1248,19,34033000,-1
38682.0339457,4,1249,4,34030000,1
38685.2093231,4,1250,2,34026000,1
38689.3488699,4,1251,6,34023000,-1
38700.3484405,4,1252,20,34026000,1
38704.2573115,4,1253,2,34023000,-1
38708.2765517,4,1254,6,34026000,-1
38709.6285192,4,1255,3,34029000,-1
38713.9566728,4,1256,8,34033000,-1
38732.1565098,4,1257,14,34036000,1
38734.5408308,4,1258,4,34033000,1
38734.5687428,4,1259,2,34030000,-1
38735.5287782,4,1260,1,34034000,-1
38741.575732,4,1261,7,34030000,1
38746.3919649,4,1262,2,34025000,1
38767.4367004,4,1263,5,34029000,1
38776.5295592,4,1264,1,34036000,1
38779.1953218,4,1265,13,34040000,-1
38780.6683099,4,1266,6,34044000,-1
38787.0180857,4,1267,6,34047000,1
38787.1257301,4,1268,1,34043000,1
38791.6682761,4,1269,1,34046000,-1
38796.1602584,4,1270,2,34041000,1
38797.1422471,4,1271,3,34038000,-1
38801.2153194,4,1272,2,34041000,-1
38809.4650584,4,1273,1,34046000,-1
38815.9073729,4,1274,5,34043000,-1
38817.7287092,4,1275,17,34047000,-1
38817.8168335,4,1276,8,34050000,1
38825.6257281,4,1277,1,34046000,1
38831.1472496,4,1278,8,34049000,1
38834.450602,4,1279,8,34046000,1
38838.622743,4,1280,1,34043000,-1
38847.9059964,4,1281,19,34046000,1
38847.9076288,4,1282,16,34043000,1
38850.8327272,4,1283,13,34040000,1
38860.1787003,4,1284,7,34043000,1
38867.454561,4,1285,12,34040000,1
38875.0645992,4,1286,4,34037000,1
38881.8825571,4,1287,6,34040000,1
38883.5740596,4,1288,2,34037000,1
38891.9762225,4,1289,1,34034000,-1
38893.08308,4,1290,3,34037000,-1
38895.4042887,4,1291,4,34040000,1
38900.8647932,4,1292,11,34037000,1
38903.367135,4,1293,6,34034000,1
38904.3276302,4,1294,19,34031000,-1
38908.294526,4,1295,10,34034000,1
38914.3223926,4,1296,2,34031000,1
38915.0846443,4,1297,1,34028000,1
38934.9604613,4,1298,28,34034000,-1
38935.0167229,4,1299,2,34037000,1
38939.648452,4,1300,17,34034000,1
38943.6705732,4,1301,1,34031000,1
38948.8369889,4,1302,7,34039000,1
38961.2359113,4,1303,7,34035000,1
38980.274338,4,1304,14,34031000,1
38983.214897,4,1305,12,34028000,1
39007.634236,4,1306,25,34025000,1
39023.5199851,4,1307,9,34022000,1
39023.8393592,4,1308,2,34019000,1
39031.732777,4,1309,3,34024000,-1
39034.5637749,4,1310,4,34027000,-1
39036.2631533,4,1311,3,34032000,1
39045.8435674,4,1312,8,34029000,-1
39052.0380693,4,1313,9,34032000,-1
39052.0450923,4,1314,9,34035000,-1
39055.026777,4,1315,2,34039000,1
39057.6251537,4,1316,1,34036000,1
39061.6893751,4,1317,1,34042000,1
39064.6927029,4,1318,2,34045000,1
39068.4769602,4,1319,1,34042000,1
39072.4654868,4,1320,3,34045000,-1
39072.6850021,4,1321,6,34048000,-1
39074.537528,4,1322,15,34051000,1
39074.8598268,4,1323,3,34048000,1
39078.2258381,4,1324,2,34045000,1
39086.5509635,4,1325,5,34049000,1
39089.757762,4,1326,4,34046000,1
39092.1457866,4,1327,2,34043000,1
39098.2601319,4,1328,1,34040000,-1
39116.8447886,4,1329,7,34035000,-1
39122.5639598,4,1330,8,34038000,1
39127.6688513,4,1331,2,34041000,-1
39131.3590877,4,1332,7,34044000,1
39131.3852799,4,1333,1,34041000,-1
39142.7305406,4,1334,14,34044000,1
39153.7261511,4,1335,5,34041000,1
39164.4015244,4,1336,3,34048000,1
39169.2588699,4,1337,1,34045000,1
39176.551217,4,1338,1,34049000,-1
39185.6068765,4,1339,8,34041000,1
39189.9465171,4,1340,2,34037000,1
39206.527228,4,1341,20,34040000,1
39219.0268417,4,1342,16,34036000,1
39221.7063229,4,1343,5,34033000,1
39228.4945584,4,1344,7,34037000,-1
39230.9123799,4,1345,22,34041000,-1
39231.1221324,4,1346,2,34035000,-1
39233.986098,4,1347,6,34038000,1
39236.4732816,4,1348,4,34035000,1
39242.8650604,4,1349,14,34032000,1
39244.1275934,4,1350,1,34028000,1
39245.8321429,4,1351,11,34031000,-1
39245.8333632,4,1352,7,34034000,-1
39254.9946048,4,1353,4,34031000,1
39258.8966427,4,1354,10,34028000,1
39263.3099755,4,1355,8,34025000,1
39263.3665107,4,1356,14,34022000,-1
39265.7873531,4,1357,2,34025000,-1
39271.6222957,4,1358,2,34022000,-1
39277.8837848,4,1359,1,34027000,-1
39279.237457,4,1360,2,34030000,1
39280.1139358,4,1361,1,34027000,1
39287.582676,4,1362,4,34030000,1
39294.1683082,4,1363,4,34027000,-1
39300.0553551,4,1364,3,34030000,-1
39301.6110274,4,1365,2,34026000,1
39315.7147309,4,1366,2,34023000,1
39331.865195,4,1367,7,34020000,-1
39335.2715523,4,1368,5,34023000,1
39340.7501367,4,1369,15,34020000,1
39345.1724488,4,1370,5,34017000,-1
39346.1197107,4,1371,2,34020000,-1
39352.1951068,4,1372,2,34023000,1
39352.2822384,4,1373,6,34020000,1
39352.6055412,4,1374,3,34017000,-1
39355.0862215,4,1375,7,34020000,-1
39355.101055,4,1376,1,34023000,-1
39359.1470881,4,1377,4,34020000,-1
39360.9930493,4,1378,7,34023000,-1
39362.5233946,4,1379,3,34026000,1
39365.1116673,4,1380,4,34023000,-1
39366.9975714,4,1381,9,34026000,1
39367.0020345,4,1382,14,34023000,1
39369.2300475,4,1383,2,34020000,-1
39369.6637143,4,1384,14,34023000,-1
39369.8130259,4,1385,7,34026000,-1
39375.5720307,4,1386,10,34029000,-1
39375.590033,4,1387,1,34032000,-1
39375.6787637,4,1388,3,34029000,-1
39376.7648256,4,1389,3,34034000,-1
39403.017694,4,1390,1,34037000,-1
39406.3585826,4,1391,1,34028000,1
39408.423364,4,1392,2,34025000,-1
39410.4167604,4,1393,3,34028000,1
39411.4249189,4,1394,1,34025000,1
39424.06771,4,1395,11,34028000,-1
39433.8558894,4,1396,4,34031000,1
39452.8770731,4,1397,1,34028000,1
39472.2314307,4,1398,3,34034000,-1
39478.5153833,4,1399,6,34037000,1
39478.8533329,4,1400,3,34034000,1
39489.0461858,4,1401,4,34031000,-1
39493.8732179,4,1402,19,34034000,1
39501.6520368,4,1403,1,34039000,-1
39509.7358824,4,1404,12,34036000,-1
39525.6105091,4,1405,2,34032000,1
39533.5514609,4,1406,5,34029000,-1
39533.5515924,4,1407,13,34032000,-1
39536.0389304,4,1408,8,34035000,-1
39590.0529686,4,1409,26,34031000,1
39590.2450978,4,1410,2,34028000,-1
39600.4691864,4,1411,5,34031000,1
39600.817313,4,1412,5,34028000,-1
39601.0332504,4,1413,6,34031000,-1
39612.5395693,4,1414,2,34035000,-1
39614.1801462,4,1415,1,34038000,1
39618.7164838,4,1416,1,34041000,-1
39638.3965129,4,1417,5,34038000,1
39643.6891427,4,1418,7,34035000,1
39643.6891583,4,1419,1,34032000,1
39646.9794306,4,1420,5,34035000,1
39653.5509251,4,1421,5,34032000,1
39665.8046707,4,1422,10,34029000,1
39675.2360768,4,1423,5,34033000,1
39695.7608626,4,1424,36,34030000,1
39697.2705041,4,1425,19,34027000,1
39701.0651588,4,1426,2,34024000,-1
39705.3509352,4,1427,1,34027000,-1
39710.2886485,4,1428,2,34033000,1
39720.3756577,4,1429,13,34038000,-1
39720.4221532,4,1430,9,34041000,-1
39720.4405719,4,1431,1,34045000,-1
39720.7409947,4,1432,2,34042000,1
39722.7006982,4,1433,6,34039000,1
39724.2008109,4,1434,5,34042000,-1
39740.300862,4,1435,11,34045000,-1
39750.1619167,4,1436,24,34048000,-1
39754.3925971,4,1437,4,34053000,1
39769.9295842,4,1438,9,34050000,1
39772.7079038,4,1439,5,34053000,-1
39776.0694719,4,1440,4,34056000,-1
39781.8257968,4,1441,6,34060000,-1
39784.5304788,4,1442,3,34055000,1
39790.9710765,4,1443,3,34058000,-1
39793.5189798,4,1444,6,34055000,-1
39793.5189875,4,1445,1,34058000,-1
39796.7201244,4,1446,6,34054000,1
39796.7201396,4,1447,2,34051000,1
39800.1084439,4,1448,9,34054000,-1
39801.2822621,4,1449,2,34057000,-1
39805.4740607,4,1450,10,34060000,-1
39807.1909921,4,1451,9,34063000,-1
39807.8892739,4,1452,14,34066000,-1
39807.9033511,4,1453,63,34069000,-1
39808.0145798,4,1454,24,34072000,-1
39808.0236148,4,1455,14,34075000,-1
39809.6759451,4,1456,8,34072000,1
39810.1118549,4,1457,6,34069000,1
39810.7123285,4,1458,1,34066000,-1
39811.1056438,4,1459,7,34069000,1
39812.036669,4,1460,17,34066000,1
39818.3391756,4,1461,5,34063000,-1
39828.0215139,4,1462,4,34066000,-1
39831.6878606,4,1463,1,34070000,1
39833.1985203,4,1464,16,34075000,-1
39833.2010851,4,1465,19,34078000,-1
39837.2419954,4,1466,4,34075000,-1
39837.2462277,4,1467,16,34078000,-1
39837.2462331,4,1468,1,34081000,-1
39837.4587596,4,1469,6,34077000,-1
39837.4615771,4,1470,6,34080000,-1
39844.7338554,4,1471,15,34076000,1
39849.3721879,4,1472,10,34080000,1
39849.8446395,4,1473,1,34077000,1
39853.154457,4,1474,4,34080000,-1
39854.7752538,4,1475,7,34083000,-1
39854.778773,4,1476,20,34086000,-1
39854.7799569,4,1477,1,34089000,-1
39855.1002268,4,1478,2,34083000,1
39855.3844815,4,1479,1,34080000,1
39857.5433202,4,1480,3,34083000,-1
39859.8145213,4,1481,15,34086000,-1
39860.9650798,4,1482,5,34089000,1
39862.291805,4,1483,26,34086000,1
39862.4068083,4,1484,2,34083000,1
39862.4751612,4,1485,1,34080000,1
39864.1796116,4,1486,1,34084000,-1
39865.1351941,4,1487,1,34081000,1
39869.5011618,4,1488,15,34085000,-1
39872.828226,4,1489,6,34088000,-1
39875.7560659,4,1490,17,34091000,1
39876.8427203,4,1491,3,34088000,1
39877.4912937,4,1492,3,34085000,-1
39884.5163955,4,1493,5,34088000,-1
39888.7584326,4,1494,13,34091000,1
39889.776158,4,1495,4,34088000,1
39891.5930873,4,1496,9,34085000,1
39894.0157231,4,1497,29,34082000,-1
39896.7143682,4,1498,9,34085000,-1
39903.2101045,4,1499,15,34082000,1
39903.2256726,4,1500,1,34079000,1
39910.6976703,4,1501,30,34076000,1
39910.7215157,4,1502,14,34073000,-1
39910.7900727,4,1503,2,34076000,-1
39911.3810722,4,1504,1,34073000,-1
39911.7510572,4,1505,1,34070000,1
39916.6184562,4,1506,9,34073000,1
39919.0148342,4,1507,9,34070000,1
39921.160713,4,1508,14,34067000,1
39922.7689742,4,1509,9,34064000,-1
39924.812729,4,1510,7,34067000,1
39924.8127861,4,1511,1,34064000,1
39926.0595933,4,1512,12,34070000,-1
39927.0525604,4,1513,3,34073000,-1
39927.7978149,4,1514,6,34076000,-1
39930.0609209,4,1515,3,34079000,1
39933.8771494,4,1516,7,34075000,1
39935.1817531,4,1517,2,34072000,1
39940.5809403,4,1518,1,34075000,-1
39948.9892234,4,1519,18,34072000,1
39957.1420382,4,1520,8,34069000,1
39960.0701968,4,1521,3,34065000,1
39962.7306371,4,1522,4,34062000,-1
39968.0705821,4,1523,1,34065000,1
39971.3079187,4,1524,7,34069000,1
39973.0651527,4,1525,1,34066000,1
39977.6003669,4,1526,4,34069000,1
39991.908889,4,1527,1,34066000,1
39993.9735422,4,1528,11,34069000,1
40003.2968576,4,1529,3,34065000,1
40020.1389232,4,1530,2,34062000,1
40032.076847,4,1531,10,34065000,1
40043.2239826,4,1532,15,34061000,1
40056.6044928,4,1533,2,34057000,-1
40060.9742001,4,1534,25,34052000,1
40061.0078536,4,1535,3,34049000,-1
40061.7970367,4,1536,2,34052000,1
40072.6681712,4,1537,7,34049000,1
40083.5437313,4,1538,30,34046000,1
40091.1252749,4,1539,3,34043000,-1
40092.0285961,4,1540,22,34046000,-1
40093.4476445,4,1541,9,34049000,-1
40096.8870549,4,1542,2,34052000,1
40110.6515044,4,1543,4,34049000,1
40116.9645691,4,1544,1,34055000,1
40124.0371183,4,1545,6,34062000,1
40124.691337,4,1546,8,34059000,1
40127.9133924,4,1547,2,34055000,-1
40132.5264248,4,1548,15,34058000,-1
40141.0078693,4,1549,1,34061000,1
40144.7578991,4,1550,3,34068000,1
40144.7579071,4,1551,1,34065000,1
40147.0160928,4,1552,4,34068000,1
40151.7894359,4,1553,5,34064000,1
40157.5037682,4,1554,3,34061000,1
40197.3165771,4,1555,11,34064000,-1
40212.8769872,4,1556,31,34061000,-1
40222.9246243,4,1557,3,34064000,1
40238.1591146,4,1558,6,34060000,1
40259.4982948,4,1559,3,34057000,1
40262.5518736,4,1560,3,34054000,-1
40275.6201963,4,1561,2,34050000,1
40294.3727578,4,1562,18,34047000,-1
40303.0121337,4,1563,2,34050000,-1
40322.0978156,4,1564,3,34047000,-1
40327.5795407,4,1565,9,34044000,1
40340.4860657,4,1566,6,34050000,-1
40381.4325484,4,1567,1,34053000,-1
40387.2576576,4,1568,8,34056000,1
40395.91155,4,1569,7,34053000,1
40415.9958538,4,1570,9,34056000,-1
40431.1362427,4,1571,1,34059000,1
40459.3672209,4,1572,7,34063000,-1
40466.7840356,4,1573,2,34066000,1
40467.8929814,4,1574,1,34063000,1
40488.6781681,4,1575,4,34060000,1
40502.8493748,4,1576,6,34057000,1
40502.910454,4,1577,2,34054000,1
40504.4985421,4,1578,1,34051000,1
40507.64593,4,1579,1,34057000,-1
40510.0584707,4,1580,1,34060000,-1
40513.1471188,4,1581,1,34057000,1
40525.941906,4,1582,8,34054000,-1
40525.9956442,4,1583,1,34057000,-1
40537.7636903,4,1584,2,34054000,-1
40546.713525,4,1585,6,34050000,1
40561.9806765,4,1586,10,34047000,-1
40585.6056561,4,1587,13,34044000,-1
40588.2494831,4,1588,4,34041000,1
40588.7262184,4,1589,5,34038000,1
40591.8428316,4,1590,1,34035000,1
40593.8745342,4,1591,5,34038000,-1
40593.9383167,4,1592,1,34041000,-1
40595.1321667,4,1593,9,34038000,1
40597.7812212,4,1594,5,34043000,-1
40599.9635767,4,1595,3,34046000,-1
40601.5168312,4,1596,2,34042000,-1
40605.0221868,4,1597,1,34039000,-1
40611.565424,4,1598,1,34036000,-1
40612.0070846,4,1599,7,34033000,-1
40614.2926796,4,1600,2,34036000,1
40618.1313589,4,1601,35,34032000,1
40619.6763854,4,1602,1,34029000,1
40620.7497308,4,1603,15,34032000,-1
40639.9634284,4,1604,3,34035000,-1
40648.9167025,4,1605,5,34038000,1
40648.9179661,4,1606,15,34035000,1
40649.0652033,4,1607,15,34032000,1
40654.7967786,4,1608,9,34029000,1
40672.0010654,4,1609,24,34026000,1
40672.0010708,4,1610,1,34023000,1
40672.0351282,4,1611,1,34026000,-1
40679.8165353,4,1612,7,34023000,1
40683.6211229,4,1613,4,34028000,-1
40684.7805905,4,1614,1,34031000,-1
40705.01393,4,1615,1,34028000,-1
40709.1391514,4,1616,54,34025000,1
40709.2494405,4,1617,6,34022000,-1
40709.384043,4,1618,5,34019000,-1
40709.5586783,4,1619,4,34016000,1
40713.3147805,4,1620,10,34021000,1
40713.3910222,4,1621,18,34018000,1
40713.4588358,4,1622,1,34015000,-1
40713.504289,4,1623,40,34012000,1
40713.5052563,4,1624,19,34009000,1
40713.6306759,4,1625,16,34006000,-1
40714.6265354,4,1626,6,34010000,-1
40715.0460781,4,1627,4,34014000,-1
40716.252497,4,1628,8,34017000,-1
40716.3950498,4,1629,2,34020000,-1
40718.8771103,4,1630,1,34024000,1
40725.9159052,4,1631,16,34027000,1
40728.5525818,4,1632,3,34024000,-1
40731.5077633,4,1633,8,34027000,-1
40737.1741937,4,1634,4,34030000,1
40766.7822921,4,1635,17,34034000,1
40766.7988819,4,1636,6,34031000,1
40766.8216285,4,1637,2,34028000,-1
40773.9403038,4,1638,1,34031000,1
40784.5167433,4,1639,4,34034000,-1
40799.3373118,4,1640,7,34037000,1
40803.6470887,4,1641,3,34034000,-1
40825.4458846,4,1642,21,34037000,1
40830.2596125,4,1643,2,34034000,1
40836.6160968,4,1644,8,34030000,1
40839.3496737,4,1645,1,34024000,-1
40841.4918982,4,1646,9,34021000,1
40844.5055415,4,1647,3,34018000,-1
40845.9941764,4,1648,4,34021000,-1
40848.3477198,4,1649,6,34024000,-1
40856.0767615,4,1650,1,34027000,-1
40869.3957647,4,1651,5,34023000,1
40873.5851411,4,1652,1,34018000,-1
40885.1832276,4,1653,7,34015000,-1
40885.1874129,4,1654,1,34018000,-1
40908.416532,4,1655,13,34015000,-1
40908.5674344,4,1656,1,34018000,-1
40909.1163902,4,1657,13,34015000,1
40918.4907451,4,1658,8,34012000,1
40921.2234596,4,1659,7,34009000,1
40929.8083736,4,1660,2,34016000,-1
40929.919379,4,1661,6,34019000,-1
40932.5094557,4,1662,7,34022000,-1
40943.2898511,4,1663,2,34019000,-1
40948.0132074,4,1664,7,34022000,1
40948.0429469,4,1665,1,34018000,1
40984.0808356,4,1666,8,34021000,1
40984.080865,4,1667,1,34018000,1
40986.6118686,4,1668,9,34021000,-1
40990.3425496,4,1669,2,34024000,1
40991.374638,4,1670,3,34020000,-1
40991.9763041,4,1671,8,34023000,-1
40991.9801539,4,1672,16,34026000,-1
40992.0172104,4,1673,26,34029000,1
40998.0891538,4,1674,2,34033000,1
41003.7046934,4,1675,5,34030000,1
41015.4595984,4,1676,11,34027000,-1
41016.6200232,4,1677,2,34030000,-1
41025.2718429,4,1678,7,34038000,-1
41032.5820184,4,1679,1,34041000,1
41034.7601315,4,1680,1,34035000,1
41041.7989232,4,1681,5,34039000,1
41041.7989925,4,1682,1,34036000,1
41053.0908985,4,1683,3,34042000,-1
41071.370852,4,1684,46,34045000,-1
41071.3731469,4,1685,10,34048000,-1
41076.0500895,4,1686,5,34044000,1
41079.2269749,4,1687,13,34041000,1
41080.7531746,4,1688,3,34038000,1
41081.5008667,4,1689,9,34035000,1
41081.5047072,4,1690,1,34032000,1
41082.5399854,4,1691,19,34036000,1
41117.5351582,4,1692,1,34041000,1
41127.3194881,4,1693,3,34045000,1
41132.6061648,4,1694,2,34042000,1
41155.6895296,4,1695,1,34039000,1
41163.7494425,4,1696,3,34043000,1
41167.9701148,4,1697,7,34039000,1
41169.3030887,4,1698,21,34035000,-1
41170.5039583,4,1699,4,34032000,1
41171.4920832,4,1700,2,34029000,-1
41172.7123006,4,1701,3,34032000,-1
41184.3120465,4,1702,13,34035000,1
41193.2717392,4,1703,11,34032000,1
41208.4096404,4,1704,1,34035000,1
41221.7001208,4,1705,8,34030000,1
41222.3506407,4,1706,1,34026000,-1
41227.0085299,4,1707,11,34023000,-1
41229.9977718,4,1708,6,34026000,1
41233.5246378,4,1709,8,34023000,1
41244.1932548,4,1710,26,34020000,-1
41244.6342194,4,1711,1,34023000,-1
41248.7457837,4,1712,1,34016000,1
41263.2924497,4,1713,8,34019000,1
41264.2860487,4,1714,2,34014000,-1
41274.4402446,4,1715,4,34017000,-1
41287.3977508,4,1716,8,34023000,1
41294.7833368,4,1717,4,34020000,1
41302.4258394,4,1718,7,34017000,1
41306.0681547,4,1719,7,34014000,1
41309.0323828,4,1720,1,34017000,-1
41325.2865599,4,1721,5,34014000,1
41325.3345801,4,1722,3,34011000,-1
41330.8109955,4,1723,4,34014000,1
41345.8926428,4,1724,17,34017000,1
41349.3173054,4,1725,10,34014000,-1
41349.3253908,4,1726,2,34017000,-1
41355.2435757,4,1727,15,34012000,-1
41356.0102308,4,1728,1,34015000,-1
41357.4553171,4,1729,3,34012000,1
41358.8177862,4,1730,3,34008000,-1
41359.776061,4,1731,4,34011000,-1
41364.868097,4,1732,1,34016000,-1
41372.9187717,4,1733,1,34013000,1
41386.1368357,4,1734,24,34016000,1
41409.7813223,4,1735,15,34013000,1
41411.3440394,4,1736,12,34010000,1
41418.1837906,4,1737,21,34007000,1
41419.2064584,4,1738,2,34003000,-1
41421.8513763,4,1739,7,34007000,-1
41424.0226575,4,1740,6,34010000,-1
41432.9838841,4,1741,6,34013000,-1
41436.2060116,4,1742,1,34017000,-1
41436.6256958,4,1743,10,34014000,-1
41443.5884743,4,1744,19,34017000,1
41446.1954636,4,1745,2,34014000,-1
41449.6643101,4,1746,3,34017000,1
41455.1145951,4,1747,5,34021000,-1
41466.4450742,4,1748,33,34024000,-1
41474.9401526,4,1749,8,34027000,-1
41494.5406746,4,1750,4,34023000,1
41497.731273,4,1751,2,34026000,1
41517.2520713,4,1752,6,34029000,-1
41526.8874307,4,1753,1,34033000,1
41538.3425796,4,1754,3,34036000,1
41538.5087118,4,1755,7,34033000,1
41541.721223,4,1756,5,34030000,1
41541.813858,4,1757,14,34027000,1
41556.4775079,4,1758,5,34024000,-1
41557.6965619,4,1759,14,34027000,-1
41564.3654266,4,1760,6,34030000,-1
41585.5539369,4,1761,19,34033000,1
41598.461499,4,1762,10,34030000,1
41614.9225577,4,1763,23,34027000,1
41642.3142502,4,1764,3,34032000,-1
41655.5157798,4,1765,37,34035000,1
41655.5229945,4,1766,2,34032000,1
41663.3359292,4,1767,1,34029000,1
41667.5013629,4,1768,16,34035000,-1
41677.4506474,4,1769,9,34038000,-1
41697.0280841,4,1770,4,34033000,1
41702.336481,4,1771,4,34029000,1
41706.5885291,4,1772,7,34026000,1
41732.4460045,4,1773,1,34023000,-1
41739.8135803,4,1774,17,34020000,1
41743.7184069,4,1775,5,34017000,1
41743.7211004,4,1776,17,34014000,1
41743.7234595,4,1777,26,34011000,1
41762.5252039,4,1778,19,34008000,1
41765.828712,4,1779,14,34005000,1
41765.8498968,4,1780,1,34002000,1
41769.9370852,4,1781,35,34006000,-1
41771.0264313,4,1782,5,34009000,-1
41772.578651,4,1783,4,34012000,1
41772.5882883,4,1784,6,34009000,1
41774.3487561,4,1785,1,34006000,1
41778.110088,4,1786,12,34009000,1
41789.851291,4,1787,6,34006000,1
41791.0551678,4,1788,7,34003000,1
41791.1322546,4,1789,9,34000000,1
41791.2396979,4,1790,9,33996000,-1
41797.4827545,4,1791,4,33999000,1
41807.5283733,4,1792,33,33996000,1
41807.5345754,4,1793,27,33993000,1
41807.7450156,4,1794,22,33990000,1
41808.5750243,4,1795,1,33993000,1
41808.6701074,4,1796,1,33996000,-1
41809.4250537,4,1797,4,33993000,-1
41809.4250637,4,1798,1,33996000,-1
41809.9397763,4,1799,5,33993000,1
41819.1764295,4,1800,3,33990000,1
41821.0460982,4,1801,35,33987000,-1
41821.226581,4,1802,19,33984000,1
41821.2274749,4,1803,25,33981000,1
41821.2299354,4,1804,23,33978000,1
41821.2299773,4,1805,3,33975000,1
41821.2808452,4,1806,2,33979000,-1
41821.4824797,4,1807,5,33982000,-1
41821.5427923,4,1808,4,33979000,1
41822.4740331,4,1809,1,33976000,-1
41823.8367107,4,1810,1,33973000,1
41827.4785037,4,1811,1,33977000,-1
41828.4629248,4,1812,52,33972000,1
41828.5417175,4,1813,3,33969000,-1
41828.6151198,4,1814,1,33972000,-1
41829.3304797,4,1815,3,33969000,-1
41835.1460434,4,1816,11,33972000,1
41835.2790331,4,1817,1,33969000,1
41841.0835212,4,1818,13,33972000,1
41844.1187799,4,1819,3,33976000,-1
41846.3794938,4,1820,2,33979000,-1
41846.8016711,4,1821,1,33975000,-1
41848.2486532,4,1822,8,33978000,1
41850.0800668,4,1823,15,33975000,1
41853.92581,4,1824,8,33972000,1
41854.2442909,4,1825,1,33975000,-1
41855.2673525,4,1826,13,33971000,-1
41857.4942632,4,1827,3,33968000,1
41857.4964929,4,1828,14,33965000,1
41857.4974794,4,1829,64,33962000,1
41857.4989344,4,1830,23,33959000,1
41857.5016243,4,1831,27,33956000,1
41857.5028172,4,1832,17,33953000,1
41857.9560777,4,1833,2,33960000,-1
41869.8793217,4,1834,21,33957000,-1
41871.3757642,4,1835,1,33960000,1
41875.9312712,4,1836,1,33963000,-1
41876.3600989,4,1837,12,33960000,1
41881.1639817,4,1838,4,33957000,-1
41881.4519724,4,1839,3,33960000,1
41882.0247127,4,1840,9,33957000,1
41882.0247476,4,1841,2,33954000,1
41888.4052592,4,1842,64,33951000,1
41888.405368,4,1843,11,33948000,1
41888.4071432,4,1844,19,33945000,1
41888.4071484,4,1845,1,33942000,1
41888.5655531,4,1846,6,33946000,-1
41899.3437902,4,1847,21,33950000,1
41903.2105897,4,1848,6,33947000,1
41903.5800272,4,1849,1,33951000,-1
41904.4674995,4,1850,5,33948000,1
41905.8511409,4,1851,32,33945000,1
41908.5310061,4,1852,18,33949000,-1
41909.3793137,4,1853,4,33953000,-1
41916.3648185,4,1854,9,33956000,-1
41920.8551261,4,1855,3,33960000,1
41922.9728864,4,1856,3,33957000,1
41923.694549,4,1857,1,33954000,-1
41923.9487293,4,1858,2,33950000,1
41924.4074023,4,1859,10,33947000,-1
41924.4075017,4,1860,14,33950000,-1
41924.4514417,4,1861,1,33953000,-1
41924.8548212,4,1862,4,33950000,1
41924.9689862,4,1863,6,33947000,-1
41925.8449662,4,1864,12,33952000,-1
41925.8479148,4,1865,18,33955000,-1
41925.8503588,4,1866,27,33958000,-1
41926.5583164,4,1867,9,33961000,-1
41927.2655314,4,1868,8,33964000,1
41927.8511652,4,1869,1,33961000,-1
41929.6861722,4,1870,3,33955000,1
41929.9752458,4,1871,7,33952000,1
41931.1256059,4,1872,11,33949000,1
41931.5770933,4,1873,3,33954000,1
41931.7618165,4,1874,2,33951000,-1
41931.7618272,4,1875,1,33954000,-1
41932.5243687,4,1876,5,33951000,1
41934.9633174,4,1877,1,33948000,-1
41935.8655845,4,1878,5,33945000,1
41936.0236295,4,1879,4,33942000,-1
41936.9616073,4,1880,4,33945000,1
41939.1451654,4,1881,20,33942000,-1
41941.2203842,4,1882,11,33939000,-1
41941.4580468,4,1883,9,33942000,-1
41964.791553,4,1884,63,33945000,-1
41972.7475261,4,1885,20,33942000,-1
41991.4967308,4,1886,35,33945000,-1
41995.4842134,4,1887,17,33942000,-1
41995.5000228,4,1888,3,33945000,-1
41997.7034217,4,1889,1,33942000,-1
41999.486693,4,1890,5,33939000,1
42000.7099854,4,1891,1,33936000,1
42004.9463651,4,1892,14,33939000,-1
42005.2894157,4,1893,2,33942000,-1
42008.7342202,4,1894,1,33939000,-1
42008.7584163,4,1895,1,33936000,1
42010.2538813,4,1896,5,33939000,1
42012.3664285,4,1897,17,33936000,-1
42020.5077587,4,1898,20,33939000,-1
42020.870038,4,1899,22,33942000,-1
42022.3356627,4,1900,13,33945000,-1
42023.8368178,4,1901,4,33948000,-1
42035.7788153,4,1902,10,33944000,-1
42035.830119,4,1903,8,33947000,1
42036.1977031,4,1904,9,33943000,-1
42036.7836981,4,1905,1,33947000,-1
42040.0866848,4,1906,33,33944000,-1
42041.9794578,4,1907,5,33947000,-1
42042.5170914,4,1908,10,33950000,-1
42042.8880989,4,1909,3,33953000,1
42043.1067514,4,1910,1,33950000,1
42044.1024955,4,1911,8,33953000,-1
42044.4004664,4,1912,7,33956000,-1
42045.0106001,4,1913,6,33960000,-1
42045.6526017,4,1914,10,33963000,-1
42048.1439259,4,1915,13,33968000,-1
42049.4651587,4,1916,9,33963000,1
42049.6607,4,1917,4,33960000,1
42064.3867069,4,1918,12,33957000,-1
42067.0449756,4,1919,9,33954000,-1
42069.3201911,4,1920,16,33957000,-1
42069.3202084,4,1921,1,33960000,-1
42073.9173577,4,1922,9,33957000,-1
42078.0220523,4,1923,8,33960000,1
42083.5965431,4,1924,1,33964000,1
42083.6785897,4,1925,2,33961000,-1
42090.2344128,4,1926,13,33964000,-1
42094.182237,4,1927,6,33968000,-1
42101.9840621,4,1928,5,33964000,1
42115.3891948,4,1929,6,33961000,-1
42115.4829973,4,1930,6,33964000,1
42115.7798999,4,1931,7,33961000,-1
42118.2496055,4,1932,8,33964000,-1
42118.8509651,4,1933,4,33967000,1
42128.0650697,4,1934,1,33964000,-1
42133.5220455,4,1935,3,33961000,1
42137.0803945,4,1936,2,33958000,1
42142.8308523,4,1937,2,33955000,1
42150.5693858,4,1938,1,33952000,-1
42157.8466523,4,1939,3,33947000,-1
42160.7137181,4,1940,9,33950000,1
42164.5924155,4,1941,7,33947000,1
42165.2263347,4,1942,1,33944000,1
42168.0070011,4,1943,1,33947000,-1
42171.3494949,4,1944,8,33943000,-1
42172.0844437,4,1945,6,33946000,-1
42172.1854384,4,1946,2,33950000,1
42173.5854325,4,1947,7,33947000,-1
42173.6328919,4,1948,1,33951000,-1
42182.180069,4,1949,5,33947000,1
42192.3871659,4,1950,1,33950000,1
42195.5918355,4,1951,4,33953000,1
42197.5234918,4,1952,4,33948000,1
42204.0806701,4,1953,2,33945000,1
42214.8658782,4,1954,4,33949000,1
42227.8603948,4,1955,14,33946000,-1
42233.742484,4,1956,6,33950000,-1
42238.6149782,4,1957,2,33955000,-1
42238.6160835,4,1958,14,33958000,-1
42238.7290342,4,1959,2,33961000,1
42240.1547385,4,1960,4,33958000,1
42240.8182195,4,1961,3,33955000,-1
42240.9390706,4,1962,10,33958000,1
42242.3687185,4,1963,13,33968000,-1
42244.7150295,4,1964,4,33965000,1
42246.2634846,4,1965,3,33962000,-1
42246.2662269,4,1966,12,33965000,-1
42246.2703331,4,1967,20,33968000,-1
42246.2740369,4,1968,30,33971000,-1
42246.2772225,4,1969,26,33974000,-1
42246.3080264,4,1970,1,33963000,-1
42246.3665395,4,1971,5,33970000,1
42246.4405301,4,1972,6,33967000,-1
42247.360811,4,1973,2,33970000,-1
42248.8009156,4,1974,25,33973000,1
42250.9999942,4,1975,12,33970000,1
42252.0900507,4,1976,7,33965000,1
42252.6729482,4,1977,8,33962000,1
42254.5511029,4,1978,20,33959000,1
42256.4288144,4,1979,2,33962000,1
42257.7168158,4,1980,12,33959000,1
42257.7499344,4,1981,3,33956000,1
42262.0082851,4,1982,4,33966000,1
42262.1205501,4,1983,1,33963000,1
42263.5242241,4,1984,11,33966000,-1
42264.6932027,4,1985,3,33970000,-1
42274.9797898,4,1986,5,33973000,1
42286.2604652,4,1987,1,33970000,1
42293.4926523,4,1988,1,33973000,-1
42297.0326081,4,1989,8,33970000,1
42303.6168531,4,1990,5,33974000,-1
42312.6096897,4,1991,11,33977000,-1
42312.659684,4,1992,14,33980000,-1
42312.7393109,4,1993,19,33983000,1
42313.1271152,4,1994,2,33986000,1
42315.4687417,4,1995,25,33983000,-1
42330.7445936,4,1996,10,33986000,1
42331.1721442,4,1997,2,33983000,-1
42337.3529073,4,1998,11,33988000,-1
42337.9121219,4,1999,1,33991000,-1
42343.3205284,4,2000,3,33988000,-1
42343.6975834,4,2001,1,33991000,-1
42344.5719923,4,2002,22,33988000,1
42349.3440103,4,2003,9,33985000,1
42349.3900782,4,2004,1,33982000,-1
42352.9851762,4,2005,5,33979000,1
42355.7781962,4,2006,3,33975000,-1
42357.7266852,4,2007,9,33978000,1
42359.4832786,4,2008,28,33975000,1
42359.5758695,4,2009,1,33972000,1
42359.8434651,4,2010,1,33975000,-1
42371.3175927,4,2011,6,33972000,1
42371.3318438,4,2012,1,33969000,1
42375.3285294,4,2013,13,33973000,1
42382.0724913,4,2014,8,33965000,1
42383.0708503,4,2015,5,33962000,-1
42384.8938539,4,2016,11,33965000,1
42387.3945904,4,2017,10,33961000,1
42388.3705047,4,2018,4,33958000,-1
42392.4825897,4,2019,6,33961000,-1
42392.8363404,4,2020,1,33964000,-1
42403.1674328,4,2021,1,33960000,-1
42410.1934934,4,2022,1,33963000,-1
42419.9319377,4,2023,6,33960000,1
42424.5733113,4,2024,2,33965000,-1
42430.9007367,4,2025,1,33968000,-1
42432.826225,4,2026,5,33971000,-1
42442.705751,4,2027,4,33968000,-1
42485.3959083,4,2028,13,33971000,1
42500.1790811,4,2029,4,33976000,-1
42505.9522997,4,2030,8,33979000,-1
42505.9523257,4,2031,1,33982000,-1
42527.1972427,4,2032,1,33977000,1
42541.3344204,4,2033,9,33980000,-1
42545.2566054,4,2034,1,33983000,1
42564.0784284,4,2035,3,33978000,1
42569.2286584,4,2036,2,33983000,1
42570.3290652,4,2037,2,33979000,-1
42573.1574078,4,2038,8,33983000,1
42580.3565228,4,2039,1,33980000,1
42598.6899774,4,2040,1,33984000,1
42600.133181,4,2041,1,33987000,-1
42601.4392626,4,2042,5,33983000,-1
42612.7293897,4,2043,5,33986000,-1
42612.8286085,4,2044,8,33990000,-1
42612.8372807,4,2045,1,33994000,-1
42613.2762893,4,2046,7,33991000,1
42616.906529,4,2047,8,33988000,1
42623.0690124,4,2048,10,33991000,1
42626.3326118,4,2049,1,33994000,1
42633.3438774,4,2050,8,33997000,1
42634.2527235,4,2051,4,33994000,1
42634.2637897,4,2052,1,33991000,1
42637.173395,4,2053,3,33994000,1
42647.9078909,4,2054,1,33986000,-1
42654.3572923,4,2055,1,33981000,1
42663.7227857,4,2056,2,33984000,1
42668.4879628,4,2057,1,33981000,-1
42674.6991013,4,2058,4,33975000,-1
42674.7001083,4,2059,12,33978000,-1
42677.4896581,4,2060,9,33981000,-1
42681.2909398,4,2061,1,33984000,1
42698.4816226,4,2062,10,33988000,1
42702.6347818,4,2063,2,33984000,-1
42705.2694645,4,2064,2,33988000,-1
42707.3621069,4,2065,5,33991000,1
42722.0817395,4,2066,17,33987000,1
42731.5520125,4,2067,6,33984000,1
42745.6238058,4,2068,7,33990000,1
42746.6503013,4,2069,1,33987000,1
42765.4950881,4,2070,1,33990000,1
42773.4570854,4,2071,14,33995000,-1
42773.892019,4,2072,31,33998000,-1
42773.9630895,4,2073,3,34001000,1
42774.277041,4,2074,2,33998000,1
42778.1344824,4,2075,1,33995000,-1
42783.3500271,4,2076,5,33998000,-1
42783.4871855,4,2077,5,34001000,-1
42783.4911897,4,2078,1,34004000,-1
42784.3154585,4,2079,5,34001000,1
42789.8751062,4,2080,6,33997000,1
42793.1028853,4,2081,4,33994000,1
42793.6571292,4,2082,7,33991000,1
42796.5575816,4,2083,8,33988000,1
42796.8411351,4,2084,2,33985000,-1
42805.2286655,4,2085,4,33982000,-1
42805.2559771,4,2086,7,33985000,-1
42806.9246344,4,2087,4,33988000,-1
42822.4285409,4,2088,2,33993000,-1
42827.009643,4,2089,6,33990000,1
42829.8135924,4,2090,6,33987000,1
42831.3342861,4,2091,3,33984000,1
42837.6357982,4,2092,1,33987000,1
42848.3133411,4,2093,1,33983000,1
42856.1775065,4,2094,5,33986000,-1
42869.0622246,4,2095,8,33983000,-1
42888.6030914,4,2096,6,33986000,1
42890.5927641,4,2097,1,33983000,1
42902.9321605,4,2098,2,33987000,-1
42937.9396523,4,2099,5,33990000,1
42947.4726314,4,2100,4,33986000,1
42953.8298395,4,2101,3,33983000,-1
42963.1165843,4,2102,3,33986000,-1
42967.1253358,4,2103,5,33990000,-1
42967.4967067,4,2104,3,33993000,-1
42971.2361869,4,2105,9,33999000,1
42971.7268308,4,2106,3,33996000,1
42978.7368063,4,2107,7,33993000,-1
42982.4861934,4,2108,1,33990000,-1
42997.3612875,4,2109,7,33987000,-1
42997.3794604,4,2110,6,33990000,1
42999.9303381,4,2111,21,33996000,1
42999.9578021,4,2112,2,33992000,-1
43011.1217372,4,2113,6,33995000,-1
43025.6932365,4,2114,14,33991000,-1
43025.7060305,4,2115,1,33994000,-1
43029.1186902,4,2116,4,33991000,-1
43030.0175809,4,2117,1,33995000,-1
43036.3179723,4,2118,6,33992000,1
43042.2881455,4,2119,11,33989000,1
43058.3053499,4,2120,2,33986000,1
43058.3921468,4,2121,2,33983000,-1
43065.1136857,4,2122,6,33986000,-1
43067.0345823,4,2123,8,33989000,-1
43068.9754115,4,2124,1,33993000,-1
43070.3194694,4,2125,7,33990000,1
43076.2430817,4,2126,3,33987000,-1
43077.5560893,4,2127,1,33990000,-1
43083.9644183,4,2128,13,33987000,-1
43089.3530678,4,2129,10,33990000,-1
43109.5545779,4,2130,9,33993000,-1
43113.2281288,4,2131,6,33996000,-1
43117.3568754,4,2132,1,34000000,-1
43125.0203583,4,2133,2,33997000,-1
43126.3670978,4,2134,6,34000000,-1
43131.2595706,4,2135,3,34003000,-1
43132.5867298,4,2136,8,34006000,-1
43133.7856094,4,2137,17,34009000,-1
43133.785615,4,2138,1,34012000,-1
43135.473674,4,2139,2,34009000,1
43135.5947124,4,2140,7,34006000,1
43144.2671667,4,2141,6,34003000,1
43153.9761807,4,2142,2,34007000,-1
43162.912016,4,2143,1,34004000,-1
43164.6853023,4,2144,3,34000000,-1
43167.7164403,4,2145,8,34003000,-1
43168.0909277,4,2146,3,34006000,1
43168.0909361,4,2147,1,34003000,1
43168.6467588,4,2148,1,34006000,-1
43179.6922157,4,2149,1,34009000,-1
43182.5028543,4,2150,3,33999000,1
43184.5085467,4,2151,3,33995000,1
43195.2730614,4,2152,1,33999000,1
43201.2830701,4,2153,4,33996000,-1
43205.069458,4,2154,2,33999000,-1
43206.4326789,4,2155,2,34003000,1
43207.2856253,4,2156,2,34000000,-1
43212.1675305,4,2157,8,34003000,-1
43228.1368011,4,2158,4,34006000,1
43230.5377093,4,2159,3,34003000,1
43234.9169032,4,2160,1,34000000,1
43238.2471411,4,2161,1,34004000,-1
43240.2063031,4,2162,9,34001000,1
43250.7785118,4,2163,3,33997000,1
43252.0182494,4,2164,1,33994000,-1
43258.8834087,4,2165,1,33991000,-1
43262.6295639,4,2166,3,33996000,1
43266.3439091,4,2167,2,33999000,1
43275.830912,4,2168,2,33995000,1
43282.2133352,4,2169,6,33992000,-1
43293.1670678,4,2170,1,33996000,-1
43307.539018,4,2171,3,33990000,-1
43311.0566885,4,2172,12,33985000,-1
43315.0522774,4,2173,5,33988000,1
43315.5792541,4,2174,4,33985000,1
43318.4368827,4,2175,18,33982000,1
43321.3067299,4,2176,6,33979000,-1
43322.377216,4,2177,3,33984000,1
43323.4636674,4,2178,5,33980000,1
43336.3896778,4,2179,6,33977000,1
43339.3683908,4,2180,3,33974000,1
43340.1827986,4,2181,5,33971000,1
43342.5314997,4,2182,9,33968000,-1
43342.5427106,4,2183,1,33971000,-1
43352.9417051,4,2184,12,33968000,-1
43356.5870391,4,2185,1,33971000,-1
43358.1636541,4,2186,4,33974000,1
43366.3631989,4,2187,1,33971000,-1
43367.2684055,4,2188,5,33975000,-1
43367.3221055,4,2189,2,33979000,-1
43367.5481592,4,2190,3,33982000,1
43376.6819589,4,2191,6,33979000,-1
43399.3842296,4,2192,8,33975000,1
43404.7283909,4,2193,1,33972000,1
43417.8885955,4,2194,6,33976000,-1
43420.8787749,4,2195,1,33979000,-1
43432.0539603,4,2196,2,33974000,-1
43444.200969,4,2197,1,33977000,-1
43455.8221891,4,2198,4,33973000,-1
43459.0526657,4,2199,6,33976000,-1
43460.74311,4,2200,23,33979000,-1
43462.3104175,4,2201,2,33982000,-1
43476.4871076,4,2202,2,33985000,1
43478.5250939,4,2203,1,33982000,-1
43494.1520935,4,2204,13,33985000,-1
43494.1521118,4,2205,1,33988000,-1
43498.4609553,4,2206,6,33985000,1
43498.8328251,4,2207,2,33982000,1
43509.6068311,4,2208,2,33986000,1
43514.3596319,4,2209,8,33990000,-1
43520.4166714,4,2210,2,33993000,-1
43527.7774938,4,2211,12,33996000,-1
43560.4410613,4,2212,17,33999000,1
43560.9757024,4,2213,1,33995000,-1
43562.5278732,4,2214,1,34000000,-1
43573.2124533,4,2215,5,33997000,-1
43584.1569908,4,2216,3,34000000,1
43590.3355283,4,2217,2,33997000,-1
43591.5226988,4,2218,9,34000000,-1
43595.3288399,4,2219,5,34003000,-1
43597.08001,4,2220,8,34006000,-1
43623.9821323,4,2221,12,34009000,1
43632.5567801,4,2222,12,34013000,1
43644.1266658,4,2223,3,34010000,1
43663.7344893,4,2224,14,34015000,-1
43681.2777368,4,2225,15,34019000,-1
43681.7494471,4,2226,7,34022000,-1
43687.1658964,4,2227,9,34025000,1
43687.896981,4,2228,1,34021000,-1
43696.5742147,4,2229,6,34024000,-1
43703.8671165,4,2230,2,34027000,1
43707.5988153,4,2231,1,34024000,1
43716.0166263,4,2232,6,34027000,1
43718.1858834,4,2233,1,34024000,1
43728.8494321,4,2234,5,34028000,-1
43735.8859026,4,2235,4,34031000,1
43740.3623535,4,2236,5,34034000,1
43741.8454531,4,2237,25,34039000,-1
43741.8477125,4,2238,20,34042000,-1
43741.8477558,4,2239,1,34045000,-1
43744.5140687,4,2240,9,34042000,1
43748.6764816,4,2241,5,34039000,1
43751.0545112,4,2242,10,34042000,1
43753.0966918,4,2243,1,34039000,1
43755.7239458,4,2244,8,34042000,1
43758.79271,4,2245,2,34039000,1
43773.2212794,4,2246,32,34042000,1
43785.0198386,4,2247,6,34045000,-1
43791.6978307,4,2248,19,34040000,1
43794.9889141,4,2249,6,34043000,1
43809.4164169,4,2250,41,34040000,1
43817.3366543,4,2251,10,34043000,-1
43821.6504593,4,2252,6,34046000,-1
43829.6876371,4,2253,30,34049000,-1
43829.6876426,4,2254,1,34052000,-1
43831.7638541,4,2255,7,34049000,1
43855.2792208,4,2256,25,34045000,1
43855.3855649,4,2257,24,34042000,1
43855.5662709,4,2258,11,34039000,1
43856.3973002,4,2259,1,34036000,1
43862.1965343,4,2260,1,34040000,1
43862.9749221,4,2261,1,34043000,-1
43866.7539899,4,2262,2,34040000,-1
43869.4880821,4,2263,4,34043000,1
43871.4420693,4,2264,8,34040000,1
43874.8605607,4,2265,18,34037000,1
43877.2206071,4,2266,1,34033000,1
43898.9082143,4,2267,1,34036000,1
43908.9074022,4,2268,19,34041000,-1
43918.1615157,4,2269,3,34035000,1
43927.3015486,4,2270,3,34038000,1
43934.6123963,4,2271,7,34035000,1
43936.2079399,4,2272,41,34032000,1
43942.9484032,4,2273,5,34029000,1
43944.0356519,4,2274,3,34026000,-1
43950.039215,4,2275,13,34023000,1
43950.1544348,4,2276,11,34020000,1
43955.6210292,4,2277,7,34023000,1
43974.0748788,4,2278,21,34020000,-1
43982.4315621,4,2279,1,34023000,1
43994.7523376,4,2280,26,34026000,-1
43994.7891348,4,2281,1,34029000,-1
43995.4288322,4,2282,9,34026000,1
43995.4698297,4,2283,4,34023000,1
43995.5723774,4,2284,4,34019000,1
43996.0222909,4,2285,8,34016000,1
44002.8222118,4,2286,3,34013000,1
44004.218726,4,2287,3,34016000,-1
44021.8692726,4,2288,16,34011000,1
44043.7033027,4,2289,11,34008000,1
44054.3148366,4,2290,12,34005000,-1
44070.2755843,4,2291,1,34008000,-1
44091.0065485,4,2292,11,34004000,1
44100.4793885,4,2293,19,34001000,1
44110.7875335,4,2294,12,33998000,1
44110.7893986,4,2295,17,33995000,1
44110.7894084,4,2296,1,33992000,1
44112.9181413,4,2297,3,33996000,-1
44117.5023682,4,2298,7,33999000,-1
44121.2982826,4,2299,3,34002000,-1
44123.7710177,4,2300,2,34005000,-1
44125.1005521,4,2301,3,34009000,-1
44131.2175165,4,2302,2,34012000,1
44135.191204,4,2303,1,34015000,-1
44142.4056862,4,2304,13,34012000,1
44143.8970981,4,2305,3,34009000,1
44153.5268111,4,2306,6,34006000,-1
44153.9347094,4,2307,2,34010000,-1
44158.9470225,4,2308,7,34013000,-1
44159.71819,4,2309,3,34016000,-1
44161.9298443,4,2310,10,34019000,-1
44164.8580473,4,2311,6,34024000,1
44167.3503481,4,2312,1,34021000,1
44171.0438333,4,2313,12,34025000,-1
44172.2370781,4,2314,1,34028000,-1
44194.5336598,4,2315,13,34025000,1
44196.1531791,4,2316,3,34022000,1
44221.1673895,4,2317,1,34018000,-1
44227.6482993,4,2318,3,34015000,-1
44229.2019404,4,2319,2,34018000,1
44229.4257799,4,2320,17,34015000,1
44236.7430418,4,2321,10,34012000,1
44243.7908146,4,2322,1,34009000,1
44249.3887081,4,2323,2,34019000,-1
44265.7126337,4,2324,8,34023000,-1
44302.7409863,4,2325,8,34018000,1
44310.7447923,4,2326,1,34013000,1
44325.230774,4,2327,2,34016000,1
44334.3837589,4,2328,18,34010000,1
44343.6762106,4,2329,15,34007000,1
44353.2749699,4,2330,27,34004000,1
44358.3965837,4,2331,3,34008000,1
44358.6794716,4,2332,1,34005000,1
44363.4678837,4,2333,2,34008000,-1
44363.6635373,4,2334,7,34011000,1
44366.7847226,4,2335,1,34008000,1
44371.5580409,4,2336,1,34011000,1
44379.1398145,4,2337,6,34008000,-1
44380.8292628,4,2338,69,34011000,-1
44380.8293287,4,2339,4,34014000,-1
44385.3369768,4,2340,1,34009000,1
44389.6304302,4,2341,4,34006000,1
44389.7200849,4,2342,1,34002000,1
44392.2077154,4,2343,2,34005000,1
44392.8315403,4,2344,3,34002000,-1
44396.2269886,4,2345,34,34005000,-1
44399.5301294,4,2346,1,34000000,1
44400.1482563,4,2347,18,34005000,-1
44400.2656235,4,2348,12,34008000,-1
44400.3958813,4,2349,8,34011000,-1
44400.440689,4,2350,14,34007000,1
44400.5048869,4,2351,1,34004000,1
44405.1480722,4,2352,3,34007000,-1
44411.7892471,4,2353,15,34010000,-1
44412.907447,4,2354,18,34005000,1
44412.9928969,4,2355,1,34002000,1
44419.7401138,4,2356,8,34005000,1
44420.2689473,4,2357,4,34002000,1
44426.4699398,4,2358,22,33999000,1
44426.8428161,4,2359,4,33996000,1
44433.2777108,4,2360,6,33993000,-1
44450.0734759,4,2361,1,33997000,1
44452.149353,4,2362,9,34000000,-1
44454.9914994,4,2363,3,34003000,-1
44455.8857492,4,2364,2,34006000,-1
44456.9942959,4,2365,5,34009000,-1
44457.0238842,4,2366,3,34012000,1
44457.4302745,4,2367,6,34009000,-1
44457.8204575,4,2368,1,34012000,1
44457.8662783,4,2369,4,34015000,1
44460.2088859,4,2370,6,34012000,1
44460.5936203,4,2371,1,34017000,1
44460.6560592,4,2372,6,34020000,1
44463.1300313,4,2373,16,34024000,1
44468.7664482,4,2374,5,34021000,1
44476.4861825,4,2375,27,34025000,1
44476.773246,4,2376,2,34028000,-1
44476.8602625,4,2377,18,34031000,1
44476.8720636,4,2378,2,34034000,1
44480.0270489,4,2379,2,34031000,1
44482.1538995,4,2380,5,34034000,1
44486.2524938,4,2381,8,34031000,-1
44486.4164187,4,2382,1,34028000,-1
44493.4387897,4,2383,1,34031000,-1
44501.4740428,4,2384,11,34035000,-1
44503.3119973,4,2385,19,34038000,-1
44506.9112744,4,2386,3,34041000,1
44527.1571466,4,2387,2,34038000,-1
44528.4729133,4,2388,2,34035000,1
44528.5619612,4,2389,11,34032000,1
44528.7079148,4,2390,5,34028000,1
44528.7901962,4,2391,2,34025000,1
44529.1037999,4,2392,6,34022000,1
44530.107978,4,2393,1,34019000,1
44531.0533753,4,2394,4,34022000,-1
44541.9167235,4,2395,1,34025000,-1
44545.7320488,4,2396,1,34021000,1
44548.694067,4,2397,6,34024000,-1
44568.4490095,4,2398,4,34021000,1
44568.5812749,4,2399,2,34017000,-1
44572.0867236,4,2400,1,34020000,1
44572.0943044,4,2401,1,34023000,-1
44578.5192862,4,2402,1,34020000,1
44584.0946625,4,2403,3,34024000,-1
44584.1158614,4,2404,1,34028000,-1
44587.4983427,4,2405,4,34024000,1
44590.411696,4,2406,8,34030000,1
44595.8256498,4,2407,14,34027000,1
44595.8303092,4,2408,1,34024000,1
44610.503675,4,2409,10,34020000,-1
44615.6422699,4,2410,2,34024000,1
44619.0623325,4,2411,7,34021000,1
44619.9534463,4,2412,2,34017000,-1
44620.9268428,4,2413,1,34021000,1
44624.1195286,4,2414,1,34024000,-1
44632.822356,4,2415,2,34027000,1
44642.8102912,4,2416,6,34024000,-1
44660.8440175,4,2417,23,34028000,1
44668.2284589,4,2418,9,34024000,1
44668.5737648,4,2419,16,34021000,1
44674.5949667,4,2420,1,34027000,1
44698.0133039,4,2421,5,34030000,1
44698.2666144,4,2422,1,34027000,1
44700.8961468,4,2423,1,34022000,-1
44701.3351795,4,2424,1,34026000,1
44708.4379641,4,2425,2,34031000,-1
44709.2406876,4,2426,4,34034000,1
44715.7260122,4,2427,14,34031000,1
44723.0387968,4,2428,4,34028000,-1
44745.2305385,4,2429,1,34031000,-1
44745.7843587,4,2430,19,34028000,1
44754.0656577,4,2431,3,34025000,-1
44755.6410387,4,2432,2,34022000,-1
44756.6042899,4,2433,3,34025000,-1
44760.3573465,4,2434,2,34028000,1
44761.3433209,4,2435,2,34025000,1
44765.0791287,4,2436,4,34028000,-1
44765.2682582,4,2437,3,34031000,1
44766.4738313,4,2438,7,34028000,1
44777.7680364,4,2439,1,34025000,1
44801.5355655,4,2440,1,34030000,1
44817.9651578,4,2441,3,34035000,-1
44822.0769267,4,2442,7,34032000,1
44843.4050928,4,2443,4,34035000,1
44846.281039,4,2444,2,34040000,1
44860.3912786,4,2445,9,34037000,1
44872.6211003,4,2446,1,34034000,1
44873.5871779,4,2447,13,34038000,1
44885.9288082,4,2448,7,34035000,1
44909.4167829,4,2449,14,34038000,-1
44914.3711904,4,2450,14,34041000,1
44931.5360937,4,2451,17,34038000,1
44931.5397741,4,2452,11,34035000,1
44940.5611574,4,2453,7,34038000,1
44941.2529234,4,2454,9,34035000,1
44942.6165616,4,2455,1,34032000,1
44943.3494997,4,2456,1,34035000,-1
44950.6679202,4,2457,13,34032000,-1
44955.3409964,4,2458,7,34035000,-1
44957.8743474,4,2459,1,34038000,1
44957.9060434,4,2460,5,34041000,-1
44958.1748641,4,2461,6,34044000,-1
44959.0524674,4,2462,3,34041000,1
44971.0326792,4,2463,8,34038000,1
44974.1890066,4,2464,6,34035000,1
44986.5796792,4,2465,1,34031000,1
44999.5669359,4,2466,8,34034000,-1
44999.8323668,4,2467,1,34037000,-1
45001.0899394,4,2468,1,34034000,1
45001.2914855,4,2469,1,34042000,-1
45001.2935539,4,2470,6,34046000,-1
45002.3040231,4,2471,8,34049000,1
45002.3554608,4,2472,1,34043000,1
45002.5862426,4,2473,3,34049000,1
45002.607193,4,2474,1,34043000,1
45004.7627096,4,2475,8,34046000,1
45006.2003079,4,2476,2,34042000,1
45010.8327356,4,2477,10,34045000,1
45011.0633466,4,2478,5,34041000,-1
45014.4798694,4,2479,7,34044000,-1
45014.8214782,4,2480,1,34041000,-1
45017.8849032,4,2481,2,34038000,-1
45019.7637398,4,2482,8,34048000,-1
45019.7951469,4,2483,5,34051000,-1
45021.9560769,4,2484,12,34054000,-1
45022.2637784,4,2485,3,34057000,-1
45022.7434245,4,2486,7,34060000,1
45022.8487487,4,2487,10,34063000,-1
45022.9289434,4,2488,19,34066000,1
45024.0806671,4,2489,7,34063000,1
45024.0806754,4,2490,1,34060000,1
45025.1133541,4,2491,4,34063000,1
45026.9915111,4,2492,5,34059000,-1
45027.5734521,4,2493,6,34056000,1
45028.4492088,4,2494,7,34059000,-1
45029.1957651,4,2495,7,34062000,-1
45029.1957906,4,2496,3,34065000,-1
45030.2764596,4,2497,1,34060000,-1
45032.3998964,4,2498,2,34063000,-1
45033.2843654,4,2499,8,34066000,1
45033.3281887,4,2500,4,34063000,1
45034.5024591,4,2501,1,34060000,1
45034.957438,4,2502,20,34065000,1
45034.9856357,4,2503,6,34062000,1
45036.0394044,4,2504,17,34065000,1
45036.6598619,4,2505,8,34068000,-1
45037.3772227,4,2506,1,34071000,1
45039.0855872,4,2507,21,34074000,1
45039.2835664,4,2508,1,34071000,1
45039.5578147,4,2509,1,34076000,-1
45040.0724291,4,2510,4,34073000,1
45040.3809086,4,2511,1,34070000,1
45040.5690015,4,2512,5,34073000,-1
45041.3093341,4,2513,10,34076000,-1
45041.3434589,4,2514,1,34080000,-1
45042.292792,4,2515,9,34077000,1
45042.2949765,4,2516,14,34074000,1
45042.7323493,4,2517,8,34071000,1
45042.7683947,4,2518,1,34068000,1
45043.0594684,4,2519,1,34075000,-1
45044.3103497,4,2520,1,34072000,1
45044.9058011,4,2521,11,34076000,-1
45046.9264173,4,2522,14,34079000,1
45047.3835585,4,2523,5,34076000,-1
45048.209918,4,2524,5,34079000,1
45048.905122,4,2525,12,34075000,1
45049.6048172,4,2526,7,34072000,1
45050.9189271,4,2527,27,34069000,-1
45056.0134531,4,2528,16,34072000,1
45056.4764222,4,2529,10,34069000,1
45056.4764332,4,2530,1,34066000,1
45057.4722912,4,2531,17,34069000,1
45059.2663915,4,2532,1,34072000,-1
45060.4758851,4,2533,6,34068000,1
45062.3190571,4,2534,15,34065000,1
45063.4269313,4,2535,14,34062000,1
45063.4269375,4,2536,1,34059000,1
45063.6239145,4,2537,4,34062000,1
45063.7945601,4,2538,2,34059000,1
45065.18072,4,2539,3,34056000,-1
45066.6644195,4,2540,14,34052000,1
45066.6657116,4,2541,13,34049000,1
45068.0083301,4,2542,25,34046000,1
45068.4346697,4,2543,7,34050000,-1
45069.2829905,4,2544,7,34053000,-1
45069.6344941,4,2545,2,34056000,1
45069.8587233,4,2546,1,34053000,1
45070.6656911,4,2547,1,34057000,1
45071.5721818,4,2548,7,34062000,1
45072.9177668,4,2549,1,34067000,1
45074.0946599,4,2550,7,34070000,1
45074.1581743,4,2551,20,34067000,-1
45074.2686593,4,2552,1,34062000,1
45074.3532966,4,2553,5,34059000,1
45074.4115375,4,2554,3,34056000,1
45074.7091484,4,2555,3,34061000,1
45074.775212,4,2556,1,34058000,1
45076.6605662,4,2557,6,34062000,1
45077.7213756,4,2558,6,34059000,1
45079.1310244,4,2559,8,34055000,1
45079.8575132,4,2560,1,34052000,1
45080.570272,4,2561,2,34055000,1
45083.9427853,4,2562,12,34060000,1
45085.9150786,4,2563,26,34063000,1
45086.8459018,4,2564,2,34060000,1
45087.5440994,4,2565,8,34063000,-1
45088.1898307,4,2566,5,34066000,1
45088.1964267,4,2567,1,34063000,1
45090.1043573,4,2568,13,34067000,1
45090.8868789,4,2569,1,34064000,1
45092.4302021,4,2570,19,34067000,1
45092.5322209,4,2571,4,34063000,1
45096.55529,4,2572,18,34060000,1
45097.6495078,4,2573,1,34065000,1
45098.6452145,4,2574,1,34069000,-1
45100.6728521,4,2575,1,34066000,1
45105.6170534,4,2576,25,34069000,1
45105.6792365,4,2577,7,34066000,1
45105.7224566,4,2578,23,34063000,-1
45105.7730633,4,2579,6,34060000,1
45105.9115249,4,2580,2,34057000,1
45106.7288719,4,2581,1,34052000,1
45107.2099829,4,2582,9,34055000,-1
45107.2503646,4,2583,9,34058000,-1
45107.5324323,4,2584,1,34054000,-1
45108.2132919,4,2585,3,34051000,-1
45108.8110737,4,2586,1,34054000,-1
45110.8439166,4,2587,5,34051000,-1
45111.4626295,4,2588,3,34054000,1
45111.9673832,4,2589,4,34050000,1
45112.6479337,4,2590,5,34046000,-1
45112.7520148,4,2591,4,34049000,-1
45112.7520226,4,2592,1,34052000,-1
45113.2895524,4,2593,2,34049000,1
45114.259763,4,2594,1,34045000,1
45115.595819,4,2595,12,34051000,-1
45117.304101,4,2596,2,34054000,-1
45118.9175814,4,2597,1,34057000,-1
45119.1178442,4,2598,3,34054000,1
45123.0984509,4,2599,6,34051000,-1
45126.9281361,4,2600,3,34055000,-1
45127.9587844,4,2601,2,34058000,-1
45128.6222202,4,2602,6,34061000,-1
45128.6222303,4,2603,1,34064000,-1
45130.4935249,4,2604,6,34061000,1
45130.6813398,4,2605,2,34058000,1
45131.3094338,4,2606,1,34052000,1
45131.7561108,4,2607,2,34055000,1
45133.5446176,4,2608,4,34051000,1
45136.4628346,4,2609,2,34048000,-1
45136.6549448,4,2610,7,34051000,-1
45142.2313632,4,2611,7,34057000,1
45144.7803849,4,2612,2,34054000,1
45144.9095543,4,2613,13,34057000,1
45147.2140549,4,2614,1,34053000,-1
45150.3418499,4,2615,1,34050000,-1
45153.1808128,4,2616,2,34053000,-1
45159.6035441,4,2617,2,34057000,1
45160.2231952,4,2618,1,34060000,1
45160.8863758,4,2619,1,34064000,-1
45163.3501826,4,2620,2,34067000,1
45165.4250022,4,2621,5,34070000,1
45167.8614893,4,2622,10,34067000,1
45168.1656274,4,2623,4,34064000,1
45168.5758972,4,2624,2,34061000,1
45171.7497456,4,2625,7,34058000,-1
45176.2111094,4,2626,4,34062000,-1
45180.4074931,4,2627,3,34055000,-1
45182.306608,4,2628,4,34052000,1
45183.2941102,4,2629,9,34047000,1
45183.7877227,4,2630,3,34050000,1
45183.7877336,4,2631,1,34047000,1
45201.0300223,4,2632,14,34050000,1
45201.7443469,4,2633,3,34055000,1
45202.8230781,4,2634,3,34052000,-1
45212.8154584,4,2635,2,34057000,-1
45216.677917,4,2636,4,34045000,1
45220.702082,4,2637,10,34042000,1
45222.0830805,4,2638,1,34046000,1
45223.8974231,4,2639,6,34042000,1
45223.8974607,4,2640,5,34039000,1
45224.1175335,4,2641,2,34043000,-1
45228.3038317,4,2642,3,34046000,1
45231.2009295,4,2643,17,34049000,1
45231.2263651,4,2644,9,34052000,-1
45231.3284575,4,2645,2,34049000,1
45231.3762607,4,2646,1,34046000,1
45234.1199133,4,2647,1,34043000,1
45239.1351216,4,2648,2,34040000,1
45239.978713,4,2649,2,34037000,1
45240.243766,4,2650,1,34034000,-1
45244.7996973,4,2651,3,34038000,1
45246.5856786,4,2652,6,34034000,1
45248.1758469,4,2653,2,34031000,1
45250.2731627,4,2654,1,34028000,1
45250.8638438,4,2655,13,34031000,-1
45252.6541223,4,2656,9,34034000,-1
45254.8771808,4,2657,4,34030000,-1
45261.6311367,4,2658,15,34026000,1
45261.8704792,4,2659,1,34023000,-1
45262.4932596,4,2660,2,34027000,1
45265.1926729,4,2661,4,34024000,1
45266.6777095,4,2662,1,34021000,1
45267.4865658,4,2663,5,34024000,-1
45268.4952457,4,2664,6,34030000,-1
45269.1090469,4,2665,3,34033000,1
45270.3643296,4,2666,8,34036000,-1
45271.2983611,4,2667,5,34039000,-1
45272.4743392,4,2668,3,34042000,1
45272.4875476,4,2669,1,34039000,-1
45273.824471,4,2670,6,34044000,-1
45274.3105294,4,2671,2,34047000,1
45275.3168505,4,2672,1,34044000,1
45277.3377008,4,2673,11,34049000,-1
45277.3831529,4,2674,3,34052000,1
45277.4009301,4,2675,8,34049000,1
45281.3442666,4,2676,14,34046000,1
45282.155015,4,2677,7,34043000,1
45283.7164198,4,2678,1,34039000,1
45288.175677,4,2679,7,34035000,-1
45290.8680895,4,2680,4,34031000,1
45291.5963029,4,2681,1,34028000,1
45296.9480252,4,2682,2,34032000,-1
45299.4858602,4,2683,1,34038000,-1
45300.4918693,4,2684,3,34041000,1
45300.6416083,4,2685,10,34038000,-1
45301.1603854,4,2686,8,34035000,-1
45302.3972979,4,2687,9,34040000,-1
45302.4748905,4,2688,7,34043000,-1
45303.1752927,4,2689,15,34048000,-1
45304.1861818,4,2690,18,34051000,-1
45304.3103814,4,2691,2,34054000,-1
45304.6542067,4,2692,1,34051000,-1
45305.1970336,4,2693,6,34048000,-1
45306.3066367,4,2694,14,34051000,-1
45307.7214339,4,2695,4,34047000,-1
45308.3282194,4,2696,6,34050000,-1
45308.9559447,4,2697,11,34053000,-1
45309.974755,4,2698,19,34056000,-1
45311.384346,4,2699,14,34059000,1
45313.951534,4,2700,7,34056000,1
45319.3807732,4,2701,10,34060000,-1
45319.4425931,4,2702,7,34063000,-1
45319.8331843,4,2703,42,34066000,-1
45320.3111876,4,2704,9,34069000,1
45320.9095115,4,2705,6,34066000,1
45324.8779414,4,2706,20,34063000,-1
45324.8779724,4,2707,1,34066000,-1
45326.3434946,4,2708,4,34062000,-1
45332.7541253,4,2709,6,34056000,-1
45333.099798,4,2710,7,34059000,1
45334.6230575,4,2711,2,34056000,1
45334.7877728,4,2712,2,34059000,1
45338.8045168,4,2713,2,34055000,1
45340.1856367,4,2714,2,34050000,-1
45345.2777337,4,2715,5,34054000,-1
45348.9322915,4,2716,5,34058000,-1
45354.2788455,4,2717,4,34053000,-1
45357.2073485,4,2718,2,34048000,-1
45362.1703716,4,2719,2,34052000,-1
45363.2976224,4,2720,1,34055000,1
45368.0041578,4,2721,1,34061000,1
45368.5320961,4,2722,8,34064000,-1
45368.5321016,4,2723,1,34067000,-1
45368.5896784,4,2724,9,34062000,1
45370.4498949,4,2725,1,34059000,-1
45377.3807619,4,2726,10,34056000,1
45378.7416546,4,2727,1,34060000,1
45382.5414069,4,2728,3,34063000,1
45385.0192989,4,2729,7,34060000,1
45387.4354925,4,2730,6,34054000,-1
45387.5204311,4,2731,2,34057000,1
45391.7373031,4,2732,4,34054000,-1
45392.8507829,4,2733,5,34057000,-1
45394.2459677,4,2734,2,34053000,1
45399.3990133,4,2735,3,34050000,-1
45402.3281747,4,2736,2,34057000,1
45405.3382266,4,2737,1,34060000,1
45409.9459754,4,2738,1,34057000,-1
45413.5371433,4,2739,5,34060000,1
45419.5035316,4,2740,12,34055000,1
45419.5280965,4,2741,1,34052000,1
45421.4436008,4,2742,20,34055000,1
45421.4436114,4,2743,1,34052000,1
45422.8085896,4,2744,5,34055000,1
45422.808607,4,2745,1,34052000,1
45425.8117766,4,2746,14,34055000,-1
45433.3737247,4,2747,1,34059000,-1
45441.7801433,4,2748,4,34056000,1
45450.5333289,4,2749,14,34053000,-1
45450.6913102,4,2750,2,34056000,-1
45452.6167319,4,2751,1,34059000,-1
45455.6115053,4,2752,17,34056000,-1
45455.6680515,4,2753,9,34059000,-1
45458.495648,4,2754,4,34054000,-1
45462.1589094,4,2755,5,34057000,-1
45462.160209,4,2756,5,34060000,-1
45462.2010553,4,2757,2,34063000,1
45465.0416362,4,2758,8,34069000,-1
45470.8833593,4,2759,17,34072000,-1
45471.945064,4,2760,7,34075000,-1
45472.3484067,4,2761,8,34078000,-1
45472.5873558,4,2762,11,34083000,-1
45472.626272,4,2763,1,34086000,-1
45475.5466353,4,2764,7,34083000,1
45476.3358982,4,2765,15,34080000,1
45477.4430739,4,2766,42,34077000,1
45480.1373881,4,2767,7,34080000,1
45480.3530134,4,2768,7,34077000,-1
45480.5506965,4,2769,10,34080000,-1
45481.9960378,4,2770,7,34077000,1
45482.67254,4,2771,1,34073000,1
45487.5311649,4,2772,8,34077000,-1
45487.7916772,4,2773,1,34080000,-1
45488.684284,4,2774,4,34077000,-1
45493.4597863,4,2775,49,34080000,1
45493.4771029,4,2776,2,34077000,1
45493.8166183,4,2777,1,34074000,1
45496.5339221,4,2778,12,34077000,-1
45496.5353304,4,2779,2,34080000,-1
45499.0887117,4,2780,1,34077000,-1
45501.9993336,4,2781,1,34073000,1
45502.3885586,4,2782,6,34076000,-1
45502.4411588,4,2783,5,34079000,-1
45505.1895951,4,2784,6,34082000,-1
45505.2845083,4,2785,17,34085000,-1
45505.4074844,4,2786,47,34088000,-1
45505.4222072,4,2787,23,34091000,-1
45505.4247988,4,2788,26,34094000,-1
45505.4934334,4,2789,20,34097000,1
45505.8388661,4,2790,4,34094000,1
45506.3607289,4,2791,27,34098000,-1
45507.2880155,4,2792,3,34094000,1
45509.1377077,4,2793,11,34091000,1
45513.5189963,4,2794,2,34088000,1
45514.5548737,4,2795,3,34094000,-1
45515.2966449,4,2796,2,34097000,1
45515.387798,4,2797,1,34094000,1
45517.3950891,4,2798,8,34098000,-1
45518.9344321,4,2799,9,34095000,-1
45520.4125189,4,2800,22,34098000,-1
45521.6189695,4,2801,8,34101000,-1
45521.8303854,4,2802,3,34104000,-1
45523.4250272,4,2803,2,34101000,1
45524.3411683,4,2804,4,34104000,-1
45524.3854683,4,2805,3,34107000,-1
45524.438869,4,2806,21,34110000,-1
45524.442788,4,2807,1,34113000,-1
45524.4838583,4,2808,7,34110000,1
45524.4850375,4,2809,1,34107000,1
45525.1739242,4,2810,5,34110000,1
45525.4680481,4,2811,4,34107000,-1
45525.6595435,4,2812,1,34110000,1
45525.9965292,4,2813,17,34106000,1
45526.1044515,4,2814,7,34103000,1
45526.647344,4,2815,1,34100000,1
45528.7098381,4,2816,3,34104000,1
45528.8829325,4,2817,1,34101000,1
45535.974962,4,2818,12,34104000,1
45537.8562944,4,2819,33,34101000,1
45540.680083,4,2820,4,34098000,1
45540.851318,4,2821,1,34095000,1
45542.0176934,4,2822,7,34098000,-1
45543.7048574,4,2823,4,34101000,1
45546.7467832,4,2824,10,34098000,1
45546.7494087,4,2825,17,34095000,1
45550.7722112,4,2826,53,34092000,-1
45557.5740471,4,2827,9,34089000,-1
45557.686202,4,2828,7,34092000,-1
45557.774944,4,2829,10,34095000,-1
45558.6884511,4,2830,8,34098000,-1
45559.5473077,4,2831,9,34102000,-1
45560.3479679,4,2832,14,34105000,-1
45560.9083501,4,2833,6,34102000,-1
45561.8025487,4,2834,8,34105000,1
45562.1140747,4,2835,9,34102000,1
45562.1140802,4,2836,1,34099000,1
45562.1889615,4,2837,6,34102000,-1
45562.6271484,4,2838,16,34105000,-1
45563.8369753,4,2839,10,34108000,-1
45564.1426823,4,2840,1,34112000,-1
45564.4612807,4,2841,2,34108000,-1
45567.4368019,4,2842,5,34111000,-1
45568.7911619,4,2843,2,34108000,-1
45568.9670077,4,2844,1,34111000,-1
45569.581998,4,2845,3,34108000,-1
45570.3992456,4,2846,11,34111000,-1
45570.7053831,4,2847,4,34114000,1
45584.9727038,4,2848,3,34111000,1
45585.6768651,4,2849,1,34108000,1
45585.8899489,4,2850,1,34111000,-1
45586.9730442,4,2851,10,34108000,-1
45592.6736292,4,2852,23,34111000,-1
45603.9882771,4,2853,13,34108000,1
45605.5838221,4,2854,3,34105000,1
45605.7951141,4,2855,1,34102000,1
45607.280857,4,2856,2,34106000,1
45608.2220705,4,2857,1,34103000,-1
45609.1162758,4,2858,10,34100000,1
45610.4700054,4,2859,2,34097000,1
45610.5743553,4,2860,1,34093000,1
45611.2670415,4,2861,7,34096000,-1
45611.8905394,4,2862,5,34099000,1
45612.6476273,4,2863,2,34096000,1
45613.3006675,4,2864,2,34092000,-1
45613.325338,4,2865,1,34095000,-1
45615.3402136,4,2866,1,34091000,1
45621.0561756,4,2867,22,34094000,1
45622.9702222,4,2868,4,34090000,1
45626.3076318,4,2869,5,34095000,1
45626.5953567,4,2870,1,34092000,1
45626.9490037,4,2871,6,34095000,-1
45634.5156164,4,2872,1,34098000,-1
45637.1224908,4,2873,12,34094000,1
45643.0560463,4,2874,4,34091000,-1
45643.0568753,4,2875,4,34094000,-1
45643.5190547,4,2876,2,34097000,1
45644.3449375,4,2877,9,34094000,-1
45645.6772655,4,2878,3,34097000,1
45654.0347353,4,2879,6,34094000,1
45655.0150475,4,2880,1,34090000,1
45658.7135934,4,2881,2,34093000,1
45659.3310982,4,2882,1,34090000,-1
45661.3524584,4,2883,4,34093000,1
45663.9148436,4,2884,6,34090000,1
45666.4906619,4,2885,6,34086000,1
45673.5550371,4,2886,8,34083000,1
45676.430263,4,2887,12,34080000,1
45677.6185127,4,2888,2,34083000,-1
45683.412787,4,2889,1,34086000,1
45686.958857,4,2890,1,34094000,-1
45687.7544778,4,2891,10,34089000,1
45691.1345104,4,2892,3,34086000,1
45693.5230003,4,2893,1,34082000,-1
45699.3246607,4,2894,1,34079000,-1
45703.644505,4,2895,2,34085000,1
45712.8552775,4,2896,2,34082000,1
45714.0965597,4,2897,3,34079000,1
45717.1520006,4,2898,3,34076000,1
45719.984018,4,2899,2,34073000,-1
45722.4788906,4,2900,3,34076000,-1
45726.6289745,4,2901,1,34080000,1
45729.877339,4,2902,8,34092000,-1
45731.3084094,4,2903,2,34095000,1
45731.7151441,4,2904,1,34092000,1
45732.8584542,4,2905,1,34095000,-1
45735.4228398,4,2906,5,34092000,1
45738.9328986,4,2907,13,34089000,1
45739.8295783,4,2908,4,34086000,-1
45739.8295882,4,2909,1,34089000,-1
45750.5085556,4,2910,1,34086000,1
45751.9094757,4,2911,8,34089000,-1
45756.8675945,4,2912,2,34092000,1
45762.6892519,4,2913,10,34095000,1
45765.2822329,4,2914,1,34092000,1
45765.8640877,4,2915,5,34089000,1
45769.6507569,4,2916,1,34086000,1
45769.9641171,4,2917,1,34089000,-1
45774.7341751,4,2918,9,34086000,1
45775.8377675,4,2919,3,34082000,-1
45775.8434175,4,2920,1,34085000,-1
45780.1837283,4,2921,14,34080000,-1
45781.2543712,4,2922,5,34084000,1
45785.8371612,4,2923,12,34081000,-1
45791.5300301,4,2924,1,34078000,1
45792.5867229,4,2925,1,34081000,-1
45797.8048692,4,2926,3,34084000,-1
45800.0911327,4,2927,1,34090000,-1
45808.3396858,4,2928,1,34087000,1
45808.8309496,4,2929,1,34090000,-1
45831.3345905,4,2930,36,34086000,1
45831.6932167,4,2931,8,34083000,1
45832.7474583,4,2932,7,34080000,1
45833.0601683,4,2933,1,34077000,1
45833.3618161,4,2934,2,34080000,-1
45833.4102224,4,2935,1,34083000,-1
45841.4583268,4,2936,1,34080000,1
45857.5845171,4,2937,8,34085000,1
45858.3022966,4,2938,11,34082000,1
45859.7106028,4,2939,6,34079000,-1
45863.8146688,4,2940,2,34082000,1
45864.1682373,4,2941,3,34086000,1
45865.9942005,4,2942,1,34083000,1
45874.8755893,4,2943,10,34086000,-1
45877.0394889,4,2944,6,34089000,-1
45877.0884255,4,2945,7,34092000,-1
45877.1255289,4,2946,6,34095000,-1
45877.1376512,4,2947,17,34098000,-1
45882.4268995,4,2948,10,34095000,-1
45886.8131804,4,2949,5,34098000,1
45891.1453028,4,2950,20,34101000,1
45891.6690238,4,2951,4,34098000,1
45892.2768244,4,2952,9,34094000,1
45902.2073554,4,2953,16,34091000,1
45908.9681269,4,2954,8,34094000,1
45910.1868098,4,2955,4,34091000,1
45912.8740609,4,2956,1,34086000,1
45913.4608326,4,2957,1,34091000,-1
45916.1945958,4,2958,1,34097000,-1
45919.2281915,4,2959,3,34093000,1
45920.2141859,4,2960,1,34090000,1
45924.2087469,4,2961,3,34093000,-1
45931.8311254,4,2962,11,34097000,1
45933.1055653,4,2963,6,34100000,-1
45933.8865105,4,2964,2,34103000,1
45934.1632791,4,2965,1,34100000,1
45937.0362128,4,2966,5,34103000,1
45941.7470766,4,2967,6,34099000,1
45942.0255706,4,2968,4,34096000,1
45942.380862,4,2969,3,34093000,1
45954.8926143,4,2970,7,34090000,1
45955.5912387,4,2971,4,34085000,1
45957.1975514,4,2972,8,34081000,1
45958.345449,4,2973,5,34078000,1
45958.3949159,4,2974,2,34075000,-1
45958.7369986,4,2975,1,34078000,-1
45967.0204084,4,2976,16,34073000,1
45967.0660732,4,2977,27,34070000,1
45967.3781752,4,2978,1,34067000,1
45983.0366353,4,2979,25,34072000,1
45994.1441809,4,2980,8,34069000,1
45998.8157814,4,2981,1,34073000,-1
46000.6095817,4,2982,1,34069000,-1
46009.4014037,4,2983,4,34073000,1
46010.3745433,4,2984,4,34076000,-1
46022.9449045,4,2985,7,34070000,1
46023.3963125,4,2986,17,34067000,1
46023.4378387,4,2987,9,34064000,1
46023.6106206,4,2988,1,34061000,1
46027.370657,4,2989,1,34065000,1
46028.8120294,4,2990,2,34068000,1
46029.066202,4,2991,1,34065000,1
46031.0653519,4,2992,7,34062000,-1
46035.0717896,4,2993,1,34066000,1
46039.8197992,4,2994,4,34070000,-1
46047.4589515,4,2995,13,34073000,1
46047.4589698,4,2996,1,34070000,1
46052.8106421,4,2997,13,34073000,1
46053.4426739,4,2998,7,34070000,1
46054.4524902,4,2999,1,34067000,1
46054.5893555,4,3000,11,34071000,-1
46054.5894002,4,3001,9,34074000,-1
46063.5375939,4,3002,6,34071000,-1
46063.5444717,4,3003,13,34074000,-1
46063.5631867,4,3004,15,34077000,-1
46063.6565784,4,3005,12,34080000,-1
46063.6565954,4,3006,1,34083000,-1
46066.9844354,4,3007,4,34080000,1
46073.3681903,4,3008,23,34077000,1
46075.9887233,4,3009,2,34080000,-1
46084.758967,4,3010,10,34083000,1
46090.553338,4,3011,2,34079000,-1
46093.4615871,4,3012,5,34085000,1
46095.9334229,4,3013,15,34090000,-1
46100.0693947,4,3014,6,34093000,1
46106.6535091,4,3015,25,34090000,1
46107.2002607,4,3016,3,34087000,1
46108.6083732,4,3017,2,34084000,-1
46110.0471573,4,3018,17,34087000,-1
46115.8387799,4,3019,20,34090000,1
46118.1834908,4,3020,4,34084000,1
46119.0614936,4,3021,18,34081000,1
46122.3497092,4,3022,13,34078000,1
46122.9195583,4,3023,2,34075000,-1
46127.9752535,4,3024,3,34078000,1
46142.5983988,4,3025,16,34075000,-1
46142.7249315,4,3026,2,34078000,1
46147.7505925,4,3027,3,34075000,1
46157.8754089,4,3028,2,34079000,-1
46161.9116565,4,3029,5,34075000,1
46177.8028861,4,3030,3,34081000,1
46178.6857743,4,3031,3,34078000,1
46182.6399032,4,3032,1,34083000,1
46194.9464109,4,3033,6,34077000,1
46200.2483583,4,3034,4,34084000,-1
46200.3162155,4,3035,1,34087000,-1
46203.7088902,4,3036,1,34084000,1
46204.3269282,4,3037,1,34087000,-1
46205.5557959,4,3038,4,34084000,1
46205.5813285,4,3039,2,34081000,-1
46210.9871539,4,3040,10,34084000,1
46214.8455888,4,3041,2,34081000,-1
46219.3397889,4,3042,2,34084000,1
46230.0876959,4,3043,6,34081000,-1
46232.629629,4,3044,7,34087000,-1
46232.6296411,4,3045,1,34090000,-1
46239.7188797,4,3046,8,34085000,1
46253.2061659,4,3047,3,34082000,1
46255.3730876,4,3048,1,34079000,1
46266.8664829,4,3049,1,34086000,1
46269.649143,4,3050,44,34091000,-1
46269.8047058,4,3051,1,34094000,-1
46273.3540303,4,3052,12,34087000,1
46274.6370199,4,3053,22,34090000,1
46274.7393659,4,3054,1,34083000,1
46278.4844594,4,3055,4,34086000,1
46283.8840282,4,3056,2,34082000,1
46291.1887744,4,3057,3,34086000,1
46297.7346822,4,3058,3,34083000,1
46302.3803876,4,3059,10,34088000,1
46302.4015345,4,3060,19,34085000,-1
46302.4027573,4,3061,1,34088000,-1
46318.0701516,4,3062,11,34084000,-1
46322.8578569,4,3063,2,34087000,-1
46327.2555069,4,3064,12,34090000,-1
46328.0706329,4,3065,8,34093000,-1
46332.5646349,4,3066,6,34096000,-1
46334.3934045,4,3067,15,34100000,-1
46337.9430349,4,3068,2,34103000,1
46350.4422704,4,3069,2,34100000,-1
46356.9878639,4,3070,4,34095000,1
46362.4296554,4,3071,3,34092000,1
46364.3272289,4,3072,1,34095000,1
46367.7819859,4,3073,15,34098000,-1
46367.936285,4,3074,1,34101000,-1
46377.5125068,4,3075,1,34096000,1
46378.8236583,4,3076,7,34102000,1
46379.1018693,4,3077,3,34099000,1
46380.2281435,4,3078,1,34096000,1
46391.7252892,4,3079,2,34101000,1
46391.7934523,4,3080,6,34098000,1
46394.1416669,4,3081,10,34102000,-1
46399.5322679,4,3082,1,34093000,-1
46400.4412401,4,3083,2,34090000,1
46400.5040971,4,3084,1,34086000,1
46400.5283251,4,3085,2,34089000,-1
46402.6266881,4,3086,10,34093000,-1
46402.9135086,4,3087,3,34096000,1
46407.0936354,4,3088,10,34093000,-1
46410.8586864,4,3089,4,34090000,-1
46414.3472216,4,3090,3,34094000,-1
46414.3544487,4,3091,1,34097000,-1
46415.1257657,4,3092,1,34094000,1
46415.1489451,4,3093,1,34097000,-1
46419.6969478,4,3094,15,34094000,1
46430.237737,4,3095,37,34091000,-1
46431.0388952,4,3096,4,34094000,-1
46431.3767114,4,3097,4,34097000,1
46432.6328264,4,3098,6,34094000,1
46432.6328518,4,3099,1,34091000,1
46434.7086336,4,3100,1,34095000,1
46434.8051903,4,3101,13,34098000,-1
46437.7596678,4,3102,14,34101000,-1
46439.9264002,4,3103,44,34104000,-1
46440.5260149,4,3104,7,34107000,-1
46448.1713688,4,3105,9,34104000,1
46452.2954751,4,3106,17,34101000,1
46464.8585049,4,3107,17,34098000,1
46464.8600317,4,3108,2,34095000,1
46468.1647872,4,3109,4,34098000,-1
46478.7061432,4,3110,3,34101000,-1
46480.2269937,4,3111,1,34104000,-1
46483.9302457,4,3112,3,34101000,-1
46485.1170334,4,3113,6,34098000,1
46485.9236981,4,3114,1,34093000,1
46488.3157583,4,3115,1,34090000,1
46498.8819314,4,3116,3,34098000,1
46498.8882379,4,3117,1,34095000,1
46501.0344351,4,3118,7,34098000,-1
46510.3041858,4,3119,3,34094000,1
46520.3410369,4,3120,2,34091000,1
46523.0176823,4,3121,1,34096000,1
46535.6372886,4,3122,5,34100000,-1
46553.3164256,4,3123,1,34103000,-1
46556.060166,4,3124,5,34098000,-1
46556.0601747,4,3125,1,34101000,-1
46559.6360513,4,3126,1,34097000,1
46559.7852555,4,3127,2,34094000,1
46562.5821673,4,3128,2,34098000,-1
46564.486467,4,3129,2,34094000,-1
46564.5077036,4,3130,1,34097000,-1
46569.6744499,4,3131,4,34100000,1
46572.0153629,4,3132,1,34097000,1
46592.2432508,4,3133,14,34100000,-1
46592.9600078,4,3134,1,34103000,-1
46593.0917936,4,3135,3,34100000,-1
46595.7896586,4,3136,8,34103000,-1
46596.1096623,4,3137,1,34106000,1
46597.8874319,4,3138,3,34109000,-1
46615.1390934,4,3139,1,34104000,1
46619.4350672,4,3140,1,34111000,-1
46619.5881414,4,3141,2,34107000,-1
46620.6980823,4,3142,3,34110000,1
46625.6760002,4,3143,3,34107000,-1
46626.7351294,4,3144,5,34104000,1
46626.8449828,4,3145,23,34101000,1
46630.2131193,4,3146,1,34098000,1
46634.9733955,4,3147,5,34101000,1
46635.6344106,4,3148,2,34098000,-1
46636.1826892,4,3149,1,34093000,1
46638.0824345,4,3150,19,34099000,-1
46642.7795561,4,3151,4,34102000,1
46645.06096,4,3152,2,34099000,1
46648.4412869,4,3153,1,34093000,1
46670.8279182,4,3154,7,34097000,-1
46672.0348028,4,3155,1,34100000,-1
46691.4940324,4,3156,3,34096000,1
46695.5767165,4,3157,4,34093000,1
46696.7647741,4,3158,1,34097000,-1
46700.2274477,4,3159,2,34092000,-1
46702.3932533,4,3160,6,34097000,1
46718.0977126,4,3161,9,34100000,1
46733.1483436,4,3162,19,34097000,1
46741.3073818,4,3163,4,34094000,-1
46743.0791429,4,3164,6,34098000,-1
46744.1336184,4,3165,4,34101000,1
46745.0087025,4,3166,4,34098000,-1
46753.1802934,4,3167,10,34101000,1
46754.8091405,4,3168,1,34096000,1
46766.8466047,4,3169,11,34099000,1
46770.8472709,4,3170,2,34096000,1
46790.4252274,4,3171,4,34093000,1
46794.6951464,4,3172,31,34090000,-1
46795.0216938,4,3173,2,34093000,1
46795.0894948,4,3174,1,34089000,1
46795.1488134,4,3175,1,34092000,-1
46799.9432729,4,3176,4,34089000,-1
46801.2686294,4,3177,1,34092000,-1
46803.1021609,4,3178,10,34088000,1
46803.6969973,4,3179,5,34085000,1
46804.5579926,4,3180,5,34082000,-1
46805.3501197,4,3181,6,34085000,-1
46806.2948121,4,3182,1,34088000,1
46810.0916416,4,3183,9,34093000,-1
46810.4665352,4,3184,5,34097000,-1
46812.6330897,4,3185,7,34100000,1
46812.6596665,4,3186,20,34097000,-1
46812.8087743,4,3187,18,34094000,-1
46813.4547986,4,3188,8,34097000,-1
46815.5969235,4,3189,1,34100000,1
46816.4023722,4,3190,8,34103000,-1
46816.4352909,4,3191,2,34106000,-1
46819.7316363,4,3192,1,34095000,-1
46820.8254683,4,3193,8,34100000,1
46821.9914557,4,3194,3,34097000,-1
46826.3323108,4,3195,2,34101000,1
46826.8679177,4,3196,29,34098000,1
46827.0699921,4,3197,2,34095000,-1
46829.1401776,4,3198,5,34098000,1
46830.1696349,4,3199,3,34101000,1
46833.8661452,4,3200,4,34098000,1
46835.3605473,4,3201,14,34095000,1
46841.6007859,4,3202,1,34092000,-1
46842.9077182,4,3203,5,34095000,-1
46844.1733368,4,3204,2,34098000,1
46844.3425133,4,3205,1,34095000,1
46844.5317715,4,3206,1,34098000,-1
46845.2544963,4,3207,1,34094000,1
46850.5961818,4,3208,2,34099000,-1
46851.8346142,4,3209,5,34103000,-1
46859.7912289,4,3210,6,34100000,1
46861.5801053,4,3211,2,34097000,1
46864.984263,4,3212,3,34100000,1
46865.3189835,4,3213,5,34097000,1
46865.35931,4,3214,1,34094000,-1
46867.5971864,4,3215,8,34098000,-1
46867.6311952,4,3216,4,34101000,1
46872.6084624,4,3217,2,34098000,-1
46874.2286192,4,3218,16,34102000,-1
46878.4761914,4,3219,3,34099000,1
46887.9433877,4,3220,10,34096000,1
46894.0208333,4,3221,2,34100000,1
46896.0482059,4,3222,7,34097000,1
46898.1729612,4,3223,5,34094000,1
46908.9782208,4,3224,14,34090000,1
46910.9684512,4,3225,2,34086000,1
46914.1114382,4,3226,2,34083000,-1
46914.272876,4,3227,1,34086000,-1
46916.2782957,4,3228,4,34083000,1
46916.2783114,4,3229,1,34080000,1
46917.8432216,4,3230,2,34083000,1
46920.2835191,4,3231,16,34080000,1
46923.278378,4,3232,6,34077000,-1
46923.324757,4,3233,3,34080000,1
46927.1617626,4,3234,8,34083000,1
46933.3591385,4,3235,2,34080000,-1
46934.3344398,4,3236,4,34075000,1
46936.4993607,4,3237,2,34072000,-1
46936.5392415,4,3238,8,34075000,-1
46936.6055269,4,3239,7,34078000,-1
46939.0353604,4,3240,14,34081000,-1
46939.0929906,4,3241,4,34084000,1
46940.9141188,4,3242,2,34081000,-1
46942.9184971,4,3243,1,34084000,1
46947.918152,4,3244,2,34081000,-1
46947.9577622,4,3245,9,34084000,-1
46948.4381806,4,3246,1,34088000,1
46951.4792204,4,3247,7,34092000,-1
46951.588445,4,3248,16,34095000,-1
46959.6561498,4,3249,10,34098000,-1
46962.1567179,4,3250,5,34101000,-1
46968.8676721,4,3251,8,34104000,-1
46968.9273048,4,3252,6,34107000,-1
46970.5886426,4,3253,21,34110000,-1
46970.7273187,4,3254,3,34113000,1
46973.2230007,4,3255,2,34110000,-1
46973.3955103,4,3256,25,34113000,-1
46973.46141,4,3257,15,34116000,-1
46973.4648722,4,3258,37,34119000,-1
46973.4665156,4,3259,25,34122000,-1
46973.4691107,4,3260,16,34125000,-1
46973.7490387,4,3261,8,34121000,-1
46973.9854342,4,3262,1,34118000,-1
46974.7394456,4,3263,15,34114000,1
46975.0145311,4,3264,6,34111000,1
46975.0792979,4,3265,3,34108000,1
46975.5893515,4,3266,1,34105000,-1
46976.5140836,4,3267,3,34097000,-1
46978.3064305,4,3268,1,34100000,1
46980.7481624,4,3269,4,34104000,-1
46983.8142742,4,3270,1,34107000,1
46985.1877337,4,3271,3,34113000,1
46988.4433033,4,3272,6,34110000,1
46992.0426658,4,3273,2,34107000,-1
46993.0615365,4,3274,10,34110000,1
46996.6487913,4,3275,1,34107000,1
46999.9562894,4,3276,1,34110000,1
47012.1371706,4,3277,14,34113000,1
47016.5562026,4,3278,1,34110000,1
47017.6536428,4,3279,3,34113000,-1
47022.7807351,4,3280,2,34116000,1
47026.2191611,4,3281,2,34113000,-1
47027.9779997,4,3282,1,34116000,-1
47032.8330481,4,3283,3,34113000,1
47035.1419633,4,3284,2,34116000,1
47036.8476038,4,3285,1,34113000,1
47040.0358711,4,3286,4,34118000,1
47040.168816,4,3287,1,34114000,1
47044.2764648,4,3288,1,34117000,1
47058.7136092,4,3289,1,34120000,1
47060.0096406,4,3290,1,34123000,-1
47060.5992559,4,3291,1,34120000,1
47062.4333459,4,3292,1,34123000,-1
47067.7155573,4,3293,2,34119000,1
47068.9903795,4,3294,1,34123000,1
47070.341439,4,3295,42,34126000,-1
47071.3731329,4,3296,16,34129000,1
47072.0698205,4,3297,4,34126000,-1
47073.902567,4,3298,16,34129000,-1
47076.0713849,4,3299,1,34132000,-1
47087.061623,4,3300,21,34135000,1
47088.9719108,4,3301,2,34132000,-1
47089.8343989,4,3302,2,34135000,1
47090.380543,4,3303,1,34132000,1
47091.2386584,4,3304,2,34135000,1
47097.4874365,4,3305,7,34132000,1
47100.1106555,4,3306,1,34129000,-1
47102.2531051,4,3307,8,34132000,-1
47103.2317017,4,3308,17,34135000,-1
47104.4393693,4,3309,18,34138000,-1
47109.5927312,4,3310,34,34141000,1
47110.9481364,4,3311,6,34137000,1
47114.3962135,4,3312,2,34134000,-1
47120.272405,4,3313,7,34138000,1
47120.6243318,4,3314,1,34135000,1
47124.4310872,4,3315,1,34140000,-1
47127.4494361,4,3316,35,34143000,-1
47131.4421579,4,3317,7,34146000,1
47136.9484317,4,3318,18,34143000,1
47137.161764,4,3319,6,34140000,-1
47139.2795937,4,3320,3,34143000,-1
47139.8801189,4,3321,5,34140000,1
47139.9255782,4,3322,1,34137000,1
47140.0516845,4,3323,1,34140000,-1
47141.8537472,4,3324,8,34136000,-1
47149.103979,4,3325,4,34139000,1
47149.6417357,4,3326,1,34136000,1
47155.5751396,4,3327,1,34139000,-1
47161.3286062,4,3328,5,34143000,1
47161.5104596,4,3329,1,34140000,1
47165.5459213,4,3330,6,34144000,1
47168.2287395,4,3331,10,34141000,1
47169.3358677,4,3332,1,34138000,1
47170.4795423,4,3333,2,34141000,-1
47172.3231729,4,3334,4,34144000,1
47174.7251203,4,3335,2,34141000,-1
47175.1392694,4,3336,3,34144000,1
47179.3916692,4,3337,11,34141000,1
47179.9237106,4,3338,1,34138000,1
47188.2393035,4,3339,7,34142000,-1
47195.1146624,4,3340,10,34139000,1
47197.4987936,4,3341,5,34136000,-1
47198.3173074,4,3342,5,34139000,-1
47199.0544855,4,3343,2,34142000,1
47202.8395816,4,3344,2,34135000,-1
47206.0061456,4,3345,4,34138000,1
47206.0061537,4,3346,1,34135000,1
47206.6928612,4,3347,4,34138000,-1
47214.1971017,4,3348,4,34142000,1
47214.4893015,4,3349,1,34138000,-1
47214.5720389,4,3350,2,34141000,1
47215.5752799,4,3351,2,34136000,-1
47215.5752957,4,3352,1,34139000,-1
47227.7903857,4,3353,15,34136000,1
47230.6174075,4,3354,22,34133000,1
47232.2436377,4,3355,13,34130000,-1
47232.4272664,4,3356,2,34133000,1
47239.4153597,4,3357,7,34130000,1
47239.6886081,4,3358,8,34127000,-1
47240.434917,4,3359,11,34130000,-1
47241.2800483,4,3360,3,34133000,1
47250.5128043,4,3361,12,34130000,1
47255.1033626,4,3362,20,34126000,1
47255.5021421,4,3363,9,34123000,1
47280.770493,4,3364,16,34120000,1
47281.4122598,4,3365,8,34116000,1
47285.0574423,4,3366,23,34112000,1
47285.4940715,4,3367,15,34109000,1
47286.7523588,4,3368,24,34106000,1
47288.333279,4,3369,20,34103000,1
47288.9925281,4,3370,4,34100000,1
47289.8171772,4,3371,2,34107000,1
47290.1844058,4,3372,4,34104000,1
47292.6858005,4,3373,24,34101000,-1
47292.7176034,4,3374,12,34098000,-1
47292.8406199,4,3375,3,34101000,-1
47296.1062005,4,3376,7,34104000,1
47298.8377089,4,3377,6,34099000,1
47300.100404,4,3378,3,34096000,-1
47300.1004438,4,3379,1,34099000,-1
47300.7135933,4,3380,5,34096000,-1
47301.0559404,4,3381,2,34099000,1
47304.9966468,4,3382,10,34096000,1
47308.1393816,4,3383,12,34093000,1
47310.5399151,4,3384,16,34096000,1
47311.5891721,4,3385,5,34093000,1
47312.7989908,4,3386,5,34097000,-1
47315.8036279,4,3387,6,34100000,-1
47321.6861053,4,3388,3,34103000,1
47341.7436995,4,3389,13,34100000,1
47349.277096,4,3390,1,34097000,-1
47358.3513337,4,3391,10,34101000,-1
47365.3321706,4,3392,10,34104000,1
47365.8620702,4,3393,2,34101000,-1
47367.651177,4,3394,4,34104000,-1
47368.0972664,4,3395,6,34107000,-1
47372.3272366,4,3396,8,34111000,-1
47381.2263947,4,3397,3,34114000,-1
47381.2297562,4,3398,20,34117000,-1
47381.5837248,4,3399,3,34120000,1
47388.4504691,4,3400,16,34117000,1
47388.4516422,4,3401,4,34114000,1
47391.0584483,4,3402,2,34117000,1
47395.7567772,4,3403,2,34113000,1
47407.1559238,4,3404,6,34108000,1
47412.6563558,4,3405,11,34105000,1
47419.709461,4,3406,3,34101000,1
47426.951691,4,3407,1,34104000,1
47432.0862036,4,3408,7,34101000,1
47433.133136,4,3409,9,34098000,1
47436.8647888,4,3410,25,34095000,-1
47440.1005806,4,3411,5,34098000,1
47447.4706988,4,3412,5,34103000,-1
47451.0957734,4,3413,2,34106000,1
47454.8540177,4,3414,1,34110000,1
47457.1072176,4,3415,3,34113000,1
47457.2124159,4,3416,9,34110000,-1
47464.3219759,4,3417,5,34113000,1
47472.971541,4,3418,7,34110000,1
47473.4400935,4,3419,4,34106000,1
47477.5651256,4,3420,3,34110000,1
47482.1096357,4,3421,3,34106000,1
47485.8450702,4,3422,7,34103000,1
47491.9543548,4,3423,6,34100000,1
47498.3823965,4,3424,6,34097000,1
47516.8454069,4,3425,5,34094000,1
47520.2031827,4,3426,17,34091000,1
47520.2184393,4,3427,2,34088000,-1
47524.0594958,4,3428,10,34091000,-1
47524.8881008,4,3429,1,34094000,-1
47527.6762499,4,3430,2,34091000,1
47537.0963189,4,3431,7,34096000,1
47538.6960536,4,3432,1,34100000,-1
47539.8362961,4,3433,21,34097000,-1
47541.066754,4,3434,1,34100000,-1
47544.5293759,4,3435,5,34096000,1
47544.632819,4,3436,6,34093000,1
47546.7109015,4,3437,8,34090000,1
47548.6778037,4,3438,9,34087000,1
47548.7743863,4,3439,12,34084000,1
47550.089657,4,3440,26,34081000,1
47552.1175939,4,3441,26,34078000,1
47552.7187641,4,3442,11,34081000,1
47554.7419082,4,3443,19,34078000,1
47556.8623672,4,3444,1,34075000,1
47557.809504,4,3445,3,34080000,1
47568.3806153,4,3446,18,34077000,-1
47573.5387316,4,3447,1,34080000,-1
47581.8760961,4,3448,5,34077000,-1
47586.4095478,4,3449,8,34080000,1
47594.1995517,4,3450,3,34077000,1
47594.6195425,4,3451,1,34081000,-1
47596.5735591,4,3452,9,34077000,1
47596.6249635,4,3453,5,34074000,1
47598.7571734,4,3454,14,34071000,-1
47604.0659883,4,3455,2,34068000,1
47611.1649654,4,3456,1,34065000,1
47622.6067162,4,3457,30,34069000,1
47630.033825,4,3458,2,34066000,-1
47631.863947,4,3459,17,34061000,1
47633.2664835,4,3460,4,34058000,1
47635.000354,4,3461,11,34055000,1
47637.6956794,4,3462,2,34052000,1
47638.3634962,4,3463,5,34049000,1
47638.4347268,4,3464,80,34046000,1
47638.457291,4,3465,1,34043000,1
47639.935883,4,3466,10,34046000,-1
47640.9712047,4,3467,6,34049000,-1
47641.5577286,4,3468,6,34052000,-1
47641.7931349,4,3469,4,34049000,-1
47642.0153869,4,3470,9,34052000,-1
47642.0926224,4,3471,1,34055000,-1
47642.7824286,4,3472,2,34051000,1
47643.1637434,4,3473,26,34048000,1
47643.1672191,4,3474,28,34045000,1
47643.2829339,4,3475,150,34042000,-1
47643.2904155,4,3476,4,34039000,-1
47643.3190658,4,3477,1,34042000,-1
47643.3866892,4,3478,1,34039000,1
47643.4410293,4,3479,2,34042000,-1
47643.4688767,4,3480,7,34039000,1
47643.4704343,4,3481,13,34036000,1
47643.5101092,4,3482,1,34040000,-1
47644.0848299,4,3483,15,34036000,-1
47644.1501987,4,3484,1,34032000,1
47644.5721388,4,3485,1,34035000,-1
47644.8052054,4,3486,6,34032000,1
47645.8457248,4,3487,11,34029000,-1
47646.8871226,4,3488,20,34026000,1
47647.0894987,4,3489,1,34023000,1
47649.2563523,4,3490,2,34026000,1
47651.6601466,4,3491,20,34023000,-1
47652.0725709,4,3492,10,34020000,-1
47655.4595159,4,3493,1,34024000,1
47656.0291352,4,3494,13,34028000,-1
47656.235423,4,3495,3,34031000,-1
47656.67692,4,3496,7,34034000,1
47656.6782499,4,3497,16,34031000,1
47656.6782646,4,3498,1,34028000,1
47656.8442573,4,3499,1,34032000,-1
47657.8522775,4,3500,2,34028000,-1
47658.4285658,4,3501,2,34031000,-1
47659.6613363,4,3502,4,34028000,-1
47663.0930214,4,3503,9,34032000,-1
47664.9981743,4,3504,9,34035000,-1
47667.9850628,4,3505,21,34039000,-1
47668.1291666,4,3506,1,34042000,-1
47668.3810653,4,3507,19,34037000,1
47668.3845176,4,3508,28,34034000,1
47668.4607084,4,3509,1,34031000,-1
47668.5061731,4,3510,1,34028000,-1
47668.5244836,4,3511,1,34024000,1
47668.5654608,4,3512,1,34027000,1
47668.8713351,4,3513,1,34024000,1
47670.2318067,4,3514,80,34029000,-1
47670.271938,4,3515,1,34026000,-1
47671.2771695,4,3516,2,34023000,1
47671.8943805,4,3517,23,34020000,1
47672.2877226,4,3518,10,34017000,-1
47674.5555783,4,3519,5,34020000,-1
47677.3521771,4,3520,5,34024000,-1
47683.3345307,4,3521,13,34027000,-1
47683.3742818,4,3522,53,34030000,-1
47683.3814358,4,3523,25,34033000,1
47683.4092231,4,3524,2,34029000,-1
47684.632617,4,3525,5,34035000,1
47684.7924055,4,3526,9,34032000,1
47684.8751117,4,3527,1,34029000,1
47689.2924674,4,3528,8,34032000,-1
47690.2857146,4,3529,5,34028000,-1
47693.1762143,4,3530,16,34031000,-1
47694.006185,4,3531,9,34034000,-1
47695.0499496,4,3532,6,34037000,1
47695.8958428,4,3533,9,34034000,1
47695.8958852,4,3534,2,34031000,1
47698.8778693,4,3535,3,34035000,-1
47701.4534535,4,3536,7,34038000,-1
47702.2508039,4,3537,1,34032000,-1
47706.5430743,4,3538,5,34028000,1
47707.7918631,4,3539,5,34032000,-1
47708.1706148,4,3540,5,34035000,-1
47709.6360877,4,3541,1,34038000,-1
47711.4051218,4,3542,13,34035000,1
47712.0680248,4,3543,6,34032000,-1
47712.0983477,4,3544,9,34035000,1
47714.4930609,4,3545,2,34032000,-1
47716.2247105,4,3546,11,34029000,-1
47717.7937135,4,3547,1,34032000,-1
47718.8913456,4,3548,11,34028000,-1
47719.8176175,4,3549,3,34031000,-1
47722.8401884,4,3550,10,34034000,-1
47726.6400317,4,3551,1,34030000,-1
47727.4513107,4,3552,2,34033000,-1
47728.9841273,4,3553,4,34036000,-1
47731.6370306,4,3554,13,34042000,1
47731.6439848,4,3555,1,34039000,1
47732.9721423,4,3556,6,34044000,1
47732.9721532,4,3557,1,34041000,1
47738.8953944,4,3558,20,34044000,-1
47738.895437,4,3559,7,34047000,-1
47739.001616,4,3560,9,34044000,1
47739.0031619,4,3561,1,34041000,1
47745.9495957,4,3562,1,34047000,1
47747.7700153,4,3563,1,34050000,-1
47748.20111,4,3564,1,34047000,1
47750.1886618,4,3565,13,34050000,1
47752.1390989,4,3566,3,34047000,1
47752.6102189,4,3567,6,34044000,-1
47754.7458343,4,3568,3,34047000,-1
47756.9872639,4,3569,2,34043000,1
47761.2493885,4,3570,14,34040000,-1
47761.2520123,4,3571,18,34043000,-1
47761.2520386,4,3572,3,34046000,-1
47765.2957172,4,3573,1,34043000,-1
47766.6121028,4,3574,4,34040000,1
47769.1841002,4,3575,2,34037000,-1
47772.3960997,4,3576,3,34041000,-1
47779.8848579,4,3577,11,34045000,-1
47781.7680688,4,3578,4,34050000,1
47784.6963216,4,3579,13,34047000,1
47784.7307287,4,3580,1,34044000,1
47788.3929982,4,3581,2,34048000,1
47788.8076377,4,3582,2,34044000,-1
47792.8615429,4,3583,4,34047000,1
47795.9691401,4,3584,6,34044000,1
47795.9691557,4,3585,1,34041000,1
47797.761072,4,3586,1,34044000,-1
47801.2259659,4,3587,2,34041000,-1
47803.9477714,4,3588,4,34044000,1
47805.7031321,4,3589,3,34041000,1
47805.7863355,4,3590,4,34037000,1
47806.5166495,4,3591,6,34034000,-1
47806.6671797,4,3592,9,34031000,1
47808.144344,4,3593,6,34028000,-1
47808.809577,4,3594,1,34031000,-1
47810.3455093,4,3595,9,34027000,1
47813.3737327,4,3596,1,34030000,-1
47819.0416733,4,3597,8,34026000,-1
47820.128903,4,3598,6,34029000,-1
47820.2867852,4,3599,1,34032000,1
47822.9738686,4,3600,12,34028000,1
47823.255081,4,3601,1,34031000,-1
47827.3478274,4,3602,6,34028000,-1
47827.3494637,4,3603,12,34031000,-1
47827.3504189,4,3604,5,34034000,-1
47829.8377765,4,3605,14,34030000,-1
47830.3755034,4,3606,3,34033000,-1
47831.5714206,4,3607,4,34036000,-1
47832.9837089,4,3608,11,34039000,-1
47837.7195275,4,3609,5,34044000,-1
47839.4107809,4,3610,1,34047000,-1
47841.748599,4,3611,17,34050000,-1
47845.0000338,4,3612,5,34053000,1
47853.4371278,4,3613,9,34050000,1
47858.3338995,4,3614,7,34053000,-1
47861.9503846,4,3615,3,34056000,-1
47862.1115257,4,3616,5,34059000,-1
47865.6162331,4,3617,19,34062000,1
47868.8958946,4,3618,6,34059000,1
47869.3370891,4,3619,3,34056000,1
47872.3897638,4,3620,1,34053000,1
47872.6383923,4,3621,1,34057000,-1
47876.2144772,4,3622,1,34054000,-1
47878.9815981,4,3623,18,34050000,1
47884.1662714,4,3624,1,34047000,-1
47892.597541,4,3625,22,34052000,-1
47898.3083666,4,3626,6,34056000,1
47899.6496838,4,3627,9,34053000,1
47906.6686886,4,3628,13,34050000,-1
47907.1709281,4,3629,6,34053000,-1
47908.9612981,4,3630,1,34056000,-1
47915.2838944,4,3631,4,34053000,-1
47915.5118421,4,3632,1,34056000,-1
47928.5596023,4,3633,1,34059000,-1
47941.4070726,4,3634,4,34056000,-1
47947.4624882,4,3635,7,34059000,1
47948.4541206,4,3636,2,34056000,1
47952.8733196,4,3637,9,34053000,1
47957.5637977,4,3638,31,34050000,1
47961.2283482,4,3639,6,34047000,-1
47969.3816097,4,3640,6,34050000,1
47977.6279156,4,3641,4,34047000,1
47984.1827705,4,3642,10,34050000,-1
47984.4559948,4,3643,1,34053000,-1
47985.7479893,4,3644,4,34049000,1
47992.2822787,4,3645,12,34053000,-1
47992.5003298,4,3646,10,34057000,-1
47999.4396877,4,3647,8,34060000,1
48001.6093555,4,3648,1,34057000,1
48002.0013445,4,3649,4,34062000,-1
48002.1178656,4,3650,2,34065000,1
48002.5918755,4,3651,2,34062000,1
48013.6421912,4,3652,3,34058000,-1
48015.4245373,4,3653,11,34054000,1
48016.1869907,4,3654,14,34051000,1
48017.9385642,4,3655,4,34048000,1
48019.6077975,4,3656,2,34045000,1
48019.8386448,4,3657,12,34042000,1
48022.588353,4,3658,4,34039000,1
48022.6393511,4,3659,6,34036000,1
48025.5445708,4,3660,6,34033000,1
48035.6725106,4,3661,2,34039000,-1
48043.4887359,4,3662,5,34042000,-1
48053.4560828,4,3663,3,34045000,1
48054.2048739,4,3664,2,34048000,1
48062.0753207,4,3665,1,34045000,1
48069.4631683,4,3666,6,34048000,-1
48071.5014737,4,3667,2,34051000,1
48072.6675729,4,3668,1,34055000,-1
48072.8429159,4,3669,1,34050000,1
48075.4229679,4,3670,2,34054000,1
48080.3501572,4,3671,1,34050000,1
48081.8381711,4,3672,1,34047000,-1
48089.1610063,4,3673,1,34044000,1
48092.7679415,4,3674,6,34048000,-1
48100.6295228,4,3675,1,34044000,1
48101.2197619,4,3676,11,34041000,1
48103.7043592,4,3677,3,34038000,1
48105.8407258,4,3678,2,34035000,-1
48107.1159095,4,3679,1,34038000,-1
48113.9424778,4,3680,2,34035000,-1
48122.0918308,4,3681,8,34038000,-1
48125.465015,4,3682,3,34041000,-1
48128.3907701,4,3683,3,34038000,1
48137.4127888,4,3684,1,34035000,-1
48143.637456,4,3685,15,34032000,1
48146.3354541,4,3686,17,34029000,1
48146.8512808,4,3687,35,34026000,1
48148.3310077,4,3688,1,34023000,1
48148.6422566,4,3689,1,34027000,-1
48148.6917884,4,3690,1,34024000,1
48150.2207364,4,3691,8,34033000,-1
48150.5860921,4,3692,4,34037000,-1
48154.8026482,4,3693,12,34034000,-1
48162.0497147,4,3694,3,34027000,1
48167.1650664,4,3695,1,34023000,1
48169.4325599,4,3696,3,34026000,-1
48176.2764769,4,3697,11,34029000,-1
48176.3119855,4,3698,6,34032000,-1
48177.4924427,4,3699,2,34035000,1
48180.3428966,4,3700,7,34032000,1
48181.5641322,4,3701,1,34028000,-1
48184.7148555,4,3702,2,34025000,1
48187.4266161,4,3703,18,34022000,1
48188.0262235,4,3704,3,34019000,1
48188.7148507,4,3705,3,34025000,1
48189.4655274,4,3706,3,34022000,1
48190.6446295,4,3707,2,34025000,-1
48194.7590656,4,3708,2,34028000,1
48199.2372046,4,3709,4,34025000,1
48201.1388257,4,3710,1,34028000,1
48212.9280276,4,3711,6,34031000,-1
48213.4881064,4,3712,6,34028000,1
48215.4536913,4,3713,4,34025000,1
48224.9807921,4,3714,2,34022000,1
48229.5253914,4,3715,4,34025000,-1
48232.0346927,4,3716,13,34028000,-1
48232.5947776,4,3717,4,34031000,1
48240.0961565,4,3718,1,34028000,-1
48241.3765758,4,3719,1,34031000,-1
48244.2122227,4,3720,4,34028000,1
48248.0075343,4,3721,5,34025000,-1
48250.5084761,4,3722,2,34029000,1
48252.7312892,4,3723,1,34026000,-1
48261.7960205,4,3724,4,34023000,1
48261.7960307,4,3725,1,34020000,1
48261.8438905,4,3726,2,34023000,1
48262.6970282,4,3727,1,34020000,1
48264.3218854,4,3728,1,34023000,-1
48268.3486133,4,3729,2,34020000,-1
48271.2228482,4,3730,5,34024000,-1
48272.9575592,4,3731,2,34027000,-1
48280.0337046,4,3732,1,34030000,-1
48285.307157,4,3733,14,34026000,1
48286.4810861,4,3734,3,34023000,-1
48293.2157504,4,3735,10,34026000,-1
48300.3221888,4,3736,2,34029000,1
48301.8221075,4,3737,3,34026000,1
48304.6402511,4,3738,3,34022000,1
48305.2820764,4,3739,13,34019000,1
48305.3280143,4,3740,24,34016000,1
48305.3890695,4,3741,8,34013000,1
48307.1070519,4,3742,24,34010000,-1
48313.9561981,4,3743,5,34013000,1
48313.9579414,4,3744,17,34010000,1
48314.054838,4,3745,9,34007000,1
48321.438704,4,3746,1,34010000,-1
48323.749293,4,3747,1,34014000,-1
48327.4866479,4,3748,2,34010000,-1
48330.4668515,4,3749,2,34013000,-1
48332.3726275,4,3750,15,34010000,1
48334.0145774,4,3751,8,34007000,1
48334.9550698,4,3752,2,34004000,1
48334.9607458,4,3753,56,34001000,1
48335.0575448,4,3754,19,33998000,1
48335.1747301,4,3755,5,33995000,1
48335.2997596,4,3756,23,33992000,-1
48335.6276865,4,3757,1,33996000,1
48335.7356281,4,3758,1,34000000,-1
48338.4179969,4,3759,1,33997000,1
48339.1358423,4,3760,1,34000000,-1
48340.5907227,4,3761,2,33997000,-1
48351.5731547,4,3762,8,34000000,1
48353.4952664,4,3763,10,33997000,-1
48357.0877985,4,3764,3,34000000,-1
48358.0292711,4,3765,1,34003000,-1
48358.8970491,4,3766,9,34000000,1
48359.3140185,4,3767,2,33997000,-1
48365.7461076,4,3768,1,34000000,1
48367.5892245,4,3769,11,34004000,-1
48367.6619167,4,3770,2,34007000,-1
48368.4062678,4,3771,2,34010000,1
48369.1430813,4,3772,1,34007000,1
48370.55891,4,3773,14,34010000,-1
48377.0292,4,3774,10,34013000,-1
48379.6554196,4,3775,1,34008000,1
48381.4442144,4,3776,9,34011000,1
48382.2017075,4,3777,1,34008000,1
48382.7157922,4,3778,4,34012000,-1
48382.9791143,4,3779,2,34015000,-1
48392.4309279,4,3780,3,34012000,1
48397.5879675,4,3781,1,34015000,-1
48401.2839323,4,3782,4,34012000,-1
48402.3818287,4,3783,4,34015000,-1
48404.2034504,4,3784,7,34018000,1
48404.2335553,4,3785,2,34015000,-1
48413.4559393,4,3786,2,34018000,1
48414.0016245,4,3787,2,34015000,1
48420.3091643,4,3788,1,34019000,-1
48420.4497128,4,3789,17,34013000,-1
48424.1243792,4,3790,1,34016000,-1
48429.0285606,4,3791,1,34011000,1
48437.4085152,4,3792,4,34017000,1
48445.7689664,4,3793,2,34013000,-1
48452.6517455,4,3794,3,34010000,1
48455.1347021,4,3795,2,34006000,1
48458.6832353,4,3796,22,34002000,1
48459.9975461,4,3797,1,33999000,1
48460.1661738,4,3798,1,34002000,-1
48461.2354264,4,3799,2,33999000,-1
48462.6642349,4,3800,8,34002000,-1
48473.628278,4,3801,21,34005000,1
48473.682487,4,3802,5,34001000,-1
48474.8028723,4,3803,1,34004000,1
48475.6901125,4,3804,8,34007000,-1
48482.6264374,4,3805,5,34010000,1
48483.2997385,4,3806,3,34014000,1
48491.5521555,4,3807,7,34011000,1
48491.6152793,4,3808,4,34008000,-1
48491.6499882,4,3809,5,34004000,-1
48498.8548916,4,3810,6,34007000,-1
48506.1596017,4,3811,2,34010000,-1
48506.6858913,4,3812,12,34013000,-1
48506.7044125,4,3813,1,34016000,-1
48508.1266875,4,3814,5,34020000,-1
48510.2869813,4,3815,2,34023000,1
48513.8802153,4,3816,4,34020000,-1
48515.049756,4,3817,61,34023000,1
48519.4915158,4,3818,1,34026000,-1
48520.0366203,4,3819,1,34023000,1
48523.4303821,4,3820,17,34026000,1
48524.1428797,4,3821,37,34023000,1
48524.7032412,4,3822,2,34020000,1
48525.6111338,4,3823,2,34023000,-1
48525.9663547,4,3824,11,34026000,-1
48526.6673477,4,3825,8,34029000,-1
48527.412004,4,3826,5,34026000,-1
48529.5137324,4,3827,11,34029000,-1
48530.4930371,4,3828,1,34026000,-1
48531.3314357,4,3829,1,34023000,1
48532.825442,4,3830,7,34026000,-1
48532.8543252,4,3831,1,34029000,-1
48533.9172686,4,3832,2,34026000,-1
48537.4715191,4,3833,16,34029000,-1
48538.3270345,4,3834,16,34032000,-1
48541.2002569,4,3835,24,34035000,-1
48541.516362,4,3836,1,34038000,-1
48546.8115729,4,3837,1,34035000,1
48549.2315257,4,3838,2,34040000,-1
48555.9686394,4,3839,15,34036000,-1
48555.9748772,4,3840,18,34039000,-1
48555.9757672,4,3841,2,34042000,-1
48556.2536404,4,3842,1,34037000,-1
48561.9041733,4,3843,1,34034000,1
48562.3222453,4,3844,13,34038000,-1
48562.3241923,4,3845,1,34041000,-1
48566.0156802,4,3846,3,34035000,-1
48566.4227516,4,3847,1,34038000,-1
48567.2547515,4,3848,1,34035000,-1
48567.5783293,4,3849,3,34039000,1
48567.5910539,4,3850,3,34036000,-1
48575.1979352,4,3851,5,34039000,-1
48577.316359,4,3852,19,34036000,1
48579.6019739,4,3853,3,34033000,1
48583.080458,4,3854,7,34038000,1
48584.5514606,4,3855,1,34035000,1
48584.8747412,4,3856,1,34038000,-1
48584.8958168,4,3857,2,34035000,-1
48584.9588915,4,3858,1,34038000,-1
48586.0674777,4,3859,8,34035000,1
48586.7481068,4,3860,1,34038000,1
48590.2453081,4,3861,1,34041000,-1
48595.2135764,4,3862,17,34038000,1
48595.261873,4,3863,3,34035000,1
48595.4071013,4,3864,5,34032000,1
48597.9725319,4,3865,1,34029000,1
48600.2163393,4,3866,2,34034000,-1
48600.4045007,4,3867,4,34037000,-1
48601.0888588,4,3868,3,34040000,1
48601.2313214,4,3869,1,34037000,-1
48602.3871577,4,3870,6,34040000,-1
48602.6795187,4,3871,6,34043000,-1
48603.9617064,4,3872,1,34046000,-1
48604.7684785,4,3873,15,34040000,1
48605.3900288,4,3874,13,34037000,1
48607.1316098,4,3875,1,34040000,1
48608.1331252,4,3876,10,34037000,1
48608.1905422,4,3877,15,34034000,1
48608.2306936,4,3878,1,34031000,1
48608.4179474,4,3879,2,34035000,-1
48611.9752634,4,3880,3,34038000,1
48613.0825788,4,3881,3,34032000,-1
48614.0313211,4,3882,10,34035000,1
48614.7353827,4,3883,9,34030000,1
48615.2802634,4,3884,1,34027000,1
48615.5261891,4,3885,1,34030000,-1
48615.5262315,4,3886,1,34027000,1
48616.3661908,4,3887,3,34030000,-1
48617.1012911,4,3888,1,34035000,-1
48617.8142973,4,3889,2,34032000,-1
48619.9734947,4,3890,5,34029000,-1
48623.1785888,4,3891,1,34032000,-1
48624.5600219,4,3892,2,34035000,-1
48624.8338682,4,3893,7,34039000,-1
48628.183923,4,3894,6,34043000,1
48631.7751169,4,3895,4,34040000,1
48631.8065222,4,3896,1,34037000,1
48633.7323136,4,3897,2,34041000,1
48635.806787,4,3898,6,34038000,1
48636.0118352,4,3899,3,34034000,1
48636.5877448,4,3900,2,34031000,1
48636.6921553,4,3901,1,34034000,-1
48640.9698595,4,3902,14,34031000,1
48643.3399711,4,3903,1,34027000,1
48643.6607572,4,3904,1,34030000,-1
48644.314309,4,3905,1,34026000,1
48647.2921845,4,3906,19,34031000,1
48648.850211,4,3907,13,34028000,1
48652.878149,4,3908,21,34032000,1
48653.8654444,4,3909,7,34028000,1
48656.4997886,4,3910,32,34025000,1
48656.7686258,4,3911,3,34022000,-1
48658.1795148,4,3912,4,34025000,-1
48658.4371399,4,3913,4,34029000,-1
48658.4774463,4,3914,3,34032000,-1
48660.6066142,4,3915,3,34040000,-1
48662.5159709,4,3916,13,34043000,1
48662.9079758,4,3917,8,34040000,1
48666.0866741,4,3918,4,34036000,1
48668.3868873,4,3919,10,34040000,1
48670.688821,4,3920,3,34044000,1
48672.0757074,4,3921,1,34041000,-1
48673.8044822,4,3922,3,34037000,-1
48674.5490324,4,3923,4,34040000,-1
48676.2158129,4,3924,29,34043000,1
48677.3965843,4,3925,21,34040000,-1
48677.4059107,4,3926,21,34043000,-1
48677.8142515,4,3927,18,34046000,-1
48678.3300763,4,3928,13,34049000,-1
48679.0357593,4,3929,20,34052000,1
48687.0306369,4,3930,22,34044000,1
48687.1434172,4,3931,1,34041000,-1
48689.314167,4,3932,5,34038000,1
48690.6882732,4,3933,16,34030000,1
48692.347271,4,3934,4,34027000,1
48696.1598661,4,3935,9,34023000,1
48699.0039986,4,3936,37,34018000,-1
48701.5536871,4,3937,19,34015000,1
48702.757437,4,3938,7,34012000,1
48704.6312171,4,3939,11,34009000,-1
48705.038914,4,3940,2,34013000,-1
48705.3611716,4,3941,5,34010000,-1
48705.7386759,4,3942,6,34013000,-1
48705.7386884,4,3943,1,34016000,-1
48707.582075,4,3944,1,34013000,1
48710.0675809,4,3945,7,34017000,1
48710.7076245,4,3946,5,34020000,1
48710.9015544,4,3947,4,34016000,1
48711.3343123,4,3948,3,34013000,-1
48713.0763741,4,3949,13,34016000,-1
48713.1525226,4,3950,1,34019000,1
48714.5174325,4,3951,3,34023000,1
48716.1017924,4,3952,5,34020000,1
48718.4221383,4,3953,2,34023000,1
48720.3150222,4,3954,3,34027000,-1
48721.8388785,4,3955,2,34030000,1
48722.286933,4,3956,1,34033000,-1
48724.5810798,4,3957,5,34028000,1
48728.1188044,4,3958,2,34031000,-1
48730.3101936,4,3959,16,34034000,-1
48731.8105411,4,3960,31,34037000,-1
48732.5828433,4,3961,40,34040000,-1
48732.7298993,4,3962,6,34045000,-1
48736.6724211,4,3963,14,34048000,-1
48742.1191512,4,3964,1,34051000,-1
48745.6141413,4,3965,3,34048000,-1
48745.7550925,4,3966,1,34051000,-1
48748.880973,4,3967,9,34048000,1
48749.9098573,4,3968,13,34051000,1
48750.3571642,4,3969,9,34048000,-1
48750.3685715,4,3970,26,34051000,-1
48756.5624356,4,3971,28,34054000,-1
48761.6647073,4,3972,9,34051000,-1
48764.9952,4,3973,1,34054000,-1
48768.7141511,4,3974,3,34051000,-1
48771.6312689,4,3975,7,34054000,-1
48772.1464697,4,3976,8,34057000,-1
48773.4628238,4,3977,1,34060000,-1
48774.613361,4,3978,9,34055000,1
48778.5315457,4,3979,2,34059000,1
48779.6346045,4,3980,7,34056000,1
48780.5563892,4,3981,8,34053000,-1
48782.3338295,4,3982,13,34057000,1
48783.9759703,4,3983,1,34053000,1
48789.2956914,4,3984,14,34056000,1
48792.0315684,4,3985,9,34059000,1
48792.3040903,4,3986,20,34056000,1
48792.4846283,4,3987,14,34052000,1
48792.5613037,4,3988,2,34049000,-1
48797.9935325,4,3989,5,34054000,-1
48798.1550891,4,3990,22,34057000,1
48798.2007884,4,3991,1,34054000,1
48798.501589,4,3992,8,34057000,1
48799.5916732,4,3993,3,34054000,1
48803.8580488,4,3994,9,34050000,1
48804.3303536,4,3995,3,34047000,-1
48808.5474797,4,3996,11,34051000,1
48812.6146622,4,3997,1,34054000,1
48814.1357061,4,3998,3,34061000,-1
48815.3728214,4,3999,20,34056000,1
48815.9773545,4,4000,3,34053000,-1
48818.1258633,4,4001,7,34056000,1
48819.4425233,4,4002,6,34053000,-1
48820.5527123,4,4003,8,34056000,-1
48821.9640492,4,4004,5,34059000,-1
48822.5502553,4,4005,8,34062000,-1
48822.625554,4,4006,6,34065000,-1
48822.6797054,4,4007,9,34068000,-1
48824.0430951,4,4008,7,34065000,1
48824.0804545,4,4009,6,34062000,1
48824.3767615,4,4010,4,34058000,-1
48825.3254525,4,4011,5,34061000,-1
48828.7022316,4,4012,5,34064000,-1
48830.5095673,4,4013,2,34067000,1
48831.2510655,4,4014,3,34064000,1
48832.08638,4,4015,1,34061000,1
48834.0704702,4,4016,1,34064000,1
48835.413455,4,4017,13,34067000,-1
48835.6324405,4,4018,21,34070000,-1
48840.0732208,4,4019,24,34073000,1
48840.1717128,4,4020,3,34070000,-1
48841.0756339,4,4021,4,34073000,1
48841.1320048,4,4022,12,34076000,-1
48843.5085056,4,4023,15,34080000,-1
48847.7041667,4,4024,10,34084000,-1
48849.8235721,4,4025,8,34081000,1
48850.7222742,4,4026,6,34078000,1
48853.3720363,4,4027,13,34075000,-1
48856.663135,4,4028,4,34078000,-1
48857.8057233,4,4029,4,34081000,1
48858.5555179,4,4030,1,34078000,-1
48860.9849966,4,4031,1,34074000,-1
48861.3711554,4,4032,10,34069000,1
48861.73932,4,4033,2,34066000,1
48866.3777165,4,4034,22,34069000,-1
48866.3834786,4,4035,1,34072000,-1
48866.4329375,4,4036,1,34075000,-1
48867.3037742,4,4037,10,34072000,1
48872.4796631,4,4038,3,34069000,-1
48880.1454894,4,4039,25,34074000,-1
48884.562534,4,4040,4,34077000,-1
48885.1687872,4,4041,8,34080000,-1
48888.375758,4,4042,4,34083000,-1
48895.6131542,4,4043,25,34079000,1
48896.4353038,4,4044,1,34074000,-1
48897.6559694,4,4045,4,34077000,-1
48900.262619,4,4046,7,34080000,-1
48900.672333,4,4047,6,34083000,-1
48901.1984602,4,4048,14,34086000,-1
48901.8275621,4,4049,1,34089000,-1
48902.1832044,4,4050,6,34085000,1
48906.7207301,4,4051,6,34082000,-1
48909.0553145,4,4052,5,34086000,1
48909.7517763,4,4053,6,34083000,-1
48911.1877067,4,4054,10,34086000,-1
48912.7592485,4,4055,4,34090000,-1
48915.9170866,4,4056,22,34093000,1
48920.0556887,4,4057,14,34090000,-1
48920.05572,4,4058,1,34093000,-1
48925.5897189,4,4059,1,34089000,1
48926.8837334,4,4060,13,34093000,-1
48928.1983461,4,4061,1,34096000,-1
48929.0500911,4,4062,16,34099000,-1
48930.295987,4,4063,9,34102000,-1
48930.2987173,4,4064,16,34105000,-1
48930.4011799,4,4065,1,34108000,-1
48931.896189,4,4066,21,34104000,-1
48931.9950545,4,4067,1,34107000,-1
48932.893686,4,4068,19,34103000,1
48932.9262445,4,4069,1,34100000,1
48936.0747424,4,4070,27,34103000,-1
48944.2303471,4,4071,8,34106000,1
48945.1831877,4,4072,1,34103000,1
48947.6573295,4,4073,8,34108000,-1
48951.1222358,4,4074,10,34111000,1
48955.7514341,4,4075,1,34115000,-1
48956.667349,4,4076,15,34112000,1
48956.7749319,4,4077,9,34109000,1
48960.1342628,4,4078,9,34106000,1
48960.1921736,4,4079,1,34103000,-1
48960.4882477,4,4080,3,34106000,-1
48960.5170385,4,4081,9,34109000,1
48961.2234548,4,4082,3,34106000,-1
48961.6860988,4,4083,6,34109000,-1
48964.3371067,4,4084,8,34112000,1
48964.547238,4,4085,18,34108000,1
48964.9065886,4,4086,12,34105000,1
48964.9308187,4,4087,17,34102000,1
48965.0060823,4,4088,2,34099000,1
48965.5382872,4,4089,6,34104000,-1
48965.5383075,4,4090,1,34107000,-1
48966.0960016,4,4091,1,34104000,-1
48966.1300521,4,4092,1,34101000,1
48970.9106985,4,4093,4,34104000,-1
48970.9123093,4,4094,21,34107000,-1
48970.9695072,4,4095,32,34110000,1
48971.1345788,4,4096,14,34113000,1
48974.0968657,4,4097,9,34116000,-1
48974.1438246,4,4098,1,34119000,-1
48975.8057833,4,4099,2,34116000,1
48977.5680641,4,4100,33,34113000,-1
48978.05138,4,4101,11,34116000,-1
48978.091678,4,4102,87,34119000,1
48978.1411656,4,4103,32,34122000,1
48978.2772198,4,4104,11,34119000,1
48978.2774826,4,4105,1,34116000,1
48978.277792,4,4106,1,34119000,-1
48979.3070608,4,4107,1,34116000,-1
48981.5258718,4,4108,4,34120000,1
48981.9121592,4,4109,1,34117000,1
48983.597793,4,4110,1,34121000,-1
48985.8031977,4,4111,1,34118000,1
48986.5305902,4,4112,13,34122000,-1
48987.4348072,4,4113,27,34125000,-1
48987.9921851,4,4114,24,34128000,1
48989.1379831,4,4115,7,34124000,-1
48989.137995,4,4116,1,34127000,-1
48989.944232,4,4117,2,34124000,1
48990.8891998,4,4118,3,34127000,1
48992.2451762,4,4119,1,34124000,-1
48993.6130246,4,4120,3,34121000,-1
48994.1719266,4,4121,4,34124000,1
48994.5474412,4,4122,11,34120000,1
48996.4323691,4,4123,14,34117000,1
48996.8370343,4,4124,7,34114000,1
48997.5350794,4,4125,8,34111000,1
48998.647681,4,4126,3,34108000,1
48999.4551843,4,4127,2,34113000,1
49009.3808703,4,4128,16,34110000,-1
49013.7953079,4,4129,1,34113000,-1
49014.0803734,4,4130,5,34109000,1
49017.6062824,4,4131,5,34112000,-1
49019.2426018,4,4132,9,34115000,-1
49022.5772584,4,4133,3,34118000,-1
49025.0802979,4,4134,3,34121000,1
49025.948512,4,4135,27,34125000,-1
49027.19633,4,4136,39,34128000,-1
49028.6605504,4,4137,2,34131000,-1
49028.6606928,4,4138,1,34134000,-1
49028.7056095,4,4139,1,34131000,1
49029.5902031,4,4140,6,34134000,1
49030.4687006,4,4141,1,34131000,1
49031.8344446,4,4142,1,34134000,-1
49033.495867,4,4143,13,34131000,1
49045.5214597,4,4144,53,34128000,-1
49047.4082149,4,4145,1,34133000,-1
49049.618925,4,4146,2,34130000,1
49050.2469361,4,4147,2,34127000,-1
49050.8221481,4,4148,4,34130000,1
49050.8221649,4,4149,1,34127000,1
49055.4343844,4,4150,10,34130000,1
49057.4051315,4,4151,36,34127000,1
49063.1545516,4,4152,10,34131000,1
49064.7538078,4,4153,9,34127000,1
49065.0414809,4,4154,8,34124000,1
49065.1336702,4,4155,3,34121000,1
49068.4971447,4,4156,13,34125000,1
49068.4971505,4,4157,1,34122000,1
49070.1404941,4,4158,1,34125000,-1
49074.621702,4,4159,6,34128000,-1
49078.2579418,4,4160,1,34131000,1
49081.181069,4,4161,4,34134000,1
49081.181107,4,4162,9,34131000,1
49086.1880582,4,4163,5,34128000,-1
49087.379471,4,4164,2,34131000,-1
49088.526039,4,4165,8,34135000,1
49089.0506909,4,4166,1,34132000,1
49093.1955334,4,4167,8,34136000,1
49096.3750822,4,4168,8,34133000,-1
49096.6344531,4,4169,5,34130000,1
49104.656014,4,4170,21,34126000,-1
49109.0160272,4,4171,11,34122000,1
49113.3830382,4,4172,14,34119000,1
49115.780555,4,4173,15,34116000,-1
49120.0376848,4,4174,1,34112000,-1
49121.4406146,4,4175,8,34109000,1
49126.8179331,4,4176,25,34106000,-1
49127.6688338,4,4177,13,34109000,1
49128.7990813,4,4178,18,34106000,1
49130.6097183,4,4179,36,34103000,1
49132.3253459,4,4180,29,34100000,1
49132.3253558,4,4181,1,34097000,1
49132.523413,4,4182,8,34100000,1
49133.6925947,4,4183,22,34103000,1
49133.7703505,4,4184,1,34100000,1
49138.9352671,4,4185,12,34103000,-1
49140.3659385,4,4186,7,34100000,-1
49141.1023783,4,4187,15,34103000,-1
49141.1023841,4,4188,1,34106000,-1
49141.7828433,4,4189,5,34103000,1
49144.7547057,4,4190,10,34107000,1
49150.2102438,4,4191,24,34104000,1
49159.1705996,4,4192,5,34101000,-1
49160.0802338,4,4193,2,34104000,1
49160.8178779,4,4194,5,34101000,1
49160.8196028,4,4195,22,34098000,1
49160.9196264,4,4196,4,34095000,-1
49164.5934065,4,4197,1,34098000,1
49166.6966102,4,4198,3,34102000,1
49169.2072316,4,4199,3,34099000,-1
49169.4025502,4,4200,8,34102000,-1
49171.0780366,4,4201,1,34105000,1
49177.218716,4,4202,18,34109000,1
49178.5511405,4,4203,22,34112000,1
49178.5512115,4,4204,1,34109000,1
49180.5665447,4,4205,3,34112000,1
49196.1732429,4,4206,11,34108000,1
49198.5927529,4,4207,4,34105000,1
49198.5952204,4,4208,19,34102000,1
49199.8183092,4,4209,1,34099000,1
49205.0978116,4,4210,1,34105000,-1
49213.874496,4,4211,6,34108000,-1
49214.6144433,4,4212,8,34111000,-1
49215.1984904,4,4213,2,34114000,-1
49220.9220922,4,4214,2,34118000,1
49220.9221019,4,4215,1,34115000,1
49227.0423289,4,4216,13,34120000,-1
49229.1936412,4,4217,3,34123000,-1
49230.3921453,4,4218,2,34120000,-1
49231.2376248,4,4219,8,34123000,-1
49236.6065592,4,4220,4,34126000,-1
49241.923636,4,4221,7,34121000,1
49245.1531816,4,4222,4,34126000,-1
49249.1320968,4,4223,10,34122000,1
49259.2347506,4,4224,21,34125000,1
49259.9157679,4,4225,6,34122000,1
49261.2650275,4,4226,2,34126000,-1
49261.5530303,4,4227,1,34129000,-1
49262.771141,4,4228,1,34126000,-1
49264.6166969,4,4229,2,34123000,-1
49267.1457613,4,4230,2,34126000,-1
49267.8764286,4,4231,10,34129000,-1
49269.4756784,4,4232,19,34132000,-1
49271.5606852,4,4233,12,34135000,-1
49271.8781814,4,4234,34,34138000,-1
49272.8598052,4,4235,6,34141000,-1
49277.5005537,4,4236,7,34144000,1
49279.5725431,4,4237,10,34141000,-1
49282.0861426,4,4238,20,34144000,-1
49282.1832437,4,4239,8,34147000,-1
49282.258577,4,4240,37,34150000,-1
49282.5237395,4,4241,1,34147000,-1
49283.3971288,4,4242,12,34144000,1
49285.5485923,4,4243,8,34147000,-1
49290.9606359,4,4244,12,34150000,-1
49292.5961682,4,4245,21,34153000,1
49293.7319922,4,4246,8,34150000,-1
49295.3764804,4,4247,6,34153000,-1
49299.1515744,4,4248,4,34156000,-1
49299.3413346,4,4249,1,34159000,-1
49303.4804257,4,4250,12,34155000,-1
49306.1534796,4,4251,16,34158000,-1
49309.962899,4,4252,26,34155000,1
49312.9258372,4,4253,11,34152000,1
49315.1302438,4,4254,10,34149000,1
49315.7304379,4,4255,24,34146000,1
49315.7304601,4,4256,1,34143000,1
49316.6959002,4,4257,6,34147000,-1
49317.0372849,4,4258,3,34150000,1
49318.0169847,4,4259,5,34147000,1
49320.8896277,4,4260,8,34143000,-1
49324.1270981,4,4261,5,34146000,-1
49326.6087525,4,4262,4,34149000,-1
49327.4877462,4,4263,1,34152000,1
49327.6241846,4,4264,2,34148000,-1
49328.2730437,4,4265,2,34151000,1
49329.4303263,4,4266,3,34148000,1
49336.4675358,4,4267,11,34151000,-1
49338.8298846,4,4268,4,34155000,-1
49339.4971532,4,4269,2,34158000,1
49339.4972188,4,4270,11,34155000,1
49339.4976099,4,4271,6,34152000,1
49340.7759329,4,4272,4,34155000,-1
49344.2184138,4,4273,1,34158000,1
49345.1674658,4,4274,36,34161000,-1
49345.1681072,4,4275,18,34164000,-1
49345.1691988,4,4276,30,34167000,-1
49345.1692421,4,4277,5,34170000,-1
49345.2584581,4,4278,2,34167000,1
49346.1425895,4,4279,8,34163000,1
49347.5380993,4,4280,1,34159000,1
49350.3844144,4,4281,11,34162000,-1
49350.3846826,4,4282,20,34165000,-1
49351.303034,4,4283,8,34168000,1
49353.6048076,4,4284,1,34165000,1
49355.1902856,4,4285,4,34162000,-1
49357.6594826,4,4286,1,34165000,1
49360.6537387,4,4287,16,34168000,-1
49363.357272,4,4288,9,34171000,-1
49363.7503789,4,4289,2,34174000,1
49364.5778132,4,4290,7,34171000,1
49364.6328543,4,4291,1,34166000,1
49373.6880421,4,4292,14,34169000,1
49377.0732937,4,4293,21,34166000,-1
49379.7580732,4,4294,27,34169000,-1
49382.2950011,4,4295,11,34172000,1
49386.6389837,4,4296,1,34169000,1
49392.5181972,4,4297,34,34174000,-1
49392.8207637,4,4298,1,34177000,1
49393.5237854,4,4299,1,34173000,-1
49397.2358492,4,4300,1,34176000,-1
49402.154771,4,4301,2,34172000,-1
49411.362747,4,4302,18,34175000,-1
49411.7146879,4,4303,35,34178000,1
49411.9741098,4,4304,6,34181000,1
49413.0516217,4,4305,3,34178000,-1
49414.3829228,4,4306,1,34181000,-1
49415.0004728,4,4307,4,34178000,1
49415.2183256,4,4308,9,34175000,1
49415.5883829,4,4309,16,34172000,1
49415.7292655,4,4310,12,34169000,1
49415.7772979,4,4311,1,34166000,-1
49416.928655,4,4312,4,34169000,-1
49419.0310209,4,4313,11,34172000,1
49420.3836125,4,4314,2,34169000,-1
49433.4140519,4,4315,17,34173000,-1
49440.2407391,4,4316,6,34176000,-1
49440.6095019,4,4317,8,34179000,1
49443.4495838,4,4318,15,34176000,-1
49444.0152534,4,4319,9,34179000,-1
49444.21404,4,4320,10,34182000,-1
49444.2164692,4,4321,24,34185000,-1
49444.3228233,4,4322,2,34188000,-1
49445.2345773,4,4323,7,34183000,1
49446.132757,4,4324,4,34180000,1
49448.382938,4,4325,7,34176000,-1
49449.5498016,4,4326,8,34179000,-1
49453.9888804,4,4327,7,34182000,1
49454.6571247,4,4328,8,34179000,-1
49458.2648985,4,4329,15,34182000,-1
49471.1688599,4,4330,9,34185000,1
49472.0655012,4,4331,89,34189000,-1
49472.2367931,4,4332,10,34192000,1
49472.8807712,4,4333,44,34189000,-1
49473.5297769,4,4334,12,34192000,-1
49475.9025165,4,4335,1,34195000,-1
49477.5177261,4,4336,2,34192000,1
49478.9021615,4,4337,40,34189000,1
49479.1901489,4,4338,12,34192000,-1
49481.5314844,4,4339,65,34189000,1
49482.2331049,4,4340,3,34192000,-1
49483.8996671,4,4341,6,34195000,1
49489.0014487,4,4342,59,34192000,1
49489.0476046,4,4343,6,34189000,1
49500.0474958,4,4344,27,34192000,-1
49500.1268881,4,4345,14,34195000,-1
49500.3572362,4,4346,2,34198000,-1
49505.4652933,4,4347,4,34194000,-1
49508.1040064,4,4348,12,34197000,-1
49508.1828025,4,4349,13,34194000,1
49508.2991032,4,4350,65,34191000,1
49508.2993427,4,4351,43,34188000,1
49508.3002276,4,4352,30,34185000,1
49508.3003334,4,4353,15,34182000,1
49508.3408599,4,4354,5,34190000,1
49508.3682646,4,4355,1,34187000,1
49508.4100748,4,4356,1,34184000,-1
49508.4378582,4,4357,3,34187000,1
49508.5981556,4,4358,8,34184000,1
49508.6495595,4,4359,13,34181000,1
49508.796221,4,4360,10,34178000,1
49509.3939892,4,4361,8,34175000,-1
49509.7004508,4,4362,15,34178000,-1
49513.9036063,4,4363,19,34181000,1
49515.5089675,4,4364,4,34178000,1
49516.5086375,4,4365,1,34175000,1
49518.160784,4,4366,8,34179000,1
49519.287989,4,4367,1,34176000,-1
49520.6362013,4,4368,9,34173000,-1
49521.7156695,4,4369,8,34178000,1
49521.7167331,4,4370,6,34175000,1
49523.4456972,4,4371,4,34180000,-1
49527.4383872,4,4372,2,34183000,1
49528.2938012,4,4373,7,34180000,1
49531.2423509,4,4374,8,34177000,1
49532.3527698,4,4375,1,34180000,-1
49534.9495057,4,4376,37,34177000,1
49535.7271041,4,4377,11,34174000,1
49535.9059874,4,4378,1,34171000,1
49537.0974948,4,4379,6,34175000,-1
49539.2720797,4,4380,3,34178000,1
49539.2760021,4,4381,23,34175000,1
49539.5203633,4,4382,1,34172000,1
49542.4892239,4,4383,9,34178000,-1
49551.0474385,4,4384,27,34175000,1
49551.9214846,4,4385,14,34172000,1
49552.308015,4,4386,3,34169000,-1
49553.2202243,4,4387,33,34172000,-1
49553.9330958,4,4388,2,34176000,1
49556.2658792,4,4389,11,34172000,-1
49561.1366995,4,4390,17,34175000,-1
49561.268596,4,4391,10,34178000,1
49561.367817,4,4392,1,34175000,1
49562.6582321,4,4393,7,34178000,1
49563.1428253,4,4394,10,34175000,1
49563.7836416,4,4395,4,34172000,-1
49569.1954774,4,4396,5,34175000,1
49570.2591391,4,4397,5,34172000,-1
49575.0672286,4,4398,16,34169000,1
49576.2655125,4,4399,6,34172000,1
49576.4117761,4,4400,4,34169000,1
49577.9832348,4,4401,1,34166000,1
49579.3425886,4,4402,2,34169000,-1
49579.6451586,4,4403,5,34172000,1
49580.5060918,4,4404,20,34169000,1
49586.01503,4,4405,29,34166000,-1
49588.2189796,4,4406,4,34170000,1
49588.7007603,4,4407,2,34167000,-1
49589.681259,4,4408,10,34170000,-1
49590.8117879,4,4409,4,34173000,-1
49591.9432426,4,4410,8,34176000,1
49595.2894605,4,4411,14,34173000,1
49597.4110499,4,4412,13,34170000,-1
49597.818887,4,4413,17,34173000,1
49600.6999806,4,4414,1,34170000,1
49602.353416,4,4415,5,34173000,1
49603.5059359,4,4416,9,34170000,1
49604.4212267,4,4417,25,34167000,1
49613.2803522,4,4418,2,34164000,1
49614.4571094,4,4419,4,34167000,1
49615.892116,4,4420,5,34164000,1
49616.3198814,4,4421,1,34161000,1
49621.239108,4,4422,8,34164000,1
49634.3855369,4,4423,35,34161000,1
49637.0028147,4,4424,10,34158000,1
49647.3672961,4,4425,25,34155000,-1
49652.6200058,4,4426,20,34152000,1
49654.0807932,4,4427,18,34149000,1
49655.3373974,4,4428,19,34146000,1
49657.8898754,4,4429,13,34143000,1
49657.8973206,4,4430,27,34140000,1
49657.899673,4,4431,33,34137000,1
49657.9596726,4,4432,1,34134000,1
49658.4796084,4,4433,3,34138000,1
49658.6566789,4,4434,7,34135000,-1
49659.7696681,4,4435,1,34138000,-1
49661.246231,4,4436,8,34141000,1
49661.2529888,4,4437,7,34138000,1
49662.026488,4,4438,6,34141000,1
49662.0983675,4,4439,32,34138000,-1
49663.1522491,4,4440,6,34135000,1
49665.2325007,4,4441,4,34132000,1
49667.1800762,4,4442,16,34129000,-1
49668.7714218,4,4443,1,34132000,-1
49671.1129572,4,4444,14,34129000,-1
49671.883815,4,4445,1,34134000,-1
49672.6279203,4,4446,10,34131000,1
49675.1988627,4,4447,11,34128000,-1
49675.6205671,4,4448,7,34123000,-1
49676.2590964,4,4449,3,34127000,1
49676.5982515,4,4450,2,34124000,-1
49679.2796726,4,4451,9,34127000,-1
49680.6027203,4,4452,4,34124000,1
49681.3528722,4,4453,6,34121000,1
49682.3547709,4,4454,13,34118000,1
49682.3782091,4,4455,1,34114000,1
49682.395925,4,4456,1,34117000,-1
49683.5324867,4,4457,7,34114000,-1
49683.852733,4,4458,13,34117000,-1
49684.2446576,4,4459,11,34120000,-1
49685.582553,4,4460,15,34123000,1
49687.201534,4,4461,10,34119000,1
49688.0137377,4,4462,4,34116000,-1
49688.3660614,4,4463,1,34119000,-1
49689.8624486,4,4464,9,34116000,1
49690.1672981,4,4465,10,34120000,-1
49690.2346872,4,4466,19,34123000,-1
49690.6096173,4,4467,1,34126000,-1
49693.1553712,4,4468,15,34123000,1
49694.3143613,4,4469,14,34120000,1
49698.7068251,4,4470,6,34126000,-1
49698.8622138,4,4471,1,34129000,-1
49699.2621875,4,4472,5,34126000,1
49700.0142424,4,4473,5,34122000,-1
49700.164931,4,4474,25,34125000,-1
49700.6268532,4,4475,2,34128000,-1
49702.4307872,4,4476,4,34131000,-1
49707.6780398,4,4477,8,34134000,-1
49710.301061,4,4478,2,34131000,1
49713.2927999,4,4479,7,34127000,1
49715.3937216,4,4480,9,34124000,1
49717.9548656,4,4481,1,34127000,1
49719.507675,4,4482,2,34130000,1
49720.7683308,4,4483,5,34127000,1
49722.7875397,4,4484,3,34124000,1
49724.1211275,4,4485,3,34121000,-1
49726.2835743,4,4486,1,34124000,1
49727.1985727,4,4487,6,34127000,1
49727.1991068,4,4488,17,34124000,1
49727.2006467,4,4489,11,34121000,1
49727.2285497,4,4490,1,34125000,1
49728.3592652,4,4491,4,34122000,-1
49731.4007322,4,4492,2,34125000,1
49742.1569323,4,4493,4,34122000,1
49743.7068152,4,4494,6,34119000,-1
49744.8347911,4,4495,4,34124000,-1
49745.8151928,4,4496,3,34127000,-1
49753.4320348,4,4497,9,34130000,-1
49753.5726214,4,4498,12,34133000,-1
49753.6420905,4,4499,8,34136000,1
49756.9361481,4,4500,1,34133000,-1
49758.7728897,4,4501,1,34128000,1
49760.5586642,4,4502,5,34131000,1
49761.2581563,4,4503,6,34128000,1
49761.9387465,4,4504,5,34125000,-1
49763.3798919,4,4505,2,34128000,1
49771.8987493,4,4506,5,34132000,-1
49773.097548,4,4507,8,34128000,1
49774.0313295,4,4508,5,34125000,1
49780.3110354,4,4509,8,34122000,-1
49780.7799725,4,4510,5,34125000,1
49781.934316,4,4511,5,34122000,1
49782.9726507,4,4512,6,34119000,1
49786.3330954,4,4513,7,34116000,-1
49788.7757999,4,4514,2,34119000,-1
49789.9378663,4,4515,1,34122000,-1
49794.6432549,4,4516,11,34119000,-1
49803.1254331,4,4517,9,34122000,1
49803.6136979,4,4518,8,34119000,1
49805.1380051,4,4519,3,34115000,1
49810.8058073,4,4520,1,34119000,1
49818.8408735,4,4521,14,34122000,1
49819.4944342,4,4522,11,34118000,1
49826.3190236,4,4523,12,34114000,-1
49828.7193839,4,4524,5,34119000,-1
49829.3487472,4,4525,5,34123000,-1
49833.9471104,4,4526,18,34126000,-1
49836.8681361,4,4527,5,34129000,-1
49837.588365,4,4528,4,34133000,1
49841.1058401,4,4529,6,34128000,-1
49842.2021998,4,4530,1,34131000,-1
49842.9942212,4,4531,10,34128000,1
49845.5790941,4,4532,5,34125000,-1
49846.1775207,4,4533,13,34128000,-1
49850.5978247,4,4534,8,34131000,-1
49852.3344907,4,4535,1,34126000,-1
49854.1842609,4,4536,6,34123000,1
49856.3894764,4,4537,13,34118000,1
49859.0110266,4,4538,2,34123000,1
49862.1244543,4,4539,8,34118000,-1
49862.1246884,4,4540,16,34121000,-1
49862.1255975,4,4541,19,34124000,-1
49862.3542116,4,4542,5,34127000,-1
49863.7456922,4,4543,4,34124000,-1
49869.3984817,4,4544,2,34128000,-1
49872.5314503,4,4545,13,34125000,-1
49876.5786025,4,4546,5,34128000,1
49876.7565469,4,4547,5,34125000,-1
49879.8124732,4,4548,9,34128000,1
49881.3919548,4,4549,1,34125000,1
49884.7791344,4,4550,17,34128000,-1
49888.8050038,4,4551,6,34131000,-1
49890.6076826,4,4552,3,34134000,-1
49893.3740471,4,4553,14,34130000,1
49893.3817729,4,4554,6,34126000,1
49897.4224894,4,4555,8,34123000,1
49898.2043505,4,4556,5,34120000,-1
49900.2996819,4,4557,1,34117000,-1
49906.3676206,4,4558,16,34120000,1
49907.061607,4,4559,1,34117000,-1
49907.3846743,4,4560,2,34120000,-1
49907.6139632,4,4561,2,34123000,-1
49908.2481013,4,4562,3,34127000,-1
49909.0565431,4,4563,7,34130000,1
49909.4883047,4,4564,2,34127000,1
49911.5742632,4,4565,10,34132000,1
49913.6060032,4,4566,6,34125000,-1
49919.4156046,4,4567,17,34128000,-1
49922.1080697,4,4568,1,34131000,1
49923.9030582,4,4569,8,34135000,1
49924.7126122,4,4570,2,34132000,1
49925.8723207,4,4571,14,34127000,1
49928.7073254,4,4572,1,34124000,-1
49929.9721164,4,4573,4,34120000,1
49931.7314148,4,4574,6,34117000,1
49931.7668748,4,4575,3,34114000,1
49933.7802718,4,4576,11,34111000,1
49934.458199,4,4577,28,34108000,-1
49934.5412012,4,4578,1,34111000,-1
49939.6780564,4,4579,4,34108000,1
49943.6751571,4,4580,2,34105000,-1
49945.7013554,4,4581,7,34108000,-1
49946.6757501,4,4582,1,34111000,-1
49947.7537622,4,4583,4,34107000,1
49947.9657801,4,4584,6,34104000,1
49950.1282276,4,4585,26,34101000,1
49950.1553992,4,4586,32,34098000,1
49950.2588076,4,4587,5,34095000,1
49950.6754427,4,4588,6,34098000,1
49950.6754649,4,4589,1,34095000,1
49950.7663331,4,4590,1,34098000,1
49951.2937501,4,4591,2,34095000,-1
49954.1130981,4,4592,5,34090000,-1
49954.1154604,4,4593,14,34093000,-1
49954.1154961,4,4594,1,34096000,-1
49954.6169876,4,4595,1,34091000,1
49957.6194229,4,4596,6,34094000,-1
49959.7698772,4,4597,4,34100000,-1
49961.0641998,4,4598,16,34097000,1
49962.1694847,4,4599,2,34100000,1
49962.6469972,4,4600,1,34097000,1
49964.764616,4,4601,1,34100000,1
49965.0511456,4,4602,3,34097000,1
49965.1504289,4,4603,5,34094000,1
49966.7595044,4,4604,1,34091000,1
49971.6065294,4,4605,3,34094000,-1
49972.5580464,4,4606,6,34091000,-1
49972.5876285,4,4607,24,34094000,-1
49972.7880986,4,4608,1,34097000,-1
49974.9160422,4,4609,9,34094000,1
49975.4726183,4,4610,1,34091000,1
49977.343736,4,4611,4,34096000,1
49978.3608433,4,4612,3,34090000,1
49980.25611,4,4613,8,34087000,1
49980.272663,4,4614,4,34084000,1
49984.2977285,4,4615,13,34081000,1
49984.8502555,4,4616,3,34078000,1
49988.254873,4,4617,1,34081000,-1
49991.9319153,4,4618,4,34078000,-1
49993.9685157,4,4619,4,34081000,-1
49996.7671558,4,4620,4,34084000,-1
49996.9764114,4,4621,1,34087000,-1
49999.0070954,4,4622,9,34084000,-1
50002.9811976,4,4623,11,34087000,-1
50027.6296124,4,4624,27,34090000,-1
50028.2930213,4,4625,1,34093000,-1
50029.1640975,4,4626,5,34089000,1
50029.1794244,4,4627,1,34086000,1
50029.6955356,4,4628,2,34089000,-1
50030.010414,4,4629,3,34092000,-1
50031.5169271,4,4630,15,34097000,1
50031.6494798,4,4631,6,34093000,-1
50035.4602579,4,4632,1,34096000,1
50036.6382714,4,4633,16,34100000,-1
50036.6383193,4,4634,1,34103000,-1
50037.2655406,4,4635,3,34099000,-1
50038.6130791,4,4636,5,34102000,-1
50038.6353318,4,4637,1,34105000,-1
50041.5517744,4,4638,8,34102000,1
50043.7486152,4,4639,13,34099000,1
50048.8631685,4,4640,8,34096000,-1
50051.3462754,4,4641,3,34100000,-1
50053.8136937,4,4642,6,34103000,-1
50054.6262327,4,4643,1,34106000,1
50055.4322241,4,4644,14,34103000,1
50058.7166776,4,4645,8,34100000,1
50062.9431843,4,4646,3,34105000,1
50063.323343,4,4647,3,34102000,1
50063.5916681,4,4648,5,34099000,1
50065.6970275,4,4649,8,34096000,1
50067.1976586,4,4650,3,34099000,1
50072.3300887,4,4651,4,34103000,-1
50074.8394107,4,4652,7,34106000,-1
50075.4593173,4,4653,1,34102000,1
50075.6415892,4,4654,2,34105000,-1
50076.5281956,4,4655,21,34108000,-1
50077.9905195,4,4656,32,34111000,-1
50079.4645706,4,4657,5,34115000,1
50079.4645954,4,4658,4,34112000,1
50080.3208674,4,4659,12,34115000,-1
50083.0564968,4,4660,14,34118000,1
50083.373979,4,4661,6,34115000,1
50083.7036455,4,4662,3,34112000,1
50084.9162665,4,4663,10,34109000,-1
50087.612277,4,4664,28,34113000,-1
50088.4695809,4,4665,13,34116000,-1
50088.5822236,4,4666,30,34119000,1
50089.8247268,4,4667,5,34116000,-1
50089.8476763,4,4668,24,34119000,-1
50092.5345433,4,4669,10,34122000,-1
50092.962834,4,4670,2,34119000,1
50099.6020126,4,4671,12,34116000,1
50101.7749343,4,4672,5,34119000,-1
50102.1203122,4,4673,14,34122000,-1
50104.199625,4,4674,4,34125000,-1
50104.6443505,4,4675,4,34119000,-1
50104.788947,4,4676,1,34122000,-1
50107.4037509,4,4677,5,34125000,-1
50108.4690634,4,4678,9,34128000,-1
50108.470647,4,4679,14,34131000,-1
50110.1566554,4,4680,2,34128000,-1
50111.3729663,4,4681,1,34131000,-1
50111.6792961,4,4682,5,34127000,1
50113.0005044,4,4683,6,34124000,-1
50119.1591866,4,4684,14,34127000,-1
50122.3695848,4,4685,5,34130000,-1
50125.3035452,4,4686,16,34126000,1
50125.37681,4,4687,17,34123000,1
50125.3768257,4,4688,1,34120000,1
50125.9562015,4,4689,1,34124000,1
50134.0326276,4,4690,24,34121000,1
50134.1204034,4,4691,6,34118000,1
50140.6644388,4,4692,4,34123000,-1
50142.5590804,4,4693,6,34126000,-1
50143.0720166,4,4694,35,34129000,-1
50143.3095129,4,4695,26,34132000,-1
50143.591212,4,4696,7,34135000,1
50144.8033842,4,4697,1,34132000,1
50145.9223619,4,4698,40,34135000,1
50148.6737553,4,4699,17,34132000,1
50148.9748994,4,4700,1,34129000,-1
50149.0967606,4,4701,2,34126000,-1
50157.1434202,4,4702,3,34129000,1
50161.7426737,4,4703,13,34126000,1
50161.7926121,4,4704,6,34123000,1
50161.9439345,4,4705,3,34120000,1
50162.1180791,4,4706,3,34117000,1
50163.069207,4,4707,4,34114000,1
50167.7033821,4,4708,19,34111000,1
50169.7721661,4,4709,4,34107000,1
50179.8126266,4,4710,8,34110000,1
50180.6676835,4,4711,9,34106000,1
50181.415843,4,4712,12,34103000,-1
50182.5297365,4,4713,1,34107000,-1
50186.8839243,4,4714,5,34104000,1
50200.1039079,4,4715,55,34101000,-1
50200.7426205,4,4716,2,34097000,-1
50201.2641902,4,4717,4,34094000,1
50205.5601749,4,4718,13,34091000,-1
50212.5968096,4,4719,12,34094000,1
50214.2737945,4,4720,4,34097000,-1
50217.3019646,4,4721,2,34100000,1
50220.7594509,4,4722,1,34097000,-1
50221.2980885,4,4723,3,34100000,1
50225.8446866,4,4724,1,34097000,-1
50228.636273,4,4725,4,34100000,-1
50228.859439,4,4726,17,34104000,-1
50238.8794288,4,4727,2,34107000,1
50250.1875702,4,4728,4,34112000,-1
50254.6954441,4,4729,3,34116000,1
50255.5983997,4,4730,4,34119000,1
50261.2251565,4,4731,13,34116000,1
50267.4513722,4,4732,17,34113000,-1
50271.4748979,4,4733,10,34116000,-1
50272.2092878,4,4734,7,34119000,-1
50272.2862161,4,4735,1,34123000,-1
50272.7669226,4,4736,4,34119000,1
50274.9758697,4,4737,6,34116000,1
50275.1262577,4,4738,1,34113000,1
50276.0290375,4,4739,10,34116000,-1
50277.711929,4,4740,25,34119000,1
50279.5789218,4,4741,5,34115000,1
50279.8559978,4,4742,2,34112000,-1
50280.0675135,4,4743,8,34115000,-1
50283.7706469,4,4744,13,34118000,-1
50285.624825,4,4745,2,34114000,-1
50288.0473541,4,4746,1,34118000,-1
50288.3212433,4,4747,1,34121000,1
50292.6449913,4,4748,5,34124000,1
50296.3361323,4,4749,8,34121000,1
50297.9474182,4,4750,3,34114000,1
50298.6299669,4,4751,2,34117000,1
50300.9931469,4,4752,4,34114000,-1
50302.0765676,4,4753,2,34117000,1
50305.8337841,4,4754,6,34114000,1
50305.9244235,4,4755,4,34111000,1
50308.1362137,4,4756,8,34117000,1
50312.517266,4,4757,4,34112000,1
50316.1126012,4,4758,2,34107000,-1
50326.7053795,4,4759,21,34110000,-1
50329.1882954,4,4760,2,34106000,1
50333.1094422,4,4761,1,34102000,1
50334.1022268,4,4762,1,34105000,-1
50341.6532953,4,4763,45,34108000,-1
50342.5415816,4,4764,5,34111000,1
50348.4307813,4,4765,1,34120000,1
50358.9607761,4,4766,1,34123000,-1
50361.3865862,4,4767,1,34119000,1
50376.2001617,4,4768,12,34122000,1
50376.8177988,4,4769,1,34119000,-1
50378.668745,4,4770,1,34123000,-1
50385.4793522,4,4771,3,34120000,-1
50390.29406,4,4772,28,34125000,-1
50393.3174875,4,4773,12,34128000,-1
50393.9027226,4,4774,2,34131000,1
50394.349508,4,4775,1,34128000,1
50395.6188622,4,4776,1,34133000,1
50399.9919178,4,4777,10,34130000,1
50400.2232179,4,4778,1,34127000,1
50405.1461648,4,4779,9,34130000,1
50408.5011135,4,4780,11,34126000,1
50414.5264109,4,4781,9,34122000,1
50415.4116036,4,4782,1,34118000,1
50417.2342035,4,4783,4,34121000,-1
50417.3876775,4,4784,1,34124000,-1
50418.0600058,4,4785,3,34120000,1
50420.1105292,4,4786,12,34123000,-1
50425.4889424,4,4787,2,34126000,1
50429.6077223,4,4788,1,34129000,-1
50430.7865327,4,4789,2,34132000,1
50430.847995,4,4790,19,34129000,1
50431.0229675,4,4791,1,34126000,1
50433.9524982,4,4792,8,34130000,-1
50435.8025639,4,4793,16,34133000,-1
50435.9919349,4,4794,8,34138000,-1
50436.366274,4,4795,4,34141000,1
50439.9522137,4,4796,16,34137000,-1
50441.5781593,4,4797,2,34133000,-1
50441.5932986,4,4798,8,34130000,1
50446.7536946,4,4799,1,34126000,-1
50447.8998463,4,4800,6,34123000,1
50448.4065125,4,4801,2,34120000,1
50449.0694878,4,4802,1,34116000,-1
50450.7096597,4,4803,2,34119000,1
50451.8004917,4,4804,3,34116000,1
50453.5891972,4,4805,13,34112000,1
50453.5933465,4,4806,23,34109000,1
50454.696628,4,4807,7,34106000,1
50458.0783031,4,4808,11,34102000,-1
50458.1087508,4,4809,8,34105000,-1
50458.2022654,4,4810,1,34108000,1
50458.4278755,4,4811,6,34105000,-1
50458.7888513,4,4812,1,34108000,-1
50459.1003229,4,4813,2,34104000,1
50460.0229952,4,4814,1,34109000,-1
50460.604532,4,4815,1,34106000,-1
50462.3679922,4,4816,2,34103000,-1
50463.7194638,4,4817,5,34106000,1
50464.1594959,4,4818,3,34103000,1
50464.6315723,4,4819,16,34100000,1
50464.7668304,4,4820,1,34097000,1
50466.3120423,4,4821,5,34102000,-1
50466.3333268,4,4822,7,34105000,-1
50467.1320494,4,4823,2,34108000,1
50467.1320836,4,4824,1,34105000,1
50470.1365503,4,4825,5,34109000,-1
50470.6050673,4,4826,2,34113000,-1
50472.0609816,4,4827,1,34116000,1
50473.8932038,4,4828,3,34120000,-1
50473.8932626,4,4829,1,34123000,-1
50478.3914965,4,4830,7,34120000,1
50479.8364367,4,4831,4,34123000,1
50479.836497,4,4832,6,34120000,1
50482.5477739,4,4833,7,34124000,-1
50484.3857166,4,4834,5,34127000,1
50486.1362222,4,4835,1,34124000,-1
50488.8426936,4,4836,1,34117000,1
50492.4974258,4,4837,5,34122000,-1
50493.7330042,4,4838,3,34118000,1
50495.3222367,4,4839,2,34113000,1
50500.8648216,4,4840,15,34110000,1
50500.9079,4,4841,4,34107000,1
50501.1127241,4,4842,7,34104000,1
50502.910855,4,4843,2,34107000,-1
50506.2238938,4,4844,4,34110000,1
50506.5831712,4,4845,3,34107000,1
50507.0894109,4,4846,5,34104000,1
50508.3881612,4,4847,1,34100000,-1
50508.9991302,4,4848,2,34104000,1
50510.2916786,4,4849,13,34101000,1
50513.0427486,4,4850,2,34098000,-1
50514.1213936,4,4851,5,34101000,1
50514.6060093,4,4852,12,34104000,1
50515.7179924,4,4853,6,34101000,-1
50515.7777938,4,4854,3,34104000,-1
50516.5941376,4,4855,1,34100000,1
50517.8380061,4,4856,1,34103000,-1
50519.1494383,4,4857,1,34106000,1
50520.2030513,4,4858,3,34110000,-1
50520.2915735,4,4859,10,34113000,1
50520.408687,4,4860,5,34110000,1
50520.8267092,4,4861,1,34113000,1
50521.1090239,4,4862,2,34117000,-1
50521.8951702,4,4863,6,34120000,-1
50524.0721826,4,4864,16,34123000,-1
50524.480567,4,4865,4,34126000,1
50524.5098215,4,4866,2,34123000,-1
50525.0676141,4,4867,4,34126000,1
50526.4918054,4,4868,22,34123000,-1
50527.3880067,4,4869,4,34126000,-1
50530.3105119,4,4870,1,34129000,1
50531.7358615,4,4871,5,34132000,-1
50532.3111075,4,4872,5,34135000,-1
50533.422742,4,4873,1,34138000,-1
50536.3602185,4,4874,7,34133000,-1
50537.0444219,4,4875,4,34136000,1
50537.2519995,4,4876,1,34133000,-1
50538.1704944,4,4877,1,34136000,-1
50543.4850171,4,4878,8,34133000,1
50546.9240028,4,4879,4,34130000,1
50547.2551704,4,4880,5,34127000,1
50548.5492496,4,4881,2,34122000,1
50552.8019299,4,4882,3,34119000,-1
50559.1896204,4,4883,1,34116000,-1
50564.3974356,4,4884,6,34113000,1
50569.1134781,4,4885,6,34110000,1
50571.0121845,4,4886,3,34105000,1
50571.0813696,4,4887,1,34102000,-1
50571.7110469,4,4888,3,34105000,-1
50572.0575808,4,4889,11,34102000,1
50576.0525691,4,4890,7,34099000,-1
50577.0857977,4,4891,1,34102000,-1
50579.4097475,4,4892,1,34098000,1
50579.8180128,4,4893,6,34101000,-1
50579.84449,4,4894,1,34104000,-1
50580.7941405,4,4895,10,34099000,1
50582.1076085,4,4896,2,34103000,1
50589.4002491,4,4897,9,34100000,1
50589.9404115,4,4898,2,34097000,-1
50590.1710893,4,4899,3,34100000,1
50590.7838771,4,4900,6,34096000,1
50592.5524694,4,4901,4,34093000,1
50593.042962,4,4902,27,34090000,1
50593.2595457,4,4903,8,34087000,1
50593.4879367,4,4904,1,34090000,1
50593.5561723,4,4905,1,34087000,1
50595.7589918,4,4906,3,34090000,-1
50595.7619979,4,4907,13,34093000,-1
50595.9279195,4,4908,7,34096000,-1
50597.5123045,4,4909,5,34088000,-1
50601.551362,4,4910,15,34091000,-1
50601.5940409,4,4911,22,34094000,-1
50602.0278614,4,4912,1,34097000,1
50603.1787475,4,4913,1,34100000,-1
50603.8467428,4,4914,7,34096000,-1
50604.3305433,4,4915,1,34099000,1
50608.1110828,4,4916,23,34096000,-1
50608.9760077,4,4917,3,34099000,1
50611.0096121,4,4918,14,34096000,1
50612.8977979,4,4919,1,34101000,-1
50613.035085,4,4920,21,34095000,-1
50623.3547552,4,4921,9,34100000,-1
50624.857516,4,4922,1,34104000,-1
50631.1410332,4,4923,8,34101000,1
50631.1521308,4,4924,1,34098000,1
50634.2701705,4,4925,3,34101000,-1
50637.8416621,4,4926,12,34097000,1
50641.516702,4,4927,8,34094000,-1
50646.8846408,4,4928,2,34098000,-1
50649.3079642,4,4929,13,34101000,-1
50650.5926784,4,4930,1,34104000,-1
50651.2767735,4,4931,1,34101000,1
50655.1802308,4,4932,3,34098000,-1
50656.409938,4,4933,2,34102000,1
50659.089144,4,4934,4,34099000,1
50659.3674239,4,4935,6,34096000,1
50661.8388211,4,4936,1,34093000,1
50664.2717739,4,4937,3,34098000,-1
50667.6112159,4,4938,18,34101000,1
50667.7142387,4,4939,1,34098000,1
50670.9513892,4,4940,3,34103000,1
50672.3888552,4,4941,5,34100000,-1
50672.9030634,4,4942,6,34105000,1
50672.9171476,4,4943,1,34102000,1
50676.8426378,4,4944,2,34105000,-1
50676.8426542,4,4945,1,34108000,-1
50678.8720538,4,4946,3,34103000,-1
50684.6515951,4,4947,4,34107000,-1
50685.0218973,4,4948,2,34104000,-1
50689.6426203,4,4949,2,34109000,1
50690.5422306,4,4950,1,34106000,1
50691.690805,4,4951,1,34110000,1
50695.3735548,4,4952,8,34115000,1
50696.3297353,4,4953,3,34112000,1
50697.7080079,4,4954,3,34109000,-1
50698.2683014,4,4955,7,34112000,-1
50700.1647107,4,4956,16,34115000,-1
50700.4671484,4,4957,4,34118000,-1
50702.1225543,4,4958,1,34122000,1
50704.6684017,4,4959,19,34125000,1
50705.4877351,4,4960,54,34129000,-1
50705.7486605,4,4961,10,34132000,-1
50706.5159995,4,4962,11,34129000,-1
50706.8346961,4,4963,2,34132000,-1
50707.5768334,4,4964,2,34129000,1
50709.0693284,4,4965,3,34126000,1
50709.2919661,4,4966,3,34123000,1
50709.9167862,4,4967,4,34119000,-1
50710.2267336,4,4968,6,34122000,1
50710.3412156,4,4969,3,34119000,-1
50710.7429213,4,4970,6,34122000,-1
50710.7834046,4,4971,2,34125000,-1
50711.2319434,4,4972,2,34128000,1
50711.5124454,4,4973,2,34125000,1
50714.7311128,4,4974,2,34128000,-1
50715.1815481,4,4975,9,34125000,1
50715.6134928,4,4976,4,34122000,1
50716.3996324,4,4977,4,34119000,1
50718.512392,4,4978,5,34115000,1
50719.2712419,4,4979,4,34112000,1
50719.3442119,4,4980,4,34109000,-1
50722.266191,4,4981,24,34106000,-1
50722.449708,4,4982,6,34109000,-1
50723.9321894,4,4983,1,34112000,1
50725.9605602,4,4984,16,34108000,1
50734.4297291,4,4985,24,34104000,1
50734.9921057,4,4986,1,34101000,1
50741.3193391,4,4987,29,34106000,1
50742.7736614,4,4988,10,34103000,1
50744.2459657,4,4989,11,34100000,1
50748.6070818,4,4990,16,34097000,1
50749.5399626,4,4991,1,34100000,1
50752.7132624,4,4992,17,34103000,-1
50752.7344748,4,4993,1,34106000,-1
50753.4309923,4,4994,1,34103000,1
50757.1114352,4,4995,5,34108000,-1
50757.5772165,4,4996,1,34111000,-1
50758.772272,4,4997,2,34114000,-1
50760.1095299,4,4998,1,34118000,-1
50760.6250707,4,4999,1,34112000,1
50767.9101876,4,5000,5,34116000,1
50769.7926663,4,5001,17,34121000,-1
50771.5938424,4,5002,6,34124000,1
50771.6361076,4,5003,2,34121000,1
50771.7982306,4,5004,5,34118000,1
50771.8819928,4,5005,1,34113000,1
50772.5946728,4,5006,3,34116000,-1
50780.1167613,4,5007,10,34119000,-1
50780.1317372,4,5008,3,34122000,1
50782.1230205,4,5009,13,34119000,1
50783.0155817,4,5010,3,34116000,-1
50786.7752373,4,5011,3,34119000,1
50788.337353,4,5012,3,34115000,-1
50789.4754788,4,5013,3,34118000,1
50790.4377353,4,5014,5,34114000,1
50790.7672581,4,5015,1,34110000,-1
50791.8735107,4,5016,1,34115000,-1
50795.8857555,4,5017,2,34112000,-1
50812.0271001,4,5018,5,34109000,1
50812.8798636,4,5019,2,34113000,-1
50812.9454975,4,5020,1,34117000,-1
50813.5475813,4,5021,5,34114000,1
50813.565323,4,5022,1,34111000,1
50814.0891132,4,5023,3,34114000,-1
50814.1357573,4,5024,5,34117000,-1
50816.5467838,4,5025,3,34120000,-1
50819.0665133,4,5026,3,34123000,-1
50820.2786885,4,5027,3,34126000,1
50820.8722417,4,5028,5,34123000,1
50821.9870623,4,5029,4,34120000,1
50831.6749282,4,5030,6,34116000,-1
50831.6851864,4,5031,1,34120000,-1
50833.2902921,4,5032,5,34117000,-1
50833.387003,4,5033,2,34120000,1
50833.5536515,4,5034,1,34117000,1
50835.5863788,4,5035,5,34120000,-1
50839.7941826,4,5036,1,34123000,1
50842.8829466,4,5037,5,34127000,1
50843.1569796,4,5038,6,34130000,1
50843.4077204,4,5039,9,34127000,1
50844.2082107,4,5040,9,34124000,1
50844.2082176,4,5041,1,34121000,1
50844.6357753,4,5042,1,34125000,-1
50846.8053918,4,5043,3,34122000,1
50847.1157289,4,5044,2,34117000,-1
50852.193637,4,5045,1,34120000,-1
50855.9575573,4,5046,3,34117000,-1
50856.3128942,4,5047,6,34120000,-1
50856.8057996,4,5048,1,34123000,-1
50861.8505399,4,5049,2,34127000,1
50861.8840312,4,5050,4,34124000,1
50866.2218615,4,5051,2,34119000,1
50868.6542118,4,5052,3,34116000,1
50874.5821419,4,5053,1,34113000,-1
50875.8453189,4,5054,1,34118000,-1
50882.9697738,4,5055,2,34115000,-1
50883.7204816,4,5056,1,34118000,-1
50887.680024,4,5057,1,34113000,1
50896.5980008,4,5058,1,34116000,1
50898.2797537,4,5059,31,34122000,-1
50898.5884236,4,5060,11,34125000,-1
50898.7041014,4,5061,8,34128000,-1
50899.8056018,4,5062,6,34131000,1
50899.8911951,4,5063,4,34128000,1
50907.0929847,4,5064,23,34125000,-1
50915.8086407,4,5065,9,34120000,-1
50918.9882149,4,5066,2,34124000,1
50926.6723354,4,5067,4,34121000,1
50927.9144625,4,5068,12,34116000,-1
50931.0068686,4,5069,6,34120000,-1
50938.7372415,4,5070,5,34116000,-1
50939.8747993,4,5071,4,34119000,1
50945.4812124,4,5072,11,34116000,-1
50947.012467,4,5073,1,34120000,-1
50950.0040865,4,5074,1,34116000,-1
50951.2213174,4,5075,1,34119000,-1
50955.4391361,4,5076,5,34115000,1
50955.4663584,4,5077,2,34112000,-1
50988.9851123,4,5078,14,34116000,-1
51001.3650935,4,5079,4,34113000,1
51001.5876081,4,5080,1,34110000,1
51007.9254165,4,5081,1,34115000,1
51014.3370802,4,5082,6,34119000,-1
51015.4122787,4,5083,6,34122000,-1
51017.8108116,4,5084,3,34125000,1
51020.7359926,4,5085,2,34121000,1
51022.138225,4,5086,2,34124000,1
51028.4071286,4,5087,4,34121000,1
51032.1590553,4,5088,1,34117000,1
51033.4104101,4,5089,2,34120000,1
51037.646921,4,5090,10,34124000,-1
51040.6051849,4,5091,2,34127000,1
51048.0021822,4,5092,44,34123000,1
51053.7521642,4,5093,1,34126000,-1
51055.1859187,4,5094,13,34122000,1
51055.1889929,4,5095,23,34119000,1
51055.2928861,4,5096,19,34116000,-1
51055.3499233,4,5097,4,34112000,1
51055.5224227,4,5098,5,34109000,1
51055.5245241,4,5099,1,34106000,1
51055.5255721,4,5100,1,34109000,-1
51059.7618733,4,5101,9,34106000,1
51061.1028144,4,5102,6,34111000,1
51061.3565986,4,5103,7,34108000,1
51061.3829611,4,5104,13,34105000,1
51061.4632091,4,5105,10,34101000,1
51061.5809381,4,5106,11,34098000,1
51064.0927173,4,5107,13,34095000,1
51064.1032889,4,5108,23,34092000,1
51064.1052309,4,5109,31,34089000,1
51064.2337298,4,5110,8,34086000,1
51064.3537289,4,5111,12,34089000,-1
51064.6539823,4,5112,11,34092000,1
51065.5155146,4,5113,2,34089000,1
51066.0260167,4,5114,4,34085000,1
51066.3307683,4,5115,6,34081000,-1
51066.9477791,4,5116,1,34084000,-1
51068.3095385,4,5117,32,34081000,-1
51068.3726124,4,5118,1,34078000,-1
51068.3821428,4,5119,1,34074000,1
51068.4777658,4,5120,1,34077000,-1
51068.8398332,4,5121,9,34074000,1
51068.906363,4,5122,37,34071000,1
51068.9083155,4,5123,17,34068000,1
51068.9118988,4,5124,23,34065000,1
51068.9119093,4,5125,1,34062000,1
51068.9999713,4,5126,7,34065000,-1
51070.123101,4,5127,7,34068000,1
51070.1929626,4,5128,1,34065000,1
51075.4990054,4,5129,27,34068000,-1
51077.2378563,4,5130,1,34065000,-1
51078.2902072,4,5131,2,34062000,-1
51079.7962394,4,5132,1,34065000,-1
51082.6342179,4,5133,5,34062000,1
51085.1584391,4,5134,5,34066000,-1
51085.6450497,4,5135,88,34069000,-1
51086.5715832,4,5136,7,34072000,1
51087.1189076,4,5137,4,34069000,-1
51087.4406211,4,5138,3,34072000,-1
51089.7020551,4,5139,3,34075000,-1
51089.9352074,4,5140,4,34078000,1
51092.0543011,4,5141,21,34075000,1
51092.644648,4,5142,4,34072000,-1
51096.8651538,4,5143,5,34076000,-1
51097.4669918,4,5144,4,34079000,1
51098.1712358,4,5145,23,34076000,1
51098.2322964,4,5146,7,34073000,-1
51098.2983992,4,5147,4,34070000,-1
51098.5150033,4,5148,4,34066000,-1
51098.7016244,4,5149,14,34069000,-1
51098.7253942,4,5150,64,34072000,-1
51099.4935084,4,5151,10,34069000,-1
51100.0161536,4,5152,6,34072000,-1
51100.7046906,4,5153,3,34075000,-1
51104.3677664,4,5154,5,34078000,-1
51104.8735023,4,5155,1,34081000,-1
51105.5886798,4,5156,7,34077000,1
51109.5883881,4,5157,10,34074000,-1
51110.0844395,4,5158,4,34077000,-1
51111.4815365,4,5159,11,34080000,1
51114.1143307,4,5160,6,34076000,-1
51114.2905016,4,5161,1,34080000,-1
51115.2483407,4,5162,6,34077000,1
51116.8948071,4,5163,2,34074000,-1
51118.1479051,4,5164,4,34077000,1
51118.30517,4,5165,14,34074000,1
51118.3590825,4,5166,11,34071000,1
51118.5347997,4,5167,3,34068000,1
51120.3041497,4,5168,8,34065000,-1
51120.76025,4,5169,8,34058000,-1
51120.9125309,4,5170,3,34061000,-1
51121.3396808,4,5171,4,34064000,-1
51122.9776021,4,5172,1,34067000,1
51124.8464527,4,5173,4,34070000,1
51125.2582996,4,5174,43,34067000,-1
51126.0679991,4,5175,15,34064000,-1
51126.3218508,4,5176,52,34067000,-1
51126.4019695,4,5177,6,34070000,-1
51128.24643,4,5178,117,34074000,1
51128.358268,4,5179,1,34077000,-1
51128.8082491,4,5180,1,34074000,1
51130.9451608,4,5181,1,34078000,-1
51132.8260658,4,5182,104,34075000,-1
51134.0812123,4,5183,3,34078000,-1
51142.3908514,4,5184,12,34075000,1
51142.4199424,4,5185,18,34072000,1
51142.5018758,4,5186,2,34069000,1
51142.6317911,4,5187,1,34066000,-1
51143.1249281,4,5188,4,34062000,-1
51151.796119,4,5189,2,34066000,1
51151.800666,4,5190,23,34063000,1
51151.8737865,4,5191,10,34060000,1
51153.226932,4,5192,11,34056000,1
51153.7040657,4,5193,1,34053000,1
51157.0232604,4,5194,9,34056000,1
51157.6332132,4,5195,14,34053000,-1
51158.8447156,4,5196,38,34050000,1
51158.9802231,4,5197,1,34047000,1
51160.0880558,4,5198,5,34050000,-1
51161.6661,4,5199,87,34053000,-1
51161.8501464,4,5200,2,34057000,1
51163.503909,4,5201,14,34054000,-1
51164.5602191,4,5202,4,34057000,1
51164.9247741,4,5203,3,34054000,-1
51165.2173764,4,5204,3,34057000,1
51165.2173924,4,5205,1,34054000,1
51165.8221853,4,5206,2,34057000,1
51165.8255733,4,5207,16,34054000,1
51167.694537,4,5208,1,34051000,1
51170.5763929,4,5209,1,34054000,-1
51176.4298337,4,5210,25,34051000,-1
51176.9879041,4,5211,4,34054000,1
51177.3396251,4,5212,12,34051000,-1
51179.5630382,4,5213,8,34056000,-1
51180.5070965,4,5214,11,34059000,-1
51180.5413236,4,5215,5,34062000,-1
51180.5707315,4,5216,1,34065000,-1
51183.7954703,4,5217,8,34061000,-1
51183.8699956,4,5218,1,34064000,-1
51184.3488236,4,5219,1,34060000,1
51188.9636404,4,5220,7,34057000,-1
51189.8743874,4,5221,1,34060000,-1
51202.5374236,4,5222,20,34057000,1
51205.6537997,4,5223,12,34061000,-1
51205.9118957,4,5224,1,34064000,1
51206.6554549,4,5225,2,34068000,1
51206.7825154,4,5226,4,34065000,-1
51206.8432391,4,5227,3,34068000,-1
51207.5310293,4,5228,14,34072000,-1
51209.8881492,4,5229,110,34075000,-1
51211.0764986,4,5230,2,34071000,1
51211.3167676,4,5231,7,34068000,-1
51211.6461555,4,5232,5,34071000,-1
51213.368173,4,5233,7,34068000,-1
51214.7408418,4,5234,15,34071000,-1
51215.5476414,4,5235,2,34074000,1
51215.6350342,4,5236,1,34071000,-1
51219.2728326,4,5237,5,34074000,-1
51224.5060274,4,5238,8,34077000,-1
51224.6831907,4,5239,3,34080000,1
51225.4116831,4,5240,3,34076000,1
51235.1531525,4,5241,3,34073000,-1
51236.969149,4,5242,6,34070000,-1
51240.3586135,4,5243,1,34073000,1
51243.1183136,4,5244,8,34078000,1
51246.847914,4,5245,12,34075000,-1
51248.2052237,4,5246,21,34079000,-1
51248.3148882,4,5247,1,34075000,1
51253.3401429,4,5248,37,34079000,-1
51259.3837036,4,5249,42,34082000,-1
51259.4778808,4,5250,14,34085000,-1
51264.016368,4,5251,18,34088000,-1
51270.0004094,4,5252,22,34085000,1
51271.9215262,4,5253,5,34082000,1
51275.1426294,4,5254,6,34079000,1
51279.4819974,4,5255,5,34076000,1
51286.3111503,4,5256,23,34073000,1
51286.373154,4,5257,7,34070000,1
51286.6397353,4,5258,7,34067000,-1
51291.2252881,4,5259,27,34073000,-1
51291.2478711,4,5260,7,34076000,-1
51291.3234458,4,5261,1,34079000,-1
51295.0528898,4,5262,103,34075000,-1
51298.268861,4,5263,11,34078000,-1
51300.2246077,4,5264,11,34074000,1
51300.2850835,4,5265,1,34079000,-1
51301.5082359,4,5266,4,34075000,-1
51302.3695723,4,5267,16,34078000,-1
51303.824726,4,5268,1,34081000,-1
51306.1138899,4,5269,9,34076000,-1
51306.1139149,4,5270,1,34079000,-1
51307.1977606,4,5271,1,34075000,1
51307.9070481,4,5272,1,34078000,-1
51308.5195912,4,5273,7,34075000,-1
51314.8065862,4,5274,56,34078000,-1
51314.8580245,4,5275,11,34081000,-1
51317.8143213,4,5276,17,34084000,-1
51317.8224971,4,5277,40,34087000,-1
51323.6843939,4,5278,143,34090000,-1
51323.747724,4,5279,11,34093000,-1
51323.7709088,4,5280,1,34096000,-1
51323.9937991,4,5281,3,34093000,1
51332.1020725,4,5282,27,34090000,1
51332.5830993,4,5283,4,34087000,1
51333.7968187,4,5284,9,34084000,-1
51338.2496231,4,5285,46,34087000,1
51338.6010126,4,5286,13,34084000,1
51338.9397174,4,5287,25,34080000,1
51339.3906041,4,5288,7,34077000,1
51340.1863067,4,5289,11,34074000,1
51340.6796774,4,5290,11,34071000,1
51340.8823819,4,5291,1,34068000,1
51341.0024565,4,5292,12,34071000,-1
51341.4847169,4,5293,6,34074000,1
51341.9856559,4,5294,1,34071000,1
51342.311515,4,5295,1,34075000,-1
51344.7760119,4,5296,2,34071000,-1
51344.8014495,4,5297,4,34074000,1
51345.2180178,4,5298,2,34071000,1
51347.2404011,4,5299,4,34076000,-1
51352.1698277,4,5300,1,34079000,1
51354.730343,4,5301,11,34083000,1
51354.8410357,4,5302,7,34080000,1
51354.8861863,4,5303,16,34077000,1
51355.0899282,4,5304,4,34080000,1
51355.1235531,4,5305,1,34077000,1
51358.3201922,4,5306,9,34080000,1
51361.8500632,4,5307,4,34083000,1
51361.8712831,4,5308,2,34080000,-1
51362.8355688,4,5309,7,34084000,-1
51363.4726878,4,5310,24,34088000,1
51374.7193109,4,5311,17,34092000,-1
51380.1918844,4,5312,31,34095000,1
51381.3931668,4,5313,1,34099000,-1
51382.9001111,4,5314,2,34093000,1
51383.1254476,4,5315,13,34090000,-1
51384.2543258,4,5316,32,34087000,1
51385.5414712,4,5317,1,34084000,-1
51385.8842156,4,5318,4,34081000,1
51385.9688295,4,5319,13,34078000,1
51388.0788983,4,5320,8,34075000,1
51391.64104,4,5321,7,34080000,1
51397.8096931,4,5322,7,34076000,1
51397.8096994,4,5323,1,34072000,1
51398.602701,4,5324,8,34075000,-1
51398.6338491,4,5325,18,34078000,-1
51398.6813007,4,5326,13,34081000,-1
51400.8134464,4,5327,6,34084000,1
51403.7778368,4,5328,11,34087000,1
51405.1495011,4,5329,19,34084000,1
51411.3444325,4,5330,10,34087000,1
51414.8761318,4,5331,32,34083000,1
51416.0298325,4,5332,3,34080000,-1
51416.1891022,4,5333,3,34083000,-1
51420.0696466,4,5334,15,34088000,-1
51420.9822672,4,5335,1,34092000,-1
51424.4183725,4,5336,5,34089000,-1
51426.1587042,4,5337,7,34092000,1
51429.4762458,4,5338,20,34089000,-1
51430.7343198,4,5339,10,34086000,-1
51430.7343419,4,5340,1,34089000,-1
51432.3873953,4,5341,4,34086000,1
51433.6137472,4,5342,3,34083000,-1
51434.0611405,4,5343,16,34086000,1
51434.0611511,4,5344,1,34083000,1
51436.0655339,4,5345,9,34086000,-1
51443.5396679,4,5346,9,34089000,1
51446.1953014,4,5347,10,34086000,1
51448.5219929,4,5348,3,34083000,1
51449.2617932,4,5349,12,34080000,1
51449.6472248,4,5350,4,34077000,1
51453.8140343,4,5351,1,34073000,1
51457.064844,4,5352,3,34077000,-1
51458.7174233,4,5353,5,34080000,1
51458.7174489,4,5354,4,34077000,1
51461.2695371,4,5355,1,34074000,1
51462.6261232,4,5356,23,34079000,-1
51462.6801812,4,5357,4,34082000,-1
51464.0791169,4,5358,2,34085000,1
51465.163543,4,5359,7,34082000,1
51465.4163114,4,5360,92,34079000,1
51465.471123,4,5361,6,34076000,-1
51465.5243605,4,5362,3,34079000,-1
51473.3003346,4,5363,2,34084000,1
51475.5054982,4,5364,5,34087000,1
51475.5486466,4,5365,3,34084000,1
51475.6115601,4,5366,1,34081000,1
51480.5798809,4,5367,11,34085000,1
51484.6843197,4,5368,10,34082000,-1
51489.4322337,4,5369,10,34074000,1
51490.2751772,4,5370,17,34071000,1
51494.4773534,4,5371,13,34068000,1
51496.9329183,4,5372,11,34065000,-1
51499.7153615,4,5373,1,34070000,-1
51506.8160999,4,5374,46,34066000,-1
51507.1085845,4,5375,6,34069000,1
51507.1186932,4,5376,8,34065000,-1
51507.9161185,4,5377,3,34068000,-1
51508.9922788,4,5378,8,34071000,-1
51509.0717265,4,5379,6,34074000,-1
51509.3405045,4,5380,8,34078000,-1
51509.3818076,4,5381,1,34081000,-1
51510.6710849,4,5382,1,34078000,1
51512.1790876,4,5383,1,34082000,-1
51513.301679,4,5384,1,34079000,1
51516.0358171,4,5385,3,34076000,1
51519.0910106,4,5386,1,34073000,1
51524.1870393,4,5387,7,34078000,1
51527.6267298,4,5388,3,34081000,-1
51528.9442463,4,5389,20,34084000,-1
51528.9442595,4,5390,1,34087000,-1
51529.9014667,4,5391,1,34084000,-1
51531.4950234,4,5392,1,34080000,-1
51532.0443013,4,5393,11,34077000,1
51533.0705419,4,5394,11,34074000,-1
51534.6781819,4,5395,2,34077000,-1
51536.8462872,4,5396,9,34080000,-1
51536.9084728,4,5397,2,34083000,1
51539.2395022,4,5398,4,34080000,-1
51542.4981423,4,5399,4,34083000,1
51542.5139282,4,5400,5,34080000,1
51543.1383399,4,5401,2,34077000,-1
51561.0859966,4,5402,12,34080000,-1
51566.9070061,4,5403,6,34083000,-1
51567.6116589,4,5404,1,34086000,-1
51568.4574628,4,5405,3,34083000,1
51569.0012927,4,5406,6,34086000,-1
51570.1386678,4,5407,6,34089000,-1
51580.2985599,4,5408,36,34086000,1
51580.5978622,4,5409,1,34081000,1
51610.903067,4,5410,7,34084000,1
51613.4651868,4,5411,2,34080000,-1
51625.350031,4,5412,1,34077000,1
51627.1341733,4,5413,1,34080000,-1
51630.9355251,4,5414,3,34077000,1
51638.4893878,4,5415,12,34082000,1
51638.5433539,4,5416,6,34079000,1
51638.6223704,4,5417,5,34076000,-1
51638.7656593,4,5418,9,34073000,-1
51638.7675832,4,5419,17,34076000,-1
51638.7985817,4,5420,27,34079000,-1
51638.7985914,4,5421,2,34082000,-1
51638.8170399,4,5422,1,34078000,-1
51638.9655636,4,5423,11,34081000,1
51639.0191131,4,5424,3,34078000,1
51639.2157347,4,5425,5,34075000,1
51654.0497789,4,5426,18,34078000,1
51654.6161531,4,5427,3,34075000,1
51657.7850383,4,5428,3,34078000,1
51664.8013541,4,5429,1,34081000,1
51667.6350792,4,5430,6,34086000,1
51667.7041497,4,5431,19,34083000,1
51675.075449,4,5432,3,34079000,1
51677.3079408,4,5433,11,34076000,-1
51678.2398436,4,5434,24,34073000,-1
51678.3454739,4,5435,1,34076000,1
51686.3037747,4,5436,4,34081000,-1
51698.9473851,4,5437,10,34077000,1
51711.2272759,4,5438,23,34071000,1
51723.4526816,4,5439,12,34068000,1
51728.9480855,4,5440,9,34063000,1
51732.820884,4,5441,12,34060000,1
51737.514042,4,5442,18,34063000,-1
51740.0993669,4,5443,5,34067000,1
51746.6363912,4,5444,5,34070000,1
51753.0941956,4,5445,3,34067000,1
51754.0043027,4,5446,2,34073000,1
51756.5582577,4,5447,1,34070000,1
51756.8528054,4,5448,6,34075000,-1
51759.9249258,4,5449,18,34078000,-1
51762.6004542,4,5450,7,34081000,1
51764.3224958,4,5451,2,34078000,-1
51764.865746,4,5452,5,34081000,-1
51765.5846605,4,5453,15,34084000,-1
51765.5847015,4,5454,1,34087000,-1
51767.2035703,4,5455,1,34083000,1
51769.5821561,4,5456,3,34087000,1
51769.5821718,4,5457,1,34084000,1
51773.3004242,4,5458,6,34090000,1
51774.1515123,4,5459,4,34087000,1
51775.6538494,4,5460,3,34083000,1
51779.0612028,4,5461,14,34089000,-1
51782.2336633,4,5462,3,34093000,1
51785.6674835,4,5463,11,34096000,-1
51785.7294317,4,5464,12,34099000,-1
51785.732342,4,5465,30,34102000,-1
51786.0300027,4,5466,3,34105000,-1
51786.0768326,4,5467,3,34108000,1
51786.8993758,4,5468,1,34105000,1
51788.645564,4,5469,5,34108000,1
51789.1619794,4,5470,6,34105000,-1
51789.7659982,4,5471,8,34108000,-1
51790.2143315,4,5472,5,34111000,1
51791.0578535,4,5473,3,34108000,-1
51791.9490255,4,5474,4,34111000,1
51792.6200334,4,5475,1,34108000,1
51795.1089218,4,5476,8,34111000,1
51796.8741289,4,5477,7,34108000,1
51798.0780358,4,5478,3,34111000,1
51798.562935,4,5479,9,34108000,1
51798.6303258,4,5480,1,34105000,1
51800.5021932,4,5481,1,34109000,-1
51801.0802178,4,5482,3,34105000,-1
51803.8235882,4,5483,7,34108000,1
51803.8481755,4,5484,2,34105000,-1
51805.8992689,4,5485,1,34109000,-1
51811.469569,4,5486,6,34106000,1
51814.2664401,4,5487,5,34103000,-1
51826.812449,4,5488,13,34106000,-1
51833.3711047,4,5489,20,34109000,-1
51837.8376233,4,5490,9,34112000,1
51840.3472145,4,5491,9,34115000,-1
51842.9604751,4,5492,13,34118000,-1
51844.5464499,4,5493,17,34121000,-1
51847.6984373,4,5494,2,34117000,1
51850.0352289,4,5495,28,34114000,-1
51854.0098351,4,5496,26,34117000,1
51858.054138,4,5497,8,34114000,1
51858.1515027,4,5498,1,34111000,1
51859.4892718,4,5499,11,34114000,1
51859.4892879,4,5500,1,34111000,1
51860.716508,4,5501,4,34114000,1
51860.7165168,4,5502,1,34111000,1
51876.7832975,4,5503,2,34114000,-1
51884.4313048,4,5504,15,34117000,1
51893.5674475,4,5505,17,34120000,-1
51902.3362605,4,5506,25,34123000,1
51922.5530258,4,5507,6,34120000,-1
51925.6907721,4,5508,1,34123000,1
51928.1793475,4,5509,6,34118000,-1
51930.8614666,4,5510,9,34121000,-1
51932.5492007,4,5511,9,34124000,-1
51944.310139,4,5512,13,34127000,-1
51944.8339756,4,5513,13,34130000,1
51946.60151,4,5514,10,34127000,1
51950.4947283,4,5515,55,34130000,-1
51950.4983007,4,5516,11,34133000,-1
51950.7385044,4,5517,1,34130000,1
51951.0575115,4,5518,2,34133000,1
51952.4526981,4,5519,20,34130000,-1
51954.2985901,4,5520,10,34133000,-1
51955.8338549,4,5521,6,34128000,-1
51958.3985226,4,5522,15,34131000,-1
51958.3985274,4,5523,1,34134000,-1
51959.4174698,4,5524,2,34131000,-1
51961.768234,4,5525,12,34134000,1
51963.3614308,4,5526,24,34131000,-1
51963.3614444,4,5527,1,34134000,-1
51963.4623608,4,5528,6,34130000,1
51964.2348762,4,5529,2,34127000,-1
51966.0916438,4,5530,4,34130000,1
51966.3215978,4,5531,6,34127000,-1
51966.8287336,4,5532,6,34130000,-1
51969.4889797,4,5533,3,34125000,1
51969.7960362,4,5534,7,34122000,1
51970.4844081,4,5535,8,34118000,1
51970.7391438,4,5536,2,34115000,-1
51970.9646425,4,5537,4,34118000,1
51971.3831759,4,5538,5,34115000,-1
51971.9102336,4,5539,5,34118000,1
51976.7749125,4,5540,25,34115000,1
51978.3446635,4,5541,13,34112000,1
51979.0142653,4,5542,12,34109000,1
51979.1527701,4,5543,2,34106000,-1
51980.884668,4,5544,18,34109000,1
51981.2872866,4,5545,24,34114000,1
51983.9347798,4,5546,4,34111000,1
51986.0587484,4,5547,3,34114000,1
51996.4869923,4,5548,17,34117000,1
52000.3052657,4,5549,9,34114000,1
52003.8440376,4,5550,13,34118000,1
52005.1074788,4,5551,8,34115000,1
52005.1120929,4,5552,22,34112000,1
52013.1729252,4,5553,30,34109000,-1
52013.3417838,4,5554,19,34112000,-1
52013.4257451,4,5555,3,34115000,1
52016.5660733,4,5556,9,34112000,1
52023.4161245,4,5557,27,34115000,-1
52030.5142844,4,5558,7,34120000,1
52037.6895331,4,5559,1,34117000,-1
52041.0352073,4,5560,7,34110000,1
52048.3968562,4,5561,7,34114000,-1
52049.8840013,4,5562,8,34117000,-1
52052.3910429,4,5563,10,34120000,1
52052.8343817,4,5564,6,34117000,1
52055.1574273,4,5565,6,34114000,-1
52058.9675894,4,5566,21,34117000,-1
52064.7196477,4,5567,12,34120000,-1
52068.8895196,4,5568,1,34123000,-1
52071.1212653,4,5569,1,34115000,-1
52073.095624,4,5570,8,34112000,-1
52076.2181755,4,5571,1,34115000,-1
52080.1763062,4,5572,6,34112000,1
52081.24412,4,5573,5,34108000,-1
52081.6623383,4,5574,3,34111000,1
52081.9929475,4,5575,6,34108000,1
52083.0064367,4,5576,7,34105000,1
52083.4009353,4,5577,22,34102000,1
52083.5104369,4,5578,2,34099000,1
52084.6187695,4,5579,3,34096000,-1
52085.4025299,4,5580,4,34100000,1
52085.9071497,4,5581,12,34097000,1
52087.8237879,4,5582,14,34094000,1
52088.1276262,4,5583,1,34091000,1
52089.2083679,4,5584,1,34094000,-1
52089.9461734,4,5585,3,34090000,1
52090.7936507,4,5586,3,34087000,-1
52093.8127796,4,5587,5,34090000,1
52094.2180942,4,5588,2,34087000,-1
52095.3841332,4,5589,1,34091000,-1
52099.3467096,4,5590,6,34088000,1
52101.0943782,4,5591,7,34091000,1
52106.7650816,4,5592,6,34087000,-1
52107.692105,4,5593,8,34090000,1
52108.3561028,4,5594,6,34087000,1
52110.9027517,4,5595,12,34084000,1
52114.9150187,4,5596,26,34081000,1
52114.9150349,4,5597,1,34078000,1
52115.5409766,4,5598,2,34082000,1
52118.7604608,4,5599,10,34079000,1
52121.4647586,4,5600,1,34076000,-1
52121.5374226,4,5601,29,34072000,1
52121.650207,4,5602,8,34069000,1
52121.6515551,4,5603,1,34066000,1
52124.5078861,4,5604,1,34069000,-1
52127.7052436,4,5605,6,34065000,1
52131.9219712,4,5606,6,34068000,1
52132.6146645,4,5607,1,34065000,1
52134.0715399,4,5608,6,34068000,1
52134.2573216,4,5609,1,34065000,1
52135.1552393,4,5610,21,34069000,1
52136.1082134,4,5611,12,34065000,1
52136.1100238,4,5612,1,34062000,1
52139.2518914,4,5613,27,34068000,1
52139.8000045,4,5614,1,34065000,1
52141.0797121,4,5615,5,34069000,-1
52142.0615553,4,5616,11,34072000,-1
52144.3922555,4,5617,1,34069000,1
52146.6965537,4,5618,3,34072000,-1
52146.7844576,4,5619,19,34076000,-1
52146.805006,4,5620,2,34079000,1
52147.5258464,4,5621,15,34076000,-1
52147.7622979,4,5622,15,34079000,-1
52147.7623056,4,5623,1,34082000,-1
52148.670492,4,5624,12,34079000,-1
52148.6704999,4,5625,1,34082000,-1
52148.7708417,4,5626,2,34079000,-1
52148.9517195,4,5627,1,34082000,-1
52149.6812963,4,5628,3,34079000,-1
52150.1892102,4,5629,1,34082000,-1
52150.6217149,4,5630,3,34079000,1
52151.2006968,4,5631,2,34076000,-1
52152.1298481,4,5632,5,34079000,-1
52153.3261638,4,5633,11,34082000,-1
52156.3545831,4,5634,20,34085000,-1
52156.4546475,4,5635,7,34082000,-1
52162.3172467,4,5636,13,34085000,-1
52162.4722141,4,5637,2,34088000,1
52163.0260884,4,5638,2,34085000,-1
52163.0261025,4,5639,1,34088000,-1
52163.8347189,4,5640,10,34085000,-1
52168.6891054,4,5641,16,34088000,-1
52171.9261657,4,5642,1,34085000,1
52176.5599782,4,5643,16,34088000,-1
52176.9245003,4,5644,1,34091000,-1
52177.1155292,4,5645,2,34088000,-1
52179.3989225,4,5646,10,34091000,-1
52180.8159539,4,5647,2,34094000,-1
52182.7312831,4,5648,3,34090000,-1
52187.8552886,4,5649,13,34093000,-1
52189.1065312,4,5650,1,34096000,-1
52190.7316631,4,5651,2,34093000,1
52194.6982871,4,5652,7,34090000,-1
52199.3170503,4,5653,19,34093000,-1
52200.1927867,4,5654,4,34097000,-1
52200.8942453,4,5655,5,34100000,-1
52203.6291141,4,5656,6,34103000,-1
52205.5690157,4,5657,8,34107000,-1
52208.8583578,4,5658,18,34110000,1
52211.8521577,4,5659,3,34113000,-1
52214.5241844,4,5660,4,34109000,-1
52214.6323618,4,5661,2,34113000,1
52216.0141744,4,5662,3,34110000,-1
52218.4143969,4,5663,1,34113000,-1
52219.1856416,4,5664,2,34110000,1
52220.5987901,4,5665,6,34106000,1
52227.3438515,4,5666,2,34103000,-1
52229.8237473,4,5667,2,34106000,1
52230.1430976,4,5668,7,34103000,1
52230.7518443,4,5669,4,34097000,1
52237.0043757,4,5670,3,34101000,-1
52237.1617563,4,5671,1,34105000,-1
52238.068689,4,5672,10,34108000,1
52238.0695689,4,5673,12,34105000,1
52238.3539399,4,5674,13,34102000,1
52242.1663868,4,5675,4,34109000,-1
52249.1238184,4,5676,6,34113000,1
52250.5057236,4,5677,5,34110000,1
52255.4875249,4,5678,7,34107000,1
52257.8556287,4,5679,2,34104000,1
52259.70838,4,5680,2,34098000,1
52260.8056229,4,5681,3,34102000,-1
52264.1036351,4,5682,7,34105000,1
52264.1095549,4,5683,20,34102000,1
52268.3491046,4,5684,30,34099000,1
52269.4836185,4,5685,10,34096000,1
52270.0340278,4,5686,1,34092000,1
52270.779222,4,5687,4,34097000,1
52272.3930121,4,5688,15,34093000,1
52276.9026336,4,5689,18,34090000,1
52279.0968054,4,5690,2,34087000,1
52281.8945933,4,5691,7,34084000,1
52282.0879733,4,5692,14,34081000,1
52285.121206,4,5693,1,34078000,-1
52285.1296646,4,5694,1,34075000,1
52288.8576219,4,5695,7,34078000,-1
52288.9538133,4,5696,1,34082000,-1
52290.0241251,4,5697,6,34085000,1
52290.3721954,4,5698,3,34081000,-1
52290.634689,4,5699,4,34085000,-1
52294.0796364,4,5700,1,34089000,1
52294.4047272,4,5701,2,34086000,-1
52295.2817579,4,5702,6,34083000,1
52297.1546762,4,5703,12,34080000,1
52297.4578129,4,5704,10,34077000,1
52298.6702398,4,5705,5,34074000,1
52298.9739749,4,5706,1,34071000,1
52300.5915415,4,5707,6,34075000,1
52302.7535351,4,5708,5,34072000,-1
52302.7639562,4,5709,1,34075000,-1
52307.6431089,4,5710,5,34080000,1
52308.6176314,4,5711,1,34077000,-1
52309.2839624,4,5712,3,34080000,-1
52310.3262453,4,5713,9,34083000,-1
52312.4149296,4,5714,21,34086000,-1
52314.6467548,4,5715,16,34089000,-1
52314.7416126,4,5716,1,34092000,-1
52315.9021124,4,5717,24,34089000,-1
52315.946067,4,5718,1,34092000,-1
52317.0648491,4,5719,1,34089000,-1
52317.8782464,4,5720,1,34085000,-1
52323.2940013,4,5721,2,34089000,-1
52324.6993974,4,5722,2,34092000,1
52325.529715,4,5723,3,34089000,-1
52334.0578689,4,5724,1,34093000,1
52340.3756903,4,5725,1,34097000,-1
52342.240837,4,5726,7,34094000,1
52344.5860761,4,5727,3,34091000,1
52347.9869705,4,5728,5,34095000,-1
52349.0363629,4,5729,1,34098000,-1
52351.0267081,4,5730,5,34094000,1
52357.8089277,4,5731,2,34091000,-1
52360.0998712,4,5732,1,34094000,-1
52367.820446,4,5733,6,34097000,1
52369.9255065,4,5734,2,34100000,1
52369.9682595,4,5735,1,34097000,1
52376.019556,4,5736,3,34101000,1
52376.0195711,4,5737,1,34098000,1
52377.8416246,4,5738,3,34102000,1
52381.8776417,4,5739,12,34099000,1
52383.6314657,4,5740,6,34095000,1
52388.3211606,4,5741,10,34092000,-1
52393.5963665,4,5742,1,34096000,1
52401.890317,4,5743,22,34099000,-1
52403.0454849,4,5744,12,34102000,-1
52405.1411432,4,5745,4,34097000,1
52408.951918,4,5746,1,34094000,1
52410.13123,4,5747,4,34097000,1
52411.8606939,4,5748,3,34093000,-1
52415.1198076,4,5749,1,34096000,-1
52416.3717023,4,5750,3,34092000,1
52418.1188906,4,5751,2,34089000,-1
52419.2202468,4,5752,1,34092000,-1
52420.3225353,4,5753,2,34088000,1
52426.3020489,4,5754,9,34085000,1
52426.6500999,4,5755,7,34081000,-1
52429.4732381,4,5756,12,34084000,-1
52429.9554968,4,5757,5,34087000,-1
52431.2201619,4,5758,3,34090000,-1
52433.6740952,4,5759,3,34093000,-1
52435.0493055,4,5760,12,34096000,-1
52435.754726,4,5761,5,34100000,1
52435.7852989,4,5762,1,34097000,-1
52437.11549,4,5763,2,34100000,1
52440.1774077,4,5764,5,34097000,-1
52447.8103968,4,5765,6,34093000,-1
52452.8572122,4,5766,5,34096000,1
52455.2391602,4,5767,21,34093000,1
52457.7641276,4,5768,3,34090000,1
52459.5674837,4,5769,3,34087000,-1
52461.8405369,4,5770,4,34082000,1
52463.3822384,4,5771,8,34076000,-1
52463.6400966,4,5772,11,34079000,-1
52470.9197083,4,5773,4,34082000,1
52477.6936216,4,5774,8,34086000,1
52481.5202435,4,5775,6,34083000,-1
52483.8761114,4,5776,1,34086000,-1
52488.6968167,4,5777,9,34080000,1
52488.8566987,4,5778,3,34077000,1
52489.5171506,4,5779,1,34073000,1
52491.9446437,4,5780,3,34077000,1
52495.0756839,4,5781,4,34074000,1
52496.0843914,4,5782,12,34071000,1
52496.8517009,4,5783,3,34068000,-1
52497.082293,4,5784,1,34071000,1
52498.2094088,4,5785,6,34068000,1
52501.1517165,4,5786,13,34065000,1
52501.6858192,4,5787,2,34062000,-1
52501.995245,4,5788,4,34065000,-1
52502.6329892,4,5789,4,34068000,-1
52504.5975399,4,5790,8,34072000,-1
52510.687364,4,5791,6,34069000,-1
52512.7543524,4,5792,6,34066000,-1
52514.0212367,4,5793,32,34069000,-1
52514.1254489,4,5794,1,34072000,1
52515.1926807,4,5795,2,34068000,1
52517.420446,4,5796,7,34065000,1
52522.9488803,4,5797,4,34062000,1
52523.1811922,4,5798,4,34065000,-1
52539.5661538,4,5799,2,34068000,-1
52552.2257207,4,5800,15,34071000,1
52552.2257263,4,5801,1,34068000,1
52557.7043709,4,5802,3,34071000,1
52558.4058727,4,5803,8,34068000,1
52562.7932622,4,5804,1,34065000,-1
52563.007352,4,5805,3,34060000,-1
52563.178332,4,5806,1,34064000,1
52573.2935079,4,5807,2,34067000,-1
52573.9651305,4,5808,1,34070000,-1
52578.7188359,4,5809,1,34073000,1
52584.1462819,4,5810,8,34076000,1
52584.4995054,4,5811,6,34073000,1
52587.5023162,4,5812,3,34070000,-1
52591.6917218,4,5813,4,34073000,-1
52594.9486989,4,5814,1,34076000,-1
52602.8328589,4,5815,11,34070000,1
52606.4880438,4,5816,5,34067000,1
52618.0108757,4,5817,3,34064000,-1
52618.5431616,4,5818,2,34061000,-1
52629.1337392,4,5819,2,34064000,1
52630.3292948,4,5820,1,34060000,-1
52631.8711877,4,5821,10,34055000,1
52631.8941332,4,5822,2,34052000,-1
52632.1514908,4,5823,3,34055000,1
52632.1744284,4,5824,2,34052000,-1
52636.5989079,4,5825,5,34057000,1
52639.194069,4,5826,1,34060000,1
52643.4170285,4,5827,2,34056000,-1
52645.3393739,4,5828,5,34059000,-1
52647.3641678,4,5829,4,34062000,1
52649.1308246,4,5830,18,34059000,1
52649.1308294,4,5831,1,34056000,1
52655.4868868,4,5832,2,34059000,-1
52663.9192528,4,5833,3,34064000,1
52669.1135762,4,5834,2,34061000,1
52680.2399221,4,5835,3,34064000,1
52687.5318421,4,5836,15,34061000,-1
52708.2636228,4,5837,4,34064000,1
52708.2636873,4,5838,1,34061000,1
52711.5380715,4,5839,1,34066000,1
52723.4676398,4,5840,1,34070000,1
52727.1478741,4,5841,15,34075000,-1
52727.1617724,4,5842,1,34078000,1
52732.5654735,4,5843,8,34075000,1
52732.58834,4,5844,1,34071000,1
52737.3403588,4,5845,4,34077000,1
52741.4934317,4,5846,1,34074000,1
52748.9383832,4,5847,12,34081000,-1
52750.6943864,4,5848,1,34084000,-1
52755.7975785,4,5849,1,34080000,-1
52762.4844032,4,5850,3,34077000,1
52773.0554056,4,5851,2,34074000,1
52775.2755809,4,5852,4,34071000,1
52775.2755998,4,5853,1,34068000,1
52776.5592055,4,5854,5,34071000,-1
52781.8532821,4,5855,9,34067000,-1
52782.4786448,4,5856,38,34071000,-1
52787.4352994,4,5857,7,34074000,-1
52791.5183704,4,5858,4,34071000,1
52804.7885896,4,5859,4,34067000,1
52805.5116693,4,5860,6,34063000,1
52805.5116958,4,5861,1,34060000,1
52811.61412,4,5862,1,34064000,-1
52814.7475085,4,5863,5,34068000,-1
52815.2891024,4,5864,3,34072000,-1
52820.3689234,4,5865,2,34075000,1
52832.1339698,4,5866,1,34072000,1
52832.8860435,4,5867,2,34076000,-1
52836.2551588,4,5868,39,34080000,1
52837.2764722,4,5869,15,34077000,-1
52843.7013534,4,5870,13,34080000,1
52851.5023278,4,5871,1,34077000,-1
52862.4639355,4,5872,4,34074000,-1
52868.4338597,4,5873,12,34077000,-1
52872.8546301,4,5874,3,34080000,1
52879.2982236,4,5875,6,34077000,1
52879.6145038,4,5876,1,34074000,1
52892.9627754,4,5877,16,34080000,1
52906.1876592,4,5878,9,34077000,1
52906.6560466,4,5879,8,34074000,1
52907.6218432,4,5880,1,34071000,1
52939.3911122,4,5881,10,34075000,1
52942.9664951,4,5882,2,34078000,1
52949.1427318,4,5883,1,34074000,1
52969.3839176,4,5884,4,34079000,-1
52981.3565837,4,5885,2,34082000,-1
52991.5932097,4,5886,2,34079000,1
53004.2080673,4,5887,1,34076000,-1
53011.7191503,4,5888,13,34073000,-1
53012.5095151,4,5889,20,34076000,-1
53013.0129932,4,5890,23,34079000,-1
53015.2179369,4,5891,1,34082000,-1
53017.3998153,4,5892,1,34077000,1
53023.8478011,4,5893,1,34074000,1
53059.4792807,4,5894,11,34081000,-1
53060.0439229,4,5895,9,34084000,-1
53063.8878782,4,5896,13,34087000,-1
53065.236098,4,5897,2,34090000,1
53071.7503813,4,5898,5,34087000,1
53073.4805236,4,5899,6,34090000,1
53073.5673715,4,5900,1,34087000,1
53076.3799038,4,5901,3,34090000,1
53081.2344412,4,5902,10,34087000,1
53081.2353084,4,5903,14,34084000,1
53081.3083531,4,5904,1,34081000,1
53089.16902,4,5905,1,34085000,1
53093.8525883,4,5906,8,34089000,1
53101.9695124,4,5907,2,34086000,-1
53115.4483708,4,5908,1,34089000,1
53115.7186127,4,5909,2,34093000,-1
53120.349731,4,5910,3,34090000,1
53126.3569686,4,5911,1,34086000,1
53131.2437668,4,5912,4,34090000,-1
53134.7620497,4,5913,3,34093000,1
53137.5358675,4,5914,4,34090000,1
53137.9710812,4,5915,7,34093000,1
53143.0760383,4,5916,5,34090000,1
53145.0105126,4,5917,23,34087000,1
53148.2989641,4,5918,4,34084000,-1
53158.1044774,4,5919,11,34087000,-1
53171.7587451,4,5920,3,34083000,1
53183.0317677,4,5921,1,34089000,-1
53187.688887,4,5922,3,34092000,-1
53187.7460643,4,5923,2,34095000,1
53191.0863942,4,5924,6,34100000,1
53192.8573792,4,5925,2,34097000,-1
53193.5609782,4,5926,3,34094000,-1
53196.5433215,4,5927,5,34097000,-1
53198.0165603,4,5928,5,34100000,-1
53200.7758196,4,5929,1,34103000,-1
53212.107968,4,5930,9,34096000,-1
53214.2071068,4,5931,1,34093000,-1
53218.4696013,4,5932,1,34089000,1
53229.117864,4,5933,5,34092000,1
53229.4698783,4,5934,6,34089000,1
53229.7594165,4,5935,7,34086000,1
53237.290008,4,5936,1,34083000,1
53253.7468406,4,5937,2,34088000,1
53256.3430387,4,5938,1,34085000,1
53270.7459909,4,5939,2,34082000,-1
53274.1721603,4,5940,1,34078000,-1
53275.9287152,4,5941,2,34081000,1
53282.8850362,4,5942,1,34085000,1
53290.9980094,4,5943,1,34088000,1
53308.2183116,4,5944,1,34084000,-1
53321.6308415,4,5945,3,34077000,-1
53321.7567984,4,5946,5,34080000,-1
53323.3470082,4,5947,2,34083000,1
53325.4201913,4,5948,2,34080000,-1
53329.0313117,4,5949,26,34083000,-1
53329.1463515,4,5950,3,34087000,-1
53365.3469383,4,5951,2,34090000,1
53371.2001673,4,5952,1,34093000,-1
53381.267037,4,5953,4,34089000,1
53381.3493344,4,5954,3,34086000,1
53390.5835289,4,5955,10,34083000,1
53393.4714693,4,5956,2,34079000,1
53407.5826734,4,5957,5,34084000,1
53420.9314211,4,5958,3,34081000,1
53421.785363,4,5959,6,34078000,-1
53423.171056,4,5960,2,34075000,-1
53426.4170793,4,5961,5,34078000,-1
53434.6352499,4,5962,4,34074000,1
53435.6977315,4,5963,2,34071000,1
53440.4813736,4,5964,8,34068000,1
53442.7461971,4,5965,5,34065000,1
53445.3545467,4,5966,1,34062000,1
53450.9941067,4,5967,10,34065000,-1
53454.5318883,4,5968,15,34068000,-1
53454.7469928,4,5969,1,34072000,-1
53457.8074364,4,5970,1,34068000,1
53458.8499896,4,5971,1,34071000,1
53460.0285631,4,5972,9,34075000,-1
53460.4543545,4,5973,12,34078000,-1
53460.5073666,4,5974,2,34083000,1
53461.0764853,4,5975,5,34080000,-1
53461.3625112,4,5976,1,34083000,1
53462.4099875,4,5977,3,34080000,-1
53462.7900485,4,5978,3,34083000,-1
53465.6793437,4,5979,7,34090000,-1
53466.654498,4,5980,2,34093000,1
53469.9363565,4,5981,1,34090000,1
53471.3288646,4,5982,7,34093000,-1
53472.1004363,4,5983,2,34097000,1
53474.9240519,4,5984,7,34094000,-1
53479.8650344,4,5985,3,34091000,-1
53482.5351021,4,5986,11,34087000,1
53483.5596998,4,5987,21,34084000,-1
53487.3058194,4,5988,1,34088000,-1
53490.4905937,4,5989,4,34085000,1
53494.8662432,4,5990,8,34082000,-1
53495.2029724,4,5991,2,34085000,1
53500.3471786,4,5992,1,34082000,-1
53512.6808556,4,5993,1,34079000,-1
53523.1230473,4,5994,5,34073000,1
53541.2289949,4,5995,3,34070000,1
53545.5263547,4,5996,21,34067000,1
53548.7031154,4,5997,10,34064000,-1
53569.271103,4,5998,9,34070000,-1
53578.6668306,4,5999,18,34074000,1
53579.1682819,4,6000,11,34071000,1
53600.3295747,4,6001,8,34074000,-1
53606.0980254,4,6002,2,34067000,-1
53631.8602112,4,6003,1,34071000,-1
53635.6266461,4,6004,3,34067000,-1
53654.6125101,4,6005,10,34071000,-1
53659.3619389,4,6006,2,34076000,1
53669.0205889,4,6007,5,34072000,1
53670.7764012,4,6008,8,34069000,1
53671.1440816,4,6009,3,34066000,-1
53673.9334392,4,6010,5,34069000,-1
53687.3922185,4,6011,13,34074000,1
53700.9511385,4,6012,7,34069000,1
53707.6193103,4,6013,4,34066000,1
53709.1100946,4,6014,4,34063000,1
53712.9665237,4,6015,5,34060000,-1
53719.8252381,4,6016,9,34063000,-1
53726.4051462,4,6017,12,34067000,1
53726.4114394,4,6018,13,34064000,1
53727.6242413,4,6019,22,34061000,1
53736.1873591,4,6020,7,34064000,-1
53736.9019232,4,6021,3,34067000,-1
53751.7521558,4,6022,7,34070000,-1
53758.955285,4,6023,1,34066000,-1
53774.6079894,4,6024,18,34062000,-1
53784.9861969,4,6025,1,34065000,1
53794.7922454,4,6026,5,34070000,-1
53797.4356994,4,6027,9,34075000,-1
53798.0442248,4,6028,1,34078000,-1
53799.4684354,4,6029,2,34081000,1
53801.1861114,4,6030,4,34078000,1
53805.8152194,4,6031,48,34075000,1
53809.9957511,4,6032,1,34072000,-1
53814.5707719,4,6033,2,34068000,1
53818.6319149,4,6034,5,34065000,1
53822.4214295,4,6035,4,34062000,1
53823.8041289,4,6036,5,34059000,-1
53824.0999826,4,6037,3,34062000,-1
53824.7496897,4,6038,5,34065000,1
53827.5593612,4,6039,5,34062000,1
53841.3681232,4,6040,6,34059000,1
53841.421987,4,6041,1,34062000,-1
53847.2720511,4,6042,8,34058000,1
53848.6602882,4,6043,6,34055000,-1
53850.0617415,4,6044,9,34058000,1
53854.8998374,4,6045,1,34055000,1
53859.4188634,4,6046,11,34058000,-1
53860.8259206,4,6047,9,34061000,-1
53862.7505287,4,6048,4,34064000,-1
53884.2026419,4,6049,5,34061000,1
53890.9035021,4,6050,5,34057000,1
53898.1831285,4,6051,26,34054000,1
53910.5268655,4,6052,27,34051000,1
53911.3303444,4,6053,20,34048000,1
53917.6408208,4,6054,47,34045000,1
53917.6968284,4,6055,1,34042000,1
53918.7781006,4,6056,7,34045000,-1
53936.9100629,4,6057,1,34048000,-1
53940.0915717,4,6058,3,34045000,-1
53944.4922167,4,6059,5,34049000,1
53946.5782586,4,6060,1,34045000,1
53951.6500962,4,6061,4,34048000,1
53956.3059971,4,6062,11,34045000,1
53960.0281152,4,6063,16,34042000,-1
53960.0735299,4,6064,2,34045000,1
53968.6055805,4,6065,41,34042000,1
53971.9644593,4,6066,2,34046000,-1
53976.1907005,4,6067,2,34049000,1
53979.7716348,4,6068,4,34046000,1
53979.8012481,4,6069,1,34043000,-1
53980.2360038,4,6070,2,34037000,-1
53982.9289836,4,6071,1,34040000,1
53985.803927,4,6072,10,34037000,1
53985.9742707,4,6073,2,34034000,-1
53986.4898575,4,6074,5,34037000,1
53986.5127741,4,6075,2,34034000,-1
53990.2005739,4,6076,5,34037000,-1
53994.145801,4,6077,3,34040000,-1
54002.1058854,4,6078,1,34043000,1
54025.3727018,4,6079,7,34048000,-1
54027.5183863,4,6080,4,34045000,-1
54032.8547999,4,6081,4,34048000,-1
54032.856051,4,6082,9,34051000,1
54039.5810809,4,6083,3,34048000,1
54040.4188185,4,6084,4,34045000,-1
54048.1607373,4,6085,4,34048000,-1
54060.1803689,4,6086,1,34051000,1
54065.4951141,4,6087,2,34056000,-1
54081.1249101,4,6088,3,34053000,1
54094.0572363,4,6089,5,34057000,-1
54096.5631602,4,6090,2,34054000,-1
54104.5491887,4,6091,7,34057000,-1
54118.2975675,4,6092,6,34060000,-1
54136.3436082,4,6093,7,34057000,1
54137.7366272,4,6094,4,34054000,1
54139.730913,4,6095,4,34051000,1
54142.5418271,4,6096,3,34048000,1
54149.5031321,4,6097,4,34045000,1
54151.4207822,4,6098,5,34042000,1
54153.0320373,4,6099,3,34039000,-1
54172.5702015,4,6100,10,34044000,1
54193.2277963,4,6101,8,34041000,-1
54204.5477949,4,6102,7,34038000,-1
54224.7966153,4,6103,3,34041000,1
54225.8784277,4,6104,1,34046000,1
54239.3098235,4,6105,5,34049000,-1
54243.1987133,4,6106,1,34052000,-1
54247.8854096,4,6107,4,34048000,1
54252.6137541,4,6108,5,34045000,-1
54264.5899993,4,6109,2,34050000,-1
54270.3176105,4,6110,7,34053000,-1
54270.5169029,4,6111,2,34056000,1
54271.9117612,4,6112,1,34051000,-1
54296.5583225,4,6113,3,34048000,-1
54313.0417808,4,6114,4,34051000,-1
54315.8003322,4,6115,2,34054000,1
54315.8906307,4,6116,4,34051000,1
54320.0940985,4,6117,3,34048000,1
54320.1385803,4,6118,1,34045000,1
54335.0175363,4,6119,7,34050000,1
54335.7942669,4,6120,4,34046000,1
54335.9536489,4,6121,2,34043000,1
54339.3210913,4,6122,3,34040000,1
54343.4624832,4,6123,1,34045000,-1
54353.0320813,4,6124,4,34042000,1
54357.0887446,4,6125,3,34045000,-1
54358.8330553,4,6126,1,34048000,-1
54360.3011346,4,6127,1,34045000,1
54362.0948082,4,6128,1,34048000,1
54366.5000929,4,6129,6,34051000,1
54394.7023032,4,6130,17,34047000,1
54404.4300675,4,6131,7,34050000,-1
54408.9563517,4,6132,5,34053000,1
54410.938842,4,6133,1,34050000,1
54422.9276141,4,6134,5,34054000,1
54443.0992127,4,6135,22,34058000,-1
54446.2397449,4,6136,1,34061000,1
54449.3142093,4,6137,21,34064000,-1
54450.1186817,4,6138,5,34067000,-1
54454.2207471,4,6139,1,34063000,-1
54466.0662106,4,6140,6,34060000,1
54478.2756874,4,6141,6,34063000,-1
54480.2240383,4,6142,14,34066000,-1
54486.4148523,4,6143,2,34069000,1
54487.2750876,4,6144,1,34066000,1
54489.149652,4,6145,13,34069000,-1
54491.1792039,4,6146,8,34072000,-1
54496.7563216,4,6147,3,34067000,1
54499.7883243,4,6148,2,34064000,1
54503.2741226,4,6149,5,34061000,1
54503.5888338,4,6150,8,34058000,-1
54503.5888611,4,6151,1,34061000,-1
54505.7628133,4,6152,14,34057000,1
54507.4995018,4,6153,3,34054000,1
54514.797248,4,6154,5,34051000,-1
54516.8737603,4,6155,9,34048000,1
54522.8176498,4,6156,1,34045000,-1
54529.6259121,4,6157,8,34042000,1
54540.2722901,4,6158,17,34038000,-1
54557.0377363,4,6159,2,34041000,1
54560.2458644,4,6160,6,34037000,1
54563.6017452,4,6161,8,34034000,1
54563.9329229,4,6162,15,34031000,1
54564.5827636,4,6163,14,34028000,1
54569.9605128,4,6164,25,34025000,1
54573.3988044,4,6165,1,34029000,-1
54580.1063893,4,6166,2,34025000,1
54592.432376,4,6167,1,34028000,1
54597.5798587,4,6168,2,34031000,-1
54601.6093871,4,6169,3,34034000,1
54608.8775701,4,6170,6,34031000,1
54615.0954869,4,6171,8,34028000,1
54622.232124,4,6172,1,34025000,1
54629.192487,4,6173,11,34029000,-1
54649.5395548,4,6174,3,34032000,1
54655.18057,4,6175,6,34029000,1
54663.9388534,4,6176,18,34026000,1
54671.5131306,4,6177,10,34023000,1
54672.9216943,4,6178,20,34020000,1
54680.6254828,4,6179,22,34017000,-1
54683.4911766,4,6180,4,34020000,-1
54703.3526469,4,6181,16,34017000,-1
54707.8952082,4,6182,1,34020000,-1
54718.0222644,4,6183,1,34016000,1
54722.667568,4,6184,10,34021000,1
54726.7480476,4,6185,3,34018000,1
54730.9782785,4,6186,1,34015000,1
54732.9914052,4,6187,3,34018000,1
54742.5805492,4,6188,28,34015000,1
54742.6420181,4,6189,1,34012000,1
54743.4014338,4,6190,12,34015000,1
54747.6728995,4,6191,7,34012000,1
54752.2879448,4,6192,9,34015000,-1
54752.9809703,4,6193,1,34018000,-1
54768.1035126,4,6194,6,34015000,1
54776.6174148,4,6195,38,34012000,1
54776.6208258,4,6196,32,34009000,1
54776.6236493,4,6197,29,34006000,1
54776.6278229,4,6198,26,34003000,1
54776.6295516,4,6199,34,34000000,1
54777.0578919,4,6200,10,34004000,-1
54777.3302505,4,6201,2,34007000,1
54779.2631195,4,6202,12,34004000,-1
54781.9993478,4,6203,9,34007000,-1
54783.5949047,4,6204,19,34001000,1
54783.8756475,4,6205,6,33998000,-1
54785.4274025,4,6206,13,33995000,-1
54787.4443745,4,6207,3,33998000,1
54791.3685632,4,6208,14,34001000,-1
54791.3685984,4,6209,5,34004000,-1
54796.0364734,4,6210,2,34001000,1
54796.1697093,4,6211,2,33998000,-1
54801.2057321,4,6212,12,34002000,-1
54807.5090667,4,6213,13,34005000,-1
54811.2521666,4,6214,3,34008000,1
54813.3963212,4,6215,6,34005000,1
54813.8052755,4,6216,1,34001000,1
54816.3581816,4,6217,3,34005000,1
54818.2974107,4,6218,6,34002000,-1
54818.9423989,4,6219,1,34005000,1
54819.8751377,4,6220,1,34001000,1
54820.4007546,4,6221,11,34004000,-1
54821.1560727,4,6222,2,34008000,1
54822.1603163,4,6223,2,34005000,-1
54823.1320635,4,6224,15,34008000,-1
54824.7263429,4,6225,5,34011000,-1
54827.7806228,4,6226,10,34014000,-1
54828.686427,4,6227,2,34011000,-1
54829.909907,4,6228,5,34014000,1
54831.4055138,4,6229,4,34011000,1
54832.1232079,4,6230,2,34008000,-1
54832.3326478,4,6231,8,34011000,-1
54833.8385889,4,6232,3,34014000,-1
54835.8650533,4,6233,6,34011000,-1
54835.9731137,4,6234,1,34014000,-1
54838.8339945,4,6235,8,34011000,-1
54840.1102464,4,6236,40,34014000,1
54841.4351821,4,6237,8,34011000,-1
54844.5406611,4,6238,17,34014000,-1
54849.1408375,4,6239,1,34017000,-1
54849.8438128,4,6240,3,34014000,1
54853.3704359,4,6241,2,34011000,-1
54861.3415084,4,6242,4,34014000,-1
54865.1287894,4,6243,5,34011000,1
54865.1607437,4,6244,3,34008000,-1
54876.1630594,4,6245,1,34005000,1
54882.5032386,4,6246,6,34010000,1
54896.659568,4,6247,1,34007000,-1
54901.3056614,4,6248,4,34002000,-1
54901.793651,4,6249,4,34005000,1
54902.8138417,4,6250,22,34002000,1
54904.4140823,4,6251,3,33999000,-1
54904.5424871,4,6252,2,34002000,-1
54906.9230943,4,6253,6,34005000,-1
54914.101948,4,6254,14,34008000,-1
54916.7692072,4,6255,10,34005000,-1
54917.9260959,4,6256,1,34008000,1
54922.6368125,4,6257,4,34003000,-1
54925.3071646,4,6258,9,34006000,1
54929.5290713,4,6259,3,34003000,1
54930.6890479,4,6260,9,34000000,1
54932.3662173,4,6261,7,33997000,1
54932.4626443,4,6262,31,33993000,1
54932.6665286,4,6263,20,33990000,1
54932.7293979,4,6264,1,33987000,1
54932.7678567,4,6265,4,33990000,1
54932.8126035,4,6266,2,33987000,-1
54932.985764,4,6267,1,33990000,1
54934.118639,4,6268,16,33993000,1
54936.8384844,4,6269,1,33990000,1
54940.0867286,4,6270,5,33995000,-1
54942.0984548,4,6271,13,33992000,-1
54943.3699492,4,6272,1,33995000,-1
54946.8668172,4,6273,16,33992000,-1
54946.9981075,4,6274,8,33995000,-1
54948.4973399,4,6275,3,33999000,1
54950.8056518,4,6276,12,33994000,1
54952.8575109,4,6277,2,33991000,1
54955.8423054,4,6278,4,33995000,1
54957.3673712,4,6279,2,33992000,-1
54960.0056772,4,6280,1,33995000,-1
54985.1817227,4,6281,21,33992000,1
54986.6404351,4,6282,4,33989000,1
54987.1511948,4,6283,3,33985000,-1
54996.6518153,4,6284,8,33988000,1
54998.4152394,4,6285,4,33985000,-1
55005.0781449,4,6286,20,33988000,-1
55005.4617372,4,6287,7,33991000,-1
55008.6588614,4,6288,1,33994000,-1
55011.2862412,4,6289,2,33988000,-1
55011.5640759,4,6290,18,33985000,1
55012.410568,4,6291,1,33982000,1
55018.3568232,4,6292,6,33986000,-1
55019.3942641,4,6293,4,33989000,-1
55022.2983917,4,6294,5,33992000,-1
55024.0246606,4,6295,9,33995000,1
55025.7742153,4,6296,6,33992000,-1
55026.7086059,4,6297,2,33995000,1
55027.0449622,4,6298,2,33992000,-1
55034.6157915,4,6299,5,33995000,-1
55037.9539319,4,6300,5,33992000,-1
55046.4662816,4,6301,13,33995000,-1
55052.0524282,4,6302,6,33992000,1
55052.0524949,4,6303,1,33989000,1
55057.071798,4,6304,2,33992000,-1
55060.8644437,4,6305,20,33995000,-1
55060.8694802,4,6306,25,33998000,-1
55061.341979,4,6307,19,34001000,-1
55061.4738739,4,6308,1,34004000,-1
55062.7237124,4,6309,31,34000000,-1
55063.9358082,4,6310,9,34003000,-1
55064.8211533,4,6311,12,33999000,-1
55064.9120204,4,6312,2,34002000,-1
55074.557016,4,6313,72,33999000,-1
55074.6030572,4,6314,15,34002000,-1
55075.0211834,4,6315,12,34005000,-1
55075.021213,4,6316,1,34008000,-1
55077.6061053,4,6317,7,34004000,1
55078.1613417,4,6318,2,34000000,-1
55079.7732,4,6319,21,34003000,-1
55080.7699085,4,6320,8,34000000,-1
55081.8869422,4,6321,9,33997000,-1
55081.9108461,4,6322,1,34000000,-1
55083.2945997,4,6323,13,33996000,-1
55083.2963213,4,6324,2,33999000,-1
55088.8845499,4,6325,38,33996000,-1
55089.0806192,4,6326,4,33999000,1
55090.2176093,4,6327,9,33996000,1
55091.0655839,4,6328,5,33999000,1
55091.5715572,4,6329,7,34002000,1
55091.712081,4,6330,1,33999000,1
55092.2263685,4,6331,12,34002000,1
55092.2975187,4,6332,6,33999000,-1
55092.481032,4,6333,11,34002000,1
55092.4810803,4,6334,1,33999000,1
55093.8716063,4,6335,23,34002000,-1
55095.3486732,4,6336,11,33999000,-1
55095.3504304,4,6337,1,34002000,-1
55096.7722576,4,6338,7,33998000,1
55098.1069171,4,6339,23,34002000,1
55099.8198602,4,6340,1,33998000,-1
55102.6961792,4,6341,2,33995000,1
55102.7308698,4,6342,2,33992000,-1
55102.7309106,4,6343,1,33995000,-1
55103.4353936,4,6344,3,33992000,-1
55104.9425157,4,6345,15,33995000,-1
55105.1580487,4,6346,5,33998000,-1
55107.4610178,4,6347,8,33995000,1
55108.4816796,4,6348,28,34000000,-1
55109.0014201,4,6349,22,34003000,-1
55109.392823,4,6350,1,34006000,-1
55109.9003553,4,6351,7,34002000,-1
55110.2861485,4,6352,1,34005000,-1
55111.6059231,4,6353,21,34002000,1
55112.4388077,4,6354,9,34006000,1
55113.1220606,4,6355,15,34003000,1
55115.1107507,4,6356,24,34000000,-1
55116.0961263,4,6357,6,34003000,-1
55116.4909618,4,6358,9,34006000,1
55117.6462953,4,6359,3,34003000,1
55118.753641,4,6360,20,34008000,-1
55118.7765743,4,6361,10,34011000,-1
55119.4260376,4,6362,15,34014000,-1
55120.035536,4,6363,12,34017000,-1
55120.6958117,4,6364,6,34020000,-1
55120.8460746,4,6365,9,34023000,-1
55121.2661221,4,6366,18,34027000,-1
55121.7376245,4,6367,12,34030000,-1
55122.2101307,4,6368,2,34034000,-1
55123.7630081,4,6369,1,34029000,1
55123.939549,4,6370,2,34032000,1
55124.0592665,4,6371,4,34029000,-1
55125.6070498,4,6372,10,34032000,-1
55126.2100684,4,6373,1,34035000,-1
55127.0402589,4,6374,1,34032000,-1
55128.0282891,4,6375,11,34035000,-1
55128.5891504,4,6376,23,34038000,-1
55128.9779925,4,6377,10,34041000,-1
55129.0644751,4,6378,3,34044000,-1
55129.6694044,4,6379,3,34041000,1
55129.9314328,4,6380,1,34038000,1
55130.4420271,4,6381,2,34041000,1
55131.5047817,4,6382,14,34038000,1
55131.5538895,4,6383,1,34035000,1
55132.3869372,4,6384,18,34039000,-1
55132.3869489,4,6385,2,34042000,-1
55133.9145151,4,6386,1,34039000,-1
55136.4620649,4,6387,1,34036000,1
55138.1929035,4,6388,6,34040000,1
55139.3642615,4,6389,1,34043000,1
55140.3603239,4,6390,23,34048000,1
55140.4547099,4,6391,1,34051000,-1
55140.8801995,4,6392,10,34048000,1
55141.0626611,4,6393,14,34045000,1
55141.4954773,4,6394,2,34042000,-1
55142.2824536,4,6395,5,34045000,-1
55143.3004286,4,6396,5,34041000,-1
55147.7860997,4,6397,17,34044000,1
55149.2673007,4,6398,24,34041000,-1
55152.9967743,4,6399,19,34044000,1
55153.6629823,4,6400,5,34041000,1
55154.1671788,4,6401,1,34038000,1
55157.0878692,4,6402,9,34041000,1
55158.9068584,4,6403,10,34038000,1
55159.8059136,4,6404,15,34035000,1
55159.8114238,4,6405,28,34032000,1
55159.8162637,4,6406,27,34029000,1
55160.016793,4,6407,5,34026000,1
55164.1505239,4,6408,17,34029000,1
55164.920029,4,6409,4,34025000,-1
55166.2483499,4,6410,6,34029000,1
55174.5286591,4,6411,3,34026000,1
55175.2692436,4,6412,1,34029000,1
55183.0758442,4,6413,9,34026000,1
55188.89592,4,6414,9,34029000,1
55191.1853924,4,6415,4,34026000,-1
55191.3245089,4,6416,8,34029000,-1
55191.6195046,4,6417,2,34032000,1
55192.3224706,4,6418,2,34029000,-1
55194.6986815,4,6419,8,34032000,-1
55195.787374,4,6420,3,34035000,1
55198.3092472,4,6421,2,34039000,-1
55202.498042,4,6422,17,34043000,-1
55202.4980657,4,6423,3,34046000,-1
55210.7280631,4,6424,12,34042000,-1
55214.7816087,4,6425,6,34045000,1
55216.6735184,4,6426,2,34042000,1
55219.2888033,4,6427,1,34039000,-1
55220.7823416,4,6428,7,34036000,-1
55221.0627013,4,6429,1,34039000,-1
55221.2274075,4,6430,1,34034000,1
55224.0161524,4,6431,5,34031000,1
55226.2906535,4,6432,3,34035000,1
55226.2906696,4,6433,3,34032000,1
55230.53697,4,6434,3,34035000,1
55230.6015365,4,6435,4,34032000,1
55237.8506013,4,6436,2,34035000,1
55243.5724718,4,6437,4,34032000,-1
55245.9981346,4,6438,2,34035000,-1
55251.2333832,4,6439,5,34038000,-1
55254.1028691,4,6440,8,34041000,1
55265.3771875,4,6441,12,34038000,1
55270.630775,4,6442,4,34041000,-1
55272.2070966,4,6443,1,34044000,-1
55274.2666599,4,6444,1,34039000,1
55275.725584,4,6445,16,34042000,-1
55275.7299741,4,6446,24,34045000,-1
55280.3595484,4,6447,18,34048000,-1
55281.3619984,4,6448,24,34051000,1
55285.247964,4,6449,8,34055000,-1
55289.107222,4,6450,11,34058000,1
55290.3731237,4,6451,9,34055000,-1
55296.1911157,4,6452,64,34058000,1
55309.0291578,4,6453,11,34061000,1
55318.0869087,4,6454,6,34064000,-1
55320.9159322,4,6455,8,34059000,1
55321.6609287,4,6456,1,34056000,1
55323.7863451,4,6457,13,34063000,-1
55325.1466186,4,6458,6,34068000,1
55325.4330737,4,6459,7,34065000,1
55325.7484582,4,6460,14,34061000,1
55325.9905489,4,6461,6,34058000,1
55326.0507952,4,6462,2,34055000,-1
55345.2996025,4,6463,41,34058000,-1
55346.1346,4,6464,2,34055000,1
55350.547472,4,6465,5,34060000,1
55350.7000045,4,6466,26,34057000,1
55354.5177622,4,6467,18,34054000,1
55356.2087815,4,6468,12,34057000,1
55362.0586959,4,6469,14,34054000,-1
55368.9949181,4,6470,10,34057000,-1
55371.4293585,4,6471,3,34062000,-1
55371.8729137,4,6472,10,34065000,-1
55372.017537,4,6473,33,34068000,-1
55372.1565017,4,6474,25,34071000,-1
55372.1578178,4,6475,8,34074000,-1
55372.3739305,4,6476,12,34071000,1
55372.5235704,4,6477,1,34068000,1
55372.6045805,4,6478,3,34072000,-1
55372.9219938,4,6479,15,34075000,-1
55373.0612213,4,6480,3,34079000,1
55373.1978699,4,6481,9,34076000,1
55373.6639182,4,6482,15,34080000,-1
55374.1744975,4,6483,10,34083000,-1
55374.2229874,4,6484,6,34086000,-1
55375.4118053,4,6485,21,34089000,-1
55375.5121718,4,6486,1,34092000,-1
55377.566747,4,6487,1,34087000,-1
55377.5891667,4,6488,5,34084000,-1
55377.5919076,4,6489,1,34087000,1
55380.7724348,4,6490,9,34083000,-1
55381.0062023,4,6491,7,34086000,-1
55381.5651548,4,6492,7,34090000,1
55381.9414524,4,6493,15,34087000,1
55383.960177,4,6494,9,34084000,1
55384.3390366,4,6495,8,34081000,1
55384.7766553,4,6496,1,34076000,-1
55385.6483763,4,6497,2,34072000,-1
55386.5397282,4,6498,6,34075000,-1
55389.886422,4,6499,1,34079000,1
55390.8563798,4,6500,17,34084000,1
55392.7559111,4,6501,11,34081000,-1
55392.7559165,4,6502,1,34084000,-1
55394.4501225,4,6503,1,34080000,1
55406.1572772,4,6504,38,34085000,1
55406.5411166,4,6505,1,34082000,1
55408.9723807,4,6506,2,34085000,1
55409.9628827,4,6507,8,34081000,1
55410.7923789,4,6508,5,34085000,-1
55410.857972,4,6509,7,34088000,1
55412.7935432,4,6510,2,34084000,1
55414.6025778,4,6511,1,34081000,-1
55415.9954206,4,6512,7,34078000,-1
55415.995427,4,6513,1,34081000,-1
55416.3891872,4,6514,3,34077000,1
55417.8546749,4,6515,3,34074000,1
55421.1834749,4,6516,8,34077000,-1
55424.158002,4,6517,9,34080000,-1
55430.7060271,4,6518,9,34083000,1
55435.7813032,4,6519,15,34080000,1
55438.0600992,4,6520,5,34077000,1
55438.5237323,4,6521,2,34074000,-1
55439.1992976,4,6522,2,34077000,-1
55440.1127721,4,6523,3,34081000,-1
55446.9520738,4,6524,2,34078000,1
55449.0192555,4,6525,3,34075000,1
55449.0207039,4,6526,20,34072000,1
55450.3237809,4,6527,5,34069000,1
55450.9524534,4,6528,2,34076000,-1
55450.9907853,4,6529,1,34079000,-1
55454.2468323,4,6530,1,34073000,1
55454.4739866,4,6531,1,34076000,-1
55457.8150981,4,6532,1,34073000,1
55459.6334087,4,6533,13,34069000,-1
55465.6445622,4,6534,21,34072000,1
55465.6951421,4,6535,4,34069000,-1
55467.7058808,4,6536,9,34072000,-1
55469.4780873,4,6537,2,34075000,-1
55472.0381643,4,6538,12,34078000,-1
55472.0394764,4,6539,1,34081000,-1
55472.6052586,4,6540,13,34077000,1
55472.6052932,4,6541,1,34074000,1
55473.8333168,4,6542,12,34079000,-1
55475.5528083,4,6543,1,34075000,-1
55479.7260503,4,6544,3,34071000,-1
55480.1828282,4,6545,4,34075000,-1
55484.6585321,4,6546,1,34078000,-1
55490.5895895,4,6547,1,34075000,1
55493.9155645,4,6548,13,34078000,-1
55500.1217532,4,6549,14,34074000,-1
55500.6244142,4,6550,8,34078000,-1
55501.0729966,4,6551,10,34081000,-1
55501.1315776,4,6552,10,34084000,-1
55501.1671791,4,6553,1,34087000,-1
55514.9966313,4,6554,9,34082000,-1
55520.016341,4,6555,5,34079000,1
55522.0697606,4,6556,2,34076000,-1
55524.0355765,4,6557,1,34079000,1
55528.699161,4,6558,4,34082000,1
55533.1012421,4,6559,2,34085000,1
55533.9067191,4,6560,4,34082000,-1
55538.0151171,4,6561,7,34085000,-1
55541.6107656,4,6562,7,34088000,-1
55542.5807358,4,6563,2,34091000,1
55543.2795795,4,6564,6,34088000,1
55557.1030655,4,6565,10,34085000,1
55560.3819007,4,6566,1,34082000,1
55560.4545134,4,6567,1,34085000,-1
55561.007566,4,6568,13,34080000,1
55567.7197478,4,6569,1,34083000,-1
55570.5582549,4,6570,3,34079000,-1
55572.0079836,4,6571,1,34084000,1
55575.8265749,4,6572,6,34087000,-1
55579.1320718,4,6573,11,34090000,1
55581.0947102,4,6574,1,34087000,1
55585.7470977,4,6575,4,34090000,-1
55594.4798092,4,6576,23,34093000,-1
55600.0549856,4,6577,3,34096000,-1
55603.2785425,4,6578,17,34093000,1
55607.2726634,4,6579,3,34097000,1
55609.6645077,4,6580,1,34100000,1
55612.1298991,4,6581,17,34104000,1
55621.9318043,4,6582,56,34101000,1
55624.8949862,4,6583,14,34098000,1
55628.8973297,4,6584,2,34101000,-1
55633.2513503,4,6585,6,34104000,1
55633.8678783,4,6586,11,34101000,1
55634.0422117,4,6587,1,34098000,1
55639.6302102,4,6588,4,34101000,-1
55648.8953565,4,6589,7,34104000,1
55648.8953657,4,6590,1,34101000,1
55652.7347593,4,6591,2,34104000,1
55656.9708559,4,6592,6,34101000,1
55659.876067,4,6593,10,34098000,-1
55659.8801432,4,6594,15,34101000,-1
55659.8801608,4,6595,2,34104000,-1
55664.7592467,4,6596,4,34101000,1
55672.0284994,4,6597,7,34097000,1
55680.1205865,4,6598,8,34101000,-1
55682.3145229,4,6599,28,34104000,-1
55683.3083504,4,6600,1,34107000,-1
55686.1297019,4,6601,4,34103000,-1
55686.6209057,4,6602,2,34106000,1
55691.7939774,4,6603,10,34103000,1
55709.0712746,4,6604,18,34100000,-1
55715.1334406,4,6605,6,34103000,-1
55718.3903511,4,6606,6,34100000,-1
55718.3903724,4,6607,1,34103000,-1
55721.7271397,4,6608,6,34099000,1
55723.3819041,4,6609,15,34096000,1
55729.0741488,4,6610,4,34093000,1
55729.4315614,4,6611,1,34090000,1
55732.9204292,4,6612,9,34093000,-1
55733.2541111,4,6613,4,34096000,-1
55733.7548976,4,6614,2,34099000,1
55739.3425332,4,6615,4,34096000,1
55742.2829174,4,6616,14,34093000,1
55744.5406097,4,6617,1,34090000,-1
55745.391815,4,6618,23,34087000,1
55746.8529871,4,6619,1,34084000,-1
55752.4541778,4,6620,21,34080000,-1
55752.6316095,4,6621,1,34083000,1
55754.2440829,4,6622,5,34086000,-1
55761.2299059,4,6623,12,34083000,1
55761.3971083,4,6624,3,34080000,-1
55764.7855951,4,6625,3,34085000,1
55764.7882541,4,6626,1,34082000,1
55776.7460938,4,6627,7,34085000,1
55777.7076647,4,6628,3,34081000,-1
55783.3822863,4,6629,3,34084000,-1
55785.6536322,4,6630,3,34087000,-1
55800.8518936,4,6631,1,34090000,1
55818.3430157,4,6632,8,34093000,-1
55820.5472676,4,6633,1,34096000,-1
55833.7551303,4,6634,12,34092000,1
55835.0670291,4,6635,1,34089000,-1
55841.4160536,4,6636,18,34092000,-1
55843.4767801,4,6637,1,34095000,1
55844.2780355,4,6638,20,34098000,-1
55844.7817501,4,6639,9,34101000,-1
55847.645159,4,6640,1,34104000,-1
55848.9426115,4,6641,3,34100000,1
55849.32861,4,6642,6,34097000,1
55853.9675564,4,6643,5,34093000,-1
55857.6147939,4,6644,1,34096000,-1
55861.2467518,4,6645,9,34093000,1
55861.246765,4,6646,1,34090000,1
55863.0462466,4,6647,4,34093000,1
55866.4312203,4,6648,1,34090000,-1
55874.0334519,4,6649,5,34087000,-1
55879.4248413,4,6650,13,34084000,-1
55883.0164577,4,6651,1,34081000,1
55888.22929,4,6652,7,34084000,-1
55889.8988728,4,6653,8,34087000,-1
55897.9142791,4,6654,3,34090000,1
55901.0438055,4,6655,1,34086000,1
55904.9515345,4,6656,27,34083000,1
55915.3455904,4,6657,17,34080000,1
55920.5547007,4,6658,4,34083000,1
55921.376314,4,6659,2,34086000,1
55922.2086748,4,6660,24,34090000,-1
55923.4484052,4,6661,7,34093000,-1
55924.0896169,4,6662,10,34096000,-1
55928.6842996,4,6663,15,34100000,-1
55929.8608706,4,6664,1,34097000,-1
55930.83097,4,6665,12,34094000,-1
55940.2497188,4,6666,1,34097000,-1
55942.033733,4,6667,4,34091000,1
55945.3424296,4,6668,7,34094000,-1
55946.6808781,4,6669,19,34098000,-1
55950.012934,4,6670,15,34101000,-1
55960.8297249,4,6671,15,34104000,1
55963.6042531,4,6672,2,34101000,1
55966.2192523,4,6673,9,34104000,-1
55968.618029,4,6674,9,34107000,-1
55971.9566514,4,6675,6,34110000,-1
55974.6320185,4,6676,2,34107000,-1
55977.0106091,4,6677,1,34110000,-1
55981.5851521,4,6678,10,34105000,1
55981.8519295,4,6679,4,34102000,1
55981.9029022,4,6680,4,34099000,1
55982.0343247,4,6681,3,34096000,-1
55982.3045942,4,6682,1,34099000,1
55987.1411612,4,6683,15,34096000,-1
55987.7562337,4,6684,1,34099000,-1
55992.2047692,4,6685,4,34096000,-1
55999.3540911,4,6686,2,34099000,1
56000.0099772,4,6687,4,34096000,1
56001.573832,4,6688,7,34099000,-1
56003.6238666,4,6689,8,34102000,-1
56004.3493304,4,6690,12,34105000,-1
56004.7855269,4,6691,9,34108000,1
56007.8256313,4,6692,12,34104000,-1
56016.3734026,4,6693,16,34109000,-1
56016.3862618,4,6694,1,34112000,-1
56026.9884317,4,6695,2,34109000,-1
56029.770826,4,6696,13,34105000,1
56032.8384937,4,6697,12,34102000,1
56036.5681288,4,6698,26,34099000,1
56042.4651493,4,6699,12,34103000,-1
56042.4681068,4,6700,19,34106000,-1
56042.4681117,4,6701,1,34109000,-1
56050.0717079,4,6702,1,34105000,1
56058.6643151,4,6703,15,34102000,1
56063.4410576,4,6704,25,34099000,1
56063.5332195,4,6705,16,34096000,1
56067.1386619,4,6706,1,34093000,1
56069.7014063,4,6707,12,34096000,1
56074.755125,4,6708,10,34099000,1
56081.957761,4,6709,12,34102000,1
56086.2152508,4,6710,1,34099000,-1
56086.8175899,4,6711,1,34095000,1
56089.3894621,4,6712,5,34098000,1
56092.4074658,4,6713,41,34094000,1
56094.795838,4,6714,10,34097000,1
56097.924488,4,6715,15,34094000,-1
56102.0993754,4,6716,2,34097000,-1
56108.9086786,4,6717,8,34100000,-1
56110.7104926,4,6718,3,34103000,1
56112.7159867,4,6719,1,34100000,-1
56118.851123,4,6720,4,34103000,1
56122.2622197,4,6721,33,34100000,1
56122.3555975,4,6722,22,34097000,1
56123.3516507,4,6723,2,34093000,-1
56124.0154938,4,6724,6,34096000,-1
56136.9890143,4,6725,5,34099000,1
56149.3874911,4,6726,16,34094000,-1
56177.748059,4,6727,13,34097000,1
56188.7883192,4,6728,5,34094000,1
56189.5390213,4,6729,28,34091000,-1
56193.7000679,4,6730,2,34095000,1
56213.781028,4,6731,5,34092000,-1
56214.1856258,4,6732,1,34095000,-1
56220.3479094,4,6733,4,34092000,-1
56223.7185803,4,6734,4,34095000,-1
56224.043565,4,6735,1,34098000,1
56230.1712809,4,6736,5,34101000,1
56230.1848888,4,6737,1,34098000,1
56234.9808475,4,6738,9,34102000,-1
56236.6292138,4,6739,6,34105000,-1
56245.4255944,4,6740,4,34102000,-1
56246.1803364,4,6741,7,34105000,-1
56254.7936158,4,6742,33,34108000,-1
56256.8026359,4,6743,5,34111000,-1
56257.1461464,4,6744,6,34114000,1
56260.9033406,4,6745,5,34111000,1
56280.2395995,4,6746,18,34106000,1
56289.8900001,4,6747,5,34103000,1
56295.539987,4,6748,7,34100000,1
56297.3027092,4,6749,9,34096000,1
56297.3027557,4,6750,1,34093000,1
56300.4810672,4,6751,4,34096000,1
56304.2541577,4,6752,3,34093000,1
56305.4800081,4,6753,29,34090000,1
56311.957131,4,6754,3,34087000,1
56316.3256767,4,6755,19,34084000,-1
56318.6984172,4,6756,8,34087000,-1
56318.7790881,4,6757,5,34090000,-1
56323.0711931,4,6758,2,34093000,1
56332.8739161,4,6759,1,34090000,1
56336.3931631,4,6760,6,34087000,-1
56337.5594969,4,6761,5,34092000,1
56353.5946648,4,6762,3,34089000,1
56366.9737673,4,6763,3,34086000,-1
56374.4177515,4,6764,29,34083000,1
56380.1430387,4,6765,14,34080000,1
56382.1327829,4,6766,5,34077000,1
56384.9072751,4,6767,7,34080000,-1
56387.2520154,4,6768,6,34083000,1
56390.5572212,4,6769,1,34080000,1
56401.0823684,4,6770,1,34085000,1
56410.6754265,4,6771,6,34094000,1
56424.9288539,4,6772,1,34090000,-1
56428.6005721,4,6773,4,34087000,-1
56431.0352929,4,6774,3,34090000,-1
56436.8384311,4,6775,4,34093000,1
56438.8457374,4,6776,2,34098000,1
56440.1918271,4,6777,4,34095000,1
56441.7738738,4,6778,4,34092000,1
56453.7276986,4,6779,8,34089000,-1
56460.2275339,4,6780,6,34092000,-1
56468.6183659,4,6781,9,34095000,-1
56475.5597327,4,6782,3,34089000,1
56485.3901066,4,6783,6,34084000,1
56485.8978954,4,6784,1,34080000,-1
56486.8677101,4,6785,8,34076000,-1
56517.2480639,4,6786,26,34079000,1
56520.3700639,4,6787,1,34075000,1
56523.3309334,4,6788,7,34079000,-1
56526.1697857,4,6789,1,34082000,1
56530.2756878,4,6790,5,34085000,-1
56530.9743552,4,6791,11,34088000,-1
56532.4028411,4,6792,1,34092000,1
56533.3363302,4,6793,4,34096000,1
56537.6550215,4,6794,9,34093000,1
56544.0677129,4,6795,10,34090000,1
56544.8281564,4,6796,4,34087000,1
56545.3837837,4,6797,1,34084000,-1
56547.7182226,4,6798,8,34080000,1
56553.4321489,4,6799,24,34076000,1
56564.5712805,4,6800,10,34073000,1
56577.637813,4,6801,7,34076000,1
56586.2508508,4,6802,5,34079000,-1
56594.2167991,4,6803,8,34083000,-1
56598.0763514,4,6804,11,34086000,-1
56600.0047437,4,6805,6,34089000,-1
56606.7668984,4,6806,4,34092000,1
56615.7825621,4,6807,12,34089000,1
56623.0388031,4,6808,1,34086000,-1
56633.5132853,4,6809,8,34082000,-1
56641.9071004,4,6810,5,34085000,-1
56659.6624717,4,6811,31,34088000,-1
56659.8169938,4,6812,1,34091000,-1
56708.1527267,4,6813,31,34088000,-1
56708.6385302,4,6814,3,34092000,-1
56710.5507094,4,6815,1,34095000,-1
56727.4316738,4,6816,6,34090000,1
56731.2988006,4,6817,7,34093000,1
56732.6645372,4,6818,1,34088000,1
56748.3580572,4,6819,10,34092000,-1
56773.9201721,4,6820,1,34087000,-1
56793.5084833,4,6821,10,34084000,-1
56800.5329142,4,6822,24,34080000,-1
56807.5308838,4,6823,9,34083000,-1
56808.4997885,4,6824,5,34080000,1
56814.9345454,4,6825,16,34077000,1
56814.9638678,4,6826,1,34074000,1
56818.9549168,4,6827,1,34077000,-1
56819.3795061,4,6828,1,34073000,1
56820.0895976,4,6829,6,34076000,-1
56825.4087386,4,6830,14,34080000,-1
56825.7376989,4,6831,7,34084000,-1
56826.2123482,4,6832,1,34087000,-1
56827.441456,4,6833,4,34083000,-1
56827.7434029,4,6834,1,34086000,-1
56831.0683304,4,6835,1,34082000,-1
56840.0580872,4,6836,2,34079000,1
56856.1165667,4,6837,5,34076000,-1
56860.341904,4,6838,6,34079000,1
56868.7391214,4,6839,3,34076000,-1
56882.2118191,4,6840,9,34079000,-1
56884.8875267,4,6841,6,34082000,-1
56885.4115355,4,6842,7,34085000,-1
56886.8094073,4,6843,5,34088000,-1
56890.4769912,4,6844,2,34091000,1
56891.962895,4,6845,5,34088000,1
56892.0106578,4,6846,1,34085000,1
56934.4331979,4,6847,5,34088000,-1
56949.902447,4,6848,2,34084000,1
56951.2250985,4,6849,3,34081000,-1
56956.6861201,4,6850,1,34084000,-1
56957.8792294,4,6851,3,34081000,-1
56980.3760246,4,6852,1,34085000,1
56987.2190848,4,6853,10,34089000,-1
57010.3032172,4,6854,9,34092000,-1
57012.4117287,4,6855,23,34096000,-1
57014.9939245,4,6856,15,34099000,-1
57015.7813615,4,6857,10,34102000,1
57020.1289106,4,6858,5,34098000,-1
57023.0523881,4,6859,2,34101000,-1
57024.2313573,4,6860,1,34098000,-1
57028.3923317,4,6861,10,34095000,1
57029.6281346,4,6862,3,34092000,1
57035.5579785,4,6863,4,34096000,1
57057.6966011,4,6864,3,34093000,1
57059.5068217,4,6865,2,34096000,-1
57059.6412532,4,6866,1,34099000,-1
57069.4965606,4,6867,12,34095000,1
57080.0167575,4,6868,10,34090000,1
57083.5343672,4,6869,1,34085000,1
57084.7373118,4,6870,1,34088000,1
57099.9410052,4,6871,7,34091000,1
57110.3113283,4,6872,2,34094000,1
57117.6106874,4,6873,1,34091000,-1
57133.4354122,4,6874,4,34085000,-1
57156.7005398,4,6875,8,34082000,1
57159.3080635,4,6876,18,34079000,1
57164.7919874,4,6877,1,34083000,-1
57173.3993915,4,6878,3,34080000,-1
57178.2663485,4,6879,1,34083000,-1
57187.1114611,4,6880,2,34078000,-1
57198.1737881,4,6881,1,34081000,-1
57208.6444734,4,6882,5,34077000,-1
57208.8260428,4,6883,2,34080000,-1
57219.3407268,4,6884,3,34083000,1
57262.1449726,4,6885,7,34087000,-1
57272.9313321,4,6886,13,34090000,-1
57273.5993921,4,6887,3,34093000,1
57277.7041583,4,6888,6,34090000,-1
57287.1347532,4,6889,6,34093000,1
57304.2993939,4,6890,15,34090000,-1
57304.3349564,4,6891,1,34093000,-1
57311.1640244,4,6892,4,34096000,-1
57324.3865066,4,6893,11,34099000,-1
57335.3638877,4,6894,3,34102000,1
57344.5593274,4,6895,10,34098000,-1
57355.2737976,4,6896,5,34101000,1
57355.5525183,4,6897,1,34098000,1
57369.507273,4,6898,1,34102000,-1
57380.2034779,4,6899,1,34098000,1
57403.1818106,4,6900,1,34095000,-1
57408.1234087,4,6901,10,34091000,1
57411.5651981,4,6902,3,34095000,1
57422.7199762,4,6903,1,34091000,1
57450.1497113,4,6904,7,34095000,-1
57456.7009064,4,6905,1,34092000,-1
57457.3607395,4,6906,1,34095000,-1
57458.4467451,4,6907,1,34091000,1
57472.0243561,4,6908,3,34094000,1
57475.2045629,4,6909,3,34091000,1
57480.6448149,4,6910,3,34088000,1
57484.9206079,4,6911,1,34085000,1
57501.676435,4,6912,10,34082000,1
57516.7773368,4,6913,5,34086000,1
57532.4495097,4,6914,1,34082000,-1
57541.1625894,4,6915,28,34079000,1
57541.2089813,4,6916,1,34076000,1
57543.3346927,4,6917,19,34073000,1
57543.541541,4,6918,2,34070000,-1
57549.905427,4,6919,2,34073000,1
57550.384266,4,6920,17,34070000,1
57553.0854586,4,6921,1,34067000,1
57572.0141314,4,6922,4,34071000,-1
57590.248372,4,6923,20,34068000,1
57597.1828838,4,6924,10,34065000,1
57597.878752,4,6925,3,34062000,-1
57600.5558095,4,6926,12,34065000,-1
57607.8561806,4,6927,27,34068000,-1
57614.1137583,4,6928,3,34071000,1
57617.3058246,4,6929,15,34068000,1
57622.3472604,4,6930,2,34065000,-1
57628.5295037,4,6931,11,34068000,-1
57628.5471995,4,6932,10,34071000,1
57637.5240822,4,6933,8,34068000,1
57644.942302,4,6934,6,34065000,1
57646.1750222,4,6935,8,34062000,1
57646.6550477,4,6936,2,34059000,-1
57647.8919854,4,6937,5,34062000,1
57651.192296,4,6938,2,34059000,1
57689.1207301,4,6939,9,34062000,1
57694.283276,4,6940,5,34059000,1
57704.325082,4,6941,11,34056000,1
57705.0241008,4,6942,5,34053000,1
57705.2467848,4,6943,25,34050000,1
57709.3151707,4,6944,2,34053000,1
57715.3921307,4,6945,1,34056000,1
57727.8650383,4,6946,12,34059000,-1
57736.0088788,4,6947,3,34056000,-1
57737.662509,4,6948,10,34059000,-1
57738.8419787,4,6949,17,34062000,-1
57739.9176036,4,6950,2,34065000,1
57748.7996749,4,6951,17,34062000,-1
57757.757927,4,6952,15,34065000,-1
57766.2811197,4,6953,1,34060000,-1
57774.3402346,4,6954,2,34063000,1
57777.5338062,4,6955,5,34059000,-1
57781.7233633,4,6956,7,34062000,-1
57784.7999094,4,6957,1,34065000,-1
57813.1057932,4,6958,1,34060000,1
57821.8124785,4,6959,6,34063000,-1
57879.0275237,4,6960,20,34066000,1
57893.5471075,4,6961,1,34074000,-1
57900.3363035,4,6962,6,34071000,1
57906.7667435,4,6963,4,34068000,1
57913.0461085,4,6964,4,34065000,1
57917.1851494,4,6965,3,34068000,1
57922.641839,4,6966,16,34065000,-1
57929.4394664,4,6967,10,34069000,1
57934.7342382,4,6968,1,34073000,1
57953.3709286,4,6969,16,34076000,-1
57960.1318888,4,6970,10,34079000,-1
57960.2009204,4,6971,4,34082000,-1
57961.1651055,4,6972,1,34085000,-1
57973.927657,4,6973,30,34082000,-1
57973.9562097,4,6974,25,34085000,-1
57974.0957868,4,6975,81,34088000,1
57983.6449214,4,6976,11,34085000,-1
57986.110633,4,6977,1,34088000,-1
57992.2065677,4,6978,3,34083000,-1
57996.9628771,4,6979,9,34086000,-1
58023.6421471,4,6980,10,34083000,1
58025.3404819,4,6981,3,34080000,1
58035.9815614,4,6982,16,34077000,-1
58051.5748542,4,6983,7,34080000,1
58056.8454572,4,6984,4,34077000,-1
58057.4802578,4,6985,1,34080000,-1
58058.5880428,4,6986,1,34076000,1
58063.7850532,4,6987,5,34082000,-1
58072.4690087,4,6988,3,34085000,1
58076.5113992,4,6989,1,34082000,1
58082.495667,4,6990,2,34085000,1
58094.4809651,4,6991,4,34082000,1
58098.4552883,4,6992,4,34078000,1
58105.2730202,4,6993,4,34075000,-1
58131.2128495,4,6994,4,34078000,1
58138.4364989,4,6995,1,34074000,-1
58152.8855361,4,6996,4,34078000,1
58165.5638385,4,6997,1,34075000,1
58186.1576443,4,6998,4,34080000,1
58195.5229715,4,6999,1,34077000,1
58214.4277325,4,7000,8,34080000,1
58224.3347103,4,7001,7,34077000,-1
58233.7481593,4,7002,3,34080000,-1
58234.6623542,4,7003,5,34083000,-1
58236.3742022,4,7004,6,34086000,-1
58257.6479291,4,7005,5,34089000,1
58261.1540682,4,7006,1,34086000,1
58268.9833334,4,7007,4,34090000,-1
58272.3164656,4,7008,11,34093000,-1
58275.0508598,4,7009,10,34096000,-1
58286.6182732,4,7010,9,34093000,1
58320.5553761,4,7011,32,34090000,1
58331.1226573,4,7012,1,34087000,-1
58334.8444359,4,7013,2,34084000,-1
58343.9681889,4,7014,13,34080000,1
58345.0069681,4,7015,2,34077000,1
58347.4113738,4,7016,16,34074000,1
58352.4537567,4,7017,1,34070000,1
58397.7970278,4,7018,23,34073000,1
58397.9566401,4,7019,20,34070000,1
58398.5945133,4,7020,7,34067000,-1
58399.3859084,4,7021,4,34070000,-1
58404.7096159,4,7022,5,34073000,-1
58417.9532333,4,7023,9,34076000,-1
58433.2495782,4,7024,8,34072000,-1
58436.4660769,4,7025,2,34069000,-1
58446.5721187,4,7026,10,34072000,-1
58495.4555077,4,7027,1,34075000,-1
58501.8786044,4,7028,9,34072000,1
58504.282272,4,7029,2,34069000,-1
58523.8580213,4,7030,20,34072000,-1
58544.8295435,4,7031,10,34075000,-1
58551.7603015,4,7032,13,34072000,1
58568.6584427,4,7033,15,34069000,-1
58575.18101,4,7034,1,34073000,-1
58607.5167053,4,7035,1,34070000,-1
58621.3691609,4,7036,4,34066000,-1
58647.7774501,4,7037,2,34069000,1
58661.7137902,4,7038,8,34074000,-1
58665.5446149,4,7039,7,34071000,1
58672.0234582,4,7040,6,34068000,1
58674.8304161,4,7041,1,34065000,-1
58692.9710813,4,7042,8,34068000,-1
58696.2694971,4,7043,16,34072000,-1
58706.0962254,4,7044,2,34075000,-1
58721.6796998,4,7045,14,34072000,-1
58722.5865484,4,7046,9,34075000,1
58742.4215429,4,7047,29,34072000,-1
58746.0399466,4,7048,1,34068000,1
58753.8091309,4,7049,2,34065000,-1
58754.7427271,4,7050,3,34068000,-1
58757.4968285,4,7051,21,34071000,-1
58759.1007863,4,7052,3,34074000,-1
58771.5444124,4,7053,14,34077000,1
58779.5451333,4,7054,5,34074000,-1
58800.6458768,4,7055,14,34077000,-1
58812.0394146,4,7056,12,34074000,-1
58819.7801318,4,7057,2,34077000,1
58830.5767285,4,7058,3,34074000,-1
58838.1701191,4,7059,13,34071000,-1
58843.9471105,4,7060,2,34075000,-1
58846.1069361,4,7061,4,34078000,-1
58882.6191018,4,7062,10,34075000,-1
58886.750789,4,7063,11,34078000,-1
58898.336607,4,7064,8,34081000,1
58953.6171075,4,7065,11,34078000,1
58965.1201536,4,7066,9,34084000,-1
58970.592566,4,7067,6,34088000,-1
58976.4665646,4,7068,12,34091000,-1
58984.3271334,4,7069,9,34094000,-1
58999.449208,4,7070,7,34097000,-1
59001.2141332,4,7071,6,34100000,-1
59009.6198804,4,7072,14,34097000,1
59023.6648578,4,7073,6,34100000,1
59032.1055302,4,7074,8,34104000,1
59037.3390862,4,7075,1,34101000,1
59042.1757821,4,7076,7,34104000,1
59042.5235431,4,7077,6,34101000,-1
59048.6993756,4,7078,4,34105000,-1
59059.3749885,4,7079,1,34108000,-1
59069.3077974,4,7080,3,34103000,1
59071.5137829,4,7081,7,34100000,1
59085.6686663,4,7082,9,34103000,1
59098.9513312,4,7083,41,34106000,1
59101.8761333,4,7084,22,34103000,1
59102.3008564,4,7085,3,34100000,-1
59104.3825717,4,7086,3,34103000,1
59134.4191406,4,7087,12,34106000,1
59171.2817347,4,7088,31,34109000,-1
59182.7448085,4,7089,4,34106000,1
59190.22429,4,7090,9,34103000,-1
59224.7961322,4,7091,7,34106000,1
59228.2540853,4,7092,5,34110000,1
59241.3258812,4,7093,3,34107000,1
59263.0378776,4,7094,13,34103000,1
59268.6331575,4,7095,18,34106000,1
59269.0568014,4,7096,27,34103000,1
59269.6593108,4,7097,1,34100000,1
59269.7138465,4,7098,14,34103000,-1
59269.7352666,4,7099,1,34100000,-1
59270.0474676,4,7100,4,34105000,-1
59270.4920756,4,7101,21,34108000,-1
59270.6470945,4,7102,4,34111000,1
59271.0052685,4,7103,1,34108000,-1
59274.0843973,4,7104,4,34104000,1
59283.5003856,4,7105,11,34101000,1
59284.6755536,4,7106,12,34097000,1
59288.3680407,4,7107,13,34094000,-1
59293.3664877,4,7108,31,34091000,-1
59293.5912283,4,7109,11,34094000,1
59296.2876118,4,7110,28,34091000,-1
59303.4332342,4,7111,20,34088000,-1
59314.2516054,4,7112,30,34091000,-1
59318.7114694,4,7113,12,34095000,-1
59319.8529189,4,7114,6,34098000,-1
59322.5903116,4,7115,4,34101000,1
59357.8822459,4,7116,17,34098000,1
59360.5631427,4,7117,3,34094000,1
59360.6639832,4,7118,1,34091000,1
59388.4860173,4,7119,36,34095000,-1
59388.490069,4,7120,28,34098000,-1
59389.6147246,4,7121,44,34101000,1
59397.4878265,4,7122,4,34098000,-1
59423.4942585,4,7123,12,34101000,1
59433.4536911,4,7124,1,34098000,1
59435.4049803,4,7125,8,34101000,1
59442.5462632,4,7126,1,34098000,1
59450.3065963,4,7127,4,34101000,1
59458.6553401,4,7128,11,34098000,-1
59485.8177095,4,7129,10,34093000,1
59509.0858037,4,7130,23,34090000,-1
59512.2845817,4,7131,7,34093000,-1
59512.5489677,4,7132,7,34097000,1
59513.2759004,4,7133,14,34094000,1
59513.279628,4,7134,23,34091000,1
59514.2283479,4,7135,14,34088000,-1
59514.5024943,4,7136,14,34091000,-1
59514.7227896,4,7137,19,34094000,-1
59514.8285074,4,7138,9,34097000,-1
59514.9292566,4,7139,30,34100000,-1
59515.0669794,4,7140,4,34103000,-1
59515.1443057,4,7141,2,34106000,-1
59515.21092,4,7142,20,34109000,-1
59515.3946863,4,7143,14,34112000,-1
59515.4411681,4,7144,3,34115000,-1
59516.1924197,4,7145,1,34100000,1
59516.5193309,4,7146,1,34104000,1
59516.7446562,4,7147,1,34107000,1
59516.8993612,4,7148,5,34110000,-1
59517.1462064,4,7149,10,34113000,-1
59517.3888838,4,7150,1,34116000,-1
59517.6150898,4,7151,1,34113000,1
59517.9459576,4,7152,9,34110000,-1
59518.2092765,4,7153,14,34115000,-1
59518.3442411,4,7154,9,34118000,1
59518.9357414,4,7155,17,34115000,-1
59519.8453439,4,7156,25,34118000,-1
59520.3316779,4,7157,9,34115000,-1
59522.1922173,4,7158,29,34118000,-1
59522.2975171,4,7159,12,34121000,-1
59522.5978032,4,7160,1,34124000,-1
59523.2794603,4,7161,3,34121000,1
59524.8085888,4,7162,11,34115000,1
59525.0349715,4,7163,20,34112000,1
59525.8088838,4,7164,10,34108000,-1
59528.8187424,4,7165,1,34111000,-1
59531.6288047,4,7166,5,34101000,1
59538.627394,4,7167,14,34098000,1
59540.0463195,4,7168,1,34102000,-1
59544.8532136,4,7169,1,34105000,-1
59548.6128966,4,7170,16,34096000,1
59548.8179914,4,7171,2,34093000,1
59552.693849,4,7172,4,34096000,1
59557.6787878,4,7173,2,34099000,1
59559.7038214,4,7174,14,34096000,-1
59567.9742505,4,7175,6,34099000,-1
59576.5223757,4,7176,1,34096000,-1
59601.7749737,4,7177,32,34089000,1
59609.8014877,4,7178,1,34093000,1
59613.0528276,4,7179,12,34096000,-1
59621.1773003,4,7180,18,34099000,1
59632.8630821,4,7181,2,34108000,1
59635.9215221,4,7182,4,34105000,1
59636.1279086,4,7183,2,34102000,1
59637.0800025,4,7184,1,34098000,1
59638.7451578,4,7185,1,34101000,1
59641.0462051,4,7186,8,34105000,1
59641.0963207,4,7187,1,34102000,1
59650.833362,4,7188,1,34106000,-1
59655.4182441,4,7189,5,34103000,1
59658.3983466,4,7190,9,34106000,-1
59658.4349874,4,7191,1,34109000,-1
59672.1349194,4,7192,1,34106000,-1
59675.4915943,4,7193,1,34101000,1
59676.6501676,4,7194,3,34104000,1
59689.6495374,4,7195,10,34100000,-1
59689.7922998,4,7196,4,34103000,1
59699.8521102,4,7197,2,34100000,-1
59711.6472967,4,7198,2,34097000,-1
59712.63129,4,7199,1,34100000,-1
59723.2784453,4,7200,11,34097000,1
59723.3712846,4,7201,6,34094000,1
59738.1258481,4,7202,3,34097000,-1
59744.7079472,4,7203,7,34101000,-1
59747.2753844,4,7204,11,34104000,1
59747.2754089,4,7205,3,34101000,1
59769.8788606,4,7206,28,34104000,-1
59777.9446561,4,7207,3,34108000,1
59783.3321119,4,7208,12,34105000,-1
59791.1973756,4,7209,8,34108000,-1
59813.0720627,4,7210,23,34111000,1
59813.6234047,4,7211,2,34108000,-1
59819.2871992,4,7212,2,34112000,1
59825.4392487,4,7213,5,34109000,-1
59847.0449346,4,7214,11,34105000,-1
59847.5662198,4,7215,1,34108000,-1
59866.7458805,4,7216,13,34105000,1
59869.2194071,4,7217,2,34101000,-1
59881.4176552,4,7218,15,34107000,1
59884.3170065,4,7219,5,34103000,-1
59894.3217763,4,7220,1,34106000,1
59933.7895458,4,7221,16,34110000,-1
59945.562757,4,7222,21,34107000,1
59977.0469972,4,7223,48,34104000,1
59983.4410876,4,7224,31,34101000,1
59983.448411,4,7225,15,34098000,1
59984.5597045,4,7226,12,34095000,-1
59984.7657562,4,7227,1,34098000,-1
59994.8966079,4,7228,21,34093000,-1
59995.2935168,4,7229,10,34096000,1
59995.5066468,4,7230,22,34092000,1
59996.0772529,4,7231,20,34089000,1
59996.0856246,4,7232,11,34086000,1
59996.320928,4,7233,2,34089000,1
59997.2118591,4,7234,13,34085000,1
59997.2825795,4,7235,4,34082000,-1
60000.7688853,4,7236,31,34085000,1
60000.7891956,4,7237,1,34082000,1
60005.8199685,4,7238,17,34086000,1
60005.8229306,4,7239,26,34083000,1
60005.8232474,4,7240,8,34080000,1
60006.204102,4,7241,4,34084000,-1
60006.688777,4,7242,14,34081000,1
60006.6934805,4,7243,28,34078000,1
60006.6949205,4,7244,13,34075000,1
60006.7302168,4,7245,1,34078000,1
60008.6534715,4,7246,16,34075000,1
60011.1229763,4,7247,14,34072000,1
60012.5103157,4,7248,5,34069000,1
60015.5710465,4,7249,24,34066000,1
60015.5766849,4,7250,22,34063000,1
60015.8432154,4,7251,12,34060000,1
60016.0648632,4,7252,6,34057000,-1
60017.161177,4,7253,7,34060000,1
60019.5438155,4,7254,4,34057000,1
60020.1547869,4,7255,1,34054000,-1
60020.698707,4,7256,1,34051000,1
60021.5381879,4,7257,1,34055000,-1
60023.6664672,4,7258,6,34059000,-1
60028.387691,4,7259,11,34062000,-1
60030.5991006,4,7260,17,34058000,-1
60030.6154306,4,7261,1,34061000,1
60031.2914462,4,7262,4,34058000,-1
60033.9264414,4,7263,11,34061000,-1
60037.1632551,4,7264,6,34064000,1
60038.6337434,4,7265,7,34061000,-1
60038.868395,4,7266,11,34064000,-1
60039.0366778,4,7267,23,34067000,-1
60041.5587983,4,7268,21,34071000,1
60045.3580002,4,7269,1,34068000,1
60056.9311732,4,7270,9,34073000,1
60066.8131532,4,7271,1,34070000,1
60071.339581,4,7272,4,34075000,1
60075.7784858,4,7273,4,34072000,-1
60081.5353433,4,7274,4,34075000,-1
60083.2781144,4,7275,7,34078000,-1
60083.2781316,4,7276,1,34081000,-1
60087.0883502,4,7277,6,34078000,1
60100.238076,4,7278,21,34082000,1
60100.2400241,4,7279,16,34079000,1
60100.3853879,4,7280,8,34076000,1
60101.5126539,4,7281,2,34073000,-1
60119.5851461,4,7282,37,34076000,1
60127.1923242,4,7283,6,34079000,-1
60134.8256284,4,7284,4,34082000,1
60137.2094498,4,7285,1,34079000,1
60155.7339067,4,7286,15,34082000,-1
60187.1802336,4,7287,9,34085000,-1
60189.0903856,4,7288,20,34088000,1
60195.3253168,4,7289,7,34085000,-1
60199.290826,4,7290,3,34089000,-1
60205.4651566,4,7291,21,34092000,-1
60205.4653661,4,7292,9,34095000,-1
60208.0114816,4,7293,8,34092000,-1
60224.9708933,4,7294,20,34089000,-1
60225.600381,4,7295,7,34092000,1
60227.7407257,4,7296,13,34089000,-1
60235.2287926,4,7297,5,34092000,1
60241.6087511,4,7298,5,34089000,-1
60250.5020708,4,7299,4,34092000,1
60263.6947583,4,7300,14,34095000,1
60288.9397899,4,7301,3,34092000,-1
60290.9629769,4,7302,3,34096000,1
60300.365056,4,7303,27,34093000,1
60319.3256973,4,7304,9,34090000,1
60319.3593994,4,7305,18,34087000,1
60319.3605716,4,7306,3,34084000,1
60319.4851334,4,7307,3,34087000,-1
60319.5744924,4,7308,10,34084000,-1
60319.5843532,4,7309,1,34087000,-1
60322.2417264,4,7310,5,34084000,-1
60332.2525033,4,7311,3,34087000,1
60334.5916527,4,7312,3,34084000,-1
60335.2145348,4,7313,2,34087000,1
60346.7538424,4,7314,23,34083000,1
60350.2848612,4,7315,5,34080000,1
60350.5786231,4,7316,2,34077000,1
60354.5252679,4,7317,7,34073000,1
60360.4309612,4,7318,2,34070000,1
60376.4293242,4,7319,26,34067000,-1
60383.756718,4,7320,8,34063000,-1
60386.7289736,4,7321,3,34066000,-1
60410.5629799,4,7322,10,34063000,1
60439.7770949,4,7323,18,34066000,-1
60439.8728958,4,7324,5,34069000,-1
60441.0674787,4,7325,11,34072000,1
60447.7949799,4,7326,4,34069000,1
60453.6458986,4,7327,17,34066000,1
60459.4819861,4,7328,4,34069000,-1
60471.4048812,4,7329,12,34072000,-1
60475.3863151,4,7330,13,34075000,-1
60482.5138492,4,7331,11,34078000,1
60482.6019746,4,7332,8,34075000,1
60485.4340579,4,7333,4,34072000,1
60490.9317727,4,7334,13,34069000,1
60495.2467302,4,7335,4,34065000,-1
60499.9734727,4,7336,1,34068000,1
60510.1040941,4,7337,10,34071000,-1
60513.4117633,4,7338,4,34074000,-1
60515.6410177,4,7339,2,34071000,1
60520.4628045,4,7340,3,34067000,-1
60544.5625515,4,7341,8,34070000,-1
60553.3071552,4,7342,8,34067000,1
60566.6615576,4,7343,1,34064000,1
60571.0022366,4,7344,7,34070000,1
60574.5187,4,7345,14,34066000,1
60574.5578754,4,7346,9,34063000,1
60574.7544695,4,7347,17,34060000,1
60581.2405808,4,7348,8,34057000,1
60583.6368333,4,7349,9,34060000,1
60583.6652692,4,7350,18,34057000,1
60585.5391713,4,7351,7,34054000,1
60608.8282239,4,7352,11,34059000,1
60618.4246591,4,7353,19,34056000,1
60618.4258386,4,7354,23,34053000,1
60618.4294193,4,7355,37,34050000,1
60618.4313928,4,7356,26,34047000,1
60618.4324251,4,7357,11,34044000,1
60619.3545602,4,7358,11,34050000,1
60619.7854276,4,7359,3,34046000,-1
60624.545844,4,7360,1,34049000,-1
60627.7090494,4,7361,21,34046000,1
60627.7137612,4,7362,24,34043000,1
60628.9632976,4,7363,11,34040000,1
60630.0043595,4,7364,1,34037000,1
60632.373367,4,7365,43,34040000,-1
60632.4014213,4,7366,7,34043000,1
60633.2772932,4,7367,6,34040000,1
60633.2798088,4,7368,17,34037000,1
60633.2798186,4,7369,1,34034000,1
60633.6462882,4,7370,3,34037000,-1
60634.8680996,4,7371,6,34040000,-1
60635.3485581,4,7372,4,34043000,1
60639.2554752,4,7373,1,34039000,1
60648.6552488,4,7374,9,34044000,-1
60669.6939395,4,7375,22,34047000,1
60672.8431256,4,7376,4,34044000,1
60684.7915639,4,7377,3,34051000,1
60711.5774289,4,7378,20,34048000,-1
60714.5891656,4,7379,1,34045000,-1
60735.7461058,4,7380,29,34041000,1
60740.7359818,4,7381,2,34038000,-1
60742.8732122,4,7382,11,34041000,-1
60745.9589063,4,7383,7,34044000,-1
60746.9125103,4,7384,13,34047000,-1
60747.330838,4,7385,3,34050000,-1
60754.2739131,4,7386,9,34047000,-1
60761.4231577,4,7387,7,34050000,1
60771.618103,4,7388,3,34047000,1
60771.6432359,4,7389,14,34044000,1
60771.6450829,4,7390,5,34041000,1
60771.6492688,4,7391,3,34044000,-1
60771.7397675,4,7392,6,34041000,1
60780.189348,4,7393,1,34038000,-1
60782.7046864,4,7394,12,34033000,1
60784.3449705,4,7395,18,34030000,-1
60786.8090004,4,7396,4,34034000,1
60786.8672384,4,7397,11,34030000,1
60793.0436832,4,7398,7,34027000,-1
60793.4210005,4,7399,7,34030000,-1
60799.25144,4,7400,1,34027000,-1
60815.0177013,4,7401,12,34024000,1
60830.362441,4,7402,3,34021000,-1
60830.6261734,4,7403,2,34024000,-1
60839.2529066,4,7404,6,34027000,-1
60839.957489,4,7405,1,34023000,-1
60845.7231157,4,7406,2,34026000,1
60849.5890845,4,7407,5,34023000,1
60871.2972701,4,7408,42,34020000,1
60873.3730936,4,7409,4,34017000,-1
60873.6376827,4,7410,5,34021000,-1
60873.7142317,4,7411,23,34024000,-1
60881.3431145,4,7412,21,34027000,-1
60884.9441492,4,7413,3,34030000,1
60887.0135329,4,7414,5,34026000,-1
60888.2534674,4,7415,20,34029000,-1
60915.209777,4,7416,17,34032000,-1
60915.6427631,4,7417,1,34035000,-1
60918.8956343,4,7418,12,34038000,-1
60919.8372716,4,7419,4,34041000,-1
60934.4752765,4,7420,8,34037000,-1
60949.076795,4,7421,1,34040000,1
60951.97303,4,7422,3,34043000,-1
60960.3958131,4,7423,3,34040000,1
60960.3958444,4,7424,1,34037000,1
60965.1394238,4,7425,8,34041000,-1
60969.3621148,4,7426,6,34045000,-1
60987.3248223,4,7427,6,34042000,1
60993.9131652,4,7428,1,34045000,-1
60998.1103862,4,7429,8,34037000,1
61010.3746345,4,7430,3,34041000,1
61040.138983,4,7431,4,34037000,-1
61047.8558616,4,7432,15,34041000,-1
61064.9822253,4,7433,17,34044000,-1
61078.2261877,4,7434,4,34047000,-1
61122.7613027,4,7435,7,34052000,1
61124.807123,4,7436,12,34055000,-1
61124.8449687,4,7437,9,34058000,-1
61129.8363749,4,7438,14,34055000,-1
61129.8387114,4,7439,4,34058000,-1
61140.6940912,4,7440,3,34054000,-1
61144.904124,4,7441,3,34051000,1
61151.7663261,4,7442,3,34047000,-1
61193.1418547,4,7443,22,34050000,-1
61197.7301273,4,7444,5,34047000,1
61200.072518,4,7445,1,34044000,1
61200.5188861,4,7446,2,34047000,-1
61222.3233935,4,7447,8,34050000,1
61230.6165958,4,7448,1,34045000,1
61246.1933793,4,7449,8,34048000,1
61262.3777855,4,7450,7,34045000,-1
61290.713863,4,7451,13,34048000,1
61290.713878,4,7452,1,34045000,1
61298.6202018,4,7453,7,34048000,1
61310.5977686,4,7454,8,34045000,1
61313.9448872,4,7455,6,34048000,1
61318.1751844,4,7456,4,34045000,1
61319.8336731,4,7457,12,34041000,1
61321.7622283,4,7458,4,34038000,-1
61323.9141001,4,7459,15,34041000,-1
61323.9245375,4,7460,24,34044000,-1
61323.9648379,4,7461,21,34047000,-1
61324.0250282,4,7462,1,34043000,-1
61324.1918577,4,7463,15,34049000,-1
61324.2385528,4,7464,1,34052000,-1
61324.3651634,4,7465,2,34049000,1
61324.448635,4,7466,2,34045000,1
61324.4853402,4,7467,5,34048000,1
61324.8622128,4,7468,3,34045000,1
61333.3214678,4,7469,10,34042000,-1
61335.5532742,4,7470,2,34045000,-1
61340.2965846,4,7471,11,34042000,-1
61360.6675095,4,7472,2,34047000,1
61362.8714266,4,7473,6,34051000,1
61383.1319641,4,7474,2,34048000,-1
61401.1789233,4,7475,3,34051000,-1
61409.7169469,4,7476,3,34054000,1
61409.7879156,4,7477,17,34051000,1
61409.7897319,4,7478,25,34048000,1
61445.6151393,4,7479,19,34045000,-1
61452.7853056,4,7480,1,34048000,1
61492.9295929,4,7481,2,34051000,-1
61520.9899373,4,7482,2,34048000,-1
61524.7188703,4,7483,2,34051000,-1
61563.0686325,4,7484,14,34054000,1
61565.5053859,4,7485,1,34048000,1
61575.5791832,4,7486,4,34051000,-1
61595.3912919,4,7487,4,34055000,1
61620.2563243,4,7488,10,34052000,-1
61622.442606,4,7489,1,34047000,-1
61626.5390793,4,7490,2,34050000,1
61653.5758135,4,7491,1,34046000,1
61674.1269003,4,7492,10,34054000,1
61691.1813643,4,7493,15,34050000,1
61695.3488353,4,7494,4,34047000,-1
61699.4859198,4,7495,4,34044000,1
61699.7865874,4,7496,15,34041000,1
61699.8962082,4,7497,10,34038000,1
61699.9311661,4,7498,6,34035000,1
61706.1468527,4,7499,9,34032000,1
61707.8743963,4,7500,2,34029000,-1
61711.0038426,4,7501,9,34032000,1
61716.5716207,4,7502,1,34029000,1
61721.8747183,4,7503,13,34032000,1
61723.8536691,4,7504,5,34035000,1
61726.6800954,4,7505,2,34031000,-1
61732.1813233,4,7506,2,34034000,-1
61741.5833267,4,7507,6,34038000,1
61751.4283269,4,7508,5,34035000,-1
61783.7429954,4,7509,8,34038000,1
61784.1629776,4,7510,1,34035000,1
61801.0851107,4,7511,5,34038000,-1
61806.647056,4,7512,7,34041000,1
61821.3130652,4,7513,1,34036000,1
61835.664813,4,7514,1,34039000,-1
61841.6293756,4,7515,7,34036000,1
61853.1609796,4,7516,8,34033000,1
61857.3552037,4,7517,7,34030000,1
61858.9031878,4,7518,11,34026000,1
61858.9088265,4,7519,25,34023000,1
61858.9088348,4,7520,1,34020000,1
61859.0520768,4,7521,1,34023000,1
61860.0822666,4,7522,1,34026000,-1
61862.356529,4,7523,10,34023000,1
61889.3244707,4,7524,6,34026000,-1
61916.3143806,4,7525,10,34029000,-1
61920.3533413,4,7526,1,34033000,1
61925.3032628,4,7527,17,34036000,1
61926.1969309,4,7528,1,34033000,1
61928.7782723,4,7529,12,34029000,1
61932.1125797,4,7530,3,34026000,1
61944.7621559,4,7531,11,34023000,1
61946.4072384,4,7532,3,34020000,1
61950.3086429,4,7533,2,34023000,-1
61970.5654058,4,7534,23,34020000,-1
61976.612557,4,7535,7,34023000,1
61982.3185066,4,7536,17,34020000,-1
61982.6215994,4,7537,2,34023000,1
61982.940043,4,7538,1,34020000,1
61987.3498526,4,7539,1,34023000,-1
61995.6855696,4,7540,7,34018000,1
62003.4835897,4,7541,13,34015000,1
62003.4836092,4,7542,1,34012000,1
62008.0752983,4,7543,3,34016000,-1
62013.4130501,4,7544,7,34019000,-1
62023.6217977,4,7545,2,34022000,1
62035.5079723,4,7546,5,34019000,1
62039.5378776,4,7547,6,34022000,1
62048.8910802,4,7548,3,34019000,-1
62099.8964097,4,7549,9,34022000,-1
62113.5197885,4,7550,3,34019000,-1
62126.8516141,4,7551,8,34022000,-1
62130.619667,4,7552,6,34025000,1
62131.6405566,4,7553,3,34022000,1
62141.7398523,4,7554,10,34018000,1
62157.3959076,4,7555,28,34015000,1
62164.0355537,4,7556,6,34012000,1
62168.0949222,4,7557,6,34015000,-1
62169.2845096,4,7558,11,34018000,-1
62171.0726664,4,7559,3,34021000,1
62183.2700592,4,7560,1,34016000,-1
62209.1479293,4,7561,1,34021000,-1
62210.7706387,4,7562,8,34018000,1
62224.4771504,4,7563,19,34015000,-1
62280.3973573,4,7564,22,34012000,1
62313.0063766,4,7565,7,34015000,-1
62321.6932909,4,7566,8,34018000,1
62324.134982,4,7567,8,34015000,-1
62324.9707597,4,7568,3,34019000,1
62328.5473063,4,7569,2,34015000,-1
62334.4400925,4,7570,1,34018000,-1
62342.8253483,4,7571,2,34014000,-1
62349.1779762,4,7572,4,34017000,1
62354.385552,4,7573,3,34014000,1
62357.5408183,4,7574,2,34011000,1
62372.0033781,4,7575,13,34014000,1
62375.4626495,4,7576,5,34017000,-1
62377.6696034,4,7577,2,34020000,1
62387.3515494,4,7578,4,34017000,1
62401.7668426,4,7579,21,34014000,1
62402.2788209,4,7580,36,34011000,1
62417.1248966,4,7581,16,34008000,-1
62421.931374,4,7582,1,34005000,-1
62421.9424378,4,7583,44,34002000,1
62421.9476155,4,7584,42,33999000,1
62422.3488388,4,7585,10,33996000,1
62423.9890732,4,7586,3,33993000,1
62436.9394669,4,7587,14,33990000,1
62452.6160627,4,7588,1,33993000,1
62487.3557651,4,7589,1,33999000,-1
62497.0052698,4,7590,40,33996000,-1
62512.5705618,4,7591,6,33999000,-1
62524.3025216,4,7592,7,34002000,-1
62535.9535318,4,7593,1,34005000,-1
62539.4341749,4,7594,1,34002000,-1
62539.8754614,4,7595,12,33998000,-1
62564.0120782,4,7596,1,34001000,-1
62567.8701336,4,7597,3,33998000,1
62580.9742735,4,7598,4,33995000,-1
62586.8226026,4,7599,4,33998000,1
62608.9113613,4,7600,6,34001000,1
62642.6890097,4,7601,16,33998000,-1
62651.0517356,4,7602,7,34001000,-1
62654.6324973,4,7603,8,34004000,1
62664.1555979,4,7604,4,34001000,-1
62667.2280534,4,7605,8,34004000,1
62672.0372499,4,7606,6,34001000,1
62692.8431329,4,7607,6,33998000,-1
62697.4625601,4,7608,1,34001000,-1
62697.6129124,4,7609,5,33998000,1
62700.688904,4,7610,5,33995000,1
62701.8383891,4,7611,34,33992000,1
62705.6686626,4,7612,2,33989000,-1
62709.8381055,4,7613,4,33992000,-1
62720.6346577,4,7614,3,33995000,1
62735.3854307,4,7615,2,33998000,-1
62739.1358499,4,7616,3,34001000,1
62739.501897,4,7617,8,33998000,1
62740.3838528,4,7618,3,33994000,-1
62744.1153339,4,7619,6,33997000,1
62745.9213748,4,7620,4,33994000,-1
62760.0530091,4,7621,1,33998000,1
62770.9299893,4,7622,6,34001000,1
62774.1377712,4,7623,8,33998000,-1
62774.1418683,4,7624,19,34001000,-1
62774.1878513,4,7625,29,34004000,-1
62775.2389426,4,7626,58,34007000,1
62776.303619,4,7627,2,34004000,-1
62779.2049808,4,7628,8,34007000,1
62780.6248118,4,7629,2,34004000,1
62785.3886889,4,7630,2,34008000,-1
62804.4298723,4,7631,9,34011000,-1
62812.7322573,4,7632,5,34014000,-1
62820.1684765,4,7633,6,34018000,-1
62820.8373641,4,7634,7,34021000,1
62823.627518,4,7635,5,34018000,-1
62824.4871825,4,7636,1,34021000,-1
62825.2883097,4,7637,1,34018000,1
62828.9697826,4,7638,5,34021000,1
62834.0053521,4,7639,15,34018000,1
62837.655358,4,7640,8,34015000,1
62839.1546418,4,7641,10,34012000,-1
62839.1546478,4,7642,1,34015000,-1
62866.2729147,4,7643,5,34012000,1
62879.4460277,4,7644,9,34016000,1
62882.9162419,4,7645,6,34019000,-1
62888.411451,4,7646,36,34022000,-1
62888.4156428,4,7647,34,34025000,-1
62888.4610721,4,7648,33,34028000,1
62888.7434745,4,7649,17,34025000,1
62888.7434844,4,7650,1,34022000,1
62890.7772093,4,7651,12,34026000,1
62891.5948986,4,7652,5,34023000,-1
62895.3477883,4,7653,12,34026000,-1
62903.282219,4,7654,71,34023000,1
62927.6670489,4,7655,28,34026000,1
62938.5496567,4,7656,5,34023000,-1
62941.4691863,4,7657,27,34026000,1
62952.5907964,4,7658,25,34023000,1
62955.9984393,4,7659,18,34020000,-1
62963.4896399,4,7660,10,34023000,1
62964.8190607,4,7661,6,34020000,-1
62971.6142729,4,7662,38,34023000,-1
62972.8793377,4,7663,5,34026000,1
62973.9705235,4,7664,7,34023000,-1
62977.5895266,4,7665,1,34026000,1
62980.1048808,4,7666,15,34029000,1
62984.1371726,4,7667,16,34026000,1
62989.3031742,4,7668,62,34023000,-1
62992.8170611,4,7669,27,34026000,-1
63001.0391813,4,7670,22,34023000,-1
63001.0481119,4,7671,4,34026000,1
63003.7369363,4,7672,4,34023000,1
63083.6460384,4,7673,68,34020000,-1
63084.4627766,4,7674,8,34023000,1
63092.1282917,4,7675,6,34020000,1
63109.2068893,4,7676,12,34017000,-1
63109.6264086,4,7677,22,34020000,-1
63125.253803,4,7678,1,34023000,-1
63159.1873994,4,7679,23,34018000,1
63160.1009289,4,7680,8,34015000,1
63182.0530287,4,7681,20,34020000,1
63182.0940159,4,7682,7,34017000,1
63193.27571,4,7683,23,34020000,1
63193.7521045,4,7684,3,34017000,1
63198.0790093,4,7685,3,34014000,1
63199.063394,4,7686,17,34010000,1
63204.1510606,4,7687,14,34007000,-1
63206.5391237,4,7688,7,34004000,1
63217.3105119,4,7689,66,34001000,1
63234.9533218,4,7690,1,33998000,1
63253.7371706,4,7691,5,34006000,1
63293.5388729,4,7692,4,34003000,-1
63314.8994122,4,7693,9,34006000,-1
63334.1437905,4,7694,4,34009000,1
63356.5372439,4,7695,6,34006000,1
63370.4735764,4,7696,10,34003000,1
63381.7561555,4,7697,1,34008000,1
63414.3751132,4,7698,16,34011000,1
63460.1041378,4,7699,11,34008000,1
63532.8340829,4,7700,8,34004000,-1
63564.7235749,4,7701,1,34007000,1
63578.663385,4,7702,14,34011000,-1
63621.5994011,4,7703,23,34014000,-1
63646.8430404,4,7704,32,34017000,-1
63657.7947718,4,7705,10,34020000,-1
63674.8030247,4,7706,7,34017000,1
63696.4970888,4,7707,8,34020000,-1
63705.2173236,4,7708,13,34023000,-1
63706.2186643,4,7709,2,34026000,1
63716.1022947,4,7710,1,34023000,1
63734.1242773,4,7711,13,34026000,1
63755.0187501,4,7712,3,34023000,-1
63758.5172454,4,7713,13,34028000,-1
63763.9283763,4,7714,4,34031000,-1
63798.2303822,4,7715,8,34028000,-1
63812.6238766,4,7716,35,34031000,-1
63814.5700545,4,7717,3,34034000,1
63821.6185898,4,7718,4,34031000,-1
63838.0169178,4,7719,20,34034000,-1
63838.2277414,4,7720,5,34037000,1
63846.4334434,4,7721,15,34034000,1
63855.3193774,4,7722,8,34031000,1
63855.319405,4,7723,1,34028000,1
63863.8262066,4,7724,2,34032000,1
63898.7520428,4,7725,9,34029000,1
63937.538718,4,7726,24,34032000,1
63960.1983237,4,7727,19,34029000,-1
63965.3268951,4,7728,12,34032000,-1
63973.168661,4,7729,12,34035000,-1
63984.0792351,4,7730,5,34038000,-1
64024.0562302,4,7731,12,34035000,-1
64051.6450942,4,7732,4,34038000,-1
64063.0338792,4,7733,1,34041000,-1
64103.8700302,4,7734,7,34038000,-1
64125.8586626,4,7735,11,34041000,-1
64173.5850475,4,7736,18,34044000,-1
64201.9449971,4,7737,7,34047000,-1
64228.6993998,4,7738,45,34050000,-1
64228.722413,4,7739,4,34053000,1
64231.015576,4,7740,7,34050000,-1
64231.0227103,4,7741,10,34053000,-1
64267.0852014,4,7742,11,34050000,1
64293.0691012,4,7743,31,34053000,1
64298.5700129,4,7744,5,34050000,-1
64304.2560124,4,7745,22,34046000,1
64311.1677858,4,7746,17,34043000,1
64312.5045124,4,7747,19,34040000,1
64318.8122474,4,7748,1,34037000,1
64327.0705806,4,7749,4,34041000,-1
64336.2570133,4,7750,2,34044000,1
64376.1752936,4,7751,2,34041000,1
64396.6369748,4,7752,15,34046000,1
64415.1634333,4,7753,9,34043000,1
64472.0954934,4,7754,21,34047000,1
64549.0760154,4,7755,12,34044000,1
64549.1206841,4,7756,22,34041000,1
64554.0139598,4,7757,8,34038000,1
64558.677198,4,7758,6,34035000,1
64615.4821766,4,7759,12,34032000,1
64615.6448505,4,7760,1,34035000,-1
64615.8792448,4,7761,2,34032000,-1
64615.8792526,4,7762,1,34035000,-1
64630.0210574,4,7763,19,34032000,1
64630.0988608,4,7764,13,34029000,1
64630.1318607,4,7765,2,34026000,1
64645.8395166,4,7766,12,34029000,-1
64660.0678126,4,7767,8,34032000,1
64688.4046953,4,7768,2,34029000,1
64691.191355,4,7769,13,34026000,-1
64691.6073756,4,7770,1,34029000,-1
64706.3477533,4,7771,2,34026000,-1
64733.8916811,4,7772,7,34029000,-1
64753.3471642,4,7773,26,34026000,-1
64759.531298,4,7774,4,34029000,1
64759.5313236,4,7775,2,34026000,1
64766.7754933,4,7776,2,34029000,-1
64767.1995442,4,7777,3,34032000,-1
64767.6263977,4,7778,1,34035000,1
64770.2663133,4,7779,13,34039000,1
64772.5925758,4,7780,8,34042000,1
64774.5601495,4,7781,1,34039000,-1
64782.9293928,4,7782,4,34035000,-1
64800.0156522,4,7783,4,34032000,-1
64800.2263678,4,7784,2,34036000,1
64823.8903076,4,7785,17,34033000,-1
64825.4004486,4,7786,11,34036000,-1
64864.4081139,4,7787,5,34039000,-1
64884.165232,4,7788,1,34036000,-1
64903.2900011,4,7789,2,34033000,-1
64923.4485696,4,7790,13,34036000,1
64932.1204898,4,7791,1,34033000,-1
64940.7377135,4,7792,14,34030000,-1
64941.8125897,4,7793,6,34033000,1
64967.3060765,4,7794,19,34029000,-1
64970.0228802,4,7795,9,34026000,1
64972.3816017,4,7796,1,34023000,1
64976.7182939,4,7797,17,34027000,-1
64977.828213,4,7798,12,34030000,-1
64978.6279437,4,7799,8,34033000,-1
65003.2479874,4,7800,6,34036000,-1
65009.3270407,4,7801,1,34039000,1
65034.2557284,4,7802,10,34042000,-1
65041.29711,4,7803,3,34045000,1
65042.0095567,4,7804,1,34042000,1
65091.6553531,4,7805,10,34045000,1
65095.9531758,4,7806,2,34049000,-1
65101.1233211,4,7807,9,34045000,1
65113.5457693,4,7808,4,34042000,1
65122.0858848,4,7809,5,34045000,-1
65139.028789,4,7810,20,34048000,1
65159.0909208,4,7811,1,34045000,-1
65165.1674425,4,7812,6,34039000,1
65217.3686428,4,7813,11,34036000,1
65218.4811256,4,7814,7,34032000,1
65220.3360117,4,7815,1,34029000,1
65236.4426251,4,7816,12,34032000,-1
65288.4024002,4,7817,3,34036000,-1
65316.7650162,4,7818,2,34040000,1
65341.8871694,4,7819,3,34037000,1
65352.3016179,4,7820,2,34034000,1
65411.399533,4,7821,6,34038000,-1
65417.6451306,4,7822,3,34041000,1
65472.1221445,4,7823,1,34038000,1
65516.4808278,4,7824,11,34042000,1
65521.2670469,4,7825,7,34039000,-1
65521.8025716,4,7826,6,34043000,1
65536.0965635,4,7827,11,34040000,1
65555.2216223,4,7828,2,34037000,1
65599.9878642,4,7829,1,34040000,1
65654.5127435,4,7830,15,34044000,1
65705.0368784,4,7831,1,34047000,1
65729.4163655,4,7832,22,34050000,-1
65745.4641472,4,7833,5,34053000,-1
65745.6388798,4,7834,4,34056000,1
65869.4141834,4,7835,59,34053000,1
65954.2301587,4,7836,35,34050000,1
65972.2514758,4,7837,3,34047000,-1
65994.3110842,4,7838,1,34050000,-1
66063.7360876,4,7839,20,34047000,1
66064.9661672,4,7840,1,34044000,1
66103.6148081,4,7841,6,34047000,-1
66121.7848644,4,7842,6,34050000,1
66205.818141,4,7843,3,34047000,-1
66242.6049791,4,7844,8,34050000,1
66264.7106495,4,7845,3,34047000,1
66271.7593932,4,7846,12,34043000,1
66282.6143384,4,7847,2,34040000,-1
66282.9628225,4,7848,11,34043000,1
66283.3115064,4,7849,9,34040000,1
66286.9075876,4,7850,7,34043000,1
66286.9116329,4,7851,21,34040000,1
66295.6013197,4,7852,16,34037000,1
66306.9411946,4,7853,13,34034000,1
66349.1156861,4,7854,47,34031000,-1
66352.6296865,4,7855,1,34034000,-1
66365.5640491,4,7856,1,34031000,-1
66370.8348318,4,7857,12,34034000,-1
66389.0181668,4,7858,9,34037000,-1
66399.9974083,4,7859,7,34040000,1
66432.9824705,4,7860,10,34037000,1
66440.2678456,4,7861,1,34034000,1
66454.9173972,4,7862,1,34039000,1
66472.26982,4,7863,5,34042000,1
66543.7589368,4,7864,2,34039000,1
66609.7175906,4,7865,9,34036000,-1
66645.700748,4,7866,7,34039000,-1
66664.4714012,4,7867,3,34042000,1
66664.604872,4,7868,4,34039000,-1
66733.2490657,4,7869,37,34042000,1
66734.1236591,4,7870,3,34039000,-1
66756.7776019,4,7871,27,34042000,-1
66806.9660119,4,7872,16,34045000,-1
66818.7032538,4,7873,7,34048000,1
66841.7331656,4,7874,35,34045000,1
66877.4801639,4,7875,46,34042000,1
66923.8092139,4,7876,7,34047000,1
66965.1470328,4,7877,10,34050000,1
67001.3751015,4,7878,17,34054000,1
67020.3290811,4,7879,22,34057000,1
67022.8732759,4,7880,12,34054000,1
67050.6583647,4,7881,4,34051000,-1
67057.5461333,4,7882,8,34054000,-1
67132.2361071,4,7883,1,34057000,1
67147.0367262,4,7884,2,34054000,1
67157.3142417,4,7885,13,34051000,1
67157.3142618,4,7886,1,34048000,1
67163.7707419,4,7887,2,34051000,1
67171.1938396,4,7888,1,34048000,-1
67215.0415764,4,7889,1,34044000,1
67225.0717266,4,7890,7,34047000,1
67281.2534455,4,7891,2,34044000,-1
67293.1944446,4,7892,6,34047000,1
67328.7472046,4,7893,5,34044000,1
67337.3909835,4,7894,9,34041000,1
67337.924417,4,7895,11,34038000,1
67348.1912246,4,7896,17,34035000,1
67353.9888163,4,7897,3,34032000,-1
67424.9005458,4,7898,53,34035000,-1
67435.4640313,4,7899,14,34032000,-1
67437.9471758,4,7900,4,34035000,-1
67452.7781167,4,7901,9,34038000,-1
67502.1321812,4,7902,1,34041000,-1
67579.7582341,4,7903,5,34047000,-1
67583.7820147,4,7904,14,34050000,-1
67603.1548961,4,7905,10,34053000,1
67786.1137261,4,7906,16,34050000,-1
67796.8452838,4,7907,5,34053000,1
67796.9206627,4,7908,2,34050000,1
67836.1237328,4,7909,43,34053000,-1
67868.3987061,4,7910,11,34056000,1
67871.6510947,4,7911,8,34059000,1
67879.735676,4,7912,7,34056000,1
67880.2471747,4,7913,6,34053000,1
67881.4242852,4,7914,5,34050000,1
67895.6477973,4,7915,6,34047000,-1
67916.3172885,4,7916,8,34050000,-1
67926.4067638,4,7917,8,34047000,-1
67953.8675557,4,7918,7,34050000,-1
67957.3900399,4,7919,4,34047000,-1
67989.7190387,4,7920,1,34050000,-1
68020.2352448,4,7921,4,34046000,1
68044.3977693,4,7922,1,34043000,-1
68072.1127215,4,7923,1,34040000,1
68072.5032507,4,7924,5,34043000,-1
68075.0495692,4,7925,5,34047000,1
68075.1171601,4,7926,1,34044000,1
68084.9690004,4,7927,2,34047000,-1
68143.4817164,4,7928,18,34050000,1
68158.2654892,4,7929,6,34053000,-1
68161.4537794,4,7930,5,34056000,1
68167.3829801,4,7931,3,34053000,-1
68179.2428523,4,7932,7,34056000,1
68185.2130618,4,7933,2,34053000,-1
68194.2822023,4,7934,7,34056000,1
68210.420095,4,7935,18,34053000,1
68258.0886088,4,7936,1,34058000,1
68263.2513931,4,7937,1,34062000,-1
68272.1547762,4,7938,10,34058000,1
68273.7476058,4,7939,5,34055000,-1
68280.2570264,4,7940,6,34058000,-1
68294.9277683,4,7941,8,34061000,-1
68300.5156082,4,7942,7,34064000,1
68327.2952538,4,7943,16,34061000,-1
68331.5382723,4,7944,15,34064000,-1
68346.4506032,4,7945,18,34067000,1
68400.0182908,4,7946,21,34064000,1
68422.1580368,4,7947,2,34061000,1
68480.3467118,4,7948,38,34058000,1
68492.6974096,4,7949,5,34061000,1
68492.9381835,4,7950,8,34058000,1
68518.2683891,4,7951,3,34055000,-1
68526.2983617,4,7952,5,34058000,-1
68552.7595382,4,7953,6,34061000,-1
68559.3240531,4,7954,3,34064000,1
68610.5825111,4,7955,19,34061000,1
68650.4161032,4,7956,68,34058000,1
68682.4087656,4,7957,15,34061000,-1
68696.3565996,4,7958,29,34056000,-1
68719.8273194,4,7959,8,34052000,-1
68734.2650802,4,7960,12,34055000,-1
68735.4795328,4,7961,4,34058000,-1
68747.8250526,4,7962,14,34061000,-1
68752.6851482,4,7963,4,34064000,1
68798.0206027,4,7964,20,34061000,-1
68808.4585266,4,7965,6,34064000,1
68834.8930203,4,7966,19,34061000,-1
68835.8579806,4,7967,20,34064000,1
68858.8337622,4,7968,16,34061000,-1
68897.7679112,4,7969,41,34065000,1
68938.9223115,4,7970,48,34068000,-1
68939.2501785,4,7971,14,34065000,1
68970.2193234,4,7972,34,34062000,-1
68994.4711066,4,7973,2,34065000,1
69044.8510097,4,7974,20,34062000,-1
69086.8966689,4,7975,5,34065000,1
69095.3096382,4,7976,4,34062000,-1
69136.5293089,4,7977,20,34065000,1
69250.5608688,4,7978,3,34062000,-1
69259.9829958,4,7979,3,34066000,-1
69334.8432329,4,7980,1,34069000,-1
69453.8372088,4,7981,14,34065000,-1
69462.5788209,4,7982,10,34068000,-1
69464.4107744,4,7983,12,34071000,-1
69466.0497418,4,7984,1,34074000,1
69479.2370634,4,7985,8,34071000,-1
69495.9761189,4,7986,1,34074000,-1
69529.0982865,4,7987,7,34070000,1
69608.06001,4,7988,15,34067000,-1
69650.088595,4,7989,3,34070000,-1
69698.8795792,4,7990,2,34073000,1
69722.1343457,4,7991,6,34070000,-1
69732.0048762,4,7992,1,34073000,-1
69845.882911,4,7993,36,34070000,1
69901.8878344,4,7994,4,34067000,1
69937.2601506,4,7995,11,34071000,1
69979.9030577,4,7996,11,34074000,1
70002.2671557,4,7997,9,34071000,-1
70016.6211132,4,7998,12,34074000,1
70115.3005943,4,7999,8,34070000,1
70132.0072626,4,8000,2,34073000,1
70141.137987,4,8001,5,34069000,1
70194.7566602,4,8002,1,34073000,-1
70219.0011962,4,8003,10,34070000,-1
70292.3237158,4,8004,21,34073000,1
70300.1214453,4,8005,2,34070000,-1
70309.0314637,4,8006,4,34073000,-1
70327.8464129,4,8007,14,34070000,1
70333.5708979,4,8008,18,34067000,1
70336.0435483,4,8009,2,34064000,-1
70341.2518525,4,8010,3,34067000,-1
70355.4805449,4,8011,4,34070000,-1
70382.1921958,4,8012,3,34073000,1
70392.1222794,4,8013,3,34070000,-1
70399.0818819,4,8014,18,34073000,-1
70403.1515879,4,8015,1,34076000,-1
70458.1952671,4,8016,7,34073000,-1
70461.6164065,4,8017,23,34076000,1
70576.0592549,4,8018,26,34073000,-1
70607.9114409,4,8019,5,34070000,-1
70641.6943727,4,8020,17,34073000,-1
70663.3214481,4,8021,7,34076000,-1
70722.9376046,4,8022,12,34079000,-1
70843.6695083,4,8023,57,34076000,1
70843.6695246,4,8024,1,34073000,1
70861.8485388,4,8025,1,34076000,-1
70881.5130956,4,8026,8,34073000,-1
70895.1812864,4,8027,9,34076000,-1
70919.5653182,4,8028,4,34079000,-1
70965.7267672,4,8029,19,34082000,-1
70995.2149859,4,8030,14,34079000,-1
71003.7910407,4,8031,39,34082000,-1
71014.4885711,4,8032,43,34085000,1
71058.8894313,4,8033,29,34082000,-1
71076.9971831,4,8034,67,34085000,-1
71081.3299022,4,8035,5,34088000,1
71117.042253,4,8036,4,34085000,1
71130.9306663,4,8037,5,34082000,-1
71180.1337264,4,8038,12,34085000,-1
71223.5413042,4,8039,5,34088000,-1
71226.7610151,4,8040,6,34091000,1
71274.1807888,4,8041,1,34088000,-1
71284.6768519,4,8042,21,34084000,1
71284.6768617,4,8043,2,34081000,1
71301.6255469,4,8044,3,34084000,1
71360.9305039,4,8045,21,34081000,-1
71363.1198598,4,8046,1,34085000,-1
71400.0740588,4,8047,6,34082000,-1
71463.8687708,4,8048,6,34085000,1
71487.1350358,4,8049,7,34082000,1
71511.3020548,4,8050,3,34085000,-1
71553.3264158,4,8051,16,34082000,-1
71555.5269137,4,8052,9,34085000,-1
71563.9032239,4,8053,5,34088000,-1
71582.8584538,4,8054,7,34085000,1
71586.6430551,4,8055,25,34082000,1
71589.9416067,4,8056,15,34079000,-1
71603.0287505,4,8057,10,34082000,1
71735.3296272,4,8058,25,34085000,-1
71821.3977121,4,8059,23,34088000,1
71880.7773858,4,8060,28,34085000,-1
71882.3754307,4,8061,27,34082000,1
71883.003578,4,8062,4,34079000,-1
71886.3002736,4,8063,5,34082000,-1
71900.5478278,4,8064,4,34085000,-1
71900.5823166,4,8065,4,34088000,1
71927.8510979,4,8066,1,34085000,1
71935.1481269,4,8067,29,34089000,-1
71939.0955309,4,8068,16,34092000,-1
71940.2142929,4,8069,8,34095000,1
71943.8682309,4,8070,6,34092000,1
71987.6531282,4,8071,32,34089000,-1
72100.0376648,4,8072,84,34086000,1
72226.3867466,4,8073,6,34083000,1
72230.9543395,4,8074,1,34086000,1
72233.7786823,4,8075,1,34089000,-1
72245.0409218,4,8076,11,34092000,1
72249.0136688,4,8077,12,34089000,1
72280.2188764,4,8078,15,34086000,-1
72290.3045217,4,8079,9,34089000,1
72293.9055097,4,8080,2,34086000,-1
72295.0651936,4,8081,14,34089000,1
72305.7200199,4,8082,22,34086000,-1
72359.2712488,4,8083,3,34089000,1
72383.9533149,4,8084,1,34086000,1
72538.1729078,4,8085,11,34090000,1
72594.8045813,4,8086,13,34087000,1
72642.3925663,4,8087,5,34084000,-1
72725.8192562,4,8088,9,34088000,-1
72786.9347785,4,8089,4,34084000,1
72870.5038277,4,8090,2,34087000,1
72897.6084598,4,8091,19,34090000,-1
72900.7485779,4,8092,6,34094000,1
72932.5520518,4,8093,11,34091000,1
72932.7239012,4,8094,1,34088000,1
72948.5417181,4,8095,2,34091000,1
73105.7480421,4,8096,3,34088000,1
73121.5947021,4,8097,11,34085000,-1
73204.3080492,4,8098,14,34088000,1
73205.2264538,4,8099,5,34085000,-1
73207.5330499,4,8100,2,34088000,1
73216.0889503,4,8101,3,34085000,-1
73216.1090736,4,8102,1,34088000,-1
73219.5421559,4,8103,2,34085000,-1
73276.7182296,4,8104,5,34088000,1
73277.5023226,4,8105,3,34085000,-1
73322.331026,4,8106,1,34088000,-1
73344.2472697,4,8107,5,34080000,1
73367.8476065,4,8108,20,34077000,1
73367.8476221,4,8109,1,34074000,1
73373.6475787,4,8110,2,34077000,1
73408.8886937,4,8111,4,34074000,1
73415.5795765,4,8112,10,34071000,1
73427.324496,4,8113,1,34068000,-1
73440.0529344,4,8114,8,34071000,-1
73440.0767921,4,8115,1,34074000,-1
73504.1656661,4,8116,14,34070000,1
73553.5420611,4,8117,6,34074000,1
73554.4220387,4,8118,1,34071000,1
73591.2051652,4,8119,1,34074000,1
73611.441146,4,8120,3,34077000,1
73621.3373081,4,8121,5,34073000,1
73629.1682807,4,8122,1,34070000,1
73677.8304756,4,8123,15,34066000,-1
73678.72404,4,8124,12,34069000,-1
73743.5674167,4,8125,2,34072000,-1
73755.9392603,4,8126,7,34075000,1
73808.6500435,4,8127,4,34071000,-1
73817.831984,4,8128,5,34074000,1
73856.5943695,4,8129,1,34071000,-1
73859.0542708,4,8130,13,34068000,1
73859.181504,4,8131,12,34065000,-1
73862.1215885,4,8132,1,34068000,-1
73872.1450243,4,8133,7,34065000,1
73878.1572265,4,8134,2,34062000,1
73885.6108028,4,8135,1,34059000,-1
73920.0441216,4,8136,7,34056000,-1
73922.0601479,4,8137,10,34060000,-1
74036.5721562,4,8138,1,34064000,1
74072.4367345,4,8139,7,34069000,-1
74097.0782107,4,8140,5,34073000,1
74125.1613598,4,8141,15,34070000,1
74248.2290609,4,8142,40,34067000,1
74263.9141623,4,8143,2,34064000,-1
74269.0697608,4,8144,7,34067000,-1
74273.3121746,4,8145,3,34070000,-1
74691.5928152,4,8146,18,34067000,1
74700.7281492,4,8147,6,34070000,1
74759.774845,4,8148,6,34067000,-1
74823.9315659,4,8149,3,34070000,-1
74877.42867,4,8150,4,34067000,-1
74897.0136283,4,8151,4,34070000,-1
74995.69569,4,8152,2,34066000,1
75004.603208,4,8153,1,34062000,-1
75055.2142936,4,8154,5,34065000,-1
75118.5297396,4,8155,20,34068000,1
75158.9475068,4,8156,1,34065000,1
75180.2290991,4,8157,5,34068000,-1
75264.4085255,4,8158,2,34072000,-1
75302.2673296,4,8159,1,34075000,-1
75371.7947668,4,8160,10,34071000,-1
75420.7153334,4,8161,1,34074000,-1
75421.6353742,4,8162,6,34071000,-1
75494.1447929,4,8163,4,34066000,-1
75494.1463549,4,8164,39,34069000,-1
75494.147782,4,8165,22,34072000,-1
75494.1504003,4,8166,21,34075000,-1
75494.1504631,4,8167,8,34078000,-1
75545.0656512,4,8168,15,34074000,1
75586.7220393,4,8169,10,34071000,1
75590.1439018,4,8170,14,34068000,1
75590.1457613,4,8171,18,34065000,1
75590.1579041,4,8172,20,34062000,1
75590.1661964,4,8173,1,34059000,1
75594.5571272,4,8174,1,34066000,-1
